star,source,SpType,logTeff,logLspec,logg,vmac,vsini,tau,logM,logR
HD10125,SimonDiaz2017,O9.7 II,4.51,3.89,,28.0,167.0,0.8563136565781536,1.4652487324952028,1.1811782962877786
HD10293,SimonDiaz2017,B7 III,4.1,2.71,,22.0,64.0,1.0015883610376382,0.7933027273869929,1.0767993449368256
HD10362,SimonDiaz2017,B7 II,4.12,2.87,,20.0,33.0,1.001587951039029,0.8570520322470405,1.148031574743057
HD104337,SimonDiaz2017,B1 V,4.36,2.93,,58.0,99.0,0.7055718064468744,0.9954017549274256,0.7745767003528267
HD106625,SimonDiaz2017,B8 III,4.11,2.23,,20.0,33.0,0.985416772974916,0.6303915177841224,0.7332327921490407
HD10756,SimonDiaz2017,B8 Ia,4.09,3.69,,36.0,33.0,1.002296167114909,1.2193338633928432,1.799747061185275
HD11415,SimonDiaz2017,B3 Vp,4.17,2.82,,26.0,42.0,1.0008427239137805,0.8422215109086089,1.017347818887368
HD114376,SimonDiaz2017,B7 III,4.13,2.4,,36.0,117.0,0.9849213387532724,0.7082776621086713,0.818579687917878
HD11529,SimonDiaz2017,B5 III,4.13,2.45,,27.0,29.0,0.9914807371273664,0.7215588293981067,0.8410673836302098
HD11857,SimonDiaz2017,B7 I,4.12,2.43,,29.0,18.0,0.9962217667113524,0.7032657944796,0.8422883426502611
HD119608,SimonDiaz2017,B1 Ib,4.33,3.81,,71.0,45.0,1.0011502473888916,1.306921294986786,1.4232885270501152
HD120086,SimonDiaz2017,B2 V,4.27,2.8,,41.0,94.0,0.8818027598621806,0.8929275823263774,0.8293923463273156
HD120315,SimonDiaz2017,B3 V,4.25,2.36,,50.0,161.0,0.5407844729187201,0.7766378440286706,0.5902656980236065
HD12301,SimonDiaz2017,B8 Ib,4.08,3.45,,41.0,32.0,1.004220867497538,1.1245318329537053,1.653061189942528
HD12303,SimonDiaz2017,B8 III,4.07,2.46,,23.0,74.0,1.0013600471928203,0.6994295914662455,0.9623568916613164
HD12323,SimonDiaz2017,ON9.2 V,4.54,3.63,,34.0,130.0,0.5696321183677927,1.3765836376671567,0.944582898373784
HD125924,SimonDiaz2017,B2 IV,4.32,2.89,,25.0,68.0,0.805887311553991,0.9540190770595166,0.8070555661653294
HD1279,SimonDiaz2017,B8 III,4.12,2.77,,20.0,28.0,1.001422925797701,0.8175453213305911,1.0784927463749072
HD12993,SimonDiaz2017,O6.5 V((f)) Nstr,4.59,3.94,,80.0,79.0,0.660786579411164,1.5645136398888284,1.0958133845718805
HD13022,SimonDiaz2017,O9.7 II-III,4.51,3.89,,86.0,111.0,0.8563136565781536,1.4652487324952028,1.1811782962877786
HD13267,SimonDiaz2017,B5 Ia,4.15,3.96,,57.0,37.0,1.0018476578780235,1.3844707955809317,1.8921139920724153
HD135485,SimonDiaz2017,B3 V,4.25,2.18,,17.0,19.0,0.1925039813455953,0.7481608039138251,0.4851085259639351
HD13745,SimonDiaz2017,O9.7 II(n),4.51,3.99,,14.0,196.0,0.8714202804131984,1.527807748416766,1.2643199672548728
HD13841,SimonDiaz2017,B2 Ib,4.34,3.85,,80.0,48.0,1.0011148531793894,1.3306086976485425,1.4336777562087395
HD13854,SimonDiaz2017,B1 Iab,4.35,4.04,,67.0,48.0,1.000198631186248,1.457312814425906,1.5730873558349845
HD13866,SimonDiaz2017,B2 Ib,4.3,3.82,,77.0,43.0,1.001310573217766,1.31037764615076,1.489522824628958
HD14052,SimonDiaz2017,B1 Ib,4.35,3.76,,64.0,36.0,1.0010038322310593,1.2739290911459262,1.338898273551639
HD140873,SimonDiaz2017,B8 III,4.15,2.19,,52.0,64.0,0.8021591054304831,0.6651761585692918,0.6468380851565797
HD14134,SimonDiaz2017,B3 Ia,4.19,4.01,,58.0,39.0,1.000772111327778,1.425269960811458,1.861484164624294
HD14143,SimonDiaz2017,B2 Ia,4.26,3.97,,69.0,42.0,1.0009560805787645,1.4059210489791838,1.692553586988203
HD142096,SimonDiaz2017,B2.5 V,4.23,2.41,,10.0,137.0,0.722236968404233,0.7697133277237279,0.6578754690105445
HD142669,SimonDiaz2017,B2 IV-V,4.27,2.72,,40.0,113.0,0.8333330845613205,0.8702254980597519,0.7776914112603592
HD142763,SimonDiaz2017,B8 III,4.12,2.59,,15.0,91.0,1.0008050684605911,0.7479017624472093,0.9508471712414942
HD142990,SimonDiaz2017,B5 V,4.18,2.73,,28.0,120.0,1.0004148998872546,0.8113524392733791,0.9336950837717808
HD14302,SimonDiaz2017,B1 II-III,4.36,3.57,,53.0,65.0,0.9988066688158812,1.1902452775769077,1.1798287328884416
HD14322,SimonDiaz2017,B8 Ib,4.07,4.01,,46.0,34.0,1.0013892410232923,1.4223609330269134,2.107578888246852
HD14331,SimonDiaz2017,B0 III,4.48,3.83,,73.0,58.0,0.8879398899850752,1.408398258893646,1.1800544022253794
HD14357,SimonDiaz2017,B2 II,4.32,3.78,,59.0,143.0,1.0011956889692315,1.2793145595282385,1.4088676469431158
HD144206,SimonDiaz2017,B9 III,4.06,2.05,,12.0,18.0,0.9430350834788525,0.6018145348589068,0.7316165557058293
HD144217,SimonDiaz2017,B0.5 V,4.47,3.06,,59.0,96.0,0.0865192137797175,1.1459634542053667,0.6867355078599936
HD144218,SimonDiaz2017,B2 IV-V,4.26,2.44,,36.0,59.0,0.6094850306305746,0.7967056547732675,0.6211315469613601
HD14443,SimonDiaz2017,BC2 Ib,4.34,3.78,,58.0,36.0,1.0010738823880028,1.2795246296599678,1.3683350562787908
HD144470,SimonDiaz2017,B1 V,4.4,3.06,,21.0,106.0,0.6253116066465971,1.069547661852838,0.787004623965179
HD14476,SimonDiaz2017,B0.5 III,4.4,3.58,,61.0,33.0,0.9711160558964684,1.22485611576027,1.1281977883719867
HD14542,SimonDiaz2017,B8 Ia,4.1,3.98,,46.0,38.0,1.0017966669967482,1.3981106947635722,2.0128228160645394
HD145482,SimonDiaz2017,B2 V,4.29,2.75,,47.0,170.0,0.7964726605861311,0.8919393560199469,0.7647864661089293
HD14633,SimonDiaz2017,ON8.5 V,4.54,3.84,,84.0,123.0,0.7607458978263043,1.465457675468944,1.0950199239840557
HD147165,SimonDiaz2017,B1 III,4.39,3.31,,53.0,24.0,0.867869058266442,1.1341563500331504,0.9709819901492108
HD148605,SimonDiaz2017,B2.5 V,4.28,2.6,,83.0,186.0,0.7116956033992105,0.8470949608576898,0.6929635260876572
HD149438,SimonDiaz2017,B0 V,4.51,3.11,,10.0,7.0,0.0024008393882432,1.2013830788195143,0.6921345499991528
HD14956,SimonDiaz2017,B2 Ia,4.28,3.99,,84.0,50.0,1.0004687262201784,1.4230389067772928,1.6747041791740107
HD154445,SimonDiaz2017,B1.5 V,4.34,3.15,,27.0,122.0,0.943132585562076,1.0150717314232982,0.9303283434173708
HD155763,SimonDiaz2017,B6 III,4.12,2.47,,23.0,42.0,1.000289794882741,0.7104632150817227,0.8728716643993378
HD155806,SimonDiaz2017,O7.5 V((f))z(e),4.53,4.02,,95.0,47.0,0.8437331106555639,1.5504972387366185,1.243283512702174
HD15629,SimonDiaz2017,O4.5 V((fc)),4.63,4.07,,71.0,80.0,0.614995885948913,1.705090304491453,1.1511322068802594
HD156633,SimonDiaz2017,B1.5 Vp,4.27,2.87,,64.0,128.0,0.999799155939584,0.8737601366251537,0.8693753840596157
HD157056,SimonDiaz2017,OB,4.36,2.81,,22.0,19.0,0.5324974195351179,0.9541573932462036,0.6836883802478788
HD157857,SimonDiaz2017,O6.5 II(f),4.56,4.18,,64.0,114.0,0.8273411937002805,1.6856886195619845,1.3358044097271404
HD161480,SimonDiaz2017,B6,4.14,2.26,,16.0,18.0,0.8768175203407492,0.6810375611408043,0.7105231551727689
HD161573,SimonDiaz2017,B4,4.22,2.55,,21.0,47.0,0.8596757965590496,0.7948630799229928,0.7541086037376791
HD162094,SimonDiaz2017,B3 V,4.19,2.39,,98.0,95.0,0.8376572850800816,0.7444872560502002,0.7132741874416267
HD162978,SimonDiaz2017,O8 II((f)),4.54,4.09,,102.0,58.0,0.8395000127700191,1.6196859985925458,1.2962802601668189
HD163472,SimonDiaz2017,B2 IV-V,4.32,2.86,,13.0,67.0,0.786806603500742,0.9540363981552944,0.7948688479944683
HD163800,SimonDiaz2017,O7.5 III((f)),4.55,4.16,,105.0,59.0,0.8392338731603765,1.6720141404519335,1.3411201082342732
HD164353,SimonDiaz2017,B5 Ib,4.16,3.57,,52.0,25.0,1.0019246008344325,1.1823970215303663,1.5952334782033848
HD164438,SimonDiaz2017,O9.2 IV,4.51,3.91,,85.0,76.0,0.8610419047457065,1.4801744126995684,1.1985066947181189
HD164492,SimonDiaz2017,O7.5 Vz,4.59,3.65,,52.0,33.0,0.2563546227642396,1.4715381770437015,0.9031073980660256
HD164794,SimonDiaz2017,O4 V((f))z,4.65,4.11,,94.0,56.0,0.5889153220938705,1.7464560437304102,1.150526943856636
HD16582,SimonDiaz2017,B2 IV,4.34,2.94,,19.0,9.0,0.7916616933603504,0.994389862056794,0.8201875774171401
HD166182,SimonDiaz2017,B2 IV,4.31,3.27,,16.0,41.0,0.9955494672485142,1.0556458417079415,1.0587414599906693
HD166546,SimonDiaz2017,O9.5 IV,4.49,3.86,,69.0,42.0,0.8817205672421063,1.4342471379078303,1.1917879174072217
HD167264,SimonDiaz2017,O9.7 Iab,4.48,4.02,,83.0,59.0,0.9742550354072832,1.490795582666909,1.3193559490067197
HD167633,SimonDiaz2017,O6.5 V((f)),4.58,4.01,,111.0,139.0,0.73839672367491,1.6113055436781885,1.1770420812060605
HD167659,SimonDiaz2017,O7 II-III(f),4.57,4.07,,98.0,59.0,0.7761640705090529,1.6312907112257489,1.2305015470315326
HD167838,SimonDiaz2017,B5 Ia,4.18,3.82,,45.0,40.0,1.0018529330749173,1.2967702815743167,1.719851662542356
HD168075,SimonDiaz2017,O7 V(n)((f))z,4.57,3.84,,94.0,81.0,0.6640972979912567,1.5011268735874408,1.0575430435580568
HD169454,SimonDiaz2017,B1 Ia,4.26,4.24,,68.0,54.0,1.0000470103632797,1.621439129533933,1.9361661538318753
HD170740,SimonDiaz2017,B2 IV-V,4.28,2.75,,19.0,42.0,0.8265717501004326,0.8851545786278646,0.7811225921762668
HD17081,SimonDiaz2017,B7 V,4.12,2.4,,24.0,18.0,0.9899169652216688,0.7062936567262695,0.8272812540739838
HD171301,SimonDiaz2017,B8 IV,4.07,2.08,,23.0,33.0,0.9538937772371456,0.601806549512947,0.7273871482628202
HD171589,SimonDiaz2017,O7.5 II(f),4.56,4.1,,94.0,93.0,0.8071417418892658,1.6470224330332552,1.2772425265413316
HD172028,SimonDiaz2017,B2 V,4.36,2.81,,16.0,91.0,0.5324974195351179,0.9541573932462036,0.6836883802478788
HD173936,SimonDiaz2017,B7 III,4.08,1.99,,25.0,120.0,0.8830629575731629,0.6018473955304237,0.6736337213315196
HD174298,SimonDiaz2017,B1.5 IV,4.37,2.87,,16.0,31.0,0.5455073270826701,0.9968970814559338,0.7132083223437338
HD175156,SimonDiaz2017,B5 II,4.15,3.24,,22.0,22.0,1.0014894955808484,1.0204302871126694,1.3544220660094024
HD175426,SimonDiaz2017,B2.5 V,4.24,2.63,,58.0,77.0,0.8599725067904838,0.8323266576774202,0.7756083721811339
HD175754,SimonDiaz2017,O8 II(n)((f))p,4.48,4.42,,97.0,193.0,1.0724814189503866,0.8283319688778726,1.186210561304534
HD17603,SimonDiaz2017,O7.5 Ib(f),4.53,4.21,,115.0,109.0,0.8746258110881661,1.6820417784907056,1.4106754439061973
HD176162,SimonDiaz2017,B5 IV,4.15,2.39,,24.0,18.0,0.999435773972326,0.6854212931029111,0.7649918846404319
HD176502,SimonDiaz2017,B4 IV,4.26,2.64,,18.0,13.0,0.8089121311386568,0.8449373576289804,0.7455315225792634
HD176853,SimonDiaz2017,B2 V,4.22,2.5,,45.0,153.0,0.8264695982387433,0.7849681303165812,0.7260942124763418
HD177003,SimonDiaz2017,B2.5 IV,4.26,2.51,,18.0,17.0,0.7018329839528019,0.8136389866637722,0.6702297562501411
HD17743,SimonDiaz2017,B8 III,4.13,2.21,,22.0,48.0,0.8695165023975594,0.6625555438043853,0.6946437714083457
HD178065,SimonDiaz2017,B9 II,4.08,2.29,,4.0,17.0,0.9987396352571064,0.6451138045164033,0.8245970299524878
HD178125,SimonDiaz2017,B8 III,4.13,1.93,,64.0,70.0,0.6359257591295686,0.6019388757352081,0.5295888307667294
HD178849,SimonDiaz2017,B3 V,4.22,2.55,,22.0,40.0,0.8596757965590496,0.7948630799229928,0.7541086037376791
HD179406,SimonDiaz2017,B3 V,4.19,2.94,,38.0,192.0,1.00087214526271,0.8909844126435009,1.0610155443326446
HD179761,SimonDiaz2017,B8 II-III,4.07,2.36,,21.0,19.0,1.0008240678776428,0.6653692674895063,0.8983891083780835
HD180163,SimonDiaz2017,B2.5 IV,4.22,3.15,,34.0,21.0,1.0009874272384045,0.981367371475398,1.1491084695935032
HD182255,SimonDiaz2017,B6 III,4.12,2.01,,25.0,30.0,0.7484982216049293,0.6019036931987869,0.5815190954203024
HD183143,SimonDiaz2017,B7 Ia,4.16,4.22,,55.0,37.0,1.0002356956045142,1.6015185857582048,2.113432612043176
HD183227,SimonDiaz2017,B7 III,4.11,2.6,,35.0,53.0,1.0010467684434827,0.7505556380429719,0.978588545555829
HD18409,SimonDiaz2017,O9.7 Ib,4.51,3.99,,88.0,131.0,0.8714202804131984,1.527807748416766,1.2643199672548728
HD184930,SimonDiaz2017,B5 III,4.13,2.34,,32.0,63.0,0.9901694113323658,0.6788887267431606,0.7732454088638263
HD185418,SimonDiaz2017,B0.5 V,4.39,3.13,,10.0,132.0,0.7493399121966109,1.0760155146696613,0.8483880625223299
HD185423,SimonDiaz2017,B3 III,4.22,3.26,,32.0,154.0,1.0010958935704146,1.0329521739636995,1.2351553438557932
HD18604,SimonDiaz2017,B6 III,4.11,2.44,,50.0,131.0,1.0003438770464457,0.6981136423878993,0.8725569383069239
HD186568,SimonDiaz2017,B5 III,4.08,2.29,,22.0,20.0,0.9987396352571064,0.6451138045164033,0.8245970299524878
HD186980,SimonDiaz2017,O7.5 III((f)),4.56,4.11,,78.0,51.0,0.8103645562809783,1.6519997695174504,1.2838105647940077
HD187459,SimonDiaz2017,B0.5 II,4.42,3.93,,76.0,150.0,0.9981089092126024,1.3967182509498255,1.3400918765150085
HD187879,SimonDiaz2017,B1 III,4.3,3.58,,66.0,100.0,1.0010303031661978,1.1629211481060833,1.2866148252360772
HD188001,SimonDiaz2017,O7.5 Iabf,4.52,4.19,,91.0,82.0,0.8821929420882025,1.6682673557797334,1.4138790337614364
HD188209,SimonDiaz2017,O9.5 Iab,4.52,4.09,,76.0,52.0,0.8711831818175897,1.6086507730440731,1.3319052821330448
HD188252,SimonDiaz2017,B2 III,4.32,3.26,,46.0,94.0,0.9809466874782248,1.0646945638649437,1.0374115630579548
HD188665,SimonDiaz2017,B5 V,4.13,2.25,,20.0,107.0,0.9042935813282068,0.6795038691171359,0.7319539751060952
HD189775,SimonDiaz2017,B5 III,4.12,2.67,,16.0,61.0,1.0011113418406752,0.7761825772784503,1.0045027406074138
HD189957,SimonDiaz2017,O9.7 III,4.49,3.86,,73.0,90.0,0.8817205672421063,1.4342471379078303,1.1917879174072217
HD190603,SimonDiaz2017,B1.5 Ia +,4.33,4.08,,67.0,47.0,1.0002636053117475,1.4779815957880065,1.639233294763938
HD190864,SimonDiaz2017,O6.5 III(f),4.58,4.11,,82.0,55.0,0.7740027595443737,1.6668056064739702,1.2506463447619245
HD190919,SimonDiaz2017,B0.7 Ib,4.39,4.12,,77.0,48.0,0.9997310036013038,1.5239310404768225,1.5658184324323552
HD191139,SimonDiaz2017,B0.5 III,4.42,3.94,,59.0,41.0,0.9991921989189388,1.3970603190986646,1.3457254757521837
HD191243,SimonDiaz2017,B5 Ib,4.16,3.58,,40.0,27.0,1.0019322799828867,1.1861800180190478,1.5995598789614969
HD191746,SimonDiaz2017,B2 IV,4.25,3.1,,20.0,78.0,1.0006305999125216,0.9644695010605469,1.0557417999961125
HD191877,SimonDiaz2017,B1 Ib,4.33,3.82,,95.0,171.0,1.0011601548224731,1.3145443839350448,1.4347723692023302
HD191978,SimonDiaz2017,O8 Vz,4.55,3.87,,81.0,62.0,0.7498365575244285,1.491339291390268,1.1043704781260508
HD192001,SimonDiaz2017,O9.5 IV,4.52,3.56,,69.0,41.0,0.5847788764404668,1.3357776630601188,0.9291073867684896
HD192276,SimonDiaz2017,B8 III,4.11,2.01,,24.0,19.0,0.7887732471125957,0.6018887780237907,0.6045658408146268
HD192422,SimonDiaz2017,B0.5 Ib,4.45,4.23,,87.0,49.0,0.9748655259758896,1.6370638589890625,1.5618545640401518
HD192639,SimonDiaz2017,O7.5 Iabf,4.54,4.21,,96.0,104.0,0.8639067254797148,1.6870882388675852,1.392738601647802
HD193183,SimonDiaz2017,B1.5 Ib,4.31,3.93,,64.0,51.0,1.0012595222013605,1.381460393674394,1.5590905548476668
HD193514,SimonDiaz2017,O7 Ib(f),4.54,4.16,,98.0,62.0,0.8526361381167205,1.6657963681973782,1.356037358663997
HD194279,SimonDiaz2017,B1.5 Ia,4.25,4.29,,59.0,50.0,1.0286638296465636,1.3794977895942948,1.861322884458904
HD194280,SimonDiaz2017,OC9.7 Iab,4.44,3.99,,56.0,120.0,0.987653126879638,1.4701490713481102,1.3738549070035235
HD194839,SimonDiaz2017,B0.5 Iae,4.39,4.29,,91.0,67.0,1.0028255122321492,1.5688307613481065,1.6701529413001006
HD195556,SimonDiaz2017,B2.5 IV,4.23,3.19,,11.0,158.0,1.000969049029378,0.9978993365757431,1.1552533319169809
HD195810,SimonDiaz2017,B6 III,4.13,2.42,,35.0,49.0,0.9944884122727417,0.7091810756326922,0.8269860396715484
HD195986,SimonDiaz2017,B4 III,4.19,2.73,,18.0,35.0,0.998373456129897,0.8161445291493004,0.9114032446535584
HD196025,SimonDiaz2017,B2 IV-V,4.28,2.71,,16.0,38.0,0.7979290975056088,0.8760947995969297,0.757106927776552
HD197226,SimonDiaz2017,B6 III,4.13,2.23,,39.0,95.0,0.8879516238470158,0.6737844994833851,0.7164171944384197
HD197392,SimonDiaz2017,B8 II-III,4.14,2.72,,28.0,28.0,1.0009680694340468,0.7986795443525707,1.0049782022383285
HD197511,SimonDiaz2017,B2 V,4.22,2.71,,45.0,36.0,0.9838986609881708,0.823364284555558,0.8502243200438822
HD197512,SimonDiaz2017,B1 V,4.35,2.9,,20.0,13.0,0.7144115939013757,0.9777267625590724,0.7684375213781677
HD198183,SimonDiaz2017,B5 V,4.17,2.6,,53.0,150.0,0.9969198163844304,0.7723096803086436,0.8626711241554429
HD19820,SimonDiaz2017,O8.5 III(n)((f)),4.51,3.91,,54.0,144.0,0.8610419047457065,1.4801744126995684,1.1985066947181189
HD198478,SimonDiaz2017,B2.5 Ia,4.2,4.11,,54.0,38.0,1.0005493399262428,1.4979127776347194,1.9278868772299285
HD198820,SimonDiaz2017,B3 III,4.17,2.6,,31.0,34.0,0.9969198163844304,0.7723096803086436,0.8626711241554429
HD199140,SimonDiaz2017,B2 III,4.36,3.59,,37.0,21.0,1.0006182367451366,1.1945081039893215,1.1966234994204137
HD199216,SimonDiaz2017,B1 II,4.38,3.93,,60.0,36.0,1.0009044989132534,1.3861521129393952,1.41870582760953
HD199478,SimonDiaz2017,B8 Ia,4.09,3.97,,46.0,43.0,1.0020965594904734,1.3841808299080125,2.015828915644675
HD199578,SimonDiaz2017,B7 III,4.15,2.39,,29.0,25.0,0.999435773972326,0.6854212931029111,0.7649918846404319
HD199579,SimonDiaz2017,O6.5 V((f))z,4.6,3.83,,70.0,66.0,0.4972362978610299,1.5406011930933503,1.0071601392407852
HD200340,SimonDiaz2017,B8 III,4.14,2.62,,45.0,116.0,1.000602967211795,0.7650732114350887,0.9412687583659224
HD201345,SimonDiaz2017,ON9.2 IV,4.52,3.79,,70.0,93.0,0.7858589025348415,1.424205338531323,1.0909873275508015
HD201795,SimonDiaz2017,B1 V,4.43,2.81,,10.0,8.0,0.0027151687327784,1.04136180616357,0.6036643980439274
HD201912,SimonDiaz2017,B5 III,4.21,2.71,,13.0,19.0,0.9936210273376124,0.8228635963561222,0.8701045342211012
HD202124,SimonDiaz2017,O9 Iab,4.51,4.19,,122.0,84.0,0.8939254860764425,1.6646841316326224,1.4331070318558536
HD202214,SimonDiaz2017,O9.5 IV,4.49,3.36,,25.0,21.0,0.4997879707895812,1.2369360319491212,0.840019292257627
HD202753,SimonDiaz2017,B7 III,4.11,2.12,,24.0,38.0,0.8749944644963454,0.639096945289527,0.6866557406900353
HD202850,SimonDiaz2017,B9 Iab,4.07,3.75,,37.0,40.0,1.0023858488223076,1.2463613631427752,1.8821011512052712
HD20365,SimonDiaz2017,B3 V,4.2,2.59,,19.0,128.0,0.9703596691389008,0.7816222610069896,0.816888932427884
HD204172,SimonDiaz2017,B0 Ib,4.46,4.05,,85.0,52.0,0.9809433312008964,1.497827004587816,1.3775121744806738
HD204536,SimonDiaz2017,B3 III,4.18,2.76,,16.0,74.0,1.0005170432348829,0.8217341236134538,0.9555457969649476
HD205021,SimonDiaz2017,B1 III,4.44,3.14,,23.0,32.0,0.5078861590931402,1.1132476634974435,0.7710178313295445
HD205139,SimonDiaz2017,B1 Ib,4.41,3.91,,63.0,35.0,1.0007068304304183,1.3779493347844258,1.3461550704885688
HD206165,SimonDiaz2017,B2 Ib,4.28,4.03,,59.0,39.0,1.0004366878378188,1.4425476779881428,1.6969213790337627
HD206183,SimonDiaz2017,O9.5 IV-V,4.52,3.36,,27.0,15.0,0.2819124691788294,1.277140350468017,0.803664593684561
HD207198,SimonDiaz2017,O8.5 II((f)),4.52,4.15,,83.0,71.0,0.8771337162520881,1.646839401290764,1.3798207961297837
HD207330,SimonDiaz2017,B2.5 III,4.23,3.24,,47.0,37.0,1.0010076176042828,1.0230333548782855,1.196732737065471
HD207538,SimonDiaz2017,O9.7 IV,4.51,3.51,,42.0,37.0,0.5720739911992433,1.296312097575737,0.9013461530191108
HD207840,SimonDiaz2017,B8 III,4.11,2.09,,21.0,19.0,0.8479573022945053,0.6230537569278841,0.6561327016456259
HD208218,SimonDiaz2017,B1 III,4.33,3.42,,39.0,21.0,0.9993795962791882,1.1149501566010056,1.1265660750148034
HD208266,SimonDiaz2017,B1 V,4.33,3.2,,2.0,135.0,0.9986503114427684,1.0308241884683047,0.991878801812162
HD2083,SimonDiaz2017,B0.2 V,4.47,3.28,,34.0,26.0,0.5021001106318589,1.202416288168251,0.82099497221529
HD208440,SimonDiaz2017,B1 V,4.31,3.12,,21.0,95.0,0.9985008654672214,0.9910468934267028,0.9618825924893092
HD208501,SimonDiaz2017,B8 Ib,4.13,3.97,,52.0,34.0,1.0017937240950296,1.391900608567133,1.943703443198032
HD208947,SimonDiaz2017,B2 V,4.27,2.71,,66.0,148.0,0.8274550925875173,0.8690642193310865,0.7728743657259073
HD209008,SimonDiaz2017,B3 III,4.16,2.59,,22.0,19.0,0.9943067325786769,0.7686018388072096,0.8736533974940609
HD209339,SimonDiaz2017,O9.7 IV,4.51,3.61,,67.0,102.0,0.6960786831900174,1.3338674032087667,0.9801962119422036
HD209419,SimonDiaz2017,B5 III,4.15,2.36,,21.0,16.0,0.9303544060046116,0.708384249529395,0.7614750174203044
HD209975,SimonDiaz2017,O9 Ib,4.52,4.09,,92.0,52.0,0.8711831818175897,1.6086507730440731,1.3319052821330448
HD210191,SimonDiaz2017,B2.5 IV,4.28,3.21,,25.0,12.0,1.0006370062779484,1.0193790337419355,1.081886363412007
HD210424,SimonDiaz2017,B7 III,4.11,2.16,,20.0,19.0,0.8887471209719914,0.6432395058544982,0.7009765939484396
HD21071,SimonDiaz2017,B7 V,4.14,2.22,,18.0,67.0,0.8610043517766458,0.6774791758261487,0.6954210293611229
HD210809,SimonDiaz2017,O9 Iab,4.52,4.09,,112.0,65.0,0.8711831818175897,1.6086507730440731,1.3319052821330448
HD212222,SimonDiaz2017,B5 V,4.13,2.21,,25.0,34.0,0.8695165023975594,0.6625555438043853,0.6946437714083457
HD212593,SimonDiaz2017,B9 Iab,4.09,3.77,,33.0,25.0,1.0023947824870365,1.2612353800837677,1.8621719100298733
HD21278,SimonDiaz2017,B4 V,4.19,2.52,,30.0,50.0,0.9149274772864991,0.7755460092573491,0.7922767792791827
HD212883,SimonDiaz2017,B2 V,4.29,2.8,,12.0,9.0,0.8299932430892852,0.9029191041403092,0.7937056983488378
HD21291,SimonDiaz2017,B9 Ia,4.05,4.09,,29.0,41.0,1.0026930605715414,1.4716425524270769,2.2088523917500793
HD212978,SimonDiaz2017,B1.5 V,4.25,3.07,,32.0,125.0,0.999949824297932,0.9544422195996444,1.0338453427808518
HD212986,SimonDiaz2017,B7 III,4.16,2.27,,22.0,27.0,0.8388770026928921,0.6987857779231385,0.6898844395289695
HD213087,SimonDiaz2017,B0.5 Ib,4.44,4.0,,91.0,56.0,0.9906224019210256,1.4709887879304853,1.37955613033698
HD213420,SimonDiaz2017,B2 IV,4.3,3.38,,33.0,56.0,1.0007556863622475,1.092254956125576,1.1630948241237993
HD214263,SimonDiaz2017,B2 V,4.31,2.82,,5.0,83.0,0.7723360516182768,0.9029427700633692,0.7565739000089445
HD214432,SimonDiaz2017,B3 V,4.25,2.46,,83.0,136.0,0.6934538468841219,0.7933691552061736,0.6540426186850964
HD214680,SimonDiaz2017,O9 V,4.55,3.67,,41.0,16.0,0.567912972445372,1.4053403405714944,0.959191273980727
HD21483,SimonDiaz2017,B3 III,4.23,3.06,,45.0,129.0,1.000738648176973,0.9532359551831968,1.0793613961741917
HD216411,SimonDiaz2017,B0.7 Ia,4.33,4.44,,72.0,52.0,1.074013499507722,0.7948434399115679,1.4805725442846114
HD216538,SimonDiaz2017,B7 III,4.11,2.34,,21.0,18.0,0.989525174297445,0.6842479746692163,0.8089936411818608
HD216831,SimonDiaz2017,B7 III,4.09,2.17,,17.0,67.0,0.9660256633778312,0.6274927587674259,0.7418133153355108
HD216898,SimonDiaz2017,O9 V,4.56,3.4,,47.0,44.0,0.000907031010731,1.3423246409903122,0.7727693362314094
HD217348,SimonDiaz2017,B7 III,4.08,2.52,,43.0,168.0,1.001376738325282,0.7211002395173736,0.9857471412729536
HD218195A,SimonDiaz2017,O8.5 III Nstr,4.54,3.97,,67.0,52.0,0.8114587918479027,1.5372507080453643,1.1974357701201754
HD218376,SimonDiaz2017,B0.5 III,4.43,3.52,,54.0,30.0,0.8613729393038669,1.2375836766409152,1.0415001796046244
HD218407,SimonDiaz2017,B2 V,4.26,2.78,,2.0,156.0,0.8931479724051669,0.8824448156917639,0.8340541572671166
HD218440,SimonDiaz2017,B2.5 IV,4.22,2.68,,17.0,13.0,0.9882002621673608,0.8004580433597274,0.8257442494668297
HD218915,SimonDiaz2017,O9.2 Iab,4.52,4.09,,93.0,51.0,0.8711831818175897,1.6086507730440731,1.3319052821330448
HD220222,SimonDiaz2017,B6 III,4.15,2.37,,21.0,122.0,0.9575635253645368,0.6980476275868799,0.7624823892165795
HD223128,SimonDiaz2017,B2 IV,4.35,2.99,,20.0,11.0,0.7822251289680419,0.9945103863179068,0.8144469521129837
HD223987,SimonDiaz2017,B1 Ib,4.32,3.97,,81.0,45.0,1.0005925746933664,1.4100058675248832,1.5771800993273926
HD224055,SimonDiaz2017,B3 Ia,4.21,4.02,,60.0,33.0,1.0006744884443135,1.4315815753798882,1.8266452336265244
HD224572,SimonDiaz2017,B1 V,4.33,3.42,,47.0,186.0,0.9993795962791882,1.1149501566010056,1.1265660750148034
HD224990,SimonDiaz2017,B4 III,4.13,2.33,,40.0,22.0,0.97718050426462,0.676249475485519,0.7642216986865754
HD225094,SimonDiaz2017,B3 Iab,4.2,4.06,,57.0,34.0,1.0007869373916445,1.4690227502320723,1.8959178349079109
HD225160,SimonDiaz2017,O8 Iabf,4.52,4.2,,107.0,85.0,0.8823448000906292,1.6726145551505245,1.4191176824550835
HD226868,SimonDiaz2017,O9.7 Iabp var,4.47,4.14,,81.0,112.0,0.9742412756192133,1.5736387753573682,1.435281071013913
HD23300,SimonDiaz2017,B6 V,4.14,2.42,,21.0,19.0,0.9817214343432102,0.7203255201329944,0.8161920549964018
HD23302,SimonDiaz2017,B6 III,4.13,2.83,,54.0,180.0,1.0014084447493876,0.8412631644090285,1.0994106088193163
HD23338,SimonDiaz2017,B6 IV,4.11,2.61,,24.0,107.0,1.00109035502238,0.7543296668580513,0.9876256071306032
HD23408,SimonDiaz2017,B8 III,4.08,2.69,,22.0,30.0,1.0018579409446235,0.7825923493609246,1.097638148837672
HD23630,SimonDiaz2017,B7 III,4.12,2.87,,48.0,160.0,1.001587951039029,0.8570520322470405,1.148031574743057
HD23675,SimonDiaz2017,B0.5 III,4.43,3.88,,77.0,51.0,0.993199065586126,1.3838798517257689,1.294347427057937
HD237211,SimonDiaz2017,O9 Ib,4.52,4.09,,86.0,48.0,0.8711831818175897,1.6086507730440731,1.3319052821330448
HD24398,SimonDiaz2017,B1 Ib,4.38,3.83,,59.0,40.0,1.00084082872404,1.3227883295222582,1.3422556400372023
HD24431,SimonDiaz2017,O9 III,4.54,3.91,,51.0,65.0,0.7932573499799671,1.5039737698308284,1.1501352000706877
HD24432,SimonDiaz2017,B3 II,4.15,3.68,,49.0,32.0,1.0020038742163524,1.2197939864113898,1.6737983973984982
HD24587,SimonDiaz2017,B5 V,4.14,2.15,,19.0,31.0,0.8158982137263667,0.6625792890473435,0.654515944079837
HD24640,SimonDiaz2017,B1.5 V,4.26,2.6,,78.0,128.0,0.7760318578624187,0.8323595120745845,0.7184191891356737
HD250289,SimonDiaz2017,B2 III:e,4.32,3.76,,48.0,101.0,1.001198095819827,1.2726077914876144,1.3997238326021493
HD250290,SimonDiaz2017,B3 Ib,4.2,3.79,,34.0,41.0,1.0017786206094623,1.2782021068548557,1.6536084743919253
HD25204,SimonDiaz2017,B3 IV,4.2,2.79,,54.0,71.0,0.9998971014583296,0.839538254178213,0.9379115672678467
HD25443,SimonDiaz2017,B0.5 III,4.44,3.64,,70.0,39.0,0.8894066189370737,1.2920214009408095,1.1071869409632822
HD256725,SimonDiaz2017,O5.5,4.51,4.04,,27.0,68.0,0.8864205096423495,1.5476666637604477,1.293584984998526
HD25914,SimonDiaz2017,B6 Ia,4.16,4.16,,33.0,33.0,1.0004533882852589,1.5290406789865942,2.0433743208788084
HD26398,SimonDiaz2017,B7 III,4.2,2.72,,51.0,142.0,0.9888301499962936,0.827461204201871,0.8916349509877322
HD27192,SimonDiaz2017,B1.5 IV,4.33,3.17,,79.0,153.0,0.9678140837918996,1.0091629309935604,0.944252809399554
HD2729,SimonDiaz2017,B6 V,4.15,2.57,,49.0,106.0,0.9965640012767664,0.7528777449750554,0.8760215666496955
HD27396,SimonDiaz2017,B4 IV,4.21,2.58,,45.0,22.0,0.901455170316992,0.801342422158873,0.7950048657949215
HD27563,SimonDiaz2017,B5 III,4.16,2.61,,26.0,33.0,0.9992358279510868,0.7681664228417239,0.8921865613432267
HD28114,SimonDiaz2017,B6 IV,4.17,2.66,,24.0,21.0,0.9989009249942444,0.7862287547318393,0.903819107772324
HD28446B,SimonDiaz2017,B1 IV:,4.47,3.3,,24.0,12.0,0.5363374536006841,1.202261420835704,0.8324010307042278
HD28503,SimonDiaz2017,B7 III,4.12,2.43,,19.0,62.0,0.9962217667113524,0.7032657944796,0.8422883426502611
HD28843,SimonDiaz2017,B9 III,4.09,2.45,,60.0,113.0,1.0008004323710171,0.6964609029483708,0.9148373244670088
HD2905,SimonDiaz2017,B0.7 Ia,4.4,4.06,,82.0,59.0,0.9999626177703884,1.4738858307987108,1.493105689099163
HD29227,SimonDiaz2017,B7 III,4.12,2.32,,20.0,19.0,0.9836336240640908,0.6796801608808338,0.7850582863173737
HD29248,SimonDiaz2017,B2 III,4.37,3.04,,40.0,32.0,0.7529144038698539,1.0363023003920189,0.82451353768369
HD30122,SimonDiaz2017,B5 III,4.17,2.68,,20.0,17.0,1.0004039119557713,0.7936872131359103,0.9247720026829324
HD30211,SimonDiaz2017,B4 IV,4.18,2.82,,33.0,132.0,1.0007082762223378,0.8432390656989549,0.9974498938083372
HD30614,SimonDiaz2017,O9 Ia,4.51,4.19,,119.0,99.0,0.8939254860764425,1.6646841316326224,1.4331070318558536
HD30677,SimonDiaz2017,B1 II-III((n)),4.33,3.94,,36.0,167.0,1.0010966246946438,1.3894882502830144,1.5276011330120032
HD30836,SimonDiaz2017,B2 III,4.29,3.16,,30.0,39.0,0.9961463679239604,0.9910949860028953,0.9982109285935836
HD31327,SimonDiaz2017,B2.5 Ib,4.26,3.59,,53.0,35.0,1.0014206500210634,1.1874405119256084,1.402101303210917
HD3240,SimonDiaz2017,B7 III,4.09,2.34,,33.0,68.0,0.9997349062503902,0.6635768324308978,0.843942468110818
HD32612,SimonDiaz2017,B2.5 IV,4.28,2.7,,20.0,56.0,0.7862990003661927,0.8697491168291781,0.7464158334093891
HD3360,SimonDiaz2017,B2 IV,4.29,2.91,,17.0,23.0,0.968441276206891,0.91629454033544,0.8859672204197578
HD3369,SimonDiaz2017,B5 V,4.17,2.56,,19.0,18.0,0.9814043853139915,0.7720408432465378,0.8526142825820742
HD3379,SimonDiaz2017,B2.5 IV,4.22,2.47,,57.0,47.0,0.7985740566674073,0.7779882104726975,0.7060511558971366
HD34078,SimonDiaz2017,O9.5 V,4.53,3.53,,31.0,17.0,0.493503279662772,1.3371678881300904,0.8958049861414058
HD34085,SimonDiaz2017,B8 Ia,4.1,4.1,,51.0,38.0,1.0013181889280367,1.475523237579137,2.1107287187465484
HD34503,SimonDiaz2017,B5 III,4.13,2.79,,32.0,34.0,1.001314785105384,0.8234414588653038,1.0692879783083429
HD34656,SimonDiaz2017,O7.5 II(f),4.57,4.17,,87.0,44.0,0.8084940989103968,1.6879494686722716,1.3116567932849013
HD34759,SimonDiaz2017,B5 V,4.16,2.4,,30.0,58.0,0.930908749616944,0.7247699047654771,0.7702028079732143
HD34989,SimonDiaz2017,B1 V,4.43,3.03,,12.0,48.0,0.4057635000314195,1.0788190628953769,0.7214268142357668
HD35039,SimonDiaz2017,B2 IV-V,4.3,2.87,,20.0,11.0,0.8642487411382672,0.9539508417953791,0.8509228222978614
HD35299,SimonDiaz2017,B1.5 V,4.37,2.69,,15.0,8.0,0.2247827966068859,0.9542128092451556,0.6053987784064714
HD35468,SimonDiaz2017,B2 III,4.29,2.99,,27.0,53.0,0.9286252286936396,0.95101573592021,0.9081110029621104
HD35497,SimonDiaz2017,B7 III,4.1,2.54,,18.0,58.0,1.0009968830895173,0.727734646055296,0.9560348009654772
HD35600,SimonDiaz2017,B9 Ib,4.08,3.13,,32.0,24.0,1.0018909568780316,0.9745209037661924,1.4144547808221888
HD35619,SimonDiaz2017,O7.5 V((f))z,4.58,3.8,,62.0,43.0,0.5694521730788182,1.49843278620412,1.0106867397646724
HD35633,SimonDiaz2017,B0.5 IV,4.53,4.24,,123.0,176.0,0.8882580646851169,1.6909758484933868,1.4309021635018129
HD35912,SimonDiaz2017,B2 V,4.28,2.47,,21.0,10.0,0.527186105523233,0.8199394441436657,0.6069595984302031
HD36267,SimonDiaz2017,B5 V,4.18,2.2,,46.0,136.0,0.7169479601502233,0.6911979258659494,0.6133443425543539
HD36285,SimonDiaz2017,B2 IV-V,4.31,2.65,,19.0,11.0,0.6060668819111851,0.8842996704291077,0.6698118964457335
HD36351,SimonDiaz2017,B1.5 V,4.34,2.74,,17.0,30.0,0.5234611392746783,0.9502909481896946,0.678651258893881
HD36371,SimonDiaz2017,B5 Iab,4.16,3.97,,45.0,35.0,1.0015499640997405,1.398318001185092,1.8890112373721508
HD36408,SimonDiaz2017,B7 II,4.06,2.45,,29.0,52.0,1.0015771688400277,0.6941339965698075,0.9739120338523996
HD36430,SimonDiaz2017,B2 V,4.28,2.4,,30.0,13.0,0.408566952387026,0.80612007339349,0.5656759939791755
HD36483,SimonDiaz2017,O9.5 IV(n),4.51,3.64,,72.0,174.0,0.7110800605693444,1.3447737235239698,0.9944509514100226
HD36486,SimonDiaz2017,O9.5 II Nwk,4.51,3.99,,96.0,128.0,0.8714202804131984,1.527807748416766,1.2643199672548728
HD36512,SimonDiaz2017,O9.7 V,4.53,3.3,,25.0,15.0,0.0436452032540624,1.2784734881850577,0.7520777688132793
HD36591,SimonDiaz2017,B1 IV,4.43,3.03,,19.0,9.0,0.4057635000314195,1.0788190628953769,0.7214268142357668
HD36629,SimonDiaz2017,B2 Vv,4.29,2.47,,18.0,10.0,0.4575016818605878,0.8324404437169198,0.5930724824909581
HD36822,SimonDiaz2017,B0.2 IV,4.46,3.34,,38.0,18.0,0.6493804044779175,1.2016986747602882,0.87757549263959
HD36861,SimonDiaz2017,O8 III((f)),4.55,4.06,,75.0,51.0,0.8203213267769675,1.6097798221497923,1.2601107910519302
HD36862,SimonDiaz2017,B0.5 V,4.4,2.9,,5.0,75.0,0.3476224882243657,1.04105986809758,0.6849604544172466
HD36959,SimonDiaz2017,B1 V,4.39,2.86,,14.0,12.0,0.411602323661125,0.9978896313159868,0.6750117800829328
HD36960,SimonDiaz2017,B0.5 V,4.46,3.33,,37.0,22.0,0.6398032292680396,1.200503456513488,0.8725133323549098
HD37020,SimonDiaz2017,B0.5 V,4.48,3.13,,15.0,55.0,0.143580283693098,1.1757582434673588,0.7164441982485389
HD37022,SimonDiaz2017,O7 Vp,4.59,3.58,,56.0,26.0,0.1165950509467782,1.4451051087071471,0.8596115163141546
HD37041,SimonDiaz2017,O9.5 IVp,4.54,3.31,,47.0,133.0,0.0114918594262193,1.300887383586861,0.7517961148043832
HD37042,SimonDiaz2017,B2-B5,4.47,3.08,,13.0,33.0,0.1440201399306944,1.14587475086355,0.6993984767241325
HD37043,SimonDiaz2017,O9 III var,4.52,3.96,,84.0,104.0,0.8486428511154458,1.516428185166831,1.222977335777895
HD37061,SimonDiaz2017,O9 V,4.45,3.01,,93.0,191.0,0.1608999580045764,1.1137382978947152,0.6850915531713566
HD37128,SimonDiaz2017,B0 Ia,4.47,4.05,,85.0,42.0,0.9722600497694462,1.506525772480786,1.3581011402951342
HD37209,SimonDiaz2017,B2 IV,4.38,2.76,,15.0,50.0,0.2153089258405136,0.999023744017334,0.6310609134771409
HD37320,SimonDiaz2017,B8 III,4.09,2.34,,26.0,27.0,0.9997349062503902,0.6635768324308978,0.843942468110818
HD37366,SimonDiaz2017,O9.5 IV,4.52,3.26,,39.0,18.0,0.0503502700877582,1.2550080355789548,0.740627028907905
HD37468D,SimonDiaz2017,B2 V,4.3,2.79,,48.0,197.0,0.7911613810552749,0.902935848536814,0.7678272626754434
HD37481,SimonDiaz2017,B1.5 IV,4.34,2.78,,21.0,73.0,0.5954796470377064,0.9541379175170231,0.7057471647606521
HD37711,SimonDiaz2017,B3 IV,4.21,2.61,,51.0,71.0,0.9347248166993628,0.7985493570714742,0.8096843517866301
HD37742,SimonDiaz2017,O9.2 Ib var Nwk,4.52,4.3,,100.0,116.0,0.9806375245149028,1.4015380266143973,1.33741453660418
HD37744,SimonDiaz2017,B1.5 V,4.37,2.81,,11.0,37.0,0.4660837293518024,0.9716491394632476,0.6741469539568019
HD3827,SimonDiaz2017,B0.7 V((n)),4.36,3.42,,22.0,177.0,0.987442151980337,1.1348828966507458,1.0839732200430867
HD38771,SimonDiaz2017,B0.5 Ia,4.47,4.06,,83.0,43.0,0.9738601528018224,1.5173941383016063,1.3738673476064622
HD3901,SimonDiaz2017,B2 V,4.21,2.73,,19.0,129.0,0.9839926134221818,0.8380156638761228,0.889024637700403
HD3950,SimonDiaz2017,B1 III,4.38,3.53,,55.0,46.0,0.9894767474666054,1.1911360707529008,1.129030685840165
HD40111,SimonDiaz2017,B1 Ib,4.43,3.79,,58.0,145.0,0.978545006146843,1.3423212117046042,1.229063576039181
HD41117,SimonDiaz2017,B2 Ia,4.27,4.21,,67.0,43.0,1.0000461708275068,1.5977151023561946,1.8863566965002263
HD4142,SimonDiaz2017,B5 V,4.19,2.65,,29.0,189.0,0.9948289516897704,0.7989408272178077,0.8693902931962607
HD41692,SimonDiaz2017,B5 IV,4.12,2.71,,20.0,30.0,1.0012658876948612,0.7940428428413328,1.0383299552313416
HD42087,SimonDiaz2017,B2.5 Ib,4.27,3.9,,56.0,39.0,1.0014554779840774,1.3641950670542464,1.6186701056575412
HD42088,SimonDiaz2017,O6 V((f))z,4.6,3.96,,67.0,40.0,0.6472562723285393,1.6028711524858743,1.1091268201500597
HD42352,SimonDiaz2017,B1 III,4.37,3.37,,47.0,163.0,0.9632754472132508,1.1215588073296918,1.0346447969229378
HD42400,SimonDiaz2017,B5 II,4.17,3.46,,34.0,25.0,1.001648094730516,1.1227199810472333,1.4753030743457178
HD42401,SimonDiaz2017,B2.5 V,4.28,2.99,,59.0,129.0,0.950540645854408,0.9493448047607757,0.9294117411606588
HD4253,SimonDiaz2017,B9 II,4.09,2.66,,24.0,145.0,1.0016183290079326,0.7715366692073817,1.057467434377196
HD43384,SimonDiaz2017,B3 Iab,4.18,4.02,,52.0,30.0,1.000780399226732,1.4299436308047972,1.887216921368934
HD43818,SimonDiaz2017,B0 II,4.48,4.15,,71.0,62.0,0.9700099966039109,1.5815619337177529,1.4269660460063591
HD44743,SimonDiaz2017,B1 II-III,4.37,3.2,,40.0,26.0,0.8570278710433393,1.073236256610726,0.9195959754525002
HD44811,SimonDiaz2017,O7 V(n)z,4.57,3.77,,48.0,26.0,0.5880771301160881,1.4700040617891978,1.0021625472027942
HD46064,SimonDiaz2017,B1.5 V,4.27,2.83,,29.0,59.0,0.8972742634757108,0.9020420231895464,0.8494628636835284
HD46075,SimonDiaz2017,B6 III,4.11,2.19,,18.0,53.0,0.9601501402509088,0.6422226038919622,0.7342324962783366
HD46149,SimonDiaz2017,O8.5 V,4.56,3.61,,60.0,31.0,0.4163074630427733,1.408054756611078,0.9095392718260946
HD46150,SimonDiaz2017,O5 V((f))z,4.61,3.98,,94.0,66.0,0.6172088958871761,1.6280625054277396,1.1078150647079756
HD46202,SimonDiaz2017,O9.2 V,4.54,3.46,,34.0,20.0,0.2964141175358579,1.3396350557268772,0.8418569293641244
HD46223,SimonDiaz2017,O4 V((f)),4.64,4.11,,91.0,58.0,0.6254439253617636,1.7352032275111509,1.1678101416360986
HD46328,SimonDiaz2017,B0.7 IV,4.39,3.22,,20.0,9.0,0.8206418212106631,1.1103046860459351,0.9163662324135154
HD4636,SimonDiaz2017,B9 III,4.07,2.28,,23.0,98.0,1.0003067475235443,0.6390947555461646,0.8441691656060403
HD46573,SimonDiaz2017,O7 V((f))z,4.56,4.0,,109.0,88.0,0.7789321999083468,1.570025417978376,1.1859565954514195
HD46769,SimonDiaz2017,B8 Ib,4.1,3.23,,23.0,69.0,1.0017208986813997,1.0198591992294042,1.4495885827208432
HD46966,SimonDiaz2017,O8.5 IV,4.55,3.75,,66.0,38.0,0.6641643838910211,1.4347617500387932,1.0192972032072785
HD47240,SimonDiaz2017,B1 II,4.29,4.08,,74.0,111.0,1.0004246779820936,1.4769235756441494,1.7199608630772676
HD47417,SimonDiaz2017,B0 IV,4.47,3.67,,123.0,107.0,0.8440583702787949,1.3309733222242313,1.0841447490521756
HD47432,SimonDiaz2017,O9.7 Ib,4.51,4.09,,68.0,97.0,0.8872100096498642,1.60245277612516,1.351519212305464
HD47839,SimonDiaz2017,O7 V((f))z var,4.58,3.74,,65.0,39.0,0.4959558274993059,1.4738464336895567,0.968931903072788
HD47964,SimonDiaz2017,B8 III,4.09,2.54,,17.0,52.0,1.00121858299704,0.7279270867340711,0.9768897379584578
HD48038,SimonDiaz2017,B2 III,4.28,3.51,,52.0,150.0,1.0010830256595895,1.1414965689480272,1.2873284726537797
HD48279,SimonDiaz2017,O8.5 Vz Nstr var?,4.56,3.74,,90.0,140.0,0.6015782331219777,1.445038112455645,0.9944971217051046
HD4841,SimonDiaz2017,B5 Ia,4.12,3.99,,59.0,37.0,1.0014615151560105,1.4062687190021044,1.9838346828770528
HD48434,SimonDiaz2017,B0 III,4.48,3.93,,82.0,42.0,0.9684979306275828,1.4310940322866763,1.2452680863768848
HD48691,SimonDiaz2017,B0.5 IV,4.44,3.56,,58.0,52.0,0.8586994421884795,1.2609741131175245,1.0541304678286856
HD48807,SimonDiaz2017,B7 Iab,4.07,3.68,,35.0,33.0,1.0024221792425887,1.217779750512549,1.839398102063924
HD49340,SimonDiaz2017,B7 III,4.12,2.86,,28.0,190.0,1.0015841515125932,0.8547248912252975,1.1442587813307206
HD49606,SimonDiaz2017,B7 III,4.13,2.51,,25.0,19.0,1.0003223883507375,0.7259613380383118,0.8830272909218165
HD5005A,SimonDiaz2017,O4 V((fc)),4.62,4.03,,86.0,65.0,0.6208544186741815,1.6718919124634068,1.1371974205929751
HD50707,SimonDiaz2017,B1 Ib,4.38,3.31,,46.0,24.0,0.8885349540277346,1.105618743762696,0.9665356808222548
HD51309,SimonDiaz2017,B3 II,4.2,3.64,,43.0,27.0,1.0017714519902252,1.20222027716509,1.5447746100535722
HD51688,SimonDiaz2017,B8 III,4.1,2.26,,19.0,33.0,0.997852015056982,0.6475865025022866,0.7766123968832418
HD52273,SimonDiaz2017,B2 III,4.29,3.18,,25.0,86.0,0.999107501548148,1.0041075395997765,1.0251406656587574
HD53138,SimonDiaz2017,B3 Iab,4.23,4.13,,56.0,38.0,1.0003502727612903,1.5168025352029704,1.8912568925695616
HD53244,SimonDiaz2017,B8 II,4.14,2.74,,21.0,36.0,1.0010221505933696,0.8049780232159301,1.0155164788049182
HD53929,SimonDiaz2017,B9 III,4.09,2.44,,26.0,25.0,1.0007505887734138,0.6936249933541547,0.9086074983766856
HD53975,SimonDiaz2017,O7.5 Vz,4.55,4.0,,77.0,186.0,0.7991484533749311,1.555093553010276,1.1959465895989372
HD54764,SimonDiaz2017,B1 II,4.3,4.16,,87.0,123.0,1.0000883219885717,1.5354309092538534,1.7662349832083308
HD54879,SimonDiaz2017,O9.7 V,4.52,3.16,,10.0,8.0,0.0024062749965002,1.228136919215209,0.7070137235884227
HD55213,SimonDiaz2017,B7 III,4.11,2.62,,12.0,184.0,1.001109783438033,0.7588939833893582,0.99367039216128
HD55879,SimonDiaz2017,O9.7 III,4.51,3.71,,60.0,29.0,0.7591207084386157,1.3673901984142156,1.036898296637794
HD57061,SimonDiaz2017,O9 II,4.51,4.01,,93.0,56.0,0.8815057611323537,1.5339906100574732,1.2775144334184354
HD57236,SimonDiaz2017,O8.5 V,4.58,3.51,,34.0,29.0,0.0387629983336556,1.414352115465884,0.8251772672443728
HD57539,SimonDiaz2017,B5 III,4.13,2.64,,13.0,171.0,1.000821814076301,0.7687955225210421,0.9690416532044428
HD57682,SimonDiaz2017,O9.2 IV,4.54,3.62,,38.0,16.0,0.5504040255009541,1.372203916043905,0.9351554638179932
HD58350,SimonDiaz2017,B5 Ia,4.16,4.29,,64.0,41.0,1.0158461436043644,1.4962691077363408,2.0984660369526265
HD60308,SimonDiaz2017,B2 Iab,4.22,4.05,,54.0,44.0,1.0006976094794235,1.4570813741179338,1.840153188702326
HD60325,SimonDiaz2017,B2 IIIp,4.27,3.42,,54.0,117.0,1.001008696836582,1.1033897903637793,1.2471668783285752
HD61068,SimonDiaz2017,B2 III,4.39,3.08,,23.0,11.0,0.7150018986929697,1.0369236698203836,0.8052112538579399
HD61347,SimonDiaz2017,O9 Ib,4.49,4.23,,78.0,115.0,0.9163907144453364,1.6714594074206846,1.492964187098934
HD62747,SimonDiaz2017,B2 II,4.34,3.36,,29.0,100.0,0.9886017172095908,1.1032168136372758,1.072373528923521
HD63975,SimonDiaz2017,B8 II,4.08,2.81,,20.0,27.0,1.002015612946617,0.8336063538360582,1.1844005729993945
HD6675,SimonDiaz2017,B0.2 III,4.48,3.68,,61.0,35.0,0.8197607757592092,1.3314614591372853,1.0625013086374346
HD66834,SimonDiaz2017,B3 III,4.24,3.42,,17.0,176.0,1.0012028464081106,1.103255824135,1.307823724640517
HD68099,SimonDiaz2017,B6 III,4.12,2.52,,26.0,56.0,1.0005274230338153,0.7259193446067538,0.9074952342902636
HD69686,SimonDiaz2017,B8,4.18,2.31,,42.0,173.0,0.8058825049719162,0.715832403980697,0.6764813721464723
HD71833,SimonDiaz2017,B8 II,4.1,2.65,,20.0,32.0,1.0014049113003451,0.7694207374251172,1.0338205159298797
HD7374,SimonDiaz2017,B8 III,4.07,2.06,,20.0,19.0,0.9201327308301144,0.6018278609786829,0.708272798297824
HD77770,SimonDiaz2017,B2 IV,4.23,3.08,,8.0,27.0,1.0007640045019792,0.9563010097094362,1.0866361499125574
HD7902,SimonDiaz2017,B6 Ib,4.12,3.93,,55.0,35.0,1.0020419455396763,1.366835810190138,1.9327180311612384
HD829,SimonDiaz2017,B2 V,4.23,2.76,,21.0,12.0,0.9953322281600054,0.8365561160502321,0.8605114698817404
HD886,SimonDiaz2017,B2 IV,4.33,2.95,,16.0,8.0,0.8051063410320981,0.954019742404834,0.8065758363266569
HD90994,SimonDiaz2017,B6 V,4.14,2.0,,54.0,77.0,0.6798591473526949,0.6231157835451853,0.559570961538015
HD91316,SimonDiaz2017,B1 Iab,4.37,4.0,,70.0,45.0,1.0000669850471802,1.4284521683666882,1.4957552840909027
HD9311,SimonDiaz2017,B5 Ib,4.12,3.57,,55.0,30.0,1.0020931112055624,1.1818369258630157,1.6734985695049638
HD97991,SimonDiaz2017,B1 V,4.36,2.97,,9.0,140.0,0.7292081201945135,0.995144060942222,0.7857042989844114
BD+001617A,deBurgos2024,O9.2V,4.52244423350632,3.460718026680018,4.02,8.0,36.0,0.4480771041814962,1.297637784286681,0.8589589851847516
BD+001617C,deBurgos2024,O9.5IV,4.507855871695831,3.5023645794380625,3.92,121.0,3.0,0.5793652250577302,1.2955816024513631,0.90348126070928
BD+353955,deBurgos2024,B0.7Iab,4.3979400086720375,4.062701127342887,2.92,67.0,52.0,0.9999815136942896,1.4733468926324378,1.4979626367652057
BD+453341,deBurgos2024,B1II,4.394451680826216,4.108747815959601,2.86,91.0,84.0,0.9997266620180733,1.5160426708996029,1.5490788021368918
BD+483437,deBurgos2024,B1Ib,4.3979400086720375,3.832701127342887,3.15,54.0,37.0,1.000678144312804,1.3251761892873537,1.3086256549645825
BD+552770,deBurgos2024,B1.5III,4.437750562820388,3.471943343936289,3.67,59.0,43.0,0.823987495300263,1.2260742143384842,0.9984929014942618
BD+56508,deBurgos2024,B2.0V,4.401400540781544,3.386543255780912,3.61,51.0,40.0,0.8724469138909507,1.1722439224478702,1.0041789250384296
BD+56525,deBurgos2024,B0.5V,4.350248018334163,3.49193316599139,3.3,63.0,136.0,1.0005813668236907,1.1629681781561918,1.1589720604534497
BD+56527,deBurgos2024,B1.5II,4.357934847000454,3.892680480656553,2.93,58.0,97.0,1.001039095064329,1.364603578051409,1.4373310834540522
BD+56553,deBurgos2024,B1IV,4.378397900948138,3.4745326964472887,3.43,34.0,36.0,0.9997421006466584,1.160936731870279,1.0938537042102503
BD+56576,deBurgos2024,B1III,4.3747483460101035,3.339934476695152,3.55,30.0,15.0,0.9962365994369508,1.0715910391075043,0.9872778644853664
BD+56578,deBurgos2024,BN2II-III,4.354108439147401,3.5773748492443422,3.23,49.0,55.0,1.00064049607164,1.188282919045324,1.1992288238331368
BD+56640,deBurgos2024,B2III:,4.451786435524291,3.4380868347519,3.76,53.0,176.0,0.7625066515754054,1.2265470484129424,0.953722076276408
BD+57247,deBurgos2024,O9.5IV,4.513217600067939,3.433811492926495,4.01,28.0,22.0,0.4562765694837318,1.291429858215867,0.8575603153269047
BD+57252,deBurgos2024,B1IV,4.376576957056512,3.4372489208807866,3.46,72.0,25.0,0.9743063226781266,1.1482746507122976,1.0658621002001814
BD+57520,deBurgos2024,B1III,4.414973347970818,3.5208344845380104,3.53,40.0,25.0,0.9082657732387396,1.2161470410384023,1.063319825063803
BD+59387,deBurgos2024,B2.5IIN-weak,4.3222192947339195,3.709818271590415,2.97,93.0,64.0,1.0010954534531045,1.2449331819563143,1.357881010436367
BD+59388,deBurgos2024,BN2.5III,4.311753861055754,3.457956536877754,3.18,38.0,13.0,1.0007817148934652,1.1248377269502914,1.1932943071277935
BD+59451,deBurgos2024,B1Ib-II,4.4031205211758175,3.963423177358007,3.04,34.0,130.0,1.0002155994447135,1.40954136873906,1.4056148372945232
BD+59461,deBurgos2024,B1II,4.372912002970106,3.4525891045351624,3.43,52.0,26.0,0.9749415543491184,1.150374944077482,1.0756430365236185
BD+602525,deBurgos2024,B0.5III,4.439332693830263,3.708271867975789,3.44,44.0,24.0,0.9793137907110858,1.278499895497475,1.1379897558456724
BD+602615,deBurgos2024,B0.5Ib(n),4.421603926869831,4.227356800134061,2.85,75.0,127.0,0.9936011894767788,1.6216519543836696,1.6008108921256048
BD+602631,deBurgos2024,B0.5III,4.419955748489758,3.9107640866137694,3.16,52.0,126.0,0.9973360089328622,1.389396148231922,1.3293314435934582
BD+602644,deBurgos2024,B1III,4.376576957056512,3.377248920880786,3.52,36.0,15.0,0.9529117423056552,1.1238037863565993,1.0241516970712383
BD+60279,deBurgos2024,B2II,4.357934847000454,3.5226804806565535,3.3,31.0,42.0,1.0005455582837264,1.1629715939886915,1.1461214718191834
BD+60333,deBurgos2024,B5Ib,4.17897694729317,3.766848881827416,2.34,50.0,25.0,1.0018935311225814,1.2683882535341242,1.682568654703054
BD+60339,deBurgos2024,B6Iabe,4.167317334748176,3.820210431647439,2.24,56.0,21.0,1.001908018756211,1.2931873065080854,1.7420270913275042
BD+60343A,deBurgos2024,B6Ia,4.2878017299302265,3.612148012375642,2.93,33.0,30.0,1.0012257597139518,1.1866585164035337,1.3447795387782338
BD+60345,deBurgos2024,B0II:,4.45484486000851,3.9203205326887782,3.29,64.0,32.0,0.9842591788060792,1.4177264960180955,1.282691301229478
BD+60351,deBurgos2024,B6Iab,4.232996110392154,3.5929255342233533,2.73,38.0,16.0,1.001581082400872,1.187992605064629,1.4578295665844627
BD+60369,deBurgos2024,B2II,4.324282455297693,3.688070913845509,3.0,64.0,94.0,1.0010503359400624,1.2283063722997116,1.3327644147371738
BD+60493,deBurgos2024,B0.5Ia,4.416640507338281,4.207503122007861,2.85,106.0,57.0,0.9921413768867164,1.6188507139827442,1.604659285644914
BD+60499,deBurgos2024,O9.5V,4.513217600067939,3.673811492926495,3.77,30.0,25.0,0.7291547355989932,1.3681566541554313,1.0179962124621462
BD+6073,deBurgos2024,B1Ib,4.392696953259666,4.0417289056934,2.92,62.0,140.0,1.0000117276615357,1.4633929418324363,1.4941243671445232
BD+61175,deBurgos2024,B3II,4.238046103128795,3.6931255051699177,2.65,51.0,13.0,1.0015614513732525,1.228685694335897,1.5074111169677404
BD+612509,deBurgos2024,B0.5Ib,4.451786435524291,3.948086834751899,3.25,103.0,49.0,0.9871017527383924,1.4409393696089945,1.3162710151226815
BD+612526,deBurgos2024,B1.5II,4.365487984890899,3.542893032218335,3.31,56.0,11.0,0.991126017121592,1.1910106077417288,1.1514282154861624
BD+612529,deBurgos2024,B1Ib,4.371067862271736,4.04521254174168,2.83,83.0,45.0,1.0001237598327453,1.4635352416099294,1.539642269563781
BD+622296A,deBurgos2024,B2.5Iae,4.238046103128795,4.2431255051699175,2.1,67.0,38.0,1.0000837053876468,1.6224461790548357,1.9810696467060416
BD+6312,deBurgos2024,O9Ib,4.503790683057181,3.956103824883461,3.45,43.0,59.0,0.8781523247138399,1.500605285595738,1.2435615517468572
BD+631962,deBurgos2024,B0.7IV,4.439332693830263,3.2582718679757887,3.89,25.0,6.0,0.6658659564146263,1.144719349775816,0.8504593633068349
BD+631964,deBurgos2024,B0Iab,4.423245873936808,4.223924588401969,2.86,100.0,61.0,0.9914947698168176,1.621817034982601,1.596591968363951
BD+6370,deBurgos2024,B0Ib,4.432969290874405,4.0428182561523585,3.08,66.0,62.0,0.985895215878428,1.4974585706575514,1.4302390259403344
BD+6389,deBurgos2024,B1Ib,4.4048337166199385,3.920275959134491,3.09,55.0,80.0,1.0007486888777417,1.383256559092826,1.364359032798974
BD+6476,deBurgos2024,B1Ib,4.367355921026019,3.8703647767588127,2.99,74.0,128.0,1.0009735041125998,1.3486874733786631,1.399205606933394
BD-124970,deBurgos2024,B0.5Ia,4.390935107103379,4.164681521068254,2.79,87.0,63.0,0.9968237238709554,1.5885792339584532,1.62087096924352
BD-134930,deBurgos2024,O9.7V,4.509202522331103,3.457751181979149,3.97,27.0,11.0,0.5162683012253587,1.2915452914666876,0.8770911410556925
BD-175190,deBurgos2024,B1Ia,4.389166084364533,3.907605430112868,3.04,39.0,57.0,1.00085099225662,1.3736069360955985,1.3842776107818129
CD-324967,deBurgos2024,B2.5Iab,4.247973266361806,4.192834158101963,2.19,49.0,35.0,1.0001194774982198,1.5834267177610415,1.9161957789442703
CD-573344,deBurgos2024,B1III,4.390935107103379,3.5046815210682545,3.45,52.0,23.0,0.9999960274430888,1.1630272468548666,1.074970331739794
CD-573348B,deBurgos2024,B2.5V,4.416640507338281,3.41750312200786,3.64,32.0,55.0,0.8489354384512774,1.192024560479613,0.9972962246930568
CPD-546791,deBurgos2024,O9.5V,4.528916700277655,3.5266078937653575,3.98,40.0,33.0,0.493871889119831,1.337161985302925,0.8959469415403746
CPD-573507,deBurgos2024,B0Iab,4.4281347940287885,4.263480268769891,2.84,75.0,63.0,0.9890565465035208,1.6435132569161643,1.6183813096369817
CPD-573517,deBurgos2024,B1V,4.382017042574868,3.46900926295421,3.45,12.0,179.0,0.9998122951903088,1.1420686704043224,1.0610142600066197
HD100943,deBurgos2024,B1Iab/b,4.193124598354461,4.083439486072582,2.08,42.0,44.0,1.000778828352588,1.47466673665324,1.9160240122531205
HD101545A,deBurgos2024,O9.2II,4.506505032404872,4.1969612222742265,3.22,71.0,57.0,0.8972431441385283,1.6655813901419267,1.4419829145353993
HD101545B,deBurgos2024,B0.5Iab,4.429752280002408,4.089950212664368,3.02,80.0,52.0,0.9947485710004954,1.5228054973815193,1.4697676914073292
HD102997,deBurgos2024,B5Ia,4.20682587603185,4.238244596782137,1.98,58.0,46.0,1.000131674666126,1.6202903121036962,2.0402009674282726
HD103338,deBurgos2024,B3Ib,4.243038048686294,3.683093287399915,2.68,37.0,34.0,1.0015505586693534,1.2239671701048689,1.4908709039238317
HD103779,deBurgos2024,B0/1II,4.421603926869831,4.057356800134061,3.02,76.0,49.0,0.9903957554790536,1.5027382681906087,1.460022978292227
HD106343,deBurgos2024,B1.5Ia,4.3560258571931225,4.035044521427228,2.78,65.0,50.0,1.0001611227556553,1.4556048405501876,1.5584103498769577
HD108002,deBurgos2024,B2Ia/ab,4.344392273685111,4.068510187395181,2.7,71.0,44.0,1.0002267375023426,1.474257836414837,1.6058434011194365
HD108639,deBurgos2024,B1III,4.444044795918076,3.9771202763270423,3.19,71.0,117.0,0.9862698259161012,1.4629060407980636,1.3557231385360446
HD10898,deBurgos2024,B2.5Ib,4.271841606536499,3.9183075188007312,2.56,50.0,40.0,1.001435271662132,1.3715277513333797,1.6240732475858586
HD109867,deBurgos2024,B0.5/1Iab,4.378397900948138,4.104532696447289,2.8,82.0,47.0,0.9998260772101352,1.5093555339053455,1.5747658463340677
HD111123,deBurgos2024,B1IV,4.4281347940287885,3.4734802687698916,3.63,51.0,37.0,0.8493405754978043,1.2245644842019847,1.019864552669157
HD111822,deBurgos2024,B0.5/1Ib,4.459392487759231,3.908511043691659,3.32,46.0,149.0,0.9790630188220402,1.41355024826204,1.265610411931836
HD111973,deBurgos2024,B5I,4.2455126678141495,3.862991763911335,2.51,63.0,31.0,1.001570653513054,1.330892033080798,1.6295060324280937
HD111990,deBurgos2024,B1.5I+,4.269512944217916,3.9289928695264016,2.54,51.0,39.0,1.001436079907258,1.3778554664795164,1.6378482353629262
HD112481,deBurgos2024,B2II/III,4.394451680826216,3.6287478159596014,3.34,44.0,19.0,0.9859398895562248,1.2508423047412798,1.1794890021415203
HD113904B,deBurgos2024,O9III,4.511883360978874,4.038474536570235,3.4,92.0,87.0,0.8769885564537298,1.553471200705198,1.291547030161483
HD115842,deBurgos2024,B0.5Ia/ab,4.3979400086720375,4.2927011273428874,2.69,73.0,66.0,1.005078087364743,1.548979456775836,1.649690722628633
HD116084,deBurgos2024,B2Ib,4.2878017299302265,4.072148012375643,2.47,51.0,49.0,1.0004554764986853,1.4739276683673128,1.7218204982459089
HD117024,deBurgos2024,B2Ib,4.342422680822207,3.750631815943564,3.01,48.0,58.0,1.001057209098397,1.2703427967219756,1.349764880759004
HD11744,deBurgos2024,B2III,4.247973266361806,3.2328341581019626,3.15,48.0,22.0,1.0008824169367516,1.0225965281566518,1.1581905252658753
HD117460,deBurgos2024,B0/1(III),4.307496037913213,3.560925244307587,3.06,36.0,98.0,1.000960322245039,1.1629287327062192,1.2700450038535924
HD118198,deBurgos2024,O9.7III,4.481442628502305,3.9767116066639567,3.34,68.0,36.0,0.974907482748398,1.459516766125301,1.278607265165386
HD119159,deBurgos2024,B1/2II,4.4031205211758175,3.773423177358008,3.23,53.0,146.0,0.992319135090262,1.3082734035359185,1.2457794327833371
HD119646,deBurgos2024,B1Ib/II,4.320146286111054,3.951526237098954,2.72,54.0,41.0,1.0009699832571026,1.3981677388692673,1.5592882271439277
HD120680,deBurgos2024,B2II,4.252853030979893,3.4523532165743105,2.95,38.0,150.0,1.0011795622854724,1.1154191681858006,1.3031940236069477
HD121228,deBurgos2024,B1Ib,4.371067862271736,3.94521254174168,2.93,69.0,69.0,1.000725990482473,1.3984005667426764,1.4555205331083054
HD122879,deBurgos2024,B0Ia,4.437750562820388,4.171943343936289,2.97,101.0,72.0,0.9841377415077476,1.599666690151028,1.5312034998270516
HD123008,deBurgos2024,ON9.2Iab,4.495544337546448,4.183118442840531,3.19,85.0,82.0,0.9083097603861215,1.654733444948825,1.451070523432986
HD12509,deBurgos2024,B1III,4.376576957056512,3.727248920880786,3.17,55.0,35.0,1.0007815607924764,1.2608097999215475,1.2663704369221058
HD125545,deBurgos2024,B1Iab/b,4.352182518111363,4.099671165100188,2.7,78.0,72.0,1.0000279437839572,1.498525052430021,1.6176167959992995
HD12567,deBurgos2024,B0.5III,4.413299764081252,3.844140148979745,3.2,65.0,162.0,0.995480256919152,1.3409546722287902,1.2766174506491574
HD12740,deBurgos2024,B1.5II,4.361727836017593,3.6978524367251095,3.14,85.0,66.0,1.0007705496929111,1.2437245123267513,1.2746568968771053
HD129056,deBurgos2024,B1.5III,4.365487984890899,3.352893032218335,3.5,27.0,10.0,0.9999132460880942,1.074093547379218,0.9951223463064934
HD13036,deBurgos2024,B0.2III,4.440909082065217,3.8945774209156063,3.26,79.0,51.0,0.9849132032502204,1.4007613626557305,1.2877100468729366
HD134959,deBurgos2024,B2Ia,4.27415784926368,4.237572489709455,2.25,49.0,46.0,1.000021867618582,1.6221901243046384,1.9084537247895013
HD13621,deBurgos2024,B1V,4.4281347940287885,3.6334802687698913,3.47,55.0,155.0,0.9664509050753776,1.2443011389358074,1.110854927168089
HD13659,deBurgos2024,B1Ib,4.385606273598312,3.893366187047986,3.04,55.0,32.0,1.0008775017860427,1.3667012020813198,1.383874401231534
HD13969,deBurgos2024,B0.7III,4.4031205211758175,3.713423177358007,3.29,81.0,36.0,0.9982953329712142,1.2717487427224563,1.2075235855203352
HD14014,deBurgos2024,B0.5V,4.419955748489758,3.4407640866137696,3.63,79.0,36.0,0.8500556903964137,1.2005434659649818,1.0039583402211487
HD14053,deBurgos2024,B0.7II,4.399673721481038,3.689635978578891,3.3,47.0,23.0,0.9832008801255944,1.284420200047144,1.212439762831412
HD141318,deBurgos2024,B2III,4.344392273685111,3.3985101873951815,3.37,45.0,33.0,0.9884487740191168,1.1195790782455073,1.082856199759176
HD14162,deBurgos2024,B0.5V,4.389166084364533,3.547605430112868,3.4,77.0,157.0,0.9799158351891516,1.2026700720799444,1.121602971329666
HD142758,deBurgos2024,B1Ia,4.334453751150931,3.99875609725846,2.73,62.0,54.0,1.000239922442255,1.427146394782067,1.5672542560842273
HD14520,deBurgos2024,B1.5II,4.361727836017593,3.5278524367251096,3.31,54.0,88.0,0.9981623805200588,1.16754085797786,1.139068888877244
HD145794,deBurgos2024,B2II/III,4.3692158574101425,3.397804522295307,3.47,12.0,164.0,0.9797535626699262,1.1140246092743895,1.034454016017771
HD14661,deBurgos2024,B1.5I,4.390935107103379,3.654681521068255,3.3,59.0,38.0,0.9898872447653966,1.2556165344848256,1.194742132197645
HD14818,deBurgos2024,B2Ia,4.307496037913213,4.100925244307588,2.52,64.0,45.0,1.0002401262118334,1.4944103341820578,1.704784474546734
HD148379,deBurgos2024,B2Iab,4.267171728403014,4.269628006266792,2.19,58.0,39.0,1.000038191332964,1.629680783459002,1.9321882004025408
HD148546,deBurgos2024,O9Iab,4.488550716500444,4.2651439586565125,3.08,107.0,117.0,0.9438616751359994,1.6009525017408186,1.4813217784228334
HD148688,deBurgos2024,B1Iaeqp,4.354108439147401,4.187374849244342,2.62,66.0,55.0,0.9998501165921287,1.586557819751573,1.703712540150991
HD14870,deBurgos2024,B1III,4.396199347095736,3.3557384810376827,3.62,74.0,123.0,0.866037524375223,1.1417862820447051,0.9746956822456592
HD148878,deBurgos2024,B1/2Ia,4.301029995663981,4.145061075310663,2.45,70.0,44.0,1.0001051823073694,1.5242708983943334,1.7529663103245288
HD149038,deBurgos2024,O9.7Iab,4.451786435524291,4.1980868347519,3.0,79.0,69.0,0.973424374516426,1.6214399320621733,1.5285401139037225
HD149363,deBurgos2024,B1/2Ib,4.4361626470407565,3.875591680817763,3.26,62.0,88.0,0.9922192988300736,1.3846953178413368,1.2813290618915332
HD149881,deBurgos2024,B0.5III,4.413299764081252,3.894140148979745,3.15,63.0,92.0,1.0006773594531129,1.3682429508168266,1.3276697825438992
HD150041,deBurgos2024,B1/2Ib,4.474216264076255,3.8978061489597584,3.39,60.0,30.0,0.9792774459374208,1.4050647448205074,1.2280243766893597
HD150168,deBurgos2024,B1Iab/Ib,4.3979400086720375,4.0427011273428874,2.94,86.0,114.0,0.999980320715923,1.4646669455618575,1.4868375263302611
HD150898,deBurgos2024,B0Ia/ab,4.437750562820388,4.121943343936289,3.02,73.0,99.0,0.988611941823304,1.556001021766428,1.4853573906380866
HD151018,deBurgos2024,O9Ib,4.4996870826184034,4.249689423128351,3.14,125.0,58.0,0.9163965641472978,1.6825114585500354,1.489908993282252
HD152003,deBurgos2024,O9.7IabNwk,4.460897842756548,4.2045324636809305,3.03,78.0,74.0,0.966171223658371,1.621881110304618,1.5048879065889351
HD152076,deBurgos2024,B0/1III,4.478566495593843,3.71520707503011,3.59,39.0,18.0,0.8532802754774432,1.3648989911532707,1.113229416514342
HD152147,deBurgos2024,O9.7IbNwk,4.457881896733992,4.212468679590707,3.01,100.0,73.0,0.9564433630078588,1.6394267197688412,1.5292318883524765
HD152234,deBurgos2024,B0.5Ia,4.416640507338281,4.247503122007861,2.81,88.0,54.0,0.9914747789018986,1.641997831918202,1.6381361984899818
HD152235,deBurgos2024,B0.5Ia,4.380211241711606,4.181786059501163,2.73,75.0,55.0,0.9995049711479989,1.5839052120256496,1.6461254320207537
HD152247,deBurgos2024,O9.2III,4.495544337546448,4.143118442840531,3.23,130.0,95.0,0.9047549490039996,1.6298705811741234,1.4175811478369766
HD152249,deBurgos2024,OC9Iab,4.509202522331103,4.267751181979149,3.16,89.0,76.0,0.9282637914840508,1.615174926511991,1.4478151397977654
HD152405,deBurgos2024,O9.7II,4.472756449317212,4.131966889923587,3.15,89.0,48.0,0.981545465905486,1.559114496148904,1.41882175793376
HD152685,deBurgos2024,B1.5III,4.359835482339888,3.420283022014291,3.41,34.0,14.0,0.9870753418115276,1.1349114701954368,1.0852126276913727
HD15325,deBurgos2024,B1IV,4.371067862271736,3.5752125417416805,3.3,71.0,89.0,0.9921915926442167,1.2049537814392128,1.1623452170270576
HD154090,deBurgos2024,B2Iab,4.3692158574101425,4.107804522295307,2.76,74.0,58.0,0.9998516171491064,1.5130197017210996,1.5985139949538445
HD154368,deBurgos2024,O9.5Iab,4.498310553789601,4.22418330781314,3.16,75.0,65.0,0.907437765979634,1.6727312231427198,1.4733076470608677
HD154385,deBurgos2024,B1Ib,4.414973347970818,3.7308344845380104,3.32,61.0,23.0,0.9817793511210552,1.3029200360188464,1.21066587381818
HD154643,deBurgos2024,O9.7III,4.47567118832443,3.9536258459524576,3.34,88.0,111.0,0.9762573275995016,1.4424881070945197,1.2694332411878586
HD154811,deBurgos2024,OC9.7Ib,4.44870631990508,4.2557663722750565,2.93,78.0,121.0,0.9809492154345384,1.6448947815124804,1.5810676849831506
HD155450,deBurgos2024,B1Ib,4.372912002970106,3.852589104535163,3.03,77.0,84.0,1.0009087747750598,1.3329766712293356,1.3673896251440605
HD15571,deBurgos2024,B1Ib,4.392696953259666,3.9617289056934006,3.0,60.0,49.0,1.000321318051605,1.4072525483530205,1.424767503711201
HD155756,deBurgos2024,O9Ibp,4.496929648073215,4.278659684947598,3.1,100.0,70.0,0.9556574354961608,1.5156758841007227,1.4280503720016997
HD155985,deBurgos2024,B0.5Ib,4.399673721481038,3.9996359785788904,2.99,69.0,41.0,0.9998847415129604,1.430866715856556,1.439178315191378
HD156134,deBurgos2024,B0Ib,4.453318340047038,4.154214452842889,3.05,86.0,67.0,0.9818015931090356,1.5938615815618682,1.4933240900819904
HD156212,deBurgos2024,B0Iab,4.456366033129043,4.226405225170907,2.99,73.0,80.0,0.9540115507367984,1.651775591119779,1.553467391512947
HD156779,deBurgos2024,B2II,4.2576785748691846,3.451655392131475,2.97,39.0,97.0,1.0011430341262963,1.115263013418827,1.292091536679382
HD15690,deBurgos2024,B2Iab-Ib,4.296665190261531,3.997601853700861,2.58,50.0,46.0,1.0003997803934608,1.4252575310150093,1.6441928058769368
HD157038,deBurgos2024,B3Iap,4.225309281725863,4.372178219558191,1.92,57.0,39.0,1.0823255728476342,0.8090223007240179,1.6627045601393775
HD15785,deBurgos2024,B1Iab,4.382017042574868,4.1190092629542105,2.8,72.0,59.0,0.9997642892558932,1.5228425543509232,1.5829647892312968
HD158243,deBurgos2024,B1Ib,4.326335860928752,4.016284536369744,2.68,77.0,49.0,1.0002466515145756,1.4363044062244243,1.594583088622735
HD158661,deBurgos2024,B0II,4.429752280002408,4.129950212664368,2.98,96.0,60.0,0.9906242779776476,1.5628489430416568,1.510857830406256
HD159090,deBurgos2024,B0.5Ia/ab,4.466867620354109,3.948411574071174,3.31,70.0,28.0,0.981520540592415,1.43804964950316,1.281740400153165
HD159864,deBurgos2024,B1Ib,4.4361626470407565,4.005591680817763,3.13,98.0,88.0,0.990252519079407,1.4746570763840716,1.3908169914467636
HD160430,deBurgos2024,B2II,4.357934847000454,3.5226804806565535,3.3,46.0,20.0,1.0005455582837264,1.1629715939886915,1.1461214718191834
HD160575,deBurgos2024,B1/2II,4.3692158574101425,3.747804522295307,3.12,51.0,29.0,1.0008610866283787,1.2688713692908709,1.293564476758975
HD161789,deBurgos2024,B2/3II,4.513217600067939,3.3038114929264952,4.14,20.0,28.0,0.2250538210437663,1.2542258561056134,0.7781195384918371
HD161961,deBurgos2024,B0/1Ib,4.421603926869831,3.947356800134061,3.13,59.0,38.0,0.9989188318273972,1.4018836474681475,1.3484452606648198
HD16243,deBurgos2024,B2II:,4.230448921378274,3.912736778167834,2.4,54.0,24.0,1.0016053117130133,1.366992846512881,1.7031384197194377
HD16310,deBurgos2024,B1II:,4.3747483460101035,4.009934476695151,2.88,58.0,57.0,1.0000314415872225,1.4323001870652317,1.4912520282056858
HD163522,deBurgos2024,B1Ia,4.383815365980431,4.066202556576462,2.86,83.0,57.0,1.0000470886038593,1.4734415180369076,1.5230777144423011
HD163613,deBurgos2024,B1I/II,4.38738982633873,4.080500398009656,2.86,78.0,71.0,0.9999795517550232,1.481100632768588,1.5255469355408038
HD164018,deBurgos2024,B1/2Ib,4.468347330412158,3.704330414303368,3.56,38.0,142.0,0.858770919365394,1.3348257952833176,1.1011745938664432
HD164019,deBurgos2024,O9.5IVp,4.491361693834273,4.0563878679918295,3.3,46.0,78.0,0.9784125363618827,1.5021556171966264,1.3142166532694484
HD164032,deBurgos2024,B1/2Ib,4.367355921026019,3.930364776758813,2.93,50.0,108.0,1.0009788902110128,1.384644389169383,1.4442460927151932
HD164188,deBurgos2024,B0.5V,4.424881636631067,3.4204676391790056,3.67,70.0,85.0,0.8307719358729945,1.2006586206235526,0.9870921297144256
HD164359,deBurgos2024,B1II,4.478566495593843,3.45520707503011,3.85,35.0,77.0,0.6839397229595338,1.251080350444668,0.9249667859100352
HD164402,deBurgos2024,B0Ib,4.460897842756548,4.00453246368093,3.23,86.0,54.0,0.9803047644437574,1.4794050757904065,1.3439052254314874
HD164637,deBurgos2024,B0Ib/II,4.465382851448418,3.902472498448411,3.35,72.0,35.0,0.98209228535422,1.405808900676898,1.244878499778999
HD164741,deBurgos2024,B1III,4.399673721481038,3.3796359785788908,3.61,32.0,20.0,0.8742625491008307,1.170176884953653,1.0041749166353795
HD164971,deBurgos2024,B0Ia,4.439332693830263,4.038271867975789,3.11,76.0,43.0,0.9793510176680722,1.501014318538806,1.4178382595758514
HD165016,deBurgos2024,B0V,4.481442628502305,3.4167116066639567,3.9,21.0,19.0,0.6210639714893555,1.2456802559698437,0.8915423407119917
HD165024,deBurgos2024,B2Ib,4.352182518111363,3.809671165100188,2.99,70.0,94.0,1.001020217316523,1.3079258135971306,1.380152323965789
HD165049,deBurgos2024,B2Ib/II,4.354108439147401,3.4273748492443423,3.38,40.0,17.0,0.9894373840861126,1.134782012181372,1.0957285494908853
HD165132,deBurgos2024,O9.7V,4.511883360978874,3.4184745365702356,4.02,20.0,127.0,0.4473470570765165,1.2784206157349345,0.8475923194104914
HD165319,deBurgos2024,O9.7Ib,4.457881896733992,4.282468679590707,2.94,91.0,92.0,0.9876474610080374,1.5394719129236594,1.5268507479776356
HD165516,deBurgos2024,B1/2Ib,4.413299764081252,3.964140148979745,3.08,67.0,47.0,1.0000569028336068,1.4135116616574457,1.3892490682613263
HD165812,deBurgos2024,B1/2II,4.399673721481038,3.2496359785788904,3.74,34.0,42.0,0.8012914244874669,1.11098699753738,0.9033081311311104
HD165892,deBurgos2024,B2II,4.334453751150931,3.33875609725846,3.39,42.0,74.0,0.9823944489172848,1.1017669674736768,1.0684243876636357
HD166286,deBurgos2024,B1II,4.426511261364575,3.6569861381130377,3.44,123.0,76.0,0.970796592567424,1.2573196549067542,1.131112524947985
HD166287,deBurgos2024,B1Ib,4.392696953259666,3.7017289056934,3.26,56.0,112.0,0.9918055131403402,1.2768839704651591,1.2225165714409385
HD166539,deBurgos2024,B1/2Ib,4.514547752660286,3.549132103295883,3.9,43.0,32.0,0.6046300041178213,1.333606643381582,0.9364754222827868
HD166540,deBurgos2024,B1Ib,4.447158031342219,3.749573218023615,3.43,64.0,27.0,1.0000046492471553,1.2829366397256603,1.145884274332776
HD166569,deBurgos2024,B1II,4.380211241711606,3.851786059501163,3.06,70.0,27.0,1.0008628517890212,1.3327194031818372,1.3548174186176838
HD166628,deBurgos2024,B3Ia/ab,4.222716471147583,4.0618069772450704,2.22,40.0,37.0,1.0007051864628405,1.4713555925313673,1.851709950606004
HD166689,deBurgos2024,B1Ib,4.3979400086720375,3.7327011273428874,3.25,57.0,36.0,1.0002526013629598,1.2699393340143432,1.2277450430327497
HD166787,deBurgos2024,B0.5Ia,4.4065401804339555,4.087101814390559,2.93,75.0,92.0,0.999767094544531,1.4965697421251567,1.5042507728511505
HD166803,deBurgos2024,B0.5IV,4.468347330412158,3.334330414303368,3.93,76.0,68.0,0.5920969561025976,1.2037031602042698,0.8539322821032526
HD166852,deBurgos2024,B0Ia/ab,4.505149978319906,3.9615410059343623,3.45,130.0,45.0,0.8769451683060598,1.5053220294759055,1.2477522950354756
HD166922,deBurgos2024,B2II,4.318063334962762,3.403194432505785,3.26,28.0,87.0,1.0006712352288152,1.1076437012181295,1.1461423623882672
HD166965,deBurgos2024,B1.5II-III,4.338456493604605,3.424767067073158,3.32,51.0,47.0,0.99469214247569,1.127547778349753,1.1140881825307796
HD167224,deBurgos2024,B3Ib/II,4.269512944217916,3.5389928695264015,2.93,46.0,153.0,1.001226225233344,1.151942712580034,1.3302379244587963
HD167287,deBurgos2024,B1Iab,4.421603926869831,3.927356800134061,3.15,85.0,41.0,0.9972660999780434,1.399366225210171,1.3376539630909012
HD167311,deBurgos2024,B0Ib,4.392696953259666,4.0017289056934,2.96,75.0,53.0,0.9999297642963028,1.4315017856084062,1.4543327919781954
HD167330,deBurgos2024,O9.5/B0Ia,4.491361693834273,4.116387867991829,3.24,68.0,101.0,0.9197576220000148,1.601390280292874,1.401905753711052
HD167336,deBurgos2024,B0II,4.429752280002408,4.139950212664368,2.97,94.0,80.0,0.9876546649906714,1.5786454712409133,1.5249129861065738
HD167411,deBurgos2024,O9.7II,4.445604203273597,4.183357905749126,2.99,65.0,127.0,0.9799458127164744,1.6079620187414183,1.5249184114110972
HD167451,deBurgos2024,B1Ib,4.414973347970818,3.9408344845380103,3.11,63.0,61.0,1.000514870996676,1.396495584402582,1.3629755298583552
HD167479,deBurgos2024,B2.5III,4.2878017299302265,3.232148012375643,3.31,65.0,30.0,0.9993449064997932,1.031728348930623,1.0786681022761035
HD167543,deBurgos2024,B1Ib/II,4.418301291319746,3.5341462579337204,3.53,42.0,34.0,0.8913014784091017,1.234729185841024,1.0713682495028989
HD16779,deBurgos2024,B1.5IbN-weak,4.3560258571931225,3.9650445214272274,2.85,80.0,41.0,1.000428419786193,1.4101399165637218,1.5025697177187751
HD168021,deBurgos2024,B0Ia,4.4361626470407565,4.115591680817763,3.02,95.0,45.0,0.99270057007657,1.5456691719361688,1.4799508473585834
HD16808,deBurgos2024,B0.2Ib,4.419955748489758,4.110764086613769,2.96,73.0,78.0,0.99698889333371,1.5305667303608472,1.5034711495552986
HD168080,deBurgos2024,B1Ib/II,4.357934847000454,3.7626804806565537,3.06,67.0,145.0,1.0009522375029265,1.276126645620815,1.3276515564970035
HD168183,deBurgos2024,O9.5III,4.494154594018442,3.787559468728507,3.58,64.0,126.0,0.8469675117363625,1.3959489905906932,1.123719215353713
HD16832,deBurgos2024,O9.2III,4.489958479424835,4.030775010354076,3.32,60.0,57.0,0.9603058072892132,1.5076866426737094,1.314398388376501
HD168489,deBurgos2024,B1Ib,4.437750562820388,3.801943343936289,3.34,61.0,28.0,0.983639026699119,1.3351283981819135,1.2097510747653364
HD168552,deBurgos2024,B2/3Ib/II,4.324282455297693,3.548070913845509,3.14,47.0,32.0,1.000807500567427,1.1629451840725291,1.2306961320159828
HD168571,deBurgos2024,B1Iab/b,4.363611979892144,3.905389012223313,2.94,33.0,124.0,1.0010051210039077,1.3711613824114226,1.434367631567664
HD168750,deBurgos2024,B1Ib,4.408239965311849,3.7639009539021338,3.26,50.0,33.0,0.9891752117977692,1.320767798877015,1.2454822990200274
HD168917,deBurgos2024,B0/0.5II/III,4.510545010206612,3.4331211334811855,4.0,3.0,67.0,0.4791302448257676,1.2835618445885866,0.8601344551623537
HD168941,deBurgos2024,O9.5IVp,4.480006942957151,4.090968864483341,3.22,91.0,107.0,0.987221597150046,1.524798147601783,1.3744982008288131
HD168987,deBurgos2024,B1Ia/ab,4.311753861055754,3.9879565368777543,2.65,63.0,48.0,1.000350845481582,1.4218074010769988,1.608772531970475
HD169034,deBurgos2024,B2Ia,4.201397124320452,4.316529589936544,1.88,41.0,39.0,1.0476842884802986,1.2017254614646462,1.8886398797354915
HD169227,deBurgos2024,B1.5Ia,4.336459733848529,4.086780028048854,2.65,65.0,50.0,1.000223602171493,1.4801411481522162,1.6283876042679408
HD169673,deBurgos2024,B1Ib,4.424881636631067,3.7004676391790055,3.39,64.0,46.0,0.9997793182120144,1.264717007121242,1.1529145207540932
HD169754,deBurgos2024,B0.5Ia,4.423245873936808,4.123924588401969,2.96,59.0,56.0,0.9936505148087308,1.5524915981881242,1.516126173590183
HD170604,deBurgos2024,B1Ib,4.4281347940287885,3.6734802687698913,3.43,54.0,25.0,0.999994655550938,1.2398750376152388,1.1234823454249216
HD170938,deBurgos2024,B1Ia,4.367355921026019,4.1103647767588125,2.75,75.0,57.0,0.999843337619528,1.5160540191622185,1.606697389676895
HD171012,deBurgos2024,B0.2Ia,4.413299764081252,4.234140148979745,2.81,104.0,66.0,0.9934499882324096,1.6313028003125938,1.629577643633033
HD171201,deBurgos2024,B0Ia,4.495544337546448,4.193118442840531,3.18,73.0,116.0,0.90873881245999,1.6603170943213088,1.4594807887087589
HD171432,deBurgos2024,B0.5Ib,4.399673721481038,3.959635978578891,3.03,70.0,41.0,1.0003381702769878,1.40506710463973,1.4055568649267214
HD171876,deBurgos2024,B2II,4.271841606536499,3.2683075188007313,3.21,80.0,46.0,1.0007580708949626,1.0393389377546915,1.132848727172147
HD172488,deBurgos2024,B0Iab/b,4.3692158574101425,3.827804522295307,3.04,59.0,106.0,1.0009221395393322,1.3211544582877983,1.362072411786059
HD172510,deBurgos2024,B2Ib,4.3404441148401185,3.3627175520152113,3.39,34.0,23.0,0.9892865432637744,1.1031804426807676,1.0723452334970325
HD173438,deBurgos2024,B0/1Iab,4.409933123331294,4.130673585979914,2.9,98.0,47.0,0.9990070297102616,1.5331284840581272,1.5308664622289898
HD173502,deBurgos2024,B0.5III,4.424881636631067,3.4504676391790055,3.64,22.0,131.0,0.8400289049544826,1.2006032634387374,0.9950227616523692
HD173987,deBurgos2024,B0.5Ia,4.418301291319746,4.16414625793372,2.9,65.0,74.0,0.9861376600068956,1.5963629241390138,1.5640485589636113
HD177812,deBurgos2024,B1/2Ib,4.359835482339888,3.990283022014291,2.84,73.0,47.0,1.0001340164417878,1.4237953914182877,1.5114170536593858
HD178129,deBurgos2024,B3Ia,4.214843848047698,3.9503164848455294,2.3,45.0,37.0,1.0016179785961936,1.3858375935677063,1.7583931121112284
HD178597,deBurgos2024,B3III,4.330413773349191,3.1425961860515015,3.57,15.0,4.0,0.9736327472665032,1.004773954861854,0.9402084033027346
HD18076,deBurgos2024,B0II-III,4.453318340047038,3.9442144528428895,3.26,121.0,82.0,0.9847291722558223,1.4412064339943031,1.311499129542141
HD181653,deBurgos2024,B1II-III,4.376576957056512,3.5872489208807865,3.31,45.0,67.0,0.9886211493531,1.2154509282870545,1.1645106770463256
HD18352,deBurgos2024,B1V,4.394451680826216,3.3787478159596014,3.59,51.0,51.0,0.8820411885515336,1.1506925524974687,0.9962775279225424
HD183561,deBurgos2024,B2III,4.328379603438738,3.1844595064096897,3.52,24.0,9.0,0.959103377705834,1.019626988922604,0.9590719112725644
HD185780,deBurgos2024,B0III,4.45484486000851,3.800320532688778,3.41,70.0,87.0,1.0000057897869257,1.3241417049765674,1.1781622757616723
HD185859,deBurgos2024,B3I+,4.431363764158987,4.056396149290685,3.06,80.0,49.0,0.9888513243813952,1.5013845054116222,1.4410691076960152
HD186618,deBurgos2024,B0V,4.445604203273597,3.633357905749127,3.54,11.0,139.0,0.8765993020661901,1.2922032427272387,1.0929308670179845
HD186841,deBurgos2024,B1Ia,4.414973347970818,4.10083448453801,2.95,90.0,55.0,0.9977023397833727,1.514903889472638,1.4983539609151886
HD186994,deBurgos2024,B0III,4.466867620354109,3.738411574071174,3.52,73.0,144.0,0.884068771511257,1.364087127503077,1.1459596833580723
HD189779,deBurgos2024,B2III,4.318063334962762,3.2931944325057847,3.37,51.0,66.0,0.9917554509631108,1.0687725300738908,1.0563394646218456
HD190066,deBurgos2024,B0.7Ib,4.394451680826216,4.098747815959601,2.87,84.0,60.0,0.9997681966531669,1.5076715691149898,1.5416930085261693
HD190336,deBurgos2024,B0.7II-III,4.4031205211758175,3.5234231773580076,3.48,30.0,73.0,0.9882720331494488,1.1719910688713575,1.0652589578102745
HD190427,deBurgos2024,B0III,4.489958479424835,3.900775010354076,3.45,59.0,25.0,0.9168086810031856,1.4437535070807568,1.2202176691517113
HD190429B,deBurgos2024,O9.5II-III,4.491361693834273,4.066387867991829,3.29,130.0,112.0,0.9715047043382564,1.5126660411310555,1.3212458125820643
HD190991,deBurgos2024,B0IVp,4.506505032404872,4.026961222274227,3.39,52.0,47.0,0.9099539465558192,1.5263286957127118,1.2878375605248038
HD191396,deBurgos2024,B0.5II,4.4361626470407565,3.9555916808177622,3.18,62.0,33.0,0.9904330825905464,1.4435993002038154,1.3497124476823932
HD191456,deBurgos2024,B0.5III,4.423245873936808,3.773924588401969,3.31,57.0,40.0,0.990580832355452,1.3327415600253534,1.232044530145449
HD191611,deBurgos2024,B0.5III,4.426511261364575,4.066986138113037,3.03,80.0,56.0,0.9899368924933138,1.5097135094098943,1.4588769057643118
HD191781,deBurgos2024,ON9.7Iab,4.477121254719663,3.9694261115333873,3.33,96.0,74.0,0.9775495721315222,1.4545716018863115,1.281196149967064
HD192039,deBurgos2024,B0IV,4.502427119984433,3.5406495725924696,3.86,38.0,16.0,0.6585045811942051,1.2952611418043922,0.9388280498736048
HD192079,deBurgos2024,B0.5IV,4.471291711058939,3.646107936890493,3.63,42.0,45.0,0.8341895701759917,1.3311715340165915,1.0751074299543275
HD192444,deBurgos2024,B1III,4.354108439147401,3.8773748492443416,2.93,71.0,44.0,1.0010570868227864,1.3530881485431845,1.4321872667791349
HD192539,deBurgos2024,B2III,4.350248018334163,3.4219331659913896,3.37,46.0,32.0,0.9869960493332738,1.1349421858968127,1.0979721923266854
HD192660,deBurgos2024,B0Ib,4.431363764158987,4.186396149290685,2.93,114.0,56.0,0.9870085346919132,1.610218147993297,1.5635068563843062
HD192832,deBurgos2024,B5Ia,4.212187604403958,3.9196915102705696,2.32,27.0,36.0,1.0016636013039897,1.370026135963082,1.74329541836424
HD193007,deBurgos2024,B0.5II,4.432969290874405,3.8828182561523583,3.24,70.0,61.0,0.9911046603230336,1.3860018292480043,1.2902365192405456
HD193032,deBurgos2024,B0III,4.456366033129043,3.846405225170907,3.37,70.0,44.0,0.9999231176885603,1.3613355797153277,1.215314708184536
HD193076,deBurgos2024,B0.7II,4.401400540781544,3.986543255780912,3.01,70.0,60.0,0.9998851054107512,1.4255147663287815,1.4302634772760796
HD193117,deBurgos2024,O9.5II,4.502427119984433,4.08064957259247,3.32,17.0,124.0,0.91355837481153,1.5762788897981606,1.3499379047216211
HD193444,deBurgos2024,B0.5V,4.442479769064448,3.79086016891253,3.37,79.0,32.0,0.9871969442910298,1.3315981090680613,1.199145985657393
HD194057,deBurgos2024,B1Ib,4.41161970596323,3.9574199165076576,3.08,81.0,57.0,1.0002747831821934,1.4046331811966035,1.383103552416303
HD194153,deBurgos2024,B1Iab,4.396199347095736,4.035738481037683,2.94,74.0,71.0,0.9999841683469424,1.45918498449611,1.483181474666445
HD194303,deBurgos2024,B3II,4.328379603438738,3.44445950640969,3.26,55.0,40.0,1.00064005139571,1.1251464475226087,1.1489155376988354
HD194779,deBurgos2024,B3II,4.326335860928752,3.446284536369744,3.25,13.0,120.0,1.000668319565584,1.1250807601328994,1.1581426466082732
HD195229,deBurgos2024,B0.2III,4.444044795918076,3.7271202763270423,3.44,54.0,32.0,1.000018716790925,1.2761348840202478,1.1419607001983396
HD195592,deBurgos2024,O9.7Ia,4.432969290874405,4.252818256152358,2.87,50.0,60.0,0.9874438732658868,1.64418203658008,1.609749057309504
HD198479,deBurgos2024,B1III,4.4281347940287885,3.5534802687698916,3.55,7.0,54.0,0.878019188608569,1.2492078152341,1.0683448695754678
HD200857,deBurgos2024,B3IIIv,4.264817823009537,3.630212384692885,2.82,35.0,155.0,1.0014161064598313,1.198574626119534,1.4081856867848586
HD201638,deBurgos2024,B0.5V,4.444044795918076,3.4371202763270423,3.73,49.0,69.0,0.7893349654184479,1.2228445063660172,0.9695978425984284
HD203938,deBurgos2024,B0.5IV,4.431363764158987,3.476396149290685,3.64,77.0,135.0,0.8428256895620347,1.225928702752113,1.0148037085133916
HD20508,deBurgos2024,B1.5IV,4.365487984890899,3.282893032218335,3.57,44.0,108.0,0.9192126235403396,1.1024798589590463,0.9924643521762192
HD205196,deBurgos2024,B0Ib,4.432969290874405,4.152818256152359,2.97,96.0,51.0,0.9851857204623712,1.5915613123933208,1.530537877095029
HD205794,deBurgos2024,B0.5V,4.444044795918076,3.257120276327042,3.91,23.0,9.0,0.6277933197614016,1.1578368825556444,0.841044811749267
HD206259,deBurgos2024,B3III,4.201397124320452,3.3065295899365443,2.89,64.0,176.0,1.0012379311083262,1.0502427235046723,1.297734586908034
HD209678,deBurgos2024,B2I,4.307496037913213,3.870925244307587,2.75,61.0,30.0,1.001288332093036,1.3423699172604244,1.5151511965403786
HD210386,deBurgos2024,B1.5II-III,4.378397900948138,3.504532696447289,3.4,39.0,15.0,0.9861303335407924,1.1729765840931576,1.10273766117839
HD213481,deBurgos2024,B1.5II-III,4.354108439147401,3.4273748492443423,3.38,42.0,32.0,0.9894373840861126,1.134782012181372,1.0957285494908853
HD214080,deBurgos2024,B1/2Ib,4.354108439147401,3.8273748492443422,2.98,70.0,114.0,1.0010240566699606,1.3209420074280986,1.393018737726237
HD214993,deBurgos2024,B1.5III,4.382017042574868,3.3390092629542103,3.58,44.0,25.0,0.9110389986749524,1.13163561966115,1.003149515298171
HD215733,deBurgos2024,B1II,4.38738982633873,3.980500398009656,2.96,83.0,73.0,0.9999876901671224,1.4235310574160884,1.4570186580599978
HD215806,deBurgos2024,B0Ib,4.510545010206612,4.1231211334811855,3.31,40.0,94.0,0.8854248674826233,1.6244473317484311,1.3742669283427364
HD216438,deBurgos2024,B1II,4.3747483460101035,3.7099344766951514,3.18,45.0,21.0,1.0007409580592257,1.252617931177708,1.2593590356822029
HD217490,deBurgos2024,B0II,4.437750562820388,4.121943343936289,3.02,94.0,45.0,0.988611941823304,1.556001021766428,1.4853573906380866
HD218941,deBurgos2024,B1Ib,4.3692158574101425,3.8078045222953074,3.06,53.0,61.0,1.0008948113826328,1.3047205520502907,1.341478483388283
HD219287,deBurgos2024,B0.5Ia,4.431363764158987,4.2463961492906845,2.87,72.0,91.0,0.9885953283437764,1.6408285405680882,1.6101439039478989
HD222568,deBurgos2024,B1IV,4.3692158574101425,3.4178045222953073,3.45,39.0,18.0,0.9987745640440708,1.127535092074262,1.0636308599832562
HD224257,deBurgos2024,B0.2IV,4.465382851448418,3.532472498448411,3.72,40.0,25.0,0.7809891474066983,1.2725993414042345,0.9957351230910048
HD224424,deBurgos2024,B1Iab,4.346352974450639,4.086352990457293,2.69,64.0,54.0,1.000182442239918,1.4801977118845189,1.6084647295099808
HD225146,deBurgos2024,O9.7Iab,4.437750562820388,4.1919433439362885,2.95,94.0,86.0,0.9834830336984368,1.6181065549303215,1.5576390487527776
HD22586,deBurgos2024,B1/2III,4.348304863048161,3.63416054484738,3.15,57.0,91.0,1.0007792937410125,1.209105411970021,1.2515723736048237
HD227634,deBurgos2024,B0.2II,4.44870631990508,3.9957663722750567,3.19,69.0,105.0,0.9863457528026024,1.46998200874507,1.3589038249670702
HD227704,deBurgos2024,B0III,4.494154594018442,4.027559468728507,3.34,63.0,119.0,0.9699975864425048,1.494056484666861,1.2948242076286611
HD228053,deBurgos2024,B1II,4.408239965311849,3.9039009539021334,3.12,78.0,52.0,1.0007160377572015,1.3733328751775224,1.3437402751452323
HD228712,deBurgos2024,B0.5Ia,4.401400540781544,4.256543255780912,2.74,72.0,63.0,0.9931753455570136,1.6430339223499046,1.6682212551503186
HD229033,deBurgos2024,B0II-III,4.460897842756548,4.06453246368093,3.17,17.0,170.0,0.9871669899806998,1.5073565561997273,1.388155645711956
HD229159,deBurgos2024,B1.5Ib,4.361727836017593,3.9678524367251096,2.87,66.0,44.0,1.0003588562766257,1.4113602505309846,1.4912128880137026
HD229234,deBurgos2024,O9III,4.505149978319906,4.101541005934362,3.31,62.0,107.0,0.8930821482762789,1.6058086423137077,1.366475939936591
HD232522,deBurgos2024,B1II,4.413299764081252,3.5641401489797446,3.48,29.0,110.0,0.9644151685180872,1.2133943587473714,1.0915957561889331
HD232590,deBurgos2024,B1.5III,4.352182518111363,3.5396711651001884,3.26,45.0,116.0,1.0005937207583706,1.1629669847030562,1.1633508046010743
HD235783,deBurgos2024,B1Ib,4.359835482339888,3.970283022014291,2.86,72.0,84.0,1.000305568774056,1.413424487355011,1.4992176622240547
HD236695,deBurgos2024,B1.5II,4.338456493604605,3.4547670670731576,3.29,32.0,38.0,0.9972792050148352,1.134226347624856,1.1313038709584282
HD236740,deBurgos2024,B2Ib,4.269512944217916,3.8289928695264015,2.64,45.0,31.0,1.0014593390376632,1.3147976005760216,1.5586303080156652
HD236810,deBurgos2024,B2III,4.292256071356476,3.539965378080643,3.02,37.0,80.0,1.0010985723932542,1.1629138064223017,1.3024521114911465
HD236815,deBurgos2024,B0.5III,4.416640507338281,3.8975031220078606,3.16,64.0,37.0,0.9998289661118144,1.3728626943590672,1.3230831013868658
HD236954,deBurgos2024,B3Ib-II,4.292256071356476,3.579965378080643,2.98,61.0,143.0,1.0010990212159627,1.1629137580527389,1.3025555573674066
HD239967,deBurgos2024,B3II,4.315970345456917,3.504822474482407,3.15,110.0,90.0,1.00082916499474,1.149525373511687,1.225994925967381
HD240256,deBurgos2024,B3Ib,4.232996110392154,3.662925534223353,2.66,47.0,26.0,1.0016190344874756,1.2149716871085232,1.4980287496160474
HD2451,deBurgos2024,B0.5IV,4.466867620354109,3.698411574071174,3.56,63.0,88.0,0.8572717930237655,1.3307091600117824,1.0971948157626576
HD25090,deBurgos2024,B0.5III,4.41161970596323,3.557419916507657,3.48,48.0,25.0,0.9636789597756308,1.214392149284889,1.093942966606393
HD251847,deBurgos2024,B1IV,4.44870631990508,3.3957663722750566,3.79,31.0,19.0,0.7395306476583627,1.2012002906891692,0.9232642710534416
HD255134,deBurgos2024,B1IVp,4.4361626470407565,3.405591680817763,3.73,29.0,17.0,0.7890019304279088,1.2009086820334762,0.955021141545904
HD2619,deBurgos2024,B0.5III,4.457881896733992,3.562468679590707,3.66,45.0,16.0,0.817776492306216,1.2721613309997333,1.0234654926725264
HD27795,deBurgos2024,B1V,4.352182518111363,3.349671165100188,3.45,28.0,8.0,0.98332045278631,1.1034427925735129,1.0516938226567578
HD29138,deBurgos2024,B1.5III,4.378397900948138,3.9545326964472887,2.95,56.0,97.0,1.0005208876927327,1.4035715087760914,1.4472028462895907
HD292164,deBurgos2024,B1.5III,4.363611979892144,3.425389012223313,3.42,35.0,10.0,0.9977428557032372,1.1342204595233647,1.0815844718051268
HD305523,deBurgos2024,O9II-III,4.532754378992498,4.031958608624727,3.49,55.0,69.0,0.8432285964981373,1.5678652134613935,1.2549401604966792
HD305619,deBurgos2024,O9.7II,4.510545010206612,4.2031211334811855,3.23,110.0,43.0,0.8934807916415626,1.6686924426450789,1.438519571885417
HD306097,deBurgos2024,O9V,4.52244423350632,4.090718026680018,3.39,8.0,123.0,0.8689973765503686,1.6101480618081994,1.330144971989186
HD331759,deBurgos2024,B1Ib,4.444044795918076,3.8071202763270424,3.36,58.0,82.0,0.999860191460975,1.3264060665231814,1.194887715446318
HD33203B,deBurgos2024,B2II,4.344392273685111,3.4585101873951816,3.31,15.0,114.0,0.9959000685751144,1.134325648618706,1.1181538137049492
HD332407,deBurgos2024,B1Ibp,4.418301291319746,4.02414625793372,3.04,35.0,160.0,0.993699159973796,1.4768636813174856,1.4390845653693818
HD344776,deBurgos2024,B0.5Ib,4.447158031342219,3.659573218023615,3.52,77.0,50.0,0.8828923883632448,1.3038821228126647,1.1075856258635697
HD35653,deBurgos2024,B0.5V,4.378397900948138,3.864532696447289,3.04,60.0,39.0,1.0008871884184285,1.3436965783606345,1.3689451194149267
HD36212,deBurgos2024,B3II,4.278753600952829,3.6359554964660528,2.87,44.0,17.0,1.001335695890815,1.2022285316580406,1.385127608449762
HD37032,deBurgos2024,B0.5V,4.489958479424835,3.5007750103540753,3.85,15.0,94.0,0.6806808393439457,1.2776624796018452,0.9385365842257846
HD38131,deBurgos2024,B0.5V,4.423245873936808,3.663924588401969,3.42,43.0,94.0,0.9852918861809004,1.2490650087198043,1.1334844473570047
HD41398,deBurgos2024,B2Ib,4.342422680822207,4.160631815943564,2.6,67.0,49.0,0.9999059162473768,1.5404219977362708,1.6826812694988518
HD41690,deBurgos2024,B1V,4.3747483460101035,3.5799344766951515,3.31,60.0,47.0,0.9881969113364264,1.2125832706093094,1.1625030846264457
HD42379,deBurgos2024,B1II,4.390935107103379,3.8746815210682546,3.08,55.0,50.0,1.0008182625427684,1.3531154512389816,1.3556016526924537
HD42877,deBurgos2024,B1/2II,4.525044807036846,3.5611203208021194,3.93,53.0,168.0,0.5550524566018799,1.3362467074690818,0.917544814515292
HD43753,deBurgos2024,B0.5III,4.409933123331294,4.070673585979914,2.96,84.0,74.0,0.9975650727738082,1.4884926524375242,1.4799402135720452
HD43837,deBurgos2024,B2Ibp?,4.334453751150931,4.05875609725846,2.67,67.0,29.0,1.0002918179593003,1.4711344998269027,1.6242682114474756
HD44597,deBurgos2024,O9V,4.518513939877887,3.6749968521662857,3.79,37.0,10.0,0.7111876042170153,1.3686059634537802,1.0076168999383472
HD44965,deBurgos2024,B3II,4.2405492482825995,3.593138085785135,2.76,54.0,86.0,1.0015437982386206,1.1898411081093394,1.4456207732536746
HD4613,deBurgos2024,B1II,4.372912002970106,3.9125891045351624,2.97,59.0,27.0,1.0009513977785782,1.3750127268087284,1.4201110004955757
HD4694,deBurgos2024,B3Ia,4.217483944213907,3.980876869510364,2.28,52.0,24.0,1.000957252440241,1.410473536938034,1.7859819482524657
HD47382,deBurgos2024,B6Ib,4.460897842756548,3.9545324636809305,3.28,68.0,39.0,0.9786680334737607,1.4467377508118673,1.301305158084707
HD52089,deBurgos2024,B1.5II,4.376576957056512,3.6072489208807865,3.29,44.0,26.0,0.9939651685038704,1.2233819537668913,1.182162408186319
HD52382,deBurgos2024,B0.5Ia,4.372912002970106,4.162589104535162,2.72,84.0,47.0,0.9998012518227796,1.5519775428256035,1.6309325282686693
HD53367,deBurgos2024,B0IV/Ve,4.459392487759231,3.718511043691659,3.51,48.0,24.0,0.8837477180926978,1.3395506225630265,1.1309192696273846
HD53456,deBurgos2024,B0IV,4.478566495593843,3.45520707503011,3.85,25.0,12.0,0.6839397229595338,1.251080350444668,0.9249667859100352
HD53667,deBurgos2024,B0/1Ib,4.4031205211758175,3.903423177358007,3.1,80.0,109.0,1.0007567516156075,1.3726121477787263,1.3546352588265782
HD53754,deBurgos2024,B0/1Ib,4.380211241711606,3.921786059501162,2.99,73.0,80.0,1.0009054730131062,1.3824970490659851,1.4141703727239474
HD53974,deBurgos2024,B0IIIn,4.409933123331294,4.0806735859799135,2.95,87.0,128.0,0.9977521837846652,1.4940348613830146,1.4865510867975822
HD54911,deBurgos2024,B1III,4.365487984890899,3.482893032218335,3.37,50.0,108.0,0.9967719073066428,1.1633210616313046,1.1199653820165485
HD5551,deBurgos2024,B1.5Iab,4.324282455297693,4.018070913845509,2.67,52.0,57.0,1.0002568598878383,1.435296112579607,1.5969861267264691
HD57258,deBurgos2024,B3II,4.2405492482825995,3.4031380857851348,2.95,23.0,31.0,1.0011601365970353,1.0941421515038985,1.2909265726987378
HD58510,deBurgos2024,B1Ia,4.372912002970106,3.9525891045351624,2.93,87.0,41.0,1.0005315824346923,1.4041502425418977,1.4588637406512852
HD59864,deBurgos2024,B1/2Ib/II,4.394451680826216,3.2987478159596013,3.67,23.0,10.0,0.8469562313935171,1.1289595963328318,0.9493595100735872
HD59882,deBurgos2024,B1V,4.416640507338281,3.307503122007861,3.75,9.0,8.0,0.7812848884303255,1.144361635479172,0.9131952159275266
HD60369,deBurgos2024,B7Ib,4.519827993775719,3.910253067757613,3.56,46.0,78.0,0.8425399677757648,1.4856716796121974,1.1824608957505112
HD60479,deBurgos2024,O9.5Ib,4.487138375477186,4.089494594563481,3.25,47.0,63.0,0.956174609097332,1.5524029668842172,1.3795677213659665
HD6182,deBurgos2024,B1Ibp,4.401400540781544,3.916543255780912,3.08,68.0,38.0,1.0007703913020314,1.381588083219969,1.3690255873718638
HD62844,deBurgos2024,B2Ia,4.278753600952829,4.145955496466053,2.36,62.0,42.0,1.0001739469512034,1.52544748315374,1.7995122846961606
HD63922,deBurgos2024,B0III,4.481442628502305,3.676711606663957,3.64,45.0,24.0,0.8148681205961916,1.3315597316985728,1.0584324934285507
HD64993,deBurgos2024,B1Ib/II,4.385606273598312,3.9933661870479855,2.94,62.0,44.0,0.9999886736713351,1.4267141389312918,1.4638096618025438
HD66665,deBurgos2024,B1V,4.444044795918076,3.3371202763270422,3.83,10.0,7.0,0.7147842477604845,1.1739771745424288,0.8927251763063938
HD68450,deBurgos2024,O9.7II,4.474216264076255,4.077806148959758,3.21,75.0,45.0,0.9918555011837474,1.5143442005239254,1.3729372601089505
HD70839,deBurgos2024,B2III,4.346352974450639,3.376352990457293,3.4,26.0,166.0,0.9966116880913942,1.1027938228992389,1.0662161942349808
HD7103,deBurgos2024,B3Ib,4.225309281725863,3.87217821955819,2.42,26.0,35.0,1.0016547420263893,1.3358302970156364,1.6768848229510458
HD71304,deBurgos2024,O9II,4.532754378992498,4.191958608624727,3.33,92.0,73.0,0.8648016986208659,1.6739955215941469,1.3881041878751792
HD71771,deBurgos2024,B2II,4.332438459915605,3.270694932317157,3.45,22.0,44.0,0.9729323630961872,1.06948960740898,1.0310253156621152
HD74575,deBurgos2024,B1.5III,4.3692158574101425,3.3578045222953077,3.51,36.0,18.0,0.9893858206033256,1.082106730247875,0.9976655613601972
HD75149,deBurgos2024,B5Iab,4.243038048686294,4.073093287399915,2.29,54.0,34.0,1.0006263778373257,1.472245497176795,1.811212088586133
HD75222,deBurgos2024,O9.7Iab,4.44870631990508,4.225766372275056,2.96,113.0,77.0,0.9783869447146782,1.63003517662429,1.5573377461165936
HD76341,deBurgos2024,O9.2IV,4.502427119984433,3.9806495725924695,3.42,53.0,72.0,0.8996582218594076,1.506657437013747,1.2662658764849646
HD76968,deBurgos2024,O9.2Ib,4.491361693834273,4.2663878679918295,3.09,118.0,54.0,0.943958471187698,1.5992135244251338,1.476779731119594
HD79186,deBurgos2024,B5Ia,4.209515014542631,4.1690011508252605,2.06,63.0,28.0,1.0002923772391992,1.5440693167457316,1.956673894970886
HD8965,deBurgos2024,B0.5V,4.447158031342219,3.369573218023615,3.81,15.0,123.0,0.7262085739585227,1.2012772083001078,0.9156072128539549
HD89767,deBurgos2024,B0.5/1Iab,4.409933123331294,4.140673585979914,2.89,84.0,56.0,0.9957450693247638,1.55182548010974,1.5444323428033209
HD91452,deBurgos2024,B0III,4.434568904034199,4.2092167087915335,2.92,81.0,79.0,0.9875557188011094,1.6212914208049434,1.5720218396540837
HD91943,deBurgos2024,B0.7Ib,4.426511261364575,4.266986138113037,2.83,80.0,61.0,0.9881431372168312,1.6447496254745753,1.622348546703316
HD91969,deBurgos2024,B0I+,4.432969290874405,4.252818256152358,2.87,76.0,69.0,0.9874438732658868,1.64418203658008,1.609749057309504
HD92007,deBurgos2024,B1III,4.383815365980431,3.4262025565764613,3.5,27.0,87.0,0.9650416318624256,1.1332287264240373,1.031818276354166
HD92712,deBurgos2024,B2/3II/III,4.424881636631067,3.9404676391790057,3.15,72.0,42.0,0.9954340769072874,1.4080348152744846,1.3347864744458224
HD92850,deBurgos2024,B0Ia,4.451786435524291,4.1080868347519,3.09,88.0,36.0,0.9912131423779684,1.5442271212711782,1.4464485596957144
HD92964,deBurgos2024,B2.5Ia,4.271841606536499,4.268307518800731,2.21,46.0,45.0,1.0000293190294465,1.6297401265310405,1.921798577835236
HD93027,deBurgos2024,O9.5IV,4.523746466811565,3.5359269599009955,3.95,51.0,55.0,0.5318981177877263,1.336600152441371,0.9090820367343264
HD93840,deBurgos2024,B1/2Iab/b,4.359835482339888,4.050283022014291,2.78,73.0,75.0,1.0001781496858844,1.46890510736721,1.5685861464824613
HD94493,deBurgos2024,B0.5Iab/b,4.401400540781544,4.076543255780912,2.92,66.0,101.0,0.9999049181556692,1.4809407719257512,1.4984747296446783
HD95880,deBurgos2024,B3Ib/II,4.181843587944773,4.008315444433828,2.11,50.0,27.0,1.0007989681519371,1.4253911585306285,1.8782333393826829
HD96248,deBurgos2024,B1Iab,4.344392273685111,4.098510187395181,2.67,65.0,59.0,1.000098980163127,1.4935795036293185,1.6259191228318677
HD96622,deBurgos2024,O9.2IV,4.514547752660286,3.799132103295883,3.65,68.0,28.0,0.8043191065954407,1.422301928606862,1.1048158656705438
HD97400,deBurgos2024,B2.5Ib,4.27415784926368,3.657572489709456,2.83,45.0,24.0,1.00139010649764,1.2121541702192802,1.4091559150054669
HD97522,deBurgos2024,B0.5II,4.367355921026019,3.920364776758813,2.94,66.0,53.0,1.0009809023576486,1.3812167805425557,1.4400004219478302
HD99953,deBurgos2024,B2Ia,4.307496037913213,4.120925244307587,2.5,67.0,48.0,1.0000888969691435,1.5203857333459656,1.7368742699713473
BD-114586,Holgado2018,O8,4.510545010206612,4.223121133481185,3.21,68.0,74.0,0.8973946603520828,1.678242637113735,1.4533441674940732
CPD-417733,Holgado2018,O9,4.534026106056135,3.877045516879279,3.65,71.0,56.0,0.7980181337536836,1.481182856972194,1.134814199285368
CPD-472963AB,Holgado2018,O5,4.569373909615046,4.1584367311149215,3.51,110.0,67.0,0.8058502817086134,1.6822596394185392,1.3030454877563986
CPD-592551,Holgado2018,O9,4.54282542695918,3.672242800491456,3.89,92.0,124.0,0.6096656319134213,1.403350758332046,0.9759650368975784
CPD-592600,Holgado2018,O6,4.594392550375426,3.928511294156442,3.84,106.0,127.0,0.6295218482214502,1.5665391295815838,1.079699642908221
CYGOB2-11,Holgado2018,O5.5,4.571708831808688,4.047776419889488,3.63,85.0,75.0,0.7680989933525705,1.6217016978587484,1.2134909164304375
CYGOB2-4A,Holgado2018,O7,4.561101383649056,4.115346627250963,3.52,105.0,72.0,0.8107617451809627,1.654466078352366,1.2856523829706148
HD101190AAAB,Holgado2018,O6,4.599883072073688,3.910473380949488,3.88,74.0,49.0,0.5902964684253081,1.5685609269675556,1.0610279811723409
HD101223,Holgado2018,O8,4.546542663478131,3.95711174656726,3.62,63.0,55.0,0.7925152382965773,1.5352631850880705,1.176934202878032
HD104565,Holgado2018,OC9.7,4.460897842756548,4.23453246368093,3.0,116.0,56.0,0.9447858327508286,1.6606507457383386,1.5500732631284024
HD105056,Holgado2018,ON9.7,4.437750562820388,4.281943343936289,2.86,46.0,56.0,0.9924383143430532,1.640491308949282,1.6005596274668852
HD114737AB,Holgado2018,O8.5,4.552668216112194,3.721613957103512,3.88,83.0,58.0,0.6151280494930151,1.4304270685094926,0.9932074321465564
HD125241,Holgado2018,O8.5,4.506505032404872,4.206961222274226,3.21,95.0,118.0,0.8970982045851589,1.6693745774215418,1.4477282772236957
HD135591,Holgado2018,O8,4.544068044350276,3.98721327005584,3.58,60.0,60.0,0.8083875813406085,1.548689921114251,1.2015936916646346
HD14633AAAB,Holgado2018,ON8.5,4.544068044350276,3.80721327005584,3.76,69.0,121.0,0.727352660691954,1.4546127320383422,1.066013177664343
HD14947,Holgado2018,O4.5,4.592176757395867,4.119648122238206,3.64,22.0,114.0,0.7510466772054493,1.6837738768727102,1.2397791571563466
HD151515,Holgado2018,O7,4.556302500767288,4.066151095723888,3.55,98.0,67.0,0.8072738706001175,1.6187928348884335,1.2533092268358628
HD151804,Holgado2018,O8,4.450249108319361,4.361937525932181,2.83,73.0,72.0,1.074503263247923,0.8908553260881965,1.246416142596405
HD152424,Holgado2018,OC9.2,4.48000694295715,4.150968864483337,3.16,66.0,59.0,0.9746027842966828,1.579338426983415,1.426887530381722
HD152590,Holgado2018,O7.5,4.57978359661681,3.790075479121978,3.92,56.0,48.0,0.5589005109102374,1.4934949653748857,1.003521806556131
HD152723AAAB,Holgado2018,O6.5,4.57978359661681,3.900075479121978,3.81,100.0,73.0,0.6691928297636128,1.5400353120695502,1.0867180944772523
HD155889AB,Holgado2018,O9.5,4.54282542695918,3.4622428004914565,4.1,51.0,27.0,0.2806221940607284,1.339805755334593,0.8381964024502633
HD156154,Holgado2018,O7.5,4.534026106056135,4.217045516879279,3.31,102.0,62.0,0.8734227421905844,1.687729062146394,1.4091633324757802
HD156738AB,Holgado2018,O6.5,4.578639209968072,3.875497932527026,3.83,103.0,65.0,0.6569292011949278,1.5294256246103322,1.0726256070706983
HD163758,Holgado2018,O6.5,4.539076098792776,4.267245487825843,3.28,87.0,76.0,0.8945075609102319,1.7057001927018325,1.431462769451059
HD168076AB,Holgado2018,O4,4.633468455579586,4.004814914973082,3.92,101.0,68.0,0.5324031165391434,1.6812221435836312,1.0981354838274886
HD168112AB,Holgado2018,O5,4.598790506763115,4.0861031197071975,3.7,78.0,107.0,0.7205409104510073,1.672674626605888,1.2038876684807502
HD169582,Holgado2018,O6,4.589949601325707,4.050739497957566,3.7,97.0,66.0,0.7208842906751304,1.642468711072841,1.188308637671898
HD190429A,Holgado2018,O4,4.563481085394411,4.124865434232381,3.52,113.0,90.0,0.8090422479318876,1.6615730712299683,1.2879717161260178
HD193443AB,Holgado2018,O9,4.518513939877888,3.964996852166289,3.5,140.0,66.0,0.8525557112481678,1.5160714122123773,1.2277999899004648
HD229196,Holgado2018,O6,4.565847818673518,4.154332367348809,3.5,25.0,248.0,0.8105987504258351,1.679066285914352,1.306310669592041
HD242926,Holgado2018,O7,4.5910646070264995,3.685199520760735,4.07,52.0,89.0,0.3334612983514482,1.46952788461543,0.920084873877282
HD298429,Holgado2018,O8.5,4.5263392773898445,3.986298202214116,3.51,80.0,105.0,0.8414409139736525,1.5345621906771194,1.2297002265882164
HD303308AB,Holgado2018,O4.5,4.613841821876069,3.946308380159014,3.9,67.0,85.0,0.5665451198023355,1.6233795060550982,1.079475332102981
HD303311,Holgado2018,O6,4.603144372620182,3.893518583135466,3.91,61.0,47.0,0.5558226600111524,1.5698268895524168,1.0462419092997837
HD303492,Holgado2018,O8.5,4.451786435524291,4.3380868347519,2.86,55.0,87.0,1.0243449587693676,1.4091327624739451,1.4906188479262057
HD319699,Holgado2018,O5,4.6148972160331345,3.9405299567872754,3.91,76.0,69.0,0.5540915031129602,1.6198823457477989,1.0719434989685213
HD319702,Holgado2018,O8,4.559906625036112,3.670567592799187,3.96,50.0,66.0,0.519817631764709,1.4232504026300972,0.9502573366777508
HD322417,Holgado2018,O6.5,4.586587304671755,3.9972903113417577,3.74,100.0,68.0,0.7135909777031277,1.612091554395871,1.1578349908498018
HD36486AAAB,Holgado2018,O9.5,4.478566495593843,3.99520707503011,3.31,94.0,100.0,0.9808492138897328,1.4705855959635847,1.2993074381121503
HD36861A,Holgado2018,O8,4.546542663478131,4.05711174656726,3.52,77.0,52.0,0.8257318531414524,1.606867759396221,1.2639818261097855
HD38666,Holgado2018,O9.5,4.5301996982030825,3.611739885467068,3.9,56.0,111.0,0.6013995416008534,1.3697002064348969,0.9545970340338638
HD57061AAAB,Holgado2018,O9,4.518513939877888,3.964996852166289,3.5,85.0,57.0,0.8525557112481678,1.5160714122123773,1.2277999899004648
HD69464,Holgado2018,O7,4.553883026643875,4.236473199230235,3.37,105.0,73.0,0.86746737959732,1.7054463546342395,1.3902568533479478
HD75211,Holgado2018,O8.5,4.523746466811565,4.135926959900996,3.35,53.0,145.0,0.8698127423634086,1.6435631698922042,1.3648661533666795
HD91572,Holgado2018,O6.5,4.588831725594208,3.906267995031568,3.84,57.0,60.0,0.6376683255767382,1.5561974579948563,1.0783904198635694
HD91824,Holgado2018,O7,4.599883072073688,3.770473380949488,4.02,48.0,51.0,0.4055419749853585,1.518850775822328,0.9661987634199014
HD93028,Holgado2018,O9,4.547774705387822,3.6520399142060262,3.93,55.0,25.0,0.553890667551555,1.4036662491790932,0.9529167226575016
HD93146A,Holgado2018,O7,4.587710965018911,3.901784952730383,3.84,67.0,60.0,0.6379880036384838,1.5527947891993823,1.0766390899767888
HD93160AB,Holgado2018,O7,4.563481085394411,3.8048654342323815,3.84,64.0,120.0,0.66156653361539,1.4770548498285208,1.0411744144133228
HD93204,Holgado2018,O5.5,4.593286067020458,4.034085360736568,3.73,93.0,110.0,0.7044952160203383,1.63739596149584,1.171406017671106
HD93222AB,Holgado2018,O7,4.565847818673518,4.024332367348809,3.63,90.0,50.0,0.7794495335479561,1.6029929353030354,1.208532799753184
HD93249A,Holgado2018,O9,4.515873843711679,3.954436467501454,3.5,72.0,55.0,0.8558233388126367,1.5094760949809587,1.2242427450272644
HD93250AB,Holgado2018,O4,4.653212513775344,4.143791147756113,3.86,84.0,70.0,0.6003499098691416,1.7907845862178176,1.186374429881622
HD93843,Holgado2018,O5,4.571708831808688,4.147776419889489,3.53,120.0,58.0,0.8007345372201912,1.6801316587515307,1.294019987772672
HD94024,Holgado2018,O8,4.541579243946581,4.06725806844106,3.49,52.0,162.0,0.8367172843691183,1.6080383239474183,1.2797013781962556
HD94963,Holgado2018,O7,4.559906625036112,4.090567592799187,3.54,92.0,76.0,0.803978460724174,1.6412734988008053,1.2692476127403831
HD96264,Holgado2018,O9.5,4.519827993775719,3.800253067757613,3.67,65.0,29.0,0.7929860309204798,1.4277975735910335,1.0989827432393535
HD96715,Holgado2018,O4,4.6551384348113825,4.101494831900267,3.91,86.0,59.0,0.5561721601347553,1.753405181994243,1.1373291137064123
HD96946,Holgado2018,O6.5,4.5910646070264995,3.8951995207607353,3.86,58.0,72.0,0.6170934031568576,1.5523584251920577,1.065316866615293
HD97848,Holgado2018,O8,4.551449997972875,3.926741084546237,3.67,77.0,41.0,0.7700011214608273,1.5234504795188235,1.1471819170726612
TRUMPLER14-9,Holgado2018,O8.5,4.564666064252089,3.5496053496630933,4.1,41.0,66.0,0.2465371131869089,1.4112752714057348,0.8687091743063197
CPD-472963,Burssens2020,O5,4.57,4.16,,110.0,67.0,0.8056437305339694,1.6839755905391565,1.3047295070102276
HD110360,Burssens2020,ON7,4.59,3.6,,86.0,96.0,0.1614927932910367,1.451480016252211,0.8721503339255612
HD112244,Burssens2020,O8.5,4.5,4.15,,80.0,124.0,0.8999836244949575,1.6396997107050455,1.4179238716091818
HD152233,Burssens2020,O6,4.58,4.01,,105.0,62.0,0.73839672367491,1.6113055436781885,1.1770420812060605
HD156738,Burssens2020,O6.5,4.58,3.87,,103.0,65.0,0.6440268408461587,1.527694996293861,1.0644044819878462
HD23466,Burssens2020,B3,4.2,2.51,,100.0,75.0,0.8789831896573156,0.7779539532997132,0.7654104510238988
HD26912,Burssens2020,B3,4.2,2.61,,30.0,53.0,0.9828158772562232,0.7769166466473411,0.8184656138245314
HD41753,Burssens2020,B3,4.23,2.61,,40.0,25.0,0.8699836036905976,0.8193563482867627,0.777221658556668
HD43112,Burssens2020,B1,4.41,2.95,,12.0,7.0,0.4104901116350142,1.0406403184355757,0.7002558792204301
HD48977,Burssens2020,B2.5,4.25,2.61,,8.0,26.0,0.8200024255482423,0.8323432673110056,0.7460196906592015
HD90273,Burssens2020,ON7,4.59,3.95,,55.0,55.0,0.668634959898171,1.573934295916784,1.105717319456904
HD97253,Burssens2020,O5,4.59,4.16,,105.0,70.0,0.7715355347680143,1.7013089530791143,1.2732592682910475
