                           1                            2                            3                            4                            5                            6                            7 
              version_number                     compiler                        build             MESA_SDK_version                         date                    burn_min1                    burn_min2 
                       11701                   "gfortran"                      "9.2.0"        "x86_64-macos-20.4.1"                   "20200508"      5.0000000000000000E+001      1.0000000000000000E+003 

                                       1                                        2                                        3                                        4                                        5                                        6                                        7                                        8                                        9                                       10                                       11                                       12                                       13                                       14                                       15                                       16                                       17                                       18                                       19                                       20                                       21                                       22                                       23                                       24                                       25                                       26                                       27                                       28                                       29                                       30                                       31                                       32                                       33                                       34                                       35                                       36                                       37                                       38                                       39                                       40                                       41                                       42                                       43                                       44                                       45                                       46                                       47                                       48                                       49                                       50                                       51                                       52                                       53                                       54                                       55                                       56                                       57                                       58                                       59                                       60                                       61                                       62                                       63                                       64                                       65                                       66                                       67                                       68                                       69                                       70                                       71                                       72                                       73                                       74                                       75                                       76                                       77                                       78                                       79                                       80                                       81                                       82                                       83                                       84                                       85                                       86                                       87                                       88                                       89                                       90                                       91                                       92                                       93                                       94                                       95                                       96                                       97                                       98                                       99                                      100                                      101                                      102                                      103                                      104                                      105                                      106                                      107                                      108                                      109                                      110                                      111                                      112                                      113                                      114                                      115                                      116                                      117                                      118                                      119                                      120                                      121                                      122                                      123                                      124                                      125                                      126                                      127                                      128                                      129                                      130                                      131                                      132                                      133                                      134                                      135                                      136                                      137 
                            model_number                                num_zones                                 star_age                                   log_dt                                star_mass                               log_xmstar                             log_abs_mdot                           mass_conv_core                             conv_mx1_top                             conv_mx1_bot                             conv_mx2_top                             conv_mx2_bot                                  mx1_top                                  mx1_bot                                  mx2_top                                  mx2_bot                                   log_LH                                  log_LHe                                   log_LZ                                 log_Lnuc                                       pp                                      cno                                 tri_alfa                               epsnuc_M_1                               epsnuc_M_2                               epsnuc_M_3                               epsnuc_M_4                               epsnuc_M_5                               epsnuc_M_6                               epsnuc_M_7                               epsnuc_M_8                             he_core_mass                              c_core_mass                              o_core_mass                             si_core_mass                             fe_core_mass                   neutron_rich_core_mass                                 log_Teff                                    log_L                                    log_R                                    log_g                        v_div_csound_surf                             log_center_T                           log_center_Rho                               log_cntr_P                             log_cntr_Rho                               log_cntr_T                                center_mu                                center_ye                              center_abar                                center_h1                               center_he4                               center_c12                               center_o16                              surface_c12                              surface_o16                            total_mass_h1                           total_mass_he4                              num_retries                              num_backups                                num_iters            subsurface_convective_regions                                 rho_surf                                v_HI_surf                                b_HI_surf                            b_HI_surf_max                                b_HI_aver                                 b_HI_max                               HI_hp_aver                         mach_HI_aver_ahp                              turnover_HI                               v_HeI_surf                               b_HeI_surf                           b_HeI_surf_max                               b_HeI_aver                                b_HeI_max                              HeI_hp_aver                        mach_HeI_aver_ahp                             turnover_HeI                              v_HeII_surf                              b_HeII_surf                          b_HeII_surf_max                              b_HeII_aver                               b_HeII_max                             HeII_hp_aver                       mach_HeII_aver_ahp                            turnover_HeII                              v_FeCZ_surf                              b_FeCZ_surf                          b_FeCZ_surf_max                              b_FeCZ_aver                               b_FeCZ_max                             FeCZ_hp_aver                       mach_FeCZ_aver_ahp                            turnover_FeCZ                                 HI_r_top                              HI_r_bottom                                HeI_r_top                             HeI_r_bottom                               HeII_r_top                            HeII_r_bottom                               FeCZ_r_top                            FeCZ_r_bottom                                  HI_mass                                 HeI_mass                                HeII_mass                                FeCZ_mass                                HI_Fc_max                               HeI_Fc_max                              HeII_Fc_max                              FeCZ_Fc_max                                   r_hp_1                                   r_hp_2                                   r_hp_3                                   r_hp_4                                   r_hp_5                                   r_hp_6                                   r_hp_7                                   r_hp_8                                  r_hp_10                                  r_hp_15                                  r_hp_20                                  r_hp_30                                  r_hp_50                                 r_hp_100                                HI_b_p_eq                               HI_b_p_max                               HeI_b_p_eq                              HeI_b_p_max                              HeII_b_p_eq                             HeII_b_p_max                              FeCZ_b_p_eq                             FeCZ_b_p_max                        HI_B_shutoff_conv                       HeI_B_shutoff_conv                      HeII_B_shutoff_conv                      FeCZ_B_shutoff_conv 
                                       1                                     1190                  2.0286020648339516E+001                  1.3071968632008444E+000                  3.0000000000000000E+001                  3.4775799705279844E+001                 -9.8999999999999986E+001                  1.7235151904116861E+001                  5.7439934901654277E-001                  7.8126480266232674E-008                  9.9999999793499839E-001                  9.9999997244013605E-001                  6.1519950111701538E-001                  7.8126480266232674E-008                  9.9999999815614149E-001                  9.9999996813507919E-001                  5.5362426963796940E+000                 -2.6636816807717008E+001                 -9.8999999999999986E+001                  5.5362426963796940E+000                  3.6589149994820507E+000                  5.5304436993461863E+000                 -2.6636816807717008E+001                  0.0000000000000000E+000                  0.0000000000000000E+000                  2.2042724685727640E+034                  3.1409280071217576E+034                  3.5484215822308453E+034                 -2.0000000000000000E+001                 -2.0000000000000000E+001                  3.6848923600863561E+034                  0.0000000000000000E+000                  0.0000000000000000E+000                  0.0000000000000000E+000                  0.0000000000000000E+000                  0.0000000000000000E+000                  0.0000000000000000E+000                  4.6015463507326357E+000                  5.0869216796541874E+000                  8.6362697481444894E-001                  4.1877566585038890E+000                 -6.8478004941606347E-008                  7.5781804362219161E+000                  5.4037020956262272E-001                  1.6358521822508404E+001                  5.4037020956262272E-001                  7.5781804362219161E+000                  6.1884374261527930E-001                  8.4959665713545363E-001                  1.2978765618806316E+000                  6.9919223728831270E-001                  2.8030695847562737E-001                  4.1055612148789035E-004                  9.2996269295779511E-003                  3.4416106108119972E-003                  9.3604466091399743E-003                  2.0985624397037562E+001                  8.4050990216335801E+000                                        0                                        0                                        4                  1.0000000000000000E+000                  7.9836937858106951E-010                  0.0000000000000000E+000                  0.0000000000000000E+000                  0.0000000000000000E+000                  0.0000000000000000E+000                  0.0000000000000000E+000                  0.0000000000000000E+000                  0.0000000000000000E+000                  0.0000000000000000E+000                  0.0000000000000000E+000                  0.0000000000000000E+000                  0.0000000000000000E+000                  0.0000000000000000E+000                  0.0000000000000000E+000                  0.0000000000000000E+000                  0.0000000000000000E+000                  0.0000000000000000E+000                  0.0000000000000000E+000                  0.0000000000000000E+000                  0.0000000000000000E+000                  0.0000000000000000E+000                  0.0000000000000000E+000                  0.0000000000000000E+000                  0.0000000000000000E+000                  0.0000000000000000E+000                  3.2461162039600345E+004                  3.4528770360750407E+001                  1.9073933278724038E+001                  4.7857104191131157E+002                  2.6436597733355893E+002                  3.9242029465385265E+009                  7.3976342103668465E-003                  1.1408689843519107E+004                  0.0000000000000000E+000                  0.0000000000000000E+000                  0.0000000000000000E+000                  0.0000000000000000E+000                  0.0000000000000000E+000                  0.0000000000000000E+000                  5.0392525334316809E+011                  4.9560697954646765E+011                  0.0000000000000000E+000                  0.0000000000000000E+000                  0.0000000000000000E+000                  1.5660355524778408E+027                  0.0000000000000000E+000                  0.0000000000000000E+000                  0.0000000000000000E+000                  3.0517991367720048E-003                  5.0756365926503180E+011                  5.0655448815455304E+011                  5.0542048608176868E+011                  5.0398269101176068E+011                  5.0216907396909576E+011                  4.9889672883005371E+011                  4.9363828037084967E+011                  4.8803381080842163E+011                  4.7765974526074988E+011                  4.4149694842885016E+011                  3.5751171835239850E+011                  6.8450985237327015E+008                  6.8450985237327015E+008                  6.8450985237327015E+008                  0.0000000000000000E+000                  0.0000000000000000E+000                  0.0000000000000000E+000                  0.0000000000000000E+000                  0.0000000000000000E+000                  0.0000000000000000E+000                  1.0127147554008359E+004                  1.4558616956171094E+004                  0.0000000000000000E+000                  0.0000000000000000E+000                  0.0000000000000000E+000                  8.5091838971167235E+003 
                                       2                                     2365                  4.4629245426346941E+001                  1.3863781092484693E+000                  3.0000000000000000E+001                  3.4775799705279844E+001                 -9.8999999999999986E+001                  1.6303093904258251E+001                  5.4343547701299666E-001                  7.8126472580896968E-008                  9.9999999727156919E-001                  9.9999997753104064E-001                  5.8872311638649844E-001                  7.8126472580896968E-008                  9.9999999756642666E-001                  9.9999997462412193E-001                  5.5021282520793777E+000                 -2.6690571748657288E+001                 -1.0235019852575359E+001                  5.5021282520793777E+000                  3.6261810948347266E+000                  5.4963106675907962E+000                 -2.6690571748657288E+001                  0.0000000000000000E+000                  0.0000000000000000E+000                  2.1677202116205521E+034                  3.1153638394542905E+034                  3.5480274521450704E+034                 -2.0000000000000000E+001                 -2.0000000000000000E+001                  3.6711076844648937E+034                  0.0000000000000000E+000                  0.0000000000000000E+000                  0.0000000000000000E+000                  0.0000000000000000E+000                  0.0000000000000000E+000                  0.0000000000000000E+000                  4.6010544396122572E+000                  5.0861140156794944E+000                  8.6420696506785943E-001                  4.1865966779970680E+000                  2.0775533636451030E-007                  7.5781629891890860E+000                  5.3499191004525659E-001                  1.6354338840634096E+001                  5.3499191004525659E-001                  7.5781629891890860E+000                  6.1884672454508549E-001                  8.4959426398788751E-001                  1.2978840060744044E+000                  6.9918748552823229E-001                  2.8030842666313244E-001                  3.9002241751276179E-004                  9.2993460794039192E-003                  3.4416106108119985E-003                  9.3604466091399864E-003                  2.0985539501404713E+001                  8.4051257303740119E+000                                        0                                        0                                        4                  1.0000000000000000E+000                  7.9282434351546110E-010                  0.0000000000000000E+000                  0.0000000000000000E+000                  0.0000000000000000E+000                  0.0000000000000000E+000                  0.0000000000000000E+000                  0.0000000000000000E+000                  0.0000000000000000E+000                  0.0000000000000000E+000                  0.0000000000000000E+000                  0.0000000000000000E+000                  0.0000000000000000E+000                  0.0000000000000000E+000                  0.0000000000000000E+000                  0.0000000000000000E+000                  0.0000000000000000E+000                  0.0000000000000000E+000                  0.0000000000000000E+000                  0.0000000000000000E+000                  0.0000000000000000E+000                  0.0000000000000000E+000                  0.0000000000000000E+000                  0.0000000000000000E+000                  0.0000000000000000E+000                  0.0000000000000000E+000                  9.5408170309116205E+004                  2.5053450722187502E+001                  1.2404640160996783E+001                  3.6965031489489746E+002                  1.8302385537691660E+002                  3.7184233499019532E+009                  1.4510346433021733E-002                  1.3640326847003958E+004                  0.0000000000000000E+000                  0.0000000000000000E+000                  0.0000000000000000E+000                  0.0000000000000000E+000                  0.0000000000000000E+000                  0.0000000000000000E+000                  5.0414402425127844E+011                  4.9741521144589105E+011                  0.0000000000000000E+000                  0.0000000000000000E+000                  0.0000000000000000E+000                  1.2097184745264091E+027                  0.0000000000000000E+000                  0.0000000000000000E+000                  0.0000000000000000E+000                  3.0812949441633153E-003                  5.0821778998229474E+011                  5.0725121138783728E+011                  5.0610061546774567E+011                  5.0466237070090002E+011                  5.0284972148351740E+011                  4.9968137011663733E+011                  4.9424482543646997E+011                  4.8872359130501550E+011                  4.7841982240135785E+011                  4.4234231074514557E+011                  3.5834540599144574E+011                  6.8734134746709645E+008                  6.8734134746709645E+008                  6.8734134746709645E+008                  0.0000000000000000E+000                  0.0000000000000000E+000                  0.0000000000000000E+000                  0.0000000000000000E+000                  0.0000000000000000E+000                  0.0000000000000000E+000                  9.4666846829535971E+003                  1.3101656804793072E+004                  0.0000000000000000E+000                  0.0000000000000000E+000                  0.0000000000000000E+000                  8.3620768252347025E+003 
                                       3                                     3464                  7.3841115159955848E+001                  1.4655593552960942E+000                  3.0000000000000000E+001                  3.4775799705279844E+001                 -9.8999999999999986E+001                  1.6982768789826562E+001                  5.6588603323841613E-001                  7.8126477278303849E-008                  9.9999999723471222E-001                  9.9999997737208390E-001                  6.1012017464481771E-001                  7.8126477278303849E-008                  9.9999999760328406E-001                  9.9999997432692633E-001                  5.4659846963750418E+000                 -2.6747368995916961E+001                 -9.8999999999999986E+001                  5.4659846963750418E+000                  3.5912788761259344E+000                  5.4601503474358903E+000                 -2.6747368995916961E+001                  0.0000000000000000E+000                  0.0000000000000000E+000                  2.1369090349706772E+034                  3.0889478733726869E+034                  3.5498139357254839E+034                 -2.0000000000000000E+001                 -2.0000000000000000E+001                  3.6584821897738162E+034                  0.0000000000000000E+000                  0.0000000000000000E+000                  0.0000000000000000E+000                  0.0000000000000000E+000                  0.0000000000000000E+000                  0.0000000000000000E+000                  4.6005128793631975E+000                  5.0851311153657131E+000                  8.6479863540908741E-001                  4.1854133373146123E+000                  1.7715490960230828E-007                  7.5771602426718587E+000                  5.3175960139274803E-001                  1.6350133022900032E+001                  5.3175960139274803E-001                  7.5771602426718587E+000                  6.1887366353287043E-001                  8.4959175172667734E-001                  1.2978917824225304E+000                  6.9918249748342032E-001                  2.8031005924215174E-001                  3.6900057953573014E-004                  9.2990361510434955E-003                  3.4416106108119903E-003                  9.3604466091399656E-003                  2.0985445906173258E+001                  8.4051565421309906E+000                                        0                                        0                                        3                  1.0000000000000000E+000                  7.9181748731052713E-010                  0.0000000000000000E+000                  0.0000000000000000E+000                  0.0000000000000000E+000                  0.0000000000000000E+000                  0.0000000000000000E+000                  0.0000000000000000E+000                  0.0000000000000000E+000                  0.0000000000000000E+000                  0.0000000000000000E+000                  0.0000000000000000E+000                  0.0000000000000000E+000                  0.0000000000000000E+000                  0.0000000000000000E+000                  0.0000000000000000E+000                  0.0000000000000000E+000                  0.0000000000000000E+000                  0.0000000000000000E+000                  0.0000000000000000E+000                  0.0000000000000000E+000                  0.0000000000000000E+000                  0.0000000000000000E+000                  0.0000000000000000E+000                  0.0000000000000000E+000                  0.0000000000000000E+000                  1.0419280985747349E+005                  2.4866619575188512E+001                  1.4200465467316612E+001                  3.6873531924508478E+002                  2.1057197387393970E+002                  3.6622931486012917E+009                  1.5333760016461214E-002                  1.3380748092070735E+004                  0.0000000000000000E+000                  0.0000000000000000E+000                  0.0000000000000000E+000                  0.0000000000000000E+000                  0.0000000000000000E+000                  0.0000000000000000E+000                  5.0481438482439655E+011                  4.9812916003233722E+011                  0.0000000000000000E+000                  0.0000000000000000E+000                  0.0000000000000000E+000                  1.1899230813068765E+027                  0.0000000000000000E+000                  0.0000000000000000E+000                  0.0000000000000000E+000                  3.0992955313249304E-003                  5.0892566486334772E+011                  5.0793747417822827E+011                  5.0677858396609924E+011                  5.0537043680330011E+011                  5.0351368656632697E+011                  5.0038832700858276E+011                  4.9495939238048077E+011                  4.8947008593552637E+011                  4.7906242297296509E+011                  4.4298971397624030E+011                  3.5891971393166339E+011                  6.8904868532949877E+008                  6.8904868532949877E+008                  6.8904868532949877E+008                  0.0000000000000000E+000                  0.0000000000000000E+000                  0.0000000000000000E+000                  0.0000000000000000E+000                  0.0000000000000000E+000                  0.0000000000000000E+000                  9.3516522976561064E+003                  1.3021346704684614E+004                  0.0000000000000000E+000                  0.0000000000000000E+000                  0.0000000000000000E+000                  8.2838733428189062E+003 
                                       4                                     3675                  1.0889535884028653E+002                  1.5447406013437190E+000                  3.0000000000000000E+001                  3.4775799705279844E+001                 -9.8999999999999986E+001                  1.7320134913056339E+001                  5.7681092244582721E-001                  7.8126487632395302E-008                  9.9999999723471444E-001                  9.9999997720592637E-001                  6.2023055018447282E-001                  7.8126487632395302E-008                  9.9999999758485769E-001                  9.9999997404133090E-001                  5.4458472274799457E+000                 -2.6810711330822340E+001                 -9.8999999999999986E+001                  5.4458472274799457E+000                  3.5851598559008426E+000                  5.4398201469416403E+000                 -2.6810711330822340E+001                  0.0000000000000000E+000                  0.0000000000000000E+000                  2.1203440791781093E+034                  3.0768762565658727E+034                  3.5809430996397176E+034                 -2.0000000000000000E+001                 -2.0000000000000000E+001                  3.6467787966351886E+034                  0.0000000000000000E+000                  0.0000000000000000E+000                  0.0000000000000000E+000                  0.0000000000000000E+000                  0.0000000000000000E+000                  0.0000000000000000E+000                  4.5998847461940366E+000                  5.0839009217664115E+000                  8.6543980494775963E-001                  4.1841309982372676E+000                  1.6054044347677187E-007                  7.5760464930395894E+000                  5.2818713021612218E-001                  1.6345476999030371E+001                  5.2818713021612218E-001                  7.5760464930395894E+000                  6.1890049225821520E-001                  8.4959188262641205E-001                  1.2978915948389642E+000                  6.9918273927320640E-001                  2.8030945747264063E-001                  3.6727178888090517E-004                  9.2991307020953706E-003                  3.4416106108119925E-003                  9.3604466091399396E-003                  2.0985338740604099E+001                  8.4051919495508489E+000                                        0                                        0                                        3                  1.0000000000000000E+000                  7.9081379449958368E-010                  0.0000000000000000E+000                  0.0000000000000000E+000                  0.0000000000000000E+000                  0.0000000000000000E+000                  0.0000000000000000E+000                  0.0000000000000000E+000                  0.0000000000000000E+000                  0.0000000000000000E+000                  0.0000000000000000E+000                  0.0000000000000000E+000                  0.0000000000000000E+000                  0.0000000000000000E+000                  0.0000000000000000E+000                  0.0000000000000000E+000                  0.0000000000000000E+000                  0.0000000000000000E+000                  0.0000000000000000E+000                  0.0000000000000000E+000                  0.0000000000000000E+000                  0.0000000000000000E+000                  0.0000000000000000E+000                  0.0000000000000000E+000                  0.0000000000000000E+000                  0.0000000000000000E+000                  1.0025946478963834E+005                  2.4517735687601835E+001                  1.9389459956859998E+001                  3.6374438355503844E+002                  2.8766144024627920E+002                  3.6398982449487553E+009                  1.4969803356288870E-002                  1.3461234948411886E+004                  0.0000000000000000E+000                  0.0000000000000000E+000                  0.0000000000000000E+000                  0.0000000000000000E+000                  0.0000000000000000E+000                  0.0000000000000000E+000                  5.0556783573020319E+011                  4.9883300134671893E+011                  0.0000000000000000E+000                  0.0000000000000000E+000                  0.0000000000000000E+000                  1.1987210338488827E+027                  0.0000000000000000E+000                  0.0000000000000000E+000                  0.0000000000000000E+000                  3.1113142200424053E-003                  5.0967959670315051E+011                  5.0869122238028796E+011                  5.0753193845603131E+011                  5.0611638472106360E+011                  5.0426870288414795E+011                  5.0115764924389893E+011                  4.9573899663487091E+011                  4.9020054065106970E+011                  4.7981523086561603E+011                  4.4370249910820703E+011                  3.5956097175524011E+011                  6.9094063312934971E+008                  6.9094063312934971E+008                  6.9094063312934971E+008                  0.0000000000000000E+000                  0.0000000000000000E+000                  0.0000000000000000E+000                  0.0000000000000000E+000                  0.0000000000000000E+000                  0.0000000000000000E+000                  9.3207829004050218E+003                  1.3046991458441282E+004                  0.0000000000000000E+000                  0.0000000000000000E+000                  0.0000000000000000E+000                  8.2652544188389529E+003 
                                       5                                     3972                  1.5096045125668334E+002                  1.6239218473913437E+000                  3.0000000000000000E+001                  3.4775799705279844E+001                 -9.8999999999999986E+001                  1.7559246989956812E+001                  5.8517616618377455E-001                  7.8126491901779852E-008                  9.9999999720708233E-001                  9.9999997702544652E-001                  6.2795921695008594E-001                  7.8126491901779852E-008                  9.9999999756643809E-001                  9.9999997372183114E-001                  5.4341602492431624E+000                 -2.6883673076855576E+001                 -9.9339898569113778E+000                  5.4341602492431624E+000                  3.5950653021807253E+000                  5.4278236857081028E+000                 -2.6883673076855576E+001                  0.0000000000000000E+000                  0.0000000000000000E+000                  2.1120166240742488E+034                  3.0689201810006798E+034                 -2.0000000000000000E+001                 -2.0000000000000000E+001                 -2.0000000000000000E+001                 -2.0000000000000000E+001                  0.0000000000000000E+000                  0.0000000000000000E+000                  0.0000000000000000E+000                  0.0000000000000000E+000                  0.0000000000000000E+000                  0.0000000000000000E+000                  4.5991446993412159E+000                  5.0824007995209790E+000                  8.6616983753068433E-001                  4.1826709330714191E+000                  1.5295290080324453E-007                  7.5747654606108572E+000                  5.2409581484897083E-001                  1.6340136488505937E+001                  5.2409581484897083E-001                  7.5747654606108572E+000                  6.1892954159966185E-001                  8.4959371787364024E-001                  1.2978863117766812E+000                  6.9918635387556638E-001                  2.8030732049435558E-001                  3.7742357380414086E-004                  9.2995040122738782E-003                  3.4416106108119998E-003                  9.3604466091399795E-003                  2.0985213550111524E+001                  8.4052323892836185E+000                                        0                                        0                                        3                  1.0000000000000000E+000                  7.8973411110316304E-010                  0.0000000000000000E+000                  0.0000000000000000E+000                  0.0000000000000000E+000                  0.0000000000000000E+000                  0.0000000000000000E+000                  0.0000000000000000E+000                  0.0000000000000000E+000                  0.0000000000000000E+000                  0.0000000000000000E+000                  0.0000000000000000E+000                  0.0000000000000000E+000                  0.0000000000000000E+000                  0.0000000000000000E+000                  0.0000000000000000E+000                  0.0000000000000000E+000                  0.0000000000000000E+000                  0.0000000000000000E+000                  0.0000000000000000E+000                  0.0000000000000000E+000                  0.0000000000000000E+000                  0.0000000000000000E+000                  0.0000000000000000E+000                  0.0000000000000000E+000                  0.0000000000000000E+000                  1.0615325938299204E+005                  2.4153399467542346E+001                  2.7460688858429936E+001                  3.6220061188858415E+002                  4.1179620784938732E+002                  3.6283877634547081E+009                  1.5372116273710688E-002                  1.3484875444011293E+004                  0.0000000000000000E+000                  0.0000000000000000E+000                  0.0000000000000000E+000                  0.0000000000000000E+000                  0.0000000000000000E+000                  0.0000000000000000E+000                  5.0641035766801764E+011                  4.9966721927621613E+011                  0.0000000000000000E+000                  0.0000000000000000E+000                  0.0000000000000000E+000                  1.2058693702892697E+027                  0.0000000000000000E+000                  0.0000000000000000E+000                  0.0000000000000000E+000                  3.1237972683312298E-003                  5.1053945820331451E+011                  5.0955097431403436E+011                  5.0839136252070685E+011                  5.0697585270005914E+011                  5.0513037784128351E+011                  5.0203619450527917E+011                  4.9663071736845441E+011                  4.9108359517787482E+011                  4.8067821844417731E+011                  4.4452190713761554E+011                  3.6001677785319153E+011                  6.9311373584564042E+008                  6.9311373584564042E+008                  6.9311373584564042E+008                  0.0000000000000000E+000                  0.0000000000000000E+000                  0.0000000000000000E+000                  0.0000000000000000E+000                  0.0000000000000000E+000                  0.0000000000000000E+000                  9.3079763298325179E+003                  1.3055708234929827E+004                  0.0000000000000000E+000                  0.0000000000000000E+000                  0.0000000000000000E+000                  8.2420737327210663E+003 
                                       6                                     4014                  2.0143856215635952E+002                  1.7031030934389686E+000                  3.0000000000000000E+001                  3.4775799705279844E+001                 -9.8999999999999986E+001                  1.7769564224907327E+001                  5.9224822051349668E-001                  7.8126493701306152E-008                  9.9999999718404819E-001                  9.9999997681687769E-001                  6.3449250837299143E-001                  7.8126493701306152E-008                  9.9999999754801050E-001                  9.9999997352065606E-001                  5.4123581869109358E+000                 -2.6964048005845985E+001                 -9.8999999999999986E+001                  5.4123581869109358E+000                  3.5903265524362320E+000                  5.4057657692210501E+000                 -2.6964048005845985E+001                  0.0000000000000000E+000                  0.0000000000000000E+000                  2.0924134741426214E+034                  3.0545907050140739E+034                 -2.0000000000000000E+001                 -2.0000000000000000E+001                 -2.0000000000000000E+001                 -2.0000000000000000E+001                  0.0000000000000000E+000                  0.0000000000000000E+000                  0.0000000000000000E+000                  0.0000000000000000E+000                  0.0000000000000000E+000                  0.0000000000000000E+000                  4.5983182769313329E+000                  5.0807028022005198E+000                  8.6697368369021888E-001                  4.1810632407523496E+000                  1.4099515883715937E-007                  7.5733564360774244E+000                  5.1961410568545807E-001                  1.6334276148502578E+001                  5.1961410568545807E-001                  7.5733564360774244E+000                  6.1896273119280054E-001                  8.4959449058783265E-001                  1.2978842763667233E+000                  6.9918786640365826E-001                  2.8030597203086349E-001                  3.7917455497715248E-004                  9.2997365302770908E-003                  3.4416106108119968E-003                  9.3604466091399153E-003                  2.0985070741646577E+001                  8.4052783268798912E+000                                        0                                        0                                        3                  1.0000000000000000E+000                  7.8858946268489834E-010                  0.0000000000000000E+000                  0.0000000000000000E+000                  0.0000000000000000E+000                  0.0000000000000000E+000                  0.0000000000000000E+000                  0.0000000000000000E+000                  0.0000000000000000E+000                  0.0000000000000000E+000                  0.0000000000000000E+000                  0.0000000000000000E+000                  0.0000000000000000E+000                  0.0000000000000000E+000                  0.0000000000000000E+000                  0.0000000000000000E+000                  0.0000000000000000E+000                  0.0000000000000000E+000                  0.0000000000000000E+000                  0.0000000000000000E+000                  0.0000000000000000E+000                  0.0000000000000000E+000                  0.0000000000000000E+000                  0.0000000000000000E+000                  0.0000000000000000E+000                  0.0000000000000000E+000                  1.0966069184907623E+005                  2.4017996890627622E+001                  2.7984942063235508E+001                  3.6177160617177020E+002                  4.2152380504268126E+002                  3.6281257088098874E+009                  1.5678035215562946E-002                  1.3533748769871894E+004                  0.0000000000000000E+000                  0.0000000000000000E+000                  0.0000000000000000E+000                  0.0000000000000000E+000                  0.0000000000000000E+000                  0.0000000000000000E+000                  5.0734469979899243E+011                  5.0059444001403711E+011                  0.0000000000000000E+000                  0.0000000000000000E+000                  0.0000000000000000E+000                  1.2176916190175923E+027                  0.0000000000000000E+000                  0.0000000000000000E+000                  0.0000000000000000E+000                  3.1377991617632661E-003                  5.1148798063883270E+011                  5.1049942412616437E+011                  5.0933950292190558E+011                  5.0792410383560767E+011                  5.0608111587148132E+011                  5.0300558470338647E+011                  4.9761548481028656E+011                  4.9205928243206281E+011                  4.8163219549812042E+011                  4.4542868577941608E+011                  3.6084042150744305E+011                  6.9550204110546875E+008                  6.9550204110546875E+008                  6.9550204110546875E+008                  0.0000000000000000E+000                  0.0000000000000000E+000                  0.0000000000000000E+000                  0.0000000000000000E+000                  0.0000000000000000E+000                  0.0000000000000000E+000                  9.3147530732633822E+003                  1.3070062388264229E+004                  0.0000000000000000E+000                  0.0000000000000000E+000                  0.0000000000000000E+000                  8.2160364880029611E+003 
                                       7                                     4018                  2.6201229523597095E+002                  1.7822843394865935E+000                  3.0000000000000000E+001                  3.4775799705279844E+001                 -9.8999999999999986E+001                  1.7958625792450132E+001                  5.9807810018174568E-001                  7.8126493535173914E-008                  9.9999999714258392E-001                  9.9999997658416107E-001                  6.3986908098184303E-001                  7.8126493535173914E-008                  9.9999999752036794E-001                  9.9999997319717016E-001                  5.3823688293691392E+000                 -2.7049118531913521E+001                 -9.8999999999999986E+001                  5.3823688293691383E+000                  3.5737361491081363E+000                  5.3755682252210271E+000                 -2.7049118531913521E+001                  0.0000000000000000E+000                  0.0000000000000000E+000                  2.0667603689520726E+034                  3.0342190142523001E+034                 -2.0000000000000000E+001                 -2.0000000000000000E+001                 -2.0000000000000000E+001                 -2.0000000000000000E+001                  0.0000000000000000E+000                  0.0000000000000000E+000                  0.0000000000000000E+000                  0.0000000000000000E+000                  0.0000000000000000E+000                  0.0000000000000000E+000                  4.5974341606512299E+000                  5.0788719251258305E+000                  8.6782647771308230E-001                  4.1793576527066225E+000                  1.2526722882946012E-007                  7.5718676264364788E+000                  5.1489840236463014E-001                  1.6328098855888495E+001                  5.1489840236463014E-001                  7.5718676264364788E+000                  6.1899873855661824E-001                  8.4959431528339835E-001                  1.2978851234830893E+000                  6.9918750356600690E-001                  2.8030536291631197E-001                  3.7363895714392410E-004                  9.2998378600154686E-003                  3.4416106108119959E-003                  9.3604466091399031E-003                  2.0984910943109060E+001                  8.4053303212227668E+000                                        0                                        0                                        3                  1.0000000000000000E+000                  7.8741560465478415E-010                  0.0000000000000000E+000                  0.0000000000000000E+000                  0.0000000000000000E+000                  0.0000000000000000E+000                  0.0000000000000000E+000                  0.0000000000000000E+000                  0.0000000000000000E+000                  0.0000000000000000E+000                  0.0000000000000000E+000                  0.0000000000000000E+000                  0.0000000000000000E+000                  0.0000000000000000E+000                  0.0000000000000000E+000                  0.0000000000000000E+000                  0.0000000000000000E+000                  0.0000000000000000E+000                  0.0000000000000000E+000                  0.0000000000000000E+000                  0.0000000000000000E+000                  0.0000000000000000E+000                  0.0000000000000000E+000                  0.0000000000000000E+000                  0.0000000000000000E+000                  0.0000000000000000E+000                  1.0494494506092230E+005                  2.3986128534681587E+001                  2.7843325775250491E+001                  3.6232999869167048E+002                  4.2059610316568285E+002                  3.6292780687205353E+009                  1.5229677182156984E-002                  1.3556998054176918E+004                  0.0000000000000000E+000                  0.0000000000000000E+000                  0.0000000000000000E+000                  0.0000000000000000E+000                  0.0000000000000000E+000                  0.0000000000000000E+000                  5.0832770192263397E+011                  5.0158438771448212E+011                  0.0000000000000000E+000                  0.0000000000000000E+000                  0.0000000000000000E+000                  1.2284141236781637E+027                  0.0000000000000000E+000                  0.0000000000000000E+000                  0.0000000000000000E+000                  3.1523870488632251E-003                  5.1248297468322260E+011                  5.1149960495482886E+011                  5.1034739796863513E+011                  5.0892850697952271E+011                  5.0707668230083105E+011                  5.0403594749988879E+011                  4.9866284889704437E+011                  4.9309735269099316E+011                  4.8260249691020990E+011                  4.4639427334135577E+011                  3.6171910229850775E+011                  6.9802392775106645E+008                  6.9802392775106645E+008                  6.9802392775106645E+008                  0.0000000000000000E+000                  0.0000000000000000E+000                  0.0000000000000000E+000                  0.0000000000000000E+000                  0.0000000000000000E+000                  0.0000000000000000E+000                  9.3247960551859305E+003                  1.3080756897396601E+004                  0.0000000000000000E+000                  0.0000000000000000E+000                  0.0000000000000000E+000                  8.1883939813739471E+003 
                                       8                                     4006                  3.3470077493150467E+002                  1.8614655855342181E+000                  3.0000000000000000E+001                  3.4775799705279844E+001                 -9.8999999999999986E+001                  1.8101163301175195E+001                  6.0327358527940966E-001                  7.8126493844642193E-008                  9.9999999711494092E-001                  9.9999997633366344E-001                  6.4359924984095029E-001                  7.8126493844642193E-008                  9.9999999748811796E-001                  9.9999997289938480E-001                  5.3432612270029045E+000                 -2.7134447498858137E+001                 -9.8999999999999986E+001                  5.3432612270029045E+000                  3.5434509921395585E+000                  5.3363199384577236E+000                 -2.7134447498858137E+001                  0.0000000000000000E+000                  0.0000000000000000E+000                  2.0329464595658244E+034                  3.0069258472119609E+034                 -2.0000000000000000E+001                 -2.0000000000000000E+001                 -2.0000000000000000E+001                 -2.0000000000000000E+001                  0.0000000000000000E+000                  0.0000000000000000E+000                  0.0000000000000000E+000                  0.0000000000000000E+000                  0.0000000000000000E+000                  0.0000000000000000E+000                  4.5965367875034628E+000                  5.0769984745023020E+000                  8.6868449869685038E-001                  4.1776416107390864E+000                  1.0555832820594842E-007                  7.5703768988642697E+000                  5.1019778921548609E-001                  1.6321929246378250E+001                  5.1019778921548609E-001                  7.5703768988642697E+000                  6.1903600560537408E-001                  8.4959285993480316E-001                  1.2978898249113862E+000                  6.9918460787897374E-001                  2.8030584181051255E-001                  3.5879863931130834E-004                  9.2997453560008537E-003                  3.4416106108119959E-003                  9.3604466091399031E-003                  2.0984735944390675E+001                  8.4053891289918798E+000                                        0                                        0                                        3                  1.0000000000000000E+000                  7.8627753048720778E-010                  0.0000000000000000E+000                  0.0000000000000000E+000                  0.0000000000000000E+000                  0.0000000000000000E+000                  0.0000000000000000E+000                  0.0000000000000000E+000                  0.0000000000000000E+000                  0.0000000000000000E+000                  0.0000000000000000E+000                  0.0000000000000000E+000                  0.0000000000000000E+000                  0.0000000000000000E+000                  0.0000000000000000E+000                  0.0000000000000000E+000                  0.0000000000000000E+000                  0.0000000000000000E+000                  0.0000000000000000E+000                  0.0000000000000000E+000                  0.0000000000000000E+000                  0.0000000000000000E+000                  0.0000000000000000E+000                  0.0000000000000000E+000                  0.0000000000000000E+000                  0.0000000000000000E+000                  1.0613476853485785E+005                  2.3947774298828804E+001                  2.7583982981290561E+001                  3.6134460090275456E+002                  4.1621084269907601E+002                  3.6251095070636578E+009                  1.5448218277362749E-002                  1.3608870742836971E+004                  0.0000000000000000E+000                  0.0000000000000000E+000                  0.0000000000000000E+000                  0.0000000000000000E+000                  0.0000000000000000E+000                  0.0000000000000000E+000                  5.0932769315133081E+011                  5.0256609517372198E+011                  0.0000000000000000E+000                  0.0000000000000000E+000                  0.0000000000000000E+000                  1.2421609245250542E+027                  0.0000000000000000E+000                  0.0000000000000000E+000                  0.0000000000000000E+000                  3.1672950959188428E-003                  5.1349943856265045E+011                  5.1251605013679736E+011                  5.1134790037982312E+011                  5.0994123816383826E+011                  5.0809575621660883E+011                  5.0503017179231561E+011                  4.9971937158070398E+011                  4.9409590682777252E+011                  4.8362724217997992E+011                  4.4736955231678137E+011                  3.6260835655532452E+011                  7.0054684486905503E+008                  7.0054684486905503E+008                  7.0054684486905503E+008                  0.0000000000000000E+000                  0.0000000000000000E+000                  0.0000000000000000E+000                  0.0000000000000000E+000                  0.0000000000000000E+000                  0.0000000000000000E+000                  9.3294563997226014E+003                  1.3106242717685980E+004                  0.0000000000000000E+000                  0.0000000000000000E+000                  0.0000000000000000E+000                  8.1604467013549220E+003 
                                       9                                     4004                  4.2192695056614514E+002                  1.9406468315818430E+000                  3.0000000000000000E+001                  3.4775799705279844E+001                 -9.8999999999999986E+001                  1.8176498783907668E+001                  6.0499249395319465E-001                  7.8126493202926366E-008                  9.9999999706886900E-001                  9.9999997607790192E-001                  6.4676796106726742E-001                  7.8126493202926366E-008                  9.9999999745586787E-001                  9.9999997260090989E-001                  5.2942365433397525E+000                 -2.7213672599053332E+001                 -9.5818073388000169E+000                  5.2942365433397525E+000                  3.4977334355508338E+000                  5.2872417659405464E+000                 -2.7213672599053332E+001                  0.0000000000000000E+000                  0.0000000000000000E+000                  1.9896228079023889E+034                  2.9718166813449677E+034                 -2.0000000000000000E+001                 -2.0000000000000000E+001                 -2.0000000000000000E+001                 -2.0000000000000000E+001                  0.0000000000000000E+000                  0.0000000000000000E+000                  0.0000000000000000E+000                  0.0000000000000000E+000                  0.0000000000000000E+000                  0.0000000000000000E+000                  4.5956902462724933E+000                  5.0752122254224830E+000                  8.6948445661887985E-001                  4.1760416948950274E+000                  8.2403299907219045E-008                  7.5689950331103777E+000                  5.0586420398065723E-001                  1.6316227481197558E+001                  5.0586420398065723E-001                  7.5689950331103777E+000                  6.1907219957667659E-001                  8.4958980616528967E-001                  1.2978992933000704E+000                  6.9917854824107584E-001                  2.8030778881209512E-001                  3.3299435316329904E-004                  9.2993903587605311E-003                  3.4416106108119959E-003                  9.3604466091399014E-003                  2.0984548777820059E+001                  8.4054558855647947E+000                                        0                                        0                                        3                  1.0000000000000000E+000                  7.8526128502498145E-010                  0.0000000000000000E+000                  0.0000000000000000E+000                  0.0000000000000000E+000                  0.0000000000000000E+000                  0.0000000000000000E+000                  0.0000000000000000E+000                  0.0000000000000000E+000                  0.0000000000000000E+000                  0.0000000000000000E+000                  0.0000000000000000E+000                  0.0000000000000000E+000                  0.0000000000000000E+000                  0.0000000000000000E+000                  0.0000000000000000E+000                  0.0000000000000000E+000                  0.0000000000000000E+000                  0.0000000000000000E+000                  0.0000000000000000E+000                  0.0000000000000000E+000                  0.0000000000000000E+000                  0.0000000000000000E+000                  0.0000000000000000E+000                  0.0000000000000000E+000                  0.0000000000000000E+000                  1.0924126455199180E+005                  2.3894006983466060E+001                  2.7511116396948786E+001                  3.6254836622540756E+002                  4.1743146344824419E+002                  3.6344361359422903E+009                  1.5701128013446933E-002                  1.3651932338812427E+004                  0.0000000000000000E+000                  0.0000000000000000E+000                  0.0000000000000000E+000                  0.0000000000000000E+000                  0.0000000000000000E+000                  0.0000000000000000E+000                  5.1024997432947284E+011                  5.0349746878042450E+011                  0.0000000000000000E+000                  0.0000000000000000E+000                  0.0000000000000000E+000                  1.2548079813041940E+027                  0.0000000000000000E+000                  0.0000000000000000E+000                  0.0000000000000000E+000                  3.1812801655677347E-003                  5.1444897294880359E+011                  5.1346560901109900E+011                  5.1229725111977277E+011                  5.1089081494724249E+011                  5.0904789176727997E+011                  5.0600090107741626E+011                  5.0070718766025024E+011                  4.9507567774254041E+011                  4.8458619289521191E+011                  4.4806454577320007E+011                  3.6315265402029578E+011                  7.0288084827058101E+008                  7.0288084827058101E+008                  7.0288084827058101E+008                  0.0000000000000000E+000                  0.0000000000000000E+000                  0.0000000000000000E+000                  0.0000000000000000E+000                  0.0000000000000000E+000                  0.0000000000000000E+000                  9.3543004051338976E+003                  1.3124080975115603E+004                  0.0000000000000000E+000                  0.0000000000000000E+000                  0.0000000000000000E+000                  8.1338532021544670E+003 
                                      10                                     4001                  5.2659836132771363E+002                  2.0198280776294677E+000                  3.0000000000000000E+001                  3.4775799705279844E+001                 -9.8999999999999986E+001                  1.8164974033836874E+001                  6.0499249395319521E-001                  7.8126493742221854E-008                  9.9999999704122633E-001                  9.9999997583556477E-001                  6.4623984252954847E-001                  7.8126493742221854E-008                  9.9999999742361823E-001                  9.9999997228685711E-001                  5.2369333824486004E+000                 -2.7279571123188429E+001                 -1.0058928593519678E+001                  5.2369333824486004E+000                  3.4382921621976852E+000                  5.2299732337569180E+000                 -2.7279571123188429E+001                  0.0000000000000000E+000                  0.0000000000000000E+000                  1.9384081478959021E+034                  2.9296752456263394E+034                 -2.0000000000000000E+001                 -2.0000000000000000E+001                 -2.0000000000000000E+001                 -2.0000000000000000E+001                  0.0000000000000000E+000                  0.0000000000000000E+000                  0.0000000000000000E+000                  0.0000000000000000E+000                  0.0000000000000000E+000                  0.0000000000000000E+000                  4.5949675387167668E+000                  5.0736624026549011E+000                  8.7015496034654349E-001                  4.1747006874397004E+000                  5.7791114726743940E-008                  7.5678469789158358E+000                  5.0229331394001664E-001                  1.6311511954703711E+001                  5.0229331394001664E-001                  7.5678469789158358E+000                  6.1910427384717481E-001                  8.4958523812396192E-001                  1.2979132090531680E+000                  6.9916948974475712E-001                  2.8031129009803335E-001                  2.9777962968176601E-004                  9.2987571492335053E-003                  3.4416106108119994E-003                  9.3604466091399031E-003                  2.0984352588292531E+001                  8.4055323408168849E+000                                        0                                        0                                        3                  1.0000000000000000E+000                  7.8445470615841887E-010                  0.0000000000000000E+000                  0.0000000000000000E+000                  0.0000000000000000E+000                  0.0000000000000000E+000                  0.0000000000000000E+000                  0.0000000000000000E+000                  0.0000000000000000E+000                  0.0000000000000000E+000                  0.0000000000000000E+000                  0.0000000000000000E+000                  0.0000000000000000E+000                  0.0000000000000000E+000                  0.0000000000000000E+000                  0.0000000000000000E+000                  0.0000000000000000E+000                  0.0000000000000000E+000                  0.0000000000000000E+000                  0.0000000000000000E+000                  0.0000000000000000E+000                  0.0000000000000000E+000                  0.0000000000000000E+000                  0.0000000000000000E+000                  0.0000000000000000E+000                  0.0000000000000000E+000                  1.1329386287139644E+005                  2.3657890059563925E+001                  2.6819717868541684E+001                  3.6261852847241505E+002                  4.1108174072371963E+002                  3.6360939697805538E+009                  1.5913625059891707E-002                  1.3690705802085240E+004                  0.0000000000000000E+000                  0.0000000000000000E+000                  0.0000000000000000E+000                  0.0000000000000000E+000                  0.0000000000000000E+000                  0.0000000000000000E+000                  5.1103140923772424E+011                  5.0427249112127124E+011                  0.0000000000000000E+000                  0.0000000000000000E+000                  0.0000000000000000E+000                  1.2663552940155830E+027                  0.0000000000000000E+000                  0.0000000000000000E+000                  0.0000000000000000E+000                  3.1931681275603196E-003                  5.1524624722059357E+011                  5.1426295724701782E+011                  5.1309448518342725E+011                  5.1168468846176886E+011                  5.0984761917663812E+011                  5.0681636205230884E+011                  5.0153787970821710E+011                  4.9590015357721021E+011                  4.8539367974723566E+011                  4.4883473725038141E+011                  3.6385939977032465E+011                  7.0480991824116874E+008                  7.0480991824116874E+008                  7.0480991824116874E+008                  0.0000000000000000E+000                  0.0000000000000000E+000                  0.0000000000000000E+000                  0.0000000000000000E+000                  0.0000000000000000E+000                  0.0000000000000000E+000                  9.3667869489044824E+003                  1.3144185543161873E+004                  0.0000000000000000E+000                  0.0000000000000000E+000                  0.0000000000000000E+000                  8.1116803044917915E+003 
                                      11                                     4003                  6.5220405424159583E+002                  2.0990093236770924E+000                  3.0000000000000000E+001                  3.4775799705279844E+001                 -9.8999999999999986E+001                  1.8046997862754271E+001                  6.0154498923116484E-001                  7.8126493235628177E-008                  9.9999999700436892E-001                  9.9999997562857867E-001                  6.4253348730977633E-001                  7.8126493235628177E-008                  9.9999999739597545E-001                  9.9999997208545743E-001                  5.1769474259141006E+000                 -2.7326281165506693E+001                 -9.7578985978556965E+000                  5.1769474259141006E+000                  3.3721523873863419E+000                  5.1700859826345553E+000                 -2.7326281165506693E+001                  0.0000000000000000E+000                  0.0000000000000000E+000                  1.8839654836637476E+034                  2.8842739297769911E+034                 -2.0000000000000000E+001                 -2.0000000000000000E+001                 -2.0000000000000000E+001                 -2.0000000000000000E+001                  0.0000000000000000E+000                  0.0000000000000000E+000                  0.0000000000000000E+000                  0.0000000000000000E+000                  0.0000000000000000E+000                  0.0000000000000000E+000                  4.5944275850686864E+000                  5.0724745645597427E+000                  8.7064094859512642E-001                  4.1737287109425347E+000                  3.5012200617941439E-008                  7.5670334517425708E+000                  4.9980366850288604E-001                  1.6308200598983152E+001                  4.9980366850288604E-001                  7.5670334517425708E+000                  6.1912922163783735E-001                  8.4957979231742409E-001                  1.2979295785399307E+000                  6.9915869062642755E-001                  2.8031598800634466E-001                  2.5887227656752913E-004                  9.2979102324779669E-003                  3.4416106108120042E-003                  9.3604466091399031E-003                  2.0984148433952512E+001                  8.4056210824472579E+000                                        0                                        0                                        3                  1.0000000000000000E+000                  7.8391337369697089E-010                  0.0000000000000000E+000                  0.0000000000000000E+000                  0.0000000000000000E+000                  0.0000000000000000E+000                  0.0000000000000000E+000                  0.0000000000000000E+000                  0.0000000000000000E+000                  0.0000000000000000E+000                  0.0000000000000000E+000                  0.0000000000000000E+000                  0.0000000000000000E+000                  0.0000000000000000E+000                  0.0000000000000000E+000                  0.0000000000000000E+000                  0.0000000000000000E+000                  0.0000000000000000E+000                  0.0000000000000000E+000                  0.0000000000000000E+000                  0.0000000000000000E+000                  0.0000000000000000E+000                  0.0000000000000000E+000                  0.0000000000000000E+000                  0.0000000000000000E+000                  0.0000000000000000E+000                  1.1728436058228990E+005                  2.3564937474682878E+001                  2.6808610473122261E+001                  3.6289579315786801E+002                  4.1284777316112752E+002                  3.6431848833264127E+009                  1.6233997721662060E-002                  1.3743514045129152E+004                  0.0000000000000000E+000                  0.0000000000000000E+000                  0.0000000000000000E+000                  0.0000000000000000E+000                  0.0000000000000000E+000                  0.0000000000000000E+000                  5.1158907818937537E+011                  5.0482248183614362E+011                  0.0000000000000000E+000                  0.0000000000000000E+000                  0.0000000000000000E+000                  1.2773527346930958E+027                  0.0000000000000000E+000                  0.0000000000000000E+000                  0.0000000000000000E+000                  3.2001736581627198E-003                  5.1582494517636481E+011                  5.1484177226207660E+011                  5.1367329452140918E+011                  5.1226378831866223E+011                  5.1042847061149524E+011                  5.0740895629222937E+011                  5.0205104518775671E+011                  4.9650085534895782E+011                  4.8598265337657941E+011                  4.4939797100192224E+011                  3.6437971602464386E+011                  7.0615800876871133E+008                  7.0615800876871133E+008                  7.0615800876871133E+008                  0.0000000000000000E+000                  0.0000000000000000E+000                  0.0000000000000000E+000                  0.0000000000000000E+000                  0.0000000000000000E+000                  0.0000000000000000E+000                  9.3902976333202259E+003                  1.3175294519195404E+004                  0.0000000000000000E+000                  0.0000000000000000E+000                  0.0000000000000000E+000                  8.0946073112743297E+003 
                                      12                                     4000                  8.0293088573825446E+002                  2.1781905697247175E+000                  3.0000000000000000E+001                  3.4775799705279844E+001                 -9.8999999999999986E+001                  1.7819417214003042E+001                  5.9342001886997986E-001                  7.8126493957571087E-008                  9.9999999698594033E-001                  9.9999997547503683E-001                  6.3557260681280481E-001                  7.8126493957571087E-008                  9.9999999737754708E-001                  9.9999997196796653E-001                  5.1197521804229025E+000                 -2.7349656713193234E+001                 -9.8999999999999986E+001                  5.1197521804229025E+000                  3.3053178969358870E+000                  5.1130425200341492E+000                 -2.7349656713193234E+001                  0.0000000000000000E+000                  0.0000000000000000E+000                  1.8311228526130334E+034                  2.8395279321521610E+034                 -2.0000000000000000E+001                 -2.0000000000000000E+001                 -2.0000000000000000E+001                 -2.0000000000000000E+001                  0.0000000000000000E+000                  0.0000000000000000E+000                  0.0000000000000000E+000                  0.0000000000000000E+000                  0.0000000000000000E+000                  0.0000000000000000E+000                  4.5941135973540366E+000                  5.0717592312566282E+000                  8.7091125737286801E-001                  4.1731880933870515E+000                  1.6256728889835594E-008                  7.5666253102149978E+000                  4.9861904553291581E-001                  1.6306587212144770E+001                  4.9861904553291581E-001                  7.5666253102149978E+000                  6.1914490388792343E-001                  8.4957396361794768E-001                  1.2979468294941785E+000                  6.9914712875981389E-001                  2.8032165711784279E-001                  2.2103093401739201E-004                  9.2968899261539860E-003                  3.4416106108120037E-003                  9.3604466091399014E-003                  2.0983934838710319E+001                  8.4057257979519076E+000                                        0                                        0                                        3                  1.0000000000000000E+000                  7.8364378742729244E-010                  0.0000000000000000E+000                  0.0000000000000000E+000                  0.0000000000000000E+000                  0.0000000000000000E+000                  0.0000000000000000E+000                  0.0000000000000000E+000                  0.0000000000000000E+000                  0.0000000000000000E+000                  0.0000000000000000E+000                  0.0000000000000000E+000                  0.0000000000000000E+000                  0.0000000000000000E+000                  0.0000000000000000E+000                  0.0000000000000000E+000                  0.0000000000000000E+000                  0.0000000000000000E+000                  0.0000000000000000E+000                  0.0000000000000000E+000                  0.0000000000000000E+000                  0.0000000000000000E+000                  0.0000000000000000E+000                  0.0000000000000000E+000                  0.0000000000000000E+000                  0.0000000000000000E+000                  1.1376673297364981E+005                  2.3536608165423040E+001                  2.6774332051578163E+001                  3.6289713527399351E+002                  4.1281769794962906E+002                  3.6476950004713712E+009                  1.5906773262676300E-002                  1.3783253840613479E+004                  0.0000000000000000E+000                  0.0000000000000000E+000                  0.0000000000000000E+000                  0.0000000000000000E+000                  0.0000000000000000E+000                  0.0000000000000000E+000                  5.1190113792129156E+011                  5.0512440427771454E+011                  0.0000000000000000E+000                  0.0000000000000000E+000                  0.0000000000000000E+000                  1.2850509431673548E+027                  0.0000000000000000E+000                  0.0000000000000000E+000                  0.0000000000000000E+000                  3.2029597261181712E-003                  5.1614714346810077E+011                  5.1516408851488123E+011                  5.1399567426495471E+011                  5.1258641619596167E+011                  5.1075220178892523E+011                  5.0773957261125232E+011                  5.0238914099843768E+011                  4.9683725091603949E+011                  4.8631302933665790E+011                  4.4971517101463495E+011                  3.6467562312398157E+011                  7.0680036235154963E+008                  7.0680036235154963E+008                  7.0680036235154963E+008                  0.0000000000000000E+000                  0.0000000000000000E+000                  0.0000000000000000E+000                  0.0000000000000000E+000                  0.0000000000000000E+000                  0.0000000000000000E+000                  9.4062838103964859E+003                  1.3199109584775568E+004                  0.0000000000000000E+000                  0.0000000000000000E+000                  0.0000000000000000E+000                  8.0843132038722179E+003 
                                      13                                     4000                  9.8380308353424493E+002                  2.2573718157723421E+000                  3.0000000000000000E+001                  3.4775799705279844E+001                 -9.8999999999999986E+001                  1.7491135883604578E+001                  5.8220054600257742E-001                  7.8126494117082452E-008                  9.9999999696751174E-001                  9.9999997538711349E-001                  6.2576545413382301E-001                  7.8126494117082452E-008                  9.9999999736833289E-001                  9.9999997176667077E-001                  5.0674594806164874E+000                 -2.7345746746014864E+001                 -9.8999999999999986E+001                  5.0674594806164874E+000                  3.2378786232257002E+000                  5.0609815184247893E+000                 -2.7345746746014864E+001                  0.0000000000000000E+000                  0.0000000000000000E+000                  1.7817261087927659E+034                  2.7968306919517021E+034                 -2.0000000000000000E+001                 -2.0000000000000000E+001                 -2.0000000000000000E+001                 -2.0000000000000000E+001                  0.0000000000000000E+000                  0.0000000000000000E+000                  0.0000000000000000E+000                  0.0000000000000000E+000                  0.0000000000000000E+000                  0.0000000000000000E+000                  4.5940726324814278E+000                  5.0716627978694087E+000                  8.7094497042447439E-001                  4.1731206672838388E+000                  1.6900067284352025E-009                  7.5666904642135107E+000                  4.9895265901988078E-001                  1.6306952091316148E+001                  4.9895265901988078E-001                  7.5666904642135107E+000                  6.1914979737982312E-001                  8.4956769949836330E-001                  1.2979650139415857E+000                  6.9913469793755068E-001                  2.8032859429262563E-001                  1.8537902296840875E-004                  9.2956412303269280E-003                  3.4416106108120037E-003                  9.3604466091399031E-003                  2.0983709084810446E+001                  8.4058517660985839E+000                                        0                                        0                                        3                  1.0000000000000000E+000                  7.8361398735134611E-010                  0.0000000000000000E+000                  0.0000000000000000E+000                  0.0000000000000000E+000                  0.0000000000000000E+000                  0.0000000000000000E+000                  0.0000000000000000E+000                  0.0000000000000000E+000                  0.0000000000000000E+000                  0.0000000000000000E+000                  0.0000000000000000E+000                  0.0000000000000000E+000                  0.0000000000000000E+000                  0.0000000000000000E+000                  0.0000000000000000E+000                  0.0000000000000000E+000                  0.0000000000000000E+000                  0.0000000000000000E+000                  0.0000000000000000E+000                  0.0000000000000000E+000                  0.0000000000000000E+000                  0.0000000000000000E+000                  0.0000000000000000E+000                  0.0000000000000000E+000                  0.0000000000000000E+000                  1.1208391865333897E+005                  2.3538733097075980E+001                  2.6710283325323633E+001                  3.6326901115393122E+002                  4.1221497228484992E+002                  3.6543230004432631E+009                  1.5738094026119340E-002                  1.3806514411455129E+004                  0.0000000000000000E+000                  0.0000000000000000E+000                  0.0000000000000000E+000                  0.0000000000000000E+000                  0.0000000000000000E+000                  0.0000000000000000E+000                  5.1193068885265533E+011                  5.0514944638775317E+011                  0.0000000000000000E+000                  0.0000000000000000E+000                  0.0000000000000000E+000                  1.2883501753706086E+027                  0.0000000000000000E+000                  0.0000000000000000E+000                  0.0000000000000000E+000                  3.2031424616077997E-003                  5.1618734782908636E+011                  5.1520431451111957E+011                  5.1403591707176947E+011                  5.1262670158915082E+011                  5.1079264272575769E+011                  5.0778092340709216E+011                  5.0243152658526367E+011                  4.9687948624425800E+011                  4.8635458077034552E+011                  4.4975523247692072E+011                  3.6471323501014960E+011                  7.0661940409948981E+008                  7.0661940409948981E+008                  7.0661940409948981E+008                  0.0000000000000000E+000                  0.0000000000000000E+000                  0.0000000000000000E+000                  0.0000000000000000E+000                  0.0000000000000000E+000                  0.0000000000000000E+000                  9.4218534398613265E+003                  1.3217349571010196E+004                  0.0000000000000000E+000                  0.0000000000000000E+000                  0.0000000000000000E+000                  8.0828847493368194E+003 
                                      14                                     3994                  1.2008497208894335E+003                  2.3365530618199672E+000                  3.0000000000000000E+001                  3.4775799705279844E+001                 -9.8999999999999986E+001                  1.7101795452733608E+001                  5.6954707585985720E-001                  7.8126494002509374E-008                  9.9999999696751174E-001                  9.9999997537586593E-001                  6.1351444466103155E-001                  7.8126494002509374E-008                  9.9999999736372580E-001                  9.9999997178706534E-001                  5.0225075218251831E+000                 -2.7311169720458206E+001                 -9.8999999999999986E+001                  5.0225075218251831E+000                  3.1687020287144461E+000                  5.0163834928828388E+000                 -2.7311169720458206E+001                  0.0000000000000000E+000                  0.0000000000000000E+000                  1.7379723684958602E+034                  2.7579719155701059E+034                 -2.0000000000000000E+001                 -2.0000000000000000E+001                 -2.0000000000000000E+001                 -2.0000000000000000E+001                  0.0000000000000000E+000                  0.0000000000000000E+000                  0.0000000000000000E+000                  0.0000000000000000E+000                  0.0000000000000000E+000                  0.0000000000000000E+000                  4.5943535617346862E+000                  5.0723534063238320E+000                  8.7072841614516971E-001                  4.1735537758424481E+000                 -9.0324783537761181E-009                  7.5672878548776135E+000                  5.0098511786545841E-001                  1.6309535048078235E+001                  5.0098511786545841E-001                  7.5672878548776135E+000                  6.1914264114621820E-001                  8.4956083923458314E-001                  1.2979844638994678E+000                  6.9912107633674569E-001                  2.8033729722722822E-001                  1.5290880506614880E-004                  9.2940711781973467E-003                  3.4416106108120055E-003                  9.3604466091399031E-003                  2.0983466692997453E+001                  8.4060066107804960E+000                                        0                                        0                                        3                  1.0000000000000000E+000                  7.8377116136767053E-010                  0.0000000000000000E+000                  0.0000000000000000E+000                  0.0000000000000000E+000                  0.0000000000000000E+000                  0.0000000000000000E+000                  0.0000000000000000E+000                  0.0000000000000000E+000                  0.0000000000000000E+000                  0.0000000000000000E+000                  0.0000000000000000E+000                  0.0000000000000000E+000                  0.0000000000000000E+000                  0.0000000000000000E+000                  0.0000000000000000E+000                  0.0000000000000000E+000                  0.0000000000000000E+000                  0.0000000000000000E+000                  0.0000000000000000E+000                  0.0000000000000000E+000                  0.0000000000000000E+000                  0.0000000000000000E+000                  0.0000000000000000E+000                  0.0000000000000000E+000                  0.0000000000000000E+000                  1.1178842490300989E+005                  2.3482628597906206E+001                  2.6723835264264348E+001                  3.6227696206029037E+002                  4.1228049976485914E+002                  3.6595748015355601E+009                  1.5700362602538109E-002                  1.3853127914281416E+004                  0.0000000000000000E+000                  0.0000000000000000E+000                  0.0000000000000000E+000                  0.0000000000000000E+000                  0.0000000000000000E+000                  0.0000000000000000E+000                  5.1167133244380139E+011                  5.0486036801889069E+011                  0.0000000000000000E+000                  0.0000000000000000E+000                  0.0000000000000000E+000                  1.2905496635061140E+027                  0.0000000000000000E+000                  0.0000000000000000E+000                  0.0000000000000000E+000                  3.2027101110470024E-003                  5.1592909842691296E+011                  5.1494585823286420E+011                  5.1377726399322852E+011                  5.1236765774378107E+011                  5.1053241401165839E+011                  5.0751429800642273E+011                  5.0215726941431073E+011                  4.9660559768292334E+011                  4.8608442417445953E+011                  4.4949310354714301E+011                  3.6446217319519904E+011                  7.0551795882809687E+008                  7.0551795882809687E+008                  7.0551795882809687E+008                  0.0000000000000000E+000                  0.0000000000000000E+000                  0.0000000000000000E+000                  0.0000000000000000E+000                  0.0000000000000000E+000                  0.0000000000000000E+000                  9.4320706294629981E+003                  1.3246410936712578E+004                  0.0000000000000000E+000                  0.0000000000000000E+000                  0.0000000000000000E+000                  8.0929168012560440E+003 
                                      15                                     3990                  1.4613056857156598E+003                  2.4157343078675919E+000                  3.0000000000000000E+001                  3.4775799705279844E+001                 -9.8999999999999986E+001                  1.6681454391522472E+001                  5.5600690200077374E-001                  7.8126477959596933E-008                  9.9999999698594033E-001                  9.9999997545089703E-001                  6.0039259186565708E-001                  7.8126477959596933E-008                  9.9999999737754708E-001                  9.9999997185475054E-001                  4.9882810130435722E+000                 -2.7244216862145080E+001                 -9.8999999999999986E+001                  4.9882810130435722E+000                  3.0957636344671711E+000                  4.9826826234152026E+000                 -2.7244216862145080E+001                  0.0000000000000000E+000                  0.0000000000000000E+000                  1.7030335705030004E+034                  2.7256560442377687E+034                 -2.0000000000000000E+001                 -2.0000000000000000E+001                 -2.0000000000000000E+001                 -2.0000000000000000E+001                  0.0000000000000000E+000                  0.0000000000000000E+000                  0.0000000000000000E+000                  0.0000000000000000E+000                  0.0000000000000000E+000                  0.0000000000000000E+000                  4.5949924664138022E+000                  5.0739534038840439E+000                  8.7025060556704359E-001                  4.1745093969987002E+000                 -1.6550212015599843E-008                  7.5684487119970898E+000                  5.0480190769725464E-001                  1.6314455207445956E+001                  5.0480190769725464E-001                  7.5684487119970898E+000                  6.1912283923053657E-001                  8.4955312938416661E-001                  1.2980057277867247E+000                  6.9910575603405445E-001                  2.8034849170611875E-001                  1.2484317416570228E-004                  9.2920424828114492E-003                  3.4416106108120050E-003                  9.3604466091399031E-003                  2.0983200156587632E+001                  8.4062013397900497E+000                                        0                                        0                                        3                  1.0000000000000000E+000                  7.8408986075571668E-010                  0.0000000000000000E+000                  0.0000000000000000E+000                  0.0000000000000000E+000                  0.0000000000000000E+000                  0.0000000000000000E+000                  0.0000000000000000E+000                  0.0000000000000000E+000                  0.0000000000000000E+000                  0.0000000000000000E+000                  0.0000000000000000E+000                  0.0000000000000000E+000                  0.0000000000000000E+000                  0.0000000000000000E+000                  0.0000000000000000E+000                  0.0000000000000000E+000                  0.0000000000000000E+000                  0.0000000000000000E+000                  0.0000000000000000E+000                  0.0000000000000000E+000                  0.0000000000000000E+000                  0.0000000000000000E+000                  0.0000000000000000E+000                  0.0000000000000000E+000                  0.0000000000000000E+000                  1.1317255331946975E+005                  2.3530523926153787E+001                  2.6972623627960417E+001                  3.6238464978294780E+002                  4.1539511818015848E+002                  3.6762047092311897E+009                  1.5820096858074437E-002                  1.3898261511808358E+004                  0.0000000000000000E+000                  0.0000000000000000E+000                  0.0000000000000000E+000                  0.0000000000000000E+000                  0.0000000000000000E+000                  0.0000000000000000E+000                  5.1110990103228656E+011                  5.0427576080393427E+011                  0.0000000000000000E+000                  0.0000000000000000E+000                  0.0000000000000000E+000                  1.2894499194383627E+027                  0.0000000000000000E+000                  0.0000000000000000E+000                  0.0000000000000000E+000                  3.2019055498909705E-003                  5.1535969394151526E+011                  5.1437592499910693E+011                  5.1320679814019806E+011                  5.1179619746575012E+011                  5.0995811613914124E+011                  5.0692516572414117E+011                  5.0155026625479669E+011                  4.9599879878978271E+011                  4.8548515245820251E+011                  4.4890983068145337E+011                  3.6389983316627734E+011                  7.0345417261346507E+008                  7.0345417261346507E+008                  7.0345417261346507E+008                  0.0000000000000000E+000                  0.0000000000000000E+000                  0.0000000000000000E+000                  0.0000000000000000E+000                  0.0000000000000000E+000                  0.0000000000000000E+000                  9.4496054192272259E+003                  1.3261654239955262E+004                  0.0000000000000000E+000                  0.0000000000000000E+000                  0.0000000000000000E+000                  8.1157874744132014E+003 
                                      16                                     3993                  1.7738528435071310E+003                  2.4949155539152166E+000                  3.0000000000000000E+001                  3.4775799705279844E+001                 -9.8999999999999986E+001                  1.6275305949555396E+001                  5.4216675091689925E-001                  7.8126477293463118E-008                  9.9999999700436892E-001                  9.9999997561842735E-001                  5.8813236267949076E-001                  7.8126477293463118E-008                  9.9999999739597545E-001                  9.9999997209664271E-001                  4.9687177813685626E+000                 -2.7146606265043005E+001                 -9.8999999999999986E+001                  4.9687177813685617E+000                  3.0158823270864459E+000                  4.9638494430387698E+000                 -2.7146606265043005E+001                  0.0000000000000000E+000                  0.0000000000000000E+000                  1.6808251218430491E+034                  2.7035103786180786E+034                 -2.0000000000000000E+001                 -2.0000000000000000E+001                 -2.0000000000000000E+001                 -2.0000000000000000E+001                  0.0000000000000000E+000                  0.0000000000000000E+000                  0.0000000000000000E+000                  0.0000000000000000E+000                  0.0000000000000000E+000                  0.0000000000000000E+000                  4.5959878024073246E+000                  5.0764359812903486E+000                  8.6950122228315008E-001                  4.1760081635664870E+000                 -2.1514125136007578E-008                  7.5701461504135672E+000                  5.1029285613092523E-001                  1.6321581499963717E+001                  5.1029285613092523E-001                  7.5701461504135672E+000                  6.1909124851861841E-001                  8.4954417201111676E-001                  1.2980297157519418E+000                  6.9908793903605382E-001                  2.8036320089645056E-001                  1.0242415123768480E-004                  9.2893588679586678E-003                  3.4416106108120050E-003                  9.3604466091399031E-003                  2.0982897006276804E+001                  8.4064515735514416E+000                                        0                                        0                                        3                  1.0000000000000000E+000                  7.8462973482897831E-010                  0.0000000000000000E+000                  0.0000000000000000E+000                  0.0000000000000000E+000                  0.0000000000000000E+000                  0.0000000000000000E+000                  0.0000000000000000E+000                  0.0000000000000000E+000                  0.0000000000000000E+000                  0.0000000000000000E+000                  0.0000000000000000E+000                  0.0000000000000000E+000                  0.0000000000000000E+000                  0.0000000000000000E+000                  0.0000000000000000E+000                  0.0000000000000000E+000                  0.0000000000000000E+000                  0.0000000000000000E+000                  0.0000000000000000E+000                  0.0000000000000000E+000                  0.0000000000000000E+000                  0.0000000000000000E+000                  0.0000000000000000E+000                  0.0000000000000000E+000                  0.0000000000000000E+000                  1.0910313388445192E+005                  2.3707274467485682E+001                  2.7297328939135774E+001                  3.6342456153398967E+002                  4.1845889177857254E+002                  3.6862612254172235E+009                  1.5460550251822443E-002                  1.3849882656931182E+004                  0.0000000000000000E+000                  0.0000000000000000E+000                  0.0000000000000000E+000                  0.0000000000000000E+000                  0.0000000000000000E+000                  0.0000000000000000E+000                  5.1022469893927228E+011                  5.0338526849848401E+011                  0.0000000000000000E+000                  0.0000000000000000E+000                  0.0000000000000000E+000                  1.2773527346930983E+027                  0.0000000000000000E+000                  0.0000000000000000E+000                  0.0000000000000000E+000                  3.1991019055882530E-003                  5.1446795245102576E+011                  5.1348338119721100E+011                  5.1231344214992920E+011                  5.1090130482826050E+011                  5.0905876569497699E+011                  5.0600234844096118E+011                  5.0069154866737305E+011                  4.9504904772769427E+011                  4.8454745704507751E+011                  4.4799760698349890E+011                  3.6302184813965247E+011                  7.0049573256735027E+008                  7.0049573256735027E+008                  7.0049573256735027E+008                  0.0000000000000000E+000                  0.0000000000000000E+000                  0.0000000000000000E+000                  0.0000000000000000E+000                  0.0000000000000000E+000                  0.0000000000000000E+000                  9.4454649973090582E+003                  1.3248006413519330E+004                  0.0000000000000000E+000                  0.0000000000000000E+000                  0.0000000000000000E+000                  8.1519160410381155E+003 
                                      17                                     3984                  2.1489094328568967E+003                  2.5740967999628412E+000                  3.0000000000000000E+001                  3.4775799705279844E+001                 -9.8999999999999986E+001                  1.5932754006732551E+001                  5.3063276506663237E-001                  7.8126493613958408E-008                  9.9999999705044040E-001                  9.9999997587807010E-001                  5.7681092244583299E-001                  7.8126493613958408E-008                  9.9999999743283219E-001                  9.9999997239330274E-001                  4.9665891307301298E+000                 -2.7025397105295156E+001                 -1.0837079843903322E+001                  4.9665891307301298E+000                  2.9246472551737086E+000                  4.9626279787429999E+000                 -2.7025397105295156E+001                  0.0000000000000000E+000                  0.0000000000000000E+000                  1.6745129400482600E+034                  2.6947808221551718E+034                 -2.0000000000000000E+001                 -2.0000000000000000E+001                 -2.0000000000000000E+001                 -2.0000000000000000E+001                  0.0000000000000000E+000                  0.0000000000000000E+000                  0.0000000000000000E+000                  0.0000000000000000E+000                  0.0000000000000000E+000                  0.0000000000000000E+000                  4.5972735547268764E+000                  5.0795342638844669E+000                  8.6847885894110721E-001                  4.1780528902505729E+000                 -2.4288716379968368E-008                  7.5722609837886106E+000                  5.1704426937317249E-001                  1.6330391204389802E+001                  5.1704426937317249E-001                  7.5722609837886106E+000                  6.1905112992857203E-001                  8.4953336287475234E-001                  1.2980578898657451E+000                  6.9906641346491905E-001                  2.8038278855177873E-001                  8.6425207394323828E-005                  9.2857551075396505E-003                  3.4416106108120055E-003                  9.3604466091399049E-003                  2.0982537617572639E+001                  8.4067785538701969E+000                                        0                                        0                                        3                  1.0000000000000000E+000                  7.8555538054138291E-010                  0.0000000000000000E+000                  0.0000000000000000E+000                  0.0000000000000000E+000                  0.0000000000000000E+000                  0.0000000000000000E+000                  0.0000000000000000E+000                  0.0000000000000000E+000                  0.0000000000000000E+000                  0.0000000000000000E+000                  0.0000000000000000E+000                  0.0000000000000000E+000                  0.0000000000000000E+000                  0.0000000000000000E+000                  0.0000000000000000E+000                  0.0000000000000000E+000                  0.0000000000000000E+000                  0.0000000000000000E+000                  0.0000000000000000E+000                  0.0000000000000000E+000                  0.0000000000000000E+000                  0.0000000000000000E+000                  0.0000000000000000E+000                  0.0000000000000000E+000                  0.0000000000000000E+000                  1.0516770661237366E+005                  2.3982670338918361E+001                  2.7977977973325821E+001                  3.6323534799601146E+002                  4.2374724839853212E+002                  3.6987339900914350E+009                  1.5247781141350674E-002                  1.3846143512113216E+004                  0.0000000000000000E+000                  0.0000000000000000E+000                  0.0000000000000000E+000                  0.0000000000000000E+000                  0.0000000000000000E+000                  0.0000000000000000E+000                  5.0903367231147461E+011                  5.0216061785702277E+011                  0.0000000000000000E+000                  0.0000000000000000E+000                  0.0000000000000000E+000                  1.2669051660494614E+027                  0.0000000000000000E+000                  0.0000000000000000E+000                  0.0000000000000000E+000                  3.1944055028174656E-003                  5.1325409375351050E+011                  5.1226870759503760E+011                  5.1109800350538837E+011                  5.0968420826740515E+011                  5.0783619871309674E+011                  5.0474926848720691E+011                  4.9940522699669849E+011                  4.9376608665275592E+011                  4.8328361300215509E+011                  4.4677437706168781E+011                  3.6214990284735907E+011                  6.9687522158282399E+008                  6.9687522158282399E+008                  6.9687522158282399E+008                  0.0000000000000000E+000                  0.0000000000000000E+000                  0.0000000000000000E+000                  0.0000000000000000E+000                  0.0000000000000000E+000                  0.0000000000000000E+000                  9.4450301821799130E+003                  1.3251057866303672E+004                  0.0000000000000000E+000                  0.0000000000000000E+000                  0.0000000000000000E+000                  8.1982427920156279E+003 
                                      18                                     3976                  2.5989773400766157E+003                  2.6532780460104664E+000                  3.0000000000000000E+001                  3.4775799705279844E+001                 -9.8999999999999986E+001                  1.5704320844932935E+001                  5.2282840627802218E-001                  7.8126493892361157E-008                  9.9999999709651166E-001                  9.9999997621733239E-001                  5.7015724963009551E-001                  7.8126493892361157E-008                  9.9999999747429602E-001                  9.9999997273277208E-001                  4.9808230593842930E+000                 -2.6893592971713240E+001                 -9.8999999999999986E+001                  4.9808230593842930E+000                  2.8170890335923628E+000                  4.9778339349787268E+000                 -2.6893592971713240E+001                  0.0000000000000000E+000                  0.0000000000000000E+000                  1.6838311536192505E+034                  2.6999626196242352E+034                 -2.0000000000000000E+001                 -2.0000000000000000E+001                 -2.0000000000000000E+001                 -2.0000000000000000E+001                  0.0000000000000000E+000                  0.0000000000000000E+000                  0.0000000000000000E+000                  0.0000000000000000E+000                  0.0000000000000000E+000                  0.0000000000000000E+000                  4.5987093799785654E+000                  5.0827324316708076E+000                  8.6720629233089885E-001                  4.1805980234709894E+000                 -2.4995902341150983E-008                  7.5745691440116723E+000                  5.2430695799359195E-001                  1.6339924111720531E+001                  5.2430695799359195E-001                  7.5745691440116723E+000                  6.1900857862496195E-001                  8.4951987352946701E-001                  1.2980923471128627E+000                  6.9903951808206533E-001                  2.8040890564687782E-001                  7.6619634794651258E-005                  9.2809066979978941E-003                  3.4416106108120055E-003                  9.3604466091399049E-003                  2.0982094130996487E+001                  8.4072091310802488E+000                                        0                                        0                                        3                  1.0000000000000000E+000                  7.8708872629231133E-010                  0.0000000000000000E+000                  0.0000000000000000E+000                  0.0000000000000000E+000                  0.0000000000000000E+000                  0.0000000000000000E+000                  0.0000000000000000E+000                  0.0000000000000000E+000                  0.0000000000000000E+000                  0.0000000000000000E+000                  0.0000000000000000E+000                  0.0000000000000000E+000                  0.0000000000000000E+000                  0.0000000000000000E+000                  0.0000000000000000E+000                  0.0000000000000000E+000                  0.0000000000000000E+000                  0.0000000000000000E+000                  0.0000000000000000E+000                  0.0000000000000000E+000                  0.0000000000000000E+000                  0.0000000000000000E+000                  0.0000000000000000E+000                  0.0000000000000000E+000                  0.0000000000000000E+000                  1.0454021759670433E+005                  2.4208079695619855E+001                  2.8728502043656267E+001                  3.6430812925734938E+002                  4.3233610296582293E+002                  3.7031275938632727E+009                  1.5212470588632341E-002                  1.3755281445247265E+004                  0.0000000000000000E+000                  0.0000000000000000E+000                  0.0000000000000000E+000                  0.0000000000000000E+000                  0.0000000000000000E+000                  0.0000000000000000E+000                  5.0755240364779169E+011                  5.0067796679944879E+011                  0.0000000000000000E+000                  0.0000000000000000E+000                  0.0000000000000000E+000                  1.2476596448638142E+027                  0.0000000000000000E+000                  0.0000000000000000E+000                  0.0000000000000000E+000                  3.1786225690030312E-003                  5.1174767933357867E+011                  5.1076191787001086E+011                  5.0959106677251367E+011                  5.0817989441442340E+011                  5.0632297762866547E+011                  5.0320231628014325E+011                  4.9782653950978119E+011                  4.9224642721186926E+011                  4.8174485399749323E+011                  4.4551827879049493E+011                  3.6078242469487079E+011                  6.9300142368758023E+008                  6.9300142368758023E+008                  6.9300142368758023E+008                  0.0000000000000000E+000                  0.0000000000000000E+000                  0.0000000000000000E+000                  0.0000000000000000E+000                  0.0000000000000000E+000                  0.0000000000000000E+000                  9.4314817685472226E+003                  1.3226954705452601E+004                  0.0000000000000000E+000                  0.0000000000000000E+000                  0.0000000000000000E+000                  8.2464623738740211E+003 
                                      19                                     3970                  3.1390588287402784E+003                  2.7324592920580910E+000                  3.0000000000000000E+001                  3.4775799705279844E+001                 -9.8999999999999986E+001                  1.5627504781483246E+001                  5.2086776345566643E-001                  7.8126493947115048E-008                  9.9999999715179744E-001                  9.9999997660919804E-001                  5.6771655454914349E-001                  7.8126493947115048E-008                  9.9999999752497426E-001                  9.9999997331423396E-001                  5.0054151037573780E+000                 -2.6767666325590891E+001                 -1.0359958589183659E+001                  5.0054151037573780E+000                  2.6897021882428338E+000                  5.0033107286374561E+000                 -2.6767666325590891E+001                  0.0000000000000000E+000                  0.0000000000000000E+000                  1.7037624675025386E+034                  2.7152171077827481E+034                 -2.0000000000000000E+001                 -2.0000000000000000E+001                 -2.0000000000000000E+001                 -2.0000000000000000E+001                  0.0000000000000000E+000                  0.0000000000000000E+000                  0.0000000000000000E+000                  0.0000000000000000E+000                  0.0000000000000000E+000                  0.0000000000000000E+000                  4.6001057682946280E+000                  5.0853847265893783E+000                  8.6573966315805972E-001                  4.1835312818166681E+000                 -2.3818450105727704E-008                  7.5767826715951285E+000                  5.3114552736306198E-001                  1.6348967349726841E+001                  5.3114552736306198E-001                  7.5767826715951285E+000                  6.1897149694877829E-001                  8.4950275497045180E-001                  1.2981355657612705E+000                  6.9900535063824687E-001                  2.8044326399989816E-001                  7.1687969879726288E-005                  9.2744760522416505E-003                  3.4416106108120059E-003                  9.3604466091399049E-003                  2.0981532252859719E+001                  8.4077740280254751E+000                                        0                                        0                                        3                  1.0000000000000000E+000                  7.8941110944655594E-010                  0.0000000000000000E+000                  0.0000000000000000E+000                  0.0000000000000000E+000                  0.0000000000000000E+000                  0.0000000000000000E+000                  0.0000000000000000E+000                  0.0000000000000000E+000                  0.0000000000000000E+000                  0.0000000000000000E+000                  0.0000000000000000E+000                  0.0000000000000000E+000                  0.0000000000000000E+000                  0.0000000000000000E+000                  0.0000000000000000E+000                  0.0000000000000000E+000                  0.0000000000000000E+000                  0.0000000000000000E+000                  0.0000000000000000E+000                  0.0000000000000000E+000                  0.0000000000000000E+000                  0.0000000000000000E+000                  0.0000000000000000E+000                  0.0000000000000000E+000                  0.0000000000000000E+000                  1.0624128037990117E+005                  2.4238536451793710E+001                  2.9152105166709795E+001                  3.6461041914869406E+002                  4.3852322952916097E+002                  3.7003825535589504E+009                  1.5269751544897863E-002                  1.3678559673640508E+004                  0.0000000000000000E+000                  0.0000000000000000E+000                  0.0000000000000000E+000                  0.0000000000000000E+000                  0.0000000000000000E+000                  0.0000000000000000E+000                  5.0585810834992462E+011                  4.9898591100608630E+011                  0.0000000000000000E+000                  0.0000000000000000E+000                  0.0000000000000000E+000                  1.2289639957120428E+027                  0.0000000000000000E+000                  0.0000000000000000E+000                  0.0000000000000000E+000                  3.1475573540156176E-003                  5.1003109561618628E+011                  5.0903262447183044E+011                  5.0787859372475592E+011                  5.0645587228403351E+011                  5.0460709023012268E+011                  5.0148567697722339E+011                  4.9604267995729938E+011                  4.9048304965636591E+011                  4.8007026724714221E+011                  4.4389435065741620E+011                  3.5933214871286377E+011                  6.8937353030537450E+008                  6.8937353030537450E+008                  6.8937353030537450E+008                  0.0000000000000000E+000                  0.0000000000000000E+000                  0.0000000000000000E+000                  0.0000000000000000E+000                  0.0000000000000000E+000                  0.0000000000000000E+000                  9.4214413415585441E+003                  1.3212807719917961E+004                  0.0000000000000000E+000                  0.0000000000000000E+000                  0.0000000000000000E+000                  8.2882031182493902E+003 
                                      20                                     3973                  3.7682205108881076E+003                  2.7987622649072303E+000                  3.0000000000000000E+001                  3.4775799705279844E+001                 -9.8999999999999986E+001                  1.5681520974507086E+001                  5.2217485867055513E-001                  7.8126478348291816E-008                  9.9999999721629773E-001                  9.9999997701568810E-001                  5.6893690208960612E-001                  7.8126478348291816E-008                  9.9999999757565272E-001                  9.9999997373323291E-001                  5.0314558200344690E+000                 -2.6664351229162680E+001                 -9.8999999999999986E+001                  5.0314558200344690E+000                  2.5469930852889378E+000                  5.0300301000357557E+000                 -2.6664351229162680E+001                  0.0000000000000000E+000                  0.0000000000000000E+000                  1.7262453192522052E+034                  2.7336300817941019E+034                 -2.0000000000000000E+001                 -2.0000000000000000E+001                 -2.0000000000000000E+001                 -2.0000000000000000E+001                  0.0000000000000000E+000                  0.0000000000000000E+000                  0.0000000000000000E+000                  0.0000000000000000E+000                  0.0000000000000000E+000                  0.0000000000000000E+000                  4.6012590167952725E+000                  5.0869304216108775E+000                  8.6420601366752037E-001                  4.1865985807977468E+000                 -2.1236004265134558E-008                  7.5786050308930122E+000                  5.3664130668211618E-001                  1.6356305836064415E+001                  5.3664130668211618E-001                  7.5786050308930122E+000                  6.1894739881856387E-001                  8.4948178696420928E-001                  1.2981882334754147E+000                  6.9896346707076451E-001                  2.8048599747738212E-001                  6.9808686878447613E-005                  9.2664297416233821E-003                  3.4416106108120055E-003                  9.3604466091399066E-003                  2.0980837703555281E+001                  8.4084824563617691E+000                                        0                                        0                                        3                  1.0000000000000000E+000                  7.9246181166608669E-010                  0.0000000000000000E+000                  0.0000000000000000E+000                  0.0000000000000000E+000                  0.0000000000000000E+000                  0.0000000000000000E+000                  0.0000000000000000E+000                  0.0000000000000000E+000                  0.0000000000000000E+000                  0.0000000000000000E+000                  0.0000000000000000E+000                  0.0000000000000000E+000                  0.0000000000000000E+000                  0.0000000000000000E+000                  0.0000000000000000E+000                  0.0000000000000000E+000                  0.0000000000000000E+000                  0.0000000000000000E+000                  0.0000000000000000E+000                  0.0000000000000000E+000                  0.0000000000000000E+000                  0.0000000000000000E+000                  0.0000000000000000E+000                  0.0000000000000000E+000                  0.0000000000000000E+000                  9.7053776869273235E+004                  2.4590571727676661E+001                  2.9661549811932254E+001                  3.6459057239879354E+002                  4.3977511153171770E+002                  3.6790393349306026E+009                  1.4588429268483890E-002                  1.3556057584158732E+004                  0.0000000000000000E+000                  0.0000000000000000E+000                  0.0000000000000000E+000                  0.0000000000000000E+000                  0.0000000000000000E+000                  0.0000000000000000E+000                  5.0410391095215692E+011                  4.9726641099847058E+011                  0.0000000000000000E+000                  0.0000000000000000E+000                  0.0000000000000000E+000                  1.2064192423231415E+027                  0.0000000000000000E+000                  0.0000000000000000E+000                  0.0000000000000000E+000                  3.0976146779537750E-003                  5.0822934286898792E+011                  5.0724068317677509E+011                  5.0608131940188702E+011                  5.0466848521966821E+011                  5.0281194454364502E+011                  4.9966763592412018E+011                  4.9422027918732629E+011                  4.8873321874543591E+011                  4.7833653431218689E+011                  4.4228637382740082E+011                  3.5825071586305927E+011                  6.8647176266392195E+008                  6.8647176266392195E+008                  6.8647176266392195E+008                  0.0000000000000000E+000                  0.0000000000000000E+000                  0.0000000000000000E+000                  0.0000000000000000E+000                  0.0000000000000000E+000                  0.0000000000000000E+000                  9.3961923110780117E+003                  1.3178603518586824E+004                  0.0000000000000000E+000                  0.0000000000000000E+000                  0.0000000000000000E+000                  8.3127599539779530E+003 
                                      21                                     3964                  4.5107103647524918E+003                  2.8706905233888222E+000                  3.0000000000000000E+001                  3.4775799705279844E+001                 -9.8999999999999986E+001                  1.5820067174418435E+001                  5.2674013879753079E-001                  7.8126494224672485E-008                  9.9999999726236921E-001                  9.9999997738959079E-001                  5.7379402808051849E-001                  7.8126494224672485E-008                  9.9999999761711655E-001                  9.9999997418582620E-001                  5.0532217413018232E+000                 -2.6588872838104368E+001                 -9.9339898569113778E+000                  5.0532217413018232E+000                  2.3967329502767249E+000                  5.0522628378460279E+000                 -2.6588872838104368E+001                  0.0000000000000000E+000                  0.0000000000000000E+000                  1.7457261333679783E+034                  2.7501865229637621E+034                 -2.0000000000000000E+001                 -2.0000000000000000E+001                 -2.0000000000000000E+001                 -2.0000000000000000E+001                  0.0000000000000000E+000                  0.0000000000000000E+000                  0.0000000000000000E+000                  0.0000000000000000E+000                  0.0000000000000000E+000                  0.0000000000000000E+000                  4.6020891368169696E+000                  5.0872201938276342E+000                  8.6269065973250503E-001                  4.1896292886677777E+000                 -1.7686741175223133E-008                  7.5799400894233369E+000                  5.4053312449750823E-001                  1.6361573296554795E+001                  5.4053312449750823E-001                  7.5799400894233369E+000                  6.1893938575837526E-001                  8.4945626815620268E-001                  1.2982522258905058E+000                  6.9891246599298640E-001                  2.8053827103311091E-001                  6.9378956006139594E-005                  9.2565538611734718E-003                  3.4416106108120055E-003                  9.3604466091399083E-003                  2.0979975863339472E+001                  8.4093653548284468E+000                                        0                                        0                                        3                  1.0000000000000000E+000                  7.9607507222290776E-010                  0.0000000000000000E+000                  0.0000000000000000E+000                  0.0000000000000000E+000                  0.0000000000000000E+000                  0.0000000000000000E+000                  0.0000000000000000E+000                  0.0000000000000000E+000                  0.0000000000000000E+000                  0.0000000000000000E+000                  0.0000000000000000E+000                  0.0000000000000000E+000                  0.0000000000000000E+000                  0.0000000000000000E+000                  0.0000000000000000E+000                  0.0000000000000000E+000                  0.0000000000000000E+000                  0.0000000000000000E+000                  0.0000000000000000E+000                  0.0000000000000000E+000                  0.0000000000000000E+000                  0.0000000000000000E+000                  0.0000000000000000E+000                  0.0000000000000000E+000                  0.0000000000000000E+000                  9.6492972430405265E+004                  2.4641210917612018E+001                  2.9729145062926492E+001                  3.6386825755642064E+002                  4.3900002515531617E+002                  3.6519750879419298E+009                  1.4563406895249846E-002                  1.3470930829742445E+004                  0.0000000000000000E+000                  0.0000000000000000E+000                  0.0000000000000000E+000                  0.0000000000000000E+000                  0.0000000000000000E+000                  0.0000000000000000E+000                  5.0237284955287238E+011                  4.9558620425375433E+011                  0.0000000000000000E+000                  0.0000000000000000E+000                  0.0000000000000000E+000                  1.1871737211374939E+027                  0.0000000000000000E+000                  0.0000000000000000E+000                  0.0000000000000000E+000                  3.0308254676075790E-003                  5.0645623521060297E+011                  5.0547857180638867E+011                  5.0433115042039496E+011                  5.0291811584460657E+011                  5.0106882169520709E+011                  4.9794325289987195E+011                  4.9255541389449402E+011                  4.8705837345147473E+011                  4.7673284687054382E+011                  4.4078816765512335E+011                  3.5704860144914893E+011                  6.8442427573184609E+008                  6.8442427573184609E+008                  6.8442427573184609E+008                  0.0000000000000000E+000                  0.0000000000000000E+000                  0.0000000000000000E+000                  0.0000000000000000E+000                  0.0000000000000000E+000                  0.0000000000000000E+000                  9.3850541921751701E+003                  1.3162080336614110E+004                  0.0000000000000000E+000                  0.0000000000000000E+000                  0.0000000000000000E+000                  8.3180440721938048E+003 
                                      22                                     3978                  5.4016981893897528E+003                  2.9498717694364469E+000                  3.0000000000000000E+001                  3.4775799705279844E+001                 -9.8999999999999986E+001                  1.5992607050959098E+001                  5.3256470603813844E-001                  7.8126494280239527E-008                  9.9999999729922662E-001                  9.9999997770962434E-001                  5.7861231978164118E-001                  7.8126494280239527E-008                  9.9999999765397363E-001                  9.9999997455296219E-001                  5.0684113998449387E+000                 -2.6540621064173060E+001                 -9.8999999999999986E+001                  5.0684113998449387E+000                  2.2533259809336581E+000                  5.0677460784174819E+000                 -2.6540621064173060E+001                  0.0000000000000000E+000                  0.0000000000000000E+000                  1.7597621696718879E+034                  2.7624878390754339E+034                 -2.0000000000000000E+001                 -2.0000000000000000E+001                 -2.0000000000000000E+001                 -2.0000000000000000E+001                  0.0000000000000000E+000                  0.0000000000000000E+000                  0.0000000000000000E+000                  0.0000000000000000E+000                  0.0000000000000000E+000                  0.0000000000000000E+000                  4.6025873168430911E+000                  5.0864247389504174E+000                  8.6129657224165246E-001                  4.1924174636494822E+000                 -1.3510254016882999E-008                  7.5807948490421682E+000                  5.4289714371965991E-001                  1.6364839825573441E+001                  5.4289714371965991E-001                  7.5807948490421682E+000                  6.1894825097624639E-001                  8.4942523135906545E-001                  1.2983300356996605E+000                  6.9885041585812846E-001                  2.8060191504908588E-001                  6.9495943464123556E-005                  9.2445218215093383E-003                  3.4416106108120046E-003                  9.3604466091399083E-003                  2.0978904596832688E+001                  8.4104633233304291E+000                                        0                                        0                                        3                  1.0000000000000000E+000                  7.9989760022767760E-010                  0.0000000000000000E+000                  0.0000000000000000E+000                  0.0000000000000000E+000                  0.0000000000000000E+000                  0.0000000000000000E+000                  0.0000000000000000E+000                  0.0000000000000000E+000                  0.0000000000000000E+000                  0.0000000000000000E+000                  0.0000000000000000E+000                  0.0000000000000000E+000                  0.0000000000000000E+000                  0.0000000000000000E+000                  0.0000000000000000E+000                  0.0000000000000000E+000                  0.0000000000000000E+000                  0.0000000000000000E+000                  0.0000000000000000E+000                  0.0000000000000000E+000                  0.0000000000000000E+000                  0.0000000000000000E+000                  0.0000000000000000E+000                  0.0000000000000000E+000                  0.0000000000000000E+000                  9.8596327313011454E+004                  2.4520993602634537E+001                  2.9627923519179856E+001                  3.6158342067735293E+002                  4.3688955297802642E+002                  3.6123702483041763E+009                  1.4783430028444398E-002                  1.3408241308655433E+004                  0.0000000000000000E+000                  0.0000000000000000E+000                  0.0000000000000000E+000                  0.0000000000000000E+000                  0.0000000000000000E+000                  0.0000000000000000E+000                  5.0078799327561835E+011                  4.9405943327690686E+011                  0.0000000000000000E+000                  0.0000000000000000E+000                  0.0000000000000000E+000                  1.1695778160534746E+027                  0.0000000000000000E+000                  0.0000000000000000E+000                  0.0000000000000000E+000                  2.9553621645070915E-003                  5.0483124670709509E+011                  5.0386534338657355E+011                  5.0271501960858124E+011                  5.0131898048152985E+011                  4.9948731743937030E+011                  4.9638290470977832E+011                  4.9097592801125616E+011                  4.8552566003047510E+011                  4.7531581265131183E+011                  4.3970595560657935E+011                  3.5635565850281049E+011                  6.8318354715352046E+008                  6.8318354715352046E+008                  6.8318354715352046E+008                  0.0000000000000000E+000                  0.0000000000000000E+000                  0.0000000000000000E+000                  0.0000000000000000E+000                  0.0000000000000000E+000                  0.0000000000000000E+000                  9.3687426780663882E+003                  1.3152408286057345E+004                  0.0000000000000000E+000                  0.0000000000000000E+000                  0.0000000000000000E+000                  8.3064782371905967E+003 
                                      23                                     3980                  6.4708835789544646E+003                  3.0290530154840716E+000                  3.0000000000000000E+001                  3.4775799705279844E+001                 -9.8999999999999986E+001                  1.6158256673773057E+001                  5.3834131623906489E-001                  7.8126493892494909E-008                  9.9999999733608369E-001                  9.9999997796330486E-001                  5.8458298451608370E-001                  7.8126493892494909E-008                  9.9999999767700898E-001                  9.9999997485260717E-001                  5.0771878427413233E+000                 -2.6515104811410282E+001                 -9.8999999999999986E+001                  5.0771878427413233E+000                  2.1320727265448922E+000                  5.0766947646447287E+000                 -2.6515104811410282E+001                  0.0000000000000000E+000                  0.0000000000000000E+000                  1.7685386444972621E+034                  2.7700967464495849E+034                 -2.0000000000000000E+001                 -2.0000000000000000E+001                 -2.0000000000000000E+001                 -2.0000000000000000E+001                  0.0000000000000000E+000                  0.0000000000000000E+000                  0.0000000000000000E+000                  0.0000000000000000E+000                  0.0000000000000000E+000                  0.0000000000000000E+000                  4.6028043257256170E+000                  5.0850071289577734E+000                  8.6015374948027867E-001                  4.1947031091722300E+000                 -9.2097697521714331E-009                  7.5812460500991490E+000                  5.4402898033411928E-001                  1.6366463941844909E+001                  5.4402898033411928E-001                  7.5812460500991490E+000                  6.1897300609551997E-001                  8.4938777330097726E-001                  1.2984239625777108E+000                  6.9877551375810576E-001                  2.8067871123824134E-001                  6.9739516019670547E-005                  9.2300302595315371E-003                  3.4416106108120046E-003                  9.3604466091399066E-003                  2.0977592623481236E+001                  8.4118073923486349E+000                                        0                                        0                                        3                  1.0000000000000000E+000                  8.0338327140928308E-010                  0.0000000000000000E+000                  0.0000000000000000E+000                  0.0000000000000000E+000                  0.0000000000000000E+000                  0.0000000000000000E+000                  0.0000000000000000E+000                  0.0000000000000000E+000                  0.0000000000000000E+000                  0.0000000000000000E+000                  0.0000000000000000E+000                  0.0000000000000000E+000                  0.0000000000000000E+000                  0.0000000000000000E+000                  0.0000000000000000E+000                  0.0000000000000000E+000                  0.0000000000000000E+000                  0.0000000000000000E+000                  0.0000000000000000E+000                  0.0000000000000000E+000                  0.0000000000000000E+000                  0.0000000000000000E+000                  0.0000000000000000E+000                  0.0000000000000000E+000                  0.0000000000000000E+000                  1.0019163190416199E+005                  2.4256757711668108E+001                  2.9258308696681066E+001                  3.5954898299547301E+002                  4.3368513059760647E+002                  3.5809221031668663E+009                  1.4821807913628650E-002                  1.3394690319825086E+004                  0.0000000000000000E+000                  0.0000000000000000E+000                  0.0000000000000000E+000                  0.0000000000000000E+000                  0.0000000000000000E+000                  0.0000000000000000E+000                  4.9950086795476648E+011                  4.9284240145634149E+011                  0.0000000000000000E+000                  0.0000000000000000E+000                  0.0000000000000000E+000                  1.1563808872404583E+027                  0.0000000000000000E+000                  0.0000000000000000E+000                  0.0000000000000000E+000                  2.8855371433438304E-003                  5.0351690323630005E+011                  5.0254139889482428E+011                  5.0141203391535809E+011                  5.0002101841231140E+011                  4.9818891041889594E+011                  4.9508120225318140E+011                  4.8975352765176294E+011                  4.8438276797019550E+011                  4.7420081963272449E+011                  4.3869276607700208E+011                  3.5564223783131396E+011                  6.8259031223058891E+008                  6.8259031223058891E+008                  6.8259031223058891E+008                  0.0000000000000000E+000                  0.0000000000000000E+000                  0.0000000000000000E+000                  0.0000000000000000E+000                  0.0000000000000000E+000                  0.0000000000000000E+000                  9.3654443655786490E+003                  1.3136962985443139E+004                  0.0000000000000000E+000                  0.0000000000000000E+000                  0.0000000000000000E+000                  8.2816755076462723E+003 
                                      24                                     3986                  7.7539060464321192E+003                  3.1082342615316967E+000                  3.0000000000000000E+001                  3.4775799705279844E+001                 -9.8999999999999986E+001                  1.6289091591483082E+001                  5.4280111396496356E-001                  7.8126494336628125E-008                  9.9999999734990530E-001                  9.9999997814264574E-001                  5.8813236267950453E-001                  7.8126494336628125E-008                  9.9999999769543757E-001                  9.9999997494141490E-001                  5.0812880120399431E+000                 -2.6505324234523290E+001                 -9.8999999999999986E+001                  5.0812880120399431E+000                  2.0401002861314383E+000                  5.0808928327650227E+000                 -2.6505324234523290E+001                  0.0000000000000000E+000                  0.0000000000000000E+000                  1.7740111142110279E+034                  2.7739706882970609E+034                 -2.0000000000000000E+001                 -2.0000000000000000E+001                 -2.0000000000000000E+001                 -2.0000000000000000E+001                  0.0000000000000000E+000                  0.0000000000000000E+000                  0.0000000000000000E+000                  0.0000000000000000E+000                  0.0000000000000000E+000                  0.0000000000000000E+000                  4.6028343132099181E+000                  5.0835209047883154E+000                  8.5935066242694835E-001                  4.1963092832788904E+000                 -5.3881536878626641E-009                  7.5814161952156249E+000                  5.4434561688715133E-001                  1.6366975686069893E+001                  5.4434561688715133E-001                  7.5814161952156249E+000                  6.1901190244569548E-001                  8.4934261917614762E-001                  1.2985372207191173E+000                  6.9868521357567703E-001                  2.8077124990979196E-001                  6.9979511283632187E-005                  9.2126359540395872E-003                  3.4416106108120046E-003                  9.3604466091399083E-003                  2.0976003246010997E+001                  8.4134350132071134E+000                                        0                                        0                                        3                  1.0000000000000000E+000                  8.0605455308576597E-010                  0.0000000000000000E+000                  0.0000000000000000E+000                  0.0000000000000000E+000                  0.0000000000000000E+000                  0.0000000000000000E+000                  0.0000000000000000E+000                  0.0000000000000000E+000                  0.0000000000000000E+000                  0.0000000000000000E+000                  0.0000000000000000E+000                  0.0000000000000000E+000                  0.0000000000000000E+000                  0.0000000000000000E+000                  0.0000000000000000E+000                  0.0000000000000000E+000                  0.0000000000000000E+000                  0.0000000000000000E+000                  0.0000000000000000E+000                  0.0000000000000000E+000                  0.0000000000000000E+000                  0.0000000000000000E+000                  0.0000000000000000E+000                  0.0000000000000000E+000                  0.0000000000000000E+000                  1.0344557483804131E+005                  2.3979906001390582E+001                  2.9062719435998368E+001                  3.5589098285116199E+002                  4.3132611878483732E+002                  3.5497887057795649E+009                  1.5130440177532702E-002                  1.3433195227076081E+004                  0.0000000000000000E+000                  0.0000000000000000E+000                  0.0000000000000000E+000                  0.0000000000000000E+000                  0.0000000000000000E+000                  0.0000000000000000E+000                  4.9859325267628705E+011                  4.9197538808273462E+011                  0.0000000000000000E+000                  0.0000000000000000E+000                  0.0000000000000000E+000                  1.1484077427492613E+027                  0.0000000000000000E+000                  0.0000000000000000E+000                  0.0000000000000000E+000                  2.8304817067897892E-003                  5.0258631588256409E+011                  5.0163002961862207E+011                  5.0048871695236786E+011                  4.9911015310048267E+011                  4.9729203812979718E+011                  4.9422276771181445E+011                  4.8892422681919202E+011                  4.8354205672400769E+011                  4.7340951076364911E+011                  4.3811367324107056E+011                  3.5547917374839032E+011                  6.8242444414523137E+008                  6.8242444414523137E+008                  6.8242444414523137E+008                  0.0000000000000000E+000                  0.0000000000000000E+000                  0.0000000000000000E+000                  0.0000000000000000E+000                  0.0000000000000000E+000                  0.0000000000000000E+000                  9.3608720903759113E+003                  1.3145320858072826E+004                  0.0000000000000000E+000                  0.0000000000000000E+000                  0.0000000000000000E+000                  8.2599069399005384E+003 
                                      25                                     3980                  9.2935330074053054E+003                  3.1874155075793213E+000                  3.0000000000000000E+001                  3.4775799705279844E+001                 -9.8999999999999986E+001                  1.6376388181970420E+001                  5.4533856615716070E-001                  7.8126494946493527E-008                  9.9999999735911949E-001                  9.9999997825107967E-001                  5.9049052297877280E-001                  7.8126494946493527E-008                  9.9999999770004466E-001                  9.9999997511560745E-001                  5.0827134703556798E+000                 -2.6504632481781599E+001                 -9.8999999999999986E+001                  5.0827134703556798E+000                  1.9769772946584281E+000                  5.0823728909257690E+000                 -2.6504632481781599E+001                  0.0000000000000000E+000                  0.0000000000000000E+000                  1.7760226476736351E+034                  2.7754859791148691E+034                 -2.0000000000000000E+001                 -2.0000000000000000E+001                 -2.0000000000000000E+001                 -2.0000000000000000E+001                  0.0000000000000000E+000                  0.0000000000000000E+000                  0.0000000000000000E+000                  0.0000000000000000E+000                  0.0000000000000000E+000                  0.0000000000000000E+000                  4.6027702550732528E+000                  5.0823619116963252E+000                  8.5889928215428446E-001                  4.1972120438242184E+000                 -2.5232706244801471E-009                  7.5814225585512780E+000                  5.4421966018433454E-001                  1.6366861818381555E+001                  5.4421966018433454E-001                  7.5814225585512780E+000                  6.1906354904061978E-001                  8.4928825407826714E-001                  1.2986736232249123E+000                  6.9857648790425397E-001                  2.8088263074020836E-001                  7.0213043403086071E-005                  9.1918146421324145E-003                  3.4416106108120046E-003                  9.3604466091399066E-003                  2.0974089805392691E+001                  8.4153941122498193E+000                                        0                                        0                                        3                  1.0000000000000000E+000                  8.0769997888460136E-010                  0.0000000000000000E+000                  0.0000000000000000E+000                  0.0000000000000000E+000                  0.0000000000000000E+000                  0.0000000000000000E+000                  0.0000000000000000E+000                  0.0000000000000000E+000                  0.0000000000000000E+000                  0.0000000000000000E+000                  0.0000000000000000E+000                  0.0000000000000000E+000                  0.0000000000000000E+000                  0.0000000000000000E+000                  0.0000000000000000E+000                  0.0000000000000000E+000                  0.0000000000000000E+000                  0.0000000000000000E+000                  0.0000000000000000E+000                  0.0000000000000000E+000                  0.0000000000000000E+000                  0.0000000000000000E+000                  0.0000000000000000E+000                  0.0000000000000000E+000                  0.0000000000000000E+000                  9.5470426216831707E+004                  2.4013961296416227E+001                  2.9127100122206038E+001                  3.5351057862461039E+002                  4.2878131978145024E+002                  3.5297133759554586E+009                  1.4522741735696471E-002                  1.3465121434339157E+004                  0.0000000000000000E+000                  0.0000000000000000E+000                  0.0000000000000000E+000                  0.0000000000000000E+000                  0.0000000000000000E+000                  0.0000000000000000E+000                  4.9808641797996313E+011                  4.9150805415306738E+011                  0.0000000000000000E+000                  0.0000000000000000E+000                  0.0000000000000000E+000                  1.1423591503766289E+027                  0.0000000000000000E+000                  0.0000000000000000E+000                  0.0000000000000000E+000                  2.7955009686940757E-003                  5.0206425016439062E+011                  5.0110997088037854E+011                  4.9997142103536011E+011                  4.9860358511332361E+011                  4.9679773722921088E+011                  4.9371965725307562E+011                  4.8844215476743866E+011                  4.8308197038976855E+011                  4.7303767034150110E+011                  4.3775413334432971E+011                  3.5526549254616327E+011                  6.8249042127421951E+008                  6.8249042127421951E+008                  6.8249042127421951E+008                  0.0000000000000000E+000                  0.0000000000000000E+000                  0.0000000000000000E+000                  0.0000000000000000E+000                  0.0000000000000000E+000                  0.0000000000000000E+000                  9.3560873839539563E+003                  1.3137906673907106E+004                  0.0000000000000000E+000                  0.0000000000000000E+000                  0.0000000000000000E+000                  8.2429895474027853E+003 
                                      26                                     3983                  1.1141085360573130E+004                  3.2665967536269465E+000                  3.0000000000000000E+001                  3.4775799705279844E+001                 -9.8999999999999986E+001                  1.6425198490487908E+001                  5.4723200782557790E-001                  7.8126495113028662E-008                  9.9999999736372669E-001                  9.9999997830075382E-001                  5.9283411969173938E-001                  7.8126495113028662E-008                  9.9999999770465187E-001                  9.9999997520370476E-001                  5.0829797939607628E+000                 -2.6508334928386763E+001                 -1.0536049848239340E+001                  5.0829797939607628E+000                  1.9365956904761898E+000                  5.0826696557566802E+000                 -2.6508334928386763E+001                  0.0000000000000000E+000                  0.0000000000000000E+000                  1.7764196872154653E+034                  2.7758145817171197E+034                 -2.0000000000000000E+001                 -2.0000000000000000E+001                 -2.0000000000000000E+001                 -2.0000000000000000E+001                  0.0000000000000000E+000                  0.0000000000000000E+000                  0.0000000000000000E+000                  0.0000000000000000E+000                  0.0000000000000000E+000                  0.0000000000000000E+000                  4.6026741804838016E+000                  5.0816620865569710E+000                  8.5874151876350791E-001                  4.1975275706057715E+000                 -7.3512760898508612E-010                  7.5813483081654711E+000                  5.4389661287759783E-001                  1.6366452665490737E+001                  5.4389661287759783E-001                  7.5813483081654711E+000                  6.1912775053053060E-001                  8.4922277769813559E-001                  1.2988379556147871E+000                  6.9844553765512085E-001                  2.8101674378634012E-001                  7.0470536805752133E-005                  9.1669158577843447E-003                  3.4416106108120042E-003                  9.3604466091399083E-003                  2.0971792504375490E+001                  8.4177460026769158E+000                                        0                                        0                                        3                  1.0000000000000000E+000                  8.0840442246583674E-010                  0.0000000000000000E+000                  0.0000000000000000E+000                  0.0000000000000000E+000                  0.0000000000000000E+000                  0.0000000000000000E+000                  0.0000000000000000E+000                  0.0000000000000000E+000                  0.0000000000000000E+000                  0.0000000000000000E+000                  0.0000000000000000E+000                  0.0000000000000000E+000                  0.0000000000000000E+000                  0.0000000000000000E+000                  0.0000000000000000E+000                  0.0000000000000000E+000                  0.0000000000000000E+000                  0.0000000000000000E+000                  0.0000000000000000E+000                  0.0000000000000000E+000                  0.0000000000000000E+000                  0.0000000000000000E+000                  0.0000000000000000E+000                  0.0000000000000000E+000                  0.0000000000000000E+000                  9.5982879810394850E+004                  2.3898764416424914E+001                  2.8976947074626441E+001                  3.5199433656405756E+002                  4.2678864410977565E+002                  3.5170561454389439E+009                  1.4575189914930132E-002                  1.3482012528618439E+004                  0.0000000000000000E+000                  0.0000000000000000E+000                  0.0000000000000000E+000                  0.0000000000000000E+000                  0.0000000000000000E+000                  0.0000000000000000E+000                  4.9791178147501416E+011                  4.9136010433465967E+011                  0.0000000000000000E+000                  0.0000000000000000E+000                  0.0000000000000000E+000                  1.1382351101225620E+027                  0.0000000000000000E+000                  0.0000000000000000E+000                  0.0000000000000000E+000                  2.7796349229723960E-003                  5.0188211075381934E+011                  5.0092880324135260E+011                  4.9980740584469867E+011                  4.9842538828530652E+011                  4.9662176504608124E+011                  4.9354844070042194E+011                  4.8832820061611743E+011                  4.8293205203723730E+011                  4.7290089938723462E+011                  4.3764807867992291E+011                  3.5522428064373987E+011                  6.8265966469360197E+008                  6.8265966469360197E+008                  6.8265966469360197E+008                  0.0000000000000000E+000                  0.0000000000000000E+000                  0.0000000000000000E+000                  0.0000000000000000E+000                  0.0000000000000000E+000                  0.0000000000000000E+000                  9.3473198603646342E+003                  1.3124187115881243E+004                  0.0000000000000000E+000                  0.0000000000000000E+000                  0.0000000000000000E+000                  8.2324634489147866E+003 
                                      27                                     3984                  1.3358148184374517E+004                  3.3457779996745711E+000                  3.0000000000000000E+001                  3.4775799705279844E+001                 -9.8999999999999986E+001                  1.6447545047726447E+001                  5.4786154713576185E-001                  7.8126495002062250E-008                  9.9999999736372669E-001                  9.9999997830804899E-001                  5.9283411969173938E-001                  7.8126495002062250E-008                  9.9999999770465187E-001                  9.9999997519689288E-001                  5.0829331826997848E+000                 -2.6513969650106937E+001                 -9.8999999999999986E+001                  5.0829331826997848E+000                  1.9131514587354548E+000                  5.0826393165843733E+000                 -2.6513969650106937E+001                  0.0000000000000000E+000                  0.0000000000000000E+000                  1.7762734991099239E+034                  2.7756849131671604E+034                 -2.0000000000000000E+001                 -2.0000000000000000E+001                 -2.0000000000000000E+001                 -2.0000000000000000E+001                  0.0000000000000000E+000                  0.0000000000000000E+000                  0.0000000000000000E+000                  0.0000000000000000E+000                  0.0000000000000000E+000                  0.0000000000000000E+000                  4.6025722367324056E+000                  5.0813509028255623E+000                  8.5878981440059576E-001                  4.1974309793315960E+000                  1.8762989056820515E-010                  7.5812371568548560E+000                  5.4349115806214776E-001                  1.6365910184387843E+001                  5.4349115806214776E-001                  7.5812371568548560E+000                  6.1920553092635633E-001                  8.4914401565969311E-001                  1.2990357020748240E+000                  6.9828801488563763E-001                  2.8117803464524460E-001                  7.0782926376440673E-005                  9.1372190382954400E-003                  3.4416106108120050E-003                  9.3604466091399083E-003                  2.0969036425708797E+001                  8.4205672175284789E+000                                        0                                        0                                        3                  1.0000000000000000E+000                  8.0841867552176307E-010                  0.0000000000000000E+000                  0.0000000000000000E+000                  0.0000000000000000E+000                  0.0000000000000000E+000                  0.0000000000000000E+000                  0.0000000000000000E+000                  0.0000000000000000E+000                  0.0000000000000000E+000                  0.0000000000000000E+000                  0.0000000000000000E+000                  0.0000000000000000E+000                  0.0000000000000000E+000                  0.0000000000000000E+000                  0.0000000000000000E+000                  0.0000000000000000E+000                  0.0000000000000000E+000                  0.0000000000000000E+000                  0.0000000000000000E+000                  0.0000000000000000E+000                  0.0000000000000000E+000                  0.0000000000000000E+000                  0.0000000000000000E+000                  0.0000000000000000E+000                  0.0000000000000000E+000                  9.5856181986367650E+004                  2.3821862547545827E+001                  2.8883900413418473E+001                  3.5094431980058471E+002                  4.2551839779712225E+002                  3.5138313481389785E+009                  1.4564773866122000E-002                  1.3513896719957265E+004                  0.0000000000000000E+000                  0.0000000000000000E+000                  0.0000000000000000E+000                  0.0000000000000000E+000                  0.0000000000000000E+000                  0.0000000000000000E+000                  4.9796882211322424E+011                  4.9142255357003613E+011                  0.0000000000000000E+000                  0.0000000000000000E+000                  0.0000000000000000E+000                  1.1382351101225616E+027                  0.0000000000000000E+000                  0.0000000000000000E+000                  0.0000000000000000E+000                  2.7776283432368043E-003                  5.0193822107555084E+011                  5.0098510004384363E+011                  4.9986393740891785E+011                  4.9848227025914862E+011                  4.9667935714212286E+011                  4.9360888647703833E+011                  4.8839226141089117E+011                  4.8299724441605206E+011                  4.7296667026705927E+011                  4.3771552277138135E+011                  3.5529671682367163E+011                  6.8287214012387455E+008                  6.8287214012387455E+008                  6.8287214012387455E+008                  0.0000000000000000E+000                  0.0000000000000000E+000                  0.0000000000000000E+000                  0.0000000000000000E+000                  0.0000000000000000E+000                  0.0000000000000000E+000                  9.3447790743272908E+003                  1.3121032707300703E+004                  0.0000000000000000E+000                  0.0000000000000000E+000                  0.0000000000000000E+000                  8.2274177107986070E+003 
                                      28                                     3984                  1.6018623572936182E+004                  3.4249592457221958E+000                  3.0000000000000000E+001                  3.4775799705279844E+001                 -9.8999999999999986E+001                  1.6455135448330079E+001                  5.4849108644594613E-001                  7.8126495390641990E-008                  9.9999999735911960E-001                  9.9999997828790710E-001                  5.9283411969173960E-001                  7.8126495390641990E-008                  9.9999999770004477E-001                  9.9999997521970263E-001                  5.0828982042756090E+000                 -2.6520648595788380E+001                 -9.8999999999999986E+001                  5.0828982042756090E+000                  1.9003648908644994E+000                  5.0826128438984961E+000                 -2.6520648595788380E+001                  0.0000000000000000E+000                  0.0000000000000000E+000                  1.7760280513464407E+034                  2.7754208868747958E+034                 -2.0000000000000000E+001                 -2.0000000000000000E+001                 -2.0000000000000000E+001                 -2.0000000000000000E+001                  0.0000000000000000E+000                  0.0000000000000000E+000                  0.0000000000000000E+000                  0.0000000000000000E+000                  0.0000000000000000E+000                  0.0000000000000000E+000                  4.6024674206575780E+000                  5.0812876966525016E+000                  8.5896784346372124E-001                  4.1970749212053446E+000                  5.7674735339974011E-010                  7.5811047976652794E+000                  5.4303323163236117E-001                  1.6365282923773652E+001                  5.4303323163236117E-001                  7.5811047976652794E+000                  6.1929901579292379E-001                  8.4904935451151420E-001                  1.2992734651864228E+000                  6.9809869322260065E-001                  2.8137183824537959E-001                  7.1164345517717775E-005                  9.1018873015236597E-003                  3.4416106108120050E-003                  9.3604466091399083E-003                  2.0965729964226384E+001                  8.4239511982247137E+000                                        0                                        0                                        3                  1.0000000000000000E+000                  8.0799721002887975E-010                  0.0000000000000000E+000                  0.0000000000000000E+000                  0.0000000000000000E+000                  0.0000000000000000E+000                  0.0000000000000000E+000                  0.0000000000000000E+000                  0.0000000000000000E+000                  0.0000000000000000E+000                  0.0000000000000000E+000                  0.0000000000000000E+000                  0.0000000000000000E+000                  0.0000000000000000E+000                  0.0000000000000000E+000                  0.0000000000000000E+000                  0.0000000000000000E+000                  0.0000000000000000E+000                  0.0000000000000000E+000                  0.0000000000000000E+000                  0.0000000000000000E+000                  0.0000000000000000E+000                  0.0000000000000000E+000                  0.0000000000000000E+000                  0.0000000000000000E+000                  0.0000000000000000E+000                  9.5415225989086903E+004                  2.3788576352024076E+001                  2.8762148658548718E+001                  3.5050709914947777E+002                  4.2378901294596278E+002                  3.5161967763981085E+009                  1.4522428595145095E-002                  1.3541189370070604E+004                  0.0000000000000000E+000                  0.0000000000000000E+000                  0.0000000000000000E+000                  0.0000000000000000E+000                  0.0000000000000000E+000                  0.0000000000000000E+000                  4.9817066696334570E+011                  4.9161989793562012E+011                  0.0000000000000000E+000                  0.0000000000000000E+000                  0.0000000000000000E+000                  1.1401596622411260E+027                  0.0000000000000000E+000                  0.0000000000000000E+000                  0.0000000000000000E+000                  2.7844954738844852E-003                  5.0214436934320959E+011                  5.0119093802069727E+011                  5.0006933261911841E+011                  4.9868718390246393E+011                  4.9688401939907367E+011                  4.9381518093376324E+011                  4.8859737110656696E+011                  4.8319783067648389E+011                  4.7315989888980823E+011                  4.3789207614966852E+011                  3.5544044676981995E+011                  6.8311219274229562E+008                  6.8311219274229562E+008                  6.8311219274229562E+008                  0.0000000000000000E+000                  0.0000000000000000E+000                  0.0000000000000000E+000                  0.0000000000000000E+000                  0.0000000000000000E+000                  0.0000000000000000E+000                  9.3450879285773954E+003                  1.3121572043636521E+004                  0.0000000000000000E+000                  0.0000000000000000E+000                  0.0000000000000000E+000                  8.2257429483568649E+003 
                                      29                                     3984                  1.9211194039210182E+004                  3.5041404917698209E+000                  3.0000000000000000E+001                  3.4775799705279844E+001                 -9.8999999999999986E+001                  1.6455967542300254E+001                  5.4849108644594624E-001                  7.8126495558034295E-008                  9.9999999735451250E-001                  9.9999997825052434E-001                  5.9283411969173971E-001                  7.8126495558034295E-008                  9.9999999769543768E-001                  9.9999997511721472E-001                  5.0829413247561464E+000                 -2.6528291172643343E+001                 -1.0536049848239340E+001                  5.0829413247561464E+000                  1.8933056478932306E+000                  5.0826605946486723E+000                 -2.6528291172643343E+001                  0.0000000000000000E+000                  0.0000000000000000E+000                  1.7757981973959554E+034                  2.7751206213016221E+034                 -2.0000000000000000E+001                 -2.0000000000000000E+001                 -2.0000000000000000E+001                 -2.0000000000000000E+001                  0.0000000000000000E+000                  0.0000000000000000E+000                  0.0000000000000000E+000                  0.0000000000000000E+000                  0.0000000000000000E+000                  0.0000000000000000E+000                  4.6023537457909027E+000                  5.0813561716102749E+000                  8.5922943067595814E-001                  4.1965517467808713E+000                  7.0675025223873418E-010                  7.5809524140327911E+000                  5.4251399686250890E-001                  1.6364564494359758E+001                  5.4251399686250890E-001                  7.5809524140327911E+000                  6.1941118593376299E-001                  8.4893565960522954E-001                  1.2995591780163793E+000                  6.9787130369526562E-001                  2.8160454644977645E-001                  7.1624158273088907E-005                  9.0599578151758422E-003                  3.4416106108120046E-003                  9.3604466091399083E-003                  2.0961762620037064E+001                  8.4280105628383382E+000                                        0                                        0                                        3                  1.0000000000000000E+000                  8.0730805875914587E-010                  0.0000000000000000E+000                  0.0000000000000000E+000                  0.0000000000000000E+000                  0.0000000000000000E+000                  0.0000000000000000E+000                  0.0000000000000000E+000                  0.0000000000000000E+000                  0.0000000000000000E+000                  0.0000000000000000E+000                  0.0000000000000000E+000                  0.0000000000000000E+000                  0.0000000000000000E+000                  0.0000000000000000E+000                  0.0000000000000000E+000                  0.0000000000000000E+000                  0.0000000000000000E+000                  0.0000000000000000E+000                  0.0000000000000000E+000                  0.0000000000000000E+000                  0.0000000000000000E+000                  0.0000000000000000E+000                  0.0000000000000000E+000                  0.0000000000000000E+000                  0.0000000000000000E+000                  9.4678865537086051E+004                  2.3795188207867913E+001                  2.8691481579388483E+001                  3.5059081882655278E+002                  4.2273126534627499E+002                  3.5196750230501966E+009                  1.4452134954779683E-002                  1.3548223783139118E+004                  0.0000000000000000E+000                  0.0000000000000000E+000                  0.0000000000000000E+000                  0.0000000000000000E+000                  0.0000000000000000E+000                  0.0000000000000000E+000                  4.9846795212092480E+011                  4.9191089448614178E+011                  0.0000000000000000E+000                  0.0000000000000000E+000                  0.0000000000000000E+000                  1.1420842143596904E+027                  0.0000000000000000E+000                  0.0000000000000000E+000                  0.0000000000000000E+000                  2.7968668454315671E-003                  5.0244731694564746E+011                  5.0149328116780548E+011                  5.0035498790379883E+011                  4.9898402862087860E+011                  4.9718374637247589E+011                  4.9411598425593451E+011                  4.8884824797945892E+011                  4.8348679585323108E+011                  4.7343662451887982E+011                  4.3814087742950037E+011                  3.5563336823473480E+011                  6.8338448625593030E+008                  6.8338448625593030E+008                  6.8338448625593030E+008                  0.0000000000000000E+000                  0.0000000000000000E+000                  0.0000000000000000E+000                  0.0000000000000000E+000                  0.0000000000000000E+000                  0.0000000000000000E+000                  9.3419825770745229E+003                  1.3117085006822595E+004                  0.0000000000000000E+000                  0.0000000000000000E+000                  0.0000000000000000E+000                  8.2256424959053747E+003 
                                      30                                     3984                  2.3042278598738976E+004                  3.5833217378174456E+000                  3.0000000000000000E+001                  3.4775799705279844E+001                 -9.8999999999999986E+001                  1.6454056586681922E+001                  5.4786154713576241E-001                  7.8126495723798630E-008                  9.9999999734990541E-001                  9.9999997820099507E-001                  5.9283411969173982E-001                  7.8126495723798630E-008                  9.9999999769083059E-001                  9.9999997502300286E-001                  5.0830479174417897E+000                 -2.6537088094524723E+001                 -1.0359958589183659E+001                  5.0830479174417897E+000                  1.8889135535790356E+000                  5.0827700812240710E+000                 -2.6537088094524723E+001                  0.0000000000000000E+000                  0.0000000000000000E+000                  1.7755800168846070E+034                  2.7747911830648547E+034                 -2.0000000000000000E+001                 -2.0000000000000000E+001                 -2.0000000000000000E+001                 -2.0000000000000000E+001                  0.0000000000000000E+000                  0.0000000000000000E+000                  0.0000000000000000E+000                  0.0000000000000000E+000                  0.0000000000000000E+000                  0.0000000000000000E+000                  4.6022244105945997E+000                  5.0814922843120840E+000                  8.5955615741946922E-001                  4.1958982932938493E+000                  7.3628875821388535E-010                  7.5807761900788666E+000                  5.4191463149231967E-001                  1.6363731948144572E+001                  5.4191463149231967E-001                  7.5807761900788666E+000                  6.1954575035526172E-001                  8.4879917038745756E-001                  1.2999023763723370E+000                  6.9759832537686517E-001                  2.8188381982443989E-001                  7.2172441795339407E-005                  9.0103312174112625E-003                  3.4416106108120046E-003                  9.3604466091399066E-003                  2.0957001763967231E+001                  8.4328803699133239E+000                                        0                                        0                                        3                  1.0000000000000000E+000                  8.0642640266065835E-010                  0.0000000000000000E+000                  0.0000000000000000E+000                  0.0000000000000000E+000                  0.0000000000000000E+000                  0.0000000000000000E+000                  0.0000000000000000E+000                  0.0000000000000000E+000                  0.0000000000000000E+000                  0.0000000000000000E+000                  0.0000000000000000E+000                  0.0000000000000000E+000                  0.0000000000000000E+000                  0.0000000000000000E+000                  0.0000000000000000E+000                  0.0000000000000000E+000                  0.0000000000000000E+000                  0.0000000000000000E+000                  0.0000000000000000E+000                  0.0000000000000000E+000                  0.0000000000000000E+000                  0.0000000000000000E+000                  0.0000000000000000E+000                  0.0000000000000000E+000                  0.0000000000000000E+000                  1.0321592479245811E+005                  2.3610478379673193E+001                  2.8396770114375084E+001                  3.5098242599131186E+002                  4.2213322003850499E+002                  3.5236703576840539E+009                  1.5121238915250806E-002                  1.3542466685145097E+004                  0.0000000000000000E+000                  0.0000000000000000E+000                  0.0000000000000000E+000                  0.0000000000000000E+000                  0.0000000000000000E+000                  0.0000000000000000E+000                  4.9883998983593079E+011                  4.9227583226192004E+011                  0.0000000000000000E+000                  0.0000000000000000E+000                  0.0000000000000000E+000                  1.1440087664782552E+027                  0.0000000000000000E+000                  0.0000000000000000E+000                  0.0000000000000000E+000                  2.8124874469811489E-003                  5.0282592600571161E+011                  5.0187108851028436E+011                  5.0073166094760468E+011                  4.9935941541515662E+011                  4.9754255684946393E+011                  4.9449117002268561E+011                  4.8921783419449969E+011                  4.8384611079215112E+011                  4.7372228678532892E+011                  4.3844844636227582E+011                  3.5558698247685791E+011                  6.8369893621442306E+008                  6.8369893621442306E+008                  6.8369893621442306E+008                  0.0000000000000000E+000                  0.0000000000000000E+000                  0.0000000000000000E+000                  0.0000000000000000E+000                  0.0000000000000000E+000                  0.0000000000000000E+000                  9.3361623372514459E+003                  1.3108656144075474E+004                  0.0000000000000000E+000                  0.0000000000000000E+000                  0.0000000000000000E+000                  8.2284045778016207E+003 
                                      31                                     3983                  2.7639580070173535E+004                  3.6625029838650702E+000                  3.0000000000000000E+001                  3.4775799705279844E+001                 -9.8999999999999986E+001                  1.6451013877304174E+001                  5.4786154713576241E-001                  7.8126495779336873E-008                  9.9999999733608402E-001                  9.9999997814074004E-001                  5.9283411969173982E-001                  7.8126495779336873E-008                  9.9999999768622350E-001                  9.9999997494503734E-001                  5.0831993435661307E+000                 -2.6547259274354392E+001                 -1.0058928593519678E+001                  5.0831993435661307E+000                  1.8855458665001499E+000                  5.0829237502861595E+000                 -2.6547259274354392E+001                  0.0000000000000000E+000                  0.0000000000000000E+000                  1.7753507228866890E+034                  2.7744181719003877E+034                 -2.0000000000000000E+001                 -2.0000000000000000E+001                 -2.0000000000000000E+001                 -2.0000000000000000E+001                  0.0000000000000000E+000                  0.0000000000000000E+000                  0.0000000000000000E+000                  0.0000000000000000E+000                  0.0000000000000000E+000                  0.0000000000000000E+000                  4.6020741639521585E+000                  5.0816721268519762E+000                  8.5994657197429847E-001                  4.1951174641841904E+000                  7.3395996972811658E-010                  7.5805716295445977E+000                  5.4121719294008652E-001                  1.6362761453433233E+001                  5.4121719294008652E-001                  7.5805716295445977E+000                  6.1970718946418124E-001                  8.4863535040353399E-001                  1.3003145894858230E+000                  6.9727068544835058E-001                  2.8221889014505519E-001                  7.2821539306390737E-005                  8.9517544916647776E-003                  3.4416106108120046E-003                  9.3604466091399083E-003                  2.0951288309964088E+001                  8.4387224667106793E+000                                        0                                        0                                        3                  1.0000000000000000E+000                  8.0536719230526270E-010                  0.0000000000000000E+000                  0.0000000000000000E+000                  0.0000000000000000E+000                  0.0000000000000000E+000                  0.0000000000000000E+000                  0.0000000000000000E+000                  0.0000000000000000E+000                  0.0000000000000000E+000                  0.0000000000000000E+000                  0.0000000000000000E+000                  0.0000000000000000E+000                  0.0000000000000000E+000                  0.0000000000000000E+000                  0.0000000000000000E+000                  0.0000000000000000E+000                  0.0000000000000000E+000                  0.0000000000000000E+000                  0.0000000000000000E+000                  0.0000000000000000E+000                  0.0000000000000000E+000                  0.0000000000000000E+000                  0.0000000000000000E+000                  0.0000000000000000E+000                  0.0000000000000000E+000                  1.0230827447915095E+005                  2.3643553758131333E+001                  2.8342025988814097E+001                  3.5156579765471230E+002                  4.2142932808826305E+002                  3.5321832343147459E+009                  1.5033854901815195E-002                  1.3550592996109808E+004                  0.0000000000000000E+000                  0.0000000000000000E+000                  0.0000000000000000E+000                  0.0000000000000000E+000                  0.0000000000000000E+000                  0.0000000000000000E+000                  4.9927955048160059E+011                  4.9270440932537372E+011                  0.0000000000000000E+000                  0.0000000000000000E+000                  0.0000000000000000E+000                  1.1475829346984466E+027                  0.0000000000000000E+000                  0.0000000000000000E+000                  0.0000000000000000E+000                  2.8317892519008625E-003                  5.0327869914726886E+011                  5.0232288752664734E+011                  5.0118208178794867E+011                  4.9980458797112964E+011                  4.9799000345293469E+011                  4.9493959116883801E+011                  4.8965935845412628E+011                  4.8427519493947797E+011                  4.7413224823458978E+011                  4.3871601637840314E+011                  3.5586609525371918E+011                  6.8406502120028484E+008                  6.8406502120028484E+008                  6.8406502120028484E+008                  0.0000000000000000E+000                  0.0000000000000000E+000                  0.0000000000000000E+000                  0.0000000000000000E+000                  0.0000000000000000E+000                  0.0000000000000000E+000                  9.3372503385394630E+003                  1.3107711460443465E+004                  0.0000000000000000E+000                  0.0000000000000000E+000                  0.0000000000000000E+000                  8.2324717080588889E+003 
                                      32                                     3983                  3.3156341835895008E+004                  3.7416842299126949E+000                  3.0000000000000000E+001                  3.4775799705279844E+001                 -9.8999999999999986E+001                  1.6447218750043682E+001                  5.4786154713576241E-001                  7.8126495834875116E-008                  9.9999999732686973E-001                  9.9999997806908969E-001                  5.9283411969173982E-001                  7.8126495834875116E-008                  9.9999999767700931E-001                  9.9999997488163361E-001                  5.0833898243378082E+000                 -2.6558994530281808E+001                 -1.0359958589183659E+001                  5.0833898243378082E+000                  1.8824357418717739E+000                  5.0831163182643477E+000                 -2.6558994530281808E+001                  0.0000000000000000E+000                  0.0000000000000000E+000                  1.7750961044972445E+034                  2.7739882041816745E+034                 -2.0000000000000000E+001                 -2.0000000000000000E+001                 -2.0000000000000000E+001                 -2.0000000000000000E+001                  0.0000000000000000E+000                  0.0000000000000000E+000                  0.0000000000000000E+000                  0.0000000000000000E+000                  0.0000000000000000E+000                  0.0000000000000000E+000                  4.6018989395065057E+000                  5.0818925694797574E+000                  8.6040724217949405E-001                  4.1941961237737990E+000                  7.2260194340990662E-010                  7.5803346245075538E+000                  5.4040593892959576E-001                  1.6361631063169632E+001                  5.4040593892959576E-001                  7.5803346245075538E+000                  6.1990087442196173E-001                  8.4843874211091552E-001                  1.3008097249386135E+000                  6.9687746886520063E-001                  2.8262085109677121E-001                  7.3586256495898343E-005                  8.8828192139318463E-003                  3.4416106108120046E-003                  9.3604466091399083E-003                  2.0944431321304592E+001                  8.4457308908706157E+000                                        0                                        0                                        3                  1.0000000000000000E+000                  8.0411633443675175E-010                  0.0000000000000000E+000                  0.0000000000000000E+000                  0.0000000000000000E+000                  0.0000000000000000E+000                  0.0000000000000000E+000                  0.0000000000000000E+000                  0.0000000000000000E+000                  0.0000000000000000E+000                  0.0000000000000000E+000                  0.0000000000000000E+000                  0.0000000000000000E+000                  0.0000000000000000E+000                  0.0000000000000000E+000                  0.0000000000000000E+000                  0.0000000000000000E+000                  0.0000000000000000E+000                  0.0000000000000000E+000                  0.0000000000000000E+000                  0.0000000000000000E+000                  0.0000000000000000E+000                  0.0000000000000000E+000                  0.0000000000000000E+000                  0.0000000000000000E+000                  0.0000000000000000E+000                  1.0097337398070567E+005                  2.3734289140178660E+001                  2.8279502841009155E+001                  3.5288208356474803E+002                  4.2046044967982562E+002                  3.5451117801437430E+009                  1.4909827980416046E-002                  1.3552965928910689E+004                  0.0000000000000000E+000                  0.0000000000000000E+000                  0.0000000000000000E+000                  0.0000000000000000E+000                  0.0000000000000000E+000                  0.0000000000000000E+000                  4.9980319194621204E+011                  4.9322311558341650E+011                  0.0000000000000000E+000                  0.0000000000000000E+000                  0.0000000000000000E+000                  1.1514320389355758E+027                  0.0000000000000000E+000                  0.0000000000000000E+000                  0.0000000000000000E+000                  2.8540343931180434E-003                  5.0381346910737878E+011                  5.0284037015292633E+011                  5.0171405561932111E+011                  5.0033101180166211E+011                  4.9851842193162512E+011                  4.9544591226124225E+011                  4.9018064528542120E+011                  4.8478169498780511E+011                  4.7461604891442725E+011                  4.3914831075131848E+011                  3.5619474016104297E+011                  6.8449109440344107E+008                  6.8449109440344107E+008                  6.8449109440344107E+008                  0.0000000000000000E+000                  0.0000000000000000E+000                  0.0000000000000000E+000                  0.0000000000000000E+000                  0.0000000000000000E+000                  0.0000000000000000E+000                  9.3403255943456097E+003                  1.3096787894560846E+004                  0.0000000000000000E+000                  0.0000000000000000E+000                  0.0000000000000000E+000                  8.2367425850103700E+003 
                                      33                                     3983                  3.9776455954760771E+004                  3.8208654759603200E+000                  3.0000000000000000E+001                  3.4775799705279844E+001                 -9.8999999999999986E+001                  1.6442663339222619E+001                  5.4786154713576241E-001                  7.8126495891233260E-008                  9.9999999731765543E-001                  9.9999997798457085E-001                  5.9283411969173982E-001                  7.8126495891233260E-008                  9.9999999766779513E-001                  9.9999997483148251E-001                  5.0836229935682864E+000                 -2.6572453866213042E+001                 -9.8999999999999986E+001                  5.0836229935682864E+000                  1.8792297923060273E+000                  5.0833516454732486E+000                 -2.6572453866213042E+001                  0.0000000000000000E+000                  0.0000000000000000E+000                  1.7748103041460866E+034                  2.7734913052327368E+034                 -2.0000000000000000E+001                 -2.0000000000000000E+001                 -2.0000000000000000E+001                 -2.0000000000000000E+001                  0.0000000000000000E+000                  0.0000000000000000E+000                  0.0000000000000000E+000                  0.0000000000000000E+000                  0.0000000000000000E+000                  0.0000000000000000E+000                  4.6016951056103048E+000                  5.0821590294102119E+000                  8.6094813993712216E-001                  4.1931143282585435E+000                  7.0807311741102597E-010                  7.5800614457739295E+000                  5.3946620900034647E-001                  1.6360319740656074E+001                  5.3946620900034647E-001                  7.5800614457739295E+000                  6.2013325283900456E-001                  8.4820278266083748E-001                  1.3014045605877647E+000                  6.9640554994650916E-001                  2.8310302659994391E-001                  7.4483488112799472E-005                  8.8019624083920216E-003                  3.4416106108120046E-003                  9.3604466091399066E-003                  2.0936201486927654E+001                  8.4541383919977786E+000                                        0                                        0                                        3                  1.0000000000000000E+000                  8.0264781534667088E-010                  0.0000000000000000E+000                  0.0000000000000000E+000                  0.0000000000000000E+000                  0.0000000000000000E+000                  0.0000000000000000E+000                  0.0000000000000000E+000                  0.0000000000000000E+000                  0.0000000000000000E+000                  0.0000000000000000E+000                  0.0000000000000000E+000                  0.0000000000000000E+000                  0.0000000000000000E+000                  0.0000000000000000E+000                  0.0000000000000000E+000                  0.0000000000000000E+000                  0.0000000000000000E+000                  0.0000000000000000E+000                  0.0000000000000000E+000                  0.0000000000000000E+000                  0.0000000000000000E+000                  0.0000000000000000E+000                  0.0000000000000000E+000                  0.0000000000000000E+000                  0.0000000000000000E+000                  9.9362227999804818E+004                  2.3790322315052922E+001                  2.8296962032724856E+001                  3.5364127438113616E+002                  4.2063212014726258E+002                  3.5532936046008134E+009                  1.4760172650385317E-002                  1.3546046355016462E+004                  0.0000000000000000E+000                  0.0000000000000000E+000                  0.0000000000000000E+000                  0.0000000000000000E+000                  0.0000000000000000E+000                  0.0000000000000000E+000                  5.0041971965050159E+011                  4.9382502657134351E+011                  0.0000000000000000E+000                  0.0000000000000000E+000                  0.0000000000000000E+000                  1.1552811431727052E+027                  0.0000000000000000E+000                  0.0000000000000000E+000                  0.0000000000000000E+000                  2.8816610181571223E-003                  5.0444209274688831E+011                  5.0346760051454736E+011                  5.0233937580497064E+011                  5.0095043436735303E+011                  4.9912410956114813E+011                  4.9604508132373932E+011                  4.9074713539815930E+011                  4.8537681980753070E+011                  4.7518436605900909E+011                  4.3965586918454138E+011                  3.5658008400752649E+011                  6.8498497528116071E+008                  6.8498497528116071E+008                  6.8498497528116071E+008                  0.0000000000000000E+000                  0.0000000000000000E+000                  0.0000000000000000E+000                  0.0000000000000000E+000                  0.0000000000000000E+000                  0.0000000000000000E+000                  9.3333477963881996E+003                  1.3086613114690541E+004                  0.0000000000000000E+000                  0.0000000000000000E+000                  0.0000000000000000E+000                  8.2409967448102416E+003 
                                      34                                     3983                  4.7720592897399685E+004                  3.9000467220079447E+000                  3.0000000000000000E+001                  3.4775799705279844E+001                 -9.8999999999999986E+001                  1.6437219394099504E+001                  5.4786154713576252E-001                  7.8126496057009453E-008                  9.9999999730844114E-001                  9.9999997788513795E-001                  5.9283411969173994E-001                  7.8126496057009453E-008                  9.9999999765858094E-001                  9.9999997464339374E-001                  5.0839074438478002E+000                 -2.6587769564989291E+001                 -9.8999999999999986E+001                  5.0839074438478002E+000                  1.8757457254086838E+000                  5.0836384408700992E+000                 -2.6587769564989291E+001                  0.0000000000000000E+000                  0.0000000000000000E+000                  1.7744918033822398E+034                  2.7729191137369013E+034                 -2.0000000000000000E+001                 -2.0000000000000000E+001                 -2.0000000000000000E+001                 -2.0000000000000000E+001                  0.0000000000000000E+000                  0.0000000000000000E+000                  0.0000000000000000E+000                  0.0000000000000000E+000                  0.0000000000000000E+000                  0.0000000000000000E+000                  4.6014590605416466E+000                  5.0824806526643505E+000                  8.6158104170150906E-001                  4.1918485247297692E+000                  6.9160285951001728E-010                  7.5797486856036036E+000                  5.3838379966323768E-001                  1.6358806662401708E+001                  5.3838379966323768E-001                  7.5797486856036036E+000                  6.2041207919827968E-001                  8.4791957852515087E-001                  1.3021193526914976E+000                  6.9583914164447636E-001                  2.8368142062933888E-001                  7.5531911847139983E-005                  8.7074737438404513E-003                  3.4416106108120042E-003                  9.3604466091399083E-003                  2.0926323264099405E+001                  8.4642242716035749E+000                                        0                                        0                                        3                  1.0000000000000000E+000                  8.0092997650657273E-010                  0.0000000000000000E+000                  0.0000000000000000E+000                  0.0000000000000000E+000                  0.0000000000000000E+000                  0.0000000000000000E+000                  0.0000000000000000E+000                  0.0000000000000000E+000                  0.0000000000000000E+000                  0.0000000000000000E+000                  0.0000000000000000E+000                  0.0000000000000000E+000                  0.0000000000000000E+000                  0.0000000000000000E+000                  0.0000000000000000E+000                  0.0000000000000000E+000                  0.0000000000000000E+000                  0.0000000000000000E+000                  0.0000000000000000E+000                  0.0000000000000000E+000                  0.0000000000000000E+000                  0.0000000000000000E+000                  0.0000000000000000E+000                  0.0000000000000000E+000                  0.0000000000000000E+000                  1.0014689772708571E+005                  2.3981079130332589E+001                  2.8458307200255174E+001                  3.5461295710040764E+002                  4.2081861352059809E+002                  3.5617985805544643E+009                  1.4965960289403578E-002                  1.3528841185042482E+004                  0.0000000000000000E+000                  0.0000000000000000E+000                  0.0000000000000000E+000                  0.0000000000000000E+000                  0.0000000000000000E+000                  0.0000000000000000E+000                  5.0114303527914362E+011                  4.9453326288145001E+011                  0.0000000000000000E+000                  0.0000000000000000E+000                  0.0000000000000000E+000                  1.1591302474098346E+027                  0.0000000000000000E+000                  0.0000000000000000E+000                  0.0000000000000000E+000                  2.9135593511049329E-003                  5.0517863296213477E+011                  5.0420250030647681E+011                  5.0305622647920392E+011                  5.0167310615189136E+011                  4.9985174579139325E+011                  4.9677406383940314E+011                  4.9146452600458862E+011                  4.8599223759477295E+011                  4.7580472299747021E+011                  4.4024976774240686E+011                  3.5703030145788818E+011                  6.8555428378541911E+008                  6.8555428378541911E+008                  6.8555428378541911E+008                  0.0000000000000000E+000                  0.0000000000000000E+000                  0.0000000000000000E+000                  0.0000000000000000E+000                  0.0000000000000000E+000                  0.0000000000000000E+000                  9.3224488922345463E+003                  1.3070817507560241E+004                  0.0000000000000000E+000                  0.0000000000000000E+000                  0.0000000000000000E+000                  8.2449608533546689E+003 
                                      35                                     3983                  5.7253557228566380E+004                  3.9792279680555698E+000                  3.0000000000000000E+001                  3.4775799705279844E+001                 -9.8999999999999986E+001                  1.6430761373367414E+001                  5.4723200782557846E-001                  7.8126496112522286E-008                  9.9999999729922684E-001                  9.9999997776849847E-001                  5.9283411969173994E-001                  7.8126496112522286E-008                  9.9999999764936676E-001                  9.9999997463647627E-001                  5.0842546830312099E+000                 -2.6605039528086103E+001                 -1.0359958589183659E+001                  5.0842546830312099E+000                  1.8718637273732497E+000                  5.0839882877384772E+000                 -2.6605039528086103E+001                  0.0000000000000000E+000                  0.0000000000000000E+000                  1.7741416167160477E+034                  2.7722640624538875E+034                 -2.0000000000000000E+001                 -2.0000000000000000E+001                 -2.0000000000000000E+001                 -2.0000000000000000E+001                  0.0000000000000000E+000                  0.0000000000000000E+000                  0.0000000000000000E+000                  0.0000000000000000E+000                  0.0000000000000000E+000                  0.0000000000000000E+000                  4.6011871246290079E+000                  5.0828689113257539E+000                  8.6231904285748850E-001                  4.1903725224178103E+000                  6.7336692237373079E-010                  7.5793933439564301E+000                  5.3714490796273839E-001                  1.6357071168351890E+001                  5.3714490796273839E-001                  7.5793933439564301E+000                  6.2074671318923480E-001                  8.4757961192209907E-001                  1.3029786341592100E+000                  6.9515920839965284E-001                  2.8437530315943838E-001                  7.6751769888036973E-005                  8.5975050055488843E-003                  3.4416106108120050E-003                  9.3604466091399066E-003                  2.0914465388235669E+001                  8.4763238361541262E+000                                        0                                        0                                        3                  1.0000000000000000E+000                  7.9892750599909325E-010                  0.0000000000000000E+000                  0.0000000000000000E+000                  0.0000000000000000E+000                  0.0000000000000000E+000                  0.0000000000000000E+000                  0.0000000000000000E+000                  0.0000000000000000E+000                  0.0000000000000000E+000                  0.0000000000000000E+000                  0.0000000000000000E+000                  0.0000000000000000E+000                  0.0000000000000000E+000                  0.0000000000000000E+000                  0.0000000000000000E+000                  0.0000000000000000E+000                  0.0000000000000000E+000                  0.0000000000000000E+000                  0.0000000000000000E+000                  0.0000000000000000E+000                  0.0000000000000000E+000                  0.0000000000000000E+000                  0.0000000000000000E+000                  0.0000000000000000E+000                  0.0000000000000000E+000                  9.7846893572022862E+004                  2.4021607253597377E+001                  2.8412440818947974E+001                  3.5503302916378948E+002                  4.1992839294204003E+002                  3.5758946779090266E+009                  1.4751317024876868E-002                  1.3556846583066337E+004                  0.0000000000000000E+000                  0.0000000000000000E+000                  0.0000000000000000E+000                  0.0000000000000000E+000                  0.0000000000000000E+000                  0.0000000000000000E+000                  5.0198869587651556E+011                  4.9534467684796869E+011                  0.0000000000000000E+000                  0.0000000000000000E+000                  0.0000000000000000E+000                  1.1673783279179686E+027                  0.0000000000000000E+000                  0.0000000000000000E+000                  0.0000000000000000E+000                  2.9527130135655888E-003                  5.0602548533871802E+011                  5.0506077492371326E+011                  5.0391181616348962E+011                  5.0252195115997150E+011                  5.0068606587572119E+011                  4.9762521901613409E+011                  4.9225596354447076E+011                  4.8680537893772955E+011                  4.7658096359065771E+011                  4.4094230264962677E+011                  3.5755437574033362E+011                  6.8620647709782386E+008                  6.8620647709782386E+008                  6.8620647709782386E+008                  0.0000000000000000E+000                  0.0000000000000000E+000                  0.0000000000000000E+000                  0.0000000000000000E+000                  0.0000000000000000E+000                  0.0000000000000000E+000                  9.3196782860830554E+003                  1.3070919169390374E+004                  0.0000000000000000E+000                  0.0000000000000000E+000                  0.0000000000000000E+000                  8.2504693415068759E+003 
                                      36                                     3982                  6.8693114425966414E+004                  4.0584092141031940E+000                  3.0000000000000000E+001                  3.4775799705279844E+001                 -9.8999999999999986E+001                  1.6423051187229166E+001                  5.4723200782557846E-001                  7.8126496168089328E-008                  9.9999999728079825E-001                  9.9999997763227733E-001                  5.9166232133525665E-001                  7.8126496168089328E-008                  9.9999999763093828E-001                  9.9999997449265565E-001                  5.0846789559756136E+000                 -2.6624310695907162E+001                 -1.0138109839567303E+001                  5.0846789559756136E+000                  1.8674986991555302E+000                  5.0844154831772013E+000                 -2.6624310695907162E+001                  0.0000000000000000E+000                  0.0000000000000000E+000                  1.7737629240738274E+034                  2.7715209780530344E+034                 -2.0000000000000000E+001                 -2.0000000000000000E+001                 -2.0000000000000000E+001                 -2.0000000000000000E+001                  0.0000000000000000E+000                  0.0000000000000000E+000                  0.0000000000000000E+000                  0.0000000000000000E+000                  0.0000000000000000E+000                  0.0000000000000000E+000                  4.6008755720874639E+000                  5.0833378357878543E+000                  8.6317661017162550E-001                  4.1886573877895366E+000                  6.5353333501576832E-010                  7.5789930845050479E+000                  5.3573678015339155E-001                  1.6355093524671386E+001                  5.3573678015339155E-001                  7.5789930845050479E+000                  6.2114845887470072E-001                  8.4717140956241044E-001                  1.3040121341929802E+000                  6.9434280363651057E-001                  2.8520786909342533E-001                  7.8164539497669228E-005                  8.4700982883889730E-003                  3.4416106108120050E-003                  9.3604466091399083E-003                  2.0900229360988348E+001                  8.4908398468559785E+000                                        0                                        0                                        3                  1.0000000000000000E+000                  7.9660139070766295E-010                  0.0000000000000000E+000                  0.0000000000000000E+000                  0.0000000000000000E+000                  0.0000000000000000E+000                  0.0000000000000000E+000                  0.0000000000000000E+000                  0.0000000000000000E+000                  0.0000000000000000E+000                  0.0000000000000000E+000                  0.0000000000000000E+000                  0.0000000000000000E+000                  0.0000000000000000E+000                  0.0000000000000000E+000                  0.0000000000000000E+000                  0.0000000000000000E+000                  0.0000000000000000E+000                  0.0000000000000000E+000                  0.0000000000000000E+000                  0.0000000000000000E+000                  0.0000000000000000E+000                  0.0000000000000000E+000                  0.0000000000000000E+000                  0.0000000000000000E+000                  0.0000000000000000E+000                  9.9529667018977081E+004                  2.4044160938346689E+001                  2.8323266692562612E+001                  3.5578702461098413E+002                  4.1910594466779315E+002                  3.5845030294303765E+009                  1.4907991164786201E-002                  1.3536524943683575E+004                  0.0000000000000000E+000                  0.0000000000000000E+000                  0.0000000000000000E+000                  0.0000000000000000E+000                  0.0000000000000000E+000                  0.0000000000000000E+000                  5.0296820801523297E+011                  4.9629503474621417E+011                  0.0000000000000000E+000                  0.0000000000000000E+000                  0.0000000000000000E+000                  1.1728770482567246E+027                  0.0000000000000000E+000                  0.0000000000000000E+000                  0.0000000000000000E+000                  2.9978646220748524E-003                  5.0702685864181891E+011                  5.0605185785724066E+011                  5.0490780435729620E+011                  5.0350697450146259E+011                  5.0167507958169379E+011                  4.9856964199403644E+011                  4.9323036651423358E+011                  4.8775135054208014E+011                  4.7743870147587128E+011                  4.4152739846393726E+011                  3.5787513162209924E+011                  6.8694851522749925E+008                  6.8694851522749925E+008                  6.8694851522749925E+008                  0.0000000000000000E+000                  0.0000000000000000E+000                  0.0000000000000000E+000                  0.0000000000000000E+000                  0.0000000000000000E+000                  0.0000000000000000E+000                  9.3021210823262318E+003                  1.3057992006510944E+004                  0.0000000000000000E+000                  0.0000000000000000E+000                  0.0000000000000000E+000                  8.2565165966262957E+003 
                                      37                                     3977                  8.2420583062846446E+004                  4.1375904601508191E+000                  3.0000000000000000E+001                  3.4775799705279844E+001                 -9.8999999999999986E+001                  1.6413837235891318E+001                  5.4660246851539462E-001                  7.8126496335456222E-008                  9.9999999726236966E-001                  9.9999997747356661E-001                  5.9166232133525676E-001                  7.8126496335456222E-008                  9.9999999761711700E-001                  9.9999997424063325E-001                  5.0851977039016507E+000                 -2.6645555731116477E+001                 -9.8999999999999986E+001                  5.0851977039016507E+000                  1.8625882300077368E+000                  5.0849375053168115E+000                 -2.6645555731116477E+001                  0.0000000000000000E+000                  0.0000000000000000E+000                  1.7733617770996729E+034                  2.7706900828051359E+034                 -2.0000000000000000E+001                 -2.0000000000000000E+001                 -2.0000000000000000E+001                 -2.0000000000000000E+001                  0.0000000000000000E+000                  0.0000000000000000E+000                  0.0000000000000000E+000                  0.0000000000000000E+000                  0.0000000000000000E+000                  0.0000000000000000E+000                  4.6005207638935373E+000                  5.0839046164916866E+000                  8.6416961691139538E-001                  4.1866713743099968E+000                  6.3226828366215669E-010                  7.5785466082401856E+000                  5.3414864241765991E-001                  1.6352856085331148E+001                  5.3414864241765991E-001                  7.5785466082401856E+000                  6.2163094600581503E-001                  8.4668117755645655E-001                  1.3052558207208484E+000                  6.9336233957916094E-001                  2.8620696181053212E-001                  7.9792349000658462E-005                  8.3232383323988725E-003                  3.4416106108120046E-003                  9.3604466091399083E-003                  2.0883135435352340E+001                  8.5082564466373523E+000                                        0                                        0                                        3                  1.0000000000000000E+000                  7.9390878127518809E-010                  0.0000000000000000E+000                  0.0000000000000000E+000                  0.0000000000000000E+000                  0.0000000000000000E+000                  0.0000000000000000E+000                  0.0000000000000000E+000                  0.0000000000000000E+000                  0.0000000000000000E+000                  0.0000000000000000E+000                  0.0000000000000000E+000                  0.0000000000000000E+000                  0.0000000000000000E+000                  0.0000000000000000E+000                  0.0000000000000000E+000                  0.0000000000000000E+000                  0.0000000000000000E+000                  0.0000000000000000E+000                  0.0000000000000000E+000                  0.0000000000000000E+000                  0.0000000000000000E+000                  0.0000000000000000E+000                  0.0000000000000000E+000                  0.0000000000000000E+000                  0.0000000000000000E+000                  1.0071905708784897E+005                  2.4141862749781250E+001                  2.8243054041374485E+001                  3.5757466685194083E+002                  4.1831903131904556E+002                  3.6088943762268381E+009                  1.5018776941055852E-002                  1.3556662893821604E+004                  0.0000000000000000E+000                  0.0000000000000000E+000                  0.0000000000000000E+000                  0.0000000000000000E+000                  0.0000000000000000E+000                  0.0000000000000000E+000                  5.0410656860637280E+011                  4.9740328696357532E+011                  0.0000000000000000E+000                  0.0000000000000000E+000                  0.0000000000000000E+000                  1.1827747448664862E+027                  0.0000000000000000E+000                  0.0000000000000000E+000                  0.0000000000000000E+000                  3.0511290222372529E-003                  5.0818884666253766E+011                  5.0721120875760236E+011                  5.0604772017810651E+011                  5.0464739006989618E+011                  5.0280718098256610E+011                  4.9971870903869238E+011                  4.9436053376183148E+011                  4.8880730226334314E+011                  4.7848472072347314E+011                  4.4245866774244415E+011                  3.5857637451910895E+011                  6.8778637564475608E+008                  6.8778637564475608E+008                  6.8778637564475608E+008                  0.0000000000000000E+000                  0.0000000000000000E+000                  0.0000000000000000E+000                  0.0000000000000000E+000                  0.0000000000000000E+000                  0.0000000000000000E+000                  9.3041223123292675E+003                  1.3047685153476517E+004                  0.0000000000000000E+000                  0.0000000000000000E+000                  0.0000000000000000E+000                  8.2656916392070871E+003 
                                      38                                     3976                  9.8893545427102508E+004                  4.2167717061984442E+000                  3.0000000000000000E+001                  3.4775799705279844E+001                 -9.8999999999999986E+001                  1.6402734827047279E+001                  5.4660246851539485E-001                  7.8126496612239471E-008                  9.9999999724394106E-001                  9.9999997728923118E-001                  5.9166232133525698E-001                  7.8126496612239471E-008                  9.9999999760329572E-001                  9.9999997401576479E-001                  5.0858323286242229E+000                 -2.6668654627860246E+001                 -1.0058928593519678E+001                  5.0858323286242229E+000                  1.8570577053534483E+000                  5.0855757987509245E+000                 -2.6668654627860246E+001                  0.0000000000000000E+000                  0.0000000000000000E+000                  1.7729477110238740E+034                  2.7697583150933708E+034                 -2.0000000000000000E+001                 -2.0000000000000000E+001                 -2.0000000000000000E+001                 -2.0000000000000000E+001                  0.0000000000000000E+000                  0.0000000000000000E+000                  0.0000000000000000E+000                  0.0000000000000000E+000                  0.0000000000000000E+000                  0.0000000000000000E+000                  4.6001191281303999E+000                  5.0845900078163089E+000                  8.6531558409998077E-001                  4.1843794399328260E+000                  6.0986887179443466E-010                  7.5780539064596875E+000                  5.3237214888660300E-001                  1.6350343738990137E+001                  5.3237214888660300E-001                  7.5780539064596875E+000                  6.2221078340150160E-001                  8.4609217555056671E-001                  1.3067536585941870E+000                  6.9218433552469527E-001                  2.8740632335339489E-001                  8.1657833215837141E-005                  8.1548647075344489E-003                  3.4416106108120046E-003                  9.3604466091399083E-003                  2.0862605491755051E+001                  8.5291561673626912E+000                                        0                                        0                                        4                  1.0000000000000000E+000                  7.9080242321031714E-010                  0.0000000000000000E+000                  0.0000000000000000E+000                  0.0000000000000000E+000                  0.0000000000000000E+000                  0.0000000000000000E+000                  0.0000000000000000E+000                  0.0000000000000000E+000                  0.0000000000000000E+000                  0.0000000000000000E+000                  0.0000000000000000E+000                  0.0000000000000000E+000                  0.0000000000000000E+000                  0.0000000000000000E+000                  0.0000000000000000E+000                  0.0000000000000000E+000                  0.0000000000000000E+000                  0.0000000000000000E+000                  0.0000000000000000E+000                  0.0000000000000000E+000                  0.0000000000000000E+000                  0.0000000000000000E+000                  0.0000000000000000E+000                  0.0000000000000000E+000                  0.0000000000000000E+000                  1.0134262567759733E+005                  2.4194900122068599E+001                  2.8254439958332419E+001                  3.5860965735859929E+002                  4.1877895677175536E+002                  3.6317331257516565E+009                  1.5077757528577750E-002                  1.3586914813997264E+004                  0.0000000000000000E+000                  0.0000000000000000E+000                  0.0000000000000000E+000                  0.0000000000000000E+000                  0.0000000000000000E+000                  0.0000000000000000E+000                  5.0542515072088824E+011                  4.9867206803854218E+011                  0.0000000000000000E+000                  0.0000000000000000E+000                  0.0000000000000000E+000                  1.1948719296117500E+027                  0.0000000000000000E+000                  0.0000000000000000E+000                  0.0000000000000000E+000                  3.1151604379028312E-003                  5.0953311814562952E+011                  5.0854434438897028E+011                  5.0738457150799072E+011                  5.0597193437583679E+011                  5.0411904731477069E+011                  5.0100151079934320E+011                  4.9557453931660431E+011                  4.9003394166439050E+011                  4.7964807981750220E+011                  4.4353339102060309E+011                  3.5938340295085657E+011                  6.8872481864623988E+008                  6.8872481864623988E+008                  6.8872481864623988E+008                  0.0000000000000000E+000                  0.0000000000000000E+000                  0.0000000000000000E+000                  0.0000000000000000E+000                  0.0000000000000000E+000                  0.0000000000000000E+000                  9.2991295528860046E+003                  1.3044141372356207E+004                  0.0000000000000000E+000                  0.0000000000000000E+000                  0.0000000000000000E+000                  8.2759826934511602E+003 
                                      39                                     3977                  1.1866110026420977E+005                  4.2959529522460684E+000                  3.0000000000000000E+001                  3.4775799705279844E+001                 -9.8999999999999986E+001                  1.6389229547755061E+001                  5.4597292920519647E-001                  7.8126480347282425E-008                  9.9999999721629818E-001                  9.9999997707570154E-001                  5.9049052297876092E-001                  7.8126480347282425E-008                  9.9999999758026026E-001                  9.9999997380834882E-001                  5.0866086656112337E+000                 -2.6693363836353058E+001                 -9.8999999999999986E+001                  5.0866086656112337E+000                  1.8508560551568622E+000                  5.0863562257605288E+000                 -2.6693363836353058E+001                  0.0000000000000000E+000                  0.0000000000000000E+000                  1.7725344658642474E+034                  2.7687214053865495E+034                 -2.0000000000000000E+001                 -2.0000000000000000E+001                 -2.0000000000000000E+001                 -2.0000000000000000E+001                  0.0000000000000000E+000                  0.0000000000000000E+000                  0.0000000000000000E+000                  0.0000000000000000E+000                  0.0000000000000000E+000                  0.0000000000000000E+000                  4.5996673222639552E+000                  5.0854193023061498E+000                  8.6663384307779046E-001                  4.1817429219772064E+000                  5.8663256069543783E-010                  7.5775167595456976E+000                  5.3040264684447225E-001                  1.6347545468797939E+001                  5.3040264684447225E-001                  7.5775167595456976E+000                  6.2290810508990813E-001                  8.4538422441952144E-001                  1.3085591102142227E+000                  6.9076843322755466E-001                  2.8884656584222312E-001                  8.3783071349968923E-005                  7.9629759607783325E-003                  3.4416106108120042E-003                  9.3604466091399066E-003                  2.0837942047188719E+001                  8.5542407756133816E+000                                        0                                        0                                        4                  1.0000000000000000E+000                  7.8722996640943183E-010                  0.0000000000000000E+000                  0.0000000000000000E+000                  0.0000000000000000E+000                  0.0000000000000000E+000                  0.0000000000000000E+000                  0.0000000000000000E+000                  0.0000000000000000E+000                  0.0000000000000000E+000                  0.0000000000000000E+000                  0.0000000000000000E+000                  0.0000000000000000E+000                  0.0000000000000000E+000                  0.0000000000000000E+000                  0.0000000000000000E+000                  0.0000000000000000E+000                  0.0000000000000000E+000                  0.0000000000000000E+000                  0.0000000000000000E+000                  0.0000000000000000E+000                  0.0000000000000000E+000                  0.0000000000000000E+000                  0.0000000000000000E+000                  0.0000000000000000E+000                  0.0000000000000000E+000                  1.0708993235205674E+005                  2.4174388943840494E+001                  2.7909906956298375E+001                  3.6124547039663435E+002                  4.1706648679213987E+002                  3.6520719063337212E+009                  1.5474380567415942E-002                  1.3536026908236843E+004                  0.0000000000000000E+000                  0.0000000000000000E+000                  0.0000000000000000E+000                  0.0000000000000000E+000                  0.0000000000000000E+000                  0.0000000000000000E+000                  5.0694203941528235E+011                  5.0016184073710181E+011                  0.0000000000000000E+000                  0.0000000000000000E+000                  0.0000000000000000E+000                  1.2020202660521329E+027                  0.0000000000000000E+000                  0.0000000000000000E+000                  0.0000000000000000E+000                  3.1922551766970786E-003                  5.1107057107057361E+011                  5.1008343893241559E+011                  5.0891093040264673E+011                  5.0749354148355182E+011                  5.0563444419573236E+011                  5.0248787204406763E+011                  4.9708037623845929E+011                  4.9144529556418604E+011                  4.8099459628995074E+011                  4.4476969479991986E+011                  3.6002143572717065E+011                  6.8976671622951746E+008                  6.8976671622951746E+008                  6.8976671622951746E+008                  0.0000000000000000E+000                  0.0000000000000000E+000                  0.0000000000000000E+000                  0.0000000000000000E+000                  0.0000000000000000E+000                  0.0000000000000000E+000                  9.2774426687637879E+003                  1.3008120602678759E+004                  0.0000000000000000E+000                  0.0000000000000000E+000                  0.0000000000000000E+000                  8.2883592069402985E+003 
                                      40                                     3977                  1.4238216606873847E+005                  4.3751341982936935E+000                  3.0000000000000000E+001                  3.4775799705279844E+001                 -9.8999999999999986E+001                  1.6372798434882302E+001                  5.4533856615714726E-001                  7.8126480347282425E-008                  9.9999999719326249E-001                  9.9999997682899788E-001                  5.9049052297876092E-001                  7.8126480347282425E-008                  9.9999999755722480E-001                  9.9999997350862202E-001                  5.0875583161429452E+000                 -2.6719293045594316E+001                 -9.8999999999999986E+001                  5.0875583161429452E+000                  1.8439237519326874E+000                  5.0873104177619783E+000                 -2.6719293045594316E+001                  0.0000000000000000E+000                  0.0000000000000000E+000                  1.7721406767917631E+034                  2.7675761697004758E+034                 -2.0000000000000000E+001                 -2.0000000000000000E+001                 -2.0000000000000000E+001                 -2.0000000000000000E+001                  0.0000000000000000E+000                  0.0000000000000000E+000                  0.0000000000000000E+000                  0.0000000000000000E+000                  0.0000000000000000E+000                  0.0000000000000000E+000                  4.5991621499406801E+000                  5.0864232368811324E+000                  8.6814615501183201E-001                  4.1787182981091231E+000                  5.6300601434792880E-010                  7.5769390530928113E+000                  5.2823973783724498E-001                  1.6344454849790818E+001                  5.2823973783724498E-001                  7.5769390530928113E+000                  6.2374753703366914E-001                  8.4453282305783217E-001                  1.3107377479806712E+000                  6.8906563048113478E-001                  2.9057693266705964E-001                  8.6189187791498292E-005                  7.7456709641150305E-003                  3.4416106108120042E-003                  9.3604466091399049E-003                  2.0808302377854311E+001                  8.5843569784662250E+000                                        0                                        0                                        4                  1.0000000000000000E+000                  7.8313240407202487E-010                  0.0000000000000000E+000                  0.0000000000000000E+000                  0.0000000000000000E+000                  0.0000000000000000E+000                  0.0000000000000000E+000                  0.0000000000000000E+000                  0.0000000000000000E+000                  0.0000000000000000E+000                  0.0000000000000000E+000                  0.0000000000000000E+000                  0.0000000000000000E+000                  0.0000000000000000E+000                  0.0000000000000000E+000                  0.0000000000000000E+000                  0.0000000000000000E+000                  0.0000000000000000E+000                  0.0000000000000000E+000                  0.0000000000000000E+000                  0.0000000000000000E+000                  0.0000000000000000E+000                  0.0000000000000000E+000                  0.0000000000000000E+000                  0.0000000000000000E+000                  0.0000000000000000E+000                  1.0234180038899713E+005                  2.4294395575345526E+001                  2.7927623555207656E+001                  3.6265616655831690E+002                  4.1689141300941031E+002                  3.6831459493032708E+009                  1.5042458444115557E-002                  1.3574363688935890E+004                  0.0000000000000000E+000                  0.0000000000000000E+000                  0.0000000000000000E+000                  0.0000000000000000E+000                  0.0000000000000000E+000                  0.0000000000000000E+000                  5.0869307103052887E+011                  5.0184402267610791E+011                  0.0000000000000000E+000                  0.0000000000000000E+000                  0.0000000000000000E+000                  1.2182414910514642E+027                  0.0000000000000000E+000                  0.0000000000000000E+000                  0.0000000000000000E+000                  3.2808110846477279E-003                  5.1285534563203601E+011                  5.1184799495228369E+011                  5.1068558574494891E+011                  5.0925039778302191E+011                  5.0738043581814307E+011                  5.0420473555124408E+011                  4.9871941699065009E+011                  4.9312356599752374E+011                  4.8259277923981677E+011                  4.4596859764432434E+011                  3.6107794315126624E+011                  6.9091274481956589E+008                  6.9091274481956589E+008                  6.9091274481956589E+008                  0.0000000000000000E+000                  0.0000000000000000E+000                  0.0000000000000000E+000                  0.0000000000000000E+000                  0.0000000000000000E+000                  0.0000000000000000E+000                  9.2701247156985992E+003                  1.3002901259385335E+004                  0.0000000000000000E+000                  0.0000000000000000E+000                  0.0000000000000000E+000                  8.3036604436492471E+003 
                                      41                                     3973                  1.7084744503417294E+005                  4.4543154443413187E+000                  3.0000000000000000E+001                  3.4775799705279844E+001                 -9.8999999999999986E+001                  1.6352831585296872E+001                  5.4470420310909806E-001                  7.8126480347282425E-008                  9.9999999716101251E-001                  9.9999997654470107E-001                  5.8931387009351055E-001                  7.8126480347282425E-008                  9.9999999752958213E-001                  9.9999997309675182E-001                  5.0887195672643690E+000                 -2.6745878298301850E+001                 -9.8999999999999986E+001                  5.0887195672643690E+000                  1.8362033432898868E+000                  5.0884766885132722E+000                 -2.6745878298301850E+001                  0.0000000000000000E+000                  0.0000000000000000E+000                  1.7717903551545040E+034                  2.7663353439760513E+034                 -2.0000000000000000E+001                 -2.0000000000000000E+001                 -2.0000000000000000E+001                 -2.0000000000000000E+001                  0.0000000000000000E+000                  0.0000000000000000E+000                  0.0000000000000000E+000                  0.0000000000000000E+000                  0.0000000000000000E+000                  0.0000000000000000E+000                  4.5986005124138405E+000                  5.0876391932119711E+000                  8.6987740823093040E-001                  4.1752557916709270E+000                  5.3946593426841560E-010                  7.5763271601387165E+000                  5.2588797169932011E-001                  1.6341070705978034E+001                  5.2588797169932011E-001                  7.5763271601387165E+000                  6.2475930436805371E-001                  8.4350817976605363E-001                  1.3133702646844856E+000                  6.8701634389720678E-001                  2.9265722463653043E-001                  8.8895525080195370E-005                  7.5012363205874148E-003                  3.4416106108120042E-003                  9.3604466091399049E-003                  2.0772666481810393E+001                  8.6205282645601891E+000                                        0                                        0                                        4                  1.0000000000000000E+000                  7.7844219407893760E-010                  0.0000000000000000E+000                  0.0000000000000000E+000                  0.0000000000000000E+000                  0.0000000000000000E+000                  0.0000000000000000E+000                  0.0000000000000000E+000                  0.0000000000000000E+000                  0.0000000000000000E+000                  0.0000000000000000E+000                  0.0000000000000000E+000                  0.0000000000000000E+000                  0.0000000000000000E+000                  0.0000000000000000E+000                  0.0000000000000000E+000                  0.0000000000000000E+000                  0.0000000000000000E+000                  0.0000000000000000E+000                  0.0000000000000000E+000                  0.0000000000000000E+000                  0.0000000000000000E+000                  0.0000000000000000E+000                  0.0000000000000000E+000                  0.0000000000000000E+000                  0.0000000000000000E+000                  1.0526034769551507E+005                  2.4414967296826557E+001                  2.8004394617657901E+001                  3.6502509608716406E+002                  4.1869017115178053E+002                  3.7175232895831585E+009                  1.5310946799597391E-002                  1.3581257554296084E+004                  0.0000000000000000E+000                  0.0000000000000000E+000                  0.0000000000000000E+000                  0.0000000000000000E+000                  0.0000000000000000E+000                  0.0000000000000000E+000                  5.1070106732679150E+011                  5.0378645341293750E+011                  0.0000000000000000E+000                  0.0000000000000000E+000                  0.0000000000000000E+000                  1.2339128440169196E+027                  0.0000000000000000E+000                  0.0000000000000000E+000                  0.0000000000000000E+000                  3.3878499610598971E-003                  5.1490612300680817E+011                  5.1389379321867712E+011                  5.1270881843113452E+011                  5.1126309041089557E+011                  5.0938074069476160E+011                  5.0618326640446014E+011                  5.0066056410286090E+011                  4.9495091817339807E+011                  4.8435427801390961E+011                  4.4759126565416980E+011                  3.6198992192359973E+011                  6.9216100118880463E+008                  6.9216100118880463E+008                  6.9216100118880463E+008                  0.0000000000000000E+000                  0.0000000000000000E+000                  0.0000000000000000E+000                  0.0000000000000000E+000                  0.0000000000000000E+000                  0.0000000000000000E+000                  9.2560753943949767E+003                  1.2983537693743168E+004                  0.0000000000000000E+000                  0.0000000000000000E+000                  0.0000000000000000E+000                  8.3225416447336265E+003 
                                      42                                     3982                  2.0500577979269429E+005                  4.5334966903889429E+000                  3.0000000000000000E+001                  3.4775799705279844E+001                 -9.8999999999999986E+001                  1.6328594091190109E+001                  5.4406984006104908E-001                  7.8126480569327030E-008                  9.9999999712415544E-001                  9.9999997621737269E-001                  5.8931387009351077E-001                  7.8126480569327030E-008                  9.9999999749272528E-001                  9.9999997273196028E-001                  5.0901388362989568E+000                 -2.6772354063459936E+001                 -1.0837079843903322E+001                  5.0901388362989568E+000                  1.8276358810794942E+000                  5.0899014804005427E+000                 -2.6772354063459936E+001                  0.0000000000000000E+000                  0.0000000000000000E+000                  1.7715133489862227E+034                  2.7649851776528570E+034                 -2.0000000000000000E+001                 -2.0000000000000000E+001                 -2.0000000000000000E+001                 -2.0000000000000000E+001                  0.0000000000000000E+000                  0.0000000000000000E+000                  0.0000000000000000E+000                  0.0000000000000000E+000                  0.0000000000000000E+000                  0.0000000000000000E+000                  4.5979792384173157E+000                  5.0891126532831832E+000                  8.7185668625958646E-001                  4.1712972356136140E+000                  5.1652251823515603E-010                  7.5756903294885003E+000                  5.2335747090162588E-001                  1.6337397580777694E+001                  5.2335747090162588E-001                  7.5756903294885003E+000                  6.2598066110575801E-001                  8.4227400081288217E-001                  1.3165563720260691E+000                  6.8454798602306788E-001                  2.9516021047662649E-001                  9.1918747745468554E-005                  7.2282443074005659E-003                  3.4416106108120042E-003                  9.3604466091399066E-003                  2.0729797163440701E+001                  8.6639946052180310E+000                                        0                                        0                                        4                  1.0000000000000000E+000                  7.7308054682870849E-010                  0.0000000000000000E+000                  0.0000000000000000E+000                  0.0000000000000000E+000                  0.0000000000000000E+000                  0.0000000000000000E+000                  0.0000000000000000E+000                  0.0000000000000000E+000                  0.0000000000000000E+000                  0.0000000000000000E+000                  0.0000000000000000E+000                  0.0000000000000000E+000                  0.0000000000000000E+000                  0.0000000000000000E+000                  0.0000000000000000E+000                  0.0000000000000000E+000                  0.0000000000000000E+000                  0.0000000000000000E+000                  0.0000000000000000E+000                  0.0000000000000000E+000                  0.0000000000000000E+000                  0.0000000000000000E+000                  0.0000000000000000E+000                  0.0000000000000000E+000                  0.0000000000000000E+000                  1.0212174805221206E+005                  2.4772511610850856E+001                  2.8315950287992170E+001                  3.6822609393055762E+002                  4.2089683655298455E+002                  3.7548748351359363E+009                  1.5148037446472981E-002                  1.3557577219702287E+004                  0.0000000000000000E+000                  0.0000000000000000E+000                  0.0000000000000000E+000                  0.0000000000000000E+000                  0.0000000000000000E+000                  0.0000000000000000E+000                  5.1300612742787793E+011                  5.0602560733476996E+011                  0.0000000000000000E+000                  0.0000000000000000E+000                  0.0000000000000000E+000                  1.2493092609654373E+027                  0.0000000000000000E+000                  0.0000000000000000E+000                  0.0000000000000000E+000                  3.5147239210553405E-003                  5.1724741509738879E+011                  5.1622657120693433E+011                  5.1503384596714453E+011                  5.1357619225363885E+011                  5.1168003339964618E+011                  5.0848305530470148E+011                  5.0289343946628583E+011                  4.9710834494926270E+011                  4.8638176035823828E+011                  4.4931511399281403E+011                  3.6306731442043518E+011                  6.9350664418981636E+008                  6.9350664418981636E+008                  6.9350664418981636E+008                  0.0000000000000000E+000                  0.0000000000000000E+000                  0.0000000000000000E+000                  0.0000000000000000E+000                  0.0000000000000000E+000                  0.0000000000000000E+000                  9.2326041300379966E+003                  1.2948399858225366E+004                  0.0000000000000000E+000                  0.0000000000000000E+000                  0.0000000000000000E+000                  8.3454287741986482E+003 
                                      43                                     3978                  2.4599578150291991E+005                  4.6126779364365680E+000                  3.0000000000000000E+001                  3.4775799705279844E+001                 -9.8999999999999986E+001                  1.6299222393249853E+001                  5.4280111396495134E-001                  7.8126481235460845E-008                  9.9999999707808362E-001                  9.9999997584075473E-001                  5.8813236267949387E-001                  7.8126481235460845E-008                  9.9999999746047530E-001                  9.9999997242464533E-001                  5.0918725599387153E+000                 -2.6797724929312682E+001                 -1.0536049848239340E+001                  5.0918725599387153E+000                  1.8181555872450412E+000                  5.0916412560227435E+000                 -2.6797724929312682E+001                  0.0000000000000000E+000                  0.0000000000000000E+000                  1.7713457348016192E+034                  2.7635225205511252E+034                 -2.0000000000000000E+001                 -2.0000000000000000E+001                 -2.0000000000000000E+001                 -2.0000000000000000E+001                  0.0000000000000000E+000                  0.0000000000000000E+000                  0.0000000000000000E+000                  0.0000000000000000E+000                  0.0000000000000000E+000                  0.0000000000000000E+000                  4.5972947869725358E+000                  5.0908991436633633E+000                  8.7411883433923598E-001                  4.1667729394543151E+000                  4.9471313967327986E-010                  7.5750410715320307E+000                  5.2066442031594373E-001                  1.6333445900771796E+001                  5.2066442031594373E-001                  7.5750410715320307E+000                  6.2745775366085310E-001                  8.4078596679239026E-001                  1.3204199047852734E+000                  6.8157191805713480E-001                  2.9817466057711906E-001                  9.5271920830602039E-005                  6.9256599515745395E-003                  3.4416106108120042E-003                  9.3604466091399049E-003                  2.0678189944660677E+001                  8.7162623155319743E+000                                        0                                        0                                        4                  1.0000000000000000E+000                  7.6695360331668224E-010                  0.0000000000000000E+000                  0.0000000000000000E+000                  0.0000000000000000E+000                  0.0000000000000000E+000                  0.0000000000000000E+000                  0.0000000000000000E+000                  0.0000000000000000E+000                  0.0000000000000000E+000                  0.0000000000000000E+000                  0.0000000000000000E+000                  0.0000000000000000E+000                  0.0000000000000000E+000                  0.0000000000000000E+000                  0.0000000000000000E+000                  0.0000000000000000E+000                  0.0000000000000000E+000                  0.0000000000000000E+000                  0.0000000000000000E+000                  0.0000000000000000E+000                  0.0000000000000000E+000                  0.0000000000000000E+000                  0.0000000000000000E+000                  0.0000000000000000E+000                  0.0000000000000000E+000                  1.0371329411676800E+005                  2.4986299209460316E+001                  2.8525847224074358E+001                  3.7186912192109378E+002                  4.2454793606471520E+002                  3.8014406795473380E+009                  1.5294215815778694E-002                  1.3546019753032831E+004                  0.0000000000000000E+000                  0.0000000000000000E+000                  0.0000000000000000E+000                  0.0000000000000000E+000                  0.0000000000000000E+000                  0.0000000000000000E+000                  5.1565050444462292E+011                  5.0858737414326624E+011                  0.0000000000000000E+000                  0.0000000000000000E+000                  0.0000000000000000E+000                  1.2685547821510847E+027                  0.0000000000000000E+000                  0.0000000000000000E+000                  0.0000000000000000E+000                  3.6667672993911937E-003                  5.1993836958144336E+011                  5.1890798602087494E+011                  5.1770610411985974E+011                  5.1623487979918445E+011                  5.1431563191421191E+011                  5.1108048133997955E+011                  5.0541485771686676E+011                  4.9957188740461163E+011                  4.8871368461834076E+011                  4.5130402642500159E+011                  3.6462230574339221E+011                  6.9494159987902248E+008                  6.9494159987902248E+008                  6.9494159987902248E+008                  0.0000000000000000E+000                  0.0000000000000000E+000                  0.0000000000000000E+000                  0.0000000000000000E+000                  0.0000000000000000E+000                  0.0000000000000000E+000                  9.2112793482446523E+003                  1.2915882123045380E+004                  0.0000000000000000E+000                  0.0000000000000000E+000                  0.0000000000000000E+000                  8.3739348308578647E+003 
                                      44                                     3987                  2.9437361388997035E+005                  4.6846464055010086E+000                  3.0000000000000000E+001                  3.4775799705279844E+001                 -9.8999999999999986E+001                  1.6263715355686571E+001                  5.4089802482080418E-001                  7.8126481679550054E-008                  9.9999999703201226E-001                  9.9999997540680818E-001                  5.8695085526547641E-001                  7.8126481679550054E-008                  9.9999999741901135E-001                  9.9999997189503409E-001                  5.0939538405415004E+000                 -2.6820453315161799E+001                 -9.8999999999999986E+001                  5.0939538405415004E+000                  1.8078366788748581E+000                  5.0937290492200020E+000                 -2.6820453315161799E+001                  0.0000000000000000E+000                  0.0000000000000000E+000                  1.7713266272474432E+034                  2.7619832225224553E+034                 -2.0000000000000000E+001                 -2.0000000000000000E+001                 -2.0000000000000000E+001                 -2.0000000000000000E+001                  0.0000000000000000E+000                  0.0000000000000000E+000                  0.0000000000000000E+000                  0.0000000000000000E+000                  0.0000000000000000E+000                  0.0000000000000000E+000                  4.5965541293733656E+000                  5.0930301787646259E+000                  8.7666566708820881E-001                  4.1616792739563699E+000                  4.7484391267066710E-010                  7.5744044328389748E+000                  5.1787280788682777E-001                  1.6329294102367871E+001                  5.1787280788682777E-001                  7.5744044328389748E+000                  6.2921868906543155E-001                  8.3901923082502339E-001                  1.3250383619887964E+000                  6.7803844625473564E-001                  3.0174970366008191E-001                  9.8908157076530787E-005                  6.5979411793387968E-003                  3.4416106108120042E-003                  9.3604466091399049E-003                  2.0617038165041354E+001                  8.7781277371023432E+000                                        0                                        0                                        4                  1.0000000000000000E+000                  7.6005883390346047E-010                  0.0000000000000000E+000                  0.0000000000000000E+000                  0.0000000000000000E+000                  0.0000000000000000E+000                  0.0000000000000000E+000                  0.0000000000000000E+000                  0.0000000000000000E+000                  0.0000000000000000E+000                  0.0000000000000000E+000                  0.0000000000000000E+000                  0.0000000000000000E+000                  0.0000000000000000E+000                  0.0000000000000000E+000                  0.0000000000000000E+000                  0.0000000000000000E+000                  0.0000000000000000E+000                  0.0000000000000000E+000                  0.0000000000000000E+000                  0.0000000000000000E+000                  0.0000000000000000E+000                  0.0000000000000000E+000                  0.0000000000000000E+000                  0.0000000000000000E+000                  0.0000000000000000E+000                  1.0942327965935686E+005                  2.5054692034710119E+001                  2.8425754585873698E+001                  3.7569485448154518E+002                  4.2624390345221400E+002                  3.8562689356137066E+009                  1.5692466833251966E-002                  1.3548294198651149E+004                  0.0000000000000000E+000                  0.0000000000000000E+000                  0.0000000000000000E+000                  0.0000000000000000E+000                  0.0000000000000000E+000                  0.0000000000000000E+000                  5.1864710007222162E+011                  5.1147832874420966E+011                  0.0000000000000000E+000                  0.0000000000000000E+000                  0.0000000000000000E+000                  1.2921992796077376E+027                  0.0000000000000000E+000                  0.0000000000000000E+000                  0.0000000000000000E+000                  3.8471732789270296E-003                  5.2299303263511676E+011                  5.2196136363553149E+011                  5.2073294324797931E+011                  5.1923915419188269E+011                  5.1728714692783264E+011                  5.1400532636837836E+011                  5.0827719555324530E+011                  5.0236300556974896E+011                  4.9135407111347797E+011                  4.5347164957206372E+011                  3.6606548651006598E+011                  6.9643220709331059E+008                  6.9643220709331059E+008                  6.9643220709331059E+008                  0.0000000000000000E+000                  0.0000000000000000E+000                  0.0000000000000000E+000                  0.0000000000000000E+000                  0.0000000000000000E+000                  0.0000000000000000E+000                  9.1886517602855038E+003                  1.2885001829058217E+004                  0.0000000000000000E+000                  0.0000000000000000E+000                  0.0000000000000000E+000                  8.4081701049231906E+003 
                                      45                                     3984                  3.4855769269455026E+005                  4.7338716942306931E+000                  3.0000000000000000E+001                  3.4775799705279844E+001                 -9.8999999999999986E+001                  1.6221566524207333E+001                  5.4025884767536669E-001                  7.8126481901594659E-008                  9.9999999698594044E-001                  9.9999997491358705E-001                  5.8576934785145907E-001                  7.8126481901594659E-008                  9.9999999737754719E-001                  9.9999997128845419E-001                  5.0963216578392698E+000                 -2.6838586504345670E+001                 -9.9919818038890647E+000                  5.0963216578392707E+000                  1.7971308836392113E+000                  5.0961035342706733E+000                 -2.6838586504345670E+001                  0.0000000000000000E+000                  0.0000000000000000E+000                  1.7714766812240946E+034                  2.7604220829454812E+034                 -2.0000000000000000E+001                 -2.0000000000000000E+001                 -2.0000000000000000E+001                 -2.0000000000000000E+001                  0.0000000000000000E+000                  0.0000000000000000E+000                  0.0000000000000000E+000                  0.0000000000000000E+000                  0.0000000000000000E+000                  0.0000000000000000E+000                  4.5957904037627495E+000                  5.0954423271442710E+000                  8.7939919249926257E-001                  4.1562122231342622E+000                  4.5800550399417602E-010                  7.5738231226086103E+000                  5.1513847189847173E-001                  1.6325161449576392E+001                  5.1513847189847173E-001                  7.5738231226086103E+000                  6.3121527793881937E-001                  8.3702633776300428E-001                  1.3302888385465734E+000                  6.7405266032184885E-001                  3.0577811512010783E-001                  1.0264360906729303E-004                  6.2619221365707535E-003                  3.4416106108120046E-003                  9.3604466091399083E-003                  2.0548225215752165E+001                  8.8476702932870186E+000                                        0                                        0                                        4                  1.0000000000000000E+000                  7.5266685432061123E-010                  0.0000000000000000E+000                  0.0000000000000000E+000                  0.0000000000000000E+000                  0.0000000000000000E+000                  0.0000000000000000E+000                  0.0000000000000000E+000                  0.0000000000000000E+000                  0.0000000000000000E+000                  0.0000000000000000E+000                  0.0000000000000000E+000                  0.0000000000000000E+000                  0.0000000000000000E+000                  0.0000000000000000E+000                  0.0000000000000000E+000                  0.0000000000000000E+000                  0.0000000000000000E+000                  0.0000000000000000E+000                  0.0000000000000000E+000                  0.0000000000000000E+000                  0.0000000000000000E+000                  0.0000000000000000E+000                  0.0000000000000000E+000                  0.0000000000000000E+000                  0.0000000000000000E+000                  1.0853503491302555E+005                  2.5337280118651794E+001                  2.9036489954051767E+001                  3.7994093546818141E+002                  4.3541181627201053E+002                  3.9191752217480597E+009                  1.5614572699199095E-002                  1.3557561846730088E+004                  0.0000000000000000E+000                  0.0000000000000000E+000                  0.0000000000000000E+000                  0.0000000000000000E+000                  0.0000000000000000E+000                  0.0000000000000000E+000                  5.2188425398523322E+011                  5.1458733162652032E+011                  0.0000000000000000E+000                  0.0000000000000000E+000                  0.0000000000000000E+000                  1.3202427533353950E+027                  0.0000000000000000E+000                  0.0000000000000000E+000                  0.0000000000000000E+000                  4.0522806288435520E-003                  5.2629203983101721E+011                  5.2524234334461517E+011                  5.2398663143862469E+011                  5.2248088020803687E+011                  5.2051330840193597E+011                  5.1721391538355341E+011                  5.1137064595683197E+011                  5.0530950196671454E+011                  4.9419451191272540E+011                  4.5603391034618207E+011                  3.6762461278788245E+011                  6.9789533051345623E+008                  6.9789533051345623E+008                  6.9789533051345623E+008                  0.0000000000000000E+000                  0.0000000000000000E+000                  0.0000000000000000E+000                  0.0000000000000000E+000                  0.0000000000000000E+000                  0.0000000000000000E+000                  9.1682667741724999E+003                  1.2860572466052326E+004                  0.0000000000000000E+000                  0.0000000000000000E+000                  0.0000000000000000E+000                  8.4486399002669386E+003 
                                      46                                     3987                  4.0759836408957996E+005                  4.7711512875260045E+000                  3.0000000000000000E+001                  3.4775799705279844E+001                 -9.8999999999999986E+001                  1.6174173369311102E+001                  5.3898049338447629E-001                  7.8126465803143975E-008                  9.9999999692144004E-001                  9.9999997437804256E-001                  5.8398737488768382E-001                  7.8126465803143975E-008                  9.9999999732686862E-001                  9.9999997071797386E-001                  5.0989390469970655E+000                 -2.6851313819196012E+001                 -9.8999999999999986E+001                  5.0989390469970655E+000                  1.7862532140258829E+000                  5.0987275986969047E+000                 -2.6851313819196012E+001                  0.0000000000000000E+000                  0.0000000000000000E+000                  1.7717936003612759E+034                  2.7588631560222835E+034                 -2.0000000000000000E+001                 -2.0000000000000000E+001                 -2.0000000000000000E+001                 -2.0000000000000000E+001                  0.0000000000000000E+000                  0.0000000000000000E+000                  0.0000000000000000E+000                  0.0000000000000000E+000                  0.0000000000000000E+000                  0.0000000000000000E+000                  4.5950186324362043E+000                  5.0980980019554547E+000                  8.8227057255794450E-001                  4.1504694630168988E+000                  4.4448164243140566E-010                  7.5733164006709961E+000                  5.1253544834509601E-001                  1.6321152495835417E+001                  5.1253544834509601E-001                  7.5733164006709961E+000                  6.3342182692833626E-001                  8.3483717708932703E-001                  1.3361064987122115E+000                  6.6967433922250208E-001                  3.1019893868138926E-001                  1.0637799737657400E-004                  5.9268875696725822E-003                  3.4416106108120042E-003                  9.3604466091399031E-003                  2.0472844346737329E+001                  8.9237762636904243E+000                                        0                                        0                                        4                  1.0000000000000000E+000                  7.4491667728121516E-010                  0.0000000000000000E+000                  0.0000000000000000E+000                  0.0000000000000000E+000                  0.0000000000000000E+000                  0.0000000000000000E+000                  0.0000000000000000E+000                  0.0000000000000000E+000                  0.0000000000000000E+000                  0.0000000000000000E+000                  0.0000000000000000E+000                  0.0000000000000000E+000                  0.0000000000000000E+000                  0.0000000000000000E+000                  0.0000000000000000E+000                  0.0000000000000000E+000                  0.0000000000000000E+000                  0.0000000000000000E+000                  0.0000000000000000E+000                  0.0000000000000000E+000                  0.0000000000000000E+000                  0.0000000000000000E+000                  0.0000000000000000E+000                  0.0000000000000000E+000                  0.0000000000000000E+000                  1.1558715720712380E+005                  2.5652773962835596E+001                  2.8963105668119979E+001                  3.8577183571985063E+002                  4.3555330343321680E+002                  3.9879303402865005E+009                  1.6238200463584540E-002                  1.3525075641274370E+004                  0.0000000000000000E+000                  0.0000000000000000E+000                  0.0000000000000000E+000                  0.0000000000000000E+000                  0.0000000000000000E+000                  0.0000000000000000E+000                  5.2529597472894305E+011                  5.1787813638621082E+011                  0.0000000000000000E+000                  0.0000000000000000E+000                  0.0000000000000000E+000                  1.3471864829953009E+027                  0.0000000000000000E+000                  0.0000000000000000E+000                  0.0000000000000000E+000                  4.2823862971090865E-003                  5.2977358270437097E+011                  5.2869588736561676E+011                  5.2744327624510626E+011                  5.2590888871776178E+011                  5.2392442438951349E+011                  5.2056117066018085E+011                  5.1464142166991833E+011                  5.0848964119988348E+011                  4.9719120006843964E+011                  4.5850844350150378E+011                  3.6910996008603143E+011                  6.9929104547452033E+008                  6.9929104547452033E+008                  6.9929104547452033E+008                  0.0000000000000000E+000                  0.0000000000000000E+000                  0.0000000000000000E+000                  0.0000000000000000E+000                  0.0000000000000000E+000                  0.0000000000000000E+000                  9.1460922284708886E+003                  1.2825387557596097E+004                  0.0000000000000000E+000                  0.0000000000000000E+000                  0.0000000000000000E+000                  8.4940060956750112E+003 
                                      47                                     3996                  4.7087796841171791E+005                  4.8012637549199404E+000                  3.0000000000000000E+001                  3.4775799705279844E+001                 -9.8999999999999986E+001                  1.6122423855159230E+001                  5.3706296194817615E-001                  7.8126479847654972E-008                  9.9999999686615371E-001                  9.9999997380812866E-001                  5.8279615563094200E-001                  7.8126479847654972E-008                  9.9999999727158229E-001                  9.9999997001081542E-001                  5.1017817850405507E+000                 -2.6858385454285102E+001                 -9.8999999999999986E+001                  5.1017817850405507E+000                  1.7753016068778631E+000                  5.1015769489175664E+000                 -2.6858385454285102E+001                  0.0000000000000000E+000                  0.0000000000000000E+000                  1.7722643740792672E+034                  2.7573250584302168E+034                 -2.0000000000000000E+001                 -2.0000000000000000E+001                 -2.0000000000000000E+001                 -2.0000000000000000E+001                  0.0000000000000000E+000                  0.0000000000000000E+000                  0.0000000000000000E+000                  0.0000000000000000E+000                  0.0000000000000000E+000                  0.0000000000000000E+000                  4.5942447686988226E+000                  5.1009733563169570E+000                  8.8525597721345950E-001                  4.1444986537058686E+000                  4.3409687711927438E-010                  7.5728919453475472E+000                  5.1009701994746870E-001                  1.6317314570463150E+001                  5.1009701994746870E-001                  7.5728919453475472E+000                  6.3582437175965212E-001                  8.3246988502207075E-001                  1.3424569922636356E+000                  6.6493975538869798E-001                  3.1497522881694534E-001                  1.1005487009729066E-004                  5.5981468663751323E-003                  3.4416106108120055E-003                  9.3604466091399049E-003                  2.0391572942354948E+001                  9.0057566742572295E+000                                        0                                        0                                        4                  1.0000000000000000E+000                  7.3688124146032790E-010                  0.0000000000000000E+000                  0.0000000000000000E+000                  0.0000000000000000E+000                  0.0000000000000000E+000                  0.0000000000000000E+000                  0.0000000000000000E+000                  0.0000000000000000E+000                  0.0000000000000000E+000                  0.0000000000000000E+000                  0.0000000000000000E+000                  0.0000000000000000E+000                  0.0000000000000000E+000                  0.0000000000000000E+000                  0.0000000000000000E+000                  0.0000000000000000E+000                  0.0000000000000000E+000                  0.0000000000000000E+000                  0.0000000000000000E+000                  0.0000000000000000E+000                  0.0000000000000000E+000                  0.0000000000000000E+000                  0.0000000000000000E+000                  0.0000000000000000E+000                  0.0000000000000000E+000                  1.0833612628256368E+005                  2.6191781951590755E+001                  3.0094791414927567E+001                  3.9118659103031956E+002                  4.4947987437941504E+002                  4.0627268932238340E+009                  1.5708840851517761E-002                  1.3521442396155408E+004                  0.0000000000000000E+000                  0.0000000000000000E+000                  0.0000000000000000E+000                  0.0000000000000000E+000                  0.0000000000000000E+000                  0.0000000000000000E+000                  5.2887361388851276E+011                  5.2130707588137994E+011                  0.0000000000000000E+000                  0.0000000000000000E+000                  0.0000000000000000E+000                  1.3790790609600873E+027                  0.0000000000000000E+000                  0.0000000000000000E+000                  0.0000000000000000E+000                  4.5339459160588236E-003                  5.3341840923333649E+011                  5.3232790264174451E+011                  5.3104618167143842E+011                  5.2949755249625909E+011                  5.2746509709990112E+011                  5.2406681346502069E+011                  5.1801745588043762E+011                  5.1174802858748499E+011                  5.0024406964986560E+011                  4.6115830161907532E+011                  3.7096253635858929E+011                  7.0060103784585440E+008                  7.0060103784585440E+008                  7.0060103784585440E+008                  0.0000000000000000E+000                  0.0000000000000000E+000                  0.0000000000000000E+000                  0.0000000000000000E+000                  0.0000000000000000E+000                  0.0000000000000000E+000                  9.1256053235225882E+003                  1.2799596001628479E+004                  0.0000000000000000E+000                  0.0000000000000000E+000                  0.0000000000000000E+000                  8.5449246752674844E+003 
                                      48                                     3985                  5.3789987351572746E+005                  4.8262167685365487E+000                  3.0000000000000000E+001                  3.4775799705279844E+001                 -9.8999999999999986E+001                  1.6066928712355779E+001                  5.3514062733346557E-001                  7.8126479847654972E-008                  9.9999999680165308E-001                  9.9999997320692924E-001                  5.8041371711743572E-001                  7.8126479847654972E-008                  9.9999999721629595E-001                  9.9999996926102475E-001                  5.1048301369080811E+000                 -2.6859830098202021E+001                 -9.8999999999999986E+001                  5.1048301369080811E+000                  1.7643180012275752E+000                  5.1046318147073935E+000                 -2.6859830098202021E+001                  0.0000000000000000E+000                  0.0000000000000000E+000                  1.7728697718668183E+034                  2.7557832135041443E+034                 -2.0000000000000000E+001                 -2.0000000000000000E+001                 -2.0000000000000000E+001                 -2.0000000000000000E+001                  0.0000000000000000E+000                  0.0000000000000000E+000                  0.0000000000000000E+000                  0.0000000000000000E+000                  0.0000000000000000E+000                  0.0000000000000000E+000                  4.5934706412834654E+000                  5.1040492560367161E+000                  8.8834218190405323E-001                  4.1383262443246807E+000                  4.2658336997300518E-010                  7.5725518739617526E+000                  5.0783766676426811E-001                  1.6313668794621513E+001                  5.0783766676426811E-001                  7.5725518739617526E+000                  6.3841327097477585E-001                  8.2993827112639895E-001                  1.3493173083633201E+000                  6.5987652794547491E-001                  3.2007894184830660E-001                  1.1363916804014732E-004                  5.2790495789284565E-003                  3.4416106108120059E-003                  9.3604466091399066E-003                  2.0304939185273980E+001                  9.0930760877563230E+000                                        0                                        0                                        4                  1.0000000000000000E+000                  7.2860660662458510E-010                  0.0000000000000000E+000                  0.0000000000000000E+000                  0.0000000000000000E+000                  0.0000000000000000E+000                  0.0000000000000000E+000                  0.0000000000000000E+000                  0.0000000000000000E+000                  0.0000000000000000E+000                  0.0000000000000000E+000                  0.0000000000000000E+000                  0.0000000000000000E+000                  0.0000000000000000E+000                  0.0000000000000000E+000                  0.0000000000000000E+000                  0.0000000000000000E+000                  0.0000000000000000E+000                  0.0000000000000000E+000                  0.0000000000000000E+000                  0.0000000000000000E+000                  0.0000000000000000E+000                  0.0000000000000000E+000                  0.0000000000000000E+000                  0.0000000000000000E+000                  0.0000000000000000E+000                  1.1149869559402244E+005                  2.6451590573381967E+001                  3.0062664240158885E+001                  3.9753865650426371E+002                  4.5180916889730656E+002                  4.1416568492199135E+009                  1.5871967210716480E-002                  1.3492216225919519E+004                  0.0000000000000000E+000                  0.0000000000000000E+000                  0.0000000000000000E+000                  0.0000000000000000E+000                  0.0000000000000000E+000                  0.0000000000000000E+000                  5.3259270669449432E+011                  5.2487918103176154E+011                  0.0000000000000000E+000                  0.0000000000000000E+000                  0.0000000000000000E+000                  1.4104217668909986E+027                  0.0000000000000000E+000                  0.0000000000000000E+000                  0.0000000000000000E+000                  4.8153476220788027E-003                  5.3721969733825671E+011                  5.3610923124929828E+011                  5.3481297741575549E+011                  5.3323006520512939E+011                  5.3118188334069537E+011                  5.2771765439670544E+011                  5.2153244442079657E+011                  5.1520274833901672E+011                  5.0349323969521960E+011                  4.6390678174131268E+011                  3.7271394318343701E+011                  7.0181701649369717E+008                  7.0181701649369717E+008                  7.0181701649369717E+008                  0.0000000000000000E+000                  0.0000000000000000E+000                  0.0000000000000000E+000                  0.0000000000000000E+000                  0.0000000000000000E+000                  0.0000000000000000E+000                  9.1016894058670005E+003                  1.2764741918548090E+004                  0.0000000000000000E+000                  0.0000000000000000E+000                  0.0000000000000000E+000                  8.5997017751995518E+003 
                                      49                                     3972                  6.0825755716535950E+005                  4.8473115329636149E+000                  3.0000000000000000E+001                  3.4775799705279844E+001                 -9.8999999999999986E+001                  1.6008193874401158E+001                  5.3320868636195906E-001                  7.8126479181521157E-008                  9.9999999673715212E-001                  9.9999997257560258E-001                  5.7861231978162786E-001                  7.8126479181521157E-008                  9.9999999716100951E-001                  9.9999996866505669E-001                  5.1080679897641099E+000                 -2.6855825762191966E+001                 -9.8999999999999986E+001                  5.1080679897641099E+000                  1.7533148040999460E+000                  5.1078760667375818E+000                 -2.6855825762191966E+001                  0.0000000000000000E+000                  0.0000000000000000E+000                  1.7735876874721658E+034                  2.7542326406384411E+034                 -2.0000000000000000E+001                 -2.0000000000000000E+001                 -2.0000000000000000E+001                 -2.0000000000000000E+001                  0.0000000000000000E+000                  0.0000000000000000E+000                  0.0000000000000000E+000                  0.0000000000000000E+000                  0.0000000000000000E+000                  0.0000000000000000E+000                  4.5926956056221950E+000                  5.1073102711261136E+000                  8.9152276077129178E-001                  4.1319650865902036E+000                  4.2164092076361578E-010                  7.5722952030229367E+000                  5.0576104772123176E-001                  1.6310221019453959E+001                  5.0576104772123176E-001                  7.5722952030229367E+000                  6.4118204248196287E-001                  8.2725298664087044E-001                  1.3566729086445057E+000                  6.5450595936397848E-001                  3.2548851664143041E-001                  1.1710999198582032E-004                  4.9716370002697921E-003                  3.4416106108120059E-003                  9.3604466091399083E-003                  2.0213360899953159E+001                  9.1853123314305822E+000                                        0                                        0                                        4                  1.0000000000000000E+000                  7.2012208584655409E-010                  0.0000000000000000E+000                  0.0000000000000000E+000                  0.0000000000000000E+000                  0.0000000000000000E+000                  0.0000000000000000E+000                  0.0000000000000000E+000                  0.0000000000000000E+000                  0.0000000000000000E+000                  0.0000000000000000E+000                  0.0000000000000000E+000                  0.0000000000000000E+000                  0.0000000000000000E+000                  0.0000000000000000E+000                  0.0000000000000000E+000                  0.0000000000000000E+000                  0.0000000000000000E+000                  0.0000000000000000E+000                  0.0000000000000000E+000                  0.0000000000000000E+000                  0.0000000000000000E+000                  0.0000000000000000E+000                  0.0000000000000000E+000                  0.0000000000000000E+000                  0.0000000000000000E+000                  1.1674703391456105E+005                  2.6825623622361899E+001                  3.0467091922732024E+001                  4.0382009445844238E+002                  4.5863701479266632E+002                  4.2283936377665677E+009                  1.6335761921572853E-002                  1.3487061030843341E+004                  0.0000000000000000E+000                  0.0000000000000000E+000                  0.0000000000000000E+000                  0.0000000000000000E+000                  0.0000000000000000E+000                  0.0000000000000000E+000                  5.3645371542843500E+011                  5.2857123165989154E+011                  0.0000000000000000E+000                  0.0000000000000000E+000                  0.0000000000000000E+000                  1.4461634490929144E+027                  0.0000000000000000E+000                  0.0000000000000000E+000                  0.0000000000000000E+000                  5.1228174300124163E-003                  5.4115274699127405E+011                  5.4003470749349304E+011                  5.3870765394738348E+011                  5.3710129501167706E+011                  5.3501008076046246E+011                  5.3147498905005212E+011                  5.2518127038792419E+011                  5.1871746612860077E+011                  5.0685738779927234E+011                  4.6660763104772815E+011                  3.7451909334479022E+011                  7.0293650930577254E+008                  7.0293650930577254E+008                  7.0293650930577254E+008                  0.0000000000000000E+000                  0.0000000000000000E+000                  0.0000000000000000E+000                  0.0000000000000000E+000                  0.0000000000000000E+000                  0.0000000000000000E+000                  9.0821395202547974E+003                  1.2739046159554275E+004                  0.0000000000000000E+000                  0.0000000000000000E+000                  0.0000000000000000E+000                  8.6607190017186131E+003 
                                      50                                     3974                  6.8158882901770750E+005                  4.8652892174334452E+000                  3.0000000000000000E+001                  3.4775799705279844E+001                 -9.8999999999999986E+001                  1.5946657599812319E+001                  5.3063276506661716E-001                  7.8126478293342737E-008                  9.9999999667265160E-001                  9.9999997191379264E-001                  5.7681092244582000E-001                  7.8126478293342737E-008                  9.9999999710572329E-001                  9.9999996789570089E-001                  5.1114806268224697E+000                 -2.6846628052505949E+001                 -1.0837079843903322E+001                  5.1114806268224697E+000                  1.7422904404172248E+000                  5.1112949802459502E+000                 -2.6846628052505949E+001                  0.0000000000000000E+000                  0.0000000000000000E+000                  1.7743950152008834E+034                  2.7526620398480772E+034                 -2.0000000000000000E+001                 -2.0000000000000000E+001                 -2.0000000000000000E+001                 -2.0000000000000000E+001                  0.0000000000000000E+000                  0.0000000000000000E+000                  0.0000000000000000E+000                  0.0000000000000000E+000                  0.0000000000000000E+000                  0.0000000000000000E+000                  4.5919177754592599E+000                  5.1107422987995816E+000                  8.9479443493389577E-001                  4.1254217382649960E+000                  4.1896485719196316E-010                  7.5721193548403960E+000                  5.0386505570881002E-001                  1.6306969149517155E+001                  5.0386505570881002E-001                  7.5721193548403960E+000                  6.4412594688742919E-001                  8.2442328677760468E-001                  1.3645131173043175E+000                  6.4884656006204877E-001                  3.3118528318829360E-001                  1.2045475458767239E-004                  4.6771689177372696E-003                  3.4416106108120059E-003                  9.3604466091399083E-003                  2.0117204523198239E+001                  9.2820963745850449E+000                                        0                                        0                                        4                  1.0000000000000000E+000                  7.1145006089807259E-010                  0.0000000000000000E+000                  0.0000000000000000E+000                  0.0000000000000000E+000                  0.0000000000000000E+000                  0.0000000000000000E+000                  0.0000000000000000E+000                  0.0000000000000000E+000                  0.0000000000000000E+000                  0.0000000000000000E+000                  0.0000000000000000E+000                  0.0000000000000000E+000                  0.0000000000000000E+000                  0.0000000000000000E+000                  0.0000000000000000E+000                  0.0000000000000000E+000                  0.0000000000000000E+000                  0.0000000000000000E+000                  0.0000000000000000E+000                  0.0000000000000000E+000                  0.0000000000000000E+000                  0.0000000000000000E+000                  0.0000000000000000E+000                  0.0000000000000000E+000                  0.0000000000000000E+000                  1.1355042311590545E+005                  2.7307312909184393E+001                  3.1468655588231030E+001                  4.1067990976774530E+002                  4.7326313945523140E+002                  4.3176893603849449E+009                  1.6052807818245328E-002                  1.3461467718374428E+004                  0.0000000000000000E+000                  0.0000000000000000E+000                  0.0000000000000000E+000                  0.0000000000000000E+000                  0.0000000000000000E+000                  0.0000000000000000E+000                  5.4045527505055817E+011                  5.3240001077040735E+011                  0.0000000000000000E+000                  0.0000000000000000E+000                  0.0000000000000000E+000                  1.4819051312948309E+027                  0.0000000000000000E+000                  0.0000000000000000E+000                  0.0000000000000000E+000                  5.4599869659420763E-003                  5.4523574606859674E+011                  5.4408731044504993E+011                  5.4274431491905157E+011                  5.4111346188870941E+011                  5.3897817073622186E+011                  5.3540478197809882E+011                  5.2896255721370209E+011                  5.2235624408238733E+011                  5.1025861046744891E+011                  4.6948775442718396E+011                  3.7606702589736346E+011                  7.0396018661006463E+008                  7.0396018661006463E+008                  7.0396018661006463E+008                  0.0000000000000000E+000                  0.0000000000000000E+000                  0.0000000000000000E+000                  0.0000000000000000E+000                  0.0000000000000000E+000                  0.0000000000000000E+000                  9.0566610798823294E+003                  1.2704392437377197E+004                  0.0000000000000000E+000                  0.0000000000000000E+000                  0.0000000000000000E+000                  8.7659860046821250E+003 
                                      51                                     3967                  7.5746499046124774E+005                  4.8801053519206778E+000                  3.0000000000000000E+001                  3.4775799705279844E+001                 -9.8999999999999986E+001                  1.5882587973929351E+001                  5.2933522297691682E-001                  7.8126478737431947E-008                  9.9999999660815109E-001                  9.9999997122065809E-001                  5.7439934901654166E-001                  7.8126478737431947E-008                  9.9999999705043729E-001                  9.9999996697588589E-001                  5.1150499702610208E+000                 -2.6832552511691819E+001                 -1.0837079843903322E+001                  5.1150499702610208E+000                  1.7312489505758411E+000                  5.1148704667116993E+000                 -2.6832552511691819E+001                  0.0000000000000000E+000                  0.0000000000000000E+000                  1.7752662052550496E+034                  2.7510430641973861E+034                 -2.0000000000000000E+001                 -2.0000000000000000E+001                 -2.0000000000000000E+001                 -2.0000000000000000E+001                  0.0000000000000000E+000                  0.0000000000000000E+000                  0.0000000000000000E+000                  0.0000000000000000E+000                  0.0000000000000000E+000                  0.0000000000000000E+000                  4.5911356449254299E+000                  5.1143278939092855E+000                  8.9815149355640989E-001                  4.1187076210199676E+000                  4.1830170109358893E-010                  7.5720209616634140E+000                  5.0214701170662046E-001                  1.6303910965130907E+001                  5.0214701170662046E-001                  7.5720209616634140E+000                  6.4723624154352200E-001                  8.2146135416264221E-001                  1.3728190177829294E+000                  6.4292269528518409E-001                  3.3714474278180356E-001                  1.2366268792205127E-004                  4.3966984993000580E-003                  3.4416106108120068E-003                  9.3604466091399101E-003                  2.0016932603489494E+001                  9.3829635729151200E+000                                        0                                        0                                        4                  1.0000000000000000E+000                  7.0262026565706176E-010                  0.0000000000000000E+000                  0.0000000000000000E+000                  0.0000000000000000E+000                  0.0000000000000000E+000                  0.0000000000000000E+000                  0.0000000000000000E+000                  0.0000000000000000E+000                  0.0000000000000000E+000                  0.0000000000000000E+000                  0.0000000000000000E+000                  0.0000000000000000E+000                  0.0000000000000000E+000                  0.0000000000000000E+000                  0.0000000000000000E+000                  0.0000000000000000E+000                  0.0000000000000000E+000                  0.0000000000000000E+000                  0.0000000000000000E+000                  0.0000000000000000E+000                  0.0000000000000000E+000                  0.0000000000000000E+000                  0.0000000000000000E+000                  0.0000000000000000E+000                  0.0000000000000000E+000                  1.1769479684207965E+005                  2.7776818149740901E+001                  3.2096198442349120E+001                  4.1812202441195046E+002                  4.8314127976417944E+002                  4.4096421478697701E+009                  1.6420004948379092E-002                  1.3416817434016904E+004                  0.0000000000000000E+000                  0.0000000000000000E+000                  0.0000000000000000E+000                  0.0000000000000000E+000                  0.0000000000000000E+000                  0.0000000000000000E+000                  5.4459298073578540E+011                  5.3636120556980603E+011                  0.0000000000000000E+000                  0.0000000000000000E+000                  0.0000000000000000E+000                  1.5176468134967462E+027                  0.0000000000000000E+000                  0.0000000000000000E+000                  0.0000000000000000E+000                  5.8292457589405045E-003                  5.4945776255771686E+011                  5.4829397506122565E+011                  5.4691853722181006E+011                  5.4525861986314008E+011                  5.4308174173911188E+011                  5.3945229450105792E+011                  5.3291940292136578E+011                  5.2611471565517963E+011                  5.1384471045537585E+011                  4.7244516535377997E+011                  3.7796576072190070E+011                  7.0488907425533187E+008                  7.0488907425533187E+008                  7.0488907425533187E+008                  0.0000000000000000E+000                  0.0000000000000000E+000                  0.0000000000000000E+000                  0.0000000000000000E+000                  0.0000000000000000E+000                  0.0000000000000000E+000                  9.0256283268857296E+003                  1.2661355075659510E+004                  0.0000000000000000E+000                  0.0000000000000000E+000                  0.0000000000000000E+000                  8.8547297913005041E+003 
                                      52                                     3972                  8.3544937254585442E+005                  4.8920076353363617E+000                  3.0000000000000000E+001                  3.4775799705279844E+001                 -9.8999999999999986E+001                  1.5816506833985494E+001                  5.2674013879753057E-001                  7.8126494835882632E-008                  9.9999999653443605E-001                  9.9999997049542189E-001                  5.7258338620844340E-001                  7.8126494835882632E-008                  9.9999999698593656E-001                  9.9999996618649878E-001                  5.1187568875667884E+000                 -2.6813957326581729E+001                 -9.8999999999999986E+001                  5.1187568875667884E+000                  1.7201936718158126E+000                  5.1185833842248689E+000                 -2.6813957326581729E+001                  0.0000000000000000E+000                  0.0000000000000000E+000                  1.7761758253834263E+034                  2.7493813394556377E+034                 -2.0000000000000000E+001                 -2.0000000000000000E+001                 -2.0000000000000000E+001                 -2.0000000000000000E+001                  0.0000000000000000E+000                  0.0000000000000000E+000                  0.0000000000000000E+000                  0.0000000000000000E+000                  0.0000000000000000E+000                  0.0000000000000000E+000                  4.5903475896823016E+000                  5.1180483530742764E+000                  9.0158783362516004E-001                  4.1118349408824670E+000                  4.1942317735371598E-010                  7.5719959025796202E+000                  5.0060201843071406E-001                  1.6301041674469836E+001                  5.0060201843071406E-001                  7.5719959025796202E+000                  6.5050339250178957E-001                  8.1838022053373216E-001                  1.3815687409197790E+000                  6.3676042850166525E-001                  3.4334074657540042E-001                  1.2672680059310431E-004                  4.1308992854618568E-003                  3.4416106108120059E-003                  9.3604466091399136E-003                  1.9913030858281545E+001                  9.4874269725874232E+000                                        0                                        0                                        4                  1.0000000000000000E+000                  6.9366394889115930E-010                  0.0000000000000000E+000                  0.0000000000000000E+000                  0.0000000000000000E+000                  0.0000000000000000E+000                  0.0000000000000000E+000                  0.0000000000000000E+000                  0.0000000000000000E+000                  0.0000000000000000E+000                  0.0000000000000000E+000                  0.0000000000000000E+000                  0.0000000000000000E+000                  0.0000000000000000E+000                  0.0000000000000000E+000                  0.0000000000000000E+000                  0.0000000000000000E+000                  0.0000000000000000E+000                  0.0000000000000000E+000                  0.0000000000000000E+000                  0.0000000000000000E+000                  0.0000000000000000E+000                  0.0000000000000000E+000                  0.0000000000000000E+000                  0.0000000000000000E+000                  0.0000000000000000E+000                  1.2171494609982692E+005                  2.8237419559567233E+001                  3.2765666251712886E+001                  4.2545841652959939E+002                  4.9368634589940370E+002                  4.5035567856224461E+009                  1.6769284617358441E-002                  1.3371277984996190E+004                  0.0000000000000000E+000                  0.0000000000000000E+000                  0.0000000000000000E+000                  0.0000000000000000E+000                  0.0000000000000000E+000                  0.0000000000000000E+000                  5.4885631310544989E+011                  5.4043190522898877E+011                  0.0000000000000000E+000                  0.0000000000000000E+000                  0.0000000000000000E+000                  1.5550381118002892E+027                  0.0000000000000000E+000                  0.0000000000000000E+000                  0.0000000000000000E+000                  6.2339107157677320E-003                  5.5381375736058472E+011                  5.5261841484892920E+011                  5.5122529246946863E+011                  5.4953531590236237E+011                  5.4733041405607147E+011                  5.4360711582039056E+011                  5.3690506515430786E+011                  5.2998803151702594E+011                  5.1745893784761920E+011                  4.7544782909751434E+011                  3.7991118140860657E+011                  7.0572544595857787E+008                  7.0572544595857787E+008                  7.0572544595857787E+008                  0.0000000000000000E+000                  0.0000000000000000E+000                  0.0000000000000000E+000                  0.0000000000000000E+000                  0.0000000000000000E+000                  0.0000000000000000E+000                  8.9915595728300250E+003                  1.2622738304734263E+004                  0.0000000000000000E+000                  0.0000000000000000E+000                  0.0000000000000000E+000                  8.9149519065583099E+003 
                                      53                                     3962                  9.1512647780417593E+005                  4.9013335473888562E+000                  3.0000000000000000E+001                  3.4775799705279844E+001                 -9.8999999999999986E+001                  1.5748789934483876E+001                  5.2478904910036228E-001                  7.8126478570925585E-008                  9.9999999645150672E-001                  9.9999996973717098E-001                  5.7015724963008174E-001                  7.8126478570925585E-008                  9.9999999692143582E-001                  9.9999996541073188E-001                  5.1225828259386308E+000                 -2.6791218822115205E+001                 -1.0235019852575359E+001                  5.1225828259386308E+000                  1.7091227758093377E+000                  5.1224151741912314E+000                 -2.6791218822115205E+001                  0.0000000000000000E+000                  0.0000000000000000E+000                  1.7768518701497487E+034                  2.7476472438276674E+034                 -2.0000000000000000E+001                 -2.0000000000000000E+001                 -2.0000000000000000E+001                 -2.0000000000000000E+001                  0.0000000000000000E+000                  0.0000000000000000E+000                  0.0000000000000000E+000                  0.0000000000000000E+000                  0.0000000000000000E+000                  0.0000000000000000E+000                  4.5895517515572211E+000                  5.1218855033116215E+000                  9.0509808499399524E-001                  4.1048144381447971E+000                  4.2217140468226711E-010                  7.5720395721887632E+000                  4.9922351558718076E-001                  1.6298354192786231E+001                  4.9922351558718076E-001                  7.5720395721887632E+000                  6.5391800753869078E-001                  8.1519251935562898E-001                  1.3907407371920557E+000                  6.3038502663464635E-001                  3.4974799248248234E-001                  1.2964413672354191E-004                  3.8800484869718267E-003                  3.4416106108120072E-003                  9.3604466091399188E-003                  1.9805971242709852E+001                  9.5950142272376304E+000                                        0                                        0                                        4                  1.0000000000000000E+000                  6.8461030308628021E-010                  0.0000000000000000E+000                  0.0000000000000000E+000                  0.0000000000000000E+000                  0.0000000000000000E+000                  0.0000000000000000E+000                  0.0000000000000000E+000                  0.0000000000000000E+000                  0.0000000000000000E+000                  0.0000000000000000E+000                  0.0000000000000000E+000                  0.0000000000000000E+000                  0.0000000000000000E+000                  0.0000000000000000E+000                  0.0000000000000000E+000                  0.0000000000000000E+000                  0.0000000000000000E+000                  0.0000000000000000E+000                  0.0000000000000000E+000                  0.0000000000000000E+000                  0.0000000000000000E+000                  0.0000000000000000E+000                  0.0000000000000000E+000                  0.0000000000000000E+000                  0.0000000000000000E+000                  1.2539619132990502E+005                  2.8799865868936482E+001                  3.3629814364708331E+001                  4.3435874392418270E+002                  5.0720388741857590E+002                  4.6262697148013048E+009                  1.7081940242629112E-002                  1.3386288732924473E+004                  0.0000000000000000E+000                  0.0000000000000000E+000                  0.0000000000000000E+000                  0.0000000000000000E+000                  0.0000000000000000E+000                  0.0000000000000000E+000                  5.5324111418206177E+011                  5.4461708748549573E+011                  0.0000000000000000E+000                  0.0000000000000000E+000                  0.0000000000000000E+000                  1.6006774906119620E+027                  0.0000000000000000E+000                  0.0000000000000000E+000                  0.0000000000000000E+000                  6.6744850350529683E-003                  5.5829948904335583E+011                  5.5708755259226758E+011                  5.5566034976773462E+011                  5.5393581797671814E+011                  5.5169069879106299E+011                  5.4794891487302380E+011                  5.4101002434487543E+011                  5.3397209928206219E+011                  5.2119218163651984E+011                  4.7863850922676385E+011                  3.8189547270140967E+011                  7.0647252721823096E+008                  7.0647252721823096E+008                  7.0647252721823096E+008                  0.0000000000000000E+000                  0.0000000000000000E+000                  0.0000000000000000E+000                  0.0000000000000000E+000                  0.0000000000000000E+000                  0.0000000000000000E+000                  8.9870455283508418E+003                  1.2596011614019897E+004                  0.0000000000000000E+000                  0.0000000000000000E+000                  0.0000000000000000E+000                  8.9811060017933432E+003 
                                      54                                     3978                  9.9608961085508124E+005                  4.9082873058246799E+000                  3.0000000000000000E+001                  3.4775799705279844E+001                 -9.8999999999999986E+001                  1.5679785446927545E+001                  5.2217485867055358E-001                  7.8126477682747166E-008                  9.9999999637779180E-001                  9.9999996894392651E-001                  5.6802164143424805E-001                  7.8126477682747166E-008                  9.9999999684772090E-001                  9.9999996443495309E-001                  5.1265092607385219E+000                 -2.6764723518968143E+001                 -9.6909518082250834E+000                  5.1265092607385219E+000                  1.6980417908024572E+000                  5.1263473044495109E+000                 -2.6764723518968143E+001                  0.0000000000000000E+000                  0.0000000000000000E+000                  1.7773175141934469E+034                  2.7458271292262867E+034                 -2.0000000000000000E+001                 -2.0000000000000000E+001                 -2.0000000000000000E+001                 -2.0000000000000000E+001                  0.0000000000000000E+000                  0.0000000000000000E+000                  0.0000000000000000E+000                  0.0000000000000000E+000                  0.0000000000000000E+000                  0.0000000000000000E+000                  4.5887465716110176E+000                  5.1258212080082606E+000                  9.0867629723472065E-001                  4.0976580136633460E+000                  4.2636870213164376E-010                  7.5721471348080902E+000                  4.9800426203905185E-001                  1.6295840904836513E+001                  4.9800426203905185E-001                  7.5721471348080902E+000                  6.5746961016900196E-001                  8.1191151251285609E-001                  1.4003106473174700E+000                  6.2382301344686131E-001                  3.5633995037074995E-001                  1.3241390837506788E-004                  3.6441958582382693E-003                  3.4416106108120072E-003                  9.3604466091399153E-003                  1.9696229506981265E+001                  9.7052497605495436E+000                                        0                                        0                                        4                  1.0000000000000000E+000                  6.7548893832778464E-010                  0.0000000000000000E+000                  0.0000000000000000E+000                  0.0000000000000000E+000                  0.0000000000000000E+000                  0.0000000000000000E+000                  0.0000000000000000E+000                  0.0000000000000000E+000                  0.0000000000000000E+000                  0.0000000000000000E+000                  0.0000000000000000E+000                  0.0000000000000000E+000                  0.0000000000000000E+000                  0.0000000000000000E+000                  0.0000000000000000E+000                  0.0000000000000000E+000                  0.0000000000000000E+000                  0.0000000000000000E+000                  0.0000000000000000E+000                  0.0000000000000000E+000                  0.0000000000000000E+000                  0.0000000000000000E+000                  0.0000000000000000E+000                  0.0000000000000000E+000                  0.0000000000000000E+000                  1.2022308150425952E+005                  2.9393684893768061E+001                  3.3852791664582710E+001                  4.4254534259772214E+002                  5.0968074738626484E+002                  4.7274896238079290E+009                  1.6636041389875608E-002                  1.3322827718744627E+004                  0.0000000000000000E+000                  0.0000000000000000E+000                  0.0000000000000000E+000                  0.0000000000000000E+000                  0.0000000000000000E+000                  0.0000000000000000E+000                  5.5775329913644580E+011                  5.4892087896565540E+011                  0.0000000000000000E+000                  0.0000000000000000E+000                  0.0000000000000000E+000                  1.6402682770510073E+027                  0.0000000000000000E+000                  0.0000000000000000E+000                  0.0000000000000000E+000                  7.1525099509053272E-003                  5.6290982772254443E+011                  5.6166421922932312E+011                  5.6021859886353040E+011                  5.5845856293685266E+011                  5.5617220057148718E+011                  5.5232200653099500E+011                  5.4532493894277448E+011                  5.3806212451123755E+011                  5.2503952234516132E+011                  4.8175897453364478E+011                  3.8392139500453082E+011                  7.0713396190274274E+008                  7.0713396190274274E+008                  7.0713396190274274E+008                  0.0000000000000000E+000                  0.0000000000000000E+000                  0.0000000000000000E+000                  0.0000000000000000E+000                  0.0000000000000000E+000                  0.0000000000000000E+000                  8.9470472150264341E+003                  1.2549376245511667E+004                  0.0000000000000000E+000                  0.0000000000000000E+000                  0.0000000000000000E+000                  9.0641438529222360E+003 
                                      55                                     3973                  1.0779141469052657E+006                  4.9128835515123850E+000                  3.0000000000000000E+001                  3.4775799705279844E+001                 -9.8999999999999986E+001                  1.5609845486392583E+001                  5.2021421584819683E-001                  7.8126476794568746E-008                  9.9999999629486236E-001                  9.9999996811436809E-001                  5.6527100998014523E-001                  7.8126476794568746E-008                  9.9999999678322005E-001                  9.9999996355058007E-001                  5.1305157497919351E+000                 -2.6734881898130983E+001                 -1.0536049848239340E+001                  5.1305157497919351E+000                  1.6869539770068502E+000                  5.1303593267426519E+000                 -2.6734881898130983E+001                  0.0000000000000000E+000                  0.0000000000000000E+000                  1.7777696788256828E+034                  2.7439195129516176E+034                 -2.0000000000000000E+001                 -2.0000000000000000E+001                 -2.0000000000000000E+001                 -2.0000000000000000E+001                  0.0000000000000000E+000                  0.0000000000000000E+000                  0.0000000000000000E+000                  0.0000000000000000E+000                  0.0000000000000000E+000                  0.0000000000000000E+000                  4.5879311235181470E+000                  5.1298354054697874E+000                  9.1231429215122684E-001                  4.0903820238303332E+000                  4.3184123767297656E-010                  7.5723131846652807E+000                  4.9693604276150261E-001                  1.6293495030125360E+001                  4.9693604276150261E-001                  7.5723131846652807E+000                  6.6114606306858648E-001                  8.0855154703770804E-001                  1.4102496222925338E+000                  6.1710308299730277E-001                  3.6308793915602822E-001                  1.3503657063530805E-004                  3.4232380731987126E-003                  3.4416106108120081E-003                  9.3604466091399188E-003                  1.9584323357481601E+001                  9.8176163133519641E+000                                        0                                        0                                        5                  1.0000000000000000E+000                  6.6633339064597390E-010                  0.0000000000000000E+000                  0.0000000000000000E+000                  0.0000000000000000E+000                  0.0000000000000000E+000                  0.0000000000000000E+000                  0.0000000000000000E+000                  0.0000000000000000E+000                  0.0000000000000000E+000                  0.0000000000000000E+000                  0.0000000000000000E+000                  0.0000000000000000E+000                  0.0000000000000000E+000                  0.0000000000000000E+000                  0.0000000000000000E+000                  0.0000000000000000E+000                  0.0000000000000000E+000                  0.0000000000000000E+000                  0.0000000000000000E+000                  0.0000000000000000E+000                  0.0000000000000000E+000                  0.0000000000000000E+000                  0.0000000000000000E+000                  0.0000000000000000E+000                  0.0000000000000000E+000                  1.2263371767633365E+005                  2.9987103533753039E+001                  3.4830599854214739E+001                  4.5165620751348172E+002                  5.2460740724315588E+002                  4.8424530878512783E+009                  1.6843065465616855E-002                  1.3277293816986756E+004                  0.0000000000000000E+000                  0.0000000000000000E+000                  0.0000000000000000E+000                  0.0000000000000000E+000                  0.0000000000000000E+000                  0.0000000000000000E+000                  5.6237377770453394E+011                  5.5332637610465125E+011                  0.0000000000000000E+000                  0.0000000000000000E+000                  0.0000000000000000E+000                  1.6837081677271819E+027                  0.0000000000000000E+000                  0.0000000000000000E+000                  0.0000000000000000E+000                  7.6706031621497353E-003                  5.6762376050196069E+011                  5.6637221712629858E+011                  5.6489187734474634E+011                  5.6309192676169165E+011                  5.6076683290674146E+011                  5.5686356113661658E+011                  5.4965113554643848E+011                  5.4221718699506610E+011                  5.2895572228517297E+011                  4.8511656292019781E+011                  3.8581399314104553E+011                  7.0771397071194625E+008                  7.0771397071194625E+008                  7.0771397071194625E+008                  0.0000000000000000E+000                  0.0000000000000000E+000                  0.0000000000000000E+000                  0.0000000000000000E+000                  0.0000000000000000E+000                  0.0000000000000000E+000                  8.9179119317191253E+003                  1.2506980154335188E+004                  0.0000000000000000E+000                  0.0000000000000000E+000                  0.0000000000000000E+000                  9.1622059089053982E+003 
                                      56                                     3968                  1.1601927396692196E+006                  4.9152868552142772E+000                  3.0000000000000000E+001                  3.4775799705279844E+001                 -9.8999999999999986E+001                  1.5539293507169381E+001                  5.1758098213229253E-001                  7.8126475018211907E-008                  9.9999999621193303E-001                  9.9999996724771978E-001                  5.6327218439076976E-001                  7.8126475018211907E-008                  9.9999999670950501E-001                  9.9999996254790835E-001                  5.1345784518720929E+000                 -2.6702247541125658E+001                 -1.0235019852575359E+001                  5.1345784518720929E+000                  1.6758907078437391E+000                  5.1344273840044750E+000                 -2.6702247541125658E+001                  0.0000000000000000E+000                  0.0000000000000000E+000                  1.7782458979442895E+034                  2.7419720619108070E+034                 -2.0000000000000000E+001                 -2.0000000000000000E+001                 -2.0000000000000000E+001                 -2.0000000000000000E+001                  0.0000000000000000E+000                  0.0000000000000000E+000                  0.0000000000000000E+000                  0.0000000000000000E+000                  0.0000000000000000E+000                  0.0000000000000000E+000                  4.5871083562261727E+000                  5.1339061844510310E+000                  9.1599521622579605E-001                  4.0830201756811952E+000                  4.3750237533211816E-010                  7.5725281159361835E+000                  4.9600124278731028E-001                  1.6291318586677935E+001                  4.9600124278731028E-001                  7.5725281159361835E+000                  6.6493427501097013E-001                  8.0512742564183681E-001                  1.4205257915998906E+000                  6.1025484070362157E-001                  3.6996238583714658E-001                  1.3751287284756989E-004                  3.2169166634538515E-003                  3.4416106108120081E-003                  9.3604466091399153E-003                  1.9470767011851709E+001                  9.9316004963010442E+000                                        0                                        0                                        5                  1.0000000000000000E+000                  6.5719235910665285E-010                  0.0000000000000000E+000                  0.0000000000000000E+000                  0.0000000000000000E+000                  0.0000000000000000E+000                  0.0000000000000000E+000                  0.0000000000000000E+000                  0.0000000000000000E+000                  0.0000000000000000E+000                  0.0000000000000000E+000                  0.0000000000000000E+000                  0.0000000000000000E+000                  0.0000000000000000E+000                  0.0000000000000000E+000                  0.0000000000000000E+000                  0.0000000000000000E+000                  0.0000000000000000E+000                  0.0000000000000000E+000                  0.0000000000000000E+000                  0.0000000000000000E+000                  0.0000000000000000E+000                  0.0000000000000000E+000                  0.0000000000000000E+000                  0.0000000000000000E+000                  0.0000000000000000E+000                  1.2448092671862818E+005                  3.0578448271552951E+001                  3.5190799385755376E+001                  4.6061798891630383E+002                  5.3009606954135120E+002                  4.9647251262817383E+009                  1.7001171905419603E-002                  1.3253830328595364E+004                  0.0000000000000000E+000                  0.0000000000000000E+000                  0.0000000000000000E+000                  0.0000000000000000E+000                  0.0000000000000000E+000                  0.0000000000000000E+000                  5.6708831900419897E+011                  5.5780506133610034E+011                  0.0000000000000000E+000                  0.0000000000000000E+000                  0.0000000000000000E+000                  1.7315470346743638E+027                  0.0000000000000000E+000                  0.0000000000000000E+000                  0.0000000000000000E+000                  8.2278819681258497E-003                  5.7244693912118896E+011                  5.7115970153651611E+011                  5.6964527384968616E+011                  5.6782314474603772E+011                  5.6544048186735803E+011                  5.6146472671336353E+011                  5.5406486899299792E+011                  5.4645176930195752E+011                  5.3292306922432819E+011                  4.8840346212574811E+011                  3.8772415753363617E+011                  7.0822192742465675E+008                  7.0822192742465675E+008                  7.0822192742465675E+008                  0.0000000000000000E+000                  0.0000000000000000E+000                  0.0000000000000000E+000                  0.0000000000000000E+000                  0.0000000000000000E+000                  0.0000000000000000E+000                  8.8928615811240106E+003                  1.2472732897610840E+004                  0.0000000000000000E+000                  0.0000000000000000E+000                  0.0000000000000000E+000                  9.2499200194621244E+003 
                                      57                                     3977                  1.2426593691652713E+006                  4.9162782448216609E+000                  3.0000000000000000E+001                  3.4775799705279844E+001                 -9.8999999999999986E+001                  1.5468451035453890E+001                  5.1494774841638868E-001                  7.8126473685944277E-008                  9.9999999612900381E-001                  9.9999996634644406E-001                  5.6096584717226039E-001                  7.8126473685944277E-008                  9.9999999663579009E-001                  9.9999996151815518E-001                  5.1386855480619431E+000                 -2.6667151885981525E+001                 -1.0536049848239340E+001                  5.1386855480619431E+000                  1.6648438526362959E+000                  5.1385396614101042E+000                 -2.6667151885981525E+001                  0.0000000000000000E+000                  0.0000000000000000E+000                  1.7787369020649281E+034                  2.7399938135439456E+034                 -2.0000000000000000E+001                 -2.0000000000000000E+001                 -2.0000000000000000E+001                 -2.0000000000000000E+001                  0.0000000000000000E+000                  0.0000000000000000E+000                  0.0000000000000000E+000                  0.0000000000000000E+000                  0.0000000000000000E+000                  0.0000000000000000E+000                  4.5862765281226583E+000                  5.1380200109793979E+000                  9.1971578569700818E-001                  4.0755790367387705E+000                  4.4428386575138299E-010                  7.5727871298423430E+000                  4.9519410992521518E-001                  1.6289301964489940E+001                  4.9519410992521518E-001                  7.5727871298423430E+000                  6.6882645007658770E-001                  8.0164855838302518E-001                  1.4311218941720139E+000                  6.0329710667779624E-001                  3.7694455594788917E-001                  1.3984945379947697E-004                  3.0245552285404569E-003                  3.4416106108120094E-003                  9.3604466091399188E-003                  1.9355895583025013E+001                  1.0046868863010909E+001                                        0                                        0                                        5                  1.0000000000000000E+000                  6.4808089546965935E-010                  0.0000000000000000E+000                  0.0000000000000000E+000                  0.0000000000000000E+000                  0.0000000000000000E+000                  0.0000000000000000E+000                  0.0000000000000000E+000                  0.0000000000000000E+000                  0.0000000000000000E+000                  0.0000000000000000E+000                  0.0000000000000000E+000                  0.0000000000000000E+000                  0.0000000000000000E+000                  0.0000000000000000E+000                  0.0000000000000000E+000                  0.0000000000000000E+000                  0.0000000000000000E+000                  0.0000000000000000E+000                  0.0000000000000000E+000                  0.0000000000000000E+000                  0.0000000000000000E+000                  0.0000000000000000E+000                  0.0000000000000000E+000                  0.0000000000000000E+000                  0.0000000000000000E+000                  1.2571370382993532E+005                  3.1210754152060797E+001                  3.5815456455037058E+001                  4.7008149801171345E+002                  5.3943532861558378E+002                  5.0890192033229971E+009                  1.7106554413533436E-002                  1.3214701525962686E+004                  0.0000000000000000E+000                  0.0000000000000000E+000                  0.0000000000000000E+000                  0.0000000000000000E+000                  0.0000000000000000E+000                  0.0000000000000000E+000                  5.7189436528603772E+011                  5.6237263631888721E+011                  0.0000000000000000E+000                  0.0000000000000000E+000                  0.0000000000000000E+000                  1.7793859016215443E+027                  0.0000000000000000E+000                  0.0000000000000000E+000                  0.0000000000000000E+000                  8.8311313962755600E-003                  5.7735127685837024E+011                  5.7604058363465674E+011                  5.7450637904770801E+011                  5.7263921294429895E+011                  5.7021953938658777E+011                  5.6617884477455774E+011                  5.5851546757801965E+011                  5.5076344084854883E+011                  5.3697055410818683E+011                  4.9167213365453162E+011                  3.8982390466612262E+011                  7.0866080497055018E+008                  7.0866080497055018E+008                  7.0866080497055018E+008                  0.0000000000000000E+000                  0.0000000000000000E+000                  0.0000000000000000E+000                  0.0000000000000000E+000                  0.0000000000000000E+000                  0.0000000000000000E+000                  8.8633654362811121E+003                  1.2431744044627798E+004                  0.0000000000000000E+000                  0.0000000000000000E+000                  0.0000000000000000E+000                  9.3485177894299850E+003 
                                      58                                     3980                  1.3250791598080522E+006                  4.9160315070242824E+000                  3.0000000000000000E+001                  3.4775799705279844E+001                 -9.8999999999999986E+001                  1.5397403942995632E+001                  5.1295859347813799E-001                  7.8126458808738920E-008                  9.9999999603686007E-001                  9.9999996540975344E-001                  5.5848637458650130E-001                  7.8126458808738920E-008                  9.9999999655286065E-001                  9.9999996047045936E-001                  5.1428214496515130E+000                 -2.6630000607676802E+001                 -9.8999999999999986E+001                  5.1428214496515121E+000                  1.6538201329137892E+000                  5.1426805683246410E+000                 -2.6630000607676802E+001                  0.0000000000000000E+000                  0.0000000000000000E+000                  1.7792622875559433E+034                  2.7379908768047822E+034                 -2.0000000000000000E+001                 -2.0000000000000000E+001                 -2.0000000000000000E+001                 -2.0000000000000000E+001                  0.0000000000000000E+000                  0.0000000000000000E+000                  0.0000000000000000E+000                  0.0000000000000000E+000                  0.0000000000000000E+000                  0.0000000000000000E+000                  4.5854366400388802E+000                  5.1421628099467442E+000                  9.2346696134823736E-001                  4.0680766854363126E+000                  4.5140170129518321E-010                  7.5730829460575988E+000                  4.9450270820828957E-001                  1.6287442352815042E+001                  4.9450270820828957E-001                  7.5730829460575988E+000                  6.7281252704981476E-001                  7.9812366073036456E-001                  1.4420216959414398E+000                  5.9624731185474500E-001                  3.8401710988752136E-001                  1.4205256268159212E-004                  2.8454313488749782E-003                  3.4416106108120085E-003                  9.3604466091399083E-003                  1.9240014436370533E+001                  1.0163117801140208E+001                                        0                                        0                                        5                  1.0000000000000000E+000                  6.3902224906481909E-010                  0.0000000000000000E+000                  0.0000000000000000E+000                  0.0000000000000000E+000                  0.0000000000000000E+000                  0.0000000000000000E+000                  0.0000000000000000E+000                  0.0000000000000000E+000                  0.0000000000000000E+000                  0.0000000000000000E+000                  0.0000000000000000E+000                  0.0000000000000000E+000                  0.0000000000000000E+000                  0.0000000000000000E+000                  0.0000000000000000E+000                  0.0000000000000000E+000                  0.0000000000000000E+000                  0.0000000000000000E+000                  0.0000000000000000E+000                  0.0000000000000000E+000                  0.0000000000000000E+000                  0.0000000000000000E+000                  0.0000000000000000E+000                  0.0000000000000000E+000                  0.0000000000000000E+000                  1.2666465452930464E+005                  3.1873684766843951E+001                  3.6368505370928204E+001                  4.8006156258257454E+002                  5.4775974741778509E+002                  5.2297461377603912E+009                  1.7184288072652418E-002                  1.3210905404830237E+004                  0.0000000000000000E+000                  0.0000000000000000E+000                  0.0000000000000000E+000                  0.0000000000000000E+000                  0.0000000000000000E+000                  0.0000000000000000E+000                  5.7677619607200061E+011                  5.6700089396432996E+011                  0.0000000000000000E+000                  0.0000000000000000E+000                  0.0000000000000000E+000                  1.8332733609413578E+027                  0.0000000000000000E+000                  0.0000000000000000E+000                  0.0000000000000000E+000                  9.4761845816075940E-003                  5.8235175116657642E+011                  5.8100445765796436E+011                  5.7943476702420166E+011                  5.7753333443529651E+011                  5.7505056236055371E+011                  5.7092884162841028E+011                  5.6313806669370703E+011                  5.5514244522763184E+011                  5.4102622725063318E+011                  4.9510860805495093E+011                  3.9194316640975977E+011                  7.0903697010488820E+008                  7.0903697010488820E+008                  7.0903697010488820E+008                  0.0000000000000000E+000                  0.0000000000000000E+000                  0.0000000000000000E+000                  0.0000000000000000E+000                  0.0000000000000000E+000                  0.0000000000000000E+000                  8.8478117405455268E+003                  1.2401925565441214E+004                  0.0000000000000000E+000                  0.0000000000000000E+000                  0.0000000000000000E+000                  9.4813768251878992E+003 
                                      59                                     3972                  1.4072446408553745E+006                  4.9146894022203149E+000                  3.0000000000000000E+001                  3.4775799705279844E+001                 -9.8999999999999986E+001                  1.5326379258026018E+001                  5.1030638689382302E-001                  7.8126458642174986E-008                  9.9999999594471645E-001                  9.9999996443851402E-001                  5.5600206285792830E-001                  7.8126458642174986E-008                  9.9999999647914561E-001                  9.9999995922653506E-001                  5.1469737905848270E+000                 -2.6590844197133276E+001                 -9.8999999999999986E+001                  5.1469737905848270E+000                  1.6427855614407945E+000                  5.1468377513752239E+000                 -2.6590844197133276E+001                  0.0000000000000000E+000                  0.0000000000000000E+000                  1.7797359823169673E+034                  2.7358785494915734E+034                 -2.0000000000000000E+001                 -2.0000000000000000E+001                 -2.0000000000000000E+001                 -2.0000000000000000E+001                  0.0000000000000000E+000                  0.0000000000000000E+000                  0.0000000000000000E+000                  0.0000000000000000E+000                  0.0000000000000000E+000                  0.0000000000000000E+000                  4.5845831699950406E+000                  5.1463195180993759E+000                  9.2725225551223167E-001                  4.0605060971083242E+000                  4.6032213080247360E-010                  7.5734185057498946E+000                  4.9393124545681699E-001                  1.6285715597470503E+001                  4.9393124545681699E-001                  7.5734185057498946E+000                  6.7687114888584177E-001                  7.9456093471409017E-001                  1.4532094590242430E+000                  5.8912186029282154E-001                  3.9116373775919216E-001                  1.4413124622580088E-004                  2.6788037439630791E-003                  3.4416106108120098E-003                  9.3604466091399031E-003                  1.9123402490749946E+001                  1.0280070191643407E+001                                        0                                        0                                        4                  1.0000000000000000E+000                  6.3001373508132857E-010                  0.0000000000000000E+000                  0.0000000000000000E+000                  0.0000000000000000E+000                  0.0000000000000000E+000                  0.0000000000000000E+000                  0.0000000000000000E+000                  0.0000000000000000E+000                  0.0000000000000000E+000                  0.0000000000000000E+000                  0.0000000000000000E+000                  0.0000000000000000E+000                  0.0000000000000000E+000                  0.0000000000000000E+000                  0.0000000000000000E+000                  0.0000000000000000E+000                  0.0000000000000000E+000                  0.0000000000000000E+000                  0.0000000000000000E+000                  0.0000000000000000E+000                  0.0000000000000000E+000                  0.0000000000000000E+000                  0.0000000000000000E+000                  0.0000000000000000E+000                  0.0000000000000000E+000                  1.2711106332179780E+005                  3.2539695555696888E+001                  3.7605807842259466E+001                  4.8998178496318030E+002                  5.6626715575729156E+002                  5.3568530850424623E+009                  1.7220129638600992E-002                  1.3152063166055948E+004                  0.0000000000000000E+000                  0.0000000000000000E+000                  0.0000000000000000E+000                  0.0000000000000000E+000                  0.0000000000000000E+000                  0.0000000000000000E+000                  5.8174543621590161E+011                  5.7171445654627551E+011                  0.0000000000000000E+000                  0.0000000000000000E+000                  0.0000000000000000E+000                  1.8827618439901658E+027                  0.0000000000000000E+000                  0.0000000000000000E+000                  0.0000000000000000E+000                  1.0165450045469981E-002                  5.8744188357523792E+011                  5.8605752046415527E+011                  5.8445169262626685E+011                  5.8251516589489966E+011                  5.7999716948876807E+011                  5.7578800473933813E+011                  5.6779418123606653E+011                  5.5956164380115735E+011                  5.4518965168454401E+011                  4.9854934820685425E+011                  3.9408692216426862E+011                  7.0934803143195260E+008                  7.0934803143195260E+008                  7.0934803143195260E+008                  0.0000000000000000E+000                  0.0000000000000000E+000                  0.0000000000000000E+000                  0.0000000000000000E+000                  0.0000000000000000E+000                  0.0000000000000000E+000                  8.8117503128550597E+003                  1.2358620901750684E+004                  0.0000000000000000E+000                  0.0000000000000000E+000                  0.0000000000000000E+000                  9.5823817931221984E+003 
                                      60                                     3955                  1.4890011391486544E+006                  4.9125222819531453E+000                  3.0000000000000000E+001                  3.4775799705279844E+001                 -9.8999999999999986E+001                  1.5255438546229113E+001                  5.0830778448450487E-001                  7.8126459141909192E-008                  9.9999999584335897E-001                  9.9999996342930264E-001                  5.5288336555443907E-001                  7.8126459141909192E-008                  9.9999999639621673E-001                  9.9999995809283460E-001                  5.1511321167597472E+000                 -2.6549926202469397E+001                 -9.8999999999999986E+001                  5.1511321167597472E+000                  1.6317274852133723E+000                  5.1510007621388310E+000                 -2.6549926202469397E+001                  0.0000000000000000E+000                  0.0000000000000000E+000                  1.7801509836829305E+034                  2.7336208181569608E+034                 -2.0000000000000000E+001                 -2.0000000000000000E+001                 -2.0000000000000000E+001                 -2.0000000000000000E+001                  0.0000000000000000E+000                  0.0000000000000000E+000                  0.0000000000000000E+000                  0.0000000000000000E+000                  0.0000000000000000E+000                  0.0000000000000000E+000                  4.5837148140856572E+000                  5.1504814466605966E+000                  9.3106993161160956E-001                  4.0528707449095682E+000                  4.7015013112299377E-010                  7.5737901295966052E+000                  4.9347188655701463E-001                  1.6284112046686726E+001                  4.9347188655701463E-001                  7.5737901295966052E+000                  6.8099691441437882E-001                  7.9096641806337942E-001                  1.4646752636450882E+000                  5.8193282744872810E-001                  3.9837246642547924E-001                  1.4609356915219055E-004                  2.5238645728538648E-003                  3.4416106108120107E-003                  9.3604466091399031E-003                  1.9006274217468757E+001                  1.0397513439971476E+001                                        0                                        0                                        5                  1.0000000000000000E+000                  6.2105843377781240E-010                  0.0000000000000000E+000                  0.0000000000000000E+000                  0.0000000000000000E+000                  0.0000000000000000E+000                  0.0000000000000000E+000                  0.0000000000000000E+000                  0.0000000000000000E+000                  0.0000000000000000E+000                  0.0000000000000000E+000                  0.0000000000000000E+000                  0.0000000000000000E+000                  0.0000000000000000E+000                  0.0000000000000000E+000                  0.0000000000000000E+000                  0.0000000000000000E+000                  0.0000000000000000E+000                  0.0000000000000000E+000                  0.0000000000000000E+000                  0.0000000000000000E+000                  0.0000000000000000E+000                  0.0000000000000000E+000                  0.0000000000000000E+000                  0.0000000000000000E+000                  0.0000000000000000E+000                  1.3487451488825967E+005                  3.3168908621774825E+001                  3.7680284388539441E+001                  5.0029378825396975E+002                  5.6833984000467876E+002                  5.5000338221341887E+009                  1.7870330796678845E-002                  1.3129872226642339E+004                  0.0000000000000000E+000                  0.0000000000000000E+000                  0.0000000000000000E+000                  0.0000000000000000E+000                  0.0000000000000000E+000                  0.0000000000000000E+000                  5.8679593157872107E+011                  5.7649466088728955E+011                  0.0000000000000000E+000                  0.0000000000000000E+000                  0.0000000000000000E+000                  1.9382989194116064E+027                  0.0000000000000000E+000                  0.0000000000000000E+000                  0.0000000000000000E+000                  1.0907642798523409E-002                  5.9260825711201086E+011                  5.9119899127879761E+011                  5.8957119713625574E+011                  5.8758735716743372E+011                  5.8500137918090552E+011                  5.8068889028249768E+011                  5.7253169009175916E+011                  5.6405359363069641E+011                  5.4941620973389081E+011                  5.0192491241507965E+011                  3.9624604946682208E+011                  7.0959817072337711E+008                  7.0959817072337711E+008                  7.0959817072337711E+008                  0.0000000000000000E+000                  0.0000000000000000E+000                  0.0000000000000000E+000                  0.0000000000000000E+000                  0.0000000000000000E+000                  0.0000000000000000E+000                  8.7887822294940524E+003                  1.2325368868598503E+004                  0.0000000000000000E+000                  0.0000000000000000E+000                  0.0000000000000000E+000                  9.6949864922281504E+003 
                                      61                                     3954                  1.5701866805481424E+006                  4.9094786911927146E+000                  3.0000000000000000E+001                  3.4775799705279844E+001                 -9.8999999999999986E+001                  1.5184587233385514E+001                  5.0563668295802522E-001                  7.8126459530295834E-008                  9.9999999575121523E-001                  9.9999996237970490E-001                  5.5100924368664961E-001                  7.8126459530295834E-008                  9.9999999630407299E-001                  9.9999995687636345E-001                  5.1552885551953773E+000                 -2.6507467312073462E+001                 -1.0058928593519678E+001                  5.1552885551953773E+000                  1.6206391286184214E+000                  5.1551617321157996E+000                 -2.6507467312073462E+001                  0.0000000000000000E+000                  0.0000000000000000E+000                  1.7805020089150627E+034                  2.7312373275583709E+034                 -2.0000000000000000E+001                 -2.0000000000000000E+001                 -2.0000000000000000E+001                 -2.0000000000000000E+001                  0.0000000000000000E+000                  0.0000000000000000E+000                  0.0000000000000000E+000                  0.0000000000000000E+000                  0.0000000000000000E+000                  0.0000000000000000E+000                  4.5828305174550970E+000                  5.1546406437032131E+000                  9.3491812339403868E-001                  4.0451743613447100E+000                  4.8093429132445254E-010                  7.5741945392305059E+000                  4.9311781493842582E-001                  1.6282623437241480E+001                  4.9311781493842582E-001                  7.5741945392305059E+000                  6.8518604980585851E-001                  7.8734660568373915E-001                  1.4764068967126691E+000                  5.7469320313212346E-001                  4.0563040002544754E-001                  1.4794686588709543E-004                  2.3798719925054311E-003                  3.4416106108120115E-003                  9.3604466091398979E-003                  1.8888863229519039E+001                  1.0515215637929963E+001                                        0                                        0                                        5                  1.0000000000000000E+000                  6.1216407713911578E-010                  0.0000000000000000E+000                  0.0000000000000000E+000                  0.0000000000000000E+000                  0.0000000000000000E+000                  0.0000000000000000E+000                  0.0000000000000000E+000                  0.0000000000000000E+000                  0.0000000000000000E+000                  0.0000000000000000E+000                  0.0000000000000000E+000                  0.0000000000000000E+000                  0.0000000000000000E+000                  0.0000000000000000E+000                  0.0000000000000000E+000                  0.0000000000000000E+000                  0.0000000000000000E+000                  0.0000000000000000E+000                  0.0000000000000000E+000                  0.0000000000000000E+000                  0.0000000000000000E+000                  0.0000000000000000E+000                  0.0000000000000000E+000                  0.0000000000000000E+000                  0.0000000000000000E+000                  1.3401501236442628E+005                  3.3885791800137497E+001                  3.8929400171484737E+001                  5.1077964708212812E+002                  5.8680480001736976E+002                  5.6435729328147020E+009                  1.7798113627701367E-002                  1.3096317149014722E+004                  0.0000000000000000E+000                  0.0000000000000000E+000                  0.0000000000000000E+000                  0.0000000000000000E+000                  0.0000000000000000E+000                  0.0000000000000000E+000                  5.9193744545444763E+011                  5.8135879233130872E+011                  0.0000000000000000E+000                  0.0000000000000000E+000                  0.0000000000000000E+000                  1.9943858668669245E+027                  0.0000000000000000E+000                  0.0000000000000000E+000                  0.0000000000000000E+000                  1.1700961343731109E-002                  5.9787514333095642E+011                  5.9644399000990771E+011                  5.9477740224967749E+011                  5.9273860501392761E+011                  5.9011919993414636E+011                  5.8568629297255383E+011                  5.7725111995354248E+011                  5.6868415259578186E+011                  5.5370486194018115E+011                  5.0547213485238177E+011                  3.9807281052250031E+011                  7.0979103699885190E+008                  7.0979103699885190E+008                  7.0979103699885190E+008                  0.0000000000000000E+000                  0.0000000000000000E+000                  0.0000000000000000E+000                  0.0000000000000000E+000                  0.0000000000000000E+000                  0.0000000000000000E+000                  8.7596022949530907E+003                  1.2285517189622820E+004                  0.0000000000000000E+000                  0.0000000000000000E+000                  0.0000000000000000E+000                  9.8317281162205072E+003 
                                      62                                     3949                  1.6506304998234888E+006                  4.9054926816516042E+000                  3.0000000000000000E+001                  3.4775799705279844E+001                 -9.8999999999999986E+001                  1.5113712920045694E+001                  5.0362865439852011E-001                  7.8126459584976933E-008                  9.9999999564064335E-001                  9.9999996128795099E-001                  5.4849108644591349E-001                  7.8126459584976933E-008                  9.9999999622114399E-001                  9.9999995576281508E-001                  5.1594352546599715E+000                 -2.6463692302765899E+001                 -1.0536049848239340E+001                  5.1594352546599715E+000                  1.6095387606669569E+000                  5.1593128074089583E+000                 -2.6463692302765899E+001                  0.0000000000000000E+000                  0.0000000000000000E+000                  1.7807866199537672E+034                  2.7287083040963033E+034                 -2.0000000000000000E+001                 -2.0000000000000000E+001                 -2.0000000000000000E+001                 -2.0000000000000000E+001                  0.0000000000000000E+000                  0.0000000000000000E+000                  0.0000000000000000E+000                  0.0000000000000000E+000                  0.0000000000000000E+000                  0.0000000000000000E+000                  4.5819300485692143E+000                  5.1587894618390600E+000                  9.3879347023372772E-001                  4.0374236676653323E+000                  4.9262082858937951E-010                  7.5746285413967538E+000                  4.9286272778446372E-001                  1.6281243223050286E+001                  4.9286272778446372E-001                  7.5746285413967538E+000                  6.8943210833798640E-001                  7.8371016603691201E-001                  1.4883839544905340E+000                  5.6742032426475408E-001                  4.1292028085631755E-001                  1.4969703459821049E-004                  2.2462000735944598E-003                  3.4416106108120154E-003                  9.3604466091400298E-003                  1.8771424979556294E+001                  1.0632922905499330E+001                                        0                                        0                                        4                  1.0000000000000000E+000                  6.0334166992281102E-010                  0.0000000000000000E+000                  0.0000000000000000E+000                  0.0000000000000000E+000                  0.0000000000000000E+000                  0.0000000000000000E+000                  0.0000000000000000E+000                  0.0000000000000000E+000                  0.0000000000000000E+000                  0.0000000000000000E+000                  0.0000000000000000E+000                  0.0000000000000000E+000                  0.0000000000000000E+000                  0.0000000000000000E+000                  0.0000000000000000E+000                  0.0000000000000000E+000                  0.0000000000000000E+000                  0.0000000000000000E+000                  0.0000000000000000E+000                  0.0000000000000000E+000                  0.0000000000000000E+000                  0.0000000000000000E+000                  0.0000000000000000E+000                  0.0000000000000000E+000                  0.0000000000000000E+000                  1.3311947878709112E+005                  3.4623352291677641E+001                  3.8794327090034550E+001                  5.2180072866604030E+002                  5.8466054855567779E+002                  5.7968302507829723E+009                  1.7716048134325646E-002                  1.3072315030177801E+004                  0.0000000000000000E+000                  0.0000000000000000E+000                  0.0000000000000000E+000                  0.0000000000000000E+000                  0.0000000000000000E+000                  0.0000000000000000E+000                  5.9715078293434851E+011                  5.8628582299458838E+011                  0.0000000000000000E+000                  0.0000000000000000E+000                  0.0000000000000000E+000                  2.0537720465254949E+027                  0.0000000000000000E+000                  0.0000000000000000E+000                  0.0000000000000000E+000                  1.2546274508063671E-002                  6.0321918305327881E+011                  6.0175708733319604E+011                  6.0003748663097754E+011                  5.9797267361285413E+011                  5.9529070259877698E+011                  5.9081046189701611E+011                  5.8219618059428479E+011                  5.7329439361285413E+011                  5.5805263258401233E+011                  5.0901463083337054E+011                  4.0027071575173706E+011                  7.0993001785978353E+008                  7.0993001785978353E+008                  7.0993001785978353E+008                  0.0000000000000000E+000                  0.0000000000000000E+000                  0.0000000000000000E+000                  0.0000000000000000E+000                  0.0000000000000000E+000                  0.0000000000000000E+000                  8.7368026139761587E+003                  1.2251689708843165E+004                  0.0000000000000000E+000                  0.0000000000000000E+000                  0.0000000000000000E+000                  9.9744298300613846E+003 
                                      63                                     3951                  1.7301901230913699E+006                  4.9006927179784441E+000                  3.0000000000000000E+001                  3.4775799705279844E+001                 -9.8999999999999986E+001                  1.5042969565306572E+001                  5.0093874321345866E-001                  7.8126458752479111E-008                  9.9999999553928520E-001                  9.9999996015217585E-001                  5.4597292920517648E-001                  7.8126458752479111E-008                  9.9999999612900015E-001                  9.9999995442002776E-001                  5.1635645344063699E+000                 -2.6418790204415512E+001                 -9.8999999999999986E+001                  5.1635645344063699E+000                  1.5984096065631226E+000                  5.1634463150768886E+000                 -2.6418790204415512E+001                  0.0000000000000000E+000                  0.0000000000000000E+000                  1.7810003573907553E+034                  2.7260402549056283E+034                 -2.0000000000000000E+001                 -2.0000000000000000E+001                 -2.0000000000000000E+001                 -2.0000000000000000E+001                  0.0000000000000000E+000                  0.0000000000000000E+000                  0.0000000000000000E+000                  0.0000000000000000E+000                  0.0000000000000000E+000                  0.0000000000000000E+000                  4.5810127566482315E+000                  5.1629201361087045E+000                  9.4269339121051599E-001                  4.0296238257117558E+000                  5.0522515258170268E-010                  7.5750885799590630E+000                  4.9269881121316805E-001                  1.6279961817142809E+001                  4.9269881121316805E-001                  7.5750885799590630E+000                  6.9373122786520458E-001                  7.8006336927577780E-001                  1.5005925935892064E+000                  5.6012673115209599E-001                  4.2022965558617859E-001                  1.5135077584879590E-004                  2.1221619549646282E-003                  3.4416106108120163E-003                  9.3604466091400280E-003                  1.8654182663184397E+001                  1.0750413587850414E+001                                        0                                        0                                        4                  1.0000000000000000E+000                  5.9460058139308361E-010                  0.0000000000000000E+000                  0.0000000000000000E+000                  0.0000000000000000E+000                  0.0000000000000000E+000                  0.0000000000000000E+000                  0.0000000000000000E+000                  0.0000000000000000E+000                  0.0000000000000000E+000                  0.0000000000000000E+000                  0.0000000000000000E+000                  0.0000000000000000E+000                  0.0000000000000000E+000                  0.0000000000000000E+000                  0.0000000000000000E+000                  0.0000000000000000E+000                  0.0000000000000000E+000                  0.0000000000000000E+000                  0.0000000000000000E+000                  0.0000000000000000E+000                  0.0000000000000000E+000                  0.0000000000000000E+000                  0.0000000000000000E+000                  0.0000000000000000E+000                  0.0000000000000000E+000                  1.3875742398972157E+005                  3.5329036746726921E+001                  3.9976293284091710E+001                  5.3296380333267700E+002                  6.0307099411098341E+002                  5.9498376239316368E+009                  1.8182689647997616E-002                  1.3037086678446340E+004                  0.0000000000000000E+000                  0.0000000000000000E+000                  0.0000000000000000E+000                  0.0000000000000000E+000                  0.0000000000000000E+000                  0.0000000000000000E+000                  6.0244985724955298E+011                  5.9129193742056470E+011                  0.0000000000000000E+000                  0.0000000000000000E+000                  0.0000000000000000E+000                  2.1137080982179390E+027                  0.0000000000000000E+000                  0.0000000000000000E+000                  0.0000000000000000E+000                  1.3440140891132768E-002                  6.0864579674184265E+011                  6.0713622167947644E+011                  6.0540861603632935E+011                  6.0328739477230408E+011                  6.0055629230809973E+011                  5.9599271825023657E+011                  5.8706818291797534E+011                  5.7801621258496375E+011                  5.6241387032712195E+011                  5.1271314790477576E+011                  4.0248361234869427E+011                  7.1001933987636805E+008                  7.1001933987636805E+008                  7.1001933987636805E+008                  0.0000000000000000E+000                  0.0000000000000000E+000                  0.0000000000000000E+000                  0.0000000000000000E+000                  0.0000000000000000E+000                  0.0000000000000000E+000                  8.7080119841723717E+003                  1.2211503790601357E+004                  0.0000000000000000E+000                  0.0000000000000000E+000                  0.0000000000000000E+000                  1.0092986733853968E+004 
                                      64                                     3942                  1.8087537740475452E+006                  4.8952216574835488E+000                  3.0000000000000000E+001                  3.4775799705279844E+001                 -9.8999999999999986E+001                  1.4972419104392626E+001                  4.9892130982466470E-001                  7.8126459030153478E-008                  9.9999999542871310E-001                  9.9999995897043825E-001                  5.4343547701298001E-001                  7.8126459030153478E-008                  9.9999999602764233E-001                  9.9999995311579026E-001                  5.1676707613632455E+000                 -2.6372933385089890E+001                 -1.0058928593519678E+001                  5.1676707613632455E+000                  1.5872540206826200E+000                  5.1675566248404152E+000                 -2.6372933385089890E+001                  0.0000000000000000E+000                  0.0000000000000000E+000                  1.7811403666778099E+034                  2.7232322351787916E+034                 -2.0000000000000000E+001                 -2.0000000000000000E+001                 -2.0000000000000000E+001                 -2.0000000000000000E+001                  0.0000000000000000E+000                  0.0000000000000000E+000                  0.0000000000000000E+000                  0.0000000000000000E+000                  0.0000000000000000E+000                  0.0000000000000000E+000                  4.5800781717268277E+000                  5.1670271445047806E+000                  9.4661606525136077E-001                  4.0217784776300656E+000                  5.1874017864315205E-010                  7.5755733894196622E+000                  4.9262385014064314E-001                  1.6278777520824740E+001                  4.9262385014064314E-001                  7.5755733894196622E+000                  6.9808013074015429E-001                  7.7641173287037513E-001                  1.5130204431812677E+000                  5.5282345873370897E-001                  4.2754757361531109E-001                  1.5291458675621399E-004                  2.0070915682399437E-003                  3.4416106108120137E-003                  9.3604466091399413E-003                  1.8537321590416930E+001                  1.0867503887453271E+001                                        0                                        0                                        5                  1.0000000000000000E+000                  5.8594746671822009E-010                  0.0000000000000000E+000                  0.0000000000000000E+000                  0.0000000000000000E+000                  0.0000000000000000E+000                  0.0000000000000000E+000                  0.0000000000000000E+000                  0.0000000000000000E+000                  0.0000000000000000E+000                  0.0000000000000000E+000                  0.0000000000000000E+000                  0.0000000000000000E+000                  0.0000000000000000E+000                  0.0000000000000000E+000                  0.0000000000000000E+000                  0.0000000000000000E+000                  0.0000000000000000E+000                  0.0000000000000000E+000                  0.0000000000000000E+000                  0.0000000000000000E+000                  0.0000000000000000E+000                  0.0000000000000000E+000                  0.0000000000000000E+000                  0.0000000000000000E+000                  0.0000000000000000E+000                  1.3653433690502823E+005                  3.6096307969616319E+001                  4.0750586129713298E+001                  5.4423876575492670E+002                  6.1441321693324255E+002                  6.1109724332278872E+009                  1.7993315185189981E-002                  1.3016103066103586E+004                  0.0000000000000000E+000                  0.0000000000000000E+000                  0.0000000000000000E+000                  0.0000000000000000E+000                  0.0000000000000000E+000                  0.0000000000000000E+000                  6.0782279162942761E+011                  5.9635803678460413E+011                  0.0000000000000000E+000                  0.0000000000000000E+000                  0.0000000000000000E+000                  2.1774932541475120E+027                  0.0000000000000000E+000                  0.0000000000000000E+000                  0.0000000000000000E+000                  1.4389477810659246E-002                  6.1413381800718982E+011                  6.1261232089125220E+011                  6.1083044621068518E+011                  6.0868155520052173E+011                  6.0590058262192798E+011                  6.0116552581588806E+011                  5.9216487112139380E+011                  5.8280394392037329E+011                  5.6683105318997339E+011                  5.1629094572984485E+011                  4.0471711521678204E+011                  7.1006019149999201E+008                  7.1006019149999201E+008                  7.1006019149999201E+008                  0.0000000000000000E+000                  0.0000000000000000E+000                  0.0000000000000000E+000                  0.0000000000000000E+000                  0.0000000000000000E+000                  0.0000000000000000E+000                  8.6834527152561004E+003                  1.2176774079574230E+004                  0.0000000000000000E+000                  0.0000000000000000E+000                  0.0000000000000000E+000                  1.0212758396448377E+004 
                                      65                                     3928                  1.8862126295586524E+006                  4.8890710758041722E+000                  3.0000000000000000E+001                  3.4775799705279844E+001                 -9.8999999999999986E+001                  1.4902192108869871E+001                  4.9621268224157533E-001                  7.8126459529545509E-008                  9.9999999529971273E-001                  9.9999995774085015E-001                  5.4089802482078375E-001                  7.8126459529545509E-008                  9.9999999593549915E-001                  9.9999995159401589E-001                  5.1717482194537725E+000                 -2.6326281282870710E+001                 -9.8999999999999986E+001                  5.1717482194537725E+000                  1.5760794535318516E+000                  5.1716380222326732E+000                 -2.6326281282870710E+001                  0.0000000000000000E+000                  0.0000000000000000E+000                  1.7812044498498522E+034                  2.7202751942866642E+034                 -2.0000000000000000E+001                 -2.0000000000000000E+001                 -2.0000000000000000E+001                 -2.0000000000000000E+001                  0.0000000000000000E+000                  0.0000000000000000E+000                  0.0000000000000000E+000                  0.0000000000000000E+000                  0.0000000000000000E+000                  0.0000000000000000E+000                  4.5791260489704166E+000                  5.1711048495063165E+000                  9.5055916326495038E-001                  4.0138922816028870E+000                  5.3316653358976511E-010                  7.5760798481916778E+000                  4.9263090479902827E-001                  1.6277682193049536E+001                  4.9263090479902827E-001                  7.5760798481916778E+000                  7.0247455584358887E-001                  7.7276142245656276E-001                  1.5256518528826009E+000                  5.4552283828089843E-001                  4.3486177992100644E-001                  1.5439424173404093E-004                  1.9003866140230637E-003                  3.4416106108120150E-003                  9.3604466091400333E-003                  1.8421029175960680E+001                  1.0984007791400849E+001                                        0                                        0                                        5                  1.0000000000000000E+000                  5.7738964547153770E-010                  0.0000000000000000E+000                  0.0000000000000000E+000                  0.0000000000000000E+000                  0.0000000000000000E+000                  0.0000000000000000E+000                  0.0000000000000000E+000                  0.0000000000000000E+000                  0.0000000000000000E+000                  0.0000000000000000E+000                  0.0000000000000000E+000                  0.0000000000000000E+000                  0.0000000000000000E+000                  0.0000000000000000E+000                  0.0000000000000000E+000                  0.0000000000000000E+000                  0.0000000000000000E+000                  0.0000000000000000E+000                  0.0000000000000000E+000                  0.0000000000000000E+000                  0.0000000000000000E+000                  0.0000000000000000E+000                  0.0000000000000000E+000                  0.0000000000000000E+000                  0.0000000000000000E+000                  1.4118735955932268E+005                  3.6819847309965702E+001                  4.1227062446092006E+001                  5.5595571227791720E+002                  6.2250179025428997E+002                  6.2815610903393812E+009                  1.8364258820151264E-002                  1.3004543510738746E+004                  0.0000000000000000E+000                  0.0000000000000000E+000                  0.0000000000000000E+000                  0.0000000000000000E+000                  0.0000000000000000E+000                  0.0000000000000000E+000                  6.1326237603684119E+011                  6.0148236938796240E+011                  0.0000000000000000E+000                  0.0000000000000000E+000                  0.0000000000000000E+000                  2.2445776422803386E+027                  0.0000000000000000E+000                  0.0000000000000000E+000                  0.0000000000000000E+000                  1.5394503953201966E-002                  6.1973112338639075E+011                  6.1816730038271960E+011                  6.1634524645973108E+011                  6.1414640533216650E+011                  6.1130757801517065E+011                  6.0648223271290234E+011                  5.9718411335001184E+011                  5.8765583177652136E+011                  5.7131462848542639E+011                  5.1990882816871429E+011                  4.0696065186745074E+011                  7.1005634644634974E+008                  7.1005634644634974E+008                  7.1005634644634974E+008                  0.0000000000000000E+000                  0.0000000000000000E+000                  0.0000000000000000E+000                  0.0000000000000000E+000                  0.0000000000000000E+000                  0.0000000000000000E+000                  8.6642068497489709E+003                  1.2146901525818155E+004                  0.0000000000000000E+000                  0.0000000000000000E+000                  0.0000000000000000E+000                  1.0382900125378239E+004 
                                      66                                     3932                  1.9625056532257034E+006                  4.8824848273202388E+000                  3.0000000000000000E+001                  3.4775799705279844E+001                 -9.8999999999999986E+001                  1.4832448489768293E+001                  4.9418121155425848E-001                  7.8126460029098476E-008                  9.9999999518914140E-001                  9.9999995646210904E-001                  5.3898049338447096E-001                  7.8126460029098476E-008                  9.9999999582492760E-001                  9.9999995012501686E-001                  5.1757935323891200E+000                 -2.6278955640905487E+001                 -9.8999999999999986E+001                  5.1757935323891191E+000                  1.5648772585962953E+000                  5.1756871373854407E+000                 -2.6278955640905487E+001                  0.0000000000000000E+000                  0.0000000000000000E+000                  1.7811903176478424E+034                  2.7171737617930428E+034                 -2.0000000000000000E+001                 -2.0000000000000000E+001                 -2.0000000000000000E+001                 -2.0000000000000000E+001                  0.0000000000000000E+000                  0.0000000000000000E+000                  0.0000000000000000E+000                  0.0000000000000000E+000                  0.0000000000000000E+000                  0.0000000000000000E+000                  4.5781558549064059E+000                  5.1751498810168668E+000                  9.5452206714824761E-001                  4.0059664738362919E+000                  5.4849133438524194E-010                  7.5766059477883294E+000                  4.9271510341787916E-001                  1.6276669876433498E+001                  4.9271510341787916E-001                  7.5766059477883294E+000                  7.0691297304773015E-001                  7.6911606785466180E-001                  1.5384789287889442E+000                  5.3823212943457865E-001                  4.4216509464772003E-001                  1.5579602392959616E-004                  1.8014171933849433E-003                  3.4416106108120146E-003                  9.3604466091400402E-003                  1.8305426209179419E+001                  1.1099805911024037E+001                                        0                                        0                                        4                  1.0000000000000000E+000                  5.6893022777130991E-010                  0.0000000000000000E+000                  0.0000000000000000E+000                  0.0000000000000000E+000                  0.0000000000000000E+000                  0.0000000000000000E+000                  0.0000000000000000E+000                  0.0000000000000000E+000                  0.0000000000000000E+000                  0.0000000000000000E+000                  0.0000000000000000E+000                  0.0000000000000000E+000                  0.0000000000000000E+000                  0.0000000000000000E+000                  0.0000000000000000E+000                  0.0000000000000000E+000                  0.0000000000000000E+000                  0.0000000000000000E+000                  0.0000000000000000E+000                  0.0000000000000000E+000                  0.0000000000000000E+000                  0.0000000000000000E+000                  0.0000000000000000E+000                  0.0000000000000000E+000                  0.0000000000000000E+000                  1.4494273184819770E+005                  3.7598218466259056E+001                  4.2475728662783546E+001                  5.6808013274480595E+002                  6.4177555643601966E+002                  6.4657704921708260E+009                  1.8667236579368428E-002                  1.3015024625082615E+004                  0.0000000000000000E+000                  0.0000000000000000E+000                  0.0000000000000000E+000                  0.0000000000000000E+000                  0.0000000000000000E+000                  0.0000000000000000E+000                  6.1879009814529944E+011                  6.0668361105165649E+011                  0.0000000000000000E+000                  0.0000000000000000E+000                  0.0000000000000000E+000                  2.3171607507519228E+027                  0.0000000000000000E+000                  0.0000000000000000E+000                  0.0000000000000000E+000                  1.6454464254961554E-002                  6.2539820744629834E+011                  6.2380152591751807E+011                  6.2193861445316492E+011                  6.1968908785593079E+011                  6.1679172527805725E+011                  6.1190987843741370E+011                  6.0227671572660144E+011                  5.9252670010332092E+011                  5.7585222827925452E+011                  5.2363123623771533E+011                  4.0884903475227924E+011                  7.1001046032331848E+008                  7.1001046032331848E+008                  7.1001046032331848E+008                  0.0000000000000000E+000                  0.0000000000000000E+000                  0.0000000000000000E+000                  0.0000000000000000E+000                  0.0000000000000000E+000                  0.0000000000000000E+000                  8.6501477291270457E+003                  1.2115893461504329E+004                  0.0000000000000000E+000                  0.0000000000000000E+000                  0.0000000000000000E+000                  1.0531331120544155E+004 
                                      67                                     3937                  2.0375573093183914E+006                  4.8753602798435214E+000                  3.0000000000000000E+001                  3.4775799705279844E+001                 -9.8999999999999986E+001                  1.4763275264642491E+001                  4.9145862264100987E-001                  7.8126460584165982E-008                  9.9999999506935555E-001                  9.9999995513208717E-001                  5.3642378480272024E-001                  7.8126460584165982E-008                  9.9999999572357035E-001                  9.9999994851674578E-001                  5.1798042351431688E+000                 -2.6231078902998309E+001                 -1.0058928593519678E+001                  5.1798042351431688E+000                  1.5536549334827159E+000                  5.1797015077252038E+000                 -2.6231078902998309E+001                  0.0000000000000000E+000                  0.0000000000000000E+000                  1.7810966910408824E+034                  2.7139430116845377E+034                 -2.0000000000000000E+001                 -2.0000000000000000E+001                 -2.0000000000000000E+001                 -2.0000000000000000E+001                  0.0000000000000000E+000                  0.0000000000000000E+000                  0.0000000000000000E+000                  0.0000000000000000E+000                  0.0000000000000000E+000                  0.0000000000000000E+000                  4.5771673974535210E+000                  5.1791598502707350E+000                  9.5850396668095150E-001                  3.9980026747708846E+000                  5.6487718426959868E-010                  7.5771497560057961E+000                  4.9287255713807160E-001                  1.6275736266674873E+001                  4.9287255713807160E-001                  7.5771497560057961E+000                  7.1139192304940768E-001                  7.6548064608445132E-001                  1.5514882066087696E+000                  5.3096128623433059E-001                  4.4944763277750416E-001                  1.5712522532990777E-004                  1.7096381897846395E-003                  3.4416106108120150E-003                  9.3604466091400489E-003                  1.8190659171787662E+001                  1.1214753009830227E+001                                        0                                        0                                        4                  1.0000000000000000E+000                  5.6057199755900736E-010                  0.0000000000000000E+000                  0.0000000000000000E+000                  0.0000000000000000E+000                  0.0000000000000000E+000                  0.0000000000000000E+000                  0.0000000000000000E+000                  0.0000000000000000E+000                  0.0000000000000000E+000                  0.0000000000000000E+000                  0.0000000000000000E+000                  0.0000000000000000E+000                  0.0000000000000000E+000                  0.0000000000000000E+000                  0.0000000000000000E+000                  0.0000000000000000E+000                  0.0000000000000000E+000                  0.0000000000000000E+000                  0.0000000000000000E+000                  0.0000000000000000E+000                  0.0000000000000000E+000                  0.0000000000000000E+000                  0.0000000000000000E+000                  0.0000000000000000E+000                  0.0000000000000000E+000                  1.4675173431466211E+005                  3.8290510569284706E+001                  4.3030602293911109E+001                  5.7972600922234528E+002                  6.5149194856371935E+002                  6.6428649432675896E+009                  1.8761842140904175E-002                  1.3006957660961310E+004                  0.0000000000000000E+000                  0.0000000000000000E+000                  0.0000000000000000E+000                  0.0000000000000000E+000                  0.0000000000000000E+000                  0.0000000000000000E+000                  6.2439017053554053E+011                  6.1194390262614136E+011                  0.0000000000000000E+000                  0.0000000000000000E+000                  0.0000000000000000E+000                  2.3891939871896329E+027                  0.0000000000000000E+000                  0.0000000000000000E+000                  0.0000000000000000E+000                  1.7566120607436786E-002                  6.3113518678578650E+011                  6.2951507250856909E+011                  6.2761061175163159E+011                  6.2530964798659290E+011                  6.2235306303610779E+011                  6.1732712219044031E+011                  6.0754452260085730E+011                  5.9741639732686816E+011                  5.8050572828437036E+011                  5.2739347314052533E+011                  4.1113067240197424E+011                  7.0992466026807964E+008                  7.0992466026807964E+008                  7.0992466026807964E+008                  0.0000000000000000E+000                  0.0000000000000000E+000                  0.0000000000000000E+000                  0.0000000000000000E+000                  0.0000000000000000E+000                  0.0000000000000000E+000                  8.6264482881585318E+003                  1.2083657088824672E+004                  0.0000000000000000E+000                  0.0000000000000000E+000                  0.0000000000000000E+000                  1.0688526354684513E+004 
                                      68                                     3936                  2.1112623782528490E+006                  4.8674973567133701E+000                  3.0000000000000000E+001                  3.4775799705279844E+001                 -9.8999999999999986E+001                  1.4694952737271604E+001                  4.8941319062353283E-001                  7.8126460306523868E-008                  5.8517616618374868E-001                  5.8254497475680123E-001                  5.3385266668577636E-001                  7.8126460306523868E-008                  5.8611221934189373E-001                  5.8219845662806313E-001                  5.1837771755618069E+000                 -2.6182777630796672E+001                 -9.8999999999999986E+001                  5.1837771755618069E+000                  1.5424128879296943E+000                  5.1836779851672201E+000                 -2.6182777630796672E+001                  0.0000000000000000E+000                  0.0000000000000000E+000                  1.7809216577510021E+034                  2.7105586271873308E+034                 -2.0000000000000000E+001                 -2.0000000000000000E+001                 -2.0000000000000000E+001                 -2.0000000000000000E+001                  0.0000000000000000E+000                  0.0000000000000000E+000                  0.0000000000000000E+000                  0.0000000000000000E+000                  0.0000000000000000E+000                  0.0000000000000000E+000                  4.5761607769149677E+000                  5.1831315751809823E+000                  9.6250307021318227E-001                  3.9900044677064228E+000                  5.8251980146889142E-010                  7.5777093059665326E+000                  4.9310009847402048E-001                  1.6274878106125083E+001                  4.9310009847402048E-001                  7.5777093059665326E+000                  7.1590642336015387E-001                  7.6186105332450460E-001                  1.5646617615092526E+000                  5.2372210103763306E-001                  4.5669766360191300E-001                  1.5838644565283245E-004                  1.6245625518933329E-003                  3.4416106108120146E-003                  9.3604466091400541E-003                  1.8076924622518352E+001                  1.1328653600855818E+001                                        0                                        0                                        4                  1.0000000000000000E+000                  5.5231954055917754E-010                  0.0000000000000000E+000                  0.0000000000000000E+000                  0.0000000000000000E+000                  0.0000000000000000E+000                  0.0000000000000000E+000                  0.0000000000000000E+000                  0.0000000000000000E+000                  0.0000000000000000E+000                  0.0000000000000000E+000                  0.0000000000000000E+000                  0.0000000000000000E+000                  0.0000000000000000E+000                  0.0000000000000000E+000                  0.0000000000000000E+000                  0.0000000000000000E+000                  0.0000000000000000E+000                  0.0000000000000000E+000                  0.0000000000000000E+000                  0.0000000000000000E+000                  0.0000000000000000E+000                  0.0000000000000000E+000                  0.0000000000000000E+000                  0.0000000000000000E+000                  0.0000000000000000E+000                  1.5471868197058223E+005                  3.8960268650564458E+001                  4.2970866441844279E+001                  5.9230348359109666E+002                  6.5327562586156273E+002                  6.8215881698073540E+009                  1.9321537434604380E-002                  1.2976989572688532E+004                  0.0000000000000000E+000                  0.0000000000000000E+000                  0.0000000000000000E+000                  0.0000000000000000E+000                  0.0000000000000000E+000                  0.0000000000000000E+000                  6.3006125652621667E+011                  6.1728013701886829E+011                  0.0000000000000000E+000                  0.0000000000000000E+000                  0.0000000000000000E+000                  2.4606773515934668E+027                  0.0000000000000000E+000                  0.0000000000000000E+000                  0.0000000000000000E+000                  1.8735202635744130E-002                  6.3696050559224585E+011                  6.3529067317977173E+011                  6.3334531872955322E+011                  6.3100669315332971E+011                  6.2796254479407935E+011                  6.2290921800522791E+011                  6.1280898138570227E+011                  6.0250552063522754E+011                  5.8509973480028625E+011                  5.3101981219925232E+011                  4.1342116203613861E+011                  7.0980068637061048E+008                  7.0980068637061048E+008                  7.0980068637061048E+008                  0.0000000000000000E+000                  0.0000000000000000E+000                  0.0000000000000000E+000                  0.0000000000000000E+000                  0.0000000000000000E+000                  0.0000000000000000E+000                  8.5999338311423544E+003                  1.2045157525119865E+004                  0.0000000000000000E+000                  0.0000000000000000E+000                  0.0000000000000000E+000                  1.0866151243793824E+004 
                                      69                                     3943                  2.1835524394561122E+006                  4.8590785924358357E+000                  3.0000000000000000E+001                  3.4775799705279844E+001                 -9.8999999999999986E+001                  1.4627791968610119E+001                  4.8736313228267297E-001                  7.8126460139971819E-008                  5.8636010155845020E-001                  5.8109220912152648E-001                  5.3192072571427040E-001                  7.8126460139971819E-008                  5.8661189389157198E-001                  5.8100932674569838E-001                  5.1877055682776412E+000                 -2.6134191874754947E+001                 -9.8999999999999986E+001                  5.1877055682776412E+000                  1.5311796859360254E+000                  5.1876097813327897E+000                 -2.6134191874754947E+001                  0.0000000000000000E+000                  0.0000000000000000E+000                  1.7806669218207043E+034                  2.7070333369368719E+034                 -2.0000000000000000E+001                 -2.0000000000000000E+001                 -2.0000000000000000E+001                 -2.0000000000000000E+001                  0.0000000000000000E+000                  0.0000000000000000E+000                  0.0000000000000000E+000                  0.0000000000000000E+000                  0.0000000000000000E+000                  0.0000000000000000E+000                  4.5751370393023132E+000                  5.1870584923283580E+000                  9.6651400401217902E-001                  3.9819826001084295E+000                  6.0071569529290292E-010                  7.5782824362206744E+000                  4.9339193575104467E-001                  1.6274090250481343E+001                  4.9339193575104467E-001                  7.5782824362206744E+000                  7.2045039354511131E-001                  7.5826368691125368E-001                  1.5779784166380777E+000                  5.1652736851711500E-001                  4.6390244876890080E-001                  1.5958364738764854E-004                  1.5457449927291566E-003                  3.4416106108120154E-003                  9.3604466091400541E-003                  1.7964368232139460E+001                  1.1441363096360147E+001                                        0                                        0                                        4                  1.0000000000000000E+000                  5.4418436575581073E-010                  0.0000000000000000E+000                  0.0000000000000000E+000                  0.0000000000000000E+000                  0.0000000000000000E+000                  0.0000000000000000E+000                  0.0000000000000000E+000                  0.0000000000000000E+000                  0.0000000000000000E+000                  0.0000000000000000E+000                  0.0000000000000000E+000                  0.0000000000000000E+000                  0.0000000000000000E+000                  0.0000000000000000E+000                  0.0000000000000000E+000                  0.0000000000000000E+000                  0.0000000000000000E+000                  0.0000000000000000E+000                  0.0000000000000000E+000                  0.0000000000000000E+000                  0.0000000000000000E+000                  0.0000000000000000E+000                  0.0000000000000000E+000                  0.0000000000000000E+000                  0.0000000000000000E+000                  1.4986244986983598E+005                  3.9829093440872896E+001                  4.2899099476720274E+001                  6.0426142790312531E+002                  6.5083758795673702E+002                  7.0139517962461500E+009                  1.8970922239840995E-002                  1.2987410858522881E+004                  0.0000000000000000E+000                  0.0000000000000000E+000                  0.0000000000000000E+000                  0.0000000000000000E+000                  0.0000000000000000E+000                  0.0000000000000000E+000                  6.3579674248654175E+011                  6.2264988573734949E+011                  0.0000000000000000E+000                  0.0000000000000000E+000                  0.0000000000000000E+000                  2.5404087965054348E+027                  0.0000000000000000E+000                  0.0000000000000000E+000                  0.0000000000000000E+000                  1.9962986704255226E-002                  6.4285747727202588E+011                  6.4115334884216919E+011                  6.3916509611246875E+011                  6.3676686781233691E+011                  6.3366891664730664E+011                  6.2847335578836621E+011                  6.1819167001583813E+011                  6.0756049914640442E+011                  5.8974049020349902E+011                  5.3485166723366010E+011                  4.1572714380615289E+011                  7.0964171317909884E+008                  7.0964171317909884E+008                  7.0964171317909884E+008                  0.0000000000000000E+000                  0.0000000000000000E+000                  0.0000000000000000E+000                  0.0000000000000000E+000                  0.0000000000000000E+000                  0.0000000000000000E+000                  8.5822135786910276E+003                  1.2020456705241726E+004                  0.0000000000000000E+000                  0.0000000000000000E+000                  0.0000000000000000E+000                  1.1044887784036995E+004 
                                      70                                     3957                  2.2544036518788948E+006                  4.8503472863974366E+000                  3.0000000000000000E+001                  3.4775799705279844E+001                 -9.8999999999999986E+001                  1.4561745405660453E+001                  4.8530382129504812E-001                  7.8126460862172452E-008                  5.8872311638648622E-001                  5.8003545696667902E-001                  5.2933522297689983E-001                  7.8126460862172452E-008                  5.8921709925949672E-001                  5.7921099347091298E-001                  5.1915940400888916E+000                 -2.6085323471561303E+001                 -1.0536049848239340E+001                  5.1915940400888916E+000                  1.5199253351483419E+000                  5.1915015358023986E+000                 -2.6085323471561303E+001                  0.0000000000000000E+000                  0.0000000000000000E+000                  1.7803106610443022E+034                  2.7033392506931690E+034                 -2.0000000000000000E+001                 -2.0000000000000000E+001                 -2.0000000000000000E+001                 -2.0000000000000000E+001                  0.0000000000000000E+000                  0.0000000000000000E+000                  0.0000000000000000E+000                  0.0000000000000000E+000                  0.0000000000000000E+000                  0.0000000000000000E+000                  4.5740936146287963E+000                  5.1909442615299897E+000                  9.7054373796002935E-001                  3.9739231322127289E+000                  6.2105832402321727E-010                  7.5788694894008772E+000                  4.9375369025839538E-001                  1.6273367407546207E+001                  4.9375369025839538E-001                  7.5788694894008772E+000                  7.2502274787169874E-001                  7.5469060604668292E-001                  1.5914318863987931E+000                  5.0938120707795875E-001                  4.7105793388062095E-001                  1.6072256041824772E-004                  1.4726811225909992E-003                  3.4416106108120128E-003                  9.3604466091398806E-003                  1.7853067490888101E+001                  1.1552805070388365E+001                                        0                                        0                                        4                  1.0000000000000000E+000                  5.3615382644750334E-010                  0.0000000000000000E+000                  0.0000000000000000E+000                  0.0000000000000000E+000                  0.0000000000000000E+000                  0.0000000000000000E+000                  0.0000000000000000E+000                  0.0000000000000000E+000                  0.0000000000000000E+000                  0.0000000000000000E+000                  0.0000000000000000E+000                  0.0000000000000000E+000                  0.0000000000000000E+000                  0.0000000000000000E+000                  0.0000000000000000E+000                  0.0000000000000000E+000                  0.0000000000000000E+000                  0.0000000000000000E+000                  0.0000000000000000E+000                  0.0000000000000000E+000                  0.0000000000000000E+000                  0.0000000000000000E+000                  0.0000000000000000E+000                  0.0000000000000000E+000                  0.0000000000000000E+000                  1.5111004533915091E+005                  4.0579946726294502E+001                  4.4611976444417316E+001                  6.1636348704182410E+002                  6.7760545745841205E+002                  7.2054508301776972E+009                  1.9043189966758873E-002                  1.2985466951390343E+004                  0.0000000000000000E+000                  0.0000000000000000E+000                  0.0000000000000000E+000                  0.0000000000000000E+000                  0.0000000000000000E+000                  0.0000000000000000E+000                  6.4161823669252112E+011                  6.2810066229873425E+011                  0.0000000000000000E+000                  0.0000000000000000E+000                  0.0000000000000000E+000                  2.6206901134512779E+027                  0.0000000000000000E+000                  0.0000000000000000E+000                  0.0000000000000000E+000                  2.1257628022959274E-002                  6.4881789186590442E+011                  6.4708280691544263E+011                  6.4506671731202917E+011                  6.4261476331726697E+011                  6.3945560751284448E+011                  6.3416287881423401E+011                  6.2357481322407605E+011                  6.1268278427929468E+011                  5.9454857603752734E+011                  5.3872485979306842E+011                  4.1804733073450446E+011                  7.0944470331544554E+008                  7.0944470331544554E+008                  7.0944470331544554E+008                  0.0000000000000000E+000                  0.0000000000000000E+000                  0.0000000000000000E+000                  0.0000000000000000E+000                  0.0000000000000000E+000                  0.0000000000000000E+000                  8.5584957072504003E+003                  1.1988883376949958E+004                  0.0000000000000000E+000                  0.0000000000000000E+000                  0.0000000000000000E+000                  1.1234425674139791E+004 
                                      71                                     3951                  2.3237393715921147E+006                  4.8409570279418634E+000                  3.0000000000000000E+001                  3.4775799705279844E+001                 -9.8999999999999986E+001                  1.4497167580797129E+001                  4.8255807331154843E-001                  7.8126461860743022E-008                  5.8724623211896543E-001                  5.7844794535873900E-001                  5.2738890984234965E-001                  7.8126461860743022E-008                  5.8762544072845668E-001                  5.7771157262573958E-001                  5.1954270555063857E+000                 -2.6036386794652437E+001                 -9.8370798439033216E+000                  5.1954270555063857E+000                  1.5086740789419211E+000                  5.1953377093226605E+000                 -2.6036386794652437E+001                  0.0000000000000000E+000                  0.0000000000000000E+000                  1.7798716464248445E+034                  2.6995145808886875E+034                 -2.0000000000000000E+001                 -2.0000000000000000E+001                 -2.0000000000000000E+001                 -2.0000000000000000E+001                  0.0000000000000000E+000                  0.0000000000000000E+000                  0.0000000000000000E+000                  0.0000000000000000E+000                  0.0000000000000000E+000                  0.0000000000000000E+000                  4.5730337997629338E+000                  5.1947749471913207E+000                  9.7457871052241951E-001                  3.9658531870879488E+000                  6.4094651011717138E-010                  7.5794661487002353E+000                  4.9417631716592503E-001                  1.6272707462462744E+001                  4.9417631716592503E-001                  7.5794661487002353E+000                  7.2961707508281093E-001                  7.5114783473725477E-001                  1.6050000433907088E+000                  5.0229566473310716E-001                  4.7815211953809306E-001                  1.6180575304979323E-004                  1.4049854545884256E-003                  3.4416106108120150E-003                  9.3604466091400662E-003                  1.7743188684185352E+001                  1.1662814108763767E+001                                        0                                        0                                        5                  1.0000000000000000E+000                  5.2825504870558535E-010                  0.0000000000000000E+000                  0.0000000000000000E+000                  0.0000000000000000E+000                  0.0000000000000000E+000                  0.0000000000000000E+000                  0.0000000000000000E+000                  0.0000000000000000E+000                  0.0000000000000000E+000                  0.0000000000000000E+000                  0.0000000000000000E+000                  0.0000000000000000E+000                  0.0000000000000000E+000                  0.0000000000000000E+000                  0.0000000000000000E+000                  0.0000000000000000E+000                  0.0000000000000000E+000                  0.0000000000000000E+000                  0.0000000000000000E+000                  0.0000000000000000E+000                  0.0000000000000000E+000                  0.0000000000000000E+000                  0.0000000000000000E+000                  0.0000000000000000E+000                  0.0000000000000000E+000                  1.5463207616842014E+005                  4.1357616453471266E+001                  4.4496114073677518E+001                  6.2798239126550129E+002                  6.7563797225710800E+002                  7.4098539419485130E+009                  1.9354568746052649E-002                  1.3017291120285794E+004                  0.0000000000000000E+000                  0.0000000000000000E+000                  0.0000000000000000E+000                  0.0000000000000000E+000                  0.0000000000000000E+000                  0.0000000000000000E+000                  6.4749394690588330E+011                  6.3357809233582935E+011                  0.0000000000000000E+000                  0.0000000000000000E+000                  0.0000000000000000E+000                  2.7089445748883173E+027                  0.0000000000000000E+000                  0.0000000000000000E+000                  0.0000000000000000E+000                  2.2606751148371185E-002                  6.5486185058059570E+011                  6.5309152542773767E+011                  6.5101672822227844E+011                  6.4851816802518555E+011                  6.4530383831433215E+011                  6.3987134141812390E+011                  6.2901767332843335E+011                  6.1783211049516101E+011                  5.9928502393344580E+011                  5.4258190274228070E+011                  4.2037972230808722E+011                  7.0921461194714141E+008                  7.0921461194714141E+008                  7.0921461194714141E+008                  0.0000000000000000E+000                  0.0000000000000000E+000                  0.0000000000000000E+000                  0.0000000000000000E+000                  0.0000000000000000E+000                  0.0000000000000000E+000                  8.5434449778080852E+003                  1.1969755420907688E+004                  0.0000000000000000E+000                  0.0000000000000000E+000                  0.0000000000000000E+000                  1.1429779621700298E+004 
                                      72                                     3949                  2.3915118762729708E+006                  4.8310535362372535E+000                  3.0000000000000000E+001                  3.4775799705279844E+001                 -9.8999999999999986E+001                  1.4433488238428898E+001                  4.8048497115410332E-001                  7.8126462139013687E-008                  5.8724623211896554E-001                  5.7708762051059781E-001                  5.2478904910034685E-001                  7.8126462139013687E-008                  5.9207995034555094E-001                  5.7586364602563422E-001                  5.1992015573984975E+000                 -2.5988026234663263E+001                 -9.8999999999999986E+001                  5.1992015573984975E+000                  1.4975212031541616E+000                  5.1991152303048480E+000                 -2.5988026234663263E+001                  0.0000000000000000E+000                  0.0000000000000000E+000                  1.7795498422707028E+034                  2.6958261377436080E+034                 -2.0000000000000000E+001                 -2.0000000000000000E+001                 -2.0000000000000000E+001                 -2.0000000000000000E+001                  0.0000000000000000E+000                  0.0000000000000000E+000                  0.0000000000000000E+000                  0.0000000000000000E+000                  0.0000000000000000E+000                  0.0000000000000000E+000                  4.5719738385217497E+000                  5.1985548064269738E+000                  9.7858856262261262E-001                  3.9578334828875623E+000                  6.5725646216650050E-010                  7.5800547047766491E+000                  4.9461682834606302E-001                  1.6272153166852018E+001                  4.9461682834606302E-001                  7.5800547047766491E+000                  7.3422894535760164E-001                  7.4763976544023947E-001                  1.6186655671626899E+000                  4.9527952639715389E-001                  4.8517626885015253E-001                  1.6283143772274558E-004                  1.3422714191594024E-003                  3.4416106108120141E-003                  9.3604466091398737E-003                  1.7634855818340121E+001                  1.1771267033267101E+001                                        0                                        0                                        5                  1.0000000000000000E+000                  5.2052788974266573E-010                  0.0000000000000000E+000                  0.0000000000000000E+000                  0.0000000000000000E+000                  0.0000000000000000E+000                  0.0000000000000000E+000                  0.0000000000000000E+000                  0.0000000000000000E+000                  0.0000000000000000E+000                  0.0000000000000000E+000                  0.0000000000000000E+000                  0.0000000000000000E+000                  0.0000000000000000E+000                  0.0000000000000000E+000                  0.0000000000000000E+000                  0.0000000000000000E+000                  0.0000000000000000E+000                  0.0000000000000000E+000                  0.0000000000000000E+000                  0.0000000000000000E+000                  0.0000000000000000E+000                  0.0000000000000000E+000                  0.0000000000000000E+000                  0.0000000000000000E+000                  0.0000000000000000E+000                  1.5778905474523266E+005                  4.1948432038793243E+001                  4.4813424141224438E+001                  6.4047699318087587E+002                  6.8422026171484981E+002                  7.6166173592769785E+009                  1.9462964354888743E-002                  1.3030139800544865E+004                  0.0000000000000000E+000                  0.0000000000000000E+000                  0.0000000000000000E+000                  0.0000000000000000E+000                  0.0000000000000000E+000                  0.0000000000000000E+000                  6.5338143157752161E+011                  6.3907249288689905E+011                  0.0000000000000000E+000                  0.0000000000000000E+000                  0.0000000000000000E+000                  2.7966491642914799E+027                  0.0000000000000000E+000                  0.0000000000000000E+000                  0.0000000000000000E+000                  2.4006262593570749E-002                  6.6092414091876794E+011                  6.5908689225045728E+011                  6.5698432108914099E+011                  6.5443858960672278E+011                  6.5114131227949158E+011                  6.4564076252501611E+011                  6.3447503507190417E+011                  6.2298799403952405E+011                  6.0407008500441113E+011                  5.4643073415672974E+011                  4.2248787047173505E+011                  7.0897486326097393E+008                  7.0897486326097393E+008                  7.0897486326097393E+008                  0.0000000000000000E+000                  0.0000000000000000E+000                  0.0000000000000000E+000                  0.0000000000000000E+000                  0.0000000000000000E+000                  0.0000000000000000E+000                  8.5264451204197485E+003                  1.1945810507566517E+004                  0.0000000000000000E+000                  0.0000000000000000E+000                  0.0000000000000000E+000                  1.1703626502535240E+004 
                                      73                                     3946                  2.4579100849615987E+006                  4.8221563629954511E+000                  3.0000000000000000E+001                  3.4775799705279844E+001                 -9.8999999999999986E+001                  1.4364381104114313E+001                  4.7841186899667165E-001                  7.8126475850308698E-008                  5.9342001886996631E-001                  5.7563205102884607E-001                  5.2217485867055247E-001                  7.8126475850308698E-008                  5.9487991479654267E-001                  5.7378981298205922E-001                  5.2029467303568548E+000                 -2.5939916344752596E+001                 -9.8999999999999986E+001                  5.2029467303568548E+000                  1.4863992970881654E+000                  5.2028633087428426E+000                 -2.5939916344752596E+001                  0.0000000000000000E+000                  0.0000000000000000E+000                  1.7792976392418840E+034                  2.6921937090982857E+034                 -2.0000000000000000E+001                 -2.0000000000000000E+001                 -2.0000000000000000E+001                 -2.0000000000000000E+001                  0.0000000000000000E+000                  0.0000000000000000E+000                  0.0000000000000000E+000                  0.0000000000000000E+000                  0.0000000000000000E+000                  0.0000000000000000E+000                  4.5709061871991326E+000                  5.2023032462926695E+000                  9.8259808520069580E-001                  3.9498144377313960E+000                  6.7659896317640275E-010                  7.5806417814027309E+000                  4.9508493255169023E-001                  1.6271692261337069E+001                  4.9508493255169023E-001                  7.5806417814027309E+000                  7.3887281968667851E-001                  7.4415586955167223E-001                  1.6324695287027611E+000                  4.8831173486445578E-001                  4.9215151484688585E-001                  1.6380873789771186E-004                  1.2839446402430658E-003                  3.4416106108120141E-003                  9.3604466091398754E-003                  1.7527806128946526E+001                  1.1878427743708448E+001                                        0                                        0                                        4                  1.0000000000000000E+000                  5.1292433678655833E-010                  0.0000000000000000E+000                  0.0000000000000000E+000                  0.0000000000000000E+000                  0.0000000000000000E+000                  0.0000000000000000E+000                  0.0000000000000000E+000                  0.0000000000000000E+000                  0.0000000000000000E+000                  0.0000000000000000E+000                  0.0000000000000000E+000                  0.0000000000000000E+000                  0.0000000000000000E+000                  0.0000000000000000E+000                  0.0000000000000000E+000                  0.0000000000000000E+000                  0.0000000000000000E+000                  0.0000000000000000E+000                  0.0000000000000000E+000                  0.0000000000000000E+000                  0.0000000000000000E+000                  0.0000000000000000E+000                  0.0000000000000000E+000                  0.0000000000000000E+000                  0.0000000000000000E+000                  1.5958384150392612E+005                  4.2860390417363121E+001                  4.5882106325139972E+001                  6.5307718397685198E+002                  6.9912001505263981E+002                  7.8237125044873066E+009                  1.9676485949871599E-002                  1.3034611606951796E+004                  0.0000000000000000E+000                  0.0000000000000000E+000                  0.0000000000000000E+000                  0.0000000000000000E+000                  0.0000000000000000E+000                  0.0000000000000000E+000                  6.5932531825004016E+011                  6.4462053352877637E+011                  0.0000000000000000E+000                  0.0000000000000000E+000                  0.0000000000000000E+000                  2.8846286897115825E+027                  0.0000000000000000E+000                  0.0000000000000000E+000                  0.0000000000000000E+000                  2.5464475498983563E-002                  6.6703261331819080E+011                  6.6516903672319812E+011                  6.6299960330887280E+011                  6.6040645962622888E+011                  6.5705939372652722E+011                  6.5150765825012109E+011                  6.3998302937605042E+011                  6.2818418126366235E+011                  6.0877367933114099E+011                  5.5029616894747644E+011                  4.2458707389585681E+011                  7.0872018554610384E+008                  7.0872018554610384E+008                  7.0872018554610384E+008                  0.0000000000000000E+000                  0.0000000000000000E+000                  0.0000000000000000E+000                  0.0000000000000000E+000                  0.0000000000000000E+000                  0.0000000000000000E+000                  8.5049210353797116E+003                  1.1916086608530941E+004                  0.0000000000000000E+000                  0.0000000000000000E+000                  0.0000000000000000E+000                  1.1955890721685704E+004 
                                      74                                     3936                  2.5231293772067972E+006                  4.8143760815648076E+000                  3.0000000000000000E+001                  3.4775799705279844E+001                 -9.8999999999999986E+001                  1.4294377847537939E+001                  4.7633420138313437E-001                  7.8126493450008351E-008                  5.8872311638651131E-001                  5.7323310832765129E-001                  5.2021421584821381E-001                  7.8126493450008351E-008                  5.9049052297877047E-001                  5.7106026613711214E-001                  5.2066458021668343E+000                 -2.5891591746429395E+001                 -9.8999999999999986E+001                  5.2066458021668343E+000                  1.4752142438838989E+000                  5.2065651913990258E+000                 -2.5891591746429395E+001                  0.0000000000000000E+000                  0.0000000000000000E+000                  1.7789393010355444E+034                  2.6893709423625172E+034                 -2.0000000000000000E+001                 -2.0000000000000000E+001                 -2.0000000000000000E+001                 -2.0000000000000000E+001                  0.0000000000000000E+000                  0.0000000000000000E+000                  0.0000000000000000E+000                  0.0000000000000000E+000                  0.0000000000000000E+000                  0.0000000000000000E+000                  4.5698163448783822E+000                  5.2059982267922633E+000                  9.8662526009199281E-001                  3.9417600879488019E+000                  6.9792515042138916E-010                  7.5812402651371658E+000                  4.9560824483901272E-001                  1.6271272854514461E+001                  4.9560824483901272E-001                  7.5812402651371658E+000                  7.4355928514683312E-001                  7.4068881345946669E-001                  1.6464428160891273E+000                  4.8137762291171005E-001                  4.9909258422088926E-001                  1.6474710837038374E-004                  1.2295419907850924E-003                  3.4416106108120137E-003                  9.3604466091398737E-003                  1.7421762874290337E+001                  1.1984574021904233E+001                                        0                                        0                                        4                  1.0000000000000000E+000                  5.0543030782969760E-010                  0.0000000000000000E+000                  0.0000000000000000E+000                  0.0000000000000000E+000                  0.0000000000000000E+000                  0.0000000000000000E+000                  0.0000000000000000E+000                  0.0000000000000000E+000                  0.0000000000000000E+000                  0.0000000000000000E+000                  0.0000000000000000E+000                  0.0000000000000000E+000                  0.0000000000000000E+000                  0.0000000000000000E+000                  0.0000000000000000E+000                  0.0000000000000000E+000                  0.0000000000000000E+000                  0.0000000000000000E+000                  0.0000000000000000E+000                  0.0000000000000000E+000                  0.0000000000000000E+000                  0.0000000000000000E+000                  0.0000000000000000E+000                  0.0000000000000000E+000                  0.0000000000000000E+000                  1.6951859109373682E+005                  4.3493813192186209E+001                  4.5183842381253534E+001                  6.6529962625164330E+002                  6.9115102223921917E+002                  8.0449233520195179E+009                  2.0384896366882631E-002                  1.3070058763787132E+004                  0.0000000000000000E+000                  0.0000000000000000E+000                  0.0000000000000000E+000                  0.0000000000000000E+000                  0.0000000000000000E+000                  0.0000000000000000E+000                  6.6534125673575232E+011                  6.5021644985382507E+011                  0.0000000000000000E+000                  0.0000000000000000E+000                  0.0000000000000000E+000                  2.9803064236059381E+027                  0.0000000000000000E+000                  0.0000000000000000E+000                  0.0000000000000000E+000                  2.6979149881345643E-002                  6.7322555464564917E+011                  6.7133512919756628E+011                  6.6911952070934448E+011                  6.6645676376919751E+011                  6.6303208821227551E+011                  6.5730558872307825E+011                  6.4557180507849365E+011                  6.3344968348955737E+011                  6.1370738280285596E+011                  5.5420413526916077E+011                  4.2691046106747900E+011                  7.0843558026626527E+008                  7.0843558026626527E+008                  7.0843558026626527E+008                  0.0000000000000000E+000                  0.0000000000000000E+000                  0.0000000000000000E+000                  0.0000000000000000E+000                  0.0000000000000000E+000                  0.0000000000000000E+000                  8.4909115800344225E+003                  1.1896424707213124E+004                  0.0000000000000000E+000                  0.0000000000000000E+000                  0.0000000000000000E+000                  1.2139773165710620E+004 
                                      75                                     3937                  2.5871433788054306E+006                  4.8062749763581998E+000                  3.0000000000000000E+001                  3.4775799705279844E+001                 -9.8999999999999986E+001                  1.4224045405672527E+001                  4.7355180334876812E-001                  7.8126492837613655E-008                  5.8724623211898941E-001                  5.7119702627652724E-001                  5.1758098213231074E-001                  7.8126492837613655E-008                  5.8931387009352021E-001                  5.6954415198886654E-001                  5.2103097277072532E+000                 -2.5843021545676041E+001                 -9.8370798439033216E+000                  5.2103097277072532E+000                  1.4639504338445612E+000                  5.2102318408894694E+000                 -2.5843021545676041E+001                  0.0000000000000000E+000                  0.0000000000000000E+000                  1.7784569346937349E+034                  2.6863342151701093E+034                 -2.0000000000000000E+001                 -2.0000000000000000E+001                 -2.0000000000000000E+001                 -2.0000000000000000E+001                  0.0000000000000000E+000                  0.0000000000000000E+000                  0.0000000000000000E+000                  0.0000000000000000E+000                  0.0000000000000000E+000                  0.0000000000000000E+000                  4.5687011036652558E+000                  5.2096571831876943E+000                  9.9068522071595999E-001                  3.9336401667008674E+000                  7.2324985914446194E-010                  7.5818509181942941E+000                  4.9619485945500258E-001                  1.6270896636110926E+001                  4.9619485945500258E-001                  7.5818509181942941E+000                  7.4828698326127230E-001                  7.3724047344610999E-001                  1.6605802798738156E+000                  4.7448094310484834E-001                  5.0599575963428933E-001                  1.6565000634316483E-004                  1.1787862788983636E-003                  3.4416106108120133E-003                  9.3604466091398823E-003                  1.7316802285819833E+001                  1.2089630211404540E+001                                        0                                        0                                        4                  1.0000000000000000E+000                  4.9801653088943976E-010                  0.0000000000000000E+000                  0.0000000000000000E+000                  0.0000000000000000E+000                  0.0000000000000000E+000                  0.0000000000000000E+000                  0.0000000000000000E+000                  0.0000000000000000E+000                  0.0000000000000000E+000                  0.0000000000000000E+000                  0.0000000000000000E+000                  0.0000000000000000E+000                  0.0000000000000000E+000                  0.0000000000000000E+000                  0.0000000000000000E+000                  0.0000000000000000E+000                  0.0000000000000000E+000                  0.0000000000000000E+000                  0.0000000000000000E+000                  0.0000000000000000E+000                  0.0000000000000000E+000                  0.0000000000000000E+000                  0.0000000000000000E+000                  0.0000000000000000E+000                  0.0000000000000000E+000                  1.6535945108794514E+005                  4.4477129003939915E+001                  4.6458140866255867E+001                  6.7746150275160289E+002                  7.0763564625565937E+002                  8.2628918850107412E+009                  2.0179860254222491E-002                  1.3091903649825892E+004                  0.0000000000000000E+000                  0.0000000000000000E+000                  0.0000000000000000E+000                  0.0000000000000000E+000                  0.0000000000000000E+000                  0.0000000000000000E+000                  6.7147398056154968E+011                  6.5592032695455652E+011                  0.0000000000000000E+000                  0.0000000000000000E+000                  0.0000000000000000E+000                  3.0770839015680510E+027                  0.0000000000000000E+000                  0.0000000000000000E+000                  0.0000000000000000E+000                  2.8551221426287184E-002                  6.7953763797336536E+011                  6.7759443432509375E+011                  6.7534736903517029E+011                  6.7262056925601050E+011                  6.6913789027204419E+011                  6.6327642901065906E+011                  6.5126526615647925E+011                  6.3878289260630457E+011                  6.1860644531973669E+011                  5.5821313899046094E+011                  4.2926671893261676E+011                  7.0811668398395061E+008                  7.0811668398395061E+008                  7.0811668398395061E+008                  0.0000000000000000E+000                  0.0000000000000000E+000                  0.0000000000000000E+000                  0.0000000000000000E+000                  0.0000000000000000E+000                  0.0000000000000000E+000                  8.4692237095350465E+003                  1.1868836630852360E+004                  0.0000000000000000E+000                  0.0000000000000000E+000                  0.0000000000000000E+000                  1.2346985723682026E+004 
                                      76                                     3921                  2.6497922366936845E+006                  4.7969131580540250E+000                  3.0000000000000000E+001                  3.4775799705279844E+001                 -9.8999999999999986E+001                  1.4154631616782185E+001                  4.7146500482299436E-001                  7.8126493281150586E-008                  5.8636010155847595E-001                  5.6898981649327840E-001                  5.1494774841640867E-001                  7.8126493281150586E-008                  5.8813236267950242E-001                  5.6642230481629052E-001                  5.2139251209860520E+000                 -2.5794509625754092E+001                 -9.9339898569113778E+000                  5.2139251209860520E+000                  1.4526679538736289E+000                  5.2138498608890584E+000                 -2.5794509625754092E+001                  0.0000000000000000E+000                  0.0000000000000000E+000                  1.7779030707879648E+034                  2.6808557357611664E+034                 -2.0000000000000000E+001                 -2.0000000000000000E+001                 -2.0000000000000000E+001                 -2.0000000000000000E+001                  0.0000000000000000E+000                  0.0000000000000000E+000                  0.0000000000000000E+000                  0.0000000000000000E+000                  0.0000000000000000E+000                  0.0000000000000000E+000                  4.5675677688267262E+000                  5.2132694590079138E+000                  9.9475802830313098E-001                  3.9254945515265254E+000                  7.4803972386828359E-010                  7.5824676015510475E+000                  4.9682596210916941E-001                  1.6270570300628084E+001                  4.9682596210916941E-001                  7.5824676015510475E+000                  7.5304243366877266E-001                  7.3382130675138002E-001                  1.6748401857265061E+000                  4.6764260992310086E-001                  5.1284014440293380E-001                  1.6651646911092352E-004                  1.1315338525069501E-003                  3.4416106108120141E-003                  9.3604466091398806E-003                  1.7213225680315933E+001                  1.2193295347634818E+001                                        0                                        0                                        5                  1.0000000000000000E+000                  4.9071609377643238E-010                  0.0000000000000000E+000                  0.0000000000000000E+000                  0.0000000000000000E+000                  0.0000000000000000E+000                  0.0000000000000000E+000                  0.0000000000000000E+000                  0.0000000000000000E+000                  0.0000000000000000E+000                  0.0000000000000000E+000                  0.0000000000000000E+000                  0.0000000000000000E+000                  0.0000000000000000E+000                  0.0000000000000000E+000                  0.0000000000000000E+000                  0.0000000000000000E+000                  0.0000000000000000E+000                  0.0000000000000000E+000                  0.0000000000000000E+000                  0.0000000000000000E+000                  0.0000000000000000E+000                  0.0000000000000000E+000                  0.0000000000000000E+000                  0.0000000000000000E+000                  0.0000000000000000E+000                  1.7183352489449817E+005                  4.4992310412592332E+001                  4.7671342903491947E+001                  6.9107637227082216E+002                  7.3222598290491840E+002                  8.5042081211540203E+009                  2.0460373742585497E-002                  1.3130092735411661E+004                  0.0000000000000000E+000                  0.0000000000000000E+000                  0.0000000000000000E+000                  0.0000000000000000E+000                  0.0000000000000000E+000                  0.0000000000000000E+000                  6.7766916752213733E+011                  6.6168547011884241E+011                  0.0000000000000000E+000                  0.0000000000000000E+000                  0.0000000000000000E+000                  3.1810097159705445E+027                  0.0000000000000000E+000                  0.0000000000000000E+000                  0.0000000000000000E+000                  3.0179192840261715E-002                  6.8591029070010303E+011                  6.8393314946365088E+011                  6.8161114764287976E+011                  6.7884908360835461E+011                  6.7529379596436804E+011                  6.6936886166016162E+011                  6.5703519725689270E+011                  6.4418015998734363E+011                  6.2353227745404736E+011                  5.6221510759118115E+011                  4.3164084371220667E+011                  7.0777376331405675E+008                  7.0777376331405675E+008                  7.0777376331405675E+008                  0.0000000000000000E+000                  0.0000000000000000E+000                  0.0000000000000000E+000                  0.0000000000000000E+000                  0.0000000000000000E+000                  0.0000000000000000E+000                  8.4601754359459264E+003                  1.1846412569005011E+004                  0.0000000000000000E+000                  0.0000000000000000E+000                  0.0000000000000000E+000                  1.2643240968950593E+004 
                                      77                                     3925                  2.7109754934340152E+006                  4.7866325904438636E+000                  3.0000000000000000E+001                  3.4775799705279844E+001                 -9.8999999999999986E+001                  1.4086324192651094E+001                  4.6936461080280950E-001                  7.8126463582274727E-008                  5.8517616618375246E-001                  5.6673177228747884E-001                  5.1295859347814343E-001                  7.8126463582274727E-008                  5.8724623211896720E-001                  5.6464691478508922E-001                  5.2174868927566376E+000                 -2.5746171390000409E+001                 -1.0536049848239340E+001                  5.2174868927566376E+000                  1.4413868903095011E+000                  5.2174141615698950E+000                 -2.5746171390000409E+001                  0.0000000000000000E+000                  0.0000000000000000E+000                  1.7772804194484419E+034                  2.6760402441259536E+034                 -2.0000000000000000E+001                 -2.0000000000000000E+001                 -2.0000000000000000E+001                 -2.0000000000000000E+001                  0.0000000000000000E+000                  0.0000000000000000E+000                  0.0000000000000000E+000                  0.0000000000000000E+000                  0.0000000000000000E+000                  0.0000000000000000E+000                  4.5664188411138982E+000                  5.2168279563629660E+000                  9.9883513240631283E-001                  3.9173403433201619E+000                  7.7375504284416671E-010                  7.5830885772690779E+000                  4.9749844068206922E-001                  1.6270292399329985E+001                  4.9749844068206922E-001                  7.5830885772690779E+000                  7.5781549640908175E-001                  7.3043866880836283E-001                  1.6891910615775645E+000                  4.6087733423293498E-001                  5.1961105152325160E-001                  1.6734770851842322E-004                  1.0875954313498766E-003                  3.4416106108120133E-003                  9.3604466091398806E-003                  1.7111243080897570E+001                  1.2295359834326005E+001                                        0                                        0                                        4                  1.0000000000000000E+000                  4.8354351883993702E-010                  0.0000000000000000E+000                  0.0000000000000000E+000                  0.0000000000000000E+000                  0.0000000000000000E+000                  0.0000000000000000E+000                  0.0000000000000000E+000                  0.0000000000000000E+000                  0.0000000000000000E+000                  0.0000000000000000E+000                  0.0000000000000000E+000                  0.0000000000000000E+000                  0.0000000000000000E+000                  0.0000000000000000E+000                  0.0000000000000000E+000                  0.0000000000000000E+000                  0.0000000000000000E+000                  0.0000000000000000E+000                  0.0000000000000000E+000                  0.0000000000000000E+000                  0.0000000000000000E+000                  0.0000000000000000E+000                  0.0000000000000000E+000                  0.0000000000000000E+000                  0.0000000000000000E+000                  1.7225721129187956E+005                  4.5856391098826123E+001                  4.7211163062334855E+001                  7.0318852310028137E+002                  7.2396338290344977E+002                  8.7432358572469654E+009                  2.0557980404850885E-002                  1.3180646155923099E+004                  0.0000000000000000E+000                  0.0000000000000000E+000                  0.0000000000000000E+000                  0.0000000000000000E+000                  0.0000000000000000E+000                  0.0000000000000000E+000                  6.8392966392383313E+011                  6.6748245000099451E+011                  0.0000000000000000E+000                  0.0000000000000000E+000                  0.0000000000000000E+000                  3.2893345066440392E+027                  0.0000000000000000E+000                  0.0000000000000000E+000                  0.0000000000000000E+000                  3.1859507250100894E-002                  6.9236962030637390E+011                  6.9032334758870935E+011                  6.8797665632179163E+011                  6.8514957329722681E+011                  6.8151457444905847E+011                  6.7541472569566956E+011                  6.6281611333112756E+011                  6.4972532384209265E+011                  6.2849933741698279E+011                  5.6624512550492041E+011                  4.3401616483463342E+011                  7.0740854304573810E+008                  7.0740854304573810E+008                  7.0740854304573810E+008                  0.0000000000000000E+000                  0.0000000000000000E+000                  0.0000000000000000E+000                  0.0000000000000000E+000                  0.0000000000000000E+000                  0.0000000000000000E+000                  8.4461406124112273E+003                  1.1828884627048945E+004                  0.0000000000000000E+000                  0.0000000000000000E+000                  0.0000000000000000E+000                  1.2950604091261375E+004 
                                      78                                     3944                  2.7706927273843922E+006                  4.7760996833813731E+000                  3.0000000000000000E+001                  3.4775799705279844E+001                 -9.8999999999999986E+001                  1.4019236178213601E+001                  4.6726421678268348E-001                  7.8126492837061377E-008                  5.8279615563095188E-001                  5.6435967351081007E-001                  5.1030638689385732E-001                  7.8126492837061377E-008                  5.8517616618377422E-001                  5.6217971002044587E-001                  5.2209978521799982E+000                 -2.5698028425616403E+001                 -9.8999999999999986E+001                  5.2209978521799982E+000                  1.4301057850790007E+000                  5.2209275567015059E+000                 -2.5698028425616403E+001                  0.0000000000000000E+000                  0.0000000000000000E+000                  1.7765831072998492E+034                  2.6716999378770981E+034                 -2.0000000000000000E+001                 -2.0000000000000000E+001                 -2.0000000000000000E+001                 -2.0000000000000000E+001                  0.0000000000000000E+000                  0.0000000000000000E+000                  0.0000000000000000E+000                  0.0000000000000000E+000                  0.0000000000000000E+000                  0.0000000000000000E+000                  4.5652543634733949E+000                  5.2203354116422984E+000                  1.0029178153269842E+000                  3.9091749774788189E+000                  8.0114267218183351E-010                  7.5837133070141078E+000                  4.9821176426733410E-001                  1.6270062172384012E+001                  4.9821176426733410E-001                  7.5837133070141078E+000                  7.6260411139983542E-001                  7.2709380001078316E-001                  1.7036258311584971E+000                  4.5418759682254267E-001                  5.2630603254285258E-001                  1.6814634258013468E-004                  1.0467158375078670E-003                  3.4416106108120133E-003                  9.3604466091398875E-003                  1.7010899736293872E+001                  1.2395778942543613E+001                                        0                                        0                                        4                  1.0000000000000000E+000                  4.7649488541357223E-010                  0.0000000000000000E+000                  0.0000000000000000E+000                  0.0000000000000000E+000                  0.0000000000000000E+000                  0.0000000000000000E+000                  0.0000000000000000E+000                  0.0000000000000000E+000                  0.0000000000000000E+000                  0.0000000000000000E+000                  0.0000000000000000E+000                  0.0000000000000000E+000                  0.0000000000000000E+000                  0.0000000000000000E+000                  0.0000000000000000E+000                  0.0000000000000000E+000                  0.0000000000000000E+000                  0.0000000000000000E+000                  0.0000000000000000E+000                  0.0000000000000000E+000                  0.0000000000000000E+000                  0.0000000000000000E+000                  0.0000000000000000E+000                  0.0000000000000000E+000                  0.0000000000000000E+000                  1.7379904526330033E+005                  4.6708938120937106E+001                  4.8684134708342654E+001                  7.1538841993437495E+002                  7.4564029083037462E+002                  8.9603965409927483E+009                  2.0734909506814999E-002                  1.3178047000588464E+004                  0.0000000000000000E+000                  0.0000000000000000E+000                  0.0000000000000000E+000                  0.0000000000000000E+000                  0.0000000000000000E+000                  0.0000000000000000E+000                  6.9025324796364758E+011                  6.7334970136578821E+011                  0.0000000000000000E+000                  0.0000000000000000E+000                  0.0000000000000000E+000                  3.3905109608771584E+027                  0.0000000000000000E+000                  0.0000000000000000E+000                  0.0000000000000000E+000                  3.3578388288477479E-002                  6.9887996217981799E+011                  6.9681419527118469E+011                  6.9439704226339990E+011                  6.9151177821440857E+011                  6.8780293754546008E+011                  6.8162627361302356E+011                  6.6866447849705725E+011                  6.5513633473791614E+011                  6.3358951744776001E+011                  5.7030226655062549E+011                  4.3640440256695044E+011                  7.0702134463766563E+008                  7.0702134463766563E+008                  7.0702134463766563E+008                  0.0000000000000000E+000                  0.0000000000000000E+000                  0.0000000000000000E+000                  0.0000000000000000E+000                  0.0000000000000000E+000                  0.0000000000000000E+000                  8.4156109205355824E+003                  1.1799253253892632E+004                  0.0000000000000000E+000                  0.0000000000000000E+000                  0.0000000000000000E+000                  1.3282321619305892E+004 
                                      79                                     3931                  2.8289499842577828E+006                  4.7653500313936608E+000                  3.0000000000000000E+001                  3.4775799705279844E+001                 -9.8999999999999986E+001                  1.3953598502393463E+001                  4.6445469932259476E-001                  7.8126463304718971E-008                  5.8100932674580008E-001                  5.6191531694641605E-001                  5.0830778448450964E-001                  7.8126463304718971E-008                  5.8279615563092990E-001                  5.5967932365411532E-001                  5.2244446564554980E+000                 -2.5650189173061634E+001                 -9.8370798439033216E+000                  5.2244446564554989E+000                  1.4188580544300724E+000                  5.2243766998484586E+000                 -2.5650189173061634E+001                  0.0000000000000000E+000                  0.0000000000000000E+000                  1.7751037698365328E+034                  2.6672737505358094E+034                 -2.0000000000000000E+001                 -2.0000000000000000E+001                 -2.0000000000000000E+001                 -2.0000000000000000E+001                  0.0000000000000000E+000                  0.0000000000000000E+000                  0.0000000000000000E+000                  0.0000000000000000E+000                  0.0000000000000000E+000                  0.0000000000000000E+000                  4.5640770082154525E+000                  5.2237787150918278E+000                  1.0069941775676350E+000                  3.9010222529975174E+000                  8.2755486630954526E-010                  7.5843399809641845E+000                  4.9895794205627558E-001                  1.6269872885275419E+001                  4.9895794205627558E-001                  7.5843399809641845E+000                  7.6740176075763711E-001                  7.2379083776737552E-001                  1.7181241164996208E+000                  4.4758167250937209E-001                  5.3291683795652334E-001                  1.6891363693625637E-004                  1.0086942601285644E-003                  3.4416106108120128E-003                  9.3604466091398893E-003                  1.6912232876667478E+001                  1.2494515947963929E+001                                        0                                        0                                        4                  1.0000000000000000E+000                  4.6959111680675574E-010                  0.0000000000000000E+000                  0.0000000000000000E+000                  0.0000000000000000E+000                  0.0000000000000000E+000                  0.0000000000000000E+000                  0.0000000000000000E+000                  0.0000000000000000E+000                  0.0000000000000000E+000                  0.0000000000000000E+000                  0.0000000000000000E+000                  0.0000000000000000E+000                  0.0000000000000000E+000                  0.0000000000000000E+000                  0.0000000000000000E+000                  0.0000000000000000E+000                  0.0000000000000000E+000                  0.0000000000000000E+000                  0.0000000000000000E+000                  0.0000000000000000E+000                  0.0000000000000000E+000                  0.0000000000000000E+000                  0.0000000000000000E+000                  0.0000000000000000E+000                  0.0000000000000000E+000                  1.8585537372706772E+005                  4.7333736947744683E+001                  4.8425044474866404E+001                  7.2790403284639524E+002                  7.4468629432185173E+002                  9.2167606087079144E+009                  2.1577094906086430E-002                  1.3242776103936661E+004                  0.0000000000000000E+000                  0.0000000000000000E+000                  0.0000000000000000E+000                  0.0000000000000000E+000                  0.0000000000000000E+000                  0.0000000000000000E+000                  6.9662676701106799E+011                  6.7923450069558228E+011                  0.0000000000000000E+000                  0.0000000000000000E+000                  0.0000000000000000E+000                  3.5092833201942958E+027                  0.0000000000000000E+000                  0.0000000000000000E+000                  0.0000000000000000E+000                  3.5344912236959902E-002                  7.0546118937080615E+011                  7.0334091570654956E+011                  7.0086814451798523E+011                  6.9792402470285889E+011                  6.9414083086791736E+011                  6.8786209593393799E+011                  6.7461801435217859E+011                  6.6068184646875415E+011                  6.3870837614227917E+011                  5.7437685819368030E+011                  4.3879081404469403E+011                  7.0661654085649753E+008                  7.0661654085649753E+008                  7.0661654085649753E+008                  0.0000000000000000E+000                  0.0000000000000000E+000                  0.0000000000000000E+000                  0.0000000000000000E+000                  0.0000000000000000E+000                  0.0000000000000000E+000                  8.4069342551468726E+003                  1.1785315108676326E+004                  0.0000000000000000E+000                  0.0000000000000000E+000                  0.0000000000000000E+000                  1.3604267969335942E+004 
                                      80                                     3936                  2.8858089983246122E+006                  4.7547993247696922E+000                  3.0000000000000000E+001                  3.4775799705279844E+001                 -9.8999999999999986E+001                  1.3888718046304547E+001                  4.6234081715266073E-001                  7.8126462749742997E-008                  5.7951301844951908E-001                  5.5955631641254588E-001                  5.0563668295802899E-001                  7.8126462749742997E-008                  5.8175383878127018E-001                  5.5720613770265959E-001                  5.2278365015533286E+000                 -2.5602605154857024E+001                 -1.0536049848239340E+001                  5.2278365015533286E+000                  1.4075970501720858E+000                  5.2277707996863763E+000                 -2.5602605154857024E+001                  0.0000000000000000E+000                  0.0000000000000000E+000                  1.7734967765991548E+034                  2.6627542634272587E+034                 -2.0000000000000000E+001                 -2.0000000000000000E+001                 -2.0000000000000000E+001                 -2.0000000000000000E+001                  0.0000000000000000E+000                  0.0000000000000000E+000                  0.0000000000000000E+000                  0.0000000000000000E+000                  0.0000000000000000E+000                  0.0000000000000000E+000                  4.5628855074373220E+000                  5.2271668197824788E+000                  1.0110712314692218E+000                  3.8928681451943437E+000                  8.5598853652058321E-010                  7.5849690179347276E+000                  4.9973843604247931E-001                  1.6269724690185019E+001                  4.9973843604247931E-001                  7.5849690179347276E+000                  7.7221189656971556E-001                  7.2052686232185958E-001                  1.7326959461096301E+000                  4.4105372178220137E-001                  5.3944934054323712E-001                  1.6965285539368471E-004                  9.7326894104935043E-004                  3.4416106108120128E-003                  9.3604466091398910E-003                  1.6815182088618410E+001                  1.2591631759588752E+001                                        0                                        0                                        4                  1.0000000000000000E+000                  4.6281741501641036E-010                  0.0000000000000000E+000                  0.0000000000000000E+000                  0.0000000000000000E+000                  0.0000000000000000E+000                  0.0000000000000000E+000                  0.0000000000000000E+000                  0.0000000000000000E+000                  0.0000000000000000E+000                  0.0000000000000000E+000                  0.0000000000000000E+000                  0.0000000000000000E+000                  0.0000000000000000E+000                  0.0000000000000000E+000                  0.0000000000000000E+000                  0.0000000000000000E+000                  0.0000000000000000E+000                  0.0000000000000000E+000                  0.0000000000000000E+000                  0.0000000000000000E+000                  0.0000000000000000E+000                  0.0000000000000000E+000                  0.0000000000000000E+000                  0.0000000000000000E+000                  0.0000000000000000E+000                  1.8246263079060137E+005                  4.8260491518737538E+001                  4.9928001601446319E+001                  7.4097114388997613E+002                  7.6657338735144333E+002                  9.4889604030138493E+009                  2.1381960705536208E-002                  1.3319924386331804E+004                  0.0000000000000000E+000                  0.0000000000000000E+000                  0.0000000000000000E+000                  0.0000000000000000E+000                  0.0000000000000000E+000                  0.0000000000000000E+000                  7.0305197744804614E+011                  6.8516629570529675E+011                  0.0000000000000000E+000                  0.0000000000000000E+000                  0.0000000000000000E+000                  3.6335543998501919E+027                  0.0000000000000000E+000                  0.0000000000000000E+000                  0.0000000000000000E+000                  3.7146540642632564E-002                  7.1208683493258716E+011                  7.0991535504887781E+011                  7.0740163231210974E+011                  7.0439788419074133E+011                  7.0053972040960583E+011                  6.9416044907598792E+011                  6.8055180681747424E+011                  6.6627751168606213E+011                  6.4384640033828210E+011                  5.7825694724006555E+011                  4.4118740614520410E+011                  7.0619336741317666E+008                  7.0619336741317666E+008                  7.0619336741317666E+008                  0.0000000000000000E+000                  0.0000000000000000E+000                  0.0000000000000000E+000                  0.0000000000000000E+000                  0.0000000000000000E+000                  0.0000000000000000E+000                  8.4034103482139635E+003                  1.1773196332892199E+004                  0.0000000000000000E+000                  0.0000000000000000E+000                  0.0000000000000000E+000                  1.3909103503389751E+004 
                                      81                                     3933                  2.9413334633061416E+006                  4.7444843824985128E+000                  3.0000000000000000E+001                  3.4775799705279844E+001                 -9.8999999999999986E+001                  1.3824960558216079E+001                  4.6022693498272738E-001                  7.8126462971623291E-008                  5.7726127177976005E-001                  5.5710646074430414E-001                  5.0362865439852400E-001                  7.8126462971623291E-008                  5.7951301844951919E-001                  5.5473388551466674E-001                  5.2311919180657789E+000                 -2.5555208448614351E+001                 -1.0235019852575359E+001                  5.2311919180657789E+000                  1.3963474916931709E+000                  5.2311283891199336E+000                 -2.5555208448614351E+001                  0.0000000000000000E+000                  0.0000000000000000E+000                  1.7717652724908110E+034                  2.6581341779815260E+034                 -2.0000000000000000E+001                 -2.0000000000000000E+001                 -2.0000000000000000E+001                 -2.0000000000000000E+001                  0.0000000000000000E+000                  0.0000000000000000E+000                  0.0000000000000000E+000                  0.0000000000000000E+000                  0.0000000000000000E+000                  0.0000000000000000E+000                  4.5616771166660488E+000                  5.2305184075427436E+000                  1.0151638068919007E+000                  3.8846829943489865E+000                  8.8823558940408774E-010                  7.5856012718763415E+000                  5.0055796515059336E-001                  1.6269621597515329E+001                  5.0055796515059336E-001                  7.5856012718763415E+000                  7.7703610606961049E-001                  7.1730026254650103E-001                  1.7473461035260609E+000                  4.3460052238605357E-001                  5.4590679060160274E-001                  1.7036687809065951E-004                  9.4021938324036116E-004                  3.4416106108120124E-003                  9.3604466091398910E-003                  1.6719676870287923E+001                  1.2687197341452991E+001                                        0                                        0                                        4                  1.0000000000000000E+000                  4.5614527572349985E-010                  0.0000000000000000E+000                  0.0000000000000000E+000                  0.0000000000000000E+000                  0.0000000000000000E+000                  0.0000000000000000E+000                  0.0000000000000000E+000                  0.0000000000000000E+000                  0.0000000000000000E+000                  0.0000000000000000E+000                  0.0000000000000000E+000                  0.0000000000000000E+000                  0.0000000000000000E+000                  0.0000000000000000E+000                  0.0000000000000000E+000                  0.0000000000000000E+000                  0.0000000000000000E+000                  0.0000000000000000E+000                  0.0000000000000000E+000                  0.0000000000000000E+000                  0.0000000000000000E+000                  0.0000000000000000E+000                  0.0000000000000000E+000                  0.0000000000000000E+000                  0.0000000000000000E+000                  1.8993622802602832E+005                  4.8888789501130994E+001                  4.9587670385421099E+001                  7.5402354234359780E+002                  7.6480255007575818E+002                  9.7450077845754471E+009                  2.1838039092540805E-002                  1.3358329270008409E+004                  0.0000000000000000E+000                  0.0000000000000000E+000                  0.0000000000000000E+000                  0.0000000000000000E+000                  0.0000000000000000E+000                  0.0000000000000000E+000                  7.0956332667618286E+011                  6.9118682523646985E+011                  0.0000000000000000E+000                  0.0000000000000000E+000                  0.0000000000000000E+000                  3.7534265032350801E+027                  0.0000000000000000E+000                  0.0000000000000000E+000                  0.0000000000000000E+000                  3.9014809474050116E-002                  7.1880128734286060E+011                  7.1659199301324268E+011                  7.1404338108341565E+011                  7.1095803210724133E+011                  7.0702405038923206E+011                  7.0046146968652429E+011                  6.8661273081143591E+011                  6.7189675666681238E+011                  6.4894765829594238E+011                  5.8250398078148511E+011                  4.4359536831008582E+011                  7.0574930276784992E+008                  7.0574930276784992E+008                  7.0574930276784992E+008                  0.0000000000000000E+000                  0.0000000000000000E+000                  0.0000000000000000E+000                  0.0000000000000000E+000                  0.0000000000000000E+000                  0.0000000000000000E+000                  8.3865030405553171E+003                  1.1750278508954832E+004                  0.0000000000000000E+000                  0.0000000000000000E+000                  0.0000000000000000E+000                  1.4287364952130736E+004 
                                      82                                     3944                  2.9955192462699185E+006                  4.7338853531377616E+000                  3.0000000000000000E+001                  3.4775799705279844E+001                 -9.8999999999999986E+001                  1.3763305734072295E+001                  4.5809967917684397E-001                  7.8126491893925765E-008                  5.7500466995258936E-001                  5.5464819963450762E-001                  5.0161122100975730E-001                  7.8126491893925765E-008                  5.7726127177978281E-001                  5.5148177039807189E-001                  5.2344761314045112E+000                 -2.5508158002027649E+001                 -1.0058928593519678E+001                  5.2344761314045112E+000                  1.3850947850419633E+000                  5.2344146938835516E+000                 -2.5508158002027649E+001                  0.0000000000000000E+000                  0.0000000000000000E+000                  1.7699085106322888E+034                  2.6534373516952652E+034                 -2.0000000000000000E+001                 -2.0000000000000000E+001                 -2.0000000000000000E+001                 -2.0000000000000000E+001                  0.0000000000000000E+000                  0.0000000000000000E+000                  0.0000000000000000E+000                  0.0000000000000000E+000                  0.0000000000000000E+000                  0.0000000000000000E+000                  4.5604577846991035E+000                  5.2337986750510304E+000                  1.0192426045799345E+000                  3.8765253989729183E+000                  9.1576616788354697E-010                  7.5862339997417516E+000                  5.0140194689253337E-001                  1.6269549690354655E+001                  5.0140194689253337E-001                  7.5862339997417516E+000                  7.8186958932881778E-001                  7.1411367305647588E-001                  1.7620599705971631E+000                  4.2822734355159764E-001                  5.5228393890863747E-001                  1.7105612968177606E-004                  9.0938609900343748E-004                  3.4416106108120124E-003                  9.3604466091398962E-003                  1.6625769275416680E+001                  1.2781160985085197E+001                                        0                                        0                                        5                  1.0000000000000000E+000                  4.4962734699062357E-010                  0.0000000000000000E+000                  0.0000000000000000E+000                  0.0000000000000000E+000                  0.0000000000000000E+000                  0.0000000000000000E+000                  0.0000000000000000E+000                  0.0000000000000000E+000                  0.0000000000000000E+000                  0.0000000000000000E+000                  0.0000000000000000E+000                  0.0000000000000000E+000                  0.0000000000000000E+000                  0.0000000000000000E+000                  0.0000000000000000E+000                  0.0000000000000000E+000                  0.0000000000000000E+000                  0.0000000000000000E+000                  0.0000000000000000E+000                  0.0000000000000000E+000                  0.0000000000000000E+000                  0.0000000000000000E+000                  0.0000000000000000E+000                  0.0000000000000000E+000                  0.0000000000000000E+000                  1.9623704106604087E+005                  4.9515622587953892E+001                  4.9555978953392142E+001                  7.6688494541908040E+002                  7.6750997419765326E+002                  1.0024206166275183E+010                  2.2203170308086738E-002                  1.3436663726822844E+004                  0.0000000000000000E+000                  0.0000000000000000E+000                  0.0000000000000000E+000                  0.0000000000000000E+000                  0.0000000000000000E+000                  0.0000000000000000E+000                  7.1611419090767871E+011                  6.9721616582538538E+011                  0.0000000000000000E+000                  0.0000000000000000E+000                  0.0000000000000000E+000                  3.8864955354329847E+027                  0.0000000000000000E+000                  0.0000000000000000E+000                  0.0000000000000000E+000                  4.0911823819526072E-002                  7.2557575123194287E+011                  7.2332466233822034E+011                  7.2069025965003381E+011                  7.1755131966045996E+011                  7.1352131928451050E+011                  7.0686692105815588E+011                  6.9271591341593652E+011                  6.7754688289570691E+011                  6.5406918784653528E+011                  5.8676191367774304E+011                  4.4554707522537708E+011                  7.0529228024358118E+008                  7.0529228024358118E+008                  7.0529228024358118E+008                  0.0000000000000000E+000                  0.0000000000000000E+000                  0.0000000000000000E+000                  0.0000000000000000E+000                  0.0000000000000000E+000                  0.0000000000000000E+000                  8.3808864881894388E+003                  1.1737858225156857E+004                  0.0000000000000000E+000                  0.0000000000000000E+000                  0.0000000000000000E+000                  1.4693742474141898E+004 
                                      83                                     3938                  3.0484142586101484E+006                  4.7234147227868348E+000                  3.0000000000000000E+001                  3.4775799705279844E+001                 -9.8999999999999986E+001                  1.3701687980678104E+001                  4.5668150863956908E-001                  7.8126491893373486E-008                  5.7212939550641417E-001                  5.5208629581730762E-001                  4.9892130982469757E-001                  7.8126491893373486E-008                  5.7455067925056169E-001                  5.4971976555034918E-001                  5.2377029930966970E+000                 -2.5461403809483972E+001                 -9.8999999999999986E+001                  5.2377029930966961E+000                  1.3738333725710918E+000                  5.2376435714885279E+000                 -2.5461403809483972E+001                  0.0000000000000000E+000                  0.0000000000000000E+000                  1.7679291246938948E+034                  2.6486589156606120E+034                 -2.0000000000000000E+001                 -2.0000000000000000E+001                 -2.0000000000000000E+001                 -2.0000000000000000E+001                  0.0000000000000000E+000                  0.0000000000000000E+000                  0.0000000000000000E+000                  0.0000000000000000E+000                  0.0000000000000000E+000                  0.0000000000000000E+000                  4.5592254658460458E+000                  5.2370214334608090E+000                  1.0233186214909387E+000                  3.8683733651509100E+000                  9.4648642748999315E-010                  7.5868677881558977E+000                  5.0227370123295512E-001                  1.6269511774892976E+001                  5.0227370123295512E-001                  7.5868677881558977E+000                  7.8671309179508953E-001                  7.1096588686651729E-001                  1.7768401663028965E+000                  4.2193177130816251E-001                  5.5858322258502047E-001                  1.7172296661963044E-004                  8.8058705365770301E-004                  3.4416106108120120E-003                  9.3604466091398997E-003                  1.6533417302557957E+001                  1.2873565057503011E+001                                        0                                        0                                        4                  1.0000000000000000E+000                  4.4324184379826871E-010                  0.0000000000000000E+000                  0.0000000000000000E+000                  0.0000000000000000E+000                  0.0000000000000000E+000                  0.0000000000000000E+000                  0.0000000000000000E+000                  0.0000000000000000E+000                  0.0000000000000000E+000                  0.0000000000000000E+000                  0.0000000000000000E+000                  0.0000000000000000E+000                  0.0000000000000000E+000                  0.0000000000000000E+000                  0.0000000000000000E+000                  0.0000000000000000E+000                  0.0000000000000000E+000                  0.0000000000000000E+000                  0.0000000000000000E+000                  0.0000000000000000E+000                  0.0000000000000000E+000                  0.0000000000000000E+000                  0.0000000000000000E+000                  0.0000000000000000E+000                  0.0000000000000000E+000                  2.0047661242873679E+005                  5.0044104373023352E+001                  5.0126095363501783E+001                  7.7631444208692642E+002                  7.7758633596587310E+002                  1.0280169759681049E+010                  2.2490769523604431E-002                  1.3520058842928511E+004                  0.0000000000000000E+000                  0.0000000000000000E+000                  0.0000000000000000E+000                  0.0000000000000000E+000                  0.0000000000000000E+000                  0.0000000000000000E+000                  7.2272263762104175E+011                  7.0323819818702332E+011                  0.0000000000000000E+000                  0.0000000000000000E+000                  0.0000000000000000E+000                  4.0239635439018956E+027                  0.0000000000000000E+000                  0.0000000000000000E+000                  0.0000000000000000E+000                  4.2848182396986068E-002                  7.3239088687425903E+011                  7.3008453049932336E+011                  7.2740960524251904E+011                  7.2419596537622278E+011                  7.2010190120090698E+011                  7.1333126288507678E+011                  6.9884423950254211E+011                  6.8336541962181714E+011                  6.5926212506484766E+011                  5.9084431087609497E+011                  4.4818541091361340E+011                  7.0482053004567516E+008                  7.0482053004567516E+008                  7.0482053004567516E+008                  0.0000000000000000E+000                  0.0000000000000000E+000                  0.0000000000000000E+000                  0.0000000000000000E+000                  0.0000000000000000E+000                  0.0000000000000000E+000                  8.3629299919488585E+003                  1.1734194989686699E+004                  0.0000000000000000E+000                  0.0000000000000000E+000                  0.0000000000000000E+000                  1.5203986172288442E+004 
                                      84                                     3952                  3.1001114482643744E+006                  4.7134669347605564E+000                  3.0000000000000000E+001                  3.4775799705279844E+001                 -9.8999999999999986E+001                  1.3640950950075986E+001                  4.5455425283363970E-001                  7.8126474740238021E-008                  5.6954707585984088E-001                  5.4961022302793550E-001                  4.9688983913736307E-001                  7.8126474740238021E-008                  5.7152407457036303E-001                  5.4717748333949667E-001                  5.2408847173983597E+000                 -2.5414870603357997E+001                 -1.0536049848239340E+001                  5.2408847173983597E+000                  1.3625591456781720E+000                  5.2408272412737951E+000                 -2.5414870603357997E+001                  0.0000000000000000E+000                  0.0000000000000000E+000                  1.7661419382454548E+034                  2.6438115466999773E+034                 -2.0000000000000000E+001                 -2.0000000000000000E+001                 -2.0000000000000000E+001                 -2.0000000000000000E+001                  0.0000000000000000E+000                  0.0000000000000000E+000                  0.0000000000000000E+000                  0.0000000000000000E+000                  0.0000000000000000E+000                  0.0000000000000000E+000                  4.5579778148479955E+000                  5.2401989441307437E+000                  1.0274026788220074E+000                  3.8602052504887729E+000                  9.7971477465418783E-010                  7.5875035471843564E+000                  5.0317589914171046E-001                  1.6269509303717122E+001                  5.0317589914171046E-001                  7.5875035471843564E+000                  7.9157133705586691E-001                  7.0785317144989812E-001                  1.7917017088370519E+000                  4.1570634060543138E-001                  5.6481213028454502E-001                  1.7236995425786423E-004                  8.5363683492806935E-004                  3.4416106108120120E-003                  9.3604466091398962E-003                  1.6442495076277190E+001                  1.2964535809626534E+001                                        0                                        0                                        4                  1.0000000000000000E+000                  4.3696902727422824E-010                  0.0000000000000000E+000                  0.0000000000000000E+000                  0.0000000000000000E+000                  0.0000000000000000E+000                  0.0000000000000000E+000                  0.0000000000000000E+000                  0.0000000000000000E+000                  0.0000000000000000E+000                  0.0000000000000000E+000                  0.0000000000000000E+000                  0.0000000000000000E+000                  0.0000000000000000E+000                  0.0000000000000000E+000                  0.0000000000000000E+000                  0.0000000000000000E+000                  0.0000000000000000E+000                  0.0000000000000000E+000                  0.0000000000000000E+000                  0.0000000000000000E+000                  0.0000000000000000E+000                  0.0000000000000000E+000                  0.0000000000000000E+000                  0.0000000000000000E+000                  0.0000000000000000E+000                  2.0417419814214503E+005                  5.0755488996535973E+001                  5.0642471625967936E+001                  7.8870387644510276E+002                  7.8694766760868060E+002                  1.0555598653321419E+010                  2.2734486569865979E-002                  1.3584024503913080E+004                  0.0000000000000000E+000                  0.0000000000000000E+000                  0.0000000000000000E+000                  0.0000000000000000E+000                  0.0000000000000000E+000                  0.0000000000000000E+000                  7.2939760977127466E+011                  7.0937523771675720E+011                  0.0000000000000000E+000                  0.0000000000000000E+000                  0.0000000000000000E+000                  4.1603318083030558E+027                  0.0000000000000000E+000                  0.0000000000000000E+000                  0.0000000000000000E+000                  4.4813897214293075E-002                  7.3928460103568665E+011                  7.3692251126350635E+011                  7.3417151715846350E+011                  7.3092325857633789E+011                  7.2675792149381885E+011                  7.1987280768228235E+011                  7.0504351205784729E+011                  6.8902886223344434E+011                  6.6450365063869153E+011                  5.9482750936791565E+011                  4.5036879733892401E+011                  7.0433263754668188E+008                  7.0433263754668188E+008                  7.0433263754668188E+008                  0.0000000000000000E+000                  0.0000000000000000E+000                  0.0000000000000000E+000                  0.0000000000000000E+000                  0.0000000000000000E+000                  0.0000000000000000E+000                  8.3494102579830105E+003                  1.1716970128946024E+004                  0.0000000000000000E+000                  0.0000000000000000E+000                  0.0000000000000000E+000                  1.5749950197273161E+004 
                                      85                                     3949                  3.1506230458347998E+006                  4.7033911045061698E+000                  3.0000000000000000E+001                  3.4775799705279844E+001                 -9.8999999999999986E+001                  1.3581481787736623E+001                  4.5241374495444753E-001                  7.8126489523349783E-008                  5.9531691317071878E-001                  5.7482232274403211E-001                  4.9485836845006037E-001                  7.8126489523349783E-008                  5.9749705302252754E-001                  5.7256497484362123E-001                  5.2440217361954433E+000                 -2.5368577949829085E+001                 -9.8999999999999986E+001                  5.2440217361954433E+000                  1.3512768289463388E+000                  5.2439661371669191E+000                 -2.5368577949829085E+001                  0.0000000000000000E+000                  0.0000000000000000E+000                  1.7645037114051427E+034                  2.6388720422752307E+034                 -2.0000000000000000E+001                 -2.0000000000000000E+001                 -2.0000000000000000E+001                 -2.0000000000000000E+001                  0.0000000000000000E+000                  0.0000000000000000E+000                  0.0000000000000000E+000                  0.0000000000000000E+000                  0.0000000000000000E+000                  0.0000000000000000E+000                  4.5567153749259734E+000                  5.2433316719606653E+000                  1.0314939225810122E+000                  3.8520227629707628E+000                  1.0142470290192642E-009                  7.5881408447522469E+000                  5.0410691259303186E-001                  1.6269541030605300E+001                  5.0410691259303186E-001                  7.5881408447522469E+000                  7.9644154675330792E-001                  7.0477665501942732E-001                  1.8066368869060538E+000                  4.0955330786688982E-001                  5.7096842178140650E-001                  1.7299831117869062E-004                  8.2840751517876540E-004                  3.4416106108120089E-003                  9.3604466091398962E-003                  1.6353015923655068E+001                  1.3054060183441811E+001                                        0                                        0                                        4                  1.0000000000000000E+000                  4.3080911457762439E-010                  0.0000000000000000E+000                  0.0000000000000000E+000                  0.0000000000000000E+000                  0.0000000000000000E+000                  0.0000000000000000E+000                  0.0000000000000000E+000                  0.0000000000000000E+000                  0.0000000000000000E+000                  0.0000000000000000E+000                  0.0000000000000000E+000                  0.0000000000000000E+000                  0.0000000000000000E+000                  0.0000000000000000E+000                  0.0000000000000000E+000                  0.0000000000000000E+000                  0.0000000000000000E+000                  0.0000000000000000E+000                  0.0000000000000000E+000                  0.0000000000000000E+000                  0.0000000000000000E+000                  0.0000000000000000E+000                  0.0000000000000000E+000                  0.0000000000000000E+000                  0.0000000000000000E+000                  2.0507501944553040E+005                  5.1804596613018155E+001                  5.0818260261301738E+001                  8.0310586777713968E+002                  7.8781509121569661E+002                  1.0861580297892000E+010                  2.2912023717858488E-002                  1.3660986106291497E+004                  0.0000000000000000E+000                  0.0000000000000000E+000                  0.0000000000000000E+000                  0.0000000000000000E+000                  0.0000000000000000E+000                  0.0000000000000000E+000                  7.3613878264873779E+011                  7.1559225615961316E+011                  0.0000000000000000E+000                  0.0000000000000000E+000                  0.0000000000000000E+000                  4.3043982811784678E+027                  0.0000000000000000E+000                  0.0000000000000000E+000                  0.0000000000000000E+000                  4.6845260784684095E-002                  7.4626118848683008E+011                  7.4385389405645300E+011                  7.4105162172090698E+011                  7.3771999305853198E+011                  7.3346303889206848E+011                  7.2649100395028516E+011                  7.1128540751782214E+011                  6.9497534786277747E+011                  6.6986746995615869E+011                  5.9912685923210010E+011                  4.5279624422167914E+011                  7.0382951585341215E+008                  7.0382951585341215E+008                  7.0382951585341215E+008                  0.0000000000000000E+000                  0.0000000000000000E+000                  0.0000000000000000E+000                  0.0000000000000000E+000                  0.0000000000000000E+000                  0.0000000000000000E+000                  8.3464463048874786E+003                  1.1698711460845960E+004                  0.0000000000000000E+000                  0.0000000000000000E+000                  0.0000000000000000E+000                  1.6242863273128547E+004 
                                      86                                     3940                  3.1999472720705457E+006                  4.6930602810670230E+000                  3.0000000000000000E+001                  3.4775799705279844E+001                 -9.8999999999999986E+001                  1.3523298717059690E+001                  4.5027323707523864E-001                  7.8126487717602436E-008                  5.9342001886997331E-001                  5.7224190797134966E-001                  4.9282224398602142E-001                  7.8126487717602436E-008                  5.9575391154488422E-001                  5.6872432536047468E-001                  5.2471193393435449E+000                 -2.5322528736839953E+001                 -9.8999999999999986E+001                  5.2471193393435449E+000                  1.3399855345661387E+000                  5.2470655523339085E+000                 -2.5322528736839953E+001                  0.0000000000000000E+000                  0.0000000000000000E+000                  1.7627798451358038E+034                  2.6338520746602177E+034                 -2.0000000000000000E+001                 -2.0000000000000000E+001                 -2.0000000000000000E+001                 -2.0000000000000000E+001                  0.0000000000000000E+000                  0.0000000000000000E+000                  0.0000000000000000E+000                  0.0000000000000000E+000                  0.0000000000000000E+000                  0.0000000000000000E+000                  4.5554377048221877E+000                  5.2464248371497133E+000                  1.0355958453831076E+000                  3.8438189173665722E+000                  1.0515703357405513E-009                  7.5887795248105254E+000                  5.0506763066723992E-001                  1.6269608060313924E+001                  5.0506763066723992E-001                  7.5887795248105254E+000                  8.0132064610827969E-001                  7.0173752637574127E-001                  1.8216372001091288E+000                  4.0347505069511597E-001                  5.7704973444259444E-001                  1.7360930614995364E-004                  8.0478103418826471E-004                  3.4416106108120081E-003                  9.3604466091398945E-003                  1.6265016490169423E+001                  1.3142101763617136E+001                                        0                                        0                                        4                  1.0000000000000000E+000                  4.2475510438301136E-010                  0.0000000000000000E+000                  0.0000000000000000E+000                  0.0000000000000000E+000                  0.0000000000000000E+000                  0.0000000000000000E+000                  0.0000000000000000E+000                  0.0000000000000000E+000                  0.0000000000000000E+000                  0.0000000000000000E+000                  0.0000000000000000E+000                  0.0000000000000000E+000                  0.0000000000000000E+000                  0.0000000000000000E+000                  0.0000000000000000E+000                  0.0000000000000000E+000                  0.0000000000000000E+000                  0.0000000000000000E+000                  0.0000000000000000E+000                  0.0000000000000000E+000                  0.0000000000000000E+000                  0.0000000000000000E+000                  0.0000000000000000E+000                  0.0000000000000000E+000                  0.0000000000000000E+000                  2.1506338655542958E+005                  5.2084610670020410E+001                  5.0878690546210656E+001                  8.1278809143023432E+002                  7.9396952864864068E+002                  1.1139938371354416E+010                  2.3450832161683088E-002                  1.3755828947663433E+004                  0.0000000000000000E+000                  0.0000000000000000E+000                  0.0000000000000000E+000                  0.0000000000000000E+000                  0.0000000000000000E+000                  0.0000000000000000E+000                  7.4296251572225537E+011                  7.2179406841968469E+011                  0.0000000000000000E+000                  0.0000000000000000E+000                  0.0000000000000000E+000                  4.4572627065958868E+027                  0.0000000000000000E+000                  0.0000000000000000E+000                  0.0000000000000000E+000                  4.8911872260711142E-002                  7.5332289414200293E+011                  7.5086981774589880E+011                  7.4802224873481250E+011                  7.4459939661449133E+011                  7.4025008211657605E+011                  7.3319257837070740E+011                  7.1764743875759705E+011                  7.0072117019490381E+011                  6.7528471970202844E+011                  6.0346271306640210E+011                  4.5524058083199078E+011                  7.0331071915557361E+008                  7.0331071915557361E+008                  7.0331071915557361E+008                  0.0000000000000000E+000                  0.0000000000000000E+000                  0.0000000000000000E+000                  0.0000000000000000E+000                  0.0000000000000000E+000                  0.0000000000000000E+000                  8.3310909509170051E+003                  1.1695671734510752E+004                  0.0000000000000000E+000                  0.0000000000000000E+000                  0.0000000000000000E+000                  1.6773504003522899E+004 
                                      87                                     3940                  3.2481052041700394E+006                  4.6826678300549904E+000                  3.0000000000000000E+001                  3.4775799705279844E+001                 -9.8999999999999986E+001                  1.3466775791401522E+001                  4.4884623182243333E-001                  7.8126487107203230E-008                  5.9166232133524799E-001                  5.6922955177464429E-001                  4.9077681196854406E-001                  7.8126487107203230E-008                  5.9400591804821434E-001                  5.6677439777800886E-001                  5.2501559274542533E+000                 -2.5276824628189104E+001                 -9.8370798439033216E+000                  5.2501559274542542E+000                  1.3287015433447811E+000                  5.2501038852182234E+000                 -2.5276824628189104E+001                  0.0000000000000000E+000                  0.0000000000000000E+000                  1.7609877833287050E+034                  2.6287675294236961E+034                 -2.0000000000000000E+001                 -2.0000000000000000E+001                 -2.0000000000000000E+001                 -2.0000000000000000E+001                  0.0000000000000000E+000                  0.0000000000000000E+000                  0.0000000000000000E+000                  0.0000000000000000E+000                  0.0000000000000000E+000                  0.0000000000000000E+000                  4.5541496465822924E+000                  5.2494573530274202E+000                  1.0396882198017519E+000                  3.8356341685292836E+000                  1.0850808960247352E-009                  7.5894177773122022E+000                  5.0604965247631739E-001                  1.6269702688405385E+001                  5.0604965247631739E-001                  7.5894177773122022E+000                  8.0620103282178412E-001                  6.9873769581667633E-001                  1.8366899757634798E+000                  3.9747538968586998E-001                  5.8305226067073224E-001                  1.7420312890124848E-004                  7.8265365993128899E-004                  3.4416106108120072E-003                  9.3604466091398962E-003                  1.6178496628484389E+001                  1.3228660941155070E+001                                        0                                        0                                        4                  1.0000000000000000E+000                  4.1883913055149700E-010                  0.0000000000000000E+000                  0.0000000000000000E+000                  0.0000000000000000E+000                  0.0000000000000000E+000                  0.0000000000000000E+000                  0.0000000000000000E+000                  0.0000000000000000E+000                  0.0000000000000000E+000                  0.0000000000000000E+000                  0.0000000000000000E+000                  0.0000000000000000E+000                  0.0000000000000000E+000                  0.0000000000000000E+000                  0.0000000000000000E+000                  0.0000000000000000E+000                  0.0000000000000000E+000                  0.0000000000000000E+000                  0.0000000000000000E+000                  0.0000000000000000E+000                  0.0000000000000000E+000                  0.0000000000000000E+000                  0.0000000000000000E+000                  0.0000000000000000E+000                  0.0000000000000000E+000                  2.2781969576951818E+005                  5.2416012402587704E+001                  5.0864535415921246E+001                  8.2492896635153272E+002                  8.0051165094991768E+002                  1.1472735310517206E+010                  2.4095999448060082E-002                  1.3896326680245718E+004                  0.0000000000000000E+000                  0.0000000000000000E+000                  0.0000000000000000E+000                  0.0000000000000000E+000                  0.0000000000000000E+000                  0.0000000000000000E+000                  7.4983526229877869E+011                  7.2805121617207715E+011                  0.0000000000000000E+000                  0.0000000000000000E+000                  0.0000000000000000E+000                  4.6277230370973323E+027                  0.0000000000000000E+000                  0.0000000000000000E+000                  0.0000000000000000E+000                  5.0991603618377290E-002                  7.6045168825851294E+011                  7.5792038570173535E+011                  7.5500126839956055E+011                  7.5152783805788562E+011                  7.4711126599769727E+011                  7.3982231118749365E+011                  7.2406289350313940E+011                  7.0680308613235730E+011                  6.8056024786590576E+011                  6.0772423621688733E+011                  4.5768947372108264E+011                  7.0278081311461174E+008                  7.0278081311461174E+008                  7.0278081311461174E+008                  0.0000000000000000E+000                  0.0000000000000000E+000                  0.0000000000000000E+000                  0.0000000000000000E+000                  0.0000000000000000E+000                  0.0000000000000000E+000                  8.3372377000048127E+003                  1.1696481593600671E+004                  0.0000000000000000E+000                  0.0000000000000000E+000                  0.0000000000000000E+000                  1.7487609776551220E+004 
                                      88                                     3939                  3.2951384832652295E+006                  4.6724052582124340E+000                  3.0000000000000000E+001                  3.4775799705279844E+001                 -9.8999999999999986E+001                  1.3410768206812191E+001                  4.4669260122419424E-001                  7.8126487273960142E-008                  5.8960803331482681E-001                  5.6616017009580544E-001                  4.8804956927857518E-001                  7.8126487273960142E-008                  5.9283411969173105E-001                  5.6303574617560836E-001                  5.2531309943383242E+000                 -2.5231451023841792E+001                 -9.8999999999999986E+001                  5.2531309943383242E+000                  1.3174044187946172E+000                  5.2530806346637116E+000                 -2.5231451023841792E+001                  0.0000000000000000E+000                  0.0000000000000000E+000                  1.7591149091357559E+034                  2.6236201250027950E+034                 -2.0000000000000000E+001                 -2.0000000000000000E+001                 -2.0000000000000000E+001                 -2.0000000000000000E+001                  0.0000000000000000E+000                  0.0000000000000000E+000                  0.0000000000000000E+000                  0.0000000000000000E+000                  0.0000000000000000E+000                  0.0000000000000000E+000                  4.5528545376471046E+000                  5.2524307699593589E+000                  1.0437651461380961E+000                  3.8274803158565951E+000                  1.1177113256153565E-009                  7.5900555161122458E+000                  5.0705798706277849E-001                  1.6269830266230645E+001                  5.0705798706277849E-001                  7.5900555161122458E+000                  8.1105841671679912E-001                  6.9577557628971376E-001                  1.8517997499578314E+000                  3.9155115073475544E-001                  5.8897918984745767E-001                  1.7478112058076122E-004                  7.6190497807067771E-004                  3.4416106108120072E-003                  9.3604466091398997E-003                  1.6093417967520072E+001                  1.3313776309653171E+001                                        0                                        0                                        4                  1.0000000000000000E+000                  4.1306475191980021E-010                  0.0000000000000000E+000                  0.0000000000000000E+000                  0.0000000000000000E+000                  0.0000000000000000E+000                  0.0000000000000000E+000                  0.0000000000000000E+000                  0.0000000000000000E+000                  0.0000000000000000E+000                  0.0000000000000000E+000                  0.0000000000000000E+000                  0.0000000000000000E+000                  0.0000000000000000E+000                  0.0000000000000000E+000                  0.0000000000000000E+000                  0.0000000000000000E+000                  0.0000000000000000E+000                  0.0000000000000000E+000                  0.0000000000000000E+000                  0.0000000000000000E+000                  0.0000000000000000E+000                  0.0000000000000000E+000                  0.0000000000000000E+000                  0.0000000000000000E+000                  0.0000000000000000E+000                  2.1979144833322588E+005                  5.3494975988014630E+001                  5.0698494545852867E+001                  8.3618415529215827E+002                  7.9247213506378887E+002                  1.1768421821415668E+010                  2.3796327783011870E-002                  1.3981410086370946E+004                  0.0000000000000000E+000                  0.0000000000000000E+000                  0.0000000000000000E+000                  0.0000000000000000E+000                  0.0000000000000000E+000                  0.0000000000000000E+000                  7.5673762344590076E+011                  7.3433665465514697E+011                  0.0000000000000000E+000                  0.0000000000000000E+000                  0.0000000000000000E+000                  4.7882856709890180E+027                  0.0000000000000000E+000                  0.0000000000000000E+000                  0.0000000000000000E+000                  5.3110252757664900E-002                  7.6758847983958801E+011                  7.6501118905468604E+011                  7.6203365711982361E+011                  7.5849514452001831E+011                  7.5398517515424084E+011                  7.4655398963012646E+011                  7.3043581861167480E+011                  7.1269311311496545E+011                  6.8596141296999438E+011                  6.1199341309381409E+011                  4.6012503567237335E+011                  7.0223712361032522E+008                  7.0223712361032522E+008                  7.0223712361032522E+008                  0.0000000000000000E+000                  0.0000000000000000E+000                  0.0000000000000000E+000                  0.0000000000000000E+000                  0.0000000000000000E+000                  0.0000000000000000E+000                  8.3242852801322242E+003                  1.1688003849117322E+004                  0.0000000000000000E+000                  0.0000000000000000E+000                  0.0000000000000000E+000                  1.8273474287961923E+004 
                                      89                                     3939                  3.3411473783221450E+006                  4.6628418034354810E+000                  3.0000000000000000E+001                  3.4775799705279844E+001                 -9.8999999999999986E+001                  1.3355681363023395E+001                  4.4453897062595388E-001                  7.8126486402420652E-008                  5.8768929739923936E-001                  5.6296968592374885E-001                  4.8667669528682395E-001                  7.8126486402420652E-008                  5.9078347256788477E-001                  5.5952896237034122E-001                  5.2560508682388605E+000                 -2.5186332829158697E+001                 -9.8999999999999986E+001                  5.2560508682388605E+000                  1.3060759657122252E+000                  5.2560021340462244E+000                 -2.5186332829158697E+001                  0.0000000000000000E+000                  0.0000000000000000E+000                  1.7571574660905902E+034                  2.6198541254798046E+034                 -2.0000000000000000E+001                 -2.0000000000000000E+001                 -2.0000000000000000E+001                 -2.0000000000000000E+001                  0.0000000000000000E+000                  0.0000000000000000E+000                  0.0000000000000000E+000                  0.0000000000000000E+000                  0.0000000000000000E+000                  0.0000000000000000E+000                  4.5515507803875765E+000                  5.2553492660973182E+000                  1.0478319087261316E+000                  3.8193467906805241E+000                  1.1509804354261428E-009                  7.5906936596429944E+000                  5.0809384692172699E-001                  1.6269990805322877E+001                  5.0809384692172699E-001                  7.5906936596429944E+000                  8.1589694580736449E-001                  6.9284627313040648E-001                  1.8669887343134901E+000                  3.8569254451334184E-001                  5.9484032788626218E-001                  1.7534522419304475E-004                  7.4240490992220247E-004                  3.4416106108120059E-003                  9.3604466091398997E-003                  1.6009632272305222E+001                  1.3397596353633032E+001                                        0                                        0                                        4                  1.0000000000000000E+000                  4.0742260409068418E-010                  0.0000000000000000E+000                  0.0000000000000000E+000                  0.0000000000000000E+000                  0.0000000000000000E+000                  0.0000000000000000E+000                  0.0000000000000000E+000                  0.0000000000000000E+000                  0.0000000000000000E+000                  0.0000000000000000E+000                  0.0000000000000000E+000                  0.0000000000000000E+000                  0.0000000000000000E+000                  0.0000000000000000E+000                  0.0000000000000000E+000                  0.0000000000000000E+000                  0.0000000000000000E+000                  0.0000000000000000E+000                  0.0000000000000000E+000                  0.0000000000000000E+000                  0.0000000000000000E+000                  0.0000000000000000E+000                  0.0000000000000000E+000                  0.0000000000000000E+000                  0.0000000000000000E+000                  2.2250546490041786E+005                  5.4035879874078333E+001                  5.2144846846223999E+001                  8.4762113078883647E+002                  8.1795788560500353E+002                  1.2081363290794540E+010                  2.3896161515185619E-002                  1.4085071349060123E+004                  0.0000000000000000E+000                  0.0000000000000000E+000                  0.0000000000000000E+000                  0.0000000000000000E+000                  0.0000000000000000E+000                  0.0000000000000000E+000                  7.6368804249491248E+011                  7.4065993514887256E+011                  0.0000000000000000E+000                  0.0000000000000000E+000                  0.0000000000000000E+000                  4.9576462574227128E+027                  0.0000000000000000E+000                  0.0000000000000000E+000                  0.0000000000000000E+000                  5.5240579049408378E-002                  7.7479140834780103E+011                  7.7218287719367883E+011                  7.6911484475670312E+011                  7.6551047565706995E+011                  7.6090658619430042E+011                  7.5343564200913708E+011                  7.3691865157833826E+011                  7.1859726880778748E+011                  6.9126664839695813E+011                  6.1616433548033325E+011                  4.6256363040095325E+011                  7.0167903125545657E+008                  7.0167903125545657E+008                  7.0167903125545657E+008                  0.0000000000000000E+000                  0.0000000000000000E+000                  0.0000000000000000E+000                  0.0000000000000000E+000                  0.0000000000000000E+000                  0.0000000000000000E+000                  8.3161768641358631E+003                  1.1680673266150086E+004                  0.0000000000000000E+000                  0.0000000000000000E+000                  0.0000000000000000E+000                  1.9043757238983522E+004 
                                      90                                     3932                  3.3862179270083187E+006                  4.6538928451783050E+000                  3.0000000000000000E+001                  3.4775799705279844E+001                 -9.8999999999999986E+001                  1.3301435932704932E+001                  4.4310321689379367E-001                  7.8126485643467154E-008                  5.8517616618376733E-001                  5.5992412936601399E-001                  4.8461738429919782E-001                  7.8126485643467154E-008                  5.8842773953299954E-001                  5.5689102261115608E-001                  5.2589258617567953E+000                 -2.5141392625600425E+001                 -9.8370798439033216E+000                  5.2589258617567962E+000                  1.2947151917480042E+000                  5.2588786992129082E+000                 -2.5141392625600425E+001                  0.0000000000000000E+000                  0.0000000000000000E+000                  1.7551360063946781E+034                  2.6142841957721995E+034                 -2.0000000000000000E+001                 -2.0000000000000000E+001                 -2.0000000000000000E+001                 -2.0000000000000000E+001                  0.0000000000000000E+000                  0.0000000000000000E+000                  0.0000000000000000E+000                  0.0000000000000000E+000                  0.0000000000000000E+000                  0.0000000000000000E+000                  4.5502363336019824E+000                  5.2582227206476455E+000                  1.0518975295724844E+000                  3.8112155489878186E+000                  1.1862454081456109E-009                  7.5913330874836005E+000                  5.0915868953988475E-001                  1.6270184410133268E+001                  5.0915868953988475E-001                  7.5913330874836005E+000                  8.2072499053341030E-001                  6.8994605688589061E-001                  1.8822744827473414E+000                  3.7989211211630070E-001                  6.0064314762194282E-001                  1.7589721792461824E-004                  7.2404440022377846E-004                  3.4416106108120063E-003                  9.3604466091399049E-003                  1.5927011517663075E+001                  1.3480249318311062E+001                                        0                                        0                                        4                  1.0000000000000000E+000                  4.0189714060828330E-010                  0.0000000000000000E+000                  0.0000000000000000E+000                  0.0000000000000000E+000                  0.0000000000000000E+000                  0.0000000000000000E+000                  0.0000000000000000E+000                  0.0000000000000000E+000                  0.0000000000000000E+000                  0.0000000000000000E+000                  0.0000000000000000E+000                  0.0000000000000000E+000                  0.0000000000000000E+000                  0.0000000000000000E+000                  0.0000000000000000E+000                  0.0000000000000000E+000                  0.0000000000000000E+000                  0.0000000000000000E+000                  0.0000000000000000E+000                  0.0000000000000000E+000                  0.0000000000000000E+000                  0.0000000000000000E+000                  0.0000000000000000E+000                  0.0000000000000000E+000                  0.0000000000000000E+000                  2.2707142202883467E+005                  5.4739086914437785E+001                  5.2615667625348749E+001                  8.6066661652822938E+002                  8.2727994170357113E+002                  1.2429670380011517E+010                  2.4176913972867694E-002                  1.4211514374673850E+004                  0.0000000000000000E+000                  0.0000000000000000E+000                  0.0000000000000000E+000                  0.0000000000000000E+000                  0.0000000000000000E+000                  0.0000000000000000E+000                  7.7068433880388806E+011                  7.4703707885204993E+011                  0.0000000000000000E+000                  0.0000000000000000E+000                  0.0000000000000000E+000                  5.1380042845339232E+027                  0.0000000000000000E+000                  0.0000000000000000E+000                  0.0000000000000000E+000                  5.7404202843137186E-002                  7.8206060223238696E+011                  7.7938892159532678E+011                  7.7627462579764587E+011                  7.7257741574209839E+011                  7.6789137980144043E+011                  7.6024203286943518E+011                  7.4347018420987500E+011                  7.2478092004013428E+011                  6.9672609779245276E+011                  6.2035908509628540E+011                  4.6500257066802466E+011                  7.0110578543723381E+008                  7.0110578543723381E+008                  7.0110578543723381E+008                  0.0000000000000000E+000                  0.0000000000000000E+000                  0.0000000000000000E+000                  0.0000000000000000E+000                  0.0000000000000000E+000                  0.0000000000000000E+000                  8.3203151557296824E+003                  1.1676133681935447E+004                  0.0000000000000000E+000                  0.0000000000000000E+000                  0.0000000000000000E+000                  2.0011532014628498E+004 
                                      91                                     3938                  3.4304063644414810E+006                  4.6453086445549712E+000                  3.0000000000000000E+001                  3.4775799705279844E+001                 -9.8999999999999986E+001                  1.3248201758423203E+001                  4.4093659985486333E-001                  7.8126484859954795E-008                  5.8339176525932035E-001                  5.5653389250043506E-001                  4.8324451030744664E-001                  7.8126484859954795E-008                  5.8658163419859588E-001                  5.5284495645299103E-001                  5.2617586481088301E+000                 -2.5096594081342765E+001                 -9.8999999999999986E+001                  5.2617586481088301E+000                  1.2833040826680535E+000                  5.2617130073805214E+000                 -2.5096594081342765E+001                  0.0000000000000000E+000                  0.0000000000000000E+000                  1.7530231424173945E+034                  2.6078087848033473E+034                 -2.0000000000000000E+001                 -2.0000000000000000E+001                 -2.0000000000000000E+001                 -2.0000000000000000E+001                  0.0000000000000000E+000                  0.0000000000000000E+000                  0.0000000000000000E+000                  0.0000000000000000E+000                  0.0000000000000000E+000                  0.0000000000000000E+000                  4.5489099009404308E+000                  5.2610537373450335E+000                  1.0559659032442812E+000                  3.8030788016442250E+000                  1.2228106433743582E-009                  7.5919745530479172E+000                  5.1025401631239875E-001                  1.6270411729325652E+001                  5.1025401631239875E-001                  7.5919745530479172E+000                  8.2554878568646806E-001                  6.8707243727856304E-001                  1.8976690390428956E+000                  3.7414487298882670E-001                  6.0639264120129910E-001                  1.7643837739910026E-004                  7.0673242347802409E-004                  3.4416106108120059E-003                  9.3604466091399049E-003                  1.5845478899705757E+001                  1.3561812182723664E+001                                        0                                        0                                        4                  1.0000000000000000E+000                  3.9648240252808124E-010                  0.0000000000000000E+000                  0.0000000000000000E+000                  0.0000000000000000E+000                  0.0000000000000000E+000                  0.0000000000000000E+000                  0.0000000000000000E+000                  0.0000000000000000E+000                  0.0000000000000000E+000                  0.0000000000000000E+000                  0.0000000000000000E+000                  0.0000000000000000E+000                  0.0000000000000000E+000                  0.0000000000000000E+000                  0.0000000000000000E+000                  0.0000000000000000E+000                  0.0000000000000000E+000                  0.0000000000000000E+000                  0.0000000000000000E+000                  0.0000000000000000E+000                  0.0000000000000000E+000                  0.0000000000000000E+000                  0.0000000000000000E+000                  0.0000000000000000E+000                  0.0000000000000000E+000                  2.3556930996556758E+005                  5.5163010718831359E+001                  5.1881558296707922E+001                  8.6928078971331286E+002                  8.1757034976924456E+002                  1.2728627518128918E+010                  2.4727499614444655E-002                  1.4322026897770496E+004                  0.0000000000000000E+000                  0.0000000000000000E+000                  0.0000000000000000E+000                  0.0000000000000000E+000                  0.0000000000000000E+000                  0.0000000000000000E+000                  7.7777035600707581E+011                  7.5341864268448792E+011                  0.0000000000000000E+000                  0.0000000000000000E+000                  0.0000000000000000E+000                  5.3205617997806318E+027                  0.0000000000000000E+000                  0.0000000000000000E+000                  0.0000000000000000E+000                  5.9588868472871703E-002                  7.8938772599677612E+011                  7.8666847675647534E+011                  7.8350016449271814E+011                  7.7972225191900037E+011                  7.7492191640850452E+011                  7.6720103837931519E+011                  7.5004026284810059E+011                  7.3079875144275342E+011                  7.0222930036460144E+011                  6.2466851344551624E+011                  4.6745344548640570E+011                  7.0051661744317067E+008                  7.0051661744317067E+008                  7.0051661744317067E+008                  0.0000000000000000E+000                  0.0000000000000000E+000                  0.0000000000000000E+000                  0.0000000000000000E+000                  0.0000000000000000E+000                  0.0000000000000000E+000                  8.3037336589364950E+003                  1.1674844064718267E+004                  0.0000000000000000E+000                  0.0000000000000000E+000                  0.0000000000000000E+000                  2.1315234570379402E+004 
                                      92                                     3948                  3.4737640504532922E+006                  4.6370660959676426E+000                  3.0000000000000000E+001                  3.4775799705279844E+001                 -9.8999999999999986E+001                  1.3195900478719269E+001                  4.3949218849557692E-001                  7.8126484854681075E-008                  5.8119545475468182E-001                  5.5317089890082061E-001                  4.8117600520660786E-001                  7.8126484854681075E-008                  5.8398737488769692E-001                  5.5004162571109760E-001                  5.2645532094284446E+000                 -2.5051902064838508E+001                 -9.8999999999999986E+001                  5.2645532094284446E+000                  1.2718395512151017E+000                  5.2645090429537236E+000                 -2.5051902064838508E+001                  0.0000000000000000E+000                  0.0000000000000000E+000                  1.7508445399992313E+034                  2.6023868785287041E+034                 -2.0000000000000000E+001                 -2.0000000000000000E+001                 -2.0000000000000000E+001                 -2.0000000000000000E+001                  0.0000000000000000E+000                  0.0000000000000000E+000                  0.0000000000000000E+000                  0.0000000000000000E+000                  0.0000000000000000E+000                  0.0000000000000000E+000                  4.5475702408636893E+000                  5.2638463230976660E+000                  1.0600415162740806E+000                  3.7949275755846261E+000                  1.2609945015432965E-009                  7.5926183325212486E+000                  5.1137936025743502E-001                  1.6270671576689011E+001                  5.1137936025743502E-001                  7.5926183325212486E+000                  8.3037328119664944E-001                  6.8422364315663997E-001                  1.9131812877665237E+000                  3.6844728482761996E-001                  6.1209236093874997E-001                  1.7696982113258339E-004                  6.9039038851462220E-004                  3.4416106108120063E-003                  9.3604466091399101E-003                  1.5764963785939173E+001                  1.3642355740576779E+001                                        0                                        0                                        4                  1.0000000000000000E+000                  3.9117084170723779E-010                  0.0000000000000000E+000                  0.0000000000000000E+000                  0.0000000000000000E+000                  0.0000000000000000E+000                  0.0000000000000000E+000                  0.0000000000000000E+000                  0.0000000000000000E+000                  0.0000000000000000E+000                  0.0000000000000000E+000                  0.0000000000000000E+000                  0.0000000000000000E+000                  0.0000000000000000E+000                  0.0000000000000000E+000                  0.0000000000000000E+000                  0.0000000000000000E+000                  0.0000000000000000E+000                  0.0000000000000000E+000                  0.0000000000000000E+000                  0.0000000000000000E+000                  0.0000000000000000E+000                  0.0000000000000000E+000                  0.0000000000000000E+000                  0.0000000000000000E+000                  0.0000000000000000E+000                  2.4307024881595789E+005                  5.5758726357550842E+001                  5.3088034022389195E+001                  8.8062819790971025E+002                  8.3844848664436893E+002                  1.3064654759566883E+010                  2.5202113461544318E-002                  1.4440118099796726E+004                  0.0000000000000000E+000                  0.0000000000000000E+000                  0.0000000000000000E+000                  0.0000000000000000E+000                  0.0000000000000000E+000                  0.0000000000000000E+000                  7.8492768926091028E+011                  7.5990465342463770E+011                  0.0000000000000000E+000                  0.0000000000000000E+000                  0.0000000000000000E+000                  5.5108175235016004E+027                  0.0000000000000000E+000                  0.0000000000000000E+000                  0.0000000000000000E+000                  6.1809340992301280E-002                  7.9679800294983997E+011                  7.9403054225961389E+011                  7.9080041366448242E+011                  7.8694139177530750E+011                  7.8205726486082874E+011                  7.7428034197138049E+011                  7.5669586257956750E+011                  7.3699996122381653E+011                  7.0775502866941968E+011                  6.2901152399971936E+011                  4.6991099009469958E+011                  6.9991181973817265E+008                  6.9991181973817265E+008                  6.9991181973817265E+008                  0.0000000000000000E+000                  0.0000000000000000E+000                  0.0000000000000000E+000                  0.0000000000000000E+000                  0.0000000000000000E+000                  0.0000000000000000E+000                  8.2973713144948870E+003                  1.1668104673074191E+004                  0.0000000000000000E+000                  0.0000000000000000E+000                  0.0000000000000000E+000                  2.2409707975270918E+004 
                                      93                                     3933                  3.5163030756058013E+006                  4.6287875331516419E+000                  3.0000000000000000E+001                  3.4775799705279844E+001                 -9.8999999999999986E+001                  1.3144512003020346E+001                  4.3732557145664785E-001                  7.8126485415308360E-008                  5.7876243622628187E-001                  5.4960593569642047E-001                  4.7910290304916303E-001                  7.8126485415308360E-008                  6.2300522579547768E-001                  5.8458259481348962E-001                  5.2673400912804169E+000                 -2.5007281937841022E+001                 -9.8999999999999986E+001                  5.2673400912804160E+000                  1.2603690939901768E+000                  5.2672973512640784E+000                 -2.5007281937841022E+001                  0.0000000000000000E+000                  0.0000000000000000E+000                  1.7486322205836162E+034                  2.5969211937417681E+034                 -2.0000000000000000E+001                 -2.0000000000000000E+001                 -2.0000000000000000E+001                 -2.0000000000000000E+001                  0.0000000000000000E+000                  0.0000000000000000E+000                  0.0000000000000000E+000                  0.0000000000000000E+000                  0.0000000000000000E+000                  0.0000000000000000E+000                  4.5462167840253596E+000                  5.2666331806362532E+000                  1.0641418587200338E+000                  3.7867268906927203E+000                  1.3061634236834203E-009                  7.5932641811448418E+000                  5.1253718642999258E-001                  1.6270978638716262E+001                  5.1253718642999258E-001                  7.5932641811448418E+000                  8.3520055924308578E-001                  6.8139952441753693E-001                  1.9288116290457471E+000                  3.6279904742783176E-001                  6.1774261511440798E-001                  1.7749240940130701E-004                  6.7495484795010137E-004                  3.4416106108120063E-003                  9.3604466091399083E-003                  1.5685461414140359E+001                  1.3721884870367880E+001                                        0                                        0                                        4                  1.0000000000000000E+000                  3.8592737686260262E-010                  0.0000000000000000E+000                  0.0000000000000000E+000                  0.0000000000000000E+000                  0.0000000000000000E+000                  0.0000000000000000E+000                  0.0000000000000000E+000                  0.0000000000000000E+000                  0.0000000000000000E+000                  0.0000000000000000E+000                  0.0000000000000000E+000                  0.0000000000000000E+000                  0.0000000000000000E+000                  0.0000000000000000E+000                  0.0000000000000000E+000                  0.0000000000000000E+000                  0.0000000000000000E+000                  0.0000000000000000E+000                  0.0000000000000000E+000                  0.0000000000000000E+000                  0.0000000000000000E+000                  0.0000000000000000E+000                  0.0000000000000000E+000                  0.0000000000000000E+000                  0.0000000000000000E+000                  2.4923982711080520E+005                  5.6123824917515087E+001                  5.1727316629950145E+001                  8.9268913311271842E+002                  8.2275955903758427E+002                  1.3415947732242802E+010                  2.5395693983397246E-002                  1.4560951908465726E+004                  0.0000000000000000E+000                  0.0000000000000000E+000                  0.0000000000000000E+000                  0.0000000000000000E+000                  0.0000000000000000E+000                  0.0000000000000000E+000                  7.9217989393190088E+011                  7.6648434079559399E+011                  0.0000000000000000E+000                  0.0000000000000000E+000                  0.0000000000000000E+000                  5.7076717116290767E+027                  0.0000000000000000E+000                  0.0000000000000000E+000                  0.0000000000000000E+000                  6.4042248930252899E-002                  8.0434067651915979E+011                  8.0150830357685449E+011                  7.9818798946781348E+011                  7.9426734232531555E+011                  7.8931041415962085E+011                  7.8127702521576489E+011                  7.6346693771251624E+011                  7.4329688966241235E+011                  7.1335242003831519E+011                  6.3340171676708398E+011                  4.7238966627579260E+011                  6.9929010961909139E+008                  6.9929010961909139E+008                  6.9929010961909139E+008                  0.0000000000000000E+000                  0.0000000000000000E+000                  0.0000000000000000E+000                  0.0000000000000000E+000                  0.0000000000000000E+000                  0.0000000000000000E+000                  8.2940740341940655E+003                  1.1660714226162008E+004                  0.0000000000000000E+000                  0.0000000000000000E+000                  0.0000000000000000E+000                  2.4255697009014941E+004 
                                      94                                     3936                  3.5579776250919360E+006                  4.6198709136771683E+000                  3.0000000000000000E+001                  3.4775799705279844E+001                 -9.8999999999999986E+001                  1.3095651160365588E+001                  4.3587259946264728E-001                  7.8126485016154182E-008                  5.7607713237044433E-001                  5.4606290800585278E-001                  4.7702980089171726E-001                  7.8126485016154182E-008                  5.7936290200488372E-001                  5.2771258432109547E-001                  5.2700510166967307E+000                 -2.4963171986750918E+001                 -9.8999999999999986E+001                  5.2700510166967307E+000                  1.2488883896362204E+000                  5.2700096508072756E+000                 -2.4963171986750918E+001                  0.0000000000000000E+000                  0.0000000000000000E+000                  1.7464877345445027E+034                  2.5915428561117460E+034                 -2.0000000000000000E+001                 -2.0000000000000000E+001                 -2.0000000000000000E+001                 -2.0000000000000000E+001                  0.0000000000000000E+000                  0.0000000000000000E+000                  0.0000000000000000E+000                  0.0000000000000000E+000                  0.0000000000000000E+000                  0.0000000000000000E+000                  4.5448680431226229E+000                  5.2693468534534462E+000                  1.0681961769341031E+000                  3.7786182542645812E+000                  1.3315833229419557E-009                  7.5939030246236534E+000                  5.1368986266046501E-001                  1.6271322119167007E+001                  5.1368986266046501E-001                  7.5939030246236534E+000                  8.4002369773209162E-001                  6.7860516462719334E-001                  1.9445307720058416E+000                  3.5721032792121532E-001                  6.2333323994969592E-001                  1.7800232431412221E-004                  6.6039388282069112E-004                  3.4416106108120068E-003                  9.3604466091399136E-003                  1.5607177188000016E+001                  1.3800193443863948E+001                                        0                                        0                                        4                  1.0000000000000000E+000                  3.8085060134062172E-010                  0.0000000000000000E+000                  0.0000000000000000E+000                  0.0000000000000000E+000                  0.0000000000000000E+000                  0.0000000000000000E+000                  0.0000000000000000E+000                  0.0000000000000000E+000                  0.0000000000000000E+000                  0.0000000000000000E+000                  0.0000000000000000E+000                  0.0000000000000000E+000                  0.0000000000000000E+000                  0.0000000000000000E+000                  0.0000000000000000E+000                  0.0000000000000000E+000                  0.0000000000000000E+000                  0.0000000000000000E+000                  0.0000000000000000E+000                  0.0000000000000000E+000                  0.0000000000000000E+000                  0.0000000000000000E+000                  0.0000000000000000E+000                  0.0000000000000000E+000                  0.0000000000000000E+000                  2.5350519588228513E+005                  5.6674227114233830E+001                  5.2623710493517422E+001                  9.0308149758397440E+002                  8.3853810983821279E+002                  1.3768970577331404E+010                  2.5650737096179939E-002                  1.4702292384615323E+004                  0.0000000000000000E+000                  0.0000000000000000E+000                  0.0000000000000000E+000                  0.0000000000000000E+000                  0.0000000000000000E+000                  0.0000000000000000E+000                  7.9942645923404211E+011                  7.7299391567853479E+011                  0.0000000000000000E+000                  0.0000000000000000E+000                  0.0000000000000000E+000                  5.9188225726373208E+027                  0.0000000000000000E+000                  0.0000000000000000E+000                  0.0000000000000000E+000                  6.6304763472506356E-002                  8.1186928511018494E+011                  8.0897192834135352E+011                  8.0558144386845776E+011                  8.0158468451799341E+011                  7.9652371639535950E+011                  7.8843603074924243E+011                  7.7026028491560205E+011                  7.4946217464217297E+011                  7.1892488542699744E+011                  6.3776397786252258E+011                  4.7483592826574457E+011                  6.9867171339879513E+008                  6.9867171339879513E+008                  6.9867171339879513E+008                  0.0000000000000000E+000                  0.0000000000000000E+000                  0.0000000000000000E+000                  0.0000000000000000E+000                  0.0000000000000000E+000                  0.0000000000000000E+000                  8.2911413397064698E+003                  1.1663540256065808E+004                  0.0000000000000000E+000                  0.0000000000000000E+000                  0.0000000000000000E+000                  2.6628580134289801E+004 
                                      95                                     3934                  3.5988876531316917E+006                  4.6118297771641563E+000                  3.0000000000000000E+001                  3.4775799705279844E+001                 -9.8999999999999986E+001                  1.3046186224692343E+001                  4.3441962746864743E-001                  7.8126485401975824E-008                  5.7349136761249009E-001                  5.4222660299946257E-001                  4.7563860187453483E-001                  7.8126485401975824E-008                  6.0983691619173297E-001                  5.2577850346404587E-001                  5.2727310411957058E+000                 -2.4918813270742540E+001                 -9.8999999999999986E+001                  5.2727310411957058E+000                  1.2373268618458901E+000                  5.2726910098538946E+000                 -2.4918813270742540E+001                  0.0000000000000000E+000                  0.0000000000000000E+000                  1.7440460346850762E+034                  2.5858750527428894E+034                 -2.0000000000000000E+001                 -2.0000000000000000E+001                 -2.0000000000000000E+001                 -2.0000000000000000E+001                  0.0000000000000000E+000                  0.0000000000000000E+000                  0.0000000000000000E+000                  0.0000000000000000E+000                  0.0000000000000000E+000                  0.0000000000000000E+000                  4.5434959581938008E+000                  5.2720179519787234E+000                  1.0722758960543877E+000                  3.7704588160240124E+000                  1.3789419389237327E-009                  7.5945534460503410E+000                  5.1490725110370783E-001                  1.6271675443031121E+001                  5.1490725110370783E-001                  7.5945534460503410E+000                  8.4485381731287768E-001                  6.7583456373093476E-001                  1.9603713567958860E+000                  3.5166912619910756E-001                  6.2887624785298324E-001                  1.7850824899071169E-004                  6.4662068943958071E-004                  3.4416106108120050E-003                  9.3604466091399101E-003                  1.5529766141571278E+001                  1.3877628198200897E+001                                        0                                        0                                        4                  1.0000000000000000E+000                  3.7585803542003649E-010                  0.0000000000000000E+000                  0.0000000000000000E+000                  0.0000000000000000E+000                  0.0000000000000000E+000                  0.0000000000000000E+000                  0.0000000000000000E+000                  0.0000000000000000E+000                  0.0000000000000000E+000                  0.0000000000000000E+000                  0.0000000000000000E+000                  0.0000000000000000E+000                  0.0000000000000000E+000                  0.0000000000000000E+000                  0.0000000000000000E+000                  0.0000000000000000E+000                  0.0000000000000000E+000                  0.0000000000000000E+000                  0.0000000000000000E+000                  0.0000000000000000E+000                  0.0000000000000000E+000                  0.0000000000000000E+000                  0.0000000000000000E+000                  0.0000000000000000E+000                  0.0000000000000000E+000                  2.5881477496162467E+005                  5.7394469797130476E+001                  5.2460493388541032E+001                  9.1240723888650439E+002                  8.3397118385185502E+002                  1.4142364341689236E+010                  2.6144152012698797E-002                  1.4880863770851069E+004                  0.0000000000000000E+000                  0.0000000000000000E+000                  0.0000000000000000E+000                  0.0000000000000000E+000                  0.0000000000000000E+000                  0.0000000000000000E+000                  8.0677172324514722E+011                  7.7956664734332532E+011                  0.0000000000000000E+000                  0.0000000000000000E+000                  0.0000000000000000E+000                  6.1453698505940730E+027                  0.0000000000000000E+000                  0.0000000000000000E+000                  0.0000000000000000E+000                  6.8601213477009315E-002                  8.1950144993374182E+011                  8.1655429679862292E+011                  8.1311940289587720E+011                  8.0901837002512964E+011                  8.0384624487222278E+011                  7.9561600810291943E+011                  7.7711914600732141E+011                  7.5575803550514990E+011                  7.2457917926041064E+011                  6.4205007801602185E+011                  4.7757982060855048E+011                  6.9801919364005232E+008                  6.9801919364005232E+008                  6.9801919364005232E+008                  0.0000000000000000E+000                  0.0000000000000000E+000                  0.0000000000000000E+000                  0.0000000000000000E+000                  0.0000000000000000E+000                  0.0000000000000000E+000                  8.2939120410290525E+003                  1.1673703739259388E+004                  0.0000000000000000E+000                  0.0000000000000000E+000                  0.0000000000000000E+000                  2.9368857553262467E+004 
                                      96                                     3941                  3.6390848932434395E+006                  4.6041962360350928E+000                  3.0000000000000000E+001                  3.4775799705279844E+001                 -9.8999999999999986E+001                  1.2997341061408397E+001                  4.3296665547464708E-001                  7.8126485207498621E-008                  5.6863181520449024E-001                  5.2613702297867249E-001                  4.7355180334876046E-001                  7.8126485207498621E-008                  6.0756359143301963E-001                  5.2086206040622840E-001                  5.2754245339266612E+000                 -2.4874026793619066E+001                 -9.8999999999999986E+001                  5.2754245339266612E+000                  1.2259351904132845E+000                  5.2753857801221189E+000                 -2.4874026793619066E+001                  0.0000000000000000E+000                  0.0000000000000000E+000                  1.7413054435482755E+034                  2.5798645198303590E+034                 -2.0000000000000000E+001                 -2.0000000000000000E+001                 -2.0000000000000000E+001                 -2.0000000000000000E+001                  0.0000000000000000E+000                  0.0000000000000000E+000                  0.0000000000000000E+000                  0.0000000000000000E+000                  0.0000000000000000E+000                  0.0000000000000000E+000                  4.5421074235643504E+000                  5.2747032977656003E+000                  1.0763956382067263E+000                  3.7622193317193346E+000                  1.4318471578634491E-009                  7.5952181402498802E+000                  5.1620844476046790E-001                  1.6272057208685595E+001                  5.1620844476046790E-001                  7.5952181402498802E+000                  8.4969709720722220E-001                  6.7308495747337393E-001                  1.9763492180862343E+000                  3.4616991375100098E-001                  6.3437717557617168E-001                  1.7901244379451165E-004                  6.3357235689036014E-004                  3.4416106108120055E-003                  9.3604466091399118E-003                  1.5453231487560961E+001                  1.3954185250321048E+001                                        0                                        0                                        5                  1.0000000000000000E+000                  3.7090557537077047E-010                  0.0000000000000000E+000                  0.0000000000000000E+000                  0.0000000000000000E+000                  0.0000000000000000E+000                  0.0000000000000000E+000                  0.0000000000000000E+000                  0.0000000000000000E+000                  0.0000000000000000E+000                  0.0000000000000000E+000                  0.0000000000000000E+000                  0.0000000000000000E+000                  0.0000000000000000E+000                  0.0000000000000000E+000                  0.0000000000000000E+000                  0.0000000000000000E+000                  0.0000000000000000E+000                  0.0000000000000000E+000                  0.0000000000000000E+000                  0.0000000000000000E+000                  0.0000000000000000E+000                  0.0000000000000000E+000                  0.0000000000000000E+000                  0.0000000000000000E+000                  0.0000000000000000E+000                  2.7202304673138552E+005                  5.7784616006187704E+001                  5.1736782072746713E+001                  9.2372090966461383E+002                  8.2704274428751046E+002                  1.4491241670042583E+010                  2.6843186383759571E-002                  1.4985284146248057E+004                  0.0000000000000000E+000                  0.0000000000000000E+000                  0.0000000000000000E+000                  0.0000000000000000E+000                  0.0000000000000000E+000                  0.0000000000000000E+000                  8.1426999700978931E+011                  7.8635322403710693E+011                  0.0000000000000000E+000                  0.0000000000000000E+000                  0.0000000000000000E+000                  6.3554209675345614E+027                  0.0000000000000000E+000                  0.0000000000000000E+000                  0.0000000000000000E+000                  7.0921396280461124E-002                  8.2729853057702417E+011                  8.2428482775024927E+011                  8.2073003018231836E+011                  8.1658456278877869E+011                  8.1132414048336743E+011                  8.0295967026215967E+011                  7.8412526146939124E+011                  7.6220260471297681E+011                  7.3028959353409814E+011                  6.4640177433442273E+011                  4.8035568911477100E+011                  6.9732242806938457E+008                  6.9732242806938457E+008                  6.9732242806938457E+008                  0.0000000000000000E+000                  0.0000000000000000E+000                  0.0000000000000000E+000                  0.0000000000000000E+000                  0.0000000000000000E+000                  0.0000000000000000E+000                  8.2796129029466683E+003                  1.1657934277772099E+004                  0.0000000000000000E+000                  0.0000000000000000E+000                  0.0000000000000000E+000                  3.3425634807399991E+004 
                                      97                                     3928                  3.6784029256902817E+006                  4.5945917767374294E+000                  3.0000000000000000E+001                  3.4775799705279844E+001                 -9.8999999999999986E+001                  1.2945184162827777E+001                  4.3078296848584074E-001                  7.8126485809599908E-008                  5.5530198917536977E-001                  5.2102404571957495E-001                  4.7216060433157825E-001                  7.8126485809599908E-008                  5.5910624273296006E-001                  5.1659139732910719E-001                  5.2779495194590780E+000                 -2.4830310637578965E+001                 -9.8999999999999986E+001                  5.2779495194590780E+000                  1.2143220977828406E+000                  5.2779120069904071E+000                 -2.4830310637578965E+001                  0.0000000000000000E+000                  0.0000000000000000E+000                  1.7387944808104851E+034                  2.5742123746838689E+034                 -2.0000000000000000E+001                 -2.0000000000000000E+001                 -2.0000000000000000E+001                 -2.0000000000000000E+001                  0.0000000000000000E+000                  0.0000000000000000E+000                  0.0000000000000000E+000                  0.0000000000000000E+000                  0.0000000000000000E+000                  0.0000000000000000E+000                  4.5407442315871105E+000                  5.2772329454600886E+000                  1.0803868460084496E+000                  3.7542369161158882E+000                  1.4325975285786061E-009                  7.5958641605758848E+000                  5.1743667549868155E-001                  1.6272445477280495E+001                  5.1743667549868155E-001                  7.5958641605758848E+000                  8.5453421620061498E-001                  6.7036839896712774E-001                  1.9923929657486303E+000                  3.4073679680168534E-001                  6.3981191327469722E-001                  1.7950036793831878E-004                  6.2125844497244764E-004                  3.4416106108120007E-003                  9.3604466091399049E-003                  1.5377935090307730E+001                  1.4029502675678948E+001                                        0                                        0                                        5                  1.0000000000000000E+000                  3.6622458787689675E-010                  0.0000000000000000E+000                  0.0000000000000000E+000                  0.0000000000000000E+000                  0.0000000000000000E+000                  0.0000000000000000E+000                  0.0000000000000000E+000                  0.0000000000000000E+000                  0.0000000000000000E+000                  0.0000000000000000E+000                  0.0000000000000000E+000                  0.0000000000000000E+000                  0.0000000000000000E+000                  0.0000000000000000E+000                  0.0000000000000000E+000                  0.0000000000000000E+000                  0.0000000000000000E+000                  0.0000000000000000E+000                  0.0000000000000000E+000                  0.0000000000000000E+000                  0.0000000000000000E+000                  0.0000000000000000E+000                  0.0000000000000000E+000                  0.0000000000000000E+000                  0.0000000000000000E+000                  2.6339981635670835E+005                  5.8347392132878340E+001                  5.1399788846889784E+001                  9.3340565340657133E+002                  8.2226217384883500E+002                  1.4874116303178434E+010                  2.6276611832313956E-002                  1.5159288870610677E+004                  0.0000000000000000E+000                  0.0000000000000000E+000                  0.0000000000000000E+000                  0.0000000000000000E+000                  0.0000000000000000E+000                  0.0000000000000000E+000                  8.2159099075819482E+011                  7.9285975759320251E+011                  0.0000000000000000E+000                  0.0000000000000000E+000                  0.0000000000000000E+000                  6.5995641505753177E+027                  0.0000000000000000E+000                  0.0000000000000000E+000                  0.0000000000000000E+000                  7.3193171009698466E-002                  8.3492299549078748E+011                  8.3181277140540198E+011                  8.2823013006957764E+011                  8.2398111322303394E+011                  8.1863375440257275E+011                  8.1008083242490356E+011                  7.9094651193790710E+011                  7.6839463639903809E+011                  7.3586104103790710E+011                  6.5090279825583618E+011                  4.8278098199485303E+011                  6.9666537095426714E+008                  6.9666537095426714E+008                  6.9666537095426714E+008                  0.0000000000000000E+000                  0.0000000000000000E+000                  0.0000000000000000E+000                  0.0000000000000000E+000                  0.0000000000000000E+000                  0.0000000000000000E+000                  8.2843775955422352E+003                  1.1672948870591254E+004                  0.0000000000000000E+000                  0.0000000000000000E+000                  0.0000000000000000E+000                  3.8707529136145145E+004 
                                      98                                     3931                  3.7171157600404210E+006                  4.5878549692410076E+000                  3.0000000000000000E+001                  3.4775799705279844E+001                 -9.8999999999999986E+001                  1.2884269649784482E+001                  4.2932153849622490E-001                  7.8126483470921400E-008                  5.4959278023875557E-001                  5.1683202972338671E-001                  4.7006474214288113E-001                  7.8126483470921400E-008                  5.5335189602140678E-001                  5.1187192317513530E-001                  5.2804275577099880E+000                 -2.4786915067172465E+001                 -9.8999999999999986E+001                  5.2804275577099880E+000                  1.2026403834539925E+000                  5.2803912486260947E+000                 -2.4786915067172465E+001                  0.0000000000000000E+000                  0.0000000000000000E+000                  1.7364408074147421E+034                  2.5686985581682518E+034                 -2.0000000000000000E+001                 -2.0000000000000000E+001                 -2.0000000000000000E+001                 -2.0000000000000000E+001                  0.0000000000000000E+000                  0.0000000000000000E+000                  0.0000000000000000E+000                  0.0000000000000000E+000                  0.0000000000000000E+000                  0.0000000000000000E+000                  4.5393845626881992E+000                  5.2797160176796458E+000                  1.0843477199160503E+000                  3.7463151683006868E+000                  1.4585583927138096E-009                  7.5965041382589877E+000                  5.1865677114137154E-001                  1.6272881826185529E+001                  5.1865677114137154E-001                  7.5965041382589877E+000                  8.5940099761395772E-001                  6.6766518506445094E-001                  2.0086186427710562E+000                  3.3533036905650443E-001                  6.4521988465745816E-001                  1.7997967344014635E-004                  6.0954986248641370E-004                  3.4416106108120020E-003                  9.3604466091399083E-003                  1.5303374179376634E+001                  1.4104083455323195E+001                                        0                                        0                                        4                  1.0000000000000000E+000                  3.6166741049474535E-010                  0.0000000000000000E+000                  0.0000000000000000E+000                  0.0000000000000000E+000                  0.0000000000000000E+000                  0.0000000000000000E+000                  0.0000000000000000E+000                  0.0000000000000000E+000                  0.0000000000000000E+000                  0.0000000000000000E+000                  0.0000000000000000E+000                  0.0000000000000000E+000                  0.0000000000000000E+000                  0.0000000000000000E+000                  0.0000000000000000E+000                  0.0000000000000000E+000                  0.0000000000000000E+000                  0.0000000000000000E+000                  0.0000000000000000E+000                  0.0000000000000000E+000                  0.0000000000000000E+000                  0.0000000000000000E+000                  0.0000000000000000E+000                  0.0000000000000000E+000                  0.0000000000000000E+000                  2.7344661559282802E+005                  5.8775391553160951E+001                  5.2974486519552400E+001                  9.4273392224236204E+002                  8.4968971087470266E+002                  1.5254609973874327E+010                  2.6880920364727924E-002                  1.5330298063852977E+004                  0.0000000000000000E+000                  0.0000000000000000E+000                  0.0000000000000000E+000                  0.0000000000000000E+000                  0.0000000000000000E+000                  0.0000000000000000E+000                  8.2891431833496509E+011                  7.9938713124265991E+011                  0.0000000000000000E+000                  0.0000000000000000E+000                  0.0000000000000000E+000                  6.8426075895483545E+027                  0.0000000000000000E+000                  0.0000000000000000E+000                  0.0000000000000000E+000                  7.5462191307094195E-002                  8.4254379787235669E+011                  8.3938333266309741E+011                  8.3573475438966003E+011                  8.3140045837155115E+011                  8.2594742870606506E+011                  8.1733591207387549E+011                  7.9778508008691663E+011                  7.7480477170063135E+011                  7.4145106148032263E+011                  6.5539035949465710E+011                  4.8518989232616895E+011                  6.9601327879125071E+008                  6.9601327879125071E+008                  6.9601327879125071E+008                  0.0000000000000000E+000                  0.0000000000000000E+000                  0.0000000000000000E+000                  0.0000000000000000E+000                  0.0000000000000000E+000                  0.0000000000000000E+000                  8.2859450867372852E+003                  1.1681546194783918E+004                  0.0000000000000000E+000                  0.0000000000000000E+000                  0.0000000000000000E+000                  5.0868620806827617E+004 
                                      99                                     3925                  3.7555578675056440E+006                  4.5848071884509416E+000                  3.0000000000000000E+001                  3.4775799705279844E+001                 -9.8999999999999986E+001                  1.2823289987720113E+001                  4.2712939351180523E-001                  7.8126484126289254E-008                  5.4351477239400725E-001                  5.1275890672349489E-001                  4.6761428245270065E-001                  7.8126484126289254E-008                  5.4675985334292765E-001                  5.0894795613816290E-001                  5.2829036953491411E+000                 -2.4743350821425913E+001                 -9.8999999999999986E+001                  5.2829036953491411E+000                  1.1907870609511273E+000                  5.2828685647754439E+000                 -2.4743350821425913E+001                  0.0000000000000000E+000                  0.0000000000000000E+000                  1.7341681506005678E+034                  2.5632222616014924E+034                 -2.0000000000000000E+001                 -2.0000000000000000E+001                 -2.0000000000000000E+001                 -2.0000000000000000E+001                  0.0000000000000000E+000                  0.0000000000000000E+000                  0.0000000000000000E+000                  0.0000000000000000E+000                  0.0000000000000000E+000                  0.0000000000000000E+000                  4.5380052157338646E+000                  5.2821956613477044E+000                  1.0883462356587486E+000                  3.7383181368152907E+000                  1.4979537291417650E-009                  7.5971452829841768E+000                  5.1990907720882240E-001                  1.6273384353316427E+001                  5.1990907720882240E-001                  7.5971452829841768E+000                  8.6434137074334561E-001                  6.6495209082510576E-001                  2.0251716113665865E+000                  3.2990418063554416E-001                  6.5064755616076630E-001                  1.8045568867888312E-004                  5.9832127621119158E-004                  3.4416106108120024E-003                  9.3604466091399153E-003                  1.5228912038420182E+001                  1.4178564529344468E+001                                        0                                        0                                        4                  1.0000000000000000E+000                  3.5715376754619016E-010                  0.0000000000000000E+000                  0.0000000000000000E+000                  0.0000000000000000E+000                  0.0000000000000000E+000                  0.0000000000000000E+000                  0.0000000000000000E+000                  0.0000000000000000E+000                  0.0000000000000000E+000                  0.0000000000000000E+000                  0.0000000000000000E+000                  0.0000000000000000E+000                  0.0000000000000000E+000                  0.0000000000000000E+000                  0.0000000000000000E+000                  0.0000000000000000E+000                  0.0000000000000000E+000                  0.0000000000000000E+000                  0.0000000000000000E+000                  0.0000000000000000E+000                  0.0000000000000000E+000                  0.0000000000000000E+000                  0.0000000000000000E+000                  0.0000000000000000E+000                  0.0000000000000000E+000                  2.9119518640451541E+005                  5.8906438193880653E+001                  5.1729424235040639E+001                  9.5172788109489568E+002                  8.3577172253114679E+002                  1.5619986633732525E+010                  2.7779339738559939E-002                  1.5476762138869661E+004                  0.0000000000000000E+000                  0.0000000000000000E+000                  0.0000000000000000E+000                  0.0000000000000000E+000                  0.0000000000000000E+000                  0.0000000000000000E+000                  8.3636937828230933E+011                  8.0604866245670569E+011                  0.0000000000000000E+000                  0.0000000000000000E+000                  0.0000000000000000E+000                  7.0823517963181286E+027                  0.0000000000000000E+000                  0.0000000000000000E+000                  0.0000000000000000E+000                  7.7761107764280579E-002                  8.5029363126992542E+011                  8.4709749736560645E+011                  8.4337479182904114E+011                  8.3894810432235535E+011                  8.3339391814952368E+011                  8.2465626589702808E+011                  8.0480662823464502E+011                  7.8101920878718665E+011                  7.4713559376268091E+011                  6.5971903681093604E+011                  4.8763306617563824E+011                  6.9534460618885374E+008                  6.9534460618885374E+008                  6.9534460618885374E+008                  0.0000000000000000E+000                  0.0000000000000000E+000                  0.0000000000000000E+000                  0.0000000000000000E+000                  0.0000000000000000E+000                  0.0000000000000000E+000                  8.2778653086991089E+003                  1.1681438851098346E+004                  0.0000000000000000E+000                  0.0000000000000000E+000                  0.0000000000000000E+000                  7.4080964180605617E+004 
                                     100                                     3918                  3.7936492289698212E+006                  4.5808264955229232E+000                  3.0000000000000000E+001                  3.4775799705279844E+001                 -9.8999999999999986E+001                  1.2762723513001664E+001                  4.2493307358475119E-001                  7.8126480862433927E-008                  5.3802172766633216E-001                  5.0901113834099498E-001                  4.6515932671259025E-001                  7.8126480862433927E-008                  5.4105661558281415E-001                  5.0562792080238650E-001                  5.2853910924966048E+000                 -2.4699273940338632E+001                 -9.8999999999999986E+001                  5.2853910924966039E+000                  1.1787311247729886E+000                  5.2853571189152930E+000                 -2.4699273940338632E+001                  0.0000000000000000E+000                  0.0000000000000000E+000                  1.7317704284931079E+034                  2.5575816024739510E+034                 -2.0000000000000000E+001                 -2.0000000000000000E+001                 -2.0000000000000000E+001                 -2.0000000000000000E+001                  0.0000000000000000E+000                  0.0000000000000000E+000                  0.0000000000000000E+000                  0.0000000000000000E+000                  0.0000000000000000E+000                  0.0000000000000000E+000                  4.5365900863603930E+000                  5.2846774621931765E+000                  1.0924173948284286E+000                  3.7301758184759306E+000                  1.5552610413175572E-009                  7.5977987605541362E+000                  5.2121538118422739E-001                  1.6273920944164669E+001                  5.2121538118422739E-001                  7.5977987605541362E+000                  8.6934405495504807E-001                  6.6223656390528618E-001                  2.0420149511801471E+000                  3.2447312685112845E-001                  6.5608003215935673E-001                  1.8093245817009208E-004                  5.8758058167177236E-004                  3.4416106108119998E-003                  9.3604466091399118E-003                  1.5154706153069538E+001                  1.4252788446561393E+001                                        0                                        0                                        4                  1.0000000000000000E+000                  3.5265395157544761E-010                  0.0000000000000000E+000                  0.0000000000000000E+000                  0.0000000000000000E+000                  0.0000000000000000E+000                  0.0000000000000000E+000                  0.0000000000000000E+000                  0.0000000000000000E+000                  0.0000000000000000E+000                  0.0000000000000000E+000                  0.0000000000000000E+000                  0.0000000000000000E+000                  0.0000000000000000E+000                  0.0000000000000000E+000                  0.0000000000000000E+000                  0.0000000000000000E+000                  0.0000000000000000E+000                  0.0000000000000000E+000                  0.0000000000000000E+000                  0.0000000000000000E+000                  0.0000000000000000E+000                  0.0000000000000000E+000                  0.0000000000000000E+000                  0.0000000000000000E+000                  0.0000000000000000E+000                  2.8129499538621848E+005                  5.9849430650910449E+001                  5.0573873480133116E+001                  9.6116682762427320E+002                  8.1220370862177015E+002                  1.6047241828840879E+010                  2.7428062728340294E-002                  1.5690522489368002E+004                  0.0000000000000000E+000                  0.0000000000000000E+000                  0.0000000000000000E+000                  0.0000000000000000E+000                  0.0000000000000000E+000                  0.0000000000000000E+000                  8.4403525416301660E+011                  8.1287133551390295E+011                  0.0000000000000000E+000                  0.0000000000000000E+000                  0.0000000000000000E+000                  7.3572878132559417E+027                  0.0000000000000000E+000                  0.0000000000000000E+000                  0.0000000000000000E+000                  8.0117565900620802E-002                  8.5829115246203796E+011                  8.5502713655932190E+011                  8.5121503512650635E+011                  8.4669504908105017E+011                  8.4104369124966846E+011                  8.3212389397914624E+011                  8.1198746233037061E+011                  7.8768980419834998E+011                  7.5285889177810352E+011                  6.6416217926755750E+011                  4.9014284000934741E+011                  6.9464778576971841E+008                  6.9464778576971841E+008                  6.9464778576971841E+008                  0.0000000000000000E+000                  0.0000000000000000E+000                  0.0000000000000000E+000                  0.0000000000000000E+000                  0.0000000000000000E+000                  0.0000000000000000E+000                  8.2865985855602175E+003                  1.1690837652866065E+004                  0.0000000000000000E+000                  0.0000000000000000E+000                  0.0000000000000000E+000                  3.8661354855893517E+005 
                                     101                                     3941                  3.8312015450691786E+006                  4.5746367279753537E+000                  3.0000000000000000E+001                  3.4775799705279844E+001                 -9.8999999999999986E+001                  1.2703012294552844E+001                  4.2272840377243986E-001                  7.8126481632810207E-008                  5.8768929739923259E-001                  5.6027699721509605E-001                  4.6304544454265734E-001                  7.8126481632810207E-008                  5.9122289695155927E-001                  5.5723637808537374E-001                  5.2878976631132488E+000                 -2.4654898057811462E+001                 -9.8999999999999986E+001                  5.2878976631132488E+000                  1.1665686840842817E+000                  5.2878648179250431E+000                 -2.4654898057811462E+001                  0.0000000000000000E+000                  0.0000000000000000E+000                  1.7293028733082844E+034                  2.5523487737028453E+034                 -2.0000000000000000E+001                 -2.0000000000000000E+001                 -2.0000000000000000E+001                 -2.0000000000000000E+001                  0.0000000000000000E+000                  0.0000000000000000E+000                  0.0000000000000000E+000                  0.0000000000000000E+000                  0.0000000000000000E+000                  0.0000000000000000E+000                  4.5351465494265106E+000                  5.2871808717959494E+000                  1.0965561734975804E+000                  3.7218982611376270E+000                  1.6207523371310340E-009                  7.5984605754958219E+000                  5.2256689348486118E-001                  1.6274502036171668E+001                  5.2256689348486118E-001                  7.5984605754958219E+000                  8.7438749001899851E-001                  6.5953139583751019E-001                  2.0590749993855328E+000                  3.1906279076827482E-001                  6.6149172640217380E-001                  1.8140798911406766E-004                  5.7735060755794191E-004                  3.4416106108120011E-003                  9.3604466091399188E-003                  1.5081127556804137E+001                  1.4326384105784841E+001                                        0                                        0                                        4                  1.0000000000000000E+000                  3.4816252317395133E-010                  0.0000000000000000E+000                  0.0000000000000000E+000                  0.0000000000000000E+000                  0.0000000000000000E+000                  0.0000000000000000E+000                  0.0000000000000000E+000                  0.0000000000000000E+000                  0.0000000000000000E+000                  0.0000000000000000E+000                  0.0000000000000000E+000                  0.0000000000000000E+000                  0.0000000000000000E+000                  0.0000000000000000E+000                  0.0000000000000000E+000                  0.0000000000000000E+000                  0.0000000000000000E+000                  0.0000000000000000E+000                  0.0000000000000000E+000                  0.0000000000000000E+000                  0.0000000000000000E+000                  0.0000000000000000E+000                  0.0000000000000000E+000                  0.0000000000000000E+000                  0.0000000000000000E+000                  2.9033355990657071E+005                  6.0111982259598484E+001                  5.2023829965166229E+001                  9.6990177106330304E+002                  8.3940011498545937E+002                  1.6467613613275211E+010                  2.7858216726447671E-002                  1.5892626332662781E+004                  0.0000000000000000E+000                  0.0000000000000000E+000                  0.0000000000000000E+000                  0.0000000000000000E+000                  0.0000000000000000E+000                  0.0000000000000000E+000                  8.5190592008699158E+011                  8.1986345178648218E+011                  0.0000000000000000E+000                  0.0000000000000000E+000                  0.0000000000000000E+000                  7.6388222946002690E+027                  0.0000000000000000E+000                  0.0000000000000000E+000                  0.0000000000000000E+000                  8.2520655728488101E-002                  8.6649985152169592E+011                  8.6313624357147070E+011                  8.5924996455139355E+011                  8.5465958380360620E+011                  8.4888474647668066E+011                  8.3985179030388855E+011                  8.1932710114952209E+011                  7.9435327102158044E+011                  7.5882132112430994E+011                  6.6893063914685547E+011                  4.9269285098051599E+011                  6.9392758486659932E+008                  6.9392758486659932E+008                  6.9392758486659932E+008                  0.0000000000000000E+000                  0.0000000000000000E+000                  0.0000000000000000E+000                  0.0000000000000000E+000                  0.0000000000000000E+000                  0.0000000000000000E+000                  8.2869869512275836E+003                  1.1696024578308245E+004                  0.0000000000000000E+000                  0.0000000000000000E+000                  0.0000000000000000E+000                  3.4981795696421008E+005 
                                     102                                     3925                  3.8679716635612189E+006                  4.5654950293890257E+000                  3.0000000000000000E+001                  3.4775799705279844E+001                 -9.8999999999999986E+001                  1.2645724886108461E+001                  4.2125862389756680E-001                  7.8126483257366765E-008                  5.8554614598835730E-001                  5.5695283925451256E-001                  4.6163618976270338E-001                  7.8126483257366765E-008                  5.8901849324000399E-001                  5.5327504265645144E-001                  5.2903288364720105E+000                 -2.4610785578275102E+001                 -1.0235019852575359E+001                  5.2903288364720105E+000                  1.1542983601324524E+000                  5.2902970845725452E+000                 -2.4610785578275102E+001                  0.0000000000000000E+000                  0.0000000000000000E+000                  1.7267639447580630E+034                  2.5460988804238521E+034                 -2.0000000000000000E+001                 -2.0000000000000000E+001                 -2.0000000000000000E+001                 -2.0000000000000000E+001                  0.0000000000000000E+000                  0.0000000000000000E+000                  0.0000000000000000E+000                  0.0000000000000000E+000                  0.0000000000000000E+000                  0.0000000000000000E+000                  4.5336988112903782E+000                  5.2896080518515731E+000                  1.1006652397976571E+000                  3.7136801285374732E+000                  1.6606641037871242E-009                  7.5991216016141747E+000                  5.2393327710150883E-001                  1.6275100663631719E+001                  5.2393327710150883E-001                  7.5991216016141747E+000                  8.7943642165649616E-001                  6.5685598589949079E-001                  2.0762301445825138E+000                  3.1371197094200759E-001                  6.6684383452929485E-001                  1.8187696372385403E-004                  5.6767069464251684E-004                  3.4416106108120003E-003                  9.3604466091399396E-003                  1.5008698222059000E+001                  1.4398829402243432E+001                                        0                                        0                                        4                  1.0000000000000000E+000                  3.4380536618308123E-010                  0.0000000000000000E+000                  0.0000000000000000E+000                  0.0000000000000000E+000                  0.0000000000000000E+000                  0.0000000000000000E+000                  0.0000000000000000E+000                  0.0000000000000000E+000                  0.0000000000000000E+000                  0.0000000000000000E+000                  0.0000000000000000E+000                  0.0000000000000000E+000                  0.0000000000000000E+000                  0.0000000000000000E+000                  0.0000000000000000E+000                  0.0000000000000000E+000                  0.0000000000000000E+000                  0.0000000000000000E+000                  0.0000000000000000E+000                  0.0000000000000000E+000                  0.0000000000000000E+000                  0.0000000000000000E+000                  0.0000000000000000E+000                  0.0000000000000000E+000                  0.0000000000000000E+000                  3.1557320598313975E+005                  6.0429223982924348E+001                  5.1290513504304990E+001                  9.8117753145988490E+002                  8.3279407065833504E+002                  1.6864074113227457E+010                  2.9232693842408095E-002                  1.6018683352052805E+004                  0.0000000000000000E+000                  0.0000000000000000E+000                  0.0000000000000000E+000                  0.0000000000000000E+000                  0.0000000000000000E+000                  0.0000000000000000E+000                  8.5977875432735156E+011                  8.2691945719875427E+011                  0.0000000000000000E+000                  0.0000000000000000E+000                  0.0000000000000000E+000                  7.9049603589960882E+027                  0.0000000000000000E+000                  0.0000000000000000E+000                  0.0000000000000000E+000                  8.4934722488909098E-002                  8.7469717981260266E+011                  8.7126487009952441E+011                  8.6730384611345911E+011                  8.6263045720136951E+011                  8.5675590257760474E+011                  8.4756379299719763E+011                  8.2674148861494055E+011                  8.0103742704008533E+011                  7.6475158525557361E+011                  6.7347073843760242E+011                  4.9523954299328625E+011                  6.9320021831630778E+008                  6.9320021831630778E+008                  6.9320021831630778E+008                  0.0000000000000000E+000                  0.0000000000000000E+000                  0.0000000000000000E+000                  0.0000000000000000E+000                  0.0000000000000000E+000                  0.0000000000000000E+000                  8.2772762178177709E+003                  1.1686773343557208E+004                  0.0000000000000000E+000                  0.0000000000000000E+000                  0.0000000000000000E+000                  9.3421670547841932E+005 
                                     103                                     3940                  3.9039656412474196E+006                  4.5562298430883690E+000                  3.0000000000000000E+001                  3.4775799705279844E+001                 -9.8999999999999986E+001                  1.2587581332808123E+001                  4.1904983636422882E-001                  7.8126484690585383E-008                  5.8249835081675361E-001                  5.5344540579394497E-001                  4.5951784971411164E-001                  7.8126484690585383E-008                  5.8624887999577335E-001                  5.5037887127900598E-001                  5.2927236341891657E+000                 -2.4566810385607774E+001                 -1.0058928593519678E+001                  5.2927236341891657E+000                  1.1419614319916769E+000                  5.2926929413223096E+000                 -2.4566810385607774E+001                  0.0000000000000000E+000                  0.0000000000000000E+000                  1.7241569744633715E+034                  2.5402922330625509E+034                 -2.0000000000000000E+001                 -2.0000000000000000E+001                 -2.0000000000000000E+001                 -2.0000000000000000E+001                  0.0000000000000000E+000                  0.0000000000000000E+000                  0.0000000000000000E+000                  0.0000000000000000E+000                  0.0000000000000000E+000                  0.0000000000000000E+000                  4.5322421550084311E+000                  5.2919993931135814E+000                  1.1047742229925546E+000                  3.7054621621476782E+000                  1.7143202167568247E-009                  7.5997840174702471E+000                  5.2532326050058786E-001                  1.6275726927503360E+001                  5.2532326050058786E-001                  7.5997840174702471E+000                  8.8449088905986784E-001                  6.5421028665854253E-001                  2.0934782827138738E+000                  3.0842057250722338E-001                  6.7213645607216566E-001                  1.8234094877423734E-004                  5.5850560737100662E-004                  3.4416106108120016E-003                  9.3604466091399430E-003                  1.4937386018323339E+001                  1.4470156735199039E+001                                        0                                        0                                        4                  1.0000000000000000E+000                  3.3953528712473188E-010                  0.0000000000000000E+000                  0.0000000000000000E+000                  0.0000000000000000E+000                  0.0000000000000000E+000                  0.0000000000000000E+000                  0.0000000000000000E+000                  0.0000000000000000E+000                  0.0000000000000000E+000                  0.0000000000000000E+000                  0.0000000000000000E+000                  0.0000000000000000E+000                  0.0000000000000000E+000                  0.0000000000000000E+000                  0.0000000000000000E+000                  0.0000000000000000E+000                  0.0000000000000000E+000                  0.0000000000000000E+000                  0.0000000000000000E+000                  0.0000000000000000E+000                  0.0000000000000000E+000                  0.0000000000000000E+000                  0.0000000000000000E+000                  0.0000000000000000E+000                  0.0000000000000000E+000                  3.0118886362570646E+005                  6.0878532098898951E+001                  5.1419708575799099E+001                  9.8866632026319235E+002                  8.3505518799393735E+002                  1.7292933578387600E+010                  2.8363247819152639E-002                  1.6236404364355303E+004                  0.0000000000000000E+000                  0.0000000000000000E+000                  0.0000000000000000E+000                  0.0000000000000000E+000                  0.0000000000000000E+000                  0.0000000000000000E+000                  8.6772770617862769E+011                  8.3391652515971265E+011                  0.0000000000000000E+000                  0.0000000000000000E+000                  0.0000000000000000E+000                  8.2121555352546173E+027                  0.0000000000000000E+000                  0.0000000000000000E+000                  0.0000000000000000E+000                  8.7341578938551101E-002                  8.8300407635288806E+011                  8.7950210660801721E+011                  8.7546128526707800E+011                  8.7067744423228406E+011                  8.6469318190394141E+011                  8.5532623209957764E+011                  8.3421127380675732E+011                  8.0770842171909705E+011                  7.7082511845050085E+011                  6.7826407301728564E+011                  4.9778707727476508E+011                  6.9246107117401040E+008                  6.9246107117401040E+008                  6.9246107117401040E+008                  0.0000000000000000E+000                  0.0000000000000000E+000                  0.0000000000000000E+000                  0.0000000000000000E+000                  0.0000000000000000E+000                  0.0000000000000000E+000                  8.2784465397044005E+003                  1.1700549061508575E+004                  0.0000000000000000E+000                  0.0000000000000000E+000                  0.0000000000000000E+000                  2.4702661414682571E+005 
                                     104                                     3940                  3.9392999689812148E+006                  4.5481968329004827E+000                  3.0000000000000000E+001                  3.4775799705279844E+001                 -9.8999999999999986E+001                  1.2530448656580269E+001                  4.1757182104729945E-001                  7.8126484790069230E-008                  5.7958807667185830E-001                  5.4968430121381917E-001                  4.5739059390819942E-001                  7.8126484790069230E-008                  5.8339176525931913E-001                  5.4597022486265923E-001                  5.2950855437096696E+000                 -2.4522861521293027E+001                 -9.8999999999999986E+001                  5.2950855437096696E+000                  1.1295225626104990E+000                  5.2950558792691149E+000                 -2.4522861521293027E+001                  0.0000000000000000E+000                  0.0000000000000000E+000                  1.7214964182392706E+034                  2.5344282163837363E+034                 -2.0000000000000000E+001                 -2.0000000000000000E+001                 -2.0000000000000000E+001                 -2.0000000000000000E+001                  0.0000000000000000E+000                  0.0000000000000000E+000                  0.0000000000000000E+000                  0.0000000000000000E+000                  0.0000000000000000E+000                  0.0000000000000000E+000                  4.5307708719327824E+000                  5.2943570383925644E+000                  1.1088956117833435E+000                  3.6972193845661003E+000                  1.7701361625020691E-009                  7.6004493652186911E+000                  5.2674004614904868E-001                  1.6276381598865907E+001                  5.2674004614904868E-001                  7.6004493652186911E+000                  8.8956452326981017E-001                  6.5158722452635964E-001                  2.1108641529125336E+000                  3.0317444828751378E-001                  6.7738374532528844E-001                  1.8280141052407856E-004                  5.4980036081161109E-004                  3.4416106108119985E-003                  9.3604466091399413E-003                  1.4866999470719859E+001                  1.4540557582552630E+001                                        0                                        0                                        4                  1.0000000000000000E+000                  3.3534008025268579E-010                  0.0000000000000000E+000                  0.0000000000000000E+000                  0.0000000000000000E+000                  0.0000000000000000E+000                  0.0000000000000000E+000                  0.0000000000000000E+000                  0.0000000000000000E+000                  0.0000000000000000E+000                  0.0000000000000000E+000                  0.0000000000000000E+000                  0.0000000000000000E+000                  0.0000000000000000E+000                  0.0000000000000000E+000                  0.0000000000000000E+000                  0.0000000000000000E+000                  0.0000000000000000E+000                  0.0000000000000000E+000                  0.0000000000000000E+000                  0.0000000000000000E+000                  0.0000000000000000E+000                  0.0000000000000000E+000                  0.0000000000000000E+000                  0.0000000000000000E+000                  0.0000000000000000E+000                  3.1032610594341508E+005                  6.1137829400104479E+001                  5.1922035584646288E+001                  9.9645631521052530E+002                  8.4625248826413190E+002                  1.7743352342046883E+010                  2.8830432233713787E-002                  1.6469330949649302E+004                  0.0000000000000000E+000                  0.0000000000000000E+000                  0.0000000000000000E+000                  0.0000000000000000E+000                  0.0000000000000000E+000                  0.0000000000000000E+000                  8.7576256471422778E+011                  8.4097290531571765E+011                  0.0000000000000000E+000                  0.0000000000000000E+000                  0.0000000000000000E+000                  8.5376797793089871E+027                  0.0000000000000000E+000                  0.0000000000000000E+000                  0.0000000000000000E+000                  8.9762368708447005E-002                  8.9138570739046558E+011                  8.8784406471522766E+011                  8.8368285119112671E+011                  8.7882656472475549E+011                  8.7272253164866125E+011                  8.6329820893394971E+011                  8.4175341793743628E+011                  8.1480095859638623E+011                  7.7673042269055640E+011                  6.8282728691220398E+011                  5.0035705767580334E+011                  6.9170848255308855E+008                  6.9170848255308855E+008                  6.9170848255308855E+008                  0.0000000000000000E+000                  0.0000000000000000E+000                  0.0000000000000000E+000                  0.0000000000000000E+000                  0.0000000000000000E+000                  0.0000000000000000E+000                  8.2845759266415153E+003                  1.1718130171505140E+004                  0.0000000000000000E+000                  0.0000000000000000E+000                  0.0000000000000000E+000                  3.6664100990810856E+005 
                                     105                                     3944                  3.9739616422576653E+006                  4.5398495242517694E+000                  3.0000000000000000E+001                  3.4775799705279844E+001                 -9.8999999999999986E+001                  1.2474045822103211E+001                  4.1535479807190501E-001                  7.8126484654574319E-008                  5.7692320633197003E-001                  5.4614983785199700E-001                  4.5526333810228703E-001                  7.8126484654574319E-008                  5.8056140548697366E-001                  5.4217505268022737E-001                  5.2974224137024439E+000                 -2.4478933903134049E+001                 -1.0235019852575359E+001                  5.2974224137024439E+000                  1.1169942102667991E+000                  5.2973937474816957E+000                 -2.4478933903134049E+001                  0.0000000000000000E+000                  0.0000000000000000E+000                  1.7187598275948669E+034                  2.5284955682118336E+034                 -2.0000000000000000E+001                 -2.0000000000000000E+001                 -2.0000000000000000E+001                 -2.0000000000000000E+001                  0.0000000000000000E+000                  0.0000000000000000E+000                  0.0000000000000000E+000                  0.0000000000000000E+000                  0.0000000000000000E+000                  0.0000000000000000E+000                  4.5292855615952483E+000                  5.2966900501245950E+000                  1.1130327383244267E+000                  3.6889451314839339E+000                  1.8306260123119861E-009                  7.6011178370692214E+000                  5.2818577270466383E-001                  1.6277067493577707E+001                  5.2818577270466383E-001                  7.6011178370692214E+000                  8.9465399823016478E-001                  6.4898859686897892E-001                  2.1283752309985573E+000                  2.9797719301507908E-001                  6.8258211037018357E-001                  1.8325866656185440E-004                  5.4153287168775253E-004                  3.4416106108119981E-003                  9.3604466091399430E-003                  1.4797580798845381E+001                  1.4609989766623373E+001                                        0                                        0                                        4                  1.0000000000000000E+000                  3.3121069226682153E-010                  0.0000000000000000E+000                  0.0000000000000000E+000                  0.0000000000000000E+000                  0.0000000000000000E+000                  0.0000000000000000E+000                  0.0000000000000000E+000                  0.0000000000000000E+000                  0.0000000000000000E+000                  0.0000000000000000E+000                  0.0000000000000000E+000                  0.0000000000000000E+000                  0.0000000000000000E+000                  0.0000000000000000E+000                  0.0000000000000000E+000                  0.0000000000000000E+000                  0.0000000000000000E+000                  0.0000000000000000E+000                  0.0000000000000000E+000                  0.0000000000000000E+000                  0.0000000000000000E+000                  0.0000000000000000E+000                  0.0000000000000000E+000                  0.0000000000000000E+000                  0.0000000000000000E+000                  3.2131779389447375E+005                  6.1570875460349704E+001                  5.1740559089389734E+001                  1.0048408937280657E+003                  8.4440945899580822E+002                  1.8187869808337624E+010                  2.9501799445795295E-002                  1.6677658551144948E+004                  0.0000000000000000E+000                  0.0000000000000000E+000                  0.0000000000000000E+000                  0.0000000000000000E+000                  0.0000000000000000E+000                  0.0000000000000000E+000                  8.8390753686676416E+011                  8.4815501443993823E+011                  0.0000000000000000E+000                  0.0000000000000000E+000                  0.0000000000000000E+000                  8.8632040233633679E+027                  0.0000000000000000E+000                  0.0000000000000000E+000                  0.0000000000000000E+000                  9.2213018016713555E-002                  8.9988122260914111E+011                  8.9629906224120874E+011                  8.9202926087735315E+011                  8.8707400119166553E+011                  8.8086369098894019E+011                  8.7130058317984375E+011                  8.4939536291852295E+011                  8.2172030767363794E+011                  7.8297295358111011E+011                  6.8743737714270898E+011                  5.0293958402707953E+011                  6.9094136351375628E+008                  6.9094136351375628E+008                  6.9094136351375628E+008                  0.0000000000000000E+000                  0.0000000000000000E+000                  0.0000000000000000E+000                  0.0000000000000000E+000                  0.0000000000000000E+000                  0.0000000000000000E+000                  8.2843424457882884E+003                  1.1726070728935090E+004                  0.0000000000000000E+000                  0.0000000000000000E+000                  0.0000000000000000E+000                  1.1576904010853198E+005 
                                     106                                     3951                  4.0000000000000000E+006                  4.4156135894993316E+000                  3.0000000000000000E+001                  3.4775799705279844E+001                 -9.8999999999999986E+001                  1.2418859594074398E+001                  4.1387678275497614E-001                  7.8126485385197676E-008                  5.7405885599002360E-001                  5.4114653660414536E-001                  4.5312724758084572E-001                  7.8126485385197676E-008                  5.7759903378023858E-001                  5.3630466943060040E-001                  5.2991767710910560E+000                 -2.4445420647957288E+001                 -9.5818073388000169E+000                  5.2991767710910569E+000                  1.1073602262635784E+000                  5.2991488468274870E+000                 -2.4445420647957288E+001                  0.0000000000000000E+000                  0.0000000000000000E+000                  1.7166358307028935E+034                  2.5239256854234289E+034                 -2.0000000000000000E+001                 -2.0000000000000000E+001                 -2.0000000000000000E+001                 -2.0000000000000000E+001                  0.0000000000000000E+000                  0.0000000000000000E+000                  0.0000000000000000E+000                  0.0000000000000000E+000                  0.0000000000000000E+000                  0.0000000000000000E+000                  4.5281501822537491E+000                  5.2984414336108028E+000                  1.1161791887505301E+000                  3.6826522306317275E+000                  1.8683132870578415E-009                  7.6016299722418221E+000                  5.2930499049372204E-001                  1.6277607245306307E+001                  5.2930499049372204E-001                  7.6016299722418221E+000                  8.9855520452943016E-001                  6.4701862124391896E-001                  2.1418449434571563E+000                  2.9403724179597235E-001                  6.8652287835985060E-001                  1.8360630684902937E-004                  5.3546297190726398E-004                  3.4416106108119977E-003                  9.3604466091399482E-003                  1.4745221646557710E+001                  1.4662358759229059E+001                                        0                                        0                                        4                  1.0000000000000000E+000                  3.2812377341130556E-010                  0.0000000000000000E+000                  0.0000000000000000E+000                  0.0000000000000000E+000                  0.0000000000000000E+000                  0.0000000000000000E+000                  0.0000000000000000E+000                  0.0000000000000000E+000                  0.0000000000000000E+000                  0.0000000000000000E+000                  0.0000000000000000E+000                  0.0000000000000000E+000                  0.0000000000000000E+000                  0.0000000000000000E+000                  0.0000000000000000E+000                  0.0000000000000000E+000                  0.0000000000000000E+000                  0.0000000000000000E+000                  0.0000000000000000E+000                  0.0000000000000000E+000                  0.0000000000000000E+000                  0.0000000000000000E+000                  0.0000000000000000E+000                  0.0000000000000000E+000                  0.0000000000000000E+000                  3.2044033658747759E+005                  6.2048982503540060E+001                  5.0956102764424770E+001                  1.0157656722769501E+003                  8.3417097094487031E+002                  1.8613546043663773E+010                  2.9370682430272292E-002                  1.6854163685217125E+004                  0.0000000000000000E+000                  0.0000000000000000E+000                  0.0000000000000000E+000                  0.0000000000000000E+000                  0.0000000000000000E+000                  0.0000000000000000E+000                  8.9011007485932019E+011                  8.5337100572311218E+011                  0.0000000000000000E+000                  0.0000000000000000E+000                  0.0000000000000000E+000                  9.1945935691124153E+027                  0.0000000000000000E+000                  0.0000000000000000E+000                  0.0000000000000000E+000                  9.4048293723543508E-002                  9.0641332833911292E+011                  9.0276971493538269E+011                  8.9847129309001733E+011                  8.9340406851446643E+011                  8.8708975468035669E+011                  8.7733947520253308E+011                  8.5533318424359534E+011                  8.2694099010106360E+011                  7.8770412829976892E+011                  6.9111415816086865E+011                  5.0536167036764545E+011                  6.9034807870357537E+008                  6.9034807870357537E+008                  6.9034807870357537E+008                  0.0000000000000000E+000                  0.0000000000000000E+000                  0.0000000000000000E+000                  0.0000000000000000E+000                  0.0000000000000000E+000                  0.0000000000000000E+000                  8.3158759590678910E+003                  1.1786014501007612E+004                  0.0000000000000000E+000                  0.0000000000000000E+000                  0.0000000000000000E+000                  1.9913794848034429E+005 
