                                       1                                        2                                        3                                        4                                        5                                        6                                        7                                        8                                        9                                       10                                       11                                       12                                       13                                       14                                       15                                       16                                       17                                       18                                       19                                       20                                       21                                       22                                       23                                       24                                       25                                       26                                       27                                       28                                       29                                       30                                       31                                       32                                       33                                       34                                       35                                       36                                       37                                       38                                       39                                       40                                       41                                       42                                       43                                       44                                       45                                       46                                       47                                       48                                       49                                       50                                       51 
                            model_number                                num_zones                             initial_mass                                initial_z                                 star_age                                time_step                                     Teff                            photosphere_L                            photosphere_r                               center_eta                                center_h1                               center_he3                               center_he4                               center_c12                               center_n14                               center_o16                              center_ne20                                star_mass                                star_mdot                             star_mass_h1                            star_mass_he3                            star_mass_he4                            star_mass_c12                            star_mass_n14                            star_mass_o16                           star_mass_ne20                             he_core_mass                              c_core_mass                              o_core_mass                             si_core_mass                             fe_core_mass                   neutron_rich_core_mass                               tau10_mass                             tau10_radius                              tau100_mass                            tau100_radius                             dynamic_time                             kh_timescale                            nuc_timescale                           power_nuc_burn                             power_h_burn                            power_he_burn                                power_neu                                burn_min1                                burn_min2                             time_seconds                           version_number                                 compiler                                    build                         MESA_SDK_version                                     date 
                                       1                                     1190                  3.0000000000000000E+001                  2.0000000000000000E-002                  2.0286020648339516E+001                  2.0286020648339516E+001                  3.9952719917497619E+004                  1.2215793415840222E+005                  7.3051136149102929E+000                 -6.4627245461380847E+000                  6.9919223728831270E-001                  3.2309477778982164E-006                  2.8030695847562742E-001                  4.1055612148789029E-004                  4.5976060040070627E-003                  9.2996269295779511E-003                  2.0994599496976362E-003                  3.0000000000000000E+001                  0.0000000000000000E+000                  2.0985624397037562E+001                  4.2033265542888455E-004                  8.4050990216335801E+000                  4.9299154692801175E-002                  9.4132397499337703E-002                  2.7973116948494564E-001                  6.2983798490929041E-002                  0.0000000000000000E+000                  0.0000000000000000E+000                  0.0000000000000000E+000                  0.0000000000000000E+000                  0.0000000000000000E+000                  0.0000000000000000E+000                  2.9999999989605687E+001                  7.2732630759668151E+000                  2.9999999890578561E+001                  7.2263507528286768E+000                  3.6092204245013076E+004                  2.3674095432136390E+004                  2.4558372083387556E+006                  3.4374999172185588E+005                  3.4374999172185600E+005                  2.3077204164239318E-027                  2.3894521491197767E+004                  5.0000000000000000E+001                  1.0000000000000000E+003                  6.4018928219881940E+008                                    11701                               "gfortran"                                  "9.2.0"                    "x86_64-macos-20.4.1"                               "20200508" 

                                       1                                        2                                        3                                        4                                        5                                        6                                        7                                        8                                        9                                       10                                       11                                       12                                       13                                       14                                       15                                       16                                       17                                       18                                       19                                       20 
                                    zone                                     mass                                     logR                                     logT                                   logRho                                     logP                        x_mass_fraction_H                       y_mass_fraction_He                   z_mass_fraction_metals                                    grada                                  opacity                                 conv_vel                                    gradT                                    gradr                                 brunt_N2                  brunt_N2_structure_term                brunt_N2_composition_term                         log_f_div_rhocs3                     log_fconv_div_rhocs3                      log_Fedd_div_rhocs3 
                                       1                  3.0000000000000000E+001                  8.6362697481444894E-001                  4.6025796328631658E+000                 -9.0977961287451130E+000                  4.0305504159172933E+000                  7.0000000000000018E-001                  2.8000000000000008E-001                  1.9999999999999796E-002                  2.4920097949370876E-001                  1.3929564820925924E+000                  0.0000000000000000E+000                  1.8013555818334154E-001                  1.8013555818334154E-001                  8.8322054809948947E-006                  8.8322054809948947E-006                  0.0000000000000000E+000                  3.3672156639241608E+000                 -9.8999999999999986E+001                  3.7280435801889893E+000 
                                       2                  2.9999999999970001E+001                  8.6360731730180496E-001                  4.6054469068660211E+000                 -9.0786938934716268E+000                  4.0462600755726896E+000                  7.0000000000000018E-001                  2.8000000000000008E-001                  1.9999999999999796E-002                  2.4958417555083934E-001                  1.4140254316908636E+000                  0.0000000000000000E+000                  1.8176989607237812E-001                  1.8176989607237812E-001                  8.5994755196406485E-006                  8.5994755196406485E-006                  0.0000000000000000E+000                  3.3516647224795424E+000                 -9.8999999999999986E+001                  3.7059729669596395E+000 
                                       3                  2.9999999999916252E+001                  8.6357360690645191E-001                  4.6090750747549984E+000                 -9.0559773689276497E+000                  4.0656319769956379E+000                  7.0000000000000018E-001                  2.8000000000000008E-001                  1.9999999999999796E-002                  2.5005761837650992E-001                  1.4382382172013550E+000                  0.0000000000000000E+000                  1.8732019378162243E-001                  1.8732019378162243E-001                  7.8206166485001589E-006                  7.8206166485001589E-006                  0.0000000000000000E+000                  3.3320700466950313E+000                 -9.8999999999999986E+001                  3.6790046868830362E+000 
                                       4                  2.9999999999862499E+001                  8.6354160720794004E-001                  4.6128955222155019E+000                 -9.0335912376228951E+000                  4.0854770725214902E+000                  7.0000000000000018E-001                  2.8000000000000008E-001                  1.9999999999999796E-002                  2.5059294102234503E-001                  1.4608947326693758E+000                  0.0000000000000000E+000                  1.9230884978050233E-001                  1.9230884978050233E-001                  7.1432779732975901E-006                  7.1432779732975901E-006                  0.0000000000000000E+000                  3.3115973889767405E+000                 -9.8999999999999986E+001                  3.6517439306972719E+000 
                                       5                  2.9999999999801069E+001                  8.6350686544806210E-001                  4.6158920011371976E+000                 -9.0168852540378523E+000                  4.1007298410364470E+000                  7.0000000000000018E-001                  2.8000000000000008E-001                  1.9999999999999796E-002                  2.5100621410269230E-001                  1.4769425146602255E+000                  0.0000000000000000E+000                  1.9739711242634933E-001                  1.9739711242634933E-001                  6.4740304987705769E-006                  6.4740304987705769E-006                  0.0000000000000000E+000                  3.2955540992127892E+000                 -9.8999999999999986E+001                  3.6309559720492057E+000 
                                       6                  2.9999999999770356E+001                  8.6349014711295768E-001                  4.6178650766696769E+000                 -9.0063144479174362E+000                  4.1106101541313569E+000                  7.0000000000000018E-001                  2.8000000000000008E-001                  1.9999999999999796E-002                  2.5127613609063587E-001                  1.4866023778321003E+000                  0.0000000000000000E+000                  1.9970594251488194E-001                  1.9970594251488194E-001                  6.1765414662125599E-006                  6.1765414662125599E-006                  0.0000000000000000E+000                  3.2849815408855068E+000                 -9.8999999999999986E+001                  3.6175521826914299E+000 
                                       7                  2.9999999999739643E+001                  8.6347382893088176E-001                  4.6207868813128918E+000                 -8.9912240772558505E+000                  4.1250236643869069E+000                  7.0000000000000018E-001                  2.8000000000000008E-001                  1.9999999999999796E-002                  2.5166543266518610E-001                  1.4996644705965934E+000                  0.0000000000000000E+000                  2.0183578890410611E-001                  2.0183578890410611E-001                  5.9058484824342973E-006                  5.9058484824342973E-006                  0.0000000000000000E+000                  3.2694850544584817E+000                 -9.8999999999999986E+001                  3.5982564169121618E+000 
                                       8                  2.9999999999678217E+001                  8.6344230189312521E-001                  4.6236453601307312E+000                 -8.9768485476521001E+000                  4.1389781275079232E+000                  7.0000000000000007E-001                  2.8000000000000008E-001                  1.9999999999999796E-002                  2.5205105371474662E-001                  1.5114995308130039E+000                  0.0000000000000000E+000                  2.0573151765875963E-001                  2.0573151765875963E-001                  5.4214503949809979E-006                  5.4214503949809979E-006                  0.0000000000000000E+000                  3.2545619771229206E+000                 -9.8999999999999986E+001                  3.5799194253485984E+000 
                                       9                  2.9999999999647496E+001                  8.6342704915506885E-001                  4.6255256050672484E+000                 -8.9676864503829545E+000                  4.1480393304231704E+000                  7.0000000000000018E-001                  2.8000000000000008E-001                  1.9999999999999796E-002                  2.5229819609471943E-001                  1.5186026007785274E+000                  0.0000000000000000E+000                  2.0751220613091267E-001                  2.0751220613091267E-001                  5.2049928667870489E-006                  5.2049928667870489E-006                  0.0000000000000000E+000                  3.2447530925519628E+000                 -9.8999999999999986E+001                  3.5680744181601054E+000 
                                      10                  2.9999999999616783E+001                  8.6341211326881306E-001                  4.6278452495881321E+000                 -8.9566582459984190E+000                  4.1591077829926038E+000                  7.0000000000000018E-001                  2.8000000000000008E-001                  1.9999999999999796E-002                  2.5258078480268870E-001                  1.5267048539981176E+000                  0.0000000000000000E+000                  2.0916105766114557E-001                  2.0916105766114557E-001                  5.0060176595451129E-006                  5.0060176595451129E-006                  0.0000000000000000E+000                  3.2326035199371463E+000                 -9.8999999999999986E+001                  3.5536138984768262E+000 
                                      11                  2.9999999999570715E+001                  8.6339026841095357E-001                  4.6305775135612288E+000                 -8.9439566716398655E+000                  4.1720305541549880E+000                  7.0000000000000018E-001                  2.8000000000000008E-001                  1.9999999999999796E-002                  2.5291237034676595E-001                  1.5355016818158227E+000                  0.0000000000000000E+000                  2.1144509333444983E-001                  2.1144509333444983E-001                  4.7330321554903924E-006                  4.7330321554903924E-006                  0.0000000000000000E+000                  3.2184686731952050E+000                 -9.8999999999999986E+001                  3.5369838416665496E+000 
                                      12                  2.9999999999524643E+001                  8.6336905002993858E-001                  4.6332575108055698E+000                 -8.9318007618744897E+000                  4.1845823011069117E+000                  7.0000000000000018E-001                  2.8000000000000008E-001                  1.9999999999999796E-002                  2.5323148956078989E-001                  1.5433271750617366E+000                  0.0000000000000000E+000                  2.1353006046273956E-001                  2.1353006046273956E-001                  4.4881648729905298E-006                  4.4881648729905298E-006                  0.0000000000000000E+000                  3.2048308259768148E+000                 -9.8999999999999986E+001                  3.5211382875489208E+000 
                                      13                  2.9999999999478572E+001                  8.6334841433423692E-001                  4.6358858302294781E+000                 -8.9201424460580281E+000                  4.1967837374418249E+000                  7.0000000000000018E-001                  2.8000000000000008E-001                  1.9999999999999796E-002                  2.5349621226969343E-001                  1.5502658002804230E+000                  0.0000000000000000E+000                  2.1542416885330140E-001                  2.1542416885330140E-001                  4.2664681547832285E-006                  4.2664681547832285E-006                  0.0000000000000000E+000                  3.1914725076412727E+000                 -9.8999999999999986E+001                  3.5058318062051415E+000 
                                      14                  2.9999999999432504E+001                  8.6332832239339774E-001                  4.6397457289785482E+000                 -8.9035793299008219E+000                  4.2144694788508499E+000                  7.0000000000000018E-001                  2.8000000000000008E-001                  1.9999999999999796E-002                  2.5385133269140803E-001                  1.5589039444309671E+000                  0.0000000000000000E+000                  2.1711824627086226E-001                  2.1711824627086226E-001                  4.0676971258956523E-006                  4.0676971258956523E-006                  0.0000000000000000E+000                  3.1719775290810808E+000                 -9.8999999999999986E+001                  3.4839236380799474E+000 
                                      15                  2.9999999999340361E+001                  8.6328963433459527E-001                  4.6434677941401930E+000                 -8.8877537608677741E+000                  4.2314690378892870E+000                  7.0000000000000007E-001                  2.8000000000000008E-001                  1.9999999999999796E-002                  2.5422363916589913E-001                  1.5664540269540623E+000                  0.0000000000000000E+000                  2.2009131465835391E-001                  2.2009131465835391E-001                  3.7271589394120158E-006                  3.7271589394120158E-006                  0.0000000000000000E+000                  3.1533397493115407E+000                 -9.8999999999999986E+001                  3.4631875607148430E+000 
                                      16                  2.9999999999294293E+001                  8.6327097881322212E-001                  4.6458977009174749E+000                 -8.8777048149341375E+000                  4.2424451703645172E+000                  7.0000000000000018E-001                  2.8000000000000008E-001                  1.9999999999999796E-002                  2.5445753356631690E-001                  1.5705006478534964E+000                  0.0000000000000000E+000                  2.2139216921403160E-001                  2.2139216921403160E-001                  3.5824335153137172E-006                  3.5824335153137172E-006                  0.0000000000000000E+000                  3.1412297229078474E+000                 -9.8999999999999986E+001                  3.4499570679448706E+000 
                                      17                  2.9999999999248221E+001                  8.6325274767536708E-001                  4.6496145867382266E+000                 -8.8627335197133394E+000                  4.2590613509627806E+000                  7.0000000000000018E-001                  2.8000000000000008E-001                  1.9999999999999796E-002                  2.5475785052402078E-001                  1.5753544952044969E+000                  0.0000000000000000E+000                  2.2251894830809285E-001                  2.2251894830809285E-001                  3.4569104481616750E-006                  3.4569104481616750E-006                  0.0000000000000000E+000                  3.1227795847932520E+000                 -9.8999999999999986E+001                  3.4301667531861089E+000 
                                      18                  2.9999999999150319E+001                  8.6321531206543833E-001                  4.6544708504381251E+000                 -8.8433660614233158E+000                  4.2806924124678574E+000                  7.0000000000000018E-001                  2.8000000000000008E-001                  1.9999999999999796E-002                  2.5516306612559270E-001                  1.5803486068731714E+000                  0.0000000000000000E+000                  2.2454824916337446E-001                  2.2454824916337446E-001                  3.2322004046090924E-006                  3.2322004046090924E-006                  0.0000000000000000E+000                  3.0988995546037081E+000                 -9.8999999999999986E+001                  3.4049121215955234E+000 
                                      19                  2.9999999999052417E+001                  8.6317950016846112E-001                  4.6579721803794376E+000                 -8.8295143733655124E+000                  4.2962418184509188E+000                  7.0000000000000018E-001                  2.8000000000000008E-001                  1.9999999999999796E-002                  2.5543586635094279E-001                  1.5830427960418370E+000                  0.0000000000000000E+000                  2.2623703671239562E-001                  2.2623703671239562E-001                  3.0490511654194807E-006                  3.0490511654194807E-006                  0.0000000000000000E+000                  3.0816995754571330E+000                 -9.8999999999999986E+001                  3.3869723846225734E+000 
                                      20                  2.9999999999003467E+001                  8.6316215312837885E-001                  4.6602566695621883E+000                 -8.8206551166183100E+000                  4.3063087527813195E+000                  7.0000000000000018E-001                  2.8000000000000014E-001                  1.9999999999999685E-002                  2.5557820186077213E-001                  1.5841138794737497E+000                  0.0000000000000000E+000                  2.2693961528904474E-001                  2.2693961528904474E-001                  2.9716483708390886E-006                  2.9716483708390886E-006                  0.0000000000000000E+000                  3.0705824332257756E+000                 -9.8999999999999986E+001                  3.3755614990178380E+000 
                                      21                  2.9999999998954518E+001                  8.6314515435265704E-001                  4.6624956625206684E+000                 -8.8120332462522661E+000                  4.3161491358412443E+000                  7.0000000000000018E-001                  2.8000000000000014E-001                  1.9999999999999685E-002                  2.5571010017332108E-001                  1.5848109798753387E+000                  0.0000000000000000E+000                  2.2754030774427011E-001                  2.2754030774427011E-001                  2.9038312153225517E-006                  2.9038312153225517E-006                  0.0000000000000000E+000                  3.0597787495418967E+000                 -9.8999999999999986E+001                  3.3645667430446982E+000 
                                      22                  2.9999999998905565E+001                  8.6312848778108497E-001                  4.6646904770217690E+000                 -8.8036329715606243E+000                  4.3257729444956601E+000                  7.0000000000000018E-001                  2.8000000000000014E-001                  1.9999999999999685E-002                  2.5585478626167846E-001                  1.5851783129099855E+000                  0.0000000000000000E+000                  2.2806975088559059E-001                  2.2806975088559059E-001                  2.8449197182006577E-006                  2.8449197182006577E-006                  0.0000000000000000E+000                  3.0491960748785405E+000                 -9.8999999999999986E+001                  3.3538834177500596E+000 
                                      23                  2.9999999998856616E+001                  8.6311213861820402E-001                  4.6679141764671641E+000                 -8.7914851481757204E+000                  4.3398223190950622E+000                  7.0000000000000018E-001                  2.8000000000000014E-001                  1.9999999999999685E-002                  2.5607007291250183E-001                  1.5849514550838746E+000                  0.0000000000000000E+000                  2.2851954544123099E-001                  2.2851954544123099E-001                  2.7960719452916381E-006                  2.7960719452916381E-006                  0.0000000000000000E+000                  3.0336140434833032E+000                 -9.8999999999999986E+001                  3.3383635434956003E+000 
                                      24                  2.9999999998758714E+001                  8.6308033694880892E-001                  4.6720534827438707E+000                 -8.7758549976265066E+000                  4.3578797998933503E+000                  7.0000000000000018E-001                  2.8000000000000014E-001                  1.9999999999999685E-002                  2.5629928865890289E-001                  1.5841766389781133E+000                  0.0000000000000000E+000                  2.2926073153131138E-001                  2.2926073153131138E-001                  2.7138528442689093E-006                  2.7138528442689093E-006                  0.0000000000000000E+000                  3.0136845365830633E+000                 -9.8999999999999986E+001                  3.3186463968116362E+000 
                                      25                  2.9999999998660812E+001                  8.6304965284123658E-001                  4.6760390455602154E+000                 -8.7609113168859096E+000                  4.3752211503288878E+000                  7.0000000000000018E-001                  2.8000000000000014E-001                  1.9999999999999685E-002                  2.5650437893758177E-001                  1.5826748190479056E+000                  0.0000000000000000E+000                  2.2985893689445505E-001                  2.2985893689445505E-001                  2.6445525222502910E-006                  2.6445525222502910E-006                  0.0000000000000000E+000                  2.9946495680395588E+000                 -9.8999999999999986E+001                  3.3000233403289636E+000 
                                      26                  2.9999999998562910E+001                  8.6302000040909288E-001                  4.6789234452161796E+000                 -8.7500591470617746E+000                  4.3877907374403078E+000                  7.0000000000000007E-001                  2.8000000000000014E-001                  1.9999999999999796E-002                  2.5664576908244069E-001                  1.5813958834270689E+000                  0.0000000000000000E+000                  2.3034162422838136E-001                  2.3034162422838136E-001                  2.5871104131803699E-006                  2.5871104131803699E-006                  0.0000000000000000E+000                  2.9808060389419127E+000                 -9.8999999999999986E+001                  3.2865308999162157E+000 
                                      27                  2.9999999998513957E+001                  8.6300553787724610E-001                  4.6808099315179374E+000                 -8.7430455196994590E+000                  4.3959738772878305E+000                  7.0000000000000018E-001                  2.8000000000000014E-001                  1.9999999999999685E-002                  2.5673804247623666E-001                  1.5802636298678776E+000                  0.0000000000000000E+000                  2.3053976643434307E-001                  2.3053976643434307E-001                  2.5629165560028426E-006                  2.5629165560028426E-006                  0.0000000000000000E+000                  2.9717933296807511E+000                 -9.8999999999999986E+001                  3.2778292497623416E+000 
                                      28                  2.9999999998465007E+001                  8.6299130562137349E-001                  4.6834237372074208E+000                 -8.7334166780586777E+000                  4.4072716528668963E+000                  7.0000000000000018E-001                  2.8000000000000014E-001                  1.9999999999999685E-002                  2.5685855599739127E-001                  1.5783698908089607E+000                  0.0000000000000000E+000                  2.3069291103542836E-001                  2.3069291103542836E-001                  2.5432869218640089E-006                  2.5432869218640089E-006                  0.0000000000000000E+000                  2.9593862004242784E+000                 -9.8999999999999986E+001                  3.2659428776722539E+000 
                                      29                  2.9999999998375745E+001                  8.6296591828701052E-001                  4.6866966383376791E+000                 -8.7213039163422064E+000                  4.4214459611277803E+000                  7.0000000000000018E-001                  2.8000000000000008E-001                  1.9999999999999796E-002                  2.5697879082544550E-001                  1.5759369473221274E+000                  0.0000000000000000E+000                  2.3092316752541192E-001                  2.3092316752541192E-001                  2.5108545309044567E-006                  2.5108545309044567E-006                  0.0000000000000000E+000                  2.9438918370492293E+000                 -9.8999999999999986E+001                  3.2511184644275724E+000 
                                      30                  2.9999999998286484E+001                  8.6294122496827541E-001                  4.6898694759148007E+000                 -8.7095918733558157E+000                  4.4351753121318973E+000                  7.0000000000000018E-001                  2.8000000000000008E-001                  1.9999999999999796E-002                  2.5709534004083257E-001                  1.5733408915843519E+000                  0.0000000000000000E+000                  2.3111709345588111E-001                  2.3111709345588111E-001                  2.4810686335422179E-006                  2.4810686335422179E-006                  0.0000000000000000E+000                  2.9288534873522321E+000                 -9.8999999999999986E+001                  3.2367961220140002E+000 
                                      31                  2.9999999998197222E+001                  8.6291718463302525E-001                  4.6929477724622517E+000                 -8.6982520187568717E+000                  4.4484868070512285E+000                  7.0000000000000018E-001                  2.8000000000000008E-001                  1.9999999999999796E-002                  2.5721246880946363E-001                  1.5706344548580544E+000                  0.0000000000000000E+000                  2.3126813869950327E-001                  2.3126813869950327E-001                  2.4562336156596345E-006                  2.4562336156596345E-006                  0.0000000000000000E+000                  2.9142667881310320E+000                 -9.8999999999999986E+001                  3.2229571327426383E+000 
                                      32                  2.9999999998107963E+001                  8.6289376005034313E-001                  4.6974229544690251E+000                 -8.6820210034846745E+000                  4.4677230138300548E+000                  7.0000000000000018E-001                  2.8000000000000003E-001                  1.9999999999999796E-002                  2.5734366302693484E-001                  1.5659377606925369E+000                  0.0000000000000000E+000                  2.3135959583551582E-001                  2.3135959583551582E-001                  2.4367227675761374E-006                  2.4367227675761374E-006                  0.0000000000000000E+000                  2.8932428836051591E+000                 -9.8999999999999986E+001                  3.2032338517903178E+000 
                                      33                  2.9999999997929432E+001                  8.6284861878895969E-001                  4.7016656077100194E+000                 -8.6662346226908920E+000                  4.4861507070408599E+000                  7.0000000000000018E-001                  2.8000000000000008E-001                  1.9999999999999796E-002                  2.5749063523995408E-001                  1.5621904046032897E+000                  0.0000000000000000E+000                  2.3151639447657082E-001                  2.3151639447657082E-001                  2.4008446487702046E-006                  2.4008446487702046E-006                  0.0000000000000000E+000                  2.8732824552469332E+000                 -9.8999999999999986E+001                  3.1843139542286250E+000 
                                      34                  2.9999999997840174E+001                  8.6282684882640137E-001                  4.7044137512857613E+000                 -8.6561596925804611E+000                  4.4980176416349211E+000                  7.0000000000000018E-001                  2.8000000000000008E-001                  1.9999999999999796E-002                  2.5758046937773976E-001                  1.5593511996397849E+000                  0.0000000000000000E+000                  2.3159353999270432E-001                  2.3159353999270432E-001                  2.3841643102011592E-006                  2.3841643102011592E-006                  0.0000000000000000E+000                  2.8603831137201499E+000                 -9.8999999999999986E+001                  3.1722046399019264E+000 
                                      35                  2.9999999997750912E+001                  8.6280557491638832E-001                  4.7084212498591427E+000                 -8.6416583078786413E+000                  4.5152346621732242E+000                  7.0000000000000018E-001                  2.8000000000000008E-001                  1.9999999999999796E-002                  2.5768640172706841E-001                  1.5546890446688311E+000                  0.0000000000000000E+000                  2.3161087630205279E-001                  2.3161087630205279E-001                  2.3725195393956643E-006                  2.3725195393956643E-006                  0.0000000000000000E+000                  2.8416232947657827E+000                 -9.8999999999999986E+001                  3.1547452214110945E+000 
                                      36                  2.9999999997572385E+001                  8.6276441546496729E-001                  4.7135044185967159E+000                 -8.6230361531516913E+000                  4.5371859215818136E+000                  7.0000000000000018E-001                  2.8000000000000003E-001                  1.9999999999999796E-002                  2.5783839237402767E-001                  1.5491176773854487E+000                  0.0000000000000000E+000                  2.3161280841407150E-001                  2.3161280841407150E-001                  2.3523263269674352E-006                  2.3523263269674352E-006                  0.0000000000000000E+000                  2.8176905879879750E+000                 -9.8999999999999986E+001                  3.1323716430709885E+000 
                                      37                  2.9999999997393854E+001                  8.6272497261145775E-001                  4.7171404102387529E+000                 -8.6095801083149333E+000                  4.5529562255247686E+000                  7.0000000000000018E-001                  2.8000000000000008E-001                  1.9999999999999796E-002                  2.5793477949003585E-001                  1.5453353690627347E+000                  0.0000000000000000E+000                  2.3165548967596122E-001                  2.3165548967596122E-001                  2.3291631358079837E-006                  2.3291631358079837E-006                  0.0000000000000000E+000                  2.8005720697666430E+000                 -9.8999999999999986E+001                  3.1163147899794787E+000 
                                      38                  2.9999999997304595E+001                  8.6270584899007074E-001                  4.7195046701121415E+000                 -8.6009359537345365E+000                  4.5631621198504293E+000                  7.0000000000000018E-001                  2.8000000000000008E-001                  1.9999999999999796E-002                  2.5799322719810702E-001                  1.5426162043701401E+000                  0.0000000000000000E+000                  2.3166640398014288E-001                  2.3166640398014288E-001                  2.3184038713628912E-006                  2.3184038713628912E-006                  0.0000000000000000E+000                  2.7894932265721981E+000                 -9.8999999999999986E+001                  3.1060008023838224E+000 
                                      39                  2.9999999997215333E+001                  8.6268709978792091E-001                  4.7229652651309859E+000                 -8.5884189706531107E+000                  4.5780374116625246E+000                  7.0000000000000018E-001                  2.8000000000000008E-001                  1.9999999999999796E-002                  2.5808878044495132E-001                  1.5383164283188513E+000                  0.0000000000000000E+000                  2.3164157704878427E-001                  2.3164157704878427E-001                  2.3114381919195074E-006                  2.3114381919195074E-006                  0.0000000000000000E+000                  2.7732656754141538E+000                 -9.8999999999999986E+001                  3.0909854622317368E+000 
                                      40                  2.9999999997036806E+001                  8.6265065976956146E-001                  4.7287036862002116E+000                 -8.5676811778193951E+000                  4.6027004247441026E+000                  7.0000000000000018E-001                  2.8000000000000008E-001                  1.9999999999999796E-002                  2.5823113961399280E-001                  1.5311286007903866E+000                  0.0000000000000000E+000                  2.3155751777491138E-001                  2.3155751777491138E-001                  2.3013895449575033E-006                  2.3013895449575033E-006                  0.0000000000000000E+000                  2.7463110219901186E+000                 -9.8999999999999986E+001                  3.0660648178907164E+000 
                                      41                  2.9999999996750773E+001                  8.6259498194100848E-001                  4.7336737777854827E+000                 -8.5492197417987175E+000                  4.6243081572983220E+000                  7.0000000000000018E-001                  2.8000000000000008E-001                  1.9999999999999796E-002                  2.5837393114194579E-001                  1.5259819803976959E+000                  0.0000000000000000E+000                  2.3152515514540317E-001                  2.3152515514540317E-001                  2.2775487832591805E-006                  2.2775487832591805E-006                  0.0000000000000000E+000                  2.7229853240026092E+000                 -9.8999999999999986E+001                  3.0442013836212158E+000 
                                      42                  2.9999999996607762E+001                  8.6256829404059621E-001                  4.7368764686263738E+000                 -8.5375161227674443E+000                  4.6381416081204057E+000                  7.0000000000000018E-001                  2.8000000000000008E-001                  1.9999999999999796E-002                  2.5845079305310492E-001                  1.5222748656043765E+000                  0.0000000000000000E+000                  2.3153637860072843E-001                  2.3153637860072843E-001                  2.2637116719028386E-006                  2.2637116719028386E-006                  0.0000000000000000E+000                  2.7079457060822563E+000                 -9.8999999999999986E+001                  3.0302180941998396E+000 
                                      43                  2.9999999996464751E+001                  8.6254231101053791E-001                  4.7415241824321388E+000                 -8.5207744957714713E+000                  4.6581037911638621E+000                  7.0000000000000018E-001                  2.8000000000000008E-001                  1.9999999999999796E-002                  2.5852961473413238E-001                  1.5164260758387238E+000                  0.0000000000000000E+000                  2.3149398235047905E-001                  2.3149398235047905E-001                  2.2534564741935097E-006                  2.2534564741935097E-006                  0.0000000000000000E+000                  2.6861639354361215E+000                 -9.8999999999999986E+001                  3.0101081565533621E+000 
                                      44                  2.9999999996178722E+001                  8.6249229694504459E-001                  4.7459181113736975E+000                 -8.5045025096492761E+000                  4.6771972033170757E+000                  7.0000000000000018E-001                  2.8000000000000008E-001                  1.9999999999999796E-002                  2.5866354413097925E-001                  1.5118789590361448E+000                  0.0000000000000000E+000                  2.3145904007718110E-001                  2.3145904007718110E-001                  2.2313626190319314E-006                  2.2313626190319314E-006                  0.0000000000000000E+000                  2.6655573330768378E+000                 -9.8999999999999986E+001                  2.9908057749980159E+000 
                                      45                  2.9999999996035712E+001                  8.6246820336480046E-001                  4.7487605616050557E+000                 -8.4941252646879857E+000                  4.6894778751717849E+000                  7.0000000000000018E-001                  2.8000000000000003E-001                  1.9999999999999796E-002                  2.5872456350697859E-001                  1.5086556104851256E+000                  0.0000000000000000E+000                  2.3147182159220933E-001                  2.3147182159220933E-001                  2.2190143884252071E-006                  2.2190143884252071E-006                  0.0000000000000000E+000                  2.6522195867640574E+000                 -9.8999999999999986E+001                  2.9783949394590361E+000 
                                      46                  2.9999999995892697E+001                  8.6244467479505549E-001                  4.7529008239559616E+000                 -8.4792022739621338E+000                  4.7072751139055438E+000                  7.0000000000000018E-001                  2.8000000000000008E-001                  1.9999999999999796E-002                  2.5880540693388709E-001                  1.5036111106753502E+000                  0.0000000000000000E+000                  2.3144475327378486E-001                  2.3144475327378486E-001                  2.2093215139100524E-006                  2.2093215139100524E-006                  0.0000000000000000E+000                  2.6328531425125536E+000                 -9.8999999999999986E+001                  2.9604830811916081E+000 
                                      47                  2.9999999995606672E+001                  8.6239919630445494E-001                  4.7581428325950021E+000                 -8.4600618832617229E+000                  4.7299333792328486E+000                  7.0000000000000018E-001                  2.8000000000000008E-001                  1.9999999999999796E-002                  2.5894890342858184E-001                  1.4978396865776371E+000                  0.0000000000000000E+000                  2.3140050250252661E-001                  2.3140050250252661E-001                  2.1915857454612477E-006                  2.1915857454612477E-006                  0.0000000000000000E+000                  2.6082540448619991E+000                 -9.8999999999999986E+001                  2.9375541763183937E+000 
                                      48                  2.9999999995320643E+001                  8.6235566525211682E-001                  4.7618868962763878E+000                 -8.4462506595954885E+000                  4.7461899348918637E+000                  7.0000000000000018E-001                  2.8000000000000008E-001                  1.9999999999999796E-002                  2.5904613683645006E-001                  1.4940968502500620E+000                  0.0000000000000000E+000                  2.3144075823475876E-001                  2.3144075823475876E-001                  2.1692740571078294E-006                  2.1692740571078294E-006                  0.0000000000000000E+000                  2.5906570546418761E+000                 -9.8999999999999986E+001                  2.9210437693103231E+000 
                                      49                  2.9999999995177632E+001                  8.6233457630596111E-001                  4.7643197701693172E+000                 -8.4373851376875866E+000                  4.7567011398927574E+000                  7.0000000000000018E-001                  2.8000000000000008E-001                  1.9999999999999796E-002                  2.5909734191578659E-001                  1.4914916204228073E+000                  0.0000000000000000E+000                  2.3146597276850242E-001                  2.3146597276850242E-001                  2.1574822933062254E-006                  2.1574822933062254E-006                  0.0000000000000000E+000                  2.5792590793181467E+000                 -9.8999999999999986E+001                  2.9104037264568547E+000 
                                      50                  2.9999999995034621E+001                  8.6231391051708617E-001                  4.7666957353643706E+000                 -8.4287312883507681E+000                  4.7669658736970790E+000                  7.0000000000000018E-001                  2.8000000000000008E-001                  1.9999999999999796E-002                  2.5914043563636158E-001                  1.4889812557872599E+000                  0.0000000000000000E+000                  2.3147895704841434E-001                  2.3147895704841434E-001                  2.1462736272590882E-006                  2.1462736272590882E-006                  0.0000000000000000E+000                  2.5680970348130994E+000                 -9.8999999999999986E+001                  2.8999732690583175E+000 
                                      51                  2.9999999994891606E+001                  8.6229364957995380E-001                  4.7690174415954409E+000                 -8.4202797108549099E+000                  4.7769954374688322E+000                  7.0000000000000018E-001                  2.8000000000000008E-001                  1.9999999999999796E-002                  2.5919365507032960E-001                  1.4865630475178031E+000                  0.0000000000000000E+000                  2.3149599918877606E-001                  2.3149599918877606E-001                  2.1351934639369718E-006                  2.1351934639369718E-006                  0.0000000000000000E+000                  2.5571705263058901E+000                 -9.8999999999999986E+001                  2.8897526581138955E+000 
                                      52                  2.9999999994748595E+001                  8.6227377636396085E-001                  4.7721297275282168E+000                 -8.4090412143377709E+000                  4.7903966961481110E+000                  7.0000000000000018E-001                  2.8000000000000008E-001                  1.9999999999999796E-002                  2.5927429128015633E-001                  1.4832128416231607E+000                  0.0000000000000000E+000                  2.3150845116530400E-001                  2.3150845116530400E-001                  2.1254886292088906E-006                  2.1254886292088906E-006                  0.0000000000000000E+000                  2.5425725694565946E+000                 -9.8999999999999986E+001                  2.8761345573897192E+000 
                                      53                  2.9999999994499042E+001                  8.6223997787825957E-001                  4.7759421090902254E+000                 -8.3951763552065461E+000                  4.8068638233969549E+000                  7.0000000000000018E-001                  2.8000000000000008E-001                  1.9999999999999796E-002                  2.5936245702465893E-001                  1.4794336935787624E+000                  0.0000000000000000E+000                  2.3154092167633325E-001                  2.3154092167633325E-001                  2.1082889858944286E-006                  2.1082889858944286E-006                  0.0000000000000000E+000                  2.5247399210680364E+000                 -9.8999999999999986E+001                  2.8594098805445070E+000 
                                      54                  2.9999999994249489E+001                  8.6220723384314435E-001                  4.7796172973624502E+000                 -8.3818251642062105E+000                  4.8227340092610289E+000                  7.0000000000000018E-001                  2.8000000000000008E-001                  1.9999999999999796E-002                  2.5946225664540040E-001                  1.4758981249852758E+000                  0.0000000000000000E+000                  2.3160253647596282E-001                  2.3160253647596282E-001                  2.0896222379438411E-006                  2.0896222379438411E-006                  0.0000000000000000E+000                  2.5073819449163799E+000                 -9.8999999999999986E+001                  2.8430910287637019E+000 
                                      55                  2.9999999993999936E+001                  8.6217547404290384E-001                  4.7831650449177188E+000                 -8.3689533628969084E+000                  4.8380490480410243E+000                  7.0000000000000018E-001                  2.8000000000000008E-001                  1.9999999999999796E-002                  2.5954555599959356E-001                  1.4725759698113883E+000                  0.0000000000000000E+000                  2.3167394620063370E-001                  2.3167394620063370E-001                  2.0709487903276117E-006                  2.0709487903276117E-006                  0.0000000000000000E+000                  2.4906646483840063E+000                 -9.8999999999999986E+001                  2.8273524040589320E+000 
                                      56                  2.9999999993750379E+001                  8.6214463507328609E-001                  4.7882979374755470E+000                 -8.3506298845978950E+000                  4.8600603418133872E+000                  7.0000000000000018E-001                  2.8000000000000008E-001                  1.9999999999999796E-002                  2.5965616472191438E-001                  1.4673911463644851E+000                  0.0000000000000000E+000                  2.3172744701451931E-001                  2.3172744701451931E-001                  2.0536995772852887E-006                  2.0536995772852887E-006                  0.0000000000000000E+000                  2.4667530357913905E+000                 -9.8999999999999986E+001                  2.8049726062472176E+000 
                                      57                  2.9999999993251272E+001                  8.6208548689749109E-001                  4.7931278621085642E+000                 -8.3329048500417642E+000                  4.8810207927952440E+000                  7.0000000000000018E-001                  2.8000000000000008E-001                  1.9999999999999796E-002                  2.5976832587979654E-001                  1.4636832715508894E+000                  0.0000000000000000E+000                  2.3189643480922995E-001                  2.3189643480922995E-001                  2.0161706454013771E-006                  2.0161706454013771E-006                  0.0000000000000000E+000                  2.4439678556692219E+000                 -9.8999999999999986E+001                  2.7832862112054233E+000 
                                      58                  2.9999999993001719E+001                  8.6205708694266181E-001                  4.7962448556327457E+000                 -8.3216537925900962E+000                  4.8944561705231546E+000                  7.0000000000000018E-001                  2.8000000000000008E-001                  1.9999999999999796E-002                  2.5982714440311916E-001                  1.4610411747271519E+000                  0.0000000000000000E+000                  2.3201645636758367E-001                  2.3201645636758367E-001                  1.9952706324459196E-006                  1.9952706324459196E-006                  0.0000000000000000E+000                  2.4293750032727965E+000                 -9.8999999999999986E+001                  2.7694780128162093E+000 
                                      59                  2.9999999992752166E+001                  8.6202940792260918E-001                  4.8007748718002761E+000                 -8.3055369110003223E+000                  4.9138655063682686E+000                  7.0000000000000018E-001                  2.8000000000000008E-001                  1.9999999999999796E-002                  2.5992055486741306E-001                  1.4569234324747786E+000                  0.0000000000000000E+000                  2.3209544404728186E-001                  2.3209544404728186E-001                  1.9778907161918542E-006                  1.9778907161918542E-006                  0.0000000000000000E+000                  2.4083226145330854E+000                 -9.8999999999999986E+001                  2.7496513510205536E+000 
                                      60                  2.9999999992253059E+001                  8.6197605166317881E-001                  4.8064897423829542E+000                 -8.2849685335603205E+000                  4.9384765857345529E+000                  7.0000000000000018E-001                  2.8000000000000008E-001                  1.9999999999999796E-002                  2.6002107216284071E-001                  1.4525012829819397E+000                  0.0000000000000000E+000                  2.3226601803159549E-001                  2.3226601803159549E-001                  1.9434858918555904E-006                  1.9434858918555904E-006                  0.0000000000000000E+000                  2.3815537288747710E+000                 -9.8999999999999986E+001                  2.7242026690310039E+000 
                                      61                  2.9999999991753949E+001                  8.6192514514516616E-001                  4.8105587748941137E+000                 -8.2701976290833201E+000                  4.9560688720964299E+000                  7.0000000000000018E-001                  2.8000000000000008E-001                  1.9999999999999796E-002                  2.6011225258782250E-001                  1.4498227043903669E+000                  0.0000000000000000E+000                  2.3252477612010317E-001                  2.3252477612010317E-001                  1.9047761005389491E-006                  1.9047761005389491E-006                  0.0000000000000000E+000                  2.3625387162300360E+000                 -9.8999999999999986E+001                  2.7059892844789259E+000 
                                      62                  2.9999999991504396E+001                  8.6190053660979027E-001                  4.8131985882921811E+000                 -8.2607466012792443E+000                  4.9674157715774809E+000                  7.0000000000000018E-001                  2.8000000000000008E-001                  1.9999999999999796E-002                  2.6017103242201500E-001                  1.4479394622951038E+000                  0.0000000000000000E+000                  2.3265874882612975E-001                  2.3265874882612975E-001                  1.8862825143843123E-006                  1.8862825143843123E-006                  0.0000000000000000E+000                  2.3502119647256929E+000                 -9.8999999999999986E+001                  2.6942270249609437E+000 
                                      63                  2.9999999991254843E+001                  8.6187645376559974E-001                  4.8170544018606316E+000                 -8.2471161379664935E+000                  4.9839024916144981E+000                  7.0000000000000018E-001                  2.8000000000000008E-001                  1.9999999999999796E-002                  2.6023254243651228E-001                  1.4450104198719658E+000                  0.0000000000000000E+000                  2.3276516524207813E-001                  2.3276516524207813E-001                  1.8696464814690312E-006                  1.8696464814690312E-006                  0.0000000000000000E+000                  2.3321667511233493E+000                 -9.8999999999999986E+001                  2.6770612371649518E+000 
                                      64                  2.9999999990755736E+001                  8.6182976488468332E-001                  4.8221102841795718E+000                 -8.2291073704619055E+000                  5.0055951337525828E+000                  7.0000000000000018E-001                  2.8000000000000008E-001                  1.9999999999999796E-002                  2.6031884611098310E-001                  1.4416995558707351E+000                  0.0000000000000000E+000                  2.3298154638219740E-001                  2.3298154638219740E-001                  1.8363090802096333E-006                  1.8363090802096333E-006                  0.0000000000000000E+000                  2.3085842698541192E+000                 -9.8999999999999986E+001                  2.6544749699932915E+000 
                                      65                  2.9999999990225909E+001                  8.6178220050788601E-001                  4.8270708900912052E+000                 -8.2114697847498093E+000                  5.0268665642556272E+000                  7.0000000000000018E-001                  2.8000000000000008E-001                  1.9999999999999796E-002                  2.6041304800607201E-001                  1.4386799129681835E+000                  0.0000000000000000E+000                  2.3324917539157577E-001                  2.3324917539157577E-001                  1.8003097853739750E-006                  1.8003097853739750E-006                  0.0000000000000000E+000                  2.2854131158999156E+000                 -9.8999999999999986E+001                  2.6322144007270265E+000 
                                      66                  2.9999999989696089E+001                  8.6173651440630872E-001                  4.8318074111823517E+000                 -8.1946852445092784E+000                  5.0471529400265869E+000                  7.0000000000000018E-001                  2.8000000000000008E-001                  1.9999999999999796E-002                  2.6047730132739477E-001                  1.4359628411919396E+000                  0.0000000000000000E+000                  2.3352300011032517E-001                  2.3352300011032517E-001                  1.7648421312120912E-006                  1.7648421312120912E-006                  0.0000000000000000E+000                  2.2633125847600826E+000                 -9.8999999999999986E+001                  2.6109348478588750E+000 
                                      67                  2.9999999989166266E+001                  8.6169254667655648E-001                  4.8352113871996805E+000                 -8.1825446392315815E+000                  5.0617749268809238E+000                  7.0000000000000018E-001                  2.8000000000000008E-001                  1.9999999999999796E-002                  2.6054408508027843E-001                  1.4343367951979886E+000                  0.0000000000000000E+000                  2.3382013235335339E-001                  2.3382013235335339E-001                  1.7292861305609897E-006                  1.7292861305609897E-006                  0.0000000000000000E+000                  2.2475103412822333E+000                 -9.8999999999999986E+001                  2.5956246665047993E+000 
                                      68                  2.9999999988901354E+001                  8.6167116402949662E-001                  4.8374301218836564E+000                 -8.1747236255394569E+000                  5.0712582357744074E+000                  7.0000000000000018E-001                  2.8000000000000008E-001                  1.9999999999999796E-002                  2.6058920560892707E-001                  1.4331933110381367E+000                  0.0000000000000000E+000                  2.3397086850235754E-001                  2.3397086850235754E-001                  1.7124467628050594E-006                  1.7124467628050594E-006                  0.0000000000000000E+000                  2.2371741655315494E+000                 -9.8999999999999986E+001                  2.5856348577414376E+000 
                                      69                  2.9999999988636443E+001                  8.6165015993159078E-001                  4.8406855137066254E+000                 -8.1633737791134848E+000                  5.0851085172968800E+000                  7.0000000000000018E-001                  2.8000000000000008E-001                  1.9999999999999796E-002                  2.6063803900927007E-001                  1.4314198669837672E+000                  0.0000000000000000E+000                  2.3410355143226150E-001                  2.3410355143226150E-001                  1.6968641786212827E-006                  1.6968641786212827E-006                  0.0000000000000000E+000                  2.2219550652918465E+000                 -9.8999999999999986E+001                  2.5709534894832644E+000 
                                      70                  2.9999999988106623E+001                  8.6160922660049744E-001                  4.8448597151237891E+000                 -8.1487252746829810E+000                  5.1029207266334717E+000                  7.0000000000000018E-001                  2.8000000000000008E-001                  1.9999999999999796E-002                  2.6070082367793723E-001                  1.4295791119501073E+000                  0.0000000000000000E+000                  2.3437600144622694E-001                  2.3437600144622694E-001                  1.6652576926343138E-006                  1.6652576926343138E-006                  0.0000000000000000E+000                  2.2025190791966924E+000                 -9.8999999999999986E+001                  2.5520763500422960E+000 
                                      71                  2.9999999987576796E+001                  8.6156963989465074E-001                  4.8488761017887692E+000                 -8.1346761775352352E+000                  5.1200371937673133E+000                  7.0000000000000018E-001                  2.8000000000000008E-001                  1.9999999999999796E-002                  2.6078242188738021E-001                  1.4280206914290681E+000                  0.0000000000000000E+000                  2.3467914750402452E-001                  2.3467914750402452E-001                  1.6333648590992646E-006                  1.6333648590992646E-006                  0.0000000000000000E+000                  2.1839033826880283E+000                 -9.8999999999999986E+001                  2.5339343472178637E+000 
                                      72                  2.9999999987046976E+001                  8.6153130298049274E-001                  4.8527467419083328E+000                 -8.1211832262424917E+000                  5.1365102726652472E+000                  7.0000000000000018E-001                  2.8000000000000008E-001                  1.9999999999999796E-002                  2.6082610239994503E-001                  1.4267306632756862E+000                  0.0000000000000000E+000                  2.3499423376335091E-001                  2.3499423376335091E-001                  1.6013008720198305E-006                  1.6013008720198305E-006                  0.0000000000000000E+000                  2.1658442848141308E+000                 -9.8999999999999986E+001                  2.5162677543762237E+000 
                                      73                  2.9999999986517153E+001                  8.6149412913689993E-001                  4.8564823356787148E+000                 -8.1082089392316821E+000                  5.1523866207581754E+000                  7.0000000000000018E-001                  2.8000000000000008E-001                  1.9999999999999796E-002                  2.6087575904428811E-001                  1.4256528877021304E+000                  0.0000000000000000E+000                  2.3531776463423740E-001                  2.3531776463423740E-001                  1.5687658692648838E-006                  1.5687658692648838E-006                  0.0000000000000000E+000                  2.1484683987510924E+000                 -9.8999999999999986E+001                  2.4992200654072358E+000 
                                      74                  2.9999999985987326E+001                  8.6145804028430151E-001                  4.8600923506678511E+000                 -8.0957134758914027E+000                  5.1677079966234380E+000                  7.0000000000000018E-001                  2.8000000000000008E-001                  1.9999999999999796E-002                  2.6093895883116053E-001                  1.4247304004261412E+000                  0.0000000000000000E+000                  2.3564258465057314E-001                  2.3564258465057314E-001                  1.5378120680147806E-006                  1.5378120680147806E-006                  0.0000000000000000E+000                  2.1318092895494249E+000                 -9.8999999999999986E+001                  2.4828420630580759E+000 
                                      75                  2.9999999985457507E+001                  8.6142296636040483E-001                  4.8635851947089739E+000                 -8.0836636327818940E+000                  5.1825119226773424E+000                  7.0000000000000018E-001                  2.8000000000000008E-001                  1.9999999999999796E-002                  2.6096626311198456E-001                  1.4239129314253656E+000                  0.0000000000000000E+000                  2.3596196038091613E-001                  2.3596196038091613E-001                  1.5074710406354216E-006                  1.5074710406354216E-006                  0.0000000000000000E+000                  2.1156283727625946E+000                 -9.8999999999999986E+001                  2.4669104033625215E+000 
                                      76                  2.9999999984927683E+001                  8.6138884405964555E-001                  4.8669683646772439E+000                 -8.0720334738839306E+000                  5.1968322394916511E+000                  7.0000000000000018E-001                  2.8000000000000008E-001                  1.9999999999999796E-002                  2.6099124665462847E-001                  1.4231529320503422E+000                  0.0000000000000000E+000                  2.3626986962989782E-001                  2.3626986962989782E-001                  1.4774410167729916E-006                  1.4774410167729916E-006                  0.0000000000000000E+000                  2.0998217162158528E+000                 -9.8999999999999986E+001                  2.4513356090553202E+000 
                                      77                  2.9999999984397860E+001                  8.6135561567923391E-001                  4.8718790133927392E+000                 -8.0554355912394691E+000                  5.2174706499246080E+000                  7.0000000000000018E-001                  2.8000000000000008E-001                  1.9999999999999796E-002                  2.6109225334001035E-001                  1.4216687596947979E+000                  0.0000000000000000E+000                  2.3654084506939685E-001                  2.3654084506939685E-001                  1.4517453655969178E-006                  1.4517453655969178E-006                  0.0000000000000000E+000                  2.0771412258838082E+000                 -9.8999999999999986E+001                  2.4291082704370544E+000 
                                      78                  2.9999999983338220E+001                  8.6129162936326464E-001                  4.8765248022164460E+000                 -8.0393795427176276E+000                  5.2371839758936547E+000                  7.0000000000000018E-001                  2.8000000000000003E-001                  1.9999999999999796E-002                  2.6114555990932248E-001                  1.4209601820512605E+000                  0.0000000000000000E+000                  2.3706585539768155E-001                  2.3706585539768155E-001                  1.4040848155076960E-006                  1.4040848155076960E-006                  0.0000000000000000E+000                  2.0556732746723969E+000                 -9.8999999999999986E+001                  2.4078568310195463E+000 
                                      79                  2.9999999982808394E+001                  8.6126078730826350E-001                  4.8795304386013036E+000                 -8.0291604930726805E+000                  5.2498495377874548E+000                  7.0000000000000018E-001                  2.8000000000000008E-001                  1.9999999999999796E-002                  2.6120933474214264E-001                  1.4202211885606923E+000                  0.0000000000000000E+000                  2.3732365267539063E-001                  2.3732365267539063E-001                  1.3813133247073249E-006                  1.3813133247073249E-006                  0.0000000000000000E+000                  2.0416981083959769E+000                 -9.8999999999999986E+001                  2.3941075854078657E+000 
                                      80                  2.9999999982278574E+001                  8.6123065615756600E-001                  4.8840349805519532E+000                 -8.0140812179134606E+000                  5.2687062359691783E+000                  7.0000000000000018E-001                  2.8000000000000008E-001                  1.9999999999999796E-002                  2.6126536199321732E-001                  1.4187674958450653E+000                  0.0000000000000000E+000                  2.3752592331133132E-001                  2.3752592331133132E-001                  1.3625279600142237E-006                  1.3625279600142237E-006                  0.0000000000000000E+000                  2.0210173397631426E+000                 -9.8999999999999986E+001                  2.3738715742861269E+000 
                                      81                  2.9999999981172859E+001                  8.6116990057753151E-001                  4.8883730023784002E+000                 -7.9992395508834537E+000                  5.2870374297642000E+000                  7.0000000000000018E-001                  2.8000000000000008E-001                  1.9999999999999796E-002                  2.6130439820131840E-001                  1.4180662645639905E+000                  0.0000000000000000E+000                  2.3794879013271444E-001                  2.3794879013271444E-001                  1.3222353018139471E-006                  1.3222353018139471E-006                  0.0000000000000000E+000                  2.0010371773451845E+000                 -9.8999999999999986E+001                  2.3541061166313573E+000 
                                      82                  2.9999999980620000E+001                  8.6114053424622961E-001                  4.8911850962652883E+000                 -7.9897619045639159E+000                  5.2988451582043892E+000                  7.0000000000000018E-001                  2.8000000000000008E-001                  1.9999999999999796E-002                  2.6134465584885103E-001                  1.4174526763467044E+000                  0.0000000000000000E+000                  2.3817089790898058E-001                  2.3817089790898058E-001                  1.3021593996862608E-006                  1.3021593996862608E-006                  0.0000000000000000E+000                  1.9880200116705105E+000                 -9.8999999999999986E+001                  2.3412769080651632E+000 
                                      83                  2.9999999980067141E+001                  8.6111179606994426E-001                  4.8952894628958967E+000                 -7.9761157046531661E+000                  5.3159802472915612E+000                  7.0000000000000018E-001                  2.8000000000000008E-001                  1.9999999999999796E-002                  2.6138506240724946E-001                  1.4163935624949797E+000                  0.0000000000000000E+000                  2.3835955798690706E-001                  2.3835955798690706E-001                  1.2845898138259488E-006                  1.2845898138259488E-006                  0.0000000000000000E+000                  1.9691389393851526E+000                 -9.8999999999999986E+001                  2.3227204598236555E+000 
                                      84                  2.9999999978961426E+001                  8.6105608138518130E-001                  4.9005058449736323E+000                 -7.9586330396022946E+000                  5.3378344842076926E+000                  7.0000000000000018E-001                  2.8000000000000008E-001                  1.9999999999999796E-002                  2.6142950812422427E-001                  1.4156325991817957E+000                  0.0000000000000000E+000                  2.3873723348270462E-001                  2.3873723348270462E-001                  1.2496776302730860E-006                  1.2496776302730860E-006                  0.0000000000000000E+000                  1.9451231294754239E+000                 -9.8999999999999986E+001                  2.2989380391096108E+000 
                                      85                  2.9999999977855708E+001                  8.6100254477246818E-001                  4.9054833560349520E+000                 -7.9420222043337478E+000                  5.3586514972563775E+000                  7.0000000000000018E-001                  2.8000000000000008E-001                  1.9999999999999796E-002                  2.6151134384929747E-001                  1.4151818542082297E+000                  0.0000000000000000E+000                  2.3915100264579262E-001                  2.3915100264579262E-001                  1.2150135075113218E-006                  1.2150135075113218E-006                  0.0000000000000000E+000                  1.9222008744062327E+000                 -9.8999999999999986E+001                  2.2761540877251329E+000 
                                      86                  2.9999999976749994E+001                  8.6095099845086775E-001                  4.9102437952215565E+000                 -7.9262024390673407E+000                  5.3785253849402297E+000                  7.0000000000000018E-001                  2.8000000000000008E-001                  1.9999999999999796E-002                  2.6156396998214432E-001                  1.4149969833467799E+000                  0.0000000000000000E+000                  2.3957175853645452E-001                  2.3957175853645452E-001                  1.1816111361398041E-006                  1.1816111361398041E-006                  0.0000000000000000E+000                  1.9002967672914994E+000                 -9.8999999999999986E+001                  2.2543067179250924E+000 
                                      87                  2.9999999975644279E+001                  8.6090127860047627E-001                  4.9148060397398510E+000                 -7.9111087599879246E+000                  5.3975379921587781E+000                  7.0000000000000007E-001                  2.8000000000000008E-001                  1.9999999999999796E-002                  2.6160286894798640E-001                  1.4150270980381656E+000                  0.0000000000000000E+000                  2.3999502643214410E-001                  2.3999502643214410E-001                  1.1481379780098683E-006                  1.1481379780098683E-006                  0.0000000000000000E+000                  1.8793095680571026E+000                 -9.8999999999999986E+001                  2.2333102758961405E+000 
                                      88                  2.9999999974538564E+001                  8.6085324083797798E-001                  4.9191865522430263E+000                 -7.8966768549691508E+000                  5.4157609498004602E+000                  7.0000000000000018E-001                  2.8000000000000008E-001                  1.9999999999999796E-002                  2.6167308443267195E-001                  1.4152457242940626E+000                  0.0000000000000000E+000                  2.4041750705269135E-001                  2.4041750705269135E-001                  1.1163466624890686E-006                  1.1163466624890686E-006                  0.0000000000000000E+000                  1.8592445295469335E+000                 -9.8999999999999986E+001                  2.2131781426537267E+000 
                                      89                  2.9999999973432850E+001                  8.6080675799883211E-001                  4.9233997970408891E+000                 -7.8828539233000328E+000                  5.4332573067246051E+000                  7.0000000000000018E-001                  2.8000000000000008E-001                  1.9999999999999796E-002                  2.6170765878237529E-001                  1.4156265450939178E+000                  0.0000000000000000E+000                  2.4083765574690355E-001                  2.4083765574690355E-001                  1.0856485523061793E-006                  1.0856485523061793E-006                  0.0000000000000000E+000                  1.8398857135241582E+000                 -9.8999999999999986E+001                  2.1937024803876097E+000 
                                      90                  2.9999999972327135E+001                  8.6076171710497551E-001                  4.9274585461657034E+000                 -7.8695953517427322E+000                  5.4500828483302408E+000                  7.0000000000000018E-001                  2.8000000000000008E-001                  1.9999999999999796E-002                  2.6173323578418606E-001                  1.4161461322869575E+000                  0.0000000000000000E+000                  2.4125388242943413E-001                  2.4125388242943413E-001                  1.0549806115389255E-006                  1.0549806115389255E-006                  0.0000000000000000E+000                  1.8212978355703793E+000                 -9.8999999999999986E+001                  2.1749552295608643E+000 
                                      91                  2.9999999971221420E+001                  8.6071801709454698E-001                  4.9333182364972101E+000                 -7.8508325508561638E+000                  5.4741681017890009E+000                  7.0000000000000018E-001                  2.8000000000000008E-001                  1.9999999999999796E-002                  2.6181129406349563E-001                  1.4167099835814352E+000                  0.0000000000000000E+000                  2.4164288324414807E-001                  2.4164288324414807E-001                  1.0271720169847442E-006                  1.0271720169847442E-006                  0.0000000000000000E+000                  1.7946516414944287E+000                 -9.8999999999999986E+001                  2.1481361516396400E+000 
                                      92                  2.9999999969009984E+001                  8.6063427575706253E-001                  4.9388174640665445E+000                 -7.8327971970890582E+000                  5.4970046728664146E+000                  7.0000000000000018E-001                  2.8000000000000008E-001                  1.9999999999999796E-002                  2.6183892863540381E-001                  1.4185236679017121E+000                  0.0000000000000000E+000                  2.4245890047585245E-001                  2.4245890047585245E-001                  9.7139644816481309E-007                  9.7139644816481309E-007                  0.0000000000000000E+000                  1.7693322585738518E+000                 -9.8999999999999986E+001                  2.1222611367358279E+000 
                                      93                  2.9999999967904269E+001                  8.6059409108419138E-001                  4.9423606963216233E+000                 -7.8214104609652919E+000                  5.5115933979527831E+000                  7.0000000000000018E-001                  2.8000000000000008E-001                  1.9999999999999796E-002                  2.6187945559866876E-001                  1.4195990520612329E+000                  0.0000000000000000E+000                  2.4289619253445971E-001                  2.4289619253445971E-001                  9.4275121964697157E-007                  9.4275121964697157E-007                  0.0000000000000000E+000                  1.7532007026930077E+000                 -9.8999999999999986E+001                  2.1058004665112415E+000 
                                      94                  2.9999999966798555E+001                  8.6055493558984286E-001                  4.9457958839237568E+000                 -7.8104140561433528E+000                  5.5257129563142557E+000                  7.0000000000000018E-001                  2.8000000000000008E-001                  1.9999999999999796E-002                  2.6193385325599999E-001                  1.4208140260399034E+000                  0.0000000000000000E+000                  2.4331301156544119E-001                  2.4331301156544119E-001                  9.1681187151707965E-007                  9.1681187151707965E-007                  0.0000000000000000E+000                  1.7375927843736838E+000                 -9.8999999999999986E+001                  2.0898210131130552E+000 
                                      95                  2.9999999965692840E+001                  8.6051674887307761E-001                  4.9491298217895761E+000                 -7.7997848974820316E+000                  5.5393926200465451E+000                  7.0000000000000018E-001                  2.8000000000000008E-001                  1.9999999999999796E-002                  2.6196071036772839E-001                  1.4221632743700738E+000                  0.0000000000000000E+000                  2.4373385214509447E-001                  2.4373385214509447E-001                  8.9098278360033750E-007                  8.9098278360033750E-007                  0.0000000000000000E+000                  1.7223544365413295E+000                 -9.8999999999999986E+001                  2.0741704416795552E+000 
                                      96                  2.9999999964587126E+001                  8.6047947570126382E-001                  4.9523686871328207E+000                 -7.7895035001263766E+000                  5.5526590039002679E+000                  7.0000000000000018E-001                  2.8000000000000008E-001                  1.9999999999999796E-002                  2.6197523439369597E-001                  1.4236388360464824E+000                  0.0000000000000000E+000                  2.4415863553199912E-001                  2.4415863553199912E-001                  8.6457718459443722E-007                  8.6457718459443722E-007                  0.0000000000000000E+000                  1.7075587053055221E+000                 -9.8999999999999986E+001                  2.0589243429578046E+000 
                                      97                  2.9999999963481411E+001                  8.6044306529881420E-001                  4.9555181166632369E+000                 -7.7795477953502497E+000                  5.5655363775605764E+000                  7.0000000000000018E-001                  2.8000000000000008E-001                  1.9999999999999796E-002                  2.6200958120325113E-001                  1.4252407938302940E+000                  0.0000000000000000E+000                  2.4458764297418933E-001                  2.4458764297418933E-001                  8.3872324782040579E-007                  8.3872324782040579E-007                  0.0000000000000000E+000                  1.6933037794096741E+000                 -9.8999999999999986E+001                  2.0441809994308273E+000 
                                      98                  2.9999999962375696E+001                  8.6040747121806926E-001                  4.9601075418731515E+000                 -7.7652802150738678E+000                  5.5841696111739960E+000                  7.0000000000000018E-001                  2.8000000000000008E-001                  1.9999999999999796E-002                  2.6203872267545303E-001                  1.4276073787151964E+000                  0.0000000000000000E+000                  2.4500897631602300E-001                  2.4500897631602300E-001                  8.1392128799712420E-007                  8.1392128799712420E-007                  0.0000000000000000E+000                  1.6725531829799134E+000                 -9.8999999999999986E+001                  2.0227098634194145E+000 
                                      99                  2.9999999960164260E+001                  8.6033855888502886E-001                  4.9659275721911902E+000                 -7.7471024587677277E+000                  5.6078466297775789E+000                  7.0000000000000018E-001                  2.8000000000000008E-001                  1.9999999999999796E-002                  2.6204150826750372E-001                  1.4315563926017369E+000                  0.0000000000000000E+000                  2.4586645690246492E-001                  2.4586645690246492E-001                  7.6341003370284289E-007                  7.6341003370284289E-007                  0.0000000000000000E+000                  1.6461238431988652E+000                 -9.8999999999999986E+001                  1.9950808469410670E+000 
                                     100                  2.9999999957952831E+001                  8.6027244057519447E-001                  4.9700916362697081E+000                 -7.7340677796304256E+000                  5.6248041244980067E+000                  7.0000000000000018E-001                  2.8000000000000008E-001                  1.9999999999999796E-002                  2.6205160528809640E-001                  1.4350186798003552E+000                  0.0000000000000000E+000                  2.4679186671358663E-001                  2.4679186671358663E-001                  7.1076090594777862E-007                  7.1076090594777862E-007                  0.0000000000000000E+000                  1.6273205964655544E+000                 -9.8999999999999986E+001                  1.9752285064546506E+000 
                                     101                  2.9999999956847116E+001                  8.6024034801328697E-001                  4.9727993139866342E+000                 -7.7257299503141210E+000                  5.6357552952634045E+000                  7.0000000000000018E-001                  2.8000000000000008E-001                  1.9999999999999796E-002                  2.6206802443416666E-001                  1.4373098832401849E+000                  0.0000000000000000E+000                  2.4726236806042384E-001                  2.4726236806042384E-001                  6.8511282764065798E-007                  6.8511282764065798E-007                  0.0000000000000000E+000                  1.6151424255529871E+000                 -9.8999999999999986E+001                  1.9623574780089754E+000 
                                     102                  2.9999999955741401E+001                  8.6020885879126163E-001                  4.9767633643220641E+000                 -7.7137093704959705E+000                  5.6516856037629726E+000                  7.0000000000000018E-001                  2.8000000000000008E-001                  1.9999999999999796E-002                  2.6207740260802376E-001                  1.4407531062559831E+000                  0.0000000000000000E+000                  2.4771877439670686E-001                  2.4771877439670686E-001                  6.6057826957208999E-007                  6.6057826957208999E-007                  0.0000000000000000E+000                  1.5973503169594641E+000                 -9.8999999999999986E+001                  1.9435262166963430E+000 
                                     103                  2.9999999953529969E+001                  8.6014757995675994E-001                  4.9805692698346666E+000                 -7.7020209032838096E+000                  5.6670607147440455E+000                  7.0000000000000018E-001                  2.8000000000000008E-001                  1.9999999999999796E-002                  2.6207678928211076E-001                  1.4447628476322458E+000                  0.0000000000000000E+000                  2.4865843226973494E-001                  2.4865843226973494E-001                  6.1052043296535267E-007                  6.1052043296535267E-007                  0.0000000000000000E+000                  1.5802908758631398E+000                 -9.8999999999999986E+001                  1.9252597750177043E+000 
                                     104                  2.9999999952424254E+001                  8.6011774477367453E-001                  4.9830502268309900E+000                 -7.6945185750064500E+000                  5.6770191869246709E+000                  7.0000000000000018E-001                  2.8000000000000008E-001                  1.9999999999999796E-002                  2.6208803766043520E-001                  1.4473946116079410E+000                  0.0000000000000000E+000                  2.4914052170465856E-001                  2.4914052170465856E-001                  5.8555451062899693E-007                  5.8555451062899693E-007                  0.0000000000000000E+000                  1.5691814820270034E+000                 -9.8999999999999986E+001                  1.9133599948177999E+000 
                                     105                  2.9999999951318539E+001                  8.6008841456674290E-001                  4.9866908999854616E+000                 -7.6836686449200293E+000                  5.6915452622249241E+000                  7.0000000000000018E-001                  2.8000000000000008E-001                  1.9999999999999796E-002                  2.6209325974778180E-001                  1.4512690043433123E+000                  0.0000000000000000E+000                  2.4960367970286540E-001                  2.4960367970286540E-001                  5.6189826214035041E-007                  5.6189826214035041E-007                  0.0000000000000000E+000                  1.5528739720764864E+000                 -9.8999999999999986E+001                  1.8958915164830661E+000 
                                     106                  2.9999999949107107E+001                  8.6003118439738213E-001                  4.9913627020994351E+000                 -7.6697261291748786E+000                  5.7101967733589731E+000                  7.0000000000000018E-001                  2.8000000000000008E-001                  1.9999999999999796E-002                  2.6205865053109878E-001                  1.4567292685825122E+000                  0.0000000000000000E+000                  2.5051455960498853E-001                  2.5051455960498853E-001                  5.1483050540659163E-007                  5.1483050540659163E-007                  0.0000000000000000E+000                  1.5320397520521716E+000                 -9.8999999999999986E+001                  1.8734263701387768E+000 
                                     107                  2.9999999946895674E+001                  8.5997574078402850E-001                  4.9958604843756715E+000                 -7.6564210242901778E+000                  5.7280890888206590E+000                  7.0000000000000018E-001                  2.8000000000000008E-001                  1.9999999999999796E-002                  2.6205817214594501E-001                  1.4622028650423111E+000                  0.0000000000000000E+000                  2.5141397955065597E-001                  2.5141397955065597E-001                  4.6921293917363606E-007                  4.6921293917363606E-007                  0.0000000000000000E+000                  1.5120103780479166E+000                 -9.8999999999999986E+001                  1.8517682117285164E+000 
                                     108                  2.9999999944684244E+001                  8.5992194970284774E-001                  5.0001972267175754E+000                 -7.6437018664584624E+000                  5.7452816907377482E+000                  7.0000000000000018E-001                  2.8000000000000008E-001                  1.9999999999999796E-002                  2.6202893698621310E-001                  1.4676223275944633E+000                  1.7198718250744840E-005                  2.5227552368418293E-001                  2.5227552368418293E-001                  4.2644674891897920E-007                  4.2644674891897920E-007                  0.0000000000000000E+000                  1.4925863562090242E+000                 -3.4611849222565880E+001                  1.8307375101375034E+000 
                                     109                  2.9999999942472815E+001                  8.5986969201516361E-001                  5.0043843721838384E+000                 -7.6315223329111017E+000                  5.7618273322566989E+000                  7.0000000000000018E-001                  2.8000000000000008E-001                  1.9999999999999796E-002                  2.6201004875818190E-001                  1.4729621427024124E+000                  4.0836743456693705E-003                  2.5309501961253522E-001                  2.5309501961253522E-001                  3.8605689218566751E-007                  3.8605689218566751E-007                  0.0000000000000000E+000                  1.4740677532124755E+000                 -2.7491627747821166E+001                  1.8106416323849079E+000 
                                     110                  2.9999999940261382E+001                  8.5981886140908770E-001                  5.0084322365826610E+000                 -7.6198367940321470E+000                  5.7777730157910616E+000                  7.0000000000000018E-001                  2.8000000000000008E-001                  1.9999999999999796E-002                  2.6200424725375998E-001                  1.4782957573261766E+000                  8.1798985941353330E-001                  2.5387998024319641E-001                  2.5387998024319641E-001                  3.4852084152314881E-007                  3.4852084152314881E-007                  0.0000000000000000E+000                  1.4561638106654420E+000                 -2.0592857358775923E+001                  1.7911679442955677E+000 
                                     111                  2.9999999938049950E+001                  8.5976936311375263E-001                  5.0123502756695082E+000                 -7.6086119321605432E+000                  5.7931607996404413E+000                  7.0000000000000018E-001                  2.8000000000000008E-001                  1.9999999999999796E-002                  2.6199564782748652E-001                  1.4836888210032573E+000                  1.0519257889037964E+002                  2.5464501149813157E-001                  2.5464501149813157E-001                  3.1279301396434628E-007                  3.1279301396434628E-007                  0.0000000000000000E+000                  1.4386924632397988E+000                 -1.4271491293163773E+001                  1.7721151028632263E+000 
                                     112                  2.9999999935838520E+001                  8.5972111148188490E-001                  5.0161471680556291E+000                 -7.5978163353838877E+000                  5.8080284680745109E+000                  7.0000000000000018E-001                  2.8000000000000008E-001                  1.9999999999999796E-002                  2.6198804543344079E-001                  1.4891973223491366E+000                  1.6198825916015724E+002                  2.5540245466298023E-001                  2.5540245466298023E-001                  2.7802327019972979E-007                  2.7802327019972979E-007                  0.0000000000000000E+000                  1.4219043924359003E+000                 -1.3715084962917519E+001                  1.7537176098295941E+000 
                                     113                  2.9999999933627091E+001                  8.5967402899325163E-001                  5.0198308852490898E+000                 -7.5874209115699731E+000                  5.8224100915770265E+000                  7.0000000000000018E-001                  2.8000000000000008E-001                  1.9999999999999796E-002                  2.6195823910099142E-001                  1.4948681428541957E+000                  1.0304778340440626E+002                  2.5616243734727223E-001                  2.5616243734727223E-001                  2.4331039615075215E-007                  2.4331039615075215E-007                  0.0000000000000000E+000                  1.4056980755292945E+000                 -1.4310324672451907E+001                  1.7358606528216360E+000 
                                     114                  2.9999999931415662E+001                  8.5962804532791515E-001                  5.0234087481312004E+000                 -7.5774020042157986E+000                  5.8363364981830754E+000                  7.0000000000000018E-001                  2.8000000000000008E-001                  1.9999999999999796E-002                  2.6194301075425913E-001                  1.5007347832794362E+000                  2.2938114988735302E+002                  2.5693269817482484E-001                  2.5693269817482484E-001                  2.0856844752551229E-007                  2.0856844752551229E-007                  0.0000000000000000E+000                  1.3898906571170007E+000                 -1.3273647937406318E+001                  1.7183521726022288E+000 
                                     115                  2.9999999929204225E+001                  8.5958309621992557E-001                  5.0286162524216147E+000                 -7.5631428242297600E+000                  5.8564311038367078E+000                  7.0000000000000018E-001                  2.8000000000000008E-001                  1.9999999999999796E-002                  2.6192238345263369E-001                  1.5096936196441233E+000                  7.4643257989393999E+002                  2.5770907517258240E-001                  2.5770907517258240E-001                  1.7446009907610401E-007                  1.7446009907610401E-007                  0.0000000000000000E+000                  1.3669290108949417E+000                 -1.1745141717408140E+001                  1.6928056552559234E+000 
                                     116                  2.9999999924781370E+001                  8.5949606203561535E-001                  5.0335730366572466E+000                 -7.5494001065546659E+000                  5.8756519799350020E+000                  7.0000000000000018E-001                  2.8000000000000008E-001                  1.9999999999999796E-002                  2.6185932748048746E-001                  1.5196705337757728E+000                  1.6053369321710495E+003                  2.5933364770746270E-001                  2.5933364770746270E-001                  1.0369045679602078E-007                  1.0369045679602078E-007                  0.0000000000000000E+000                  1.3452399933368715E+000                 -1.0755535255294518E+001                  1.6682560146078385E+000 
                                     117                  2.9999999922569934E+001                  8.5945388160811464E-001                  5.0367891944698400E+000                 -7.5406862162042820E+000                  5.8880137343010430E+000                  7.0000000000000018E-001                  2.8000000000000008E-001                  1.9999999999999796E-002                  2.6184008636589035E-001                  1.5264289797428969E+000                  1.5949601588469250E+003                  2.6018639096931739E-001                  2.6018639096931739E-001                  6.7280249133602064E-008                  6.7280249133602064E-008                  0.0000000000000000E+000                  1.3311878513244741E+000                 -1.0769406941866606E+001                  1.6522767125414650E+000 
                                     118                  2.9999999920358505E+001                  8.5941252714479877E-001                  5.0414886306046531E+000                 -7.5282295326948718E+000                  5.9059273387912601E+000                  7.0000000000000018E-001                  2.8000000000000008E-001                  1.9999999999999796E-002                  2.6181204587443119E-001                  1.5367723645787519E+000                  2.0042267775092691E+003                  2.6104089864635976E-001                  2.6104089864635976E-001                  3.1749952904148214E-008                  3.1749952904148214E-008                  0.0000000000000000E+000                  1.3106908076012049E+000                 -1.0479938947637960E+001                  1.6288467293410689E+000 
                                     119                  2.9999999915935650E+001                  8.5933212301888617E-001                  5.0459907789282727E+000                 -7.5161965603487912E+000                  5.9231437232815187E+000                  7.0000000000000018E-001                  2.8000000000000008E-001                  1.9999999999999796E-002                  2.6175603153726723E-001                  1.5479548279573945E+000                  2.6855232420169364E+003                  2.6280928729209962E-001                  2.6280928729212211E-001                 -4.1091993128680236E-008                 -4.1091993128680236E-008                  0.0000000000000000E+000                  1.2911205810901496E+000                 -1.0106390844691370E+001                  1.6061277618174068E+000 
                                     120                  2.9999999913724217E+001                  8.5929300339623882E-001                  5.0489216014703695E+000                 -7.5085385912423668E+000                  5.9342574244886821E+000                  7.0000000000000018E-001                  2.8000000000000008E-001                  1.9999999999999796E-002                  2.6172068182204355E-001                  1.5555424054758562E+000                  3.2295408023643372E+003                  2.6372594532118349E-001                  2.6372594532136784E-001                 -7.8489522427790982E-008                 -7.8489522427790982E-008                  0.0000000000000000E+000                  1.2784368480460993E+000                 -9.8711592664228629E+000                  1.5913204569398978E+000 
                                     121                  2.9999999911512784E+001                  8.5925455723026378E-001                  5.0532175720877639E+000                 -7.4975560499377885E+000                  5.9504178755524135E+000                  7.0000000000000018E-001                  2.8000000000000008E-001                  1.9999999999999796E-002                  2.6167608843650719E-001                  1.5671570225757798E+000                  4.1158492146848639E+003                  2.6464853128433025E-001                  2.6464853128502064E-001                 -1.1557063360431064E-007                 -1.1557063360431064E-007                  0.0000000000000000E+000                  1.2598708690538141E+000                 -9.5628635563143085E+000                  1.5695238196403285E+000 
                                     122                  2.9999999907089926E+001                  8.5917955560768766E-001                  5.0587248928964170E+000                 -7.4835773418112517E+000                  5.9710841847027583E+000                  7.0000000000000018E-001                  2.8000000000000008E-001                  1.9999999999999796E-002                  2.6158707701774003E-001                  1.5834878596393411E+000                  5.2648124932786159E+003                  2.6653458802337210E-001                  2.6653458802760105E-001                 -1.9054313679083157E-007                 -1.9054313679083157E-007                  0.0000000000000000E+000                  1.2360809166671527E+000                 -9.2520544463642622E+000                  1.5412316422778405E+000 
                                     123                  2.9999999902667071E+001                  8.5910689258699124E-001                  5.0640238069048067E+000                 -7.4704030089349045E+000                  5.9908244896086256E+000                  7.0000000000000018E-001                  2.8000000000000008E-001                  1.9999999999999796E-002                  2.6151292086546157E-001                  1.6004575187119634E+000                  6.7042729980947734E+003                  2.6847409751619045E-001                  2.6847409753184032E-001                 -2.6641470882706806E-007                 -2.6641470882706806E-007                  0.0000000000000000E+000                  1.2133717846785892E+000                 -8.9468282252289804E+000                  1.5138930972157330E+000 
                                     124                  2.9999999898244209E+001                  8.5903636583229415E-001                  5.0691327920483431E+000                 -7.4579680755805704E+000                  6.0097184060283508E+000                  7.0000000000000018E-001                  2.8000000000000008E-001                  1.9999999999999796E-002                  2.6140452410762816E-001                  1.6179806607488050E+000                  8.4413154681078995E+003                  2.7044324109778184E-001                  2.7044324114242257E-001                 -3.4245198644467854E-007                 -3.4245198644467854E-007                  0.0000000000000000E+000                  1.1914842844922930E+000                 -8.6562465239858231E+000                  1.4872764217133960E+000 
                                     125                  2.9999999893821350E+001                  8.5896779686469638E-001                  5.0740678173801834E+000                 -7.4462173961003586E+000                  6.0278357035475985E+000                  7.0000000000000018E-001                  2.8000000000000008E-001                  1.9999999999999796E-002                  2.6131317966437440E-001                  1.6359776675180147E+000                  9.9568046223299589E+003                  2.7242958770352854E-001                  2.7242958781193305E-001                 -4.1823138293848846E-007                 -4.1823138293848846E-007                  0.0000000000000000E+000                  1.1704449214328714E+000                 -8.4505427826981645E+000                  1.4614330140120859E+000 
                                     126                  2.9999999889398495E+001                  8.5890102708558880E-001                  5.0788428014129519E+000                 -7.4350963099334235E+000                  6.0452378653620356E+000                  7.0000000000000018E-001                  2.8000000000000008E-001                  1.9999999999999796E-002                  2.6123008711577217E-001                  1.6544016993117039E+000                  1.1416953775780201E+004                  2.7442422682425260E-001                  2.7442422705887992E-001                 -4.9272746263829772E-007                 -4.9272746263829772E-007                  0.0000000000000000E+000                  1.1502068208380547E+000                 -8.2815025643036932E+000                  1.4363313167491094E+000 
                                     127                  2.9999999884975633E+001                  8.5883591573930895E-001                  5.0834701205491539E+000                 -7.4245612702937791E+000                  6.0619793507648820E+000                  7.0000000000000018E-001                  2.8000000000000008E-001                  1.9999999999999796E-002                  2.6111948117030276E-001                  1.6733148893101579E+000                  1.3678628251241607E+004                  2.7642997300159805E-001                  2.7642997347184256E-001                 -5.6698053966782424E-007                 -5.6698053966782424E-007                  0.0000000000000000E+000                  1.1306396335974687E+000                 -8.0551880225121941E+000                  1.4118274214823261E+000 
                                     128                  2.9999999880552775E+001                  8.5877233659604568E-001                  5.0879610291536155E+000                 -7.4145744131944475E+000                  6.0781086260893424E+000                  7.0000000000000018E-001                  2.8000000000000008E-001                  1.9999999999999796E-002                  2.6101338263776031E-001                  1.6928240808391615E+000                  1.6713178595365102E+004                  2.7846165904102027E-001                  2.7846165993284711E-001                 -6.4168191913987361E-007                 -6.4168191913987361E-007                  0.0000000000000000E+000                  1.1117320505505286E+000                 -7.8031863848778054E+000                  1.3878856854897885E+000 
                                     129                  2.9999999876129916E+001                  8.5871017582048725E-001                  5.0944920453018421E+000                 -7.4006838506691013E+000                  6.1012450125702102E+000                  7.0000000000000018E-001                  2.8000000000000008E-001                  1.9999999999999796E-002                  2.6086182917443623E-001                  1.7232331990640399E+000                  1.9506798653576843E+004                  2.8054156923921719E-001                  2.8054157086141607E-001                 -7.1715907243638255E-007                 -7.1715907243638255E-007                  0.0000000000000000E+000                  1.0844034013267860E+000                 -7.6153679514199508E+000                  1.3528248115839732E+000 
                                     130                  2.9999999867284195E+001                  8.5858969169891153E-001                  5.1007175257538382E+000                 -7.3875987673854127E+000                  6.1232347166834282E+000                  7.0000000000000018E-001                  2.8000000000000008E-001                  1.9999999999999796E-002                  2.6068568843941797E-001                  1.7559261335766421E+000                  2.5963604622515311E+004                  2.8487300296105755E-001                  2.8487300784938363E-001                 -8.7224243919517215E-007                 -8.7224243919517215E-007                  0.0000000000000000E+000                  1.0584717733691238E+000                 -7.2559185071185537E+000                  1.3187309939305636E+000 
                                     131                  2.9999999862861333E+001                  8.5853120148525430E-001                  5.1047579722911154E+000                 -7.3795106329588185E+000                  6.1373068060100859E+000                  7.0000000000000018E-001                  2.8000000000000008E-001                  1.9999999999999796E-002                  2.6056366932066977E-001                  1.7787340666441580E+000                  2.9606380063069308E+004                  2.8714789947855857E-001                  2.8714790768009901E-001                 -9.5288786655497466E-007                 -9.5288786655497466E-007                  0.0000000000000000E+000                  1.0417485648343476E+000                 -7.0936095927950431E+000                  1.2964030050151116E+000 
                                     132                  2.9999999858438478E+001                  8.5847376749901616E-001                  5.1106661869908923E+000                 -7.3682560588576766E+000                  6.1576057538006141E+000                  7.0000000000000018E-001                  2.8000000000000008E-001                  1.9999999999999796E-002                  2.6038031875232104E-001                  1.8141184462368272E+000                  3.3431765137098933E+004                  2.8949770180365880E-001                  2.8949771534011920E-001                 -1.0357371578330748E-006                 -1.0357371578330748E-006                  0.0000000000000000E+000                  1.0173949023049653E+000                 -6.9485015575878286E+000                  1.2634947259375380E+000 
                                     133                  2.9999999849592758E+001                  8.5836177252926693E-001                  5.1163470306372618E+000                 -7.3576864940673925E+000                  6.1770177157191020E+000                  7.0000000000000018E-001                  2.8000000000000008E-001                  1.9999999999999796E-002                  2.6018198789152391E-001                  1.8506692094581394E+000                  4.4577974851091567E+004                  2.9422972678516957E-001                  2.9422976125796269E-001                 -1.2008641351991813E-006                 -1.2008641351991813E-006                  0.0000000000000000E+000                  9.9403283877990478E-001                 -6.5866349631716412E+000                  1.2314695021374946E+000 
                                     134                  2.9999999845169899E+001                  8.5830708995129412E-001                  5.1200484305203240E+000                 -7.3511541261324238E+000                  6.1894993459217700E+000                  7.0000000000000018E-001                  2.8000000000000008E-001                  1.9999999999999796E-002                  2.6004153388897294E-001                  1.8751805589067037E+000                  5.0660762496173447E+004                  2.9656640911886334E-001                  2.9656646240472634E-001                 -1.2817628894022285E-006                 -1.2817628894022285E-006                  0.0000000000000000E+000                  9.7892325583977724E-001                 -6.4286673817106861E+000                  1.2106456267986982E+000 
                                     135                  2.9999999840747037E+001                  8.5825320351456824E-001                  5.1254781198789292E+000                 -7.3420632030585251E+000                  6.2075827086332023E+000                  7.0000000000000018E-001                  2.8000000000000008E-001                  1.9999999999999796E-002                  2.5982928661710780E-001                  1.9117512914591983E+000                  5.6435239815511668E+004                  2.9883729228065553E-001                  2.9883737303733116E-001                 -1.3601954462769193E-006                 -1.3601954462769193E-006                  0.0000000000000000E+000                  9.5693265354013013E-001                 -6.3010388754263245E+000                  1.1802667239709463E+000 
                                     136                  2.9999999831901320E+001                  8.5814760501207754E-001                  5.1307207321810244E+000                 -7.3335084107142787E+000                  6.2249596697176637E+000                  7.0000000000000018E-001                  2.8000000000000008E-001                  1.9999999999999796E-002                  2.5960799677650337E-001                  1.9479996319627619E+000                  7.0310944831704561E+004                  3.0313763431013252E-001                  3.0313780891109260E-001                 -1.5074507311862249E-006                 -1.5074507311862249E-006                  0.0000000000000000E+000                  9.3570639035236791E-001                 -6.0275038659648237E+000                  1.1508829823889177E+000 
                                     137                  2.9999999827478458E+001                  8.5809580747943048E-001                  5.1341430840797351E+000                 -7.3282155245520659E+000                  6.2361749604397589E+000                  7.0000000000000018E-001                  2.8000000000000008E-001                  1.9999999999999796E-002                  2.5945241129543578E-001                  1.9718909726058844E+000                  7.9208989205880047E+004                  3.0516590821304523E-001                  3.0516615838051958E-001                 -1.5764597654396888E-006                 -1.5764597654396888E-006                  0.0000000000000000E+000                  9.2188185410424051E-001                 -5.8808844993143721E+000                  1.1317644177830353E+000 
                                     138                  2.9999999823055603E+001                  8.5804461918427799E-001                  5.1391719002210854E+000                 -7.3208449089947196E+000                  6.2524804085583572E+000                  7.0000000000000018E-001                  2.8000000000000008E-001                  1.9999999999999796E-002                  2.5922070497511157E-001                  2.0074788808641162E+000                  8.7631710365069157E+004                  3.0710884316593995E-001                  3.0710919687743249E-001                 -1.6425752654288745E-006                 -1.6425752654288745E-006                  0.0000000000000000E+000                  9.0177687552637098E-001                 -5.7620607881231152E+000                  1.1038913528266938E+000 
                                     139                  2.9999999814209879E+001                  8.5794391259643910E-001                  5.1456511991223959E+000                 -7.3117775826806994E+000                  6.2733292047922635E+000                  7.0000000000000018E-001                  2.8000000000000008E-001                  1.9999999999999796E-002                  2.5893104651287824E-001                  2.0549701790371429E+000                  1.0419759729706749E+005                  3.1082960008251742E-001                  3.1083028326373013E-001                 -1.7682478117590796E-006                 -1.7682478117590796E-006                  0.0000000000000000E+000                  8.7592360405953196E-001                 -5.5534588971103878E+000                  1.0678835423682580E+000 
                                     140                  2.9999999805364158E+001                  8.5784521884529719E-001                  5.1519102973950801E+000                 -7.3036182506055125E+000                  6.2932404941131237E+000                  7.0000000000000018E-001                  2.8000000000000008E-001                  1.9999999999999796E-002                  2.5863342535819639E-001                  2.1027170318266291E+000                  1.2562911717622586E+005                  3.1439883959368681E-001                  3.1440011113176713E-001                 -1.8876677912395014E-006                 -1.8876677912395014E-006                  0.0000000000000000E+000                  8.5078198681076178E-001                 -5.3269407600289087E+000                  1.0327666164376414E+000 
                                     141                  2.9999999796518438E+001                  8.5774829653711282E-001                  5.1579656811017935E+000                 -7.2962966205735116E+000                  6.3122954157866298E+000                  7.0000000000000018E-001                  2.8000000000000008E-001                  1.9999999999999796E-002                  2.5834917809244856E-001                  2.1505432723397657E+000                  1.5104540184477245E+005                  3.1783163856971813E-001                  3.1783393666446885E-001                 -2.0019330663920654E-006                 -2.0019330663920654E-006                  0.0000000000000000E+000                  8.2664841295457636E-001                 -5.1038949454170472E+000                  9.9886568921366103E-001 
                                     142                  2.9999999787672717E+001                  8.5765293119965147E-001                  5.1638306073635540E+000                 -7.2897390495909482E+000                  6.3305650216169136E+000                  7.0000000000000018E-001                  2.8000000000000008E-001                  1.9999999999999796E-002                  2.5807550925586742E-001                  2.1975829488075522E+000                  1.8187226585370672E+005                  3.2106341300511038E-001                  3.2106744306907670E-001                 -2.1088333871564518E-006                 -2.1088333871564518E-006                  0.0000000000000000E+000                  8.0336733032210661E-001                 -4.8788322821050860E+000                  9.6618751538428216E-001 
                                     143                  2.9999999778826997E+001                  8.5755893354368917E-001                  5.1695149344155178E+000                 -7.2838753796884284E+000                  6.3481118819146722E+000                  7.0000000000000018E-001                  2.8000000000000008E-001                  1.9999999999999796E-002                  2.5777871458020685E-001                  2.2430295225986927E+000                  2.1272675488387363E+005                  3.2399067636329387E-001                  3.2399751505915703E-001                 -2.2053365372431494E-006                 -2.2053365372431494E-006                  0.0000000000000000E+000                  7.8069843711858211E-001                 -4.6916585880549206E+000                  9.3462890896982131E-001 
                                     144                  2.9999999769981279E+001                  8.5746613662712923E-001                  5.1750260767115401E+000                 -7.2786346707635881E+000                  6.3649913838977055E+000                  7.0000000000000018E-001                  2.8000000000000008E-001                  1.9999999999999796E-002                  2.5748321077778979E-001                  2.2862495815387116E+000                  2.4359787185505513E+005                  3.2653582330298120E-001                  3.2654704022476932E-001                 -2.2891842545573332E-006                 -2.2891842545573332E-006                  0.0000000000000000E+000                  7.5879496219852893E-001                 -4.5319528235027899E+000                  9.0443678466985422E-001 
                                     145                  2.9999999761135559E+001                  8.5737439432246509E-001                  5.1803699468911999E+000                 -7.2739435043589999E+000                  6.3812527904953162E+000                  7.0000000000000018E-001                  2.8000000000000008E-001                  1.9999999999999796E-002                  2.5721203822724104E-001                  2.3268544582657213E+000                  2.8602643687118008E+005                  3.2865712096825273E-001                  3.2867490211486344E-001                 -2.3587839123351767E-006                 -2.3587839123351767E-006                  0.0000000000000000E+000                  7.3765200390858010E-001                 -4.3393900416407023E+000                  8.7564824561744348E-001 
                                     146                  2.9999999752289831E+001                  8.5728358042516795E-001                  5.1881182987123413E+000                 -7.2680165226346816E+000                  6.4045762710443013E+000                  7.0000000000000018E-001                  2.8000000000000008E-001                  1.9999999999999796E-002                  2.5682453487610718E-001                  2.3823676799905793E+000                  3.2567821914393659E+005                  3.3029217963388430E-001                  3.3031942758737270E-001                 -2.4122063157215367E-006                 -2.4122063157215367E-006                  0.0000000000000000E+000                  7.0675227548993047E-001                 -4.1953968003387105E+000                  8.3450894795557085E-001 
                                     147                  2.9999999734598397E+001                  8.5710424729549051E-001                  5.1954460175914665E+000                 -7.2625125647148119E+000                  6.4267464349611787E+000                  7.0000000000000018E-001                  2.8000000000000008E-001                  1.9999999999999796E-002                  2.5646378943980974E-001                  2.4318126535828410E+000                  4.1001861232963513E+005                  3.3246271669522642E-001                  3.3252129171326039E-001                 -2.4820225569640270E-006                 -2.4820225569640270E-006                  0.0000000000000000E+000                  6.7737721162998654E-001                 -3.9195820020731102E+000                  7.9621255840621463E-001 
                                     148                  2.9999999725752676E+001                  8.5701562795292019E-001                  5.1989941273918232E+000                 -7.2600996563847664E+000                  6.4374296726398121E+000                  7.0000000000000018E-001                  2.8000000000000008E-001                  1.9999999999999796E-002                  2.5628588231917798E-001                  2.4537815143401862E+000                  4.7052605991190154E+005                  3.3304238501242428E-001                  3.3312484904200745E-001                 -2.5001725484761763E-006                 -2.5001725484761763E-006                  0.0000000000000000E+000                  6.6313971119312443E-001                 -3.7522435023385770E+000                  7.7806928133503850E-001 
                                     149                  2.9999999721329818E+001                  8.5697154357867911E-001                  5.2013200128821113E+000                 -7.2586181674855004E+000                  6.4444113820481874E+000                  7.0000000000000018E-001                  2.8000000000000008E-001                  1.9999999999999796E-002                  2.5617043283640306E-001                  2.4673040536987387E+000                  4.9561090100998263E+005                  3.3314620903684666E-001                  3.3324296518332269E-001                 -2.5033684235032383E-006                 -2.5033684235032383E-006                  0.0000000000000000E+000                  6.5377967167497841E-001                 -3.6925387162550414E+000                  7.6632245982437486E-001 
                                     150                  2.9999999716906956E+001                  8.5692759597092782E-001                  5.2047501488192314E+000                 -7.2565693434035046E+000                  6.4546820148669672E+000                  7.0000000000000018E-001                  2.8000000000000008E-001                  1.9999999999999796E-002                  2.5600696065333806E-001                  2.4858506773304372E+000                  5.1356938814326545E+005                  3.3311109606689504E-001                  3.3322370646164134E-001                 -2.5020974934553275E-006                 -2.5020974934553275E-006                  0.0000000000000000E+000                  6.3992531777222217E-001                 -3.6580573040622983E+000                  7.4921574067447727E-001 
                                     151                  2.9999999708061235E+001                  8.5684007470120849E-001                  5.2091878510899541E+000                 -7.2539333765326530E+000                  6.4680195323962266E+000                  7.0000000000000018E-001                  2.8000000000000008E-001                  1.9999999999999796E-002                  2.5580756972717922E-001                  2.5076488554225866E+000                  5.5577181914893456E+005                  3.3274651194033916E-001                  3.3289581783060190E-001                 -2.4897593390707593E-006                 -2.4897593390707593E-006                  0.0000000000000000E+000                  6.2198101395978711E-001                 -3.5706485060916542E+000                  7.2747975166811674E-001 
                                     152                  2.9999999699215518E+001                  8.5675303057081087E-001                  5.2156205244872043E+000                 -7.2505151113917279E+000                  6.4873030089032877E+000                  7.0000000000000018E-001                  2.8000000000000008E-001                  1.9999999999999796E-002                  2.5550926205606789E-001                  2.5336842745058910E+000                  6.0442661811807961E+005                  3.3198438629172661E-001                  3.3217687531420825E-001                 -2.4644834095308564E-006                 -2.4644834095308564E-006                  0.0000000000000000E+000                  5.9572760363590183E-001                 -3.4843165594309071E+000                  6.9674056758427150E-001 
                                     153                  2.9999999681524077E+001                  8.5658015203082005E-001                  5.2216875099034992E+000                 -7.2468407126368426E+000                  6.5057953462413209E+000                  7.0000000000000018E-001                  2.8000000000000008E-001                  1.9999999999999796E-002                  2.5521674911279196E-001                  2.5537853205191849E+000                  7.1098479095287726E+005                  3.2968594122474937E-001                  3.2998441211203239E-001                 -2.3890782048787101E-006                 -2.3890782048787101E-006                  0.0000000000000000E+000                  5.7090296913007765E-001                 -3.2942623661287840E+000                  6.6848404228470981E-001 
                                     154                  2.9999999672678356E+001                  8.5649436439283377E-001                  5.2255978242030077E+000                 -7.2446430755253228E+000                  6.5177094037229413E+000                  7.0000000000000018E-001                  2.8000000000000008E-001                  1.9999999999999796E-002                  2.5503499963575932E-001                  2.5635969004658525E+000                  7.6420155424117390E+005                  3.2822849127628217E-001                  3.2858886263590714E-001                 -2.3415867176304777E-006                 -2.3415867176304777E-006                  0.0000000000000000E+000                  5.5485294131075102E-001                 -3.2142435141455490E+000                  6.5076866268604971E-001 
                                     155                  2.9999999663832636E+001                  8.5640895928162719E-001                  5.2293869035442944E+000                 -7.2424793126482943E+000                  6.5293143334599746E+000                  7.0000000000000018E-001                  2.8000000000000008E-001                  1.9999999999999796E-002                  2.5488038591496776E-001                  2.5711129921241986E+000                  8.0670677447743458E+005                  3.2652336959335460E-001                  3.2694942900999557E-001                 -2.2862608137406228E-006                 -2.2862608137406228E-006                  0.0000000000000000E+000                  5.3923654763643536E-001                 -3.1573435930473019E+000                  6.3388084370849218E-001 
                                     156                  2.9999999654986915E+001                  8.5632392858181039E-001                  5.2330592648130034E+000                 -7.2403281602920186E+000                  6.5406259586250366E+000                  7.0000000000000018E-001                  2.8000000000000008E-001                  1.9999999999999796E-002                  2.5474174438231539E-001                  2.5764833705437544E+000                  8.4486717427396739E+005                  3.2467014583857107E-001                  3.2516487188152526E-001                 -2.2261139999743007E-006                 -2.2261139999743007E-006                  0.0000000000000000E+000                  5.2398252257470745E-001                 -3.1103983291267312E+000                  6.1772063758108153E-001 
                                     157                  2.9999999646141195E+001                  8.5623926841157649E-001                  5.2383876186817773E+000                 -7.2373207458970574E+000                  6.5570720379039038E+000                  7.0000000000000018E-001                  2.8000000000000008E-001                  1.9999999999999796E-002                  2.5453109541039654E-001                  2.5802382298155897E+000                  8.8199460485391191E+005                  3.2263888945503083E-001                  3.2320281622756736E-001                 -2.1605435473534707E-006                 -2.1605435473534707E-006                  0.0000000000000000E+000                  5.0154957477960471E-001                 -3.0739607075406470E+000                  5.9465522761948308E-001 
                                     158                  2.9999999628449757E+001                  8.5607096956524853E-001                  5.2450810912429109E+000                 -7.2328699674943229E+000                  6.5781058442944484E+000                  7.0000000000000018E-001                  2.8000000000000008E-001                  1.9999999999999796E-002                  2.5427614307121987E-001                  2.5795651177141110E+000                  9.5777646250493603E+005                  3.1828040330967494E-001                  3.1897779041589908E-001                 -2.0203060535732564E-006                 -2.0203060535732564E-006                  0.0000000000000000E+000                  4.7320749673253659E-001                 -2.9907939110015405E+000                  5.6642645901520861E-001 
                                     159                  2.9999999610758319E+001                  8.5590419378816218E-001                  5.2513833038038333E+000                 -7.2282039770009563E+000                  6.5981979626597127E+000                  7.0000000000000018E-001                  2.8000000000000008E-001                  1.9999999999999796E-002                  2.5409150179787959E-001                  2.5723104567234567E+000                  1.0285406471882723E+006                  3.1371634731243114E-001                  3.1452774619560847E-001                 -1.8729948889093076E-006                 -1.8729948889093076E-006                  0.0000000000000000E+000                  4.4638320667750064E-001                 -2.9204138643142836E+000                  5.4082528069221070E-001 
                                     160                  2.9999999593066882E+001                  8.5573901095116711E-001                  5.2558476620935366E+000                 -7.2243086112130159E+000                  6.6127013195553737E+000                  7.0000000000000018E-001                  2.8000000000000008E-001                  1.9999999999999796E-002                  2.5396906870102665E-001                  2.5637006940725033E+000                  1.0850239063689369E+006                  3.0902522184038289E-001                  3.0991684393281799E-001                 -1.7215953020039682E-006                 -1.7215953020039682E-006                  0.0000000000000000E+000                  4.2734188389369221E-001                 -2.8662366441684353E+000                  5.2324001947609122E-001 
                                     161                  2.9999999584221161E+001                  8.5565708712316346E-001                  5.2587341161545069E+000                 -7.2217573353241589E+000                  6.6221149716661198E+000                  7.0000000000000018E-001                  2.8000000000000008E-001                  1.9999999999999796E-002                  2.5387742967442739E-001                  2.5561423319952783E+000                  1.1060875301777527E+006                  3.0663513098651124E-001                  3.0755102427525649E-001                 -1.6450351616290747E-006                 -1.6450351616290747E-006                  0.0000000000000000E+000                  4.1494367435517032E-001                 -2.8511968583934419E+000                  5.1212409790739322E-001 
                                     162                  2.9999999575375440E+001                  8.5557559716741960E-001                  5.2629342306581997E+000                 -7.2179698760854860E+000                  6.6358737379733421E+000                  7.0000000000000018E-001                  2.8000000000000008E-001                  1.9999999999999796E-002                  2.5373568892317427E-001                  2.5425084251843129E+000                  1.1218529922890090E+006                  3.0416983420677496E-001                  3.0509659809990336E-001                 -1.5667969439530815E-006                 -1.5667969439530815E-006                  0.0000000000000000E+000                  3.9680674656564935E-001                 -2.8472699436454834E+000                  4.9630980177189604E-001 
                                     163                  2.9999999557683999E+001                  8.5541389665832446E-001                  5.2682366609975624E+000                 -7.2123277337726766E+000                  6.6535917378065488E+000                  7.0000000000000018E-001                  2.8000000000000008E-001                  1.9999999999999796E-002                  2.5359633563026296E-001                  2.5226560894232017E+000                  1.1455111368095593E+006                  2.9930578761193771E-001                  3.0022200486723150E-001                 -1.4129907546340689E-006                 -1.4129907546340689E-006                  0.0000000000000000E+000                  3.7393066984864909E-001                 -2.8376371840744992E+000                  4.7683807734598338E-001 
                                     164                  2.9999999539992558E+001                  8.5525410596458729E-001                  5.2732592953916413E+000                 -7.2063356104337037E+000                  6.6706397244827071E+000                  7.0000000000000018E-001                  2.8000000000000008E-001                  1.9999999999999796E-002                  2.5349518501004359E-001                  2.5008808175581403E+000                  1.1574792463194467E+006                  2.9465199836780803E-001                  2.9552079701090939E-001                 -1.2658902361462690E-006                 -1.2658902361462690E-006                  0.0000000000000000E+000                  3.5212278494828125E-001                 -2.8402308364561915E+000                  4.5879524402631316E-001 
                                     165                  2.9999999522301124E+001                  8.5509633186634126E-001                  5.2780258203656309E+000                 -7.2000104590090919E+000                  6.6870671118992950E+000                  7.0000000000000018E-001                  2.8000000000000008E-001                  1.9999999999999796E-002                  2.5338859554317372E-001                  2.4779522852502516E+000                  1.1567189265292406E+006                  2.9018889627148198E-001                  2.9097943561737938E-001                 -1.1255392386785838E-006                 -1.1255392386785838E-006                  0.0000000000000000E+000                  3.3127370647419435E-001                 -2.8559264256658174E+000                  4.4194622072994821E-001 
                                     166                  2.9999999504609683E+001                  8.5494067054633771E-001                  5.2825577519181648E+000                 -7.1933775937492532E+000                  6.7029180068788277E+000                  7.0000000000000018E-001                  2.8000000000000008E-001                  1.9999999999999796E-002                  2.5328943195703907E-001                  2.4543360054584529E+000                  1.1370878710629842E+006                  2.8593927997610968E-001                  2.8663060925931977E-001                 -9.9298659288393195E-007                 -9.9298659288393195E-007                  0.0000000000000000E+000                  3.1140588866545338E-001                 -2.8917741450942094E+000                  4.2623732308689066E-001 
                                     167                  2.9999999486918249E+001                  8.5478720477204873E-001                  5.2868743807530425E+000                 -7.1864605736189313E+000                  6.7182319433504567E+000                  7.0000000000000018E-001                  2.8000000000000008E-001                  1.9999999999999796E-002                  2.5322211158312979E-001                  2.4303174887581216E+000                  1.1226625948354723E+006                  2.8190273361158125E-001                  2.8248184953932770E-001                 -8.6770971064830243E-007                 -8.6770971064830243E-007                  0.0000000000000000E+000                  2.9246332138590109E-001                 -2.9207409466325416E+000                  4.1156576157736907E-001 
                                     168                  2.9999999469226807E+001                  8.5463600486858371E-001                  5.2930362424414792E+000                 -7.1761385658077304E+000                  6.7402655232409350E+000                  7.0000000000000018E-001                  2.8000000000000008E-001                  1.9999999999999796E-002                  2.5314402019422455E-001                  2.3922858557383595E+000                  1.1133512432430421E+006                  2.7800578250869296E-001                  2.7846513286138391E-001                 -7.4737388774922888E-007                 -7.4737388774922888E-007                  0.0000000000000000E+000                  2.6518834679084435E-001                 -2.9488474773739073E+000                  3.9114072574848191E-001 
                                     169                  2.9999999433843932E+001                  8.5434025138003322E-001                  5.2986972266479357E+000                 -7.1642650984342824E+000                  6.7612908516894423E+000                  7.0000000000000018E-001                  2.8000000000000008E-001                  1.9999999999999796E-002                  2.5307228334479748E-001                  2.3577553338659092E+000                  1.0341731335762156E+006                  2.7087868849927643E-001                  2.7112213779948063E-001                 -5.2972068335005007E-007                 -5.2972068335005007E-007                  0.0000000000000000E+000                  2.4036641668671815E-001                 -3.0585042900835053E+000                  3.7263313032075523E-001 
                                     170                  2.9999999416152491E+001                  8.5419614398691834E-001                  5.3023071201321761E+000                 -7.1564550300873258E+000                  6.7747803408574123E+000                  7.0000000000000018E-001                  2.8000000000000008E-001                  1.9999999999999796E-002                  2.5304102693804054E-001                  2.3338740112931347E+000                  9.8203638143051590E+005                  2.6762784523310229E-001                  2.6778608307935592E-001                 -4.3160029682997645E-007                 -4.3160029682997645E-007                  0.0000000000000000E+000                  2.2445170597656067E-001                 -3.1342941692912989E+000                  3.6113974684623296E-001 
                                     171                  2.9999999398461057E+001                  8.5405446518571926E-001                  5.3074923508042628E+000                 -7.1448483617587355E+000                  6.7942849559927811E+000                  7.0000000000000018E-001                  2.8000000000000008E-001                  1.9999999999999796E-002                  2.5301506989861383E-001                  2.2973700625765980E+000                  9.3863772828856378E+005                  2.6442416151787823E-001                  2.6451315726595809E-001                 -3.3559999792312600E-007                 -3.3559999792312600E-007                  0.0000000000000000E+000                  2.0147638802515944E-001                 -3.2048348894765275E+000                  3.4501087860613444E-001 
                                     172                  2.9999999363078182E+001                  8.5377818159237151E-001                  5.3123040781106221E+000                 -7.1321261548606056E+000                  6.8129976690663465E+000                  7.0000000000000018E-001                  2.8000000000000008E-001                  1.9999999999999796E-002                  2.5299654433882901E-001                  2.2647575342971424E+000                  7.7576339295625628E+005                  2.5854309504601708E-001                  2.5855699240492669E-001                 -1.6145649094572890E-007                 -1.6145649094572890E-007                  0.0000000000000000E+000                  1.8038575987581218E-001                 -3.4620620526543191E+000                  3.3012949297087396E-001 
                                     173                  2.9999999345386740E+001                  8.5364383740359218E-001                  5.3153887590099744E+000                 -7.1237799969943083E+000                  6.8250540778344231E+000                  7.0000000000000018E-001                  2.8000000000000008E-001                  1.9999999999999796E-002                  2.5298480637281562E-001                  2.2429013425067494E+000                  6.9109058804508275E+005                  2.5586939631392047E-001                  2.5587164616976882E-001                 -8.3429941849546648E-008                 -8.3429941849546648E-008                  0.0000000000000000E+000                  1.6673967015744656E-001                 -3.6182135845146792E+000                  3.2069494477025967E-001 
                                     174                  2.9999999327695299E+001                  8.5351192910864260E-001                  5.3198427845756528E+000                 -7.1114357540011408E+000                  6.8425542819069003E+000                  7.0000000000000018E-001                  2.8000000000000008E-001                  1.9999999999999796E-002                  2.5297628854614201E-001                  2.2102748568205803E+000                  6.4764629215957248E+005                  2.5326861186950328E-001                  2.5326861443110726E-001                 -8.2629662815342550E-009                 -8.2629662815342550E-009                  0.0000000000000000E+000                  1.4700039417682162E-001                 -3.7104637192206718E+000                  3.0731955553850399E-001 
                                     175                  2.9999999292312424E+001                  8.5325516114797062E-001                  5.3240129828252698E+000                 -7.0983434817559914E+000                  6.8594156003023112E+000                  7.0000000000000018E-001                  2.8000000000000008E-001                  1.9999999999999796E-002                  2.5298442505068069E-001                  2.1813033570759623E+000                  4.8443631843494496E+005                  2.4855512780934244E-001                  2.4855512780934244E-001                  1.2624424336017494E-007                  1.2624424336017494E-007                  0.0000000000000000E+000                  1.2876610298247268E-001                 -4.0944228408452741E+000                  2.9481547824747800E-001 
                                     176                  2.9999999274620990E+001                  8.5313042542087159E-001                  5.3266990341918516E+000                 -7.0897836933702294E+000                  6.8703157969345705E+000                  7.0000000000000018E-001                  2.8000000000000008E-001                  1.9999999999999796E-002                  2.5298380139432303E-001                  2.1621363380472132E+000                  3.7825635318907094E+005                  2.4643443577223298E-001                  2.4643443577223298E-001                  1.8578858317804452E-007                  1.8578858317804452E-007                  0.0000000000000000E+000                  1.1689226163555332E-001                 -4.4203377571431925E+000                  2.8677462810324200E-001 
                                     177                  2.9999999256929549E+001                  8.5300801967988760E-001                  5.3305952960061944E+000                 -7.0771767938005894E+000                  6.8861872475483743E+000                  7.0000000000000018E-001                  2.8000000000000008E-001                  1.9999999999999796E-002                  2.5298391386084279E-001                  2.1337666368180899E+000                  3.2543848848902696E+005                  2.4438455389224359E-001                  2.4438455389224359E-001                  2.4264387821507616E-007                  2.4264387821507616E-007                  0.0000000000000000E+000                  9.9594959107003500E-002                 -4.6212249230885130E+000                  2.7521348037971022E-001 
                                     178                  2.9999999221546673E+001                  8.5276991627216525E-001                  5.3354891964176749E+000                 -7.0600424662658225E+000                  6.9065288752870826E+000                  7.0000000000000018E-001                  2.8000000000000008E-001                  1.9999999999999796E-002                  2.5301812139907010E-001                  2.0993826328826062E+000                  2.2975889575046941E+005                  2.4062692252868340E-001                  2.4062692252868340E-001                  3.4557443611567091E-007                  3.4557443611567091E-007                  0.0000000000000000E+000                  7.8076718610205612E-002                 -5.0796747805353126E+000                  2.6075055838189415E-001 
                                     179                  2.9999999186163798E+001                  8.5254065413561131E-001                  5.3401096139122295E+000                 -7.0430240170199800E+000                  6.9260003797140444E+000                  7.0000000000000018E-001                  2.8000000000000008E-001                  1.9999999999999796E-002                  2.5304864746007910E-001                  2.0673800381265699E+000                  8.1650676867514412E+004                  2.3732875287646024E-001                  2.3732875287646024E-001                  4.3414317684120491E-007                  4.3414317684120491E-007                  0.0000000000000000E+000                  5.7688128026385503E-002                 -6.4314410852912340E+000                  2.4703324774087990E-001 
                                     180                  2.9999999150780919E+001                  8.5231985926750409E-001                  5.3444856687567572E+000                 -7.0261895890976058E+000                  6.9446733485452539E+000                  7.0000000000000018E-001                  2.8000000000000008E-001                  1.9999999999999796E-002                  2.5309035700621785E-001                  2.0375707633105149E+000                  1.8094923734027734E+002                  2.3438650744341613E-001                  2.3438650744341613E-001                  5.1132355529305962E-007                  5.1132355529305962E-007                  0.0000000000000000E+000                  3.8360821160965196E-002                 -1.4397584652053956E+001                  2.3401355736413762E-001 
                                     181                  2.9999999115398040E+001                  8.5210714098404639E-001                  5.3486422127135427E+000                 -7.0095857288316035E+000                  6.9626108355828586E+000                  7.0000000000000018E-001                  2.8000000000000008E-001                  1.9999999999999796E-002                  2.5314781580453144E-001                  2.0097731062590221E+000                  3.0733941554898986E-001                  2.3175504391729607E-001                  2.3175504391729607E-001                  5.7900943021071585E-007                  5.7900943021071585E-007                  0.0000000000000000E+000                  1.9983458969156188E-002                 -2.2709599079200583E+001                  2.2160186377902244E-001 
                                     182                  2.9999999080015165E+001                  8.5190210617791651E-001                  5.3526005764063402E+000                 -6.9932501120699788E+000                  6.9798686729357913E+000                  7.0000000000000018E-001                  2.8000000000000008E-001                  1.9999999999999796E-002                  2.5319499690164315E-001                  1.9837992142410508E+000                  6.3584412738958173E-004                  2.2939474239272448E-001                  2.2939474239272448E-001                  6.3826577991872513E-007                  6.3826577991872513E-007                  0.0000000000000000E+000                  2.4491145199465160E-003                 -3.0764010666896525E+001                  2.0971683453666545E-001 
                                     183                  2.9999999044632290E+001                  8.5170436544432071E-001                  5.3563791442238360E+000                 -6.9772082280202206E+000                  6.9964965394776844E+000                  7.0000000000000018E-001                  2.8000000000000008E-001                  1.9999999999999796E-002                  2.5326260470528489E-001                  1.9594538086032181E+000                  1.6832659190427756E-006                  2.2726941797969130E-001                  2.2726941797969130E-001                  6.9040611977055345E-007                  6.9040611977055345E-007                  0.0000000000000000E+000                 -1.4300060789181139E-002                 -3.8496707243023870E+001                  1.9833034161039506E-001 
                                     184                  2.9999999009249414E+001                  8.5151353963670684E-001                  5.3617890002056132E+000                 -6.9541736899585755E+000                  7.0203431053474805E+000                  7.0000000000000018E-001                  2.8000000000000003E-001                  1.9999999999999796E-002                  2.5334148573239879E-001                  1.9240582111696511E+000                  0.0000000000000000E+000                  2.2530674290466840E-001                  2.2530674290466840E-001                  7.3757807430424345E-007                  7.3757807430424345E-007                  0.0000000000000000E+000                 -3.8436231896508487E-002                 -9.8999999999999986E+001                  1.8211099182151216E-001 
                                     185                  2.9999998938483657E+001                  8.5115091052430403E-001                  5.3667875302417567E+000                 -6.9309993175016134E+000                  7.0430218452635822E+000                  7.0000000000000018E-001                  2.8000000000000008E-001                  1.9999999999999796E-002                  2.5343262184649218E-001                  1.8944210326412905E+000                  0.0000000000000000E+000                  2.2194612635229355E-001                  2.2194612635229355E-001                  8.1459343060653477E-007                  8.1459343060653477E-007                  0.0000000000000000E+000                 -6.0473606248559006E-002                 -9.8999999999999986E+001                  1.6681531488977933E-001 
                                     186                  2.9999998903100781E+001                  8.5097869962019079E-001                  5.3691894535753919E+000                 -6.9198116185559480E+000                  7.0539491395346667E+000                  7.0000000000000018E-001                  2.8000000000000008E-001                  1.9999999999999796E-002                  2.5347783533149260E-001                  1.8800814970894697E+000                  0.0000000000000000E+000                  2.2053904177886013E-001                  2.2053904177886013E-001                  8.4509896701053013E-007                  8.4509896701053013E-007                  0.0000000000000000E+000                 -7.1114857779435284E-002                 -9.8999999999999986E+001                  1.5947389336917989E-001 
                                     187                  2.9999998885409340E+001                  8.5089470967981218E-001                  5.3707593320032769E+000                 -6.9125175669283623E+000                  7.0610896620828676E+000                  7.0000000000000018E-001                  2.8000000000000008E-001                  1.9999999999999796E-002                  2.5350928080638213E-001                  1.8706122985149365E+000                  0.0000000000000000E+000                  2.1985955129701346E-001                  2.1985955129701346E-001                  8.5962942672989868E-007                  8.5962942672989868E-007                  0.0000000000000000E+000                 -7.8149503725078062E-002                 -9.8999999999999986E+001                  1.5463213682661642E-001 
                                     188                  2.9999998867717899E+001                  8.5081207103921996E-001                  5.3730687107686883E+000                 -6.9018090515720383E+000                  7.0715929246747429E+000                  7.0000000000000018E-001                  2.8000000000000008E-001                  1.9999999999999796E-002                  2.5355708926492720E-001                  1.8565611215027580E+000                  0.0000000000000000E+000                  2.1919071808188073E-001                  2.1919071808188073E-001                  8.7388585297891538E-007                  8.7388585297891538E-007                  0.0000000000000000E+000                 -8.8555484794670611E-002                 -9.8999999999999986E+001                  1.4750068907616259E-001 
                                     189                  2.9999998832335024E+001                  8.5065068325172777E-001                  5.3760411296548618E+000                 -6.8876981349305701E+000                  7.0852333959965881E+000                  7.0000000000000018E-001                  2.8000000000000008E-001                  1.9999999999999796E-002                  2.5362252972895744E-001                  1.8389772837036025E+000                  0.0000000000000000E+000                  2.1792880623702504E-001                  2.1792880623702504E-001                  9.0031319807156994E-007                  9.0031319807156994E-007                  0.0000000000000000E+000                 -1.0183662683784878E-001                 -9.8999999999999986E+001                  1.3835243282108514E-001 
                                     190                  2.9999998796952148E+001                  8.5049428336506228E-001                  5.3803396666535139E+000                 -6.8673881094567992E+000                  7.1049507162940557E+000                  7.0000000000000018E-001                  2.8000000000000014E-001                  1.9999999999999685E-002                  2.5372637369508788E-001                  1.8131904530330296E+000                  0.0000000000000000E+000                  2.1675178509677537E-001                  2.1675178509677537E-001                  9.2447200359606691E-007                  9.2447200359606691E-007                  0.0000000000000000E+000                 -1.2131391465104731E-001                 -9.8999999999999986E+001                  1.2500808447589692E-001 
                                     191                  2.9999998726186391E+001                  8.5019530523922626E-001                  5.3843762622238867E+000                 -6.8472447235342946E+000                  7.1238624890901141E+000                  7.0000000000000018E-001                  2.8000000000000008E-001                  1.9999999999999796E-002                  2.5383403105973257E-001                  1.7909422776442001E+000                  0.0000000000000000E+000                  2.1469223415556365E-001                  2.1469223415556365E-001                  9.6489559746113647E-007                  9.6489559746113647E-007                  0.0000000000000000E+000                 -1.3931423889956723E-001                 -9.8999999999999986E+001                  1.1236959249777674E-001 
                                     192                  2.9999998690803515E+001                  8.5005237340794337E-001                  5.3869805051223771E+000                 -6.8343551825960756E+000                  7.1360435847258383E+000                  7.0000000000000018E-001                  2.8000000000000008E-001                  1.9999999999999796E-002                  2.5391030447266749E-001                  1.7764251119146630E+000                  0.0000000000000000E+000                  2.1380718926215558E-001                  2.1380718926215558E-001                  9.8127785877599692E-007                  9.8127785877599692E-007                  0.0000000000000000E+000                 -1.5106096905424352E-001                 -9.8999999999999986E+001                  1.0415754620012345E-001 
                                     193                  2.9999998655420640E+001                  8.4991348623221885E-001                  5.3907643773139968E+000                 -6.8157593831097625E+000                  7.1537197793382274E+000                  7.0000000000000018E-001                  2.8000000000000008E-001                  1.9999999999999796E-002                  2.5400683695921600E-001                  1.7552292865682984E+000                  0.0000000000000000E+000                  2.1295131362186023E-001                  2.1295131362186023E-001                  9.9674640854235575E-007                  9.9674640854235575E-007                  0.0000000000000000E+000                 -1.6838805853035535E-001                 -9.8999999999999986E+001                  9.2043502732600910E-002 
                                     194                  2.9999998584654886E+001                  8.4964698183109266E-001                  5.3955324396277193E+000                 -6.7916509975122370E+000                  7.1762756026763581E+000                  7.0000000000000018E-001                  2.8000000000000008E-001                  1.9999999999999796E-002                  2.5413003362141001E-001                  1.7301665803133086E+000                  0.0000000000000000E+000                  2.1143480686780444E-001                  2.1143480686780444E-001                  1.0220350331548252E-006                  1.0220350331548252E-006                  0.0000000000000000E+000                 -1.8997964462590552E-001                 -9.8999999999999986E+001                  7.6697851848541845E-002 
                                     195                  2.9999998513889128E+001                  8.4939441599083843E-001                  5.4000487403286712E+000                 -6.7686012360814258E+000                  7.1977662845391563E+000                  7.0000000000000018E-001                  2.8000000000000008E-001                  1.9999999999999796E-002                  2.5425750565554855E-001                  1.7073852750943521E+000                  0.0000000000000000E+000                  2.1019256460164804E-001                  2.1019256460164804E-001                  1.0403023420019048E-006                  1.0403023420019048E-006                  0.0000000000000000E+000                 -2.1066624078857732E-001                 -9.8999999999999986E+001                  6.1767640712138229E-002 
                                     196                  2.9999998443123367E+001                  8.4915449757683936E-001                  5.4032715724157221E+000                 -6.7518394730062763E+000                  7.2132475505375284E+000                  7.0000000000000018E-001                  2.8000000000000008E-001                  1.9999999999999796E-002                  2.5435591857882051E-001                  1.6921027000960032E+000                  0.0000000000000000E+000                  2.0917544359810633E-001                  2.0917544359810633E-001                  1.0533453945612435E-006                  1.0533453945612435E-006                  0.0000000000000000E+000                 -2.2536433610154741E-001                 -9.8999999999999986E+001                  5.0974356358120441E-002 
                                     197                  2.9999998407740492E+001                  8.4903893823015308E-001                  5.4064088207378740E+000                 -6.7358776465204295E+000                  7.2282115467427595E+000                  7.0000000000000018E-001                  2.8000000000000008E-001                  1.9999999999999796E-002                  2.5447644370415823E-001                  1.6768620401211281E+000                  0.0000000000000000E+000                  2.0872027046253205E-001                  2.0872027046253205E-001                  1.0590262427111060E-006                  1.0590262427111060E-006                  0.0000000000000000E+000                 -2.3989556871487111E-001                 -9.8999999999999986E+001                  4.0372507529000651E-002 
                                     198                  2.9999998336974734E+001                  8.4881589907395372E-001                  5.4104038735461506E+000                 -6.7151936480616232E+000                  7.2474323754451611E+000                  7.0000000000000018E-001                  2.8000000000000008E-001                  1.9999999999999796E-002                  2.5462778669767810E-001                  1.6584282111226281E+000                  0.0000000000000000E+000                  2.0788264525456926E-001                  2.0788264525456926E-001                  1.0692455904147085E-006                  1.0692455904147085E-006                  0.0000000000000000E+000                 -2.5831705768606283E-001                 -9.8999999999999986E+001                  2.6751673059033653E-002 
                                     199                  2.9999998266208980E+001                  8.4860291302529800E-001                  5.4137484355280314E+000                 -6.6977305317608273E+000                  7.2636110406948964E+000                  7.0000000000000018E-001                  2.8000000000000008E-001                  1.9999999999999796E-002                  2.5472667914601099E-001                  1.6434631683096794E+000                  0.0000000000000000E+000                  2.0718568929808770E-001                  2.0718568929808770E-001                  1.0754193063962234E-006                  1.0754193063962234E-006                  0.0000000000000000E+000                 -2.7383744043416319E-001                 -9.8999999999999986E+001                  1.5167989335028911E-002 
                                     200                  2.9999998213134663E+001                  8.4844927480817234E-001                  5.4165227320069045E+000                 -6.6833014831688056E+000                  7.2770330623963400E+000                  7.0000000000000018E-001                  2.8000000000000014E-001                  1.9999999999999685E-002                  2.5483992058987970E-001                  1.6310386510325752E+000                  0.0000000000000000E+000                  2.0671311090985423E-001                  2.0671311090985423E-001                  1.0788821965194118E-006                  1.0788821965194118E-006                  0.0000000000000000E+000                 -2.8674203931909870E-001                 -9.8999999999999986E+001                  5.5591116598219126E-003 
                                     201                  2.9999998160060350E+001                  8.4830050190835582E-001                  5.4205494644313470E+000                 -6.6626301543830646E+000                  7.2964449804036828E+000                  7.0000000000000018E-001                  2.8000000000000008E-001                  1.9999999999999796E-002                  2.5497940158748972E-001                  1.6125943258312780E+000                  0.0000000000000000E+000                  2.0624254419788707E-001                  2.0624254419788707E-001                  1.0827021563997689E-006                  1.0827021563997689E-006                  0.0000000000000000E+000                 -3.0574211193999634E-001                 -9.8999999999999986E+001                 -8.5018371101456321E-003 
                                     202                  2.9999998053911714E+001                  8.4801636227662647E-001                  5.4247742048477088E+000                 -6.6403299558463988E+000                  7.3170952925611168E+000                  7.0000000000000018E-001                  2.8000000000000008E-001                  1.9999999999999796E-002                  2.5517248886984922E-001                  1.5943286913783115E+000                  0.0000000000000000E+000                  2.0539472366073636E-001                  2.0539472366073636E-001                  1.0888711299725438E-006                  1.0888711299725438E-006                  0.0000000000000000E+000                 -3.2542020710640612E-001                 -9.8999999999999986E+001                 -2.3232670141427613E-002 
                                     203                  2.9999997983145960E+001                  8.4783612817842158E-001                  5.4288335773459027E+000                 -6.6192621993570597E+000                  7.3368401268065639E+000                  7.0000000000000018E-001                  2.8000000000000008E-001                  1.9999999999999796E-002                  2.5532039841763637E-001                  1.5760644295859050E+000                  0.0000000000000000E+000                  2.0488234157617982E-001                  2.0488234157617982E-001                  1.0919061130223182E-006                  1.0919061130223182E-006                  0.0000000000000000E+000                 -3.4460214600844929E-001                 -9.8999999999999986E+001                 -3.7410716870999922E-002 
                                     204                  2.9999997876997327E+001                  8.4757818877482871E-001                  5.4326841865050621E+000                 -6.5988844681744618E+000                  7.3557701370683741E+000                  7.0000000000000018E-001                  2.8000000000000008E-001                  1.9999999999999796E-002                  2.5546771243340299E-001                  1.5594204905554641E+000                  0.0000000000000000E+000                  2.0414944271005525E-001                  2.0414944271005525E-001                  1.0949876570441115E-006                  1.0949876570441115E-006                  0.0000000000000000E+000                 -3.6277072427704898E-001                 -9.8999999999999986E+001                 -5.0968567390505912E-002 
                                     205                  2.9999997806231569E+001                  8.4741387191770468E-001                  5.4356567116622045E+000                 -6.5832780803409330E+000                  7.3703633341293235E+000                  7.0000000000000018E-001                  2.8000000000000008E-001                  1.9999999999999796E-002                  2.5559063361593964E-001                  1.5464125393082242E+000                  0.0000000000000000E+000                  2.0371089512984847E-001                  2.0371089512984847E-001                  1.0962096704011509E-006                  1.0962096704011509E-006                  0.0000000000000000E+000                 -3.7680788419979744E-001                 -9.8999999999999986E+001                 -6.1367854956407043E-002 
                                     206                  2.9999997735465815E+001                  8.4725517801179739E-001                  5.4385307556528133E+000                 -6.5681724987331069E+000                  7.3845023879643632E+000                  7.0000000000000018E-001                  2.8000000000000008E-001                  1.9999999999999796E-002                  2.5573263902280896E-001                  1.5339638510596865E+000                  0.0000000000000000E+000                  2.0328710704413297E-001                  2.0328710704413297E-001                  1.0978689918070642E-006                  1.0978689918070642E-006                  0.0000000000000000E+000                 -3.9043469038649770E-001                 -9.8999999999999986E+001                 -7.1484425738022828E-002 
                                     207                  2.9999997664700057E+001                  8.4710174356853396E-001                  5.4426966324344592E+000                 -6.5465807929116444E+000                  7.4049117923865131E+000                  7.0000000000000018E-001                  2.8000000000000008E-001                  1.9999999999999796E-002                  2.5591477360296733E-001                  1.5156757079643128E+000                  0.0000000000000000E+000                  2.0287718535795671E-001                  2.0287718535795671E-001                  1.0995934674511087E-006                  1.0995934674511087E-006                  0.0000000000000000E+000                 -4.1052713431398791E-001                 -9.8999999999999986E+001                 -8.6368036572999213E-002 
                                     208                  2.9999997523168545E+001                  8.4680930819612188E-001                  5.4466243670462759E+000                 -6.5256039843362661E+000                  7.4244563746541514E+000                  7.0000000000000018E-001                  2.8000000000000008E-001                  1.9999999999999796E-002                  2.5610322561249049E-001                  1.4999095349064753E+000                  0.0000000000000000E+000                  2.0219791633711326E-001                  2.0219791633711326E-001                  1.0999594296655127E-006                  1.0999594296655127E-006                  0.0000000000000000E+000                 -4.2916669389156259E-001                 -9.8999999999999986E+001                 -1.0046637570652363E-001 
                                     209                  2.9999997452402788E+001                  8.4666977706804281E-001                  5.4491632398980299E+000                 -6.5122454156925240E+000                  7.4370298606771383E+000                  7.0000000000000018E-001                  2.8000000000000008E-001                  1.9999999999999796E-002                  2.5622168653177235E-001                  1.4896572365088276E+000                  0.0000000000000000E+000                  2.0193627700829891E-001                  2.0193627700829891E-001                  1.0986255763968682E-006                  1.0986255763968682E-006                  0.0000000000000000E+000                 -4.4135031370789457E-001                 -9.8999999999999986E+001                 -1.0967128221623371E-001 
                                     210                  2.9999997381637034E+001                  8.4653434391665161E-001                  5.4522453330267959E+000                 -6.4961440835416671E+000                  7.4522701580109345E+000                  7.0000000000000018E-001                  2.8000000000000008E-001                  1.9999999999999796E-002                  2.5634476273015572E-001                  1.4773711697128855E+000                  0.0000000000000000E+000                  2.0168649718253265E-001                  2.0168649718253265E-001                  1.0969858978661882E-006                  1.0969858978661882E-006                  0.0000000000000000E+000                 -4.5631091659628087E-001                 -9.8999999999999986E+001                 -1.2103515552131885E-001 
                                     211                  2.9999997275488401E+001                  8.4633836379918037E-001                  5.4557972591829982E+000                 -6.4774880108603261E+000                  7.4699106478313819E+000                  7.0000000000000018E-001                  2.8000000000000008E-001                  1.9999999999999796E-002                  2.5652453763363098E-001                  1.4638671204973492E+000                  0.0000000000000000E+000                  2.0137732750434337E-001                  2.0137732750434337E-001                  1.0936737083260526E-006                  1.0936737083260526E-006                  0.0000000000000000E+000                 -4.7339054829874766E-001                 -9.8999999999999986E+001                 -1.3412682645739646E-001 
                                     212                  2.9999997169339768E+001                  8.4615037503324031E-001                  5.4589289326027250E+000                 -6.4610188968210558E+000                  7.4855013251895004E+000                  7.0000000000000018E-001                  2.8000000000000008E-001                  1.9999999999999796E-002                  2.5669345583896480E-001                  1.4523926443103043E+000                  0.0000000000000000E+000                  2.0115087503051093E-001                  2.0115087503051093E-001                  1.0896389601053173E-006                  1.0896389601053173E-006                  0.0000000000000000E+000                 -4.8861141252776669E-001                 -9.8999999999999986E+001                 -1.4593007761092136E-001 
                                     213                  2.9999997080882572E+001                  8.4599937048177687E-001                  5.4616869084116972E+000                 -6.4465879442913465E+000                  7.4992235683284818E+000                  7.0000000000000018E-001                  2.8000000000000008E-001                  1.9999999999999796E-002                  2.5682735759765440E-001                  1.4424415754339943E+000                  0.0000000000000000E+000                  2.0100183032595176E-001                  2.0100183032595176E-001                  1.0856164256256302E-006                  1.0856164256256302E-006                  0.0000000000000000E+000                 -5.0204374010690223E-001                 -9.8999999999999986E+001                 -1.5637659791051869E-001 
                                     214                  2.9999996992425377E+001                  8.4585315110710668E-001                  5.4646288585891263E+000                 -6.4312663379001718E+000                  7.5138528977013355E+000                  7.0000000000000018E-001                  2.8000000000000008E-001                  1.9999999999999796E-002                  2.5697608642886849E-001                  1.4319543961442827E+000                  0.0000000000000000E+000                  2.0087164084189724E-001                  2.0087164084189724E-001                  1.0813024687656451E-006                  1.0813024687656451E-006                  0.0000000000000000E+000                 -5.1635599525857412E-001                 -9.8999999999999986E+001                 -1.6751981033684712E-001 
                                     215                  2.9999996886276744E+001                  8.4568358531878685E-001                  5.4682422608478412E+000                 -6.4125371761597831E+000                  7.5318139761147203E+000                  7.0000000000000018E-001                  2.8000000000000008E-001                  1.9999999999999796E-002                  2.5718174685290485E-001                  1.4192111274896491E+000                  0.0000000000000000E+000                  2.0073209554715207E-001                  2.0073209554715207E-001                  1.0763085984684461E-006                  1.0763085984684461E-006                  0.0000000000000000E+000                 -5.3406077714589018E-001                 -9.8999999999999986E+001                 -1.8134241503138954E-001 
                                     216                  2.9999996744745236E+001                  8.4546675131347770E-001                  5.4721919719574670E+000                 -6.3920161416811272E+000                  7.5515090382494092E+000                  7.0000000000000018E-001                  2.8000000000000008E-001                  1.9999999999999796E-002                  2.5736538690706651E-001                  1.4056205042482053E+000                  0.0000000000000000E+000                  2.0057620230668152E-001                  2.0057620230668152E-001                  1.0691522567204840E-006                  1.0691522567204840E-006                  0.0000000000000000E+000                 -5.5337286656034212E-001                 -9.8999999999999986E+001                 -1.9647558404278961E-001 
                                     217                  2.9999996603213724E+001                  8.4525962164662893E-001                  5.4759748654883911E+000                 -6.3724268205558596E+000                  7.5703847576654155E+000                  7.0000000000000007E-001                  2.8000000000000008E-001                  1.9999999999999796E-002                  2.5757771268373791E-001                  1.3926313874163760E+000                  0.0000000000000000E+000                  2.0044084183845740E-001                  2.0044084183845740E-001                  1.0620324194319711E-006                  1.0620324194319711E-006                  0.0000000000000000E+000                 -5.7193799520474320E-001                 -9.8999999999999986E+001                 -2.1100881164248661E-001 
                                     218                  2.9999996461682215E+001                  8.4506134978198255E-001                  5.4796041498542536E+000                 -6.3536804110705427E+000                  7.5885065242227547E+000                  7.0000000000000018E-001                  2.8000000000000008E-001                  1.9999999999999796E-002                  2.5778425048547982E-001                  1.3801386994995510E+000                  0.0000000000000000E+000                  2.0029999860902251E-001                  2.0029999860902251E-001                  1.0559316327120634E-006                  1.0559316327120634E-006                  0.0000000000000000E+000                 -5.8974523289831782E-001                 -9.8999999999999986E+001                 -2.2490260742608190E-001 
                                     219                  2.9999996320150707E+001                  8.4487119934946164E-001                  5.4830914612951336E+000                 -6.3357134916216813E+000                  7.6059322060855807E+000                  7.0000000000000018E-001                  2.8000000000000008E-001                  1.9999999999999796E-002                  2.5795731306855813E-001                  1.3681048457592451E+000                  0.0000000000000000E+000                  2.0015059268773328E-001                  2.0015059268773328E-001                  1.0500313652131127E-006                  1.0500313652131127E-006                  0.0000000000000000E+000                 -6.0697757249059336E-001                 -9.8999999999999986E+001                 -2.3833159720594319E-001 
                                     220                  2.9999996178619195E+001                  8.4468851992050609E-001                  5.4868647185329209E+000                 -6.3163936652863208E+000                  7.6247660241436233E+000                  7.0000000000000018E-001                  2.8000000000000008E-001                  1.9999999999999796E-002                  2.5820183102823518E-001                  1.3549663587240859E+000                  0.0000000000000000E+000                  1.9998877496389825E-001                  1.9998877496389825E-001                  1.0449487458307469E-006                  1.0449487458307469E-006                  0.0000000000000000E+000                 -6.2562953528636500E-001                 -9.8999999999999986E+001                 -2.5279269479386124E-001 
                                     221                  2.9999996001704805E+001                  8.4446980323608012E-001                  5.4908698708781793E+000                 -6.2958452052809664E+000                  7.6448164709241189E+000                  7.0000000000000018E-001                  2.8000000000000008E-001                  1.9999999999999796E-002                  2.5842343476985008E-001                  1.3412181011546527E+000                  0.0000000000000000E+000                  1.9978783407884149E-001                  1.9978783407884149E-001                  1.0392668037898634E-006                  1.0392668037898634E-006                  0.0000000000000000E+000                 -6.4558268858009582E-001                 -9.8999999999999986E+001                 -2.6831674523954629E-001 
                                     222                  2.9999995824790417E+001                  8.4426088569354130E-001                  5.4950832520403612E+000                 -6.2743576252733471E+000                  7.6658923263239558E+000                  7.0000000000000018E-001                  2.8000000000000008E-001                  1.9999999999999796E-002                  2.5866703939762026E-001                  1.3267655836567835E+000                  0.0000000000000000E+000                  1.9959977535909404E-001                  1.9959977535909404E-001                  1.0334576922866404E-006                  1.0334576922866404E-006                  0.0000000000000000E+000                 -6.6636826643416791E-001                 -9.8999999999999986E+001                 -2.8439711877054674E-001 
                                     223                  2.9999995612493148E+001                  8.4402191733968523E-001                  5.4987297006256641E+000                 -6.2556065309117557E+000                  7.6842427280315784E+000                  7.0000000000000018E-001                  2.8000000000000008E-001                  1.9999999999999796E-002                  2.5886300786635086E-001                  1.3147437793729670E+000                  0.0000000000000000E+000                  1.9941277955976533E-001                  1.9941277955976533E-001                  1.0260515178669710E-006                  1.0260515178669710E-006                  0.0000000000000000E+000                 -6.8445854613340062E-001                 -9.8999999999999986E+001                 -2.9853433150553654E-001 
                                     224                  2.9999995470961640E+001                  8.4386913058707735E-001                  5.5020205123152515E+000                 -6.2389212612286382E+000                  7.7007200226797288E+000                  7.0000000000000018E-001                  2.8000000000000008E-001                  1.9999999999999796E-002                  2.5903220972494218E-001                  1.3037714885418445E+000                  0.0000000000000000E+000                  1.9930759658782055E-001                  1.9930759658782055E-001                  1.0207697424419805E-006                  1.0207697424419805E-006                  0.0000000000000000E+000                 -7.0092142883615494E-001                 -9.8999999999999986E+001                 -3.1135757127209951E-001 
                                     225                  2.9999995282252957E+001                  8.4367285659977509E-001                  5.5056307704791534E+000                 -6.2205730686050886E+000                  7.7188482241436738E+000                  7.0000000000000018E-001                  2.8000000000000008E-001                  1.9999999999999796E-002                  2.5925496764668932E-001                  1.2920977071700788E+000                  0.0000000000000000E+000                  1.9917924916421481E-001                  1.9917924916421481E-001                  1.0142885287564282E-006                  1.0142885287564282E-006                  0.0000000000000000E+000                 -7.1883150619441549E-001                 -9.8999999999999986E+001                 -3.2536152942137286E-001 
                                     226                  2.9999995093544275E+001                  8.4348445196895272E-001                  5.5099636038175923E+000                 -6.1987882343665053E+000                  7.7405302404068985E+000                  7.0000000000000007E-001                  2.8000000000000008E-001                  1.9999999999999796E-002                  2.5952530329130125E-001                  1.2781353841241039E+000                  0.0000000000000000E+000                  1.9907614634236481E-001                  1.9907614634236481E-001                  1.0083087589886886E-006                  1.0083087589886886E-006                  0.0000000000000000E+000                 -7.4071145700816954E-001                 -9.8999999999999986E+001                 -3.4252298580711810E-001 
                                     227                  2.9999994810481251E+001                  8.4321524618804011E-001                  5.5134536243109302E+000                 -6.1809160475741862E+000                  7.7581882036462861E+000                  7.0000000000000018E-001                  2.8000000000000008E-001                  1.9999999999999796E-002                  2.5976752044597051E-001                  1.2677055239044448E+000                  0.0000000000000000E+000                  1.9899710300594725E-001                  1.9899710300594725E-001                  9.9889484409680063E-007                  9.9889484409680063E-007                  0.0000000000000000E+000                 -7.5806624653313404E-001                 -9.8999999999999986E+001                 -3.5631930716341953E-001 
                                     228                  2.9999994692538326E+001                  8.4310745916063723E-001                  5.5154575705841040E+000                 -6.1708168661594458E+000                  7.7682593397927251E+000                  7.0000000000000018E-001                  2.8000000000000008E-001                  1.9999999999999796E-002                  2.5988149883743189E-001                  1.2615935253236867E+000                  0.0000000000000000E+000                  1.9898772998293357E-001                  1.9898772998293357E-001                  9.9456984820070136E-007                  9.9456984820070136E-007                  0.0000000000000000E+000                 -7.6819496275375210E-001                 -9.8999999999999986E+001                 -3.6434909420101214E-001 
                                     229                  2.9999994574595402E+001                  8.4300207215258882E-001                  5.5185895561827500E+000                 -6.1552350201200570E+000                  7.7839175291873719E+000                  7.0000000000000018E-001                  2.8000000000000008E-001                  1.9999999999999796E-002                  2.6006259678637411E-001                  1.2519132064262080E+000                  0.0000000000000000E+000                  1.9895985578848985E-001                  1.9895985578848985E-001                  9.9048920655580005E-007                  9.9048920655580005E-007                  0.0000000000000000E+000                 -7.8409413428184338E-001                 -9.8999999999999986E+001                 -3.7690303744338749E-001 
                                     230                  2.9999994315120965E+001                  8.4277813721347972E-001                  5.5227042704295242E+000                 -6.1346005038620222E+000                  7.8046069636448987E+000                  7.0000000000000018E-001                  2.8000000000000008E-001                  1.9999999999999796E-002                  2.6032101046200551E-001                  1.2397622283803562E+000                  0.0000000000000000E+000                  1.9891610052093137E-001                  1.9891610052093137E-001                  9.8184551708780906E-007                  9.8184551708780906E-007                  0.0000000000000000E+000                 -8.0482326318417075E-001                 -9.8999999999999986E+001                 -3.9339635171057485E-001 
                                     231                  2.9999994055646528E+001                  8.4256427007942980E-001                  5.5268174634721108E+000                 -6.1140836242869074E+000                  7.8252718107417767E+000                  7.0000000000000018E-001                  2.8000000000000008E-001                  1.9999999999999796E-002                  2.6058066304833799E-001                  1.2277889557153419E+000                  0.0000000000000000E+000                  1.9891412423229163E-001                  1.9891412423229163E-001                  9.7322992284970806E-007                  9.7322992284970806E-007                  0.0000000000000000E+000                 -8.2570598093048642E-001                 -9.8999999999999986E+001                 -4.1006439633105984E-001 
                                     232                  2.9999993772583508E+001                  8.4234139020824306E-001                  5.5302354765799748E+000                 -6.0969649816093217E+000                  7.8425098120038843E+000                  7.0000000000000018E-001                  2.8000000000000008E-001                  1.9999999999999796E-002                  2.6082303418975006E-001                  1.2181791246690954E+000                  0.0000000000000000E+000                  1.9893907022689070E-001                  1.9893907022689070E-001                  9.6428722673453327E-007                  9.6428722673453327E-007                  0.0000000000000000E+000                 -8.4296582865879710E-001                 -9.8999999999999986E+001                 -4.2391167992636297E-001 
                                     233                  2.9999993583874826E+001                  8.4219836590924724E-001                  5.5328877450584582E+000                 -6.0837991501768043E+000                  7.8558412116088068E+000                  7.0000000000000018E-001                  2.8000000000000008E-001                  1.9999999999999796E-002                  2.6101521501566310E-001                  1.2106791761340283E+000                  0.0000000000000000E+000                  1.9896399299584006E-001                  1.9896399299584006E-001                  9.5868557060327506E-007                  9.5868557060327506E-007                  0.0000000000000000E+000                 -8.5628167094212726E-001                 -9.8999999999999986E+001                 -4.3454544557879288E-001 
                                     234                  2.9999993395166143E+001                  8.4205947722397223E-001                  5.5354645028078302E+000                 -6.0710376047613277E+000                  7.8687918518341640E+000                  7.0000000000000018E-001                  2.8000000000000008E-001                  1.9999999999999796E-002                  2.6117515055404045E-001                  1.2034494395240938E+000                  0.0000000000000000E+000                  1.9898175581542751E-001                  1.9898175581542751E-001                  9.5311881050814425E-007                  9.5311881050814425E-007                  0.0000000000000000E+000                 -8.6937706883176358E-001                 -9.8999999999999986E+001                 -4.4503962345247489E-001 
                                     235                  2.9999993206457464E+001                  8.4192448270142217E-001                  5.5389055784322183E+000                 -6.0541829481851028E+000                  7.8860119718444794E+000                  7.0000000000000018E-001                  2.8000000000000008E-001                  1.9999999999999796E-002                  2.6139285401593415E-001                  1.1936542523414304E+000                  0.0000000000000000E+000                  1.9898846140943141E-001                  1.9898846140943141E-001                  9.4765759738528275E-007                  9.4765759738528275E-007                  0.0000000000000000E+000                 -8.8707597369187652E-001                 -9.8999999999999986E+001                 -4.5918923218498142E-001 
                                     236                  2.9999992876217270E+001                  8.4169695027364944E-001                  5.5436806545929356E+000                 -6.0307930805771601E+000                  7.9099489072151679E+000                  7.0000000000000018E-001                  2.8000000000000008E-001                  1.9999999999999796E-002                  2.6173196042619540E-001                  1.1802827559427129E+000                  0.0000000000000000E+000                  1.9898373824129006E-001                  1.9898373824129006E-001                  9.3922434171792028E-007                  9.3922434171792028E-007                  0.0000000000000000E+000                 -9.1125114241804817E-001                 -9.8999999999999986E+001                 -4.7847191995401656E-001 
                                     237                  2.9999992451622738E+001                  8.4141926317044835E-001                  5.5476324307330351E+000                 -6.0112136456679686E+000                  7.9299131788761041E+000                  7.0000000000000018E-001                  2.8000000000000008E-001                  1.9999999999999796E-002                  2.6199630810419783E-001                  1.1696895248204631E+000                  0.0000000000000000E+000                  1.9901709554043417E-001                  1.9901709554043417E-001                  9.2857038994409058E-007                  9.2857038994409058E-007                  0.0000000000000000E+000                 -9.3141073725805701E-001                 -9.8999999999999986E+001                 -4.9471606313180627E-001 
                                     238                  2.9999992215736885E+001                  8.4127157630305827E-001                  5.5500937527259255E+000                 -5.9991478892204855E+000                  7.9422956927826194E+000                  7.0000000000000018E-001                  2.8000000000000008E-001                  1.9999999999999796E-002                  2.6216771424757501E-001                  1.1629518940462478E+000                  0.0000000000000000E+000                  1.9903913386690972E-001                  1.9903913386690972E-001                  9.2279804146533393E-007                  9.2279804146533393E-007                  0.0000000000000000E+000                 -9.4393061713590043E-001                 -9.8999999999999986E+001                 -5.0472709713529784E-001 
                                     239                  2.9999992027028206E+001                  8.4115655979669879E-001                  5.5535582146311189E+000                 -5.9824322980836087E+000                  7.9595983628310494E+000                  7.0000000000000018E-001                  2.8000000000000008E-001                  1.9999999999999796E-002                  2.6239527423159614E-001                  1.1531317439438635E+000                  0.0000000000000000E+000                  1.9902367765090867E-001                  1.9902367765090867E-001                  9.1887051608345433E-007                  9.1887051608345433E-007                  0.0000000000000000E+000                 -9.6151772516269218E-001                 -9.8999999999999986E+001                 -5.1863138620645644E-001 
                                     240                  2.9999991602433671E+001                  8.4090723034879400E-001                  5.5569832768748340E+000                 -5.9655857463798787E+000                  7.9769043553500172E+000                  7.0000000000000018E-001                  2.8000000000000008E-001                  1.9999999999999796E-002                  2.6260581380490944E-001                  1.1439494144516211E+000                  0.0000000000000000E+000                  1.9898993943377111E-001                  1.9898993943377111E-001                  9.0999044082187693E-007                  9.0999044082187693E-007                  0.0000000000000000E+000                 -9.7907144008154645E-001                 -9.8999999999999986E+001                 -5.3271300199024108E-001 
                                     241                  2.9999991390136401E+001                  8.4078715574140073E-001                  5.5592073755534726E+000                 -5.9547803182091332E+000                  7.9880822586040408E+000                  7.0000000000000018E-001                  2.8000000000000008E-001                  1.9999999999999796E-002                  2.6277104989693933E-001                  1.1378330112381432E+000                  0.0000000000000000E+000                  1.9898334641591106E-001                  1.9898334641591106E-001                  9.0573452275949468E-007                  9.0573452275949468E-007                  0.0000000000000000E+000                 -9.9044751654739738E-001                 -9.8999999999999986E+001                 -5.4176079147092626E-001 
                                     242                  2.9999991177839139E+001                  8.4066993574880289E-001                  5.5624586833731842E+000                 -5.9391510484181245E+000                  8.0043447433659836E+000                  7.0000000000000018E-001                  2.8000000000000008E-001                  1.9999999999999796E-002                  2.6300991196443479E-001                  1.1287210599906785E+000                  0.0000000000000000E+000                  1.9894981148861246E-001                  1.9894981148861246E-001                  9.0241611799832124E-007                  9.0241611799832124E-007                  0.0000000000000000E+000                 -1.0069322006074324E+000                 -9.8999999999999986E+001                 -5.5475357851911078E-001 
                                     243                  2.9999990753244607E+001                  8.4044351415376806E-001                  5.5663696666460805E+000                 -5.9201722380674688E+000                  8.0240335889405578E+000                  7.0000000000000018E-001                  2.8000000000000008E-001                  1.9999999999999796E-002                  2.6322857074776396E-001                  1.1181381649062063E+000                  0.0000000000000000E+000                  1.9888440534822679E-001                  1.9888440534822679E-001                  8.9527419237924398E-007                  8.9527419237919898E-007                  4.4990797910666978E-020                 -1.0271310244771776E+000                 -9.8999999999999986E+001                 -5.7086125339286564E-001 
                                     244                  2.9999990375827245E+001                  8.4025057713538664E-001                  5.5694645330162054E+000                 -5.9051650458490226E+000                  8.0396306230402246E+000                  7.0000000000000018E-001                  2.8000000000000008E-001                  1.9999999999999796E-002                  2.6345567380753976E-001                  1.1098624128392742E+000                  0.0000000000000000E+000                  1.9885487424915727E-001                  1.9885487424915727E-001                  8.8857150836452395E-007                  8.8857150836434607E-007                  1.7788979207938803E-019                 -1.0427750063538221E+000                 -9.8999999999999986E+001                 -5.8327891511935392E-001 
                                     245                  2.9999990092764222E+001                  8.4011062840021589E-001                  5.5720399337104380E+000                 -5.8927427387066729E+000                  8.0525841191412351E+000                  7.0000000000000007E-001                  2.8000000000000008E-001                  1.9999999999999796E-002                  2.6364867579632234E-001                  1.1029743780232208E+000                  0.0000000000000000E+000                  1.9883312206256037E-001                  1.9883312206256037E-001                  8.8427339275589928E-007                  8.8427339275563458E-007                  2.6465943714177129E-019                 -1.0558600235830273E+000                 -9.8999999999999986E+001                 -5.9366021572078975E-001 
                                     246                  2.9999989809701198E+001                  8.3997449622222264E-001                  5.5747515186782461E+000                 -5.8797076987171248E+000                  8.0662111626380817E+000                  7.0000000000000018E-001                  2.8000000000000008E-001                  1.9999999999999796E-002                  2.6382598962714598E-001                  1.0957629627528220E+000                  0.0000000000000000E+000                  1.9880884753528544E-001                  1.9880884753528544E-001                  8.8004048438645777E-007                  8.8004048438628275E-007                  1.7504701902484545E-019                 -1.0699524878115914E+000                 -9.8999999999999986E+001                 -6.0490387786588584E-001 
                                     247                  2.9999989479461007E+001                  8.3982021674611063E-001                  5.5775804646645195E+000                 -5.8661101212393580E+000                  8.0804433678399388E+000                  7.0000000000000018E-001                  2.8000000000000008E-001                  1.9999999999999796E-002                  2.6402638444320725E-001                  1.0883602737903961E+000                  0.0000000000000000E+000                  1.9878782746236409E-001                  1.9878782746236409E-001                  8.7497574684946308E-007                  8.7497574684941967E-007                  4.3365157355386124E-020                 -1.0845496081633250E+000                 -9.8999999999999986E+001                 -6.1655706927537757E-001 
                                     248                  2.9999989149220813E+001                  8.3967053579992545E-001                  5.5812984009371940E+000                 -5.8484177029819229E+000                  8.0990665942980637E+000                  7.0000000000000018E-001                  2.8000000000000008E-001                  1.9999999999999796E-002                  2.6429772652848521E-001                  1.0785704811265397E+000                  0.0000000000000000E+000                  1.9876659398390079E-001                  1.9876659398390079E-001                  8.7029021805306253E-007                  8.7029021805306253E-007                  0.0000000000000000E+000                 -1.1035577432285559E+000                 -9.8999999999999986E+001                 -6.3164105900301715E-001 
                                     249                  2.9999988583094773E+001                  8.3942384563742234E-001                  5.5853960987146145E+000                 -5.8287400342573230E+000                  8.1197233959393849E+000                  7.0000000000000018E-001                  2.8000000000000008E-001                  1.9999999999999796E-002                  2.6460004563379969E-001                  1.0682432177114631E+000                  0.0000000000000000E+000                  1.9874994940144552E-001                  1.9874994940144552E-001                  8.6251643346393519E-007                  8.6251643346393519E-007                  0.0000000000000000E+000                 -1.1248324088914812E+000                 -9.8999999999999986E+001                 -6.4873735028659330E-001 
                                     250                  2.9999988111323074E+001                  8.3922707598198354E-001                  5.5889722224146849E+000                 -5.8116668115558348E+000                  8.1377179731935527E+000                  7.0000000000000018E-001                  2.8000000000000008E-001                  1.9999999999999796E-002                  2.6489111859098363E-001                  1.0592478913295997E+000                  0.0000000000000000E+000                  1.9876071796445913E-001                  1.9876071796445913E-001                  8.5624978417585856E-007                  8.5624978417585856E-007                  0.0000000000000000E+000                 -1.1432188968046382E+000                 -9.8999999999999986E+001                 -6.6345131147618819E-001 
                                     251                  2.9999987639551367E+001                  8.3903763924063102E-001                  5.5920693506927508E+000                 -5.7968686088151351E+000                  8.1533260101400007E+000                  7.0000000000000018E-001                  2.8000000000000008E-001                  1.9999999999999796E-002                  2.6511796723902881E-001                  1.0515633116881808E+000                  0.0000000000000000E+000                  1.9876958785205234E-001                  1.9876958785205234E-001                  8.5027122561430382E-007                  8.5027122561430382E-007                  0.0000000000000000E+000                 -1.1591299488522464E+000                 -9.8999999999999986E+001                 -6.7620018771171297E-001 
                                     252                  2.9999987262134006E+001                  8.3889099664805999E-001                  5.5950724322066909E+000                 -5.7826300363353180E+000                  8.1684125312935372E+000                  7.0000000000000018E-001                  2.8000000000000008E-001                  1.9999999999999796E-002                  2.6532661452323003E-001                  1.0440179197818287E+000                  0.0000000000000000E+000                  1.9876868190258917E-001                  1.9876868190258917E-001                  8.4551379958860623E-007                  8.4551379958860623E-007                  0.0000000000000000E+000                 -1.1747993726032531E+000                 -9.8999999999999986E+001                 -6.8874214484446550E-001 
                                     253                  2.9999986790362307E+001                  8.3871340689206209E-001                  5.5986115632794720E+000                 -5.7658795764346449E+000                  8.1861955851206325E+000                  7.0000000000000018E-001                  2.8000000000000008E-001                  1.9999999999999796E-002                  2.6561006848057067E-001                  1.0351235514829600E+000                  0.0000000000000000E+000                  1.9874696840023429E-001                  1.9874696840023429E-001                  8.4025266603189064E-007                  8.4025266603189064E-007                  0.0000000000000000E+000                 -1.1931707668507627E+000                 -9.8999999999999986E+001                 -7.0339778415340037E-001 
                                     254                  2.9999986224236263E+001                  8.3850809077309496E-001                  5.6023145901975635E+000                 -5.7483349402004329E+000                  8.2048337253671200E+000                  7.0000000000000018E-001                  2.8000000000000008E-001                  1.9999999999999796E-002                  2.6591766494532798E-001                  1.0258454026429720E+000                  0.0000000000000000E+000                  1.9870935398080766E-001                  1.9870935398080766E-001                  8.3484392669842179E-007                  8.3484392669842179E-007                  0.0000000000000000E+000                 -1.2122707711049774E+000                 -9.8999999999999986E+001                 -7.1858752577827112E-001 
                                     255                  2.9999985658110219E+001                  8.3831062920599653E-001                  5.6052801565814869E+000                 -5.7342382573810848E+000                  8.2198036279270870E+000                  7.0000000000000018E-001                  2.8000000000000008E-001                  1.9999999999999796E-002                  2.6614232703746249E-001                  1.0184740681821256E+000                  0.0000000000000000E+000                  1.9866794553607461E-001                  1.9866794553607461E-001                  8.2966811564382237E-007                  8.2966811564382237E-007                  0.0000000000000000E+000                 -1.2277027628260706E+000                 -9.8999999999999986E+001                 -7.3088758744320637E-001 
                                     256                  2.9999985280692858E+001                  8.3818304931720045E-001                  5.6090268825607223E+000                 -5.7167502244945609E+000                  8.2385451445329014E+000                  7.0000000000000018E-001                  2.8000000000000008E-001                  1.9999999999999796E-002                  2.6643713741638303E-001                  1.0087554864679422E+000                  0.0000000000000000E+000                  1.9861607812375015E-001                  1.9861607812375015E-001                  8.2656642355334070E-007                  8.2656642355334070E-007                  0.0000000000000000E+000                 -1.2471669106533356E+000                 -9.8999999999999986E+001                 -7.4618767438720079E-001 
                                     257                  2.9999984431503798E+001                  8.3790693928436644E-001                  5.6128507711667606E+000                 -5.6985433496335887E+000                  8.2579110518294918E+000                  7.0000000000000018E-001                  2.8000000000000008E-001                  1.9999999999999796E-002                  2.6671185831123378E-001                  9.9936831451351571E-001                  0.0000000000000000E+000                  1.9849425338902374E-001                  1.9849425338902374E-001                  8.1966577824679440E-007                  8.1966577824679440E-007                  0.0000000000000000E+000                 -1.2669452406593156E+000                 -9.8999999999999986E+001                 -7.6190568793290470E-001 
                                     258                  2.9999983959732091E+001                  8.3775962733120979E-001                  5.6160252869986316E+000                 -5.6836570755790987E+000                  8.2738709075830794E+000                  7.0000000000000018E-001                  2.8000000000000008E-001                  1.9999999999999796E-002                  2.6691745618682311E-001                  9.9134675344538825E-001                  0.0000000000000000E+000                  1.9843954265991548E-001                  1.9843954265991548E-001                  8.1558479849839174E-007                  8.1558479849839174E-007                  0.0000000000000000E+000                 -1.2835029868085022E+000                 -9.8999999999999986E+001                 -7.7496345571016889E-001 
                                     259                  2.9999983299251710E+001                  8.3756010110386381E-001                  5.6190767367250576E+000                 -5.6692392604293493E+000                  8.2892928046612475E+000                  7.0000000000000018E-001                  2.8000000000000014E-001                  1.9999999999999685E-002                  2.6718572992512046E-001                  9.8386337060611728E-001                  0.0000000000000000E+000                  1.9835409857365885E-001                  1.9835409857365885E-001                  8.1074537418499219E-007                  8.1074537418499219E-007                  0.0000000000000000E+000                 -1.2992118107543735E+000                 -9.8999999999999986E+001                 -7.8738149409537428E-001 
                                     260                  2.9999982827480011E+001                  8.3742207523610290E-001                  5.6225321339444854E+000                 -5.6531270389606076E+000                  8.3066406585714354E+000                  7.0000000000000018E-001                  2.8000000000000008E-001                  1.9999999999999796E-002                  2.6744693495109129E-001                  9.7524331041723489E-001                  0.0000000000000000E+000                  1.9829718459805756E-001                  1.9829718459805756E-001                  8.0766255623835499E-007                  8.0766255623835499E-007                  0.0000000000000000E+000                 -1.3172354260283499E+000                 -9.8999999999999986E+001                 -8.0158330409415346E-001 
                                     261                  2.9999981978290943E+001                  8.3718236457952577E-001                  5.6259482818667310E+000                 -5.6369825751492160E+000                  8.3239435752785713E+000                  7.0000000000000018E-001                  2.8000000000000008E-001                  1.9999999999999796E-002                  2.6769059155461261E-001                  9.6716534597151216E-001                  0.0000000000000000E+000                  1.9821816952326130E-001                  1.9821816952326130E-001                  8.0163633822001361E-007                  8.0163633822001361E-007                  0.0000000000000000E+000                 -1.3350035139710974E+000                 -9.8999999999999986E+001                 -8.1573915467922453E-001 
                                     262                  2.9999981459342067E+001                  8.3704103448442169E-001                  5.6284647409637261E+000                 -5.6251864019304421E+000                  8.3366411945245940E+000                  7.0000000000000018E-001                  2.8000000000000008E-001                  1.9999999999999796E-002                  2.6790869146051893E-001                  9.6120940643364539E-001                  0.0000000000000000E+000                  1.9819710017602535E-001                  1.9819710017602535E-001                  7.9791274805264383E-007                  7.9791274805264383E-007                  0.0000000000000000E+000                 -1.3480007592482663E+000                 -9.8999999999999986E+001                 -8.2605369237070880E-001 
                                     263                  2.9999980940393193E+001                  8.3690335888138812E-001                  5.6316883797727906E+000                 -5.6101859352707670E+000                  8.3528512585083678E+000                  7.0000000000000018E-001                  2.8000000000000008E-001                  1.9999999999999796E-002                  2.6815377204432395E-001                  9.5357886238065126E-001                  0.0000000000000000E+000                  1.9817037091129480E-001                  1.9817037091129480E-001                  7.9448511977395644E-007                  7.9448511977395644E-007                  0.0000000000000000E+000                 -1.3648763326786733E+000                 -9.8999999999999986E+001                 -8.3946787713952986E-001 
                                     264                  2.9999980091204126E+001                  8.3668545263040617E-001                  5.6350983589373120E+000                 -5.5941911941460658E+000                  8.3700968140393019E+000                  7.0000000000000018E-001                  2.8000000000000008E-001                  1.9999999999999796E-002                  2.6840932670035011E-001                  9.4582396696275395E-001                  0.0000000000000000E+000                  1.9814935725167634E-001                  1.9814935725167634E-001                  7.8851616023829812E-007                  7.8851616023829812E-007                  0.0000000000000000E+000                 -1.3827605774991532E+000                 -9.8999999999999986E+001                 -8.5380583629676510E-001 
                                     265                  2.9999979430723744E+001                  8.3652188298581398E-001                  5.6388061634316884E+000                 -5.5770037091907962E+000                  8.3887406162556104E+000                  7.0000000000000018E-001                  2.8000000000000008E-001                  1.9999999999999796E-002                  2.6875532448936740E-001                  9.3730008556813826E-001                  0.0000000000000000E+000                  1.9814466885426779E-001                  1.9814466885426779E-001                  7.8421431433529882E-007                  7.8421431433529882E-007                  0.0000000000000000E+000                 -1.4021679514363676E+000                 -9.8999999999999986E+001                 -8.6928156065903495E-001 
                                     266                  2.9999978392825994E+001                  8.3627446781965087E-001                  5.6421471507586638E+000                 -5.5613192532169045E+000                  8.4056806567442202E+000                  7.0000000000000018E-001                  2.8000000000000008E-001                  1.9999999999999796E-002                  2.6904568024823006E-001                  9.2999255188052221E-001                  0.0000000000000000E+000                  1.9815544482632619E-001                  1.9815544482632619E-001                  7.7791782769368608E-007                  7.7791782769368608E-007                  0.0000000000000000E+000                 -1.4196595401158640E+000                 -9.8999999999999986E+001                 -8.8337398409372681E-001 
                                     267                  2.9999977826699954E+001                  8.3614413100794627E-001                  5.6455861860502061E+000                 -5.5454754374409996E+000                  8.4229452357283172E+000                  7.0000000000000018E-001                  2.8000000000000008E-001                  1.9999999999999796E-002                  2.6933128436015608E-001                  9.2220798048618235E-001                  0.0000000000000000E+000                  1.9816296169355072E-001                  1.9816296169355072E-001                  7.7456853771760416E-007                  7.7456853771760416E-007                  0.0000000000000000E+000                 -1.4377821861688207E+000                 -9.8999999999999986E+001                 -8.9784604296333559E-001 
                                     268                  2.9999976694447867E+001                  8.3589246402734951E-001                  5.6499547948365088E+000                 -5.5251957171443022E+000                  8.4449960994764961E+000                  7.0000000000000007E-001                  2.8000000000000008E-001                  1.9999999999999796E-002                  2.6974415105396288E-001                  9.1263970466453825E-001                  0.0000000000000000E+000                  1.9815597583029007E-001                  1.9815597583029007E-001                  7.6866940725727348E-007                  7.6866940725727348E-007                  0.0000000000000000E+000                 -1.4606683291956954E+000                 -9.8999999999999986E+001                 -9.1620268798968885E-001 
                                     269                  2.9999975562195786E+001                  8.3565186995973806E-001                  5.6530839277573781E+000                 -5.5105810909943456E+000                  8.4608637442069803E+000                  7.0000000000000018E-001                  2.8000000000000008E-001                  1.9999999999999796E-002                  2.7001812835306110E-001                  9.0596737204928135E-001                  0.0000000000000000E+000                  1.9818604086375516E-001                  1.9818604086375516E-001                  7.6261237567338040E-007                  7.6261237567338040E-007                  0.0000000000000000E+000                 -1.4770731799779835E+000                 -9.8999999999999986E+001                 -9.2942075678405900E-001 
                                     270                  2.9999974996069739E+001                  8.3553541019409061E-001                  5.6556281601451541E+000                 -5.4988617493132699E+000                  8.4736713469289136E+000                  7.0000000000000018E-001                  2.8000000000000008E-001                  1.9999999999999796E-002                  2.7023400259290908E-001                  9.0039127691131815E-001                  0.0000000000000000E+000                  1.9819427178955112E-001                  1.9819427178955112E-001                  7.5964290448708735E-007                  7.5964290448708735E-007                  0.0000000000000000E+000                 -1.4905163921556657E+000                 -9.8999999999999986E+001                 -9.4018269909282248E-001 
                                     271                  2.9999974146880675E+001                  8.3536520303763329E-001                  5.6590731946221640E+000                 -5.4830098049048592E+000                  8.4910168546662330E+000                  7.0000000000000018E-001                  2.8000000000000008E-001                  1.9999999999999796E-002                  2.7055183755593587E-001                  8.9289421014686454E-001                  0.0000000000000000E+000                  1.9818353734760019E-001                  1.9818353734760019E-001                  7.5565545826005332E-007                  7.5565545826005332E-007                  0.0000000000000000E+000                 -1.5086069418823689E+000                 -9.8999999999999986E+001                 -9.5464199024987506E-001 
                                     272                  2.9999973014628587E+001                  8.3514609991987254E-001                  5.6625343191531785E+000                 -5.4670071688004107E+000                  8.5085091739168135E+000                  7.0000000000000018E-001                  2.8000000000000008E-001                  1.9999999999999796E-002                  2.7082181301753627E-001                  8.8554303334364148E-001                  0.0000000000000000E+000                  1.9818154749429148E-001                  1.9818154749429148E-001                  7.5024238801258697E-007                  7.5024238801258697E-007                  0.0000000000000000E+000                 -1.5267102506874779E+000                 -9.8999999999999986E+001                 -9.6915498250648968E-001 
                                     273                  2.9999972071085182E+001                  8.3496987891389307E-001                  5.6658007452204071E+000                 -5.4519936210435649E+000                  8.5249753271048121E+000                  7.0000000000000018E-001                  2.8000000000000008E-001                  1.9999999999999796E-002                  2.7109469955270571E-001                  8.7858827755654889E-001                  0.0000000000000000E+000                  1.9818459932904481E-001                  1.9818459932904481E-001                  7.4573316653530041E-007                  7.4573316653530041E-007                  0.0000000000000000E+000                 -1.5438359370700661E+000                 -9.8999999999999986E+001                 -9.8285641838751470E-001 
                                     274                  2.9999970986010268E+001                  8.3477385894143730E-001                  5.6691655298140082E+000                 -5.4365219305794117E+000                  8.5419554490521516E+000                  7.0000000000000018E-001                  2.8000000000000008E-001                  1.9999999999999796E-002                  2.7137531742610393E-001                  8.7152533100737883E-001                  0.0000000000000000E+000                  1.9818446510388882E-001                  1.9818446510388882E-001                  7.4092633612148189E-007                  7.4092633612148189E-007                  0.0000000000000000E+000                 -1.5613764169409909E+000                 -9.8999999999999986E+001                 -9.9689152813007509E-001 
                                     275                  2.9999969900935348E+001                  8.3458444724967407E-001                  5.6729007645450462E+000                 -5.4194390295641988E+000                  8.5607623268291899E+000                  7.0000000000000018E-001                  2.8000000000000008E-001                  1.9999999999999796E-002                  2.7164410284197615E-001                  8.6369570287394537E-001                  0.0000000000000000E+000                  1.9818444627156551E-001                  1.9818444627156551E-001                  7.3613504677063142E-007                  7.3613504677063142E-007                  0.0000000000000000E+000                 -1.5810600517685247E+000                 -9.8999999999999986E+001                 -1.0126559261972663E+000 
                                     276                  2.9999968485620244E+001                  8.3434656709038091E-001                  5.6768081528955534E+000                 -5.4015153997476455E+000                  8.5804932768213629E+000                  7.0000000000000018E-001                  2.8000000000000008E-001                  1.9999999999999796E-002                  2.7198014505766144E-001                  8.5570452374239159E-001                  0.0000000000000000E+000                  1.9819056634419904E-001                  1.9819056634419904E-001                  7.3023627028322588E-007                  7.3023627028322588E-007                  0.0000000000000000E+000                 -1.6016089249838847E+000                 -9.8999999999999986E+001                 -1.0291678963749409E+000 
                                     277                  2.9999967164659473E+001                  8.3413318976689099E-001                  5.6797849155141060E+000                 -5.3878291641393998E+000                  8.5955575877809611E+000                  7.0000000000000018E-001                  2.8000000000000008E-001                  1.9999999999999796E-002                  2.7228135268888942E-001                  8.4975533565481121E-001                  0.0000000000000000E+000                  1.9822002000310748E-001                  1.9822002000310748E-001                  7.2540244784588072E-007                  7.2540244784588072E-007                  0.0000000000000000E+000                 -1.6172338461166635E+000                 -9.8999999999999986E+001                 -1.0417629056682149E+000 
                                     278                  2.9999966315470409E+001                  8.3400011484995573E-001                  5.6820545304746712E+000                 -5.3774596772471188E+000                  8.6070068795397034E+000                  7.0000000000000018E-001                  2.8000000000000008E-001                  1.9999999999999796E-002                  2.7250183501438147E-001                  8.4521432498753368E-001                  0.0000000000000000E+000                  1.9824293858882747E-001                  1.9824293858882747E-001                  7.2256494942688225E-007                  7.2256494942688225E-007                  0.0000000000000000E+000                 -1.6292497727649007E+000                 -9.8999999999999986E+001                 -1.0514517940525245E+000 
                                     279                  2.9999965466281342E+001                  8.3387006153996956E-001                  5.6853714468601728E+000                 -5.3624499172076359E+000                  8.6236535766828872E+000                  7.0000000000000018E-001                  2.8000000000000008E-001                  1.9999999999999796E-002                  2.7278316619860665E-001                  8.3853870084202875E-001                  0.0000000000000000E+000                  1.9825660445072643E-001                  1.9825660445072643E-001                  7.1977959178980057E-007                  7.1977959178980057E-007                  0.0000000000000000E+000                 -1.6467509789892498E+000                 -9.8999999999999986E+001                 -1.0655092755172770E+000 
                                     280                  2.9999963767903211E+001                  8.3361845954031066E-001                  5.6891265748292534E+000                 -5.3452806172647547E+000                  8.6426337111332625E+000                  7.0000000000000018E-001                  2.8000000000000008E-001                  1.9999999999999796E-002                  2.7311971317155875E-001                  8.3137136071344075E-001                  0.0000000000000000E+000                  1.9830866492357280E-001                  1.9830866492357280E-001                  7.1387113705427879E-007                  7.1387113705427879E-007                  0.0000000000000000E+000                 -1.6665027636896628E+000                 -9.8999999999999986E+001                 -1.0815330359317146E+000 
                                     281                  2.9999962446942444E+001                  8.3343006846167289E-001                  5.6927473866858440E+000                 -5.3288762138841221E+000                  8.6608498948166357E+000                  7.0000000000000018E-001                  2.8000000000000008E-001                  1.9999999999999796E-002                  2.7341805550329357E-001                  8.2451665315765565E-001                  0.0000000000000000E+000                  1.9837924413388516E-001                  1.9837924413388516E-001                  7.0899267950880128E-007                  7.0899267950880128E-007                  0.0000000000000000E+000                 -1.6855183020815558E+000                 -9.8999999999999986E+001                 -1.0969529674103968E+000 
                                     282                  2.9999960748564312E+001                  8.3319648970788107E-001                  5.6957853181131206E+000                 -5.3150077332809182E+000                  8.6762178765120481E+000                  7.0000000000000018E-001                  2.8000000000000008E-001                  1.9999999999999796E-002                  2.7365757508878513E-001                  8.1906472649232887E-001                  0.0000000000000000E+000                  1.9850002759022894E-001                  1.9850002759022894E-001                  7.0240508610748548E-007                  7.0240508610748548E-007                  0.0000000000000000E+000                 -1.7015016858389826E+000                 -9.8999999999999986E+001                 -1.1100551727265648E+000 
                                     283                  2.9999959805020907E+001                  8.3307064599637259E-001                  5.6979032540258245E+000                 -5.3054217407611661E+000                  8.6868835207165027E+000                  7.0000000000000018E-001                  2.8000000000000008E-001                  1.9999999999999796E-002                  2.7384186017536355E-001                  8.1528424505943864E-001                  0.0000000000000000E+000                  1.9858511321583158E-001                  1.9858511321583158E-001                  6.9875965267774235E-007                  6.9875965267774235E-007                  0.0000000000000000E+000                 -1.7126980233264988E+000                 -9.8999999999999986E+001                 -1.1192423513778322E+000 
                                     284                  2.9999958861477499E+001                  8.3294744361690964E-001                  5.6996379193827034E+000                 -5.2975624031555189E+000                  8.6956285833982658E+000                  7.0000000000000018E-001                  2.8000000000000008E-001                  1.9999999999999796E-002                  2.7400618180037095E-001                  8.1226758153402967E-001                  0.0000000000000000E+000                  1.9867634646319776E-001                  1.9867634646319776E-001                  6.9536951563164094E-007                  6.9536951563164094E-007                  0.0000000000000000E+000                 -1.7218060240083970E+000                 -9.8999999999999986E+001                 -1.1267404368291227E+000 
                                     285                  2.9999958224585697E+001                  8.3286571560514122E-001                  5.7010146872865528E+000                 -5.2913475010099580E+000                  8.7025560628865986E+000                  7.0000000000000018E-001                  2.8000000000000008E-001                  1.9999999999999796E-002                  2.7413821842101538E-001                  8.0989657413458049E-001                  0.0000000000000000E+000                  1.9874413844841443E-001                  1.9874413844841443E-001                  6.9314578850712736E-007                  6.9314578850712736E-007                  0.0000000000000000E+000                 -1.7290305539979958E+000                 -9.8999999999999986E+001                 -1.1326954182769422E+000 
                                     286                  2.9999957587693903E+001                  8.3278510363380753E-001                  5.7031982638536398E+000                 -5.2815627811972616E+000                  8.7134976858919924E+000                  7.0000000000000018E-001                  2.8000000000000008E-001                  1.9999999999999796E-002                  2.7434152392760403E-001                  8.0614647547452778E-001                  0.0000000000000000E+000                  1.9881221270331650E-001                  1.9881221270331650E-001                  6.9096752528470267E-007                  6.9096752528470267E-007                  0.0000000000000000E+000                 -1.7405339894880643E+000                 -9.8999999999999986E+001                 -1.1421832615699492E+000 
                                     287                  2.9999956172378791E+001                  8.3260980192167111E-001                  5.7061183284187518E+000                 -5.2684234930190801E+000                  8.7281743250190438E+000                  7.0000000000000018E-001                  2.8000000000000008E-001                  1.9999999999999796E-002                  2.7461516880306558E-001                  8.0134881867642116E-001                  0.0000000000000000E+000                  1.9897821546981570E-001                  1.9897821546981570E-001                  6.8607473836826572E-007                  6.8607473836826572E-007                  0.0000000000000000E+000                 -1.7559003247087377E+000                 -9.8999999999999986E+001                 -1.1549572620098341E+000 
                                     288                  2.9999954757063684E+001                  8.3243952129311349E-001                  5.7093731318108638E+000                 -5.2538628900943305E+000                  8.7444862941980048E+000                  7.0000000000000018E-001                  2.8000000000000008E-001                  1.9999999999999796E-002                  2.7491318686553867E-001                  7.9612016233718907E-001                  0.0000000000000000E+000                  1.9916577187514742E-001                  1.9916577187514742E-001                  6.8111420308083573E-007                  6.8111420308083573E-007                  0.0000000000000000E+000                 -1.7731090424609841E+000                 -9.8999999999999986E+001                 -1.1693230267934320E+000 
                                     289                  2.9999952917154044E+001                  8.3222517058311818E-001                  5.7123724846892143E+000                 -5.2403916232527976E+000                  8.7595650997089454E+000                  7.0000000000000018E-001                  2.8000000000000008E-001                  1.9999999999999796E-002                  2.7517673346025323E-001                  7.9154049368750345E-001                  0.0000000000000000E+000                  1.9943365388311782E-001                  1.9943365388311782E-001                  6.7458710589219694E-007                  6.7458710589219694E-007                  0.0000000000000000E+000                 -1.7888380255391088E+000                 -9.8999999999999986E+001                 -1.1825465481028168E+000 
                                     290                  2.9999951643370444E+001                  8.3208112815683266E-001                  5.7151600214255938E+000                 -5.2279924829697180E+000                  8.7735041741617295E+000                  7.0000000000000018E-001                  2.8000000000000014E-001                  1.9999999999999685E-002                  2.7541924859669481E-001                  7.8731119961548424E-001                  0.0000000000000000E+000                  1.9962958319031235E-001                  1.9962958319031235E-001                  6.7007908459158516E-007                  6.7007908459158516E-007                  0.0000000000000000E+000                 -1.8034934399310476E+000                 -9.8999999999999986E+001                 -1.1948752719236353E+000 
                                     291                  2.9999949944992313E+001                  8.3189426384220544E-001                  5.7183074881112947E+000                 -5.2140003956070178E+000                  8.7892469780197384E+000                  7.0000000000000018E-001                  2.8000000000000008E-001                  1.9999999999999796E-002                  2.7570394373253604E-001                  7.8269326106799419E-001                  0.0000000000000000E+000                  1.9989234980105580E-001                  1.9989234980105580E-001                  6.6427624935122207E-007                  6.6427624935122207E-007                  0.0000000000000000E+000                 -1.8200650459451195E+000                 -9.8999999999999986E+001                 -1.2088920729207195E+000 
                                     292                  2.9999948175848427E+001                  8.3170554014617493E-001                  5.7214145295299614E+000                 -5.2002279217281560E+000                  8.8047700825806920E+000                  7.0000000000000018E-001                  2.8000000000000008E-001                  1.9999999999999796E-002                  2.7597101852766759E-001                  7.7825735718101152E-001                  0.0000000000000000E+000                  2.0017638464506465E-001                  2.0017638464506465E-001                  6.5829693982947303E-007                  6.5829693982947303E-007                  0.0000000000000000E+000                 -1.8363743662694847E+000                 -9.8999999999999986E+001                 -1.2227330597063710E+000 
                                     293                  2.9999946406704542E+001                  8.3152247247860178E-001                  5.7246035112386702E+000                 -5.1861579024945605E+000                  8.8206667353654780E+000                  7.0000000000000018E-001                  2.8000000000000008E-001                  1.9999999999999796E-002                  2.7622623397486362E-001                  7.7379774994163419E-001                  0.0000000000000000E+000                  2.0046245692671583E-001                  2.0046245692671583E-001                  6.5234385093745998E-007                  6.5234385093745998E-007                  0.0000000000000000E+000                 -1.8530337382477822E+000                 -9.8999999999999986E+001                 -1.2368966839280442E+000 
                                     294                  2.9999944425263394E+001                  8.3132371092147384E-001                  5.7278591321926688E+000                 -5.1718267407160265E+000                  8.8368831684842473E+000                  7.0000000000000018E-001                  2.8000000000000008E-001                  1.9999999999999796E-002                  2.7648855745203915E-001                  7.6936871075763502E-001                  0.0000000000000000E+000                  2.0078299201192903E-001                  2.0078299201192903E-001                  6.4576769596214393E-007                  6.4576769596214393E-007                  0.0000000000000000E+000                 -1.8700901071754144E+000                 -9.8999999999999986E+001                 -1.2514601397796465E+000 
                                     295                  2.9999942443822238E+001                  8.3113114109999198E-001                  5.7312320831036683E+000                 -5.1570575371145742E+000                  8.8536403241587589E+000                  7.0000000000000018E-001                  2.8000000000000008E-001                  1.9999999999999796E-002                  2.7676819128357405E-001                  7.6486311360764392E-001                  0.0000000000000000E+000                  2.0110135335768864E-001                  2.0110135335768864E-001                  6.3945008665780194E-007                  6.3945008665780194E-007                  0.0000000000000000E+000                 -1.8876999188084882E+000                 -9.8999999999999986E+001                 -1.2665191833305791E+000 
                                     296                  2.9999940179318067E+001                  8.3091812160636291E-001                  5.7345572853622500E+000                 -5.1425130660890339E+000                  8.8701584507202149E+000                  7.0000000000000018E-001                  2.8000000000000008E-001                  1.9999999999999796E-002                  2.7704192533995570E-001                  7.6055926036825983E-001                  0.0000000000000000E+000                  2.0146245579272859E-001                  2.0146245579272859E-001                  6.3258675786662050E-007                  6.3258675786662050E-007                  0.0000000000000000E+000                 -1.9049266690889566E+000                 -9.8999999999999986E+001                 -1.2812953081000187E+000 
                                     297                  2.9999938103522574E+001                  8.3072902248875935E-001                  5.7371827216527080E+000                 -5.1310436866503339E+000                  8.8831967884715102E+000                  7.0000000000000018E-001                  2.8000000000000008E-001                  1.9999999999999796E-002                  2.7725240293593612E-001                  7.5725075242622253E-001                  0.0000000000000000E+000                  2.0179551605754006E-001                  2.0179551605754006E-001                  6.2646612970409064E-007                  6.2646612970409064E-007                  0.0000000000000000E+000                 -1.9185576856464455E+000                 -9.8999999999999986E+001                 -1.2930330080817274E+000 
                                     298                  2.9999936641030295E+001                  8.3059912293638738E-001                  5.7393044731501091E+000                 -5.1218296197468147E+000                  8.8936996432449664E+000                  7.0000000000000018E-001                  2.8000000000000008E-001                  1.9999999999999796E-002                  2.7741727610034239E-001                  7.5458966304983199E-001                  0.0000000000000000E+000                  2.0202609014444406E-001                  2.0202609014444406E-001                  6.2226169298229756E-007                  6.2226169298229756E-007                  0.0000000000000000E+000                 -1.9296553305217909E+000                 -9.8999999999999986E+001                 -1.3026018119735272E+000 
                                     299                  2.9999935178538021E+001                  8.3047183730946073E-001                  5.7428149290527122E+000                 -5.1067816133681054E+000                  8.9109469409245605E+000                  7.0000000000000018E-001                  2.8000000000000008E-001                  1.9999999999999796E-002                  2.7765824932065797E-001                  7.5012722385662067E-001                  0.0000000000000000E+000                  2.0224184200826903E-001                  2.0224184200826903E-001                  6.1820047985593591E-007                  6.1820047985593591E-007                  0.0000000000000000E+000                 -1.9480597164526994E+000                 -9.8999999999999986E+001                 -1.3184302948271227E+000 
                                     300                  2.9999931687427416E+001                  8.3017791460342061E-001                  5.7472135845458805E+000                 -5.0877788820807943E+000                  8.9326779828658136E+000                  7.0000000000000018E-001                  2.8000000000000008E-001                  1.9999999999999796E-002                  2.7801384606465107E-001                  7.4488392071447129E-001                  0.0000000000000000E+000                  2.0274652814839181E-001                  2.0274652814839181E-001                  6.0891349962019070E-007                  6.0891349962019070E-007                  0.0000000000000000E+000                 -1.9708438326779343E+000                 -9.8999999999999986E+001                 -1.3381681480111611E+000 
                                     301                  2.9999928668088518E+001                  8.2993414181399927E-001                  5.7505802223779829E+000                 -5.0732779185843375E+000                  8.9492897795933146E+000                  7.0000000000000018E-001                  2.8000000000000008E-001                  1.9999999999999796E-002                  2.7828706622569471E-001                  7.4098144474657457E-001                  0.0000000000000000E+000                  2.0319455132570521E-001                  2.0319455132570521E-001                  6.0125783311522687E-007                  6.0125783311522687E-007                  0.0000000000000000E+000                 -1.9882994553991562E+000                 -9.8999999999999986E+001                 -1.3533425452334680E+000 
                                     302                  2.9999926497938684E+001                  8.2976444161288931E-001                  5.7534341140315801E+000                 -5.0610862669623184E+000                  8.9633071632133117E+000                  7.0000000000000018E-001                  2.8000000000000008E-001                  1.9999999999999796E-002                  2.7851679223569564E-001                  7.3768316086363883E-001                  0.0000000000000000E+000                  2.0350450036229045E-001                  2.0350450036229045E-001                  5.9606806173820496E-007                  5.9606806173820496E-007                  0.0000000000000000E+000                 -2.0031589486471395E+000                 -9.8999999999999986E+001                 -1.3662646005300174E+000 
                                     303                  2.9999924139080171E+001                  8.2958487450993845E-001                  5.7560321601091307E+000                 -5.0499910629405846E+000                  8.9760706477721364E+000                  7.0000000000000018E-001                  2.8000000000000008E-001                  1.9999999999999796E-002                  2.7874911246210066E-001                  7.3476299468575001E-001                  0.0000000000000000E+000                  2.0383168555225131E-001                  2.0383168555225131E-001                  5.9078139725810744E-007                  5.9078139725810744E-007                  0.0000000000000000E+000                 -2.0165827209286125E+000                 -9.8999999999999986E+001                 -1.3779658140680147E+000 
                                     304                  2.9999922251993357E+001                  8.2944468962231155E-001                  5.7585127337153237E+000                 -5.0394634483972185E+000                  8.9882134376017362E+000                  7.0000000000000018E-001                  2.8000000000000008E-001                  1.9999999999999796E-002                  2.7896894259429800E-001                  7.3199701772788406E-001                  0.0000000000000000E+000                  2.0408978039732203E-001                  2.0408978039732203E-001                  5.8675742467583252E-007                  5.8675742467583252E-007                  0.0000000000000000E+000                 -2.0293887775402681E+000                 -9.8999999999999986E+001                 -1.3891339349867391E+000 
                                     305                  2.9999919987489186E+001                  8.2928032374992988E-001                  5.7611471603502986E+000                 -5.0282969954145962E+000                  9.0011032435096698E+000                  7.0000000000000018E-001                  2.8000000000000008E-001                  1.9999999999999796E-002                  2.7919240643096876E-001                  7.2913862417929820E-001                  0.0000000000000000E+000                  2.0439500486438883E-001                  2.0439500486438883E-001                  5.8202112973870091E-007                  5.8202112973870091E-007                  0.0000000000000000E+000                 -2.0429887360100780E+000                 -9.8999999999999986E+001                 -1.4010347165054380E+000 
                                     306                  2.9999917722985014E+001                  8.2911995036116370E-001                  5.7647778358294346E+000                 -5.0130699721157814E+000                  9.0187583002784173E+000                  7.0000000000000018E-001                  2.8000000000000008E-001                  1.9999999999999796E-002                  2.7948703833883370E-001                  7.2522284974512907E-001                  0.0000000000000000E+000                  2.0469445238522088E-001                  2.0469445238522088E-001                  5.7738430590971476E-007                  5.7738430590971476E-007                  0.0000000000000000E+000                 -2.0618610423248702E+000                 -9.8999999999999986E+001                 -1.4175684272256608E+000 
                                     307                  2.9999913571394028E+001                  8.2883562623287765E-001                  5.7686595595486425E+000                 -4.9966782042788527E+000                  9.0377251614942598E+000                  7.0000000000000018E-001                  2.8000000000000008E-001                  1.9999999999999796E-002                  2.7982170125497380E-001                  7.2135877410140714E-001                  0.0000000000000000E+000                  2.0525016431806697E-001                  2.0525016431806697E-001                  5.6910478061946543E-007                  5.6910478061946543E-007                  0.0000000000000000E+000                 -2.0818875182130823E+000                 -9.8999999999999986E+001                 -1.4352747987344969E+000 
                                     308                  2.9999910552055130E+001                  8.2863617122063682E-001                  5.7722164600703127E+000                 -4.9818263249566410E+000                  9.0549915470579414E+000                  7.0000000000000018E-001                  2.8000000000000008E-001                  1.9999999999999796E-002                  2.8010496771781085E-001                  7.1789340670528234E-001                  0.0000000000000000E+000                  2.0566601280511160E-001                  2.0566601280511160E-001                  5.6316485644898586E-007                  5.6316485644898586E-007                  0.0000000000000000E+000                 -2.1002244919011681E+000                 -9.8999999999999986E+001                 -1.4515204608702621E+000 
                                     309                  2.9999906777881506E+001                  8.2839486739321799E-001                  5.7754521870184208E+000                 -4.9682883276355696E+000                  9.0707258503664985E+000                  7.0000000000000018E-001                  2.8000000000000008E-001                  1.9999999999999796E-002                  2.8035095483114392E-001                  7.1495742437361220E-001                  0.0000000000000000E+000                  2.0619132261024095E-001                  2.0619132261024095E-001                  5.5579405449101004E-007                  5.5579405449101004E-007                  0.0000000000000000E+000                 -2.1168263272940147E+000                 -9.8999999999999986E+001                 -1.4663425773577363E+000 
                                     310                  2.9999904135959973E+001                  8.2823090955906709E-001                  5.7779852317449203E+000                 -4.9577666173701047E+000                  9.0829924963679360E+000                  7.0000000000000018E-001                  2.8000000000000008E-001                  1.9999999999999796E-002                  2.8054972789817123E-001                  7.1272640455440395E-001                  0.0000000000000000E+000                  2.0656813761980022E-001                  2.0656813761980022E-001                  5.5070552317709098E-007                  5.5070552317709098E-007                  0.0000000000000000E+000                 -2.1298464967283128E+000                 -9.8999999999999986E+001                 -1.4780054508290943E+000 
                                     311                  2.9999901619844223E+001                  8.2807833013459631E-001                  5.7803975927588231E+000                 -4.9477833629495569E+000                  9.0946512187086821E+000                  7.0000000000000018E-001                  2.8000000000000008E-001                  1.9999999999999796E-002                  2.8074361038254270E-001                  7.1067060160547724E-001                  0.0000000000000000E+000                  2.0692659229323113E-001                  2.0692659229323113E-001                  5.4602941221529916E-007                  5.4602941221529916E-007                  0.0000000000000000E+000                 -2.1422316619303587E+000                 -9.8999999999999986E+001                 -1.4891361541743895E+000 
                                     312                  2.9999899103728470E+001                  8.2792906255546617E-001                  5.7840447118323457E+000                 -4.9328740647906786E+000                  9.1121490838160693E+000                  7.0000000000000018E-001                  2.8000000000000008E-001                  1.9999999999999796E-002                  2.8101518133064035E-001                  7.0757873573529628E-001                  0.0000000000000000E+000                  2.0727810637837776E-001                  2.0727810637837776E-001                  5.4149493737698745E-007                  5.4149493737698745E-007                  0.0000000000000000E+000                 -2.1609831581801608E+000                 -9.8999999999999986E+001                 -1.5059941080647130E+000 
                                     313                  2.9999893819885404E+001                  8.2762570531648461E-001                  5.7877578156383711E+000                 -4.9175448139642350E+000                  9.1300813072702773E+000                  7.0000000000000018E-001                  2.8000000000000008E-001                  1.9999999999999796E-002                  2.8129053685433364E-001                  7.0473221796916263E-001                  0.0000000000000000E+000                  2.0801471816414704E-001                  2.0801471816414704E-001                  5.3213424721082331E-007                  5.3213424721082331E-007                  0.0000000000000000E+000                 -2.1798618457065491E+000                 -9.8999999999999986E+001                 -1.5231222366388302E+000 
                                     314                  2.9999890800546506E+001                  8.2745809777113011E-001                  5.7916942774563189E+000                 -4.9016166298797552E+000                  9.1488629326206077E+000                  7.0000000000000018E-001                  2.8000000000000008E-001                  1.9999999999999796E-002                  2.8156256679080854E-001                  7.0162058973003050E-001                  0.0000000000000000E+000                  2.0842654485486117E-001                  2.0842654485486117E-001                  5.2696917855041238E-007                  5.2696917855041238E-007                  0.0000000000000000E+000                 -2.1999956077082818E+000                 -9.8999999999999986E+001                 -1.5413342360519393E+000 
                                     315                  2.9999884761868710E+001                  8.2713440555140894E-001                  5.7952428652688868E+000                 -4.8870762392494447E+000                  9.1659348916363452E+000                  7.0000000000000007E-001                  2.8000000000000003E-001                  1.9999999999999907E-002                  2.8182056059116323E-001                  6.9907749667308294E-001                  0.0000000000000000E+000                  2.0921650652254101E-001                  2.0921650652254101E-001                  5.1715852793663560E-007                  5.1715852793663560E-007                  0.0000000000000000E+000                 -2.2179113258045091E+000                 -9.8999999999999986E+001                 -1.5576730364048192E+000 
                                     316                  2.9999882245752961E+001                  8.2700376975530876E-001                  5.7976929657176024E+000                 -4.8771967398584497E+000                  9.1776078416451039E+000                  7.0000000000000018E-001                  2.8000000000000008E-001                  1.9999999999999796E-002                  2.8198238936441505E-001                  6.9724867724451234E-001                  0.0000000000000000E+000                  2.0953602508302904E-001                  2.0953602508302904E-001                  5.1322231724464691E-007                  5.1322231724464691E-007                  0.0000000000000000E+000                 -2.2303393409445094E+000                 -9.8999999999999986E+001                 -1.5689634625560027E+000 
                                     317                  2.9999878723190911E+001                  8.2682480186231722E-001                  5.8006737287028729E+000                 -4.8652026207830117E+000                  9.1917941885346952E+000                  7.0000000000000018E-001                  2.8000000000000003E-001                  1.9999999999999796E-002                  2.8215896984552785E-001                  6.9505090721495910E-001                  0.0000000000000000E+000                  2.0995201874685687E-001                  2.0995201874685687E-001                  5.0794939081217252E-007                  5.0794939081217252E-007                  0.0000000000000000E+000                 -2.2453792333814357E+000                 -9.8999999999999986E+001                 -1.5826323182896838E+000 
                                     318                  2.9999874697405716E+001                  8.2662557851476670E-001                  5.8040470406941651E+000                 -4.8516903238489801E+000                  9.2078085109843997E+000                  7.0000000000000018E-001                  2.8000000000000008E-001                  1.9999999999999796E-002                  2.8235554524074830E-001                  6.9257441033043654E-001                  0.0000000000000000E+000                  2.1040340532881135E-001                  2.1040340532881135E-001                  5.0216444667249453E-007                  5.0216444667249453E-007                  0.0000000000000000E+000                 -2.2623977139081273E+000                 -9.8999999999999986E+001                 -1.5981006846629000E+000 
                                     319                  2.9999869916785791E+001                  8.2639590819034303E-001                  5.8077707364835174E+000                 -4.8368283153052989E+000                  9.2254520195086744E+000                  7.0000000000000018E-001                  2.8000000000000008E-001                  1.9999999999999796E-002                  2.8262907338140192E-001                  6.8989153527211722E-001                  0.0000000000000000E+000                  2.1091047899216014E-001                  2.1091047899216014E-001                  4.9587140458764268E-007                  4.9587140458764268E-007                  0.0000000000000000E+000                 -2.2811916565396140E+000                 -9.8999999999999986E+001                 -1.6152090699318180E+000 
                                     320                  2.9999864632942725E+001                  8.2615019886922614E-001                  5.8107345421209242E+000                 -4.8249732709830226E+000                  9.2395182482370828E+000                  7.0000000000000018E-001                  2.8000000000000008E-001                  1.9999999999999796E-002                  2.8283914969847440E-001                  6.8786109201465739E-001                  0.0000000000000000E+000                  2.1145506306922152E-001                  2.1145506306922152E-001                  4.8937580055748470E-007                  4.8937580055748470E-007                  0.0000000000000000E+000                 -2.2960550272377640E+000                 -9.8999999999999986E+001                 -1.6287924389861286E+000 
                                     321                  2.9999861613603827E+001                  8.2601339375072413E-001                  5.8131949639641052E+000                 -4.8152363273093002E+000                  9.2511204600822268E+000                  7.0000000000000018E-001                  2.8000000000000008E-001                  1.9999999999999796E-002                  2.8298881208412219E-001                  6.8616592929283271E-001                  0.0000000000000000E+000                  2.1175796638111538E-001                  2.1175796638111538E-001                  4.8571802994903057E-007                  4.8571802994903057E-007                  0.0000000000000000E+000                 -2.3084467742597226E+000                 -9.8999999999999986E+001                 -1.6401126248494999E+000 
                                     322                  2.9999857587818624E+001                  8.2583483663110313E-001                  5.8166160429337008E+000                 -4.8017718347500100E+000                  9.2672011099582665E+000                  7.0000000000000018E-001                  2.8000000000000008E-001                  1.9999999999999796E-002                  2.8323625899217675E-001                  6.8387277202408203E-001                  0.0000000000000000E+000                  2.1214766081890499E-001                  2.1214766081890499E-001                  4.8107897583287416E-007                  4.8107897583287416E-007                  0.0000000000000000E+000                 -2.3256709960958881E+000                 -9.8999999999999986E+001                 -1.6558830574606247E+000 
                                     323                  2.9999851549140832E+001                  8.2557478365858716E-001                  5.8205692714279698E+000                 -4.7862141946426595E+000                  9.2857870000502913E+000                  7.0000000000000018E-001                  2.8000000000000008E-001                  1.9999999999999796E-002                  2.8351806009353947E-001                  6.8141639146650179E-001                  0.0000000000000000E+000                  2.1273151326923581E-001                  2.1273151326923581E-001                  4.7446303696602088E-007                  4.7446303696602088E-007                  0.0000000000000000E+000                 -2.3455134592599443E+000                 -9.8999999999999986E+001                 -1.6741628854825605E+000 
                                     324                  2.9999845510463039E+001                  8.2532343806036335E-001                  5.8237468125956431E+000                 -4.7737184893844340E+000                  9.3007238081125969E+000                  7.0000000000000018E-001                  2.8000000000000008E-001                  1.9999999999999796E-002                  2.8372791301579459E-001                  6.7960388855362930E-001                  0.0000000000000000E+000                  2.1332786675754947E-001                  2.1332786675754947E-001                  4.6785043102661364E-007                  4.6785043102661364E-007                  0.0000000000000000E+000                 -2.3613883742468547E+000                 -9.8999999999999986E+001                 -1.6888811755448849E+000 
                                     325                  2.9999841484677837E+001                  8.2516039364185911E-001                  5.8272312257593262E+000                 -4.7602128298784514E+000                  9.3169595552904205E+000                  7.0000000000000018E-001                  2.8000000000000008E-001                  1.9999999999999796E-002                  2.8395786567103515E-001                  6.7766409932292726E-001                  0.0000000000000000E+000                  2.1372629723323022E-001                  2.1372629723323022E-001                  4.6350511255354662E-007                  4.6350511255354662E-007                  0.0000000000000000E+000                 -2.3788231697211644E+000                 -9.8999999999999986E+001                 -1.7050746232897240E+000 
                                     326                  2.9999834187942170E+001                  8.2487347868877126E-001                  5.8302854441695748E+000                 -4.7482617543907475E+000                  9.3312787736667158E+000                  7.0000000000000018E-001                  2.8000000000000003E-001                  1.9999999999999796E-002                  2.8416830940673193E-001                  6.7619904860038560E-001                  0.0000000000000000E+000                  2.1445879077218732E-001                  2.1445879077218732E-001                  4.5579621660889591E-007                  4.5579621660889591E-007                  0.0000000000000000E+000                 -2.3939455992760164E+000                 -9.8999999999999986E+001                 -1.7192572230747560E+000 
                                     327                  2.9999831168603272E+001                  8.2475781706636853E-001                  5.8332809744250369E+000                 -4.7367673608157830E+000                  9.3451554407614452E+000                  7.0000000000000018E-001                  2.8000000000000008E-001                  1.9999999999999796E-002                  2.8435503885235341E-001                  6.7472520645502942E-001                  0.0000000000000000E+000                  2.1476279041025345E-001                  2.1476279041025345E-001                  4.5266752023343910E-007                  4.5266752023343910E-007                  0.0000000000000000E+000                 -2.4090370632309503E+000                 -9.8999999999999986E+001                 -1.7334011054061012E+000 
                                     328                  2.9999823871867605E+001                  8.2448523709097221E-001                  5.8371883190506280E+000                 -4.7217162660725984E+000                  9.3633046801651645E+000                  7.0000000000000018E-001                  2.8000000000000008E-001                  1.9999999999999796E-002                  2.8462617615440300E-001                  6.7299949792292113E-001                  0.0000000000000000E+000                  2.1547856681269115E-001                  2.1547856681269115E-001                  4.4545802787689754E-007                  4.4545802787689754E-007                  0.0000000000000000E+000                 -2.4284532323674366E+000                 -9.8999999999999986E+001                 -1.7517051890847477E+000 
                                     329                  2.9999817204160870E+001                  8.2424421261352421E-001                  5.8415390706625550E+000                 -4.7051437200359878E+000                  9.3833767299883934E+000                  7.0000000000000018E-001                  2.8000000000000008E-001                  1.9999999999999796E-002                  2.8492962708533109E-001                  6.7111611423142781E-001                  0.0000000000000000E+000                  2.1611863251672192E-001                  2.1611863251672192E-001                  4.3924037076750209E-007                  4.3924037076750209E-007                  0.0000000000000000E+000                 -2.4500530968043099E+000                 -9.8999999999999986E+001                 -1.7720880665853596E+000 
                                     330                  2.9999807768726818E+001                  8.2391526335253773E-001                  5.8457336177316499E+000                 -4.6891223149127006E+000                  9.4027658949372181E+000                  7.0000000000000007E-001                  2.8000000000000008E-001                  1.9999999999999796E-002                  2.8522264008173109E-001                  6.6945368455116716E-001                  0.0000000000000000E+000                  2.1698439667004890E-001                  2.1698439667004890E-001                  4.3098637770400578E-007                  4.3098637770400578E-007                  0.0000000000000000E+000                 -2.4707683021164026E+000                 -9.8999999999999986E+001                 -1.7917262869570532E+000 
                                     331                  2.9999800975214292E+001                  8.2368655789050771E-001                  5.8490074380197301E+000                 -4.6767235945485037E+000                  9.4178218809231318E+000                  7.0000000000000018E-001                  2.8000000000000008E-001                  1.9999999999999796E-002                  2.8543878386058052E-001                  6.6814119038868103E-001                  0.0000000000000000E+000                  2.1757727345517541E-001                  2.1757727345517541E-001                  4.2536911344185772E-007                  4.2536911344185772E-007                  0.0000000000000000E+000                 -2.4869050808179725E+000                 -9.8999999999999986E+001                 -1.8070108879704361E+000 
                                     332                  2.9999794684924922E+001                  8.2348044445713775E-001                  5.8527971339851419E+000                 -4.6625085638709871E+000                  9.4351488803926582E+000                  7.0000000000000018E-001                  2.8000000000000008E-001                  1.9999999999999796E-002                  2.8566847126628397E-001                  6.6656878454377122E-001                  0.0000000000000000E+000                  2.1808355737931043E-001                  2.1808355737931043E-001                  4.2048349941690883E-007                  4.2048349941690883E-007                  0.0000000000000000E+000                 -2.5055741900600075E+000                 -9.8999999999999986E+001                 -1.8246568084348218E+000 
                                     333                  2.9999785375296653E+001                  8.2318470741882266E-001                  5.8574933146311334E+000                 -4.6449421584140715E+000                  9.4565879601524898E+000                  7.0000000000000018E-001                  2.8000000000000008E-001                  1.9999999999999796E-002                  2.8592588327706064E-001                  6.6465037783104897E-001                  0.0000000000000000E+000                  2.1877324036043352E-001                  2.1877324036043352E-001                  4.1367068452946792E-007                  4.1367068452946792E-007                  0.0000000000000000E+000                 -2.5285996117673077E+000                 -9.8999999999999986E+001                 -1.8464306557187069E+000 
                                     334                  2.9999774555998940E+001                  8.2285392241736499E-001                  5.8619845785889595E+000                 -4.6281650841604938E+000                  9.4770791787863882E+000                  7.0000000000000018E-001                  2.8000000000000008E-001                  1.9999999999999796E-002                  2.8615519082151469E-001                  6.6288795237856302E-001                  0.0000000000000000E+000                  2.1952131337125974E-001                  2.1952131337125974E-001                  4.0618314702498618E-007                  4.0618314702498618E-007                  0.0000000000000000E+000                 -2.5504734191110270E+000                 -9.8999999999999986E+001                 -1.8671514776860649E+000 
                                     335                  2.9999765246370671E+001                  8.2257950616119324E-001                  5.8650692514258589E+000                 -4.6166550989582351E+000                  9.4911458883925430E+000                  7.0000000000000018E-001                  2.8000000000000008E-001                  1.9999999999999796E-002                  2.8629927123442583E-001                  6.6173035563717331E-001                  0.0000000000000000E+000                  2.2013313196667925E-001                  2.2013313196667925E-001                  4.0003154001277928E-007                  4.0003154001277928E-007                  0.0000000000000000E+000                 -2.5653728893655319E+000                 -9.8999999999999986E+001                 -1.8812920248245995E+000 
                                     336                  2.9999760214139176E+001                  8.2243484338779593E-001                  5.8671896411185358E+000                 -4.6088108894116004E+000                  9.5007647473971488E+000                  7.0000000000000018E-001                  2.8000000000000008E-001                  1.9999999999999796E-002                  2.8639512105449155E-001                  6.6092415802987114E-001                  0.0000000000000000E+000                  2.2044944805958344E-001                  2.2044944805958344E-001                  3.9683518526677065E-007                  3.9683518526677065E-007                  0.0000000000000000E+000                 -2.5756540141125801E+000                 -9.8999999999999986E+001                 -1.8910437661849624E+000 
                                     337                  2.9999755181907680E+001                  8.2229262921045942E-001                  5.8699834516123959E+000                 -4.5985473354718174E+000                  9.5133848023071454E+000                  7.0000000000000018E-001                  2.8000000000000008E-001                  1.9999999999999796E-002                  2.8651643183151199E-001                  6.5986180219895585E-001                  0.0000000000000000E+000                  2.2075150732692311E-001                  2.2075150732692311E-001                  3.9376479696695654E-007                  3.9376479696695654E-007                  0.0000000000000000E+000                 -2.5892385417924944E+000                 -9.8999999999999986E+001                 -1.9039297152298140E+000 
                                     338                  2.9999746684526329E+001                  8.2205779066261342E-001                  5.8730738898635009E+000                 -4.5871609275701140E+000                  9.5273718158739857E+000                  7.0000000000000018E-001                  2.8000000000000008E-001                  1.9999999999999796E-002                  2.8665774380002212E-001                  6.5877446585074317E-001                  0.0000000000000000E+000                  2.2125003949391261E-001                  2.2125003949391261E-001                  3.8874920074486631E-007                  3.8874920074486631E-007                  0.0000000000000000E+000                 -2.6041267594706881E+000                 -9.8999999999999986E+001                 -1.9181018126223783E+000 
                                     339                  2.9999739753648946E+001                  8.2187092967012054E-001                  5.8757810879327099E+000                 -4.5772377485647118E+000                  9.5395863614268350E+000                  7.0000000000000018E-001                  2.8000000000000008E-001                  1.9999999999999796E-002                  2.8679491374917832E-001                  6.5785154384856170E-001                  0.0000000000000000E+000                  2.2165112421150915E-001                  2.2165112421150915E-001                  3.8483201494230995E-007                  3.8483201494230995E-007                  0.0000000000000000E+000                 -2.6172092377172786E+000                 -9.8999999999999986E+001                 -1.9305755225861649E+000 
                                     340                  2.9999732822771563E+001                  8.2168805646576171E-001                  5.8797111802489388E+000                 -4.5629927599643070E+000                  9.5571970266372031E+000                  7.0000000000000018E-001                  2.8000000000000008E-001                  1.9999999999999796E-002                  2.8698318349434360E-001                  6.5651524424264329E-001                  0.0000000000000000E+000                  2.2203742988812372E-001                  2.2203742988812372E-001                  3.8111897297270658E-007                  3.8111897297270658E-007                  0.0000000000000000E+000                 -2.6362473118518457E+000                 -9.8999999999999986E+001                 -1.9487305750275563E+000 
                                     341                  2.9999719103969607E+001                  8.2133711579591506E-001                  5.8835651763009302E+000                 -4.5488809794857259E+000                  9.5745781388725266E+000                  7.0000000000000018E-001                  2.8000000000000008E-001                  1.9999999999999796E-002                  2.8718805954870941E-001                  6.5540344831589437E-001                  0.0000000000000000E+000                  2.2278809769522145E-001                  2.2278809769522145E-001                  3.7410175506786106E-007                  3.7410175506786106E-007                  0.0000000000000000E+000                 -2.6547081163944526E+000                 -9.8999999999999986E+001                 -1.9664554941266581E+000 
                                     342                  2.9999711672951879E+001                  8.2115275989097247E-001                  5.8869920594173362E+000                 -4.5365271284649502E+000                  9.5898857136430742E+000                  7.0000000000000018E-001                  2.8000000000000008E-001                  1.9999999999999796E-002                  2.8737442091674414E-001                  6.5437297272702566E-001                  0.0000000000000000E+000                  2.2318476213984306E-001                  2.2318476213984306E-001                  3.7052434834153333E-007                  3.7052434834153333E-007                  0.0000000000000000E+000                 -2.6713407859359481E+000                 -9.8999999999999986E+001                 -1.9824048900568136E+000 
                                     343                  2.9999699796026107E+001                  8.2086590271119197E-001                  5.8905051619828077E+000                 -4.5238098941071714E+000                  9.6056204744352307E+000                  7.0000000000000018E-001                  2.8000000000000008E-001                  1.9999999999999796E-002                  2.8756484104367036E-001                  6.5341618939679447E-001                  0.0000000000000000E+000                  2.2378906836555107E-001                  2.2378906836555107E-001                  3.6514236262408439E-007                  3.6514236262408439E-007                  0.0000000000000000E+000                 -2.6881270900354739E+000                 -9.8999999999999986E+001                 -1.9985558333310500E+000 
                                     344                  2.9999691158261911E+001                  8.2066295669428257E-001                  5.8934220769642165E+000                 -4.5133245395266801E+000                  9.6186289611881559E+000                  7.0000000000000018E-001                  2.8000000000000008E-001                  1.9999999999999796E-002                  2.8772690396536160E-001                  6.5262017808595896E-001                  0.0000000000000000E+000                  2.2421451504491396E-001                  2.2421451504491396E-001                  3.6141194282316997E-007                  3.6141194282316997E-007                  0.0000000000000000E+000                 -2.7021750564364888E+000                 -9.8999999999999986E+001                 -2.0120745285766577E+000 
                                     345                  2.9999682298202320E+001                  8.2045946807334191E-001                  5.8963717628823202E+000                 -4.5027575072026691E+000                  9.6317574949070153E+000                  7.0000000000000018E-001                  2.8000000000000014E-001                  1.9999999999999685E-002                  2.8788091657021120E-001                  6.5182706802935275E-001                  0.0000000000000000E+000                  2.2462928240190774E-001                  2.2462928240190774E-001                  3.5777765101749723E-007                  3.5777765101749723E-007                  0.0000000000000000E+000                 -2.7164254853736609E+000                 -9.8999999999999986E+001                 -2.0257969249539767E+000 
                                     346                  2.9999672993551918E+001                  8.2025060818853168E-001                  5.8993891295346454E+000                 -4.4919828585080204E+000                  9.6451623636946060E+000                  7.0000000000000018E-001                  2.8000000000000008E-001                  1.9999999999999796E-002                  2.8801815278178466E-001                  6.5102337999067550E-001                  0.0000000000000000E+000                  2.2504460407369728E-001                  2.2504460407369728E-001                  3.5406152302391508E-007                  3.5406152302391508E-007                  0.0000000000000000E+000                 -2.7309005473850756E+000                 -9.8999999999999986E+001                 -2.0397362965763945E+000 
                                     347                  2.9999663212554225E+001                  8.2003612241176105E-001                  5.9036429951751170E+000                 -4.4769508201090300E+000                  9.6639405762349906E+000                  7.0000000000000018E-001                  2.8000000000000008E-001                  1.9999999999999796E-002                  2.8821639256091186E-001                  6.4983498980712540E-001                  0.0000000000000000E+000                  2.2545183678817329E-001                  2.2545183678817329E-001                  3.5035900380890535E-007                  3.5035900380890535E-007                  0.0000000000000000E+000                 -2.7513336447108454E+000                 -9.8999999999999986E+001                 -2.0593760079741545E+000 
                                     348                  2.9999645301896113E+001                  8.1965594460807134E-001                  5.9075316666932105E+000                 -4.4630520696267029E+000                  9.6812305886495107E+000                  7.0000000000000018E-001                  2.8000000000000008E-001                  1.9999999999999796E-002                  2.8837689649793785E-001                  6.4888860553189309E-001                  0.0000000000000000E+000                  2.2615803320784297E-001                  2.2615803320784297E-001                  3.4389941284420961E-007                  3.4389941284420961E-007                  0.0000000000000000E+000                 -2.7696667113807600E+000                 -9.8999999999999986E+001                 -2.0770763470963112E+000 
                                     349                  2.9999636727644891E+001                  8.1947933759631675E-001                  5.9099902678726348E+000                 -4.4543630310263493E+000                  9.6920866837238115E+000                  7.0000000000000018E-001                  2.8000000000000008E-001                  1.9999999999999796E-002                  2.8847108633208346E-001                  6.4825810184794697E-001                  0.0000000000000000E+000                  2.2648315227529081E-001                  2.2648315227529081E-001                  3.4089718439851454E-007                  3.4089718439851454E-007                  0.0000000000000000E+000                 -2.7813011272951855E+000                 -9.8999999999999986E+001                 -2.0882886699603604E+000 
                                     350                  2.9999628153393672E+001                  8.1930601954710003E-001                  5.9129553370202759E+000                 -4.4439443190291463E+000                  9.7051330924652852E+000                  7.0000000000000018E-001                  2.8000000000000008E-001                  1.9999999999999796E-002                  2.8859706341779839E-001                  6.4749412893431868E-001                  0.0000000000000000E+000                  2.2678775506368190E-001                  2.2678775506368190E-001                  3.3809113032063051E-007                  3.3809113032063051E-007                  0.0000000000000000E+000                 -2.7954239604718722E+000                 -9.8999999999999986E+001                 -2.1018994680612830E+000 
                                     351                  2.9999615577825210E+001                  8.1905748357504260E-001                  5.9166853622398854E+000                 -4.4308578304818882E+000                  9.7215311629285850E+000                  7.0000000000000018E-001                  2.8000000000000008E-001                  1.9999999999999796E-002                  2.8871353908105946E-001                  6.4657826890524328E-001                  0.0000000000000000E+000                  2.2721640141924063E-001                  2.2721640141924063E-001                  3.3410271510096967E-007                  3.3410271510096967E-007                  0.0000000000000000E+000                 -2.8130529554108650E+000                 -9.8999999999999986E+001                 -2.1189138942585055E+000 
                                     352                  2.9999600715789754E+001                  8.1877195175158635E-001                  5.9200555963429924E+000                 -4.4190139967819766E+000                  9.7363639089542904E+000                  7.0000000000000018E-001                  2.8000000000000014E-001                  1.9999999999999685E-002                  2.8882412207680891E-001                  6.4582449600135472E-001                  0.0000000000000000E+000                  2.2771143853965101E-001                  2.2771143853965101E-001                  3.2945165530728873E-007                  3.2945165530728873E-007                  0.0000000000000000E+000                 -2.8288162657333857E+000                 -9.8999999999999986E+001                 -2.1341708198355533E+000 
                                     353                  2.9999589918584512E+001                  8.1856975443955093E-001                  5.9239538466568691E+000                 -4.4054909630491519E+000                  9.7533838110660032E+000                  7.0000000000000018E-001                  2.8000000000000008E-001                  1.9999999999999796E-002                  2.8896062566742181E-001                  6.4493377494072357E-001                  0.0000000000000000E+000                  2.2805800531165230E-001                  2.2805800531165230E-001                  3.2626158337916052E-007                  3.2626158337916052E-007                  0.0000000000000000E+000                 -2.8472423272177676E+000                 -9.8999999999999986E+001                 -2.1519975318810327E+000 
                                     354                  2.9999570229563187E+001                  8.1821165347681213E-001                  5.9281137190814723E+000                 -4.3909613673438734E+000                  9.7716250566729119E+000                  7.0000000000000018E-001                  2.8000000000000008E-001                  1.9999999999999796E-002                  2.8910214345691099E-001                  6.4415247962325850E-001                  0.0000000000000000E+000                  2.2867430764399957E-001                  2.2867430764399957E-001                  3.2071313343581089E-007                  3.2071313343581089E-007                  0.0000000000000000E+000                 -2.8667791196273149E+000                 -9.8999999999999986E+001                 -2.1710081477793870E+000 
                                     355                  2.9999556002657449E+001                  8.1796088347663154E-001                  5.9315720717407636E+000                 -4.3789784396934204E+000                  9.7867163134265756E+000                  7.0000000000000018E-001                  2.8000000000000008E-001                  1.9999999999999796E-002                  2.8924246029713790E-001                  6.4353532195943897E-001                  0.0000000000000000E+000                  2.2911750004338491E-001                  2.2911750004338491E-001                  3.1687837081002675E-007                  3.1687837081002675E-007                  0.0000000000000000E+000                 -2.8830157678359489E+000                 -9.8999999999999986E+001                 -2.1868286667781711E+000 
                                     356                  2.9999541140621997E+001                  8.1770560184489571E-001                  5.9352184132964663E+000                 -4.3663957303169845E+000                  9.8025881189810704E+000                  7.0000000000000018E-001                  2.8000000000000008E-001                  1.9999999999999796E-002                  2.8938810118839325E-001                  6.4293707656844656E-001                  0.0000000000000000E+000                  2.2956642009208947E-001                  2.2956642009208947E-001                  3.1311314720793776E-007                  3.1311314720793776E-007                  0.0000000000000000E+000                 -2.9001343232547012E+000                 -9.8999999999999986E+001                 -2.2035434953608020E+000 
                                     357                  2.9999524373197378E+001                  8.1742529849169243E-001                  5.9395789192901676E+000                 -4.3514393347967362E+000                  9.8214995419382323E+000                  7.0000000000000018E-001                  2.8000000000000008E-001                  1.9999999999999796E-002                  2.8956249796740618E-001                  6.4227249327322722E-001                  0.0000000000000000E+000                  2.3005735513575160E-001                  2.3005735513575160E-001                  3.0906430095415003E-007                  3.0906430095417322E-007                 -2.3185347085599404E-020                 -2.9207435481164095E+000                 -9.8999999999999986E+001                 -2.2237037123289554E+000 
                                     358                  2.9999502014172602E+001                  8.1706337089949899E-001                  5.9430873441386849E+000                 -4.3393207886939615E+000                  9.8367836965617066E+000                  7.0000000000000018E-001                  2.8000000000000008E-001                  1.9999999999999796E-002                  2.8973355538598172E-001                  6.4186084707664592E-001                  0.0000000000000000E+000                  2.3070047618722514E-001                  2.3070047618722514E-001                  3.0397059714139615E-007                  3.0397059714146677E-007                 -7.0609243502086310E-020                 -2.9371006568018889E+000                 -9.8999999999999986E+001                 -2.2397825731232381E+000 
                                     359                  2.9999491591898622E+001                  8.1689900856522246E-001                  5.9461194461929034E+000                 -4.3290069464978052E+000                  9.8498685615842163E+000                  7.0000000000000007E-001                  2.8000000000000008E-001                  1.9999999999999796E-002                  2.8985885760441654E-001                  6.4146139307237715E-001                  0.0000000000000000E+000                  2.3099076170481220E-001                  2.3099076170481220E-001                  3.0170290020011227E-007                  3.0170290020016478E-007                 -5.2530950511567641E-020                 -2.9513398486356102E+000                 -9.8999999999999986E+001                 -2.2537515108874069E+000 
                                     360                  2.9999473062396884E+001                  8.1661320679597527E-001                  5.9493884976345184E+000                 -4.3178334367624434E+000                  9.8640184325848654E+000                  7.0000000000000018E-001                  2.8000000000000008E-001                  1.9999999999999796E-002                  2.8995930180524343E-001                  6.4110561828610280E-001                  0.0000000000000000E+000                  2.3148414400660361E-001                  2.3148414400660361E-001                  2.9769670021763047E-007                  2.9769670021759516E-007                  3.5299213048456951E-020                 -2.9664820731601047E+000                 -9.8999999999999986E+001                 -2.2686530109686665E+000 
                                     361                  2.9999459371148177E+001                  8.1640704475690129E-001                  5.9529248615702226E+000                 -4.3058747612507746E+000                  9.8792256518562702E+000                  7.0000000000000018E-001                  2.8000000000000008E-001                  1.9999999999999796E-002                  2.9007107553194905E-001                  6.4069242366540324E-001                  0.0000000000000000E+000                  2.3183546669104901E-001                  2.3183546669104901E-001                  2.9480071492687259E-007                  2.9480071492681155E-007                  6.1054285568341255E-020                 -2.9830049693084759E+000                 -9.8999999999999986E+001                 -2.2848960538510936E+000 
                                     362                  2.9999437311243945E+001                  8.1608329802127366E-001                  5.9566219012694113E+000                 -4.2933168135425053E+000                  9.8951682621444288E+000                  7.0000000000000018E-001                  2.8000000000000008E-001                  1.9999999999999796E-002                  2.9021571524211159E-001                  6.4034065720145172E-001                  0.0000000000000000E+000                  2.3237579134899827E-001                  2.3237579134899827E-001                  2.9045936134107992E-007                  2.9045936134105917E-007                  2.0740925743325698E-020                 -3.0001030718712949E+000                 -9.8999999999999986E+001                 -2.3017558892821821E+000 
                                     363                  2.9999420638060510E+001                  8.1584511802321835E-001                  5.9596938883770427E+000                 -4.2829429845262963E+000                  9.9083678760672349E+000                  7.0000000000000018E-001                  2.8000000000000008E-001                  1.9999999999999796E-002                  2.9030654245266030E-001                  6.4005194025003720E-001                  0.0000000000000000E+000                  2.3277108271795915E-001                  2.3277108271795915E-001                  2.8729801633788429E-007                  2.8729801633788429E-007                  0.0000000000000000E+000                 -3.0142713794220430E+000                 -9.8999999999999986E+001                 -2.3157284454078195E+000 
                                     364                  2.9999404221387593E+001                  8.1561576769035748E-001                  5.9637720228668831E+000                 -4.2693013150746504E+000                  9.9257890947206082E+000                  7.0000000000000018E-001                  2.8000000000000008E-001                  1.9999999999999796E-002                  2.9038206393742494E-001                  6.3965111911947770E-001                  0.0000000000000000E+000                  2.3313779869601037E-001                  2.3313779869601037E-001                  2.8421402332780467E-007                  2.8421402332782288E-007                 -1.8189278155181231E-020                 -3.0330921114775373E+000                 -9.8999999999999986E+001                 -2.3342772882140692E+000 
                                     365                  2.9999375492209985E+001                  8.1522598336531937E-001                  5.9689222285853072E+000                 -4.2520459974458937E+000                  9.9478119250220072E+000                  7.0000000000000007E-001                  2.8000000000000003E-001                  1.9999999999999907E-002                  2.9053839762150158E-001                  6.3925731273127895E-001                  0.0000000000000000E+000                  2.3374827831217312E-001                  2.3374827831217312E-001                  2.7913844689542201E-007                  2.7913844689549406E-007                 -7.2071386291891507E-020                 -3.0568101606737654E+000                 -9.8999999999999986E+001                 -2.3577282580381937E+000 
                                     366                  2.9999344710948264E+001                  8.1482352530394941E-001                  5.9726646929680101E+000                 -4.2394483039138189E+000                  9.9638625623810757E+000                  7.0000000000000018E-001                  2.8000000000000008E-001                  1.9999999999999796E-002                  2.9064790986882033E-001                  6.3907713061537608E-001                  0.0000000000000000E+000                  2.3439072924010593E-001                  2.3439072924010593E-001                  2.7408706156624075E-007                  2.7408706156634780E-007                 -1.0707006953678700E-019                 -3.0739697799135537E+000                 -9.8999999999999986E+001                 -2.3747657881981294E+000 
                                     367                  2.9999330346359461E+001                  8.1464071202581545E-001                  5.9758242054967683E+000                 -4.2289774706833452E+000                  9.9772848097217572E+000                  7.0000000000000018E-001                  2.8000000000000008E-001                  1.9999999999999796E-002                  2.9071689683040869E-001                  6.3888479680112376E-001                  0.0000000000000000E+000                  2.3467880796526522E-001                  2.3467880796526522E-001                  2.7179872049622155E-007                  2.7179872049629265E-007                 -7.1072087548537717E-020                 -3.0885319477849360E+000                 -9.8999999999999986E+001                 -2.3891973802593975E+000 
                                     368                  2.9999305721350080E+001                  8.1433426603367665E-001                  5.9795264888333426E+000                 -4.2166725613279388E+000                  9.9930402137027627E+000                  7.0000000000000018E-001                  2.8000000000000008E-001                  1.9999999999999796E-002                  2.9082064680738690E-001                  6.3873971028015508E-001                  0.0000000000000000E+000                  2.3515107392342796E-001                  2.3515107392342796E-001                  2.6804881718736450E-007                  2.6804881718738213E-007                 -1.7640888678984910E-020                 -3.1053922651551042E+000                 -9.8999999999999986E+001                 -2.4059593573768447E+000 
                                     369                  2.9999283148424816E+001                  8.1406065691028751E-001                  5.9826518929298391E+000                 -4.2063065864787923E+000                  1.0006323735609380E+001                  7.0000000000000018E-001                  2.8000000000000008E-001                  1.9999999999999796E-002                  2.9091058446110701E-001                  6.3864911927726886E-001                  0.0000000000000000E+000                  2.3557668065727844E-001                  2.3557668065727844E-001                  2.6479005161391688E-007                  2.6479005161391688E-007                  0.0000000000000000E+000                 -3.1197015107410686E+000                 -9.8999999999999986E+001                 -2.4202072051878911E+000 
                                     370                  2.9999264679667782E+001                  8.1384170270421174E-001                  5.9867642858895209E+000                 -4.1928367985363826E+000                  1.0023669599097017E+001                  7.0000000000000018E-001                  2.8000000000000014E-001                  1.9999999999999685E-002                  2.9101929364079537E-001                  6.3848410060230221E-001                  0.0000000000000000E+000                  2.3590592310164227E-001                  2.3590592310164227E-001                  2.6227874483155828E-007                  2.6227874483155828E-007                  0.0000000000000000E+000                 -3.1386989512580810E+000                 -9.8999999999999986E+001                 -2.4390925730116391E+000 
                                     371                  2.9999227742153714E+001                  8.1341622183503259E-001                  5.9907133952257983E+000                 -4.1797476641588105E+000                  1.0040448579038777E+001                  7.0000000000000018E-001                  2.8000000000000008E-001                  1.9999999999999796E-002                  2.9114148733465783E-001                  6.3844979052218509E-001                  0.0000000000000000E+000                  2.3653532275554284E-001                  2.3653532275554284E-001                  2.5753882496692198E-007                  2.5753882496692198E-007                  0.0000000000000000E+000                 -3.1565283869644607E+000                 -9.8999999999999986E+001                 -2.4568991193592331E+000 
                                     372                  2.9999209154774764E+001                  8.1320801641002161E-001                  5.9932981983378326E+000                 -4.1712666133807357E+000                  1.0051362711993058E+001                  7.0000000000000018E-001                  2.8000000000000008E-001                  1.9999999999999796E-002                  2.9121433489305992E-001                  6.3839165266897480E-001                  0.0000000000000000E+000                  2.3684017700466498E-001                  2.3684017700466498E-001                  2.5527380593295747E-007                  2.5527380593295747E-007                  0.0000000000000000E+000                 -3.1682875951779552E+000                 -9.8999999999999986E+001                 -2.4686189494341999E+000 
                                     373                  2.9999190527855173E+001                  8.1300311094357558E-001                  5.9971629439425511E+000                 -4.1587109197233119E+000                  1.0067583013902565E+001                  7.0000000000000018E-001                  2.8000000000000008E-001                  1.9999999999999796E-002                  2.9131515805706626E-001                  6.3824146443048457E-001                  0.0000000000000000E+000                  2.3711788003696244E-001                  2.3711788003696244E-001                  2.5316570055651134E-007                  2.5316570055651134E-007                  0.0000000000000000E+000                 -3.1860852457709661E+000                 -9.8999999999999986E+001                 -2.4863146041495692E+000 
                                     374                  2.9999152198548135E+001                  8.1259261319986098E-001                  6.0018829366607358E+000                 -4.1432834842420139E+000                  1.0087467812661210E+001                  7.0000000000000018E-001                  2.8000000000000008E-001                  1.9999999999999796E-002                  2.9145592683424598E-001                  6.3810039140762242E-001                  0.0000000000000000E+000                  2.3764273810945638E-001                  2.3764273810945638E-001                  2.4917764813362480E-007                  2.4917764813362480E-007                  0.0000000000000000E+000                 -3.2075995771519308E+000                 -9.8999999999999986E+001                 -2.5077332533349441E+000 
                                     375                  2.9999118012949967E+001                  8.1223833636687792E-001                  6.0055873808546716E+000                 -4.1311906245726586E+000                  1.0103062952044214E+001                  7.0000000000000018E-001                  2.8000000000000008E-001                  1.9999999999999796E-002                  2.9153514868947461E-001                  6.3796459945554651E-001                  0.0000000000000000E+000                  2.3807554773639722E-001                  2.3807554773639722E-001                  2.4582750989785110E-007                  2.4582750989785110E-007                  0.0000000000000000E+000                 -3.2243197583615273E+000                 -9.8999999999999986E+001                 -2.5243613053314138E+000 
                                     376                  2.9999093150696755E+001                  8.1198723138882389E-001                  6.0087501451636456E+000                 -4.1209311247017686E+000                  1.0116326676536746E+001                  7.0000000000000018E-001                  2.8000000000000008E-001                  1.9999999999999796E-002                  2.9160758604283243E-001                  6.3780319452183420E-001                  0.0000000000000000E+000                  2.3835874903696283E-001                  2.3835874903696283E-001                  2.4354049914825182E-007                  2.4354049914825182E-007                  0.0000000000000000E+000                 -3.2386648846829864E+000                 -9.8999999999999986E+001                 -2.5385967712234940E+000 
                                     377                  2.9999066216589103E+001                  8.1172107689005080E-001                  6.0126850335789443E+000                 -4.1082372718114710E+000                  1.0132773251467341E+001                  7.0000000000000018E-001                  2.8000000000000008E-001                  1.9999999999999796E-002                  2.9171066502969956E-001                  6.3755568346336866E-001                  0.0000000000000000E+000                  2.3863300220365652E-001                  2.3863300220365652E-001                  2.4129987841798541E-007                  2.4129987841798541E-007                  0.0000000000000000E+000                 -3.2565644003950966E+000                 -9.8999999999999986E+001                 -2.5563279242120682E+000 
                                     378                  2.9999026851354852E+001                  8.1134244488237561E-001                  6.0158851299446932E+000                 -4.0978141697234491E+000                  1.0146227559128489E+001                  7.0000000000000018E-001                  2.8000000000000008E-001                  1.9999999999999796E-002                  2.9177968025261658E-001                  6.3740721717560700E-001                  0.0000000000000000E+000                  2.3900938392092069E-001                  2.3900938392092069E-001                  2.3818873316486668E-007                  2.3818873316486668E-007                  0.0000000000000000E+000                 -3.2708078622454133E+000                 -9.8999999999999986E+001                 -2.5704706306661014E+000 
                                     379                  2.9999010276519371E+001                  8.1118651384951657E-001                  6.0179808898448313E+000                 -4.0910580520669981E+000                  1.0154983413112262E+001                  7.0000000000000018E-001                  2.8000000000000008E-001                  1.9999999999999796E-002                  2.9181340757182939E-001                  6.3727109781396929E-001                  0.0000000000000000E+000                  2.3915894967594506E-001                  2.3915894967594506E-001                  2.3690309727121931E-007                  2.3690309727121931E-007                  0.0000000000000000E+000                 -3.2802480255980697E+000                 -9.8999999999999986E+001                 -2.5798181001502409E+000 
                                     380                  2.9998989557975030E+001                  8.1099437794002782E-001                  6.0214085443716998E+000                 -4.0800799795109830E+000                  1.0169246848429358E+001                  7.0000000000000018E-001                  2.8000000000000008E-001                  1.9999999999999796E-002                  2.9187678644591525E-001                  6.3701153691569223E-001                  0.0000000000000000E+000                  2.3932652484704514E-001                  2.3932652484704514E-001                  2.3540283210808700E-007                  2.3540283210808700E-007                  0.0000000000000000E+000                 -3.2957828627495056E+000                 -9.8999999999999986E+001                 -2.5951762048431588E+000 
                                     381                  2.9998948001921029E+001                  8.1061788365749055E-001                  6.0254968453511193E+000                 -4.0668979156420262E+000                  1.0186328864682846E+001                  7.0000000000000018E-001                  2.8000000000000008E-001                  1.9999999999999796E-002                  2.9197773824358070E-001                  6.3675993845340839E-001                  0.0000000000000000E+000                  2.3964403405085258E-001                  2.3964403405085258E-001                  2.3262654540575978E-007                  2.3262654540575978E-007                  0.0000000000000000E+000                 -3.3141206720450911E+000                 -9.8999999999999986E+001                 -2.6133427866388628E+000 
                                     382                  2.9998912502809926E+001                  8.1030513648052238E-001                  6.0292552098547176E+000                 -4.0548324442907271E+000                  1.0201990289940857E+001                  7.0000000000000018E-001                  2.8000000000000008E-001                  1.9999999999999796E-002                  2.9203375796862513E-001                  6.3651350916447302E-001                  0.0000000000000000E+000                  2.3990368111642965E-001                  2.3990368111642965E-001                  2.3034221368163766E-007                  2.3034221368163766E-007                  0.0000000000000000E+000                 -3.3309480186765881E+000                 -9.8999999999999986E+001                 -2.6300023747614656E+000 
                                     383                  2.9998874852534183E+001                  8.0998181638031952E-001                  6.0328455479091954E+000                 -4.0433083137937480E+000                  1.0216949877973779E+001                  7.0000000000000018E-001                  2.8000000000000008E-001                  1.9999999999999796E-002                  2.9209169507385979E-001                  6.3629451930664127E-001                  0.0000000000000000E+000                  2.4016138773840509E-001                  2.4016138773840509E-001                  2.2800161698941335E-007                  2.2800161698941335E-007                  0.0000000000000000E+000                 -3.3469972334479117E+000                 -9.8999999999999986E+001                 -2.6459024399340150E+000 
                                     384                  2.9998840339781417E+001                  8.0969258936757216E-001                  6.0355769741442433E+000                 -4.0345318110069934E+000                  1.0228338097627649E+001                  7.0000000000000018E-001                  2.8000000000000008E-001                  1.9999999999999796E-002                  2.9215590665608321E-001                  6.3614729134000536E-001                  0.0000000000000000E+000                  2.4039041934274621E-001                  2.4039041934274621E-001                  2.2600923019045645E-007                  2.2600923019045645E-007                  0.0000000000000000E+000                 -3.3591826701787380E+000                 -9.8999999999999986E+001                 -2.6579876698175142E+000 
                                     385                  2.9998818377120564E+001                  8.0951192496665592E-001                  6.0383056666094417E+000                 -4.0258377276355519E+000                  1.0239656726803009E+001                  7.0000000000000018E-001                  2.8000000000000008E-001                  1.9999999999999796E-002                  2.9221161720827132E-001                  6.3597474462913639E-001                  0.0000000000000000E+000                  2.4052868041279821E-001                  2.4052868041279821E-001                  2.2482384555533677E-007                  2.2482384555533677E-007                  0.0000000000000000E+000                 -3.3715354033487595E+000                 -9.8999999999999986E+001                 -2.6702227685401176E+000 
                                     386                  2.9998782818526809E+001                  8.0922475446056841E-001                  6.0420680762205663E+000                 -4.0138558501303621E+000                  1.0255259512354904E+001                  7.0000000000000018E-001                  2.8000000000000014E-001                  1.9999999999999685E-002                  2.9224570085439339E-001                  6.3576188640811571E-001                  0.0000000000000000E+000                  2.4073983048545342E-001                  2.4073983048545342E-001                  2.2290389789596995E-007                  2.2290389789598716E-007                 -1.7200694380329681E-020                 -3.3884715067745947E+000                 -9.8999999999999986E+001                 -2.6870137993749688E+000 
                                     387                  2.9998736801523123E+001                  8.0886242309887924E-001                  6.0463527680889317E+000                 -4.0002126990859619E+000                  1.0273028039625215E+001                  7.0000000000000018E-001                  2.8000000000000008E-001                  1.9999999999999796E-002                  2.9230551186944170E-001                  6.3556474588178324E-001                  0.0000000000000000E+000                  2.4100828876271801E-001                  2.4100828876271801E-001                  2.2044998886323910E-007                  2.2044998886328558E-007                 -4.6483110110576584E-020                 -3.4076594782675005E+000                 -9.8999999999999986E+001                 -2.7060676528068286E+000 
                                     388                  2.9998686601155459E+001                  8.0847838804146732E-001                  6.0499600009681798E+000                 -3.9886894869719147E+000                  1.0288016707478027E+001                  7.0000000000000007E-001                  2.8000000000000008E-001                  1.9999999999999796E-002                  2.9239795347329184E-001                  6.3546293185922387E-001                  0.0000000000000000E+000                  2.4130239498152145E-001                  2.4130239498152145E-001                  2.1799317863013515E-007                  2.1799317863015013E-007                 -1.4979532238309196E-020                 -3.4237085878410682E+000                 -9.8999999999999986E+001                 -2.7220475599341989E+000 
                                     389                  2.9998652816946283E+001                  8.0822615092109040E-001                  6.0527904794958669E+000                 -3.9796983761693361E+000                  1.0299737829525847E+001                  7.0000000000000018E-001                  2.8000000000000014E-001                  1.9999999999999685E-002                  2.9243635905719795E-001                  6.3538723772861949E-001                  0.0000000000000000E+000                  2.4149909064496364E-001                  2.4149909064496364E-001                  2.1638342815575864E-007                  2.1638342815569660E-007                  6.2055099340971457E-020                 -3.4363709923959247E+000                 -9.8999999999999986E+001                 -2.7346585174293163E+000 
                                     390                  2.9998619032737107E+001                  8.0797865531673352E-001                  6.0569305556673401E+000                 -3.9666704032522482E+000                  1.0316784953428984E+001                  7.0000000000000018E-001                  2.8000000000000008E-001                  1.9999999999999796E-002                  2.9248835264225470E-001                  6.3526227582986716E-001                  0.0000000000000000E+000                  2.4168521498751952E-001                  2.4168521498751952E-001                  2.1478813854285487E-007                  2.1478813854278568E-007                  6.9200883003577529E-020                 -3.4549723631023448E+000                 -9.8999999999999986E+001                 -2.7531747203295120E+000 
                                     391                  2.9998551464318748E+001                  8.0749708138519982E-001                  6.0612280280722697E+000                 -3.9529894008481983E+000                  1.0334604740141303E+001                  7.0000000000000018E-001                  2.8000000000000008E-001                  1.9999999999999796E-002                  2.9259681443599678E-001                  6.3528174378747326E-001                  0.0000000000000000E+000                  2.4206020203397810E-001                  2.4206020203397810E-001                  2.1179376401938262E-007                  2.1179376401936131E-007                  2.1317551824591058E-020                 -3.4739461017220545E+000                 -9.8999999999999986E+001                 -2.7721626341672971E+000 
                                     392                  2.9998509234057277E+001                  8.0720465058126667E-001                  6.0641209001519645E+000                 -3.9438320867717973E+000                  1.0346558397547939E+001                  7.0000000000000018E-001                  2.8000000000000008E-001                  1.9999999999999796E-002                  2.9266007711868042E-001                  6.3530463526019210E-001                  0.0000000000000000E+000                  2.4230205329531312E-001                  2.4230205329531312E-001                  2.0999535882111202E-007                  2.0999535882111202E-007                  0.0000000000000000E+000                 -3.4867697454219022E+000                 -9.8999999999999986E+001                 -2.7850023062702252E+000 
                                     393                  2.9998475449848101E+001                  8.0697517383638451E-001                  6.0680506828658825E+000                 -3.9315340362274225E+000                  1.0362684258439511E+001                  7.0000000000000018E-001                  2.8000000000000014E-001                  1.9999999999999685E-002                  2.9270546220045324E-001                  6.3530967896788892E-001                  0.0000000000000000E+000                  2.4248451429032222E-001                  2.4248451429032222E-001                  2.0857115599689613E-007                  2.0857115599689613E-007                  0.0000000000000000E+000                 -3.5043910149279025E+000                 -9.8999999999999986E+001                 -2.8026271705674701E+000 
                                     394                  2.9998403539661407E+001                  8.0649920852521573E-001                  6.0719871233271245E+000                 -3.9190556122787537E+000                  1.0378963805991027E+001                  7.0000000000000018E-001                  2.8000000000000008E-001                  1.9999999999999796E-002                  2.9278459438133198E-001                  6.3545549120990297E-001                  0.0000000000000000E+000                  2.4287331317552110E-001                  2.4287331317552110E-001                  2.0558614974586517E-007                  2.0558614974586517E-007                  0.0000000000000000E+000                 -3.5215990259712768E+000                 -9.8999999999999986E+001                 -2.8199356193178478E+000 
                                     395                  2.9998365176199520E+001                  8.0625185997678284E-001                  6.0745133285946835E+000                 -3.9111084972264885E+000                  1.0389362044806015E+001                  7.0000000000000018E-001                  2.8000000000000008E-001                  1.9999999999999796E-002                  2.9282937839619244E-001                  6.3554688462343745E-001                  0.0000000000000000E+000                  2.4308590926344809E-001                  2.4308590926344809E-001                  2.0404528602369464E-007                  2.0404528602369464E-007                  0.0000000000000000E+000                 -3.5327361120016021E+000                 -9.8999999999999986E+001                 -2.8311354783588381E+000 
                                     396                  2.9998331075344510E+001                  8.0603563537759904E-001                  6.0782950910401716E+000                 -3.8993372531008905E+000                  1.0404828951594032E+001                  7.0000000000000018E-001                  2.8000000000000008E-001                  1.9999999999999796E-002                  2.9283806115910710E-001                  6.3566178278021646E-001                  0.0000000000000000E+000                  2.4326379522513425E-001                  2.4326379522513425E-001                  2.0267717426047950E-007                  2.0267717426047950E-007                  0.0000000000000000E+000                 -3.5497266988153342E+000                 -9.8999999999999986E+001                 -2.8482048536396349E+000 
                                     397                  2.9998254348420740E+001                  8.0556100831435595E-001                  6.0830438627382879E+000                 -3.8844450297704136E+000                  1.0424341022743043E+001                  7.0000000000000018E-001                  2.8000000000000008E-001                  1.9999999999999796E-002                  2.9288770402770448E-001                  6.3593907995203969E-001                  0.0000000000000000E+000                  2.4365784632395199E-001                  2.4365784632395199E-001                  1.9962111743353260E-007                  1.9962111743353260E-007                  0.0000000000000000E+000                 -3.5706542859187107E+000                 -9.8999999999999986E+001                 -2.8693228169607328E+000 
                                     398                  2.9998186146710719E+001                  8.0515209324487880E-001                  6.0865483146607495E+000                 -3.8734481102031917E+000                  1.0438745282009721E+001                  7.0000000000000018E-001                  2.8000000000000003E-001                  1.9999999999999796E-002                  2.9294629015542423E-001                  6.3620073951184186E-001                  0.0000000000000000E+000                  2.4401760827578775E-001                  2.4401760827578775E-001                  1.9705661232746258E-007                  1.9705661232746258E-007                  0.0000000000000000E+000                 -3.5859371571478849E+000                 -9.8999999999999986E+001                 -2.8847851448574948E+000 
                                     399                  2.9998143520641960E+001                  8.0490234393289606E-001                  6.0894603104064844E+000                 -3.8643822552063662E+000                  1.0450656993801315E+001                  7.0000000000000018E-001                  2.8000000000000008E-001                  1.9999999999999796E-002                  2.9296487334521593E-001                  6.3641537904434387E-001                  0.0000000000000000E+000                  2.4423742535358628E-001                  2.4423742535358628E-001                  1.9549875098184776E-007                  1.9549875098184776E-007                  0.0000000000000000E+000                 -3.5988260816546820E+000                 -9.8999999999999986E+001                 -2.8978209259525127E+000 
                                     400                  2.9998091895879575E+001                  8.0460555957450064E-001                  6.0930858563148229E+000                 -3.8531310595351345E+000                  1.0465459850506708E+001                  7.0000000000000018E-001                  2.8000000000000008E-001                  1.9999999999999796E-002                  2.9298449284574490E-001                  6.3670798371561210E-001                  0.0000000000000000E+000                  2.4449383034912656E-001                  2.4449383034912656E-001                  1.9363096934501247E-007                  1.9363096934501247E-007                  0.0000000000000000E+000                 -3.6149121379600246E+000                 -9.8999999999999986E+001                 -2.9141069625928764E+000 
                                     401                  2.9998023062863069E+001                  8.0421905607710975E-001                  6.0975940641732205E+000                 -3.8391696627487923E+000                  1.0483843443510409E+001                  7.0000000000000018E-001                  2.8000000000000008E-001                  1.9999999999999796E-002                  2.9306508746367471E-001                  6.3712521808619049E-001                  0.0000000000000000E+000                  2.4482887767138875E-001                  2.4482887767138875E-001                  1.9131228933614865E-007                  1.9131228933614865E-007                  0.0000000000000000E+000                 -3.6347204482202820E+000                 -9.8999999999999986E+001                 -2.9342002258331998E+000 
                                     402                  2.9997937021592428E+001                  8.0374982627979419E-001                  6.1009701453797858E+000                 -3.8286237032836024E+000                  1.0497681177876499E+001                  7.0000000000000018E-001                  2.8000000000000008E-001                  1.9999999999999796E-002                  2.9311937073283462E-001                  6.3753381591799352E-001                  0.0000000000000000E+000                  2.4525310251747795E-001                  2.4525310251747795E-001                  1.8854632807291582E-007                  1.8854632807291582E-007                  0.0000000000000000E+000                 -3.6492465819758415E+000                 -9.8999999999999986E+001                 -2.9490057228296460E+000 
                                     403                  2.9997902605084171E+001                  8.0356622359618046E-001                  6.1038200267837617E+000                 -3.8198559532843404E+000                  1.0509254947525086E+001                  7.0000000000000018E-001                  2.8000000000000008E-001                  1.9999999999999796E-002                  2.9313326835864478E-001                  6.3784218087312128E-001                  0.0000000000000000E+000                  2.4541963061786465E-001                  2.4541963061786465E-001                  1.8742723029827099E-007                  1.8742723029827099E-007                  0.0000000000000000E+000                 -3.6618910783941123E+000                 -9.8999999999999986E+001                 -2.9618605880863713E+000 
                                     404                  2.9997833457067816E+001                  8.0320402829909421E-001                  6.1069457525571300E+000                 -3.8101746806060195E+000                  1.0522001058624982E+001                  7.0000000000000018E-001                  2.8000000000000008E-001                  1.9999999999999796E-002                  2.9316117700384547E-001                  6.3824622450413560E-001                  0.0000000000000000E+000                  2.4574298881238729E-001                  2.4574298881238729E-001                  1.8521831201361304E-007                  1.8521831201361304E-007                  0.0000000000000000E+000                 -3.6755029998915711E+000                 -9.8999999999999986E+001                 -2.9757480375402494E+000 
                                     405                  2.9997785701244187E+001                  8.0295888545720884E-001                  6.1092193505094556E+000                 -3.8031581847452758E+000                  1.0531252324027976E+001                  7.0000000000000018E-001                  2.8000000000000008E-001                  1.9999999999999796E-002                  2.9317640051959637E-001                  6.3854749244973463E-001                  0.0000000000000000E+000                  2.4596685836624818E-001                  2.4596685836624818E-001                  1.8372058467008724E-007                  1.8372058467008724E-007                  0.0000000000000000E+000                 -3.6854180475494411E+000                 -9.8999999999999986E+001                 -2.9858685678461021E+000 
                                     406                  2.9997746628297573E+001                  8.0276122637889002E-001                  6.1124568337954122E+000                 -3.7932632579559655E+000                  1.0544349472780883E+001                  7.0000000000000018E-001                  2.8000000000000008E-001                  1.9999999999999796E-002                  2.9318403040298174E-001                  6.3895582542084628E-001                  0.0000000000000000E+000                  2.4614171953680908E-001                  2.4614171953680908E-001                  1.8251735021396112E-007                  1.8251735021396112E-007                  0.0000000000000000E+000                 -3.6997339006978844E+000                 -9.8999999999999986E+001                 -3.0004624020018880E+000 
                                     407                  2.9997659799527323E+001                  8.0233094643058966E-001                  6.1159127765036168E+000                 -3.7825978384097727E+000                  1.0558412091561657E+001                  7.0000000000000018E-001                  2.8000000000000008E-001                  1.9999999999999796E-002                  2.9322702879740609E-001                  6.3947833874588822E-001                  0.0000000000000000E+000                  2.4652350464387349E-001                  2.4652350464387349E-001                  1.7996694333291120E-007                  1.7996694333291120E-007                  0.0000000000000000E+000                 -3.7146086149874993E+000                 -9.8999999999999986E+001                 -3.0156928083958863E+000 
                                     408                  2.9997607702265178E+001                  8.0207844652899540E-001                  6.1193065633166333E+000                 -3.7722440301236633E+000                  1.0572125767061948E+001                  7.0000000000000018E-001                  2.8000000000000008E-001                  1.9999999999999796E-002                  2.9324633341059192E-001                  6.3996335180473263E-001                  0.0000000000000000E+000                  2.4674818802166440E-001                  2.4674818802166440E-001                  1.7851539760642696E-007                  1.7851539760642696E-007                  0.0000000000000000E+000                 -3.7295163290242161E+000                 -9.8999999999999986E+001                 -3.0309300701941804E+000 
                                     409                  2.9997520243284178E+001                  8.0166359006788790E-001                  6.1228107827053329E+000                 -3.7614881414242700E+000                  1.0586338370709033E+001                  7.0000000000000018E-001                  2.8000000000000008E-001                  1.9999999999999796E-002                  2.9325099923807535E-001                  6.4052819599069277E-001                  0.0000000000000000E+000                  2.4711120771457776E-001                  2.4711120771457776E-001                  1.7611690153557499E-007                  1.7611690153557499E-007                  0.0000000000000000E+000                 -3.7447046898125587E+000                 -9.8999999999999986E+001                 -3.0465024411550896E+000 
                                     410                  2.9997458911710599E+001                  8.0137909760421411E-001                  6.1260336520096024E+000                 -3.7516712039004680E+000                  1.0599350022233175E+001                  7.0000000000000018E-001                  2.8000000000000008E-001                  1.9999999999999796E-002                  2.9329455193067872E-001                  6.4103583507707029E-001                  0.0000000000000000E+000                  2.4735933661322101E-001                  2.4735933661322101E-001                  1.7454512462319957E-007                  1.7454512462319957E-007                  0.0000000000000000E+000                 -3.7587526100266917E+000                 -9.8999999999999986E+001                 -3.0608948669021028E+000 
                                     411                  2.9997380056830288E+001                  8.0102070207032205E-001                  6.1297567952413505E+000                 -3.7403373430139983E+000                  1.0614374062363080E+001                  7.0000000000000018E-001                  2.8000000000000003E-001                  1.9999999999999796E-002                  2.9333766750459950E-001                  6.4164721830802329E-001                  0.0000000000000000E+000                  2.4766296111708017E-001                  2.4766296111708017E-001                  1.7270178596223419E-007                  1.7270178596223419E-007                  0.0000000000000000E+000                 -3.7748135039189785E+000                 -9.8999999999999986E+001                 -3.0773705869238004E+000 
                                     412                  2.9997292282483599E+001                  8.0063103848207751E-001                  6.1342409363704800E+000                 -3.7267526374092368E+000                  1.0632415724544918E+001                  7.0000000000000018E-001                  2.8000000000000008E-001                  1.9999999999999796E-002                  2.9331940529140421E-001                  6.4238732870647841E-001                  0.0000000000000000E+000                  2.4798540878922881E-001                  2.4798540878922881E-001                  1.7062795714085712E-007                  1.7062795714085712E-007                  0.0000000000000000E+000                 -3.7943349719289010E+000                 -9.8999999999999986E+001                 -3.0973935389207599E+000 
                                     413                  2.9997172934925374E+001                  8.0011591881770672E-001                  6.1388443747058048E+000                 -3.7127629624390539E+000                  1.0650974037288684E+001                  7.0000000000000018E-001                  2.8000000000000008E-001                  1.9999999999999796E-002                  2.9333717636243217E-001                  6.4320478223247490E-001                  0.0000000000000000E+000                  2.4840364083292310E-001                  2.4840364083292310E-001                  1.6788455046063418E-007                  1.6788455046063418E-007                  0.0000000000000000E+000                 -3.8142910215641823E+000                 -9.8999999999999986E+001                 -3.1179035448602876E+000 
                                     414                  2.9997071110035542E+001                  7.9968897371743619E-001                  6.1424996939825407E+000                 -3.7016764900908750E+000                  1.0665693085406900E+001                  7.0000000000000018E-001                  2.8000000000000008E-001                  1.9999999999999796E-002                  2.9333259999725669E-001                  6.4386532193572443E-001                  0.0000000000000000E+000                  2.4874656163046463E-001                  2.4874656163046463E-001                  1.6566984885763550E-007                  1.6566984885763550E-007                  0.0000000000000000E+000                 -3.8299416453842712E+000                 -9.8999999999999986E+001                 -3.1340013742385433E+000 
                                     415                  2.9996991386545382E+001                  7.9936227423394579E-001                  6.1459876857854105E+000                 -3.6911649317145612E+000                  1.0679684828124142E+001                  7.0000000000000018E-001                  2.8000000000000003E-001                  1.9999999999999796E-002                  2.9332723042965841E-001                  6.4447819059940192E-001                  0.0000000000000000E+000                  2.4899760268062462E-001                  2.4899760268062462E-001                  1.6399474152369942E-007                  1.6399474152369942E-007                  0.0000000000000000E+000                 -3.8450363048273912E+000                 -9.8999999999999986E+001                 -3.1495098207362506E+000 
                                     416                  2.9996893268904437E+001                  7.9896883483219550E-001                  6.1496387256086242E+000                 -3.6801552201297563E+000                  1.0694336304392579E+001                  7.0000000000000018E-001                  2.8000000000000008E-001                  1.9999999999999796E-002                  2.9333857636114180E-001                  6.4513662228546875E-001                  0.0000000000000000E+000                  2.4928817534289976E-001                  2.4928817534289976E-001                  1.6208433118824539E-007                  1.6208433118823014E-007                  1.5253609349060287E-020                 -3.8607408560195102E+000                 -9.8999999999999986E+001                 -3.1656588861386963E+000 
                                     417                  2.9996799611156270E+001                  7.9860171689312542E-001                  6.1538599544317245E+000                 -3.6675088609022826E+000                  1.0711209583755821E+001                  7.0000000000000007E-001                  2.8000000000000008E-001                  1.9999999999999796E-002                  2.9335730327104004E-001                  6.4587283735518053E-001                  0.0000000000000000E+000                  2.4954781747655042E-001                  2.4954781747655042E-001                  1.6042134423044739E-007                  1.6042134423038667E-007                  6.0728183418217276E-020                 -3.8789922170739688E+000                 -9.8999999999999986E+001                 -3.1844062717447947E+000 
                                     418                  2.9996665017759138E+001                  7.9808771957660862E-001                  6.1574607511211985E+000                 -3.6566246759302365E+000                  1.0725679386201534E+001                  7.0000000000000018E-001                  2.8000000000000008E-001                  1.9999999999999796E-002                  2.9340402961138090E-001                  6.4656424081871378E-001                  0.0000000000000000E+000                  2.4990553283075942E-001                  2.4990553283075942E-001                  1.5822697066322701E-007                  1.5822697066313651E-007                  9.0498210748967024E-020                 -3.8942821372549479E+000                 -9.8999999999999986E+001                 -3.2001631954811187E+000 
                                     419                  2.9996597641399173E+001                  7.9783612051080255E-001                  6.1605220712275370E+000                 -3.6474831882217553E+000                  1.0737891784898332E+001                  7.0000000000000018E-001                  2.8000000000000008E-001                  1.9999999999999796E-002                  2.9341493366493032E-001                  6.4711364156169626E-001                  0.0000000000000000E+000                  2.5007644458362455E-001                  2.5007644458362455E-001                  1.5717560645859555E-007                  1.5717560645853541E-007                  6.0140285240371423E-020                 -3.9075344054493053E+000                 -9.8999999999999986E+001                 -3.2137845834360750E+000 
                                     420                  2.9996489648035855E+001                  7.9744036405158736E-001                  6.1638896894870374E+000                 -3.6373851562843167E+000                  1.0751359011641267E+001                  7.0000000000000018E-001                  2.8000000000000008E-001                  1.9999999999999796E-002                  2.9342222498095705E-001                  6.4775869246176765E-001                  0.0000000000000000E+000                  2.5033558506627257E-001                  2.5033558506627257E-001                  1.5550121865771866E-007                  1.5550121865770370E-007                  1.4960685535059319E-020                 -3.9218212674101611E+000                 -9.8999999999999986E+001                 -3.2285050459773355E+000 
                                     421                  2.9996399172136314E+001                  7.9711561594797931E-001                  6.1671909573605754E+000                 -3.6275334484788799E+000                  1.0764522265204187E+001                  7.0000000000000018E-001                  2.8000000000000008E-001                  1.9999999999999796E-002                  2.9344064533793207E-001                  6.4839264563615995E-001                  0.0000000000000000E+000                  2.5054825841026285E-001                  2.5054825841026285E-001                  1.5414926523529283E-007                  1.5414926523529283E-007                  0.0000000000000000E+000                 -3.9359897832843593E+000                 -9.8999999999999986E+001                 -3.2430994097645680E+000 
                                     422                  2.9996290215912772E+001                  7.9673237138578490E-001                  6.1709954242010943E+000                 -3.6161992003321193E+000                  1.0779677868068873E+001                  7.0000000000000018E-001                  2.8000000000000008E-001                  1.9999999999999796E-002                  2.9342720895125463E-001                  6.4914888297794870E-001                  0.0000000000000000E+000                  2.5079438730030063E-001                  2.5079438730030063E-001                  1.5255826783041614E-007                  1.5255826783041614E-007                  0.0000000000000000E+000                 -3.9524865931005215E+000                 -9.8999999999999986E+001                 -3.2601028232095022E+000 
                                     423                  2.9996162777007875E+001                  7.9629442243164172E-001                  6.1749774716176304E+000                 -3.6043416395090491E+000                  1.0795538913610184E+001                  7.0000000000000018E-001                  2.8000000000000003E-001                  1.9999999999999796E-002                  2.9339841273456729E-001                  6.4998348367721592E-001                  0.0000000000000000E+000                  2.5107794331799033E-001                  2.5107794331799033E-001                  1.5066677018437792E-007                  1.5066677018437792E-007                  0.0000000000000000E+000                 -3.9695087729304612E+000                 -9.8999999999999986E+001                 -3.2776844846654520E+000 
                                     424                  2.9996034853136845E+001                  7.9586536442388423E-001                  6.1777460725893096E+000                 -3.5960605588467245E+000                  1.0806595596624224E+001                  7.0000000000000018E-001                  2.8000000000000008E-001                  1.9999999999999796E-002                  2.9339193749155962E-001                  6.5061239673213789E-001                  0.0000000000000000E+000                  2.5136532494977193E-001                  2.5136532494977193E-001                  1.4880616378412426E-007                  1.4880616378412426E-007                  0.0000000000000000E+000                 -3.9809603860007550E+000                 -9.8999999999999986E+001                 -3.2895577526854640E+000 
                                     425                  2.9995979890058933E+001                  7.9568411778108650E-001                  6.1804793223412338E+000                 -3.5879936297178667E+000                  1.0817423901188707E+001                  7.0000000000000018E-001                  2.8000000000000008E-001                  1.9999999999999796E-002                  2.9337876301622617E-001                  6.5120875089414232E-001                  0.0000000000000000E+000                  2.5148597659003585E-001                  2.5148597659003585E-001                  1.4804111274573843E-007                  1.4804111274573843E-007                  0.0000000000000000E+000                 -3.9927606579059187E+000                 -9.8999999999999986E+001                 -3.3017564164797735E+000 
                                     426                  2.9995851479819443E+001                  7.9526760515584038E-001                  6.1842143865652375E+000                 -3.5769211844662698E+000                  1.0832260257222236E+001                  7.0000000000000018E-001                  2.8000000000000008E-001                  1.9999999999999796E-002                  2.9337821905049405E-001                  6.5209490275418514E-001                  0.0000000000000000E+000                  2.5176150214210058E-001                  2.5176150214210058E-001                  1.4634113531684182E-007                  1.4634113531684182E-007                  0.0000000000000000E+000                 -4.0087272137587906E+000                 -9.8999999999999986E+001                 -3.3183152115229508E+000 
                                     427                  2.9995722091233766E+001                  7.9485731391552072E-001                  6.1876024118330992E+000                 -3.5668817516268851E+000                  1.0845715114956391E+001                  7.0000000000000018E-001                  2.8000000000000008E-001                  1.9999999999999796E-002                  2.9337913609738808E-001                  6.5294863763441613E-001                  0.0000000000000000E+000                  2.5204583285240162E-001                  2.5204583285240162E-001                  1.4468618050862782E-007                  1.4468618050862782E-007                  0.0000000000000000E+000                 -4.0230855856653704E+000                 -9.8999999999999986E+001                 -3.3332431547630867E+000 
                                     428                  2.9995610857802511E+001                  7.9451175189651124E-001                  6.1914246639037449E+000                 -3.5556387619537433E+000                  1.0860827224766396E+001                  7.0000000000000018E-001                  2.8000000000000008E-001                  1.9999999999999796E-002                  2.9335054344036365E-001                  6.5393664073477109E-001                  0.0000000000000000E+000                  2.5228915281518033E-001                  2.5228915281518033E-001                  1.4325639653876934E-007                  1.4325639653876934E-007                  0.0000000000000000E+000                 -4.0392787992681178E+000                 -9.8999999999999986E+001                 -3.3500942151466928E+000 
                                     429                  2.9995443678726378E+001                  7.9400416640307248E-001                  6.1951304631312736E+000                 -3.5446693391927311E+000                  1.0875532410645164E+001                  7.0000000000000018E-001                  2.8000000000000008E-001                  1.9999999999999796E-002                  2.9334721934686342E-001                  6.5499826435175623E-001                  0.0000000000000000E+000                  2.5266051168884596E-001                  2.5266051168884596E-001                  1.4111236937601438E-007                  1.4111236937601438E-007                  0.0000000000000000E+000                 -4.0547640479334639E+000                 -9.8999999999999986E+001                 -3.3662859029196803E+000 
                                     430                  2.9995331787436626E+001                  7.9367195544033098E-001                  6.1979178236162378E+000                 -3.5364621065890569E+000                  1.0886558201471447E+001                  7.0000000000000018E-001                  2.8000000000000008E-001                  1.9999999999999796E-002                  2.9335230152272396E-001                  6.5582518508497867E-001                  0.0000000000000000E+000                  2.5291579613008719E-001                  2.5291579613008719E-001                  1.3973099156394455E-007                  1.3973099156394455E-007                  0.0000000000000000E+000                 -4.0665933750645236E+000                 -9.8999999999999986E+001                 -3.3786642155528122E+000 
                                     431                  2.9995228805584638E+001                  7.9337126438087513E-001                  6.2010182038713717E+000                 -3.5273791282391094E+000                  1.0898786054615691E+001                  7.0000000000000018E-001                  2.8000000000000003E-001                  1.9999999999999796E-002                  2.9333940437599304E-001                  6.5677574182928466E-001                  0.0000000000000000E+000                  2.5314993388283913E-001                  2.5314993388283913E-001                  1.3847274249635881E-007                  1.3847274249635881E-007                  0.0000000000000000E+000                 -4.0798429797144342E+000                 -9.8999999999999986E+001                 -3.3925439562174535E+000 
                                     432                  2.9995087696963296E+001                  7.9296679274758497E-001                  6.2050960029889959E+000                 -3.5154650033170531E+000                  1.0914843458666985E+001                  7.0000000000000018E-001                  2.8000000000000008E-001                  1.9999999999999796E-002                  2.9329045575821178E-001                  6.5809394518507813E-001                  0.0000000000000000E+000                  2.5347161776098759E-001                  2.5347161776098759E-001                  1.3669034763262834E-007                  1.3669034763262834E-007                  0.0000000000000000E+000                 -4.0971001056696696E+000                 -9.8999999999999986E+001                 -3.4106733743858206E+000 
                                     433                  2.9994898882177782E+001                  7.9243852340657284E-001                  6.2082625229943522E+000                 -3.5061380971133786E+000                  1.0927372361058337E+001                  7.0000000000000018E-001                  2.8000000000000008E-001                  1.9999999999999796E-002                  2.9326979561919947E-001                  6.5921193682197887E-001                  0.0000000000000000E+000                  2.5391341006111195E-001                  2.5391341006111195E-001                  1.3428507492531339E-007                  1.3428507492531339E-007                  0.0000000000000000E+000                 -4.1101387975353942E+000                 -9.8999999999999986E+001                 -3.4244512550670989E+000 
                                     434                  2.9994822954289344E+001                  7.9223007474862017E-001                  6.2100513189853093E+000                 -3.5009163842112501E+000                  1.0934412462083291E+001                  7.0000000000000018E-001                  2.8000000000000008E-001                  1.9999999999999796E-002                  2.9326667490198344E-001                  6.5984093246375308E-001                  0.0000000000000000E+000                  2.5409189823490763E-001                  2.5409189823490763E-001                  1.3336295860627800E-007                  1.3336295860627800E-007                  0.0000000000000000E+000                 -4.1176780570915001E+000                 -9.8999999999999986E+001                 -3.4324051301360594E+000 
                                     435                  2.9994747026400901E+001                  7.9202382214329270E-001                  6.2127036263751005E+000                 -3.4932217670518546E+000                  1.0944812991562568E+001                  7.0000000000000018E-001                  2.8000000000000008E-001                  1.9999999999999796E-002                  2.9326858195696887E-001                  6.6077434768116450E-001                  0.0000000000000000E+000                  2.5426442282889944E-001                  2.5426442282889944E-001                  1.3249799516157239E-007                  1.3249799516157239E-007                  0.0000000000000000E+000                 -4.1290544751297640E+000                 -9.8999999999999986E+001                 -3.4443960420745801E+000 
                                     436                  2.9994594494431073E+001                  7.9161589223346163E-001                  6.2168144881872918E+000                 -3.4813059353883302E+000                  1.0960925003825460E+001                  7.0000000000000018E-001                  2.8000000000000008E-001                  1.9999999999999796E-002                  2.9324401020126256E-001                  6.6226435155150720E-001                  0.0000000000000000E+000                  2.5460262064904532E-001                  2.5460262064904532E-001                  1.3079294620951316E-007                  1.3079294620951316E-007                  0.0000000000000000E+000                 -4.1464564522880503E+000                 -9.8999999999999986E+001                 -3.4627779543650785E+000 
                                     437                  2.9994383491990828E+001                  7.9106504094413610E-001                  6.2201734626562022E+000                 -3.4714933796222405E+000                  1.0974150801903356E+001                  7.0000000000000018E-001                  2.8000000000000008E-001                  1.9999999999999796E-002                  2.9322246663882084E-001                  6.6355364846548037E-001                  0.0000000000000000E+000                  2.5506764718564162E-001                  2.5506764718564162E-001                  1.2842420425234375E-007                  1.2842420425234375E-007                  0.0000000000000000E+000                 -4.1602646018536422E+000                 -9.8999999999999986E+001                 -3.4774339619087522E+000 
                                     438                  2.9994287395672668E+001                  7.9081909679925511E-001                  6.2232802564154461E+000                 -3.4625480276902891E+000                  1.0986279632227209E+001                  7.0000000000000018E-001                  2.8000000000000008E-001                  1.9999999999999796E-002                  2.9320536823192161E-001                  6.6470465091856856E-001                  0.0000000000000000E+000                  2.5527084851348619E-001                  2.5527084851348619E-001                  1.2739314613448539E-007                  1.2739314613448539E-007                  0.0000000000000000E+000                 -4.1734794294681459E+000                 -9.8999999999999986E+001                 -3.4914020238260250E+000 
                                     439                  2.9994094179387091E+001                  7.9033344460022059E-001                  6.2273228601504194E+000                 -3.4508686439552885E+000                  1.1002093189733980E+001                  7.0000000000000018E-001                  2.8000000000000008E-001                  1.9999999999999796E-002                  2.9318895299474451E-001                  6.6624179176340803E-001                  0.0000000000000000E+000                  2.5565572893765137E-001                  2.5565572893765137E-001                  1.2544958348980508E-007                  1.2544958348980508E-007                  0.0000000000000000E+000                 -4.1903881941433916E+000                 -9.8999999999999986E+001                 -3.5093173406739790E+000 
                                     440                  2.9993899585429148E+001                  7.8985572103070334E-001                  6.2314661468788159E+000                 -3.4389410782101257E+000                  1.1018267000869907E+001                  7.0000000000000018E-001                  2.8000000000000008E-001                  1.9999999999999796E-002                  2.9315191103651073E-001                  6.6780772839668467E-001                  0.0000000000000000E+000                  2.5602237770470837E-001                  2.5602237770470837E-001                  1.2357429245103850E-007                  1.2357429245103850E-007                  0.0000000000000000E+000                 -4.2077634566973163E+000                 -9.8999999999999986E+001                 -3.5277134204983072E+000 
                                     441                  2.9993684457867602E+001                  7.8934012953413679E-001                  6.2345385239976832E+000                 -3.4300521327664018E+000                  1.1030296344219746E+001                  7.0000000000000018E-001                  2.8000000000000008E-001                  1.9999999999999796E-002                  2.9311838661398842E-001                  6.6898915496622580E-001                  0.0000000000000000E+000                  2.5640411090387988E-001                  2.5640411090387988E-001                  1.2156276921370937E-007                  1.2156276921370937E-007                  0.0000000000000000E+000                 -4.2203459629255367E+000                 -9.8999999999999986E+001                 -3.5410657029568613E+000 
                                     442                  2.9993586293331671E+001                  7.8910903185654069E-001                  6.2375758333389584E+000                 -3.4213882396994615E+000                  1.1042090410183892E+001                  7.0000000000000018E-001                  2.8000000000000008E-001                  1.9999999999999796E-002                  2.9307316257160965E-001                  6.7008970466157625E-001                  0.0000000000000000E+000                  2.5656382113370740E-001                  2.5656382113370740E-001                  1.2068638891993374E-007                  1.2068638891993374E-007                  0.0000000000000000E+000                 -4.2331898642570893E+000                 -9.8999999999999986E+001                 -3.5546241751231165E+000 
                                     443                  2.9993369422531529E+001                  7.8860729357883741E-001                  6.2412781419161769E+000                 -3.4107586646899355E+000                  1.1056521213346661E+001                  7.0000000000000018E-001                  2.8000000000000008E-001                  1.9999999999999796E-002                  2.9303811154245007E-001                  6.7144592650991874E-001                  0.0000000000000000E+000                  2.5688464041744608E-001                  2.5688464041744608E-001                  1.1890171510265183E-007                  1.1890171510265183E-007                  0.0000000000000000E+000                 -4.2484463029574853E+000                 -9.8999999999999986E+001                 -3.5707620600481969E+000 
                                     444                  2.9993190834321034E+001                  7.8820284928413364E-001                  6.2440032245410961E+000                 -3.4029401129415384E+000                  1.1067138733101887E+001                  7.0000000000000018E-001                  2.8000000000000008E-001                  1.9999999999999796E-002                  2.9301097970153722E-001                  6.7242275797917117E-001                  0.0000000000000000E+000                  2.5713048921902182E-001                  2.5713048921902182E-001                  1.1755336374159189E-007                  1.1755336374159189E-007                  0.0000000000000000E+000                 -4.2596590505903507E+000                 -9.8999999999999986E+001                 -3.5826081953947311E+000 
                                     445                  2.9993071067163100E+001                  7.8793583629682495E-001                  6.2461541766173205E+000                 -3.3967943250024186E+000                  1.1075499349919031E+001                  7.0000000000000018E-001                  2.8000000000000008E-001                  1.9999999999999796E-002                  2.9298025003686440E-001                  6.7316690329356155E-001                  0.0000000000000000E+000                  2.5727935567984805E-001                  2.5727935567984805E-001                  1.1670166988285626E-007                  1.1670166988285626E-007                  0.0000000000000000E+000                 -4.2686141540873699E+000                 -9.8999999999999986E+001                 -3.5920446904758796E+000 
                                     446                  2.9992951300005164E+001                  7.8767209220797918E-001                  6.2489885078465610E+000                 -3.3887363516927693E+000                  1.1086484540434499E+001                  7.0000000000000018E-001                  2.8000000000000008E-001                  1.9999999999999796E-002                  2.9293891860226878E-001                  6.7410436490632908E-001                  0.0000000000000000E+000                  2.5741148080107801E-001                  2.5741148080107801E-001                  1.1590189368314570E-007                  1.1590189368314570E-007                  0.0000000000000000E+000                 -4.2805095896268268E+000                 -9.8999999999999986E+001                 -3.6045456540093124E+000 
                                     447                  2.9992750025389263E+001                  7.8723595238213706E-001                  6.2524519725050647E+000                 -3.3788611716567512E+000                  1.1099930303372394E+001                  7.0000000000000018E-001                  2.8000000000000008E-001                  1.9999999999999796E-002                  2.9290877864600895E-001                  6.7522131135440944E-001                  0.0000000000000000E+000                  2.5760702187446199E-001                  2.5760702187446199E-001                  1.1470030227841919E-007                  1.1470030227841919E-007                  0.0000000000000000E+000                 -4.2947322824477743E+000                 -9.8999999999999986E+001                 -3.6194891661577220E+000 
                                     448                  2.9992548750773363E+001                  7.8680834401514999E-001                  6.2565218080969380E+000                 -3.3673132749768806E+000                  1.1115683998139657E+001                  7.0000000000000018E-001                  2.8000000000000008E-001                  1.9999999999999796E-002                  2.9287025802655464E-001                  6.7643577151893663E-001                  0.0000000000000000E+000                  2.5777173846336110E-001                  2.5777173846336110E-001                  1.1365920634765625E-007                  1.1365920634765625E-007                  0.0000000000000000E+000                 -4.3116692102991871E+000                 -9.8999999999999986E+001                 -3.6372103736048742E+000 
                                     449                  2.9992264161464426E+001                  7.8621752376566645E-001                  6.2598180719152854E+000                 -3.3578658565682464E+000                  1.1128518866517014E+001                  7.0000000000000018E-001                  2.8000000000000008E-001                  1.9999999999999796E-002                  2.9283417731194700E-001                  6.7740179951306989E-001                  0.0000000000000000E+000                  2.5796186712322905E-001                  2.5796186712322905E-001                  1.1234690855304056E-007                  1.1234690855304056E-007                  0.0000000000000000E+000                 -4.3250710126404472E+000                 -9.8999999999999986E+001                 -3.6512361893783116E+000 
                                     450                  2.9992141885369850E+001                  7.8596841381569438E-001                  6.2627553660708912E+000                 -3.3495610054580456E+000                  1.1139866085656047E+001                  7.0000000000000018E-001                  2.8000000000000008E-001                  1.9999999999999796E-002                  2.9279885873913913E-001                  6.7815190282871074E-001                  0.0000000000000000E+000                  2.5802332048247545E-001                  2.5802332048247545E-001                  1.1185131389300399E-007                  1.1185131389300399E-007                  0.0000000000000000E+000                 -4.3374001715031874E+000                 -9.8999999999999986E+001                 -3.6640474488143693E+000 
                                     451                  2.9991895148428476E+001                  7.8547399615556901E-001                  6.2662672248474003E+000                 -3.3395620398582126E+000                  1.1153487326864315E+001                  7.0000000000000018E-001                  2.8000000000000008E-001                  1.9999999999999796E-002                  2.9276467895985925E-001                  6.7900863494453123E-001                  0.0000000000000000E+000                  2.5810405151067201E-001                  2.5810405151067201E-001                  1.1101521900512658E-007                  1.1101521900512658E-007                  0.0000000000000000E+000                 -4.3516945040799246E+000                 -9.8999999999999986E+001                 -3.6788921986831933E+000 
                                     452                  2.9991688064431184E+001                  7.8506721648880062E-001                  6.2693940756276767E+000                 -3.3306765309346638E+000                  1.1165600813586957E+001                  7.0000000000000018E-001                  2.8000000000000014E-001                  1.9999999999999685E-002                  2.9272652919079345E-001                  6.7968810804669755E-001                  0.0000000000000000E+000                  2.5814532682375613E-001                  2.5814532682375613E-001                  1.1041219290493074E-007                  1.1041219290493074E-007                  0.0000000000000000E+000                 -4.3645661406142553E+000                 -9.8999999999999986E+001                 -3.6921996137852751E+000 
                                     453                  2.9991480980433892E+001                  7.8466756320875886E-001                  6.2721559779273468E+000                 -3.3228165465171982E+000                  1.1176310203596600E+001                  7.0000000000000018E-001                  2.8000000000000014E-001                  1.9999999999999685E-002                  2.9269052893105030E-001                  6.8023054590210041E-001                  0.0000000000000000E+000                  2.5815724715781663E-001                  2.5815724715781663E-001                  1.0990422235161148E-007                  1.0990422235161148E-007                  0.0000000000000000E+000                 -4.3759857689218595E+000                 -9.8999999999999986E+001                 -3.7039680365791012E+000 
                                     454                  2.9991313535947938E+001                  7.8434941868248353E-001                  6.2745838241517591E+000                 -3.3159196698382321E+000                  1.1185715351434325E+001                  7.0000000000000018E-001                  2.8000000000000014E-001                  1.9999999999999685E-002                  2.9265894770900636E-001                  6.8064857842727522E-001                  0.0000000000000000E+000                  2.5814493730050814E-001                  2.5814493730050814E-001                  1.0957292798265252E-007                  1.0957292798265252E-007                  0.0000000000000000E+000                 -4.3860749009214581E+000                 -9.8999999999999986E+001                 -3.7143245261903770E+000 
                                     455                  2.9991145343038564E+001                  7.8403419817747932E-001                  6.2769719519075977E+000                 -3.3091343591752702E+000                  1.1194967930799846E+001                  7.0000000000000018E-001                  2.8000000000000014E-001                  1.9999999999999685E-002                  2.9262566828617464E-001                  6.8100960883354855E-001                  0.0000000000000000E+000                  2.5811311346614924E-001                  2.5811311346614924E-001                  1.0930881231279647E-007                  1.0930881231279647E-007                  0.0000000000000000E+000                 -4.3958702699748127E+000                 -9.8999999999999986E+001                 -3.7243518285795147E+000 
                                     456                  2.9990977150129190E+001                  7.8372319237517973E-001                  6.2805047045167317E+000                 -3.2991588338530589E+000                  1.1208605028717297E+001                  7.0000000000000018E-001                  2.8000000000000014E-001                  1.9999999999999685E-002                  2.9258354254152269E-001                  6.8141435200110700E-001                  0.0000000000000000E+000                  2.5805663301153187E-001                  2.5805663301153187E-001                  1.0913694560665110E-007                  1.0913694560665110E-007                  0.0000000000000000E+000                 -4.4105429344165845E+000                 -9.8999999999999986E+001                 -3.7392836775361955E+000 
                                     457                  2.9990637756964990E+001                  7.8310790561562404E-001                  6.2839355675370019E+000                 -3.2893310773196620E+000                  1.1221959042833831E+001                  7.0000000000000018E-001                  2.8000000000000014E-001                  1.9999999999999685E-002                  2.9256781795507791E-001                  6.8175923799073723E-001                  0.0000000000000000E+000                  2.5790641767234129E-001                  2.5790641767234129E-001                  1.0899420501419266E-007                  1.0899420501419266E-007                  0.0000000000000000E+000                 -4.4244613958253503E+000                 -9.8999999999999986E+001                 -3.7534277541164274E+000 
                                     458                  2.9990467305133581E+001                  7.8280484733208500E-001                  6.2861960801456611E+000                 -3.2828950915304271E+000                  1.1230727058530576E+001                  7.0000000000000018E-001                  2.8000000000000014E-001                  1.9999999999999685E-002                  2.9254550866586715E-001                  6.8189879026687927E-001                  0.0000000000000000E+000                  2.5781305348517958E-001                  2.5781305348517958E-001                  1.0899843597431972E-007                  1.0899843597431972E-007                  0.0000000000000000E+000                 -4.4338747201915467E+000                 -9.8999999999999986E+001                 -3.7629321717548656E+000 
                                     459                  2.9990295329046976E+001                  7.8250294671366682E-001                  6.2884266495085237E+000                 -3.2765398202364699E+000                  1.1239383181963843E+001                  7.0000000000000018E-001                  2.8000000000000014E-001                  1.9999999999999685E-002                  2.9251089090542121E-001                  6.8198351641744714E-001                  0.0000000000000000E+000                  2.5769483529213427E-001                  2.5769483529213427E-001                  1.0905042867879026E-007                  1.0905042867879026E-007                  0.0000000000000000E+000                 -4.4431167953827417E+000                 -9.8999999999999986E+001                 -3.7722285080395812E+000 
                                     460                  2.9990123352960371E+001                  7.8220481458400082E-001                  6.2917296229529693E+000                 -3.2671794623121468E+000                  1.1252161125777032E+001                  7.0000000000000018E-001                  2.8000000000000014E-001                  1.9999999999999685E-002                  2.9246961566375168E-001                  6.8197784416143481E-001                  0.0000000000000000E+000                  2.5755536954125291E-001                  2.5755536954125291E-001                  1.0916474554337559E-007                  1.0916474554337559E-007                  0.0000000000000000E+000                 -4.4568982619096280E+000                 -9.8999999999999986E+001                 -3.7860075381036453E+000 
                                     461                  2.9989776324619346E+001                  7.8161423538151686E-001                  6.2960204609223318E+000                 -3.2549137782321185E+000                  1.1268842784056503E+001                  7.0000000000000018E-001                  2.8000000000000014E-001                  1.9999999999999685E-002                  2.9245520525084362E-001                  6.8182706368173962E-001                  0.0000000000000000E+000                  2.5723210578749156E-001                  2.5723210578749156E-001                  1.0961358040283770E-007                  1.0961358040283770E-007                  0.0000000000000000E+000                 -4.4745031281364493E+000                 -9.8999999999999986E+001                 -3.8035228325623649E+000 
                                     462                  2.9989426192332974E+001                  7.8103261718452965E-001                  6.2991579548655974E+000                 -3.2458704608735451E+000                  1.1281099865499314E+001                  7.0000000000000018E-001                  2.8000000000000008E-001                  1.9999999999999796E-002                  2.9241519266295229E-001                  6.8160651287768048E-001                  0.0000000000000000E+000                  2.5687398253440474E-001                  2.5687398253440474E-001                  1.1017426446549244E-007                  1.1017426446549244E-007                  0.0000000000000000E+000                 -4.4873182549228785E+000                 -9.8999999999999986E+001                 -3.8162011819243986E+000 
                                     463                  2.9989249560255701E+001                  7.8074438858226125E-001                  6.3012244945062257E+000                 -3.2399428373667636E+000                  1.1289151323618771E+001                  7.0000000000000018E-001                  2.8000000000000014E-001                  1.9999999999999685E-002                  2.9237659504996805E-001                  6.8137479513254140E-001                  0.0000000000000000E+000                  2.5667337512517663E-001                  2.5667337512517663E-001                  1.1047967874818504E-007                  1.1047967874818504E-007                  0.0000000000000000E+000                 -4.4959285984950279E+000                 -9.8999999999999986E+001                 -3.8246656613709611E+000 
                                     464                  2.9989072928178423E+001                  7.8045950388350216E-001                  6.3042876559166920E+000                 -3.2311955173390361E+000                  1.1301055511334969E+001                  7.0000000000000018E-001                  2.8000000000000014E-001                  1.9999999999999685E-002                  2.9233514561931034E-001                  6.8090657647175001E-001                  0.0000000000000000E+000                  2.5644858568037138E-001                  2.5644858568037138E-001                  1.1086661252316142E-007                  1.1086661252316142E-007                  0.0000000000000000E+000                 -4.5087914381271608E+000                 -9.8999999999999986E+001                 -3.8372320702841471E+000 
                                     465                  2.9988716504031416E+001                  7.7989444454510359E-001                  6.3082736120443208E+000                 -3.2197069741499003E+000                  1.1316628388717749E+001                  7.0000000000000018E-001                  2.8000000000000008E-001                  1.9999999999999796E-002                  2.9232845022481257E-001                  6.8017233254921539E-001                  0.0000000000000000E+000                  2.5596544360080009E-001                  2.5596544360080009E-001                  1.1184810098644346E-007                  1.1184810098644346E-007                  0.0000000000000000E+000                 -4.5251092710518419E+000                 -9.8999999999999986E+001                 -3.8530879891220531E+000 
                                     466                  2.9988356891541191E+001                  7.7933705754057614E-001                  6.3121672269210745E+000                 -3.2084443593151808E+000                  1.1331870818877329E+001                  7.0000000000000018E-001                  2.8000000000000014E-001                  1.9999999999999685E-002                  2.9228818388942623E-001                  6.7928865828314355E-001                  0.0000000000000000E+000                  2.5545545545879239E-001                  2.5545545545879239E-001                  1.1293389905219270E-007                  1.1293389905219270E-007                  0.0000000000000000E+000                 -4.5411777578566692E+000                 -9.8999999999999986E+001                 -3.8685957295893210E+000 
                                     467                  2.9987994062123782E+001                  7.7878698096616727E-001                  6.3159727790524105E+000                 -3.1973982677098260E+000                  1.1346799868804677E+001                  7.0000000000000018E-001                  2.8000000000000014E-001                  1.9999999999999685E-002                  2.9221251074771792E-001                  6.7827537563871143E-001                  0.0000000000000000E+000                  2.5491813093491089E-001                  2.5491813093491089E-001                  1.1400200628951795E-007                  1.1400200628951795E-007                  0.0000000000000000E+000                 -4.5569642587514352E+000                 -9.8999999999999986E+001                 -3.8837403226863429E+000 
                                     468                  2.9987627986978790E+001                  7.7824387497845315E-001                  6.3187628695362275E+000                 -3.1892270831430380E+000                  1.1357803264690869E+001                  7.0000000000000018E-001                  2.8000000000000014E-001                  1.9999999999999685E-002                  2.9220217871038112E-001                  6.7746957547632025E-001                  0.0000000000000000E+000                  2.5436787998157628E-001                  2.5436787998157628E-001                  1.1514310404736138E-007                  1.1514310404736138E-007                  0.0000000000000000E+000                 -4.5682645644500788E+000                 -9.8999999999999986E+001                 -3.8945307611438942E+000 
                                     469                  2.9987443312041847E+001                  7.7797424360706391E-001                  6.3206033731791944E+000                 -3.1838550033781030E+000                  1.1365047106156712E+001                  7.0000000000000018E-001                  2.8000000000000019E-001                  1.9999999999999574E-002                  2.9220187074187587E-001                  6.7688363230635373E-001                  0.0000000000000000E+000                  2.5408390934288505E-001                  2.5408390934288505E-001                  1.1579361866895170E-007                  1.1579361866895170E-007                  0.0000000000000000E+000                 -4.5758575251909326E+000                 -9.8999999999999986E+001                 -3.9017473712767714E+000 
                                     470                  2.9987258637104908E+001                  7.7770743305279655E-001                  6.3233437745663919E+000                 -3.1758823248877177E+000                  1.1375811598290371E+001                  7.0000000000000018E-001                  2.8000000000000019E-001                  1.9999999999999574E-002                  2.9217738035624546E-001                  6.7593384065478102E-001                  0.0000000000000000E+000                  2.5379133267607862E-001                  2.5379133267607862E-001                  1.1645770299816299E-007                  1.1645770299816299E-007                  0.0000000000000000E+000                 -4.5873959014036831E+000                 -9.8999999999999986E+001                 -3.9126783238341551E+000 
                                     471                  2.9986884316628288E+001                  7.7717500045897903E-001                  6.3269080761168262E+000                 -3.1654147876647545E+000                  1.1389890015683523E+001                  7.0000000000000018E-001                  2.8000000000000019E-001                  1.9999999999999574E-002                  2.9211940635198991E-001                  6.7464182551166507E-001                  0.0000000000000000E+000                  2.5319562311941618E-001                  2.5319562311941618E-001                  1.1772741150583752E-007                  1.1772741150583752E-007                  0.0000000000000000E+000                 -4.6021931894077293E+000                 -9.8999999999999986E+001                 -3.9266487155367611E+000 
                                     472                  2.9986509996151664E+001                  7.7665335164002836E-001                  6.3303997464548187E+000                 -3.1551236217646799E+000                  1.1403711983890972E+001                  7.0000000000000018E-001                  2.8000000000000019E-001                  1.9999999999999574E-002                  2.9210261299313744E-001                  6.7328358751752060E-001                  0.0000000000000000E+000                  2.5261065797092386E-001                  2.5261065797092386E-001                  1.1899835067225703E-007                  1.1899835067225703E-007                  0.0000000000000000E+000                 -4.6168244660779330E+000                 -9.8999999999999986E+001                 -3.9404119706395115E+000 
                                     473                  2.9986128949700944E+001                  7.7613289499557825E-001                  6.3338210737581138E+000                 -3.1449984875967996E+000                  1.1417288783517892E+001                  7.0000000000000018E-001                  2.8000000000000019E-001                  1.9999999999999574E-002                  2.9210280385135989E-001                  6.7187401903667265E-001                  0.0000000000000000E+000                  2.5201728939268048E-001                  2.5201728939268048E-001                  1.2038729734448666E-007                  1.2038729734448666E-007                  0.0000000000000000E+000                 -4.6311019385711161E+000                 -9.8999999999999986E+001                 -3.9537831456386714E+000 
                                     474                  2.9985747903250228E+001                  7.7562261853801828E-001                  6.3371760779797652E+000                 -3.1350315674812586E+000                  1.1430631904391225E+001                  7.0000000000000018E-001                  2.8000000000000019E-001                  1.9999999999999574E-002                  2.9211099602005369E-001                  6.7042189285596865E-001                  0.0000000000000000E+000                  2.5143352892564802E-001                  2.5143352892564802E-001                  1.2178804607386242E-007                  1.2178804607386242E-007                  0.0000000000000000E+000                 -4.6450360774862416E+000                 -9.8999999999999986E+001                 -3.9667848533104944E+000 
                                     475                  2.9985360011038640E+001                  7.7511316880303194E-001                  6.3404667946081226E+000                 -3.1252140112385276E+000                  1.1443751134557493E+001                  7.0000000000000018E-001                  2.8000000000000019E-001                  1.9999999999999574E-002                  2.9213995750979349E-001                  6.6893930947193525E-001                  0.0000000000000000E+000                  2.5084940791793903E-001                  2.5084940791793903E-001                  1.2322903876263154E-007                  1.2322903876263154E-007                  0.0000000000000000E+000                 -4.6587700317510325E+000                 -9.8999999999999986E+001                 -3.9795637856149488E+000 
                                     476                  2.9984972118827056E+001                  7.7461336717105400E-001                  6.3436968310213135E+000                 -3.1155417825881679E+000                  1.1456656586023636E+001                  7.0000000000000018E-001                  2.8000000000000019E-001                  1.9999999999999574E-002                  2.9214535032383837E-001                  6.6743145622679567E-001                  0.0000000000000000E+000                  2.5027709758539118E-001                  2.5027709758539118E-001                  1.2463805900198831E-007                  1.2463805900198831E-007                  0.0000000000000000E+000                 -4.6723798355740449E+000                 -9.8999999999999986E+001                 -3.9921982032988459E+000 
                                     477                  2.9984577259149820E+001                  7.7411407378770991E-001                  6.3468679756294639E+000                 -3.1060091738375650E+000                  1.1469356798480522E+001                  7.0000000000000018E-001                  2.8000000000000025E-001                  1.9999999999999574E-002                  2.9213997900433197E-001                  6.6590718246247105E-001                  0.0000000000000000E+000                  2.4970893318680851E-001                  2.4970893318680851E-001                  1.2598230216558566E-007                  1.2598230216558566E-007                  0.0000000000000000E+000                 -4.6857550629192506E+000                 -9.8999999999999986E+001                 -4.0045849666625886E+000 
                                     478                  2.9984182399472584E+001                  7.7362394824264857E-001                  6.3515465066596564E+000                 -3.0920210003294351E+000                  1.1488034301755713E+001                  7.0000000000000018E-001                  2.8000000000000025E-001                  1.9999999999999574E-002                  2.9215711443407261E-001                  6.6351247255960533E-001                  0.0000000000000000E+000                  2.4914634999442778E-001                  2.4914634999442778E-001                  1.2731900021139809E-007                  1.2731900021139809E-007                  0.0000000000000000E+000                 -4.7057364471154184E+000                 -9.8999999999999986E+001                 -4.0230059444020565E+000 
                                     479                  2.9983378497928655E+001                  7.7265283361754256E-001                  6.3560563568178852E+000                 -3.0781921901341653E+000                  1.1506309806192197E+001                  7.0000000000000018E-001                  2.8000000000000025E-001                  1.9999999999999574E-002                  2.9216870612727019E-001                  6.6127973826415476E-001                  0.0000000000000000E+000                  2.4807480296767917E-001                  2.4807480296767917E-001                  1.2984557515282500E-007                  1.2984557515282500E-007                  0.0000000000000000E+000                 -4.7242610889446643E+000                 -9.8999999999999986E+001                 -4.0400845626273352E+000 
                                     480                  2.9982969330480927E+001                  7.7217164098187452E-001                  6.3590170674750528E+000                 -3.0691622732578270E+000                  1.1518269892414471E+001                  7.0000000000000018E-001                  2.8000000000000030E-001                  1.9999999999999574E-002                  2.9216234296513055E-001                  6.5972367078373406E-001                  0.0000000000000000E+000                  2.4756395982860960E-001                  2.4756395982860960E-001                  1.3100546933897648E-007                  1.3100546933897648E-007                  0.0000000000000000E+000                 -4.7368210611073742E+000                 -9.8999999999999986E+001                 -4.0516270457372610E+000 
                                     481                  2.9982560163033195E+001                  7.7169879454502910E-001                  6.3633929119063657E+000                 -3.0558864061001292E+000                  1.1535892476219797E+001                  7.0000000000000018E-001                  2.8000000000000030E-001                  1.9999999999999574E-002                  2.9216207271061950E-001                  6.5728651668806537E-001                  0.0000000000000000E+000                  2.4704654985469510E-001                  2.4704654985469510E-001                  1.3218687867159837E-007                  1.3218687867159837E-007                  0.0000000000000000E+000                 -4.7556463874330603E+000                 -9.8999999999999986E+001                 -4.0688504182789043E+000 
                                     482                  2.9981727139728815E+001                  7.7076054923913573E-001                  6.3676231789267153E+000                 -3.0427434512560723E+000                  1.1553171173993658E+001                  7.0000000000000018E-001                  2.8000000000000030E-001                  1.9999999999999574E-002                  2.9219255734083177E-001                  6.5498279528113368E-001                  0.0000000000000000E+000                  2.4605078807008859E-001                  2.4605078807008859E-001                  1.3449111132885677E-007                  1.3449111132885677E-007                  0.0000000000000000E+000                 -4.7729454663475250E+000                 -9.8999999999999986E+001                 -4.0846438997183370E+000 
                                     483                  2.9981303154314489E+001                  7.7029499156681458E-001                  6.3704046440414297E+000                 -3.0341438142415473E+000                  1.1564498387778704E+001                  7.0000000000000018E-001                  2.8000000000000036E-001                  1.9999999999999463E-002                  2.9220673252897017E-001                  6.5337815003290134E-001                  0.0000000000000000E+000                  2.4556906360117395E-001                  2.4556906360117395E-001                  1.3561304467175392E-007                  1.3561304467174600E-007                  7.9097541091915029E-021                 -4.7847490283148231E+000                 -9.8999999999999986E+001                 -4.0953870754754051E+000 
                                     484                  2.9980879168900163E+001                  7.6983710381628079E-001                  6.3745216107995049E+000                 -3.0214783399472522E+000                  1.1581215673281619E+001                  7.0000000000000018E-001                  2.8000000000000036E-001                  1.9999999999999463E-002                  2.9222826705573551E-001                  6.5086574094866945E-001                  0.0000000000000000E+000                  2.4507769857611325E-001                  2.4507769857611325E-001                  1.3677119272610254E-007                  1.3677119272607096E-007                  3.1566982792675430E-020                 -4.8027314130373773E+000                 -9.8999999999999986E+001                 -4.1117008707700045E+000 
                                     485                  2.9980015987254536E+001                  7.6892740910084301E-001                  6.3798481460914926E+000                 -3.0048499166869420E+000                  1.1603036827611225E+001                  6.9999999999999996E-001                  2.8000000000000036E-001                  1.9999999999999685E-002                  2.9227798435843844E-001                  6.4755960899959897E-001                  0.0000000000000000E+000                  2.4410671135421133E-001                  2.4410671135421133E-001                  1.3907574989975261E-007                  1.3907574989970546E-007                  4.7138206027868652E-020                 -4.8252606931412378E+000                 -9.8999999999999986E+001                 -4.1320390355899672E+000 
                                     486                  2.9979137327157719E+001                  7.6803060885638663E-001                  6.3837291987235005E+000                 -2.9925627368223640E+000                  1.1619070627962712E+001                  6.9999999999999996E-001                  2.8000000000000042E-001                  1.9999999999999574E-002                  2.9235972017159312E-001                  6.4510405793811587E-001                  0.0000000000000000E+000                  2.4318075123481409E-001                  2.4318075123481409E-001                  1.4134812815477755E-007                  1.4134812815474627E-007                  3.1285745370745835E-020                 -4.8414215232678544E+000                 -9.8999999999999986E+001                 -4.1465656570900125E+000 
                                     487                  2.9978690121872095E+001                  7.6758484080659595E-001                  6.3862857750194646E+000                 -2.9845047220017027E+000                  1.1629604325103397E+001                  6.9999999999999996E-001                  2.8000000000000042E-001                  1.9999999999999574E-002                  2.9240927137683287E-001                  6.4339792484860070E-001                  0.0000000000000000E+000                  2.4271575419689154E-001                  2.4271575419689154E-001                  1.4253267500514679E-007                  1.4253267500513062E-007                  1.6171759420041157E-020                 -4.8524254909224318E+000                 -9.8999999999999986E+001                 -4.1564205964097019E+000 
                                     488                  2.9978242916586467E+001                  7.6714592830745543E-001                  6.3900765952524550E+000                 -2.9726093068183412E+000                  1.1645182269733203E+001                  6.9999999999999996E-001                  2.8000000000000047E-001                  1.9999999999999574E-002                  2.9245261772055203E-001                  6.4073463301018496E-001                  0.0000000000000000E+000                  2.4224149285699201E-001                  2.4224149285699201E-001                  1.4372068316103116E-007                  1.4372068316101483E-007                  1.6338477618269740E-020                 -4.8690243830567193E+000                 -9.8999999999999986E+001                 -4.1712234045619665E+000 
                                     489                  2.9977332479018507E+001                  7.6627256751133077E-001                  6.3949958950043628E+000                 -2.9569545656900034E+000                  1.1665569496522560E+001                  6.9999999999999984E-001                  2.8000000000000053E-001                  1.9999999999999574E-002                  2.9255011451457030E-001                  6.3720791472388605E-001                  0.0000000000000000E+000                  2.4129681433582670E-001                  2.4129681433582670E-001                  1.4607418335022644E-007                  1.4607418335024451E-007                 -1.8078742953320916E-020                 -4.8900059967613547E+000                 -9.8999999999999986E+001                 -4.1898317736458610E+000 
                                     490                  2.9976405733398810E+001                  7.6540988019626233E-001                  6.3997953461322110E+000                 -2.9415825185964959E+000                  1.1685537217641205E+001                  6.9999999999999973E-001                  2.8000000000000058E-001                  1.9999999999999685E-002                  2.9264756117840729E-001                  6.3360268689626698E-001                  0.0000000000000000E+000                  2.4036313410898208E-001                  2.4036313410898208E-001                  1.4843666132000916E-007                  1.4843666132007761E-007                 -6.8439572573292741E-020                 -4.9106526165772628E+000                 -9.8999999999999986E+001                 -4.2080245426807048E+000 
                                     491                  2.9975462394057288E+001                  7.6455724792884427E-001                  6.4033047793488205E+000                 -2.9301947544780220E+000                  1.1700256296447680E+001                  6.9999999999999973E-001                  2.8000000000000064E-001                  1.9999999999999574E-002                  2.9268921027644251E-001                  6.3090681820255967E-001                  0.0000000000000000E+000                  2.3944902974867180E-001                  2.3944902974867180E-001                  1.5067870346925925E-007                  1.5067870346931846E-007                 -5.9209902737362608E-020                 -4.9254851415022927E+000                 -9.8999999999999986E+001                 -4.2210270242212831E+000 
                                     492                  2.9974982282347455E+001                  7.6413266292625992E-001                  6.4056209256956782E+000                 -2.9227085769480010E+000                  1.1709948177263977E+001                  6.9999999999999973E-001                  2.8000000000000064E-001                  1.9999999999999574E-002                  2.9271914429919199E-001                  6.2904800498865043E-001                  0.0000000000000000E+000                  2.3898735695896142E-001                  2.3898735695896142E-001                  1.5177854794516171E-007                  1.5177854794517855E-007                 -1.6833881165669538E-020                 -4.9354784828959897E+000                 -9.8999999999999986E+001                 -4.2297450533326169E+000 
                                     493                  2.9974502170637621E+001                  7.6371411694815594E-001                  6.4079109630707292E+000                 -2.9152841922385742E+000                  1.1719548745049964E+001                  6.9999999999999973E-001                  2.8000000000000069E-001                  1.9999999999999574E-002                  2.9276942207419809E-001                  6.2717592374167797E-001                  0.0000000000000000E+000                  2.3852281320719596E-001                  2.3852281320719596E-001                  1.5291474014594306E-007                  1.5291474014594306E-007                  0.0000000000000000E+000                 -4.9453030815170838E+000                 -9.8999999999999986E+001                 -4.2382808750378844E+000 
                                     494                  2.9974013469308563E+001                  7.6329408930893905E-001                  6.4101751451300251E+000                 -2.9079186977692899E+000                  1.1729060214850664E+001                  6.9999999999999973E-001                  2.8000000000000075E-001                  1.9999999999999574E-002                  2.9282536271938514E-001                  6.2529521769287022E-001                  0.0000000000000000E+000                  2.3805652323986742E-001                  2.3805652323986742E-001                  1.5408937321621752E-007                  1.5408937321621752E-007                  0.0000000000000000E+000                 -4.9550256037274600E+000                 -9.8999999999999986E+001                 -4.2467051840253225E+000 
                                     495                  2.9973524767979512E+001                  7.6287993359821749E-001                  6.4135398089479478E+000                 -2.8970127281110609E+000                  1.1743163420884093E+001                  6.9999999999999962E-001                  2.8000000000000080E-001                  1.9999999999999574E-002                  2.9288647561027387E-001                  6.2240343026450151E-001                  0.0000000000000000E+000                  2.3758651568641076E-001                  2.3758651568641076E-001                  1.5526784940322553E-007                  1.5526784940322553E-007                  0.0000000000000000E+000                 -4.9700194881740707E+000                 -9.8999999999999986E+001                 -4.2596835766149512E+000 
                                     496                  2.9972529886022631E+001                  7.6205419016803022E-001                  6.4179228500578542E+000                 -2.8826214903367240E+000                  1.1761683173224380E+001                  6.9999999999999951E-001                  2.8000000000000086E-001                  1.9999999999999574E-002                  2.9300853840285690E-001                  6.1861272180437921E-001                  0.0000000000000000E+000                  2.3666818285067912E-001                  2.3666818285067912E-001                  1.5758398470621638E-007                  1.5758398470619152E-007                  2.4866209821040825E-020                 -4.9890528864291444E+000                 -9.8999999999999986E+001                 -4.2760867350832443E+000 
                                     497                  2.9971517219693641E+001                  7.6123645262419892E-001                  6.4222155935477545E+000                 -2.8684410407851719E+000                  1.1779889514413062E+001                  6.9999999999999951E-001                  2.8000000000000086E-001                  1.9999999999999574E-002                  2.9311776982874549E-001                  6.1482299614555125E-001                  0.0000000000000000E+000                  2.3578204174924566E-001                  2.3578204174924566E-001                  1.5984356187318354E-007                  1.5984356187310320E-007                  8.0339152432437185E-020                 -5.0077321091184581E+000                 -9.8999999999999986E+001                 -4.2921200538595619E+000 
                                     498                  2.9970486458831189E+001                  7.6042629992335042E-001                  6.4253657136778433E+000                 -2.8579088269715536E+000                  1.1793351115269081E+001                  6.9999999999999929E-001                  2.8000000000000097E-001                  1.9999999999999796E-002                  2.9321270913509989E-001                  6.1204034773534366E-001                  0.0000000000000000E+000                  2.3492854715194916E-001                  2.3492854715194916E-001                  1.6200411671648140E-007                  1.6200411671640810E-007                  7.3291427692328851E-020                 -5.0211054655754488E+000                 -9.8999999999999986E+001                 -4.3035462298100517E+000 
                                     499                  2.9969961873461912E+001                  7.6002217580979781E-001                  6.4274487357929315E+000                 -2.8509673762860506E+000                  1.1802234166798318E+001                  6.9999999999999918E-001                  2.8000000000000103E-001                  1.9999999999999796E-002                  2.9329077117752422E-001                  6.1015843945794734E-001                  0.0000000000000000E+000                  2.3450170657291958E-001                  2.3450170657291958E-001                  1.6311771808244254E-007                  1.6311771808245606E-007                 -1.3528836960145346E-020                 -5.0301695909767643E+000                 -9.8999999999999986E+001                 -4.3112694290489593E+000 
                                     500                  2.9969437288092639E+001                  7.5962335506953549E-001                  6.4305489706580135E+000                 -2.8406713639782715E+000                  1.1815426830536742E+001                  6.9999999999999918E-001                  2.8000000000000108E-001                  1.9999999999999796E-002                  2.9337500851892229E-001                  6.0729951918186686E-001                  0.0000000000000000E+000                  2.3408126523949976E-001                  2.3408126523949976E-001                  1.6421689815511129E-007                  1.6421689815515160E-007                 -4.0321955732620886E-020                 -5.0441120401718056E+000                 -9.8999999999999986E+001                 -4.3231797128877139E+000 
                                     501                  2.9968369386867007E+001                  7.5882721650211737E-001                  6.4345983875842929E+000                 -2.8270654128598558E+000                  1.1832787079668389E+001                  6.9999999999999918E-001                  2.8000000000000119E-001                  1.9999999999999574E-002                  2.9345263173425279E-001                  6.0358644724668287E-001                  0.0000000000000000E+000                  2.3325575325948764E-001                  2.3325575325948764E-001                  1.6626168438538943E-007                  1.6626168438534962E-007                  3.9804860762673700E-020                 -5.0619997277728226E+000                 -9.8999999999999986E+001                 -4.3384161015857599E+000 
                                     502                  2.9967282429185612E+001                  7.5803755134211614E-001                  6.4385751944901068E+000                 -2.8136340271720108E+000                  1.1849893000352788E+001                  6.9999999999999885E-001                  2.8000000000000136E-001                  1.9999999999999796E-002                  2.9358565111589757E-001                  5.9991746295523629E-001                  0.0000000000000000E+000                  2.3247868119979684E-001                  2.3247868119979684E-001                  1.6817544699243262E-007                  1.6817544699229625E-007                  1.3637253311524977E-019                 -5.0793048816344601E+000                 -9.8999999999999986E+001                 -4.3531012346056102E+000 
                                     503                  2.9966176083650794E+001                  7.5725403235063449E-001                  6.4424830124255514E+000                 -2.8003645972986813E+000                  1.1866756853657805E+001                  6.9999999999999873E-001                  2.8000000000000153E-001                  1.9999999999999796E-002                  2.9372825891447257E-001                  5.9630300866921904E-001                  0.0000000000000000E+000                  2.3172447467995064E-001                  2.3172447467995064E-001                  1.7011518513081891E-007                  1.7011518513067317E-007                  1.4574461233586851E-019                 -5.0963613731908008E+000                 -9.8999999999999986E+001                 -4.3675446303646268E+000 
                                     504                  2.9965050013357317E+001                  7.5647636009228802E-001                  6.4463253981450874E+000                 -2.7872527287834248E+000                  1.1883390074582330E+001                  6.9999999999999873E-001                  2.8000000000000169E-001                  1.9999999999999574E-002                  2.9384758532630711E-001                  5.9274808981843430E-001                  0.0000000000000000E+000                  2.3100340109223697E-001                  2.3100340109223697E-001                  1.7196340630022401E-007                  1.7196340630016638E-007                  5.7611876247088512E-020                 -5.1133513234913828E+000                 -9.8999999999999986E+001                 -4.3819486951529161E+000 
                                     505                  2.9963903875777053E+001                  7.5570424743107190E-001                  6.4501057300965039E+000                 -2.7742940995408296E+000                  1.1899803345681963E+001                  6.9999999999999840E-001                  2.8000000000000180E-001                  1.9999999999999796E-002                  2.9396793444246871E-001                  5.8925707932218208E-001                  0.0000000000000000E+000                  2.3031805440919720E-001                  2.3031805440919720E-001                  1.7368382060781032E-007                  1.7368382060778975E-007                  2.0570203505776305E-020                 -5.1300645751917813E+000                 -9.8999999999999986E+001                 -4.3961113475093452E+000 
                                     506                  2.9962737322640596E+001                  7.5493741894676680E-001                  6.4538272363944813E+000                 -2.7614807747560848E+000                  1.1916006662696896E+001                  6.9999999999999829E-001                  2.8000000000000203E-001                  1.9999999999999685E-002                  2.9411311841329579E-001                  5.8583544754098082E-001                  0.0000000000000000E+000                  2.2967169798027584E-001                  2.2967169798027584E-001                  1.7531707178478346E-007                  1.7531707178468058E-007                  1.0289721142920696E-019                 -5.1464434423297529E+000                 -9.8999999999999986E+001                 -4.4099849809382841E+000 
                                     507                  2.9961549999810895E+001                  7.5417561686151224E-001                  6.4574928721576006E+000                 -2.7488071889209094E+000                  1.1932009392115418E+001                  6.9999999999999818E-001                  2.8000000000000225E-001                  1.9999999999999574E-002                  2.9424336523581252E-001                  5.8248647773668005E-001                  0.0000000000000000E+000                  2.2905902173918152E-001                  2.2905902173918152E-001                  1.7686378837885548E-007                  1.7686378837870228E-007                  1.5320911814709900E-019                 -5.1627191986104215E+000                 -9.8999999999999986E+001                 -4.4237933185816312E+000 
                                     508                  2.9960341547176878E+001                  7.5341859638712216E-001                  6.4611053758239683E+000                 -2.7362706866592821E+000                  1.1947820323227374E+001                  6.9999999999999774E-001                  2.8000000000000247E-001                  1.9999999999999796E-002                  2.9436153068568394E-001                  5.7921142453583119E-001                  0.0000000000000000E+000                  2.2847702964405994E-001                  2.2847702964405994E-001                  1.7829916665225464E-007                  1.7829916665216295E-007                  9.1703860672834782E-020                 -5.1788896406643055E+000                 -9.8999999999999986E+001                 -4.4375305307736408E+000 
                                     509                  2.9959111598533870E+001                  7.5266612027212820E-001                  6.4646673801044372E+000                 -2.7238657973443745E+000                  1.1963447715556837E+001                  6.9999999999999774E-001                  2.8000000000000275E-001                  1.9999999999999574E-002                  2.9450656264027869E-001                  5.7601238204591210E-001                  0.0000000000000000E+000                  2.2792879177978076E-001                  2.2792879177978076E-001                  1.7967769136117617E-007                  1.7967769136115581E-007                  2.0357024607492785E-020                 -5.1947668528048192E+000                 -9.8999999999999986E+001                 -4.4510175346345049E+000 
                                     510                  2.9957859781471278E+001                  7.5191796339208306E-001                  6.4681813697059409E+000                 -2.7115846609875232E+000                  1.1978899340653276E+001                  6.9999999999999729E-001                  2.8000000000000302E-001                  1.9999999999999685E-002                  2.9467162406142616E-001                  5.7289223772733244E-001                  0.0000000000000000E+000                  2.2741399104206456E-001                  2.2741399104206456E-001                  1.8103063572921964E-007                  1.8103063572920884E-007                  1.0808325019508884E-020                 -5.2103026446200094E+000                 -9.8999999999999986E+001                 -4.4642085295593823E+000 
                                     511                  2.9956585717278472E+001                  7.5117391652566490E-001                  6.4716498429534148E+000                 -2.6994224587800302E+000                  1.1994182518895853E+001                  6.9999999999999685E-001                  2.8000000000000341E-001                  1.9999999999999796E-002                  2.9482424292912801E-001                  5.6985162814978441E-001                  0.0000000000000000E+000                  2.2694215453297489E-001                  2.2694215453297489E-001                  1.8227477547951042E-007                  1.8227477547947821E-007                  3.2219702251842028E-020                 -5.2257058921938118E+000                 -9.8999999999999986E+001                 -4.4773326235451485E+000 
                                     512                  2.9955289020880130E+001                  7.5043378080791812E-001                  6.4750748773278906E+000                 -2.6873774060085021E+000                  1.2009304153305735E+001                  6.9999999999999674E-001                  2.8000000000000369E-001                  1.9999999999999574E-002                  2.9496364218555282E-001                  5.6689020124204037E-001                  0.0000000000000000E+000                  2.2649382250281766E-001                  2.2649382250281766E-001                  1.8342709757017305E-007                  1.8342709757015204E-007                  2.1014022554709134E-020                 -5.2410955677100812E+000                 -9.8999999999999986E+001                 -4.4904736468879651E+000 
                                     513                  2.9953969300767728E+001                  7.4969736233000883E-001                  6.4784586797157129E+000                 -2.6754465313456048E+000                  1.2024270761322436E+001                  6.9999999999999629E-001                  2.8000000000000408E-001                  1.9999999999999574E-002                  2.9511015318225975E-001                  5.6400734467744951E-001                  0.0000000000000000E+000                  2.2608484507307092E-001                  2.2608484507307092E-001                  1.8446652033168096E-007                  1.8446652033170317E-007                 -2.2202180934481212E-020                 -5.2562425108581170E+000                 -9.8999999999999986E+001                 -4.5034349001157867E+000 
                                     514                  2.9952626158850354E+001                  7.4896447395194587E-001                  6.4818031143562935E+000                 -2.6636244126145150E+000                  1.2039088503643084E+001                  6.9999999999999607E-001                  2.8000000000000436E-001                  1.9999999999999574E-002                  2.9526419826108619E-001                  5.6120406141141221E-001                  0.0000000000000000E+000                  2.2569930559008303E-001                  2.2569930559008303E-001                  1.8545593272035343E-007                  1.8545593272038604E-007                 -3.2606096680191221E-020                 -5.2711614425397304E+000                 -9.8999999999999986E+001                 -4.5162033148583074E+000 
                                     515                  2.9951259190326905E+001                  7.4823493923070494E-001                  6.4851100956516516E+000                 -2.6519069232211789E+000                  1.2053763209960968E+001                  6.9999999999999563E-001                  2.8000000000000475E-001                  1.9999999999999574E-002                  2.9542028912332302E-001                  5.5848017161109331E-001                  0.0000000000000000E+000                  2.2534690250264289E-001                  2.2534690250264289E-001                  1.8637711574249788E-007                  1.8637711574247485E-007                  2.3034082897029368E-020                 -5.2859431624856663E+000                 -9.8999999999999986E+001                 -4.5288897108999233E+000 
                                     516                  2.9949867983511357E+001                  7.4750858998613334E-001                  6.4883814124846948E+000                 -2.6402916115572115E+000                  1.2068300402587466E+001                  6.9999999999999529E-001                  2.8000000000000513E-001                  1.9999999999999574E-002                  2.9557271009271585E-001                  5.5583465186176473E-001                  0.0000000000000000E+000                  2.2502516041451939E-001                  2.2502516041451939E-001                  1.8723827308884940E-007                  1.8723827308873709E-007                  1.1231620224881354E-019                 -5.3006706686914544E+000                 -9.8999999999999986E+001                 -4.5415739989735622E+000 
                                     517                  2.9948452119712712E+001                  7.4678526331972128E-001                  6.4916187472157025E+000                 -2.6287758138767687E+000                  1.2082705318499686E+001                  6.9999999999999485E-001                  2.8000000000000552E-001                  1.9999999999999574E-002                  2.9573279935492497E-001                  5.5326654615413584E-001                  0.0000000000000000E+000                  2.2473238294520556E-001                  2.2473238294520556E-001                  1.8804634754405980E-007                  1.8804634754395985E-007                  9.9946783716865637E-020                 -5.3152269796654696E+000                 -9.8999999999999986E+001                 -4.5541377500392235E+000 
                                     518                  2.9947011173020837E+001                  7.4606480178140933E-001                  6.4948236970423165E+000                 -2.6173549239177025E+000                  1.2096982929341195E+001                  6.9999999999999440E-001                  2.8000000000000597E-001                  1.9999999999999574E-002                  2.9590134667588253E-001                  5.5077575960930047E-001                  0.0000000000000000E+000                  2.2446790307592504E-001                  2.2446790307592504E-001                  1.8880762839587790E-007                  1.8880762839591345E-007                 -3.5556755775597532E-020                 -5.3295414107088144E+000                 -9.8999999999999986E+001                 -4.5665109937378725E+000 
                                     519                  2.9945544710193253E+001                  7.4534705646163257E-001                  6.4979977808076663E+000                 -2.6060254583696527E+000                  1.2111137959333268E+001                  6.9999999999999396E-001                  2.8000000000000647E-001                  1.9999999999999574E-002                  2.9606191578276264E-001                  5.4836160841000314E-001                  0.0000000000000000E+000                  2.2423114600608107E-001                  2.2423114600608107E-001                  1.8949479659481795E-007                  1.8949479659489717E-007                 -7.9226614810563821E-020                 -5.3437352168082199E+000                 -9.8999999999999986E+001                 -4.5788152079846185E+000 
                                     520                  2.9944052290422956E+001                  7.4463188493250898E-001                  6.5011424400312388E+000                 -2.5947858497677516E+000                  1.2125174901610716E+001                  6.9999999999999352E-001                  2.8000000000000691E-001                  1.9999999999999574E-002                  2.9621694918261704E-001                  5.4602244802008915E-001                  0.0000000000000000E+000                  2.2402125580488649E-001                  2.2402125580488649E-001                  1.9009640201901018E-007                  1.9009640201902101E-007                 -1.0830301980621326E-020                 -5.3579155673050325E+000                 -9.8999999999999986E+001                 -4.5911569889378265E+000 
                                     521                  2.9942533465281311E+001                  7.4391914800918058E-001                  6.5042590345102713E+000                 -2.5836352930354507E+000                  1.2139098033302961E+001                  6.9999999999999285E-001                  2.8000000000000741E-001                  1.9999999999999796E-002                  2.9635639338850889E-001                  5.4375413443842480E-001                  0.0000000000000000E+000                  2.2383672167765448E-001                  2.2383672167765448E-001                  1.9061168631860224E-007                  1.9061168631860267E-007                 -4.1986075581235455E-022                 -5.3720562557524891E+000                 -9.8999999999999986E+001                 -4.6035075378214056E+000 
                                     522                  2.9940987778545054E+001                  7.4320870839205588E-001                  6.5073488348677957E+000                 -2.5725715760729515E+000                  1.2152911429929993E+001                  6.9999999999999230E-001                  2.8000000000000808E-001                  1.9999999999999574E-002                  2.9649750386372048E-001                  5.4155043298600569E-001                  0.0000000000000000E+000                  2.2367515014480885E-001                  2.2367515014480885E-001                  1.9104064877386851E-007                  1.9104064877387997E-007                 -1.1458321430644546E-020                 -5.3859912232750657E+000                 -9.8999999999999986E+001                 -4.6156964757097718E+000 
                                     523                  2.9939414766049136E+001                  7.4250043288714673E-001                  6.5104130261247342E+000                 -2.5615899809992295E+000                  1.2166618978224841E+001                  6.9999999999999163E-001                  2.8000000000000880E-001                  1.9999999999999574E-002                  2.9666511225905745E-001                  5.3940659741636054E-001                  0.0000000000000000E+000                  2.2353407001012740E-001                  2.2353407001012740E-001                  1.9144122601275502E-007                  1.9144122601273109E-007                  2.3918282927160074E-020                 -5.3996759124196014E+000                 -9.8999999999999986E+001                 -4.6276760326756783E+000 
                                     524                  2.9937813955536804E+001                  7.4179419639766653E-001                  6.5134527164057960E+000                 -2.5506871136620259E+000                  1.2180224387648330E+001                  6.9999999999999085E-001                  2.8000000000000941E-001                  1.9999999999999796E-002                  2.9682171103973204E-001                  5.3731779286914971E-001                  0.0000000000000000E+000                  2.2341133899532387E-001                  2.2341133899532387E-001                  1.9181991909005866E-007                  1.9181991909002338E-007                  3.5285528977689168E-020                 -5.4133044853683012E+000                 -9.8999999999999986E+001                 -4.6396370011935506E+000 
                                     525                  2.9936184866455836E+001                  7.4108987963802664E-001                  6.5164689391443593E+000                 -2.5398621506757855E+000                  1.2193731201470355E+001                  6.9999999999999019E-001                  2.8000000000001019E-001                  1.9999999999999574E-002                  2.9695902064543572E-001                  5.3527852163306333E-001                  0.0000000000000000E+000                  2.2330469172822667E-001                  2.2330469172822667E-001                  1.9213511310279404E-007                  1.9213511310275813E-007                  3.5916640622958064E-020                 -5.4268804974308589E+000                 -9.8999999999999986E+001                 -4.6515789425305494E+000 
                                     526                  2.9934527009749285E+001                  7.4038736485587542E-001                  6.5194626663201811E+000                 -2.5291126218365796E+000                  1.2207142807332046E+001                  6.9999999999998952E-001                  2.8000000000001096E-001                  1.9999999999999574E-002                  2.9710575610937684E-001                  5.3328447740682017E-001                  0.0000000000000000E+000                  2.2321257511506887E-001                  2.2321257511506887E-001                  1.9241560451529349E-007                  1.9241560451520899E-007                  8.4496381239451106E-020                 -5.4403186314174210E+000                 -9.8999999999999986E+001                 -4.6634145631251185E+000 
                                     527                  2.9932839887682341E+001                  7.3968653843305554E-001                  6.5224348330378863E+000                 -2.5184358600995136E+000                  1.2220462447053016E+001                  6.9999999999998874E-001                  2.8000000000001174E-001                  1.9999999999999574E-002                  2.9725609023909944E-001                  5.3133179535512520E-001                  0.0000000000000000E+000                  2.2313504492614303E-001                  2.2313504492614303E-001                  1.9267938385160519E-007                  1.9267938385150905E-007                  9.6129578699781483E-020                 -5.4536511847875149E+000                 -9.8999999999999986E+001                 -4.6751769587171692E+000 
                                     528                  2.9931122993527435E+001                  7.3898729107451555E-001                  6.5253862865512273E+000                 -2.5078293946471550E+000                  1.2233693226465371E+001                  6.9999999999998774E-001                  2.8000000000001252E-001                  1.9999999999999796E-002                  2.9740637005044152E-001                  5.2941696665618077E-001                  0.0000000000000000E+000                  2.2306811473170726E-001                  2.2306811473170726E-001                  1.9291330431244644E-007                  1.9291330431241060E-007                  3.5836705497631209E-020                 -5.4668154977032444E+000                 -9.8999999999999986E+001                 -4.6867962532502627E+000 
                                     529                  2.9929375811162448E+001                  7.3828951733984638E-001                  6.5283178246257130E+000                 -2.4972903681687066E+000                  1.2246838124300799E+001                  6.9999999999998685E-001                  2.8000000000001357E-001                  1.9999999999999574E-002                  2.9756297460204928E-001                  5.2753698322211007E-001                  0.0000000000000000E+000                  2.2301043813011695E-001                  2.2301043813011695E-001                  1.9313671736849734E-007                  1.9313671736846015E-007                  3.7183369948136850E-020                 -5.4799317524525692E+000                 -9.8999999999999986E+001                 -4.6983904608320506E+000 
                                     530                  2.9927597814794371E+001                  7.3759311617743650E-001                  6.5312301972389042E+000                 -2.4868187082771911E+000                  1.2259900000191925E+001                  6.9999999999998586E-001                  2.8000000000001463E-001                  1.9999999999999574E-002                  2.9770907941402047E-001                  5.2568794853548662E-001                  0.0000000000000000E+000                  2.2296061113764309E-001                  2.2296061113764309E-001                  1.9335498243886756E-007                  1.9335498243876890E-007                  9.8647637672912057E-020                 -5.4931892248923315E+000                 -9.8999999999999986E+001                 -4.7101459246054285E+000 
                                     531                  2.9925788468574073E+001                  7.3689798633496184E-001                  6.5341241078592009E+000                 -2.4764141488530811E+000                  1.2272881602792744E+001                  6.9999999999998486E-001                  2.8000000000001574E-001                  1.9999999999999352E-002                  2.9785069852610091E-001                  5.2386637239296596E-001                  0.0000000000000000E+000                  2.2291714000088250E-001                  2.2291714000088250E-001                  1.9354563651858055E-007                  1.9354563651849460E-007                  8.5957062653562382E-020                 -5.5063164242481815E+000                 -9.8999999999999986E+001                 -4.7217885046108927E+000 
                                     532                  2.9923947226246238E+001                  7.3620402658385764E-001                  6.5370002226144779E+000                 -2.4660722531764452E+000                  1.2285785576494790E+001                  6.9999999999998364E-001                  2.8000000000001679E-001                  1.9999999999999574E-002                  2.9800863309749132E-001                  5.2207080243732717E-001                  0.0000000000000000E+000                  2.2287907808120941E-001                  2.2287907808120941E-001                  1.9372905781979112E-007                  1.9372905781975401E-007                  3.7098253393711973E-020                 -5.5191219614306641E+000                 -9.8999999999999986E+001                 -4.7331258539972580E+000 
                                     533                  2.9922073530966134E+001                  7.3551114237015258E-001                  6.5398591773501016E+000                 -2.4557892358725022E+000                  1.2298614467422167E+001                  6.9999999999998219E-001                  2.8000000000001801E-001                  1.9999999999999796E-002                  2.9818584850296831E-001                  5.2029970578546048E-001                  0.0000000000000000E+000                  2.2284589322204248E-001                  2.2284589322204248E-001                  1.9394119214255399E-007                  1.9394119214250783E-007                  4.6168544396877263E-020                 -5.5318890016672650E+000                 -9.8999999999999986E+001                 -4.7444400733012371E+000 
                                     534                  2.9920166814777279E+001                  7.3481924462594816E-001                  6.5441531325721778E+000                 -2.4404769738129830E+000                  1.2317775263994164E+001                  6.9999999999998086E-001                  2.8000000000001946E-001                  1.9999999999999685E-002                  2.9842465117553213E-001                  5.1760582919063880E-001                  0.0000000000000000E+000                  2.2281030033998817E-001                  2.2281030033998817E-001                  1.9418504661953477E-007                  1.9418504661946327E-007                  7.1505873059526635E-020                 -5.5517428498067254E+000                 -9.8999999999999986E+001                 -4.7620625745195122E+000 
                                     535                  2.9916251991039321E+001                  7.3343802016450099E-001                  6.5483401672814674E+000                 -2.4252850381401396E+000                  1.2336674275434586E+001                  6.9999999999997831E-001                  2.8000000000002212E-001                  1.9999999999999574E-002                  2.9862271736365553E-001                  5.1510628661049995E-001                  0.0000000000000000E+000                  2.2278614917410247E-001                  2.2278614917410247E-001                  1.9445685054265901E-007                  1.9445685054257518E-007                  8.3816728081896174E-020                 -5.5698928028603030E+000                 -9.8999999999999986E+001                 -4.7782135777265164E+000 
                                     536                  2.9914242688785112E+001                  7.3274855447969178E-001                  6.5511365325741417E+000                 -2.4152271334111983E+000                  1.2349226550821964E+001                  6.9999999999997675E-001                  2.8000000000002367E-001                  1.9999999999999574E-002                  2.9876021238948558E-001                  5.1340983275239616E-001                  0.0000000000000000E+000                  2.2277044241526492E-001                  2.2277044241526492E-001                  1.9456133643942533E-007                  1.9456133643933020E-007                  9.5131882685955319E-020                 -5.5824531362299297E+000                 -9.8999999999999986E+001                 -4.7893646503569673E+000 
                                     537                  2.9912197975049637E+001                  7.3205972863704971E-001                  6.5546294764536119E+000                 -2.4027163920839953E+000                  1.2364863096792957E+001                  6.9999999999997486E-001                  2.8000000000002534E-001                  1.9999999999999796E-002                  2.9894480138103280E-001                  5.1127982511531977E-001                  0.0000000000000000E+000                  2.2274621726742061E-001                  2.2274621726742061E-001                  1.9470879352632323E-007                  1.9470879352625399E-007                  6.9254957592346343E-020                 -5.5982712103941772E+000                 -9.8999999999999986E+001                 -4.8034007651097719E+000 
                                     538                  2.9909058498198895E+001                  7.3102599944416746E-001                  6.5580717989614445E+000                 -2.3902819758249003E+000                  1.2380360322969139E+001                  6.9999999999997231E-001                  2.8000000000002800E-001                  1.9999999999999685E-002                  2.9908883524437002E-001                  5.0923488225350499E-001                  0.0000000000000000E+000                  2.2273333629820899E-001                  2.2273333629820899E-001                  1.9484191613686168E-007                  1.9484191613684204E-007                  1.9631944351054890E-020                 -5.6133980722555332E+000                 -9.8999999999999986E+001                 -4.8168554255031566E+000 
                                     539                  2.9906922382550537E+001                  7.3033842089806988E-001                  6.5615284966112908E+000                 -2.3779046239389916E+000                  1.2395836694138179E+001                  6.9999999999997042E-001                  2.8000000000003000E-001                  1.9999999999999574E-002                  2.9923795197141084E-001                  5.0715292921556321E-001                  0.0000000000000000E+000                  2.2271809024825293E-001                  2.2271809024825293E-001                  1.9494302329204082E-007                  1.9494302329206271E-007                 -2.1879062028384081E-020                 -5.6293026396397421E+000                 -9.8999999999999986E+001                 -4.8310076389586616E+000 
                                     540                  2.9903632822289651E+001                  7.2930317918267196E-001                  6.5649243996079614E+000                 -2.3656414875623382E+000                  1.2411127293494477E+001                  6.9999999999996732E-001                  2.8000000000003300E-001                  1.9999999999999685E-002                  2.9944272112868076E-001                  5.0516365073560709E-001                  0.0000000000000000E+000                  2.2270782348536061E-001                  2.2270782348536061E-001                  1.9518816505788478E-007                  1.9518816505792208E-007                 -3.7285534264415621E-020                 -5.6440939155823875E+000                 -9.8999999999999986E+001                 -4.8441516630811199E+000 
                                     541                  2.9901420656482625E+001                  7.2862235797509012E-001                  6.5676298910448656E+000                 -2.3559129895468462E+000                  1.2423274728884799E+001                  6.9999999999996521E-001                  2.8000000000003522E-001                  1.9999999999999574E-002                  2.9960432953802452E-001                  5.0357513166315337E-001                  0.0000000000000000E+000                  2.2270326466826096E-001                  2.2270326466826096E-001                  1.9539615704038600E-007                  1.9539615704034399E-007                  4.2009799136615682E-020                 -5.6561015879190872E+000                 -9.8999999999999986E+001                 -4.8548214931731639E+000 
                                     542                  2.9899149720094556E+001                  7.2793569585572016E-001                  6.5703474943257714E+000                 -2.3461400047613798E+000                  1.2435476773560488E+001                  6.9999999999996276E-001                  2.8000000000003750E-001                  1.9999999999999796E-002                  2.9977312687828594E-001                  5.0199193261277186E-001                  0.0000000000000000E+000                  2.2269896198768746E-001                  2.2269896198768746E-001                  1.9562039665277537E-007                  1.9562039665263005E-007                  1.4531146045308368E-019                 -5.6681817276887214E+000                 -9.8999999999999986E+001                 -4.8655645665954896E+000 
                                     543                  2.9896818219446175E+001                  7.2724311651709217E-001                  6.5730414341472043E+000                 -2.3364500689074239E+000                  1.2447574317019635E+001                  6.9999999999996010E-001                  2.8000000000003999E-001                  1.9999999999999907E-002                  2.9992466800059797E-001                  5.0043611469154370E-001                  0.0000000000000000E+000                  2.2269854895945065E-001                  2.2269854895945065E-001                  1.9583473698804678E-007                  1.9583473698789760E-007                  1.4917609849535812E-019                 -5.6802302643730052E+000                 -9.8999999999999986E+001                 -4.8762961453289790E+000 
                                     544                  2.9894486718797786E+001                  7.2656259908440701E-001                  6.5770844296374440E+000                 -2.3220335908449234E+000                  1.2465629198721025E+001                  6.9999999999995732E-001                  2.8000000000004310E-001                  1.9999999999999574E-002                  3.0009859649528775E-001                  4.9808051353279936E-001                  0.0000000000000000E+000                  2.2269666674563063E-001                  2.2269666674563063E-001                  1.9599201289961968E-007                  1.9599201289950464E-007                  1.1503495024463011E-019                 -5.6990249125002101E+000                 -9.8999999999999986E+001                 -4.8930722687017116E+000 
                                     545                  2.9889657309067104E+001                  7.2518931380542406E-001                  6.5810628074667941E+000                 -2.3076239216479708E+000                  1.2483583335069573E+001                  6.9999999999995188E-001                  2.8000000000004849E-001                  1.9999999999999574E-002                  3.0030348061141321E-001                  4.9587815219422077E-001                  0.0000000000000000E+000                  2.2274648268247332E-001                  2.2274648268247332E-001                  1.9610152056388907E-007                  1.9610152056375974E-007                  1.2933639907002394E-019                 -5.7160899845119246E+000                 -9.8999999999999986E+001                 -4.9083452047782421E+000 
                                     546                  2.9887156460210143E+001                  7.2449645471671742E-001                  6.5837162263449844E+000                 -2.2980904998289935E+000                  1.2495495262613394E+001                  6.9999999999994866E-001                  2.8000000000005171E-001                  1.9999999999999574E-002                  3.0044148675790444E-001                  4.9440029905553984E-001                  0.0000000000000000E+000                  2.2276637939041158E-001                  2.2276637939041158E-001                  1.9617551707522485E-007                  1.9617551707503210E-007                  1.9275480128799745E-019                 -5.7278586076270335E+000                 -9.8999999999999986E+001                 -4.9188501997083334E+000 
                                     547                  2.9884655611353182E+001                  7.2381541512739545E-001                  6.5863609355542998E+000                 -2.2885929672947127E+000                  1.2507364885588766E+001                  6.9999999999994544E-001                  2.8000000000005493E-001                  1.9999999999999574E-002                  3.0057893159339905E-001                  4.9294219253960786E-001                  0.0000000000000000E+000                  2.2278506408356882E-001                  2.2278506408356882E-001                  1.9626399827320294E-007                  1.9626399827299656E-007                  2.0637492700418348E-019                 -5.7396459065288683E+000                 -9.8999999999999986E+001                 -4.9293864840608226E+000 
                                     548                  2.9882065787406948E+001                  7.2312211845973162E-001                  6.5889957961121306E+000                 -2.2791314741850432E+000                  1.2519191206330767E+001                  6.9999999999994178E-001                  2.8000000000005848E-001                  1.9999999999999796E-002                  3.0069590926036238E-001                  4.9150653583480636E-001                  0.0000000000000000E+000                  2.2280938852433260E-001                  2.2280938852433260E-001                  1.9634532109378844E-007                  1.9634532109364439E-007                  1.4405943385720667E-019                 -5.7514847136389715E+000                 -9.8999999999999986E+001                 -4.9399920655361047E+000 
                                     549                  2.9879475963460706E+001                  7.2244053356679405E-001                  6.5929523158106500E+000                 -2.2650475171450690E+000                  1.2536851206364826E+001                  6.9999999999993756E-001                  2.8000000000006275E-001                  1.9999999999999685E-002                  3.0088167651819969E-001                  4.8934147885075474E-001                  0.0000000000000000E+000                  2.2283342741347539E-001                  2.2283342741347539E-001                  1.9642560749886425E-007                  1.9642560749870038E-007                  1.6388254104489955E-019                 -5.7697616256910234E+000                 -9.8999999999999986E+001                 -4.9563840363334029E+000 
                                     550                  2.9874113130448354E+001                  7.2106444843666961E-001                  6.5968498799327318E+000                 -2.2509612577138509E+000                  1.2554423181720196E+001                  6.9999999999992990E-001                  2.8000000000007041E-001                  1.9999999999999685E-002                  3.0113583163315333E-001                  4.8732572834411980E-001                  0.0000000000000000E+000                  2.2294302838912169E-001                  2.2294302838912169E-001                  1.9654115988909915E-007                  1.9654115988887141E-007                  2.2775182609084916E-019                 -5.7862080306225829E+000                 -9.8999999999999986E+001                 -4.9711825806252552E+000 
                                     551                  2.9871337705727729E+001                  7.2037006213237076E-001                  6.5994503436146186E+000                 -2.2416367422266745E+000                  1.2566085508686960E+001                  6.9999999999992546E-001                  2.8000000000007491E-001                  1.9999999999999574E-002                  3.0127302406800827E-001                  4.8597960924489630E-001                  0.0000000000000000E+000                  2.2299256278601043E-001                  2.2299256278601043E-001                  1.9663928939004126E-007                  1.9663928938986815E-007                  1.7312430293742868E-019                 -5.7977576267064581E+000                 -9.8999999999999986E+001                 -4.9815662039455750E+000 
                                     552                  2.9868562281007108E+001                  7.1968718504704343E-001                  6.6020430583855827E+000                 -2.2323475476040868E+000                  1.2577708442824527E+001                  6.9999999999992069E-001                  2.8000000000007957E-001                  1.9999999999999796E-002                  3.0140479341922916E-001                  4.8465543191950317E-001                  0.0000000000000000E+000                  2.2304190807186600E-001                  2.2304190807186600E-001                  1.9671343791451852E-007                  1.9671343791439445E-007                  1.2405155879764267E-019                 -5.8094512847879169E+000                 -9.8999999999999986E+001                 -4.9921086519854807E+000 
                                     553                  2.9865690398708615E+001                  7.1899222911744154E-001                  6.6046269751063020E+000                 -2.2230934841805530E+000                  1.2589291051733545E+001                  6.9999999999991580E-001                  2.8000000000008463E-001                  1.9999999999999574E-002                  3.0153950425004183E-001                  4.8335491266678293E-001                  0.0000000000000000E+000                  2.2309846383475257E-001                  2.2309846383475257E-001                  1.9677120181184169E-007                  1.9677120181163374E-007                  2.0794168876688202E-019                 -5.8210191454995472E+000                 -9.8999999999999986E+001                 -5.0025457723931908E+000 
                                     554                  2.9862818516410130E+001                  7.1830867803480292E-001                  6.6072035165617855E+000                 -2.2138733144718774E+000                  1.2600835366028020E+001                  6.9999999999991025E-001                  2.8000000000008990E-001                  1.9999999999999796E-002                  3.0167129856654867E-001                  4.8207554031838551E-001                  0.0000000000000000E+000                  2.2316043494194979E-001                  2.2316043494194979E-001                  1.9680076241086495E-007                  1.9680076241055483E-007                  3.1011996882858272E-019                 -5.8324020704047781E+000                 -9.8999999999999986E+001                 -5.0128156891627489E+000 
                                     555                  2.9859847487079172E+001                  7.1761307763778148E-001                  6.6097716603254026E+000                 -2.2046849762588843E+000                  1.2612340464264847E+001                  6.9999999999990459E-001                  2.8000000000009567E-001                  1.9999999999999796E-002                  3.0179700876132426E-001                  4.8081927233882532E-001                  0.0000000000000000E+000                  2.2323029479397186E-001                  2.2323029479397186E-001                  1.9679758222467682E-007                  1.9679758222433324E-007                  3.4358956103595557E-019                 -5.8436519235004090E+000                 -9.8999999999999986E+001                 -5.0229745248716675E+000 
                                     556                  2.9856876457748207E+001                  7.1692878583940389E-001                  6.6136293272137063E+000                 -2.1909996713015820E+000                  1.2629525838178285E+001                  6.9999999999989826E-001                  2.8000000000010206E-001                  1.9999999999999685E-002                  3.0198337338795272E-001                  4.7892964870826699E-001                  0.0000000000000000E+000                  2.2330026791867824E-001                  2.2330026791867824E-001                  1.9679527549880164E-007                  1.9679527549848932E-007                  3.1230933296944149E-019                 -5.8613298451851836E+000                 -9.8999999999999986E+001                 -5.0389844170340288E+000 
                                     557                  2.9850730055609095E+001                  7.1554723272755572E-001                  6.6174234376390348E+000                 -2.1773510342866746E+000                  1.2646586832967186E+001                  6.9999999999988616E-001                  2.8000000000011405E-001                  1.9999999999999796E-002                  3.0218219473828350E-001                  4.7717466122707508E-001                  0.0000000000000000E+000                  2.2350457424951259E-001                  2.2350457424951259E-001                  1.9667072150510303E-007                  1.9667072150485964E-007                  2.4340167193826542E-019                 -5.8774256576229558E+000                 -9.8999999999999986E+001                 -5.0536612962244387E+000 
                                     558                  2.9847578151425058E+001                  7.1485574930353368E-001                  6.6199637250615844E+000                 -2.1682888159278839E+000                  1.2657947615762570E+001                  6.9999999999987927E-001                  2.8000000000012115E-001                  1.9999999999999574E-002                  3.0230243350979324E-001                  4.7599697896289217E-001                  0.0000000000000000E+000                  2.2359439637813530E-001                  2.2359439637813530E-001                  1.9663530153562551E-007                  1.9663530153538056E-007                  2.4496373220111900E-019                 -5.8886378971448528E+000                 -9.8999999999999986E+001                 -5.0638443266483772E+000 
                                     559                  2.9844372604530477E+001                  7.1416372085125224E-001                  6.6224974758357398E+000                 -2.1592560707095250E+000                  1.2669274622410578E+001                  6.9999999999987195E-001                  2.8000000000012848E-001                  1.9999999999999574E-002                  3.0241979881249392E-001                  4.7483787549231216E-001                  0.0000000000000000E+000                  2.2368405443877157E-001                  2.2368405443877157E-001                  1.9658448295168017E-007                  1.9658448295133053E-007                  3.4962996102249928E-019                 -5.8997730545376488E+000                 -9.8999999999999986E+001                 -5.0739651631339955E+000 
                                     560                  2.9841112500145922E+001                  7.1347109682187071E-001                  6.6263153270467452E+000                 -2.1457585289608296E+000                  1.2686248722547179E+001                  6.9999999999986329E-001                  2.8000000000013725E-001                  1.9999999999999463E-002                  3.0257743683798771E-001                  4.7308788771641830E-001                  0.0000000000000000E+000                  2.2377376127037166E-001                  2.2377376127037166E-001                  1.9651823892890636E-007                  1.9651823892852800E-007                  3.7835849304622178E-019                 -5.9171482325379490E+000                 -9.8999999999999986E+001                 -5.0897819135620965E+000 
                                     561                  2.9834424812077167E+001                  7.1208382003642812E-001                  6.6300634634593809E+000                 -2.1323293757982484E+000                  1.2703063101755346E+001                  6.9999999999984730E-001                  2.8000000000015307E-001                  1.9999999999999574E-002                  3.0276636341531532E-001                  4.7146348076504185E-001                  0.0000000000000000E+000                  2.2401736382138962E-001                  2.2401736382138962E-001                  1.9626111494728571E-007                  1.9626111494702027E-007                  2.6544521812163038E-019                 -5.9329891040115070E+000                 -9.8999999999999986E+001                 -5.1043185425837843E+000 
                                     562                  2.9830995243921119E+001                  7.1138908106048526E-001                  6.6325742647645356E+000                 -2.1234084569678315E+000                  1.2714265544890019E+001                  6.9999999999983820E-001                  2.8000000000016212E-001                  1.9999999999999685E-002                  3.0290852333605667E-001                  4.7037165852383162E-001                  0.0000000000000000E+000                  2.2412262692487916E-001                  2.2412262692487916E-001                  1.9624375751655961E-007                  1.9624375751633973E-007                  2.1989764783120783E-019                 -5.9441289978136407E+000                 -9.8999999999999986E+001                 -5.1144983882905279E+000 
                                     563                  2.9827507156158322E+001                  7.1069352176765821E-001                  6.6350798506638116E+000                 -2.1145134523225817E+000                  1.2725439520951756E+001                  6.9999999999982865E-001                  2.8000000000017178E-001                  1.9999999999999574E-002                  3.0304352294601017E-001                  4.6929556695873592E-001                  0.0000000000000000E+000                  2.2422684721636216E-001                  2.2422684721636216E-001                  1.9625871676720320E-007                  1.9625871676686222E-007                  3.4098630348937502E-019                 -5.9552105176864707E+000                 -9.8999999999999986E+001                 -5.1246326686062424E+000 
                                     564                  2.9823959490009884E+001                  7.0999708372221471E-001                  6.6375804822437425E+000                 -2.1056430764420369E+000                  1.2736586087305946E+001                  6.9999999999981843E-001                  2.8000000000018194E-001                  1.9999999999999574E-002                  3.0315565935188832E-001                  4.6823485347705557E-001                  0.0000000000000000E+000                  2.2433374070277681E-001                  2.2433374070277681E-001                  1.9621731152613097E-007                  1.9621731152564991E-007                  4.8105707568115838E-019                 -5.9661129465239808E+000                 -9.8999999999999986E+001                 -5.1346004126329632E+000 
                                     565                  2.9820351159518605E+001                  7.0929970868939840E-001                  6.6400764195957951E+000                 -2.0967953006770679E+000                  1.2747706299162973E+001                  6.9999999999980778E-001                  2.8000000000019271E-001                  1.9999999999999574E-002                  3.0326547967404455E-001                  4.6718940083546806E-001                  0.0000000000000000E+000                  2.2444324966666512E-001                  2.2444324966666512E-001                  1.9612199548373220E-007                  1.9612199548322128E-007                  5.1091201033745058E-019                 -5.9768825480913028E+000                 -9.8999999999999986E+001                 -5.1444478599620211E+000 
                                     566                  2.9816681047370860E+001                  7.0860133919333446E-001                  6.6438402602432571E+000                 -2.0835616410805429E+000                  1.2764383811382103E+001                  6.9999999999979334E-001                  2.8000000000020697E-001                  1.9999999999999685E-002                  3.0345206944076392E-001                  4.6560803534051609E-001                  0.0000000000000000E+000                  2.2455183067784590E-001                  2.2455183067784590E-001                  1.9605102567874394E-007                  1.9605102567825033E-007                  4.9362158198424747E-019                 -5.9939670397102596E+000                 -9.8999999999999986E+001                 -5.1601089730483256E+000 
                                     567                  2.9809150842162236E+001                  7.0720134785624111E-001                  6.6475401537515371E+000                 -2.0703872344478755E+000                  1.2780919086026653E+001                  6.9999999999976970E-001                  2.8000000000023062E-001                  1.9999999999999685E-002                  3.0362874671890810E-001                  4.6413534354312547E-001                  0.0000000000000000E+000                  2.2484627807829929E-001                  2.2484627807829929E-001                  1.9574990908285587E-007                  1.9574990908229682E-007                  5.5903849584263596E-019                 -6.0095752793364801E+000                 -9.8999999999999986E+001                 -5.1745724163190276E+000 
                                     568                  2.9805288360957636E+001                  7.0649962706451019E-001                  6.6500201084120700E+000                 -2.0616283671294711E+000                  1.2791944430306280E+001                  6.9999999999975837E-001                  2.8000000000024189E-001                  1.9999999999999796E-002                  3.0372900860155333E-001                  4.6314400470378109E-001                  0.0000000000000000E+000                  2.2492474050416869E-001                  2.2492474050416869E-001                  1.9573649731632607E-007                  1.9573649731571221E-007                  6.1384751579120563E-019                 -6.0204903580569606E+000                 -9.8999999999999986E+001                 -5.1845291751936617E+000 
                                     569                  2.9801359325129223E+001                  7.0579666464090096E-001                  6.6524966096197335E+000                 -2.0528888408416450E+000                  1.2802948602496286E+001                  6.9999999999974449E-001                  2.8000000000025593E-001                  1.9999999999999574E-002                  3.0383394925001850E-001                  4.6216545084869731E-001                  0.0000000000000000E+000                  2.2504364178337136E-001                  2.2504364178337136E-001                  1.9560342137446977E-007                  1.9560342137392296E-007                  5.4681662028907196E-019                 -6.0311673916075241E+000                 -9.8999999999999986E+001                 -5.1943390259833624E+000 
                                     570                  2.9797362483380702E+001                  7.0509240243323335E-001                  6.6562332051012696E+000                 -2.0398103595585200E+000                  1.2819461458684941E+001                  6.9999999999972751E-001                  2.8000000000027275E-001                  1.9999999999999796E-002                  3.0399970785355857E-001                  4.6068209683242034E-001                  0.0000000000000000E+000                  2.2516080725900242E-001                  2.2516080725900242E-001                  1.9549956563351125E-007                  1.9549956563297142E-007                  5.3981376744559049E-019                 -6.0481021722464945E+000                 -9.8999999999999986E+001                 -5.2099296044383721E+000 
                                     571                  2.9789160263117665E+001                  7.0367972014908242E-001                  6.6599090511605157E+000                 -2.0267836304576212E+000                  1.2835843228254037E+001                  6.9999999999969076E-001                  2.8000000000030950E-001                  1.9999999999999796E-002                  3.0419554723382969E-001                  4.5929656093619209E-001                  0.0000000000000000E+000                  2.2546659033595340E-001                  2.2546659033595340E-001                  1.9523904085370053E-007                  1.9523904085304077E-007                  6.5976503193539756E-019                 -6.0635109606358935E+000                 -9.8999999999999986E+001                 -5.2242607275439816E+000 
                                     572                  2.9784952226063400E+001                  7.0297120525699563E-001                  6.6623747004684439E+000                 -2.0181176699981132E+000                  1.2846772187209201E+001                  6.9999999999967655E-001                  2.8000000000032393E-001                  1.9999999999999574E-002                  3.0432547348746902E-001                  4.5836049407959240E-001                  0.0000000000000000E+000                  2.2559933126562176E-001                  2.2559933126562176E-001                  1.9520928135928109E-007                  1.9520928135855140E-007                  7.2969496490621376E-019                 -6.0742510337608735E+000                 -9.8999999999999986E+001                 -5.2341833209217370E+000 
                                     573                  2.9780671055814636E+001                  7.0226114725950228E-001                  6.6648373987677170E+000                 -2.0094660587720390E+000                  1.2857684770584751E+001                  6.9999999999966178E-001                  2.8000000000033870E-001                  1.9999999999999574E-002                  3.0445116481345336E-001                  4.5743512115565077E-001                  0.0000000000000000E+000                  2.2566740735545060E-001                  2.2566740735545060E-001                  1.9533798729332664E-007                  1.9533798729256582E-007                  7.6082939970858142E-019                 -6.0850272252424435E+000                 -9.8999999999999986E+001                 -5.2440307473326806E+000 
                                     574                  2.9776315306955944E+001                  7.0154948304826015E-001                  6.6685551747695291E+000                 -1.9965107139584588E+000                  1.2874069464979971E+001                  6.9999999999963980E-001                  2.8000000000036052E-001                  1.9999999999999685E-002                  3.0463780341125529E-001                  4.5602774493612486E-001                  0.0000000000000000E+000                  2.2578819929806446E-001                  2.2578819929806446E-001                  1.9532513468061529E-007                  1.9532513467971283E-007                  9.0246555822828427E-019                 -6.1017099039139246E+000                 -9.8999999999999986E+001                 -5.2594300143254085E+000 
                                     575                  2.9767374184662724E+001                  7.0012105688566217E-001                  6.6722151548377218E+000                 -1.9835964267016601E+000                  1.2890333480020379E+001                  6.9999999999959328E-001                  2.8000000000040715E-001                  1.9999999999999574E-002                  3.0481772676763902E-001                  4.5470780182360326E-001                  0.0000000000000000E+000                  2.2610956077708366E-001                  2.2610956077708366E-001                  1.9508410716514527E-007                  1.9508410716405633E-007                  1.0889437254036038E-018                 -6.1167477226754299E+000                 -9.8999999999999986E+001                 -5.2734675981275894E+000 
                                     576                  2.9762785874392968E+001                  6.9940421483733495E-001                  6.6746713578835948E+000                 -1.9750004788101427E+000                  1.2901189595788242E+001                  6.9999999999957230E-001                  2.8000000000042807E-001                  1.9999999999999574E-002                  3.0491867648867527E-001                  4.5381297279847760E-001                  0.0000000000000000E+000                  2.2624280241443151E-001                  2.2624280241443151E-001                  1.9500644995167384E-007                  1.9500644995053861E-007                  1.1352266238564385E-018                 -6.1274592629487579E+000                 -9.8999999999999986E+001                 -5.2833958687927973E+000 
                                     577                  2.9758117150761276E+001                  6.9868555037436619E-001                  6.6771255535961505E+000                 -1.9664176170796579E+000                  1.2912033258426110E+001                  6.9999999999955287E-001                  2.8000000000044756E-001                  1.9999999999999574E-002                  3.0502047899592960E-001                  4.5292518800781351E-001                  0.0000000000000000E+000                  2.2631751604428757E-001                  2.2631751604428757E-001                  1.9506063183623379E-007                  1.9506063183514687E-007                  1.0869239268912904E-018                 -6.1382731618587814E+000                 -9.8999999999999986E+001                 -5.2933266768226952E+000 
                                     578                  2.9753366615756633E+001                  6.9796502971136298E-001                  6.6808313795521483E+000                 -1.9535631531874151E+000                  1.2928320095688020E+001                  6.9999999999952545E-001                  2.8000000000047481E-001                  1.9999999999999796E-002                  3.0517025152520649E-001                  4.5157019008267080E-001                  0.0000000000000000E+000                  2.2642209334014515E-001                  2.2642209334014515E-001                  1.9503487840946817E-007                  1.9503487840831804E-007                  1.1501305210865508E-018                 -6.1549904370888155E+000                 -9.8999999999999986E+001                 -5.3087742918374667E+000 
                                     579                  2.9743614608083153E+001                  6.9651828123880888E-001                  6.6844811017912971E+000                 -1.9407471455892422E+000                  1.2944492784498660E+001                  6.9999999999947426E-001                  2.8000000000052611E-001                  1.9999999999999574E-002                  3.0533313978742005E-001                  4.5029244424813841E-001                  0.0000000000000000E+000                  2.2674211243412348E-001                  2.2674211243412348E-001                  1.9469719059612775E-007                  1.9469719059482911E-007                  1.2986246771198937E-018                 -6.1698523405539536E+000                 -9.8999999999999986E+001                 -5.3226831846729361E+000 
                                     580                  2.9738610420021054E+001                  6.9579204579482090E-001                  6.6869306273383691E+000                 -1.9322140501977827E+000                  1.2955289758316090E+001                  6.9999999999944473E-001                  2.8000000000055564E-001                  1.9999999999999574E-002                  3.0543895045773134E-001                  4.4942396503115312E-001                  0.0000000000000000E+000                  2.2686373114011035E-001                  2.2686373114011035E-001                  1.9464196583355002E-007                  1.9464196583220906E-007                  1.3409527217396484E-018                 -6.1804198792332583E+000                 -9.8999999999999986E+001                 -5.3324762853734500E+000 
                                     581                  2.9733518981483279E+001                  6.9506387570779193E-001                  6.6893788497591187E+000                 -1.9236931093689433E+000                  1.2966075454198688E+001                  6.9999999999941387E-001                  2.8000000000058661E-001                  1.9999999999999574E-002                  3.0554079491342967E-001                  4.4855929779122461E-001                  0.0000000000000000E+000                  2.2698017017369759E-001                  2.2698017017369759E-001                  1.9462142952342102E-007                  1.9462142952212355E-007                  1.2974701330673823E-018                 -6.1910557681595186E+000                 -9.8999999999999986E+001                 -5.3423402617273981E+000 
                                     582                  2.9728338954962464E+001                  6.9433376150758497E-001                  6.6918257524907512E+000                 -1.9151843868455403E+000                  1.2976849924585020E+001                  6.9999999999938090E-001                  2.8000000000061936E-001                  1.9999999999999796E-002                  3.0564543165274083E-001                  4.4769794662767864E-001                  0.0000000000000000E+000                  2.2709421375586972E-001                  2.2709421375586972E-001                  1.9461439937977438E-007                  1.9461439937847445E-007                  1.2999181153655641E-018                 -6.2016206123964022E+000                 -9.8999999999999986E+001                 -5.3521342689222564E+000 
                                     583                  2.9723069002315349E+001                  6.9360169578945485E-001                  6.6955205393817128E+000                 -1.9024383653895622E+000                  1.2993032987566325E+001                  6.9999999999934193E-001                  2.8000000000065839E-001                  1.9999999999999685E-002                  3.0581622232783051E-001                  4.4637927893817808E-001                  0.0000000000000000E+000                  2.2720375182366306E-001                  2.2720375182366306E-001                  1.9463407496915358E-007                  1.9463407496770282E-007                  1.4507501674272584E-018                 -6.2180644887598566E+000                 -9.8999999999999986E+001                 -5.3673630135488271E+000 
                                     584                  2.9712253931322039E+001                  6.9213165812579647E-001                  6.6991601011266599E+000                 -1.8897254417633298E+000                  1.3009105888584473E+001                  6.9999999999927176E-001                  2.8000000000072855E-001                  1.9999999999999685E-002                  3.0599640517066251E-001                  4.4512848853420878E-001                  0.0000000000000000E+000                  2.2750734487459692E-001                  2.2750734487459692E-001                  1.9449325936373994E-007                  1.9449325936197032E-007                  1.7696049754712103E-018                 -6.2327657244183801E+000                 -9.8999999999999986E+001                 -5.3811474368169279E+000 
                                     585                  2.9706706082902386E+001                  6.9139371291198692E-001                  6.7016024205948241E+000                 -1.8812608746347652E+000                  1.3019835628827360E+001                  6.9999999999923168E-001                  2.8000000000076875E-001                  1.9999999999999574E-002                  3.0608433767517595E-001                  4.4427586073409414E-001                  0.0000000000000000E+000                  2.2761395507705351E-001                  2.2761395507705351E-001                  1.9450664296115820E-007                  1.9450664295914711E-007                  2.0110836162093098E-018                 -6.2432385002794346E+000                 -9.8999999999999986E+001                 -5.3908539288811665E+000 
                                     586                  2.9701062835136888E+001                  6.9065379955004169E-001                  6.7040432843688311E+000                 -1.8728080436857715E+000                  1.3030554238729190E+001                  6.9999999999918916E-001                  2.8000000000081127E-001                  1.9999999999999574E-002                  3.0616304469239514E-001                  4.4342479883429881E-001                  0.0000000000000000E+000                  2.2771454610688860E-001                  2.2771454610688860E-001                  1.9450200711441600E-007                  1.9450200711240252E-007                  2.0134661692657709E-018                 -6.2537683529131103E+000                 -9.8999999999999986E+001                 -5.4006178648183614E+000 
                                     587                  2.9695322764255135E+001                  6.8991191064334034E-001                  6.7064826745460540E+000                 -1.8643676653245012E+000                  1.3041261766624181E+001                  6.9999999999914431E-001                  2.8000000000085595E-001                  1.9999999999999796E-002                  3.0624646330482402E-001                  4.4257527679873537E-001                  0.0000000000000000E+000                  2.2781264429673748E-001                  2.2781264429673748E-001                  1.9450672383223302E-007                  1.9450672383027216E-007                  1.9608609434091643E-018                 -6.2643532835295899E+000                 -9.8999999999999986E+001                 -5.4104372779922727E+000 
                                     588                  2.9689484421164753E+001                  6.8916803643967017E-001                  6.7101654665779193E+000                 -1.8517269233860123E+000                  1.3057343285236161E+001                  6.9999999999909113E-001                  2.8000000000090919E-001                  1.9999999999999685E-002                  3.0641000873938667E-001                  4.4127370718834552E-001                  0.0000000000000000E+000                  2.2790446367986122E-001                  2.2790446367986122E-001                  1.9456086416839634E-007                  1.9456086416632768E-007                  2.0686726651946773E-018                 -6.2808247572002127E+000                 -9.8999999999999986E+001                 -5.4256960762959983E+000 
                                     589                  2.9677506971629160E+001                  6.8767424992129766E-001                  6.7137938011310938E+000                 -1.8391160292644548E+000                  1.3073318336728555E+001                  6.9999999999899587E-001                  2.8000000000100456E-001                  1.9999999999999574E-002                  3.0658975961482837E-001                  4.4003659530476141E-001                  0.0000000000000000E+000                  2.2818763645338244E-001                  2.2818763645338244E-001                  1.9448631526142763E-007                  1.9448631525908572E-007                  2.3419143598515506E-018                 -6.2952253443807686E+000                 -9.8999999999999986E+001                 -5.4392086447651780E+000 
                                     590                  2.9671364829365604E+001                  6.8692435549509201E-001                  6.7162282516988316E+000                 -1.8307187560937934E+000                  1.3083982346592268E+001                  6.9999999999894080E-001                  2.8000000000105951E-001                  1.9999999999999685E-002                  3.0666210151244849E-001                  4.3919526183711122E-001                  0.0000000000000000E+000                  2.2827925740518307E-001                  2.2827925740518307E-001                  1.9453540408319491E-007                  1.9453540408061707E-007                  2.5778487513943890E-018                 -6.3056423102904757E+000                 -9.8999999999999986E+001                 -5.4488657627895947E+000 
                                     591                  2.9665118351041610E+001                  6.8617243670878936E-001                  6.7186611863338968E+000                 -1.8223330390291081E+000                  1.3094635703448839E+001                  6.9999999999888307E-001                  2.8000000000111724E-001                  1.9999999999999685E-002                  3.0674204761194052E-001                  4.3835652833699029E-001                  0.0000000000000000E+000                  2.2836527013289487E-001                  2.2836527013289487E-001                  1.9456821221289736E-007                  1.9456821221027469E-007                  2.6226736521546411E-018                 -6.3160929009561571E+000                 -9.8999999999999986E+001                 -5.4585565788359878E+000 
                                     592                  2.9658765967512654E+001                  6.8541848157889895E-001                  6.7210926083354190E+000                 -1.8139578801631984E+000                  1.3105278492362338E+001                  6.9999999999882234E-001                  2.8000000000117808E-001                  1.9999999999999574E-002                  3.0685809110228085E-001                  4.3752080145383954E-001                  0.0000000000000000E+000                  2.2844994026855334E-001                  2.2844994026855334E-001                  1.9465702903612267E-007                  1.9465702903350036E-007                  2.6223131744353740E-018                 -6.3264306358742690E+000                 -9.8999999999999986E+001                 -5.4681366864095065E+000 
                                     593                  2.9652306097433172E+001                  6.8466248062120627E-001                  6.7247629848569108E+000                 -1.8014106860293020E+000                  1.3121262435105805E+001                  6.9999999999874973E-001                  2.8000000000125064E-001                  1.9999999999999574E-002                  3.0702680334354965E-001                  4.3624469198809745E-001                  0.0000000000000000E+000                  2.2853062484871434E-001                  2.2853062484871434E-001                  1.9478641884013322E-007                  1.9478641883727038E-007                  2.8628281854905794E-018                 -6.3426355376322361E+000                 -9.8999999999999986E+001                 -5.4831449402766639E+000 
                                     594                  2.9639057556900831E+001                  6.8314427983292014E-001                  6.7283798783815270E+000                 -1.7888927158622385E+000                  1.3137143688189186E+001                  6.9999999999862006E-001                  2.8000000000138014E-001                  1.9999999999999796E-002                  3.0714350721326145E-001                  4.3503183328124495E-001                  0.0000000000000000E+000                  2.2880480245435209E-001                  2.2880480245435209E-001                  1.9464012035809666E-007                  1.9464012035481518E-007                  3.2814750644744204E-018                 -6.3569838695898335E+000                 -9.8999999999999986E+001                 -5.4966469851359552E+000 
                                     595                  2.9632265714360969E+001                  6.8238210806116861E-001                  6.7308063932581730E+000                 -1.7805582708936543E+000                  1.3147744565628443E+001                  6.9999999999854601E-001                  2.8000000000145425E-001                  1.9999999999999796E-002                  3.0720910835280318E-001                  4.3420905659736642E-001                  0.0000000000000000E+000                  2.2889041906106294E-001                  2.2889041906106294E-001                  1.9464036853011918E-007                  1.9464036852663952E-007                  3.4796727979729087E-018                 -6.3672485115039565E+000                 -9.8999999999999986E+001                 -5.5061725222411626E+000 
                                     596                  2.9625360049026426E+001                  6.8161787479414637E-001                  6.7332313666048060E+000                 -1.7722350366077702E+000                  1.3158334886841629E+001                  6.9999999999846729E-001                  2.8000000000153297E-001                  1.9999999999999796E-002                  3.0728291159418358E-001                  4.3339013370936924E-001                  0.0000000000000000E+000                  2.2897306747026902E-001                  2.2897306747026902E-001                  1.9466222414687445E-007                  1.9466222414339952E-007                  3.4749345344955338E-018                 -6.3776432911015233E+000                 -9.8999999999999986E+001                 -5.5158326655101870E+000 
                                     597                  2.9618338997536934E+001                  6.8085158132876711E-001                  6.7368914814225436E+000                 -1.7597716218026573E+000                  1.3174238262357079E+001                  6.9999999999837448E-001                  2.8000000000162578E-001                  1.9999999999999796E-002                  3.0742073540230624E-001                  4.3214152070743383E-001                  0.0000000000000000E+000                  2.2905288669958063E-001                  2.2905288669958063E-001                  1.9473868663962285E-007                  1.9473868663589257E-007                  3.7302746335495893E-018                 -6.3939929864520062E+000                 -9.8999999999999986E+001                 -5.5310163630709530E+000 
                                     598                  2.9603944607003090E+001                  6.7931279288551993E-001                  6.7404989612163790E+000                 -1.7473369527856295E+000                  1.3190040785417041E+001                  6.9999999999820772E-001                  2.8000000000179254E-001                  1.9999999999999796E-002                  3.0757799214111065E-001                  4.3095556269243779E-001                  0.0000000000000000E+000                  2.2934072194345712E-001                  2.2934072194345712E-001                  1.9464909631866247E-007                  1.9464909631437971E-007                  4.2827476103989608E-018                 -6.4080743455795774E+000                 -9.8999999999999986E+001                 -5.5443246755013478E+000 
                                     599                  2.9596568278792596E+001                  6.7854036213232272E-001                  6.7429186021457221E+000                 -1.7390576833215932E+000                  1.3200587128051405E+001                  6.9999999999811169E-001                  2.8000000000188863E-001                  1.9999999999999685E-002                  3.0768008647337108E-001                  4.3015348835705008E-001                  0.0000000000000000E+000                  2.2942255577421503E-001                  2.2942255577421503E-001                  1.9477376676277770E-007                  1.9477376675807198E-007                  4.7057222256503374E-018                 -6.4182654846783507E+000                 -9.8999999999999986E+001                 -5.5537975447757288E+000 
                                     600                  2.9589070604188141E+001                  6.7776592361669796E-001                  6.7453363888491422E+000                 -1.7307895260026183E+000                  1.3211121708671703E+001                  6.9999999999801144E-001                  2.8000000000198899E-001                  1.9999999999999574E-002                  3.0779076547084994E-001                  4.2935670311430396E-001                  0.0000000000000000E+000                  2.2950278799597060E-001                  2.2950278799597060E-001                  1.9493441126309238E-007                  1.9493441125826543E-007                  4.8269619075627312E-018                 -6.4285404428810864E+000                 -9.8999999999999986E+001                 -5.5633607283508599E+000 
                                     601                  2.9581450222753023E+001                  6.7698950634192834E-001                  6.7477620238328724E+000                 -1.7224997443641306E+000                  1.3221686405191726E+001                  6.9999999999790508E-001                  2.8000000000209502E-001                  1.9999999999999907E-002                  3.0791200769871629E-001                  4.2856216659439245E-001                  0.0000000000000000E+000                  2.2958287234404581E-001                  2.2958287234404581E-001                  1.9514211784749131E-007                  1.9514211784268207E-007                  4.8092534938974112E-018                 -6.4388126215808734E+000                 -9.8999999999999986E+001                 -5.5729219979867004E+000 
                                     602                  2.9573643244007890E+001                  6.7620489745514201E-001                  6.7501754885566001E+000                 -1.7142544556565220E+000                  1.3232195502632333E+001                  6.9999999999779394E-001                  2.8000000000220648E-001                  1.9999999999999574E-002                  3.0802273424910276E-001                  4.2777713738835343E-001                  0.0000000000000000E+000                  2.2966542001460541E-001                  2.2966542001460541E-001                  1.9535586914993359E-007                  1.9535586914501783E-007                  4.9157576172625608E-018                 -6.4489799535851855E+000                 -9.8999999999999986E+001                 -5.5823907601371729E+000 
                                     603                  2.9565836265262760E+001                  6.7543088869708412E-001                  6.7538069835022805E+000                 -1.7019435401565950E+000                  1.3247927259262717E+001                  6.9999999999766227E-001                  2.8000000000233805E-001                  1.9999999999999685E-002                  3.0816256456166163E-001                  4.2658802299877019E-001                  0.0000000000000000E+000                  2.2974358027641639E-001                  2.2974358027641639E-001                  1.9553103350127216E-007                  1.9553103349586769E-007                  5.4044650556253074E-018                 -6.4650109105057654E+000                 -9.8999999999999986E+001                 -5.5973074742635553E+000 
                                     604                  2.9549716864038821E+001                  6.7386482516798096E-001                  6.7573957109274891E+000                 -1.6896315942669076E+000                  1.3263598545794435E+001                  6.9999999999742668E-001                  2.8000000000257369E-001                  1.9999999999999574E-002                  3.0831267639581827E-001                  4.2545798092166803E-001                  0.0000000000000000E+000                  2.3005066459434831E-001                  2.3005066459434831E-001                  1.9544556393506526E-007                  1.9544556392895394E-007                  6.1113165571624925E-018                 -6.4790322700480063E+000                 -9.8999999999999986E+001                 -5.6106500973641982E+000 
                                     605                  2.9541464984316590E+001                  6.7307917253081073E-001                  6.7598009974403119E+000                 -1.6814407582579058E+000                  1.3274049920995916E+001                  6.9999999999729179E-001                  2.8000000000270858E-001                  1.9999999999999574E-002                  3.0840379990033923E-001                  4.2469636913739506E-001                  0.0000000000000000E+000                  2.3013460837958874E-001                  2.3013460837958874E-001                  1.9557022774404642E-007                  1.9557022773746651E-007                  6.5799161341427784E-018                 -6.4891302901333585E+000                 -9.8999999999999986E+001                 -5.6200721130578914E+000 
                                     606                  2.9533083730371800E+001                  6.7229184522327390E-001                  6.7622126187818523E+000                 -1.6732342322762161E+000                  1.3284524751447819E+001                  6.9999999999714979E-001                  2.8000000000285036E-001                  1.9999999999999796E-002                  3.0848362881014074E-001                  4.2393852501818224E-001                  0.0000000000000000E+000                  2.3021598918484615E-001                  2.3021598918484615E-001                  1.9569220722764459E-007                  1.9569220722089202E-007                  6.7525615736583579E-018                 -6.4993808288699420E+000                 -9.8999999999999986E+001                 -5.6296481429166283E+000 
                                     607                  2.9524506590628960E+001                  6.7149686609952675E-001                  6.7646115553506547E+000                 -1.6650760689643833E+000                  1.3294941753232363E+001                  6.9999999999700047E-001                  2.8000000000299990E-001                  1.9999999999999574E-002                  3.0856181234410640E-001                  4.2319066390267435E-001                  0.0000000000000000E+000                  2.3030095725679769E-001                  2.3030095725679769E-001                  1.9580366187138314E-007                  1.9580366186448721E-007                  6.8959378009831590E-018                 -6.5095433641316927E+000                 -9.8999999999999986E+001                 -5.6391505428212998E+000 
                                     608                  2.9515929450886123E+001                  6.7071241347048838E-001                  6.7682185743342931E+000                 -1.6529040641741726E+000                  1.3310525134938940E+001                  6.9999999999682461E-001                  2.8000000000317582E-001                  1.9999999999999574E-002                  3.0867838802440900E-001                  4.2206084918279735E-001                  0.0000000000000000E+000                  2.3038103007184541E-001                  2.3038103007184541E-001                  1.9591991681231879E-007                  1.9591991680489709E-007                  7.4217086160477247E-018                 -6.5253012411906601E+000                 -9.8999999999999986E+001                 -5.6538489019806510E+000 
                                     609                  2.9498246700479072E+001                  6.6912695350971363E-001                  6.7717823704039075E+000                 -1.6407355060807467E+000                  1.3326042310142009E+001                  6.9999999999651008E-001                  2.8000000000349018E-001                  1.9999999999999796E-002                  3.0881427399379058E-001                  4.2098904005867932E-001                  0.0000000000000000E+000                  2.3071151705669316E-001                  2.3071151705669316E-001                  1.9573298215392646E-007                  1.9573298214577221E-007                  8.1542510583075143E-018                 -6.5389849357898910E+000                 -9.8999999999999986E+001                 -5.6669502113981132E+000 
                                     610                  2.9489204780255157E+001                  6.6833213198089403E-001                  6.7741690577073523E+000                 -1.6326455627889767E+000                  1.3336383074957499E+001                  6.9999999999632989E-001                  2.8000000000367048E-001                  1.9999999999999574E-002                  3.0889921832788036E-001                  4.2026857221975361E-001                  0.0000000000000000E+000                  2.3079840462489087E-001                  2.3079840462489087E-001                  1.9585688470196430E-007                  1.9585688469344743E-007                  8.5168739491167368E-018                 -6.5489484278303056E+000                 -9.8999999999999986E+001                 -5.6762797826874953E+000 
                                     611                  2.9480027792473305E+001                  6.6753596227952494E-001                  6.7777647223664221E+000                 -1.6205495904472640E+000                  1.3351884992478888E+001                  6.9999999999611628E-001                  2.8000000000388403E-001                  1.9999999999999685E-002                  3.0901429296307426E-001                  4.1917933942629065E-001                  0.0000000000000000E+000                  2.3088054134710165E-001                  2.3088054134710165E-001                  1.9601415830558960E-007                  1.9601415829646337E-007                  9.1262264455180397E-018                 -6.5648502471605532E+000                 -9.8999999999999986E+001                 -5.6911623170947614E+000 
                                     612                  2.9461263922446069E+001                  6.6593964574205189E-001                  6.7813087145171496E+000                 -1.6084924181906344E+000                  1.3367281110273510E+001                  6.9999999999573648E-001                  2.8000000000426384E-001                  1.9999999999999685E-002                  3.0914827552516994E-001                  4.1814836090628826E-001                  0.0000000000000000E+000                  2.3122516551362896E-001                  2.3122516551362896E-001                  1.9588682214364469E-007                  1.9588682213334324E-007                  1.0301453360977299E-017                 -6.5785236218178298E+000                 -9.8999999999999986E+001                 -5.7043197420710410E+000 
                                     613                  2.9451674369911885E+001                  6.6513956464219348E-001                  6.7836814860205985E+000                 -1.6004783764900326E+000                  1.3377538733817483E+001                  6.9999999999551876E-001                  2.8000000000448150E-001                  1.9999999999999796E-002                  3.0923139837531233E-001                  4.1745607240698512E-001                  0.0000000000000000E+000                  2.3131277404107661E-001                  2.3131277404107661E-001                  1.9602493381248550E-007                  1.9602493380145167E-007                  1.1033834434380989E-017                 -6.5882971658818699E+000                 -9.8999999999999986E+001                 -5.7134881916539602E+000 
                                     614                  2.9441944403627271E+001                  6.6433819083609780E-001                  6.7860589825963151E+000                 -1.5924526792589080E+000                  1.3387812677657569E+001                  6.9999999999529161E-001                  2.8000000000470865E-001                  1.9999999999999796E-002                  3.0931032566348310E-001                  4.1676903723920172E-001                  0.0000000000000000E+000                  2.3139764776353069E-001                  2.3139764776353069E-001                  1.9615868855944661E-007                  1.9615868854812297E-007                  1.1323628435811747E-017                 -6.5981296165372854E+000                 -9.8999999999999986E+001                 -5.7227168834629776E+000 
                                     615                  2.9432000465409896E+001                  6.6352970706979453E-001                  6.7884237392633997E+000                 -1.5844736813524634E+000                  1.3398028596930761E+001                  6.9999999999505114E-001                  2.8000000000494901E-001                  1.9999999999999796E-002                  3.0939448893488691E-001                  4.1609238363055862E-001                  0.0000000000000000E+000                  2.3148772042537968E-001                  2.3148772042537968E-001                  1.9629443074864475E-007                  1.9629443073677482E-007                  1.1869911806418973E-017                 -6.6079827500800690E+000                 -9.8999999999999986E+001                 -5.7319834499156794E+000 
                                     616                  2.9422056527192520E+001                  6.6273152435212745E-001                  6.7907850904109734E+000                 -1.5765130258286872E+000                  1.3408224707303791E+001                  6.9999999999480345E-001                  2.8000000000519670E-001                  1.9999999999999796E-002                  3.0948515914312141E-001                  4.1542277920601361E-001                  0.0000000000000000E+000                  2.3157322980499304E-001                  2.3157322980499304E-001                  1.9646121418215744E-007                  1.9646121416984197E-007                  1.2315459620407378E-017                 -6.6178923355903043E+000                 -9.8999999999999986E+001                 -5.7413032134557005E+000 
                                     617                  2.9411821193613349E+001                  6.6192037799106462E-001                  6.7931423722512063E+000                 -1.5685701416376885E+000                  1.3418400508091517E+001                  6.9999999999453966E-001                  2.8000000000546044E-001                  1.9999999999999907E-002                  3.0957395030457513E-001                  4.1476089286350903E-001                  0.0000000000000000E+000                  2.3166568857491537E-001                  2.3166568857491537E-001                  1.9661973342890610E-007                  1.9661973341644413E-007                  1.2461984160175482E-017                 -6.6276993663863699E+000                 -9.8999999999999986E+001                 -5.7505381227216512E+000 
                                     618                  2.9401585860034174E+001                  6.6111948514734453E-001                  6.7966855969324556E+000                 -1.5567202756944152E+000                  1.3433619685582896E+001                  6.9999999999423212E-001                  2.8000000000576808E-001                  1.9999999999999796E-002                  3.0968609061291663E-001                  4.1376353178561687E-001                  0.0000000000000000E+000                  2.3175108662147240E-001                  2.3175108662147240E-001                  1.9676245649523709E-007                  1.9676245648181660E-007                  1.3420496971143002E-017                 -6.6430416636720739E+000                 -9.8999999999999986E+001                 -5.7649446676430642E+000 
                                     619                  2.9380516320401163E+001                  6.5950176345816913E-001                  6.8001973318835152E+000                 -1.5448456222493134E+000                  1.3448814418033432E+001                  6.9999999999368168E-001                  2.8000000000631864E-001                  1.9999999999999685E-002                  3.0980343714521502E-001                  4.1281478640873065E-001                  0.0000000000000000E+000                  2.3213245736452365E-001                  2.3213245736452365E-001                  1.9645438055313009E-007                  1.9645438053786166E-007                  1.5268443047777835E-017                 -6.6563095124326956E+000                 -9.8999999999999986E+001                 -5.7778291249676581E+000 
                                     620                  2.9369673336074342E+001                  6.5868484901212332E-001                  6.8025430451317392E+000                 -1.5369697757459448E+000                  1.3458915836550981E+001                  6.9999999999336415E-001                  2.8000000000663611E-001                  1.9999999999999796E-002                  3.0989401935012767E-001                  4.1217979521658371E-001                  0.0000000000000000E+000                  2.3222612671856788E-001                  2.3222612671856788E-001                  1.9656683113482950E-007                  1.9656683111836005E-007                  1.6469440346375488E-017                 -6.6659951071251538E+000                 -9.8999999999999986E+001                 -5.7869688961035841E+000 
                                     621                  2.9358830351747518E+001                  6.5787810410426817E-001                  6.8048860789978969E+000                 -1.5291094501686353E+000                  1.3469000700224983E+001                  6.9999999999303841E-001                  2.8000000000696185E-001                  1.9999999999999796E-002                  3.0998333964387070E-001                  4.1155134821698180E-001                  0.0000000000000000E+000                  2.3231172044365811E-001                  2.3231172044365811E-001                  1.9673530858730377E-007                  1.9673530857037311E-007                  1.6930647172863086E-017                 -6.6757842309452720E+000                 -9.8999999999999986E+001                 -5.7962057999967413E+000 
                                     622                  2.9347669774211163E+001                  6.5705802837566518E-001                  6.8072257813044050E+000                 -1.5212648223916618E+000                  1.3479068454546139E+001                  6.9999999999269025E-001                  2.8000000000730990E-001                  1.9999999999999796E-002                  3.1005107820045957E-001                  4.1092984604940458E-001                  0.0000000000000000E+000                  2.3240549493029916E-001                  2.3240549493029916E-001                  1.9687561756344040E-007                  1.9687561754586118E-007                  1.7579216275427230E-017                 -6.6855312451504769E+000                 -9.8999999999999986E+001                 -5.8054201328770372E+000 
                                     623                  2.9336509196674807E+001                  6.5624808553142533E-001                  6.8095631026141641E+000                 -1.5134353592146816E+000                  1.3489120915504060E+001                  6.9999999999233364E-001                  2.8000000000766651E-001                  1.9999999999999796E-002                  3.1010470373646309E-001                  4.1031445548480427E-001                  0.0000000000000000E+000                  2.3249230637664955E-001                  2.3249230637664955E-001                  1.9698423428096508E-007                  1.9698423426253184E-007                  1.8433244033459081E-017                 -6.6952139421743908E+000                 -9.8999999999999986E+001                 -5.8145621585035618E+000 
                                     624                  2.9325021143745381E+001                  6.5542464027592107E-001                  6.8118973907897331E+000                 -1.5056195189745856E+000                  1.3499157502631274E+001                  6.9999999999195206E-001                  2.8000000000804809E-001                  1.9999999999999796E-002                  3.1017353171482354E-001                  4.0970588983172662E-001                  0.0000000000000000E+000                  2.3258767306328457E-001                  2.3258767306328457E-001                  1.9706809107447213E-007                  1.9706809105518032E-007                  1.9291804211117728E-017                 -6.7047029115595285E+000                 -9.8999999999999986E+001                 -5.8235307575535105E+000 
                                     625                  2.9313533090815962E+001                  6.5461129660972617E-001                  6.8142296694221711E+000                 -1.4978153632640774E+000                  1.3509180054334585E+001                  6.9999999999156148E-001                  2.8000000000843905E-001                  1.9999999999999463E-002                  3.1026185541951679E-001                  4.0910352706762809E-001                  0.0000000000000000E+000                  2.3268299401004472E-001                  2.3268299401004472E-001                  1.9718861986718095E-007                  1.9718861984692323E-007                  2.0257721454694166E-017                 -6.7141352332991859E+000                 -9.8999999999999986E+001                 -5.8324478749525550E+000 
                                     626                  2.9301707239663209E+001                  6.5378427579298859E-001                  6.8165592273116715E+000                 -1.4900227978566707E+000                  1.3519187963246910E+001                  6.9999999999114293E-001                  2.8000000000885711E-001                  2.0000000000000018E-002                  3.1032763594006796E-001                  4.0850788311385705E-001                  0.0000000000000000E+000                  2.3278143433158979E-001                  2.3278143433158979E-001                  1.9731951067364675E-007                  1.9731951065229750E-007                  2.1349247330880275E-017                 -6.7236682285516585E+000                 -9.8999999999999986E+001                 -5.8414757860204105E+000 
                                     627                  2.9289881388510455E+001                  6.5296733641491644E-001                  6.8188870800901311E+000                 -1.4822430785095868E+000                  1.3529183075805259E+001                  6.9999999999071483E-001                  2.8000000000928560E-001                  1.9999999999999574E-002                  3.1037597410415130E-001                  4.0791783831936940E-001                  0.0000000000000000E+000                  2.3287897079712983E-001                  2.3287897079712983E-001                  1.9741622598617396E-007                  1.9741622596371133E-007                  2.2462636151237214E-017                 -6.7333128243023861E+000                 -9.8999999999999986E+001                 -5.8506186189684515E+000 
                                     628                  2.9277706988317831E+001                  6.5213653569018337E-001                  6.8212124932676144E+000                 -1.4744759641595022E+000                  1.3539164758195248E+001                  6.9999999999025719E-001                  2.8000000000974301E-001                  1.9999999999999796E-002                  3.1044460284927394E-001                  4.0733397168177116E-001                  0.0000000000000000E+000                  2.3297775826956066E-001                  2.3297775826956066E-001                  1.9752523053740908E-007                  1.9752523051382761E-007                  2.3581477631847646E-017                 -6.7428734565495265E+000                 -9.8999999999999986E+001                 -5.8596840720623442E+000 
                                     629                  2.9265532588125211E+001                  6.5131579288934682E-001                  6.8235364787922492E+000                 -1.4667196175526027E+000                  1.3549134856591746E+001                  6.9999999998978812E-001                  2.8000000001021214E-001                  1.9999999999999796E-002                  3.1053379037087991E-001                  4.0675572217202122E-001                  0.0000000000000000E+000                  2.3307535250850239E-001                  2.3307535250850239E-001                  1.9767647229941100E-007                  1.9767647227467126E-007                  2.4739732710458748E-017                 -6.7523284073841525E+000                 -9.8999999999999986E+001                 -5.8686468488774830E+000 
                                     630                  2.9252998464942447E+001                  6.5048099679493732E-001                  6.8258582977912106E+000                 -1.4589729792753749E+000                  1.3559092711502268E+001                  6.9999999998928730E-001                  2.8000000001071285E-001                  1.9999999999999796E-002                  3.1059468393131046E-001                  4.0618380661986031E-001                  0.0000000000000000E+000                  2.3317423375351437E-001                  2.3317423375351437E-001                  1.9780360304191861E-007                  1.9780360301644692E-007                  2.5471672997432362E-017                 -6.7617072681888306E+000                 -9.8999999999999986E+001                 -5.8775401405803676E+000 
                                     631                  2.9240464341759687E+001                  6.4965624531021404E-001                  6.8281789535679671E+000                 -1.4512363386533640E+000                  1.3569040130921472E+001                  6.9999999998877327E-001                  2.8000000001122699E-001                  1.9999999999999796E-002                  3.1062988207107423E-001                  4.0561734983285525E-001                  0.0000000000000000E+000                  2.3327199206789226E-001                  2.3327199206789226E-001                  1.9784785407898369E-007                  1.9784785405311287E-007                  2.5870813117366166E-017                 -6.7711510356991162E+000                 -9.8999999999999986E+001                 -5.8865012376600703E+000 
                                     632                  2.9227558979396242E+001                  6.4881725236996668E-001                  6.8316866514058088E+000                 -1.4396255195844747E+000                  1.3584004748513351E+001                  6.9999999998815177E-001                  2.8000000001184855E-001                  1.9999999999999685E-002                  3.1072602393299209E-001                  4.0475963493605782E-001                  0.0000000000000000E+000                  2.3336914835199046E-001                  2.3336914835199046E-001                  1.9790507646878539E-007                  1.9790507644086586E-007                  2.7919519782578446E-017                 -6.7862215686547644E+000                 -9.8999999999999986E+001                 -5.9007761936264851E+000 
                                     633                  2.9201365195411299E+001                  6.4714484985659360E-001                  6.8351357769153189E+000                 -1.4280925699502991E+000                  1.3598820048225715E+001                  6.9999999998706319E-001                  2.8000000001293701E-001                  1.9999999999999796E-002                  3.1085176037816659E-001                  4.0394826583455201E-001                  0.0000000000000000E+000                  2.3382417023118127E-001                  2.3382417023118127E-001                  1.9748624530286191E-007                  1.9748624527128280E-007                  3.1579116018163516E-017                 -6.7991973776630807E+000                 -9.8999999999999986E+001                 -5.9136197639514858E+000 
                                     634                  2.9188076773789803E+001                  6.4631146901981240E-001                  6.8374537516325375E+000                 -1.4203998778527913E+000                  1.3608728571589491E+001                  6.9999999998644669E-001                  2.8000000001355363E-001                  1.9999999999999685E-002                  3.1089671893586457E-001                  4.0340150001608399E-001                  0.0000000000000000E+000                  2.3391708766645281E-001                  2.3391708766645281E-001                  1.9760364727715301E-007                  1.9760364724325554E-007                  3.3897475977725828E-017                 -6.8088277657264511E+000                 -9.8999999999999986E+001                 -5.9227830451325545E+000 
                                     635                  2.9174393122375950E+001                  6.4546345801692284E-001                  6.8397702269884046E+000                 -1.4127165824829657E+000                  1.3618628020857686E+001                  6.9999999998579088E-001                  2.8000000001420922E-001                  1.9999999999999907E-002                  3.1095576304164541E-001                  4.0286056752735577E-001                  0.0000000000000000E+000                  2.3401000396494431E-001                  2.3401000396494431E-001                  1.9769763288896070E-007                  1.9769763285413533E-007                  3.4825361726415904E-017                 -6.8182382410521072E+000                 -9.8999999999999986E+001                 -5.9317333446855161E+000 
                                     636                  2.9160709470962100E+001                  6.4462545181602704E-001                  6.8420861874222414E+000                 -1.4050401223530815E+000                  1.3628520093241802E+001                  6.9999999998511619E-001                  2.8000000001488407E-001                  1.9999999999999796E-002                  3.1103978964071949E-001                  4.0232514407587172E-001                  0.0000000000000000E+000                  2.3410245949103156E-001                  2.3410245949103156E-001                  1.9783141935402261E-007                  1.9783141931854236E-007                  3.5480252298584844E-017                 -6.8275250185614906E+000                 -9.8999999999999986E+001                 -5.9405637819198143E+000 
                                     637                  2.9146618016967064E+001                  6.4377262508421129E-001                  6.8444008830019776E+000                 -1.3973696420122228E+000                  1.3638404048355685E+001                  6.9999999998439899E-001                  2.8000000001560121E-001                  1.9999999999999796E-002                  3.1111944774272365E-001                  4.0179592607407205E-001                  0.0000000000000000E+000                  2.3419673418289091E-001                  2.3419673418289091E-001                  1.9799613585692574E-007                  1.9799613582092870E-007                  3.5997037942183238E-017                 -6.8368606972301045E+000                 -9.8999999999999986E+001                 -5.9494502540363898E+000 
                                     638                  2.9132526562972028E+001                  6.4292980707639125E-001                  6.8478847975625188E+000                 -1.3859092467031526E+000                  1.3653208364145575E+001                  6.9999999998356099E-001                  2.8000000001643927E-001                  1.9999999999999796E-002                  3.1120282485751871E-001                  4.0099856837611547E-001                  0.0000000000000000E+000                  2.3428881663609916E-001                  2.3428881663609916E-001                  1.9815345659071495E-007                  1.9815345655190989E-007                  3.8805080169584585E-017                 -6.8519500535548552E+000                 -9.8999999999999986E+001                 -5.9637973522103209E+000 
                                     639                  2.9103502071429084E+001                  6.4122410528680940E-001                  6.8513466207908813E+000                 -1.3744104101979808E+000                  1.3668016485279981E+001                  6.9999999998206730E-001                  2.8000000001793274E-001                  2.0000000000000018E-002                  3.1131605158085085E-001                  4.0023678092742715E-001                  0.0000000000000000E+000                  2.3477656146994783E-001                  2.3477656146994783E-001                  1.9773342901363343E-007                  1.9773342896963004E-007                  4.4003390393210732E-017                 -6.8647729395229593E+000                 -9.8999999999999986E+001                 -5.9766038432972257E+000 
                                     640                  2.9088555612398736E+001                  6.4036106125829362E-001                  6.8536619595009842E+000                 -1.3667720101576797E+000                  1.3677874964165831E+001                  6.9999999998120976E-001                  2.8000000001879022E-001                  2.0000000000000018E-002                  3.1140338875744361E-001                  3.9972748107297323E-001                  0.0000000000000000E+000                  2.3486713055258662E-001                  2.3486713055258662E-001                  1.9796145508634589E-007                  1.9796145503906497E-007                  4.7280935978595967E-017                 -6.8740954606166200E+000                 -9.8999999999999986E+001                 -5.9854952729212139E+000 
                                     641                  2.9073609153368388E+001                  6.3950802264397777E-001                  6.8559773790765046E+000                 -1.3591383203268874E+000                  1.3687728787840358E+001                  6.9999999998032514E-001                  2.8000000001967507E-001                  1.9999999999999796E-002                  3.1148324213948292E-001                  3.9922379169713423E-001                  0.0000000000000000E+000                  2.3495616493671295E-001                  2.3495616493671295E-001                  1.9817900763378202E-007                  1.9817900758611757E-007                  4.7664436968893390E-017                 -6.8834493847398361E+000                 -9.8999999999999986E+001                 -5.9944222238081526E+000 
                                     642                  2.9058214577852869E+001                  6.3863956904634844E-001                  6.8582921211350403E+000                 -1.3515096057624258E+000                  1.3697577168283056E+001                  6.9999999997938744E-001                  2.8000000002061265E-001                  1.9999999999999907E-002                  3.1154436555377951E-001                  3.9872619831356759E-001                  0.0000000000000000E+000                  2.3504735469213606E-001                  2.3504735469213606E-001                  1.9836053195471487E-007                  1.9836053190676362E-007                  4.7951259582294492E-017                 -6.8928201519328525E+000                 -9.8999999999999986E+001                 -6.0033734077928580E+000 
                                     643                  2.9042820002337354E+001                  6.3778113238986323E-001                  6.8617770963175060E+000                 -1.3401081816724512E+000                  1.3712332853335781E+001                  6.9999999997828888E-001                  2.8000000002171122E-001                  1.9999999999999907E-002                  3.1161188921279026E-001                  3.9797720595963676E-001                  0.0000000000000000E+000                  2.3513682172224593E-001                  2.3513682172224593E-001                  1.9851219570007169E-007                  1.9851219564833264E-007                  5.1739053268456329E-017                 -6.9077905733405291E+000                 -9.8999999999999986E+001                 -6.0176475217317869E+000 
                                     644                  2.9011105751232410E+001                  6.3604298550108929E-001                  6.8652420445779834E+000                 -1.3286641454881425E+000                  1.3727098673268339E+001                  6.9999999997633433E-001                  2.8000000002366565E-001                  2.0000000000000018E-002                  3.1172083911791848E-001                  3.9726190201611611E-001                  0.0000000000000000E+000                  2.3565738212412121E-001                  2.3565738212412121E-001                  1.9797861687325421E-007                  1.9797861681576426E-007                  5.7489960497664112E-017                 -6.9205283578665471E+000                 -9.8999999999999986E+001                 -6.0304819581752289E+000 
                                     645                  2.8994771132979846E+001                  6.3516310041586743E-001                  6.8675601095821159E+000                 -1.3210608566121480E+000                  1.3736931998237024E+001                  6.9999999997521367E-001                  2.8000000002478609E-001                  2.0000000000000240E-002                  3.1178395250636226E-001                  3.9678390200573699E-001                  0.0000000000000000E+000                  2.3574513598638502E-001                  2.3574513598638502E-001                  1.9817367132946764E-007                  1.9817367126956149E-007                  5.9906131487991572E-017                 -6.9298901720893964E+000                 -9.8999999999999986E+001                 -6.0394432447829622E+000 
                                     646                  2.8978436514727278E+001                  6.3429324455534519E-001                  6.8710506739875630E+000                 -1.3096939360116044E+000                  1.3751668006798658E+001                  6.9999999997389817E-001                  2.8000000002610154E-001                  2.0000000000000240E-002                  3.1185118838255471E-001                  3.9606492439420488E-001                  0.0000000000000000E+000                  2.3583056367513039E-001                  2.3583056367513039E-001                  1.9832581228394893E-007                  1.9832581222083716E-007                  6.3111759540966580E-017                 -6.9446368849670428E+000                 -9.8999999999999986E+001                 -6.0535238031272183E+000 
                                     647                  2.8944781494840594E+001                  6.3253140338585789E-001                  6.8745224816002288E+000                 -1.2982789789234999E+000                  1.3766418116744790E+001                  6.9999999997156070E-001                  2.8000000002843889E-001                  2.0000000000000462E-002                  3.1193831532933275E-001                  3.9537875722011168E-001                  0.0000000000000000E+000                  2.3637321850687923E-001                  2.3637321850687923E-001                  1.9764988310751201E-007                  1.9764988303696184E-007                  7.0550180084089454E-017                 -6.9570695365697901E+000                 -9.8999999999999986E+001                 -6.0661377707092807E+000 
                                     648                  2.8927445248743460E+001                  6.3163924904046065E-001                  6.8768455067282090E+000                 -1.2906930647055270E+000                  1.3776242768742803E+001                  6.9999999997022211E-001                  2.8000000002977732E-001                  2.0000000000000573E-002                  3.1199680890628700E-001                  3.9492047852516277E-001                  0.0000000000000000E+000                  2.3645811147035203E-001                  2.3645811147035203E-001                  1.9783323916073180E-007                  1.9783323908505991E-007                  7.5671891860122376E-017                 -6.9664726201672904E+000                 -9.8999999999999986E+001                 -6.0751634092988525E+000 
                                     649                  2.8910109002646326E+001                  6.3075715381639685E-001                  6.8791695017194252E+000                 -1.2831105305179884E+000                  1.3786066752203919E+001                  6.9999999996883400E-001                  2.8000000003116543E-001                  2.0000000000000573E-002                  3.1204763136441399E-001                  3.9446740927483342E-001                  0.0000000000000000E+000                  2.3654246004570120E-001                  2.3654246004570120E-001                  1.9802123804902493E-007                  1.9802123797279331E-007                  7.6231623552225434E-017                 -6.9759346789581995E+000                 -9.8999999999999986E+001                 -6.0842528905620838E+000 
                                     650                  2.8892247750788570E+001                  6.2985856550012476E-001                  6.8814936935380695E+000                 -1.2755310036968956E+000                  1.3795889216385680E+001                  6.9999999996737094E-001                  2.8000000003262832E-001                  2.0000000000000684E-002                  3.1210208523146382E-001                  3.9402005335384094E-001                  0.0000000000000000E+000                  2.3662955672061697E-001                  2.3662955672061697E-001                  1.9820390283406033E-007                  1.9820390275729378E-007                  7.6766550089662244E-017                 -6.9853044843331116E+000                 -9.8999999999999986E+001                 -6.0932583785333581E+000 
                                     651                  2.8874386498930814E+001                  6.2897005635464209E-001                  6.8849943168150247E+000                 -1.2641967312878855E+000                  1.3810612545723332E+001                  6.9999999996564766E-001                  2.8000000003435144E-001                  2.0000000000000906E-002                  3.1219164542064104E-001                  3.9334738616163428E-001                  0.0000000000000000E+000                  2.3671574549019953E-001                  2.3671574549019953E-001                  1.9838843474941216E-007                  1.9838843466521571E-007                  8.4196463408283095E-017                 -7.0000457860031267E+000                 -9.8999999999999986E+001                 -6.1073850580449784E+000 
                                     652                  2.8837580601294345E+001                  6.2716967557771364E-001                  6.8884781133636528E+000                 -1.2528115197016423E+000                  1.3825355222867946E+001                  6.9999999996250184E-001                  2.8000000003749703E-001                  2.0000000000001128E-002                  3.1228863693719833E-001                  3.9270534550018227E-001                  0.0000000000000000E+000                  2.3730715208046438E-001                  2.3730715208046438E-001                  1.9766692961973256E-007                  1.9766692952313607E-007                  9.6596477625824498E-017                 -7.0124159785707354E+000                 -9.8999999999999986E+001                 -6.1200783426733789E+000 
                                     653                  2.8818618862790196E+001                  6.2625764248636828E-001                  6.8908096161749404E+000                 -1.2452439654396961E+000                  1.3835177090262759E+001                  6.9999999996049733E-001                  2.8000000003950115E-001                  2.0000000000001572E-002                  3.1234397463025204E-001                  3.9227662901699334E-001                  0.0000000000000000E+000                  2.3738831845396566E-001                  2.3738831845396566E-001                  1.9788002794364141E-007                  1.9788002784238754E-007                  1.0125388034836216E-016                 -7.0218116748916870E+000                 -9.8999999999999986E+001                 -6.1291260790316775E+000 
                                     654                  2.8799657124286050E+001                  6.2535573088199037E-001                  6.8943201464448505E+000                 -1.2339253699463040E+000                  1.3849901324301458E+001                  6.9999999995842532E-001                  2.8000000004157277E-001                  2.0000000000001905E-002                  3.1241956739253979E-001                  3.9163307141162518E-001                  0.0000000000000000E+000                  2.3737185125306565E-001                  2.3737185125306565E-001                  1.9834770669794601E-007                  1.9834770659648538E-007                  1.0146062707650964E-016                 -7.0369048487912851E+000                 -9.8999999999999986E+001                 -6.1434542465675559E+000 
                                     655                  2.8760581243500095E+001                  6.2352776267043819E-001                  6.8978110346787416E+000                 -1.2225493024523921E+000                  1.3864647780906044E+001                  6.9999999995512863E-001                  2.8000000004486930E-001                  2.0000000000002016E-002                  3.1252592417220937E-001                  3.9102159432894779E-001                  0.0000000000000000E+000                  2.3772895127377239E-001                  2.3772895127377239E-001                  1.9827148124862443E-007                  1.9827148114013558E-007                  1.0848886182755250E-016                 -7.0496559840367459E+000                 -9.8999999999999986E+001                 -6.1561308819312419E+000 
                                     656                  2.8740449484580413E+001                  6.2260157521459736E-001                  6.9001475583374523E+000                 -1.2149856333289704E+000                  1.3874473130019918E+001                  6.9999999995304241E-001                  2.8000000004695508E-001                  2.0000000000002460E-002                  3.1259921244921279E-001                  3.9061341371890312E-001                  0.0000000000000000E+000                  2.3781523217524336E-001                  2.3781523217524336E-001                  1.9848900109599192E-007                  1.9848900097892315E-007                  1.1706877745743363E-016                 -7.0588496021407892E+000                 -9.8999999999999986E+001                 -6.1650021655625018E+000 
                                     657                  2.8720317725660728E+001                  6.2168556876276382E-001                  6.9024856455385120E+000                 -1.2074213862982333E+000                  1.3884300306867807E+001                  6.9999999995086681E-001                  2.8000000004913012E-001                  2.0000000000003126E-002                  3.1265332279210784E-001                  3.9021025469396103E-001                  0.0000000000000000E+000                  2.3789941973505990E-001                  2.3789941973505990E-001                  1.9868061791472106E-007                  1.9868061779455356E-007                  1.2016751319153430E-016                 -7.0681052375639304E+000                 -9.8999999999999986E+001                 -6.1739372303068416E+000 
                                     658                  2.8699574363311577E+001                  6.2075208681655869E-001                  6.9048244963749568E+000                 -1.1998572296113730E+000                  1.3894128447223618E+001                  6.9999999994858764E-001                  2.8000000005140879E-001                  2.0000000000003570E-002                  3.1268848575669606E-001                  3.8981238592117179E-001                  0.0000000000000000E+000                  2.3798449277913206E-001                  2.3798449277913206E-001                  1.9883210874148964E-007                  1.9883210861993186E-007                  1.2155777435637367E-016                 -7.0774232496769676E+000                 -9.8999999999999986E+001                 -6.1829392524462294E+000 
                                     659                  2.8678831000962433E+001                  6.1982882068436063E-001                  6.9083478388426673E+000                 -1.1885453643701653E+000                  1.3908863335213450E+001                  6.9999999994588735E-001                  2.8000000005410858E-001                  2.0000000000004015E-002                  3.1273981765621600E-001                  3.8921371848438802E-001                  0.0000000000000000E+000                  2.3806619856775624E-001                  2.3806619856775624E-001                  1.9897410797741242E-007                  1.9897410784612563E-007                  1.3128679956044670E-016                 -7.0923415983209814E+000                 -9.8999999999999986E+001                 -6.1973116592531516E+000 
                                     660                  2.8636085337669041E+001                  6.1795719934203042E-001                  6.9118567267873958E+000                 -1.1771827656296403E+000                  1.3923623283621705E+001                  6.9999999994111528E-001                  2.8000000005887948E-001                  2.0000000000005236E-002                  3.1280971856523304E-001                  3.8864132717196004E-001                  0.0000000000000000E+000                  2.3873607749634546E-001                  2.3873607749634546E-001                  1.9794032772477367E-007                  1.9794032757633883E-007                  1.4843485175721054E-016                 -7.1046141281799295E+000                 -9.8999999999999986E+001                 -6.2101258348174282E+000 
                                     661                  2.8614065241399683E+001                  6.1700874834061892E-001                  6.9142052907421032E+000                 -1.1696291886173522E+000                  1.3933458016873667E+001                  6.9999999993839412E-001                  2.8000000006159970E-001                  2.0000000000006235E-002                  3.1284042810801316E-001                  3.8825879612436981E-001                  0.0000000000000000E+000                  2.3881263822261964E-001                  2.3881263822261964E-001                  1.9809612096274846E-007                  1.9809612080395821E-007                  1.5879025792888486E-016                 -7.1138718445070710E+000                 -9.8999999999999986E+001                 -6.2190816751823714E+000 
                                     662                  2.8592045145130324E+001                  6.1607055725469939E-001                  6.9165554440399868E+000                 -1.1620754822550714E+000                  1.3943294809760699E+001                  6.9999999993554785E-001                  2.8000000006444498E-001                  2.0000000000007123E-002                  3.1287238705799902E-001                  3.8788065839229957E-001                  0.0000000000000000E+000                  2.3889358591540563E-001                  2.3889358591540563E-001                  1.9821414685010114E-007                  1.9821414669051095E-007                  1.5959017951154624E-016                 -7.1230995323896593E+000                 -9.8999999999999986E+001                 -6.2280205628480685E+000 
                                     663                  2.8569360097600981E+001                  6.1511446572485140E-001                  6.9189063914303155E+000                 -1.1545211983907109E+000                  1.3953132835783613E+001                  6.9999999993257167E-001                  2.8000000006742010E-001                  2.0000000000008233E-002                  3.1290686191991152E-001                  3.8750727823054665E-001                  0.0000000000000000E+000                  2.3897499111677734E-001                  2.3897499111677734E-001                  1.9835733892013993E-007                  1.9835733875969569E-007                  1.6044423832496569E-016                 -7.1323569216786709E+000                 -9.8999999999999986E+001                 -6.2369930683666652E+000 
                                     664                  2.8546675050071642E+001                  6.1416866849666296E-001                  6.9224476539283044E+000                 -1.1432241425469201E+000                  1.3967881681426165E+001                  6.9999999992904338E-001                  2.8000000007094689E-001                  2.0000000000009788E-002                  3.1295125022988657E-001                  3.8694499278625177E-001                  0.0000000000000000E+000                  2.3905132555296280E-001                  2.3905132555296280E-001                  1.9853483915069197E-007                  1.9853483897740507E-007                  1.7328690427749434E-016                 -7.1473397073198512E+000                 -9.8999999999999986E+001                 -6.2514700913316261E+000 
                                     665                  2.8499939784978221E+001                  6.1225133218871397E-001                  6.9259753708807512E+000                 -1.1318774432992313E+000                  1.3982656391968984E+001                  6.9999999992281359E-001                  2.8000000007717391E-001                  2.0000000000012452E-002                  3.1303251660942394E-001                  3.8640622165868205E-001                  0.0000000000000000E+000                  2.3977744734896916E-001                  2.3977744734896916E-001                  1.9742561744681070E-007                  1.9742561725099611E-007                  1.9581459034681321E-016                 -7.1594731190162300E+000                 -9.8999999999999986E+001                 -6.2643075928424814E+000 
                                     666                  2.8475872057993577E+001                  6.1127975414049585E-001                  6.9283361584607919E+000                 -1.1243334015709561E+000                  1.3992500000457367E+001                  6.9999999991925577E-001                  2.8000000008072962E-001                  2.0000000000014673E-002                  3.1308759520516094E-001                  3.8604604202527298E-001                  0.0000000000000000E+000                  2.3983916436012392E-001                  2.3983916436012392E-001                  1.9771193870132978E-007                  1.9771193849513187E-007                  2.0619790673547729E-016                 -7.1686251534306074E+000                 -9.8999999999999986E+001                 -6.2731706144549992E+000 
                                     667                  2.8451804331008937E+001                  6.1031851178289065E-001                  6.9306981113978754E+000                 -1.1167880986744303E+000                  1.4002344944647406E+001                  6.9999999991554918E-001                  2.8000000008443415E-001                  2.0000000000016671E-002                  3.1311786288123650E-001                  3.8569001300396433E-001                  0.0000000000000000E+000                  2.3989464683330680E-001                  2.3989464683330680E-001                  1.9797890869523290E-007                  1.9797890849400509E-007                  2.0122782519698521E-016                 -7.1778703428794604E+000                 -9.8999999999999986E+001                 -6.2821195862205270E+000 
                                     668                  2.8427019137947774E+001                  6.0933912160283021E-001                  6.9342716470843797E+000                 -1.1054492345071345E+000                  1.4017173462477640E+001                  6.9999999991112760E-001                  2.8000000008885295E-001                  2.0000000000019447E-002                  3.1315198713344650E-001                  3.8515155296214282E-001                  0.0000000000000000E+000                  2.3995008271493765E-001                  2.3995008271493765E-001                  1.9822320854363191E-007                  1.9822320833949681E-007                  2.0413510087280630E-016                 -7.1928943865898711E+000                 -9.8999999999999986E+001                 -6.2966411852571031E+000 
                                     669                  2.8376713921734890E+001                  6.0738280709557813E-001                  6.9390120350685525E+000                 -1.0903852061904971E+000                  1.4036866270748721E+001                  6.9999999990278228E-001                  2.8000000009719200E-001                  2.0000000000025775E-002                  3.1329260331580466E-001                  3.8445506047358730E-001                  0.0000000000000000E+000                  2.4069520463174793E-001                  2.4069520463174793E-001                  1.9711718632071456E-007                  1.9711718609286781E-007                  2.2784675615696055E-016                 -7.2106629224218990E+000                 -9.8999999999999986E+001                 -6.3150030195306499E+000 
                                     670                  2.8324921636162635E+001                  6.0541075126502275E-001                  6.9437671071969698E+000                 -1.0753441464639395E+000                  1.4056559818118860E+001                  6.9999999989366923E-001                  2.8000000010629672E-001                  2.0000000000033991E-002                  3.1334568130663415E-001                  3.8376577591823130E-001                  0.0000000000000000E+000                  2.4143213427772006E-001                  2.4143213427772006E-001                  1.9600943980259355E-007                  1.9600943953823393E-007                  2.6435962688101673E-016                 -7.2280917224674219E+000                 -9.8999999999999986E+001                 -6.3330603497351561E+000 
                                     671                  2.8271607377557093E+001                  6.0342284301645566E-001                  6.9485364621957100E+000                 -1.0603270791228283E+000                  1.4076252467078049E+001                  6.9999999988372053E-001                  2.8000000011623494E-001                  2.0000000000044538E-002                  3.1343384890442344E-001                  3.8308329275443542E-001                  0.0000000000000000E+000                  2.4216878055069530E-001                  2.4216878055069530E-001                  1.9479161774956008E-007                  1.9479161744312383E-007                  3.0643624606245053E-016                 -7.2455872231784815E+000                 -9.8999999999999986E+001                 -6.3512376445793217E+000 
                                     672                  2.8216735995281553E+001                  6.0141897364930785E-001                  6.9520946839922324E+000                 -1.0491024832640767E+000                  1.4090963075258669E+001                  6.9999999987362005E-001                  2.8000000012632192E-001                  2.0000000000057971E-002                  3.1351942425092078E-001                  3.8258622583108287E-001                  0.0000000000000000E+000                  2.4291724395620334E-001                  2.4291724395620334E-001                  1.9364558826444242E-007                  1.9364558792433992E-007                  3.4010249675606506E-016                 -7.2575396570894917E+000                 -9.8999999999999986E+001                 -6.3641466936489151E+000 
                                     673                  2.8188906609191019E+001                  6.0041825493762047E-001                  6.9544862609122244E+000                 -1.0416080909914145E+000                  1.4100807746445819E+001                  6.9999999986788375E-001                  2.8000000013204979E-001                  2.0000000000066409E-002                  3.1352980950279452E-001                  3.8225236385062766E-001                  0.0000000000000000E+000                  2.4291117115543742E-001                  2.4291117115543742E-001                  1.9407569033159162E-007                  1.9407568998042765E-007                  3.5116397099392352E-016                 -7.2669404763261491E+000                 -9.8999999999999986E+001                 -6.3732573184352850E+000 
                                     674                  2.8160271951572202E+001                  5.9939911045078653E-001                  6.9568773010964442E+000                 -1.0341145741855302E+000                  1.4110651084891888E+001                  6.9999999986183936E-001                  2.8000000013808440E-001                  2.0000000000076179E-002                  3.1353498700396149E-001                  3.8192364350990998E-001                  0.0000000000000000E+000                  2.4291926103930156E-001                  2.4291926103930156E-001                  1.9439492313225596E-007                  1.9439492278368136E-007                  3.4857459939636459E-016                 -7.2762074399135397E+000                 -9.8999999999999986E+001                 -6.3822634555519455E+000 
                                     675                  2.8131637293953382E+001                  5.9839035915750660E-001                  6.9592683987591242E+000                 -1.0266218531128848E+000                  1.4120493298823870E+001                  6.9999999985558348E-001                  2.8000000014432935E-001                  2.0000000000087170E-002                  3.1356494124962420E-001                  3.8160044137134402E-001                  0.0000000000000000E+000                  2.4292331194342953E-001                  2.4292331194342953E-001                  1.9474417543904559E-007                  1.9474417508910404E-007                  3.4994155640990476E-016                 -7.2854676903309024E+000                 -9.8999999999999986E+001                 -6.3912547995513638E+000 
                                     676                  2.8102179195991955E+001                  5.9736315209684188E-001                  6.9628833168570372E+000                 -1.0153659614038080E+000                  1.4135309190311881E+001                  6.9999999984808159E-001                  2.8000000015181736E-001                  2.0000000000101048E-002                  3.1362541391978416E-001                  3.8111703521208168E-001                  0.0000000000000000E+000                  2.4294142764334675E-001                  2.4294142764334675E-001                  1.9512277041564492E-007                  1.9512277003802196E-007                  3.7762297000975236E-016                 -7.3003594792700648E+000                 -9.8999999999999986E+001                 -6.4057166557163407E+000 
                                     677                  2.8042421043598232E+001                  5.9531099366397178E-001                  6.9664521928121470E+000                 -1.0041707035329217E+000                  1.4150009733006319E+001                  6.9999999983496541E-001                  2.8000000016490351E-001                  2.0000000000131024E-002                  3.1363164815407879E-001                  3.8066396717317169E-001                  0.0000000000000000E+000                  2.4380984008302317E-001                  2.4380984008302317E-001                  1.9352840794156837E-007                  1.9352840751508048E-007                  4.2648788797858302E-016                 -7.3121176496720430E+000                 -9.8999999999999986E+001                 -6.4186993092475459E+000 
                                     678                  2.8012120989165936E+001                  5.9428609674318333E-001                  6.9688503384705403E+000                 -9.9669886879024350E-001                  1.4159844936742246E+001                  6.9999999982752914E-001                  2.8000000017232096E-001                  2.0000000000149898E-002                  3.1364426142317370E-001                  3.8036484116081498E-001                  0.0000000000000000E+000                  2.4381339713280886E-001                  2.4381339713280886E-001                  1.9387921825929019E-007                  1.9387921780337558E-007                  4.5591462081269230E-016                 -7.3214682887658453E+000                 -9.8999999999999986E+001                 -6.4278154555089300E+000 
                                     679                  2.7980960042007752E+001                  5.9324263121750731E-001                  6.9712478567631395E+000                 -9.8922795599388957E-001                  1.4169677818449088E+001                  6.9999999981967476E-001                  2.8000000018015347E-001                  2.0000000000171769E-002                  3.1368479235115004E-001                  3.8007482398323972E-001                  0.0000000000000000E+000                  2.4383641454189639E-001                  2.4383641454189639E-001                  1.9421816001961172E-007                  1.9421815955382431E-007                  4.6578742151271049E-016                 -7.3306338614584705E+000                 -9.8999999999999986E+001                 -6.4367850833514630E+000 
                                     680                  2.7949799094849563E+001                  5.9220957968393828E-001                  6.9736453015520761E+000                 -9.8175788615471593E-001                  1.4179508615447938E+001                  6.9999999981156935E-001                  2.8000000018823429E-001                  2.0000000000196305E-002                  3.1372049450746509E-001                  3.7979433181685118E-001                  0.0000000000000000E+000                  2.4385157130866680E-001                  2.4385157130866680E-001                  1.9458897734425165E-007                  1.9458897687085913E-007                  4.7339251622264312E-016                 -7.3398531041935495E+000                 -9.8999999999999986E+001                 -6.4457941875383851E+000 
                                     681                  2.7917757854593972E+001                  5.9115791418282781E-001                  6.9760421641084225E+000                 -9.7428941739300046E-001                  1.4189336836958617E+001                  6.9999999980300232E-001                  2.8000000019677296E-001                  2.0000000000224727E-002                  3.1373539500792880E-001                  3.7952413777233079E-001                  0.0000000000000000E+000                  2.4388530123267221E-001                  2.4388530123267221E-001                  1.9487447663068547E-007                  1.9487447615795945E-007                  4.7272601160888361E-016                 -7.3491465988266853E+000                 -9.8999999999999986E+001                 -6.4549131959845347E+000 
                                     682                  2.7885716614338381E+001                  5.9011667973541260E-001                  6.9796489030306876E+000                 -9.6312835601898572E-001                  1.4204060072767632E+001                  6.9999999979295946E-001                  2.8000000020678095E-001                  2.0000000000259588E-002                  3.1377194393805546E-001                  3.7913130298942765E-001                  0.0000000000000000E+000                  2.4390621893470490E-001                  2.4390621893470490E-001                  1.9518785729972097E-007                  1.9518785680495147E-007                  4.9476950007157527E-016                 -7.3640780572408575E+000                 -9.8999999999999986E+001                 -6.4694957249191143E+000 
                                     683                  2.7819833956518607E+001                  5.8800721435492398E-001                  6.9844598703658365E+000                 -9.4823953337022870E-001                  1.4223700570957218E+001                  6.9999999977388150E-001                  2.8000000022577937E-001                  2.0000000000339080E-002                  3.1381598799404375E-001                  3.7864974974282789E-001                  0.0000000000000000E+000                  2.4493301928485769E-001                  2.4493301928485769E-001                  1.9308341911758331E-007                  1.9308341854003188E-007                  5.7755143721091406E-016                 -7.3809292735228134E+000                 -9.8999999999999986E+001                 -6.4877568340380201E+000 
                                     684                  2.7752110781756578E+001                  5.8588101879011933E-001                  6.9880700014937425E+000                 -9.3706730593798304E-001                  1.4238438366407429E+001                  6.9999999975452465E-001                  2.8000000024503663E-001                  2.0000000000438778E-002                  3.1382601734862020E-001                  3.7832298019700222E-001                  0.0000000000000000E+000                  2.4598572497155327E-001                  2.4598572497155327E-001                  1.9080095786191904E-007                  1.9080095719701776E-007                  6.6490128439241626E-016                 -7.3921634729503678E+000                 -9.8999999999999986E+001                 -6.5006507117783299E+000 
                                     685                  2.7717308396500542E+001                  5.8480428092913539E-001                  6.9904837067087318E+000                 -9.2964572954247982E-001                  1.4248249931458677E+001                  6.9999999974341653E-001                  2.8000000025608157E-001                  2.0000000000501839E-002                  3.1386037845230080E-001                  3.7811815967763335E-001                  0.0000000000000000E+000                  2.4601596692573036E-001                  2.4601596692573036E-001                  1.9106827537349967E-007                  1.9106827467907271E-007                  6.9442695792501812E-016                 -7.4014268232099925E+000                 -9.8999999999999986E+001                 -6.5098192947780209E+000 
                                     686                  2.7682506011244499E+001                  5.8373792283195192E-001                  6.9928971851726347E+000                 -9.2222718646080803E-001                  1.4258058531495717E+001                  6.9999999973199156E-001                  2.8000000026743560E-001                  2.0000000000572893E-002                  3.1389496579922344E-001                  3.7792824141117043E-001                  0.0000000000000000E+000                  2.4603866058868848E-001                  2.4603866058868848E-001                  1.9140864436649932E-007                  1.9140864367738362E-007                  6.8911568527035223E-016                 -7.4107901466416353E+000                 -9.8999999999999986E+001                 -6.5190750476481441E+000 
                                     687                  2.7646741983876336E+001                  5.8265262387250993E-001                  6.9953100919014473E+000                 -9.1481207840106904E-001                  1.4267863771732882E+001                  6.9999999971988192E-001                  2.8000000027946298E-001                  2.0000000000655049E-002                  3.1390583820529699E-001                  3.7775396076672274E-001                  0.0000000000000000E+000                  2.4609320715543909E-001                  2.4609320715543909E-001                  1.9164546468001418E-007                  1.9164546399589905E-007                  6.8411513032482211E-016                 -7.4201021072508526E+000                 -9.8999999999999986E+001                 -6.5283385144099961E+000 
                                     688                  2.7610977956508172E+001                  5.8157770764144545E-001                  6.9989405730433161E+000                 -9.0373305211120281E-001                  1.4282550119696385E+001                  6.9999999970572768E-001                  2.8000000029351735E-001                  2.0000000000754969E-002                  3.1389474619548335E-001                  3.7751634126443689E-001                  0.0000000000000000E+000                  2.4613509623017751E-001                  2.4613509623017751E-001                  1.9186334781608754E-007                  1.9186334708808795E-007                  7.2799959241228564E-016                 -7.4349069679069144E+000                 -9.8999999999999986E+001                 -6.5429824553943270E+000 
                                     689                  2.7537484358361009E+001                  5.7940012655655282E-001                  7.0037883069846485E+000                 -8.8896124246731401E-001                  1.4302140096447150E+001                  6.9999999967613746E-001                  2.8000000032284850E-001                  2.0000000001014095E-002                  3.1392779951917316E-001                  3.7725820513813307E-001                  0.0000000000000000E+000                  2.4744268561766286E-001                  2.4744268561766286E-001                  1.8882683856780686E-007                  1.8882683772500575E-007                  8.4280111325071741E-016                 -7.4511272088469251E+000                 -9.8999999999999986E+001                 -6.5612863856906873E+000 
                                     690                  2.7461982387314812E+001                  5.7720494531990674E-001                  7.0074232328158361E+000                 -8.7787139235301692E-001                  1.4316839045594211E+001                  6.9999999964980109E-001                  2.8000000034890532E-001                  2.0000000001293650E-002                  3.1395740611885081E-001                  3.7710936767690534E-001                  0.0000000000000000E+000                  2.4832460258464495E-001                  2.4832460258464495E-001                  1.8703902831295970E-007                  1.8703902737940930E-007                  9.3355041114255328E-016                 -7.4628009990937274E+000                 -9.8999999999999986E+001                 -6.5744330976917320E+000 
                                     691                  2.7423205538199163E+001                  5.7609332094409571E-001                  7.0098497315168089E+000                 -8.7050144098805271E-001                  1.4326623257444393E+001                  6.9999999963583792E-001                  2.8000000036271100E-001                  2.0000000001451079E-002                  3.1394641005027873E-001                  3.7702641009367155E-001                  0.0000000000000000E+000                  2.4801129170769728E-001                  2.4801129170769728E-001                  1.8826937481758440E-007                  1.8826937386525242E-007                  9.5233196732511671E-016                 -7.4728124023033944E+000                 -9.8999999999999986E+001                 -6.5838346014769034E+000 
                                     692                  2.7384428689083510E+001                  5.7499201616574558E-001                  7.0122763489633551E+000                 -8.6313717682855751E-001                  1.4336403787194676E+001                  6.9999999961975168E-001                  2.8000000037859485E-001                  2.0000000001653473E-002                  3.1392592428667587E-001                  3.7695720068122018E-001                  0.0000000000000000E+000                  2.4808879244421314E-001                  2.4808879244421314E-001                  1.8833418339707158E-007                  1.8833418242087611E-007                  9.7619546264522199E-016                 -7.4821223839877566E+000                 -9.8999999999999986E+001                 -6.5932120304061064E+000 
                                     693                  2.7344604058478314E+001                  5.7387140398923364E-001                  7.0147027994293616E+000                 -8.5577735970399726E-001                  1.4346180329478518E+001                  6.9999999960265524E-001                  2.8000000039545553E-001                  2.0000000001889173E-002                  3.1391727084564880E-001                  3.7690100805769383E-001                  0.0000000000000000E+000                  2.4820090287487831E-001                  2.4820090287487831E-001                  1.8829488538653278E-007                  1.8829488437262404E-007                  1.0139087355255458E-015                 -7.4912033541950453E+000                 -9.8999999999999986E+001                 -6.6024243633058708E+000 
                                     694                  2.7304779427873118E+001                  5.7276109996418190E-001                  7.0171294069600023E+000                 -8.4842116341244755E-001                  1.4355953017655615E+001                  6.9999999958513026E-001                  2.8000000041271778E-001                  2.0000000002151963E-002                  3.1392495047916569E-001                  3.7685690216212669E-001                  0.0000000000000000E+000                  2.4828701443193002E-001                  2.4828701443193002E-001                  1.8834949793778550E-007                  1.8834949691848022E-007                  1.0193052750254684E-015                 -7.5003322760098250E+000                 -9.8999999999999986E+001                 -6.6116425212788537E+000 
                                     695                  2.7263884854722058E+001                  5.7163140915371879E-001                  7.0207962396930332E+000                 -8.3738276718737403E-001                  1.4370652235153692E+001                  6.9999999956394376E-001                  2.8000000043357320E-001                  2.0000000002483032E-002                  3.1393464800574544E-001                  3.7680564789567350E-001                  0.0000000000000000E+000                  2.4840370692259992E-001                  2.4840370692259992E-001                  1.8835113511687051E-007                  1.8835113405979174E-007                  1.0570787656610071E-015                 -7.5150974154253047E+000                 -9.8999999999999986E+001                 -6.6265329966778053E+000 
                                     696                  2.7181003345302209E+001                  5.6937305558236695E-001                  7.0256756797632702E+000                 -8.2274317527616359E-001                  1.4390172071746296E+001                  6.9999999952406167E-001                  2.8000000047270279E-001                  2.0000000003235541E-002                  3.1392007284703421E-001                  3.7676900887486825E-001                  0.0000000000000000E+000                  2.4995748610968152E-001                  2.4995748610968152E-001                  1.8454810599268214E-007                  1.8454810477894465E-007                  1.2137374816714386E-015                 -7.5313616835996120E+000                 -9.8999999999999986E+001                 -6.6454604025177764E+000 
                                     697                  2.7095914403630655E+001                  5.6709601467111237E-001                  7.0305914008577410E+000                 -8.0818156139100783E-001                  1.4409674737618863E+001                  6.9999999947673319E-001                  2.8000000051893409E-001                  2.0000000004332774E-002                  3.1390558014292558E-001                  3.7675154006754386E-001                  0.0000000000000000E+000                  2.5203815539234464E-001                  2.5203815539234464E-001                  1.7914904044188745E-007                  1.7914903902283508E-007                  1.4190523794788495E-015                 -7.5462136840355774E+000                 -9.8999999999999986E+001                 -6.6640023534297654E+000 
                                     698                  2.7008572329464403E+001                  5.6479976312506364E-001                  7.0342535031339732E+000                 -7.9728435798804353E-001                  1.4424244031955297E+001                  6.9999999943724145E-001                  2.8000000055735969E-001                  2.0000000005398810E-002                  3.1392015925021399E-001                  3.7676014262928720E-001                  0.0000000000000000E+000                  2.5241211079948733E-001                  2.5241211079948733E-001                  1.7869720019486518E-007                  1.7869719864457456E-007                  1.5502906236333205E-015                 -7.5585748426793877E+000                 -9.8999999999999986E+001                 -6.6771956977236604E+000 
                                     699                  2.6964332260700907E+001                  5.6365191583314955E-001                  7.0367129720485497E+000                 -7.9001956894281733E-001                  1.4433982425601188E+001                  6.9999999941246416E-001                  2.8000000058139118E-001                  2.0000000006144658E-002                  3.1391551647241484E-001                  3.7676847484917875E-001                  0.0000000000000000E+000                  2.5253634864820412E-001                  2.5253634864820412E-001                  1.7867209761121184E-007                  1.7867209597300779E-007                  1.6382040373076129E-015                 -7.5678156668403860E+000                 -9.8999999999999986E+001                 -6.6867476934503864E+000 
                                     700                  2.6918930871748902E+001                  5.6248417622416336E-001                  7.0391724408362473E+000                 -7.8276150454235227E-001                  1.4443716184359452E+001                  6.9999999938611401E-001                  2.8000000060687491E-001                  2.0000000007011076E-002                  3.1390056880919204E-001                  3.7678059904582678E-001                  0.0000000000000000E+000                  2.5268400735328583E-001                  2.5268400735328583E-001                  1.7856532453676814E-007                  1.7856532277768571E-007                  1.7590824306228184E-015                 -7.5769754732289236E+000                 -9.8999999999999986E+001                 -6.6962659505250892E+000 
                                     701                  2.6873529482796894E+001                  5.6132652950094197E-001                  7.0416325287767778E+000                 -7.7551028826622825E-001                  1.4453445374492880E+001                  6.9999999934930723E-001                  2.8000000064228053E-001                  2.0000000008412178E-002                  3.1388576663221729E-001                  3.7679541313946835E-001                  0.0000000000000000E+000                  2.5283903700726573E-001                  2.5283903700726573E-001                  1.7840901008814876E-007                  1.7840900830288508E-007                  1.7852636790976803E-015                 -7.5859957940952043E+000                 -9.8999999999999986E+001                 -6.7056612561684457E+000 
                                     702                  2.6826943285230289E+001                  5.6014888052547207E-001                  7.0453462271768830E+000                 -7.6462890133010331E-001                  1.4468074943319564E+001                  6.9999999932023460E-001                  2.8000000067025871E-001                  2.0000000009506635E-002                  3.1387127619717603E-001                  3.7681701564263087E-001                  0.0000000000000000E+000                  2.5278808323148205E-001                  2.5278808323148205E-001                  1.7884968436426539E-007                  1.7884968263142219E-007                  1.7328431850665944E-015                 -7.6007639472304929E+000                 -9.8999999999999986E+001                 -6.7204602451983524E+000 
                                     703                  2.6732562367136989E+001                  5.5779352035878405E-001                  7.0502688921919932E+000                 -7.5016088543378190E-001                  1.4487504096105033E+001                  6.9999999926509227E-001                  2.8000000072298448E-001                  2.0000000011923258E-002                  3.1385576785060249E-001                  3.7685188091354871E-001                  0.0000000000000000E+000                  2.5335040331061426E-001                  2.5335040331061426E-001                  1.7778166720305773E-007                  1.7778166525919272E-007                  1.9438650079620483E-015                 -7.6183409220616545E+000                 -9.8999999999999986E+001                 -6.7392456878273057E+000 
                                     704                  2.6635740437577194E+001                  5.5541790995197360E-001                  7.0539618952788086E+000                 -7.3937761733703855E-001                  1.4502019651266895E+001                  6.9999999920275413E-001                  2.8000000078194492E-001                  2.0000000015300889E-002                  3.1382198979718307E-001                  3.7687101227191067E-001                  0.0000000000000000E+000                  2.5547641886651817E-001                  2.5547641886651817E-001                  1.7204907119560257E-007                  1.7204906881315382E-007                  2.3824487507930688E-015                 -7.6276935367445002E+000                 -9.8999999999999986E+001                 -6.7525580773275173E+000 
                                     705                  2.6586713228544092E+001                  5.5422994286328153E-001                  7.0564419591532133E+000                 -7.3219150921596632E-001                  1.4511719901612235E+001                  6.9999999915583810E-001                  2.8000000082590715E-001                  2.0000000018254749E-002                  3.1379246266202937E-001                  3.7687810562759971E-001                  0.0000000000000000E+000                  2.5565312840200621E-001                  2.5565312840200621E-001                  1.7174548214727765E-007                  1.7174547958565843E-007                  2.5616192087135199E-015                 -7.6365433527420228E+000                 -9.8999999999999986E+001                 -6.7619196619168305E+000 
                                     706                  2.6536429260170230E+001                  5.5302155832440292E-001                  7.0589200356899964E+000                 -7.2500772236108413E-001                  1.4521415128871244E+001                  6.9999999912118605E-001                  2.8000000085827009E-001                  2.0000000020543807E-002                  3.1376524148861545E-001                  3.7688396928708084E-001                  0.0000000000000000E+000                  2.5560749237693392E-001                  2.5560749237693392E-001                  1.7207851760520005E-007                  1.7207851520896234E-007                  2.3962377157293998E-015                 -7.6456716903830664E+000                 -9.8999999999999986E+001                 -6.7711896574267536E+000 
                                     707                  2.6486145291796369E+001                  5.5182307583204526E-001                  7.0613897869073492E+000                 -7.1781565766409883E-001                  1.4531105356523401E+001                  6.9999999908962018E-001                  2.8000000088771165E-001                  2.0000000022668107E-002                  3.1374718756938014E-001                  3.7689056413551969E-001                  0.0000000000000000E+000                  2.5485352990479099E-001                  2.5485352990479099E-001                  1.7451046710726359E-007                  1.7451046485647245E-007                  2.2507911435240738E-015                 -7.6560154970412206E+000                 -9.8999999999999986E+001                 -6.7804527284673641E+000 
                                     708                  2.6434579961765948E+001                  5.5060410299874041E-001                  7.0638581107079572E+000                 -7.1062661188539522E-001                  1.4540790490054487E+001                  6.9999999905004906E-001                  2.8000000092428512E-001                  2.0000000025665821E-002                  3.1372974528127917E-001                  3.7689527379741922E-001                  0.0000000000000000E+000                  2.5486684765986678E-001                  2.5486684765986678E-001                  1.7469010351254018E-007                  1.7469010114473928E-007                  2.3678009024054039E-015                 -7.6651125750944056E+000                 -9.8999999999999986E+001                 -6.7897610430655861E+000 
                                     709                  2.6383014631735531E+001                  5.4939504524179816E-001                  7.0675727218701372E+000                 -6.9989599489759557E-001                  1.4555290051414689E+001                  6.9999999900186716E-001                  2.8000000096867306E-001                  2.0000000029459786E-002                  3.1366974198672731E-001                  3.7689138725273608E-001                  0.0000000000000000E+000                  2.5511293823324938E-001                  2.5511293823324938E-001                  1.7416170936574975E-007                  1.7416170654957683E-007                  2.8161729300439905E-015                 -7.6794253955989618E+000                 -9.8999999999999986E+001                 -6.8046794611342021E+000 
                                     710                  2.6277271410446659E+001                  5.4694544490281871E-001                  7.0712998161131360E+000                 -6.8915852631275709E-001                  1.4569815134856897E+001                  6.9999999890197218E-001                  2.8000000105862183E-001                  2.0000000039406052E-002                  3.1359427897175296E-001                  3.7687940482988225E-001                  0.0000000000000000E+000                  2.5764588533932581E-001                  2.5764588533932581E-001                  1.6692886381650551E-007                  1.6692886049073907E-007                  3.3257664559900128E-015                 -7.6879048844925979E+000                 -9.8999999999999986E+001                 -6.8179422699994783E+000 
                                     711                  2.6223068313726085E+001                  5.4570473960013244E-001                  7.0737893126352533E+000                 -6.8202944802766008E-001                  1.4579479671008611E+001                  6.9999999884643116E-001                  2.8000000110793000E-001                  2.0000000045638844E-002                  3.1356258031719064E-001                  3.7686444344151615E-001                  0.0000000000000000E+000                  2.5760082028847370E-001                  2.5760082028847370E-001                  1.6721432381079641E-007                  1.6721432040573355E-007                  3.4050628759894568E-015                 -7.6968866602097190E+000                 -9.8999999999999986E+001                 -6.8271409065638133E+000 
                                     712                  2.6168865217005514E+001                  5.4447377066767444E-001                  7.0775151271002317E+000                 -6.7135283084687736E-001                  1.4593947675938296E+001                  6.9999999878747843E-001                  2.8000000116034957E-001                  2.0000000052172062E-002                  3.1354102528856753E-001                  3.7683645721010811E-001                  0.0000000000000000E+000                  2.5644513398524371E-001                  2.5644513398524371E-001                  1.7087501135647510E-007                  1.7087500807792187E-007                  3.2785532167236207E-015                 -7.7131350125710787E+000                 -9.8999999999999986E+001                 -6.8416933908413426E+000 
                                     713                  2.6057745091928560E+001                  5.4197961983362253E-001                  7.0812250801491441E+000                 -6.6061993696854715E-001                  1.4608441868916797E+001                  6.9999999870032525E-001                  2.8000000123609642E-001                  2.0000000063578272E-002                  3.1348717824727385E-001                  3.7680827986986265E-001                  0.0000000000000000E+000                  2.5700655605375233E-001                  2.5700655605375233E-001                  1.6961182935263500E-007                  1.6961182591079118E-007                  3.4418438150262805E-015                 -7.7249268691696127E+000                 -9.8999999999999986E+001                 -6.8549661355424627E+000 
                                     714                  2.6000802307090350E+001                  5.4071640901209650E-001                  7.0837020994530073E+000                 -6.5349416560123674E-001                  1.4618085397947436E+001                  6.9999999864351214E-001                  2.8000000128481772E-001                  2.0000000071670132E-002                  3.1343937845439396E-001                  3.7678151022195605E-001                  0.0000000000000000E+000                  2.5686803632374361E-001                  2.5686803632374361E-001                  1.7019767165501441E-007                  1.7019766788796503E-007                  3.7670493756545389E-015                 -7.7342540945728597E+000                 -9.8999999999999986E+001                 -6.8643242745210795E+000 
                                     715                  2.5943859522252140E+001                  5.3946290664911156E-001                  7.0861804660641781E+000                 -6.4637717828844798E-001                  1.4627723600143410E+001                  6.9999999858091233E-001                  2.8000000133773201E-001                  2.0000000081355607E-002                  3.1341004087355717E-001                  3.7674955159812246E-001                  0.0000000000000000E+000                  2.5712388434825761E-001                  2.5712388434825761E-001                  1.6960309638171690E-007                  1.6960309235190175E-007                  4.0298151524268167E-015                 -7.7428248927299173E+000                 -9.8999999999999986E+001                 -6.8735924728049218E+000 
                                     716                  2.5885508029964253E+001                  5.3818818982892769E-001                  7.0886595798228935E+000                 -6.3926673171386972E-001                  1.4637356470047363E+001                  6.9999999851420869E-001                  2.8000000139329539E-001                  2.0000000092495918E-002                  3.1339322987226720E-001                  3.7671245890614474E-001                  0.0000000000000000E+000                  2.5736968202160698E-001                  2.5736968202160698E-001                  1.6906278662197910E-007                  1.6906278233989737E-007                  4.2820817443536484E-015                 -7.7512593416635731E+000                 -9.8999999999999986E+001                 -6.8827202908432943E+000 
                                     717                  2.5827156537676366E+001                  5.3692312446812718E-001                  7.0923892762654148E+000                 -6.2865098757738169E-001                  1.4651776022813005E+001                  6.9999999841739946E-001                  2.8000000147255300E-001                  2.0000000110047544E-002                  3.1335158746523811E-001                  3.7664146696344653E-001                  0.0000000000000000E+000                  2.5758074343298132E-001                  2.5758074343298132E-001                  1.6861648903713528E-007                  1.6861648439088259E-007                  4.6462526832034801E-015                 -7.7652151905389069E+000                 -9.8999999999999986E+001                 -6.8972848422987312E+000 
                                     718                  2.5707583776561819E+001                  5.3435972722571790E-001                  7.0961174083564815E+000                 -6.1800278914260387E-001                  1.4666222736992287E+001                  6.9999999828753989E-001                  2.8000000157564303E-001                  2.0000000136817020E-002                  3.1327352767446043E-001                  3.7656180652936527E-001                  0.0000000000000000E+000                  2.5910885247262183E-001                  2.5910885247262183E-001                  1.6428276463964797E-007                  1.6428275957863588E-007                  5.0610121041441106E-015                 -7.7752925193742195E+000                 -9.8999999999999986E+001                 -6.9105979829472535E+000 
                                     719                  2.5646336149647908E+001                  5.3306128779412798E-001                  7.0986037503263173E+000                 -6.1093043273555336E-001                  1.4675834010603525E+001                  6.9999999821084824E-001                  2.8000000163540234E-001                  2.0000000153749475E-002                  3.1322315138213525E-001                  3.7649963383142371E-001                  0.0000000000000000E+000                  2.5870001797559150E-001                  2.5870001797559150E-001                  1.6564231898408119E-007                  1.6564231362097343E-007                  5.3631077574696065E-015                 -7.7849588176512698E+000                 -9.8999999999999986E+001                 -6.9199184114734695E+000 
                                     720                  2.5585088522733994E+001                  5.3177235456619465E-001                  7.1010901758995129E+000                 -6.0386460692834942E-001                  1.4685439789020041E+001                  6.9999999812449887E-001                  2.8000000170113287E-001                  2.0000000174368315E-002                  3.1319720261753986E-001                  3.7643119355925919E-001                  0.0000000000000000E+000                  2.5883124578199401E-001                  2.5883124578199401E-001                  1.6539859185732401E-007                  1.6539858629736772E-007                  5.5599562979119826E-015                 -7.7935371824319253E+000                 -9.8999999999999986E+001                 -6.9290479257101349E+000 
                                     721                  2.5522353168484575E+001                  5.3046170372789481E-001                  7.1035760672371842E+000                 -5.9680242137400352E-001                  1.4695040119619293E+001                  6.9999999803209112E-001                  2.8000000176988837E-001                  2.0000000198020507E-002                  3.1319580189447999E-001                  3.7635687993716027E-001                  0.0000000000000000E+000                  2.5894793439974445E-001                  2.5894793439974445E-001                  1.6526396652958954E-007                  1.6526396067215114E-007                  5.8574384073894876E-015                 -7.8020472755601213E+000                 -9.8999999999999986E+001                 -6.9380944899157502E+000 
                                     722                  2.5459617814235155E+001                  5.2916050804061066E-001                  7.1073136357266051E+000                 -5.8625671268694435E-001                  1.4709409905686943E+001                  6.9999999792285172E-001                  2.8000000185038887E-001                  2.0000000226759407E-002                  3.1316506804984023E-001                  3.7622953328373598E-001                  0.0000000000000000E+000                  2.5902475752847465E-001                  2.5902475752847465E-001                  1.6526260690776785E-007                  1.6526260026749644E-007                  6.6402713997490048E-015                 -7.8162271833089694E+000                 -9.8999999999999986E+001                 -6.9526903869292864E+000 
                                     723                  2.5331118537573690E+001                  5.2652364372495086E-001                  7.1110759041324609E+000                 -5.7571978741836716E-001                  1.4723807826501879E+001                  6.9999999768947319E-001                  2.8000000200966779E-001                  2.0000000300859022E-002                  3.1308701913184322E-001                  3.7608415385545568E-001                  0.0000000000000000E+000                  2.6235989685349398E-001                  2.6235989685349398E-001                  1.5538687234007782E-007                  1.5538686484217410E-007                  7.4979037289056321E-015                 -7.8229738320221918E+000                 -9.8999999999999986E+001                 -6.9658555810518967E+000 
                                     724                  2.5265328011765963E+001                  5.2518773386233875E-001                  7.1135775203525045E+000                 -5.6870884667762223E-001                  1.4733385949396741E+001                  6.9999999759363873E-001                  2.8000000207425552E-001                  2.0000000332105694E-002                  3.1303289830475273E-001                  3.7598225499733451E-001                  0.0000000000000000E+000                  2.6119008160958979E-001                  2.6119008160958979E-001                  1.5907752153977889E-007                  1.5907751385485011E-007                  7.6849287924595131E-015                 -7.8336303843341817E+000                 -9.8999999999999986E+001                 -6.9750234980635977E+000 
                                     725                  2.5199537485958231E+001                  5.2386107246149760E-001                  7.1160710387222101E+000                 -5.6169127291307286E-001                  1.4742958386309162E+001                  6.9999999748075392E-001                  2.8000000214785681E-001                  2.0000000371389270E-002                  3.1300261802787643E-001                  3.7587893310382980E-001                  0.0000000000000000E+000                  2.6047423929489311E-001                  2.6047423929489311E-001                  1.6141003705109768E-007                  1.6141002920046921E-007                  7.8506284637925133E-015                 -7.8435833615378581E+000                 -9.8999999999999986E+001                 -6.9841956422214881E+000 
                                     726                  2.5132179457343472E+001                  5.2251216601289863E-001                  7.1185630411335463E+000                 -5.5467745786599865E-001                  1.4752525236987125E+001                  6.9999999734733509E-001                  2.8000000223138716E-001                  2.0000000421277697E-002                  3.1298313719335075E-001                  3.7577206875936370E-001                  0.0000000000000000E+000                  2.6049286519843418E-001                  2.6049286519843418E-001                  1.6152956608063842E-007                  1.6152955749099125E-007                  8.5896471733058951E-015                 -7.8523147019112773E+000                 -9.8999999999999986E+001                 -6.9933604591546086E+000 
                                     727                  2.5064821428728710E+001                  5.2117248649929593E-001                  7.1210535263486250E+000                 -5.4766770469150783E-001                  1.4762086321999972E+001                  6.9999999720612938E-001                  2.8000000231671213E-001                  2.0000000477158553E-002                  3.1295044472915284E-001                  3.7566200960992097E-001                  0.0000000000000000E+000                  2.6046645073844232E-001                  2.6046645073844232E-001                  1.6177635920479937E-007                  1.6177634976388952E-007                  9.4409098531249769E-015                 -7.8611307493428066E+000                 -9.8999999999999986E+001                 -7.0025285446266379E+000 
                                     728                  2.4995869266906919E+001                  5.1981040759321273E-001                  7.1235416919278451E+000                 -5.4066080251321069E-001                  1.4771641756366426E+001                  6.9999999705362581E-001                  2.8000000240533146E-001                  2.0000000541042784E-002                  3.1289038372460248E-001                  3.7554943438310406E-001                  0.0000000000000000E+000                  2.6040251577090689E-001                  2.6040251577090689E-001                  1.6208158584970958E-007                  1.6208157575207934E-007                  1.0097630257256676E-014                 -7.8699835388657000E+000                 -9.8999999999999986E+001                 -7.0116753910609324E+000 
                                     729                  2.4926917105085128E+001                  5.1845750083860376E-001                  7.1260273421004783E+000                 -5.3365731195744537E-001                  1.4781191335486783E+001                  6.9999999689146264E-001                  2.8000000249580859E-001                  2.0000000612728774E-002                  3.1281487396369123E-001                  3.7543472752126555E-001                  0.0000000000000000E+000                  2.6027416328150332E-001                  2.6027416328150332E-001                  1.6252808826631964E-007                  1.6252807790160863E-007                  1.0364711016366010E-014                 -7.8790281513448290E+000                 -9.8999999999999986E+001                 -7.0208967240675308E+000 
                                     730                  2.4856344204892277E+001                  5.1708204406983116E-001                  7.1285094161397922E+000                 -5.2665579420523723E-001                  1.4790735189199296E+001                  6.9999999673396296E-001                  2.8000000258107044E-001                  2.0000000684966546E-002                  3.1275708719428685E-001                  3.7531866183070667E-001                  0.0000000000000000E+000                  2.6008017775112663E-001                  2.6008017775112663E-001                  1.6318282790553160E-007                  1.6318281740853816E-007                  1.0496993444180287E-014                 -7.8881719547034868E+000                 -9.8999999999999986E+001                 -7.0301077109222030E+000 
                                     731                  2.4785771304699427E+001                  5.1571570608897288E-001                  7.1322381109048063E+000                 -5.1620059984612143E-001                  1.4805018446908310E+001                  6.9999999654680456E-001                  2.8000000268130149E-001                  2.0000000771893900E-002                  3.1271561054210473E-001                  3.7513613752303693E-001                  0.0000000000000000E+000                  2.5998408858074196E-001                  2.5998408858074196E-001                  1.6359738025091901E-007                  1.6359736853227303E-007                  1.1718645985290545E-014                 -7.9024350063791955E+000                 -9.8999999999999986E+001                 -7.0445162719533831E+000 
                                     732                  2.4641330910679208E+001                  5.1294652140827346E-001                  7.1360065306908744E+000                 -5.0577369680333795E-001                  1.4819331244262806E+001                  6.9999999615562591E-001                  2.8000000286501653E-001                  2.0000000979357502E-002                  3.1264149703074051E-001                  3.7493786016226710E-001                  0.0000000000000000E+000                  2.6434367701086231E-001                  2.6434367701086231E-001                  1.5026917211399965E-007                  1.5026915808993084E-007                  1.4024068808139575E-014                 -7.9070555716347668E+000                 -9.8999999999999986E+001                 -7.0573506682582812E+000 
                                     733                  2.4567436882852832E+001                  5.1154335512505145E-001                  7.1385267300289437E+000                 -4.9886006249187681E-001                  1.4828851409315043E+001                  6.9999999594584861E-001                  2.8000000295895761E-001                  2.0000001095193731E-002                  3.1254320769193594E-001                  3.7479960676823310E-001                  0.0000000000000000E+000                  2.6473208922420033E-001                  2.6473208922420033E-001                  1.4904393333911911E-007                  1.4904391735218670E-007                  1.5986932395309013E-014                 -7.9149871534421585E+000                 -9.8999999999999986E+001                 -7.0664745877867876E+000 
                                     734                  2.4493542855026455E+001                  5.1014894059837979E-001                  7.1410537121567810E+000                 -4.9196564534601567E-001                  1.4838365448325709E+001                  6.9999999567192528E-001                  2.8000000307250233E-001                  2.0000001255572331E-002                  3.1245340823230028E-001                  3.7465767732981492E-001                  0.0000000000000000E+000                  2.6559117954286204E-001                  2.6559117954286204E-001                  1.4629519867146039E-007                  1.4629518137917583E-007                  1.7292284563402827E-014                 -7.9222357294902430E+000                 -9.8999999999999986E+001                 -7.0757010852450613E+000 
                                     735                  2.4417948494698930E+001                  5.0873120348371115E-001                  7.1435830436502910E+000                 -4.8508296598078821E-001                  1.4847873560782272E+001                  6.9999999539943192E-001                  2.8000000317939538E-001                  2.0000001421172753E-002                  3.1239378184521488E-001                  3.7451425703384389E-001                  0.0000000000000000E+000                  2.6602812948134763E-001                  2.6602812948134763E-001                  1.4491350348090824E-007                  1.4491348509935398E-007                  1.8381554264792356E-014                 -7.9301038525391512E+000                 -9.8999999999999986E+001                 -7.0848881358801155E+000 
                                     736                  2.4342354134371408E+001                  5.0732206601678420E-001                  7.1461152536145107E+000                 -4.7821222524439472E-001                  1.4857375481580506E+001                  6.9999999513557531E-001                  2.8000000327804436E-001                  2.0000001586380378E-002                  3.1234758321038009E-001                  3.7436959273288384E-001                  0.0000000000000000E+000                  2.6648026237066369E-001                  2.6648026237066369E-001                  1.4353708591224219E-007                  1.4353706598705233E-007                  1.9925189853903915E-014                 -7.9378524500961651E+000                 -9.8999999999999986E+001                 -7.0939870965878518E+000 
                                     737                  2.4265032983456432E+001                  5.0588936942335061E-001                  7.1486555151797520E+000                 -4.7136055381118896E-001                  1.4866871429912900E+001                  6.9999999478289687E-001                  2.8000000339808895E-001                  2.0000001819014179E-002                  3.1228442982400684E-001                  3.7422213558921275E-001                  0.0000000000000000E+000                  2.6751993993263501E-001                  2.6751993993263501E-001                  1.4030101119811081E-007                  1.4030098863438097E-007                  2.2563729830997009E-014                 -7.9444956523433792E+000                 -9.8999999999999986E+001                 -7.1029703313455395E+000 
                                     738                  2.4187711832541460E+001                  5.0446511359196100E-001                  7.1511998696523724E+000                 -4.6452193512662115E-001                  1.4876361128274123E+001                  6.9999999443348015E-001                  2.8000000350960680E-001                  2.0000002056913102E-002                  3.1218585356260126E-001                  3.7407383399814326E-001                  0.0000000000000000E+000                  2.6810339600414956E-001                  2.6810339600414956E-001                  1.3840240273489658E-007                  1.3840237710551197E-007                  2.5629384622845842E-014                 -7.9519242917112170E+000                 -9.8999999999999986E+001                 -7.1120162512462555E+000 
                                     739                  2.4108637481069351E+001                  5.0301702485972111E-001                  7.1531130202478543E+000                 -4.5938408548220050E-001                  1.4883493239981799E+001                  6.9999999407129232E-001                  2.8000000361364641E-001                  2.0000002315061272E-002                  3.1210661227854325E-001                  3.7396275996603523E-001                  0.0000000000000000E+000                  2.6878706957530935E-001                  2.6878706957530935E-001                  1.3612059774314121E-007                  1.3612057051935566E-007                  2.7223785532283082E-014                 -7.9566046990541590E+000                 -9.8999999999999986E+001                 -7.1185506921778297E+000 
                                     740                  2.4069100305333301E+001                  5.0229611296409959E-001                  7.1543793890227807E+000                 -4.5599183948472949E-001                  1.4888207108596951E+001                  6.9999999390168355E-001                  2.8000000366235989E-001                  2.0000002435956565E-002                  3.1205841827743463E-001                  3.7388873097797509E-001                  0.0000000000000000E+000                  2.6864989538139966E-001                  2.6864989538139966E-001                  1.3648752146070496E-007                  1.3648749416107842E-007                  2.7299626548766954E-014                 -7.9610675662643775E+000                 -9.8999999999999986E+001                 -7.1231458631723497E+000 
                                     741                  2.4029563129597250E+001                  5.0157724418999483E-001                  7.1556528169443769E+000                 -4.5258258199159174E-001                  1.4892945950255545E+001                  6.9999999370098698E-001                  2.8000000371683276E-001                  2.0000002582180265E-002                  3.1201689325468446E-001                  3.7381415626213443E-001                  0.0000000000000000E+000                  2.6871189242509963E-001                  2.6871189242509963E-001                  1.3624716148289361E-007                  1.3624713285554401E-007                  2.8627349614366455E-014                 -7.9652460781505141E+000                 -9.8999999999999986E+001                 -7.1277749961437360E+000 
                                     742                  2.3989136169727502E+001                  5.0084427868561043E-001                  7.1569336264993764E+000                 -4.4915708590130649E-001                  1.4897709464036327E+001                  6.9999999345379016E-001                  2.8000000377943829E-001                  2.0000002766771496E-002                  3.1198322558483915E-001                  3.7373878015712847E-001                  0.0000000000000000E+000                  2.6888165465678027E-001                  2.6888165465678027E-001                  1.3568840614590278E-007                  1.3568837457390389E-007                  3.1571998892587568E-014                 -7.9692380538469134E+000                 -9.8999999999999986E+001                 -7.1324004895798279E+000 
                                     743                  2.3948709209857753E+001                  5.0011338563896535E-001                  7.1582072540998611E+000                 -4.4575236656749428E-001                  1.4902444998489202E+001                  6.9999999320035122E-001                  2.8000000384071638E-001                  2.0000002958932450E-002                  3.1195587967097316E-001                  3.7366350469360038E-001                  0.0000000000000000E+000                  2.6895365654867243E-001                  2.6895365654867243E-001                  1.3545603597774761E-007                  1.3545600182195134E-007                  3.4155796281625352E-014                 -7.9733284319686089E+000                 -9.8999999999999986E+001                 -7.1369666039680038E+000 
                                     744                  2.3908282249988005E+001                  4.9938453468007044E-001                  7.1594732031518991E+000                 -4.4236701018329461E-001                  1.4907152917317923E+001                  6.9999999295615212E-001                  2.8000000389771229E-001                  2.0000003146135592E-002                  3.1193024407460901E-001                  3.7358847273639145E-001                  0.0000000000000000E+000                  2.6890025059622685E-001                  2.6890025059622685E-001                  1.3562644581093383E-007                  1.3562640952788539E-007                  3.6283048454825749E-014                 -7.9775624953921440E+000                 -9.8999999999999986E+001                 -7.1414720332676094E+000 
                                     745                  2.3867855290118253E+001                  4.9865769788073988E-001                  7.1604243965269276E+000                 -4.3981870656148320E-001                  1.4910694197437714E+001                  6.9999999271545887E-001                  2.8000000394950747E-001                  2.0000003335033600E-002                  3.1190935321902413E-001                  3.7353220141556864E-001                  0.0000000000000000E+000                  2.6886194465867852E-001                  2.6886194465867852E-001                  1.3574390803350482E-007                  1.3574387113983422E-007                  3.6893670610530261E-014                 -7.9804419781574758E+000                 -9.8999999999999986E+001                 -7.1446656650636902E+000 
                                     746                  2.3847190340283948E+001                  4.9828693297859600E-001                  7.1610654197913668E+000                 -4.3810242242305059E-001                  1.4913079728436989E+001                  6.9999999259646295E-001                  2.8000000397572583E-001                  2.0000003427811164E-002                  3.1189303855491624E-001                  3.7349404422558347E-001                  0.0000000000000000E+000                  2.6871365745844017E-001                  2.6871365745844017E-001                  1.3620305811835440E-007                  1.3620302352598911E-007                  3.4592365281456708E-014                 -7.9827638031727064E+000                 -9.8999999999999986E+001                 -7.1469273829483315E+000 
                                     747                  2.3826525390449635E+001                  4.9791668401405159E-001                  7.1617043040519013E+000                 -4.3639068360877259E-001                  1.4915458252404266E+001                  6.9999999248845091E-001                  2.8000000399948172E-001                  2.0000003512067321E-002                  3.1187456878753483E-001                  3.7345597002437936E-001                  0.0000000000000000E+000                  2.6860597204129388E-001                  2.6860597204129388E-001                  1.3652657691816957E-007                  1.3652654495937691E-007                  3.1958792655014604E-014                 -7.9850103340769074E+000                 -9.8999999999999986E+001                 -7.1491776780248308E+000 
                                     748                  2.3805860440615326E+001                  4.9754694771305114E-001                  7.1623411587562673E+000                 -4.3468361725205312E-001                  1.4917829815077591E+001                  6.9999999236525501E-001                  2.8000000402547687E-001                  2.0000003609268124E-002                  3.1185350599592021E-001                  3.7341792706482485E-001                  0.0000000000000000E+000                  2.6853862221878610E-001                  2.6853862221878610E-001                  1.3671465489026300E-007                  1.3671462316489815E-007                  3.1725364854548068E-014                 -7.9871835721131568E+000                 -9.8999999999999986E+001                 -7.1514184651752277E+000 
                                     749                  2.3785195490781021E+001                  4.9717772069659305E-001                  7.1632933186249756E+000                 -4.3213538309233845E-001                  1.4921371974390354E+001                  6.9999999221102072E-001                  2.8000000405853126E-001                  2.0000003730447968E-002                  3.1181709151197268E-001                  3.7336042585366885E-001                  0.0000000000000000E+000                  2.6854185243924128E-001                  2.6854185243924128E-001                  1.3667080101410737E-007                  1.3667076634239681E-007                  3.4671710563855561E-014                 -7.9905569876066700E+000                 -9.8999999999999986E+001                 -7.1549502602019137E+000 
                                     750                  2.3743865591112399E+001                  4.9644077729117314E-001                  7.1645573329316434E+000                 -4.2875285751292613E-001                  1.4926073906318880E+001                  6.9999999189094553E-001                  2.8000000411908976E-001                  2.0000003989964710E-002                  3.1176473376992375E-001                  3.7328342722271435E-001                  0.0000000000000000E+000                  2.6883114863664115E-001                  2.6883114863664115E-001                  1.3567550278781248E-007                  1.3567546280283327E-007                  3.9984979201371681E-014                 -7.9942186668113235E+000                 -9.8999999999999986E+001                 -7.1594318225521816E+000 
                                     751                  2.3702535691443781E+001                  4.9570582447530143E-001                  7.1658289140869655E+000                 -4.2535438785936036E-001                  1.4930800321358387E+001                  6.9999999155232528E-001                  2.8000000417939069E-001                  2.0000004268283966E-002                  3.1171144148682217E-001                  3.7320479558134412E-001                  0.0000000000000000E+000                  2.6902786758979208E-001                  2.6902786758979208E-001                  1.3496798033083850E-007                  1.3496793543322021E-007                  4.4897618296813702E-014                 -7.9981052095181369E+000                 -9.8999999999999986E+001                 -7.1639895868989791E+000 
                                     752                  2.3660289729007722E+001                  4.9495660668071972E-001                  7.1671071152247539E+000                 -4.2193894841318696E-001                  1.4935550935730694E+001                  6.9999999122681555E-001                  2.8000000423506138E-001                  2.0000004538123006E-002                  3.1166206364527010E-001                  3.7312474868228185E-001                  0.0000000000000000E+000                  2.6906266435724902E-001                  2.6906266435724902E-001                  1.3477886312624232E-007                  1.3477881469201036E-007                  4.8434231956474634E-014                 -8.0023036549117439E+000                 -9.8999999999999986E+001                 -7.1686068449518006E+000 
                                     753                  2.3618043766571670E+001                  4.9420940597292412E-001                  7.1680607251920927E+000                 -4.1938773220096193E-001                  1.4939098055072284E+001                  6.9999999090352538E-001                  2.8000000428503313E-001                  2.0000004811441485E-002                  3.1162979315892375E-001                  3.7306458976642831E-001                  0.0000000000000000E+000                  2.6910954164021050E-001                  2.6910954164021050E-001                  1.3456932216801938E-007                  1.3456927264382342E-007                  4.9524195979436481E-014                 -8.0051329694488764E+000                 -9.8999999999999986E+001                 -7.1718966941312239E+000 
                                     754                  2.3596920785353642E+001                  4.9383655394986015E-001                  7.1686941034707061E+000                 -4.1769482205009401E-001                  1.4941452763414041E+001                  6.9999999074396746E-001                  2.8000000431038391E-001                  2.0000004945648575E-002                  3.1161036416331411E-001                  3.7302416054288462E-001                  0.0000000000000000E+000                  2.6898436071501813E-001                  2.6898436071501813E-001                  1.3494322270158056E-007                  1.3494317609578015E-007                  4.6605800407446432E-014                 -8.0074641532697282E+000                 -9.8999999999999986E+001                 -7.1742052816212230E+000 
                                     755                  2.3575797804135611E+001                  4.9346419533165009E-001                  7.1693254874393624E+000                 -4.1600660241725673E-001                  1.4943800699664736E+001                  6.9999999060061080E-001                  2.8000000433314171E-001                  2.0000005066247439E-002                  3.1159269615083907E-001                  3.7298361744244052E-001                  0.0000000000000000E+000                  2.6891079138957380E-001                  2.6891079138957380E-001                  1.3515996736710108E-007                  1.3515992413587501E-007                  4.3231226072687666E-014                 -8.0097077391495404E+000                 -9.8999999999999986E+001                 -7.1765082079262594E+000 
                                     756                  2.3554674822917583E+001                  4.9309232671214409E-001                  7.1699549538002136E+000                 -4.1432314042933288E-001                  1.4946141907245241E+001                  6.9999999044010452E-001                  2.8000000435749467E-001                  2.0000005202400750E-002                  3.1157659795090931E-001                  3.7294292394228684E-001                  0.0000000000000000E+000                  2.6886457241467698E-001                  2.6886457241467698E-001                  1.3529502443923516E-007                  1.3529498068719206E-007                  4.3752043105831617E-014                 -8.0118997825637059E+000                 -9.8999999999999986E+001                 -7.1788026455694478E+000 
                                     757                  2.3533551841699559E+001                  4.9272094463071203E-001                  7.1709100135064103E+000                 -4.1177374143620188E-001                  1.4949690067638604E+001                  6.9999999020539505E-001                  2.8000000439225803E-001                  2.0000005402346921E-002                  3.1155403999383480E-001                  3.7288019568606573E-001                  0.0000000000000000E+000                  2.6889606894558382E-001                  2.6889606894558382E-001                  1.3518789491910078E-007                  1.3518784658137298E-007                  4.8337727791822230E-014                 -8.0153486801841360E+000                 -9.8999999999999986E+001                 -7.1824536131009094E+000 
                                     758                  2.3490376743225820E+001                  4.9196333973091760E-001                  7.1721870822411464E+000                 -4.0836537937819695E-001                  1.4954434173940239E+001                  6.9999998976046185E-001                  2.8000000445025131E-001                  2.0000005789286845E-002                  3.1152665770594634E-001                  3.7279506074569607E-001                  0.0000000000000000E+000                  2.6919306448671082E-001                  2.6919306448671082E-001                  1.3423721660276506E-007                  1.3423716294313026E-007                  5.3659634789846418E-014                 -8.0191102204911999E+000                 -9.8999999999999986E+001                 -7.1870564891150313E+000 
                                     759                  2.3447201644752077E+001                  4.9120771832101801E-001                  7.1734571703183088E+000                 -4.0497725256785405E-001                  1.4959150974409082E+001                  6.9999998934651875E-001                  2.8000000450180351E-001                  2.0000006151677741E-002                  3.1149998672781021E-001                  3.7270879442514626E-001                  0.0000000000000000E+000                  2.6927144046649060E-001                  2.6927144046649060E-001                  1.3397972256564671E-007                  1.3397966693107944E-007                  5.5634567267997907E-014                 -8.0231469255909786E+000                 -9.8999999999999986E+001                 -7.1915828648835065E+000 
                                     760                  2.3404026546278335E+001                  4.9045405034068401E-001                  7.1747203920102063E+000                 -4.0160891135877802E-001                  1.4963840818901520E+001                  6.9999998897428295E-001                  2.8000000454704271E-001                  2.0000006478674281E-002                  3.1147121619092272E-001                  3.7262132025392841E-001                  0.0000000000000000E+000                  2.6935500292204984E-001                  2.6935500292204984E-001                  1.3369796792294989E-007                  1.3369791178401841E-007                  5.6138931461286425E-014                 -8.0270953751419789E+000                 -9.8999999999999986E+001                 -7.1960287016603743E+000 
                                     761                  2.3360851447804592E+001                  4.8970230656041730E-001                  7.1759912980949325E+000                 -3.9822492761387857E-001                  1.4968554655161858E+001                  6.9999998855287182E-001                  2.8000000459400731E-001                  2.0000006853120866E-002                  3.1143765867115969E-001                  3.7253126067938125E-001                  0.0000000000000000E+000                  2.6960276350766305E-001                  2.6960276350766305E-001                  1.3287992267024456E-007                  1.3287986070036703E-007                  6.1969877540721580E-014                 -8.0307755116346922E+000                 -9.8999999999999986E+001                 -7.2004704229684835E+000 
                                     762                  2.3316734196540175E+001                  4.8893611413507604E-001                  7.1772704581003914E+000                 -3.9482654473137485E-001                  1.4973292216585955E+001                  6.9999998803994390E-001                  2.8000000464465558E-001                  2.0000007315400525E-002                  3.1139845004362660E-001                  3.7243822250679265E-001                  0.0000000000000000E+000                  2.7000637057700616E-001                  2.7000637057700616E-001                  1.3154871067768350E-007                  1.3154863689811378E-007                  7.3779569704085354E-014                 -8.0342249136241932E+000                 -9.8999999999999986E+001                 -7.2049447018030977E+000 
                                     763                  2.3272616945275754E+001                  4.8817186468184343E-001                  7.1782259267627690E+000                 -3.9228920688673974E-001                  1.4976829859267363E+001                  6.9999998748805869E-001                  2.8000000469054631E-001                  2.0000007821394994E-002                  3.1136680074526119E-001                  3.7236740135479168E-001                  0.0000000000000000E+000                  2.7035518134915187E-001                  2.7035518134915187E-001                  1.3037823368069908E-007                  1.3037815185800705E-007                  8.1822692037425903E-014                 -8.0364456638392934E+000                 -9.8999999999999986E+001                 -7.2081341863408728E+000 
                                     764                  2.3250558319643545E+001                  4.8779045943430971E-001                  7.1788605585963596E+000                 -3.9060526443611548E-001                  1.4979178378290952E+001                  6.9999998722638412E-001                  2.8000000471306807E-001                  2.0000008060547803E-002                  3.1134495383743421E-001                  3.7231964160314684E-001                  0.0000000000000000E+000                  2.7022700724120169E-001                  2.7022700724120169E-001                  1.3075169984255156E-007                  1.3075161955828577E-007                  8.0284265787086734E-014                 -8.0387090000294457E+000                 -9.8999999999999986E+001                 -7.2103821442635221E+000 
                                     765                  2.3228499694011337E+001                  4.8740952851388908E-001                  7.1794932012136785E+000                 -3.8892579570886859E-001                  1.4981520235412676E+001                  6.9999998695508214E-001                  2.8000000473502540E-001                  2.0000008309892459E-002                  3.1132290985663763E-001                  3.7227159370600771E-001                  0.0000000000000000E+000                  2.7014630078478719E-001                  2.7014630078478719E-001                  1.3097374131512400E-007                  1.3097366617269432E-007                  7.5142429681606916E-014                 -8.0409017267054139E+000                 -9.8999999999999986E+001                 -7.2126343396997505E+000 
                                     766                  2.3206441068379128E+001                  4.8702906865383339E-001                  7.1801237562101949E+000                 -3.8725061472536831E-001                  1.4983855472999720E+001                  6.9999998668021801E-001                  2.8000000475657555E-001                  2.0000008563206384E-002                  3.1130088321685001E-001                  3.7222329201694970E-001                  0.0000000000000000E+000                  2.7001809516726111E-001                  2.7001809516726111E-001                  1.3134721205083830E-007                  1.3134714160300434E-007                  7.0447833953163111E-014                 -8.0431759620444208E+000                 -9.8999999999999986E+001                 -7.2148901213708809E+000 
                                     767                  2.3184382442746916E+001                  4.8664907675243346E-001                  7.1810798948101668E+000                 -3.8471353800468361E-001                  1.4987393939217316E+001                  6.9999998637143579E-001                  2.8000000478230375E-001                  2.0000008846260409E-002                  3.1126720715348138E-001                  3.7214880901139408E-001                  0.0000000000000000E+000                  2.6993860575981021E-001                  2.6993860575981021E-001                  1.3156642590327303E-007                  1.3156635837265916E-007                  6.7530613873319232E-014                 -8.0467622794141498E+000                 -9.8999999999999986E+001                 -7.2185047464079073E+000 
                                     768                  2.3139310086450447E+001                  4.8587407770416796E-001                  7.1823575026344981E+000                 -3.8132046490426230E-001                  1.4992124923563352E+001                  6.9999998585678747E-001                  2.8000000481991066E-001                  2.0000009323301926E-002                  3.1122325463765155E-001                  3.7204756585256005E-001                  0.0000000000000000E+000                  2.7005363868183502E-001                  2.7005363868183502E-001                  1.3113392423271241E-007                  1.3113385324533887E-007                  7.0987373542672773E-014                 -8.0508107777032425E+000                 -9.8999999999999986E+001                 -7.2231170432239633E+000 
                                     769                  2.3094237730153985E+001                  4.8510098738907836E-001                  7.1836291487092714E+000                 -3.7794915832153247E-001                  1.4996829056261118E+001                  6.9999998528512797E-001                  2.8000000485695875E-001                  2.0000009857913281E-002                  3.1118071771645828E-001                  3.7194401989180215E-001                  0.0000000000000000E+000                  2.7032774814854421E-001                  2.7032774814854421E-001                  1.3019812897455148E-007                  1.3019804576933643E-007                  8.3205215061362527E-014                 -8.0545853124320157E+000                 -9.8999999999999986E+001                 -7.2277118153827500E+000 
                                     770                  2.3049165373857520E+001                  4.8432977253396181E-001                  7.1848956714620558E+000                 -3.7460057794995077E-001                  1.5001506678459018E+001                  6.9999998460029533E-001                  2.8000000489410298E-001                  2.0000010505601740E-002                  3.1114004659501909E-001                  3.7183778326447026E-001                  0.0000000000000000E+000                  2.7076451352338049E-001                  2.7076451352338049E-001                  1.2874682739131179E-007                  1.2874672648961582E-007                  1.0090169596830938E-013                 -8.0580581468613328E+000                 -9.8999999999999986E+001                 -7.2322696965433710E+000 
                                     771                  2.3004093017561054E+001                  4.8356039820374774E-001                  7.1858487439925280E+000                 -3.7208301895463747E-001                  1.5005024831356227E+001                  6.9999998383987583E-001                  2.8000000492506305E-001                  2.0000011235061121E-002                  3.1111119328497594E-001                  3.7175602367813454E-001                  0.0000000000000000E+000                  2.7116176571820255E-001                  2.7116176571820255E-001                  1.2742393162606352E-007                  1.2742381938163556E-007                  1.1224442797179831E-013                 -8.0602420847950125E+000                 -9.8999999999999986E+001                 -7.2355112222761973E+000 
                                     772                  2.2981072855935945E+001                  4.8316814992081819E-001                  7.1864907533256881E+000                 -3.7038836047967205E-001                  1.5007393721850514E+001                  6.9999998348020720E-001                  2.8000000494079802E-001                  2.0000011578994781E-002                  3.1109248241773180E-001                  3.7170003632674836E-001                  0.0000000000000000E+000                  2.7101751202281543E-001                  2.7101751202281543E-001                  1.2785674574414426E-007                  1.2785663577320000E-007                  1.0997094425347707E-013                 -8.0625566852053527E+000                 -9.8999999999999986E+001                 -7.2377944286810836E+000 
                                     773                  2.2958052694310844E+001                  4.8277636976408750E-001                  7.1871307728684757E+000                 -3.6869824047746558E-001                  1.5009755892815345E+001                  6.9999998310772926E-001                  2.8000000495535832E-001                  2.0000011936912365E-002                  3.1107439907955331E-001                  3.7164360791327838E-001                  0.0000000000000000E+000                  2.7094609760975297E-001                  2.7094609760975297E-001                  1.2805830045174279E-007                  1.2805819783177568E-007                  1.0261996711422440E-013                 -8.0647372972101632E+000                 -9.8999999999999986E+001                 -7.2400588575101024E+000 
                                     774                  2.2935032532685739E+001                  4.8238505434637641E-001                  7.1877686510636032E+000                 -3.6701233071408784E-001                  1.5012111387188570E+001                  6.9999998273039110E-001                  2.8000000496947530E-001                  2.0000012300133596E-002                  3.1105679164460232E-001                  3.7158680167205349E-001                  0.0000000000000000E+000                  2.7080499592677726E-001                  2.7080499592677726E-001                  1.2848250096094656E-007                  1.2848240451210228E-007                  9.6448844278205949E-014                 -8.0670115942107792E+000                 -9.8999999999999986E+001                 -7.2423036692290221E+000 
                                     775                  2.2912012371060634E+001                  4.8199420057789161E-001                  7.1887221830309498E+000                 -3.6449503202949213E-001                  1.5015629930857139E+001                  6.9999998230426708E-001                  2.8000000498679423E-001                  2.0000012708938697E-002                  3.1102994442363502E-001                  3.7150036878581139E-001                  0.0000000000000000E+000                  2.7073639831982488E-001                  2.7073639831982488E-001                  1.2867441609137975E-007                  1.2867432310386780E-007                  9.2987511942133124E-014                 -8.0704659688885894E+000                 -9.8999999999999986E+001                 -7.2458092837143226E+000 
                                     776                  2.2865972047810427E+001                  4.8121386142810191E-001                  7.1899875011826264E+000                 -3.6115154542100580E-001                  1.5020301400801925E+001                  6.9999998159912902E-001                  2.8000000500963490E-001                  2.0000013391236138E-002                  3.1099316202409072E-001                  3.7138345597235112E-001                  0.0000000000000000E+000                  2.7086323394326983E-001                  2.7086323394326983E-001                  1.2821031047671326E-007                  1.2821021286390509E-007                  9.7612808169186240E-014                 -8.0742776798310700E+000                 -9.8999999999999986E+001                 -7.2502131692699701E+000 
                                     777                  2.2819931724560213E+001                  4.8043532628147967E-001                  7.1912604502292501E+000                 -3.5779327817049722E-001                  1.5024996127308478E+001                  6.9999998082524673E-001                  2.8000000502991002E-001                  2.0000014144843314E-002                  3.1095264573333198E-001                  3.7126249931019717E-001                  0.0000000000000000E+000                  2.7113564158802334E-001                  2.7113564158802334E-001                  1.2727196941056272E-007                  1.2727185820749503E-007                  1.1120306767712279E-013                 -8.0778837231878970E+000                 -9.8999999999999986E+001                 -7.2546439351892991E+000 
                                     778                  2.2772910685847318E+001                  4.7964203710833669E-001                  7.1925418047866554E+000                 -3.5442186052750446E-001                  1.5029713869571800E+001                  6.9999997989196228E-001                  2.8000000504636519E-001                  2.0000015061672594E-002                  3.1090653601500401E-001                  3.7113698383369481E-001                  0.0000000000000000E+000                  2.7160581414516277E-001                  2.7160581414516277E-001                  1.2568555223943482E-007                  1.2568542402742691E-007                  1.2821200792181112E-013                 -8.0811940322147677E+000                 -9.8999999999999986E+001                 -7.2591091778328245E+000 
                                     779                  2.2725889647134423E+001                  4.7885056200487225E-001                  7.1938181318918240E+000                 -3.5107276200229248E-001                  1.5034405220699524E+001                  6.9999997877925813E-001                  2.8000000505668982E-001                  2.0000016164052115E-002                  3.1085422716721106E-001                  3.7100810312562826E-001                  0.0000000000000000E+000                  2.7206204839570425E-001                  2.7206204839570425E-001                  1.2412518619049842E-007                  1.2412504307069200E-007                  1.4311980642012500E-013                 -8.0845340399548196E+000                 -9.8999999999999986E+001                 -7.2635869652105551E+000 
                                     780                  2.2678868608421524E+001                  4.7806086604015058E-001                  7.1950879128569216E+000                 -3.4774334546235897E-001                  1.5039070513607712E+001                  6.9999997777338141E-001                  2.8000000506309974E-001                  2.0000017163518846E-002                  3.1079686645791965E-001                  3.7087646470141927E-001                  0.0000000000000000E+000                  2.7217846683805724E-001                  2.7217846683805724E-001                  1.2363413147735294E-007                  1.2363397671917954E-007                  1.5475817339314526E-013                 -8.0884335858641414E+000                 -9.8999999999999986E+001                 -7.2680846149018725E+000 
                                     781                  2.2631847569708636E+001                  4.7727291910791153E-001                  7.1960424041032214E+000                 -3.4523872909987197E-001                  1.5042579259758661E+001                  6.9999997676532388E-001                  2.8000000506091260E-001                  2.0000018173763512E-002                  3.1075288372304671E-001                  3.7077548050535680E-001                  0.0000000000000000E+000                  2.7229247719272281E-001                  2.7229247719272281E-001                  1.2314264222472663E-007                  1.2314248317294042E-007                  1.5905178621617016E-013                 -8.0910424014824152E+000                 -9.8999999999999986E+001                 -7.2713261974774213E+000 
                                     782                  2.2607840385683730E+001                  4.7687128913337778E-001                  7.1966851977682245E+000                 -3.4355311425493562E-001                  1.5044941385526304E+001                  6.9999997623059174E-001                  2.8000000506055289E-001                  2.0000018708855372E-002                  3.1072332772121297E-001                  3.7070631114802277E-001                  0.0000000000000000E+000                  2.7212570181113799E-001                  2.7212570181113799E-001                  1.2361236539510586E-007                  1.2361221558272055E-007                  1.4981238530314899E-013                 -8.0933996473386163E+000                 -9.8999999999999986E+001                 -7.2736269636729212E+000 
                                     783                  2.2583833201658827E+001                  4.7647010409738005E-001                  7.1973260562975581E+000                 -3.4187211991783450E-001                  1.5047296909424304E+001                  6.9999997577751394E-001                  2.8000000506036077E-001                  2.0000019162125238E-002                  3.1069439420158745E-001                  3.7063650633156209E-001                  0.0000000000000000E+000                  2.7206685724067964E-001                  2.7206685724067964E-001                  1.2373877252617016E-007                  1.2373863723831595E-007                  1.3528785421613195E-013                 -8.0955826227427856E+000                 -9.8999999999999986E+001                 -7.2759241226740201E+000 
                                     784                  2.2559826017633927E+001                  4.7606936047026693E-001                  7.1979649639546315E+000                 -3.4019567165486081E-001                  1.5049645873294031E+001                  6.9999997530484759E-001                  2.8000000505942640E-001                  2.0000019635725952E-002                  3.1066637252364843E-001                  3.7056607188404023E-001                  0.0000000000000000E+000                  2.7199613737081346E-001                  2.7199613737081346E-001                  1.2390607964201404E-007                  1.2390594945197527E-007                  1.3019003877832137E-013                 -8.0977793933223996E+000                 -9.8999999999999986E+001                 -7.2782149077728224E+000 
                                     785                  2.2535818833609024E+001                  4.7566905479190646E-001                  7.1989205386566022E+000                 -3.3769349639958035E-001                  1.5053154820288194E+001                  6.9999997465954489E-001                  2.8000000505789879E-001                  2.0000020282556319E-002                  3.1062595472754928E-001                  3.7045865067467293E-001                  0.0000000000000000E+000                  2.7205962764890856E-001                  2.7205962764890856E-001                  1.2364698416163466E-007                  1.2364684148832987E-007                  1.4267330478101793E-013                 -8.1010982179959985E+000                 -9.8999999999999986E+001                 -7.2817991045195605E+000 
                                     786                  2.2487804465559226E+001                  4.7486973863709631E-001                  7.2001903450178730E+000                 -3.3437321144407700E-001                  1.5057813915656913E+001                  6.9999997339458186E-001                  2.8000000504231232E-001                  2.0000021563105763E-002                  3.1057641315268320E-001                  3.7031236741592599E-001                  0.0000000000000000E+000                  2.7254596322903979E-001                  2.7254596322903979E-001                  1.2198619799688739E-007                  1.2198602802251452E-007                  1.6997437287985095E-013                 -8.1044159706602343E+000                 -9.8999999999999986E+001                 -7.2863074806175394E+000 
                                     787                  2.2439790097509420E+001                  4.7407212291541850E-001                  7.2014687094812162E+000                 -3.3104080581063927E-001                  1.5062495775114771E+001                  6.9999997184063834E-001                  2.8000000501240002E-001                  2.0000023146961698E-002                  3.1053179961499805E-001                  3.7016061509304932E-001                  0.0000000000000000E+000                  2.7303767027256493E-001                  2.7303767027256493E-001                  1.2031848854854804E-007                  1.2031829167590575E-007                  1.9687264229639184E-013                 -8.1076994358982635E+000                 -9.8999999999999986E+001                 -7.2907931877449315E+000 
                                     788                  2.2390769940083320E+001                  4.7325951678112810E-001                  7.2027537432203035E+000                 -3.2769315795607462E-001                  1.5067200175700158E+001                  6.9999997043819062E-001                  2.8000000498245831E-001                  2.0000024579351017E-002                  3.1049178229063207E-001                  3.7000426469072040E-001                  0.0000000000000000E+000                  2.7315815128711252E-001                  2.7315815128711252E-001                  1.1984990107475083E-007                  1.1984968573286386E-007                  2.1534188696616341E-013                 -8.1115247321864743E+000                 -9.8999999999999986E+001                 -7.2952441279238478E+000 
                                     789                  2.2341749782657224E+001                  4.7244861601386745E-001                  7.2037129969689424E+000                 -3.2519192178261341E-001                  1.5070713751026338E+001                  6.9999996902986095E-001                  2.8000000494269772E-001                  2.0000026027441331E-002                  3.1046385263344406E-001                  3.6988541648285123E-001                  0.0000000000000000E+000                  2.7328247406481920E-001                  2.7328247406481920E-001                  1.1937630573431519E-007                  1.1937608373098579E-007                  2.2200332941162546E-013                 -8.1139823230930581E+000                 -9.8999999999999986E+001                 -7.2983803198816481E+000 
                                     790                  2.2317239703944171E+001                  4.7204379738938207E-001                  7.2043500946920389E+000                 -3.2353149967179978E-001                  1.5073046553954455E+001                  6.9999996828633848E-001                  2.8000000492250254E-001                  2.0000026791158976E-002                  3.1044534695949194E-001                  3.6980535707907991E-001                  0.0000000000000000E+000                  2.7310457004335770E-001                  2.7310457004335770E-001                  1.1991125215624368E-007                  1.1991104252121959E-007                  2.0963502408827580E-013                 -8.1162374101868622E+000                 -9.8999999999999986E+001                 -7.3005688203126784E+000 
                                     791                  2.2292729625231122E+001                  4.7163939483062139E-001                  7.2049852997988753E+000                 -3.2187528558685069E-001                  1.5075372977700958E+001                  6.9999996765962325E-001                  2.8000000490559507E-001                  2.0000027434781686E-002                  3.1042670672946521E-001                  3.6972476168949925E-001                  0.0000000000000000E+000                  2.7303990233729691E-001                  2.7303990233729691E-001                  1.2008234728520565E-007                  1.2008215847794651E-007                  1.8880725912867533E-013                 -8.1183071418456567E+000                 -9.8999999999999986E+001                 -7.3027503774538172E+000 
                                     792                  2.2268219546518072E+001                  4.7123540515222651E-001                  7.2056185845563840E+000                 -3.2022319104228808E-001                  1.5077693062055058E+001                  6.9999996701582390E-001                  2.8000000488766652E-001                  2.0000028096509581E-002                  3.1040775512405105E-001                  3.6964366769463269E-001                  0.0000000000000000E+000                  2.7295824407726432E-001                  2.7295824407726432E-001                  1.2030709008722491E-007                  1.2030690975231252E-007                  1.8033491239257540E-013                 -8.1204005812596662E+000                 -9.8999999999999986E+001                 -7.3049273407413740E+000 
                                     793                  2.2243709467805026E+001                  4.7083182525119543E-001                  7.2065788955254382E+000                 -3.1772283465438173E-001                  1.5081206926400350E+001                  6.9999996612579174E-001                  2.8000000486263549E-001                  2.0000029011572718E-002                  3.1037733103146825E-001                  3.6951881577088841E-001                  0.0000000000000000E+000                  2.7301813259661545E-001                  2.7301813259661545E-001                  1.2007521923513457E-007                  1.2007502221435963E-007                  1.9702077493375603E-013                 -8.1236178438399200E+000                 -9.8999999999999986E+001                 -7.3084020819635951E+000 
                                     794                  2.2193671284843074E+001                  4.7000915664049114E-001                  7.2078638815767828E+000                 -3.1438182981614871E-001                  1.5085904622235351E+001                  6.9999996437737733E-001                  2.8000000479987125E-001                  2.0000030822751480E-002                  3.1033316112688292E-001                  3.6934862589042561E-001                  0.0000000000000000E+000                  2.7353785516494078E-001                  2.7353785516494078E-001                  1.1831625981610384E-007                  1.1831602360074182E-007                  2.3621536202348331E-013                 -8.1267941173693590E+000                 -9.8999999999999986E+001                 -7.3128413559231227E+000 
                                     795                  2.2143633101881129E+001                  4.6918814475331866E-001                  7.2091444274446417E+000                 -3.1106335175245337E-001                  1.5090576633043399E+001                  6.9999996217815008E-001                  2.8000000470812736E-001                  2.0000033113722560E-002                  3.1028414459373094E-001                  3.6917514848246274E-001                  0.0000000000000000E+000                  2.7409125155731590E-001                  2.7409125155731590E-001                  1.1643593044170806E-007                  1.1643565472439731E-007                  2.7571731075876686E-013                 -8.1299226822652138E+000                 -9.8999999999999986E+001                 -7.3172919439173425E+000 
                                     796                  2.2093594918919180E+001                  4.6836875302621928E-001                  7.2104185708149799E+000                 -3.0776399169308932E-001                  1.5095223279283495E+001                  6.9999996023435429E-001                  2.8000000462411873E-001                  2.0000035141527039E-002                  3.1023124731328799E-001                  3.6899944830353348E-001                  0.0000000000000000E+000                  2.7420951485303724E-001                  2.7420951485303724E-001                  1.1594203964881027E-007                  1.1594173735632016E-007                  3.0229249011512397E-013                 -8.1337522421263291E+000                 -9.8999999999999986E+001                 -7.3217575930551337E+000 
                                     797                  2.2043556735957235E+001                  4.6755095132970714E-001                  7.2113762954120846E+000                 -3.0528212699616630E-001                  1.5098717798604850E+001                  6.9999995827910488E-001                  2.8000000452934570E-001                  2.0000037191549414E-002                  3.1018958616952269E-001                  3.6886568783653217E-001                  0.0000000000000000E+000                  2.7432557116666939E-001                  2.7432557116666939E-001                  1.1544711054889666E-007                  1.1544679898223444E-007                  3.1156666222620644E-013                 -8.1362921080360877E+000                 -9.8999999999999986E+001                 -7.3249812416014937E+000 
                                     798                  2.2018022633466312E+001                  4.6713423798436010E-001                  7.2120210009642145E+000                 -3.0361216554440723E-001                  1.5101069685424630E+001                  6.9999995721651975E-001                  2.8000000447861911E-001                  2.0000038304861079E-002                  3.1016084606915301E-001                  3.6877472974955883E-001                  0.0000000000000000E+000                  2.7412331405898083E-001                  2.7412331405898083E-001                  1.1603409620946145E-007                  1.1603380233558989E-007                  2.9387387155929186E-013                 -8.1386705449763479E+000                 -9.8999999999999986E+001                 -7.3272672184691316E+000 
                                     799                  2.1992488530975386E+001                  4.6671792785004884E-001                  7.2126637647880738E+000                 -3.0194660979678228E-001                  1.5103415150906859E+001                  6.9999995633653234E-001                  2.8000000443683110E-001                  2.0000039226636623E-002                  3.1013209635786848E-001                  3.6868342101098767E-001                  0.0000000000000000E+000                  2.7404592976561432E-001                  2.7404592976561432E-001                  1.1621913971998375E-007                  1.1621887074327784E-007                  2.6897670591048618E-013                 -8.1408511663618253E+000                 -9.8999999999999986E+001                 -7.3295512709923321E+000 
                                     800                  2.1966954428484463E+001                  4.6630201747089539E-001                  7.2133045496430626E+000                 -3.0028535067495871E-001                  1.5105754235294677E+001                  6.9999995544754534E-001                  2.8000000439428835E-001                  2.0000040158166366E-002                  3.1010394751276327E-001                  3.6859180307463457E-001                  0.0000000000000000E+000                  2.7394748607070118E-001                  2.7394748607070118E-001                  1.1647267780556758E-007                  1.1647240904330256E-007                  2.6876226502159028E-013                 -8.1430559072821911E+000                 -9.8999999999999986E+001                 -7.3318246077717433E+000 
                                     801                  2.1941420325993537E+001                  4.6588650349482646E-001                  7.2142629904544640E+000                 -2.9780568193153611E-001                  1.5109248668054319E+001                  6.9999995371243551E-001                  2.8000000430323285E-001                  2.0000041984331585E-002                  3.1006351168251317E-001                  3.6845319896529882E-001                  0.0000000000000000E+000                  2.7401084570459078E-001                  2.7401084570459078E-001                  1.1620668528716733E-007                  1.1620639904604236E-007                  2.8624112496138655E-013                 -8.1463253410676906E+000                 -9.8999999999999986E+001                 -7.3353635984637870E+000 
                                     802                  2.1890352121011684E+001                  4.6505664589645335E-001                  7.2155350747872564E+000                 -2.9451199352971980E-001                  1.5113889058878295E+001                  6.9999995180471875E-001                  2.8000000420395632E-001                  2.0000043991324934E-002                  3.1001557587396694E-001                  3.6826731125126982E-001                  0.0000000000000000E+000                  2.7413542824935966E-001                  2.7413542824935966E-001                  1.1569017225057839E-007                  1.1568985978097350E-007                  3.1246960489057678E-013                 -8.1501197919435668E+000                 -9.8999999999999986E+001                 -7.3398028145396959E+000 
                                     803                  2.1839283916029835E+001                  4.6422832779502138E-001                  7.2168157010386471E+000                 -2.9120691190187248E-001                  1.5118551455242933E+001                  6.9999994927127829E-001                  2.8000000406003872E-001                  2.0000046668682936E-002                  3.0997207459168469E-001                  3.6807704134629943E-001                  0.0000000000000000E+000                  2.7466289464663229E-001                  2.7466289464663229E-001                  1.1388666356366843E-007                  1.1388630559438783E-007                  3.5796928059292251E-013                 -8.1532564592666823E+000                 -9.8999999999999986E+001                 -7.3442222057834581E+000 
                                     804                  2.1787173976197558E+001                  4.6338466285467839E-001                  7.2181050694099262E+000                 -2.8789078400601242E-001                  1.5123235660214347E+001                  6.9999994597492021E-001                  2.8000000385823420E-001                  2.0000050166845584E-002                  3.0993118741549519E-001                  3.6788237000936991E-001                  0.0000000000000000E+000                  2.7526120904763529E-001                  2.7526120904763529E-001                  1.1185955824310928E-007                  1.1185915218334628E-007                  4.0605976299363427E-013                 -8.1562423643593345E+000                 -9.8999999999999986E+001                 -7.3486205858662768E+000 
                                     805                  2.1735064036365273E+001                  4.6254252618499736E-001                  7.2193880253813845E+000                 -2.8459308791734106E-001                  1.5127894662025051E+001                  6.9999994309617564E-001                  2.8000000367925787E-001                  2.0000053224566550E-002                  3.0989168388949306E-001                  3.6768640395066937E-001                  0.0000000000000000E+000                  2.7537386645951667E-001                  2.7537386645951667E-001                  1.1140126676889537E-007                  1.1140083842765083E-007                  4.2834124453475240E-013                 -8.1599515146576245E+000                 -9.8999999999999986E+001                 -7.3529797139100745E+000 
                                     806                  2.1682954096532992E+001                  4.6170188812917345E-001                  7.2203458592834195E+000                 -2.8212869720075950E-001                  1.5131374872705070E+001                  6.9999994050959879E-001                  2.8000000351092863E-001                  2.0000055979472631E-002                  3.0986158499463906E-001                  3.6753896714376211E-001                  0.0000000000000000E+000                  2.7549064294188824E-001                  2.7549064294188824E-001                  1.1092820760070026E-007                  1.1092778425420395E-007                  4.2334649631345686E-013                 -8.1623373573934543E+000                 -9.8999999999999986E+001                 -7.3560800260830561E+000 
                                     807                  2.1656899126616853E+001                  4.6128212361444509E-001                  7.2209822349596955E+000                 -2.8049287048815236E-001                  1.5133685746698621E+001                  6.9999993927561988E-001                  2.8000000343275866E-001                  2.0000057291621465E-002                  3.0984042545957663E-001                  3.6744030819718382E-001                  0.0000000000000000E+000                  2.7538371441033133E-001                  2.7538371441033133E-001                  1.1122238723014714E-007                  1.1122197802173724E-007                  4.0920840990728595E-013                 -8.1644418871888362E+000                 -9.8999999999999986E+001                 -7.3582511663904731E+000 
                                     808                  2.1630844156700714E+001                  4.6086272340515244E-001                  7.2219469086676202E+000                 -2.7801790496194717E-001                  1.5137184627567883E+001                  6.9999993689913598E-001                  2.8000000327437746E-001                  2.0000059826486560E-002                  3.0980561989426181E-001                  3.6728953583635632E-001                  0.0000000000000000E+000                  2.7543522468650755E-001                  2.7543522468650755E-001                  1.1100116736900806E-007                  1.1100075916517035E-007                  4.0820383770884297E-013                 -8.1676537135301395E+000                 -9.8999999999999986E+001                 -7.3617174558522533E+000 
                                     809                  2.1577681065905914E+001                  4.6000808204446386E-001                  7.2232359470826832E+000                 -2.7470836761138961E-001                  1.5141862043180067E+001                  6.9999993413558914E-001                  2.8000000309021433E-001                  2.0000062774196525E-002                  3.0975389649990603E-001                  3.6708669084450252E-001                  0.0000000000000000E+000                  2.7559020532949791E-001                  2.7559020532949791E-001                  1.1037567907119695E-007                  1.1037524033735069E-007                  4.3873384626739281E-013                 -8.1713829091391332E+000                 -9.8999999999999986E+001                 -7.3661692234178409E+000 
                                     810                  2.1524517975111110E+001                  4.5915491103422190E-001                  7.2245206352883642E+000                 -2.7142095118034482E-001                  1.5146514500478638E+001                  6.9999993059141707E-001                  2.8000000284217269E-001                  2.0000066566410180E-002                  3.0969597912877339E-001                  3.6688206708771048E-001                  0.0000000000000000E+000                  2.7613355104028053E-001                  2.7613355104028053E-001                  1.0847950146019728E-007                  1.0847898787393083E-007                  5.1358626645656491E-013                 -8.1745194736648727E+000                 -9.8999999999999986E+001                 -7.3706426389740924E+000 
                                     811                  2.1471354884316309E+001                  4.5830317300309881E-001                  7.2258013520133879E+000                 -2.6815614220157491E-001                  1.5151142307633414E+001                  6.9999992599856997E-001                  2.8000000250564927E-001                  2.0000071495780758E-002                  3.0963366810747728E-001                  3.6667563444466900E-001                  0.0000000000000000E+000                  2.7674617214269781E-001                  2.7674617214269781E-001                  1.0634428876122858E-007                  1.0634368549340427E-007                  6.0326782430601593E-013                 -8.1775503733290620E+000                 -9.8999999999999986E+001                 -7.3751255759649457E+000 
                                     812                  2.1418191793521512E+001                  4.5745282958461375E-001                  7.2267639582520591E+000                 -2.6570051974931497E-001                  1.5154622445867568E+001                  6.9999992215453777E-001                  2.8000000221673077E-001                  2.0000075628731517E-002                  3.0958572999978595E-001                  3.6651966783857987E-001                  0.0000000000000000E+000                  2.7686142207793812E-001                  2.7686142207793812E-001                  1.0580620772682315E-007                  1.0580557248498622E-007                  6.3524183693594136E-013                 -8.1800332524069486E+000                 -9.8999999999999986E+001                 -7.3783439617173183E+000 
                                     813                  2.1391078128636746E+001                  4.5701967547129230E-001                  7.2274117373655971E+000                 -2.6404868307713414E-001                  1.5156963962234780E+001                  6.9999992005820355E-001                  2.8000000205993714E-001                  2.0000077881859313E-002                  3.0955347652030568E-001                  3.6641423698817610E-001                  0.0000000000000000E+000                  2.7665002546427253E-001                  2.7665002546427253E-001                  1.0640312547407199E-007                  1.0640253633547837E-007                  5.8913859361919898E-013                 -8.1823772729808812E+000                 -9.8999999999999986E+001                 -7.3806071215700202E+000 
                                     814                  2.1363964463751987E+001                  4.5658687319017160E-001                  7.2280575261631386E+000                 -2.6240092333997522E-001                  1.5159299243439456E+001                  6.9999991828866215E-001                  2.8000000192789032E-001                  2.0000079783447533E-002                  3.0952185099142604E-001                  3.6630887818892705E-001                  0.0000000000000000E+000                  2.7653639025902982E-001                  2.7653639025902982E-001                  1.0668455236988544E-007                  1.0668401982192786E-007                  5.3254795758167457E-013                 -8.1845578320604506E+000                 -9.8999999999999986E+001                 -7.3828580228513436E+000 
                                     815                  2.1336850798867221E+001                  4.5615441944192942E-001                  7.2287013638986126E+000                 -2.6075724154810004E-001                  1.5161628328191608E+001                  6.9999991654598659E-001                  2.8000000179760270E-001                  2.0000081656410762E-002                  3.0949112935656709E-001                  3.6620359491891397E-001                  0.0000000000000000E+000                  2.7643440629314808E-001                  2.7643440629314808E-001                  1.0692988986998440E-007                  1.0692936320491356E-007                  5.2666507084190160E-013                 -8.1867083624424417E+000                 -9.8999999999999986E+001                 -7.3850954623931244E+000 
                                     816                  2.1309737133982459E+001                  4.5572231092389387E-001                  7.2296644006762980E+000                 -2.5830352090343217E-001                  1.5165108075440921E+001                  6.9999991327371269E-001                  2.8000000154554183E-001                  2.0000085180745475E-002                  3.0944662693896879E-001                  3.6604521981284321E-001                  0.0000000000000000E+000                  2.7648877954115492E-001                  2.7648877954115492E-001                  1.0667184350014416E-007                  1.0667128396770916E-007                  5.5953243500393195E-013                 -8.1899217919161522E+000                 -9.8999999999999986E+001                 -7.3885776799387743E+000 
                                     817                  2.1255509804212931E+001                  4.5485911062190459E-001                  7.2309430912942085E+000                 -2.5504430893557761E-001                  1.5169729556418593E+001                  6.9999990936582490E-001                  2.8000000124370350E-001                  2.0000089390471598E-002                  3.0939201755864071E-001                  3.6583409092331026E-001                  0.0000000000000000E+000                  2.7668657876800712E-001                  2.7668657876800712E-001                  1.0587530990988201E-007                  1.0587469426590113E-007                  6.1564398087805576E-013                 -8.1935048270922124E+000                 -9.8999999999999986E+001                 -7.3929640409340687E+000 
                                     818                  2.1201282474443406E+001                  4.5399724417476633E-001                  7.2322303568432256E+000                 -2.5177462763603647E-001                  1.5174372255713573E+001                  6.9999990442825388E-001                  2.8000000085122356E-001                  2.0000094720522554E-002                  3.0934162371326046E-001                  3.6561975537924485E-001                  0.0000000000000000E+000                  2.7725854676944728E-001                  2.7725854676944728E-001                  1.0387916111807102E-007                  1.0387844049654259E-007                  7.2062152843178110E-013                 -8.1964930619935661E+000                 -9.8999999999999986E+001                 -7.3973432050542023E+000 
                                     819                  2.1145980169885132E+001                  4.5311962823549612E-001                  7.2335265387373129E+000                 -2.4849507077348668E-001                  1.5179036003465987E+001                  6.9999989793308848E-001                  2.8000000031967842E-001                  2.0000101747233101E-002                  3.0929497326016242E-001                  3.6540215316052427E-001                  0.0000000000000000E+000                  2.7792956586011286E-001                  2.7792956586011286E-001                  1.0157021210441930E-007                  1.0156937965695273E-007                  8.3244746656776245E-013                 -8.1992954722231879E+000                 -9.8999999999999986E+001                 -7.4017107803496920E+000 
                                     820                  2.1090677865326857E+001                  4.5224332214433127E-001                  7.2344944577454235E+000                 -2.4604415687753170E-001                  1.5182520108620025E+001                  6.9999989250496708E-001                  2.7999999986817781E-001                  2.0000107626855113E-002                  3.0926230912881569E-001                  3.6523930130737231E-001                  0.0000000000000000E+000                  2.7807946392319854E-001                  2.7807946392319854E-001                  1.0095630763194675E-007                  1.0095545919819809E-007                  8.4843374866833372E-013                 -8.2015794401733313E+000                 -9.8999999999999986E+001                 -7.4048147214579449E+000 
                                     821                  2.1063026713047719E+001                  4.5180565254431260E-001                  7.2354584423086665E+000                 -2.4360792633905007E-001                  1.5185985858821050E+001                  6.9999988932682888E-001                  2.7999999960952038E-001                  2.0000111063650738E-002                  3.0922937124360916E-001                  3.6507640159411320E-001                  0.0000000000000000E+000                  2.7788022129814566E-001                  2.7788022129814566E-001                  1.0153849842193686E-007                  1.0153769625731948E-007                  8.0216461738585591E-013                 -8.2050953045886885E+000                 -9.8999999999999986E+001                 -7.4082139487379415E+000 
                                     822                  2.1007724408489441E+001                  4.5093125737506462E-001                  7.2364187082378821E+000                 -2.4117563211183568E-001                  1.5189442797945894E+001                  6.9999988464640495E-001                  2.7999999921699087E-001                  2.0000116136604129E-002                  3.0919567444542245E-001                  3.6491420165607791E-001                  0.0000000000000000E+000                  2.7804664636430682E-001                  2.7804664636430682E-001                  1.0087206461377282E-007                  1.0087123488876460E-007                  8.2972500821251880E-013                 -8.2073577728802540E+000                 -9.8999999999999986E+001                 -7.4113174934337218E+000 
                                     823                  2.0980073256210304E+001                  4.5049452776047555E-001                  7.2370633885102613E+000                 -2.3954587497607618E-001                  1.5191760882664138E+001                  6.9999988158192605E-001                  2.7999999895865491E-001                  2.0000119459419041E-002                  3.0917140027833839E-001                  3.6480492465727826E-001                  0.0000000000000000E+000                  2.7810442400113539E-001                  2.7810442400113539E-001                  1.0061788060399127E-007                  1.0061695701937723E-007                  9.2358461403539325E-013                 -8.2092104467985365E+000                 -9.8999999999999986E+001                 -7.4135172083417711E+000 
                                     824                  2.0951879442041161E+001                  4.5004954206446529E-001                  7.2377128369381403E+000                 -2.3790489294561970E-001                  1.5194095408660450E+001                  6.9999987711366285E-001                  2.7999999857445629E-001                  2.0000124311880807E-002                  3.0914538496156491E-001                  3.6469467169184583E-001                  0.0000000000000000E+000                  2.7819346270544348E-001                  2.7819346270544348E-001                  1.0025660979240711E-007                  1.0025566910955253E-007                  9.4068285457972425E-013                 -8.2110341969933867E+000                 -9.8999999999999986E+001                 -7.4157432159272272E+000 
                                     825                  2.0923685627872011E+001                  4.4960487029839730E-001                  7.2386838414117083E+000                 -2.3545436724871055E-001                  1.5197583372477695E+001                  6.9999987376283956E-001                  2.7999999829385946E-001                  2.0000127943300972E-002                  3.0910189074914174E-001                  3.6452944174708901E-001                  0.0000000000000000E+000                  2.7811957929208392E-001                  2.7811957929208392E-001                  1.0041613696090556E-007                  1.0041524647440490E-007                  8.9048650066206849E-013                 -8.2144523398294478E+000                 -9.8999999999999986E+001                 -7.4192430140504051E+000 
                                     826                  2.0867297999533719E+001                  4.4871645065678473E-001                  7.2399738578941495E+000                 -2.3220051355577362E-001                  1.5202216040825206E+001                  6.9999986755432797E-001                  2.7999999776193352E-001                  2.0000134683738513E-002                  3.0903653533932479E-001                  3.6430955283112698E-001                  0.0000000000000000E+000                  2.7846322452504613E-001                  2.7846322452504613E-001                  9.9122918749029806E-008                  9.9121956160706547E-008                  9.6258832325429255E-013                 -8.2178655788641386E+000                 -9.8999999999999986E+001                 -7.4237183306958041E+000 
                                     827                  2.0810910371195419E+001                  4.4782923796015905E-001                  7.2412605518465725E+000                 -2.2896956170978269E-001                  1.5206824802258135E+001                  6.9999985847860802E-001                  2.7999999696637740E-001                  2.0000144555014643E-002                  3.0896449401759946E-001                  3.6408902659035131E-001                  0.0000000000000000E+000                  2.7918674140936445E-001                  2.7918674140936445E-001                  9.6575216250116831E-008                  9.6574059314743021E-008                  1.1569353738132190E-012                 -8.2206736236733615E+000                 -9.8999999999999986E+001                 -7.4281856178008381E+000 
                                     828                  2.0754522742857123E+001                  4.4694319110698583E-001                  7.2422278283164019E+000                 -2.2653995330602597E-001                  1.5210290397459346E+001                  6.9999985087023264E-001                  2.7999999629293132E-001                  2.0000152836836094E-002                  3.0890902000706733E-001                  3.6392324497221357E-001                  0.0000000000000000E+000                  2.7937030894978782E-001                  2.7937030894978782E-001                  9.5760668323501265E-008                  9.5759424327340124E-008                  1.2439961611358539E-012                 -8.2229967115463687E+000                 -9.8999999999999986E+001                 -7.4313972442173268E+000 
                                     829                  2.0725781306299741E+001                  4.4649200254948984E-001                  7.2428786010896733E+000                 -2.2490621713078285E-001                  1.5212621405017300E+001                  6.9999984671491755E-001                  2.7999999592593378E-001                  2.0000157359148618E-002                  3.0887191497355193E-001                  3.6381164672831717E-001                  0.0000000000000000E+000                  2.7918151169875349E-001                  2.7918151169875349E-001                  9.6258450674876140E-008                  9.6257270010585119E-008                  1.1806642910257035E-012                 -8.2252689140085433E+000                 -9.8999999999999986E+001                 -7.4336493641192742E+000 
                                     830                  2.0697039869742358E+001                  4.4604110542089292E-001                  7.2438514457483718E+000                 -2.2246629178638119E-001                  1.5216104203197910E+001                  6.9999984201569787E-001                  2.7999999551321564E-001                  2.0000162471086491E-002                  3.0881862699722312E-001                  3.6364468654224796E-001                  0.0000000000000000E+000                  2.7906068455078537E-001                  2.7906068455078537E-001                  9.6538638337353105E-008                  9.6537459341530960E-008                  1.1789958221425427E-012                 -8.2287499764402074E+000                 -9.8999999999999986E+001                 -7.4371472943587733E+000 
                                     831                  2.0639556996627597E+001                  4.4514016770755965E-001                  7.2448207559507223E+000                 -2.2003072919069822E-001                  1.5219578330577914E+001                  6.9999983345442407E-001                  2.7999999474431719E-001                  2.0000171801258793E-002                  3.0876978549901862E-001                  3.6347873452691731E-001                  0.0000000000000000E+000                  2.7927772140878582E-001                  2.7927772140878582E-001                  9.5625480770576622E-008                  9.5624223004361702E-008                  1.2577662149143302E-012                 -8.2309753258361571E+000                 -9.8999999999999986E+001                 -7.4403182454206052E+000 
                                     832                  2.0610815560070215E+001                  4.4469012242977785E-001                  7.2454646531819309E+000                 -2.1841373274336257E-001                  1.5221885393914208E+001                  6.9999982883998979E-001                  2.7999999433073253E-001                  2.0000176829277683E-002                  3.0873943953280958E-001                  3.6336849838804047E-001                  0.0000000000000000E+000                  2.7909880814162930E-001                  2.7909880814162930E-001                  9.6107620382769068E-008                  9.6106405209637598E-008                  1.2151731314757964E-012                 -8.2331772113145476E+000                 -9.8999999999999986E+001                 -7.4425117415973929E+000 
                                     833                  2.0582074123512836E+001                  4.4424035403594547E-001                  7.2464272698450047E+000                 -2.1599847896569910E-001                  1.5225332590505795E+001                  6.9999982443397912E-001                  2.7999999394061831E-001                  2.0000181625402513E-002                  3.0869699448990073E-001                  3.6320368035946005E-001                  0.0000000000000000E+000                  2.7898122786908419E-001                  2.7898122786908419E-001                  9.6397379979587235E-008                  9.6396245311891375E-008                  1.1346676958570475E-012                 -8.2365677558082790E+000                 -9.8999999999999986E+001                 -7.4459214379008154E+000 
                                     834                  2.0524591250398071E+001                  4.4334163096667473E-001                  7.2477187682589843E+000                 -2.1276046222617051E-001                  1.5229955359965622E+001                  6.9999981577006243E-001                  2.7999999316084906E-001                  2.0000191069088569E-002                  3.0864498277711844E-001                  3.6298271092879086E-001                  0.0000000000000000E+000                  2.7936987252218171E-001                  2.7936987252218171E-001                  9.4968514697745540E-008                  9.4967255382557313E-008                  1.2593151882239424E-012                 -8.2397930947206213E+000                 -9.8999999999999986E+001                 -7.4502850404787182E+000 
                                     835                  2.0466003709965715E+001                  4.4242672789405146E-001                  7.2490195890527795E+000                 -2.0951417542899900E-001                  1.5234598386796812E+001                  6.9999980382010329E-001                  2.7999999207226367E-001                  2.0000204107633035E-002                  3.0859558413667149E-001                  3.6275958478433751E-001                  0.0000000000000000E+000                  2.8016900580041559E-001                  2.8016900580041559E-001                  9.2217232052228878E-008                  9.2215696235282068E-008                  1.5358169468071285E-012                 -8.2423706291431902E+000                 -9.8999999999999986E+001                 -7.4546572789487717E+000 
                                     836                  2.0407416169533359E+001                  4.4151288419616669E-001                  7.2499919699000497E+000                 -2.0708925672517900E-001                  1.5238067493443959E+001                  6.9999979457709782E-001                  2.7999999122702762E-001                  2.0000214195874610E-002                  3.0855992664359788E-001                  3.6259305705719536E-001                  0.0000000000000000E+000                  2.8056703100769709E-001                  2.8056703100769709E-001                  9.0772389586703984E-008                  9.0770639090354262E-008                  1.7504963497170404E-012                 -8.2442545615396270E+000                 -9.8999999999999986E+001                 -7.4577873740126517E+000 
                                     837                  2.0378122399317178E+001                  4.4105635020915090E-001                  7.2506386017280757E+000                 -2.0548032605833741E-001                  1.5240371283346542E+001                  6.9999978689459952E-001                  2.7999999051994778E-001                  2.0000222585452754E-002                  3.0853540262125473E-001                  3.6248227141029843E-001                  0.0000000000000000E+000                  2.8068237653417288E-001                  2.8068237653417288E-001                  9.0321325780816391E-008                  9.0319518159991186E-008                  1.8076208252079980E-012                 -8.2459780782236223E+000                 -9.8999999999999986E+001                 -7.4599720887321066E+000 
                                     838                  2.0348828629101000E+001                  4.4060006813395158E-001                  7.2516055405522630E+000                 -2.0307738635721884E-001                  1.5243813679003690E+001                  6.9999977976307903E-001                  2.7999998986805930E-001                  2.0000230368861671E-002                  3.0849582744288911E-001                  3.6231670377201425E-001                  0.0000000000000000E+000                  2.8062566329371991E-001                  2.8062566329371991E-001                  9.0424458961194549E-008                  9.0422645578833224E-008                  1.8133823613192559E-012                 -8.2492751748671971E+000                 -9.8999999999999986E+001                 -7.4633976250104066E+000 
                                     839                  2.0290241088668640E+001                  4.3968824188878486E-001                  7.2525752320360235E+000                 -2.0066339937344374E-001                  1.5247269486991408E+001                  6.9999976775095185E-001                  2.7999998875784232E-001                  2.0000243491205882E-002                  3.0845274321136984E-001                  3.6215131082639468E-001                  0.0000000000000000E+000                  2.8085985656853479E-001                  2.8085985656853479E-001                  8.9492060421946694E-008                  8.9490217549453738E-008                  1.8428724929538773E-012                 -8.2514598903721694E+000                 -9.8999999999999986E+001                 -7.4665737141094004E+000 
                                     840                  2.0260390538613699E+001                  4.3922403695499274E-001                  7.2532275124956538E+000                 -1.9904045824152505E-001                  1.5249593404836144E+001                  6.9999976118487395E-001                  2.7999998815192628E-001                  2.0000250663199770E-002                  3.0842130228328690E-001                  3.6204018694588652E-001                  0.0000000000000000E+000                  2.8068199351719525E-001                  2.8068199351719525E-001                  8.9973238851692169E-008                  8.9971452064105046E-008                  1.7867875871195251E-012                 -8.2536897447131174E+000                 -9.8999999999999986E+001                 -7.4688151486475700E+000 
                                     841                  2.0230539988558750E+001                  4.3876007853997323E-001                  7.2542026316941612E+000                 -1.9661642970698620E-001                  1.5253065796719726E+001                  6.9999975377335499E-001                  2.7999998747045274E-001                  2.0000258756192268E-002                  3.0837027769239123E-001                  3.6187419124621106E-001                  0.0000000000000000E+000                  2.8055275719158634E-001                  2.8055275719158634E-001                  9.0289240557097426E-008                  9.0287522835125432E-008                  1.7177219719949855E-012                 -8.2571785435800162E+000                 -9.8999999999999986E+001                 -7.4723220390590370E+000 
                                     842                  2.0170838888448859E+001                  4.3783288329164183E-001                  7.2554978896449267E+000                 -1.9339667904908472E-001                  1.5257678434335627E+001                  6.9999973963390139E-001                  2.7999998616029792E-001                  2.0000274205800750E-002                  3.0829719250332210E-001                  3.6165418956551654E-001                  0.0000000000000000E+000                  2.8080878544936955E-001                  2.8080878544936955E-001                  8.9236698854725102E-008                  8.9234887485143486E-008                  1.8113695816118299E-012                 -8.2606991369578040E+000                 -9.8999999999999986E+001                 -7.4768070064418080E+000 
                                     843                  2.0111137788338969E+001                  4.3690662602756630E-001                  7.2567878093996399E+000                 -1.9019552918569960E-001                  1.5262267940893054E+001                  6.9999972594046678E-001                  2.7999998488999012E-001                  2.0000289169543106E-002                  3.0822134341337504E-001                  3.6143526535920556E-001                  0.0000000000000000E+000                  2.8106089288266450E-001                  2.8106089288266450E-001                  8.8182932900444894E-008                  8.8180951703380416E-008                  1.9811970644805733E-012                 -8.2642076797770798E+000                 -9.8999999999999986E+001                 -7.4812751756126552E+000 
                                     844                  2.0051436688229078E+001                  4.3598127205156828E-001                  7.2580822874392572E+000                 -1.8699187063431524E-001                  1.5266866569064989E+001                  6.9999970984559545E-001                  2.7999998339202103E-001                  2.0000306762383513E-002                  3.0814598612339056E-001                  3.6121548143563559E-001                  0.0000000000000000E+000                  2.8148715443412309E-001                  2.8148715443412309E-001                  8.6559968038134540E-008                  8.6557832331082414E-008                  2.1357070521279471E-012                 -8.2674495728078234E+000                 -9.8999999999999986E+001                 -7.4857464012555370E+000 
                                     845                  1.9990895166822369E+001                  4.3504377590980042E-001                  7.2593811847102376E+000                 -1.8378538908838640E-001                  1.5271474295970087E+001                  6.9999969529041450E-001                  2.7999998203755988E-001                  2.0000322672025561E-002                  3.0807505618981307E-001                  3.6099487975311656E-001                  0.0000000000000000E+000                  2.8189788885450723E-001                  2.8189788885450723E-001                  8.4991493953677954E-008                  8.4989094224519944E-008                  2.3997291580116686E-012                 -8.2706835567256078E+000                 -9.8999999999999986E+001                 -7.4901995650797790E+000 
                                     846                  1.9930353645415664E+001                  4.3410713263748291E-001                  7.2603564350084158E+000                 -1.8138487570544407E-001                  1.5274928050403801E+001                  6.9999967901128823E-001                  2.7999998051628222E-001                  2.0000340472429601E-002                  3.0802645914657928E-001                  3.6082908087556881E-001                  0.0000000000000000E+000                  2.8264048926185187E-001                  2.8264048926185187E-001                  8.2362780720033278E-008                  8.2360041028142929E-008                  2.7396918903450916E-012                 -8.2720623958855928E+000                 -9.8999999999999986E+001                 -7.4933799698575001E+000 
                                     847                  1.9899801420653333E+001                  4.3363476809427431E-001                  7.2610090407197596E+000                 -1.7978233028367749E-001                  1.5277235959646253E+001                  6.9999966702182781E-001                  2.7999997939500015E-001                  2.0000353583172092E-002                  3.0799647648643819E-001                  3.6071801768145678E-001                  0.0000000000000000E+000                  2.8276983875749495E-001                  2.8276983875749495E-001                  8.1840289744038889E-008                  8.1837412563529596E-008                  2.8771805092874163E-012                 -8.2737678936966397E+000                 -9.8999999999999986E+001                 -7.4955865467963427E+000 
                                     848                  1.9869249195891001E+001                  4.3316260554565117E-001                  7.2619849523266318E+000                 -1.7738885349901731E-001                  1.5280684635901430E+001                  6.9999965555368315E-001                  2.7999997832603535E-001                  2.0000366120281443E-002                  3.0795560388531779E-001                  3.6055192208027254E-001                  0.0000000000000000E+000                  2.8271423811245294E-001                  2.8271423811245294E-001                  8.1925399675958185E-008                  8.1922525560245388E-008                  2.8741157127984989E-012                 -8.2770370869590817E+000                 -9.8999999999999986E+001                 -7.4990057186858339E+000 
                                     849                  1.9808144746366338E+001                  4.3221886779179641E-001                  7.2629606728600615E+000                 -1.7499188549724831E-001                  1.5284135881204735E+001                  6.9999963655468778E-001                  2.7999997654909187E-001                  2.0000386896220412E-002                  3.0791927448673378E-001                  3.6038634991823054E-001                  0.0000000000000000E+000                  2.8298205256163023E-001                  2.8298205256163023E-001                  8.0884093277193945E-008                  8.0881163082381436E-008                  2.9301948125136804E-012                 -8.2790887798928665E+000                 -9.8999999999999986E+001                 -7.5021385409077732E+000 
                                     850                  1.9777310113689978E+001                  4.3174292978064244E-001                  7.2636128724628541E+000                 -1.7339043025280970E-001                  1.5286442062965234E+001                  6.9999962622735745E-001                  2.7999997558442491E-001                  2.0000398188217638E-002                  3.0789542296272909E-001                  3.6027574013403502E-001                  0.0000000000000000E+000                  2.8280555503062427E-001                  2.8280555503062427E-001                  8.1374303214933272E-008                  8.1371439550964808E-008                  2.8636639684581595E-012                 -8.2812409268057898E+000                 -9.8999999999999986E+001                 -7.5043237965755569E+000 
                                     851                  1.9746475481013626E+001                  4.3126718233569034E-001                  7.2642631253777639E+000                 -1.7179230625441225E-001                  1.5288742527640972E+001                  6.9999961715407455E-001                  2.7999997473780575E-001                  2.0000408108119760E-002                  3.0787065073941955E-001                  3.6016564183302441E-001                  0.0000000000000000E+000                  2.8266215982712117E-001                  2.8266215982712117E-001                  8.1756470737301727E-008                  8.1753860591890530E-008                  2.6101454111954177E-012                 -8.2833443925907204E+000                 -9.8999999999999986E+001                 -7.5065088740081363E+000 
                                     852                  1.9715640848337269E+001                  4.3079162235380519E-001                  7.2649116202421418E+000                 -1.7019780979254226E-001                  1.5291037309963796E+001                  6.9999960854395382E-001                  2.7999997393462595E-001                  2.0000417521420233E-002                  3.0784436611566285E-001                  3.6005596850798199E-001                  0.0000000000000000E+000                  2.8259597708316542E-001                  2.8259597708316542E-001                  8.1884465081926469E-008                  8.1881998030278117E-008                  2.4670516483559670E-012                 -8.2853324802069235E+000                 -9.8999999999999986E+001                 -7.5086953766520468E+000 
                                     853                  1.9684806215660913E+001                  4.3031624640040289E-001                  7.2658878432537959E+000                 -1.6780257748483274E-001                  1.5294487424808644E+001                  6.9999959708107529E-001                  2.7999997286615813E-001                  2.0000430052766527E-002                  3.0780051576879214E-001                  3.5989068114490985E-001                  0.0000000000000000E+000                  2.8268313440832127E-001                  2.8268313440832127E-001                  8.1508953196966732E-008                  8.1506292966384207E-008                  2.6602305825225867E-012                 -8.2884062264438292E+000                 -9.8999999999999986E+001                 -7.5121350605677746E+000 
                                     854                  1.9622570322675692E+001                  4.2935729850536941E-001                  7.2671917007206819E+000                 -1.6461576149380572E-001                  1.5299084992379159E+001                  6.9999957044005545E-001                  2.7999997037850638E-001                  2.0000459181438224E-002                  3.0773308638972435E-001                  3.5966938346387312E-001                  0.0000000000000000E+000                  2.8359967404396952E-001                  2.8359967404396952E-001                  7.8327528345209740E-008                  7.8324444253909101E-008                  3.0840913006419584E-012                 -8.2908202098536776E+000                 -9.8999999999999986E+001                 -7.5165656225257278E+000 
                                     855                  1.9560334429690467E+001                  4.2839903707281274E-001                  7.2684972306258668E+000                 -1.6143405526408880E-001                  1.5303680816173065E+001                  6.9999954900734751E-001                  2.7999996838039204E-001                  2.0000482612260395E-002                  3.0765653403959670E-001                  3.5944746285592283E-001                  0.0000000000000000E+000                  2.8406629256432259E-001                  2.8406629256432259E-001                  7.6575869193178647E-008                  7.6572284564324958E-008                  3.5846288536937585E-012                 -8.2939527308244791E+000                 -9.8999999999999986E+001                 -7.5210317168262772E+000 
                                     856                  1.9497530186985685E+001                  4.2743268079110214E-001                  7.2698065280739295E+000                 -1.5826111242185206E-001                  1.5308274982023464E+001                  6.9999951708718133E-001                  2.7999996540714323E-001                  2.0000517505675441E-002                  3.0757199262046225E-001                  3.5922398630465463E-001                  0.0000000000000000E+000                  2.8499377441103380E-001                  2.8499377441103380E-001                  7.3301694472576429E-008                  7.3297575643503205E-008                  4.1188290732231316E-012                 -8.2963925972600698E+000                 -9.8999999999999986E+001                 -7.5255229376885548E+000 
                                     857                  1.9434725944280903E+001                  4.2646693575570988E-001                  7.2707880270625642E+000                 -1.5588323716817826E-001                  1.5311718667888142E+001                  6.9999949032653086E-001                  2.7999996291916662E-001                  2.0000546754302517E-002                  3.0750628625284121E-001                  3.5905655907959694E-001                  0.0000000000000000E+000                  2.8528142175095544E-001                  2.8528142175095544E-001                  7.2082764623211243E-008                  7.2078425250399720E-008                  4.3393728115224340E-012                 -8.2984924928802908E+000                 -9.8999999999999986E+001                 -7.5287722449415888E+000 
                                     858                  1.9403038832017725E+001                  4.2597990312976053E-001                  7.2714440469977433E+000                 -1.5429495652359093E-001                  1.5314019642736087E+001                  6.9999947577072708E-001                  2.7999996156758022E-001                  2.0000562661692700E-002                  3.0746195514882507E-001                  3.5894464058879255E-001                  0.0000000000000000E+000                  2.8510583051824978E-001                  2.8510583051824978E-001                  7.2503258657308691E-008                  7.2499134131486648E-008                  4.1245258220464680E-012                 -8.3006979054879597E+000                 -9.8999999999999986E+001                 -7.5310347863904585E+000 
                                     859                  1.9371351719754550E+001                  4.2549301335010314E-001                  7.2724247912948572E+000                 -1.5192246077296498E-001                  1.5317458154335075E+001                  6.9999945934062846E-001                  2.7999996004385119E-001                  2.0000580615520347E-002                  3.0739602695696150E-001                  3.5877726930601134E-001                  0.0000000000000000E+000                  2.8495573978122601E-001                  2.8495573978122601E-001                  7.2841023094415759E-008                  7.2836905621389596E-008                  4.1174730261574046E-012                 -8.3041849700429680E+000                 -9.8999999999999986E+001                 -7.5345478427316035E+000 
                                     860                  1.9307977495228194E+001                  4.2451964340027587E-001                  7.2734055729584819E+000                 -1.4954724643410452E-001                  1.5320899311972200E+001                  6.9999942934445181E-001                  2.7999995726714721E-001                  2.0000613388400978E-002                  3.0733206542983710E-001                  3.5861015569478194E-001                  0.0000000000000000E+000                  2.8528219152157092E-001                  2.8528219152157092E-001                  7.1491006902818626E-008                  7.1486546392540893E-008                  4.4605102777374861E-012                 -8.3062269174518537E+000                 -9.8999999999999986E+001                 -7.5377975497663190E+000 
                                     861                  1.9276004619292987E+001                  4.2402877085986462E-001                  7.2740611209687289E+000                 -1.4796078862625944E-001                  1.5323198544723123E+001                  6.9999941302574664E-001                  2.7999995575845626E-001                  2.0000631215797093E-002                  3.0729141709554836E-001                  3.5849842026280593E-001                  0.0000000000000000E+000                  2.8511659668780465E-001                  2.8511659668780465E-001                  7.1884666358358455E-008                  7.1880170684972119E-008                  4.4956733863295616E-012                 -8.3084052934670112E+000                 -9.8999999999999986E+001                 -7.5400480687887699E+000 
                                     862                  1.9244031743357780E+001                  4.2353802719170858E-001                  7.2747147435362027E+000                 -1.4637770301846686E-001                  1.5325492201930754E+001                  6.9999939858015636E-001                  2.7999995442442682E-001                  2.0000646995416815E-002                  3.0725323443538022E-001                  3.5838711877157042E-001                  0.0000000000000000E+000                  2.8497020443609694E-001                  2.8497020443609694E-001                  7.2222830353152007E-008                  7.2218711774494598E-008                  4.1185786574142739E-012                 -8.3105423258943105E+000                 -9.8999999999999986E+001                 -7.5422841992795622E+000 
                                     863                  1.9212058867422577E+001                  4.2304740898342302E-001                  7.2753666670503012E+000                 -1.4479830248562989E-001                  1.5327780317441309E+001                  6.9999938497240122E-001                  2.7999995316846121E-001                  2.0000661859137514E-002                  3.0721733422151182E-001                  3.5827615389656864E-001                  0.0000000000000000E+000                  2.8491782721552156E-001                  2.8491782721552156E-001                  7.2263869495060244E-008                  7.2259984137531371E-008                  3.8853575288704444E-012                 -8.3125228531702469E+000                 -9.8999999999999986E+001                 -7.5445052900174998E+000 
                                     864                  1.9180085991487370E+001                  4.2255691245968141E-001                  7.2763480293253187E+000                 -1.4242625089618408E-001                  1.5331220091018503E+001                  6.9999936699789189E-001                  2.7999995151035290E-001                  2.0000681491755268E-002                  3.0716646050605795E-001                  3.5810879372942023E-001                  0.0000000000000000E+000                  2.8502741485151245E-001                  2.8502741485151245E-001                  7.1788072632398402E-008                  7.1783891594053579E-008                  4.1810383448186638E-012                 -8.3155602852243966E+000                 -9.8999999999999986E+001                 -7.5479609903834275E+000 
                                     865                  1.9115567255999625E+001                  4.2156747741966138E-001                  7.2776592404272709E+000                 -1.3927102606649330E-001                  1.5335804019028350E+001                  6.9999932481276561E-001                  2.7999994763520547E-001                  2.0000727552028863E-002                  3.0710211165290791E-001                  3.5788434241281786E-001                  0.0000000000000000E+000                  2.8604774684608286E-001                  2.8604774684608286E-001                  6.8254495072217056E-008                  6.8249649597785829E-008                  4.8454744312249336E-012                 -8.3177675111851617E+000                 -9.8999999999999986E+001                 -7.5523728119859053E+000 
                                     866                  1.9051048520511877E+001                  4.2057846959708051E-001                  7.2789724658018082E+000                 -1.3612120537388717E-001                  1.5340386189129626E+001                  6.9999929109992132E-001                  2.7999994454421639E-001                  2.0000764355862288E-002                  3.0703943880469514E-001                  3.5765890727195609E-001                  0.0000000000000000E+000                  2.8659229719986962E-001                  2.8659229719986962E-001                  6.6271294554904419E-008                  6.6265664048416633E-008                  5.6305064877850861E-012                 -8.3206815763700153E+000                 -9.8999999999999986E+001                 -7.5567759187999801E+000 
                                     867                  1.8985955443222032E+001                  4.1958104863524853E-001                  7.2802899434211463E+000                 -1.3298047085369849E-001                  1.5344966693939794E+001                  6.9999924073413122E-001                  2.7999993995129052E-001                  2.0000819314578200E-002                  3.0697437207667411E-001                  3.5743153328784022E-001                  0.0000000000000000E+000                  2.8762961212267102E-001                  2.8762961212267102E-001                  6.2693179524097472E-008                  6.2686710307683147E-008                  6.4692164143228477E-012                 -8.3228358078464648E+000                 -9.8999999999999986E+001                 -7.5611801459494226E+000 
                                     868                  1.8920862365932187E+001                  4.1858396977880569E-001                  7.2812778422575475E+000                 -1.3062665700518328E-001                  1.5348400244896229E+001                  6.9999919849769421E-001                  2.7999993611622070E-001                  2.0000865386085032E-002                  3.0692352781078469E-001                  3.5726094215395143E-001                  0.0000000000000000E+000                  2.8798742745552991E-001                  2.8798742745552991E-001                  6.1306906916598768E-008                  6.1299976435667219E-008                  6.9304809315452050E-012                 -8.3247254612475441E+000                 -9.8999999999999986E+001                 -7.5643693893333301E+000 
                                     869                  1.8888028022960228E+001                  4.1808114146914543E-001                  7.2819381116914075E+000                 -1.2905447111761736E-001                  1.5350694234103470E+001                  6.9999917550724056E-001                  2.7999993403158502E-001                  2.0000890461174370E-002                  3.0688797471669355E-001                  3.5714683927621882E-001                  0.0000000000000000E+000                  2.8782648137914546E-001                  2.8782648137914546E-001                  6.1707471786012971E-008                  6.1700663897452014E-008                  6.8078885609584956E-012                 -8.3268423620434362E+000                 -9.8999999999999986E+001                 -7.5665919152158363E+000 
                                     870                  1.8855193679988272E+001                  4.1757838703557093E-001                  7.2825964723286747E+000                 -1.2748547898484583E-001                  1.5352982758324069E+001                  6.9999915167717475E-001                  2.7999993187678274E-001                  2.0000916446042516E-002                  3.0685120807661581E-001                  3.5703313137866499E-001                  0.0000000000000000E+000                  2.8767973207399156E-001                  2.8767973207399156E-001                  6.2057753587841715E-008                  6.2051232731174893E-008                  6.5208566668230319E-012                 -8.3289429117769771E+000                 -9.8999999999999986E+001                 -7.5688172078077782E+000 
                                     871                  1.8822359337016319E+001                  4.1707570302108704E-001                  7.2832529231472547E+000                 -1.2591966222955553E-001                  1.5355265850815027E+001                  6.9999912735487235E-001                  2.7999992968047760E-001                  2.0000942964650048E-002                  3.0681308388652989E-001                  3.5691981498017711E-001                  0.0000000000000000E+000                  2.8752764419797505E-001                  2.8752764419797505E-001                  6.2422444216592251E-008                  6.2414870598261804E-008                  7.5736183304515306E-012                 -8.3310573922448459E+000                 -9.8999999999999986E+001                 -7.5710460637555297E+000 
                                     872                  1.8789524994044363E+001                  4.1657308597942955E-001                  7.2842401440835225E+000                 -1.2356679373731948E-001                  1.5358697828427568E+001                  6.9999910002082488E-001                  2.7999992721282896E-001                  2.0000972766346159E-002                  3.0675235599671463E-001                  3.5674921627233386E-001                  0.0000000000000000E+000                  2.8738191164607829E-001                  2.8738191164607829E-001                  6.2764052847138689E-008                  6.2752323644170527E-008                  1.1729202968156611E-011                 -8.3344985860001035E+000                 -9.8999999999999986E+001                 -7.5745388272341510E+000 
                                     873                  1.8723279513924325E+001                  4.1555920648830058E-001                  7.2855564108262110E+000                 -1.2043265545099952E-001                  1.5363271483574881E+001                  6.9999905117586436E-001                  2.7999992282375086E-001                  2.0001026000384781E-002                  3.0666605690615839E-001                  3.5652145878757252E-001                  0.0000000000000000E+000                  2.8779561596153713E-001                  2.8779561596153713E-001                  6.1145634208101681E-008                  6.1129985870896834E-008                  1.5648337204845578E-011                 -8.3376982986281529E+000                 -9.8999999999999986E+001                 -7.5790527203656994E+000 
                                     874                  1.8657034033804294E+001                  4.1454554367676555E-001                  7.2865443676038009E+000                 -1.1808583185273401E-001                  1.5366699957478762E+001                  6.9999899868095561E-001                  2.7999991813867370E-001                  2.0001083180370749E-002                  3.0659901647255250E-001                  3.5635006750549092E-001                  0.0000000000000000E+000                  2.8843028637429713E-001                  2.8843028637429713E-001                  5.8795018653113592E-008                  5.8780633512995467E-008                  1.4385140118127389E-011                 -8.3392513161152984E+000                 -9.8999999999999986E+001                 -7.5823267096132678E+000 
                                     875                  1.8623622348290787E+001                  4.1403436026292356E-001                  7.2872049598927244E+000                 -1.1651911925509917E-001                  1.5368990446039025E+001                  6.9999896941057160E-001                  2.7999991553171127E-001                  2.0001115057717067E-002                  3.0655402354093864E-001                  3.5623524844116006E-001                  0.0000000000000000E+000                  2.8840733119049627E-001                  2.8840733119049627E-001                  5.8712345669548030E-008                  5.8701827784562494E-008                  1.0517884985539014E-011                 -8.3412018483725543E+000                 -9.8999999999999986E+001                 -7.5845951247114494E+000 
                                     876                  1.8590210662777281E+001                  4.1352321595011016E-001                  7.2878639058264678E+000                 -1.1495607889277103E-001                  1.5371275545287935E+001                  6.9999894599537082E-001                  2.7999991344554809E-001                  2.0001140559081088E-002                  3.0650983636087276E-001                  3.5612067133669584E-001                  0.0000000000000000E+000                  2.8836704920891837E-001                  2.8836704920891837E-001                  5.8688557748554016E-008                  5.8679998654561154E-008                  8.5590939928654456E-012                 -8.3431711938483240E+000                 -9.8999999999999986E+001                 -7.5868552199809933E+000 
                                     877                  1.8556798977263774E+001                  4.1301210654424625E-001                  7.2885216287129149E+000                 -1.1339737913315735E-001                  1.5373555288012964E+001                  6.9999891793366986E-001                  2.7999991095480259E-001                  2.0001171111527549E-002                  3.0646709850096737E-001                  3.5600616589613571E-001                  0.0000000000000000E+000                  2.8850811270002874E-001                  2.8850811270002874E-001                  5.8084107242227577E-008                  5.8075665909165619E-008                  8.4413330619614478E-012                 -8.3448578188138054E+000                 -9.8999999999999986E+001                 -7.5891051843972148E+000 
                                     878                  1.8523387291750268E+001                  4.1250102704936081E-001                  7.2895119162748134E+000                 -1.1105744269526761E-001                  1.5376982064957868E+001                  6.9999888404509969E-001                  2.7999990794656315E-001                  2.0001208008337157E-002                  3.0640543038188128E-001                  3.5583321764018178E-001                  0.0000000000000000E+000                  2.8871307904123905E-001                  2.8871307904123905E-001                  5.7279400875100332E-008                  5.7270092552933988E-008                  9.3083221663433963E-012                 -8.3477614946314826E+000                 -9.8999999999999986E+001                 -7.5925976993597173E+000 
                                     879                  1.8455985033510462E+001                  4.1147007864097124E-001                  7.2908356656198272E+000                 -1.0794618713869548E-001                  1.5381548871607560E+001                  6.9999880461324704E-001                  2.7999990096613231E-001                  2.0001294420620708E-002                  3.0632790191473069E-001                  3.5560081483152922E-001                  1.8841726861140082E-008                  2.8986568064885765E-001                  2.8986568064885765E-001                  5.3283180880834286E-008                  5.3272567255238126E-008                  1.0613625596162011E-011                 -8.3497836058351407E+000                 -4.6686597208597604E+001                 -7.5970687403239641E+000 
                                     880                  1.8388582775270653E+001                  4.1043917409093239E-001                  7.2921608016115096E+000                 -1.0483953717612267E-001                  1.5386113917699928E+001                  6.9999873483906383E-001                  2.7999989486079652E-001                  2.0001370300139598E-002                  3.0625640587944297E-001                  3.5536738740557289E-001                  7.9484477546562973E-008                  2.9027658658488537E-001                  2.9027658658488537E-001                  5.1699968688014042E-008                  5.1688566915672303E-008                  1.1401772341738806E-011                 -8.3528886352953595E+000                 -4.4813212901394763E+001                 -7.6015179268269675E+000 
                                     881                  1.8320600746529784E+001                  4.0939940362690130E-001                  7.2934874106814886E+000                 -1.0173737190656046E-001                  1.5390677305102900E+001                  6.9999866593345561E-001                  2.7999988885900573E-001                  2.0001445207538660E-002                  3.0618953465979132E-001                  3.5513289401319753E-001                  3.3849737766308675E-007                  2.9070953813840467E-001                  2.9070953813840467E-001                  5.0062178395438720E-008                  5.0050099300845757E-008                  1.2079094592962339E-011                 -8.3559291038084247E+000                 -4.2927477907705857E+001                 -7.6059463909798515E+000 
                                     882                  1.8252618717788913E+001                  4.0835959196371502E-001                  7.2944833298056055E+000                 -9.9414302165272195E-002                  1.5394098175424242E+001                  6.9999860289762206E-001                  2.7999988340616566E-001                  2.0001513696212281E-002                  3.0614107922457606E-001                  3.5495628207481805E-001                  1.4363330194124012E-006                  2.9139946368676500E-001                  2.9139946368676500E-001                  4.7608843866175534E-008                  4.7595682924456308E-008                  1.3160941719223589E-011                 -8.3572800296542997E+000                 -4.1045935426592258E+001                 -7.6091453588462805E+000 
                                     883                  1.8218337418057779E+001                  4.0783521724050270E-001                  7.2951497798551488E+000                 -9.7864351118367124E-002                  1.5396383419464286E+001                  6.9999855184178861E-001                  2.7999987901855750E-001                  2.0001569139653896E-002                  3.0610780482426181E-001                  3.5483770977768020E-001                  2.9722339706535142E-006                  2.9163251049765060E-001                  2.9163251049765060E-001                  4.6743262669970491E-008                  4.6729701088388089E-008                  1.3561581582402726E-011                 -8.3587687391947476E+000                 -4.0099495046168620E+001                 -7.6113610686565316E+000 
                                     884                  1.8184056118326648E+001                  4.0731081448617318E-001                  7.2961467302178526E+000                 -9.5549318367780134E-002                  1.5399798905339409E+001                  6.9999850519995954E-001                  2.7999987499918422E-001                  2.0001619800856241E-002                  3.0605547465902444E-001                  3.5465991110685896E-001                  6.1476162147097602E-006                  2.9162158210781314E-001                  2.9162158210781314E-001                  4.6660513070589327E-008                  4.6646673963484756E-008                  1.3839107104572875E-011                 -8.3619114234493495E+000                 -3.9154191159770214E+001                 -7.6147949826429144E+000 
                                     885                  1.8115493518864387E+001                  4.0626190216470986E-001                  7.2971451982005178E+000                 -9.3233512116907891E-002                  1.5403217252376535E+001                  6.9999843396255279E-001                  2.7999986903956503E-001                  2.0001696997882235E-002                  3.0599924693522706E-001                  3.5448146517735019E-001                  2.6242565535020161E-005                  2.9236035025910106E-001                  2.9236035025910106E-001                  4.4040462941920024E-008                  4.4015527563945252E-008                  2.4935377974772097E-011                 -8.3631985626975887E+000                 -3.7264874462991685E+001                 -7.6180169207976354E+000 
                                     886                  1.8080921597899508E+001                  4.0573293691495016E-001                  7.2978133844732422E+000                 -9.1688612558717145E-002                  1.5405500755208852E+001                  6.9999836069013655E-001                  2.7999987045483227E-001                  2.0001768855031132E-002                  3.0595879300808526E-001                  3.5436163448645353E-001                  5.4456894896138531E-005                  2.9261521853891509E-001                  2.9261521853891509E-001                  4.3308967817438966E-008                  4.3059861950822543E-008                  2.4910586661642596E-010                 -8.3646693228232891E+000                 -3.6314802551440643E+001                 -7.6202545014690761E+000 
                                     887                  1.8046349676934625E+001                  4.0520392041830156E-001                  7.2988130065389276E+000                 -8.9381090378551367E-002                  1.5408913696718420E+001                  6.9999755974167399E-001                  2.8000015007616635E-001                  2.0002290182159710E-002                  3.0589398332882606E-001                  3.5418219647178045E-001                  1.1294475970566592E-004                  2.9262166299785713E-001                  2.9262166299785713E-001                  4.5074096447767220E-008                  4.2895969019544613E-008                  2.1781274282226070E-009                 -8.3678168580321248E+000                 -3.5365974898640580E+001                 -7.6237271972542509E+000 
                                     888                  1.7977205835004863E+001                  4.0414571056059828E-001                  7.3001483282084108E+000                 -8.6296765967608380E-002                  1.5413468523436610E+001                  6.9997655040382312E-001                  2.8000819046346881E-001                  2.0015259132708074E-002                  3.0579930606533967E-001                  3.5395006517169691E-001                  4.8489570623818485E-004                  2.9316419773153785E-001                  2.9316419773153785E-001                  4.9910010888766695E-008                  4.0841250364501897E-008                  9.0687605242648004E-009                 -8.3707496057581157E+000                 -3.3469798656195337E+001                 -7.6282480644748318E+000 
                                     889                  1.7907480175899206E+001                  4.0307834065828990E-001                  7.3014858313521582E+000                 -8.3174402994378061E-002                  1.5418021709220488E+001                  6.9983409375070438E-001                  2.8006300186760336E-001                  2.0102904381692266E-002                  3.0569668706760239E-001                  3.5376625295822939E-001                  2.0998573485702470E-003                  2.9375351702642943E-001                  2.9375351702642943E-001                  5.9969200645348166E-008                  3.8611473042504837E-008                  2.1357727602843328E-008                 -8.3736343873087016E+000                 -3.1562304953727111E+001                 -7.6328284641069564E+000 
                                     890                  1.7837754516793549E+001                  4.0201077401911295E-001                  7.3024895718734086E+000                 -8.0800183288243413E-002                  1.5421435032300460E+001                  6.9962917421407644E-001                  2.8014190098416181E-001                  2.0228924801761750E-002                  3.0561700575346146E-001                  3.5366702889529816E-001                  9.0593246896755915E-003                  2.9433567549937190E-001                  2.9433567549937190E-001                  6.8826037152276975E-008                  3.6391341547383334E-008                  3.2434695604893641E-008                 -8.3752656291827314E+000                 -2.9659138693074294E+001                 -7.6361918567849045E+000 
                                     891                  1.7802600566099052E+001                  4.0147248961674592E-001                  7.3031603376173662E+000                 -7.9217125175997924E-002                  1.5423715063625135E+001                  6.9949819470577901E-001                  2.8019234094636686E-001                  2.0309464347854078E-002                  3.0556337902478276E-001                  3.5359736627100130E-001                  1.8909363206614845E-002                  2.9419207709973394E-001                  2.9419207709973394E-001                  7.1957212806027502E-008                  3.6676228802185825E-008                  3.5280984003841677E-008                 -8.3773937748020160E+000                 -2.8701436209056627E+001                 -7.6385102803576652E+000 
                                     892                  1.7767446615404552E+001                  4.0093416573127749E-001                  7.3038291571817204E+000                 -7.7646485457284198E-002                  1.5425989942239273E+001                  6.9939328673388657E-001                  2.8023274531605563E-001                  2.0373967950057859E-002                  3.0551028962946386E-001                  3.5351694518367188E-001                  3.9455975486591084E-002                  2.9400292272903222E-001                  2.9400292272903222E-001                  6.7557312153082684E-008                  3.7107195357120369E-008                  3.0450116795962315E-008                 -8.3795819187131961E+000                 -2.7744178851557493E+001                 -7.6408142015491034E+000 
                                     893                  1.7732292664710055E+001                  4.0039578678963539E-001                  7.3044962849874402E+000                 -7.6090195159356208E-002                  1.5428259698902243E+001                  6.9931864321937198E-001                  2.8026149583539772E-001                  2.0419860945230295E-002                  3.0545797198346608E-001                  3.5342413724594912E-001                  8.2279841058523775E-002                  2.9392101978583712E-001                  2.9392101978583712E-001                  5.9757183902483971E-008                  3.7193824559255223E-008                  2.2563359343228749E-008                 -8.3815981338187964E+000                 -2.6787698414355763E+001                 -7.6431013731800004E+000 
                                     894                  1.7697138714015558E+001                  3.9985733475732216E-001                  7.3055002045088377E+000                 -7.3767794648626858E-002                  1.5431670950342300E+001                  6.9924491624405583E-001                  2.8028989505477536E-001                  2.0465188701168868E-002                  3.0538103736038180E-001                  3.5326795511219961E-001                  1.7145462112257376E-001                  2.9402295071713930E-001                  2.9402295071713930E-001                  5.1117975767168173E-008                  3.6691362963500894E-008                  1.4426612803667277E-008                 -8.3846469276378208E+000                 -2.5832742628178995E+001                 -7.6466282093932287E+000 
                                     895                  1.7626248269174503E+001                  3.9877122364084350E-001                  7.3068397379037364E+000                 -7.0698548381503454E-002                  1.5436217325821415E+001                  6.9920911691600074E-001                  2.8030368617055079E-001                  2.0487196913448469E-002                  3.0528643702969399E-001                  3.5303337308304955E-001                  7.5173969012846820E-001                  2.9464010882769615E-001                  2.9464010882769615E-001                  4.1859390119605039E-008                  3.4371199695361505E-008                  7.4881904242435356E-009                 -8.3874564023436999E+000                 -2.3909148233382155E+001                 -7.6511403855394331E+000 
                                     896                  1.7555357824333445E+001                  3.9768463776093760E-001                  7.3081831769047643E+000                 -6.7647425340516223E-002                  1.5440761942081572E+001                  6.9919772437845940E-001                  2.8030807538824337E-001                  2.0494200233297288E-002                  3.0519899056876826E-001                  3.5278683174659636E-001                  3.2850411078837847E+000                  2.9560910008969205E-001                  2.9560910008969205E-001                  3.3953517643360344E-008                  3.0947270103648860E-008                  3.0062475397114809E-009                 -8.3897031817687715E+000                 -2.1989886898176906E+001                 -7.6556237863415442E+000 
                                     897                  1.7483884668928258E+001                  3.9658855797397896E-001                  7.3095312116638125E+000                 -6.4609392875574864E-002                  1.5445304913254471E+001                  6.9919440213885309E-001                  2.8030935547807612E-001                  2.0496242383070795E-002                  3.0511603851724989E-001                  3.5253473653820355E-001                  1.4479245063728079E+001                  2.9673223043738284E-001                  2.9673223043738284E-001                  2.8026834936596934E-008                  2.7049442920131634E-008                  9.7739201646529943E-010                 -8.3916850846846884E+000                 -2.0059431178555517E+001                 -7.6600905728890725E+000 
                                     898                  1.7412411513523072E+001                  3.9549184412995092E-001                  7.3105419525304507E+000                 -6.2332847783936329E-002                  1.5448710675225085E+001                  6.9919371042092071E-001                  2.8030962203298837E-001                  2.0496667546090919E-002                  3.0505634936461334E-001                  3.5234481680063712E-001                  6.3587877372077379E+001                  2.9704488103175913E-001                  2.9704488103175913E-001                  2.6069764686339612E-008                  2.5770088633506576E-008                  2.9967605283303577E-010                 -8.3935473425310736E+000                 -1.8133164423699078E+001                 -7.6633371451801935E+000 
                                     899                  1.7376383566806929E+001                  3.9493876304847658E-001                  7.3112170873580729E+000                 -6.0812452050696297E-002                  1.5450985479377247E+001                  6.9919347074476490E-001                  2.8030971439826768E-001                  2.0496814856967416E-002                  3.0501694617567082E-001                  3.5221779594112729E-001                  1.3394292410073740E+002                  2.9678872996432548E-001                  2.9678872996432548E-001                  2.6557931336768014E-008                  2.6456836060399197E-008                  1.0109527636881897E-010                 -8.3957351595402070E+000                 -1.7163611584242034E+001                 -7.6655778182023422E+000 
                                     900                  1.7340355620090783E+001                  3.9438550477579720E-001                  7.3122262479564570E+000                 -5.8540011052878725E-002                  1.5454385713159727E+001                  6.9919328610770815E-001                  2.8030978555713371E-001                  2.0496928335158149E-002                  3.0495776494914068E-001                  3.5202776973055633E-001                  2.8214069728965376E+002                  2.9652047276061738E-001                  2.9652047276061738E-001                  2.7225563218391568E-008                  2.7183022080848117E-008                  4.2541137543452706E-011                 -8.3992419029811032E+000                 -1.6194600871302086E+001                 -7.6690379323203590E+000 
                                     901                  1.7268299726658494E+001                  3.9327843455205191E-001                  7.3132367822447684E+000                 -5.6266540114238948E-002                  1.5457788978642247E+001                  6.9919323801854927E-001                  2.8030980409271172E-001                  2.0496957888739065E-002                  3.0489650522231282E-001                  3.5183722389450950E-001                  1.2488660117741356E+003                  2.9720178906121980E-001                  2.9720178906121980E-001                  2.4745265808493884E-008                  2.4726847390886622E-008                  1.8418417607262210E-011                 -8.4005923583692663E+000                 -1.4258091601096265E+001                 -7.6723116084413121E+000 
                                     902                  1.7231980470496286E+001                  3.9272013409667750E-001                  7.3139128012553654E+000                 -5.4750035660999272E-002                  1.5460062056551115E+001                  6.9919322177997978E-001                  2.8030981035210706E-001                  2.0496967867913218E-002                  3.0485329492824936E-001                  3.5170945190740766E-001                  2.6388917703116344E+003                  2.9740310031394723E-001                  2.9740310031394723E-001                  2.3946786814851403E-008                  2.3939647933307873E-008                  7.1388815435303212E-012                 -8.4021277452568448E+000                 -1.3284477816929813E+001                 -7.6745715638715115E+000 
                                     903                  1.7195661214334066E+001                  3.9216162958613021E-001                  7.3149238759023740E+000                 -5.2484421601753518E-002                  1.5463459774114483E+001                  6.9919320953767505E-001                  2.8030981507137603E-001                  2.0496975390948968E-002                  3.0478581516638292E-001                  3.5151814998932740E-001                  5.5681174573546705E+003                  2.9730338675309931E-001                  2.9730338675309931E-001                  2.4114016761596389E-008                  2.4110817453287347E-008                  3.1993083090411615E-012                 -8.4054090598295375E+000                 -1.2313275855044566E+001                 -7.6780586625223401E+000 
                                     904                  1.7123022702009639E+001                  3.9104398303104287E-001                  7.3162752977749550E+000                 -4.9464841530921559E-002                  1.5467994265298879E+001                  6.9919319845183148E-001                  2.8030981934535826E-001                  2.0496982202810266E-002                  3.0469051875906206E-001                  3.5126187805242864E-001                  9.1690772387551424E+003                  2.9802975274877597E-001                  2.9802975274877597E-001                  2.1477362151365361E-008                  2.1475336747081670E-008                  2.0254042836915921E-012                 -8.4080270639441839E+000                 -1.1665657412749972E+001                 -7.6825979494892316E+000 
                                     905                  1.7049801849581073E+001                  3.8991647288335918E-001                  7.3176322194139232E+000                 -4.6457392242288148E-002                  1.5472527145904305E+001                  6.9919318747189363E-001                  2.8030982357902612E-001                  2.0496988949080253E-002                  3.0458907887264963E-001                  3.5100312454956833E-001                  1.0233808463067749E+004                  2.9935331890915506E-001                  2.9935331890915506E-001                  1.6914078195177938E-008                  1.6912368949519346E-008                  1.7092456585923414E-012                 -8.4097730497928342E+000                 -1.1524783147448112E+001                 -7.6871521328294801E+000 
                                     906                  1.6976580997152510E+001                  3.8878798472684328E-001                  7.3186501638651844E+000                 -4.4204267581922738E-002                  1.5475925469099018E+001                  6.9919317859724395E-001                  2.8030982700138696E-001                  2.0496994401369095E-002                  3.0451192313334158E-001                  3.5080883582705913E-001                  1.0373903771756217E+004                  2.9981518281701414E-001                  2.9981518281701414E-001                  1.5100355806433775E-008                  1.5098645705979811E-008                  1.7101004539636102E-012                 -8.4114515344858543E+000                 -1.1508768128851257E+001                 -7.6904767019479046E+000 
                                     907                  1.6939679601656387E+001                  3.8821887093119350E-001                  7.3193301663766022E+000                 -4.2699916569947413E-002                  1.5478195127185618E+001                  6.9919317255073410E-001                  2.8030982933328957E-001                  2.0496998115976384E-002                  3.0446056120636267E-001                  3.5067901142533220E-001                  1.0625931773233478E+004                  2.9960632581166879E-001                  2.9960632581166879E-001                  1.5598149809126423E-008                  1.5596399731948928E-008                  1.7500771774939620E-012                 -8.4135873736427342E+000                 -1.1478628492107660E+001                 -7.6927619006064081E+000 
                                     908                  1.6902778206160260E+001                  3.8764949054416670E-001                  7.3200081842489331E+000                 -4.1198054843438393E-002                  1.5480459894817782E+001                  6.9919316654355401E-001                  2.8030983165019219E-001                  2.0497001806253801E-002                  3.0441006560919837E-001                  3.5054968385765128E-001                  1.1119809317783282E+004                  2.9937696985178747E-001                  2.9937696985178747E-001                  1.6162928789115300E-008                  1.6161167917640041E-008                  1.7608714752587355E-012                 -8.4157500310669544E+000                 -1.1420566711397425E+001                 -7.6950410769195274E+000 
                                     909                  1.6865876810664133E+001                  3.8707983911798999E-001                  7.3206843040321656E+000                 -3.9698786908892614E-002                  1.5482719802771328E+001                  6.9919316055037317E-001                  2.8030983396186576E-001                  2.0497005487761122E-002                  3.0436066535652068E-001                  3.5042082357204157E-001                  1.1568650942959743E+004                  2.9918084551291124E-001                  2.9918084551291124E-001                  1.6624202666259181E-008                  1.6622450610086395E-008                  1.7520561727863996E-012                 -8.4178606807097101E+000                 -1.1370133366400363E+001                 -7.6973133243516747E+000 
                                     910                  1.6828975415168003E+001                  3.8650991204369034E-001                  7.3217004483228756E+000                 -3.7446394869320047E-002                  1.5486115717401907E+001                  6.9919315165049445E-001                  2.8030983739495929E-001                  2.0497010954546258E-002                  3.0428835790190589E-001                  3.5022714703601104E-001                  1.2178047771850177E+004                  2.9895066177276419E-001                  2.9895066177276419E-001                  1.7197878137351233E-008                  1.7196143358095907E-008                  1.7347792553249679E-012                 -8.4213365929932245E+000                 -1.1304928864937400E+001                 -7.7008173768246584E+000 
                                     911                  1.6754591237595626E+001                  3.8536021544473431E-001                  7.3230559909852007E+000                 -3.4446719774018551E-002                  1.5490641997745946E+001                  6.9919314003050470E-001                  2.8030984187799163E-001                  2.0497018091503616E-002                  3.0419606341818323E-001                  3.4996859465291702E-001                  1.3351068267604529E+004                  2.9948516857260898E-001                  2.9948516857260898E-001                  1.5178796055637016E-008                  1.5177073879362747E-008                  1.7221762742685352E-012                 -8.4241976270068761E+000                 -1.1187340379319963E+001                 -7.7053473090903566E+000 
                                     912                  1.6680207060023246E+001                  3.8420932376182171E-001                  7.3244149209973388E+000                 -3.1455371579399850E-002                  1.5495166586310487E+001                  6.9919312822960822E-001                  2.8030984643151313E-001                  2.0497025338878649E-002                  3.0410794056951562E-001                  3.4970866404800582E-001                  1.4055521018682222E+004                  3.0034154889261422E-001                  3.0034154889261422E-001                  1.2150427605173562E-008                  1.2148697563500000E-008                  1.7300416735617540E-012                 -8.4265731529766903E+000                 -1.1122564074505695E+001                 -7.7098630840957254E+000 
                                     913                  1.6605242185311656E+001                  3.8304817356636411E-001                  7.3257773458277544E+000                 -2.8472288285597516E-002                  1.5499689611532402E+001                  6.9919311622876323E-001                  2.8030985106292367E-001                  2.0497032708313156E-002                  3.0402322175670182E-001                  3.4944737759610717E-001                  1.4719706368143221E+004                  3.0122229278108753E-001                  3.0122229278108753E-001                  9.0597664722651913E-009                  9.0580068996537650E-009                  1.7595726114261593E-012                 -8.4288847884056075E+000                 -1.1064618764206754E+001                 -7.7143667668844316E+000 
                                     914                  1.6530277310600066E+001                  3.8188567940542456E-001                  7.3268024770856792E+000                 -2.6242368427583148E-002                  1.5503080685623015E+001                  6.9919310694745274E-001                  2.8030985464538566E-001                  2.0497038407161661E-002                  3.0395974888913851E-001                  3.4925012996811017E-001                  1.5115272851941294E+004                  3.0257576505079525E-001                  3.0257576505079525E-001                  4.4752707853232846E-009                  4.4734692340638945E-009                  1.8015512593897995E-012                 -8.4292075408137936E+000                 -1.1031730347583121E+001                 -7.7176536808656122E+000 
                                     915                  1.6492504951989023E+001                  3.8129940468471757E-001                  7.3274883358810667E+000                 -2.4755446025067386E-002                  1.5505345321300478E+001                  6.9919310057558981E-001                  2.8030985710505307E-001                  2.0497042319357117E-002                  3.0391735002826736E-001                  3.4911797685548801E-001                  1.5142797631705724E+004                  3.0285675253481997E-001                  3.0285675253481997E-001                  3.4443667376315198E-009                  3.4425220058180315E-009                  1.8447318134882205E-012                 -8.4305824791343209E+000                 -1.1030472516953006E+001                 -7.7199097569357109E+000 
                                     916                  1.6454732593377983E+001                  3.8071276205104754E-001                  7.3281726165892973E+000                 -2.3271440788776056E-002                  1.5507605209017505E+001                  6.9919309407704633E-001                  2.8030985961384758E-001                  2.0497046309106093E-002                  3.0387430093936835E-001                  3.4898623248496674E-001                  1.5225699085997774E+004                  3.0279473867124368E-001                  3.0279473867124368E-001                  3.5044953793411260E-009                  3.5026212520104877E-009                  1.8741273306384329E-012                 -8.4324486731044814E+000                 -1.1024472050677046E+001                 -7.7221652586101408E+000 
                                     917                  1.6416960234766943E+001                  3.8012574582717668E-001                  7.3288550777199202E+000                 -2.1789903114533420E-002                  1.5509860379180465E+001                  6.9919308756589571E-001                  2.8030986212775411E-001                  2.0497050306350184E-002                  3.0382999965243290E-001                  3.4885500039638767E-001                  1.5463979754922648E+004                  3.0262129878426358E-001                  3.0262129878426358E-001                  3.9158230012401124E-009                  3.9139473389941106E-009                  1.8756622460016240E-012                 -8.4344779598803221E+000                 -1.1005354413299575E+001                 -7.7244219575689472E+000 
                                     918                  1.6379187876155903E+001                  3.7953835091155314E-001                  7.3298812167828133E+000                 -1.9565206223461067E-002                  1.5513248899853444E+001                  6.9919307794782859E-001                  2.8030986584162393E-001                  2.0497056210547537E-002                  3.0376018292949630E-001                  3.4865768671575920E-001                  1.5878535437089224E+004                  3.0255198872764111E-001                  3.0255198872764111E-001                  3.9906019985373921E-009                  3.9887573230823035E-009                  1.8446754550888870E-012                 -8.4376760156558319E+000                 -1.0972572213291340E+001                 -7.7279118488120071E+000 
                                     919                  1.6303064310390003E+001                  3.7835337876748720E-001                  7.3312529513989979E+000                 -1.6607283125638774E-002                  1.5517765528765338E+001                  6.9919306565449812E-001                  2.8030987058960832E-001                  2.0497063755893552E-002                  3.0366002487959132E-001                  3.4839339113306267E-001                  1.6655808241782368E+004                  3.0371010463830944E-001                  3.0371317928041824E-001                  1.7941885522073343E-012                 -2.3305309850071118E-015                  1.7965190831923414E-012                 -8.4396034344281734E+000                 -1.0912577099071571E+001                 -7.7324643084991544E+000 
                                     920                  1.6226940744624105E+001                  3.7716676990877718E-001                  7.3322801596334486E+000                 -1.4387667003487748E-002                  1.5521151911822226E+001                  6.9919305661856956E-001                  2.8030987408031943E-001                  2.0497069301111059E-002                  3.0358181543984059E-001                  3.4819600319171046E-001                  1.7082140756049746E+004                  3.0360806654430700E-001                  3.0534291246933287E-001                  1.6002063536163454E-012                 -1.5781804620060850E-013                  1.7580243998169539E-012                 -8.4395697708645621E+000                 -1.0881354675036317E+001                 -7.7358044998156048E+000 
                                     921                  1.6188590115897842E+001                  3.7656833101240844E-001                  7.3329666116596242E+000                 -1.2906503952734041E-002                  1.5523413293296446E+001                  6.9919305058859538E-001                  2.8030987641006194E-001                  2.0497073001342736E-002                  3.0352786565555445E-001                  3.4806412261497127E-001                  1.7171207465571675E+004                  3.0355490308380284E-001                  3.0601424671682781E-001                  1.5367352221741503E-012                 -1.9836980471952238E-013                  1.7351050268936727E-012                 -8.4404211141584824E+000                 -1.0875722191147716E+001                 -7.7380950205127483E+000 
                                     922                  1.6150239487171575E+001                  3.7596945817242611E-001                  7.3339935837560057E+000                 -1.0693807655225637E-002                  1.5526794010663860E+001                  6.9919304164505458E-001                  2.8030987986590061E-001                  2.0497078489044807E-002                  3.0344501542606844E-001                  3.4786687755786483E-001                  1.7388895216907538E+004                  3.0350031730617871E-001                  3.0632803385611423E-001                  1.4934857226617855E-012                 -2.1685401991649382E-013                  1.7103397425782793E-012                 -8.4430836500577353E+000                 -1.0861019348072508E+001                 -7.7416044726667401E+000 
                                     923                  1.6073538229719045E+001                  3.7477037885159981E-001                  7.3353624475969896E+000                 -7.7382411817995701E-003                  1.5531305895484921E+001                  6.9919303008823008E-001                  2.8030988433259385E-001                  2.0497085579176066E-002                  3.0333248300207927E-001                  3.4760474895394100E-001                  1.8069957368023901E+004                  3.0338905634988811E-001                  3.0817954854219959E-001                  1.3716381242172768E-012                 -3.0574155417727012E-013                  1.6773796783945470E-012                 -8.4440743571708570E+000                 -1.0813236915929622E+001                 -7.7461749620872862E+000 
                                     924                  1.5996260590858816E+001                  3.7356045737497562E-001                  7.3367303333614213E+000                 -4.7832970272518472E-003                  1.5535816306965822E+001                  6.9919301868870110E-001                  2.8030988873956120E-001                  2.0497092571737707E-002                  3.0321809555586177E-001                  3.4734343613051338E-001                  1.8435826249637004E+004                  3.0327541832104599E-001                  3.1075950087897919E-001                  1.2415237616234558E-012                 -4.0837267129261278E-013                  1.6498964329160686E-012                 -8.4440474889992121E+000                 -1.0789377854243630E+001                 -7.7507338491851163E+000 
                                     925                  1.5918982951998588E+001                  3.7234864652653971E-001                  7.3377546504768105E+000                 -2.5657688676902829E-003                  1.5539198137631621E+001                  6.9919301016580138E-001                  2.8030989203525342E-001                  2.0497097798945152E-002                  3.0313195137468357E-001                  3.4714839074356035E-001                  1.8566769025081703E+004                  3.0316095592397380E-001                  3.1242793833192511E-001                  1.1673760772958672E-012                 -4.6714569071474255E-013                  1.6345217680106098E-012                 -8.4440134561970606E+000                 -1.0781834758266333E+001                 -7.7540650575204086E+000 
                                     926                  1.5880056689307569E+001                  3.7173750534934813E-001                  7.3384391220826810E+000                 -1.0860327328558583E-003                  1.5541456354943637E+001                  6.9919300448539845E-001                  2.8030989423206293E-001                  2.0497101282538566E-002                  3.0307424535514699E-001                  3.4701814146040588E-001                  1.8684662846815423E+004                  3.0310324995389715E-001                  3.1278308258213844E-001                  1.1461341225022908E-012                 -4.7898673926193236E-013                  1.6251208617642232E-012                 -8.4453168110103931E+000                 -1.0774707621174905E+001                 -7.7563424594014601E+000 
                                     927                  1.5841130426616546E+001                  3.7112586520557722E-001                  7.3391220861521944E+000                  3.9083302966640203E-004                  1.5543710025715122E+001                  6.9919299885771313E-001                  2.8030989640875681E-001                  2.0497104733530058E-002                  3.0301704421361775E-001                  3.4688835944285906E-001                  1.8885020300788474E+004                  3.0304579977072299E-001                  3.1310553670308361E-001                  1.1246756700768215E-012                 -4.8946415258595722E-013                  1.6141398226627787E-012                 -8.4466643037426010E+000                 -1.0761928216477253E+001                 -7.7586166368780134E+000 
                                     928                  1.5802204163925527E+001                  3.7051371951823303E-001                  7.3398035537003192E+000                  1.8648475318854287E-003                  1.5545959179460608E+001                  6.9919299328009354E-001                  2.8030989856635752E-001                  2.0497108153548993E-002                  3.0296071526049262E-001                  3.4675904634902471E-001                  1.9080279640057033E+004                  3.0298903878166272E-001                  3.1350149317578779E-001                  1.0973211301678154E-012                 -5.0201614323527769E-013                  1.5993372734030931E-012                 -8.4479084242467035E+000                 -1.0749640785095609E+001                 -7.7608873414433379E+000 
                                     929                  1.5763277901234508E+001                  3.6990106169378717E-001                  7.3408281269924043E+000                  4.0778451858706722E-003                  1.5549338283780902E+001                  6.9919298497184246E-001                  2.8030990178066006E-001                  2.0497113247497478E-002                  3.0287718444594730E-001                  3.4656478472050339E-001                  1.9341658642801773E+004                  3.0293317022754002E-001                  3.1385467314214410E-001                  1.0656866434806779E-012                 -5.1288771875757159E-013                  1.5785743622382495E-012                 -8.4505172493208036E+000                 -1.0733590517013297E+001                 -7.7643794593256628E+000 
                                     930                  1.5684852188340276E+001                  3.6866513522186961E-001                  7.3421921459188697E+000                  7.0305150417743299E-003                  1.5553842660216812E+001                  6.9919297414311921E-001                  2.8030990597116340E-001                  2.0497119885717341E-002                  3.0276900698467590E-001                  3.4630712402792130E-001                  1.9899705786882245E+004                  3.0282327690247185E-001                  3.1580962381990851E-001                  9.8096653253952937E-013                 -5.7100325564502578E-013                  1.5519697881845551E-012                 -8.4514234410508173E+000                 -1.0698766483908772E+001                 -7.7689381634495662E+000 
                                     931                  1.5606426475446044E+001                  3.6742704874697185E-001                  7.3435552342684494E+000                  9.9825439799529816E-003                  1.5558345488819743E+001                  6.9919296345398474E-001                  2.8030991010872869E-001                  2.0497126437286628E-002                  3.0266366926369220E-001                  3.4605045989594185E-001                  2.0293160760769133E+004                  3.0271673214062672E-001                  3.1826668419112203E-001                  8.8747459750155880E-013                 -6.3867619282816606E-013                  1.5261507903297249E-012                 -8.4516789938339496E+000                 -1.0675496725410412E+001                 -7.7735083466345332E+000 
                                     932                  1.5527429463968973E+001                  3.6617770410213912E-001                  7.3449174107948387E+000                  1.2934065139557400E-002                  1.5562846913597333E+001                  6.9919295289872474E-001                  2.8030991419556417E-001                  2.0497132905711091E-002                  3.0256097220474237E-001                  3.4579483288515184E-001                  2.0687382223947494E+004                  3.0261254424374995E-001                  3.2078570606909546E-001                  8.0292177748557837E-013                 -7.0286360906204064E-013                  1.5057853865476190E-012                 -8.4518840111921740E+000                 -1.0652673480016727E+001                 -7.7780884358176543E+000 
                                     933                  1.5448432452491897E+001                  3.6492605606542805E-001                  7.3459375468609762E+000                  1.5149113864902523E-002                  1.5566222171932685E+001                  6.9919294504961083E-001                  2.8030991723544557E-001                  2.0497137714943658E-002                  3.0248580680338671E-001                  3.4560416999498306E-001                  2.0965617123957552E+004                  3.0251122983948675E-001                  3.2395683088981342E-001                  7.1421439493674503E-013                 -7.7851236587440539E-013                  1.4927267608111504E-012                 -8.4499580867827362E+000                 -1.0636950784762524E+001                 -7.7814594498445953E+000 
                                     934                  1.5408649353727174E+001                  3.6429483653201727E-001                  7.3466191815740531E+000                  1.6627043005631961E-002                  1.5568475804398672E+001                  6.9919293979897124E-001                  2.8030991926924587E-001                  2.0497140931782898E-002                  3.0243583522336431E-001                  3.4547693426823572E-001                  2.1018199275739429E+004                  3.0246107695099744E-001                  3.2508624512157058E-001                  6.8334795739385340E-013                 -8.0349477037612134E-013                  1.4868427277699747E-012                 -8.4502748887101191E+000                 -1.0634813928560767E+001                 -7.7837615775318962E+000 
                                     935                  1.5368866254962452E+001                  3.6366301115171817E-001                  7.3472993763470393E+000                  1.8102175632414164E-002                  1.5570725046559700E+001                  6.9919293456395226E-001                  2.8030992129727866E-001                  2.0497144138769130E-002                  3.0238616215939712E-001                  3.4535020432267055E-001                  2.1099531396382310E+004                  3.0241125927653312E-001                  3.2577924316424173E-001                  6.6508145843022561E-013                 -8.1761901943855389E-013                  1.4827004778687795E-012                 -8.4511774367771455E+000                 -1.0630907008705041E+001                 -7.7860614550996283E+000 
                                     936                  1.5329083156197729E+001                  3.6303057260791444E-001                  7.3479781407483777E+000                  1.9574529173782673E-002                  1.5572969927223255E+001                  6.9919292935707267E-001                  2.8030992331469440E-001                  2.0497147328232934E-002                  3.0233656689411104E-001                  3.4522398194375559E-001                  2.1236843886959985E+004                  3.0236162906432890E-001                  3.2639033557535579E-001                  6.4593488964568859E-013                 -8.2954159740166235E-013                  1.4754764870473509E-012                 -8.4521897462743620E+000                 -1.0623578488175268E+001                 -7.7883587957815195E+000 
                                     937                  1.5289300057433008E+001                  3.6239751355717226E-001                  7.3489985768724111E+000                  2.1784786466163247E-002                  1.5576342308998214E+001                  6.9919292157584101E-001                  2.8030992632997642E-001                  2.0497152094182569E-002                  3.0226098635797083E-001                  3.4503449680722825E-001                  2.1456164650426708E+004                  3.0231176040136626E-001                  3.2693400844699716E-001                  6.2303466808141763E-013                 -8.3968541073401221E-013                  1.4627200788154298E-012                 -8.4546005679936975E+000                 -1.0611881026666882E+001                 -7.7918819664878738E+000 
                                     938                  1.5209167011638611E+001                  3.6112045408451215E-001                  7.3503571923531856E+000                  2.4733862723204898E-002                  1.5580837953116619E+001                  6.9919291136729922E-001                  2.8030993028700751E-001                  2.0497158345693212E-002                  3.0215750989051793E-001                  3.4478336592188402E-001                  2.1930912623994624E+004                  3.0220953191782879E-001                  3.2933807585969804E-001                  5.5738546420020969E-013                 -8.8834110065757270E-013                  1.4457265648577824E-012                 -8.4550831812968799E+000                 -1.0585613530581345E+001                 -7.7964892236902870E+000 
                                     939                  1.5129033965844210E+001                  3.5984078661097535E-001                  7.3513746804484184E+000                  2.6947141707693228E-002                  1.5584208988896370E+001                  6.9919290377777588E-001                  2.8030993322972769E-001                  2.0497162992496376E-002                  3.0207632777181015E-001                  3.4459616418162492E-001                  2.2238869458948811E+004                  3.0210381762123678E-001                  3.3226256978713387E-001                  4.8649073975185594E-013                 -9.4542566528324593E-013                  1.4319164050351019E-012                 -8.4536247917928602E+000                 -1.0569129540264658E+001                 -7.7998855450192908E+000 
                                     940                  1.5088685298068299E+001                  3.5919544455178293E-001                  7.3520544921443776E+000                  2.8423783591036242E-002                  1.5586459663662790E+001                  6.9919289870617407E-001                  2.8030993519646108E-001                  2.0497166097364850E-002                  3.0202017796950831E-001                  3.4447130013510302E-001                  2.2321206000837174E+004                  3.0204856284297205E-001                  3.3351499316333871E-001                  4.5622740178470213E-013                 -9.6849092505650412E-013                  1.4247183268412064E-012                 -8.4538368397593810E+000                 -1.0565441894134587E+001                 -7.8022011092659147E+000 
                                     941                  1.5048336630292392E+001                  3.5854941798083118E-001                  7.3527328829089020E+000                  2.9897690431325140E-002                  1.5588706054991757E+001                  6.9919289365376236E-001                  2.8030993715605296E-001                  2.0497169190184739E-002                  3.0196313009924408E-001                  3.4434696854694791E-001                  2.2429404154963366E+004                  3.0199196834122100E-001                  3.3429341503942572E-001                  4.3747935332492664E-013                 -9.8142064222046211E-013                  1.4188999955453888E-012                 -8.4546700328765301E+000                 -1.0560267509886859E+001                 -7.8045149443594637E+000 
                                     942                  1.5007987962516486E+001                  3.5790269902373184E-001                  7.3534098602117863E+000                  3.1368878632846320E-002                  1.5590948191255279E+001                  6.9919288864070672E-001                  2.8030993910068180E-001                  2.0497172258611474E-002                  3.0190556828940479E-001                  3.4422316922346652E-001                  2.2633738496367980E+004                  3.0193466850115008E-001                  3.3518783034137395E-001                  4.1422278076933508E-013                 -9.9640837647427583E-013                  1.4106311572436108E-012                 -8.4553546909710811E+000                 -1.0549576089486765E+001                 -7.8068268060425012E+000 
                                     943                  1.4967639294740577E+001                  3.5725527977150034E-001                  7.3544275178597092E+000                  3.3577214151034471E-002                  1.5594316236885755E+001                  6.9919288115218559E-001                  2.8030994200603104E-001                  2.0497176841783427E-002                  3.0181849167265118E-001                  3.4403740303519326E-001                  2.2881959844144189E+004                  3.0187700312368548E-001                  3.3642218787617917E-001                  3.8218776685432331E-013                 -1.0177643961578590E-012                  1.3999521630121823E-012                 -8.4569115162898516E+000                 -1.0537056806334334E+001                 -7.8103665217518694E+000 
                                     944                  1.4886380467247880E+001                  3.5594926627750839E-001                  7.3557824246151213E+000                  3.6523807108154852E-002                  1.5598806255611992E+001                  6.9919287125811147E-001                  2.8030994584590502E-001                  2.0497182895983457E-002                  3.0170512242447123E-001                  3.4379130649380113E-001                  2.3224140037713252E+004                  3.0176215459476641E-001                  3.4013866189592268E-001                  3.0521463216735402E-013                 -1.0824764301810837E-012                  1.3876910623484379E-012                 -8.4558454004578785E+000                 -1.0519968482185199E+001                 -7.8150054545857595E+000 
                                     945                  1.4805121639755184E+001                  3.5464031490784215E-001                  7.3571364141746294E+000                  3.9469705540160667E-002                  1.5603294818609106E+001                  6.9919286140606740E-001                  2.8030994967072570E-001                  2.0497188923206844E-002                  3.0159768766578615E-001                  3.4354650971673173E-001                  2.3458676130691787E+004                  3.0165195032612535E-001                  3.4277484889561777E-001                  2.5227393041113111E-013                 -1.1239560605330014E-012                  1.3762299909441326E-012                 -8.4562085045359492E+000                 -1.0509124276809976E+001                 -7.8196486034350725E+000 
                                     946                  1.4723304359056115E+001                  3.5331933267583521E-001                  7.3584895316380283E+000                  4.2415088960151816E-002                  1.5607782079817881E+001                  6.9919285161528621E-001                  2.8030995347305421E-001                  2.0497194911659578E-002                  3.0149924019454494E-001                  3.4330302501510634E-001                  2.3756394601218632E+004                  3.0154883873391958E-001                  3.4546774298944838E-001                  2.0189199648329298E-013                 -1.1643684395317970E-012                  1.3662604360150900E-012                 -8.4565254593645012E+000                 -1.0494935634860505E+001                 -7.8242932530043134E+000 
                                     947                  1.4641487078357043E+001                  3.5199523750475964E-001                  7.3595029945024040E+000                  4.4625701589111465E-002                  1.5611147000404094E+001                  6.9919284430276785E-001                  2.8030995631391997E-001                  2.0497199383312181E-002                  3.0143272158558959E-001                  3.4312159599668041E-001                  2.3963062101826388E+004                  3.0145538234613378E-001                  3.4818398576526510E-001                  1.5463812457025954E-013                 -1.2032181740956149E-012                  1.3578562986658745E-012                 -8.4555536824605859E+000                 -1.0485326645514968E+001                 -7.8277225588344308E+000 
                                     948                  1.4600300858604534E+001                  3.5132750217544129E-001                  7.3601800777539550E+000                  4.6100436124814369E-002                  1.5613393372986401E+001                  6.9919283942029953E-001                  2.8030995821106686E-001                  2.0497202368633616E-002                  3.0139136107389075E-001                  3.4300063401096442E-001                  2.4064607898009013E+004                  3.0141243234398368E-001                  3.4897783166191521E-001                  1.3745332893214545E-013                 -1.2123348108613533E-012                  1.3497881397934988E-012                 -8.4564307499856604E+000                 -1.0480936709872028E+001                 -7.8300515696405961E+000 
                                     949                  1.4559114638852023E+001                  3.5065895193724739E-001                  7.3608558297102302E+000                  4.7572553308825635E-002                  1.5615635627153182E+001                  6.9919283459533310E-001                  2.8030996008578513E-001                  2.0497205318881773E-002                  3.0135247372869717E-001                  3.4288020457984497E-001                  2.4235393788483405E+004                  3.0137231141869503E-001                  3.4974855526791843E-001                  1.1738794636164064E-013                 -1.2208361547670963E-012                  1.3382241011287369E-012                 -8.4573371881784354E+000                 -1.0472839689032734E+001                 -7.8323777677603852E+000 
                                     950                  1.4517928419099514E+001                  3.4998957797320090E-001                  7.3615302641175528E+000                  4.9042071534799996E-002                  1.5617873790676905E+001                  6.9919282983309594E-001                  2.8030996193604546E-001                  2.0497208230858543E-002                  3.0131562001479073E-001                  3.4276030499777349E-001                  2.4438834494882252E+004                  3.0133444555514366E-001                  3.5084017262110784E-001                  8.8429032939305937E-014                 -1.2344718249129149E-012                  1.3229008578522208E-012                 -8.4578471809031495E+000                 -1.0463063123089801E+001                 -7.8347016233569677E+000 
                                     951                  1.4476742199347003E+001                  3.4931937142366876E-001                  7.3625440673581579E+000                  5.1247733172484766E-002                  1.5621235531224592E+001                  6.9919282274470329E-001                  2.8030996468995439E-001                  2.0497212565342315E-002                  3.0126145258427861E-001                  3.4258045743001536E-001                  2.4631993175160675E+004                  3.0129804962688489E-001                  3.5229194419328602E-001                  5.0221124356766452E-014                 -1.2537129099136871E-012                  1.3039340342704536E-012                 -8.4592211809135609E+000                 -1.0454484842668586E+001                 -7.8382516618999629E+000 
                                     952                  1.4393818113049186E+001                  3.4796741146902593E-001                  7.3638940872325787E+000                  5.4190899351561628E-002                  1.5625717382154873E+001                  6.9919281348808238E-001                  2.8030996828590465E-001                  2.0497218226013025E-002                  3.0118111190837926E-001                  3.4234224942283159E-001                  2.4981398814667187E+004                  3.0122170273395626E-001                  3.5572590567564139E-001                 -1.8106789648235347E-014                 -1.2993435610315987E-012                  1.2812367713833635E-012                 -8.4587661594512404E+000                 -1.0438380870216733E+001                 -7.8429312723418185E+000 
                                     953                  1.4310894026751372E+001                  3.4661196690448021E-001                  7.3649052900616034E+000                  5.6399876020210432E-002                  1.5629078362700110E+001                  6.9919280666511130E-001                  2.8030997093619631E-001                  2.0497222398692339E-002                  3.0111204423191168E-001                  3.4216478727219291E-001                  2.5223004072271524E+004                  3.0113560718412030E-001                  3.5995853317023080E-001                 -9.4512891616290510E-014                 -1.3553050703164048E-012                  1.2607921787001144E-012                 -8.4561112052830509E+000                 -1.0427532079140921E+001                 -7.8464047989853531E+000 
                                     954                  1.4269158056235890E+001                  3.4592842953693564E-001                  7.3655808048712421E+000                  5.7873369862703937E-002                  1.5631321951375325E+001                  6.9919280213028967E-001                  2.8030997269760261E-001                  2.0497225172107725E-002                  3.0106177099797987E-001                  3.4204650482864385E-001                  2.5284999113685961E+004                  3.0108735315800284E-001                  3.6151707418923451E-001                 -1.2776503995225537E-013                 -1.3738450216597976E-012                  1.2460799817075422E-012                 -8.4561336718571436E+000                 -1.0425467230780850E+001                 -7.8487630285577117E+000 
                                     955                  1.4227422085720407E+001                  3.4524398108536469E-001                  7.3665917021785452E+000                  6.0075180276739207E-002                  1.5634677010966099E+001                  6.9919279539439239E-001                  2.8030997531382001E-001                  2.0497229291787544E-002                  3.0098168040386880E-001                  3.4186990406884088E-001                  2.5412221132044149E+004                  3.0103552308223763E-001                  3.6249633902491424E-001                 -1.5264346965435595E-013                 -1.3833413138507748E-012                  1.2306978441964188E-012                 -8.4581559339791230E+000                 -1.0420627875384625E+001                 -7.8523434816554341E+000 
                                     956                  1.4143950144689438E+001                  3.4387230395173246E-001                  7.3679391989434491E+000                  6.3016272917840746E-002                  1.5639154817469979E+001                  6.9919278658811324E-001                  2.8030997873383973E-001                  2.0497234678046983E-002                  3.0087057861140404E-001                  3.4163581098835277E-001                  2.5753708627641139E+004                  3.0092677121704176E-001                  3.6565700453813083E-001                 -2.1022665411501866E-013                 -1.4194206909212871E-012                  1.2091940368062684E-012                 -8.4581934190257719E+000                 -1.0405500494067294E+001                 -7.8570633118882585E+000 
                                     957                  1.4059934383883231E+001                  3.4248789257165480E-001                  7.3692858132056358E+000                  6.5956787362392563E-002                  1.5643631395826745E+001                  6.9919277793915435E-001                  2.8030998209243002E-001                  2.0497239968415570E-002                  3.0075989846866297E-001                  3.4140312199179784E-001                  2.6056210516197087E+004                  3.0081571212342062E-001                  3.6888725848988729E-001                 -2.6911882594636606E-013                 -1.4548730026664294E-012                  1.1857541767200634E-012                 -8.4581769115226937E+000                 -1.0392539885097561E+001                 -7.8617803472574845E+000 
                                     958                  1.3975918623077021E+001                  3.4109959135023343E-001                  7.3702944290416079E+000                  6.8163875617155950E-002                  1.5646988542787426E+001                  6.9919277156614790E-001                  2.8030998456696787E-001                  2.0497243866884229E-002                  3.0068132440740614E-001                  3.4122982491811549E-001                  2.6325769052167099E+004                  3.0070811600402769E-001                  3.7277783013848986E-001                 -3.3169715746490382E-013                 -1.4979138654931672E-012                  1.1662167080282634E-012                 -8.4561287039741675E+000                 -1.0380807251442549E+001                 -7.8652700631612928E+000 
                                     959                  1.3933640979678348E+001                  3.4039949072090081E-001                  7.3709681611367532E+000                  6.9636032286889138E-002                  1.5649229412964106E+001                  6.9919276733262303E-001                  2.8030998621069536E-001                  2.0497246456681606E-002                  3.0063182104928304E-001                  3.4111434985750611E-001                  2.6407821002561534E+004                  3.0065706697052197E-001                  3.7444068684721998E-001                 -3.6177265643411751E-013                 -1.5147734679372900E-012                  1.1530008115031725E-012                 -8.4560955610900432E+000                 -1.0377866867422227E+001                 -7.8676248895237331E+000 
                                     960                  1.3891363336279678E+001                  3.3969837430509781E-001                  7.3716406171496471E+000                  7.1105728595048837E-002                  1.5651466394979357E+001                  6.9919276313782708E-001                  2.8030998783930272E-001                  2.0497249022870201E-002                  3.0058557669437475E-001                  3.4099940951623142E-001                  2.6513129867273674E+004                  3.0060919610097386E-001                  3.7547414001005897E-001                 -3.8058762171589883E-013                 -1.5227104638270077E-012                  1.1421228421111088E-012                 -8.4567920062175084E+000                 -1.0373787938559785E+001                 -7.8699721015240325E+000 
                                     961                  1.3849085692881008E+001                  3.3899623169928916E-001                  7.3723118132308487E+000                  7.2572994777171954E-002                  1.5653699515924398E+001                  6.9919275899106970E-001                  2.8030998944917673E-001                  2.0497251559753571E-002                  3.0054290987367482E-001                  3.4088499995433763E-001                  2.6684856123178972E+004                  3.0056474457525617E-001                  3.7676677417167892E-001                 -4.0358172141225209E-013                 -1.5339148944703344E-012                  1.1303331730580823E-012                 -8.4571864971860400E+000                 -1.0366474951462283E+001                 -7.8723117272605636E+000 
                                     962                  1.3806808049482337E+001                  3.3829305245690194E-001                  7.3733205882039776E+000                  7.4775012636021210E-002                  1.5657053201022896E+001                  6.9919275281437465E-001                  2.8030999184699895E-001                  2.0497255338626452E-002                  3.0048522419958401E-001                  3.4071347944719987E-001                  2.6878991732993196E+004                  3.0052426899687823E-001                  3.7843993821059718E-001                 -4.3391312257549036E-013                 -1.5498892022482625E-012                  1.1159760796727722E-012                 -8.4584312242962767E+000                 -1.0358672757850460E+001                 -7.8758587573180563E+000 
                                     963                  1.3721717817245846E+001                  3.3687460224762100E-001                  7.3746640293065200E+000                  7.7713748506485394E-002                  1.5661524643778169E+001                  6.9919274472124238E-001                  2.8030999498846215E-001                  2.0497260290295527E-002                  3.0041682551659282E-001                  3.4048638389465558E-001                  2.7165590234002852E+004                  3.0045154827776471E-001                  3.8310642407830331E-001                 -4.9988462906227715E-013                 -1.5977006548380897E-012                  1.0978160257758124E-012                 -8.4568802395215119E+000                 -1.0347034434173780E+001                 -7.8805360210081430E+000 
                                     964                  1.3636627585009354E+001                  3.3545182408189944E-001                  7.3760067709170158E+000                  8.0652086747011659E-002                  1.5665994743013277E+001                  6.9919273674800686E-001                  2.8030999808305768E-001                  2.0497265168935463E-002                  3.0034590098493835E-001                  3.4026067122069181E-001                  2.7382666490411975E+004                  3.0038200776489737E-001                  3.8659078755759935E-001                 -5.5026937852439463E-013                 -1.6284624047890687E-012                  1.0781930262646739E-012                 -8.4567488185274460E+000                 -1.0338859550116627E+001                 -7.8852372022403463E+000 
                                     965                  1.3551007269841074E+001                  3.3401572551464404E-001                  7.3773488006749748E+000                  8.3590093315650302E-002                  1.5670463668448022E+001                  6.9919272890085704E-001                  2.8031000112838805E-001                  2.0497269970754850E-002                  3.0026295428919919E-001                  3.4003634818433004E-001                  2.7645755643247921E+004                  3.0030497295854131E-001                  3.9015541515567376E-001                 -5.9962801818757889E-013                 -1.6588637976157995E-012                  1.0592357794282208E-012                 -8.4565930650020285E+000                 -1.0328619619570773E+001                 -7.8899702563703666E+000 
                                     966                  1.3465386954672793E+001                  3.3257506594556430E-001                  7.3783541038166467E+000                  8.5795449664578555E-002                  1.5673815262772834E+001                  6.9919272310705172E-001                  2.8031000337660900E-001                  2.0497273516339343E-002                  3.0019284736956842E-001                  3.3986929539623956E-001                  2.7852544008352790E+004                  3.0021686771303391E-001                  3.9375947354262592E-001                 -6.4540506354836646E-013                 -1.6885112032866817E-012                  1.0431061397383154E-012                 -8.4551719037643611E+000                 -1.0320587979596272E+001                 -7.8935111935758488E+000 
                                     967                  1.3422314342708006E+001                  3.3184857121906414E-001                  7.3790255521623802E+000                  8.7266254490411185E-002                  1.5676052174582409E+001                  6.9919271926071180E-001                  2.8031000486905522E-001                  2.0497275870232978E-002                  3.0014234981793420E-001                  3.3975801158161162E-001                  2.7949852205617208E+004                  3.0016815752104625E-001                  3.9496220200101606E-001                 -6.6424445370549949E-013                 -1.6956978811496386E-012                  1.0314534274441391E-012                 -8.4557924391761574E+000                 -1.0317171870000838E+001                 -7.8959060471401958E+000 
                                     968                  1.3379241730743221E+001                  3.3112088704772902E-001                  7.3796957727777093E+000                  8.8734665108289701E-002                  1.5678285379816385E+001                  6.9919271545214035E-001                  2.8031000634676434E-001                  2.0497278201095259E-002                  3.0008972585604871E-001                  3.3964724824401177E-001                  2.8098090558880031E+004                  3.0011659874625268E-001                  3.9594673978508060E-001                 -6.7866301219461211E-013                 -1.7001509274149165E-012                  1.0214879152203043E-012                 -8.4566599930227522E+000                 -1.0311410033679987E+001                 -7.8983034286137226E+000 
                                     969                  1.3336169118778431E+001                  3.3039200144702069E-001                  7.3803647699599324E+000                  9.0200690942697434E-002                  1.5680514905139733E+001                  6.9919271168523434E-001                  2.8031000780822551E-001                  2.0497280506540205E-002                  3.0003555916736896E-001                  3.3953700291261185E-001                  2.8275097011157955E+004                  3.0006320726237423E-001                  3.9741926505287634E-001                 -6.9916541233216767E-013                 -1.7102066632342134E-012                  1.0110412509020457E-012                 -8.4569990786596563E+000                 -1.0304359086605722E+001                 -7.9007020401799739E+000 
                                     970                  1.3293096506813644E+001                  3.2966190233465198E-001                  7.3813700743897384E+000                  9.2400392127153855E-002                  1.5683862802916339E+001                  6.9919270606829453E-001                  2.8031000998732880E-001                  2.0497283944376665E-002                  2.9995216525775859E-001                  3.3937177438671462E-001                  2.8439826034198923E+004                  3.0000844252749409E-001                  3.9928282515380115E-001                 -7.2611303728019943E-013                 -1.7245721770653596E-012                  9.9845913978516003E-013                 -8.4582278494921415E+000                 -1.0298493163776373E+001                 -7.9043376606715601E+000 
                                     971                  1.3206431825256464E+001                  3.2818916294882905E-001                  7.3827088028740242E+000                  9.5335887007154396E-002                  1.5688326790836337E+001                  6.9919269870906675E-001                  2.8031001284202955E-001                  2.0497288448903639E-002                  2.9984184694838067E-001                  3.3915306024642589E-001                  2.8749306478796629E+004                  2.9989758816500284E-001                  4.0348164205476694E-001                 -7.7497880847495026E-013                 -1.7575940411321007E-012                  9.8261523265715053E-013                 -8.4576032910125623E+000                 -1.0286654353272839E+001                 -7.9091508626565652E+000 
                                     972                  1.3119767143699280E+001                  3.2671136110021759E-001                  7.3837116049155442E+000                  9.7539365931100547E-002                  1.5691674811136012E+001                  6.9919269327665623E-001                  2.8031001494905927E-001                  2.0497291774284498E-002                  2.9976240857454506E-001                  3.3899020355386983E-001                  2.8984386632113506E+004                  2.9978959004619282E-001                  4.0875269304290340E-001                 -8.3311988968039480E-013                 -1.8009461668770982E-012                  9.6782627719670352E-013                 -8.4545910285276644E+000                 -1.0277728808207479E+001                 -7.9127341920241587E+000 
                                     973                  1.3076177983879274E+001                  3.2596614021217885E-001                  7.3843813218455070E+000                  9.9008794291093757E-002                  1.5693909160227834E+001                  6.9919268966677950E-001                  2.8031001634911379E-001                  2.0497293984106713E-002                  2.9971144289632828E-001                  3.3888173202419125E-001                  2.9054655524574431E+004                  2.9973752844142487E-001                  4.1071836722633692E-001                 -8.5733935730178407E-013                 -1.8145172358927188E-012                  9.5717787859093478E-013                 -8.4544661162862589E+000                 -1.0275692672607178E+001                 -7.9151382066317151E+000 
                                     974                  1.3032588824059269E+001                  3.2521959995669997E-001                  7.3853837359794996E+000                  1.0120498550110658E-001                  1.5697251030721016E+001                  6.9919268429879966E-001                  2.8031001843090775E-001                  2.0497297270292592E-002                  2.9963915553992837E-001                  3.3871981310739369E-001                  2.9172554870737516E+004                  2.9968795202481907E-001                  4.1190190616647937E-001                 -8.7300850989853978E-013                 -1.8193157511766652E-012                  9.4630724127812529E-013                 -8.4564493539899992E+000                 -1.0272078762058308E+001                 -7.9187461832908328E+000 
                                     975                  1.2945410504419257E+001                  3.2372249915474283E-001                  7.3867200206592010E+000                  1.0413882531854166E-001                  1.5701711311416418E+001                  6.9919267726139578E-001                  2.8031002115980735E-001                  2.0497301578796812E-002                  2.9955098547201620E-001                  3.3850525576599078E-001                  2.9474843102237301E+004                  2.9959581339899743E-001                  4.1589858268527313E-001                 -9.1461412534204588E-013                 -1.8457113076958127E-012                  9.3109718235376664E-013                 -8.4561406889884196E+000                 -1.0260838171202570E+001                 -7.9235160223978349E+000 
                                     976                  1.2857724705042447E+001                  3.2221119965521416E-001                  7.3880555749696502E+000                  1.0707245862823203E-001                  1.5706170486400929E+001                  6.9919267033356758E-001                  2.8031002384589049E-001                  2.0497305820541989E-002                  2.9946663962945846E-001                  3.3829206120427746E-001                  2.9746252545191113E+004                  2.9950943747322178E-001                  4.1998695952589005E-001                 -9.5718591747783171E-013                 -1.8717082806507904E-012                  9.1452236317295886E-013                 -8.4557675515903714E+000                 -1.0251068416620582E+001                 -7.9282776723501733E+000 
                                     977                  1.2770038905665634E+001                  3.2069429179549924E-001                  7.3890561151984997E+000                  1.0927486192758590E-001                  1.5709515029605418E+001                  6.9919266521833490E-001                  2.8031002582894354E-001                  2.0497308952721616E-002                  2.9940208155027770E-001                  3.3813329894725519E-001                  2.9992582006272532E+004                  2.9942432033097344E-001                  4.2497968031856748E-001                 -1.0052087878992437E-012                 -1.9056523718032452E-012                  9.0044358390400142E-013                 -8.4532468555522691E+000                 -1.0241948205112493E+001                 -7.9318388690153681E+000 
                                     978                  1.2725945509419397E+001                  3.1992935538782247E-001                  7.3897242834320549E+000                  1.1074355214052964E-001                  1.5711746871842138E+001                  6.9919266181975870E-001                  2.8031002714640779E-001                  2.0497311033833565E-002                  2.9935721007978977E-001                  3.3802756416076862E-001                  3.0074686797859493E+004                  2.9938028829050600E-001                  4.2708959946331215E-001                 -1.0272728703776458E-012                 -1.9181263887311735E-012                  8.9085351835352754E-013                 -8.4530468262042788E+000                 -1.0239473757646117E+001                 -7.9342313490004539E+000 
                                     979                  1.2681852113173154E+001                  3.1916295866408340E-001                  7.3903913172959088E+000                  1.1221009780866902E-001                  1.5713975263831344E+001                  6.9919265845071699E-001                  2.8031002845234093E-001                  2.0497313096942138E-002                  2.9931103450420710E-001                  3.3792231513791438E-001                  3.0181061339414213E+004                  2.9933476669166936E-001                  4.2834035548186961E-001                 -1.0389378239776031E-012                 -1.9217876093564740E-012                  8.8284978537887101E-013                 -8.4537306018697986E+000                 -1.0235962043796372E+001                 -7.9366257025827487E+000 
                                     980                  1.2637758716926914E+001                  3.1839508726081756E-001                  7.3910572220595716E+000                  1.1367450764325041E-001                  1.5716200231838538E+001                  6.9919265511601714E-001                  2.8031002974488051E-001                  2.0497315139102357E-002                  2.9926354785629833E-001                  3.3781754823196908E-001                  3.0337472604300583E+004                  2.9928793921787517E-001                  4.3012038783460277E-001                 -1.0561011661457579E-012                 -1.9305291910793706E-012                  8.7442802493361281E-013                 -8.4538873618525958E+000                 -1.0230318035320725E+001                 -7.9390229873251164E+000 
                                     981                  1.2593665320680673E+001                  3.1762572668116629E-001                  7.3920577306635717E+000                  1.1587156004917844E-001                  1.5719540724321456E+001                  6.9919265014121657E-001                  2.8031003167300556E-001                  2.0497318185777935E-002                  2.9918943904926248E-001                  3.3766056231754571E-001                  3.0504064351760928E+004                  2.9923958973566023E-001                  4.3228774652581842E-001                 -1.0784881738037429E-012                 -1.9428248676877448E-012                  8.6433669388400179E-013                 -8.4549571110762951E+000                 -1.0224831974420585E+001                 -7.9426462371249187E+000 
                                     982                  1.2504984401664903E+001                  3.1607380476229585E-001                  7.3933902290591851E+000                  1.1880395796839543E-001                  1.5723995204024476E+001                  6.9919264361011257E-001                  2.8031003420399331E-001                  2.0497322185894173E-002                  2.9908741981710507E-001                  3.3745272946570376E-001                  3.0770082075621896E+004                  2.9913909612997097E-001                  4.3799436195010261E-001                 -1.1285012007754729E-012                 -1.9795008836661014E-012                  8.5099968289062856E-013                 -8.4532279737744158E+000                 -1.0215734328572484E+001                 -7.9474915832031474E+000 
                                     983                  1.2416303482649131E+001                  3.1451567894360416E-001                  7.3947219076313040E+000                  1.2173575906543056E-001                  1.5728448435965202E+001                  6.9919263717155455E-001                  2.8031003669879068E-001                  2.0497326129654825E-002                  2.9898268489467456E-001                  3.3724620765358049E-001                  3.0989152154853142E+004                  2.9903587176361984E-001                  4.4243566371003001E-001                 -1.1664298361480884E-012                 -2.0026999182532022E-012                  8.3627008210511359E-013                 -8.4528513382705093E+000                 -1.0208729368325510E+001                 -7.9523702560636886E+000 
                                     984                  1.2327135700276253E+001                  3.1294261911106130E-001                  7.3960527871007073E+000                  1.2466703528070958E-001                  1.5732900608376053E+001                  6.9919263082618499E-001                  2.8031003915715241E-001                  2.0497330016662652E-002                  2.9887692574129898E-001                  3.3704097983105696E-001                  3.1240143967681484E+004                  2.9893049068922944E-001                  4.4697714243419079E-001                 -1.2037352533392728E-012                 -2.0255622631499061E-012                  8.2182700981063321E-013                 -8.4524510656404459E+000                 -1.0200478079734276E+001                 -7.9572798971353711E+000 
                                     985                  1.2237967917903379E+001                  3.1136303442563529E-001                  7.3970498212371378E+000                  1.2686752190138209E-001                  1.5736240105372911E+001                  6.9919262613874655E-001                  2.8031004097294338E-001                  2.0497332888310016E-002                  2.9879918445014170E-001                  3.3688812443608357E-001                  3.1450866338542699E+004                  2.9882588544358418E-001                  4.5157646083723391E-001                 -1.2383736328336157E-012                 -2.0477803534200632E-012                  8.0940672058644770E-013                 -8.4507661018263995E+000                 -1.0193418604896806E+001                 -7.9609763582984732E+000 
                                     986                  1.2193144408132262E+001                  3.1056649713723511E-001                  7.3977155428375712E+000                  1.2833457965630879E-001                  1.5738468282184211E+001                  6.9919262302630247E-001                  2.8031004217854022E-001                  2.0497334795157363E-002                  2.9874888580305414E-001                  3.3678632626898880E-001                  3.1548058602594374E+004                  2.9877473232875845E-001                  4.5327977339384429E-001                 -1.2524505445572183E-012                 -2.0531210831970584E-012                  8.0067053863984031E-013                 -8.4511654965906349E+000                 -1.0190532184177451E+001                 -7.9634463401639692E+000 
                                     987                  1.2148320898361147E+001                  3.0976826132006102E-001                  7.3983801844070616E+000                  1.2979952168660439E-001                  1.5740693213346747E+001                  6.9919261994105142E-001                  2.8031004337352167E-001                  2.0497336685426859E-002                  2.9870001564473858E-001                  3.3668497559620603E-001                  3.1684633270897168E+004                  2.9872514918524756E-001                  4.5453426233070471E-001                 -1.2609488293379673E-012                 -2.0543304573339902E-012                  7.9338162799602296E-013                 -8.4519968935842495E+000                 -1.0186032953950887E+001                 -7.9659124662392085E+000 
                                     988                  1.2103497388590036E+001                  3.0896831002259556E-001                  7.3990437570468055E+000                  1.3126237346058117E-001                  1.5742914924982220E+001                  6.9919261688568934E-001                  2.8031004455684444E-001                  2.0497338557466271E-002                  2.9865239270173971E-001                  3.3658406748088660E-001                  3.1843156883968819E+004                  2.9867690621988474E-001                  4.5658480247322564E-001                 -1.2764258593995999E-012                 -2.0623569425323200E-012                  7.8593108313271991E-013                 -8.4520697169638801E+000                 -1.0180653542517929E+001                 -7.9683734913410618E+000 
                                     989                  1.2058673878818919E+001                  3.0816662615241053E-001                  7.4000406266766463E+000                  1.3345666500201148E-001                  1.5746250067672863E+001                  6.9919261232520080E-001                  2.8031004632296996E-001                  2.0497341351829235E-002                  2.9858222099182341E-001                  3.3643286090337504E-001                  3.1987428524183495E+004                  2.9862979046160620E-001                  4.5900794752947593E-001                 -1.2963446227366155E-012                 -2.0733601244842000E-012                  7.7701550174758442E-013                 -8.4530885807476395E+000                 -1.0176441238448966E+001                 -7.9720579319965363E+000 
                                     990                  1.1968555681045572E+001                  3.0654950710056683E-001                  7.4013683999893392E+000                  1.3638549206059991E-001                  1.5750697702914648E+001                  6.9919260633753300E-001                  2.8031004864146608E-001                  2.0497345021000868E-002                  2.9849043597456842E-001                  3.3623260994819881E-001                  3.2267091779826686E+004                  2.9853704517128943E-001                  4.6423366275335842E-001                 -1.3322369461383389E-012                 -2.0975886275617963E-012                  7.6535168142345734E-013                 -8.4522076205695367E+000                 -1.0167307965951217E+001                 -7.9769599646920462E+000 
                                     991                  1.1878437483272229E+001                  3.0492517313389766E-001                  7.4023631946383279E+000                  1.3858442419733027E-001                  1.5754033939943202E+001                  6.9919260191269950E-001                  2.8031005035456819E-001                  2.0497347732732374E-002                  2.9842254637576948E-001                  3.3608342837481270E-001                  3.2494515380365945E+004                  2.9844598399020006E-001                  4.7089596693111868E-001                 -1.3781879004861453E-012                 -2.1324120588567050E-012                  7.5422415837055986E-013                 -8.4487686291178079E+000                 -1.0159792923614182E+001                 -7.9806356017165241E+000 
                                     992                  1.1833147025025790E+001                  3.0410607212248875E-001                  7.4030273705358933E+000                  1.4005043103968487E-001                  1.5756259729542839E+001                  6.9919259897281094E-001                  2.8031005149268151E-001                  2.0497349534507547E-002                  2.9837742652232152E-001                  3.3598407999529162E-001                  3.2569660532668535E+004                  2.9840072126002087E-001                  4.7341737192463185E-001                 -1.3962779716847326E-012                 -2.1425136114347820E-012                  7.4623563975004957E-013                 -8.4484620462938818E+000                 -1.0157869285758144E+001                 -7.9830799283082055E+000 
                                     993                  1.1787856566779352E+001                  3.0328509402418258E-001                  7.4040217167736007E+000                  1.4224206728052449E-001                  1.5759589509151242E+001                  6.9919259459779493E-001                  2.8031005318624863E-001                  2.0497352215956388E-002                  2.9831041882509535E-001                  3.3583572347502405E-001                  3.2682671365928476E+004                  2.9835582668829463E-001                  4.7483891134818562E-001                 -1.4053274881503609E-012                 -2.1434366132991361E-012                  7.3810912514877545E-013                 -8.4504360606761200E+000                 -1.0154975915380378E+001                 -7.9867227921215953E+000 
                                     994                  1.1697275650286478E+001                  3.0163742056572457E-001                  7.4053472802947162E+000                  1.4517000078480730E-001                  1.5764033709578618E+001                  6.9919258885424385E-001                  2.8031005540924581E-001                  2.0497355736510348E-002                  2.9822360150066385E-001                  3.3563907197675685E-001                  3.2964206326624597E+004                  2.9826786335377786E-001                  4.7996236606293058E-001                 -1.4364497215167500E-012                 -2.1630552263980341E-012                  7.2660550488128417E-013                 -8.4497977867007119E+000                 -1.0145953182836559E+001                 -7.9916036155557650E+000 
                                     995                  1.1606240877694098E+001                  2.9997369817515057E-001                  7.4066721529321224E+000                  1.4809783821918465E-001                  1.5768476907181451E+001                  6.9919258319353894E-001                  2.8031005759984701E-001                  2.0497359206613996E-002                  2.9813962037299102E-001                  3.3544360072165585E-001                  3.3221333696496593E+004                  2.9818236426628164E-001                  4.8520439226935430E-001                 -1.4682996596491391E-012                 -2.1823698992767732E-012                  7.1407023962763419E-013                 -8.4491173700143847E+000                 -1.0137985701414587E+001                 -7.9964999903357548E+000 
                                     996                  1.1515206105101722E+001                  2.9830200672289769E-001                  7.4076648474060427E+000                  1.5029621272966887E-001                  1.5771809965225851E+001                  6.9919257900915111E-001                  2.8031005921888968E-001                  2.0497361771959266E-002                  2.9807883747028174E-001                  3.3529796641220416E-001                  3.3458086352376988E+004                  2.9809992927264273E-001                  4.9171891072466800E-001                 -1.5069623791113746E-012                 -2.2102577196491813E-012                  7.0329534053780664E-013                 -8.4461175094208887E+000                 -1.0130357531804103E+001                 -8.0002101871116782E+000 
                                     997                  1.1469466434951633E+001                  2.9745902672356028E-001                  7.4083275647921374E+000                  1.5176169947557738E-001                  1.5774033411834669E+001                  6.9919257622905684E-001                  2.8031006029449290E-001                  2.0497363476450259E-002                  2.9803801296711474E-001                  3.3520098836603418E-001                  3.3542622537967633E+004                  2.9805919441230672E-001                  4.9442611791654034E-001                 -1.5234838476685905E-012                 -2.2194459263732784E-012                  6.9596207870468799E-013                 -8.4457799100186843E+000                 -1.0128162426469519E+001                 -8.0026852323505846E+000 
                                     998                  1.1423726764801545E+001                  2.9661397395290440E-001                  7.4089893108604876E+000                  1.5322533112048245E-001                  1.5776253905505909E+001                  6.9919257347238550E-001                  2.8031006136095055E-001                  2.0497365166664006E-002                  2.9799671596793437E-001                  3.3510441695720522E-001                  3.3650923366290910E+004                  2.9801813464794830E-001                  4.9591724054175290E-001                 -1.5294917290084586E-012                 -2.2192754825612491E-012                  6.8978375355279067E-013                 -8.4465269658691309E+000                 -1.0125060782087663E+001                 -8.0051672952419040E+000 
                                     999                  1.1377987094651457E+001                  2.9576682750510191E-001                  7.4096500926217175E+000                  1.5468710918192163E-001                  1.5778471472384037E+001                  6.9919257074161945E-001                  2.8031006241730316E-001                  2.0497366841077391E-002                  2.9795496435036911E-001                  3.3500824924889383E-001                  3.3797266049854421E+004                  2.9797661390268604E-001                  4.9841874525135971E-001                 -1.5430439982117580E-012                 -2.2264806080352260E-012                  6.8343660982346813E-013                 -8.4464038850968475E+000                 -1.0120510174353507E+001                 -8.0076556465472581E+000 
                                    1000                  1.1332247424501364E+001                  2.9491756622388393E-001                  7.4106425847500415E+000                  1.5687938210883656E-001                  1.5781799724164660E+001                  6.9919256666421081E-001                  2.8031006399445746E-001                  2.0497369341331728E-002                  2.9789095473520005E-001                  3.3486417156299514E-001                  3.3945902092249795E+004                  2.9793447326524553E-001                  5.0123861726240782E-001                 -1.5598066673454094E-012                 -2.2357801744502691E-012                  6.7597350710485956E-013                 -8.4473152111166332E+000                 -1.0116460660123900E+001                 -8.0113798046690530E+000 
                                    1001                  1.1240333259853795E+001                  2.9320447660673332E-001                  7.4119646815347471E+000                  1.5980572163325024E-001                  1.5786238583811549E+001                  6.9919256130421970E-001                  2.8031006606738479E-001                  2.0497372628395460E-002                  2.9780427873580800E-001                  3.3467333308991953E-001                  3.4196990534263350E+004                  2.9784840664399814E-001                  5.0827082601746254E-001                 -1.5976476492843456E-012                 -2.2634194048055277E-012                  6.6577175552118229E-013                 -8.4454352782476754E+000                 -1.0109092701676301E+001                 -8.0164028945398620E+000 
                                    1002                  1.1148419095206222E+001                  2.9148258348440470E-001                  7.4132860506723297E+000                  1.6273141127653776E-001                  1.5790676272808039E+001                  6.9919255601762365E-001                  2.8031006811159320E-001                  2.0497375870783152E-002                  2.9771500718934368E-001                  3.3448364305288941E-001                  3.4414229742642412E+004                  2.9776054393726714E-001                  5.1398753108378814E-001                 -1.6259578928162624E-012                 -2.2803030426731129E-012                  6.5434514985685046E-013                 -8.4447690133565896E+000                 -1.0103079833767744E+001                 -8.0214421033524808E+000 
                                    1003                  1.1056080292185021E+001                  2.8974368820083812E-001                  7.4146067186323945E+000                  1.6565663609002310E-001                  1.5795113001557432E+001                  6.9919255080280951E-001                  2.8031007012770970E-001                  2.0497379069480792E-002                  2.9762219983923704E-001                  3.3429510067676094E-001                  3.4655374103278213E+004                  2.9766940981259205E-001                  5.1983790731627655E-001                 -1.6539002661217576E-012                 -2.2969083607714732E-012                  6.4300809464971574E-013                 -8.4440502575844363E+000                 -1.0096212965302927E+001                 -8.0264875119299504E+000 
                                    1004                  1.0963741489163825E+001                  2.8799553799734090E-001                  7.4155962969795466E+000                  1.6785301225147758E-001                  1.5798441444440776E+001                  6.9919254694948896E-001                  2.8031007161720317E-001                  2.0497381433307815E-002                  2.9755185511477855E-001                  3.3415463455107863E-001                  3.4868314976566144E+004                  2.9757618772752420E-001                  5.2577424792608951E-001                 -1.6798326902558666E-012                 -2.3129947095199584E-012                  6.3316201926409200E-013                 -8.4420372239912425E+000                 -1.0089895745796767E+001                 -8.0303113496365395E+000 
                                    1005                  1.0917365101380259E+001                  2.8711399896034667E-001                  7.4162568142536145E+000                  1.6931685262169283E-001                  1.5800661457684237E+001                  6.9919254439062895E-001                  2.8031007260624075E-001                  2.0497383003130309E-002                  2.9750474915935415E-001                  3.3406112339679345E-001                  3.4966402146222223E+004                  2.9752911924141201E-001                  5.2823032591720143E-001                 -1.6907674031706980E-012                 -2.3171425000929142E-012                  6.2637509692221624E-013                 -8.4421177436106145E+000                 -1.0087342938069751E+001                 -8.0328386678659580E+000 
                                    1006                  1.0870988713596692E+001                  2.8623005255725609E-001                  7.4169164195277926E+000                  1.7077896666225978E-001                  1.5802878754877749E+001                  6.9919254185224800E-001                  2.8031007358727816E-001                  2.0497384560473897E-002                  2.9745813553602807E-001                  3.3396800458450643E-001                  3.5096884914125701E+004                  2.9748225997903610E-001                  5.2977977265481757E-001                 -1.6943010263966669E-012                 -2.3150646335031742E-012                  6.2076360710650739E-013                 -8.4429479943212353E+000                 -1.0083592255023738E+001                 -8.0353627906737746E+000 
                                    1007                  1.0824612325813121E+001                  2.8534367387448395E-001                  7.4175751223479960E+000                  1.7223937953618515E-001                  1.5805093362433849E+001                  6.9919253933664327E-001                  2.8031007455942847E-001                  2.0497386103928261E-002                  2.9741231959120212E-001                  3.3387527628530639E-001                  3.5244705140894563E+004                  2.9743604887078912E-001                  5.3269255078977473E-001                 -1.7067603842791852E-012                 -2.3218622359440172E-012                  6.1510185166483208E-013                 -8.4426667395059454E+000                 -1.0079213476639111E+001                 -8.0378836898664634E+000 
                                    1008                  1.0778235938029553E+001                  2.8445483772680397E-001                  7.4185643177050489E+000                  1.7442927500392716E-001                  1.5808416626490153E+001                  6.9919253557962524E-001                  2.8031007601119329E-001                  2.0497388409181472E-002                  2.9734517306752095E-001                  3.3373639734019062E-001                  3.5388638506358417E+004                  2.9739082751793278E-001                  5.3585348310765257E-001                 -1.7216623114242781E-012                 -2.3300180625871285E-012                  6.0835575116285046E-013                 -8.4434759705892208E+000                 -1.0075545439575890E+001                 -8.0416217730446338E+000 
                                    1009                  1.0685080321424566E+001                  2.8266190290566762E-001                  7.4198821185085269E+000                  1.7735284098824472E-001                  1.5812849171681965E+001                  6.9919253064182396E-001                  2.8031007791889029E-001                  2.0497391439285750E-002                  2.9726016811706107E-001                  3.3355247400149557E-001                  3.5649044909311153E+004                  2.9730350730569283E-001                  5.4356517721366060E-001                 -1.7550174449827647E-012                 -2.3542286004097987E-012                  5.9921115542703414E-013                 -8.4414737693223003E+000                 -1.0068169861049000E+001                 -8.0466665119354737E+000 
                                    1010                  1.0591924704819585E+001                  2.8085873964009006E-001                  7.4208696307110724E+000                  1.7954822378353844E-001                  1.5816174644599807E+001                  6.9919252699077605E-001                  2.8031007932920149E-001                  2.0497393680022458E-002                  2.9719868201235483E-001                  3.3341546354543805E-001                  3.5862571131167802E+004                  2.9722008278667073E-001                  5.5153997745942662E-001                 -1.7882384164153303E-012                 -2.3785993671793228E-012                  5.9036095076399234E-013                 -8.4380923431425447E+000                 -1.0062016724339893E+001                 -8.0505074809129944E+000 
                                    1011                  1.0545151324138008E+001                  2.7994945438023616E-001                  7.4215287074615057E+000                  1.8101129664493767E-001                  1.5818392424713830E+001                  6.9919252456518866E-001                  2.8031008026606125E-001                  2.0497395168750154E-002                  2.9715795627666369E-001                  3.3332427548114729E-001                  3.5949904762637852E+004                  2.9717917120748893E-001                  5.5480983132217698E-001                 -1.8016382739151985E-012                 -2.3857365553506367E-012                  5.8409828143543802E-013                 -8.4376404615769154E+000                 -1.0059934455556826E+001                 -8.0530419532493038E+000 
                                    1012                  1.0498377943456431E+001                  2.7903750880571720E-001                  7.4225156775516528E+000                  1.8319903466919199E-001                  1.5821711049300127E+001                  6.9919252095348117E-001                  2.8031008166091975E-001                  2.0497397385599081E-002                  2.9709690120528925E-001                  3.3318810558644135E-001                  3.6061634089096449E+004                  2.9713845703694358E-001                  5.5648815176821953E-001                 -1.8051222968541497E-012                 -2.3828584117831047E-012                  5.7773611492895488E-013                 -8.4397160308166139E+000                 -1.0057521017218528E+001                 -8.0567884945913590E+000 
                                    1013                  1.0404831182093275E+001                  2.7720551115365133E-001                  7.4238314509081880E+000                  1.8612168290249462E-001                  1.5826140415144762E+001                  6.9919251620895329E-001                  2.8031008349293701E-001                  2.0497400298109758E-002                  2.9701525506138288E-001                  3.3300766918736274E-001                  3.6331860515843531E+004                  2.9705702092104086E-001                  5.6314143833094010E-001                 -1.8280845623777140E-012                 -2.3966331191792672E-012                  5.6854855680155308E-013                 -8.4388071725692644E+000                 -1.0049970575545839E+001                 -8.0618753247636512E+000 
                                    1014                  1.0310905501162537E+001                  2.7535504349408796E-001                  7.4251465799155261E+000                  1.8904411530019469E-001                  1.5830568879849642E+001                  6.9919251153010786E-001                  2.8031008529924867E-001                  2.0497403170643524E-002                  2.9693124370515189E-001                  3.3282840435521632E-001                  3.6582354854480785E+004                  2.9697411750050146E-001                  5.6995285976917787E-001                 -1.8515717419604646E-012                 -2.4101295052519184E-012                  5.5855776329145394E-013                 -8.4378602264519369E+000                 -1.0043201815696053E+001                 -8.0669845009344829E+000 
                                    1015                  1.0216979820231801E+001                  2.7349326762926029E-001                  7.4261321349677010E+000                  1.9123871955401414E-001                  1.5833891467868053E+001                  6.9919250806910815E-001                  2.8031008663514190E-001                  2.0497405295749949E-002                  2.9686583998877591E-001                  3.3269489298549015E-001                  3.6816474207660991E+004                  2.9688857736084251E-001                  5.7863157852653335E-001                 -1.8833994325245283E-012                 -2.4332787751323449E-012                  5.4987934260781645E-013                 -8.4343213060227065E+000                 -1.0036532504546290E+001                 -8.0708978758798207E+000 
                                    1016                  1.0169833922490298E+001                  2.7255441912689182E-001                  7.4267898177492064E+000                  1.9270105109935859E-001                  1.5836107056320454E+001                  6.9919250576986880E-001                  2.8031008752252629E-001                  2.0497406707604915E-002                  2.9682034227270254E-001                  3.3260606347322025E-001                  3.6905375269003467E+004                  2.9684397457130712E-001                  5.8216684807945973E-001                 -1.8956124368158259E-012                 -2.4396433597484994E-012                  5.4403092293267348E-013                 -8.4338377002756424E+000                 -1.0034490427679378E+001                 -8.0734754279816467E+000 
                                    1017                  1.0122688024748795E+001                  2.7161262898655086E-001                  7.4274466942223016E+000                  1.9416188018339753E-001                  1.5838320272537356E+001                  6.9919250348980233E-001                  2.8031008840242411E-001                  2.0497408107773563E-002                  2.9677354960576874E-001                  3.3251761867964685E-001                  3.7016973567588029E+004                  2.9679782953946549E-001                  5.8392082695465475E-001                 -1.8966256254051425E-012                 -2.4356639698880784E-012                  5.3903834448293589E-013                 -8.4346978091912952E+000                 -1.0031658379623439E+001                 -8.0760569857629747E+000 
                                    1018                  1.0075542127007292E+001                  2.7066786542192117E-001                  7.4281027698277002E+000                  1.9562121822505002E-001                  1.5840531143654971E+001                  6.9919250123005194E-001                  2.8031008927439505E-001                  2.0497409495553010E-002                  2.9672548346505168E-001                  3.3242955836036431E-001                  3.7158211059417757E+004                  2.9675040407152431E-001                  5.8753988440508842E-001                 -1.9080346728120687E-012                 -2.4420389590359164E-012                  5.3400428622384762E-013                 -8.4341858006863770E+000                 -1.0027799980824625E+001                 -8.0786424631187916E+000 
                                    1019                  1.0028396229265789E+001                  2.6972009621944487E-001                  7.4290877664475277E+000                  1.9780889752348063E-001                  1.5843847995184454E+001                  6.9919249785430859E-001                  2.8031009057686423E-001                  2.0497411568827228E-002                  2.9665065898104104E-001                  3.3229775732549310E-001                  3.7297597014475075E+004                  2.9670149557559106E-001                  5.9124242207416289E-001                 -1.9203846745146011E-012                 -2.4485917725522138E-012                  5.2820709803761262E-013                 -8.4349209011098178E+000                 -1.0024583846553986E+001                 -8.0824613508191803E+000 
                                    1020                  9.9337517293367252E+000                  2.6780824791695340E-001                  7.4304000577438831E+000                  2.0072967297903582E-001                  1.5848272475925183E+001                  6.9919249341347678E-001                  2.8031009228992959E-001                  2.0497414296593686E-002                  2.9654783540141538E-001                  3.3212329957921438E-001                  3.7544166974517764E+004                  2.9660014925670075E-001                  6.0001336302229547E-001                 -1.9481230167822847E-012                 -2.4681334030591315E-012                  5.2001038627684670E-013                 -8.4329058249559274E+000                 -1.0018219417852611E+001                 -8.0876689792140439E+000 
                                    1021                  9.8391072294076594E+000                  2.6588388522137124E-001                  7.4317115794389172E+000                  2.0364986070463609E-001                  1.5852695858677420E+001                  6.9919248903303621E-001                  2.8031009397934969E-001                  2.0497416987614092E-002                  2.9644593965673594E-001                  3.3195007837929918E-001                  3.7765248399140917E+004                  2.9649788820772838E-001                  6.0751631695124764E-001                 -1.9687216136215594E-012                 -2.4794958454637380E-012                  5.1077423184217839E-013                 -8.4319050845883972E+000                 -1.0012787087937395E+001                 -8.0928887699183250E+000 
                                    1022                  9.7441240737668409E+000                  2.6393977628596749E-001                  7.4330223949816840E+000                  2.0656967949464539E-001                  1.5857118380960483E+001                  6.9919248471014839E-001                  2.8031009564622211E-001                  2.0497419643629500E-002                  2.9634782568234042E-001                  3.3177810081155656E-001                  3.8004504996541051E+004                  2.9639779997969318E-001                  6.1519958451016798E-001                 -1.9890151204627398E-012                 -2.4905667796845416E-012                  5.0155165922180171E-013                 -8.4308527560916335E+000                 -1.0006768625387595E+001                 -8.0981179419983800E+000 
                                    1023                  9.6491409181260206E+000                  2.6198249692935027E-001                  7.4340047660567663E+000                  2.0876244889503845E-001                  1.5860436791391063E+001                  6.9919248151624080E-001                  2.8031009687750491E-001                  2.0497421606254340E-002                  2.9627768392933496E-001                  3.3165008768636250E-001                  3.8222613471454089E+004                  2.9630204246681757E-001                  6.2301413910821057E-001                 -2.0076854858423177E-012                 -2.5011725079799392E-012                  4.9348702213762161E-013                 -8.4285107351308941E+000                 -1.0000963466769727E+001                 -8.1021334450571043E+000 
                                    1024                  9.6014873532550205E+000                  2.6099547280195923E-001                  7.4346601917965787E+000                  2.1022324862470665E-001                  1.5862649159069127E+001                  6.9919247939518903E-001                  2.8031009769510246E-001                  2.0497422909708574E-002                  2.9623230995044703E-001                  3.3156497181570521E-001                  3.8324077128404315E+004                  2.9625592495240116E-001                  6.2667138882381168E-001                 -2.0166594703244142E-012                 -2.5047348753141832E-012                  4.8807540498976878E-013                 -8.4281838728214975E+000                 -9.9986091725628654E+000                 -8.1047585445980914E+000 
                                    1025                  9.5538337883840203E+000                  2.6000502138719206E-001                  7.4353148998145722E+000                  2.1168273276989613E-001                  1.5864859437347887E+001                  6.9919247728995015E-001                  2.8031009850651573E-001                  2.0497424203534065E-002                  2.9618834839156105E-001                  3.3148024511876462E-001                  3.8452089500268565E+004                  2.9621125695033856E-001                  6.2854191603966791E-001                 -2.0154816937511872E-012                 -2.4990942534308496E-012                  4.8361255967966223E-013                 -8.4291054153883707E+000                 -9.9953611408448619E+000                 -8.1073836519509221E+000 
                                    1026                  9.5061802235130184E+000                  2.5901110411079137E-001                  7.4359689017474349E+000                  2.1314092387873976E-001                  1.5867067654303739E+001                  6.9919247520274264E-001                  2.8031009931089063E-001                  2.0497425486366794E-002                  2.9614580477400304E-001                  3.3139590731794355E-001                  3.8593316256118094E+004                  2.9616800855664571E-001                  6.3282307284548167E-001                 -2.0261981870446122E-012                 -2.5053356941795471E-012                  4.7913750713493481E-013                 -8.4283741033340149E+000                 -9.9916783582133792E+000                 -8.1100088145368421E+000 
                                    1027                  9.4585266586420182E+000                  2.5801368186132617E-001                  7.4369506069684848E+000                  2.1532648819457928E-001                  1.5870379848146035E+001                  6.9919247208528401E-001                  2.8031010051217342E-001                  2.0497427402542567E-002                  2.9608411830173548E-001                  3.3126976443904971E-001                  3.8720649680342729E+004                  2.9612622278308653E-001                  6.3699613022506996E-001                 -2.0368598951401182E-012                 -2.5107359569319468E-012                  4.7387606179182833E-013                 -8.4290142375571708E+000                 -9.9890257655508456E+000                 -8.1138557630309709E+000 
                                    1028                  9.3629109534483952E+000                  2.5600163126462339E-001                  7.4382587263224424E+000                  2.1824482158206338E-001                  1.5874798515185750E+001                  6.9919246798440970E-001                  2.8031010209204926E-001                  2.0497429923540977E-002                  2.9600642292152968E-001                  3.3110288911471597E-001                  3.8978284796707965E+004                  2.9604621430507061E-001                  6.4549800767429855E-001                 -2.0547529629782421E-012                 -2.5213033961029661E-012                  4.6655043312472399E-013                 -8.4277033822324192E+000                 -9.9825609472483023E+000                 -8.1191192142587578E+000 
                                    1029                  9.2672952482547775E+000                  2.5397498215181419E-001                  7.4392392000943541E+000                  2.2043669300969931E-001                  1.5878114232631830E+001                  6.9919246495054521E-001                  2.8031010326058775E-001                  2.0497431788867093E-002                  2.9595029739969814E-001                  3.3097872473100209E-001                  3.9208147093811909E+004                  2.9596999970442328E-001                  6.5654644050856459E-001                 -2.0832757163623336E-012                 -2.5426703701523520E-012                  4.5939465379001816E-013                 -8.4235220555798218E+000                 -9.9765232540012079E+000                 -8.1231758787192092E+000 
                                    1030                  9.2193411400231842E+000                  2.5295296325739769E-001                  7.4398932857501565E+000                  2.2189673955956174E-001                  1.5880324489524037E+001                  6.9919246293596082E-001                  2.8031010403644491E-001                  2.0497433027594214E-002                  2.9591287089597568E-001                  3.3089621136315001E-001                  3.9296144835467436E+004                  2.9593254352580789E-001                  6.6087031753233350E-001                 -2.0926952027179816E-012                 -2.5470950335185781E-012                  4.5439983080059643E-013                 -8.4229059498602457E+000                 -9.9746829215616195E+000                 -8.1258172666600021E+000 
                                    1031                  9.1713870317915909E+000                  2.5192714451889459E-001                  7.4408730836164221E+000                  2.2408060063860769E-001                  1.5883632847794166E+001                  6.9919245993475210E-001                  2.8031010519213534E-001                  2.0497434873112619E-002                  2.9585604261519766E-001                  3.3077309459918192E-001                  3.9409236929912746E+004                  2.9589488697672811E-001                  6.6280982464616400E-001                 -2.0909239735085554E-012                 -2.5402356332724584E-012                  4.4931165976390310E-013                 -8.4251327213663298E+000                 -9.9725548148590324E+000                 -8.1296688695554149E+000 
                                    1032                  9.0754788153284025E+000                  2.4986391487934789E-001                  7.4421793239990972E+000                  2.2699815290917361E-001                  1.5888048548190246E+001                  6.9919245599171309E-001                  2.8031010671014023E-001                  2.0497437298146681E-002                  2.9577803998372865E-001                  3.3061021776204041E-001                  3.9673925999967061E+004                  2.9581806343762507E-001                  6.7161825458550539E-001                 -2.1067545589968266E-012                 -2.5485900031279978E-012                  4.4183544413117109E-013                 -8.4238820777259171E+000                 -9.9659836819026886E+000                 -8.1349618578662390E+000 
                                    1033                  8.9792949144285945E+000                  2.4777894972065465E-001                  7.4434849620548036E+000                  2.2991561253024081E-001                  1.5892463436215783E+001                  6.9919245210242742E-001                  2.8031010820708835E-001                  2.0497439690484232E-002                  2.9569518001754774E-001                  3.3044871533550452E-001                  3.9922624857977731E+004                  2.9573758349811763E-001                  6.8063706384344091E-001                 -2.1228517382298728E-012                 -2.5566172968971564E-012                  4.3376555866728377E-013                 -8.4225929417403176E+000                 -9.9599933329292067E+000                 -8.1402758726958275E+000 
                                    1034                  8.8831110135287901E+000                  2.4567778315586994E-001                  7.4444636106675963E+000                  2.3210701910696796E-001                  1.5895776529262330E+001                  6.9919244922414059E-001                  2.8031010931464018E-001                  2.0497441461219235E-002                  2.9563052436599724E-001                  3.3032862964560827E-001                  4.0158320909345814E+004                  2.9565309993436206E-001                  6.9246530216956881E-001                 -2.1489121966227593E-012                 -2.5756357556273195E-012                  4.2672355900456001E-013                 -8.4183742428930497E+000                 -9.9539390059404624E+000                 -8.1443992873503177E+000 
                                    1035                  8.8348899992741075E+000                  2.4461817073584308E-001                  7.4451163649089347E+000                  2.3356652440783460E-001                  1.5897984699003572E+001                  6.9919244731233343E-001                  2.8031011005020307E-001                  2.0497442637463559E-002                  2.9558611001427076E-001                  3.3024888165083643E-001                  4.0253533540616270E+004                  2.9560930598706259E-001                  6.9715930892158784E-001                 -2.1572073009721177E-012                 -2.5792463538558126E-012                  4.2203905288369489E-013                 -8.4177163377709121E+000                 -9.9519338419209955E+000                 -8.1470788779957104E+000 
                                    1036                  8.7866689850194248E+000                  2.4355433961107847E-001                  7.4457685263654385E+000                  2.3502501786605243E-001                  1.5900191197139396E+001                  6.9919244541658254E-001                  2.8031011077949636E-001                  2.0497443803921156E-002                  2.9554111215683082E-001                  3.3016954418898109E-001                  4.0367816054629729E+004                  2.9556459904283439E-001                  6.9915979866898881E-001                 -2.1531538473471342E-012                 -2.5711302485557632E-012                  4.1797640120862886E-013                 -8.4187542005016578E+000                 -9.9493217783994634E+000                 -8.1497639146969778E+000 
                                    1037                  8.7384479707647422E+000                  2.4248623918469023E-001                  7.4464201030252557E+000                  2.3648251326077782E-001                  1.5902396053637613E+001                  6.9919244353707766E-001                  2.8031011150244811E-001                  2.0497444960474231E-002                  2.9549576403738065E-001                  3.3009061852675325E-001                  4.0505401707520068E+004                  2.9551943068970132E-001                  7.0455373793047460E-001                 -2.1632644364442760E-012                 -2.5772042255280849E-012                  4.1393978908380907E-013                 -8.4177053991449178E+000                 -9.9459722152695651E+000                 -8.1524548465660676E+000 
                                    1038                  8.6902269565100614E+000                  2.4141381804215398E-001                  7.4473978536829311E+000                  2.3866636297951341E-001                  1.5905702193039550E+001                  6.9919244072846420E-001                  2.8031011258264305E-001                  2.0497446688892751E-002                  2.9542722667833904E-001                  3.2997272680307527E-001                  4.0640924969288702E+004                  2.9547395237336288E-001                  7.0944828706386265E-001                 -2.1714584397831829E-012                 -2.5808465905699612E-012                  4.0938815078677844E-013                 -8.4182690445516606E+000                 -9.9432530098062113E+000                 -8.1563746191776740E+000 
                                    1039                  8.5935451797187028E+000                  2.3925039968266126E-001                  7.4487008316357972E+000                  2.4158277381688370E-001                  1.5910113369919175E+001                  6.9919243703205058E-001                  2.8031011400391703E-001                  2.0497448964032383E-002                  2.9533745030970016E-001                  3.2981698044349156E-001                  4.0886827250032366E+004                  2.9538334395431759E-001                  7.2048006824186450E-001                 -2.1894336195920729E-012                 -2.5921841498940950E-012                  4.0275053030202217E-013                 -8.4161946503119474E+000                 -9.9375801674611015E+000                 -8.1618045535420887E+000 
                                    1040                  8.4968634029273460E+000                  2.3706896956306026E-001                  7.4500031164577996E+000                  2.4449869584713307E-001                  1.5914523495957850E+001                  6.9919243338631332E-001                  2.8031011540533535E-001                  2.0497451208351336E-002                  2.9525113290788341E-001                  3.2966273424940146E-001                  4.1112562846512548E+004                  2.9529535336512774E-001                  7.3046912969436184E-001                 -2.2027343872258546E-012                 -2.5979604319222309E-012                  3.9522604469637637E-013                 -8.4148770569857660E+000                 -9.9326056618883456E+000                 -8.1672671000326513E+000 
                                    1041                  8.3999610252224617E+000                  2.3486404039024913E-001                  7.4513047966155348E+000                  2.4741428471417934E-001                  1.5918932842578103E+001                  6.9919242978774876E-001                  2.8031011678824763E-001                  2.0497453424003664E-002                  2.9517007041039067E-001                  3.2950999212589654E-001                  4.1353252132068643E+004                  2.9521162134195261E-001                  7.4069152893832779E-001                 -2.2157135810728839E-012                 -2.6033706632406833E-012                  3.8765708216779932E-013                 -8.4135314074760998E+000                 -9.9272040465991847E+000                 -8.1727566700344383E+000 
                                    1042                  8.3030586475175809E+000                  2.3264010441764882E-001                  7.4522805987534371E+000                  2.4960435685899349E-001                  1.5922242119399595E+001                  6.9919242713014484E-001                  2.8031011780927306E-001                  2.0497455060582093E-002                  2.9511322562197090E-001                  3.2939650943820220E-001                  4.1576490106332822E+004                  2.9513322675484671E-001                  7.5110673205443401E-001                 -2.2273192569286536E-012                 -2.6083116022434236E-012                  3.8099234531477012E-013                 -8.4108995103466349E+000                 -9.9218370874078499E+000                 -8.1770359424920702E+000 
                                    1043                  8.2545071805473569E+000                  2.3151854688820647E-001                  7.4529313055445279E+000                  2.5106254831645303E-001                  1.5924447192179381E+001                  6.9919242536518089E-001                  2.8031011848726056E-001                  2.0497456147558601E-002                  2.9507663160798708E-001                  3.2932119844630625E-001                  4.1684190804478210E+004                  2.9509595929860744E-001                  7.5668069087849232E-001                 -2.2350335169069405E-012                 -2.6116734237592891E-012                  3.7663990685234874E-013                 -8.4100486020600229E+000                 -9.9195621202289530E+000                 -8.1797943575347443E+000 
                                    1044                  8.2059557135771328E+000                  2.3039203583561438E-001                  7.4535815425080987E+000                  2.5251992437173404E-001                  1.5926650943472197E+001                  6.9919242361255884E-001                  2.8031011916041276E-001                  2.0497457227028448E-002                  2.9504074775300321E-001                  3.2924627996861622E-001                  4.1812173861425981E+004                  2.9505971905882278E-001                  7.5876821823656504E-001                 -2.2286392747632168E-012                 -2.6016831462663402E-012                  3.7304387150312340E-013                 -8.4112139119176508E+000                 -9.9166599925045809E+000                 -8.1825538714252719E+000 
                                    1045                  8.1574042466069088E+000                  2.2926050829422312E-001                  7.4542313204389155E+000                  2.5397651296497048E-001                  1.5928853405350292E+001                  6.9919242187462483E-001                  2.8031011982782905E-001                  2.0497458297546123E-002                  2.9500526421138562E-001                  3.2917174717036440E-001                  4.1949044860192887E+004                  2.9502404045438557E-001                  7.6522299248993875E-001                 -2.2383468890595908E-012                 -2.6077913973774196E-012                  3.6944450831782876E-013                 -8.4098983189310399E+000                 -9.9134900646333612E+000                 -8.1853143247624551E+000 
                                    1046                  8.1088527796366829E+000                  2.2812390022741993E-001                  7.4552061495105368E+000                  2.5615843623580231E-001                  1.5932155094934327E+001                  6.9919241927877451E-001                  2.8031012082456752E-001                  2.0497459896657966E-002                  2.9495173723074791E-001                  3.2906044682273361E-001                  4.2075888579387145E+004                  2.9498848195446509E-001                  7.7073834142769448E-001                 -2.2448065254659786E-012                 -2.6100689329000076E-012                  3.6526240743402915E-013                 -8.4104133747528387E+000                 -9.9111835755005639E+000                 -8.1892959009824615E+000 
                                    1047                  8.0115701805368484E+000                  2.2583090793226229E-001                  7.4565054626667138E+000                  2.5907264497902183E-001                  1.5936560827014233E+001                  6.9919241586280956E-001                  2.8031012213582851E-001                  2.0497462001361932E-002                  2.9487928340237735E-001                  3.2891334672751482E-001                  4.2332342287257488E+004                  2.9491655561022262E-001                  7.8194113500460649E-001                 -2.2549638697973273E-012                 -2.6142303083088681E-012                  3.5926643851154077E-013                 -8.4088857636983594E+000                 -9.9054237133302685E+000                 -8.1948288588427154E+000 
                                    1048                  7.9142875814370193E+000                  2.2351671759275299E-001                  7.4574795783018866E+000                  2.6126198312247056E-001                  1.5939867639691549E+001                  6.9919241333490678E-001                  2.8031012310590975E-001                  2.0497463559183471E-002                  2.9482287298216348E-001                  3.2880397373914394E-001                  4.2568787247916342E+004                  2.9484275358570949E-001                  7.9645098545393012E-001                 -2.2753229477895679E-012                 -2.6286940808455260E-012                  3.5337113305595806E-013                 -8.4043939330989037E+000                 -9.8997769737841814E+000                 -8.1991613875522731E+000 
                                    1049                  7.8655673809534203E+000                  2.2234961501767819E-001                  7.4581290386159553E+000                  2.6271947637812548E-001                  1.5942070666467327E+001                  6.9919241165700141E-001                  2.8031012374970876E-001                  2.0497464593289827E-002                  2.9478344216663604E-001                  3.2873136836531425E-001                  4.2665825307051884E+004                  2.9480421791791062E-001                  8.0225141243563702E-001                 -2.2808648792994025E-012                 -2.6302083083322680E-012                  3.4934342903286547E-013                 -8.4036285938612689E+000                 -9.8978826318451425E+000                 -8.2019428146342630E+000 
                                    1050                  7.8168471804698179E+000                  2.2117698468978014E-001                  7.4591022601684633E+000                  2.6490031228519761E-001                  1.5945369433506171E+001                  6.9919240915613123E-001                  2.8031012470912819E-001                  2.0497466134740572E-002                  2.9472118665844732E-001                  3.2862303042538393E-001                  4.2782607622204385E+004                  2.9476374900421021E-001                  8.0435358136465129E-001                 -2.2735375522545040E-012                 -2.6187458040017866E-012                  3.4520825174728253E-013                 -8.4061425757817307E+000                 -9.8959280225780581E+000                 -8.2059403656203127E+000 
                                    1051                  7.7194067795026182E+000                  2.1881482729033991E-001                  7.4603996958338028E+000                  2.6781385747411818E-001                  1.5949772348833719E+001                  6.9919240587150244E-001                  2.8031012596883920E-001                  2.0497468159658361E-002                  2.9463276592947768E-001                  3.2847973444499856E-001                  4.3045064864839122E+004                  2.9467807261076912E-001                  8.1619921660510752E-001                 -2.2823033875607404E-012                 -2.6212741670124001E-012                  3.3897077945165958E-013                 -8.4045962309347697E+000                 -9.8901030485676902E+000                 -8.2115312465380175E+000 
                                    1052                  7.6218314111181451E+000                  2.1642634360845348E-001                  7.4616965063770797E+000                  2.7072730092826264E-001                  1.5954174526824939E+001                  6.9919240263195936E-001                  2.8031012721087212E-001                  2.0497470157168518E-002                  2.9453739634855214E-001                  3.2833761769418823E-001                  4.3295388883416475E+004                  2.9458615390494158E-001                  8.2832398573582033E-001                 -2.2910849222630892E-012                 -2.6233745608641431E-012                  3.3228963860105392E-013                 -8.4030340839382553E+000                 -9.8847040262184507E+000                 -8.2171601856437615E+000 
                                    1053                  7.5242560427336755E+000                  2.1401416349599903E-001                  7.4626687449212286E+000                  2.7291621930377619E-001                  1.5957478938688304E+001                  6.9919240023371299E-001                  2.8031012813006256E-001                  2.0497471636224507E-002                  2.9446241694024072E-001                  3.2823186182137903E-001                  4.3536299706904771E+004                  2.9448851423206612E-001                  8.4481296199050671E-001                 -2.3117025357807509E-012                 -2.6381373888343385E-012                  3.2643485305358744E-013                 -8.3980923518959614E+000                 -9.8791037926013203E+000                 -8.2216099840318044E+000 
                                    1054                  7.4754127925307072E+000                  2.1279760773305395E-001                  7.4633167991910021E+000                  2.7437307112960746E-001                  1.5959679929033108E+001                  6.9919239864122462E-001                  2.8031012874032718E-001                  2.0497472618448143E-002                  2.9441171610238259E-001                  3.2816162952811140E-001                  4.3640950692966835E+004                  2.9443815513212884E-001                  8.5108789185130718E-001                 -2.3159447878830580E-012                 -2.6385519554747678E-012                  3.2260716759170986E-013                 -8.3973416918795980E+000                 -9.8770714476464647E+000                 -8.2244648952113053E+000 
                                    1055                  7.4265695423277407E+000                  2.1157486779111773E-001                  7.4639645089517987E+000                  2.7582943469348886E-001                  1.5961880126075531E+001                  6.9919239706238467E-001                  2.8031012934526328E-001                  2.0497473592351989E-002                  2.9436158249040312E-001                  3.2809168460482696E-001                  4.3756944763795604E+004                  2.9438773599964213E-001                  8.5331707887464325E-001                 -2.3067586902603233E-012                 -2.6259848529420068E-012                  3.1922616268168368E-013                 -8.3986825080545344E+000                 -9.8747158066641685E+000                 -8.2273328525074483E+000 
                                    1056                  7.3777262921247759E+000                  2.1034585798848540E-001                  7.4646118872871394E+000                  2.7728531958395480E-001                  1.5964079565901571E+001                  6.9919239549667633E-001                  2.8031012994506987E-001                  2.0497474558253792E-002                  2.9431303260767128E-001                  3.2802201886228288E-001                  4.3891656624064686E+004                  2.9433839992851868E-001                  8.6145782145348926E-001                 -2.3157675037953463E-012                 -2.6316730125604803E-012                  3.1590550876513383E-013                 -8.3970474846036254E+000                 -9.8718185981274793E+000                 -8.2302119427102358E+000 
                                    1057                  7.3288830419218058E+000                  2.0911049093803330E-001                  7.4655826887244032E+000                  2.7946517710196589E-001                  1.5967375414541321E+001                  6.9919239315673187E-001                  2.8031013084133027E-001                  2.0497476001937853E-002                  2.9424319033751212E-001                  3.2791790198954202E-001                  4.4028957713785465E+004                  2.9429086138546218E-001                  8.6797232038218697E-001                 -2.3196957168296946E-012                 -2.6319398045628600E-012                  3.1224408773316555E-013                 -8.3975585114971345E+000                 -9.8694201571677400E+000                 -8.2343387979077711E+000 
                                    1058                  7.2311103391224325E+000                  2.0661809624520844E-001                  7.4668767737932473E+000                  2.8237684101876853E-001                  1.5971774094306934E+001                  6.9919239007652434E-001                  2.8031013202073579E-001                  2.0497477902739814E-002                  2.9415623315667772E-001                  3.2778002440043169E-001                  4.4278168333402398E+004                  2.9420081544561949E-001                  8.8197744266849754E-001                 -2.3276445446324971E-012                 -2.6343797374295816E-012                  3.0673519279708462E-013                 -8.3956435000642706E+000                 -9.8643052933803208E+000                 -8.2401546948561322E+000 
                                    1059                  7.1333376363230574E+000                  2.0409913156540233E-001                  7.4681701881412526E+000                  2.8528776957561125E-001                  1.5976171751362530E+001                  6.9919238703957010E-001                  2.8031013318318315E-001                  2.0497479777246808E-002                  2.9407430278784619E-001                  3.2764307394376613E-001                  4.4510576961750245E+004                  2.9411639114205790E-001                  8.9553576818453040E-001                 -2.3336055285781519E-012                 -2.6341017558741319E-012                  3.0049622729597976E-013                 -8.3940905622797839E+000                 -9.8597306282359902E+000                 -8.2460044757384452E+000 
                                    1060                  7.0355048011610233E+000                  2.0155125547910011E-001                  7.4694630381913196E+000                  2.8819816015139849E-001                  1.5980568701411080E+001                  6.9919238404201633E-001                  2.8031013433015073E-001                  2.0497481627832936E-002                  2.9399479559587444E-001                  3.2750698734144607E-001                  4.4756059235953457E+004                  2.9403566662502006E-001                  9.0941241224506164E-001                 -2.3391670593688329E-012                 -2.6333818458969880E-012                  2.9421478652815497E-013                 -8.3925146943039319E+000                 -9.8548110266252351E+000                 -8.2518824561821251E+000 
                                    1061                  6.9376719659989927E+000                  1.9897520913981454E-001                  7.4704324953542720E+000                  2.9038482817621136E-001                  1.5983869628811656E+001                  6.9919238182883259E-001                  2.8031013517669168E-001                  2.0497482994475735E-002                  2.9393523037897162E-001                  3.2740552281226953E-001                  4.4983813562526993E+004                  2.9395621415139850E-001                  9.2359727186031515E-001                 -2.3435291062433146E-012                 -2.6321759829615725E-012                  2.8864687671825775E-013                 -8.3896356472403646E+000                 -9.8498778913113139E+000                 -8.2565441213633797E+000 
                                    1062                  6.8887391173596502E+000                  1.9767593703975603E-001                  7.4710785042674281E+000                  2.9183962285032650E-001                  1.5986067570455587E+001                  6.9919238035973508E-001                  2.8031013573851943E-001                  2.0497483901745550E-002                  2.9389447283527825E-001                  3.2733807810397686E-001                  4.5101501548815308E+004                  2.9391598029276628E-001                  9.3168727263248396E-001                 -2.3487018484859490E-012                 -2.6338001091717960E-012                  2.8509826068584708E-013                 -8.3884196754698870E+000                 -9.8475908856016616E+000                 -8.2595021077953099E+000 
                                    1063                  6.8398062687203076E+000                  1.9636930241769371E-001                  7.4717243225108678E+000                  2.9329419065514339E-001                  1.5988265172181434E+001                  6.9919237890034702E-001                  2.8031013629653306E-001                  2.0497484803119859E-002                  2.9385263230439107E-001                  3.2727082555988157E-001                  4.5230960622401952E+004                  2.9387467932085337E-001                  9.3444740780040758E-001                 -2.3383524508381499E-012                 -2.6205040920623582E-012                  2.8215164122420850E-013                 -8.3897107758961820E+000                 -9.8449702569158077E+000                 -8.2624639100804718E+000 
                                    1064                  6.7908734200809651E+000                  1.9505519553753470E-001                  7.4723699592905515E+000                  2.9474856593839621E-001                  1.5990462474417473E+001                  6.9919237745256591E-001                  2.8031013685000744E-001                  2.0497485697426709E-002                  2.9380940055457161E-001                  3.2720375780464261E-001                  4.5362987264960182E+004                  2.9383214901032473E-001                  9.4390539869241574E-001                 -2.3459688888370895E-012                 -2.6251838452607120E-012                  2.7921495642362262E-013                 -8.3879169541084622E+000                 -9.8422827913008977E+000                 -8.2654292663868389E+000 
                                    1065                  6.7419405714416261E+000                  1.9373350435202460E-001                  7.4733378235042762E+000                  2.9692541903410191E-001                  1.5993753983020445E+001                  6.9919237529102241E-001                  2.8031013767619484E-001                  2.0497487032782757E-002                  2.9374112641175393E-001                  3.2710343185650426E-001                  4.5494111057303169E+004                  2.9378777871879186E-001                  9.5099947278999009E-001                 -2.3472506124268742E-012                 -2.6230855447489918E-012                  2.7583493232211762E-013                 -8.3885234786774525E+000                 -9.8401802464881900E+000                 -8.2696283373823842E+000 
                                    1066                  6.6440705237884927E+000                  1.9106676571134948E-001                  7.4746281640668464E+000                  2.9983361165269035E-001                  1.5998147508050433E+001                  6.9919237244648569E-001                  2.8031013876303013E-001                  2.0497488790484186E-002                  2.9364398632157795E-001                  3.2697031190566656E-001                  4.5753473354578360E+004                  2.9369369908880016E-001                  9.6657486222690014E-001                 -2.3506466395225903E-012                 -2.6215001861966293E-012                  2.7085354667403906E-013                 -8.3866449423441392E+000                 -9.8349707792904191E+000                 -8.2755741492755046E+000 
                                    1067                  6.5462004761353603E+000                  1.8836828107951820E-001                  7.4755957677865892E+000                  3.0201901207515081E-001                  1.6001446189282820E+001                  6.9919237034050541E-001                  2.8031013956737283E-001                  2.0497490092121762E-002                  2.9356752554020171E-001                  3.2687093126979583E-001                  4.5995706346303050E+004                  2.9359416182871040E-001                  9.8603560170784277E-001                 -2.3623548446210108E-012                 -2.6282901472851763E-012                  2.6593530266416537E-013                 -8.3819181718821643E+000                 -9.8297314127398892E+000                 -8.2803157959974705E+000 
                                    1068                  6.4972782056171274E+000                  1.8700719561278123E-001                  7.4762403591824045E+000                  3.0347265485365460E-001                  1.6003642093603354E+001                  6.9919236894413517E-001                  2.8031014010058936E-001                  2.0497490955275532E-002                  2.9351644256667370E-001                  3.2680483095938828E-001                  4.6104018493675205E+004                  2.9354314062811804E-001                  9.9346892076310556E-001                 -2.3625980273221885E-012                 -2.6252289277352059E-012                  2.6263090041301731E-013                 -8.3812688502793673E+000                 -9.8277606134222619E+000                 -8.2833109387245649E+000 
                                    1069                  6.4483559350988973E+000                  1.8563780467664590E-001                  7.4772067190163947E+000                  3.0564863614724275E-001                  1.6006931794371525E+001                  6.9919236686244035E-001                  2.8031014089534839E-001                  2.0497492242211202E-002                  2.9344079965607278E-001                  3.2670587587364142E-001                  4.6226060483070076E+004                  2.9349238282001378E-001                  9.9660560703430368E-001                 -2.3519705813443118E-012                 -2.6112146844075522E-012                  2.5924410306324056E-013                 -8.3837931729197237E+000                 -9.8259600013708006E+000                 -8.2875427725148842E+000 
                                    1070                  6.3505113940624298E+000                  1.8287355706788405E-001                  7.4784949437032333E+000                  3.0855550367110562E-001                  1.6011322605962739E+001                  6.9919236412850061E-001                  2.8031014193871223E-001                  2.0497493932787103E-002                  2.9334411973741514E-001                  3.2657444594612833E-001                  4.6484840311849497E+004                  2.9339360693250638E-001                  1.0129176757929388E+000                 -2.3531409103169245E-012                 -2.6072260392886082E-012                  2.5408512897168382E-013                 -8.3820220333695499E+000                 -9.8208858630926574E+000                 -8.2935859423589626E+000 
                                    1071                  6.2527235974727615E+000                  1.8007611884582742E-001                  7.4797825609635344E+000                  3.1146201590877298E-001                  1.6015712748506949E+001                  6.9919236143248142E-001                  2.8031014296719053E-001                  2.0497495600328097E-002                  2.9325284900087539E-001                  3.2644345244043738E-001                  4.6736941744804106E+004                  2.9329965228472643E-001                  1.0295968436735383E+000                 -2.3540800971301535E-012                 -2.6027029285252490E-012                  2.4862283139509545E-013                 -8.3802561404341258E+000                 -9.8160506390492248E+000                 -8.2996744281786210E+000 
                                    1072                  6.1549358008830923E+000                  1.7724277033289806E-001                  7.4807482614190866E+000                  3.1364630724749931E-001                  1.6019009245039008E+001                  6.9919235943568536E-001                  2.8031014372861685E-001                  2.0497496835697793E-002                  2.9318840458944090E-001                  3.2634549574772320E-001                  4.6983194104649505E+004                  2.9321105357276678E-001                  1.0525221163197056E+000                 -2.3672991556247358E-012                 -2.6110852699211494E-012                  2.4378611429641379E-013                 -8.3747888973420679E+000                 -9.8108710549400175E+000                 -8.3045745461006444E+000 
                                    1073                  6.1060866267208542E+000                  1.7581358933167990E-001                  7.4813914301048907E+000                  3.1509876463788322E-001                  1.6021203100076630E+001                  6.9919235811130653E-001                  2.8031014423352946E-001                  2.0497497655163954E-002                  2.9314690871296545E-001                  3.2628028857961777E-001                  4.7099363532020936E+004                  2.9316883974749652E-001                  1.0604582203962296E+000                 -2.3658501946425032E-012                 -2.6065097887914994E-012                  2.4065959414899623E-013                 -8.3742306955639734E+000                 -9.8087688166731191E+000                 -8.3076576838363518E+000 
                                    1074                  6.0572374525586152E+000                  1.7437500141891085E-001                  7.4820346155700683E+000                  3.1655145230022957E-001                  1.6023397318614460E+001                  6.9919235679822445E-001                  2.8031014473403032E-001                  2.0497498467745290E-002                  2.9310656872370766E-001                  3.2621513928195423E-001                  4.7215589036342128E+004                  2.9312791990230863E-001                  1.0641904055204821E+000                 -2.3543287989097108E-012                 -2.5921989939091869E-012                  2.3787019499947619E-013                 -8.3754218187644991E+000                 -9.8066761472054189E+000                 -8.3107532840922609E+000 
                                    1075                  6.0083882783963789E+000                  1.7292685056855595E-001                  7.4826778343986833E+000                  3.1800439612917553E-001                  1.6025591949312361E+001                  6.9919235549529146E-001                  2.8031014523055775E-001                  2.0497499274150788E-002                  2.9306720063837105E-001                  3.2615003857363012E-001                  4.7345874028500053E+004                  2.9308807191454367E-001                  1.0758195354955473E+000                 -2.3601030937134037E-012                 -2.5952661956824390E-012                  2.3516310196903529E-013                 -8.3734312261347199E+000                 -9.8042072975379018E+000                 -8.3138611857839813E+000 
                                    1076                  5.9595391042341399E+000                  1.7146897696690896E-001                  7.4836415667019800E+000                  3.2017785827976475E-001                  1.6028877675283468E+001                  6.9919235354951126E-001                  2.8031014597190579E-001                  2.0497500478583008E-002                  2.9300921427606674E-001                  3.2605250442668782E-001                  4.7487298412627948E+004                  2.9304904601346859E-001                  1.0848343611282130E+000                 -2.3598795918447860E-012                 -2.5921006094899877E-012                  2.3222101764520187E-013                 -8.3738307936525267E+000                 -9.8020066499453407E+000                 -8.3182196497998095E+000 
                                    1077                  5.8619644740122352E+000                  1.6852713024619007E-001                  7.4849267670624444E+000                  3.2308197261958121E-001                  1.6033264470767953E+001                  6.9919235098762944E-001                  2.8031014694756801E-001                  2.0497502064802609E-002                  2.9293335069130155E-001                  3.2592264797270187E-001                  4.7740787003391946E+004                  2.9297247944196275E-001                  1.1031502594264218E+000                 -2.3576430483586545E-012                 -2.5853193036794760E-012                  2.2767625532082157E-013                 -8.3720735952206518E+000                 -9.7973219883607250E+000                 -8.3244882337990660E+000 
                                    1078                  5.7643898437903331E+000                  1.6554447907363626E-001                  7.4862113293763546E+000                  3.2598529466345466E-001                  1.6037650246705116E+001                  6.9919234846263556E-001                  2.8031014790875808E-001                  2.0497503628606362E-002                  2.9285622366181524E-001                  3.2579292704661034E-001                  4.7979749607101585E+004                  2.9289595905198723E-001                  1.1219821054355981E+000                 -2.3555384660571636E-012                 -2.5781057940579047E-012                  2.2256732800074090E-013                 -8.3702763666666815E+000                 -9.7930695154489236E+000                 -8.3307959392021758E+000 
                                    1079                  5.6669748596352587E+000                  1.6252458564829186E-001                  7.4874953573118992E+000                  3.2888805545057220E-001                  1.6042035379819872E+001                  6.9919234597094815E-001                  2.8031014885684385E-001                  2.0497505172208053E-002                  2.9277370832449101E-001                  3.2566326991288708E-001                  4.8229973086967315E+004                  2.9281617585990394E-001                  1.1412264141258450E+000                 -2.3528327713608591E-012                 -2.5702649735904714E-012                  2.1743220222961245E-013                 -8.3684840474736699E+000                 -9.7885451490339133E+000                 -8.3371408599333368E+000 
                                    1080                  5.5695598754801861E+000                  1.5946111536077617E-001                  7.4884585495783149E+000                  3.3106983358049452E-001                  1.6045328714113783E+001                  6.9919234413081566E-001                  2.8031014955669314E-001                  2.0497506312491254E-002                  2.9270730244211246E-001                  3.2556605227849605E-001                  4.8461368946951799E+004                  2.9273062412836176E-001                  1.1610012732731463E+000                 -2.3490819880270020E-012                 -2.5619100281727744E-012                  2.1282804014577224E-013                 -8.3653706472028162E+000                 -9.7839948629570195E+000                 -8.3422821297369296E+000 
                                    1081                  5.5209510239258153E+000                  1.5791571561333506E-001                  7.4890997452323607E+000                  3.3251991115714319E-001                  1.6047519452814878E+001                  6.9919234291099341E-001                  2.8031015002051529E-001                  2.0497507068491294E-002                  2.9266075029360211E-001                  3.2550125738328478E-001                  4.8587706147088604E+004                  2.9268524670947293E-001                  1.1719715667398121E+000                 -2.3493508101036371E-012                 -2.5592858780548210E-012                  2.0993506795118384E-013                 -8.3641116624688205E+000                 -9.7817223916095823E+000                 -8.3454816309568169E+000 
                                    1082                  5.4723421723714400E+000                  1.5635887522803110E-001                  7.4897411261305713E+000                  3.3397062513763842E-001                  1.6049711177808231E+001                  6.9919234169897970E-001                  2.8031015048126057E-001                  2.0497507819759786E-002                  2.9261292614758044E-001                  3.2543641226584830E-001                  4.8717142279566731E+004                  2.9263805670660031E-001                  1.1766673839134079E+000                 -2.3366793568719267E-012                 -2.5441893309332622E-012                  2.0750997406133567E-013                 -8.3652097567857080E+000                 -9.7793736224951182E+000                 -8.3486902434667627E+000 
                                    1083                  5.4237333208170657E+000                  1.5479038673535817E-001                  7.4903827067038709E+000                  3.3542201963301560E-001                  1.6051903946639626E+001                  6.9919234049544410E-001                  2.8031015093867501E-001                  2.0497508565880951E-002                  2.9256424791131752E-001                  3.2537150772076839E-001                  4.8845891841286386E+004                  2.9258981175001780E-001                  1.1902923843266149E+000                 -2.3407412821807144E-012                 -2.5458614945426645E-012                  2.0512021236195021E-013                 -8.3630542114645205E+000                 -9.7770502164953612E+000                 -8.3519082643949734E+000 
                                    1084                  5.3751244692626914E+000                  1.5321003714868758E-001                  7.4913434840372641E+000                  3.3759212355584223E-001                  1.6055185294997141E+001                  6.9919233870036190E-001                  2.8031015162074957E-001                  2.0497509678888526E-002                  2.9249042493495891E-001                  3.2527415147482458E-001                  4.8982171509605439E+004                  2.9254082675224208E-001                  1.1991995343005120E+000                 -2.3357638226344524E-012                 -2.5381583759132660E-012                  2.0239455327881375E-013                 -8.3639423184605661E+000                 -9.7750870732370085E+000                 -8.3563643343632741E+000 
                                    1085                  5.2781435442286151E+000                  1.5002068888331610E-001                  7.4926249101852251E+000                  3.4049247744252009E-001                  1.6059567124185303E+001                  6.9919233633867162E-001                  2.8031015251768449E-001                  2.0497511143643843E-002                  2.9239347884110017E-001                  3.2514418820867952E-001                  4.9242262281429408E+004                  2.9244318613577652E-001                  1.2219783070228378E+000                 -2.3326657169346945E-012                 -2.5309189442373050E-012                  1.9825322730261052E-013                 -8.3614967773841347E+000                 -9.7704023710945513E+000                 -8.3628349480498336E+000 
                                    1086                  5.1811626191945361E+000                  1.4678144081195610E-001                  7.4935862508105116E+000                  3.4267287063455454E-001                  1.6062858431540661E+001                  6.9919233458900654E-001                  2.8031015318185476E-001                  2.0497512229138648E-002                  2.9232358371117478E-001                  3.2504656443090035E-001                  4.9490854372086156E+004                  2.9234808242556209E-001                  1.2487954450775509E+000                 -2.3349050431892139E-012                 -2.5290554471656167E-012                  1.9415040397640287E-013                 -8.3565650584719826E+000                 -9.7654990138297340E+000                 -8.3681179084806576E+000 
                                    1087                  5.1328112728861077E+000                  1.4514724919504948E-001                  7.4942259884183624E+000                  3.4412155818971740E-001                  1.6065047051730076E+001                  6.9919233343080012E-001                  2.8031015362139883E-001                  2.0497512947801111E-002                  2.9227864290537409E-001                  3.2498144525438832E-001                  4.9607181750607393E+004                  2.9230235980739672E-001                  1.2580662675041001E+000                 -2.3287658995940389E-012                 -2.5202106414764085E-012                  1.9144474188236941E-013                 -8.3562506690984470E+000                 -9.7635431022891126E+000                 -8.3713860253921855E+000 
                                    1088                  5.0844599265776793E+000                  1.4349993472723721E-001                  7.4951857366572101E+000                  3.4629151799510099E-001                  1.6068328042977331E+001                  6.9919233170399941E-001                  2.8031015427656225E-001                  2.0497514019438334E-002                  2.9221408396647575E-001                  3.2488350281050443E-001                  4.9731798347025440E+004                  2.9225836778096481E-001                  1.2633151044565476E+000                 -2.3154629022927362E-012                 -2.5041399424061405E-012                  1.8867704011340421E-013                 -8.3586265954598211E+000                 -9.7619299742876162E+000                 -8.3758966161093280E+000 
                                    1089                  4.9877572339608225E+000                  1.4016488095876575E-001                  7.4964652016767852E+000                  3.4919027996757562E-001                  1.6072707199340488E+001                  6.9919232943622001E-001                  2.8031015513653934E-001                  2.0497515427240653E-002                  2.9213470382712303E-001                  3.2475264283402389E-001                  4.9988031810495610E+004                  2.9217557860889248E-001                  1.2862138143162343E+000                 -2.3079399966777344E-012                 -2.4923507076035827E-012                  1.8441071092584813E-013                 -8.3566873654170148E+000                 -9.7574434709651143E+000                 -8.3824989444651425E+000 
                                    1090                  4.8913763237118673E+000                  1.3678557260855559E-001                  7.4977441613039941E+000                  3.5208866195564337E-001                  1.6077085748487274E+001                  6.9919232720075852E-001                  2.8031015598382214E-001                  2.0497516815419337E-002                  2.9206064906592100E-001                  3.2462133471178417E-001                  5.0240654920764064E+004                  2.9209893356372846E-001                  1.3095896576876875E+000                 -2.2999260427524168E-012                 -2.4798720419328879E-012                  1.7994599918047116E-013                 -8.3547845439187132E+000                 -9.7530934923601169E+000                 -8.3891550899842429E+000 
                                    1091                  4.7949954134629147E+000                  1.3334878058517607E-001                  7.4987038683115168E+000                  3.5426786285305839E-001                  1.6080375099368496E+001                  6.9919232554414346E-001                  2.8031015661137948E-001                  2.0497517844477064E-002                  2.9200560072839099E-001                  3.2452250066831928E-001                  5.0493774763037967E+004                  2.9202517379442655E-001                  1.3422142803580390E+000                 -2.3043978749633158E-012                 -2.4803228120687874E-012                  1.7592493710547147E-013                 -8.3488075097716052E+000                 -9.7482202800568771E+000                 -8.3946457694112606E+000 
                                    1092                  4.7469887378829743E+000                  1.3161478316695624E-001                  7.4993422859482992E+000                  3.5571514905674761E-001                  1.6082561554891132E+001                  6.9919232444736956E-001                  2.8031015702674750E-001                  2.0497518525882885E-002                  2.9196794335941195E-001                  3.2445651829843386E-001                  5.0617545547858404E+004                  2.9198804350805674E-001                  1.3520179117205104E+000                 -2.2962498241852876E-012                 -2.4696071724437211E-012                  1.7335734825843369E-013                 -8.3486609484096643E+000                 -9.7461506327600382E+000                 -8.3980268294750751E+000 
                                    1093                  4.6989820623030338E+000                  1.2986563810448543E-001                  7.4999812003446618E+000                  3.5716372147644365E-001                  1.6084749998512972E+001                  6.9919232335998127E-001                  2.8031015743845006E-001                  2.0497519201568615E-002                  2.9192907609568491E-001                  3.2439032166583148E-001                  5.0729910255823008E+004                  2.9194977961199631E-001                  1.3585321074990635E+000                 -2.2824907564196792E-012                 -2.4535254664257929E-012                  1.7103471000611384E-013                 -8.3496078999361725E+000                 -9.7443869899004891E+000                 -8.4014283030373882E+000 
                                    1094                  4.6509753867230907E+000                  1.2810103176044441E-001                  7.5006206297392479E+000                  3.5861362004278163E-001                  1.6086940505114416E+001                  6.9919232228011619E-001                  2.8031015784719282E-001                  2.0497519872690995E-002                  2.9188823640063011E-001                  3.2432390208783268E-001                  5.0857042473261608E+004                  2.9190993273062860E-001                  1.3755240302564065E+000                 -2.2842878330183735E-012                 -2.4530918095722607E-012                  1.6880397655388715E-013                 -8.3472652770340190E+000                 -9.7422571740175368E+000                 -8.4048510073285350E+000 
                                    1095                  4.6029687111431503E+000                  1.2632064078041844E-001                  7.5015774508120767E+000                  3.6077969370067703E-001                  1.6090215890614822E+001                  6.9919232066949077E-001                  2.8031015845666768E-001                  2.0497520873841601E-002                  2.9182229086099210E-001                  3.2422414020938417E-001                  5.1003040698153731E+004                  2.9186747050715434E-001                  1.3883080055884696E+000                 -2.2793401338315020E-012                 -2.4457562396570089E-012                  1.6641610582550707E-013                 -8.3476052458276335E+000                 -9.7402249062541753E+000                 -8.4095313440638737E+000 
                                    1096                  4.5073710837144336E+000                  1.2272689306002740E-001                  7.5028540439602960E+000                  3.6367536163446140E-001                  1.6094591174316083E+001                  6.9919231854861597E-001                  2.8031015925877978E-001                  2.0497522192604256E-002                  2.9172725373899333E-001                  3.2409057477031344E-001                  5.1257849424849701E+004                  2.9177605692837111E-001                  1.4128557962292281E+000                 -2.2658896635202909E-012                 -2.4285067902806245E-012                  1.6261712676033344E-013                 -8.3461892381648628E+000                 -9.7360146259454527E+000                 -8.4164579355824714E+000 
                                    1097                  4.4117734562857196E+000                  1.1906645741392016E-001                  7.5041298913515941E+000                  3.6657006212434867E-001                  1.6098965411980565E+001                  6.9919231645950519E-001                  2.8031016004843134E-001                  2.0497523492063463E-002                  2.9162618094861187E-001                  3.2395650120480540E-001                  5.1498305248431658E+004                  2.9167788459073141E-001                  1.4396967872024460E+000                 -2.2544136012267076E-012                 -2.4128150190296161E-012                  1.5840141780290851E-013                 -8.3442777833545847E+000                 -9.7322053162242312E+000                 -8.4234505332044058E+000 
                                    1098                  4.3166422317315600E+000                  1.1535476556113139E-001                  7.5054051334718830E+000                  3.6946404578578157E-001                  1.6103339069135249E+001                  6.9919231439888818E-001                  2.8031016082686488E-001                  2.0497524774246934E-002                  2.9152255006241479E-001                  3.2382194927588143E-001                  5.1748668750532430E+004                  2.9157566236575244E-001                  1.4670523373946969E+000                 -2.2420936803561935E-012                 -2.3962812126983980E-012                  1.5418753234220457E-013                 -8.3424206788850608E+000                 -9.7281734805876976E+000                 -8.4304947628559770E+000 
                                    1099                  4.2215110071774040E+000                  1.1157103151718385E-001                  7.5063622099033713E+000                  3.7164038689523071E-001                  1.6106625630326075E+001                  6.9919231287639116E-001                  2.8031016140167719E-001                  2.0497525721931642E-002                  2.9144562882172337E-001                  3.2372070302868799E-001                  5.1980891012127257E+004                  2.9147247864052317E-001                  1.4953724329661495E+000                 -2.2288627972057094E-012                 -2.3792221308705881E-012                  1.5035933366487859E-013                 -8.3392068564651360E+000                 -9.7240510130576574E+000                 -8.4363571026704633E+000 
                                    1100                  4.1742053122408649E+000                  1.0966169083005192E-001                  7.5069984085980090E+000                  3.7308469089123403E-001                  1.6108808719969581E+001                  6.9919231186932695E-001                  2.8031016178177748E-001                  2.0497526348895567E-002                  2.9139536527353044E-001                  3.2365321409311959E-001                  5.2109986961336894E+004                  2.9142180321986083E-001                  1.5099848979945094E+000                 -2.2227572923311897E-012                 -2.3707428701503121E-012                  1.4798557781912248E-013                 -8.3381860982909330E+000                 -9.7219540830214939E+000                 -8.4399210990289806E+000 
                                    1101                  4.1268996173043258E+000                  1.0773329731903182E-001                  7.5076353476858886E+000                  3.7453086664055985E-001                  1.6110994722673507E+001                  6.9919231086860412E-001                  2.8031016215937138E-001                  2.0497526972024449E-002                  2.9134633493895784E-001                  3.2358553770250897E-001                  5.2234319228466520E+004                  2.9137215491107987E-001                  1.5183895526120306E+000                 -2.2079135101326305E-012                 -2.3538644338363956E-012                  1.4595092370376522E-013                 -8.3389953075177718E+000                 -9.7199820949544584E+000                 -8.4435025029678563E+000 
                                    1102                  4.0795939223677866E+000                  1.0578540994860947E-001                  7.5082730573016629E+000                  3.7597898442641320E-001                  1.6113183732784183E+001                  6.9919230987432812E-001                  2.8031016253441965E-001                  2.0497527591252229E-002                  2.9129874014242024E-001                  3.2351767613874588E-001                  5.2359491292150386E+004                  2.9132384916388515E-001                  1.5385656860868830E+000                 -2.2075918227903967E-012                 -2.3515806757135959E-012                  1.4398885292319913E-013                 -8.3365000188483247E+000                 -9.7179946342468160E+000                 -8.4471017042834795E+000 
                                    1103                  4.0322882274312475E+000                  1.0381757239662860E-001                  7.5092265893937045E+000                  3.7814082715148845E-001                  1.6116454485692806E+001                  6.9919230839250790E-001                  2.8031016309320272E-001                  2.0497528514289431E-002                  2.9122966195644040E-001                  3.2341596583186227E-001                  5.2506379544718104E+004                  2.9127693481327871E-001                  1.5535455568470731E+000                 -2.2003695573055259E-012                 -2.3421853196702114E-012                  1.4181576236468549E-013                 -8.3368173815157753E+000                 -9.7160315701444997E+000                 -8.4519435826635334E+000 
                                    1104                  3.9382530207307664E+000                  9.9844694235711393E-002                  7.5104991869998354E+000                  3.8103184347454455E-001                  1.6120824899185113E+001                  6.9919230644287589E-001                  2.8031016382794194E-001                  2.0497529729182173E-002                  2.9114162775465824E-001                  3.2327999897493692E-001                  5.2757475592469433E+004                  2.9118696373053160E-001                  1.5815991014895516E+000                 -2.1816903044067950E-012                 -2.3200607927000533E-012                  1.3837048829325838E-013                 -8.3355780007462812E+000                 -9.7120574313958645E+000                 -8.4591958368642537E+000 
                                    1105                  3.8442178140302818E+000                  9.5787187772855317E-002                  7.5114545338396903E+000                  3.8320654686038180E-001                  1.6124109719930672E+001                  6.9919230499905305E-001                  2.8031016437172024E-001                  2.0497530629226768E-002                  2.9107784948805371E-001                  3.2317778621760068E-001                  5.3001669144938693E+004                  2.9110034541609747E-001                  1.6245574536757872E+000                 -2.1786057553105182E-012                 -2.3135223547336741E-012                  1.3491659942315567E-013                 -8.3292677318319317E+000                 -9.7077172871465685E+000                 -8.4652902967882948E+000 
                                    1106                  3.7975180433522806E+000                  9.3739436224231171E-002                  7.5120892564335202E+000                  3.8464904361560470E-001                  1.6126290465666063E+001                  6.9919230404506783E-001                  2.8031016473090037E-001                  2.0497531224031862E-002                  2.9103578184929563E-001                  3.2310975133693975E-001                  5.3123573696241685E+004                  2.9105814777235700E-001                  1.6355180781059553E+000                 -2.1647247933958571E-012                 -2.2974210530052735E-012                  1.3269625960941648E-013                 -8.3296656472523267E+000                 -9.7058364607468501E+000                 -8.4689663768364749E+000 
                                    1107                  3.7508182726742789E+000                  9.1669239539165392E-002                  7.5130424430092146E+000                  3.8681183378245165E-001                  1.6129562938681982E+001                  6.9919230262285970E-001                  2.8031016526619768E-001                  2.0497532110942629E-002                  2.9097243981919835E-001                  3.2300740951275214E-001                  5.3242387188661924E+004                  2.9101599845349013E-001                  1.6450212638721564E+000                 -2.1489312274935882E-012                 -2.2793841766761934E-012                  1.3045294918260502E-013                 -8.3317661580402120E+000                 -9.7045960418644288E+000                 -8.4738953067445753E+000 
                                    1108                  3.6574187313182760E+000                  8.7459186325041446E-002                  7.5143131240555796E+000                  3.8970093814656143E-001                  1.6133930665153564E+001                  6.9919230075519456E-001                  2.8031016596870234E-001                  2.0497533276103042E-002                  2.9088758515205992E-001                  3.2287088437610673E-001                  5.3491600851765266E+004                  2.9093118976797022E-001                  1.6783503006129623E+000                 -2.1311862121380420E-012                 -2.2581304140986376E-012                  1.2694420196059568E-013                 -8.3298078630822570E+000                 -9.7007453417225715E+000                 -8.4813655690746952E+000 
                                    1109                  3.5647178371790327E+000                  8.3184899121864733E-002                  7.5155832929815611E+000                  3.9258955883211616E-001                  1.6138297855562904E+001                  6.9919229891410117E-001                  2.8031016666075753E-001                  2.0497534425141239E-002                  2.9080120929537001E-001                  3.2273425697177505E-001                  5.3739330141871571E+004                  2.9084573942663838E-001                  1.7121666468673564E+000                 -2.1125541948403191E-012                 -2.2358429350221283E-012                  1.2328874018180926E-013                 -8.3279816167844825E+000                 -9.6969692491283457E+000                 -8.4889151916419880E+000 
                                    1110                  3.4720169430397889E+000                  7.8810203881967036E-002                  7.5165370469245056E+000                  3.9476297045604075E-001                  1.6141581057986066E+001                  6.9919229755022960E-001                  2.8031016717308471E-001                  2.0497535276685630E-002                  2.9073566136059087E-001                  3.2263165210735206E-001                  5.3983053155706242E+004                  2.9075874289909842E-001                  1.7552397419675643E+000                 -2.1010867738590979E-012                 -2.2209475834994524E-012                  1.1986080964035460E-013                 -8.3228509644645303E+000                 -9.6927643841073756E+000                 -8.4953351615403019E+000 
                                    1111                  3.4260491531437309E+000                  7.6602043105867990E-002                  7.5171703092569526E+000                  3.9620365871082514E-001                  1.6143759355073218E+001                  6.9919229665271554E-001                  2.8031016751011478E-001                  2.0497535837169734E-002                  2.9069155217779213E-001                  3.2256346323838614E-001                  5.4086700105505624E+004                  2.9071495875514558E-001                  1.7672088365290024E+000                 -2.0855440049534579E-012                 -2.2032602646034135E-012                  1.1771625964995550E-013                 -8.3233918014320150E+000                 -9.6913911772516634E+000                 -8.4991818944847601E+000 
                                    1112                  3.3800813632476765E+000                  7.4367161796115633E-002                  7.5178047778105546E+000                  3.9764726584414323E-001                  1.6145942133542750E+001                  6.9919229576028141E-001                  2.8031016784512319E-001                  2.0497536394595395E-002                  2.9064715791520823E-001                  3.2249513387325435E-001                  5.4208473636056893E+004                  2.9067071405706391E-001                  1.7923884619993193E+000                 -2.0822663160578396E-012                 -2.1981704403154493E-012                  1.1590412425760954E-013                 -8.3207707588551152E+000                 -9.6895908630731338E+000                 -8.5030599328611043E+000 
                                    1113                  3.3341135733516225E+000                  7.2104828581993782E-002                  7.5184404908277376E+000                  3.9909387796052176E-001                  1.6148129528168770E+001                  6.9919229487025580E-001                  2.8031016817911253E-001                  2.0497536950631723E-002                  2.9060257295660141E-001                  3.2242666626659128E-001                  5.4346492999311042E+004                  2.9062622720381887E-001                  1.8109041222258815E+000                 -2.0717139177994454E-012                 -2.1859292792893703E-012                  1.1421536148992482E-013                 -8.3198620178422846E+000                 -9.6874110762829311E+000                 -8.5069696793254472E+000 
                                    1114                  3.2881457834555654E+000                  6.9814281787549087E-002                  7.5193898515450348E+000                  4.0125075054765291E-001                  1.6151393781024925E+001                  6.9919229354873791E-001                  2.8031016867485048E-001                  2.0497537776411612E-002                  2.9053559764151438E-001                  3.2232436763313910E-001                  5.4475533044330608E+004                  2.9058147614054958E-001                  1.8296690763788379E+000                 -2.0610874376979492E-012                 -2.1734004798774441E-012                  1.1231304217949502E-013                 -8.3202369830503429E+000                 -9.6860161003355127E+000                 -8.5121318872970058E+000 
                                    1115                  3.1970462927747381E+000                  6.5188283245252984E-002                  7.5206575440882730E+000                  4.0413653862634008E-001                  1.6155757762253785E+001                  6.9919229180849107E-001                  2.8031016932720887E-001                  2.0497538864300058E-002                  2.9044597694510399E-001                  3.2218788961107497E-001                  5.4718891896285022E+004                  2.9049215459972344E-001                  1.8635520979501421E+000                 -2.0348910620189071E-012                 -2.1440194811035041E-012                  1.0912841908459692E-013                 -8.3194793916675884E+000                 -9.6824736573477974E+000                 -8.5200488638672223E+000 
                                    1116                  3.1059468020939107E+000                  6.0441738904415752E-002                  7.5219245006655511E+000                  4.0702143344381170E-001                  1.6160120640681889E+001                  6.9919229009601835E-001                  2.8031016996869790E-001                  2.0497539935283804E-002                  2.9035591924466941E-001                  3.2205159284170792E-001                  5.4946605321856448E+004                  2.9040209443433546E-001                  1.9031635058260108E+000                 -2.0121527945145397E-012                 -2.1178405645271762E-012                  1.0568777001263655E-013                 -8.3176648646255007E+000                 -9.6793282049477298E+000                 -8.5280770857070962E+000 
                                    1117                  3.0157585900367345E+000                  5.5616899025050820E-002                  7.5231909441597864E+000                  4.0990574068952768E-001                  1.6164483024045204E+001                  6.9919228840989200E-001                  2.8031017059986246E-001                  2.0497540990245477E-002                  2.9026578688195354E-001                  3.2191550327815832E-001                  5.5178996495060834E+004                  2.9031223064823697E-001                  1.9431093466815637E+000                 -1.9880699395721791E-012                 -2.0904161611411552E-012                  1.0234622156897607E-013                 -8.3160534025716419E+000                 -9.6760926153504592E+000                 -8.5361887992622272E+000 
                                    1118                  2.9255703779795552E+000                  5.0659303052937185E-002                  7.5241423141944033E+000                  4.1207686145591638E-001                  1.6167764085254476E+001                  6.9919228715852610E-001                  2.8031017106793954E-001                  2.0497541773534356E-002                  2.9019863122359901E-001                  3.2181346167720037E-001                  5.5430083455325512E+004                  2.9022224313664990E-001                  2.0008988688262979E+000                 -1.9760097618339767E-012                 -2.0753273343398383E-012                  9.9317572505861481E-014                 -8.3095755687831101E+000                 -9.6718738413130190E+000                 -8.5431894954053931E+000 
                                    1119                  2.8809719504612437E+000                  4.8156212156277668E-002                  7.5247732629015527E+000                  4.1351434764332295E-001                  1.6169938441711466E+001                  6.9919228633410013E-001                  2.8031017137620468E-001                  2.0497542289695136E-002                  2.9015413825512543E-001                  3.2174582498726123E-001                  5.5542552867420891E+004                  2.9017777288309243E-001                  2.0117333507264048E+000                 -1.9551473128188635E-012                 -2.0525869917623867E-012                  9.7439678943523277E-014                 -8.3110163984922476E+000                 -9.6703565696942508E+000                 -8.5473246752720300E+000 
                                    1120                  2.8363735229429370E+000                  4.5617569458715541E-002                  7.5257218176152998E+000                  4.1567192567221950E-001                  1.6173204921510841E+001                  6.9919228510607345E-001                  2.8031017183521090E-001                  2.0497543058715650E-002                  2.9008761180468196E-001                  3.2164421651558500E-001                  5.5643264848431361E+004                  2.9013335056971656E-001                  2.0281333162179100E+000                 -1.9383628624124997E-012                 -2.0339460931840713E-012                  9.5583230771571643E-014                 -8.3125904700425721E+000                 -9.6696816126868192E+000                 -8.5527287459801116E+000 
                                    1121                  2.7471766679063179E+000                  4.0429006076099713E-002                  7.5266724288815272E+000                  4.1784242957241302E-001                  1.6176485366033113E+001                  6.9919228389114529E-001                  2.8031017228897742E-001                  2.0497543819877340E-002                  2.9002287654106240E-001                  3.2154267929290437E-001                  5.5893854778407513E+004                  2.9004568212464771E-001                  2.0896125477338696E+000                 -1.9241227284570197E-012                 -2.0169534868019450E-012                  9.2830758344925212E-014                 -8.3060862121866048E+000                 -9.6655064949802245E+000                 -8.5599410924968318E+000 
                                    1122                  2.7031166638623798E+000                  3.7809003122981771E-002                  7.5273025901000574E+000                  4.1927887963255994E-001                  1.6178658316105871E+001                  6.9919228309141790E-001                  2.8031017258755608E-001                  2.0497544321026018E-002                  2.8998068050061665E-001                  3.2147544209048878E-001                  5.6000927160457904E+004                  2.9000317609233733E-001                  2.1000097235990984E+000                 -1.9016819342976542E-012                 -1.9926995924880598E-012                  9.1017658190405746E-014                 -8.3078205646955006E+000                 -9.6641227871656454E+000                 -8.5641782695812090E+000 
                                    1123                  2.6590566598184373E+000                  3.5149599469389871E-002                  7.5282502370842037E+000                  4.2143557018744798E-001                  1.6181923605917437E+001                  6.9919228189961635E-001                  2.8031017303234529E-001                  2.0497545068038359E-002                  2.8991855480909690E-001                  3.2137445704640999E-001                  5.6098741276438879E+004                  2.8996136884480744E-001                  2.1171036643293113E+000                 -1.8839007817192819E-012                 -1.9730470692579261E-012                  8.9146287538644270E-014                 -8.3095000771477441E+000                 -9.6635132671949417E+000                 -8.5696810834100940E+000 
                                    1124                  2.5709366517305563E+000                  2.9707195062459561E-002                  7.5295135113602267E+000                  4.2431658271323663E-001                  1.6186281661534437E+001                  6.9919228033458281E-001                  2.8031017361597232E-001                  2.0497546049444870E-002                  2.8983956436941177E-001                  3.2124029040008145E-001                  5.6329242836598140E+004                  2.8988019755474920E-001                  2.1642858483619110E+000                 -1.8553244901578125E-012                 -1.9415206070955839E-012                  8.6196116937771345E-014                 -8.3078872993978159E+000                 -9.6603786337501791E+000                 -8.5783399137114298E+000 
                                    1125                  2.4839849824977445E+000                  2.4166205287208024E-002                  7.5307763513359882E+000                  4.2719729059667827E-001                  1.6190639273062143E+001                  6.9919227879323964E-001                  2.8031017419031395E-001                  2.0497547016446349E-002                  2.8976398609939819E-001                  3.2110664962163210E-001                  5.6548649774553996E+004                  2.8980318065721894E-001                  2.2114316388339721E+000                 -1.8253570726494489E-012                 -1.9085251093335576E-012                  8.3168036684108609E-014                 -8.3065971961253080E+000                 -9.6575138118753401E+000                 -8.5871004974733047E+000 
                                    1126                  2.3970333132649291E+000                  1.8443512965619236E-002                  7.5317256157585399E+000                  4.2936715977966639E-001                  1.6193918671334210E+001                  6.9919227765259784E-001                  2.8031017461500440E-001                  2.0497547732397758E-002                  2.8970823237107574E-001                  3.2100659921099789E-001                  5.6761243996272831E+004                  2.8972804532207536E-001                  2.2615055773872927E+000                 -1.7948188439194567E-012                 -1.8751211837785941E-012                  8.0302339859137214E-014                 -8.3038488890523787E+000                 -9.6542777738137264E+000                 -8.5948174976519702E+000 
                                    1127                  2.3541907444096344E+000                  1.5553039953217329E-002                  7.5323542294384227E+000                  4.3080170174455351E-001                  1.6196088620827361E+001                  6.9919227690296493E-001                  2.8031017489400023E-001                  2.0497548203034843E-002                  2.8967098706473937E-001                  3.2094048659745561E-001                  5.6862883512981287E+004                  2.8969101810580983E-001                  2.2796778499327925E+000                 -1.7751718098866596E-012                 -1.8537424008447844E-012                  7.8570590958124866E-014                 -8.3045224245529390E+000                 -9.6530436278361975E+000                 -8.5993108373575673E+000 
                                    1128                  2.3113481755543397E+000                  1.2613501490839188E-002                  7.5329850931035569E+000                  4.3224157690080411E-001                  1.6198266619073092E+001                  6.9919227615826429E-001                  2.8031017517104834E-001                  2.0497548670687316E-002                  2.8963325177788324E-001                  3.2087428883402763E-001                  5.6950199169216401E+004                  2.8965352825746693E-001                  2.3020900252446825E+000                 -1.7574685912892762E-012                 -1.8345322423200735E-012                  7.7063651030797187E-014                 -8.3044788540307888E+000                 -9.6521471960255898E+000                 -8.6038609975836184E+000 
                                    1129                  2.2685056066990450E+000                  9.6230692426182932E-003                  7.5336182807889314E+000                  4.3368695389942902E-001                  1.6200452928276480E+001                  6.9919227541430784E-001                  2.8031017544770631E-001                  2.0497549137985849E-002                  2.8959480365543322E-001                  3.2080800691152767E-001                  5.7080660900459137E+004                  2.8961544389841293E-001                  2.3399818892263538E+000                 -1.7483535539425625E-012                 -1.8239964379505148E-012                  7.5642884007952265E-014                 -8.3016524246640024E+000                 -9.6502752915606500E+000                 -8.6084706369410977E+000 
                                    1130                  2.2256630378437472E+000                  6.5798106887328591E-003                  7.5345611506690737E+000                  4.3583586889445808E-001                  1.6203706148958624E+001                  6.9919227431172659E-001                  2.8031017585755802E-001                  2.0497549830715389E-002                  2.8953578328001173E-001                  3.2070956786160992E-001                  5.7205491683504035E+004                  2.8957632730406874E-001                  2.3478003088116375E+000                 -1.7210137968157712E-012                 -1.7950754885686120E-012                  7.4061691752840778E-014                 -8.3057686983564700E+000                 -9.6490879009397013E+000                 -8.6143389947842657E+000 
                                    1131                  2.1413501003018762E+000                  4.2838178905470561E-004                  7.5358217337926829E+000                  4.3871458425142418E-001                  1.6208060585015275E+001                  6.9919227286625718E-001                  2.8031017639442474E-001                  2.0497550739318138E-002                  2.8945382401834835E-001                  3.2057864874205128E-001                  5.7382297823027257E+004                  2.8949622469218700E-001                  2.4197996068172296E+000                 -1.6977677913130002E-012                 -1.7691944876021330E-012                  7.1426696289132863E-014                 -8.3013646965979326E+000                 -9.6472967191752357E+000                 -8.6237387206359948E+000 
                                    1132                  2.0570371627600061E+000                 -5.9526889295348434E-003                  7.5367697465129790E+000                  4.4088395887436349E-001                  1.6211339246222661E+001                  6.9919227179085774E-001                  2.8031017679350589E-001                  2.0497551415636361E-002                  2.8938959558792410E-001                  3.2048074530123716E-001                  5.7621068685795799E+004                  2.8941218109592864E-001                  2.4872585339929150E+000                 -1.6687085735533423E-012                 -1.7375070339941029E-012                  6.8798460440760488E-014                 -8.2970944701682043E+000                 -9.6435727912871307E+000                 -8.6321450349848803E+000 
                                    1133                  2.0156238800369661E+000                 -9.1767518053495860E-003                  7.5373966967482398E+000                  4.4231620883680517E-001                  1.6213505861927757E+001                  6.9919227108653292E-001                  2.8031017705477118E-001                  2.0497551858695839E-002                  2.8934556938077793E-001                  3.2041621108357593E-001                  5.7692997740964725E+004                  2.8936900310178770E-001                  2.4925207923527792E+000                 -1.6392746629158049E-012                 -1.7064354098161488E-012                  6.7160746900343895E-014                 -8.3006860184754849E+000                 -9.6430680881490378E+000                 -8.6369950278929650E+000 
                                    1134                  1.9742105973139268E+000                 -1.2463275606174110E-002                  7.5383408846263347E+000                  4.4446964609589990E-001                  1.6216766398524932E+001                  6.9919227003755635E-001                  2.8031017744371778E-001                  2.0497552518725870E-002                  2.8927736136846371E-001                  3.2031936176961590E-001                  5.7758385959808584E+004                  2.8932425447956095E-001                  2.5192196194344048E+000                 -1.6205943774659498E-012                 -1.6860906756109294E-012                  6.5496298144979668E-014                 -8.3019196346520694E+000                 -9.6432859548064158E+000                 -8.6431538390550919E+000 
                                    1135                  1.8913840318678476E+000                 -1.9234539805362612E-002                  7.5395994587230399E+000                  4.4734612045650451E-001                  1.6221118010687370E+001                  6.9919226866016915E-001                  2.8031017795399388E-001                  2.0497553385836920E-002                  2.8918572340200793E-001                  3.2019110807283047E-001                  5.7958933781478423E+004                  2.8923251641309600E-001                  2.5788428585209791E+000                 -1.5837891333082679E-012                 -1.6466436607044456E-012                  6.2854527396177714E-014                 -8.3011033463986230E+000                 -9.6410271491848594E+000                 -8.6531848337939294E+000 
                                    1136                  1.8101676400991700E+000                 -2.6149586062624495E-002                  7.5408575786124556E+000                  4.5022207391312247E-001                  1.6225469261440054E+001                  6.9919226730670025E-001                  2.8031017845497574E-001                  2.0497554238324001E-002                  2.8909551358783159E-001                  3.2006383111972381E-001                  5.8127880499068990E+004                  2.8914204340534572E-001                  2.6368467270230820E+000                 -1.5450378402458925E-012                 -1.6052330663220498E-012                  6.0195226076157376E-014                 -8.3009483629117717E+000                 -9.6394841371337598E+000                 -8.6633682366821656E+000 
                                    1137                  1.7289512483304919E+000                 -3.3362443677470550E-002                  7.5418043204603835E+000                  4.5239074191892065E-001                  1.6228747608762799E+001                  6.9919226630526354E-001                  2.8031017882532694E-001                  2.0497554869409518E-002                  2.8903055381676362E-001                  3.1996875880536235E-001                  5.8299701148940163E+004                  2.8905333230660424E-001                  2.7275531003175368E+000                 -1.5177821772222335E-012                 -1.5755016448035476E-012                  5.7719467581314120E-014                 -8.2947645354054718E+000                 -9.6373210378459717E+000                 -8.6726006392506001E+000 
                                    1138                  1.6892156076402625E+000                 -3.7008276068503848E-002                  7.5424293944988534E+000                  4.5382015405862886E-001                  1.6230910415335156E+001                  6.9919226564631876E-001                  2.8031017906891087E-001                  2.0497555284770375E-002                  2.8898887709809046E-001                  3.1990627307130332E-001                  5.8418150946095571E+004                  2.8901115357030466E-001                  2.7589464962726584E+000                 -1.4977648611596298E-012                 -1.5540690627257738E-012                  5.6304201566143969E-014                 -8.2947150414580335E+000                 -9.6357833229370708E+000                 -8.6778579475033073E+000 
                                    1139                  1.6494799669500364E+000                 -4.0735855304710543E-002                  7.5430578476112577E+000                  4.5525748835755403E-001                  1.6233085224450768E+001                  6.9919226499043463E-001                  2.8031017931125590E-001                  2.0497555698309466E-002                  2.8894801922630642E-001                  3.1984371486378244E-001                  5.8479373888849907E+004                  2.8896987396855112E-001                  2.7580110587140658E+000                 -1.4638421062467209E-012                 -1.5187701980103761E-012                  5.4928091763655129E-014                 -8.2998685845504294E+000                 -9.6355277662117231E+000                 -8.6832023943024055E+000 
                                    1140                  1.6097443262598103E+000                 -4.4549149404834162E-002                  7.5436898139932094E+000                  4.5670305779993431E-001                  1.6235272498156366E+001                  6.9919226434081938E-001                  2.8031017955117710E-001                  2.0497556108003523E-002                  2.8890785693931259E-001                  3.1978108268133643E-001                  5.8499472494798923E+004                  2.8892936656537843E-001                  2.7966769913177068E+000                 -1.4458181891859178E-012                 -1.4993235137089908E-012                  5.3505324523073049E-014                 -8.2989188058648793E+000                 -9.6361922437390568E+000                 -8.6886386502990209E+000 
                                    1141                  1.5700086855695810E+000                 -4.8452422912480343E-002                  7.5446277802351327E+000                  4.5884526099658834E-001                  1.6238516530197561E+001                  6.9919226338363927E-001                  2.8031017990453044E-001                  2.0497556711830289E-002                  2.8884930099303169E-001                  3.1968860133342908E-001                  5.8587659800629706E+004                  2.8888945867218002E-001                  2.8476026232188643E+000                 -1.4317589127477722E-012                 -1.4838215458025727E-012                  5.2062633054800388E-014                 -8.2974926135521354E+000                 -9.6358765045914563E+000                 -8.6953504017518650E+000 
                                    1142                  1.4924302362829529E+000                 -5.6350268354161029E-002                  7.5458835361713934E+000                  4.6171894673114089E-001                  1.6242864560673315E+001                  6.9919226211837893E-001                  2.8031018037119509E-001                  2.0497557510426034E-002                  2.8877281744710537E-001                  3.1956587506253314E-001                  5.8773793634963899E+004                  2.8881249970043377E-001                  2.9291499025844256E+000                 -1.3941938724915424E-012                 -1.4439546069101763E-012                  4.9760734418633874E-014                 -8.2956759857240101E+000                 -9.6339413070581958E+000                 -8.7064671782101808E+000 
                                    1143                  1.4148517869963246E+000                 -6.4647279000063826E-002                  7.5471385086676275E+000                  4.6459194634344519E-001                  1.6247211242361960E+001                  6.9919226087652919E-001                  2.8031018082880443E-001                  2.0497558294666374E-002                  2.8869668564757844E-001                  3.1944445336800065E-001                  5.8900508388906317E+004                  2.8873567583988546E-001                  2.9869846839086116E+000                 -1.3453681320436029E-012                 -1.3926914514978444E-012                  4.7323319454241359E-014                 -8.2979944769472969E+000                 -9.6333287979887121E+000                 -8.7179576525827898E+000 
                                    1144                  1.3393289808495257E+000                 -7.3150491156889333E-002                  7.5483931290323518E+000                  4.6746470223159514E-001                  1.6251557643699808E+001                  6.9919225965903176E-001                  2.8031018127703000E-001                  2.0497559063938242E-002                  2.8861941454198470E-001                  3.1932434532783599E-001                  5.9002583183862975E+004                  2.8865948320311774E-001                  3.0551406492305024E+000                 -1.2995663259148650E-012                 -1.3444782876350540E-012                  4.4911961720189044E-014                 -8.2992494264211629E+000                 -9.6332671988334599E+000                 -8.7296786925909160E+000 
                                    1145                  1.2638061747027265E+000                 -8.2123061050620436E-002                  7.5493385304349321E+000                  4.6963403164117512E-001                  1.6254836743394261E+001                  6.9919225875542201E-001                  2.8031018160938587E-001                  2.0497559635192175E-002                  2.8856013058378821E-001                  3.1923477526502470E-001                  5.9141840690349723E+004                  2.8858093040422039E-001                  3.1333400968498704E+000                 -1.2541269212780534E-012                 -1.2967342367828814E-012                  4.2607315504827969E-014                 -8.2985192994752133E+000                 -9.6318508744066111E+000                 -8.7406429488239485E+000 
                                    1146                  1.2271629395263375E+000                 -8.6662295776433224E-002                  7.5499605248674158E+000                  4.7105884746221000E-001                  1.6256992396826714E+001                  6.9919225816852604E-001                  2.8031018182515194E-001                  2.0497560006321969E-002                  2.8852015188279084E-001                  3.1917623948042095E-001                  5.9148156874523193E+004                  2.8854155951581700E-001                  3.1314824507140364E+000                 -1.2195207887306290E-012                 -1.2607575847650091E-012                  4.1236796034380034E-014                 -8.3045816866404198E+000                 -9.6328028548586229E+000                 -8.7467790136417207E+000 
                                    1147                  1.1905197043499485E+000                 -9.1332883289213254E-002                  7.5509002760344544E+000                  4.7320809606644648E-001                  1.6260246874301814E+001                  6.9919225729434475E-001                  2.8031018214638537E-001                  2.0497560559269878E-002                  2.8845852039530101E-001                  3.1908840715304054E-001                  5.9146207397387938E+004                  2.8850103169560609E-001                  3.1897875840953076E+000                 -1.2020728065248982E-012                 -1.2420202313783024E-012                  3.9947424853404217E-014                 -8.3037834079228467E+000                 -9.6344986660816350E+000                 -8.7542860714184005E+000 
                                    1148                  1.1172332339971707E+000                 -1.0110183600000933E-001                  7.5518453543627428E+000                  4.7537798585529650E-001                  1.6263526718258664E+001                  6.9919225642184968E-001                  2.8031018246669487E-001                  2.0497561111455509E-002                  2.8839667347046177E-001                  3.1900095940202511E-001                  5.9341228104014415E+004                  2.8841826102755697E-001                  3.3131226854451223E+000                 -1.1651363462489879E-012                 -1.2030473249491111E-012                  3.7910978700123185E-014                 -8.2983619690198704E+000                 -9.6318730372798580E+000                 -8.7660550166959688E+000 
                                    1149                  1.0818093067444294E+000                 -1.0604587398937471E-001                  7.5524661335430530E+000                  4.7680084671745787E-001                  1.6265679381792122E+001                  6.9919225585692624E-001                  2.8031018267399194E-001                  2.0497561469081882E-002                  2.8835608160005843E-001                  3.1894389998354633E-001                  5.9317212241496389E+004                  2.8837778684266424E-001                  3.2794337998087189E+000                 -1.1219626286731443E-012                 -1.1585891499634780E-012                  3.6626521290333642E-014                 -8.3090146734780035E+000                 -9.6334934357841586E+000                 -8.7725982500584898E+000 
                                    1150                  1.0463853794916880E+000                 -1.1114770863278764E-001                  7.5534049853178393E+000                  4.7894928111148166E-001                  1.6268932592500107E+001                  6.9919225501830518E-001                  2.8031018298157634E-001                  2.0497562000118430E-002                  2.8829516546874723E-001                  3.1885816522258115E-001                  5.9260542395948178E+004                  2.8833719254265633E-001                  3.3493024344651303E+000                 -1.1051883175097740E-012                 -1.1404716007560819E-012                  3.5283283246307862E-014                 -8.3075058490867590E+000                 -9.6363910920537190E+000                 -8.7805376343738626E+000 
                                    1151                  9.7553752498620583E-001                 -1.2186948063412030E-001                  7.5546563519443115E+000                  4.8181915890249616E-001                  1.6273274083065385E+001                  6.9919225391708228E-001                  2.8031018338508734E-001                  2.0497562697830318E-002                  2.8821591159398768E-001                  3.1874506564169774E-001                  5.9357730761014900E+004                  2.8825620447527134E-001                  3.4839243381330398E+000                 -1.0661207828625736E-012                 -1.0992807424873100E-012                  3.3159959624736383E-014                 -8.3036350090379738E+000                 -9.6364532736250457E+000                 -8.7944547628891581E+000 
                                    1152                  9.0735702922575889E-001                 -1.3291999230534818E-001                  7.5559074136591269E+000                  4.8468877875170580E-001                  1.6277615390270345E+001                  6.9919225283799380E-001                  2.8031018378011258E-001                  2.0497563381893569E-002                  2.8813820661938389E-001                  3.1863319956273478E-001                  5.9375130161016314E+004                  2.8817846981069334E-001                  3.5380584327172335E+000                 -1.0080103929262189E-012                 -1.0391007766147064E-012                  3.1090383688487503E-014                 -8.3105570937788329E+000                 -9.6382642889795296E+000                 -8.8087295559007615E+000 
                                    1153                  8.3917653346530863E-001                 -1.4480214982073583E-001                  7.5568522146141106E+000                  4.8686060867005054E-001                  1.6280897928777456E+001                  6.9919225203612190E-001                  2.8031018407337033E-001                  2.0497563890507831E-002                  2.8808066165691060E-001                  3.1854953804933112E-001                  5.9423859674054715E+004                  2.8810069155920143E-001                  3.6366079600946448E+000                 -9.5672459714764640E-013                 -9.8578091954844052E-013                  2.9056322400794115E-014                 -8.3117884729327578E+000                 -9.6388484753138997E+000                 -8.8226009347995689E+000 
                                    1154                  8.0655091914834076E-001                 -1.5082171636353611E-001                  7.5574701487624907E+000                  4.8827860051361521E-001                  1.6283043066334621E+001                  6.9919225152112441E-001                  2.8031018426162391E-001                  2.0497564217251685E-002                  2.8804309093135178E-001                  3.1849513206405400E-001                  5.9328123610465314E+004                  2.8806325188483906E-001                  3.5877309329671530E+000                 -9.1304459674811122E-013                 -9.4091057852607486E-013                  2.7865981777963590E-014                 -8.3249477815169310E+000                 -9.6420304702019326E+000                 -8.8302084175585307E+000 
                                    1155                  7.7392530483137290E-001                 -1.5708156457185665E-001                  7.5580950833418648E+000                  4.8971286563535532E-001                  1.6285212789647062E+001                  6.9919225100703231E-001                  2.8031018444945610E-001                  2.0497564543511593E-002                  2.8800525489136025E-001                  3.1844037935652536E-001                  5.9293457047123804E+004                  2.8802555966772309E-001                  3.6896859822766581E+000                 -8.9741368712953710E-013                 -9.2415450220612101E-013                  2.6740815076584011E-014                 -8.3203160315449054E+000                 -9.6438851815314770E+000                 -8.8380742525219862E+000 
                                    1156                  7.4129969051440503E-001                 -1.6360231465450534E-001                  7.5587274546657612E+000                  4.9116441333058558E-001                  1.6287408622802534E+001                  6.9919225049319222E-001                  2.8031018463710461E-001                  2.0497564869703222E-002                  2.8796708305853047E-001                  3.1838524403926882E-001                  5.9251195499995709E+004                  2.8798752662739185E-001                  3.6461999799439995E+000                 -8.5482650794142028E-013                 -8.8046219477681712E-013                  2.5635686835396885E-014                 -8.3332794432337316E+000                 -9.6459201050610694E+000                 -8.8462202864144022E+000 
                                    1157                  7.0867407619743716E-001                 -1.7040736652030447E-001                  7.5596382368182988E+000                  4.9325216245527254E-001                  1.6290569197065530E+001                  6.9919224976725802E-001                  2.8031018490207632E-001                  2.0497565330665601E-002                  2.8791197678660929E-001                  3.1830625647679733E-001                  5.9144269001029017E+004                  2.8794909125805501E-001                  3.7686454391412005E+000                 -8.4050197709530860E-013                 -8.6499533923737815E-013                  2.4493362142069541E-014                 -8.3281419030120123E+000                 -9.6498668233076526E+000                 -8.8557308190284445E+000 
                                    1158                  6.4845413499597915E-001                 -1.8380778843999776E-001                  7.5608497498006191E+000                  4.9603430797599934E-001                  1.6294777668123793E+001                  6.9919224881268760E-001                  2.8031018525017709E-001                  2.0497565937135365E-002                  2.8783915823465450E-001                  3.1820205004958624E-001                  5.9162916653713146E+004                  2.8787691783368213E-001                  3.8179465348282546E+000                 -7.8180965445898624E-013                 -8.0446437341738083E-013                  2.2654718958394582E-014                 -8.3383920826205777E+000                 -9.6515733690964538E+000                 -8.8722544697142638E+000 
                                    1159                  5.8823419379451780E-001                 -1.9847711581774044E-001                  7.5617841095433374E+000                  4.9818437887695155E-001                  1.6298027086719060E+001                  6.9919224810428271E-001                  2.8031018550826131E-001                  2.0497566387456034E-002                  2.8778346890874434E-001                  3.1812232997733120E-001                  5.8888395017817376E+004                  2.8780335125310719E-001                  3.8410174918547821E+000                 -7.1786718372019440E-013                 -7.3864604943177986E-013                  2.0778865711585495E-014                 -8.3517567962263204E+000                 -9.6592630742753194E+000                 -8.8889161959030041E+000 
                                    1160                  5.5812422319378541E-001                 -2.0636943450979942E-001                  7.5624162017058811E+000                  4.9963655779170069E-001                  1.6300223640527829E+001                  6.9919224763306986E-001                  2.8031018567984817E-001                  2.0497566687081914E-002                  2.8774575782895062E-001                  3.1806865230815329E-001                  5.8769221427196215E+004                  2.8776595223538315E-001                  4.0017651568097490E+000                 -7.0522676696518200E-013                 -7.2490781580501280E-013                  1.9681048839830788E-014                 -8.3431378852602531E+000                 -9.6630042584089750E+000                 -8.8984316880188601E+000 
                                    1161                  5.2801425259305634E-001                 -2.1468828301564249E-001                  7.5633792097124930E+000                  5.0184534511220258E-001                  1.6303567534049314E+001                  6.9919224692053861E-001                  2.8031018593917895E-001                  2.0497567140282502E-002                  2.8768877495677475E-001                  3.1798724694768077E-001                  5.8730122639955938E+004                  2.8772810528388554E-001                  4.1009586556987454E+000                 -6.8248558177610416E-013                 -7.0115497409959708E-013                  1.8669392323492893E-014                 -8.3434273909562382E+000                 -9.6655463268573385E+000                 -8.9096518185223257E+000 
                                    1162                  4.6779431139159827E-001                 -2.3281543091972803E-001                  7.5646200379354616E+000                  5.0469889954305669E-001                  1.6307882310559890E+001                  6.9919224602345287E-001                  2.8031018626534498E-001                  2.0497567711202147E-002                  2.8761812832008254E-001                  3.1788315014239354E-001                  5.8549245320431670E+004                  2.8765223126822698E-001                  4.2609008189245730E+000                 -6.2803574222307577E-013                 -6.4498438203235842E-013                  1.6948639809282623E-014                 -8.3473118375198894E+000                 -9.6717108281342004E+000                 -8.9308452744832927E+000 
                                    1163                  4.1569618623743543E-001                 -2.5044355082990882E-001                  7.5658116390156236E+000                  5.0743868982439544E-001                  1.6312025791750393E+001                  6.9919224518233924E-001                  2.8031018657087964E-001                  2.0497568246781173E-002                  2.8755229984154246E-001                  3.1778387506168349E-001                  5.9013308030768749E+004                  2.8758652848240956E-001                  4.1879406026052202E+000                 -5.7368249178689186E-013                 -5.8908318870099928E-013                  1.5400696914107449E-014                 -8.3748804984911196E+000                 -9.6634764787537222E+000                 -8.9515236954738420E+000 
                                    1164                  3.6359806108327247E-001                 -2.7038444961088559E-001                  7.5667419490955243E+000                  5.0958211184906943E-001                  1.6315264302876862E+001                  6.9919224453001783E-001                  2.8031018680760983E-001                  2.0497568662372290E-002                  2.8750227570589870E-001                  3.1770686288959477E-001                  6.0504949390387905E+004                  2.8752033761267859E-001                  4.3489342032589429E+000                 -5.5639202442815412E-013                 -5.7025281833216467E-013                  1.3860793904010549E-014                 -8.3797380942961492E+000                 -9.6325502601541579E+000                 -8.9734311486118052E+000 
                                    1165                  3.3754899850619102E-001                 -2.8143268490157197E-001                  7.5673759032580330E+000                  5.1104042561124885E-001                  1.6317469467631497E+001                  6.9919224409640457E-001                  2.8031018696489279E-001                  2.0497568938702582E-002                  2.8746832686894963E-001                  3.1765456585748891E-001                  6.1289914187127230E+004                  2.8748664273119784E-001                  4.0633640064012111E+000                 -5.1261947835933848E-013                 -5.2556138813933754E-013                  1.2941909779999014E-014                 -8.4215716391317059E+000                 -9.6168437147815382E+000                 -8.9860940209699560E+000 
                                    1166                  3.1149993592910946E-001                 -2.9335249640547167E-001                  7.5683497779875566E+000                  5.1327697812812223E-001                  1.6320854299136595E+001                  6.9919224344976838E-001                  2.8031018719932715E-001                  2.0497569350904410E-002                  2.8741607477971692E-001                  3.1757449619047257E-001                  6.2191622359580550E+004                  2.8745237338250640E-001                  4.4875887318373744E+000                 -5.3240969211717200E-013                 -5.4445668690305761E-013                  1.2046994785885626E-014                 -8.3929858033108804E+000                 -9.5994875509586244E+000                 -9.0009327830851973E+000 
                                    1167                  2.5940181077494323E-001                 -3.2046018186389191E-001                  7.5693300916587063E+000                  5.1553822809666705E-001                  1.6324269349697886E+001                  6.9919224280049674E-001                  2.8031018743447145E-001                  2.0497569765031809E-002                  2.8736406732557573E-001                  3.1749436617861798E-001                  6.4176073905945974E+004                  2.8738121176520504E-001                  4.7553174403177714E+000                 -5.1251766371087234E-013                 -5.2306904736471522E-013                  1.0551383653842830E-014                 -8.3961883858323390E+000                 -9.5602470498582850E+000                 -9.0300373006566694E+000 
                                    1168                  2.3715907020413179E-001                 -3.3371020653320499E-001                  7.5699328020356544E+000                  5.1692560216510652E-001                  1.6326366835735996E+001                  6.9919224240441757E-001                  2.8031018757785153E-001                  2.0497570017730893E-002                  2.8733159876119641E-001                  3.1744523335566027E-001                  6.5136070635650969E+004                  2.8734944633884135E-001                  4.7545220469740492E+000                 -4.9274761842288686E-013                 -5.0259284571310468E-013                  9.8452272902178579E-015                 -8.4107439089529610E+000                 -9.5419396713882225E+000                 -9.0448285319168029E+000 
                                    1169                  2.1491632963331705E-001                 -3.4824735390571637E-001                  7.5708644303853054E+000                  5.1906670142248845E-001                  1.6329606495822468E+001                  6.9919224179991935E-001                  2.8031018779657535E-001                  2.0497570403505305E-002                  2.8728050558274526E-001                  3.1736947828428480E-001                  6.6175052807288477E+004                  2.8731620411408160E-001                  4.7129284375264042E+000                 -4.6900531987235612E-013                 -4.7809169050095118E-013                  9.0863706285950585E-015                 -8.4316203698503749E+000                 -9.5229309290543736E+000                 -9.0621714873634005E+000 
                                    1170                  1.7043084849168760E-001                 -3.8241367872440962E-001                  7.5721044847497483E+000                  5.2192411673089745E-001                  1.6333924769407911E+001                  6.9919224101694799E-001                  2.8031018807959251E-001                  2.0497570903459494E-002                  2.8721147621871551E-001                  3.1726912333091478E-001                  6.8635458919913261E+004                  2.8724509931968212E-001                  4.9264352871381876E+000                 -4.3744303814212130E-013                 -4.4505786256168559E-013                  7.6148244195642736E-015                 -8.4489625081320234E+000                 -9.4775179098998130E+000                 -9.0994298293948006E+000 
                                    1171                  1.3232091871317839E-001                 -4.1960200947359211E-001                  7.5733435293955225E+000                  5.2477848274525174E-001                  1.6338239359831512E+001                  6.9919224025782722E-001                  2.8031018835373678E-001                  2.0497571388435998E-002                  2.8714034699305968E-001                  3.1716924027531940E-001                  7.1241161557808853E+004                  2.8717766337914546E-001                  4.4935840324112855E+000                 -3.6634936869202096E-013                 -3.7258966418021040E-013                  6.2402954881894452E-015                 -8.5287104306360941E+000                 -9.4311298854416457E+000                 -9.1398498113116489E+000 
                                    1172                  9.4210988934665882E-002                 -4.6938280374923930E-001                  7.5744519874932328E+000                  5.2733674055252167E-001                  1.6342103238904016E+001                  6.9919223960886179E-001                  2.8031018858786477E-001                  2.0497571803273384E-002                  2.8707595975206590E-001                  3.1708022722603652E-001                  7.4823868434033880E+004                  2.8710230895888678E-001                  5.1217103492500238E+000                 -3.4674237748002208E-013                 -3.5155239439080993E-013                  4.8100169107878715E-015                 -8.5235278092816884E+000                 -9.3691392835462732E+000                 -9.1921884200146398E+000 
                                    1173                  7.1135949786536534E-002                 -5.1045734800718556E-001                  7.5753666698866509E+000                  5.2944493189998976E-001                  1.6345289726615007E+001                  6.9919223908787587E-001                  2.8031018877569674E-001                  2.0497572136427333E-002                  2.8702275290266199E-001                  3.1700691986124058E-001                  7.7752041562684637E+004                  2.8705152558933933E-001                  5.0365428799103515E+000                 -3.0280486413720577E-013                 -3.0664410832943411E-013                  3.8392441922283235E-015                 -8.5738331942795440E+000                 -9.3207237294809531E+000                 -9.2356589093294801E+000 
                                    1174                  4.8060910638403849E-002                 -5.6767587525281393E-001                  7.5764404905084097E+000                  5.3191998854759559E-001                  1.6349030966917745E+001                  6.9919223850235634E-001                  2.8031018898663956E-001                  2.0497572511004147E-002                  2.8696084897304325E-001                  3.1692102961415791E-001                  8.1857044781449833E+004                  2.8699513405090515E-001                  4.8839699303096342E+000                 -2.4925399158471011E-013                 -2.5206905119032064E-013                  2.8150596056105074E-015                 -8.6467884299699733E+000                 -9.2555618452758939E+000                 -9.2957472631500178E+000 
                                    1175                  2.3409067959562740E-002                 -6.7241070631653777E-001                  7.5774509592835395E+000                  5.3425541394700882E-001                  1.6352556685121662E+001                  6.9919223799486008E-001                  2.8031018916929895E-001                  2.0497572835840971E-002                  2.8690400542036681E-001                  3.1684041252988521E-001                  8.9535447387698383E+004                  2.8692376897932315E-001                  4.1455291109495906E+000                 -1.6131267031240829E-013                 -1.6294815418912224E-013                  1.6354838767139589E-015                 -8.8242226037817790E+000                 -9.1404954403325878E+000                 -9.4026608455187901E+000 
                                    1176                  1.2571651543669661E-002                 -7.6274223900951688E-001                  7.5780438270789574E+000                  5.3562411520133335E-001                  1.6354624225013065E+001                  6.9919223771795291E-001                  2.8031018926891377E-001                  2.0497573013133374E-002                  2.8687105525850398E-001                  3.1679314395669894E-001                  9.6487068625877495E+004                  2.8688567977424279E-001                  4.0537436809125715E+000                 -1.2065457472410107E-013                 -1.2165890375730572E-013                  1.0043290332046471E-015                 -8.9252394300313647E+000                 -9.0440969133513782E+000                 -9.4943172587279072E+000 
                                    1177                  6.4358286017901344E-003                 -8.5992446720129667E-001                  7.5784450297293020E+000                  5.3655028718264375E-001                  1.6356023365002862E+001                  6.9919223754442361E-001                  2.8031018933131807E-001                  2.0497573124258262E-002                  2.8684898657805741E-001                  3.1676117239374890E-001                  1.0436371057539557E+005                  2.8685949773328001E-001                  4.0725013115728768E+000                 -9.0067364426417307E-014                 -9.0664120314381359E-014                  5.9675588796405039E-016                 -9.0209753991789494E+000                 -8.9425471080952761E+000                 -9.5923144004376510E+000 
                                    1178                  3.3679171308503711E-003                 -9.5386284830506973E-001                  7.5786937725620867E+000                  5.3712438411643038E-001                  1.6356890743162229E+001                  6.9919223744458481E-001                  2.8031018936721536E-001                  2.0497573188199780E-002                  2.8683539067779606E-001                  3.1674135452203245E-001                  1.1245489700198312E+005                  2.8684369601538046E-001                  4.2822293527759205E+000                 -7.0140903504134902E-014                 -7.0501243778006229E-014                  3.6034027387133169E-016                 -9.0933487140276377E+000                 -8.8456886772483756E+000                 -9.6866557860031985E+000 
                                    1179                  1.8339613953804880E-003                 -1.0420277682797272E+000                  7.5788460851638497E+000                  5.3747587180861334E-001                  1.6357421832729891E+001                  6.9919223738764513E-001                  2.8031018938768687E-001                  2.0497573224667942E-002                  2.8682709800020600E-001                  3.1672922079687660E-001                  1.2052987126467064E+005                  2.8683440135477800E-001                  4.5959653213872658E+000                 -5.6398784149649384E-014                 -5.6624640777934336E-014                  2.2585662828494969E-016                 -9.1507818704296273E+000                 -8.7556017038679190E+000                 -9.7748939921614575E+000 
                                    1180                  1.0669835276472118E-003                 -1.1206299079815074E+000                  7.5789373859997093E+000                  5.3768654489337153E-001                  1.6357740171227363E+001                  6.9919223735567071E-001                  2.8031018939918301E-001                  2.0497573245146228E-002                  2.8682213877109641E-001                  3.1672194788801777E-001                  1.2817065324724762E+005                  2.8682925565239692E-001                  5.0424879647735068E+000                 -4.7423208208555207E-014                 -4.7575128784965975E-014                  1.5192057641076757E-016                 -9.1888400706512083E+000                 -8.6756769696007012E+000                 -9.8532798690838597E+000 
                                    1181                  6.8349459377890841E-004                 -1.1853216044903678E+000                  7.5789904193770585E+000                  5.3780890977417084E-001                  1.6357925077526172E+001                  6.9919223733581803E-001                  2.8031018940632163E-001                  2.0497573257860280E-002                  2.8681926206083141E-001                  3.1671772343900717E-001                  1.3484587371253874E+005                  2.8682669163480107E-001                  5.5760382957114203E+000                 -4.1837389173137044E-014                 -4.1947057163906894E-014                  1.0966799076985193E-016                 -9.2093709891669437E+000                 -8.6096209420604897E+000                 -9.9175268430130998E+000 
                                    1182                  4.9175012684475681E-004                 -1.2332054624830233E+000                  7.5780486222380530E+000                  5.4006666544598592E-001                  1.6358062875846702E+001                  6.9919223732239821E-001                  2.8031018941114788E-001                  2.0497573266453850E-002                  2.8720504797749841E-001                  3.1684107519203164E-001                  1.3750250058539226E+005                 -6.8346027308530877E+000                 -6.8346027308530877E+000                  3.7116529163972992E-008                  3.7116529081808989E-008                  8.2164001775887708E-017                 -9.8999999999999986E+001                 -8.5813580950829280E+000                 -9.9643325541404266E+000 
                                    1183                  3.0000565991060538E-004                 -1.3047637863063295E+000                  7.5780902011017020E+000                  5.4016241455343528E-001                  1.6358207644040405E+001                  6.9919223731104474E-001                  2.8031018941523073E-001                  2.0497573273724479E-002                  2.8720275839825721E-001                  3.1683774864837555E-001                  1.4765093957056155E+005                  2.8721410600525193E-001                  8.3885763088168552E+000                 -3.8699172453932444E-014                 -3.8752644764180505E-014                  5.3472310248063370E-017                 -9.1543592087182137E+000                 -8.4886527947494628E+000                 -1.0035993684113219E+001 
                                    1184                  1.5000283004661227E-004                 -1.4051264389215277E+000                  7.5781246866909928E+000                  5.4024183185507380E-001                  1.6358327717486173E+001                  6.9919223730140168E-001                  2.8031018941869845E-001                  2.0497573279899872E-002                  2.8720086113673160E-001                  3.1683498974898361E-001                  1.5983286618378243E+005                  2.8721356294969719E-001                  8.3941715508830388E+000                 -2.8460139921835281E-014                 -2.8491284644600608E-014                  3.1144722765324164E-017                 -9.2544871806799840E+000                 -8.3854225170367496E+000                 -1.0136433349794308E+001 
                                    1185                  7.5001415117946374E-005                 -1.5054819382679516E+000                  7.5781464090991868E+000                  5.4029185512169053E-001                  1.6358403350451507E+001                  6.9919223729577806E-001                  2.8031018942072078E-001                  2.0497573283501103E-002                  2.8719966663888374E-001                  3.1683325195792988E-001                  1.7266711677798998E+005                  2.8721414740899748E-001                  8.3977603766700284E+000                 -2.0925082723137802E-014                 -2.0943551578882097E-014                  1.8468855744293399E-017                 -9.3546916267840494E+000                 -8.2848292428402690E+000                 -1.0236837362320731E+001 
                                    1186                  3.7500707655278780E-005                 -1.6058329300268688E+000                  7.5781600925559705E+000                  5.4032336511231860E-001                  1.6358450992833564E+001                  6.9919223729249813E-001                  2.8031018942190028E-001                  2.0497573285601645E-002                  2.8719891441026391E-001                  3.1683215729340058E-001                  1.8651665990160278E+005                  2.8721559524672663E-001                  8.3999421188528771E+000                 -1.5382667829024319E-014                 -1.5393521197334750E-014                  1.0853368310431426E-017                 -9.4549515998719009E+000                 -8.1843288076048157E+000                 -1.0337218924963574E+001 
                                    1187                  1.8750353922279594E-005                 -1.7061810780942963E+000                  7.5781687123120953E+000                  5.4034321400940399E-001                  1.6358481004301883E+001                  6.9919223729058522E-001                  2.8031018942258812E-001                  2.0497573286826665E-002                  2.8719844062326461E-001                  3.1683146772294846E-001                  2.0146676661199567E+005                  2.8721776615542582E-001                  8.4011304821161055E+000                 -1.1306981230497652E-014                 -1.1313315806005264E-014                  6.3345755076123851E-018                 -9.5552520665581415E+000                 -8.0838862769243747E+000                 -1.0437586355669499E+001 
                                    1188                  9.3751770574453375E-006                 -1.8065274259190249E+000                  7.5781741423333910E+000                  5.4035571751034162E-001                  1.6358499909802845E+001                  6.9919223728946944E-001                  2.8031018942298935E-001                  2.0497573287541204E-002                  2.8719814217982093E-001                  3.1683103332717338E-001                  2.1760817925092287E+005                  2.8722060251598230E-001                  8.4020080725223902E+000                 -8.3106958347660017E-015                 -8.3143939493149649E-015                  3.6981145489632962E-018                 -9.6555617652861709E+000                 -7.9834802224013153E+000                 -1.0537944901120259E+001 
                                    1189                  4.6875886233628746E-006                 -1.9068726218594441E+000                  7.5781775630181283E+000                  5.4036359396833211E-001                  1.6358511819304354E+001                  6.9919223728881874E-001                  2.8031018942322333E-001                  2.0497573287957982E-002                  2.8719795417360794E-001                  3.1683075967496716E-001                  2.3503745459400030E+005                  2.8722410259454673E-001                  8.4026574136395862E+000                 -6.1081313729538556E-015                 -6.1103068056320727E-015                  2.1754326782173625E-018                 -9.7558789900200047E+000                 -7.8831005274304262E+000                 -1.0638297882424721E+001 
                                    1190                  2.3437944079869802E-006                 -2.0072170562478249E+000                  7.5781804362219161E+000                  5.4037020956262272E-001                  1.6358521822508404E+001                  6.9919223728831270E-001                  2.8031018942340524E-001                  2.0497573288282056E-002                  2.8719779625028613E-001                  3.1683052981899629E-001                  2.5386982108511607E+005                  2.8722834927271185E-001                  8.4204344674522620E+000                 -4.4955909501473387E-015                 -4.4968215519742610E-015                  1.2306018269220346E-018                 -9.8553121961778594E+000                 -7.7826834651200016E+000                 -1.0738650235052823E+001 
