gaia,sector,Tmag,nu_in,R,a0_in,Af,nu_floor,bic_white,cw_white,bic_slf,nu_slf,a0_slf,g_slf,cw_slf,bic_floor,logk_floor,cw_floor,bic_slf+floor,nu_slf+floor,a0_slf+floor,g_slf+floor,logk_slf+floor,cw_slf+floor,dbic_above_floor,dbic_slf_vs_white
4685945010910000640,27,13.6,0.3,0.1,0.039125,0.39125,0.92175,-5190,0.15935,-6960.7,0.71568,1.1871,2.2556,0.093024,-6970.8,0.36677,0.092868,-6955.7,0.93604,0.65764,10,0.25397,0.093223,-15.072,1770.7
4685945010910000640,27,13.6,0.3,0.25,0.097813,0.39125,0.92175,-5192,0.15927,-6960.4,0.72002,1.1819,2.2542,0.093003,-6970.7,0.36781,0.092856,-6955.4,0.93824,0.65036,10,0.25812,0.093204,-15.277,1768.4
4685945010910000640,27,13.6,0.7,0.1,0.039125,0.39125,0.92175,-5191.5,0.15929,-6959.8,0.71615,1.1861,2.2457,0.093016,-6970.1,0.36759,0.092875,-6954.8,0.93598,0.65266,10,0.25741,0.093225,-15.268,1768.4
4685945010910000640,27,13.6,0.7,0.25,0.097813,0.39125,0.92175,-5140.2,0.1614,-6955.2,0.71471,1.2108,2.2465,0.093038,-6965.3,0.375,0.092894,-6950.1,0.9476,0.65869,10,0.26445,0.093246,-15.206,1815
4685945010910000640,27,13.6,1.5,0.1,0.039125,0.39125,0.92175,-5198.5,0.159,-6954.5,0.72834,1.1712,2.2371,0.093058,-6965.3,0.37081,0.092952,-6949.5,0.94528,0.63177,10,0.26792,0.093287,-15.796,1756
4685945010910000640,27,13.6,1.5,0.25,0.097813,0.39125,0.92175,-5159.5,0.16061,-6957.9,0.72041,1.1971,2.269,0.093033,-6968,0.37203,0.092868,-6952.9,0.93359,0.66399,10,0.26193,0.093216,-15.133,1798.4
4685945010910000640,27,13.6,3,0.1,0.039125,0.39125,0.92175,-5175.5,0.15995,-6955.5,0.71104,1.1989,2.2152,0.093035,-6965.9,0.37141,0.092929,-6950,0.94311,0.63571,10,0.26911,0.09326,-15.915,1780
4685945010910000640,27,13.6,3,0.25,0.097813,0.39125,0.92175,-5153.7,0.16085,-6948.5,0.63604,1.2941,1.9663,0.092787,-6958.5,0.38064,0.092991,-6942.1,0.51794,0.82507,10,0.32933,0.093185,-16.42,1794.8
4685945010910000640,68,13.6,0.3,0.1,0.16879,1.6879,0.30046,-3626.8,0.26538,-7209.7,0.67895,2.3352,1.7834,0.10096,-7194.2,0.25249,0.096428,-7205.4,0.93476,1.6523,2.5192,0.042741,0.099547,11.175,3582.9
4685945010910000640,68,13.6,0.3,0.25,0.42199,1.6879,0.30046,-3736,0.25886,-7227.6,0.7035,2.2215,1.8047,0.10077,-7212.9,0.24589,0.096265,-7223.2,0.94899,1.598,2.5248,0.032233,0.099376,10.319,3491.6
4685945010910000640,68,13.6,0.7,0.1,0.16879,1.6879,0.30046,-3615.5,0.26605,-7225.9,0.6871,2.3244,1.8064,0.10069,-7208.5,0.25027,0.096158,-7221.3,0.91697,1.6959,2.4703,0.027971,0.099339,12.821,3610.4
4685945010910000640,68,13.6,0.7,0.25,0.42199,1.6879,0.30046,-3594.8,0.26731,-7188.1,0.7187,2.2699,1.8167,0.10131,-7172.4,0.2597,0.096639,-7183.9,1.0138,1.5684,2.625,0.045406,0.099866,11.479,3593.2
4685945010910000640,68,13.6,1.5,0.1,0.16879,1.6879,0.30046,-3676.5,0.26239,-7196.1,0.67843,2.3036,1.7287,0.10071,-7184.6,0.25779,0.09641,-7191.2,0.9211,1.6299,2.3799,0.059269,0.099394,6.549,3519.5
4685945010910000640,68,13.6,1.5,0.25,0.42199,1.6879,0.30046,-3386.7,0.28027,-7163.3,0.76211,2.3191,1.8235,0.1007,-7145.3,0.29003,0.09571,-7158.6,1.0289,1.6839,2.4891,0.057903,0.099319,13.364,3776.6
4685945010910000640,68,13.6,3,0.1,0.16879,1.6879,0.30046,-3630.7,0.26514,-7166.2,0.6622,2.3482,1.6404,0.1002,-7161.1,0.27386,0.096184,-7160.3,0.89451,1.6556,2.122,0.071937,0.099163,-0.78755,3535.5
4685945010910000640,68,13.6,3,0.25,0.42199,1.6879,0.30046,-3365.9,0.2816,-6932.4,0.79156,2.2417,1.4814,0.099121,-6936.7,0.38119,0.095741,-6925.2,0.84741,2.0283,1.527,-0.078699,0.098988,-11.487,3566.5
4685959373284393728,28,13.9,0.3,0.1,0.075942,0.75942,0.28674,-4188.1,0.21407,-6738.2,0.47572,2.1639,1.8321,0.10331,-6742.8,0.52648,0.10202,-6731.2,0.48542,2.0756,1.8705,-0.028373,0.10325,-11.652,2550.1
4685959373284393728,28,13.9,0.3,0.25,0.18985,0.75942,0.28674,-4189,0.21402,-6738.6,0.46814,2.1847,1.8198,0.1033,-6743.5,0.52533,0.10203,-6731.6,0.47759,2.0953,1.8576,-0.027179,0.10324,-11.847,2549.6
4685959373284393728,28,13.9,0.7,0.1,0.075942,0.75942,0.28674,-4194.3,0.21374,-6737.2,0.4913,2.1162,1.852,0.10331,-6741.7,0.5287,0.102,-6730.2,0.50152,2.0299,1.891,-0.030991,0.10324,-11.5,2542.9
4685959373284393728,28,13.9,0.7,0.25,0.18985,0.75942,0.28674,-4142.2,0.21652,-6740.5,0.49476,2.1466,1.8766,0.10321,-6744,0.53271,0.10183,-6733.5,0.50677,2.0545,1.9219,-0.024313,0.10315,-10.474,2598.3
4685959373284393728,28,13.9,1.5,0.1,0.075942,0.75942,0.28674,-4199.2,0.21348,-6730.9,0.47069,2.1691,1.79,0.10328,-6736.8,0.53176,0.10206,-6724,0.47932,2.0828,1.8226,-0.026958,0.10322,-12.818,2531.7
4685959373284393728,28,13.9,1.5,0.25,0.18985,0.75942,0.28674,-4196.4,0.21363,-6731.4,0.55256,1.9747,1.993,0.10364,-6733.3,0.53383,0.1021,-6724.5,0.56985,1.8765,2.0582,-0.0098827,0.10356,-8.8313,2535.1
4685959373284393728,28,13.9,3,0.1,0.075942,0.75942,0.28674,-4160.6,0.21553,-6718.6,0.48286,2.1591,1.7971,0.10343,-6724.7,0.54078,0.10217,-6711.7,0.49253,2.0711,1.8301,-0.023374,0.10337,-13.054,2558
4685959373284393728,28,13.9,3,0.25,0.18985,0.75942,0.28674,-4122.3,0.21759,-6628.7,0.51971,2.0773,1.6672,0.10413,-6638.8,0.59872,0.10306,-6624.2,1.7972,0.33281,10,0.52804,0.10361,-14.644,2506.4
4685959373284393728,67,13.9,0.3,0.1,0.18962,1.8962,0.22745,-3654.6,0.26549,-4380.1,0.02,17.34,1.0359,0.21449,-4391.3,0.12114,0.21564,-4372.3,0.27429,1.6798,3.3572,0.058312,0.21619,-18.952,725.52
4685959373284393728,67,13.9,0.3,0.25,0.47405,1.8962,0.22745,-3633.5,0.26676,-4386.3,0.02,17.827,1.052,0.2146,-4396.7,0.11476,0.2155,-4379.1,0.24895,1.7497,9.4523,0.058174,0.216,-17.567,752.8
4685959373284393728,67,13.9,0.7,0.1,0.18962,1.8962,0.22745,-3507.8,0.27443,-4374.2,0.02,21.298,1.0797,0.21452,-4385.1,0.15278,0.21525,-4367.1,0.27994,1.9007,3.6595,0.084463,0.21589,-18.032,866.35
4685959373284393728,67,13.9,0.7,0.25,0.47405,1.8962,0.22745,-3600.6,0.26874,-4373.2,0.02,16.635,1.0042,0.21374,-4384.5,0.14792,0.21539,-4364.9,0.23343,1.5796,8.6155,0.11837,0.21569,-19.572,772.58
4685959373284393728,67,13.9,1.5,0.1,0.18962,1.8962,0.22745,-3631.7,0.26687,-4370.2,0.02,15.798,0.99346,0.21397,-4380.9,0.13838,0.21579,-4362.2,0.26752,1.523,10,0.093795,0.21623,-18.764,738.45
4685959373284393728,67,13.9,1.5,0.25,0.47405,1.8962,0.22745,-3303.7,0.28737,-4310.7,0.030822,12.009,0.93763,0.21102,-4319,0.29737,0.21482,-4303.8,4.6117,0.17542,4.326,0.22843,0.21301,-15.218,1007.1
4685959373284393728,67,13.9,3,0.1,0.18962,1.8962,0.22745,-3482.7,0.27599,-4342,0.02,15.237,0.94188,0.21263,-4350.9,0.20325,0.21579,-4338.7,4.3766,0.16148,10,0.14599,0.21345,-12.209,859.25
4685959373284393728,67,13.9,3,0.25,0.47405,1.8962,0.22745,-3379.9,0.28247,-4203.5,0.21918,2.8238,0.92582,0.20902,-4190.8,0.42008,0.21728,-4198.3,3.2474,0.43653,1.8678,0.16022,0.21255,7.5683,823.59
4685959373284393728,68,13.9,0.3,0.1,0.16011,1.6011,0.39049,-1929,0.39047,-3671.1,0.065272,13.094,1.0624,0.23748,-3676,0.27707,0.23665,-3665.8,0.44303,2.7041,3.6385,0.20376,0.23862,-10.254,1742.1
4685959373284393728,68,13.9,0.3,0.25,0.40028,1.6011,0.39049,-1914.6,0.39175,-3671.2,0.070764,12.556,1.0786,0.23787,-3675.6,0.27638,0.23672,-3666.6,0.46315,2.6567,4.0393,0.19841,0.23879,-9.0122,1756.6
4685959373284393728,68,13.9,0.7,0.1,0.16011,1.6011,0.39049,-1907.9,0.39235,-3670.5,0.065613,13.215,1.0667,0.23754,-3675.2,0.27869,0.23659,-3665.4,0.46473,2.6512,3.8199,0.20145,0.23867,-9.7152,1762.7
4685959373284393728,68,13.9,0.7,0.25,0.40028,1.6011,0.39049,-1919.8,0.39129,-3664.6,0.068767,12.53,1.0611,0.23752,-3670,0.28048,0.23678,-3659.1,0.45791,2.6269,3.6191,0.20833,0.23875,-10.948,1744.8
4685959373284393728,68,13.9,1.5,0.1,0.16011,1.6011,0.39049,-1960.2,0.38771,-3679.1,0.0607,13.774,1.0612,0.2375,-3683.6,0.27072,0.2366,-3674.1,0.47148,2.5732,4.0832,0.19162,0.23869,-9.4558,1718.9
4685959373284393728,68,13.9,1.5,0.25,0.40028,1.6011,0.39049,-1906.7,0.39246,-3653.4,0.08915,10.201,1.0657,0.23706,-3660.5,0.29201,0.23659,-3647.6,0.4468,2.5298,3.9805,0.23645,0.23817,-12.939,1746.7
4685959373284393728,68,13.9,3,0.1,0.16011,1.6011,0.39049,-1920.1,0.39126,-3655.5,0.058628,13.793,1.031,0.23685,-3662,0.28784,0.23678,-3649.9,0.46423,2.5148,3.9791,0.22411,0.2386,-12.137,1735.4
4685959373284393728,68,13.9,3,0.25,0.40028,1.6011,0.39049,-1852.1,0.39736,-3601.3,0.065104,11.988,0.97935,0.23521,-3611,0.32533,0.23727,-3594,0.051245,13.385,0.96986,-0.094849,0.23544,-16.96,1749.2
4685987857514223744,28,13.7,0.3,0.1,0.14131,1.4131,0.28674,-2821.7,0.30052,-4615.9,0.56056,2.5117,2.5258,0.18077,-4612.8,0.35352,0.17799,-4609.3,0.59469,2.2663,2.8961,-0.02038,0.1802,-3.4331,1794.1
4685987857514223744,28,13.7,0.3,0.25,0.35328,1.4131,0.28674,-2780.1,0.30364,-4614,0.53695,2.6293,2.4188,0.18065,-4611.6,0.35745,0.17791,-4607.5,0.57532,2.3449,2.7966,-0.00075754,0.18009,-4.1331,1833.9
4685987857514223744,28,13.7,0.7,0.1,0.14131,1.4131,0.28674,-2781.5,0.30354,-4614.8,0.5435,2.6067,2.4658,0.18071,-4611.8,0.35754,0.1779,-4608.3,0.5806,2.3298,2.8597,0.00056531,0.1801,-3.4476,1833.3
4685987857514223744,28,13.7,0.7,0.25,0.35328,1.4131,0.28674,-2764.5,0.30482,-4605.6,0.53048,2.6717,2.3242,0.18069,-4605.4,0.36572,0.17794,-4599.3,0.58676,2.2979,2.7953,0.040984,0.18008,-6.077,1841.1
4685987857514223744,28,13.7,1.5,0.1,0.14131,1.4131,0.28674,-2846.5,0.29868,-4610.7,0.50894,2.6663,2.2535,0.18066,-4611,0.35352,0.17807,-4604.4,0.55614,2.297,2.7066,0.051206,0.18005,-6.649,1764.2
4685987857514223744,28,13.7,1.5,0.25,0.35328,1.4131,0.28674,-2726.3,0.30773,-4565.1,0.38805,3.384,1.7788,0.18094,-4572.9,0.39126,0.17864,-4560.5,0.59556,2.0298,3.1398,0.23273,0.18028,-12.396,1838.8
4685987857514223744,28,13.7,3,0.1,0.14131,1.4131,0.28674,-2766.1,0.3047,-4589.3,0.45511,2.9743,2.0279,0.18092,-4592.5,0.36942,0.17843,-4583.5,0.55031,2.2728,2.7837,0.14873,0.18021,-9.0788,1823.2
4685987857514223744,28,13.7,3,0.25,0.35328,1.4131,0.28674,-2613.5,0.31646,-4472.8,0.21086,5.0796,1.2538,0.17926,-4485.3,0.46653,0.18009,-4465.9,0.20732,4.8053,1.2451,-0.0027621,0.17925,-19.442,1859.3
4686408111398825728,27,12.6,0.3,0.1,0.184,1.84,0.92175,-5600.6,0.14338,-6900.5,0.39819,1.3261,1.3929,0.093987,-6903,-0.33809,0.095075,-6891.2,0.19255,1.7794,1.1839,-0.60659,0.093953,-11.752,1299.9
4686408111398825728,27,12.6,0.3,0.25,0.45999,1.84,0.92175,-5800.3,0.1362,-6901.2,0.51901,1.0401,1.4479,0.094075,-6903.6,-0.35585,0.095287,-6894.1,3.4413,0.10677,10,-0.43112,0.094441,-9.5772,1100.8
4686408111398825728,27,12.6,0.7,0.1,0.184,1.84,0.92175,-5636.6,0.14206,-6902,0.40472,1.2943,1.3899,0.093963,-6904.1,-0.34149,0.095091,-6892.3,0.24901,1.517,1.2289,-0.64087,0.093948,-11.723,1265.4
4686408111398825728,27,12.6,0.7,0.25,0.45999,1.84,0.92175,-5605.6,0.1432,-6891.2,0.71984,0.96423,1.7523,0.094108,-6899,-0.31316,0.094848,-6885.6,3.446,0.099624,10,-0.37332,0.09422,-13.353,1285.6
4686408111398825728,27,12.6,1.5,0.1,0.184,1.84,0.92175,-5633.5,0.14217,-6890.3,0.69847,0.96096,1.6967,0.094115,-6897.5,-0.31367,0.094894,-6883.4,3.3853,0.10073,10,-0.37519,0.094324,-14.081,1256.8
4686408111398825728,27,12.6,1.5,0.25,0.45999,1.84,0.92175,-5272.3,0.15601,-6788.7,0.55158,1.2452,1.3565,0.093622,-6769,-0.17102,0.096168,-6785,3.5508,0.17166,7.9918,-0.35353,0.094921,15.962,1516.4
4686408111398825728,27,12.6,3,0.1,0.184,1.84,0.92175,-5557.4,0.14498,-6813.8,0.44521,1.2386,1.2727,0.094198,-6803.8,-0.27546,0.096822,-6804,0.34305,1.2753,1.1592,-0.6652,0.094036,0.17158,1256.4
4686408111398825728,27,12.6,3,0.25,0.45999,1.84,0.92175,-4726.3,0.17954,-6473.6,0.9241,1.1407,1.3099,0.094252,-6376.9,0.12379,0.10127,-6465.7,3.2266,0.39275,2.0987,-0.32836,0.096099,88.805,1747.3
4686408111398825728,28,12.6,0.3,0.1,0.33895,3.3895,0.28674,-2952.4,0.29092,-5665.1,0.55084,2.7063,1.7724,0.13242,-5674.8,0.061821,0.13072,-5662.2,1.5912,0.61463,6.2263,-0.037455,0.13165,-12.502,2712.7
4686408111398825728,28,12.6,0.3,0.25,0.84736,3.3895,0.28674,-2624.4,0.31561,-5548.1,0.50595,3.1456,1.7146,0.13546,-5558,0.097841,0.13367,-5544.1,1.4726,0.72428,5.2944,0.0086596,0.13464,-13.932,2923.7
4686408111398825728,28,12.6,0.7,0.1,0.33895,3.3895,0.28674,-2947.8,0.29126,-5636.2,0.61096,2.5577,1.8358,0.13316,-5644.8,0.076366,0.13128,-5633.2,1.5667,0.68173,5.6404,-0.034353,0.13235,-11.562,2688.4
4686408111398825728,28,12.6,0.7,0.25,0.84736,3.3895,0.28674,-2585.8,0.31865,-5563.6,0.59209,2.9163,1.8718,0.13518,-5570.2,0.10557,0.13291,-5559.1,1.3615,0.94106,4.582,-0.015901,0.13418,-11.037,2977.8
4686408111398825728,28,12.6,1.5,0.1,0.33895,3.3895,0.28674,-2731.7,0.30731,-5600.5,0.457,3.2213,1.5838,0.1328,-5612.5,0.098635,0.13161,-5596,1.8748,0.41614,10,0.041051,0.13225,-16.552,2868.8
4686408111398825728,28,12.6,1.5,0.25,0.84736,3.3895,0.28674,-2568.8,0.32,-5712.2,0.27892,4.4923,1.2728,0.12382,-5724.5,0.16549,0.12477,-5708.7,4.1293,0.17304,10,0.10735,0.12505,-15.753,3143.4
4686408111398825728,28,12.6,3,0.1,0.33895,3.3895,0.28674,-2767.8,0.30457,-5405.8,0.6077,2.6723,1.4703,0.13433,-5414.1,0.21065,0.1342,-5399.8,1.1943,1.2544,1.8197,-0.04389,0.13515,-14.248,2638
4686408111398825728,28,12.6,3,0.25,0.84736,3.3895,0.28674,-2155.6,0.35456,-5209.7,0.53258,3.2881,1.1546,0.12162,-5184.6,0.44446,0.12866,-5203.4,1.1504,1.6741,1.2756,-0.020884,0.12321,18.771,3054.1
4686408111398825728,68,12.6,0.3,0.1,0.58128,5.8128,0.30046,1109.5,0.77943,-3911.4,0.42712,8.5631,1.125,0.14393,-3915.1,0.38494,0.15048,-3904.5,0.58834,5.6112,1.1371,0.054905,0.14469,-10.631,5020.9
4686408111398825728,68,12.6,0.3,0.25,1.4532,5.8128,0.30046,1086.5,0.77536,-4026.7,0.38742,8.9811,1.1132,0.13941,-4030.9,0.37415,0.14642,-4019.8,0.49887,6.2079,1.1153,0.037571,0.13992,-11.197,5113.3
4686408111398825728,68,12.6,0.7,0.1,0.58128,5.8128,0.30046,1207.9,0.79706,-3869.5,0.41999,8.8375,1.1244,0.14452,-3873.5,0.39207,0.15116,-3862.6,0.5816,5.7432,1.1365,0.066513,0.14532,-10.893,5077.3
4686408111398825728,68,12.6,0.7,0.25,1.4532,5.8128,0.30046,1335.4,0.82052,-3847.1,0.39679,9.4324,1.1219,0.14426,-3852.1,0.39782,0.15096,-3840.2,0.4729,7.1761,1.1222,0.018774,0.14461,-11.901,5182.6
4686408111398825728,68,12.6,1.5,0.1,0.58128,5.8128,0.30046,1170.4,0.79029,-3873.6,0.44094,8.5014,1.126,0.14328,-3876.4,0.39568,0.15006,-3866.7,0.74686,4.546,1.1593,0.11068,0.14478,-9.6548,5044
4686408111398825728,68,12.6,1.5,0.25,1.4532,5.8128,0.30046,1438,0.8399,-3774,0.54593,8.1725,1.1799,0.14426,-3778.7,0.42685,0.14761,-3767.2,0.77949,5.3474,1.2157,0.08169,0.14543,-11.469,5212.1
4686408111398825728,68,12.6,3,0.1,0.58128,5.8128,0.30046,1127.6,0.78264,-3825.8,0.59181,7.2203,1.1748,0.144,-3827.2,0.41374,0.14826,-3819.4,1.0129,4.0612,1.2413,0.085445,0.14606,-7.8153,4953.4
4686408111398825728,68,12.6,3,0.25,1.4532,5.8128,0.30046,1340.3,0.82144,-3533.9,0.93223,5.9843,1.2727,0.15107,-3528.8,0.47129,0.15018,-3529.3,1.754,3.2415,1.4251,0.10312,0.15462,0.52926,4874.2
4686413540237697408,28,14.4,0.3,0.1,0.20503,2.0503,0.28674,-2233.3,0.34779,-2689.6,1.0147,1.4183,1.6628,0.29008,-2691.5,0.29973,0.29141,-2684.4,1.7562,0.82653,2.357,-0.062205,0.29058,-7.109,456.3
4686413540237697408,28,14.4,0.3,0.25,0.51258,2.0503,0.28674,-2249.8,0.34637,-2690.2,1.0751,1.3573,1.7035,0.29013,-2691.1,0.29964,0.29145,-2685,1.7771,0.82634,2.3871,-0.083463,0.29062,-6.0755,440.38
4686413540237697408,28,14.4,0.7,0.1,0.20503,2.0503,0.28674,-2217.2,0.34918,-2685.2,0.99951,1.4467,1.6403,0.2901,-2687,0.30534,0.29152,-2680.2,1.8238,0.80237,2.4159,-0.04304,0.29066,-6.8402,468.02
4686413540237697408,28,14.4,0.7,0.25,0.51258,2.0503,0.28674,-2180.6,0.35237,-2675.6,1.1266,1.4002,1.7584,0.29012,-2675.4,0.33265,0.29121,-2670.8,1.8344,0.85502,2.494,-0.058729,0.29063,-4.5928,494.96
4686413540237697408,28,14.4,1.5,0.1,0.20503,2.0503,0.28674,-2204.3,0.3503,-2681.3,1.1537,1.3582,1.8004,0.29016,-2681,0.32464,0.29113,-2676.2,1.8147,0.85285,2.5352,-0.072024,0.29064,-4.8585,477.01
4686413540237697408,28,14.4,1.5,0.25,0.51258,2.0503,0.28674,-2065.3,0.3626,-2648.1,1.0401,1.5806,1.6532,0.29029,-2648.4,0.36612,0.29173,-2642.6,2.3363,0.66842,3.1186,0.10298,0.29106,-5.7632,582.82
4686413540237697408,28,14.4,3,0.1,0.20503,2.0503,0.28674,-2183.9,0.35208,-2673.5,1.1824,1.3623,1.8164,0.2903,-2672.4,0.33844,0.29117,-2667.5,1.6172,0.98497,2.2145,-0.11934,0.29061,-4.957,489.64
4686413540237697408,28,14.4,3,0.25,0.51258,2.0503,0.28674,-1883.9,0.3793,-2552.2,1.9047,1.2832,2.225,0.29192,-2530.2,0.52022,0.29229,-2548.7,2.5203,0.93414,3.0828,-0.041564,0.29265,18.542,668.32
4686413810818254464,27,14.2,0.3,0.1,0.077815,0.77815,0.81815,-6487.5,0.11414,-7009,0.02,6.1154,1.0187,0.095624,-7003.6,-0.2499,0.096078,-7002.1,0.24585,0.87735,7.2634,-0.43001,0.096395,-1.5391,521.51
4686413810818254464,27,14.2,0.3,0.25,0.19454,0.77815,0.81815,-6451.8,0.11519,-6999.1,0.02,6.3104,1.0109,0.095598,-6995.3,-0.23537,0.09617,-6992.6,0.24294,0.8768,10,-0.39617,0.096464,-2.7025,547.31
4686413810818254464,27,14.2,0.7,0.1,0.077815,0.77815,0.81815,-6518.2,0.11324,-7002.1,0.02,5.7877,0.98834,0.095491,-7001.7,-0.25228,0.096146,-6995.5,0.26403,0.76803,7.8426,-0.40091,0.096415,-6.1546,483.85
4686413810818254464,27,14.2,0.7,0.25,0.19454,0.77815,0.81815,-6558,0.11208,-6992.7,0.15284,1.2822,1.1369,0.095487,-7000.6,-0.24345,0.096102,-6986.9,0.27942,0.61276,8.7378,-0.33048,0.096277,-13.667,434.68
4686413810818254464,27,14.2,1.5,0.1,0.077815,0.77815,0.81815,-6566.9,0.11183,-7002.5,0.02,5.2726,0.95894,0.095333,-7005.2,-0.26397,0.096149,-6996.1,0.27026,0.68985,8.2659,-0.39119,0.096378,-9.1043,435.61
4686413810818254464,27,14.2,1.5,0.25,0.19454,0.77815,0.81815,-6440.2,0.11553,-6971,0.02,4.6854,0.89324,0.095195,-6968.2,-0.21809,0.096723,-6962.1,0.02,4.4733,0.91778,-0.56992,0.095631,-6.0254,530.87
4686413810818254464,27,14.2,3,0.1,0.077815,0.77815,0.81815,-6423.7,0.11602,-6959,0.02,4.7634,0.89599,0.095482,-6954.7,-0.21926,0.097082,-6949.7,0.02,4.5428,0.91126,-0.61121,0.095815,-5.0511,535.29
4686413810818254464,27,14.2,3,0.25,0.19454,0.77815,0.81815,-6146.8,0.12459,-6810.7,0.076765,1.9369,0.78569,0.092641,-6780.1,-0.030234,0.099837,-6802.1,0.02,3.4495,0.70023,-0.4789,0.091959,22.029,663.89
4686413810818254464,28,14.2,0.3,0.1,0.15953,1.5953,0.29868,-7431.2,0.095693,-7730.8,0.066769,1.7292,1.0989,0.085798,-7742.7,-0.42879,0.08588,-7722.9,0.16261,0.60285,3.0496,-0.46272,0.085967,-19.779,299.55
4686413810818254464,28,14.2,0.3,0.25,0.39884,1.5953,0.29868,-7119.1,0.1034,-7727.2,0.02,8.3492,1.1902,0.085933,-7732.7,-0.37065,0.085703,-7719.4,0.1374,1.4862,2.6698,-0.48078,0.085959,-13.318,608.11
4686413810818254464,28,14.2,0.7,0.1,0.15953,1.5953,0.29868,-7254.3,0.09999,-7704,0.046641,2.6397,1.0446,0.085639,-7715.9,-0.34561,0.085888,-7696.7,0.14619,0.75588,10,-0.37083,0.085969,-19.197,449.73
4686413810818254464,28,14.2,0.7,0.25,0.39884,1.5953,0.29868,-7053.6,0.1051,-7650.4,0.52438,0.65451,1.7295,0.086074,-7663.1,-0.21015,0.085882,-7644.1,1.3359,0.13316,10,-0.27299,0.085991,-19.079,596.72
4686413810818254464,28,14.2,1.5,0.1,0.15953,1.5953,0.29868,-7297.8,0.098915,-7652.5,0.27574,0.69819,1.0613,0.085387,-7659.4,-0.25297,0.086374,-7651,2.213,0.11953,10,-0.44329,0.08613,-8.4023,354.72
4686413810818254464,28,14.2,1.5,0.25,0.39884,1.5953,0.29868,-6572.2,0.11844,-7489.2,1.0336,0.59824,1.736,0.085977,-7489.1,0.068209,0.08619,-7481.6,1.3882,0.43067,1.9772,-0.35424,0.086057,-7.5226,917.03
4686413810818254464,28,14.2,3,0.1,0.15953,1.5953,0.29868,-7206.9,0.10117,-7568.8,0.82857,0.42628,1.2925,0.086016,-7565,-0.13806,0.087333,-7561.8,2.087,0.19792,2.1174,-0.46937,0.086598,-3.2565,361.84
4686413810818254464,28,14.2,3,0.25,0.39884,1.5953,0.29868,-6213.4,0.12947,-7186.9,3.2121,0.39055,2.1789,0.08607,-7102.5,0.42318,0.086944,-7177.6,3.3726,0.37155,2.2603,-0.62347,0.086131,75.11,973.51
4686413810818254464,68,14.2,0.3,0.1,0.31464,3.1464,0.39049,-3772.8,0.25671,-6311.4,0.1555,4.7946,1.086,0.12303,-6322.2,-0.12648,0.12323,-6305.9,0.43265,1.5512,6.6922,-0.15028,0.12376,-16.249,2538.6
4686413810818254464,68,14.2,0.3,0.25,0.78659,3.1464,0.39049,-3869.3,0.25113,-6357.8,0.17029,4.5058,1.1284,0.12341,-6367.1,-0.15064,0.12294,-6353.7,0.5212,1.4053,10,-0.18611,0.12366,-13.384,2488.5
4686413810818254464,68,14.2,0.7,0.1,0.31464,3.1464,0.39049,-3911.1,0.24875,-6323,0.19481,3.9957,1.112,0.12324,-6334.6,-0.13476,0.12324,-6317.2,0.48811,1.2606,8.235,-0.15621,0.1237,-17.414,2411.9
4686413810818254464,68,14.2,0.7,0.25,0.78659,3.1464,0.39049,-3372.7,0.28117,-6280.1,0.20423,4.6744,1.174,0.12379,-6288.2,-0.096462,0.12279,-6273.1,0.322,2.5104,2.1294,-0.13236,0.12357,-15.118,2907.4
4686413810818254464,68,14.2,1.5,0.1,0.31464,3.1464,0.39049,-3629,0.26524,-6266.5,0.23316,3.8824,1.1366,0.12307,-6278.7,-0.093157,0.12293,-6261.2,0.51342,1.3036,10,-0.11269,0.12339,-17.468,2637.5
4686413810818254464,68,14.2,1.5,0.25,0.78659,3.1464,0.39049,-3298.1,0.28598,-6167.8,0.61599,2.4754,1.3971,0.12416,-6178.5,-0.016596,0.12174,-6162.9,2.1686,0.42463,8.3095,-0.059799,0.12278,-15.631,2869.7
4686413810818254464,68,14.2,3,0.1,0.31464,3.1464,0.39049,-3850.2,0.25222,-6206.4,0.21042,3.6242,1.0191,0.12097,-6218.3,-0.065368,0.12339,-6203.4,4.2829,0.18096,10,-0.12589,0.12426,-14.831,2356.1
4686413810818254464,68,14.2,3,0.25,0.78659,3.1464,0.39049,-2905.9,0.31266,-5849.7,0.92972,2.1717,1.3365,0.12252,-5856.8,0.13414,0.12131,-5844.2,1.9075,1.0068,1.656,-0.087536,0.12347,-12.64,2943.8
4686417148009897344,27,13.4,0.3,0.1,0.097064,0.97064,0.81815,-5741.6,0.13827,-7512.5,0.02,11.263,1.0318,0.080278,-7496.3,-0.097406,0.081962,-7504.7,0.02,9.7958,1.0287,-0.48581,0.080591,8.425,1770.9
4686417148009897344,27,13.4,0.3,0.25,0.24266,0.97064,0.81815,-5531.7,0.14594,-7507.9,0.02,12.124,1.0497,0.080454,-7485.4,-0.077131,0.081988,-7499.4,0.02,11.049,1.0514,-0.52675,0.08071,14.037,1976.2
4686417148009897344,27,13.4,0.7,0.1,0.097064,0.97064,0.81815,-5785.5,0.13672,-7512,0.02,11.006,1.0243,0.080202,-7497,-0.098341,0.081957,-7504.2,0.02,9.4959,1.0182,-0.4859,0.080498,7.1871,1726.4
4686417148009897344,27,13.4,0.7,0.25,0.24266,0.97064,0.81815,-5476.9,0.14801,-7475.4,0.04829,6.3788,1.0912,0.080366,-7461.7,-0.044254,0.082151,-7468.1,0.02,11.386,1.0363,-0.4132,0.08052,6.3354,1998.4
4686417148009897344,27,13.4,1.5,0.1,0.097064,0.97064,0.81815,-5777.1,0.13702,-7512.6,0.032994,7.2256,1.0378,0.07999,-7499.2,-0.083548,0.08175,-7505.1,0.02,9.3839,1.0098,-0.45792,0.080235,5.9869,1735.5
4686417148009897344,27,13.4,1.5,0.25,0.24266,0.97064,0.81815,-5502.5,0.14704,-7442.7,0.037198,6.9722,1.0165,0.080059,-7425.4,-0.018661,0.082672,-7435.3,0.02,9.616,0.97141,-0.41804,0.080194,9.9088,1940.2
4686417148009897344,27,13.4,3,0.1,0.097064,0.97064,0.81815,-5623.3,0.14255,-7439.3,0.02,9.1046,0.93099,0.079409,-7408.3,-0.010318,0.08296,-7430.2,0.02,8.3505,0.92068,-0.56252,0.07952,21.85,1816
4686417148009897344,27,13.4,3,0.25,0.24266,0.97064,0.81815,-5526,0.14616,-7275.5,0.35009,1.492,1.1274,0.079827,-7228.1,0.19695,0.084303,-7266.4,0.33816,1.4655,1.107,-0.52445,0.079764,38.302,1749.5
4686417148009897344,28,13.4,0.3,0.1,0.1623,1.623,0.29868,-4694.3,0.18879,-6975.3,0.10879,4.3388,1.0249,0.090786,-6977.4,0.26995,0.094427,-6969.5,0.17674,0.66864,0.61865,0.1763,0.086835,-7.9649,2281
4686417148009897344,28,13.4,0.3,0.25,0.40576,1.623,0.29868,-4714.8,0.18783,-6963.7,0.13746,3.7257,1.0421,0.090763,-6965,0.28332,0.094408,-6958,0.051002,1.4812,0.63145,0.17273,0.087032,-6.9821,2248.8
4686417148009897344,28,13.4,0.7,0.1,0.1623,1.623,0.29868,-4615.3,0.19252,-6962.5,0.1325,3.9454,1.0478,0.090744,-6964.5,0.28925,0.094262,-6956.6,0.20782,0.70159,0.66296,0.19011,0.087286,-7.9738,2347.2
4686417148009897344,28,13.4,0.7,0.25,0.40576,1.623,0.29868,-4304.3,0.20798,-6962.6,0.071661,6.7108,1.0253,0.090686,-6966.3,0.28886,0.094225,-6956.9,0.66749,0.30154,0.5626,0.22333,0.084946,-9.4396,2658.3
4686417148009897344,28,13.4,1.5,0.1,0.1623,1.623,0.29868,-4643.2,0.1912,-6965.7,0.13217,3.9337,1.05,0.090883,-6968,0.28388,0.094314,-6959.8,0.21972,0.69983,0.6774,0.18269,0.087666,-8.1162,2322.5
4686417148009897344,28,13.4,1.5,0.25,0.40576,1.623,0.29868,-4448.6,0.20066,-6955.6,0.20395,3.2819,1.1587,0.092049,-6963.7,0.29083,0.094242,-6950.6,1.0174,0.21844,0.50403,0.24619,0.084803,-13.122,2507
4686417148009897344,28,13.4,3,0.1,0.1623,1.623,0.29868,-4545.1,0.19591,-6903,0.10639,4.4364,0.98156,0.08966,-6895.5,0.33438,0.094836,-6896.4,0.087328,2.9021,0.84226,0.078724,0.088506,0.87545,2357.9
4686417148009897344,28,13.4,3,0.25,0.40576,1.623,0.29868,-4141.8,0.21654,-6683.1,0.31694,2.4606,1.0147,0.087071,-6643,0.54313,0.094301,-6678.8,2.4446,0.5341,1.4665,0.1316,0.090324,35.86,2541.3
4686417148009897344,68,13.4,0.3,0.1,0.32528,3.2528,0.39049,-3349.2,0.28267,-6688.6,0.077389,8.0651,0.91362,0.094616,-6691.7,0.015099,0.102,-6670.7,0.25958,0.070131,3.3338,0.015093,0.102,-21.006,3339.4
4686417148009897344,68,13.4,0.3,0.25,0.81321,3.2528,0.39049,-3528.7,0.27136,-6722.3,0.083293,7.3591,0.9148,0.095021,-6726,-0.001592,0.10216,-6705,0.50497,0.036067,1.1585,-0.0016482,0.10216,-21.005,3193.6
4686417148009897344,68,13.4,0.7,0.1,0.32528,3.2528,0.39049,-3163.1,0.29489,-6658.7,0.068693,9.2322,0.9162,0.094737,-6661.9,0.026881,0.10203,-6641,0.22582,1.0424,3.0888,0.025958,0.10207,-20.96,3495.6
4686417148009897344,68,13.4,0.7,0.25,0.81321,3.2528,0.39049,-3238.8,0.28986,-6635.2,0.10107,6.9377,0.926,0.094694,-6638.1,0.035995,0.10207,-6617.1,0.03448,0.006566,2.9724,0.035993,0.10207,-21.006,3396.4
4686417148009897344,68,13.4,1.5,0.1,0.32528,3.2528,0.39049,-3298.8,0.28593,-6660.5,0.10183,6.8147,0.92614,0.094448,-6663.6,0.029819,0.10176,-6660.4,14.084,0.084066,10,-0.022145,0.099397,-3.2674,3361.6
4686417148009897344,68,13.4,1.5,0.25,0.81321,3.2528,0.39049,-2817.6,0.31901,-6491.5,0.30434,4.1373,1.0608,0.097282,-6501.1,0.098695,0.10113,-6489.7,13.871,0.07813,10,0.060495,0.099851,-11.31,3673.9
4686417148009897344,68,13.4,3,0.1,0.32528,3.2528,0.39049,-3132.6,0.29695,-6552.1,0.14915,5.5573,0.93979,0.093681,-6552.8,0.074976,0.10157,-6550.6,13.744,0.092011,10,0.01594,0.099716,-2.1941,3419.5
4686417148009897344,68,13.4,3,0.25,0.81321,3.2528,0.39049,-2403.3,0.35053,-6225.3,0.62829,3.0103,1.125,0.093294,-6225,0.22115,0.097258,-6219.5,2.9551,0.67635,1.4361,0.043159,0.096043,-5.5332,3822
4687159868124113152,27,10,0.3,0.1,0.99921,9.9921,0.81815,892.14,0.76162,-1249.5,0.02,15.797,0.5624,0.19828,-1034.9,-0.25304,0.42373,-1274.2,22.055,0.56345,2.3555,-0.35982,0.25006,239.35,2141.6
4687159868124113152,27,10,0.3,0.25,2.498,9.9921,0.81815,969.38,0.7769,-1206.2,0.02,15.668,0.55548,0.18609,-982.05,-0.25568,0.43009,-1234.1,22.158,0.56833,2.4854,-0.35886,0.25236,252.01,2175.5
4687159868124113152,27,10,0.7,0.1,0.99921,9.9921,0.81815,931.12,0.76929,-1192.9,0.02,15.768,0.55461,0.1812,-968.23,-0.25207,0.43148,-1223.1,22.092,0.57371,2.4518,-0.35544,0.25158,254.89,2124
4687159868124113152,27,10,0.7,0.25,2.498,9.9921,0.81815,1119.2,0.80743,-1205.9,0.02,18.073,0.58233,0.20156,-979.5,-0.1936,0.42619,-1229,21.609,0.59772,2.098,-0.32053,0.23988,249.46,2325.1
4687159868124113152,27,10,1.5,0.1,0.99921,9.9921,0.81815,901.56,0.76347,-1174.9,0.02,15.858,0.55051,0.16275,-916.67,-0.18382,0.43293,-1190.8,20.448,0.66285,1.7629,-0.3476,0.22175,274.08,2076.5
4687159868124113152,27,10,1.5,0.25,2.498,9.9921,0.81815,1338.8,0.85434,-1119.1,0.02,24.094,0.61956,0.18848,-827.95,0.08826,0.42076,-1116.3,0.02,11.881,0.49091,-0.37247,0.00058905,288.32,2457.9
4687159868124113152,27,10,3,0.1,0.99921,9.9921,0.81815,1118.5,0.80728,-1138.7,0.02,18.258,0.572,0.16779,-840.74,-0.063529,0.4328,-1142.2,14.945,0.89257,1.0672,-0.33249,0.13677,301.47,2257.2
4687159868124113152,27,10,3,0.25,2.498,9.9921,0.81815,1631.6,0.92117,-824.28,0.02,30.805,0.62676,0.075375,-365.32,0.44707,0.43445,-814.28,0.02,28.711,0.61453,-0.6641,0.047069,448.97,2455.9
4687159868124113152,28,10,0.3,0.1,1.8307,18.307,0.28674,9942.2,7.1459,4408,0.75133,58.661,1.7711,1.3992,4421.5,0.76626,1.3797,4415,0.7662,57.019,1.7809,-0.061109,1.3989,6.4521,5534.2
4687159868124113152,28,10,0.3,0.25,4.5768,18.307,0.28674,9918.5,7.1042,4406.4,0.75241,58.28,1.7641,1.3969,4419.1,0.76768,1.3775,4413.5,0.76806,56.578,1.7742,-0.05481,1.3966,5.6519,5512.1
4687159868124113152,28,10,0.7,0.1,1.8307,18.307,0.28674,9955.6,7.1698,4418,0.75597,58.68,1.7734,1.4016,4431.9,0.76888,1.382,4425.1,0.77121,57.017,1.7834,-0.059047,1.4013,6.8223,5537.5
4687159868124113152,28,10,0.7,0.25,4.5768,18.307,0.28674,9954.5,7.1678,4418.4,0.76161,58.385,1.7728,1.3997,4432.1,0.77119,1.38,4425.4,0.7781,56.631,1.7833,-0.052154,1.3994,6.7002,5536.1
4687159868124113152,28,10,1.5,0.1,1.8307,18.307,0.28674,9935.1,7.1335,4404,0.74387,58.854,1.7577,1.3953,4416.2,0.76767,1.3762,4411,0.75904,57.16,1.7674,-0.055457,1.395,5.2522,5531.2
4687159868124113152,28,10,1.5,0.25,4.5768,18.307,0.28674,10081,7.3961,4481.3,0.77336,59.513,1.7811,1.4172,4496.2,0.78252,1.3981,4488.3,0.79012,57.734,1.7915,-0.050784,1.417,7.8648,5599.5
4687159868124113152,28,10,3,0.1,1.8307,18.307,0.28674,9897.5,7.0672,4398.8,0.7464,58.12,1.755,1.3942,4410.4,0.76542,1.3757,4405.8,0.76224,56.386,1.765,-0.053389,1.3939,4.6542,5498.8
4687159868124113152,28,10,3,0.25,4.5768,18.307,0.28674,9911.3,7.0914,4465.2,0.90836,52.133,1.8135,1.3901,4483.1,0.80508,1.371,4467.3,2.3261,15.482,2.5889,0.58692,1.3865,15.79,5446.1
4687159868124113152,68,10,0.3,0.1,3.3171,33.171,0.39049,6306.4,2.5421,1149.4,0.23861,39.613,1.1156,0.52484,1136.7,-0.080545,0.53239,1154.9,0.11237,58.238,4.1034,-0.084437,0.53355,-18.165,5157
4687159868124113152,68,10,0.3,0.25,8.2928,33.171,0.39049,6351.7,2.5684,1321.6,0.26772,37.585,1.1267,0.54737,1308.4,-0.064189,0.55398,1328,0.22458,20.285,10,-0.067555,0.55502,-19.591,5030.1
4687159868124113152,68,10,0.7,0.1,3.3171,33.171,0.39049,6402.9,2.5985,1080.7,0.22375,42.14,1.1159,0.51444,1068.5,-0.082344,0.52113,1085.5,0.13562,42.457,10,-0.086927,0.52248,-16.977,5322.1
4687159868124113152,68,10,0.7,0.25,8.2928,33.171,0.39049,6761.5,2.8194,1182,0.20909,49.359,1.1325,0.52457,1171.1,-0.062042,0.52683,1188.1,1.0092,7.8229,10,-0.074624,0.53067,-17.004,5579.5
4687159868124113152,68,10,1.5,0.1,3.3171,33.171,0.39049,6636.9,2.7406,1339.1,0.24069,43.307,1.1445,0.55921,1327.3,-0.068075,0.56009,1345.1,0.14855,41.076,4.6709,-0.072739,0.56148,-17.791,5297.8
4687159868124113152,68,10,1.5,0.25,8.2928,33.171,0.39049,6930.3,2.9297,1696.4,0.51474,30.5,1.2911,0.59994,1685.7,0.0040606,0.5807,1701.7,1.368,7.9472,4.0961,-0.015477,0.58723,-15.98,5233.9
4687159868124113152,68,10,3,0.1,3.3171,33.171,0.39049,6616.9,2.7281,1226.5,0.52283,27.072,1.2566,0.51432,1213.6,-0.016516,0.50278,1228.9,4.0777,1.8656,10,-0.042645,0.51078,-15.241,5390.4
4687159868124113152,68,10,3,0.25,8.2928,33.171,0.39049,7333.4,3.2111,1831.7,1.207,20.739,1.4297,0.50274,1834.5,0.15957,0.45891,1831.7,2.6643,8.9219,1.821,-0.076595,0.51039,2.8055,5501.7
4687161929708394752,27,12.8,0.3,0.1,0.21024,2.1024,0.81815,-5883.4,0.13332,-6641.9,0.02,7.2191,0.94095,0.10262,-6640,-0.52374,0.10435,-6631.3,0.02,6.1515,0.94412,-0.8213,0.10309,-8.7147,758.52
4687161929708394752,27,12.8,0.3,0.25,0.5256,2.1024,0.81815,-5945.8,0.1312,-6644.6,0.023226,6.3547,0.9406,0.10245,-6646,-0.52915,0.10423,-6634.4,0.02,5.4571,0.9167,-0.78751,0.10286,-11.624,698.79
4687161929708394752,27,12.8,0.7,0.1,0.21024,2.1024,0.81815,-5864.6,0.13397,-6641.1,0.02,7.5433,0.94972,0.10261,-6638.9,-0.51745,0.10431,-6630.2,0.02,6.3933,0.94669,-0.82992,0.103,-8.6819,776.5
4687161929708394752,27,12.8,0.7,0.25,0.5256,2.1024,0.81815,-5402.9,0.15086,-6595.9,0.049119,5.7746,1.0656,0.10275,-6595.3,-0.41528,0.10439,-6586.3,0.02,10.134,1.0148,-0.71583,0.10298,-8.9499,1193.1
4687161929708394752,27,12.8,1.5,0.1,0.21024,2.1024,0.81815,-5882.6,0.13335,-6634,0.02,6.2529,0.88747,0.10196,-6632.6,-0.50309,0.10434,-6623.6,0.02,5.2715,0.88273,-0.80779,0.10246,-8.9843,751.4
4687161929708394752,27,12.8,1.5,0.25,0.5256,2.1024,0.81815,-5342.5,0.15322,-6534,0.22855,1.8483,1.0843,0.10103,-6532,-0.29317,0.10459,-6526.5,0.02,5.6028,0.80791,-0.51772,0.099921,-5.4701,1191.5
4687161929708394752,27,12.8,3,0.1,0.21024,2.1024,0.81815,-5761.8,0.13756,-6526,0.02,4.2579,0.70871,0.097446,-6482.7,-0.31792,0.10635,-6513.4,0.02,3.9404,0.69561,-0.93415,0.097362,30.712,764.18
4687161929708394752,27,12.8,3,0.25,0.5256,2.1024,0.81815,-4680.1,0.18168,-6101.3,1.6738,0.83687,1.3247,0.098945,-5901.3,0.26658,0.11224,-6093.5,2.9704,0.54054,1.6034,-0.49111,0.1001,192.16,1421.2
4687161929708394752,68,12.8,0.3,0.1,0.74697,7.4697,0.30046,5115.8,1.939,-1230.7,1.0744,13.389,1.5893,0.2815,-1195.2,0.5636,0.25284,-1223.8,1.3734,10.13,1.7148,0.17266,0.27966,28.615,6346.5
4687161929708394752,68,12.8,0.3,0.25,1.8674,7.4697,0.30046,5094.5,1.9296,-1290.6,1.0694,13.36,1.5857,0.27601,-1255.2,0.56134,0.24737,-1283.8,1.3748,10.044,1.7135,0.17584,0.27414,28.553,6385.1
4687161929708394752,68,12.8,0.7,0.1,0.74697,7.4697,0.30046,5093.5,1.9291,-1279.5,1.0897,13.226,1.5967,0.27748,-1242.2,0.56174,0.24861,-1272.7,1.409,9.8801,1.7302,0.17742,0.27554,30.566,6373
4687161929708394752,68,12.8,0.7,0.25,1.8674,7.4697,0.30046,5011.5,1.8935,-1323.2,1.1225,12.814,1.6024,0.27331,-1284.8,0.56153,0.24397,-1316.5,1.4521,9.566,1.7392,0.17777,0.27136,31.666,6334.6
4687161929708394752,68,12.8,1.5,0.1,0.74697,7.4697,0.30046,5089.9,1.9276,-1276.2,1.1056,13.13,1.6009,0.27697,-1238.1,0.56449,0.24751,-1269.4,1.4372,9.7483,1.7395,0.18425,0.27495,31.302,6366.1
4687161929708394752,68,12.8,1.5,0.25,1.8674,7.4697,0.30046,5163.6,1.9601,-1225.4,1.125,13.213,1.6206,0.28221,-1183.2,0.56669,0.25246,-1218.3,1.2447,11.769,1.6724,0.0066974,0.28128,35.147,6388.9
4687161929708394752,68,12.8,3,0.1,0.74697,7.4697,0.30046,5110.1,1.9364,-1260.9,1.1164,13.105,1.6073,0.27831,-1221.8,0.56529,0.24889,-1254,1.348,10.58,1.7038,0.12037,0.27682,32.196,6370.9
4687161929708394752,68,12.8,3,0.25,1.8674,7.4697,0.30046,5203.7,1.9781,-1225.2,1.2031,12.9,1.6244,0.2726,-1180.8,0.58864,0.23978,-1219.4,1.8084,8.1218,1.8658,0.27786,0.26938,38.645,6428.9
4687164055705068288,27,11.5,0.3,0.1,0.42871,4.2871,0.81815,-3773.4,0.2294,-5608.5,0.02,30.527,1.275,0.13568,-5569.2,-0.58522,0.1355,-5597,0.18509,3.9527,3.5083,-0.85295,0.13632,27.847,1835.2
4687164055705068288,27,11.5,0.3,0.25,1.0718,4.2871,0.81815,-3493.5,0.24652,-5591.1,0.02,39.893,1.3139,0.13559,-5553,-0.5447,0.13543,-5579.2,0.21389,3.8633,3.3088,-0.80843,0.13628,26.24,2097.6
4687164055705068288,27,11.5,0.7,0.1,0.42871,4.2871,0.81815,-3581.2,0.24103,-5584.4,0.02,32.016,1.2657,0.13602,-5544.3,-0.55431,0.13591,-5571.1,0.20266,3.9049,3.2674,-0.83329,0.13689,26.778,2003.3
4687164055705068288,27,11.5,0.7,0.25,1.0718,4.2871,0.81815,-2914.6,0.2861,-5455.4,0.059269,12.498,1.2137,0.13579,-5439.8,-0.41484,0.13723,-5445.7,0.02,31.672,1.1779,-0.72844,0.13626,5.9067,2540.7
4687164055705068288,27,11.5,1.5,0.1,0.42871,4.2871,0.81815,-3725.7,0.23223,-5515.6,0.02,17.089,1.0144,0.13437,-5494.1,-0.50088,0.13684,-5502.4,0.02,16.345,1.0231,-0.96375,0.13477,8.3279,1789.9
4687164055705068288,27,11.5,1.5,0.25,1.0718,4.2871,0.81815,-2872,0.28926,-5208.5,0.66725,2.3364,1.4834,0.13548,-5184.6,-0.13461,0.14032,-5198.8,0.68654,2.0216,1.4339,-0.5914,0.13537,14.204,2336.6
4687164055705068288,27,11.5,3,0.1,0.42871,4.2871,0.81815,-3138.2,0.27011,-5259,0.02,14.801,0.84644,0.12943,-5173.7,-0.20939,0.14279,-5245.9,0.02,14.025,0.83807,-0.93193,0.12943,72.224,2120.8
4687164055705068288,27,11.5,3,0.25,1.0718,4.2871,0.81815,-1970.4,0.36474,-4751.7,1.5503,1.9717,1.5983,0.13401,-4578.9,0.3915,0.14454,-4750.2,3.3806,0.94704,2.2854,-0.36409,0.13718,171.26,2781.3
4687164055705068288,28,11.5,0.3,0.1,0.84187,8.4187,0.29868,10038,7.4466,3266.7,0.075952,244.12,0.98049,0.0004149,3416,1.4516,0.62396,3273.6,0.076269,242.45,0.98003,0.0045308,0.00012105,142.41,6771.3
4687164055705068288,28,11.5,0.3,0.25,2.1047,8.4187,0.29868,10063,7.4942,3288.8,0.074777,248.95,0.98028,0.00028922,3436.1,1.4535,0.62754,3295.7,0.075084,247.26,0.97983,0.0051225,1.7949e-06,140.39,6774.6
4687164055705068288,28,11.5,0.7,0.1,0.84187,8.4187,0.29868,10053,7.4756,3281.6,0.075371,246.46,0.98017,1e-06,3429.8,1.4529,0.62638,3288.5,0.075719,244.67,0.97972,0.0046963,1e-06,141.29,6771.9
4687164055705068288,28,11.5,0.7,0.25,2.1047,8.4187,0.29868,10089,7.5427,3300.7,0.071798,258.49,0.97938,0.00039208,3446.7,1.4544,0.62977,3307.6,0.072162,256.54,0.97896,0.0056518,1e-06,139.15,6788.5
4687164055705068288,28,11.5,1.5,0.1,0.84187,8.4187,0.29868,10036,7.4425,3268.7,0.075825,244.38,0.98028,0.00024066,3416,1.4512,0.62473,3275.6,0.07616,242.63,0.97982,0.0048555,1e-06,140.41,6767
4687164055705068288,28,11.5,1.5,0.25,2.1047,8.4187,0.29868,10054,7.477,3305.9,0.079444,237.55,0.98174,0.00054946,3454.8,1.4559,0.62974,3312.8,0.07973,236.04,0.98127,0.0049604,1e-06,142.03,6748.4
4687164055705068288,28,11.5,3,0.1,0.84187,8.4187,0.29868,10053,7.4755,3286.2,0.076061,245.19,0.98065,0.00036153,3433.7,1.4535,0.62666,3293.1,0.076374,243.54,0.98021,0.0051246,1e-06,140.59,6767.2
4687164055705068288,28,11.5,3,0.25,2.1047,8.4187,0.29868,10127,7.6149,3273.9,0.074851,253.77,0.98482,0.00053739,3421.5,1.4543,0.62093,3280.8,0.075142,252.09,0.98436,0.0045207,1e-06,140.67,6853.4
4687164055705068288,68,11.5,0.3,0.1,1.5235,15.235,0.39049,49.72,0.61245,-4487.6,0.1575,12.042,1.1048,0.16639,-4495.5,-0.42865,0.1669,-4482.5,0.096085,22.347,3.1197,-0.44022,0.16753,-12.971,4537.3
4687164055705068288,68,11.5,0.3,0.25,3.8088,15.235,0.39049,278.82,0.64522,-4420,0.15471,13.06,1.1143,0.16815,-4426.8,-0.41166,0.16822,-4413.9,0.11965,16.197,2.9121,-0.4241,0.16893,-12.921,4698.8
4687164055705068288,68,11.5,0.7,0.1,1.5235,15.235,0.39049,-60.845,0.59724,-4579.3,0.18765,10.753,1.149,0.16547,-4585.9,-0.44576,0.16448,-4572.3,0.02,95.558,1.4484,-0.46675,0.16542,-13.588,4518.4
4687164055705068288,68,11.5,0.7,0.25,3.8088,15.235,0.39049,591.21,0.69274,-4646,0.29222,9.9754,1.2846,0.16038,-4644.7,-0.39673,0.1554,-4637.5,0.36525,7.2661,1.5322,-0.51537,0.15952,-7.1664,5237.2
4687164055705068288,68,11.5,1.5,0.1,1.5235,15.235,0.39049,644.73,0.70122,-4405.9,0.31547,9.3764,1.2599,0.16739,-4411,-0.36951,0.1633,-4398.1,0.22933,7.9141,10,-0.38112,0.16399,-12.896,5050.7
4687164055705068288,68,11.5,1.5,0.25,3.8088,15.235,0.39049,1540.1,0.85964,-3845,0.84597,6.8383,1.4825,0.17142,-3841.1,-0.18147,0.16006,-3837.3,1.2516,4.1183,1.7826,-0.34917,0.16893,-3.7559,5385.2
4687164055705068288,68,11.5,3,0.1,1.5235,15.235,0.39049,422.47,0.66665,-3935.8,1.0021,4.6533,1.3861,0.16672,-3940.8,-0.21161,0.16099,-3933.6,2.7041,1.6022,1.9807,-0.38942,0.16859,-7.2738,4358.3
4687164055705068288,68,11.5,3,0.25,3.8088,15.235,0.39049,2634.6,1.1027,-2924.3,2.1437,5.3706,1.7221,0.16383,-2877.9,0.081567,0.13294,-2923,3.6078,2.9425,2.1816,-0.20658,0.16226,45.119,5558.9
4687479173187523584,28,11.3,0.3,0.1,0.93034,9.3034,0.29868,-983.7,0.47429,-4688.2,0.0974,13.147,1.093,0.15382,-4691.9,-0.097689,0.15915,-4679.9,0.22625,1.9541,0.84119,-0.19938,0.15198,-11.994,3704.5
4687479173187523584,28,11.3,0.3,0.25,2.3258,9.3034,0.29868,-1816.5,0.3857,-4860.1,0.073019,12.658,1.0578,0.15265,-4864.8,-0.21392,0.15749,-4852.5,0.02,20.79,0.92387,-0.42277,0.15211,-12.324,3043.6
4687479173187523584,28,11.3,0.7,0.1,0.93034,9.3034,0.29868,-798.79,0.49657,-4717.1,0.049916,23.45,1.0683,0.15334,-4721,-0.11285,0.1587,-4709.5,0.02,36.089,0.99117,-0.37966,0.15324,-11.486,3918.3
4687479173187523584,28,11.3,0.7,0.25,2.3258,9.3034,0.29868,-57.785,0.59687,-4464.7,0.26729,9.129,1.2799,0.1576,-4474.6,0.036342,0.16033,-4457.9,0.15177,3.011,0.87726,-0.028599,0.15497,-16.709,4406.9
4687479173187523584,28,11.3,1.5,0.1,0.93034,9.3034,0.29868,-610.42,0.52035,-4544.8,0.22343,8.2206,1.165,0.15335,-4545.8,0.014033,0.15861,-4538.1,1.7861,1.0237,1.5338,-0.1696,0.15645,-7.6781,3934.4
4687479173187523584,28,11.3,1.5,0.25,2.3258,9.3034,0.29868,141.64,0.62716,-4001.9,0.92601,4.5863,1.5135,0.16443,-3990.6,0.24551,0.16493,-4002.3,2.2448,1.8627,1.988,-0.14927,0.16752,11.742,4143.6
4687479173187523584,28,11.3,3,0.1,0.93034,9.3034,0.29868,-281.41,0.56463,-4296.8,0.23417,8.2813,1.0792,0.14887,-4273,0.15669,0.1598,-4292.9,2.9832,0.93898,1.6766,-0.13806,0.15615,19.919,4015.4
4687479173187523584,28,11.3,3,0.25,2.3258,9.3034,0.29868,1047.5,0.78533,-3458.4,1.8931,4.0431,1.7322,0.16048,-3402,0.51039,0.15668,-3465.5,3.1341,2.4053,2.0754,-0.13815,0.16373,63.491,4505.9
4687479173187523584,67,11.3,0.3,0.1,1.7683,17.683,0.24598,-2327.9,0.35814,-5336.4,0.12277,7.6456,1.0457,0.15127,-5331.1,-0.36714,0.15676,-5329.3,2.9082,0.4913,1.9959,-0.56345,0.15543,-1.7965,3008.5
4687479173187523584,67,11.3,0.3,0.25,4.4207,17.683,0.24598,-1675.4,0.41494,-5246.1,0.17565,7.8855,1.1878,0.15607,-5253.2,-0.34772,0.15893,-5238.6,3.146,0.3668,2.1578,-0.44149,0.15829,-14.645,3570.7
4687479173187523584,67,11.3,0.7,0.1,1.7683,17.683,0.24598,-1731.4,0.40974,-5259.3,0.33671,5.2864,1.355,0.15684,-5269.6,-0.33787,0.15775,-5254.2,3.64,0.24867,10,-0.39923,0.15827,-15.332,3527.9
4687479173187523584,67,11.3,0.7,0.25,4.4207,17.683,0.24598,111.72,0.62103,-4915.6,0.59004,6.1573,1.5893,0.15855,-4923.5,-0.10361,0.15663,-4907.2,0.70484,4.6053,1.6626,-0.41765,0.15853,-16.333,5027.3
4687479173187523584,67,11.3,1.5,0.1,1.7683,17.683,0.24598,-1848.2,0.39908,-5046.8,1.3571,2.3334,1.7784,0.15537,-5023.4,-0.12331,0.15394,-5037.8,1.7154,1.8105,1.9441,-0.71936,0.15586,14.442,3198.6
4687479173187523584,67,11.3,1.5,0.25,4.4207,17.683,0.24598,803.29,0.72591,-4339.4,1.3463,4.5474,1.7887,0.16103,-4314.8,0.15351,0.15634,-4329.7,1.4107,4.2803,1.8123,-0.62261,0.16107,14.829,5142.7
4687479173187523584,67,11.3,3,0.1,1.7683,17.683,0.24598,-394.73,0.55397,-4292.5,1.88,2.8019,1.6207,0.15399,-4216,0.19905,0.15437,-4295.3,3.3905,1.6075,2.0498,-0.46616,0.15773,79.372,3897.8
4687479173187523584,67,11.3,3,0.25,4.4207,17.683,0.24598,3032.3,1.2003,-2781.5,2.194,5.8439,1.7079,0.15616,-2693.7,0.58184,0.1464,-2774,2.426,5.268,1.754,-0.38796,0.1574,80.273,5813.9
4687479173187523584,68,11.3,0.3,0.1,1.6847,16.847,0.30046,5304.9,2.0242,-354.11,0.42937,22.404,1.1328,0.28087,-358.28,0.34029,0.29696,-347.2,0.61598,13.803,1.1467,0.036697,0.2833,-11.075,5659.1
4687479173187523584,68,11.3,0.3,0.25,4.2118,16.847,0.30046,5291.3,2.0179,-501.26,0.38842,23.589,1.1255,0.27136,-506.74,0.32516,0.28742,-494.32,0.57614,13.456,1.1341,0.060465,0.27365,-12.42,5792.5
4687479173187523584,68,11.3,0.7,0.1,1.6847,16.847,0.30046,5387.1,2.0624,-333.51,0.40865,23.415,1.1295,0.28334,-338.41,0.34047,0.29954,-326.61,0.6255,13.228,1.1455,0.067189,0.28619,-11.8,5720.6
4687479173187523584,68,11.3,0.7,0.25,4.2118,16.847,0.30046,5456.8,2.0953,-374.98,0.37999,24.918,1.1291,0.28232,-381.57,0.33506,0.2974,-368.01,0.47942,16.975,1.1282,0.030773,0.28344,-13.553,5831.7
4687479173187523584,68,11.3,1.5,0.1,1.6847,16.847,0.30046,5312.8,2.0278,-338,0.45431,21.702,1.1404,0.28116,-341.87,0.34458,0.2962,-331.22,0.74725,11.808,1.173,0.061656,0.28516,-10.646,5650.7
4687479173187523584,68,11.3,1.5,0.25,4.2118,16.847,0.30046,5839.2,2.2858,67.255,0.58819,21.609,1.2088,0.31069,61.331,0.3987,0.3133,73.872,0.87871,13.492,1.2601,0.073739,0.31475,-12.541,5771.9
4687479173187523584,68,11.3,3,0.1,1.6847,16.847,0.30046,5319.4,2.0309,-222.99,0.59477,18.791,1.1783,0.28347,-224.23,0.37054,0.29357,-216.76,1.0902,9.8225,1.2541,0.058771,0.29026,-7.4778,5542.4
4687479173187523584,68,11.3,3,0.25,4.2118,16.847,0.30046,5676,2.2025,-233.65,0.99497,15.888,1.358,0.28386,-231.93,0.40732,0.26218,-227.97,1.5317,9.9756,1.4765,0.054973,0.28793,-3.9615,5909.6
4687485387976612736,28,12.4,0.3,0.1,0.51688,5.1688,0.29868,-2996.1,0.28779,-3363.4,0.23732,2.4318,1.4399,0.2535,-3375.8,-0.42427,0.25306,-3355.8,0.24185,1.13,10,-0.44973,0.25325,-19.941,367.27
4687485387976612736,28,12.4,0.3,0.25,1.2922,5.1688,0.29868,-2847.9,0.29857,-3362.3,0.1256,4.5332,1.3321,0.2532,-3372.8,-0.39393,0.2526,-3355,0.29581,1.605,5.7229,-0.46282,0.25312,-17.837,514.45
4687485387976612736,28,12.4,0.7,0.1,0.51688,5.1688,0.29868,-2826,0.3002,-3304.1,0.33897,2.207,1.4378,0.25455,-3317.4,-0.32318,0.25455,-3297.1,1.7959,0.21577,3.8741,-0.35733,0.25444,-20.326,478.14
4687485387976612736,28,12.4,0.7,0.25,1.2922,5.1688,0.29868,-2709.3,0.30902,-3261.1,0.80058,1.4897,1.8592,0.25407,-3269.8,-0.19589,0.25402,-3254,1.6926,0.54923,3.3249,-0.3562,0.25395,-15.79,551.76
4687485387976612736,28,12.4,1.5,0.1,0.51688,5.1688,0.29868,-2754.3,0.30559,-3275,0.23561,2.8016,1.1804,0.25389,-3286.8,-0.27516,0.2553,-3271,2.6913,0.24041,10,-0.35547,0.25437,-15.766,520.71
4687485387976612736,28,12.4,1.5,0.25,1.2922,5.1688,0.29868,-1966.8,0.37158,-3128.5,0.84835,2.2108,1.8308,0.25513,-3134.9,0.018485,0.25448,-3124.5,1.7553,0.85579,4.1511,-0.19068,0.25609,-10.471,1161.7
4687485387976612736,28,12.4,3,0.1,0.51688,5.1688,0.29868,-2661.2,0.31274,-3137.6,1.2714,1.1675,1.6131,0.25623,-3126,-0.069147,0.25907,-3137.1,2.803,0.53511,3.8975,-0.44779,0.25774,11.086,476.37
4687485387976612736,28,12.4,3,0.25,1.2922,5.1688,0.29868,-1462.1,0.42118,-2682.7,3.1569,1.3511,2.2736,0.25944,-2598.3,0.45557,0.25983,-2676.1,3.607,1.1735,2.5677,-0.43815,0.26016,77.845,1220.6
4687485387976612736,67,12.4,0.3,0.1,0.85059,8.5059,0.20892,4387.9,1.6298,-89.434,0.24508,25.979,1.2354,0.47137,-89.997,0.70533,0.48298,-82.424,0.25309,24.379,1.2318,0.00026105,0.47134,-7.5727,4477.3
4687485387976612736,67,12.4,0.3,0.25,2.1265,8.5059,0.20892,4259.2,1.5832,-110.86,0.26372,24.039,1.2425,0.46992,-110.87,0.70081,0.48124,-103.85,0.27458,22.394,1.2398,-7.4666e-06,0.46993,-7.0203,4370
4687485387976612736,67,12.4,0.7,0.1,0.85059,8.5059,0.20892,4375.7,1.6253,-82.796,0.25004,25.553,1.2337,0.47093,-82.62,0.71013,0.4829,-75.786,0.25881,23.943,1.2303,0.00020834,0.47091,-6.8341,4458.5
4687485387976612736,67,12.4,0.7,0.25,2.1265,8.5059,0.20892,4417.9,1.6409,-103.25,0.2343,27.333,1.2394,0.47092,-105.16,0.70063,0.48202,-96.242,0.23844,25.943,1.2338,0.0023555,0.47082,-8.9203,4521.2
4687485387976612736,67,12.4,1.5,0.1,0.85059,8.5059,0.20892,4404.7,1.636,-94.493,0.25862,25.112,1.2432,0.46984,-94.696,0.7116,0.48102,-87.485,0.26944,23.423,1.2412,0.0011917,0.46988,-7.2111,4499.2
4687485387976612736,67,12.4,1.5,0.25,2.1265,8.5059,0.20892,4328.3,1.608,-2.5593,0.33546,20.913,1.2768,0.4781,-0.34501,0.73337,0.48854,4.4255,0.3604,19.063,1.2811,0.01503,0.47835,-4.7705,4330.8
4687485387976612736,67,12.4,3,0.1,0.85059,8.5059,0.20892,4436.7,1.6479,-30.196,0.24804,25.997,1.2137,0.47024,-26.731,0.73429,0.48485,-23.186,0.25641,24.431,1.2099,-0.00017022,0.47019,-3.5449,4466.9
4687485387976612736,67,12.4,3,0.25,2.1265,8.5059,0.20892,4611.7,1.7142,111.08,0.2397,26.376,1.1197,0.45104,138.42,0.84265,0.47942,118.09,0.25754,24.221,1.1196,-0.00081226,0.45115,20.327,4500.6
4687485387976612736,68,12.4,0.3,0.1,0.84349,8.4349,0.39049,4794,1.8021,203.12,0.29786,25.409,1.1888,0.46547,193.55,0.33305,0.45795,208.67,0.81362,7.0383,10,0.3156,0.46138,-15.124,4590.9
4687485387976612736,68,12.4,0.3,0.25,2.1087,8.4349,0.39049,4813.3,1.81,201.89,0.28547,26.215,1.1842,0.4658,192.63,0.33151,0.45849,207.63,0.81419,7.1047,10,0.31357,0.462,-15.004,4611.4
4687485387976612736,68,12.4,0.7,0.1,0.84349,8.4349,0.39049,4787.9,1.7996,205.76,0.2957,25.442,1.1847,0.46505,195.94,0.33373,0.45801,211.24,0.81307,6.9893,10,0.31659,0.46139,-15.303,4582.2
4687485387976612736,68,12.4,0.7,0.25,2.1087,8.4349,0.39049,4867.4,1.8324,204.81,0.27689,26.976,1.1755,0.46274,195.29,0.33743,0.45628,210.69,0.79433,7.2365,10,0.32061,0.45963,-15.399,4662.6
4687485387976612736,68,12.4,1.5,0.1,0.84349,8.4349,0.39049,4725.6,1.7743,182.85,0.31629,24.116,1.1958,0.4634,172.9,0.33153,0.45558,189.85,0.55625,10.578,1.8563,0.29743,0.46148,-16.95,4542.7
4687485387976612736,68,12.4,1.5,0.25,2.1087,8.4349,0.39049,4761.4,1.7888,212.61,0.36099,22.675,1.231,0.46877,203.67,0.33716,0.45763,219.2,0.68269,9.8712,1.8958,0.29029,0.46558,-15.526,4548.8
4687485387976612736,68,12.4,3,0.1,0.84349,8.4349,0.39049,4802.7,1.8056,242.42,0.26122,27.334,1.1434,0.46006,231.12,0.34603,0.45773,247.08,0.81537,6.8789,10,0.33027,0.46102,-15.959,4560.3
4687485387976612736,68,12.4,3,0.25,2.1087,8.4349,0.39049,5015,1.895,336.45,0.4,22.076,1.1989,0.45517,324.14,0.39345,0.44882,343.21,0.76982,6.1203,10,0.38585,0.4506,-19.07,4678.6
4687499720314663296,28,13.5,0.3,0.1,0.1756,1.756,0.29868,-6580.9,0.11819,-7371.6,0.20151,1.3987,1.2226,0.09133,-7384.7,-0.18775,0.091653,-7365.1,2.0089,0.087569,10,-0.23281,0.091662,-19.611,790.7
4687499720314663296,28,13.5,0.3,0.25,0.43901,1.756,0.29868,-6628.2,0.11681,-7369.5,0.21813,1.2866,1.2218,0.091376,-7382.4,-0.19102,0.091745,-7363.6,2.0593,0.094862,10,-0.24786,0.091735,-18.892,741.32
4687499720314663296,28,13.5,0.7,0.1,0.1756,1.756,0.29868,-6532.8,0.1196,-7345.4,0.36665,1.0049,1.3718,0.091489,-7358.2,-0.13973,0.091719,-7338.7,1.3915,0.19803,2.3753,-0.22802,0.091723,-19.417,812.51
4687499720314663296,28,13.5,0.7,0.25,0.43901,1.756,0.29868,-6350.3,0.12515,-7320.7,0.68927,0.7873,1.8926,0.091829,-7331.3,-0.070824,0.091449,-7314.4,1.2994,0.31882,3.4878,-0.22839,0.09179,-16.911,970.37
4687499720314663296,28,13.5,1.5,0.1,0.1756,1.756,0.29868,-6619.7,0.11705,-7331.7,0.49269,0.79031,1.3645,0.091309,-7340.8,-0.11267,0.091791,-7327.5,1.8124,0.20749,3.6253,-0.30093,0.091942,-13.324,712
4687499720314663296,28,13.5,1.5,0.25,0.43901,1.756,0.29868,-6187.5,0.13031,-7204.9,0.62825,0.87655,1.3435,0.091346,-7206.8,0.054581,0.092491,-7197.8,1.4418,0.37745,1.5901,-0.20393,0.091473,-8.9964,1017.3
4687499720314663296,28,13.5,3,0.1,0.1756,1.756,0.29868,-6399.8,0.12362,-7195.8,0.37381,0.96236,1.027,0.090571,-7184.4,0.020478,0.093648,-7193.3,4.352,0.15368,2.7333,-0.2162,0.091608,8.8382,796.03
4687499720314663296,28,13.5,3,0.25,0.43901,1.756,0.29868,-5310.8,0.16199,-6806.8,2.2435,0.64618,1.7473,0.091387,-6741.9,0.48038,0.092766,-6808.6,3.8147,0.39629,2.4778,-0.17185,0.092152,66.715,1496
4687499720314663296,67,13.5,0.3,0.1,0.25656,2.5656,0.22745,-914.96,0.49262,-7185,0.02,83.147,1.264,0.10232,-7178.6,0.32174,0.10186,-7182.3,0.31782,5.9498,5.3274,0.25331,0.10283,3.7221,6270
4687499720314663296,67,13.5,0.3,0.25,0.64141,2.5656,0.22745,-1014.5,0.48167,-7211.2,0.02,81.23,1.2593,0.10163,-7206.1,0.31873,0.10124,-7208.4,0.32546,5.6652,5.3902,0.25208,0.10219,2.3792,6196.7
4687499720314663296,67,13.5,0.7,0.1,0.25656,2.5656,0.22745,-873.25,0.49727,-7207.4,0.02,86.889,1.2756,0.10191,-7200,0.32068,0.10133,-7204.4,0.31187,6.1519,4.9172,0.25091,0.10231,4.43,6334.1
4687499720314663296,67,13.5,0.7,0.25,0.64141,2.5656,0.22745,-976.15,0.48586,-7181.5,0.02,82.448,1.2543,0.10182,-7178.3,0.3306,0.10154,-7176.9,0.31167,5.8462,4.7045,0.27335,0.10237,-1.4244,6205.4
4687499720314663296,67,13.5,1.5,0.1,0.25656,2.5656,0.22745,-918.5,0.49222,-7145.5,0.02,81.321,1.2462,0.10236,-7142.8,0.3389,0.10217,-7141.1,0.30812,5.9469,4.9519,0.28385,0.10299,-1.7035,6227
4687499720314663296,67,13.5,1.5,0.25,0.64141,2.5656,0.22745,-718.61,0.51493,-7003.7,0.04073,39.925,1.2271,0.10162,-7010.9,0.4253,0.10213,-6997.6,0.29168,5.6595,5.4064,0.4026,0.10254,-13.34,6285.1
4687499720314663296,67,13.5,3,0.1,0.25656,2.5656,0.22745,-903.03,0.49394,-7052.7,0.02,61.83,1.1475,0.10061,-7053.6,0.40057,0.10207,-7045,0.02,60.401,1.1482,-0.23862,0.10069,-8.5236,6149.7
4687499720314663296,67,13.5,3,0.25,0.64141,2.5656,0.22745,-927.2,0.49126,-6698.4,0.065255,18.753,1.0622,0.09527,-6691.5,0.61185,0.10081,-6694.5,3.5228,0.48019,1.8774,0.41774,0.10011,3.0033,5771.2
4687499720314663296,68,13.5,0.3,0.1,0.28008,2.8008,0.30046,-6322.4,0.14373,-7760.6,0.53731,1.1475,1.4745,0.09427,-7771.3,-0.26935,0.093074,-7752.9,0.77896,0.61212,2.0022,-0.37682,0.093805,-18.445,1438.3
4687499720314663296,68,13.5,0.3,0.25,0.70019,2.8008,0.30046,-5911.9,0.1578,-7682.2,0.38992,1.5889,1.3275,0.094607,-7694,-0.22091,0.093606,-7674.6,0.5521,0.82948,1.7119,-0.30468,0.094241,-19.398,1770.2
4687499720314663296,68,13.5,0.7,0.1,0.28008,2.8008,0.30046,-5935.4,0.15696,-7711.1,0.40546,1.5526,1.3742,0.094431,-7721.7,-0.23218,0.093259,-7704.3,0.93006,0.42291,10,-0.26962,0.093669,-17.424,1775.7
4687499720314663296,68,13.5,0.7,0.25,0.70019,2.8008,0.30046,-5396,0.17745,-7673.7,0.47108,1.7342,1.5274,0.09461,-7678.4,-0.17538,0.092603,-7666.7,0.732,0.99092,2.2971,-0.30365,0.093849,-11.698,2277.7
4687499720314663296,68,13.5,1.5,0.1,0.28008,2.8008,0.30046,-6131.4,0.15011,-7678.1,0.78982,0.98548,1.5633,0.094366,-7688.3,-0.19705,0.09304,-7675.4,2.4513,0.21169,8.1273,-0.28701,0.09375,-12.93,1546.6
4687499720314663296,68,13.5,1.5,0.25,0.70019,2.8008,0.30046,-5315.5,0.18073,-7495.3,0.94129,1.194,1.6192,0.094722,-7500.9,-0.05293,0.092463,-7488.2,1.3484,0.75217,2.0516,-0.27333,0.094418,-12.684,2179.8
4687499720314663296,68,13.5,3,0.1,0.28008,2.8008,0.30046,-5862.7,0.15957,-7532.9,0.51995,1.2957,1.1248,0.091914,-7540.2,-0.093814,0.093134,-7528.2,3.6694,0.21438,2.4006,-0.23024,0.093476,-12.05,1670.1
4687499720314663296,68,13.5,3,0.25,0.70019,2.8008,0.30046,-4358.6,0.22468,-6951.7,2.3703,0.9649,1.7695,0.093241,-6918.7,0.24746,0.089406,-6949.3,3.2996,0.69003,2.1187,-0.26854,0.093831,30.558,2593.1
4687503946562429184,28,13.1,0.3,0.1,0.25069,2.5069,0.28674,-6552,0.11904,-7169,0.27916,1.085,1.4037,0.097193,-7181.9,-0.38799,0.097044,-7161.5,0.17203,0.57924,10,-0.39653,0.097081,-20.375,617.01
4687503946562429184,28,13.1,0.3,0.25,0.62672,2.5069,0.28674,-6351.7,0.12511,-7124.2,0.3702,1.043,1.4891,0.097458,-7137.3,-0.31045,0.097255,-7117.3,0.78379,0.2269,10,-0.33993,0.097388,-20.049,772.49
4687503946562429184,28,13.1,0.7,0.1,0.25069,2.5069,0.28674,-6282.6,0.12727,-7152.5,0.30026,1.262,1.5114,0.097124,-7164.6,-0.32676,0.096766,-7145.1,0.36535,0.52941,10,-0.353,0.096882,-19.547,869.9
4687503946562429184,28,13.1,0.7,0.25,0.62672,2.5069,0.28674,-6372.5,0.12446,-7103.8,0.94841,0.59965,2.161,0.097188,-7110.1,-0.22557,0.096765,-7097.2,1.6251,0.26353,4.7278,-0.41061,0.097107,-12.922,731.34
4687503946562429184,28,13.1,1.5,0.1,0.25069,2.5069,0.28674,-6155,0.13137,-7055.5,0.50234,0.95301,1.3949,0.09701,-7066.1,-0.18912,0.097327,-7051.4,2.304,0.14511,10,-0.2883,0.097473,-14.648,900.49
4687503946562429184,28,13.1,1.5,0.25,0.62672,2.5069,0.28674,-5609.5,0.15042,-6897.4,1.004,0.8509,1.6358,0.097225,-6897,0.027159,0.097382,-6891.6,1.6708,0.49873,2.0163,-0.34497,0.097393,-5.3989,1287.9
4687503946562429184,28,13.1,3,0.1,0.25069,2.5069,0.28674,-6101.6,0.13312,-6935.8,0.47369,0.94175,1.1131,0.09703,-6930.5,-0.09507,0.099205,-6935.7,3.7438,0.17809,3.3007,-0.34484,0.098188,5.1596,834.17
4687503946562429184,28,13.1,3,0.25,0.62672,2.5069,0.28674,-4446.4,0.20077,-6437.5,3.0339,0.71903,2.6802,0.099226,-6368.5,0.42648,0.097115,-6438.4,3.96,0.51037,3.716,-0.19363,0.099522,69.907,1991
4687503946562429184,67,13.1,0.3,0.1,0.35012,3.5012,0.24598,-4586.5,0.21514,-7630.2,0.0609,12.219,1.4308,0.1012,-7616,-0.24655,0.10008,-7623,0.22646,3.4061,2.6384,-0.40214,0.10089,6.9594,3043.7
4687503946562429184,67,13.1,0.3,0.25,0.87531,3.5012,0.24598,-4253.9,0.23191,-7565.7,0.0455,17.749,1.3651,0.10167,-7555.1,-0.19718,0.10058,-7559.8,0.26759,3.1593,3.0707,-0.32637,0.10141,4.7332,3311.8
4687503946562429184,67,13.1,0.7,0.1,0.35012,3.5012,0.24598,-4512.2,0.21878,-7606.1,0.057818,12.555,1.3736,0.10104,-7597.1,-0.22284,0.10008,-7599.9,0.27139,2.8628,3.2771,-0.3422,0.10078,2.7698,3093.9
4687503946562429184,67,13.1,0.7,0.25,0.87531,3.5012,0.24598,-4574,0.21576,-7506.3,0.18431,4.0846,1.4098,0.10133,-7512.9,-0.14794,0.10053,-7498.7,0.17878,3.6125,1.6059,-0.27573,0.10114,-14.187,2932.3
4687503946562429184,67,13.1,1.5,0.1,0.35012,3.5012,0.24598,-4578.9,0.21552,-7542.7,0.056885,10.969,1.247,0.10076,-7547.3,-0.17298,0.10025,-7536.7,0.27563,2.4696,3.3731,-0.23414,0.10074,-10.649,2963.9
4687503946562429184,67,13.1,1.5,0.25,0.87531,3.5012,0.24598,-3512,0.27417,-7218.3,0.33315,3.4767,1.4085,0.10225,-7231.3,0.063289,0.10155,-7214.3,2.4034,0.25938,6.6565,0.012964,0.10203,-17.015,3706.3
4687503946562429184,67,13.1,3,0.1,0.35012,3.5012,0.24598,-4484.9,0.22013,-7267.4,0.02,17.077,0.95512,0.10059,-7270.9,-0.030229,0.1036,-7260.5,5.1093,0.11951,5.849,-0.11478,0.10319,-10.414,2782.5
4687503946562429184,67,13.1,3,0.25,0.87531,3.5012,0.24598,-3034.7,0.30535,-6574.3,0.8631,2.2164,1.2854,0.098824,-6549.6,0.42224,0.10124,-6576.8,3.1397,0.73404,1.9733,0.012294,0.10273,27.181,3539.6
4687503946562429184,68,13.1,0.3,0.1,0.46221,4.6221,0.30046,-6660.2,0.1331,-7379.9,0.74906,0.69127,2.7142,0.10773,-7379.1,-0.61473,0.10562,-7373.5,0.72717,0.54154,10,-0.76684,0.10655,-5.5263,719.73
4687503946562429184,68,13.1,0.3,0.25,1.1555,4.6221,0.30046,-6042.9,0.15317,-7364.5,0.56862,1.1477,2.4124,0.10732,-7350.7,-0.55055,0.10504,-7357.8,0.66918,0.81461,10,-0.73175,0.10617,7.1056,1321.6
4687503946562429184,68,13.1,0.7,0.1,0.46221,4.6221,0.30046,-6542.9,0.1367,-7379.5,0.83835,0.69094,3.2039,0.10747,-7376.1,-0.59316,0.10528,-7370.8,0.90418,0.55217,4.8811,-0.82999,0.1065,-5.3482,836.65
4687503946562429184,68,13.1,0.7,0.25,1.1555,4.6221,0.30046,-5583.5,0.17004,-7178.4,0.87308,1.0779,1.8561,0.10706,-7178.6,-0.37566,0.10486,-7168.9,0.99578,0.82791,2.302,-0.59132,0.10649,-9.6618,1595
4687503946562429184,68,13.1,1.5,0.1,0.46221,4.6221,0.30046,-5977.4,0.15546,-7158.7,0.93633,0.87339,1.553,0.10665,-7166.7,-0.3883,0.10559,-7148.4,1.0376,0.68245,1.621,-0.65159,0.10638,-18.376,1181.3
4687503946562429184,68,13.1,1.5,0.25,1.1555,4.6221,0.30046,-3809.1,0.2546,-6779.3,1.5336,1.3706,2.1112,0.10753,-6755,-0.080484,0.1028,-6770.4,1.7443,1.1539,2.3561,-0.50301,0.10703,15.458,2970.2
4687503946562429184,68,13.1,3,0.1,0.46221,4.6221,0.30046,-5707.8,0.1653,-6894.4,2.4743,0.58341,1.7795,0.10616,-6866.5,-0.18422,0.10563,-6893.1,4.78,0.29421,3.6718,-0.54557,0.1069,26.519,1186.6
4687503946562429184,68,13.1,3,0.25,1.1555,4.6221,0.30046,-3065.3,0.30153,-6038.5,3.0271,1.1721,2.0279,0.10981,-5979.6,0.19718,0.10158,-6028.5,3.1514,1.1177,2.0773,-0.6245,0.10982,48.881,2973.2
4687505389671548672,28,12.9,0.3,0.1,0.39071,3.9071,0.28674,-4568.8,0.19476,-5704.6,0.7891,1.1925,2.0585,0.13636,-5712.8,-0.19869,0.13531,-5696.3,0.98047,0.82706,2.4741,-0.44617,0.13613,-16.529,1135.8
4687505389671548672,28,12.9,0.3,0.25,0.97676,3.9071,0.28674,-4449.5,0.20062,-5692.6,0.74775,1.3029,1.9895,0.13634,-5701.3,-0.1796,0.13525,-5684.4,0.93755,0.89026,2.3947,-0.4145,0.13611,-16.845,1243.1
4687505389671548672,28,12.9,0.7,0.1,0.39071,3.9071,0.28674,-4414,0.20239,-5688.4,0.74261,1.3259,2.0114,0.13652,-5697.1,-0.17971,0.1354,-5681,1.1322,0.69648,2.9727,-0.36022,0.1362,-16.074,1274.4
4687505389671548672,28,12.9,0.7,0.25,0.97676,3.9071,0.28674,-4101.2,0.21874,-5650,0.75092,1.5193,2.0391,0.13671,-5656.4,-0.11762,0.1352,-5641.7,0.81617,1.2524,2.2781,-0.4005,0.13646,-14.738,1548.8
4687505389671548672,28,12.9,1.5,0.1,0.39071,3.9071,0.28674,-4164.7,0.21531,-5620.1,0.65,1.5938,1.6507,0.13634,-5630.6,-0.10384,0.13575,-5612.3,0.84509,1.0486,1.8319,-0.34108,0.13629,-18.36,1455.4
4687505389671548672,28,12.9,1.5,0.25,0.97676,3.9071,0.28674,-3463.1,0.25628,-5410.7,1.0839,1.561,1.7601,0.13667,-5409.7,0.11843,0.13582,-5402,1.157,1.418,1.7984,-0.45761,0.13666,-7.6384,1947.6
4687505389671548672,28,12.9,3,0.1,0.39071,3.9071,0.28674,-4092,0.21924,-5463.3,0.95323,1.2837,1.408,0.13514,-5452.8,0.056113,0.13686,-5463.6,3.7945,0.34719,3.256,-0.22806,0.13626,10.84,1371.3
4687505389671548672,28,12.9,3,0.25,0.97676,3.9071,0.28674,-2710,0.30897,-4888.9,2.3301,1.3114,1.8284,0.13926,-4831.7,0.43951,0.13881,-4882.8,2.8808,1.0674,2.0308,-0.31912,0.13989,51.101,2178.9
4687505389671548672,68,12.9,0.3,0.1,0.79418,7.9418,0.39049,1673.6,0.88613,-3202,0.19984,15.759,1.1127,0.20615,-3213.6,0.064548,0.20794,-3195.5,0.23902,7.6337,10,0.058584,0.20851,-18.097,4875.5
4687505389671548672,68,12.9,0.3,0.25,1.9854,7.9418,0.39049,1755.3,0.90277,-3168.7,0.20164,15.958,1.1133,0.20655,-3180.4,0.073228,0.20839,-3161.7,0.87964,2.5614,10,0.063022,0.20939,-18.747,4924.1
4687505389671548672,68,12.9,0.7,0.1,0.79418,7.9418,0.39049,1741.4,0.8999,-3155.7,0.19799,16.08,1.1101,0.20753,-3167.3,0.072055,0.20953,-3148.1,0.21768,8.5907,3.011,0.066694,0.21005,-19.172,4897
4687505389671548672,68,12.9,0.7,0.25,1.9854,7.9418,0.39049,1960.5,0.9459,-3190.9,0.17946,18.37,1.1316,0.20927,-3199.8,0.063234,0.20914,-3183.5,0.20278,12.01,1.5865,0.038613,0.2111,-16.368,5151.4
4687505389671548672,68,12.9,1.5,0.1,0.79418,7.9418,0.39049,1738.6,0.89934,-3143.7,0.21921,15.044,1.1177,0.20678,-3155.9,0.079765,0.20867,-3136.3,0.2043,8.3774,3.0116,0.075588,0.20909,-19.687,4882.3
4687505389671548672,68,12.9,1.5,0.25,1.9854,7.9418,0.39049,1744.9,0.90062,-3066.9,0.41984,10.417,1.2289,0.20992,-3079.9,0.11167,0.20683,-3063,1.8049,1.5433,10,0.092765,0.20879,-16.882,4811.8
4687505389671548672,68,12.9,3,0.1,0.79418,7.9418,0.39049,1843.8,0.92111,-3057.9,0.2719,13.511,1.1398,0.20753,-3071.1,0.10592,0.20877,-3051.5,0.89348,2.3657,10,0.098656,0.20955,-19.582,4901.7
4687505389671548672,68,12.9,3,0.25,1.9854,7.9418,0.39049,2277.5,1.0166,-2571.2,0.82169,7.8763,1.299,0.20965,-2579.4,0.25182,0.20482,-2567.5,2.6901,2.1568,1.7758,0.10323,0.21292,-11.825,4848.7
4687507245097014144,27,11.2,0.3,0.1,0.64665,6.4665,0.92175,9540,7.0423,4077.8,0.5601,70.298,1.8279,1.4106,4078.4,0.89326,1.4346,4084.7,0.54966,70.522,1.8152,0.041045,1.4104,-6.2776,5462.2
4687507245097014144,27,11.2,0.3,0.25,1.6166,6.4665,0.92175,9549.3,7.0591,4081.8,0.55384,70.91,1.8181,1.4112,4082.9,0.89466,1.4359,4088.6,0.5432,71.16,1.8052,0.042675,1.4109,-5.7744,5467.5
4687507245097014144,27,11.2,0.7,0.1,0.64665,6.4665,0.92175,9526.9,7.0186,4079.4,0.56071,70.02,1.8259,1.4112,4079.9,0.8929,1.4354,4086.2,0.55023,70.239,1.8131,0.041132,1.4109,-6.2338,5447.5
4687507245097014144,27,11.2,0.7,0.25,1.6166,6.4665,0.92175,9532.9,7.0295,4084,0.55576,70.545,1.8171,1.4117,4085.1,0.89464,1.4368,4090.9,0.54524,70.778,1.8044,0.041551,1.4115,-5.716,5448.9
4687507245097014144,27,11.2,1.5,0.1,0.64665,6.4665,0.92175,9542.6,7.047,4087.6,0.55232,70.913,1.8091,1.4116,4089.2,0.8973,1.4375,4094.4,0.54181,71.156,1.7963,0.041534,1.4114,-5.2247,5455
4687507245097014144,27,11.2,1.5,0.25,1.6166,6.4665,0.92175,9541.9,7.0458,4068.8,0.54836,71.191,1.8173,1.408,4069.9,0.89092,1.432,4075.6,0.53763,71.458,1.8044,0.042165,1.4077,-5.6824,5473.1
4687507245097014144,27,11.2,3,0.1,0.64665,6.4665,0.92175,9554.6,7.0688,4081.4,0.54784,71.466,1.8066,1.4093,4083.2,0.89677,1.4352,4087,0.044403,380.92,1.2361,0.76614,1.3987,-3.8847,5473.2
4687507245097014144,27,11.2,3,0.25,1.6166,6.4665,0.92175,9597.4,7.1471,4116.8,0.54075,72.853,1.7744,1.4136,4121,0.91392,1.444,4123.6,0.5306,73.109,1.7621,0.040582,1.4133,-2.6013,5480.6
4687507245097014144,28,11.2,0.3,0.1,1.2296,12.296,0.29271,2274.6,1.065,-1807.9,0.02,159.08,1.4183,0.36495,-1759.3,-0.23357,0.35917,-1806.4,0.02,4545.3,3.1817,-0.4573,0.36336,47.035,4082.6
4687507245097014144,28,11.2,0.3,0.25,3.0739,12.296,0.29271,2111.5,1.0227,-1867.9,0.02,177.28,1.4609,0.36018,-1818.3,-0.25027,0.35464,-1864.4,0.12222,35.235,4.1884,-0.47832,0.35852,46.147,3979.4
4687507245097014144,28,11.2,0.7,0.1,1.2296,12.296,0.29271,2224.6,1.0519,-1770.1,0.02,139.82,1.3266,0.36418,-1736.9,-0.21375,0.35996,-1766.8,0.02,5941.6,3.3701,-0.36905,0.36328,29.855,3994.7
4687507245097014144,28,11.2,0.7,0.25,3.0739,12.296,0.29271,2750.7,1.1986,-1760.5,0.02,135.8,1.2609,0.35915,-1730,-0.15188,0.35598,-1758.1,0.02,3518.4,2.9775,-0.29141,0.35961,28.097,4511.2
4687507245097014144,28,11.2,1.5,0.1,1.2296,12.296,0.29271,2339.8,1.0824,-1671,0.02,76.488,1.0708,0.35799,-1654.8,-0.13265,0.36178,-1664,0.02,21733,4.1609,-0.22792,0.3652,9.1857,4010.8
4687507245097014144,28,11.2,1.5,0.25,3.0739,12.296,0.29271,2636.7,1.1652,-1378.4,0.02,94.19,0.97606,0.34288,-1379.3,0.1286,0.36159,-1369.1,40,0.62722,0.30088,0.090028,0.11546,-10.256,4015.1
4687507245097014144,28,11.2,3,0.1,1.2296,12.296,0.29271,2415.6,1.1029,-1474.4,0.02,55.174,0.89556,0.34157,-1448,0.055783,0.36381,-1454.1,3.4497,0.88214,0.93969,-0.088397,0.33012,6.1141,3890
4687507245097014144,28,11.2,3,0.25,3.0739,12.296,0.29271,3218.4,1.3462,-885.16,0.31512,15.656,1.0406,0.30892,-837.74,0.49297,0.34741,-888.62,2.9941,2.8457,1.6339,0.016619,0.33755,50.884,4103.6
4687507245097014144,67,11.2,0.3,0.1,2.9682,29.682,0.22745,13152,11.805,9302.8,0.02,1166,1.0377,4.1928,9300.6,0.80233,4.3011,9309.8,0.02,1140,1.0354,-0.0047645,4.1937,-9.2132,3848.9
4687507245097014144,67,11.2,0.3,0.25,7.4206,29.682,0.22745,13212,11.967,9287.1,0.02,1178.3,1.0386,4.1704,9285.3,0.80604,4.2793,9294.2,0.02,1152.3,1.0363,-0.0068616,4.1712,-8.8934,3924.7
4687507245097014144,67,11.2,0.7,0.1,2.9682,29.682,0.22745,13183,11.889,9298.6,0.02,1164,1.0334,4.1715,9297,0.81142,4.285,9305.6,0.02,1138,1.031,-0.0053223,4.1723,-8.6065,3884.4
4687507245097014144,67,11.2,0.7,0.25,7.4206,29.682,0.22745,13208,11.956,9308.6,0.02,1157.1,1.0332,4.1867,9307.2,0.80945,4.2989,9315.6,0.02,1131.9,1.0309,-0.0094014,4.1875,-8.4067,3899.3
4687507245097014144,67,11.2,1.5,0.1,2.9682,29.682,0.22745,13138,11.769,9282.9,0.02,1133.8,1.0309,4.1645,9281.6,0.80447,4.2774,9290,0.02,1108.5,1.0285,-0.010019,4.1654,-8.3517,3855.1
4687507245097014144,67,11.2,1.5,0.25,7.4206,29.682,0.22745,13232,12.022,9280.7,0.027193,943.27,1.0587,4.1668,9277.2,0.80858,4.2671,9287.7,0.023477,1056.5,1.0524,0.0052699,4.1662,-10.505,3951.5
4687507245097014144,67,11.2,3,0.1,2.9682,29.682,0.22745,13173,11.861,9299.6,0.021396,1113.4,1.0407,4.1828,9297.3,0.80772,4.2903,9306.6,0.02,1158,1.0367,-0.0011824,4.1831,-9.3234,3873
4687507245097014144,67,11.2,3,0.25,7.4206,29.682,0.22745,13172,11.86,9384.6,0.065781,407.15,1.039,4.1497,9387.4,0.88052,4.2848,9391.2,5.0605,7.7388,2.8381,0.75319,4.2466,-3.8442,3787.6
4687508413319210368,27,13.4,0.3,0.1,0.09873,0.9873,0.71455,-7251.4,0.093777,-7562.1,1.9812,0.23745,3.4061,0.081379,-7536.8,-0.19596,0.082575,-7561.3,2.3286,0.15175,10,-0.53219,0.081643,24.45,310.73
4687508413319210368,27,13.4,0.3,0.25,0.24683,0.9873,0.71455,-7193.8,0.095175,-7556.2,1.5165,0.2972,2.132,0.081143,-7536.6,-0.1859,0.082494,-7558.2,2.3216,0.1501,10,-0.48922,0.081619,21.538,362.41
4687508413319210368,27,13.4,0.7,0.1,0.09873,0.9873,0.71455,-7252.5,0.09375,-7559.1,2.1273,0.21177,10,0.081828,-7529.4,-0.17417,0.082553,-7555.4,2.2946,0.16019,10,-0.56062,0.081745,25.99,306.57
4687508413319210368,27,13.4,0.7,0.25,0.24683,0.9873,0.71455,-7163,0.095933,-7546,2.1006,0.23403,10,0.081763,-7518.6,-0.13156,0.082412,-7545.1,2.2691,0.16746,10,-0.49433,0.081695,26.536,383.01
4687508413319210368,27,13.4,1.5,0.1,0.09873,0.9873,0.71455,-7187.5,0.09533,-7540.8,2.121,0.22775,8.2063,0.081935,-7512.3,-0.13538,0.082586,-7537.8,2.2833,0.16867,10,-0.527,0.081905,25.531,353.31
4687508413319210368,27,13.4,1.5,0.25,0.24683,0.9873,0.71455,-6760.5,0.1064,-7467.8,1.6487,0.38936,2.5478,0.081471,-7441.9,0.037399,0.08239,-7461.2,2.3925,0.22524,4.5189,-0.34426,0.081747,19.327,707.26
4687508413319210368,27,13.4,3,0.1,0.09873,0.9873,0.71455,-7154.3,0.096148,-7510.4,2.2423,0.22679,7.2238,0.08234,-7468.1,-0.079336,0.083042,-7505.9,2.3953,0.17421,10,-0.54502,0.082365,37.822,356.08
4687508413319210368,27,13.4,3,0.25,0.24683,0.9873,0.71455,-6562.3,0.11196,-7281.3,2.4332,0.35804,1.8734,0.081437,-7166.3,0.25543,0.085882,-7274.2,3.3776,0.26303,2.3628,-0.4452,0.081718,107.89,719.07
4687508413319210368,28,13.4,0.3,0.1,0.17538,1.7538,0.28674,-6974.3,0.10719,-7578.1,0.87666,0.51059,1.9823,0.086742,-7586,-0.15377,0.086402,-7570.9,1.2753,0.29951,2.9261,-0.40109,0.086798,-15.021,603.82
4687508413319210368,28,13.4,0.3,0.25,0.43846,1.7538,0.28674,-6829.1,0.11112,-7571.1,0.77162,0.60505,1.9517,0.086746,-7580.8,-0.13674,0.0863,-7567.6,1.1357,0.26355,10,-0.25677,0.086757,-13.245,742
4687508413319210368,28,13.4,0.7,0.1,0.17538,1.7538,0.28674,-6957.6,0.10763,-7576.7,0.93421,0.49873,2.1103,0.086749,-7583.7,-0.14202,0.086304,-7569.4,1.276,0.31147,3.1176,-0.40424,0.08679,-14.268,619.09
4687508413319210368,28,13.4,0.7,0.25,0.43846,1.7538,0.28674,-6732,0.11383,-7546.5,0.94142,0.57367,2.1808,0.086828,-7552.4,-0.08208,0.086192,-7537.6,1.0077,0.49644,2.3386,-0.47213,0.086767,-14.829,814.43
4687508413319210368,28,13.4,1.5,0.1,0.17538,1.7538,0.28674,-6951,0.10781,-7564.6,0.99895,0.48434,1.9442,0.086486,-7569.8,-0.11658,0.086283,-7556.4,1.3059,0.34061,2.3618,-0.45295,0.086528,-13.374,613.65
4687508413319210368,28,13.4,1.5,0.25,0.43846,1.7538,0.28674,-6018,0.13591,-7375,1.3968,0.65729,2.2524,0.086898,-7365.9,0.16773,0.085843,-7365.9,1.4456,0.6216,2.3205,-0.49664,0.086896,0.088807,1357
4687508413319210368,28,13.4,3,0.1,0.17538,1.7538,0.28674,-6751.6,0.11328,-7404.1,1.5543,0.42804,1.6271,0.086636,-7384.1,0.062463,0.087683,-7398.1,2.4662,0.28238,2.1272,-0.44703,0.086931,13.972,652.58
4687508413319210368,28,13.4,3,0.25,0.43846,1.7538,0.28674,-5734.2,0.14583,-7086.8,2.2958,0.56158,1.8618,0.087049,-7038.6,0.38243,0.087536,-7078.1,2.4956,0.51784,1.944,-0.49072,0.08714,39.557,1352.7
4687508413319210368,67,13.4,0.3,0.1,0.27977,2.7977,0.22745,-1368.6,0.44468,-7326.4,0.02,105.72,1.3763,0.10233,-7309.1,0.20932,0.101,-7325.8,0.31922,5.7079,4.0739,0.099035,0.10215,16.656,5957.8
4687508413319210368,67,13.4,0.3,0.25,0.69943,2.7977,0.22745,-1385.9,0.44296,-7274.5,0.02,97.965,1.3432,0.10281,-7262.9,0.22426,0.10172,-7273.9,0.3374,5.2956,4.6403,0.13026,0.10277,11.053,5888.6
4687508413319210368,67,13.4,0.7,0.1,0.27977,2.7977,0.22745,-1395.1,0.44203,-7328.5,0.02,98.678,1.36,0.10222,-7312.8,0.20716,0.10098,-7327.4,0.312,5.7457,4.0317,0.10068,0.10211,14.601,5933.4
4687508413319210368,67,13.4,0.7,0.25,0.69943,2.7977,0.22745,-1382.5,0.4433,-7344.7,0.034948,55.314,1.3918,0.10131,-7330.6,0.22363,0.099986,-7343.1,0.34477,5.2887,4.0984,0.12461,0.10104,12.416,5962.2
4687508413319210368,67,13.4,1.5,0.1,0.27977,2.7977,0.22745,-1305,0.45112,-7307.5,0.02,96.387,1.3379,0.10186,-7295.4,0.22684,0.10079,-7305.7,0.31027,5.7154,4.8882,0.1417,0.10175,10.302,6002.6
4687508413319210368,67,13.4,1.5,0.25,0.69943,2.7977,0.22745,-1147.6,0.46742,-7044.9,0.10035,16.155,1.3295,0.10368,-7051.7,0.33719,0.10321,-7040.6,0.34315,4.6429,5.6,0.30694,0.10365,-11.087,5897.2
4687508413319210368,67,13.4,3,0.1,0.27977,2.7977,0.22745,-1313.4,0.45026,-7134.8,0.02,63.381,1.1801,0.10123,-7137,0.31192,0.10192,-7127,0.02,61.742,1.183,-0.25139,0.10132,-9.9991,5821.4
4687508413319210368,67,13.4,3,0.25,0.69943,2.7977,0.22745,-1058,0.47697,-6621.9,0.19427,8.3776,1.1785,0.10032,-6623.5,0.57039,0.10308,-6628.4,4.5021,0.38939,2.8984,0.38953,0.10413,4.882,5563.9
4687508413319210368,68,13.4,0.3,0.1,0.30114,3.0114,0.30046,-7250.5,0.11637,-8141.7,1.6113,0.4513,2.2181,0.086466,-8137.9,-0.31603,0.085117,-8130.8,1.8015,0.3788,2.4853,-0.72602,0.086316,-7.1845,891.13
4687508413319210368,68,13.4,0.3,0.25,0.75284,3.0114,0.30046,-7116.1,0.11999,-8145.4,1.2538,0.55373,1.897,0.086172,-8149,-0.32039,0.084983,-8137.9,1.8948,0.32162,2.7514,-0.56105,0.085944,-11.14,1029.3
4687508413319210368,68,13.4,0.7,0.1,0.30114,3.0114,0.30046,-7121.3,0.11985,-8123.3,1.6108,0.48017,2.2931,0.086537,-8118.5,-0.29317,0.08496,-8112.7,1.7973,0.40308,2.6017,-0.70051,0.086361,-5.8233,1002
4687508413319210368,68,13.4,0.7,0.25,0.75284,3.0114,0.30046,-6300.3,0.14445,-8068.1,0.86183,0.93967,1.7355,0.086362,-8073.7,-0.24709,0.084675,-8060.3,1.378,0.49559,2.5235,-0.41594,0.085794,-13.41,1767.8
4687508413319210368,68,13.4,1.5,0.1,0.30114,3.0114,0.30046,-6997.5,0.12327,-8100.6,1.6613,0.50137,2.2353,0.08626,-8095,-0.26273,0.084651,-8089.8,1.8347,0.43023,2.463,-0.70145,0.086093,-5.1751,1103.1
4687508413319210368,68,13.4,1.5,0.25,0.75284,3.0114,0.30046,-5897.6,0.15831,-7824.9,1.638,0.76355,1.8513,0.086245,-7818.7,-0.062603,0.083768,-7814.9,1.752,0.69506,1.9322,-0.60201,0.086151,-3.8118,1927.3
4687508413319210368,68,13.4,3,0.1,0.30114,3.0114,0.30046,-6459.7,0.13931,-7858.1,1.7433,0.60853,1.7179,0.08657,-7849.2,-0.11096,0.085108,-7846.8,1.7836,0.58182,1.7355,-0.75054,0.086512,-2.3863,1398.4
4687508413319210368,68,13.4,3,0.25,0.75284,3.0114,0.30046,-4730.1,0.20647,-7276,2.8855,0.80397,2.0141,0.086869,-7225.1,0.20667,0.081598,-7267.3,3.139,0.73067,2.1237,-0.51234,0.086965,42.154,2545.8
4687513910877142528,27,14.1,0.3,0.1,0.05448,0.5448,0.71455,-6729.3,0.10725,-7522.7,2.4048,0.32542,4.5214,0.079472,-7455.7,0.46803,0.079885,-7514,2.4531,0.31329,4.7164,-0.49676,0.079481,58.315,793.46
4687513910877142528,27,14.1,0.3,0.25,0.1362,0.5448,0.71455,-6708.5,0.10783,-7520.5,2.3776,0.33167,4.4269,0.079472,-7455.3,0.46877,0.079882,-7512,2.4377,0.31659,4.6643,-0.46643,0.079484,56.685,812.02
4687513910877142528,27,14.1,0.7,0.1,0.05448,0.5448,0.71455,-6709.7,0.1078,-7519.9,2.3811,0.33137,4.3927,0.079471,-7454.4,0.46911,0.079897,-7511.3,2.4378,0.31723,4.616,-0.47579,0.079484,56.865,810.22
4687513910877142528,27,14.1,0.7,0.25,0.1362,0.5448,0.71455,-6781.5,0.10582,-7528.2,2.4634,0.3111,4.6834,0.079474,-7457,0.46428,0.079906,-7519.1,2.497,0.30282,4.8248,-0.54813,0.07948,62.05,746.75
4687513910877142528,27,14.1,1.5,0.1,0.05448,0.5448,0.71455,-6724.6,0.10738,-7519.2,2.4194,0.32454,4.6127,0.079538,-7451.4,0.4706,0.079944,-7510.4,2.466,0.31282,4.8093,-0.50024,0.079546,59.068,794.63
4687513910877142528,27,14.1,1.5,0.25,0.1362,0.5448,0.71455,-6582.5,0.11138,-7489.5,2.2221,0.37415,3.3818,0.079535,-7429.6,0.48568,0.080215,-7481,2.2937,0.35686,3.5762,-0.4524,0.079579,51.415,906.98
4687513910877142528,27,14.1,3,0.1,0.05448,0.5448,0.71455,-6697.3,0.10814,-7509.7,2.4637,0.32627,4.6311,0.079569,-7437.8,0.4901,0.079969,-7500.9,2.5079,0.31527,4.8225,-0.50517,0.079579,63.111,812.45
4687513910877142528,27,14.1,3,0.25,0.1362,0.5448,0.71455,-6580.6,0.11143,-7445.3,2.4861,0.36019,2.7113,0.079179,-7354.2,0.56955,0.080644,-7435.8,2.4976,0.35712,2.7046,-0.58466,0.079165,81.643,864.65
4687513910877142528,28,14.1,0.3,0.1,0.12636,1.2636,0.28674,-6353.9,0.12504,-6813.7,0.81713,0.49516,10,0.10775,-6808.2,-0.022459,0.10613,-6806.8,0.82065,0.44565,10,-0.4128,0.10727,-1.3669,459.77
4687513910877142528,28,14.1,0.3,0.25,0.3159,1.2636,0.28674,-6342.3,0.1254,-6809.2,0.86129,0.48499,8.7666,0.1077,-6808.7,-0.019048,0.10607,-6803.8,0.82895,0.43292,10,-0.33519,0.10712,-4.8861,466.9
4687513910877142528,28,14.1,0.7,0.1,0.12636,1.2636,0.28674,-6333,0.12569,-6805.9,0.84523,0.48986,10,0.10786,-6806.4,-0.019628,0.10615,-6801,0.83228,0.42588,10,-0.32909,0.10719,-5.3449,472.89
4687513910877142528,28,14.1,0.7,0.25,0.3159,1.2636,0.28674,-6280.1,0.12735,-6792.5,0.8884,0.4987,9.452,0.10799,-6787.1,0.025573,0.10607,-6785.6,0.85336,0.47284,10,-0.35395,0.10745,-1.5384,512.42
4687513910877142528,28,14.1,1.5,0.1,0.12636,1.2636,0.28674,-6326.3,0.1259,-6773.8,0.24406,1.0405,0.95443,0.10357,-6781.1,0.013761,0.1064,-6771.3,16.761,0.060227,3.5942,-0.01969,0.10147,-9.7763,447.44
4687513910877142528,28,14.1,1.5,0.25,0.3159,1.2636,0.28674,-5898.7,0.14,-6701.1,0.1001,2.1933,0.85925,0.10171,-6701,0.15669,0.10638,-6695.2,0.13056,0.68877,0.57571,0.01436,0.098034,-5.78,802.38
4687513910877142528,28,14.1,3,0.1,0.12636,1.2636,0.28674,-6158,0.13127,-6721,0.17692,1.3142,0.84693,0.1016,-6717.5,0.094682,0.10698,-6716.1,9.4267,0.099228,1.7694,0.010943,0.10156,-1.3922,562.99
4687513910877142528,28,14.1,3,0.25,0.3159,1.2636,0.28674,-5908.4,0.13966,-6558.6,1.8326,0.50008,1.2802,0.10163,-6500.6,0.40607,0.1063,-6552.7,3.1362,0.34243,1.6747,-0.26767,0.10294,52.077,650.11
4687513910877142528,67,14.1,0.3,0.1,0.2241,2.241,0.20892,-1405.6,0.43749,-5280.9,1.0938,2.9843,1.8245,0.14323,-5268.7,0.72947,0.13907,-5273.8,1.1344,2.8557,1.8505,-0.083606,0.14323,5.0955,3875.3
4687513910877142528,67,14.1,0.3,0.25,0.56026,2.241,0.20892,-1386.9,0.43939,-5302.8,1.0693,3.0367,1.8125,0.14243,-5291.2,0.72702,0.13837,-5295.7,1.1128,2.8944,1.8401,-0.070758,0.14244,4.4895,3915.9
4687513910877142528,67,14.1,0.7,0.1,0.2241,2.241,0.20892,-1374.5,0.44066,-5267.4,1.0978,3.002,1.8315,0.14365,-5254.6,0.73217,0.13942,-5260.3,1.1406,2.8672,1.8591,-0.075908,0.14366,5.6952,3892.9
4687513910877142528,67,14.1,0.7,0.25,0.56026,2.241,0.20892,-1474.7,0.43056,-5289.2,1.1814,2.8073,1.8801,0.14305,-5273.2,0.73201,0.13868,-5282.1,1.2237,2.6903,1.9077,-0.095957,0.14305,8.8412,3814.5
4687513910877142528,67,14.1,1.5,0.1,0.2241,2.241,0.20892,-1401.7,0.43789,-5275.7,1.0887,2.9921,1.7971,0.14279,-5264.2,0.73524,0.13877,-5268.8,1.1464,2.8177,1.8314,-0.044614,0.14282,4.6258,3874.1
4687513910877142528,67,14.1,1.5,0.25,0.56026,2.241,0.20892,-1203.1,0.45848,-5271.3,1.0601,3.1927,1.7763,0.14156,-5260,0.75145,0.13752,-5264.3,1.1124,3.018,1.8063,-0.037332,0.14159,4.3234,4068.2
4687513910877142528,67,14.1,3,0.1,0.2241,2.241,0.20892,-1344.7,0.44371,-5234.8,1.1558,2.9318,1.8412,0.14386,-5220.4,0.74699,0.13954,-5227.9,1.2155,2.7651,1.8772,-0.04588,0.14389,7.4672,3890.1
4687513910877142528,67,14.1,3,0.25,0.56026,2.241,0.20892,-1104.2,0.46908,-5041.5,1.1462,3.1297,1.6977,0.14535,-5028.6,0.8096,0.14167,-5034.2,1.1706,3.0512,1.7086,-0.12706,0.14536,5.5798,3937.3
4687513910877142528,68,14.1,0.3,0.1,0.20006,2.0006,0.30046,-1459,0.43453,-6824.5,1.0563,3.1026,1.6946,0.091758,-6786.6,0.48095,0.084522,-6817,1.0783,3.0138,1.7183,-0.18655,0.091557,30.383,5365.5
4687513910877142528,68,14.1,0.3,0.25,0.50015,2.0006,0.30046,-1464.6,0.43398,-6854,1.0545,3.1022,1.7043,0.0914,-6814.1,0.4767,0.084168,-6846.5,1.0776,3.0107,1.7292,-0.18703,0.091194,32.359,5389.4
4687513910877142528,68,14.1,0.7,0.1,0.20006,2.0006,0.30046,-1424.9,0.43792,-6810.3,1.0514,3.1348,1.691,0.091894,-6772.6,0.48384,0.084622,-6802.8,1.0738,3.0441,1.7146,-0.18315,0.091694,30.212,5385.4
4687513910877142528,68,14.1,0.7,0.25,0.50015,2.0006,0.30046,-1419.5,0.43846,-6794.4,1.0601,3.1311,1.6929,0.092108,-6756.1,0.48738,0.084721,-6786.9,1.0803,3.0476,1.7156,-0.18443,0.091909,30.816,5374.9
4687513910877142528,68,14.1,1.5,0.1,0.20006,2.0006,0.30046,-1394.4,0.44097,-6815.1,1.0342,3.1894,1.6846,0.091681,-6777.3,0.4845,0.084402,-6807.6,1.055,3.1007,1.7077,-0.18221,0.09148,30.296,5420.7
4687513910877142528,68,14.1,1.5,0.25,0.50015,2.0006,0.30046,-1352.8,0.44516,-6779.9,1.1055,3.1163,1.7329,0.092489,-6734.1,0.49375,0.084656,-6772.4,1.1237,3.0437,1.7556,-0.19293,0.09228,38.359,5427.1
4687513910877142528,68,14.1,3,0.1,0.20006,2.0006,0.30046,-1435.9,0.43682,-6804.5,1.0704,3.0984,1.7019,0.092092,-6765.6,0.48511,0.084688,-6797.1,1.0942,3.0063,1.7271,-0.17902,0.091887,31.441,5368.6
4687513910877142528,68,14.1,3,0.25,0.50015,2.0006,0.30046,-1207.6,0.4601,-6707.5,1.1691,3.0811,1.7037,0.091262,-6668.8,0.51997,0.083496,-6699.9,1.1918,3.0002,1.7219,-0.20323,0.091089,31.066,5499.8
4688962517474878720,27,13.5,0.3,0.1,0.070036,0.70036,0.92175,-5119.5,0.16227,-5459.6,0.2612,1.1717,0.97018,0.1385,-5460.7,-0.038579,0.14228,-5451.8,0.1039,1.5579,0.80634,-0.35424,0.13784,-8.9098,340.14
4688962517474878720,27,13.5,0.3,0.25,0.17509,0.70036,0.92175,-5128.8,0.16188,-5458.8,0.32234,1.0448,1.0058,0.13866,-5460.3,-0.040379,0.14232,-5451.1,0.12506,1.3541,0.80676,-0.32874,0.13784,-9.2784,329.94
4688962517474878720,27,13.5,0.7,0.1,0.070036,0.70036,0.92175,-5112.6,0.16255,-5456.6,0.31602,1.0764,1.0099,0.13867,-5458.1,-0.032741,0.1423,-5448.8,0.14166,1.3283,0.83158,-0.33447,0.13798,-9.2529,343.98
4688962517474878720,27,13.5,0.7,0.25,0.17509,0.70036,0.92175,-5101.5,0.16302,-5453.3,0.38417,0.98954,1.0525,0.13871,-5454.3,-0.021221,0.14229,-5445.6,0.19687,1.1393,0.86446,-0.32095,0.13802,-8.7579,351.8
4688962517474878720,27,13.5,1.5,0.1,0.070036,0.70036,0.92175,-5102.3,0.16299,-5456.6,0.24723,1.2266,0.96548,0.13848,-5457.3,-0.030043,0.1423,-5448.7,0.096784,1.669,0.8086,-0.35705,0.13785,-8.5897,354.36
4688962517474878720,27,13.5,1.5,0.25,0.17509,0.70036,0.92175,-5045.6,0.16538,-5437.5,0.42596,0.99065,1.0764,0.13868,-5437.1,0.011816,0.14248,-5429.7,0.31937,0.98668,0.95138,-0.33025,0.13826,-7.418,391.93
4688962517474878720,27,13.5,3,0.1,0.070036,0.70036,0.92175,-5094.2,0.16333,-5441.4,0.21572,1.2786,0.89637,0.13789,-5437.3,-0.026738,0.14302,-5433.3,0.10676,1.5451,0.77773,-0.3845,0.13722,-3.9561,347.17
4688962517474878720,27,13.5,3,0.25,0.17509,0.70036,0.92175,-4996.5,0.16748,-5398,0.51481,0.91252,1.0147,0.13772,-5383,0.045173,0.14407,-5389.9,0.55232,0.79148,0.97209,-0.3631,0.13747,6.9552,401.54
4688962517474878720,28,13.5,0.3,0.1,0.12965,1.2965,0.28674,-5507.4,0.15428,-7040.5,1.3578,0.70458,8.0264,0.097921,-6983.5,0.33491,0.094511,-7037.3,1.2356,0.72323,10,-0.051575,0.096751,53.855,1533
4688962517474878720,28,13.5,0.3,0.25,0.32414,1.2965,0.28674,-5507.8,0.15426,-7050.7,1.3487,0.7077,8.1218,0.097702,-6989.7,0.33181,0.094429,-7047,1.2305,0.72726,10,-0.075075,0.09667,57.311,1542.9
4688962517474878720,28,13.5,0.7,0.1,0.12965,1.2965,0.28674,-5468.2,0.15579,-7030.3,1.377,0.71298,7.4759,0.097971,-6977,0.34114,0.094518,-7027.7,1.2256,0.73541,10,-0.0071816,0.096654,50.697,1562.1
4688962517474878720,28,13.5,0.7,0.25,0.32414,1.2965,0.28674,-5511,0.15414,-7063.7,1.3513,0.70435,8.7965,0.097432,-6992.8,0.33373,0.094297,-7057.1,1.2944,0.70823,10,-0.17962,0.096766,64.299,1552.7
4688962517474878720,28,13.5,1.5,0.1,0.12965,1.2965,0.28674,-5459.3,0.15613,-7022.6,1.3828,0.70912,8.2123,0.098228,-6967.5,0.35042,0.094522,-7018.3,1.305,0.71116,10,-0.055997,0.097024,50.783,1563.3
4688962517474878720,28,13.5,1.5,0.25,0.32414,1.2965,0.28674,-5277.4,0.16335,-6912.5,1.4487,0.81073,2.5688,0.09709,-6898.1,0.40308,0.094873,-6904.5,1.4694,0.78825,2.6331,-0.35626,0.097078,6.3846,1635.2
4688962517474878720,28,13.5,3,0.1,0.12965,1.2965,0.28674,-5365.3,0.15982,-6949.4,1.3909,0.79628,2.9269,0.097431,-6929.8,0.37543,0.094831,-6941.4,1.3924,0.78058,3.089,-0.3145,0.097459,11.59,1584.1
4688962517474878720,28,13.5,3,0.25,0.32414,1.2965,0.28674,-4838.2,0.18216,-6734.6,1.1088,1.1208,1.562,0.095493,-6727.8,0.51209,0.09588,-6726.4,1.0984,1.118,1.5549,-0.3639,0.09546,-1.435,1896.4
4688962517474878720,67,13.5,0.3,0.1,0.31265,3.1265,0.20892,-1961.7,0.38899,-3608.1,1.1604,2.0742,3.3218,0.24724,-3586.1,0.41407,0.24098,-3625.5,1.1319,1.7505,10,0.11224,0.2457,39.478,1646.5
4688962517474878720,67,13.5,0.3,0.25,0.78162,3.1265,0.20892,-1926.8,0.39206,-3617.7,1.1416,1.9553,10,0.25129,-3586.7,0.41295,0.24101,-3627.5,1.1237,1.7888,10,0.099327,0.24582,40.774,1690.9
4688962517474878720,67,13.5,0.7,0.1,0.31265,3.1265,0.20892,-2042.8,0.38194,-3611.4,1.1672,2.0054,3.2807,0.2473,-3590.7,0.40722,0.24112,-3629,1.1322,1.7138,10,0.095346,0.24599,38.298,1568.6
4688962517474878720,67,13.5,0.7,0.25,0.78162,3.1265,0.20892,-1787.6,0.40458,-3586,1.1188,2.2818,2.8305,0.24647,-3565.6,0.43265,0.24105,-3603.5,1.1286,1.8307,10,0.16051,0.24562,37.916,1798.4
4688962517474878720,67,13.5,1.5,0.1,0.31265,3.1265,0.20892,-1975.9,0.38774,-3593.5,1.1859,2.0624,2.7627,0.24599,-3574.2,0.42625,0.24093,-3605.9,1.142,1.7068,10,0.17642,0.24533,31.666,1617.6
4688962517474878720,67,13.5,1.5,0.25,0.78162,3.1265,0.20892,-1891.1,0.39524,-3563.3,1.2137,2.1034,2.6067,0.24617,-3544.6,0.44961,0.24121,-3555.5,1.2329,2.0371,2.691,-0.27182,0.24613,10.905,1672.2
4688962517474878720,67,13.5,3,0.1,0.31265,3.1265,0.20892,-1821.8,0.40146,-3566.6,1.1471,2.2206,2.7987,0.24733,-3549.1,0.44094,0.24151,-3578.1,1.1486,1.7557,10,0.21337,0.24571,29.003,1744.8
4688962517474878720,67,13.5,3,0.25,0.78162,3.1265,0.20892,-1518.2,0.42993,-3293.8,1.4311,2.188,1.7388,0.24612,-3274.7,0.61685,0.2448,-3285.9,1.4814,2.1071,1.7622,-0.28901,0.24619,11.222,1775.6
4688962517474878720,68,13.5,0.3,0.1,0.21656,2.1656,0.30046,-4805.8,0.20295,-6199.4,1.3881,0.98281,1.8797,0.13063,-6197.3,0.12321,0.12778,-6191.8,1.6095,0.81142,2.1375,-0.30062,0.13066,-5.5728,1393.6
4688962517474878720,68,13.5,0.3,0.25,0.54139,2.1656,0.30046,-4568.1,0.21422,-6190,1.0898,1.2212,1.7012,0.13031,-6193.8,0.12673,0.12773,-6185.4,2.0043,0.46023,10,0.021667,0.12954,-8.4004,1621.9
4688962517474878720,68,13.5,0.7,0.1,0.21656,2.1656,0.30046,-4794.9,0.20345,-6194.3,1.4081,0.97904,1.8998,0.13076,-6191.6,0.12617,0.12783,-6186.7,1.6218,0.81433,2.1546,-0.30528,0.13078,-4.9267,1399.4
4688962517474878720,68,13.5,0.7,0.25,0.54139,2.1656,0.30046,-4612.3,0.21208,-6189.2,1.2826,1.1054,1.8514,0.13038,-6188,0.13923,0.1273,-6183.7,1.9514,0.51659,10,0.018236,0.12945,-4.3244,1576.8
4688962517474878720,68,13.5,1.5,0.1,0.21656,2.1656,0.30046,-4730.9,0.20643,-6167.4,1.4428,0.98896,1.8689,0.13081,-6164,0.14236,0.12795,-6159.8,1.6604,0.82776,2.0814,-0.31124,0.13082,-4.1809,1436.4
4688962517474878720,68,13.5,1.5,0.25,0.54139,2.1656,0.30046,-4319.6,0.22668,-6066.8,1.3756,1.1736,1.7262,0.13065,-6064,0.2077,0.12777,-6059.3,1.6044,0.97478,1.8797,-0.24957,0.13066,-4.6867,1747.1
4688962517474878720,68,13.5,3,0.1,0.21656,2.1656,0.30046,-4701.8,0.2078,-6132.8,1.4618,0.99168,1.7279,0.13029,-6129.9,0.16406,0.12798,-6125.2,1.7249,0.81874,1.9008,-0.30721,0.13039,-4.6968,1430.9
4688962517474878720,68,13.5,3,0.25,0.54139,2.1656,0.30046,-4104.5,0.23805,-5925.6,1.9797,1.0383,1.7856,0.1296,-5908.2,0.30644,0.12663,-5917.6,2.1481,0.94817,1.8581,-0.36251,0.12962,9.323,1821.1
4688967289176997504,28,12.3,0.3,0.1,0.34019,3.4019,0.29271,-776.94,0.49927,-5764.6,0.02,71.133,1.2667,0.12919,-5743.8,0.074483,0.12814,-5764.6,0.26391,7.0226,10,-0.053045,0.12981,20.853,4987.7
4688967289176997504,28,12.3,0.3,0.25,0.85048,3.4019,0.29271,-701.66,0.50869,-5743.5,0.02,70.097,1.2586,0.12964,-5722.4,0.081756,0.12864,-5742.1,0.26874,6.9965,10,-0.043922,0.13034,19.695,5041.9
4688967289176997504,28,12.3,0.7,0.1,0.34019,3.4019,0.29271,-866.61,0.48828,-5773.1,0.02,78.173,1.2919,0.12916,-5753.5,0.069092,0.12798,-5772.5,0.26593,6.7792,10,-0.049495,0.12946,18.926,4906.5
4688967289176997504,28,12.3,0.7,0.25,0.85048,3.4019,0.29271,-611.92,0.52015,-5707.5,0.02,71.504,1.2262,0.12837,-5696.2,0.12092,0.12811,-5702.5,0.26409,6.9699,10,0.042114,0.12926,6.2825,5095.6
4688967289176997504,28,12.3,1.5,0.1,0.34019,3.4019,0.29271,-700.94,0.50878,-5712.2,0.02,71.665,1.246,0.12961,-5696.3,0.099269,0.12894,-5709.7,0.2697,6.874,10,-0.0046861,0.13041,13.422,5011.2
4688967289176997504,28,12.3,1.5,0.25,0.85048,3.4019,0.29271,-657.78,0.51426,-5594.5,0.02,60.39,1.1127,0.12423,-5598.4,0.23584,0.12665,-5586.8,0.022634,52.845,1.1318,-0.17589,0.12489,-11.558,4936.7
4688967289176997504,28,12.3,3,0.1,0.34019,3.4019,0.29271,-772.78,0.49979,-5612.7,0.02,43.969,1.0753,0.12667,-5602,0.17438,0.12934,-5603.7,0.02,43.031,1.0758,-0.47748,0.12678,1.7038,4839.9
4688967289176997504,28,12.3,3,0.25,0.85048,3.4019,0.29271,-328.85,0.55802,-5189.1,0.02,41.324,0.93722,0.11631,-5157.9,0.46336,0.12955,-5181.3,0.02,39.157,0.92977,-0.27848,0.11629,23.438,4860.3
4688967289176997504,68,12.3,0.3,0.1,1.0816,10.816,0.39049,9228.4,4.9416,4258.4,0.21798,84.599,1.0909,1.0408,4248.5,0.72161,1.0688,4265.3,17.31,0.64383,10,0.70082,1.0564,-16.867,4970
4688967289176997504,68,12.3,0.3,0.25,2.704,10.816,0.39049,9266.8,4.9849,4251,0.20663,88.283,1.0874,1.0384,4241.2,0.72099,1.0669,4258,0.20282,87.804,1.0849,-0.0077204,1.0385,-16.78,5015.8
4688967289176997504,68,12.3,0.7,0.1,1.0816,10.816,0.39049,9230.5,4.9439,4260.4,0.21672,84.903,1.09,1.0411,4250.4,0.72165,1.0694,4267.3,17.317,0.64446,10,0.70082,1.0571,-16.853,4970.2
4688967289176997504,68,12.3,0.7,0.25,2.704,10.816,0.39049,9243.2,4.9582,4260.1,0.21265,86.026,1.0869,1.0383,4250.3,0.72274,1.068,4267.1,17.31,0.64756,10,0.70169,1.0557,-16.798,4983.1
4688967289176997504,68,12.3,1.5,0.1,1.0816,10.816,0.39049,9274.1,4.9932,4264.4,0.20949,87.662,1.0876,1.0395,4254.6,0.7236,1.0684,4271.4,0.20571,87.164,1.0852,-0.0074367,1.0396,-16.792,5009.8
4688967289176997504,68,12.3,1.5,0.25,2.704,10.816,0.39049,9251.4,4.9674,4271.5,0.23094,81.797,1.0954,1.0384,4261.4,0.72747,1.0659,4278.3,17.318,0.64551,10,0.7068,1.0539,-16.897,4979.9
4688967289176997504,68,12.3,3,0.1,1.0816,10.816,0.39049,9251.6,4.9676,4283.2,0.2136,85.729,1.086,1.0444,4273.4,0.7242,1.0747,4289.9,17.261,0.66468,10,0.70229,1.0618,-16.463,4968.4
4688967289176997504,68,12.3,3,0.25,2.704,10.816,0.39049,9283.6,5.004,4275.4,0.2933,71.403,1.1354,1.0477,4264.4,0.73211,1.0608,4282.4,0.291,70.552,1.1342,-0.0017151,1.0477,-18.084,5008.1
4688967568356557440,27,10.7,0.3,0.1,1.1688,11.688,0.81815,-2491.1,0.31903,-4014.1,0.02,26.614,1.0326,0.19822,-3998,-0.82369,0.20237,-3998.9,0.02,22.402,1.0245,-1.1544,0.19897,0.83767,1523
4688967568356557440,27,10.7,0.3,0.25,2.922,11.688,0.81815,-2642.3,0.30686,-4033.1,0.12035,6.5499,1.2084,0.19871,-4026.9,-0.84402,0.20129,-4019,0.02,23.707,1.0632,-1.0897,0.19884,-7.9415,1390.8
4688967568356557440,27,10.7,0.7,0.1,1.1688,11.688,0.81815,-2633.6,0.30755,-3995.8,0.1148,6.3403,1.1124,0.19791,-3986.8,-0.80814,0.20261,-3981.9,0.02,17.836,0.95223,-1.0685,0.19759,-4.896,1362.2
4688967568356557440,27,10.7,0.7,0.25,2.922,11.688,0.81815,-1339.6,0.42899,-3761.7,0.45771,4.3538,1.4347,0.20027,-3753.1,-0.50044,0.20627,-3752.5,0.077152,8.714,0.98434,-0.68095,0.19772,-0.59837,2422.1
4688967568356557440,27,10.7,1.5,0.1,1.1688,11.688,0.81815,-2239.8,0.34033,-3829.3,0.5336,2.8145,1.2812,0.19697,-3796.7,-0.55851,0.20585,-3816.8,3.0676,0.54004,2.094,-0.76577,0.19883,20.094,1589.5
4688967568356557440,27,10.7,1.5,0.25,2.922,11.688,0.81815,-404.79,0.54559,-3443.6,1.4836,3.0695,1.9215,0.19893,-3356.4,-0.024219,0.206,-3434.5,2.1077,1.9673,2.13,-0.6012,0.1995,78.049,3038.8
4688967568356557440,27,10.7,3,0.1,1.1688,11.688,0.81815,-1448.3,0.41716,-3410.2,1.4938,2.1599,1.4402,0.19668,-3224,-0.034279,0.21477,-3405.6,4.1069,0.89332,2.3303,-0.71281,0.20127,181.55,1961.9
4688967568356557440,27,10.7,3,0.25,2.922,11.688,0.81815,1190.2,0.8223,-2538,2.1989,3.8857,1.7058,0.19861,-2205.3,0.57729,0.22447,-2532.7,3.3704,2.5383,1.968,-0.45424,0.20188,327.42,3728.2
4688967568356557440,28,10.7,0.3,0.1,2.462,24.62,0.28674,-2617.9,0.31612,-3549.6,1.114,1.551,1.5656,0.22489,-3540.3,-0.64175,0.22618,-3542.1,2.6892,0.63871,3.1828,-0.96456,0.22675,1.7914,931.7
4688967568356557440,28,10.7,0.3,0.25,6.1549,24.62,0.28674,-1207.2,0.44869,-3492.5,0.33686,5.2686,1.2373,0.21852,-3500.2,-0.51783,0.22122,-3483.6,1.9296,0.79145,1.8478,-0.635,0.22091,-16.603,2285.3
4688967568356557440,28,10.7,0.7,0.1,2.462,24.62,0.28674,-1704.9,0.39653,-3495.4,0.62429,3.1205,1.4521,0.22388,-3501.4,-0.5677,0.22436,-3490.6,3.6256,0.36392,10,-0.67355,0.22464,-10.788,1790.4
4688967568356557440,28,10.7,0.7,0.25,6.1549,24.62,0.28674,195.5,0.6356,-3207.1,0.81411,4.9575,1.7597,0.2287,-3211.2,-0.34021,0.22534,-3197.3,1.057,3.3119,1.9564,-0.59514,0.22814,-13.879,3402.6
4688967568356557440,28,10.7,1.5,0.1,2.462,24.62,0.28674,-104.15,0.59004,-3229.7,0.90475,4.2389,1.5934,0.22058,-3229.3,-0.29126,0.21916,-3227.3,2.223,1.5944,2.3531,-0.57321,0.2225,-1.9931,3125.6
4688967568356557440,28,10.7,1.5,0.25,6.1549,24.62,0.28674,2290.2,1.0691,-2245.8,1.8573,5.5507,2.2202,0.2543,-2198.6,0.053502,0.24154,-2237.2,2.0912,4.7516,2.3634,-0.53851,0.25403,38.602,4536
4688967568356557440,28,10.7,3,0.1,2.462,24.62,0.28674,-46.06,0.59861,-2637.5,4.0355,1.9758,2.5759,0.22713,-2519.2,0.04903,0.21657,-2626.8,4.589,1.6939,2.9069,-0.78402,0.22806,107.53,2591.4
4688967568356557440,28,10.7,3,0.25,6.1549,24.62,0.28674,3997,1.6333,-1042.8,2.329,7.7821,1.6946,0.22094,-970.63,0.468,0.20111,-1034,2.4775,7.2951,1.7235,-0.51518,0.22224,63.396,5039.8
4688967568356557440,67,10.7,0.3,0.1,3.9697,39.697,0.24598,-1887.8,0.39553,-4482.5,0.049798,19.033,1.0961,0.19578,-4488.7,-0.81603,0.19872,-4468.1,0.2475,2.3305,10,-0.82266,0.19885,-20.635,2594.7
4688967568356557440,67,10.7,0.3,0.25,9.9241,39.697,0.24598,635.67,0.69897,-3407.6,0.31419,9.137,1.2922,0.23052,-3413.4,-0.43142,0.23325,-3413,3.2506,0.67625,10,-0.5629,0.23631,-0.44578,4043.2
4688967568356557440,67,10.7,0.7,0.1,3.9697,39.697,0.24598,274.13,0.64421,-4123.2,0.3926,7.7072,1.4472,0.19839,-4133.9,-0.50178,0.19822,-4115.3,1.8014,1.005,2.2393,-0.58093,0.19904,-18.617,4397.3
4688967568356557440,67,10.7,0.7,0.25,9.9241,39.697,0.24598,2708.1,1.1157,-3525.1,0.57856,11.296,1.6123,0.20623,-3532.1,-0.22147,0.20213,-3518.2,3.2275,0.853,7.4126,-0.26682,0.20411,-13.876,6233.2
4688967568356557440,67,10.7,1.5,0.1,3.9697,39.697,0.24598,1350.1,0.82123,-3634.7,0.9795,6.039,1.6815,0.19949,-3626.4,-0.21827,0.19616,-3624.7,1.2564,4.4183,1.7931,-0.66111,0.19983,-1.6449,4984.8
4688967568356557440,67,10.7,1.5,0.25,9.9241,39.697,0.24598,5077.9,1.9044,-2447.2,1.1683,12.993,1.829,0.21621,-2413,0.13382,0.20213,-2442,1.5576,9.0237,1.9894,-0.30002,0.21643,29.004,7525.1
4688967568356557440,67,10.7,3,0.1,3.9697,39.697,0.24598,2247.9,1.0056,-2426.5,3.0538,4.0811,2.1023,0.21422,-2308.4,0.16778,0.1992,-2415.9,3.3067,3.7288,2.1778,-0.80701,0.21492,107.5,4674.4
4688967568356557440,67,10.7,3,0.25,9.9241,39.697,0.24598,5956,2.3216,-400.44,3.0933,9.431,1.9713,0.23092,-256.41,0.54838,0.18634,-398.21,3.801,7.4428,2.1149,-0.25819,0.23508,141.81,6356.4
4688967568356557440,68,10.7,0.3,0.1,4.0676,40.676,0.30046,-1675.9,0.41361,-4147.8,0.30459,5.0956,1.1541,0.19834,-4157.6,-0.89216,0.19837,-4136.6,0.76661,0.48945,3.3541,-0.89437,0.19845,-20.999,2471.8
4688967568356557440,68,10.7,0.3,0.25,10.169,40.676,0.30046,1174.7,0.79106,-3971.8,0.02,89.028,1.0594,0.19296,-3965.6,-0.74034,0.19266,-3961.3,0.2182,12.315,2.3131,-0.77875,0.19483,-4.3411,5146.5
4688967568356557440,68,10.7,0.7,0.1,4.0676,40.676,0.30046,-824.86,0.50196,-4035,0.35152,6.0443,1.2521,0.2004,-4043.9,-0.82338,0.19793,-4024,0.15081,5.0659,10,-0.82693,0.19809,-19.955,3210.2
4688967568356557440,68,10.7,0.7,0.25,10.169,40.676,0.30046,3151.1,1.2401,-2877.8,0.36104,16.594,1.3435,0.22377,-2871.3,-0.46346,0.21224,-2872.2,1.1585,5.1009,3.7491,-0.51344,0.2173,0.88347,6028.9
4688967568356557440,68,10.7,1.5,0.1,4.0676,40.676,0.30046,1101.8,0.77805,-3254.6,1.2239,5.0628,1.6637,0.21175,-3238.4,-0.50767,0.19709,-3243,1.5345,3.7425,1.9261,-0.7615,0.20933,4.6116,4356.3
4688967568356557440,68,10.7,1.5,0.25,10.169,40.676,0.30046,4692,1.7608,-1955.1,1.2541,11.73,1.6655,0.22249,-1892.4,-0.17637,0.1807,-1952.9,2.5063,5.4165,2.9964,-0.29628,0.20518,60.507,6647.1
4688967568356557440,68,10.7,3,0.1,4.0676,40.676,0.30046,2049.7,0.96529,-2486.8,2.8913,4.03,1.7985,0.18872,-2419.2,-0.22209,0.15675,-2474.3,3.1484,3.6644,1.8625,-0.91454,0.18884,55.09,4536.5
4688967568356557440,68,10.7,3,0.25,10.169,40.676,0.30046,6310.3,2.5444,21.289,3.0381,10.58,1.9383,0.24556,179.93,0.15669,0.069608,30.85,3.1895,9.9857,1.9826,-0.58072,0.24399,149.08,6289
4689002851458876800,28,11.4,0.3,0.1,0.85293,8.5293,0.29868,-259.89,0.56766,-1011.7,0.16579,7.0723,1.0672,0.43763,-1021.8,-0.14994,0.44264,-1007.5,1.8309,0.72549,10,-0.27037,0.44346,-14.309,751.79
4689002851458876800,28,11.4,0.3,0.25,2.1323,8.5293,0.29868,-553.81,0.52771,-1028.1,0.68993,2.6481,1.4763,0.44012,-1034.6,-0.171,0.44237,-1021.8,1.8846,0.8494,5.058,-0.36208,0.443,-12.792,474.28
4689002851458876800,28,11.4,0.7,0.1,0.85293,8.5293,0.29868,-438.99,0.54297,-1026.5,0.41408,3.7878,1.281,0.43925,-1036.2,-0.16972,0.44212,-1022.2,1.756,0.77515,10,-0.31318,0.44316,-14.067,587.55
4689002851458876800,28,11.4,0.7,0.25,2.1323,8.5293,0.29868,-173.99,0.57989,-1006.7,0.5602,3.8906,1.6037,0.44085,-1018.5,-0.11096,0.44062,-1003.2,1.6016,0.91549,10,-0.22792,0.44201,-15.296,832.7
4689002851458876800,28,11.4,1.5,0.1,0.85293,8.5293,0.29868,-58.883,0.5967,-926.57,0.55129,4.0448,1.3026,0.43923,-930.17,-0.0080549,0.44372,-924.8,2.084,1.1111,5.7145,-0.26299,0.44627,-5.3768,867.69
4689002851458876800,28,11.4,1.5,0.25,2.1323,8.5293,0.29868,317.3,0.65512,-761.34,0.9549,3.6199,1.3756,0.44045,-746.21,0.18159,0.44817,-757.48,2.1858,1.7953,1.9803,-0.27191,0.44484,11.265,1078.6
4689002851458876800,28,11.4,3,0.1,0.85293,8.5293,0.29868,-79.652,0.59363,-882,0.32283,4.9592,0.97808,0.43107,-869.44,0.027746,0.44808,-876.28,2.7321,1.1089,1.7195,-0.26985,0.43779,6.8378,802.35
4689002851458876800,28,11.4,3,0.25,2.1323,8.5293,0.29868,1105.1,0.79664,-517.58,1.8199,3.6044,1.6916,0.43948,-474.04,0.44572,0.4443,-510.8,2.2109,3.0096,1.8392,-0.32745,0.44087,36.762,1622.7
4689002851458876800,67,11.4,0.3,0.1,1.4068,14.068,0.20892,-67.246,0.59645,-1964.2,0.39329,6.0754,1.2957,0.34471,-1967.2,0.0013885,0.34869,-1956.6,0.81473,2.6562,1.4063,-0.26557,0.3454,-10.63,1896.9
4689002851458876800,67,11.4,0.3,0.25,3.5169,14.068,0.20892,107.25,0.6204,-1936.8,0.49521,5.6984,1.3847,0.34485,-1939.4,0.043012,0.34765,-1928.6,0.6202,4.114,1.4002,-0.33751,0.34482,-10.777,2044
4689002851458876800,67,11.4,0.7,0.1,1.4068,14.068,0.20892,109.78,0.62076,-1965.4,0.38558,6.5499,1.297,0.34241,-1968.5,0.028004,0.3464,-1957.9,0.92696,2.4384,1.4428,-0.21421,0.3433,-10.698,2075.2
4689002851458876800,67,11.4,0.7,0.25,3.5169,14.068,0.20892,662.85,0.70326,-1930.2,0.49769,6.8662,1.5059,0.34462,-1938.3,0.076453,0.34477,-1922.4,0.60563,5.1003,1.553,-0.28227,0.34471,-15.902,2593
4689002851458876800,67,11.4,1.5,0.1,1.4068,14.068,0.20892,309.73,0.64941,-1898.2,0.55886,5.6314,1.3981,0.34341,-1897,0.097505,0.34639,-1890.6,1.1728,2.5701,1.6466,-0.2185,0.34493,-6.4076,2207.9
4689002851458876800,67,11.4,1.5,0.25,3.5169,14.068,0.20892,1537.5,0.85669,-1645.6,0.86878,6.3234,1.603,0.34552,-1636.8,0.30786,0.34495,-1638.9,1.2783,4.1888,1.7982,-0.17831,0.347,2.1493,3183
4689002851458876800,67,11.4,3,0.1,1.4068,14.068,0.20892,694.21,0.70826,-1600.9,0.65152,5.5826,1.1906,0.33814,-1559.2,0.29836,0.3535,-1593.2,1.105,3.5506,1.2832,-0.28396,0.33977,34.026,2295.1
4689002851458876800,67,11.4,3,0.25,3.5169,14.068,0.20892,2676.9,1.1078,-891.23,2.0339,5.3506,1.6747,0.34285,-805.46,0.69512,0.34357,-883.75,2.3089,4.7488,1.7463,-0.27703,0.34421,78.294,3568.1
4689002851458876800,68,11.4,0.3,0.1,1.2164,12.164,0.30046,4337.2,1.6242,842.28,0.48215,17.086,1.589,0.63551,852.85,0.14151,0.61632,849.53,0.5677,14.203,1.7973,-0.15602,0.63281,3.3208,3494.9
4689002851458876800,68,11.4,0.3,0.25,3.0409,12.164,0.30046,4340.5,1.6254,837.17,0.48606,17.028,1.5974,0.63505,848.44,0.14095,0.61573,844.42,0.57273,14.153,1.8088,-0.15823,0.63231,4.0148,3503.3
4689002851458876800,68,11.4,0.7,0.1,1.2164,12.164,0.30046,4356.1,1.6312,849.46,0.4899,16.991,1.5936,0.63597,860.01,0.14466,0.61661,856.69,0.58313,13.977,1.8143,-0.14862,0.63321,3.321,3506.6
4689002851458876800,68,11.4,0.7,0.25,3.0409,12.164,0.30046,4476.5,1.6765,887.3,0.47446,17.964,1.5853,0.64018,898.67,0.15622,0.61975,894.07,0.64658,12.986,2.0205,-0.059588,0.6357,4.5978,3589.2
4689002851458876800,68,11.4,1.5,0.1,1.2164,12.164,0.30046,4350.3,1.6291,855.13,0.57249,15.461,1.6759,0.63644,868.38,0.15251,0.61571,862.39,0.68596,12.662,1.9208,-0.16039,0.63349,5.9916,3495.2
4689002851458876800,68,11.4,1.5,0.25,3.0409,12.164,0.30046,4506.1,1.6878,964.27,0.56863,16.039,1.5926,0.64305,970.86,0.18642,0.62278,971.54,0.65885,13.453,1.7542,-0.1429,0.64074,-0.68589,3541.8
4689002851458876800,68,11.4,3,0.1,1.2164,12.164,0.30046,4430.9,1.6592,896.3,0.45816,17.954,1.4778,0.63116,898.92,0.17483,0.61408,903.55,0.51232,15.366,1.601,-0.1248,0.62924,-4.6314,3534.6
4689002851458876800,68,11.4,3,0.25,3.0409,12.164,0.30046,4791.5,1.8011,1260.4,0.58366,16.451,1.3352,0.63807,1249.9,0.3086,0.62703,1266.8,6.0149,0.76125,10,0.27261,0.62962,-16.9,3531.1
4689054670286883968,27,13,0.3,0.1,0.16858,1.6858,0.71455,-5643.3,0.14182,-5954.9,0.86877,0.52739,2.8951,0.12579,-5966.9,-0.4274,0.12562,-5946.3,0.90566,0.12275,2.962,-0.44041,0.12563,-20.603,311.59
4689054670286883968,27,13,0.3,0.25,0.42145,1.6858,0.71455,-5546.2,0.1454,-5937.6,0.86703,0.585,2.9531,0.12598,-5949.6,-0.38342,0.12575,-5932.4,0.80582,0.4095,10,-0.51826,0.12607,-17.199,391.41
4689054670286883968,27,13,0.7,0.1,0.16858,1.6858,0.71455,-5675.4,0.14065,-5951.8,0.96087,0.47886,2.8352,0.12578,-5963,-0.42936,0.12577,-5943.4,2.0585,0.090631,10,-0.46268,0.12556,-19.575,276.41
4689054670286883968,27,13,0.7,0.25,0.42145,1.6858,0.71455,-5346.9,0.15305,-5896.6,0.80758,0.73493,2.2742,0.12608,-5909.3,-0.30468,0.12622,-5889.7,2.0712,0.10224,10,-0.33696,0.12606,-19.611,549.66
4689054670286883968,27,13,1.5,0.1,0.16858,1.6858,0.71455,-5680.8,0.14045,-5951.7,0.97361,0.47026,2.9071,0.12583,-5962.7,-0.43269,0.12582,-5942.6,1.0897,0.27588,3.0377,-0.55005,0.12577,-20.128,270.9
4689054670286883968,27,13,1.5,0.25,0.42145,1.6858,0.71455,-5125.3,0.16203,-5808.9,0.95019,0.78836,1.7974,0.126,-5809.3,-0.16036,0.12773,-5801.8,3.2187,0.17769,3.1356,-0.2729,0.12592,-7.5634,683.59
4689054670286883968,27,13,3,0.1,0.16858,1.6858,0.71455,-5575.5,0.14431,-5865.6,0.81181,0.57819,1.4655,0.12647,-5870.2,-0.3958,0.12857,-5860.6,4.3296,0.10528,5.7194,-0.45521,0.12649,-9.5472,290.13
4689054670286883968,27,13,3,0.25,0.42145,1.6858,0.71455,-4916.4,0.17097,-5606.8,2.2499,0.55767,1.9236,0.12674,-5513.2,0.16029,0.13247,-5598,2.8279,0.44747,2.2582,-0.5505,0.12707,84.787,690.41
4689054670286883968,28,13,0.3,0.1,0.3005,3.005,0.29868,-1275.6,0.44114,-4944.1,0.17837,8.7407,1.1622,0.14178,-4949.9,0.40492,0.14693,-4940.7,0.18015,0.88285,0.52712,0.34976,0.12983,-9.1567,3668.5
4689054670286883968,28,13,0.3,0.25,0.75125,3.005,0.29868,-1318.9,0.43642,-4951,0.16936,8.8479,1.1442,0.14107,-4955.5,0.4043,0.14673,-4947.4,0.15684,1.0128,0.5439,0.34356,0.12971,-8.0806,3632
4689054670286883968,28,13,0.7,0.1,0.3005,3.005,0.29868,-1249.3,0.44403,-4939.3,0.17899,8.7814,1.1639,0.14188,-4945.2,0.40709,0.14701,-4935.9,0.1928,0.85746,0.52845,0.35266,0.12999,-9.3129,3690
4689054670286883968,28,13,0.7,0.25,0.75125,3.005,0.29868,-1112.7,0.45934,-4888.2,0.19761,8.5248,1.1777,0.14276,-4893.9,0.42921,0.14787,-4884.4,0.21329,0.88294,0.55014,0.37466,0.13147,-9.485,3775.4
4689054670286883968,28,13,1.5,0.1,0.3005,3.005,0.29868,-1200.9,0.4494,-4861.4,0.17812,8.7962,1.1373,0.14239,-4863.7,0.43395,0.14888,-4857.7,0.20537,1.0829,0.58825,0.3651,0.13164,-5.9756,3660.5
4689054670286883968,28,13,1.5,0.25,0.75125,3.005,0.29868,-1141.8,0.45604,-4887.7,0.13911,10.392,1.0912,0.13879,-4883.7,0.45523,0.14664,-4882.2,0.23929,2.0917,0.80818,0.32568,0.13438,-1.5471,3745.9
4689054670286883968,28,13,3,0.1,0.3005,3.005,0.29868,-1270.3,0.44172,-4948.2,0.20363,7.9317,1.1593,0.13952,-4951.3,0.43018,0.14533,-4943.8,0.14243,1.3283,0.60478,0.36185,0.13022,-7.4938,3677.9
4689054670286883968,28,13,3,0.25,0.75125,3.005,0.29868,-849.45,0.49037,-4611.9,0.35857,5.8486,1.1404,0.13816,-4586,0.61446,0.14767,-4605.4,1.4004,1.6022,1.2892,0.28166,0.13996,19.394,3762.5
4689054670286883968,67,13,0.3,0.1,0.56187,5.6187,0.20892,-6770.3,0.13144,-7795.4,0.37501,1.1571,1.6599,0.098768,-7806.1,-0.54545,0.098265,-7786.2,0.77232,0.34778,3.0925,-0.61178,0.09847,-19.898,1025.1
4689054670286883968,67,13,0.3,0.25,1.4047,5.6187,0.20892,-6488.2,0.14008,-7706.1,0.53084,1.0702,1.776,0.099549,-7715.7,-0.44108,0.098876,-7696.6,0.6667,0.66061,2.1332,-0.59253,0.099307,-19.076,1218
4689054670286883968,67,13,0.7,0.1,0.56187,5.6187,0.20892,-6550.3,0.13813,-7718.2,0.74208,0.85725,2.028,0.098971,-7724.8,-0.41215,0.098174,-7712.2,1.3161,0.3757,4.2989,-0.59656,0.098809,-12.52,1167.9
4689054670286883968,67,13,0.7,0.25,1.4047,5.6187,0.20892,-4761.9,0.2068,-7547.1,0.48538,2.0793,1.7333,0.09938,-7553,-0.21551,0.098154,-7538.7,0.59001,1.4996,1.9934,-0.42817,0.099094,-14.261,2785.2
4689054670286883968,67,13,1.5,0.1,0.56187,5.6187,0.20892,-5693.1,0.16761,-7525,0.69887,1.2192,1.6184,0.099413,-7531.8,-0.2248,0.098916,-7522.2,2.1199,0.31477,4.325,-0.3873,0.099685,-9.6278,1831.9
4689054670286883968,67,13,1.5,0.25,1.4047,5.6187,0.20892,-3482.1,0.27603,-7037.9,1.0872,1.8347,1.7209,0.09972,-7030.4,0.14651,0.097751,-7030.8,1.4244,1.3514,1.9001,-0.31667,0.099883,0.37787,3555.8
4689054670286883968,67,13,3,0.1,0.56187,5.6187,0.20892,-5426.6,0.17799,-7039.9,2.3092,0.70647,1.6115,0.098824,-6970.7,0.13002,0.1003,-7031.3,2.8405,0.59327,1.7738,-0.70847,0.099317,60.551,1613.2
4689054670286883968,67,13,3,0.25,1.4047,5.6187,0.20892,-2220.9,0.36689,-6088.9,2.9687,1.4889,1.9651,0.099441,-5993.6,0.54723,0.09339,-6078.9,3.0142,1.4634,1.9774,-0.61737,0.099473,85.338,3868
4689054670286883968,68,13,0.3,0.1,0.52021,5.2021,0.30046,-5661.9,0.16704,-7397.1,0.3026,1.8636,1.0626,0.095778,-7406.9,-0.36597,0.097486,-7385.9,0.07119,0.0067505,3.2808,-0.36597,0.097486,-21.006,1735.3
4689054670286883968,68,13,0.3,0.25,1.3005,5.2021,0.30046,-5591,0.16975,-7388.5,0.26834,1.9902,1.0247,0.095059,-7396.6,-0.35152,0.097228,-7380.8,2.8221,0.22542,1.4361,-0.44876,0.09611,-15.836,1797.5
4689054670286883968,68,13,0.7,0.1,0.52021,5.2021,0.30046,-5790.4,0.16222,-7445.4,0.44296,1.4843,1.1801,0.096326,-7456.8,-0.38462,0.096861,-7435.8,0.10295,0.0037086,3.0577,-0.38461,0.096863,-21.006,1655
4689054670286883968,68,13,0.7,0.25,1.3005,5.2021,0.30046,-4650.6,0.21024,-7234.1,0.32677,2.5256,1.14,0.096109,-7246.8,-0.24931,0.096914,-7225.8,0.071927,0.015365,3.2223,-0.24931,0.096915,-21.006,2583.6
4689054670286883968,68,13,1.5,0.1,0.52021,5.2021,0.30046,-5164.9,0.18703,-7269.1,0.57249,1.5656,1.1988,0.09576,-7277.3,-0.25915,0.096557,-7260.7,0.99947,0.73811,1.251,-0.44078,0.095791,-16.585,2104.2
4689054670286883968,68,13,1.5,0.25,1.3005,5.2021,0.30046,-3484.2,0.27412,-6889.5,1.0645,1.8478,1.5339,0.097897,-6890.7,-0.046922,0.094709,-6882,1.4528,1.2767,1.7307,-0.35753,0.097902,-8.7242,3405.2
4689054670286883968,68,13,3,0.1,0.52021,5.2021,0.30046,-4808.5,0.20282,-7052.5,1.2913,1.136,1.3686,0.094918,-7042.7,-0.11424,0.095076,-7044.7,2.3629,0.64026,1.6449,-0.4706,0.095693,2.0942,2244
4689054670286883968,68,13,3,0.25,1.3005,5.2021,0.30046,-2277.3,0.36073,-6175,2.6753,1.5466,1.9339,0.098615,-6118.9,0.2322,0.08859,-6166.4,2.8717,1.4285,2.0044,-0.51373,0.098686,47.421,3897.7
4689057346006300544,27,11.9,0.3,0.1,0.23515,2.3515,0.92175,-2475.3,0.32032,-5869.1,0.40063,3.9963,1.9279,0.12083,-5858.6,-0.12929,0.12057,-5861.5,0.54877,2.5835,4.4089,-0.28713,0.12133,2.8911,3393.8
4689057346006300544,27,11.9,0.3,0.25,0.58788,2.3515,0.92175,-2400.9,0.32652,-5850.9,0.35587,4.4342,1.813,0.12089,-5840.5,-0.11735,0.12093,-5842.5,0.51702,2.6672,5.0018,-0.25727,0.12165,2.0403,3450
4689057346006300544,27,11.9,0.7,0.1,0.23515,2.3515,0.92175,-2495.5,0.31867,-5866.2,0.3978,4.0026,1.9075,0.12081,-5856.8,-0.12849,0.12062,-5859.7,0.58108,2.3453,10,-0.273,0.12133,2.8586,3370.8
4689057346006300544,27,11.9,0.7,0.25,0.58788,2.3515,0.92175,-2473.6,0.32046,-5869.2,0.39142,4.0663,1.9043,0.12076,-5858.8,-0.12879,0.12056,-5861.7,0.5463,2.5762,4.6126,-0.28254,0.12129,2.8687,3395.5
4689057346006300544,27,11.9,1.5,0.1,0.23515,2.3515,0.92175,-2581.4,0.3117,-5839.2,0.38559,3.9571,1.7813,0.12083,-5835.3,-0.12101,0.12118,-5830.3,0.58278,2.1498,10,-0.23192,0.12179,-4.9378,3257.8
4689057346006300544,27,11.9,1.5,0.25,0.58788,2.3515,0.92175,-2149.1,0.34836,-5746.7,0.31867,5.0217,1.5366,0.11994,-5740.7,-0.015311,0.12195,-5737.8,0.28768,5.1335,1.4983,-0.50927,0.11996,-2.9686,3597.6
4689057346006300544,27,11.9,3,0.1,0.23515,2.3515,0.92175,-2415.8,0.32527,-5734.5,0.27606,5.161,1.4725,0.12099,-5727.6,-0.056939,0.1234,-5725.5,0.23661,5.4231,1.4199,-0.52354,0.12095,-2.1441,3318.7
4689057346006300544,27,11.9,3,0.25,0.58788,2.3515,0.92175,-2125.9,0.35045,-5492.5,0.15842,7.2943,1.1112,0.1166,-5394.4,0.18255,0.12869,-5485,6.0926,0.26231,3.2285,-0.052076,0.12056,90.58,3366.7
4689057346006300544,28,11.9,0.3,0.1,0.47404,4.7404,0.29868,-1052.5,0.46626,-5211,0.074287,18.535,1.1155,0.13188,-5216.7,0.18414,0.13723,-5210.5,0.18878,0.52107,0.3025,0.13482,0.092872,-6.2282,4158.5
4689057346006300544,28,11.9,0.3,0.25,1.1851,4.7404,0.29868,-1124.4,0.45801,-5222.4,0.073325,18.096,1.106,0.13139,-5227.5,0.18023,0.13701,-5222,0.17829,0.53067,0.30052,0.12938,0.091186,-5.5227,4098
4689057346006300544,28,11.9,0.7,0.1,0.47404,4.7404,0.29868,-993.12,0.47318,-5208.8,0.084516,17.188,1.1327,0.13203,-5215.4,0.18874,0.13702,-5208.7,0.15769,0.53457,0.3,0.14127,0.0935,-6.7742,4215.7
4689057346006300544,28,11.9,0.7,0.25,1.1851,4.7404,0.29868,-522.08,0.53188,-5179.6,0.11373,16.452,1.2231,0.13437,-5190.5,0.20491,0.13709,-5181.3,19.203,0.086818,3.9037,0.17798,0.13017,-9.2177,4657.5
4689057346006300544,28,11.9,1.5,0.1,0.47404,4.7404,0.29868,-979.33,0.47481,-5188.2,0.09988,14.626,1.1248,0.13107,-5192.8,0.21303,0.13651,-5185.2,0.28795,0.58915,0.43931,0.15751,0.11201,-7.5746,4208.9
4689057346006300544,28,11.9,1.5,0.25,1.1851,4.7404,0.29868,-616.56,0.51955,-5053,0.28471,7.8877,1.2579,0.13136,-5059.2,0.31631,0.13514,-5048.6,0.086477,0.89675,0.43548,0.26921,0.11308,-10.677,4436.4
4689057346006300544,28,11.9,3,0.1,0.47404,4.7404,0.29868,-842.21,0.49125,-5017.6,0.11269,12.691,1.0525,0.12693,-5003.5,0.32397,0.1369,-5011.3,0.18399,3.8989,0.88833,0.11476,0.12408,7.8394,4175.4
4689057346006300544,28,11.9,3,0.25,1.1851,4.7404,0.29868,-391.13,0.54946,-4631.8,0.57845,5.0516,1.2042,0.12364,-4589.6,0.55503,0.13311,-4629.2,2.6273,1.3056,1.5753,0.15245,0.12873,39.535,4240.6
4689057346006300544,67,11.9,0.3,0.1,0.76644,7.6644,0.24598,3665,1.3845,-4461.8,0.17359,32.94,1.5473,0.17864,-4421.7,0.22457,0.17154,-4455,0.21549,26.743,1.7047,-0.057597,0.17768,33.245,8126.8
4689057346006300544,67,11.9,0.3,0.25,1.9161,7.6644,0.24598,3693.6,1.3935,-4597.1,0.17724,32.738,1.5795,0.1742,-4548.5,0.21195,0.16673,-4590.3,0.22395,26.238,1.7508,-0.079961,0.17311,41.853,8290.7
4689057346006300544,67,11.9,0.7,0.1,0.76644,7.6644,0.24598,3616.7,1.3695,-4523.3,0.16344,34.247,1.5192,0.17483,-4487.8,0.22694,0.16803,-4516.6,0.21191,26.637,1.6999,-0.022768,0.17385,28.763,8139.9
4689057346006300544,67,11.9,0.7,0.25,1.9161,7.6644,0.24598,3702.3,1.3962,-4508.3,0.21136,28.453,1.6157,0.17734,-4459,0.22517,0.16963,-4501.3,0.24551,24.625,1.739,-0.12026,0.17641,42.296,8210.6
4689057346006300544,67,11.9,1.5,0.1,0.76644,7.6644,0.24598,3674.2,1.3874,-4395.8,0.16703,33.571,1.4966,0.17832,-4367.2,0.24577,0.17185,-4388.9,0.20101,27.872,1.6278,-0.028219,0.17763,21.766,8070.1
4689057346006300544,67,11.9,1.5,0.25,1.9161,7.6644,0.24598,3788.2,1.4236,-4512.7,0.21351,27.947,1.5335,0.17034,-4483,0.2675,0.16353,-4505.6,0.23718,25.032,1.6141,-0.090164,0.16983,22.559,8300.9
4689057346006300544,67,11.9,3,0.1,0.76644,7.6644,0.24598,3739.2,1.4079,-4173.3,0.11258,47.317,1.3695,0.18133,-4162.6,0.29095,0.17682,-4166.9,0.24242,22.529,1.9267,0.21279,0.18015,4.3056,7912.5
4689057346006300544,67,11.9,3,0.25,1.9161,7.6644,0.24598,4126,1.5363,-3687.7,0.20491,27.85,1.2617,0.1684,-3700.4,0.49243,0.16931,-3684.1,4.071,0.8119,2.9734,0.44034,0.17237,-16.37,7813.7
4689057346006300544,68,11.9,0.3,0.1,0.90152,9.0152,0.39049,-1606.6,0.42019,-5458.7,0.26223,6.5842,1.2542,0.14287,-5458.1,-0.37782,0.13947,-5453.6,0.5654,3.0979,2.6966,-0.43356,0.14141,-4.559,3852.1
4689057346006300544,68,11.9,0.3,0.25,2.2538,9.0152,0.39049,-1056.7,0.47618,-5422.6,0.20356,9.0937,1.253,0.14336,-5412.6,-0.35587,0.13933,-5417.3,0.48486,4.2144,2.4867,-0.42507,0.14177,4.667,4365.9
4689057346006300544,68,11.9,0.7,0.1,0.90152,9.0152,0.39049,-1175.7,0.46345,-5428.8,0.20282,8.7652,1.2334,0.14267,-5423,-0.35775,0.13908,-5423.4,0.47979,4.024,2.4266,-0.42076,0.14134,0.38268,4253.1
4689057346006300544,68,11.9,0.7,0.25,2.2538,9.0152,0.39049,-948.05,0.48809,-5481.5,0.29138,7.57,1.3848,0.14329,-5457.4,-0.35527,0.13745,-5477.5,0.63939,3.8479,2.6394,-0.46633,0.14103,20.052,4533.5
4689057346006300544,68,11.9,1.5,0.1,0.90152,9.0152,0.39049,-994.05,0.48301,-5366.9,0.27481,7.4125,1.2831,0.14337,-5361.2,-0.33178,0.13914,-5359.7,0.4416,4.4887,1.9486,-0.40712,0.14176,-1.4477,4372.8
4689057346006300544,68,11.9,1.5,0.25,2.2538,9.0152,0.39049,-0.91589,0.60544,-5026.5,0.82765,4.856,1.5823,0.14366,-5005.7,-0.167,0.13435,-5017.6,0.90709,4.2746,1.687,-0.51213,0.14253,11.829,5025.5
4689057346006300544,68,11.9,3,0.1,0.90152,9.0152,0.39049,-1160.2,0.4651,-5071.6,0.97456,3.2534,1.4474,0.1411,-5077,-0.19965,0.13586,-5070.6,4.0198,0.55656,4.4466,-0.27853,0.13925,-6.3569,3911.5
4689057346006300544,68,11.9,3,0.25,2.2538,9.0152,0.39049,1015,0.76284,-4080.7,1.9496,3.8642,1.7136,0.14302,-4044.1,0.10135,0.12426,-4078.5,3.9159,1.679,2.5216,-0.10533,0.13986,34.435,5095.7
4689058892200836096,27,13,0.3,0.1,0.19527,1.9527,0.81815,-3204.6,0.26554,-3812.3,0.02,8.2847,0.83187,0.21395,-3788.8,-0.2629,0.21912,-3800.4,0.02,8.1372,0.83247,-0.86448,0.21411,11.612,607.67
4689058892200836096,27,13,0.3,0.25,0.48816,1.9527,0.81815,-3175.1,0.26756,-3801,0.02,8.5962,0.81931,0.21296,-3781.5,-0.247,0.21924,-3789.6,0.02,8.2724,0.81546,-0.81282,0.2131,8.1532,625.91
4689058892200836096,27,13,0.7,0.1,0.19527,1.9527,0.81815,-3233.2,0.26359,-3810.2,0.02,7.9813,0.8156,0.21343,-3789.7,-0.26739,0.21916,-3798.6,0.02,7.7459,0.81386,-0.84148,0.21359,8.8924,577.01
4689058892200836096,27,13,0.7,0.25,0.48816,1.9527,0.81815,-3094.4,0.27317,-3775.4,0.02,8.2025,0.77066,0.21042,-3754,-0.1981,0.21985,-3764.5,0.02,7.8291,0.76426,-0.76504,0.21051,10.52,680.99
4689058892200836096,27,13,1.5,0.1,0.19527,1.9527,0.81815,-3278.4,0.26055,-3813.2,0.02,6.8518,0.76544,0.21163,-3790.8,-0.26737,0.21909,-3801.3,0.02,6.6443,0.76126,-0.85858,0.21168,10.538,534.81
4689058892200836096,27,13,1.5,0.25,0.48816,1.9527,0.81815,-3035.4,0.27735,-3726,0.02,7.8492,0.71347,0.20579,-3699,-0.1419,0.22187,-3716.2,0.02,7.1116,0.69662,-0.64378,0.20563,17.169,690.61
4689058892200836096,27,13,3,0.1,0.19527,1.9527,0.81815,-3227,0.26401,-3789.1,0.02,6.2768,0.72206,0.2102,-3761.9,-0.26404,0.22072,-3777.4,0.02,6.0401,0.71538,-0.84552,0.21015,15.498,562.1
4689058892200836096,27,13,3,0.25,0.48816,1.9527,0.81815,-2817.1,0.29337,-3606.6,0.02,7.2707,0.63294,0.19446,-3509.6,0.0098792,0.22951,-3596.3,0.02,6.9277,0.62398,-0.6869,0.19401,86.732,789.54
4689058892200836096,28,13,0.3,0.1,0.41828,4.1828,0.29868,-1370.4,0.43088,-4045.1,0.13674,9.059,1.1449,0.19256,-4055.6,0.15953,0.19581,-4038.7,40,0.24697,0.3,0.13455,0.14073,-16.884,2674.7
4689058892200836096,28,13,0.3,0.25,1.0457,4.1828,0.29868,-1579.4,0.40909,-4069.2,0.1595,7.6378,1.1497,0.1918,-4079.2,0.14919,0.19506,-4062.6,40,0.24954,0.30127,0.12216,0.13824,-16.615,2489.7
4689058892200836096,28,13,0.7,0.1,0.41828,4.1828,0.29868,-1360.1,0.43197,-4031,0.19059,7.4175,1.2124,0.19395,-4042.7,0.16384,0.19628,-4025.3,40,0.23876,0.3,0.14168,0.14557,-17.404,2670.8
4689058892200836096,28,13,0.7,0.25,1.0457,4.1828,0.29868,-1622.8,0.4047,-4027.4,0.3227,4.9093,1.2842,0.19369,-4037.6,0.18094,0.19566,-4021.8,2.469,0.50733,4.3509,0.081294,0.19669,-15.765,2404.6
4689058892200836096,28,13,1.5,0.1,0.41828,4.1828,0.29868,-1522.5,0.41491,-4024,0.15473,7.7523,1.1148,0.19179,-4031.8,0.17823,0.19612,-4016.8,0.10845,7.9022,1.0347,-0.1306,0.19137,-14.992,2501.5
4689058892200836096,28,13,1.5,0.25,1.0457,4.1828,0.29868,-1057,0.46574,-3909,0.32836,5.6928,1.2619,0.19376,-3916.5,0.27732,0.19665,-3903.2,1.6507,1.1173,1.9226,0.093406,0.1969,-13.354,2852
4689058892200836096,28,13,3,0.1,0.41828,4.1828,0.29868,-1408.1,0.42686,-3983.4,0.16277,7.5979,1.0892,0.19037,-3986.6,0.22725,0.19585,-3976.7,2.293,0.70615,1.9835,0.052197,0.19509,-9.8847,2575.2
4689058892200836096,28,13,3,0.25,1.0457,4.1828,0.29868,-996.69,0.47276,-3643.2,0.43704,4.6536,1.0537,0.17911,-3598.4,0.50967,0.19606,-3637,1.3286,1.9709,1.2246,0.0025222,0.18303,38.586,2646.5
4689058892200836096,67,13,0.3,0.1,0.65375,6.5375,0.22745,-4540,0.21741,-5248,0.02,6.5297,0.75883,0.16929,-5244.2,-0.4566,0.17711,-5246.2,11.345,0.16314,1.2984,-0.53677,0.16368,1.965,707.95
4689058892200836096,67,13,0.3,0.25,1.6344,6.5375,0.22745,-3858.8,0.25353,-5209.8,0.02,14.668,0.93072,0.17158,-5213.3,-0.33153,0.17571,-5208.2,14.466,0.14766,1.2316,-0.38757,0.16189,-5.1361,1351
4689058892200836096,67,13,0.7,0.1,0.65375,6.5375,0.22745,-4358.1,0.22652,-5216.6,0.02,8.8529,0.80143,0.16865,-5215.2,-0.34693,0.17599,-5213.1,8.7414,0.20056,0.8541,-0.43264,0.15922,-2.1379,858.48
4689058892200836096,67,13,0.7,0.25,1.6344,6.5375,0.22745,-3661.2,0.26509,-5106.7,0.71692,1.8513,1.5734,0.17249,-5112.3,-0.085707,0.17228,-5097.6,1.081,0.82716,10,-0.15832,0.17347,-14.699,1445.5
4689058892200836096,67,13,1.5,0.1,0.65375,6.5375,0.22745,-4286.5,0.23021,-5127.1,0.45767,1.6299,1.009,0.16734,-5108.4,-0.13877,0.17444,-5117.9,0.78277,1.0329,1.0343,-0.57196,0.16729,9.4775,840.63
4689058892200836096,67,13,1.5,0.25,1.6344,6.5375,0.22745,-2886.7,0.31571,-4822.1,1.2403,1.7583,1.5311,0.17063,-4797.3,0.18558,0.17194,-4814.2,1.6188,1.3814,1.6853,-0.46505,0.17139,16.909,1935.4
4689058892200836096,67,13,3,0.1,0.65375,6.5375,0.22745,-3510.1,0.27429,-4833.6,1.4475,1.2868,1.2791,0.1664,-4768.8,0.18537,0.17326,-4831.8,3.4779,0.66741,2.0606,-0.44662,0.17126,63.02,1323.6
4689058892200836096,67,13,3,0.25,1.6344,6.5375,0.22745,-1319.4,0.44965,-4184.8,2.6771,1.8528,1.7972,0.16786,-4091.4,0.56985,0.16636,-4176.3,2.9037,1.7157,1.8616,-0.46051,0.16834,84.956,2865.4
4689058892200836096,68,13,0.3,0.1,0.6174,6.174,0.30046,4745.3,1.7822,-750.72,0.56835,17.258,1.2401,0.29966,-759.62,0.66634,0.29278,-747.54,1.7756,3.9169,10,0.64825,0.29753,-12.074,5496
4689058892200836096,68,13,0.3,0.25,1.5435,6.174,0.30046,4810.9,1.809,-695.71,0.55736,17.692,1.2361,0.30339,-704.78,0.67111,0.29682,-692.54,1.7717,3.9551,10,0.65315,0.3016,-12.245,5506.6
4689058892200836096,68,13,0.7,0.1,0.6174,6.174,0.30046,4781.7,1.797,-749.31,0.55175,17.666,1.2366,0.30018,-758.53,0.66529,0.29351,-746.61,1.7831,3.9074,10,0.6469,0.29832,-11.922,5531
4689058892200836096,68,13,0.7,0.25,1.5435,6.174,0.30046,4758.1,1.7874,-798.76,0.56144,17.436,1.2385,0.29384,-807.78,0.6662,0.28696,-795.72,1.7915,3.8832,10,0.6482,0.29172,-12.052,5556.9
4689058892200836096,68,13,1.5,0.1,0.6174,6.174,0.30046,4770,1.7923,-721.37,0.5716,17.284,1.2415,0.30214,-730.18,0.66862,0.2951,-718.07,1.7887,3.9018,10,0.65047,0.29989,-12.119,5491.4
4689058892200836096,68,13,1.5,0.25,1.5435,6.174,0.30046,4671.7,1.7526,-697.16,0.62715,16.044,1.2483,0.30171,-704.71,0.67486,0.29465,-690.5,1.8296,3.6032,10,0.65926,0.29886,-14.21,5368.8
4689058892200836096,68,13,3,0.1,0.6174,6.174,0.30046,4821,1.8132,-751.24,0.55888,17.659,1.2363,0.29646,-760.26,0.67126,0.28986,-746.89,1.7586,3.8414,10,0.65519,0.29414,-13.368,5572.3
4689058892200836096,68,13,3,0.25,1.5435,6.174,0.30046,4778.5,1.7958,-744.53,0.6931,15.626,1.2782,0.29196,-750.55,0.68787,0.28112,-737.65,0.75113,14.2,1.2938,0.085171,0.29237,-12.903,5523.1
4689058999614762368,27,13.5,0.3,0.1,0.067592,0.67592,0.71455,-4657.9,0.18272,-5569.3,0.91344,0.97133,2.7451,0.1357,-5581,0.26185,0.13542,-5570,0.81409,0.7892,10,0.090694,0.13616,-11.088,911.38
4689058999614762368,27,13.5,0.3,0.25,0.16898,0.67592,0.71455,-4710.9,0.18025,-5577,0.92977,0.93194,2.7879,0.13558,-5588.5,0.25244,0.13529,-5577.8,0.82818,0.77115,10,0.065337,0.13608,-10.727,866.13
4689058999614762368,27,13.5,0.7,0.1,0.067592,0.67592,0.71455,-4663.4,0.18246,-5569.6,0.9241,0.96266,2.7242,0.13561,-5581.3,0.2638,0.13538,-5563.1,3.6683,0.084314,10,0.24182,0.13468,-18.168,906.24
4689058999614762368,27,13.5,0.7,0.25,0.16898,0.67592,0.71455,-4682.3,0.18158,-5573.7,0.91301,0.95785,2.7443,0.13562,-5585.5,0.25505,0.13536,-5567,3.6752,0.080618,10,0.23475,0.1347,-18.512,891.39
4689058999614762368,27,13.5,1.5,0.1,0.067592,0.67592,0.71455,-4660.2,0.18261,-5560.9,0.92808,0.96454,2.5688,0.13563,-5572.5,0.26842,0.13563,-5555.5,3.685,0.093116,10,0.24144,0.13476,-17.047,900.69
4689058999614762368,27,13.5,1.5,0.25,0.16898,0.67592,0.71455,-4569.4,0.18693,-5540.5,0.96357,0.99482,2.4325,0.13553,-5550.9,0.30486,0.13584,-5535.1,3.7531,0.10265,10,0.27089,0.13483,-15.755,971.12
4689058999614762368,27,13.5,3,0.1,0.067592,0.67592,0.71455,-4651.7,0.18301,-5558.4,0.9567,0.9541,2.4425,0.13527,-5569.2,0.28045,0.13556,-5552.7,3.5492,0.10166,10,0.24595,0.13471,-16.523,906.71
4689058999614762368,27,13.5,3,0.25,0.16898,0.67592,0.71455,-4539.1,0.18839,-5494.6,0.91811,1.0403,2.0447,0.13623,-5502.5,0.31599,0.13745,-5491.5,4.332,0.11653,7.4297,0.26928,0.13568,-11.018,955.51
4689058999614762368,28,13.5,0.3,0.1,0.2033,2.033,0.28674,-2081.4,0.36116,-4065.1,0.51991,3.1945,1.4005,0.19379,-4073.6,0.45711,0.1944,-4060.7,1.8299,0.85513,2.4509,0.26328,0.19554,-12.846,1983.7
4689058999614762368,28,13.5,0.3,0.25,0.50825,2.033,0.28674,-2173.4,0.353,-4069.9,0.57272,2.9399,1.4268,0.19373,-4077.5,0.45602,0.19425,-4065.5,1.7992,0.89134,2.3961,0.24202,0.19541,-11.945,1896.5
4689058999614762368,28,13.5,0.7,0.1,0.2033,2.033,0.28674,-2096.2,0.35983,-4069.2,0.51584,3.1897,1.3965,0.19368,-4077.8,0.45432,0.19432,-4065,1.8459,0.84241,2.4567,0.26049,0.19543,-12.761,1973
4689058999614762368,28,13.5,0.7,0.25,0.50825,2.033,0.28674,-1962.7,0.37196,-4049.2,0.46544,3.5106,1.3626,0.19403,-4058.2,0.46364,0.19487,-4045.8,2.0149,0.77315,2.696,0.28205,0.19609,-12.399,2086.5
4689058999614762368,28,13.5,1.5,0.1,0.2033,2.033,0.28674,-2031.5,0.36565,-4058.4,0.52814,3.2274,1.4123,0.19387,-4067,0.46433,0.19436,-4054,1.8311,0.86871,2.4994,0.27279,0.19562,-12.972,2026.8
4689058999614762368,28,13.5,1.5,0.25,0.50825,2.033,0.28674,-2058.9,0.36318,-4025.2,0.69811,2.7467,1.4839,0.1939,-4029.6,0.50283,0.1942,-4021.8,2.0086,0.92009,2.5322,0.25108,0.19576,-7.7824,1966.3
4689058999614762368,28,13.5,3,0.1,0.2033,2.033,0.28674,-2068.3,0.36233,-4032.8,0.60086,2.9582,1.4139,0.19374,-4038.5,0.48891,0.19452,-4029.1,1.9542,0.90281,2.4796,0.24997,0.19596,-9.3727,1964.5
4689058999614762368,28,13.5,3,0.25,0.50825,2.033,0.28674,-1929.8,0.375,-3897.7,0.83247,2.5752,1.3741,0.19252,-3887.8,0.60765,0.19515,-3894.1,2.0353,1.1466,1.8354,0.21178,0.1945,6.336,1967.8
4689061920192649984,27,13.1,0.3,0.1,0.15371,1.5371,0.71455,-5774.1,0.13712,-6227.6,1.1415,0.51708,2.4164,0.11519,-6233,-0.26842,0.11577,-6219.2,2.0917,0.1927,3.6673,-0.39811,0.11515,-13.81,453.53
4689061920192649984,27,13.1,0.3,0.25,0.38428,1.5371,0.71455,-5731.8,0.13862,-6227.2,1.0747,0.55465,2.393,0.11517,-6234.5,-0.26263,0.11566,-6219.1,2.0993,0.18039,3.6431,-0.3699,0.11512,-15.43,495.42
4689061920192649984,27,13.1,0.7,0.1,0.15371,1.5371,0.71455,-5751.5,0.13792,-6222.4,1.151,0.5251,2.4071,0.11519,-6227.2,-0.25474,0.1158,-6213.9,1.788,0.25173,2.9915,-0.42349,0.11516,-13.27,470.96
4689061920192649984,27,13.1,0.7,0.25,0.38428,1.5371,0.71455,-5637.5,0.14203,-6205,1.1517,0.57478,2.4257,0.1152,-6209.1,-0.20586,0.11577,-6196.9,1.683,0.30331,3.059,-0.40847,0.11523,-12.221,567.53
4689061920192649984,27,13.1,1.5,0.1,0.15371,1.5371,0.71455,-5710.7,0.13938,-6205.5,1.1606,0.54038,2.2494,0.11528,-6207.8,-0.23473,0.11616,-6198.8,2.5432,0.15422,10,-0.36185,0.11543,-9.0135,494.84
4689061920192649984,27,13.1,1.5,0.25,0.38428,1.5371,0.71455,-5368.9,0.15219,-6127.3,1.4546,0.60531,2.4731,0.11533,-6114.5,-0.038841,0.11643,-6118.4,1.6545,0.49434,2.6349,-0.50767,0.11535,3.8849,758.44
4689061920192649984,27,13.1,3,0.1,0.15371,1.5371,0.71455,-5655.6,0.14137,-6162.6,1.159,0.56478,1.8117,0.11533,-6154.1,-0.20052,0.11743,-6157.5,3.1666,0.16367,6.4825,-0.36255,0.11567,3.3753,506.95
4689061920192649984,27,13.1,3,0.25,0.38428,1.5371,0.71455,-5092.5,0.1634,-5936.2,1.7279,0.6429,1.6277,0.11516,-5848.3,0.18137,0.12115,-5929.1,2.9793,0.39144,2.2063,-0.37467,0.11586,80.781,843.74
4689061920192649984,28,13.1,0.3,0.1,0.24461,2.4461,0.29868,-3963.6,0.22634,-6446.4,0.17845,3.7556,1.0545,0.10106,-6440.6,0.2331,0.10527,-6439.6,2.0205,0.43741,1.4,0.030928,0.10247,-1.0019,2482.8
4689061920192649984,28,13.1,0.3,0.25,0.61152,2.4461,0.29868,-3873.1,0.23148,-6418.2,0.23431,3.3331,1.1001,0.10144,-6413.3,0.25615,0.10528,-6411.5,1.6272,0.53925,1.3349,0.046706,0.10243,-1.8563,2545.1
4689061920192649984,28,13.1,0.7,0.1,0.24461,2.4461,0.29868,-4073.2,0.22026,-6474.8,0.13288,4.3259,1.0169,0.10078,-6468.5,0.20826,0.10527,-6468,2.5035,0.35103,1.4633,0.019978,0.10242,-0.51784,2401.7
4689061920192649984,28,13.1,0.7,0.25,0.61152,2.4461,0.29868,-3813.6,0.23493,-6432.9,0.22473,3.4955,1.1098,0.10148,-6430.6,0.24876,0.10502,-6426,1.4337,0.57835,1.3077,0.050426,0.10235,-4.6003,2619.3
4689061920192649984,28,13.1,1.5,0.1,0.24461,2.4461,0.29868,-3932.7,0.22808,-6414.9,0.23969,3.1869,1.0854,0.10111,-6407.1,0.26114,0.10528,-6408.4,1.6919,0.54983,1.3611,0.025828,0.10235,1.2553,2482.3
4689061920192649984,28,13.1,1.5,0.25,0.61152,2.4461,0.29868,-3545.9,0.25107,-6310,0.4309,2.589,1.1955,0.10125,-6298.7,0.36051,0.10463,-6305.7,2.7894,0.47044,1.838,0.098186,0.10332,6.9672,2764.1
4689061920192649984,28,13.1,3,0.1,0.24461,2.4461,0.29868,-3716.3,0.24067,-6292.8,0.40178,2.4899,1.123,0.10034,-6270.8,0.36832,0.10514,-6289.1,2.5476,0.53861,1.6577,0.030098,0.10277,18.228,2576.5
4689061920192649984,28,13.1,3,0.25,0.61152,2.4461,0.29868,-3431.4,0.25831,-6064.8,1.0918,1.6304,1.341,0.1008,-6018.9,0.53232,0.10455,-6063.1,2.6235,0.77607,1.7426,-0.014538,0.10281,44.106,2633.3
4689061920192649984,67,13.1,0.3,0.1,0.5159,5.159,0.20892,-2559.7,0.33989,-5685.7,0.36819,4.1086,1.385,0.14473,-5698.3,0.11608,0.14415,-5679.8,1.375,0.70549,4.1227,0.07123,0.14499,-18.591,3126
4689061920192649984,67,13.1,0.3,0.25,1.2898,5.159,0.20892,-2327.1,0.35821,-5642.4,0.32441,4.7039,1.3479,0.1452,-5655.5,0.13328,0.14489,-5636.5,1.4131,0.6682,4.3848,0.094902,0.14565,-18.945,3315.3
4689061920192649984,67,13.1,0.7,0.1,0.5159,5.159,0.20892,-2325.6,0.35832,-5673.5,0.35856,4.4435,1.3847,0.14421,-5686.3,0.13675,0.14355,-5668.9,1.2407,0.74066,10,0.10569,0.1442,-17.465,3347.9
4689061920192649984,67,13.1,0.7,0.25,1.2898,5.159,0.20892,-2032.9,0.38279,-5572.2,0.38127,4.6911,1.4067,0.1461,-5584.7,0.17822,0.14515,-5565.5,1.3549,0.63773,10,0.1561,0.14566,-19.224,3539.3
4689061920192649984,67,13.1,1.5,0.1,0.5159,5.159,0.20892,-2641.8,0.33365,-5657.2,0.53251,3.2152,1.4851,0.14494,-5666.8,0.14695,0.14375,-5652.3,1.6629,0.82022,3.6831,0.040408,0.14559,-14.462,3015.3
4689061920192649984,67,13.1,1.5,0.25,1.2898,5.159,0.20892,-1965.3,0.38867,-5482.9,0.80569,3.054,1.5972,0.1441,-5484.2,0.29127,0.14183,-5477,1.2171,1.9374,1.8474,-0.080789,0.1447,-7.1551,3517.6
4689061920192649984,67,13.1,3,0.1,0.5159,5.159,0.20892,-2524.8,0.34258,-5515.6,0.29958,4.4113,1.1201,0.13943,-5512.1,0.24019,0.14421,-5508.3,0.39129,3.0257,1.1062,-0.14682,0.13933,-3.7401,2990.8
4689061920192649984,67,13.1,3,0.25,1.2898,5.159,0.20892,-1325.3,0.44906,-4876.2,1.3551,2.6412,1.4168,0.13929,-4830.6,0.57432,0.14099,-4874,2.3901,1.6148,1.6725,-0.04645,0.14196,43.446,3550.9
4689061920192649984,68,13.1,0.3,0.1,0.41827,4.1827,0.30046,4319.3,1.6176,-1633.9,0.39322,19.792,1.1904,0.23381,-1644.9,0.76625,0.2305,-1630.3,1.6782,3.36,10,0.75085,0.23431,-14.602,5953.3
4689061920192649984,68,13.1,0.3,0.25,1.0457,4.1827,0.30046,4427,1.6577,-1598,0.37142,20.934,1.1834,0.23467,-1609.1,0.77059,0.23197,-1594.5,1.6708,3.4056,10,0.7553,0.23581,-14.651,6025
4689061920192649984,68,13.1,0.7,0.1,0.41827,4.1827,0.30046,4302,1.6113,-1652,0.39064,19.795,1.1883,0.23222,-1663,0.76518,0.22919,-1648.3,1.6592,3.3776,10,0.75004,0.23295,-14.697,5954.1
4689061920192649984,68,13.1,0.7,0.25,1.0457,4.1827,0.30046,4307.9,1.6134,-1668.8,0.38208,20.066,1.181,0.22828,-1679.8,0.7676,0.22628,-1665.4,1.7013,3.3385,10,0.75195,0.23022,-14.436,5976.8
4689061920192649984,68,13.1,1.5,0.1,0.41827,4.1827,0.30046,4346.7,1.6277,-1610,0.39137,20,1.1904,0.23519,-1620.9,0.76855,0.23179,-1606.6,1.6627,3.4536,10,0.75279,0.23572,-14.276,5956.7
4689061920192649984,68,13.1,1.5,0.25,1.0457,4.1827,0.30046,4343,1.6264,-1604.2,0.40819,19.377,1.1938,0.23459,-1614.9,0.77126,0.23103,-1599.3,1.7651,3.0704,10,0.75706,0.23459,-15.669,5947.2
4689061920192649984,68,13.1,3,0.1,0.41827,4.1827,0.30046,4334.9,1.6234,-1627.3,0.40187,19.604,1.1916,0.23217,-1638.1,0.77102,0.22879,-1623.1,1.6623,3.3661,10,0.75652,0.23245,-15.033,5962.2
4689061920192649984,68,13.1,3,0.25,1.0457,4.1827,0.30046,4262.1,1.5967,-1581.3,0.45104,17.976,1.1995,0.23253,-1591.4,0.78013,0.2289,-1581.8,28.77,0.15922,10,0.76127,0.2124,-9.6303,5843.5
4689074598938187776,27,14.3,0.3,0.1,0.048492,0.48492,0.81815,-6180.4,0.12352,-6274.1,0.02,1.3085,0.54348,0.11103,-6261.6,-0.17928,0.11811,-6267.8,5.1714,0.10316,10,-0.29123,0.11442,6.1959,93.708
4689074598938187776,27,14.3,0.3,0.25,0.12123,0.48492,0.81815,-6133.1,0.12503,-6267.1,0.02,1.6125,0.5887,0.11167,-6253.8,-0.12834,0.11798,-6258.8,5.1903,0.10235,10,-0.22414,0.11441,5.0065,134.03
4689074598938187776,27,14.3,0.7,0.1,0.048492,0.48492,0.81815,-6160.3,0.12416,-6271.7,0.02,1.4333,0.56442,0.11139,-6258.2,-0.15745,0.11806,-6264,5.1704,0.10294,10,-0.26181,0.11442,5.7761,111.36
4689074598938187776,27,14.3,0.7,0.25,0.12123,0.48492,0.81815,-6189.3,0.12324,-6276.4,0.02,1.2583,0.53548,0.1109,-6264,-0.18291,0.11806,-6270,5.1504,0.10331,10,-0.30483,0.11442,5.9752,87.142
4689074598938187776,27,14.3,1.5,0.1,0.048492,0.48492,0.81815,-6157.8,0.12424,-6262.4,0.044707,1.0276,0.57204,0.11082,-6247.5,-0.14236,0.11828,-6256.9,5.1524,0.10805,10,-0.2731,0.11442,9.4835,104.57
4689074598938187776,27,14.3,1.5,0.25,0.12123,0.48492,0.81815,-6134.3,0.12499,-6255,0.14908,0.70683,0.65447,0.1114,-6237.2,-0.10645,0.11833,-6249.6,4.8841,0.11721,7.2897,-0.26055,0.11444,12.314,120.73
4689074598938187776,27,14.3,3,0.1,0.048492,0.48492,0.81815,-6141.3,0.12476,-6261.3,0.02,1.4723,0.55969,0.11093,-6246,-0.12824,0.11822,-6254.7,5.1916,0.10705,10,-0.2479,0.11439,8.7377,119.97
4689074598938187776,27,14.3,3,0.25,0.12123,0.48492,0.81815,-6091.8,0.12637,-6215.2,4.0193,0.19345,2.7214,0.11417,-6170.9,-0.11014,0.12045,-6214.7,5.1487,0.13615,10,-0.3289,0.11434,43.82,123.42
4689074598938187776,28,14.3,0.3,0.1,0.087714,0.87714,0.28674,-6788.3,0.11225,-7609.2,1.1762,0.45173,9.0731,0.086826,-7573.2,0.25502,0.085149,-7601.1,1.1694,0.44033,9.9921,-0.38654,0.086669,27.91,820.93
4689074598938187776,28,14.3,0.3,0.25,0.21929,0.87714,0.28674,-6766.7,0.11286,-7600.3,1.1854,0.45574,8.6825,0.086952,-7567.7,0.25754,0.085236,-7592.3,1.1808,0.44298,9.4531,-0.3738,0.086782,24.626,833.57
4689074598938187776,28,14.3,0.7,0.1,0.087714,0.87714,0.28674,-6774.7,0.11263,-7605.3,1.1878,0.45435,8.5309,0.086834,-7570.8,0.25805,0.085156,-7597.1,1.1811,0.44399,9.2879,-0.39445,0.08669,26.364,830.63
4689074598938187776,28,14.3,0.7,0.25,0.21929,0.87714,0.28674,-6633.3,0.11666,-7587.6,1.1634,0.50149,7.532,0.086996,-7558.2,0.28342,0.085032,-7581.6,1.1317,0.47615,10,-0.17914,0.086617,23.438,954.39
4689074598938187776,28,14.3,1.5,0.1,0.087714,0.87714,0.28674,-6659.1,0.11591,-7584.5,1.1859,0.48387,8.7953,0.087132,-7552.4,0.28288,0.085174,-7577.3,1.1801,0.46314,9.9101,-0.28584,0.08687,24.958,925.43
4689074598938187776,28,14.3,1.5,0.25,0.21929,0.87714,0.28674,-6417.4,0.12308,-7490.5,1.2453,0.53707,6.4321,0.088534,-7486.5,0.35695,0.08537,-7492.4,1.2207,0.47577,10,0.058218,0.087229,5.8582,1073.1
4689074598938187776,28,14.3,3,0.1,0.087714,0.87714,0.28674,-6689.8,0.11503,-7560,1.2464,0.47296,5.5981,0.087303,-7547.3,0.28421,0.08527,-7553.9,1.2288,0.43426,6.7296,-0.13279,0.086897,6.6706,870.21
4689074598938187776,28,14.3,3,0.25,0.21929,0.87714,0.28674,-6358.9,0.12488,-7377.4,1.0737,0.64958,1.2672,0.083072,-7354.9,0.46298,0.086207,-7369.3,1.0913,0.63071,1.2612,-0.34713,0.083037,14.427,1018.6
4690500047016009728,28,12.6,0.3,0.1,0.47279,4.7279,0.28674,-4637.2,0.19148,-5096.7,0.56925,1.0399,1.8042,0.16309,-5108.7,-0.44896,0.16252,-5095.6,1.0651,0.4125,10,-0.61169,0.16309,-13.082,459.53
4690500047016009728,28,12.6,0.3,0.25,1.182,4.7279,0.28674,-4416.4,0.20227,-5085.5,0.32897,1.6991,1.4491,0.16256,-5098.5,-0.41327,0.16229,-5083.5,1.0794,0.39827,10,-0.52771,0.16275,-14.99,669.16
4690500047016009728,28,12.6,0.7,0.1,0.47279,4.7279,0.28674,-4348.2,0.20572,-5049,0.43783,1.5107,1.591,0.16355,-5061.8,-0.3711,0.163,-5046.8,1.0485,0.47193,10,-0.49835,0.16369,-15.041,700.76
4690500047016009728,28,12.6,0.7,0.25,1.182,4.7279,0.28674,-3781.8,0.23679,-4975.9,0.32801,2.4343,1.3277,0.16196,-4989.1,-0.21668,0.16232,-4969.7,6.6179,0.0703,10,-0.23536,0.16143,-19.372,1194.2
4690500047016009728,28,12.6,1.5,0.1,0.47279,4.7279,0.28674,-4243.5,0.21114,-4974.7,0.43894,1.5243,1.1986,0.16165,-4980.5,-0.24921,0.1636,-4967.8,1.9191,0.40372,1.8468,-0.44177,0.16249,-12.666,731.18
4690500047016009728,28,12.6,1.5,0.25,1.182,4.7279,0.28674,-3394,0.26072,-4796.7,1.5267,1.2204,1.9981,0.16153,-4783.1,0.065677,0.16063,-4790.8,2.0982,0.84648,2.4555,-0.4084,0.16183,7.7335,1402.7
4690500047016009728,28,12.6,3,0.1,0.47279,4.7279,0.28674,-3890.7,0.23047,-4785.8,1.2946,1.041,1.3842,0.16103,-4758.7,0.0039653,0.16465,-4784.8,3.8144,0.41682,2.7278,-0.39994,0.16268,26.162,895.19
4690500047016009728,28,12.6,3,0.25,1.182,4.7279,0.28674,-2454.3,0.32922,-4344.9,3.6102,1.0824,2.5572,0.16186,-4249.9,0.43751,0.15849,-4335.5,3.7289,1.0418,2.6283,-0.64964,0.16195,85.626,1890.5
4690500047016009728,67,12.6,0.3,0.1,0.76411,7.6411,0.22745,-1965.3,0.38868,-3177.4,0.02,20.634,0.90654,0.27146,-3183.4,-0.18517,0.27718,-3168.3,1.5609,0.44291,0.56978,-0.24698,0.26122,-15.117,1212.2
4690500047016009728,67,12.6,0.3,0.25,1.9103,7.6411,0.22745,-2171.4,0.37102,-3172.2,0.02,19.53,0.89168,0.27134,-3179.2,-0.18812,0.27758,-3169.1,3.5345,0.2779,10,-0.27922,0.27567,-10.122,1000.9
4690500047016009728,67,12.6,0.7,0.1,0.76411,7.6411,0.22745,-1919.4,0.39272,-3143.5,0.02087,22.573,0.91782,0.2716,-3151.1,-0.14388,0.27762,-3140.2,3.565,0.28133,10,-0.22885,0.27598,-10.97,1224.1
4690500047016009728,67,12.6,0.7,0.25,1.9103,7.6411,0.22745,-1532.7,0.42852,-3083.7,0.4096,4.0589,1.3808,0.27464,-3094.7,-0.019624,0.27534,-3076.5,0.74281,1.9369,1.564,-0.22862,0.2751,-18.213,1550.9
4690500047016009728,67,12.6,1.5,0.1,0.76411,7.6411,0.22745,-1786.6,0.40466,-3108.7,0.044574,12.249,0.88863,0.26751,-3109.1,-0.050802,0.27603,-3110.9,3.1626,0.43174,10,-0.22449,0.27531,1.8351,1322.1
4690500047016009728,67,12.6,1.5,0.25,1.9103,7.6411,0.22745,-764.31,0.50965,-2862.5,0.83591,3.5128,1.4788,0.27209,-2856.4,0.23793,0.27328,-2857.3,1.6552,1.8405,1.9137,-0.17272,0.27424,0.8713,2098.2
4690500047016009728,67,12.6,3,0.1,0.76411,7.6411,0.22745,-1849.1,0.399,-2954.9,0.20878,4.1814,0.84822,0.26149,-2918.8,0.11483,0.27893,-2955.8,3.7965,0.64282,3.7172,-0.31433,0.27814,37.005,1105.8
4690500047016009728,67,12.6,3,0.25,1.9103,7.6411,0.22745,-83.412,0.59428,-2325,2.0257,2.6969,1.5598,0.27254,-2249.5,0.55931,0.27718,-2321.8,2.8119,2.0446,1.7985,-0.26964,0.27574,72.385,2241.6
4690500047016009728,68,12.6,0.3,0.1,0.6708,6.708,0.39049,1203.1,0.7962,-2849.3,0.22574,13.426,1.1586,0.24524,-2859.9,0.079054,0.2439,-2845.9,0.88785,2.9938,10,0.053154,0.24596,-14.014,4052.4
4690500047016009728,68,12.6,0.3,0.25,1.677,6.708,0.39049,1282.1,0.81063,-2851.6,0.1939,15.185,1.1477,0.24574,-2860.9,0.075443,0.24447,-2848,0.87524,3.1838,10,0.046364,0.24675,-12.823,4133.7
4690500047016009728,68,12.6,0.7,0.1,0.6708,6.708,0.39049,1210.8,0.7976,-2815.2,0.21243,14.02,1.1502,0.24755,-2825.6,0.078641,0.24648,-2812.4,0.87528,3.128,10,0.05071,0.2487,-13.23,4026.1
4690500047016009728,68,12.6,0.7,0.25,1.677,6.708,0.39049,1388.2,0.83043,-2789.4,0.20868,14.879,1.1637,0.24948,-2798.4,0.084522,0.24745,-2785.8,0.85029,3.375,10,0.05577,0.24974,-12.624,4177.6
4690500047016009728,68,12.6,1.5,0.1,0.6708,6.708,0.39049,1199.6,0.79556,-2836.2,0.23345,13.024,1.1575,0.24552,-2847.2,0.081478,0.2444,-2831,0.88316,2.7392,10,0.060891,0.24605,-16.203,4035.8
4690500047016009728,68,12.6,1.5,0.25,1.677,6.708,0.39049,1546.9,0.86097,-2769.3,0.31979,11.657,1.213,0.24414,-2780.6,0.12638,0.24093,-2762.7,0.56339,4.8926,1.8849,0.092941,0.24351,-17.906,4316.2
4690500047016009728,68,12.6,3,0.1,0.6708,6.708,0.39049,1089.5,0.77588,-2753.3,0.26534,11.468,1.1231,0.24286,-2766.7,0.11129,0.24488,-2748.4,0.92487,2.3295,10,0.097118,0.24616,-18.252,3842.8
4690500047016009728,68,12.6,3,0.25,1.677,6.708,0.39049,1758.1,0.90333,-2399,0.59978,8.2777,1.217,0.23934,-2410.4,0.25631,0.23941,-2392,0.74031,5.868,1.2449,-0.01599,0.23968,-18.411,4157
4690500184455105536,28,12.5,0.3,0.1,0.55391,5.5391,0.29868,-205.79,0.57533,-2960.8,0.16664,10.671,1.1816,0.25185,-2971.7,0.16588,0.25549,-2953.9,0.02,35.643,0.97898,0.0021292,0.25081,-17.865,2755
4690500184455105536,28,12.5,0.3,0.25,1.3848,5.5391,0.29868,-293.02,0.56301,-2966.8,0.18344,9.8895,1.1976,0.25191,-2977.9,0.16169,0.25534,-2959.9,0.02,30.081,0.95475,0.024741,0.25057,-18.071,2673.8
4690500184455105536,28,12.5,0.7,0.1,0.55391,5.5391,0.29868,-149.8,0.58339,-2955.4,0.18637,10.125,1.2074,0.25215,-2966.8,0.17272,0.25536,-2948.5,0.02,35.547,0.98497,0.028113,0.2511,-18.361,2805.6
4690500184455105536,28,12.5,0.7,0.25,1.3848,5.5391,0.29868,48.636,0.61285,-2896.7,0.24204,9.1771,1.2631,0.25413,-2908.5,0.21143,0.25672,-2889.7,0.21329,7.928,1.2058,-0.047974,0.25399,-18.758,2945.4
4690500184455105536,28,12.5,1.5,0.1,0.55391,5.5391,0.29868,-52.886,0.59759,-2960.1,0.21079,9.573,1.231,0.25099,-2971.7,0.18961,0.25382,-2954.9,2.4931,0.61724,4.7175,0.11065,0.25501,-16.821,2907.3
4690500184455105536,28,12.5,1.5,0.25,1.3848,5.5391,0.29868,6.0015,0.60639,-2933.8,0.24574,8.9636,1.2127,0.24676,-2942.1,0.25046,0.25128,-2926.8,0.24023,7.204,1.1598,-0.050577,0.2465,-15.328,2939.8
4690500184455105536,28,12.5,3,0.1,0.55391,5.5391,0.29868,-149.75,0.58339,-2909.8,0.13128,12.049,1.0713,0.24695,-2912.4,0.2306,0.25498,-2902.4,0.10282,12.218,1.0196,-0.17078,0.24652,-9.9792,2760
4690500184455105536,28,12.5,3,0.25,1.3848,5.5391,0.29868,440.43,0.67545,-2626.4,1.0774,4.3858,1.5343,0.24652,-2606.6,0.51573,0.24801,-2632.3,3.1159,1.5426,2.4962,0.10824,0.25124,25.611,3066.8
4690500184455105536,67,12.5,0.3,0.1,0.87422,8.7422,0.22745,2069.6,0.96598,-3882.5,0.02,193.59,1.2947,0.21705,-3879.1,0.096628,0.21572,-3880.4,0.31347,11.695,4.8655,0.035688,0.21732,1.3696,5952.1
4690500184455105536,67,12.5,0.3,0.25,2.1856,8.7422,0.22745,2045.6,0.96076,-3897,0.027408,136.69,1.3044,0.21585,-3895,0.10124,0.21448,-3894.2,0.32201,11.316,4.4878,0.043514,0.216,-0.78342,5942.6
4690500184455105536,67,12.5,0.7,0.1,0.87422,8.7422,0.22745,2075.2,0.96721,-3875.2,0.02,199.62,1.2999,0.2173,-3871.8,0.10012,0.21586,-3872.5,0.3211,11.602,4.1866,0.036574,0.21756,0.6694,5950.4
4690500184455105536,67,12.5,0.7,0.25,2.1856,8.7422,0.22745,2061.8,0.96429,-3848.1,0.05124,67.191,1.3142,0.21681,-3849.4,0.12061,0.21553,-3845.5,0.34908,10.042,6.8599,0.073567,0.21683,-3.953,5909.9
4690500184455105536,67,12.5,1.5,0.1,0.87422,8.7422,0.22745,1985.8,0.94788,-3845.6,0.02,169.64,1.2499,0.21643,-3847.3,0.11591,0.21602,-3842.7,0.32452,10.54,6.1116,0.068314,0.21743,-4.5061,5831.4
4690500184455105536,67,12.5,1.5,0.25,2.1856,8.7422,0.22745,2192.4,0.99312,-3633.3,0.39482,11.881,1.5004,0.21249,-3644.3,0.30239,0.20995,-3635.5,2.8323,0.94586,6.0591,0.2247,0.21239,-8.7692,5825.7
4690500184455105536,67,12.5,3,0.1,0.87422,8.7422,0.22745,2122.5,0.97757,-3610.1,0.02,127.06,1.1131,0.21229,-3617,0.25153,0.21708,-3604,4.4473,0.4559,3.7109,0.16907,0.21797,-13.021,5732.6
4690500184455105536,67,12.5,3,0.25,2.1856,8.7422,0.22745,2655.5,1.1025,-2955.9,0.56494,10.159,1.3168,0.20896,-2944.2,0.56992,0.21271,-2980.4,4.8336,1.2387,3.0396,0.28604,0.22043,36.19,5611.4
4690500184455105536,68,12.5,0.3,0.1,0.93462,9.3462,0.39049,413.97,0.66536,-3541.6,0.13084,15.458,1.1109,0.2175,-3547.7,-0.19313,0.21699,-3535.7,0.23751,7.1201,10,-0.21077,0.21799,-11.959,3955.5
4690500184455105536,68,12.5,0.3,0.25,2.3365,9.3462,0.39049,89.743,0.61805,-3547.9,0.20214,10.761,1.1552,0.219,-3556.9,-0.20279,0.21765,-3540.6,0.31291,5.6559,1.77,-0.23971,0.21947,-16.316,3637.6
4690500184455105536,68,12.5,0.7,0.1,0.93462,9.3462,0.39049,295.11,0.64761,-3579.2,0.1212,15.934,1.1055,0.21692,-3584.9,-0.20688,0.21644,-3571.8,0.23689,7.9574,1.9319,-0.23963,0.21816,-13.135,3874.4
4690500184455105536,68,12.5,0.7,0.25,2.3365,9.3462,0.39049,604.33,0.69481,-3547.6,0.20716,12.376,1.2107,0.21862,-3550.6,-0.17938,0.215,-3540.4,0.31608,7.4998,1.689,-0.24819,0.21817,-10.196,4151.9
4690500184455105536,68,12.5,1.5,0.1,0.93462,9.3462,0.39049,225.16,0.63739,-3527.1,0.31819,8.4115,1.2353,0.2181,-3537.1,-0.17281,0.21495,-3520,1.2327,1.7529,3.4062,-0.20927,0.21698,-17.129,3752.3
4690500184455105536,68,12.5,1.5,0.25,2.3365,9.3462,0.39049,153.23,0.62705,-3349.3,0.69315,5.2383,1.3303,0.21697,-3361.1,-0.086605,0.21313,-3342.9,2.8414,0.84407,2.8437,-0.13838,0.2159,-18.217,3502.5
4690500184455105536,68,12.5,3,0.1,0.93462,9.3462,0.39049,230,0.63809,-3381.2,0.38903,7.1537,1.1678,0.21382,-3395.1,-0.10805,0.21443,-3377.9,5.2683,0.31234,10,-0.14372,0.21604,-17.185,3611.2
4690500184455105536,68,12.5,3,0.25,2.3365,9.3462,0.39049,1564.2,0.86436,-2647.8,1.3277,5.2675,1.4436,0.21517,-2644.8,0.16432,0.20521,-2644,2.5436,2.6479,1.7993,-0.10557,0.21796,-0.8156,4212
4690502280398443776,28,13.9,0.3,0.1,0.30443,3.0443,0.29868,-2032.7,0.36555,-2921.4,0.13861,5.6585,1.1367,0.2742,-2933.9,0.072753,0.276,-2915.5,3.7492,0.17681,10,0.036081,0.27488,-18.378,888.65
4690502280398443776,28,13.9,0.3,0.25,0.76109,3.0443,0.29868,-2138,0.35612,-2906.5,0.30954,3.2339,1.268,0.27486,-2918.7,0.091934,0.2764,-2901.1,3.6975,0.19719,10,0.046011,0.27521,-17.644,768.53
4690502280398443776,28,13.9,0.7,0.1,0.30443,3.0443,0.29868,-2112.3,0.3584,-2931.4,0.1365,5.4053,1.1204,0.27391,-2943.8,0.056811,0.27585,-2925.5,3.7682,0.17635,10,0.018955,0.27466,-18.266,819.14
4690502280398443776,28,13.9,0.7,0.25,0.76109,3.0443,0.29868,-1993.8,0.36909,-2891.7,0.36385,3.2385,1.3588,0.27507,-2904.3,0.13002,0.27598,-2884.9,3.1817,0.2362,3.1685,0.087118,0.27519,-19.399,897.85
4690502280398443776,28,13.9,1.5,0.1,0.30443,3.0443,0.29868,-2006.5,0.36793,-2883.7,0.29742,3.5379,1.2382,0.27461,-2895.1,0.13234,0.27656,-2878.4,3.5997,0.22834,10,0.07321,0.27541,-16.627,877.22
4690502280398443776,28,13.9,1.5,0.25,0.76109,3.0443,0.29868,-1897.9,0.37799,-2824.1,0.62191,2.4515,1.3582,0.27346,-2826.3,0.25504,0.27607,-2821.5,2.2692,0.74386,2.5611,-0.014348,0.27504,-4.726,926.23
4690502280398443776,28,13.9,3,0.1,0.30443,3.0443,0.29868,-1953.4,0.37282,-2862.7,0.12688,5.8611,1.037,0.27412,-2871.4,0.13042,0.27837,-2859.2,4.1839,0.24161,9.7262,0.0562,0.27599,-12.238,909.31
4690502280398443776,28,13.9,3,0.25,0.76109,3.0443,0.29868,-1578.4,0.40919,-2677.5,0.53592,2.981,1.1276,0.27175,-2661.7,0.39052,0.28063,-2672.8,2.9994,0.76904,1.9979,0.082734,0.27559,11.127,1099.1
4690506914646214912,28,12.1,0.3,0.1,0.60239,6.0239,0.28674,-4134.2,0.21695,-4332.5,1.5822,0.4949,5.2557,0.19799,-4320.5,-0.45616,0.19736,-4319.9,1.6375,0.44838,6.0108,-0.97649,0.19788,-0.59797,198.32
4690506914646214912,28,12.1,0.3,0.25,1.506,6.0239,0.28674,-3627.5,0.24603,-4268.4,0.82707,1.217,2.1436,0.19809,-4277.1,-0.35808,0.19717,-4262.6,1.3708,0.56165,4.2672,-0.54556,0.19788,-14.488,640.83
4690506914646214912,28,12.1,0.7,0.1,0.60239,6.0239,0.28674,-3897.8,0.23007,-4304.8,1.2688,0.75183,3.8085,0.19787,-4300.2,-0.38365,0.19665,-4293.8,1.3394,0.6506,4.3265,-0.80704,0.19766,-6.4835,406.99
4690506914646214912,28,12.1,0.7,0.25,1.506,6.0239,0.28674,-3150.4,0.27697,-4207.3,1.0262,1.4226,2.7197,0.19846,-4208.9,-0.21421,0.19618,-4200.9,1.3104,0.87775,5.0192,-0.43962,0.19785,-7.94,1056.8
4690506914646214912,28,12.1,1.5,0.1,0.60239,6.0239,0.28674,-3712.1,0.24092,-4213,1.6719,0.76533,2.9742,0.19865,-4202.8,-0.24578,0.19761,-4204.7,1.9379,0.60361,4.0212,-0.73054,0.19876,1.8956,500.9
4690506914646214912,28,12.1,1.5,0.25,1.506,6.0239,0.28674,-2611.3,0.31663,-3962.4,1.4499,1.5093,2.0058,0.20011,-3953.3,0.029697,0.19859,-3952.9,1.5755,1.3584,2.1046,-0.59063,0.20017,-0.42765,1351.1
4690506914646214912,28,12.1,3,0.1,0.60239,6.0239,0.28674,-3390,0.26098,-4006.9,2.1327,0.84691,1.7073,0.19849,-3969.9,-0.042197,0.20163,-3994.7,2.2222,0.81006,1.731,-0.86933,0.19851,24.813,616.9
4690506914646214912,28,12.1,3,0.25,1.506,6.0239,0.28674,-1524.8,0.41468,-3373.7,2.9673,1.5317,1.7828,0.19757,-3283.5,0.44758,0.19994,-3366,3.3881,1.3605,1.9069,-0.50589,0.19833,82.528,1848.9
4690506914646214912,67,12.1,0.3,0.1,0.96865,9.6865,0.22745,-411.35,0.5519,-3933,0.02,66.557,1.1229,0.22112,-3939.9,-0.11379,0.22298,-3924.8,0.31123,5.1373,7.2364,-0.1519,0.22392,-15.069,3521.6
4690506914646214912,67,12.1,0.3,0.25,2.4216,9.6865,0.22745,-203.86,0.57835,-3889.1,0.02,71.549,1.1184,0.2209,-3897,-0.074418,0.22315,-3880.7,0.28752,5.4994,7.7896,-0.10215,0.22389,-16.262,3685.3
4690506914646214912,67,12.1,0.7,0.1,0.96865,9.6865,0.22745,-182.9,0.58109,-3888.8,0.02,71.662,1.12,0.2211,-3896.9,-0.077008,0.22331,-3880.3,0.28376,5.5878,6.4273,-0.10385,0.22401,-16.666,3705.9
4690506914646214912,67,12.1,0.7,0.25,2.4216,9.6865,0.22745,-515.66,0.53906,-3857.6,0.14716,11.672,1.2021,0.21921,-3870.2,-0.020151,0.22129,-3850.4,0.19854,1.3791,0.79351,-0.054485,0.21785,-19.836,3341.9
4690506914646214912,67,12.1,1.5,0.1,0.96865,9.6865,0.22745,-371,0.55694,-3878.6,0.026967,48.806,1.0857,0.21832,-3888.8,-0.044917,0.22183,-3869.3,0.27939,4.3321,10,-0.057378,0.22217,-19.42,3507.6
4690506914646214912,67,12.1,1.5,0.25,2.4216,9.6865,0.22745,748.38,0.71697,-3462.9,0.49646,7.2712,1.3665,0.21927,-3466.9,0.25891,0.22044,-3464.2,3.6271,0.84824,3.2845,0.094014,0.22315,-2.7002,4211.3
4690506914646214912,67,12.1,3,0.1,0.96865,9.6865,0.22745,95.745,0.6188,-3605.3,0.037546,31.042,0.9559,0.20997,-3589.9,0.1723,0.22216,-3609.5,5.667,0.43872,5.9009,-0.027431,0.22265,19.559,3701.1
4690506914646214912,67,12.1,3,0.25,2.4216,9.6865,0.22745,1214.5,0.79648,-2795.8,1.3445,4.731,1.4445,0.21614,-2742,0.56015,0.21937,-2802.6,3.2016,2.162,1.9257,-0.0091804,0.22327,60.554,4010.3
4690506914646214912,68,12.1,0.3,0.1,0.92375,9.2375,0.39049,-1595.7,0.42123,-4329,0.28164,5.511,1.138,0.18731,-4342,-0.33095,0.18756,-4322.3,0.25227,2.6176,10,-0.33696,0.18781,-19.708,2733.3
4690506914646214912,68,12.1,0.3,0.25,2.3094,9.2375,0.39049,-1406.4,0.43976,-4308.8,0.2617,6.1003,1.1395,0.18747,-4321.4,-0.31885,0.1875,-4302,0.3391,2.5216,6.3808,-0.32752,0.18786,-19.377,2902.4
4690506914646214912,68,12.1,0.7,0.1,0.92375,9.2375,0.39049,-1263.8,0.45426,-4296.8,0.25649,6.5044,1.1575,0.18824,-4308.6,-0.31366,0.18767,-4290.3,0.49255,2.5077,3.2855,-0.332,0.18844,-18.271,3033
4690506914646214912,68,12.1,0.7,0.25,2.3094,9.2375,0.39049,-1104.7,0.471,-4167,0.49694,4.5286,1.2509,0.18912,-4180.3,-0.2492,0.18775,-4165.3,3.6842,0.39989,10,-0.30121,0.18962,-14.992,3062.3
4690506914646214912,68,12.1,1.5,0.1,0.92375,9.2375,0.39049,-1286.4,0.45193,-4251.9,0.45241,4.5653,1.2318,0.18709,-4265.3,-0.27514,0.18605,-4251.3,3.9845,0.35164,10,-0.33036,0.18768,-14.044,2965.5
4690506914646214912,68,12.1,1.5,0.25,2.3094,9.2375,0.39049,13.005,0.60736,-3940.5,0.97426,4.3316,1.5587,0.18963,-3940.5,-0.10497,0.18162,-3934.6,2.3482,1.4481,2.9675,-0.21022,0.18675,-5.9448,3953.5
4690506914646214912,68,12.1,3,0.1,0.92375,9.2375,0.39049,-919.21,0.4913,-4023.9,1.0116,3.2706,1.432,0.18825,-4030.9,-0.15867,0.18457,-4027.1,3.9168,0.55884,10,-0.23852,0.18821,-3.7373,3104.7
4690506914646214912,68,12.1,3,0.25,2.3094,9.2375,0.39049,376.12,0.65966,-3379.9,2.6416,2.815,1.8737,0.1869,-3337.3,0.1165,0.17093,-3373.1,3.3227,2.1705,2.107,-0.36599,0.18693,35.79,3756
4690507670561677696,28,12.6,0.3,0.1,0.45303,4.5303,0.29868,2869.3,1.2344,1746.7,0.288,12.853,1.1857,0.85194,1739.4,0.54327,0.86198,1753.5,1.9336,2.1017,1.882,0.39511,0.85651,-14.097,1122.6
4690507670561677696,28,12.6,0.3,0.25,1.1326,4.5303,0.29868,2844.4,1.2268,1731.9,0.31327,12.142,1.1987,0.8481,1725,0.54727,0.85808,1738.5,1.8072,2.3115,1.8423,0.38272,0.85263,-13.513,1112.5
4690507670561677696,28,12.6,0.7,0.1,0.45303,4.5303,0.29868,2827.9,1.2218,1740.6,0.28988,12.547,1.1801,0.8511,1733.5,0.53776,0.86144,1747.3,1.9863,2.0494,1.9012,0.38714,0.8558,-13.747,1087.3
4690507670561677696,28,12.6,0.7,0.25,1.1326,4.5303,0.29868,2888.8,1.2404,1752.1,0.26476,13.552,1.163,0.85221,1745.1,0.54505,0.86301,1758.8,2.0216,2.0348,1.9095,0.39679,0.85732,-13.764,1136.6
4690507670561677696,28,12.6,1.5,0.1,0.45303,4.5303,0.29868,2891.7,1.2413,1755.7,0.30473,12.534,1.1902,0.85199,1749,0.55508,0.86242,1762.4,1.8031,2.3578,1.8287,0.38832,0.85678,-13.325,1136
4690507670561677696,28,12.6,1.5,0.25,1.1326,4.5303,0.29868,2933.1,1.2542,1759.7,0.35837,11.723,1.2309,0.85053,1753.6,0.57586,0.86023,1766,1.9333,2.3468,1.9342,0.40167,0.85494,-12.385,1173.4
4690507670561677696,28,12.6,3,0.1,0.45303,4.5303,0.29868,2875.4,1.2363,1757.1,0.29808,12.554,1.1756,0.85176,1750.9,0.55429,0.86296,1763.6,1.9396,2.2237,1.8504,0.38737,0.85661,-12.692,1118.4
4690507670561677696,28,12.6,3,0.25,1.1326,4.5303,0.29868,3102.8,1.3081,1825.2,0.32938,12.956,1.1508,0.85041,1824.6,0.63648,0.86654,1831,2.5161,2.1865,1.9857,0.43578,0.85737,-6.3369,1277.6
4690507670561677696,67,12.6,0.3,0.1,0.40295,4.0295,0.24598,3950.9,1.4768,-819.48,0.094681,42.464,1.0764,0.38463,-807.72,0.8965,0.40505,-812.44,0.093326,42.214,1.0723,-0.015273,0.38454,4.7108,4770.4
4690507670561677696,67,12.6,0.3,0.25,1.0074,4.0295,0.24598,3960.9,1.4801,-821.1,0.096068,42.406,1.0802,0.38459,-809.83,0.89703,0.40471,-814.06,0.094747,42.139,1.0762,-0.013647,0.3845,4.2235,4782
4690507670561677696,67,12.6,0.7,0.1,0.40295,4.0295,0.24598,3935.1,1.4715,-818.32,0.096585,41.575,1.0761,0.38465,-806.31,0.89672,0.40516,-811.28,0.095296,41.298,1.072,-0.015944,0.38457,4.966,4753.4
4690507670561677696,67,12.6,0.7,0.25,1.0074,4.0295,0.24598,3892.3,1.4574,-819.74,0.10831,38.032,1.0826,0.38379,-807.41,0.90106,0.40419,-812.7,0.10737,37.638,1.0788,-0.0142,0.38371,5.2927,4712.1
4690507670561677696,67,12.6,1.5,0.1,0.40295,4.0295,0.24598,3888.5,1.4561,-822.25,0.093151,42.078,1.0682,0.3835,-808.82,0.89735,0.40476,-815.21,0.091952,41.76,1.0641,-0.016634,0.38342,6.3855,4710.7
4690507670561677696,67,12.6,1.5,0.25,1.0074,4.0295,0.24598,4063.7,1.5149,-807.59,0.094284,43.604,1.0776,0.3838,-795.55,0.90717,0.40429,-800.54,0.093028,43.361,1.0739,-0.017596,0.38373,4.9949,4871.3
4690507670561677696,67,12.6,3,0.1,0.40295,4.0295,0.24598,3933,1.4708,-818.18,0.087118,44.802,1.0657,0.38354,-804.66,0.89851,0.40499,-811.14,0.085719,44.577,1.0615,-0.015245,0.38344,6.4747,4751.2
4690507670561677696,67,12.6,3,0.25,1.0074,4.0295,0.24598,4033.6,1.5046,-772.89,0.10917,39.167,1.0818,0.38389,-758.57,0.9216,0.40548,-765.85,0.10836,38.764,1.0782,-0.012341,0.38381,7.2836,4806.5
4690507670561677696,68,12.6,0.3,0.1,0.71535,7.1535,0.39049,-1926,0.39074,-2743.9,0.33001,3.4162,1.3546,0.30505,-2751.9,-0.44382,0.30204,-2736.1,0.17462,3.2893,10,-0.47058,0.30266,-15.823,817.94
4690507670561677696,68,12.6,0.3,0.25,1.7884,7.1535,0.39049,-1876.7,0.39515,-2765.7,0.32869,3.629,1.478,0.30506,-2768.8,-0.44813,0.30103,-2756.9,0.46037,2.4214,2.2687,-0.60683,0.30373,-11.905,889.01
4690507670561677696,68,12.6,0.7,0.1,0.71535,7.1535,0.39049,-1819.8,0.40029,-2702.3,0.35377,3.4373,1.324,0.30575,-2712.1,-0.40926,0.30294,-2695.1,0.18525,3.1166,10,-0.4313,0.30351,-16.953,882.55
4690507670561677696,68,12.6,0.7,0.25,1.7884,7.1535,0.39049,-1105.5,0.47092,-2628.6,0.42406,4.3575,1.512,0.30679,-2631.8,-0.3014,0.30131,-2620.1,0.4797,3.4875,1.7882,-0.50563,0.30527,-11.67,1523.1
4690507670561677696,68,12.6,1.5,0.1,0.71535,7.1535,0.39049,-1610.7,0.4198,-2659.5,0.27501,4.3166,1.1803,0.30429,-2670.9,-0.35913,0.30271,-2655.4,0.17363,4.0685,10,-0.38327,0.30344,-15.501,1048.8
4690507670561677696,68,12.6,1.5,0.25,1.7884,7.1535,0.39049,-569.43,0.53199,-2487.3,0.64917,4.1014,1.5181,0.30523,-2496.2,-0.16704,0.29904,-2482.5,2.2016,0.83001,8.5985,-0.24539,0.30164,-13.641,1917.9
4690507670561677696,68,12.6,3,0.1,0.71535,7.1535,0.39049,-1577.7,0.42295,-2551.2,0.11125,6.227,0.84352,0.29551,-2560.4,-0.28187,0.3052,-2543.1,38.105,0.22156,0.83247,-0.31154,0.27231,-17.333,973.46
4690507670561677696,68,12.6,3,0.25,1.7884,7.1535,0.39049,-191.65,0.57973,-2010,2.7062,2.1812,1.9501,0.30698,-1981.5,0.12629,0.29489,-2003.5,3.2825,1.767,2.281,-0.42146,0.3083,22.034,1818.4
4690507881037706112,28,13.1,0.3,0.1,0.20279,2.0279,0.29868,-6978.5,0.10708,-7506.2,0.02,5.5647,0.96283,0.089091,-7516.4,-0.3903,0.089933,-7496.8,0.20211,0.58397,10,-0.41593,0.090031,-19.569,527.68
4690507881037706112,28,13.1,0.3,0.25,0.50697,2.0279,0.29868,-7087.9,0.10421,-7499.5,0.11284,1.3652,1.0168,0.089117,-7510.6,-0.39176,0.09008,-7497.6,4.9444,0.059893,10,-0.43756,0.088873,-13.013,411.6
4690507881037706112,28,13.1,0.7,0.1,0.20279,2.0279,0.29868,-6977.1,0.10711,-7481.4,0.10716,1.5276,0.98836,0.088701,-7490.8,-0.33244,0.090003,-7480.7,4.826,0.068375,9.3796,-0.39517,0.088671,-10.046,504.37
4690507881037706112,28,13.1,0.7,0.25,0.50697,2.0279,0.29868,-6451.7,0.12204,-7415.4,0.23899,1.4152,1.2274,0.089155,-7427.7,-0.17701,0.089737,-7412.1,4.2255,0.070597,6.4936,-0.23006,0.089111,-15.588,963.7
4690507881037706112,28,13.1,1.5,0.1,0.20279,2.0279,0.29868,-7080.5,0.1044,-7458.6,0.23664,0.80956,0.9686,0.088558,-7460.5,-0.3241,0.090633,-7458.4,4.2869,0.091651,5.4805,-0.45081,0.089041,-2.0214,378.13
4690507881037706112,28,13.1,1.5,0.25,0.50697,2.0279,0.29868,-6048.4,0.13489,-7258.6,1.5942,0.58799,2.0501,0.088563,-7242.2,0.13439,0.088677,-7264.3,3.2916,0.23364,6.031,-0.18908,0.088866,22.138,1210.2
4690507881037706112,28,13.1,3,0.1,0.20279,2.0279,0.29868,-6799.8,0.11193,-7307.7,1.4996,0.3988,1.4385,0.089001,-7275.9,-0.035749,0.091276,-7315.2,4.3683,0.15228,5.8376,-0.4346,0.089687,39.336,507.85
4690507881037706112,28,13.1,3,0.25,0.50697,2.0279,0.29868,-5050.8,0.1728,-6793.8,3.126,0.60236,2.2772,0.089799,-6707.9,0.51371,0.089408,-6790.3,3.8784,0.47819,2.7417,-0.28405,0.09014,82.422,1743
4690507881037706112,67,13.1,0.3,0.1,0.3467,3.467,0.20892,-4763.8,0.20671,-7648,1.0687,1.3326,2.3867,0.09515,-7637,0.11806,0.092446,-7640.7,1.2327,1.0821,2.8431,-0.24784,0.094764,3.6737,2884.2
4690507881037706112,67,13.1,0.3,0.25,0.86676,3.467,0.20892,-4467.1,0.22102,-7619.1,0.93422,1.5646,2.1406,0.094967,-7613.8,0.13454,0.092448,-7612.2,1.1789,1.1364,2.6652,-0.16477,0.094535,-1.6122,3152
4690507881037706112,67,13.1,0.7,0.1,0.3467,3.467,0.20892,-4777.4,0.20607,-7646.1,1.0693,1.3256,2.3698,0.095162,-7636.7,0.11704,0.092487,-7639.1,1.3208,0.97613,3.0851,-0.18975,0.094649,2.4188,2868.7
4690507881037706112,67,13.1,0.7,0.25,0.86676,3.467,0.20892,-4277.2,0.2307,-7638,0.96026,1.6307,2.2342,0.094308,-7627.4,0.15509,0.091396,-7630.2,1.0502,1.4292,2.5015,-0.23064,0.09393,2.8285,3360.8
4690507881037706112,67,13.1,1.5,0.1,0.3467,3.467,0.20892,-4550.4,0.2169,-7609,1.1357,1.3763,2.3893,0.094963,-7592.9,0.16532,0.09186,-7601.1,1.231,1.2185,2.671,-0.26862,0.094662,8.2129,3058.5
4690507881037706112,67,13.1,1.5,0.25,0.86676,3.467,0.20892,-3913,0.25046,-7383,1.1115,1.6607,1.8884,0.094698,-7374,0.29134,0.091993,-7375.2,1.2115,1.4921,1.9725,-0.29914,0.094702,1.2188,3470.1
4690507881037706112,67,13.1,3,0.1,0.3467,3.467,0.20892,-4233.3,0.23299,-7387.4,0.87427,1.7403,1.5877,0.094051,-7387.1,0.26519,0.092884,-7379,0.90428,1.6463,1.6016,-0.38447,0.094031,-8.0723,3154.1
4690507881037706112,67,13.1,3,0.25,0.86676,3.467,0.20892,-3230.9,0.29213,-6756.7,1.8237,1.4891,1.6378,0.093284,-6708.3,0.56764,0.091879,-6749.3,2.0346,1.3397,1.6947,-0.29298,0.093537,40.996,3525.9
4690507881037706112,68,13.1,0.3,0.1,0.35938,3.5938,0.30046,-7267,0.11594,-7842.8,0.9133,0.52096,1.1372,0.091085,-7836.2,-0.42275,0.093076,-7852.6,4.7574,0.12884,6.702,-0.64614,0.092171,16.369,575.74
4690507881037706112,68,13.1,0.3,0.25,0.89844,3.5938,0.30046,-6717.8,0.13137,-7802.5,0.14303,1.8229,0.91763,0.090646,-7808.1,-0.37491,0.092638,-7812.7,4.813,0.11976,7.5867,-0.52409,0.092028,4.5647,1084.7
4690507881037706112,68,13.1,0.7,0.1,0.35938,3.5938,0.30046,-7063,0.12145,-7820.7,0.78864,0.63667,1.1752,0.091245,-7820.9,-0.38561,0.092595,-7827.3,4.4824,0.13058,7.4339,-0.5681,0.092186,6.4209,757.71
4690507881037706112,68,13.1,0.7,0.25,0.89844,3.5938,0.30046,-6089.2,0.15156,-7750.6,0.48436,1.3089,1.2524,0.091118,-7763.3,-0.27873,0.091097,-7753,4.2544,0.1183,10,-0.35817,0.091154,-10.258,1661.5
4690507881037706112,68,13.1,1.5,0.1,0.35938,3.5938,0.30046,-6677.7,0.13257,-7730.8,1.3228,0.60252,1.4591,0.091324,-7726.8,-0.27009,0.091703,-7738.3,4.3493,0.17003,6.438,-0.48606,0.092019,11.462,1053.1
4690507881037706112,68,13.1,1.5,0.25,0.89844,3.5938,0.30046,-4956.7,0.1961,-7471.9,1.6032,0.99911,1.9765,0.092138,-7456.9,-0.051888,0.08965,-7464.3,1.9972,0.76079,2.2533,-0.46097,0.091911,7.3472,2515.2
4690507881037706112,68,13.1,3,0.1,0.35938,3.5938,0.30046,-6216.6,0.14723,-7515.8,2.7755,0.49787,2.1366,0.092509,-7480.2,-0.098034,0.091285,-7511.8,4.0622,0.32174,3.1968,-0.53519,0.092694,31.601,1299.2
4690507881037706112,68,13.1,3,0.25,0.89844,3.5938,0.30046,-3862.5,0.25152,-6811.7,3.0314,0.96871,2.1187,0.0939,-6752.3,0.23468,0.088071,-6804.9,3.5361,0.81346,2.3452,-0.39385,0.094023,52.621,2949.1
4690519769509887488,28,12.3,0.3,0.1,0.69443,6.9443,0.29271,-1504.9,0.41672,-4576.2,0.02,52.422,1.1383,0.17358,-4582.6,-0.1975,0.17479,-4568.6,0.2749,4.1542,10,-0.23572,0.17539,-13.975,3071.3
4690519769509887488,28,12.3,0.3,0.25,1.7361,6.9443,0.29271,-1241.9,0.44485,-4473.6,0.042836,26.608,1.1477,0.17566,-4482.4,-0.14261,0.17729,-4465.9,0.038791,99989,10,-0.15652,0.17755,-16.482,3231.8
4690519769509887488,28,12.3,0.7,0.1,0.69443,6.9443,0.29271,-1552.5,0.41183,-4584.6,0.02,49.832,1.1309,0.17348,-4590.8,-0.20533,0.17471,-4576.4,0.2682,4.1371,10,-0.24256,0.17529,-14.382,3032.1
4690519769509887488,28,12.3,0.7,0.25,1.7361,6.9443,0.29271,-1244.1,0.4446,-4437.4,0.24803,7.1435,1.403,0.17673,-4450.3,-0.084388,0.17611,-4431.5,0.87321,1.1592,10,-0.10998,0.17659,-18.781,3193.3
4690519769509887488,28,12.3,1.5,0.1,0.69443,6.9443,0.29271,-1444.7,0.42301,-4454.8,0.085396,13.014,1.1121,0.17216,-4464.6,-0.083037,0.17534,-4444.6,0.029552,99967,8.1434,-0.086784,0.17541,-20.031,3010.2
4690519769509887488,28,12.3,1.5,0.25,1.7361,6.9443,0.29271,-988.04,0.47378,-4175.8,0.55968,4.42,1.3438,0.172,-4177.2,0.15725,0.17442,-4169.7,1.2266,1.9035,1.5434,-0.13965,0.17338,-7.4587,3187.8
4690519769509887488,28,12.3,3,0.1,0.69443,6.9443,0.29271,-1420.6,0.42554,-4261.4,0.14163,7.6966,0.97518,0.16373,-4239,0.11599,0.17442,-4260.3,4.2575,0.54678,2.0427,-0.16207,0.1707,21.294,2840.8
4690519769509887488,28,12.3,3,0.25,1.7361,6.9443,0.29271,-180.85,0.57891,-3681.3,1.5202,3.2214,1.513,0.16613,-3631.7,0.47551,0.16826,-3683.5,3.2321,1.6066,1.9767,-0.077625,0.17003,51.745,3500.5
4690519769509887488,67,12.3,0.3,0.1,1.1694,11.694,0.24598,-419.35,0.5509,-4708.7,0.22572,8.9946,1.2132,0.1683,-4713.1,0.0006311,0.17193,-4705.3,3.0434,0.63908,2.3304,-0.15366,0.17219,-7.8711,4289.4
4690519769509887488,67,12.3,0.3,0.25,2.9236,11.694,0.24598,-730.37,0.51357,-4759.3,0.25278,7.7071,1.2208,0.16777,-4762.8,-0.020552,0.17117,-4757,3.134,0.6175,2.5706,-0.18824,0.1718,-5.8619,4028.9
4690519769509887488,67,12.3,0.7,0.1,1.1694,11.694,0.24598,-415.37,0.5514,-4692,0.29142,7.6683,1.2669,0.16935,-4697.6,0.0079906,0.1721,-4689.1,2.9199,0.68973,2.4946,-0.14705,0.17297,-8.5589,4276.7
4690519769509887488,67,12.3,0.7,0.25,2.9236,11.694,0.24598,624.26,0.69717,-4639.4,0.26452,10.879,1.3419,0.17008,-4652,0.046913,0.17121,-4632.5,0.96512,1.547,1.4966,-0.028873,0.17077,-19.491,5263.7
4690519769509887488,67,12.3,1.5,0.1,1.1694,11.694,0.24598,-234.01,0.57443,-4575.8,0.50981,5.7638,1.3788,0.16947,-4576.5,0.090208,0.17113,-4575.2,2.7849,0.96699,2.5144,-0.12447,0.17329,-1.3199,4341.8
4690519769509887488,67,12.3,1.5,0.25,2.9236,11.694,0.24598,1223.2,0.79804,-4325.7,0.74491,6.7726,1.6255,0.17199,-4326.9,0.2271,0.1694,-4320.7,1.4708,2.942,1.9683,-0.037035,0.17274,-6.1565,5548.9
4690519769509887488,67,12.3,3,0.1,1.1694,11.694,0.24598,42.649,0.61143,-4316.2,0.59191,5.5248,1.273,0.16411,-4289.6,0.23731,0.17006,-4318.2,2.9042,1.2966,1.9005,-0.14037,0.16982,28.538,4358.8
4690519769509887488,67,12.3,3,0.25,2.9236,11.694,0.24598,1785.8,0.90605,-3175.9,2.0393,4.5259,1.7131,0.17585,-3099.2,0.60478,0.171,-3171,2.5171,3.6642,1.828,-0.22741,0.17768,71.751,4961.6
4690519769509887488,68,12.3,0.3,0.1,1.2647,12.647,0.39049,2078.2,0.97156,-2922.1,0.21145,17.266,1.1711,0.22892,-2926.9,-0.14878,0.22477,-2917.3,0.90104,3.9463,10,-0.17715,0.22746,-9.5402,5000.3
4690519769509887488,68,12.3,0.3,0.25,3.1618,12.647,0.39049,1668.7,0.88516,-3129.9,0.27028,13.717,1.2132,0.2209,-3134.7,-0.17415,0.21539,-3128.3,0.90404,3.8872,10,-0.20672,0.21826,-6.4719,4798.7
4690519769509887488,68,12.3,0.7,0.1,1.2647,12.647,0.39049,1959.5,0.94569,-2931.8,0.2577,14.915,1.2022,0.22978,-2936.9,-0.1508,0.22448,-2927.5,0.90951,3.8667,10,-0.17906,0.22712,-9.4142,4891.4
4690519769509887488,68,12.3,0.7,0.25,3.1618,12.647,0.39049,2341,1.0314,-2981,0.25593,16.7,1.2388,0.22645,-2978.8,-0.13827,0.21871,-2975.4,0.63284,7.1276,2.365,-0.19053,0.22345,-3.4414,5322
4690519769509887488,68,12.3,1.5,0.1,1.2647,12.647,0.39049,1815.1,0.91512,-2985.4,0.32128,12.46,1.2226,0.22498,-2993,-0.1463,0.21947,-2978.8,0.61384,5.5617,1.9693,-0.18789,0.22306,-14.207,4800.5
4690519769509887488,68,12.3,1.5,0.25,3.1618,12.647,0.39049,2273.8,1.0158,-2700.6,0.72402,8.8175,1.4701,0.23809,-2693.3,-0.071421,0.22365,-2693.7,1.0663,5.498,1.8757,-0.21872,0.23419,0.39072,4974.4
4690519769509887488,68,12.3,3,0.1,1.2647,12.647,0.39049,2155.7,0.98884,-2795.6,0.48622,10.347,1.2718,0.22387,-2805.3,-0.078681,0.21703,-2788.1,0.56164,7.3516,1.3687,-0.23432,0.22272,-17.241,4951.3
4690519769509887488,68,12.3,3,0.25,3.1618,12.647,0.39049,3506.9,1.3447,-1965.7,1.1027,9.0973,1.4748,0.23638,-1961.1,0.12916,0.21498,-1961.8,3.3677,2.4728,2.4525,0.0093197,0.2309,0.72579,5472.6
4690521762372716160,28,13.3,0.3,0.1,0.25333,2.5333,0.29271,-5876,0.14079,-6525.1,0.02,8.1085,0.99226,0.11362,-6535.8,-0.34749,0.11429,-6518.3,0.16428,1.2818,10,-0.38646,0.1145,-17.47,649.19
4690521762372716160,28,13.3,0.3,0.25,0.63333,2.5333,0.29271,-5520.8,0.15377,-6521,0.025536,10.881,1.1313,0.11383,-6529.7,-0.29813,0.11385,-6514.9,0.19495,1.5459,7.2811,-0.35461,0.11413,-14.742,1000.2
4690521762372716160,28,13.3,0.7,0.1,0.25333,2.5333,0.29271,-5799.5,0.14349,-6528.2,0.02,8.2621,1.0099,0.11388,-6535.8,-0.3541,0.11437,-6520.9,0.19274,1.3468,7.3985,-0.42772,0.11476,-14.923,728.67
4690521762372716160,28,13.3,0.7,0.25,0.63333,2.5333,0.29271,-5317.6,0.16172,-6453.4,0.24958,1.9093,1.319,0.11362,-6467.1,-0.1668,0.11374,-6447.8,1.0677,0.25719,10,-0.20906,0.11398,-19.304,1135.8
4690521762372716160,28,13.3,1.5,0.1,0.25333,2.5333,0.29271,-5641.2,0.14924,-6467.1,0.23709,1.5923,1.196,0.1134,-6479.3,-0.20774,0.11405,-6462.4,3.2504,0.097175,10,-0.26728,0.11366,-16.876,825.83
4690521762372716160,28,13.3,1.5,0.25,0.63333,2.5333,0.29271,-5087.3,0.17124,-6286,1.1591,0.88124,1.8602,0.11428,-6284.2,0.07522,0.11406,-6278.7,1.5122,0.65182,2.1413,-0.37804,0.11439,-5.4716,1198.8
4690521762372716160,28,13.3,3,0.1,0.25333,2.5333,0.29271,-5504,0.15441,-6317.4,0.25568,1.4335,0.94156,0.11184,-6303.8,-0.026129,0.11597,-6323.1,3.9003,0.18893,7.2023,-0.30899,0.11496,19.359,813.39
4690521762372716160,28,13.3,3,0.25,0.63333,2.5333,0.29271,-4173.7,0.21484,-5880.4,1.6741,1.02,1.4953,0.11277,-5829.2,0.42235,0.11541,-5876.5,2.8837,0.64338,1.8891,-0.20319,0.11401,47.314,1706.7
4690521762372716160,67,13.3,0.3,0.1,0.35621,3.5621,0.24598,-6160.8,0.15082,-7516.8,0.11731,3.408,1.4076,0.10569,-7525.4,-0.37727,0.10532,-7510.2,0.22908,1.4265,6.7518,-0.43064,0.10553,-15.19,1356
4690521762372716160,67,13.3,0.3,0.25,0.89052,3.5621,0.24598,-6279.5,0.14684,-7515,0.37907,1.3615,1.9625,0.10577,-7524.5,-0.35624,0.10509,-7506.2,0.4446,0.96229,2.3653,-0.53507,0.10551,-18.237,1235.5
4690521762372716160,67,13.3,0.7,0.1,0.35621,3.5621,0.24598,-5870.4,0.16104,-7476.8,0.10195,4.1019,1.3065,0.10553,-7487.6,-0.30952,0.10539,-7471,0.16056,2.0259,10,-0.33911,0.10554,-16.601,1606.4
4690521762372716160,67,13.3,0.7,0.25,0.89052,3.5621,0.24598,-5509.6,0.17469,-7369,0.30958,2.0634,1.4199,0.10527,-7382.6,-0.14017,0.1053,-7362,0.94844,0.37996,2.0201,-0.19675,0.1054,-20.616,1859.4
4690521762372716160,67,13.3,1.5,0.1,0.35621,3.5621,0.24598,-6076.4,0.15372,-7350.6,0.28797,1.6241,1.1877,0.10502,-7356.9,-0.15761,0.10628,-7344.4,1.839,0.2902,2.0054,-0.33606,0.10581,-12.527,1274.2
4690521762372716160,67,13.3,1.5,0.25,0.89052,3.5621,0.24598,-4894,0.20073,-7061.1,0.97143,1.2771,1.5524,0.10501,-7047.2,0.1847,0.10558,-7061.3,2.3145,0.55393,2.3486,-0.23799,0.10598,14.127,2167.1
4690521762372716160,67,13.3,3,0.1,0.35621,3.5621,0.24598,-5662.7,0.16876,-7128.2,0.6536,1.164,1.1605,0.1033,-7096.3,0.10469,0.10688,-7129.5,3.0402,0.36115,2.0218,-0.34837,0.10512,33.212,1465.5
4690521762372716160,67,13.3,3,0.25,0.89052,3.5621,0.24598,-3584.8,0.2697,-6463.2,2.0612,1.2539,1.7056,0.1049,-6386.6,0.55483,0.1054,-6463,3.1533,0.83562,2.0471,-0.15765,0.10592,76.465,2878.4
4690521762372716160,68,13.3,0.3,0.1,0.4066,4.066,0.39049,-5255.9,0.1832,-5744.9,0.20716,1.7107,1.0753,0.15437,-5756.9,-0.55214,0.15437,-5737.3,0.43715,0.53404,10,-0.5834,0.15471,-19.565,489.03
4690521762372716160,68,13.3,0.3,0.25,1.0165,4.066,0.39049,-5064.4,0.19135,-5731,0.22474,1.9522,1.18,0.15475,-5741.4,-0.51547,0.15402,-5723.1,0.34071,0.81448,10,-0.54814,0.15439,-18.216,666.6
4690521762372716160,68,13.3,0.7,0.1,0.4066,4.066,0.39049,-5212,0.18504,-5739.7,0.18516,1.8456,1.0315,0.15385,-5751.8,-0.5351,0.15414,-5732.4,0.032593,1e+05,10,-0.54625,0.15427,-19.392,527.71
4690521762372716160,68,13.3,0.7,0.25,1.0165,4.066,0.39049,-4158.3,0.23515,-5568.6,0.79004,1.5115,1.8462,0.15625,-5572.8,-0.30086,0.15315,-5560.7,1.0472,0.99069,2.7193,-0.4815,0.15518,-12.072,1410.3
4690521762372716160,68,13.3,1.5,0.1,0.4066,4.066,0.39049,-5094.6,0.19004,-5683.4,0.71135,0.9793,1.3795,0.15432,-5695.3,-0.45165,0.15395,-5676.2,2.3804,0.16618,10,-0.50224,0.15424,-19.161,588.74
4690521762372716160,68,13.3,1.5,0.25,1.0165,4.066,0.39049,-3632.7,0.26502,-5375.1,1.4521,1.3173,1.9907,0.15564,-5370.5,-0.12486,0.15181,-5366.3,1.7108,1.0401,2.3267,-0.46549,0.15522,-4.2087,1742.4
4690521762372716160,68,13.3,3,0.1,0.4066,4.066,0.39049,-4616.7,0.21187,-5444.9,1.8814,0.76738,1.6758,0.15488,-5437.7,-0.22155,0.15473,-5439.7,3.3856,0.41596,2.6262,-0.52989,0.15535,1.9978,828.18
4690521762372716160,68,13.3,3,0.25,1.0165,4.066,0.39049,-3246.7,0.28934,-4956.4,2.7081,1.0716,1.8697,0.15715,-4925,0.080308,0.15379,-4949.6,3.4516,0.83212,2.195,-0.44943,0.15768,24.579,1709.8
