gaia,sector,Tmag,nu_in,R,a0_in,Af,nu_floor,bic_white,cw_white,bic_slf,nu_slf,a0_slf,g_slf,cw_slf,bic_floor,logk_floor,cw_floor,bic_slf+floor,nu_slf+floor,a0_slf+floor,g_slf+floor,logk_slf+floor,cw_slf+floor,dbic_above_floor,dbic_slf_vs_white
4685945010910000640,27,13.6,0.3,0.5,0.19563,0.39125,0.92175,-5185.1,0.15955,-6957.2,0.71362,1.1922,2.2402,0.093066,-6967.5,0.36852,0.092929,-6952.5,0.93806,0.65966,10,0.25446,0.093293,-14.992,1772.2
4685945010910000640,27,13.6,0.3,1,0.39125,0.39125,0.92175,-5182,0.15968,-6956.4,0.72934,1.1777,2.2393,0.092975,-6967.2,0.37354,0.092868,-6951.4,0.9456,0.63445,10,0.27145,0.0932,-15.752,1774.4
4685945010910000640,27,13.6,0.3,2,0.78251,0.39125,0.92175,-5116.5,0.16239,-6937.4,0.69887,1.2392,2.1527,0.093249,-6947.9,0.38333,0.093222,-6931.9,0.93401,0.64875,10,0.28499,0.09356,-16.068,1820.9
4685945010910000640,27,13.6,0.3,4,1.565,0.39125,0.92175,-4251.6,0.20285,-6920.2,0.51861,1.9973,2.0312,0.092987,-6919.9,0.45963,0.092832,-6913.2,0.49751,1.9872,2.0225,-0.06207,0.093001,-6.7629,2668.5
4685945010910000640,27,13.6,0.3,8,3.13,0.39125,0.92175,-2865.8,0.28971,-6567.7,0.15791,6.2532,1.2337,0.093682,-6534.6,0.70604,0.098698,-6562.4,0.02,24.47,1.0211,0.39039,0.092654,27.782,3701.9
4685945010910000640,27,13.6,0.3,16,6.2601,0.39125,0.92175,-967.7,0.47205,-6405.8,0.11127,16.243,1.3262,0.094126,-6353.3,0.8951,0.099406,-6398.8,0.10608,16.765,1.3182,-0.065531,0.094091,45.505,5438.1
4685945010910000640,27,13.6,0.7,0.5,0.19563,0.39125,0.92175,-5141.4,0.16135,-6956.1,0.71669,1.2082,2.2562,0.093034,-6966.1,0.37455,0.09288,-6950.5,0.94492,0.64864,10,0.2701,0.09321,-15.675,1814.6
4685945010910000640,27,13.6,0.7,1,0.39125,0.39125,0.92175,-4964.4,0.16887,-6957.4,0.61263,1.4168,2.0964,0.092878,-6964.5,0.38539,0.092771,-6952.2,0.50796,1.0148,10,0.31253,0.093003,-12.387,1993
4685945010910000640,27,13.6,0.7,2,0.78251,0.39125,0.92175,-4684.5,0.18147,-6902.3,0.71587,1.4259,2.0616,0.092653,-6913.3,0.4685,0.092866,-6895.4,0.69581,1.3772,2.0303,-0.014791,0.092651,-17.992,2217.7
4685945010910000640,27,13.6,0.7,4,1.565,0.39125,0.92175,-3389,0.25324,-6754.4,0.45715,2.8634,1.684,0.092937,-6754.4,0.63487,0.094171,-6747.3,0.44618,2.851,1.6677,-0.069126,0.09293,-7.0413,3365.4
4685945010910000640,27,13.6,0.7,8,3.13,0.39125,0.92175,-1801.6,0.38093,-6437,0.67453,3.4063,1.8881,0.095943,-6439.2,0.88878,0.097154,-6430.1,0.66984,3.3906,1.8809,-0.0079011,0.095938,-9.0335,4635.4
4685945010910000640,27,13.6,0.7,16,6.2601,0.39125,0.92175,922.16,0.76752,-5540.8,0.22377,15.303,1.3736,0.10371,-5485.3,1.2265,0.11574,-5564.1,12.921,0.2671,0.61791,1.1482,1e-06,78.789,6463
4685945010910000640,27,13.6,1.5,0.5,0.19563,0.39125,0.92175,-5112.8,0.16255,-6949.4,0.71936,1.2177,2.2043,0.09297,-6960.1,0.38439,0.092897,-6943.4,0.92285,0.63433,10,0.2982,0.093181,-16.716,1836.5
4685945010910000640,27,13.6,1.5,1,0.39125,0.39125,0.92175,-4619.5,0.18454,-6831.2,0.62157,1.5711,1.7194,0.093015,-6836.2,0.51338,0.094148,-6824.2,0.60033,1.5301,1.6802,-0.034538,0.092996,-11.938,2211.7
4685945010910000640,27,13.6,1.5,2,0.78251,0.39125,0.92175,-4060.1,0.21309,-6652.7,0.99924,1.4344,1.8238,0.093001,-6629.2,0.74974,0.095199,-6648.4,3.7822,0.24675,3.9992,0.55184,0.093597,19.176,2592.6
4685945010910000640,27,13.6,1.5,4,1.565,0.39125,0.92175,-2666,0.30499,-6260.1,1.2764,1.8929,1.8295,0.094187,-6176.4,1.1117,0.098172,-6253.3,1.3032,1.8416,1.8367,0.0030563,0.094207,76.883,3594.2
4685945010910000640,27,13.6,1.5,8,3.13,0.39125,0.92175,-12.984,0.60344,-5528.7,0.9383,4.732,1.6386,0.097013,-5397.9,1.4712,0.10746,-5521.9,0.93976,4.7117,1.6376,0.010912,0.097,123.96,5515.7
4685945010910000640,27,13.6,1.5,16,6.2601,0.39125,0.92175,2427.8,1.1305,-4658.3,1.3107,7.4428,1.8182,0.097135,-4454.9,1.9064,0.11136,-4651.5,1.3117,7.4338,1.8182,-0.0030774,0.097136,196.56,7086.1
4685945010910000640,27,13.6,3,0.5,0.19563,0.39125,0.92175,-4892.9,0.172,-6798.3,0.67692,1.3591,1.6041,0.093078,-6795.2,0.51441,0.095205,-6793.4,5.2968,0.096589,10,0.44439,0.093413,-1.7391,1905.4
4685945010910000640,27,13.6,3,1,0.39125,0.39125,0.92175,-4679,0.18173,-6623.7,0.90756,1.2244,1.4756,0.092809,-6568.5,0.69809,0.097929,-6617.3,2.321,0.43305,1.7049,0.40539,0.092963,48.837,1944.7
4685945010910000640,27,13.6,3,2,0.78251,0.39125,0.92175,-3512,0.24535,-6199.5,1.781,1.2362,1.6611,0.091949,-5995.3,1.2324,0.099232,-6195,3.4344,0.65059,2.2124,0.47897,0.09354,199.69,2687.5
4685945010910000640,27,13.6,3,4,1.565,0.39125,0.92175,-1238,0.44035,-5303.9,2.9384,1.8283,2.017,0.093533,-4946.2,1.7836,0.10339,-5297,2.9703,1.8068,2.025,-0.010244,0.093587,350.78,4065.9
4685945010910000640,27,13.6,3,8,3.13,0.39125,0.92175,886.61,0.76054,-4365.5,3.0007,3.1558,1.9596,0.090804,-3883.2,2.1652,0.1066,-4358.6,3.0098,3.1448,1.9613,-0.0054906,0.090827,475.38,5252.1
4685945010910000640,27,13.6,3,16,6.2601,0.39125,0.92175,3493.6,1.4871,-2718.7,2.6994,6.6053,1.8338,0.089176,-2116.3,2.5318,0.13101,-2711.8,2.7011,6.6005,1.834,-0.0059975,0.089187,595.51,6212.3
4685945010910000640,68,13.6,0.3,0.5,0.84397,1.6879,0.30046,-3419.9,0.27816,-7190.2,0.64918,2.5333,1.7863,0.10128,-7171.3,0.2622,0.096538,-7186.4,0.91477,1.7764,2.5508,0.046739,0.099817,15.095,3770.4
4685945010910000640,68,13.6,0.3,1,1.6879,1.6879,0.30046,-3510.5,0.27249,-7246.7,0.61907,2.5383,1.7698,0.10039,-7229.8,0.24548,0.095832,-7242.2,0.84234,1.8451,2.3964,0.017558,0.099076,12.446,3736.2
4685945010910000640,68,13.6,0.3,2,3.3759,1.6879,0.30046,-2489.7,0.34372,-7123.9,0.47054,3.8536,1.594,0.099844,-7101.5,0.31811,0.095255,-7117.3,0.54994,3.2668,1.7843,0.011141,0.099134,15.749,4634.2
4685945010910000640,68,13.6,0.3,4,6.7518,1.6879,0.30046,-455.97,0.5459,-6528.2,0.18361,11.491,1.3156,0.10698,-6508.1,0.46428,0.10216,-6522.4,0.40245,5.9504,1.8377,0.32487,0.10615,14.303,6072.3
4685945010910000640,68,13.6,0.3,8,13.504,1.6879,0.30046,1124.7,0.78212,-6053.7,0.15449,18.465,1.2724,0.10914,-6030.2,0.60542,0.10348,-6046.7,0.15891,17.917,1.2878,0.014511,0.10916,16.47,7178.4
4685945010910000640,68,13.6,0.3,16,27.007,1.6879,0.30046,4851.1,1.8257,-4779.6,0.045872,145.62,1.2357,0.11593,-4708.1,0.8957,0.10465,-4775.7,0.37283,22.714,2.1687,0.82395,0.11255,67.59,9630.7
4685945010910000640,68,13.6,0.7,0.5,0.84397,1.6879,0.30046,-3487.8,0.2739,-7199.1,0.6723,2.4129,1.7427,0.10041,-7186,0.26431,0.096023,-7193.4,0.88269,1.7956,2.2078,0.01668,0.099372,7.311,3711.3
4685945010910000640,68,13.6,0.7,1,1.6879,1.6879,0.30046,-2918.6,0.31176,-7070.5,0.75749,2.6246,1.7924,0.10103,-7046.9,0.33582,0.095673,-7066,1.0832,1.7941,2.5989,0.13196,0.099355,19.09,4151.9
4685945010910000640,68,13.6,0.7,2,3.3759,1.6879,0.30046,-348.08,0.55946,-6708.9,0.2627,9.9452,1.4364,0.10202,-6666.1,0.48452,0.095385,-6708.4,0.61335,4.8628,2.3763,0.34959,0.09966,42.223,6360.8
4685945010910000640,68,13.6,0.7,4,6.7518,1.6879,0.30046,800.44,0.72651,-6274,0.53951,7.8217,1.5714,0.10228,-6213,0.64216,0.092117,-6268.4,0.79628,5.4911,1.9833,0.43488,0.09986,55.434,7074.5
4685945010910000640,68,13.6,0.7,8,13.504,1.6879,0.30046,4760.4,1.7884,-5047.7,0.37087,24.615,1.5483,0.11582,-4891.8,0.90402,0.092684,-5043.6,0.63703,16.033,1.9807,0.6881,0.11056,151.88,9808.1
4685945010910000640,68,13.6,0.7,16,27.007,1.6879,0.30046,6956.7,2.9474,-2167.2,0.31526,45.444,1.3722,0.18643,-1927,1.337,0.00036584,-2161.9,0.7863,20.868,2.1242,1.129,0.17233,234.9,9123.9
4685945010910000640,68,13.6,1.5,0.5,0.84397,1.6879,0.30046,-3134.9,0.29679,-7015,0.71584,2.5532,1.5674,0.099425,-7011.6,0.35828,0.095191,-7008.2,0.80848,2.1621,1.7131,0.050057,0.098934,-3.4452,3880.1
4685945010910000640,68,13.6,1.5,1,1.6879,1.6879,0.30046,-2429.4,0.34846,-6564.4,1.2886,2.1782,1.7437,0.10291,-6547.2,0.51553,0.096118,-6557.2,1.3663,2.027,1.8009,-0.068048,0.10272,9.9909,4135
4685945010910000640,68,13.6,1.5,2,3.3759,1.6879,0.30046,-205.73,0.57788,-5832,1.2751,3.8113,1.7067,0.10593,-5785.3,0.73552,0.092861,-5824.9,1.3003,3.7202,1.727,-0.015802,0.10575,39.638,5626.2
4685945010910000640,68,13.6,1.5,4,6.7518,1.6879,0.30046,2832.5,1.1534,-4944,1.4879,7.0446,1.8996,0.10794,-4772.2,0.97722,0.072399,-4943.7,2.2468,4.5751,2.5998,0.7436,0.098745,171.42,7776.5
4685945010910000640,68,13.6,1.5,8,13.504,1.6879,0.30046,6558.1,2.6919,-2305.7,1.1967,18.464,1.7515,0.16248,-2105.7,1.2918,0.07901,-2298.8,1.1993,18.426,1.7535,0.010975,0.16239,193.05,8863.8
4685945010910000640,68,13.6,1.5,16,27.007,1.6879,0.30046,8734.3,4.4162,-37.154,1.5135,26.606,1.8524,0.26021,210.7,1.5402,0.070839,-30.162,1.5148,26.584,1.8531,0.0050232,0.26015,240.87,8771.5
4685945010910000640,68,13.6,3,0.5,0.84397,1.6879,0.30046,-2496.9,0.34315,-6465.8,1.301,2.103,1.512,0.09767,-6459.3,0.57027,0.093036,-6458.6,1.3879,1.9499,1.5403,-0.084928,0.097657,-0.68524,3968.8
4685945010910000640,68,13.6,3,1,1.6879,1.6879,0.30046,-1081.4,0.47351,-5638.1,2.1839,2.2637,1.6547,0.097775,-5597.5,0.80636,0.085865,-5639,3.6767,1.3199,2.0673,0.40342,0.099376,41.524,4556.7
4685945010910000640,68,13.6,3,2,3.3759,1.6879,0.30046,1380,0.82888,-4413.1,3.1244,3.375,2.0169,0.10686,-4267.1,1.0556,0.065247,-4405.9,3.1487,3.3441,2.0247,-0.094472,0.1068,138.78,5793.1
4685945010910000640,68,13.6,3,4,6.7518,1.6879,0.30046,4617.9,1.7313,-2307.3,2.9626,7.3655,1.9949,0.13339,-2063.2,1.3236,1.0429e-05,-2300.2,2.9666,7.3535,1.9966,-0.043881,0.1333,237.04,6925.2
4685945010910000640,68,13.6,3,8,13.504,1.6879,0.30046,7530.6,3.3584,-27.829,2.6917,14.813,1.8772,0.1589,307.04,1.5574,1.3329e-05,-20.849,2.6953,14.791,1.8781,0.011718,0.15886,327.89,7558.5
4685945010910000640,68,13.6,3,16,27.007,1.6879,0.30046,10429,6.4928,2856.4,2.7041,28.616,1.8513,0.26187,3232.8,1.846,2.1819e-05,2863.4,2.7046,28.61,1.8514,-0.0038763,0.26183,369.39,7572.1
4685959373284393728,28,13.9,0.3,0.5,0.37971,0.75942,0.28674,-4107.2,0.21841,-6728.1,0.47135,2.2331,1.8245,0.10339,-6732.7,0.5361,0.10206,-6721.2,0.48134,2.1423,1.8627,-0.02295,0.10333,-11.545,2620.9
4685959373284393728,28,13.9,0.3,1,0.75942,0.75942,0.28674,-4107.3,0.2184,-6730.3,0.44072,2.3277,1.7761,0.10335,-6735.6,0.53176,0.10209,-6723.3,0.44964,2.2328,1.8117,-0.019196,0.1033,-12.245,2623
4685959373284393728,28,13.9,0.3,2,1.5188,0.75942,0.28674,-3890.7,0.23047,-6692.2,0.54493,2.1877,1.9117,0.10357,-6694.7,0.57852,0.10203,-6685.2,0.55994,2.0945,1.9562,-0.013461,0.10351,-9.5125,2801.4
4685959373284393728,28,13.9,0.3,4,3.0377,0.75942,0.28674,-2912.4,0.29383,-6664.1,0.38493,3.6288,1.8286,0.10374,-6658.5,0.62144,0.10185,-6657.2,0.39735,3.4902,1.8751,0.015986,0.10368,-1.3427,3751.7
4685959373284393728,28,13.9,0.3,8,6.0754,0.75942,0.28674,-475.54,0.53807,-5847.4,0.30931,7.9009,1.488,0.11465,-5852,0.95583,0.11298,-5840.5,0.30987,7.858,1.4899,0.00035035,0.11465,-11.508,5371.9
4685959373284393728,28,13.9,0.3,16,12.151,0.75942,0.28674,1564.9,0.89296,-6021,0.20814,19.93,1.7191,0.11241,-5973.2,1.0045,0.10591,-6025.8,0.53427,8.6411,3.0397,0.78946,0.11052,52.574,7585.9
4685959373284393728,28,13.9,0.7,0.5,0.37971,0.75942,0.28674,-4059,0.22104,-6719.8,0.52182,2.1258,1.8847,0.10333,-6723.5,0.55093,0.10195,-6712.8,0.53148,2.0486,1.919,-0.038925,0.10327,-10.66,2660.8
4685959373284393728,28,13.9,0.7,1,0.75942,0.75942,0.28674,-3953.1,0.22693,-6648,0.69424,1.8474,2.053,0.10423,-6650.3,0.60586,0.10253,-6641,0.71518,1.7649,2.1018,-0.020261,0.10416,-9.2462,2694.9
4685959373284393728,28,13.9,0.7,2,1.5188,0.75942,0.28674,-3071.2,0.28247,-6561.3,0.36136,3.6428,1.5832,0.10409,-6568.1,0.67437,0.10281,-6554.4,0.36559,3.5551,1.5964,0.0086212,0.10408,-13.673,3490
4685959373284393728,28,13.9,0.7,4,3.0377,0.75942,0.28674,-1592.5,0.40776,-6240.4,0.6553,3.8156,1.9258,0.10792,-6232.1,0.88696,0.10426,-6237.7,1.1851,1.8501,3.442,0.72616,0.10658,5.5989,4647.9
4685959373284393728,28,13.9,0.7,8,6.0754,0.75942,0.28674,188.49,0.6345,-5891.2,0.50775,6.8802,1.5646,0.10361,-5892.6,1.1109,0.10096,-5884.3,0.50938,6.8451,1.5661,0.0016529,0.10361,-8.3082,6079.7
4685959373284393728,28,13.9,0.7,16,12.151,0.75942,0.28674,3735.2,1.5305,-4401.2,0.031323,181.63,1.1807,0.10915,-4392.6,1.4572,0.1197,-4394.3,0.031192,182.25,1.1805,-0.0009749,0.10915,1.6834,8136.4
4685959373284393728,28,13.9,1.5,0.5,0.37971,0.75942,0.28674,-4094.4,0.21911,-6684.2,0.37663,2.5775,1.5532,0.10316,-6694.5,0.56716,0.10234,-6677.3,0.38178,2.4779,1.5684,-0.00048432,0.10314,-17.264,2589.8
4685959373284393728,28,13.9,1.5,1,0.75942,0.75942,0.28674,-3891.4,0.23043,-6530.9,0.64848,1.9579,1.5607,0.10269,-6537.9,0.71979,0.10213,-6523.9,0.67067,1.8673,1.5739,-0.00048169,0.1027,-14.012,2639.5
4685959373284393728,28,13.9,1.5,2,1.5188,0.75942,0.28674,-2132.8,0.35658,-6206.6,0.96938,2.6099,1.7543,0.10212,-6201.2,0.98635,0.099702,-6199.7,0.98552,2.5573,1.7638,0.01314,0.10213,-1.4962,4073.8
4685959373284393728,28,13.9,1.5,4,3.0377,0.75942,0.28674,54.402,0.61372,-5686.9,0.90366,4.8165,1.6615,0.10117,-5677.5,1.2292,0.097524,-5679.9,0.90566,4.7997,1.6625,-0.012402,0.10117,2.4637,5741.3
4685959373284393728,28,13.9,1.5,8,6.0754,0.75942,0.28674,2161,1.0354,-4776.8,1.4931,6.2431,1.9202,0.10608,-4709.5,1.5152,0.093305,-4769.9,1.4955,6.2305,1.9213,0.0029045,0.10608,60.428,6937.8
4685959373284393728,28,13.9,1.5,16,12.151,0.75942,0.28674,4595,1.8947,-3559.4,1.4631,11.654,1.8602,0.11023,-3462.7,1.7681,0.083276,-3552.5,1.4637,11.648,1.8604,7.8364e-05,0.11022,89.767,8154.4
4685959373284393728,28,13.9,3,0.5,0.37971,0.75942,0.28674,-3775.3,0.23717,-6398.9,0.35352,2.723,1.1545,0.10009,-6392.8,0.80268,0.10321,-6392.2,2.7984,0.40899,1.7915,0.5884,0.10208,-0.54267,2623.6
4685959373284393728,28,13.9,3,1,0.75942,0.75942,0.28674,-3422.3,0.25889,-5982.5,1.3219,1.4756,1.3451,0.099816,-5925,1.0639,0.10346,-5984.3,3.6875,0.62654,2.0306,0.52061,0.10352,59.285,2560.1
4685959373284393728,28,13.9,3,2,1.5188,0.75942,0.28674,-1237.8,0.44529,-5154.2,2.3929,2.0201,1.8305,0.10799,-5081.5,1.3617,0.10405,-5147.4,2.4397,1.9809,1.843,0.062131,0.10807,65.878,3916.4
4685959373284393728,28,13.9,3,4,3.0377,0.75942,0.28674,760.16,0.73125,-4315.4,3.0877,2.9824,1.9718,0.10236,-4197.3,1.6355,0.088138,-4308.6,3.1079,2.9612,1.9763,0.054693,0.1024,111.32,5075.6
4685959373284393728,28,13.9,3,8,6.0754,0.75942,0.28674,3829.3,1.5667,-2666.3,2.9872,6.4774,1.9959,0.11259,-2519.9,1.9185,0.069179,-2659.4,2.9896,6.4713,1.9964,0.0033133,0.1126,139.5,6495.6
4685959373284393728,28,13.9,3,16,12.151,0.75942,0.28674,6872.8,3.3352,-96.282,2.3102,16.215,1.7438,0.11524,25.536,2.2297,1.9117e-05,-89.369,2.3106,16.212,1.7439,0.00089421,0.11525,114.9,6969.1
4685959373284393728,67,13.9,0.3,0.5,0.94811,1.8962,0.22745,-3783.6,0.25787,-4374,0.02,13.295,0.94382,0.21319,-4386.1,0.12903,0.21573,-4370.2,5.5613,0.12362,7.0012,0.09415,0.21333,-15.98,590.39
4685959373284393728,67,13.9,0.3,1,1.8962,1.8962,0.22745,-3208,0.29364,-4367,0.02,21.952,1.0687,0.21401,-4375.3,0.18851,0.21491,-4359.4,0.17672,3.1655,10,0.13968,0.21542,-15.896,1159
4685959373284393728,67,13.9,0.3,2,3.7924,1.8962,0.22745,-1788.8,0.40446,-4287.8,0.26072,6.2003,1.8393,0.21599,-4286.9,0.39895,0.21306,-4282.9,0.39615,3.8836,3.0407,0.21889,0.21494,-4.0304,2499
4685959373284393728,67,13.9,0.3,4,7.5849,1.8962,0.22745,-900.47,0.49423,-4153.9,0.13454,12.295,1.3571,0.2147,-4163,0.53462,0.21379,-4146.9,0.13228,12.163,1.3646,-0.0032394,0.21472,-16.05,3253.4
4685959373284393728,67,13.9,0.3,8,15.17,1.8962,0.22745,1886.2,0.92683,-3689.4,0.15171,24.495,1.4227,0.22361,-3690.9,0.82117,0.22134,-3690.5,0.39296,8.8616,10,0.774,0.22272,-0.38317,5575.6
4685959373284393728,67,13.9,0.3,16,30.339,1.8962,0.22745,5969.5,2.3287,-2644.3,0.16749,60.862,1.6943,0.27893,-2574,1.0505,0.26975,-2637.3,0.16888,60.363,1.6994,0.0074638,0.2789,63.27,8613.7
4685959373284393728,67,13.9,0.7,0.5,0.94811,1.8962,0.22745,-3090.8,0.3015,-4327.4,0.10331,6.7389,1.1783,0.21326,-4340.5,0.28781,0.214,-4320.4,0.083877,6.9224,1.1487,-0.028399,0.21328,-20.118,1236.6
4685959373284393728,67,13.9,0.7,1,1.8962,1.8962,0.22745,-2957,0.31075,-4259.3,0.5946,2.2984,1.6095,0.21298,-4268.2,0.44091,0.21241,-4252.2,0.6391,2.0667,1.6474,-0.086074,0.21301,-16.046,1302.4
4685959373284393728,67,13.9,0.7,2,3.7924,1.8962,0.22745,-1444.5,0.43713,-4067.5,0.60264,3.7842,1.6411,0.21372,-4074.8,0.64894,0.2123,-4060.5,0.63393,3.5319,1.666,0.0012469,0.21372,-14.291,2623
4685959373284393728,67,13.9,0.7,4,7.5849,1.8962,0.22745,1125.5,0.78065,-3430.6,0.72408,6.6459,1.5888,0.22074,-3429.3,1.006,0.21774,-3423.7,0.74265,6.4574,1.5981,0.041939,0.22079,-5.5418,4556.2
4685959373284393728,67,13.9,0.7,8,15.17,1.8962,0.22745,4232.2,1.5735,-2504,0.49425,17.861,1.4953,0.24195,-2505.3,1.2669,0.23649,-2497,0.49492,17.816,1.4957,-0.0023131,0.24195,-8.2414,6736.2
4685959373284393728,67,13.9,0.7,16,30.339,1.8962,0.22745,7642.2,3.3965,-962.8,0.54312,36.951,1.674,0.32735,-932.66,1.5073,0.30666,-955.79,0.54348,36.92,1.6744,0.0019354,0.32735,23.135,8605
4685959373284393728,67,13.9,1.5,0.5,0.94811,1.8962,0.22745,-2652.4,0.33285,-4134,0.37668,3.1023,1.1598,0.21083,-4130.7,0.55229,0.21463,-4131.8,2.8115,0.56181,2.5816,0.29775,0.21373,1.0273,1481.6
4685959373284393728,67,13.9,1.5,1,1.8962,1.8962,0.22745,-1764.3,0.40671,-3905.5,1.0367,2.5133,1.5188,0.2114,-3888,0.79116,0.21259,-3899.8,1.594,1.6904,1.7553,0.23887,0.21236,11.805,2141.2
4685959373284393728,67,13.9,1.5,2,3.7924,1.8962,0.22745,238.11,0.639,-3433.9,1.8275,3.2461,2.17,0.21938,-3388.9,1.0649,0.21236,-3428.8,2.1027,2.7643,2.3426,0.31798,0.21971,39.874,3672
4685959373284393728,67,13.9,1.5,4,7.5849,1.8962,0.22745,3464.6,1.3233,-2294.3,1.1998,8.8045,1.7663,0.25051,-2264.7,1.329,0.2402,-2287.4,1.2094,8.7248,1.77,0.029436,0.25053,22.627,5758.9
4685959373284393728,67,13.9,1.5,8,15.17,1.8962,0.22745,6216.7,2.4623,-868.55,1.4318,15.06,1.8225,0.29187,-814.39,1.6308,0.2631,-861.53,1.4333,15.041,1.8231,-0.0040302,0.29187,47.14,7085.3
4685959373284393728,67,13.9,1.5,16,30.339,1.8962,0.22745,9041.2,4.6571,977.61,1.5108,28.084,1.9313,0.41029,1070,1.8841,0.33862,984.61,1.5117,28.065,1.9316,0.0055659,0.41029,85.344,8063.6
4685959373284393728,67,13.9,3,0.5,0.94811,1.8962,0.22745,-2538.4,0.34153,-3856,1.948,1.3893,1.5088,0.21015,-3784.8,0.8265,0.21547,-3854.7,3.7165,0.81957,2.2814,0.17499,0.21326,69.967,1317.7
4685959373284393728,67,13.9,3,1,1.8962,1.8962,0.22745,-689.61,0.51831,-3242.1,2.5534,2.139,1.7244,0.21336,-3144.6,1.152,0.21427,-3237,3.0706,1.8153,1.8733,0.20522,0.21458,92.45,2552.5
4685959373284393728,67,13.9,3,2,3.7924,1.8962,0.22745,1876.6,0.92483,-2382,3.1945,3.6445,2.0565,0.21907,-2257.4,1.4522,0.20392,-2375.9,3.3421,3.4746,2.0988,0.22702,0.21953,118.54,4258.7
4685959373284393728,67,13.9,3,4,7.5849,1.8962,0.22745,4926.8,1.8405,-430.61,3.5361,6.9486,2.1545,0.2877,-270.53,1.7574,0.24697,-423.68,3.5503,6.9176,2.1582,0.035569,0.28776,153.14,5357.4
4685959373284393728,67,13.9,3,8,15.17,1.8962,0.22745,8098.7,3.765,1451.1,3.0188,15.761,2.021,0.34969,1618.9,2.0312,0.24579,1458.1,3.0191,15.759,2.0211,-0.017439,0.34968,160.76,6647.7
4685959373284393728,67,13.9,3,16,30.339,1.8962,0.22745,11140,7.4788,4007.8,2.8306,32.276,1.9687,0.55262,4181.7,2.3056,0.34689,4014.8,2.8307,32.275,1.9687,-0.0040899,0.55262,166.91,7132.7
4685959373284393728,68,13.9,0.3,0.5,0.80056,1.6011,0.39049,-1859.1,0.39673,-3670.3,0.059696,14.452,1.0607,0.23717,-3674.6,0.28378,0.23629,-3664.7,0.40102,3.0106,3.2355,0.21206,0.23824,-9.8465,1811.3
4685959373284393728,68,13.9,0.3,1,1.6011,1.6011,0.39049,-1668.2,0.41434,-3664.9,0.073998,14.092,1.1355,0.23891,-3663.9,0.29046,0.2365,-3662,0.46193,3.0676,4.5901,0.19311,0.23903,-1.8459,1996.7
4685959373284393728,68,13.9,0.3,2,3.2023,1.6011,0.39049,-1194.5,0.46148,-3667.7,0.067711,18.004,1.1609,0.23723,-3660.1,0.32911,0.23401,-3662.7,0.44096,3.9773,3.0541,0.20407,0.23741,2.6234,2473.2
4685959373284393728,68,13.9,0.3,4,6.4045,1.6011,0.39049,-532.69,0.53646,-3480.5,0.079379,18.349,1.1254,0.23942,-3478.1,0.42749,0.23714,-3474.2,0.43029,4.5826,3.0341,0.35298,0.23987,-3.8196,2947.8
4685959373284393728,68,13.9,0.3,8,12.809,1.6011,0.39049,1854.3,0.92332,-2958.3,0.02,104.92,1.0447,0.24205,-2949,0.66892,0.2427,-2951.1,0.02,104.38,1.0475,-0.078434,0.24229,2.127,4812.6
4685959373284393728,68,13.9,0.3,16,25.618,1.6011,0.39049,4008.4,1.5072,-2845.8,0.17834,34.362,1.4135,0.25112,-2772.7,0.78348,0.23401,-2840.2,0.3524,19.746,1.8633,0.5651,0.24802,67.461,6854.2
4685959373284393728,68,13.9,0.7,0.5,0.80056,1.6011,0.39049,-1885.7,0.39434,-3657.4,0.12116,8.579,1.129,0.23814,-3663.2,0.29001,0.23656,-3652.9,0.54643,2.3108,4.8472,0.21633,0.23857,-10.343,1771.7
4685959373284393728,68,13.9,0.7,1,1.6011,1.6011,0.39049,-1630.2,0.41793,-3648.3,0.22104,6.3429,1.2678,0.23834,-3651.6,0.3203,0.23516,-3642.1,0.45402,3.1359,2.4326,0.22999,0.23753,-9.5405,2018
4685959373284393728,68,13.9,0.7,2,3.2023,1.6011,0.39049,-289.65,0.56695,-3532.1,0.24267,9.0492,1.3499,0.23765,-3522.7,0.44893,0.23232,-3525.1,0.25663,8.4633,1.4098,0.033341,0.23751,2.4183,3242.4
4685959373284393728,68,13.9,0.7,4,6.4045,1.6011,0.39049,1087.4,0.77551,-3220.8,0.44085,8.8885,1.4632,0.23903,-3211.2,0.63724,0.22954,-3213.9,0.46024,8.4693,1.501,0.082604,0.23886,2.6544,4308.2
4685959373284393728,68,13.9,0.7,8,12.809,1.6011,0.39049,4051.5,1.522,-2379.7,0.44033,18.374,1.4458,0.25108,-2349.1,0.91919,0.23224,-2372.8,0.44454,18.192,1.4524,0.027347,0.25103,23.722,6431.2
4685959373284393728,68,13.9,0.7,16,25.618,1.6011,0.39049,6585,2.7084,-1546.6,0.53495,30.013,1.6359,0.28769,-1417.9,1.0993,0.24858,-1539.7,0.5386,29.838,1.6414,0.041831,0.28756,121.78,8131.6
4685959373284393728,68,13.9,1.5,0.5,0.80056,1.6011,0.39049,-1600.5,0.42077,-3582.8,0.13788,8.4724,1.1085,0.23755,-3591.1,0.34859,0.23675,-3577,0.53173,2.4717,3.3745,0.29395,0.23853,-14.168,1982.4
4685959373284393728,68,13.9,1.5,1,1.6011,1.6011,0.39049,-921.84,0.49101,-3403.6,0.63997,4.1158,1.4639,0.23954,-3412,0.49738,0.23435,-3396.7,0.66698,3.8243,1.5044,0.0284,0.23936,-15.343,2481.8
4685959373284393728,68,13.9,1.5,2,3.2023,1.6011,0.39049,786.2,0.72416,-3044.3,0.94043,5.3595,1.6537,0.24125,-3036.6,0.71275,0.22898,-3043,1.8271,2.2409,5.3621,0.62415,0.23483,6.3956,3830.5
4685959373284393728,68,13.9,1.5,4,6.4045,1.6011,0.39049,2890.7,1.1688,-2293.7,1.2634,7.5867,1.7694,0.25548,-2258.4,0.948,0.23067,-2287,1.9239,4.6542,2.4624,0.74876,0.24888,28.649,5184.4
4685959373284393728,68,13.9,1.5,8,12.809,1.6011,0.39049,5520.3,2.1258,-1229.5,1.4472,13.095,1.8365,0.27647,-1125,1.1966,0.2243,-1222.5,1.451,13.056,1.8397,0.0047052,0.27636,97.475,6749.8
4685959373284393728,68,13.9,1.5,16,25.618,1.6011,0.39049,8953.6,4.6421,573.28,1.4851,28.731,1.9408,0.35918,844.39,1.4788,0.23096,580.26,1.4865,28.705,1.942,0.0091308,0.35909,264.13,8380.3
4685959373284393728,68,13.9,3,0.5,0.80056,1.6011,0.39049,-1538.9,0.42671,-3364.8,0.36301,4.2289,1.0254,0.2311,-3371.8,0.49192,0.23752,-3357.8,0.37822,3.8249,1.0165,-0.010488,0.2311,-13.951,1826
4685959373284393728,68,13.9,3,1,1.6011,1.6011,0.39049,-442.99,0.54752,-3024,1.1839,3.2617,1.3162,0.22871,-3018.8,0.71846,0.22919,-3026.9,5.5565,0.57281,10,0.58172,0.23601,8.0757,2581
4685959373284393728,68,13.9,3,2,3.2023,1.6011,0.39049,1524.6,0.8566,-2240.6,1.6981,4.5517,1.4175,0.22369,-2219.4,0.995,0.21726,-2233.8,1.7993,4.311,1.4377,0.11974,0.2242,14.449,3765.2
4685959373284393728,68,13.9,3,4,6.4045,1.6011,0.39049,4285.5,1.6052,-934.49,2.9853,6.698,1.9593,0.25926,-830.86,1.2812,0.19296,-927.39,2.9934,6.6755,1.9621,-0.043813,0.25921,96.526,5219.9
4685959373284393728,68,13.9,3,8,12.809,1.6011,0.39049,7178.5,3.0999,945.66,3.1349,12.651,1.9696,0.30932,1102.2,1.5534,0.11689,952.61,3.1417,12.62,1.9713,0.025551,0.30932,149.63,6232.8
4685959373284393728,68,13.9,3,16,25.618,1.6011,0.39049,10219,6.1903,3304.2,2.9777,25.993,1.9323,0.42923,3518.4,1.806,0.00012235,3311.2,2.9787,25.983,1.9326,-0.00010898,0.42921,207.14,6914.6
4685987857514223744,28,13.7,0.3,0.5,0.70656,1.4131,0.28674,-2846,0.29872,-4608.6,0.59366,2.3963,2.6169,0.18105,-4605.8,0.35734,0.1782,-4602.2,0.63635,2.1329,3.0682,-0.0090588,0.18044,-3.5902,1762.7
4685987857514223744,28,13.7,0.3,1,1.4131,1.4131,0.28674,-2521.9,0.32374,-4596.3,0.44644,3.2707,2.1023,0.1805,-4595.8,0.38123,0.17788,-4589.8,0.5045,2.7674,2.4972,0.066707,0.17998,-5.9581,2074.4
4685987857514223744,28,13.7,0.3,2,2.8262,1.4131,0.28674,-1809.3,0.3864,-4582.8,0.40333,4.4793,2.2761,0.18096,-4566.9,0.4317,0.17747,-4577.3,0.47214,3.7153,2.9034,0.11653,0.17999,10.4,2773.6
4685987857514223744,28,13.7,0.3,4,5.6525,1.4131,0.28674,-1396.7,0.42807,-4495.9,0.33554,5.7428,1.7753,0.18058,-4494,0.51377,0.17768,-4489.6,0.47491,3.9485,2.452,0.3071,0.17993,-4.3241,3099.2
4685987857514223744,28,13.7,0.3,8,11.305,1.4131,0.28674,574.59,0.69833,-4406.5,0.40723,8.9346,2.1065,0.18035,-4362.2,0.68619,0.17521,-4401.1,0.52833,6.894,2.8502,0.40736,0.17886,38.917,4981.1
4685987857514223744,28,13.7,0.3,16,22.61,1.4131,0.28674,2317.7,1.0765,-3432.6,0.02,195.6,1.1948,0.20249,-3431,0.94991,0.2058,-3428.6,0.75513,6.3622,5.2012,0.86183,0.21016,-2.4787,5750.3
4685987857514223744,28,13.7,0.7,0.5,0.70656,1.4131,0.28674,-2592.9,0.31809,-4583.9,0.49458,2.9874,2.1688,0.18091,-4584,0.38839,0.1782,-4577.6,0.56347,2.4927,2.6711,0.09163,0.18031,-6.412,1991
4685987857514223744,28,13.7,0.7,1,1.4131,1.4131,0.28674,-2162.7,0.35394,-4507.3,0.49634,3.488,1.9842,0.18161,-4510.4,0.47321,0.17859,-4502,0.705,2.2721,3.2084,0.28015,0.18068,-8.343,2344.5
4685987857514223744,28,13.7,0.7,2,2.8262,1.4131,0.28674,-1361.6,0.43182,-4385.2,0.6967,3.6905,2.1311,0.18167,-4379.7,0.63367,0.1774,-4382.9,1.0045,2.054,7.1885,0.51084,0.17941,3.2387,3023.6
4685987857514223744,28,13.7,0.7,4,5.6525,1.4131,0.28674,1064.9,0.78873,-3913.9,0.25546,13.222,1.3903,0.18491,-3923,0.88057,0.18369,-3907,0.2556,13.126,1.3915,5.3892e-05,0.18492,-15.957,4978.8
4685987857514223744,28,13.7,0.7,8,11.305,1.4131,0.28674,3241.8,1.3541,-3521.8,0.40893,17.843,1.6198,0.18962,-3512.4,1.101,0.18186,-3515.6,0.79861,8.7287,2.5232,0.99381,0.18696,3.2555,6763.6
4685987857514223744,28,13.7,0.7,16,22.61,1.4131,0.28674,6639.2,3.1473,-2795,0.35154,46.773,1.6528,0.19666,-2742.7,1.3689,0.17947,-2789.6,0.7036,24.642,2.3731,1.2272,0.19145,46.86,9434.2
4685987857514223744,28,13.7,1.5,0.5,0.70656,1.4131,0.28674,-2594.6,0.31795,-4522.4,0.26049,4.5181,1.3769,0.17886,-4535,0.44549,0.17849,-4517.4,0.51705,1.6411,10,0.40909,0.17905,-17.538,1927.8
4685987857514223744,28,13.7,1.5,1,1.4131,1.4131,0.28674,-1825.1,0.38488,-4327.5,0.57308,3.453,1.4825,0.17817,-4335.9,0.66248,0.17796,-4321.7,3.447,0.30329,10,0.59277,0.17859,-14.201,2502.4
4685987857514223744,28,13.7,1.5,2,2.8262,1.4131,0.28674,-600.88,0.52158,-3959.9,1.6396,2.8173,2.0848,0.17926,-3931.2,0.97129,0.17412,-3952.7,1.6526,2.7866,2.0929,-0.11188,0.17925,21.57,3359
4685987857514223744,28,13.7,1.5,4,5.6525,1.4131,0.28674,1790.5,0.94439,-3378,1.6583,5.3714,2.0622,0.18201,-3324,1.2405,0.16968,-3371,1.6629,5.351,2.0652,-0.041883,0.182,47.001,5168.5
4685987857514223744,28,13.7,1.5,8,11.305,1.4131,0.28674,4722.3,1.9555,-2240.1,1.1584,13.864,1.7385,0.19413,-2207.1,1.5204,0.17168,-2233.2,1.1599,13.842,1.7392,0.00074526,0.19414,26.142,6962.4
4685987857514223744,28,13.7,1.5,16,22.61,1.4131,0.28674,6949.2,3.3991,-1224.2,1.6436,19.734,1.9538,0.19864,-1094.4,1.7602,0.14439,-1217.3,1.6442,19.725,1.954,-0.0019178,0.19864,122.89,8173.4
4685987857514223744,28,13.7,3,0.5,0.70656,1.4131,0.28674,-2252.1,0.34617,-4245.8,0.38017,3.6295,1.1466,0.1769,-4240.7,0.67499,0.18207,-4238.9,0.4028,3.3266,1.1417,0.0096002,0.17686,-1.8157,1993.7
4685987857514223744,28,13.7,3,1,1.4131,1.4131,0.28674,-1004.4,0.47186,-3754.3,1.6558,2.458,1.5943,0.17838,-3709.8,1.0353,0.17907,-3750.9,2.974,1.4047,2.0146,0.49165,0.18077,41.139,2749.9
4685987857514223744,28,13.7,3,2,2.8262,1.4131,0.28674,935.8,0.76384,-2936.7,2.5265,3.4084,1.8148,0.18167,-2858.1,1.3558,0.1746,-2929.6,2.5433,3.3844,1.8187,-0.076669,0.18171,71.541,3872.5
4685987857514223744,28,13.7,3,4,5.6525,1.4131,0.28674,3433.8,1.4201,-1632.3,3.2026,5.6973,2.0511,0.20499,-1511.9,1.6535,0.17276,-1625.3,3.2109,5.6805,2.0532,-0.018594,0.20503,113.42,5066.1
4685987857514223744,28,13.7,3,8,11.305,1.4131,0.28674,6137.5,2.7787,13.97,2.9597,11.713,1.9844,0.2419,146.54,1.9189,0.16251,20.899,2.9614,11.705,1.9848,-0.0069181,0.24191,125.65,6123.5
4685987857514223744,28,13.7,3,16,22.61,1.4131,0.28674,8867.6,5.4727,1955.4,2.8314,24.041,1.8592,0.17155,2155.4,2.1898,3.1435e-05,1962.3,2.8316,24.038,1.8592,-0.0035691,0.17155,193.08,6912.2
4686408111398825728,27,12.6,0.3,0.5,0.91998,1.84,0.92175,-5152.9,0.16088,-6854.3,0.39492,1.638,1.4745,0.094484,-6857.2,-0.27834,0.095457,-6845.5,0.20404,2.109,1.2615,-0.53147,0.094444,-11.675,1701.4
4686408111398825728,27,12.6,0.3,1,1.84,1.84,0.92175,-4794,0.17644,-6807.7,0.26151,2.3629,1.3199,0.09459,-6802.9,-0.22625,0.096128,-6799.8,0.02,12.881,1.0161,-0.46806,0.094258,-3.0939,2013.6
4686408111398825728,27,12.6,0.3,2,3.6799,1.84,0.92175,-3063.8,0.27533,-6770.6,0.26858,4.6469,1.687,0.095082,-6755.3,-0.087909,0.095137,-6764.2,0.49466,2.3698,6.8512,-0.24307,0.095814,8.9162,3706.8
4686408111398825728,27,12.6,0.3,4,7.3599,1.84,0.92175,72.749,0.61689,-6385.7,0.099086,24.412,1.4821,0.098822,-6327.9,0.22031,0.10032,-6377.4,0.073589,32.727,1.4538,-0.40577,0.09885,49.513,6458.4
4686408111398825728,27,12.6,0.3,8,14.72,1.84,0.92175,1068.3,0.79692,-5985.9,0.28136,14.244,1.6148,0.099906,-5956.3,0.45808,0.10427,-5978.6,0.26139,14.592,1.5864,-0.18136,0.099822,22.312,7054.3
4686408111398825728,27,12.6,0.3,16,29.439,1.84,0.92175,4561.6,1.9572,-4283.9,0.02,180.08,1.0789,0.096951,-3944.4,0.94257,0.15788,-4277.1,0.02,171.01,1.0705,-0.032708,0.096439,332.69,8845.6
4686408111398825728,27,12.6,0.7,0.5,0.91998,1.84,0.92175,-4895,0.17191,-6845.9,0.64788,1.3716,1.8486,0.094249,-6856,-0.22564,0.094727,-6838.7,0.17011,2.0837,1.28,-0.3219,0.094231,-17.3,1950.9
4686408111398825728,27,12.6,0.7,1,1.84,1.84,0.92175,-3767.5,0.22975,-6727.3,0.75622,1.818,2.0445,0.094586,-6739.1,-0.052597,0.094933,-6721.3,3.3712,0.11003,10,-0.090622,0.094729,-17.761,2959.7
4686408111398825728,27,12.6,0.7,2,3.6799,1.84,0.92175,-1780.1,0.38304,-6369.3,0.54821,3.9745,1.7245,0.097036,-6366.6,0.22219,0.099174,-6363.1,0.22645,4.5821,1.2897,0.046883,0.096049,-3.549,4589.2
4686408111398825728,27,12.6,0.7,4,7.3599,1.84,0.92175,1008.5,0.78476,-5720.9,0.49002,9.0127,1.6216,0.099499,-5668.4,0.64491,0.10612,-5717.2,0.18354,10.472,1.222,0.397,0.096477,48.73,6729.4
4686408111398825728,27,12.6,0.7,8,14.72,1.84,0.92175,3677,1.5589,-3906.3,0.18607,34.801,1.2252,0.098146,-3602.7,1.1578,0.15683,-3923.6,0.02,53.836,0.85552,0.80156,0.060727,320.85,7583.2
4686408111398825728,27,12.6,0.7,16,29.439,1.84,0.92175,6990.4,3.6553,-2743.7,0.058845,252.65,1.2427,0.084991,-2314.1,1.4368,0.19921,-2773.3,0.02,130.33,0.93266,1.0852,3.9197e-05,459.18,9734.1
4686408111398825728,27,12.6,1.5,0.5,0.91998,1.84,0.92175,-4458.7,0.19233,-6517.1,1.4799,1.0115,1.9051,0.095303,-6461.8,0.15643,0.098112,-6510.4,2.3825,0.57845,2.3863,-0.31905,0.095884,48.526,2058.3
4686408111398825728,27,12.6,1.5,1,1.84,1.84,0.92175,-2447.2,0.32265,-6092.2,1.2712,2.0063,1.702,0.095011,-5974.8,0.5331,0.10105,-6086.7,2.5719,0.90039,2.0776,-0.006443,0.095951,111.83,3645.1
4686408111398825728,27,12.6,1.5,2,3.6799,1.84,0.92175,393.3,0.66991,-5440.1,1.113,4.7028,1.7549,0.097781,-5305.9,0.88568,0.10611,-5433.1,1.1697,4.3288,1.7568,-0.029906,0.097783,127.25,5833.4
4686408111398825728,27,12.6,1.5,4,7.3599,1.84,0.92175,2814.5,1.2487,-4480.1,1.334,8.0115,1.8226,0.098444,-4263,1.3032,0.11281,-4473.2,1.3596,7.7864,1.8256,0.0030978,0.098481,210.2,7294.6
4686408111398825728,27,12.6,1.5,8,14.72,1.84,0.92175,5327.3,2.3832,-2924.7,1.5632,14.268,1.9024,0.11222,-2625.7,1.7093,0.13418,-2917.8,1.568,14.197,1.9028,-0.023205,0.11223,292.12,8252.1
4686408111398825728,27,12.6,1.5,16,29.439,1.84,0.92175,8455.8,5.3285,-977.57,0.95575,44.269,1.6611,0.080268,-475.6,2.0691,0.19116,-970.7,0.95605,44.232,1.661,0.0043841,0.080247,495.1,9433.3
4686408111398825728,27,12.6,3,0.5,0.91998,1.84,0.92175,-3210.2,0.26516,-5906.8,2.0775,1.245,1.6529,0.094983,-5652.1,0.66562,0.10575,-5901.1,3.1531,0.83859,1.9287,-0.23139,0.096126,248.95,2696.6
4686408111398825728,27,12.6,3,1,1.84,1.84,0.92175,-445.52,0.53991,-5071.8,1.8169,2.8825,1.6478,0.093844,-4730,1.1142,0.11131,-5064.6,1.9727,2.6372,1.6742,-0.14966,0.094127,334.58,4626.3
4686408111398825728,27,12.6,3,2,3.6799,1.84,0.92175,1691.7,0.93551,-3921.4,2.3712,4.4361,1.7933,0.095195,-3447.7,1.53,0.12138,-3914.3,2.4278,4.3183,1.8021,-0.1289,0.095359,466.55,5613.1
4686408111398825728,27,12.6,3,4,7.3599,1.84,0.92175,4098,1.7371,-2265.9,3.2528,6.966,2.0711,0.11339,-1745.5,1.9147,0.14143,-2259.4,3.3549,6.7037,2.0883,0.17505,0.11388,513.87,6363.9
4686408111398825728,27,12.6,3,8,14.72,1.84,0.92175,7248.4,3.9061,421.37,2.9302,16.634,1.9164,0.13191,1083.4,2.3421,0.22627,428.32,2.9336,16.609,1.9168,-0.034697,0.13195,655.09,6827.1
4686408111398825728,27,12.6,3,16,29.439,1.84,0.92175,9640.2,7.2262,2376.9,2.5595,33.029,1.8311,0.069858,3072.2,2.6046,0.33198,2383.8,2.5608,33.007,1.8312,-0.0052241,0.069969,688.4,7263.3
4686408111398825728,28,12.6,0.3,0.5,1.6947,3.3895,0.28674,-2875.5,0.29653,-5764.7,0.42817,3.2102,1.6553,0.12935,-5775.1,0.037811,0.12796,-5760.7,1.7477,0.44824,10,-0.03762,0.12861,-14.393,2889.2
4686408111398825728,28,12.6,0.3,1,3.3895,3.3895,0.28674,-1387.2,0.42908,-5245,0.30264,6.2152,1.5144,0.14292,-5254.6,0.19622,0.14117,-5238.8,0.60079,2.6498,2.3622,0.10791,0.14245,-15.746,3857.8
4686408111398825728,28,12.6,0.3,2,6.7789,3.3895,0.28674,-1788.2,0.38843,-5624.5,0.55951,3.8408,1.9374,0.13146,-5622.5,0.16489,0.12849,-5617.9,0.67796,2.9978,2.2965,-0.10132,0.13084,-4.6294,3836.4
4686408111398825728,28,12.6,0.3,4,13.558,3.3895,0.28674,1407.8,0.85881,-4411.3,0.30145,13.65,1.6769,0.17004,-4399.4,0.43427,0.16456,-4408.2,0.53628,7.7538,2.5214,0.28059,0.16825,8.7957,5819.1
4686408111398825728,28,12.6,0.3,8,27.116,3.3895,0.28674,4748.3,1.9682,-2897.1,0.02,272.91,1.1845,0.21386,-2879,0.74402,0.22044,-2890.9,0.52576,16.239,7.2034,0.6664,0.22631,11.958,7645.4
4686408111398825728,28,12.6,0.3,16,54.231,3.3895,0.28674,7745.2,4.1418,-931.65,0.31214,61.73,1.8063,0.37746,-846.33,0.97645,0.36144,-924.69,0.31397,61.394,1.8124,-0.024482,0.37735,78.361,8676.9
4686408111398825728,28,12.6,0.7,0.5,1.6947,3.3895,0.28674,-2463.8,0.32844,-5362.9,1.0163,2.2262,2.2781,0.13972,-5358.3,0.21714,0.13605,-5363.4,1.6659,1.0797,5.7641,0.027262,0.13855,5.1449,2899.1
4686408111398825728,28,12.6,0.7,1,3.3895,3.3895,0.28674,-1182.9,0.45141,-5724.1,0.63131,4.2768,1.9485,0.12416,-5716.9,0.26083,0.12041,-5724.7,1.3353,1.6303,5.7627,0.1318,0.12239,7.7583,4541.3
4686408111398825728,28,12.6,0.7,2,6.7789,3.3895,0.28674,1194.5,0.81452,-5431,0.67277,7.6634,1.9312,0.12147,-5404.5,0.51312,0.11426,-5434.2,1.4937,3.0965,3.9964,0.35291,0.1185,29.66,6625.5
4686408111398825728,28,12.6,0.7,4,13.558,3.3895,0.28674,3615.3,1.4856,-3716.1,0.79482,12.524,1.9886,0.17606,-3642.3,0.76272,0.16797,-3708.9,0.80257,12.37,2.0009,-0.11258,0.17596,66.641,7331.4
4686408111398825728,28,12.6,0.7,8,27.116,3.3895,0.28674,6350.7,2.9297,-949.65,0.86347,24.257,2.0464,0.34692,-843.66,1.0802,0.33101,-942.63,0.86502,24.202,2.0501,-0.050652,0.34685,98.965,7300.3
4686408111398825728,28,12.6,0.7,16,54.231,3.3895,0.28674,9465.4,6.3483,592.15,0.024258,856.5,1.1075,1e-06,697.31,1.6107,0.16537,599.06,0.024244,855.94,1.1074,-8.6797e-05,1e-06,98.246,8873.3
4686408111398825728,28,12.6,1.5,0.5,1.6947,3.3895,0.28674,-1910.5,0.37681,-5364.1,1.0439,2.6085,1.703,0.12717,-5361.4,0.39977,0.12502,-5357.6,1.2962,2.038,1.8342,-0.10241,0.12747,-3.7537,3453.6
4686408111398825728,28,12.6,1.5,1,3.3895,3.3895,0.28674,254.17,0.64493,-4780.9,0.79036,5.4914,1.5644,0.13198,-4783,0.61957,0.12896,-4773.9,0.82354,5.1852,1.579,-0.076388,0.13202,-9.1524,5035.1
4686408111398825728,28,12.6,1.5,2,6.7789,3.3895,0.28674,2671.6,1.1753,-3903.2,1.7829,6.3216,2.1863,0.14495,-3808.5,0.90423,0.13154,-3897.3,1.9889,5.4817,2.289,0.2598,0.14466,88.813,6574.8
4686408111398825728,28,12.6,1.5,4,13.558,3.3895,0.28674,5646.8,2.46,-2499.6,0.89219,20.845,1.5918,0.13086,-2319.6,1.3291,0.00043536,-2492.6,0.8925,20.819,1.5923,-0.025763,0.13083,173.03,8146.4
4686408111398825728,28,12.6,1.5,8,27.116,3.3895,0.28674,8451.5,4.9356,-1112.2,1.2825,31.916,1.8885,0.17737,-975.63,1.431,0.10879,-1105.3,1.2843,31.859,1.8894,-0.0046439,0.17734,129.7,9563.7
4686408111398825728,28,12.6,1.5,16,54.231,3.3895,0.28674,10273,7.7568,2253.5,1.4811,47.101,1.7848,0.41607,2328.8,1.7669,0.29851,2260.4,1.4817,47.077,1.785,-0.0021831,0.41606,68.404,8019
4686408111398825728,28,12.6,3,0.5,1.6947,3.3895,0.28674,-739.82,0.5039,-4661.9,2.1267,2.4336,1.7397,0.12253,-4602.8,0.75468,0.11895,-4658.5,2.722,1.8975,1.8996,0.01118,0.12378,55.657,3922.1
4686408111398825728,28,12.6,3,1,3.3895,3.3895,0.28674,1198.8,0.81539,-3575.6,2.6799,3.5667,1.8119,0.12829,-3485.5,1.03,0.11695,-3572.1,3.1414,3.025,1.9114,0.14132,0.1298,86.572,4774.4
4686408111398825728,28,12.6,3,2,6.7789,3.3895,0.28674,4262,1.7443,-1735.5,3.1033,7.1405,1.9972,0.15641,-1602,1.3441,0.1124,-1728.2,3.1089,7.1237,1.9984,-0.15293,0.15641,126.19,5997.5
4686408111398825728,28,12.6,3,4,13.558,3.3895,0.28674,6746.7,3.2324,-95.633,3.176,13.156,2.0226,0.16582,86.538,1.5881,4.2825e-06,-88.717,3.1855,13.109,2.0245,-0.0019323,0.16589,175.25,6842.3
4686408111398825728,28,12.6,3,8,27.116,3.3895,0.28674,9797.8,6.8944,2619,3.0821,28.287,2.0667,0.33668,2819.9,1.8823,9.4169e-05,2625.9,3.0835,28.269,2.0671,-0.0077954,0.33668,194.05,7178.8
4686408111398825728,28,12.6,3,16,54.231,3.3895,0.28674,12511,13.521,5132,2.8868,58.319,1.9158,0.27126,5433,2.1634,0.00026363,5139,2.8872,58.309,1.9159,-0.0012337,0.2713,294.04,7378.9
4686408111398825728,68,12.6,0.3,0.5,2.9064,5.8128,0.30046,1138,0.78449,-3815.5,0.44933,8.4034,1.1356,0.1493,-3819.6,0.38885,0.15518,-3808.5,0.60166,5.7075,1.1484,0.046167,0.14998,-11.054,4953.5
4686408111398825728,68,12.6,0.3,1,5.8128,5.8128,0.30046,1264.1,0.80732,-4279,0.25586,11.947,1.0828,0.13055,-4286.3,0.34864,0.13823,-4272,0.24951,10.396,1.0609,-0.014023,0.13033,-14.249,5543.1
4686408111398825728,68,12.6,0.3,2,11.626,5.8128,0.30046,3404.2,1.3136,-2996.3,0.18923,24.1,1.0996,0.1695,-3006.9,0.50077,0.17668,-2989.3,0.17716,23.826,1.0906,-0.00074002,0.16943,-17.641,6400.5
4686408111398825728,68,12.6,0.3,4,23.251,5.8128,0.30046,4440.9,1.663,-3204.2,0.10258,52.038,1.1262,0.15491,-3211.1,0.51521,0.15705,-3197.1,0.096727,53.151,1.125,-0.050436,0.1551,-13.939,7645.2
4686408111398825728,68,12.6,0.3,8,46.502,5.8128,0.30046,6900.7,2.9101,-1121.2,0.10374,81.367,1.1064,0.22823,-1127.4,0.74654,0.23684,-1114.5,0.047794,99993,10,0.74223,0.23813,-12.832,8022
4686408111398825728,68,12.6,0.3,16,93.004,5.8128,0.30046,9190.3,4.8989,-660.17,0.075257,219.51,1.1887,0.20479,-641.62,0.88207,0.189,-655.06,0.68429,30.509,10,0.86081,0.19936,13.44,9850.4
4686408111398825728,68,12.6,0.7,0.5,2.9064,5.8128,0.30046,1120.4,0.78136,-3718.4,0.62647,7.0729,1.1918,0.15093,-3720.6,0.41594,0.15418,-3711.5,0.78299,5.4335,1.2152,-0.024764,0.15165,-9.1017,4838.9
4686408111398825728,68,12.6,0.7,1,5.8128,5.8128,0.30046,1699.9,0.89145,-3396.9,0.54674,8.8452,1.213,0.16921,-3405.4,0.43216,0.16984,-3389.8,0.59722,7.6959,1.2209,-0.044522,0.16933,-15.569,5096.8
4686408111398825728,68,12.6,0.7,2,11.626,5.8128,0.30046,4171.1,1.564,-3155.1,0.31397,23.998,1.2907,0.17003,-3154.7,0.52089,0.15904,-3161.8,1.276,5.8005,10,0.48933,0.16392,7.1298,7326.2
4686408111398825728,68,12.6,0.7,4,23.251,5.8128,0.30046,7149.5,3.0795,-2558.1,0.13703,87.49,1.236,0.1304,-2539.4,0.7104,0.11117,-2556.6,0.62167,23.65,2.3704,0.67469,0.12351,17.229,9707.6
4686408111398825728,68,12.6,0.7,8,46.502,5.8128,0.30046,9562.8,5.3321,-1513.5,0.40905,74.447,1.6047,0.21527,-1261.2,0.85114,0.13236,-1522.2,0.84534,41.543,2.3341,0.67692,0.18964,260.96,11076
4686408111398825728,68,12.6,0.7,16,93.004,5.8128,0.30046,12456,10.296,1864.6,0.42155,140.58,1.5701,0.45949,2067.2,1.1724,0.29961,1858.8,0.93112,73.357,2.4338,1.028,0.4026,208.39,10591
4686408111398825728,68,12.6,1.5,0.5,2.9064,5.8128,0.30046,1752.1,0.90211,-3702.9,0.63768,8.0262,1.2328,0.14631,-3708.5,0.44772,0.14592,-3697.9,1.5256,3.2067,1.4106,0.20654,0.14977,-10.541,5455
4686408111398825728,68,12.6,1.5,1,5.8128,5.8128,0.30046,3430.2,1.3214,-3394.2,0.92743,10.115,1.4796,0.14919,-3378.5,0.5573,0.12866,-3390.9,2.0974,3.9309,2.1517,0.44001,0.14419,12.399,6824.4
4686408111398825728,68,12.6,1.5,2,11.626,5.8128,0.30046,5460.3,2.097,-3293.5,1.1741,14.526,1.7639,0.13786,-3131.3,0.66688,0.086271,-3286.4,1.2011,14.19,1.787,-0.058283,0.13691,155.1,8753.7
4686408111398825728,68,12.6,1.5,4,23.251,5.8128,0.30046,8333.9,4.0317,-453.04,1.1305,28.95,1.6195,0.18804,-339.71,0.99679,2.0045e-06,-448.43,1.8465,17.619,2.1341,0.84689,0.15059,108.72,8786.9
4686408111398825728,68,12.6,1.5,8,46.502,5.8128,0.30046,10848,7.1423,1965.6,1.5562,43.7,1.8167,0.34428,2229.8,1.2503,7.733e-05,1972.6,1.5589,43.624,1.8188,0.010115,0.34388,257.26,8882.1
4686408111398825728,68,12.6,1.5,16,93.004,5.8128,0.30046,14031,14.734,4672,1.4216,93.744,1.8092,0.62487,4966.4,1.5203,6.779e-05,4679,1.4226,93.678,1.8098,0.0092361,0.62468,287.4,9359
4686408111398825728,68,12.6,3,0.5,2.9064,5.8128,0.30046,2622.2,1.0995,-3097.2,1.8674,5.7395,1.6144,0.14939,-3056.2,0.61907,0.12346,-3100.9,3.1688,3.2833,1.9292,0.2265,0.15197,44.721,5719.4
4686408111398825728,68,12.6,3,1,5.8128,5.8128,0.30046,4125.6,1.5479,-2216,2.4346,7.1302,1.7433,0.14298,-2130.1,0.79487,0.07401,-2210.3,2.7775,6.1634,1.8195,0.15819,0.14331,80.247,6341.7
4686408111398825728,68,12.6,3,2,11.626,5.8128,0.30046,7157,3.0848,221.32,2.4249,14.406,1.8367,0.24414,363.07,1.0562,0.081854,228.44,2.4449,14.265,1.8424,-0.05944,0.24389,134.62,6935.7
4686408111398825728,68,12.6,3,4,23.251,5.8128,0.30046,9769.6,5.589,2829.7,3.0349,23.114,1.9995,0.42381,3022,1.3285,9.6164e-05,2836.7,3.0503,22.979,2.0036,0.021984,0.42365,185.38,6939.9
4686408111398825728,68,12.6,3,8,46.502,5.8128,0.30046,12608,10.66,5345.6,3.0021,44.853,1.922,0.54026,5667.9,1.5895,0.00053974,5352.6,3.0042,44.815,1.9226,-0.009878,0.54013,315.28,7262.4
4686408111398825728,68,12.6,3,16,93.004,5.8128,0.30046,15912,22.6,8900.4,3.3747,88.457,2.0825,1.5839,9182.1,1.9361,0.00028594,8907.4,3.3752,88.434,2.0826,0.0013207,1.5839,274.72,7011.2
4686413540237697408,28,14.4,0.3,0.5,1.0252,2.0503,0.28674,-2207.8,0.34999,-2694.5,0.88331,1.5597,1.5896,0.28984,-2698.7,0.29446,0.29109,-2689.6,1.7398,0.80171,2.4156,-0.023886,0.29046,-9.0727,486.66
4686413540237697408,28,14.4,0.3,1,2.0503,2.0503,0.28674,-2169.6,0.35333,-2686.7,0.92225,1.5717,1.6389,0.28995,-2690.6,0.31131,0.29099,-2681.5,1.6663,0.8677,2.3391,-0.021664,0.29045,-9.0944,517.12
4686413540237697408,28,14.4,0.3,2,4.1006,2.0503,0.28674,-1512.9,0.4159,-2631,0.43868,3.4917,1.4037,0.29001,-2642.8,0.39887,0.29052,-2626.1,2.6721,0.35885,10,0.32584,0.29057,-16.61,1118.1
4686413540237697408,28,14.4,0.3,4,8.2013,2.0503,0.28674,-722.97,0.50601,-2573,0.53389,4.4402,1.6748,0.29054,-2583.1,0.51104,0.2887,-2566,0.54977,4.1778,1.6985,-0.034455,0.29047,-17.053,1850
4686413540237697408,28,14.4,0.3,8,16.403,2.0503,0.28674,3487.1,1.4391,-2097.5,0.1899,32.541,1.557,0.30734,-2081.1,0.83903,0.30067,-2090.6,0.19297,31.987,1.5674,0.015946,0.30734,9.5097,5584.5
4686413540237697408,28,14.4,0.3,16,32.805,2.0503,0.28674,5754.2,2.5265,-1447.9,0.082195,124.68,1.4019,0.33576,-1426.2,1.0525,0.32959,-1441,0.082433,124.26,1.4035,-0.0043083,0.33577,14.819,7202.1
4686413540237697408,28,14.4,0.7,0.5,1.0252,2.0503,0.28674,-2078.5,0.36142,-2674.1,1.2427,1.4327,2.2059,0.29058,-2673.2,0.36797,0.28971,-2666.9,1.3698,1.2621,2.3826,-0.20619,0.29063,-6.2946,595.63
4686413540237697408,28,14.4,0.7,1,2.0503,2.0503,0.28674,-1438.3,0.42368,-2593.7,1.0356,2.2624,1.9582,0.28989,-2596.2,0.49438,0.28873,-2589.2,2.1915,0.82059,5.1861,0.29312,0.29017,-6.9619,1155.5
4686413540237697408,28,14.4,0.7,2,4.1006,2.0503,0.28674,-593.83,0.52249,-2517.6,0.85768,3.5514,1.9616,0.29081,-2521.1,0.5942,0.28779,-2510.5,0.88886,3.3655,2.0018,-0.060727,0.29074,-10.56,1923.7
4686413540237697408,28,14.4,0.7,4,8.2013,2.0503,0.28674,1772.1,0.9401,-2172.4,0.839,7.4232,2.017,0.2983,-2157.9,0.85794,0.2916,-2165.5,0.84866,7.3019,2.0316,-0.020368,0.29824,7.5488,3944.5
4686413540237697408,28,14.4,0.7,8,16.403,2.0503,0.28674,4265.7,1.7459,-1455.5,0.86585,13.741,1.931,0.3255,-1426.6,1.1221,0.31503,-1448.6,0.8708,13.637,1.9353,-0.0023699,0.32547,21.99,5721.2
4686413540237697408,28,14.4,0.7,16,32.805,2.0503,0.28674,7298.4,3.7069,-886.44,0.58881,37.713,1.7722,0.33133,-841.34,1.3618,0.30834,-879.53,0.58952,37.659,1.7732,0.002467,0.33131,38.185,8184.8
4686413540237697408,28,14.4,1.5,0.5,1.0252,2.0503,0.28674,-1753.3,0.3918,-2602.4,1.2519,1.7469,2.0204,0.2906,-2599.2,0.47381,0.28975,-2596.1,1.4902,1.4297,2.2729,-0.072937,0.29083,-3.0731,849.08
4686413540237697408,28,14.4,1.5,1,2.0503,2.0503,0.28674,-1084.8,0.46254,-2403.8,1.9542,1.8671,2.4386,0.29305,-2374,0.70562,0.29024,-2396.7,2.0603,1.7464,2.5427,-0.11914,0.29312,22.622,1319
4686413540237697408,28,14.4,1.5,2,4.1006,2.0503,0.28674,1684.1,0.91978,-2100.1,0.99789,6.5462,1.8669,0.29266,-2092.2,0.9362,0.28643,-2093.1,1.0101,6.4376,1.8761,-0.017714,0.29264,0.94822,3784.2
4686413540237697408,28,14.4,1.5,4,8.2013,2.0503,0.28674,3836.7,1.5696,-1396.9,1.6093,8.8758,2.1717,0.30886,-1345.1,1.2512,0.29007,-1390,1.6187,8.8109,2.1779,0.010754,0.30885,44.9,5233.6
4686413540237697408,28,14.4,1.5,8,16.403,2.0503,0.28674,5800.8,2.5559,-740.15,1.6986,14.332,2.0893,0.31159,-651.25,1.4801,0.27844,-733.23,1.7012,14.304,2.0907,-0.0036269,0.31157,81.976,6541
4686413540237697408,28,14.4,1.5,16,32.805,2.0503,0.28674,9037.9,5.7091,695.24,1.5455,33.262,1.9766,0.34517,814.57,1.7768,0.26859,702.15,1.5462,33.243,1.9769,0.0011376,0.34517,112.43,8342.7
4686413540237697408,28,14.4,3,0.5,1.0252,2.0503,0.28674,-1401.9,0.42752,-2350.1,2.5159,1.4258,2.1049,0.29316,-2299.1,0.72673,0.29441,-2345.9,3.0984,1.152,2.4784,-0.010844,0.29374,46.761,948.16
4686413540237697408,28,14.4,3,1,2.0503,2.0503,0.28674,-92.043,0.59181,-1965.5,2.9801,2.1449,2.2204,0.29577,-1889.7,1.0098,0.29255,-1958.9,3.161,2.0172,2.3122,-0.029966,0.29606,69.228,1873.4
4686413540237697408,28,14.4,3,2,4.1006,2.0503,0.28674,2252.5,1.0592,-1219.4,3.5357,3.8838,2.363,0.30083,-1101.1,1.3497,0.28328,-1212.9,3.6216,3.7773,2.3963,0.094652,0.30102,111.78,3471.9
4686413540237697408,28,14.4,3,4,8.2013,2.0503,0.28674,4989.2,2.0895,65.111,2.9416,8.642,1.9615,0.32487,171.5,1.6409,0.28994,71.056,3.3442,7.5244,2.0599,0.72233,0.32733,100.45,4924.1
4686413540237697408,28,14.4,3,8,16.403,2.0503,0.28674,7501.8,3.8989,1455.4,3.3365,15.364,2.1304,0.36396,1618.9,1.9091,0.24865,1462.2,3.3419,15.335,2.1316,0.029839,0.36401,156.67,6046.4
4686413540237697408,28,14.4,3,16,32.805,2.0503,0.28674,10277,7.7653,3255.9,3.0829,32.024,1.9937,0.34037,3462.1,2.1691,3.7101e-05,3262.8,3.0836,32.014,1.9938,0.0021212,0.34039,199.29,7021.1
4686413810818254464,27,14.2,0.3,0.5,0.38908,0.77815,0.81815,-6236.1,0.12176,-7000.8,0.02,8.169,1.0915,0.095841,-6984.2,-0.19199,0.096084,-6993,0.13423,2.157,2.7392,-0.41,0.096456,8.8168,764.68
4686413810818254464,27,14.2,0.3,1,0.77815,0.77815,0.81815,-5914,0.13228,-6945.5,0.02,10.627,1.0771,0.095745,-6936.4,-0.10603,0.096507,-6937.8,0.02,11.042,1.1544,-0.42327,0.096259,1.381,1031.4
4686413810818254464,27,14.2,0.3,2,1.5563,0.77815,0.81815,-5512.9,0.14665,-6884.8,0.12774,3.0238,1.2579,0.096041,-6882.2,-0.010926,0.096908,-6877.3,0.022464,11.732,1.1099,-0.31976,0.096014,-4.8128,1371.9
4686413810818254464,27,14.2,0.3,4,3.1126,0.77815,0.81815,-3913,0.22131,-6787.2,0.38096,2.6528,2.0337,0.097572,-6774.2,0.18693,0.097212,-6780.2,0.34715,2.6295,2.196,-0.10634,0.09765,6.0009,2874.2
4686413810818254464,27,14.2,0.3,8,6.2252,0.77815,0.81815,-1285.8,0.43497,-6633.1,0.18763,10.008,1.6727,0.096691,-6600.1,0.47347,0.096946,-6625.6,0.18176,10.206,1.674,-0.22986,0.096742,25.445,5347.3
4686413810818254464,27,14.2,0.3,16,12.45,0.77815,0.81815,667.65,0.71889,-6080.4,0.069219,39.669,1.3397,0.099261,-6021.4,0.7918,0.10565,-6073.4,0.061557,43.9,1.3277,-0.074326,0.099203,51.983,6748
4686413810818254464,27,14.2,0.7,0.5,0.38908,0.77815,0.81815,-6095,0.12626,-6951.5,0.093756,2.6283,1.1497,0.095582,-6951.8,-0.13044,0.09635,-6945.2,0.02,24.81,1.7129,-0.23652,0.096548,-6.5955,856.47
4686413810818254464,27,14.2,0.7,1,0.77815,0.77815,0.81815,-5587.4,0.14387,-6851.1,0.58869,1.0931,1.8263,0.09636,-6863.5,0.041096,0.096787,-6848.1,0.033397,99990,10,0.014915,0.096876,-15.401,1263.8
4686413810818254464,27,14.2,0.7,2,1.5563,0.77815,0.81815,-4272.2,0.20178,-6665.6,0.34954,2.4409,1.3736,0.095538,-6658.3,0.30052,0.09856,-6660.5,0.02,10.255,0.91286,0.12614,0.094058,2.2753,2393.4
4686413810818254464,27,14.2,0.7,4,3.1126,0.77815,0.81815,-1738.4,0.38717,-6319.5,0.54991,3.9989,1.6816,0.097323,-6312.7,0.67141,0.10042,-6314.2,0.1474,4.1662,1.0818,0.5525,0.095382,1.5507,4581.1
4686413810818254464,27,14.2,0.7,8,6.2252,0.77815,0.81815,127.15,0.62559,-5797.6,0.48982,7.3739,1.5968,0.10115,-5754.3,0.96715,0.108,-5799.9,0.43214,1.5961,0.92023,0.82537,0.09343,45.641,5924.8
4686413810818254464,27,14.2,0.7,16,12.45,0.77815,0.81815,3510.2,1.4934,-5114.8,0.61514,15.235,1.8272,0.10526,-5072.5,1.36,0.11181,-5107.9,0.61453,15.214,1.8261,0.01032,0.10525,35.391,8625
4686413810818254464,27,14.2,1.5,0.5,0.38908,0.77815,0.81815,-5710.4,0.13939,-6782.9,0.46931,1.0972,1.2009,0.094533,-6764.9,0.13758,0.098157,-6774.7,0.43892,1.057,1.1503,-0.38061,0.094421,9.8471,1072.5
4686413810818254464,27,14.2,1.5,1,0.77815,0.77815,0.81815,-4275.8,0.20159,-6624.7,0.8802,1.4444,1.8727,0.096164,-6623.8,0.39472,0.097833,-6618,0.96421,0.7637,1.5102,0.23166,0.095527,-5.7912,2348.8
4686413810818254464,27,14.2,1.5,2,1.5563,0.77815,0.81815,-2957.2,0.28298,-6228,1.2245,1.7784,1.712,0.095156,-6125.4,0.8686,0.1001,-6221.4,1.7855,1.1337,1.8495,0.25563,0.095426,96.023,3270.8
4686413810818254464,27,14.2,1.5,4,3.1126,0.77815,0.81815,-355.59,0.55254,-5564.3,1.4174,3.3776,1.8901,0.098604,-5431.6,1.2756,0.10441,-5557.4,1.4444,3.2944,1.8968,0.00058556,0.098638,125.78,5208.7
4686413810818254464,27,14.2,1.5,8,6.2252,0.77815,0.81815,2861.5,1.2639,-4446.5,0.95197,10.119,1.6635,0.10005,-4234.7,1.684,0.11873,-4439.6,0.95293,10.094,1.6631,-0.0012911,0.10004,204.96,7308
4686413810818254464,27,14.2,1.5,16,12.45,0.77815,0.81815,4505.5,1.9291,-3678.3,1.4393,11.867,1.8722,0.10033,-3419,1.9988,0.11642,-3671.4,1.441,11.845,1.8724,0.00017097,0.10033,252.41,8183.8
4686413810818254464,27,14.2,3,0.5,0.38908,0.77815,0.81815,-5522.1,0.14631,-6568.4,1.4042,0.67414,1.3124,0.093759,-6442.6,0.44804,0.10184,-6562.7,3.508,0.33468,2.0226,-0.13796,0.095273,120.15,1046.3
4686413810818254464,27,14.2,3,1,0.77815,0.77815,0.81815,-3976.7,0.21771,-6101.4,2.3266,0.93141,1.7096,0.095058,-5862.7,0.97623,0.10424,-6095.6,3.041,0.73288,1.9274,-0.048868,0.095783,232.87,2124.7
4686413810818254464,27,14.2,3,2,1.5563,0.77815,0.81815,-1801.6,0.38093,-5331.3,3.2326,1.4812,2.0149,0.096016,-4943.8,1.5221,0.10537,-5324.3,3.3357,1.4332,2.0413,-0.11238,0.096154,380.46,3529.8
4686413810818254464,27,14.2,3,4,3.1126,0.77815,0.81815,678.72,0.72094,-4086.8,3.1019,2.978,1.8835,0.097601,-3602.4,1.9146,0.1199,-4079.7,3.1214,2.9577,1.8869,-0.10035,0.097661,477.34,4765.5
4686413810818254464,27,14.2,3,8,6.2252,0.77815,0.81815,3560.4,1.5128,-2755.8,3.0542,6.2818,1.9883,0.097286,-2229.2,2.2897,0.12267,-2748.9,3.0603,6.2667,1.9893,-0.017325,0.097313,519.65,6316.2
4686413810818254464,27,14.2,3,16,12.45,0.77815,0.81815,6199.9,2.9827,-614.22,2.6504,13.414,1.834,0.094137,16.783,2.6264,0.17818,-607.34,2.652,13.404,1.8342,-0.002608,0.094162,624.12,6814.1
4686413810818254464,28,14.2,0.3,0.5,0.79767,1.5953,0.29868,-6816.4,0.11147,-7689.2,0.26894,1.2061,1.8388,0.086224,-7694.7,-0.26698,0.085712,-7681.1,0.27597,1.0135,2.3197,-0.43882,0.086039,-13.657,872.84
4686413810818254464,28,14.2,0.3,1,1.5953,1.5953,0.29868,-5476.5,0.15547,-7642,0.044818,11.433,1.4498,0.086309,-7630.1,-0.12355,0.085685,-7634.5,0.14706,3.5263,2.4185,-0.30058,0.086177,4.3939,2165.5
4686413810818254464,28,14.2,0.3,2,3.1907,1.5953,0.29868,-3648.4,0.24476,-7473.5,0.14691,6.1397,1.5736,0.086654,-7464,0.12853,0.085691,-7466.4,0.17433,5.1313,1.7917,-0.12565,0.086556,2.4464,3825.1
4686413810818254464,28,14.2,0.3,4,6.3814,1.5953,0.29868,-1475.7,0.41976,-7091.6,0.13191,12.448,1.4708,0.089187,-7085.6,0.4023,0.088053,-7084.9,0.24613,6.5972,2.1389,0.3046,0.088987,-0.67665,5615.9
4686413810818254464,28,14.2,0.3,8,12.763,1.5953,0.29868,1283.5,0.83271,-6128.4,0.22383,16.55,1.5464,0.10256,-6121.1,0.73679,0.10005,-6121.5,0.22649,16.262,1.5558,0.015023,0.10257,0.43127,7411.9
4686413810818254464,28,14.2,0.3,16,25.526,1.5953,0.29868,3528,1.4538,-5644.7,0.084447,76.294,1.4351,0.10499,-5624.9,0.92615,0.10192,-5644.9,0.51233,13.449,2.9863,0.84059,0.10522,19.996,9172.7
4686413810818254464,28,14.2,0.7,0.5,0.79767,1.5953,0.29868,-6204.7,0.12975,-7554.4,0.86393,0.78629,2.5006,0.086199,-7557.4,0.020934,0.085381,-7546.1,0.91196,0.69726,2.6914,-0.38508,0.086088,-11.318,1349.6
4686413810818254464,28,14.2,0.7,1,1.5953,1.5953,0.29868,-5290.9,0.1628,-7368.7,1.1642,0.94833,2.4597,0.086746,-7363.1,0.25128,0.085444,-7360.8,1.2275,0.87052,2.5868,-0.31353,0.086688,-2.3234,2077.8
4686413810818254464,28,14.2,0.7,2,3.1907,1.5953,0.29868,-2003.8,0.36818,-6979.8,0.66763,3.4287,1.8586,0.087502,-6975,0.54789,0.085484,-6972.8,0.68472,3.2874,1.8897,-0.052412,0.087447,-2.2016,4976
4686413810818254464,28,14.2,0.7,4,6.3814,1.5953,0.29868,112.2,0.62259,-6513.1,0.70183,5.8875,1.922,0.091274,-6491.6,0.77534,0.086344,-6514.8,1.2771,3.0079,3.2885,0.61993,0.08947,23.172,6625.3
4686413810818254464,28,14.2,0.7,8,12.763,1.5953,0.29868,3488.6,1.4396,-5310.6,0.36546,20.434,1.5461,0.099112,-5308.7,1.0898,0.094825,-5306.4,1.3552,4.4067,3.7381,1.0449,0.097137,-2.3746,8799.3
4686413810818254464,28,14.2,0.7,16,25.526,1.5953,0.29868,5955.4,2.6559,-4121.3,0.67107,25.789,1.924,0.13117,-4011.8,1.3042,0.11516,-4114.4,0.67231,25.74,1.9259,0.016093,0.13115,102.59,10077
4686413810818254464,28,14.2,1.5,0.5,0.79767,1.5953,0.29868,-4881.3,0.18022,-7205,1.3544,1.0062,1.995,0.085988,-7193.3,0.40965,0.085129,-7197.8,1.5535,0.85037,2.1272,-0.17974,0.086035,4.5864,2323.7
4686413810818254464,28,14.2,1.5,1,1.5953,1.5953,0.29868,-2924,0.29299,-6586.8,1.48,1.7,1.9158,0.090912,-6565.7,0.70223,0.088833,-6579.2,1.505,1.6616,1.9277,-0.24312,0.090915,13.487,3662.8
4686413810818254464,28,14.2,1.5,2,3.1907,1.5953,0.29868,-310.41,0.56058,-6163,1.5486,3.2966,2.0312,0.087644,-6118.9,0.96214,0.081901,-6155.9,1.566,3.2478,2.0402,-0.081897,0.087636,36.992,5852.6
4686413810818254464,28,14.2,1.5,4,6.3814,1.5953,0.29868,1700.1,0.92345,-4636.3,1.9976,4.6806,2.1055,0.11336,-4556.6,1.2326,0.10316,-4630.3,2.2421,4.0483,2.1945,0.49519,0.1135,73.722,6336.4
4686413810818254464,28,14.2,1.5,8,12.763,1.5953,0.29868,4856.1,2.0216,-3064.2,1.1548,14.151,1.6564,0.11416,-3034.3,1.5417,0.097891,-3057.2,1.1562,14.128,1.6568,-0.0055759,0.11417,22.934,7920.3
4686413810818254464,28,14.2,1.5,16,25.526,1.5953,0.29868,8403.7,4.8773,-111.95,1.2586,32.377,1.9088,0.29633,-30.238,1.8155,0.25057,-105.04,1.259,32.366,1.909,-0.0005135,0.29633,74.797,8515.6
4686413810818254464,28,14.2,3,0.5,0.79767,1.5953,0.29868,-4187.8,0.21408,-6602.4,2.7225,0.86038,1.8617,0.086467,-6511.1,0.76629,0.086393,-6600.8,3.7421,0.63476,2.2495,-0.034222,0.087511,89.668,2414.5
4686413810818254464,28,14.2,3,1,1.5953,1.5953,0.29868,-1715.8,0.39547,-5733,3.0606,1.5959,2.0195,0.089086,-5625.9,1.0831,0.084039,-5730.1,3.6404,1.329,2.1973,0.17156,0.090016,104.24,4017.2
4686413810818254464,28,14.2,3,2,3.1907,1.5953,0.29868,858.87,0.74939,-4392.2,3.1855,3.0498,1.9199,0.087528,-4260.9,1.406,0.073507,-4385.4,3.2555,2.9781,1.9333,0.045227,0.087742,124.5,5251
4686413810818254464,28,14.2,3,4,6.3814,1.5953,0.29868,3957.4,1.6173,-2320,2.7555,7.1277,1.9448,0.13304,-2202.6,1.6631,0.099883,-2313,2.7612,7.1103,1.946,-0.024681,0.13306,110.36,6277.4
4686413810818254464,28,14.2,3,8,12.763,1.5953,0.29868,6258.1,2.8632,-610.68,3.5382,11.06,2.0795,0.12213,-383.51,1.9299,7.2886e-06,-603.69,3.5382,11.06,2.0796,-0.036827,0.12213,220.18,6868.8
4686413810818254464,28,14.2,3,16,25.526,1.5953,0.29868,9527.2,6.4465,2444.5,2.9435,27.349,1.9328,0.23475,2623.9,2.2534,6.0179e-05,2451.4,2.9441,27.342,1.9329,0.00097998,0.23476,172.45,7082.7
4686413810818254464,68,14.2,0.3,0.5,1.5732,3.1464,0.39049,-3357.8,0.28212,-6284.3,0.075894,8.8092,1.033,0.12238,-6291.7,-0.10298,0.12302,-6279,0.38571,2.0519,10,-0.13257,0.12371,-12.698,2926.5
4686413810818254464,68,14.2,0.3,1,3.1464,3.1464,0.39049,-2739.3,0.32474,-6411.9,0.13441,8.4398,1.319,0.12442,-6384.9,-0.13006,0.12136,-6410.2,0.50332,2.7471,5.6723,-0.24573,0.12326,25.263,3672.6
4686413810818254464,68,14.2,0.3,2,6.2927,3.1464,0.39049,-1431.2,0.43729,-5994.5,0.075567,16.455,1.1121,0.12363,-5991.6,0.06137,0.12268,-5988.2,0.30162,5.1257,2.4868,0.018858,0.12408,-3.4106,4563.3
4686413810818254464,68,14.2,0.3,4,12.585,3.1464,0.39049,2202.8,0.9995,-5476.9,0.02,165.53,1.1923,0.12722,-5411.2,0.28676,0.12122,-5471,0.21063,19.14,1.8479,0.17448,0.12691,59.781,7679.8
4686413810818254464,68,14.2,0.3,8,25.171,3.1464,0.39049,4429.1,1.6585,-3965.6,0.030677,172.39,1.1529,0.14523,-3927.3,0.56276,0.13944,-3961.2,0.41249,18.136,2.546,0.51075,0.14588,33.887,8394.6
4686413810818254464,68,14.2,0.3,16,50.342,3.1464,0.39049,6464.8,2.6353,-3497.8,0.079823,111.97,1.2511,0.14858,-3411.3,0.68351,0.13119,-3492.8,0.35044,33.55,1.9516,0.59356,0.14531,81.455,9962.6
4686413810818254464,68,14.2,0.7,0.5,1.5732,3.1464,0.39049,-3661.5,0.26329,-6352.4,0.38466,2.9905,1.3512,0.12377,-6358.8,-0.11696,0.12155,-6345.4,0.50311,1.9261,1.8372,-0.21021,0.12302,-13.386,2690.9
4686413810818254464,68,14.2,0.7,1,3.1464,3.1464,0.39049,-1633.9,0.41758,-5958.6,0.6152,3.8981,1.5689,0.1269,-5950.8,0.09945,0.121,-5954,1.3968,1.5771,3.1861,-0.014793,0.12427,3.2395,4324.7
4686413810818254464,68,14.2,0.7,2,6.2927,3.1464,0.39049,210.61,0.63528,-5548.5,0.83329,5.2305,1.7524,0.12921,-5495.4,0.28275,0.11834,-5542.4,1.0008,4.3328,2.0341,-0.014036,0.12726,46.955,5759.1
4686413810818254464,68,14.2,0.7,4,12.585,3.1464,0.39049,3829.8,1.4472,-4915.2,0.54121,16.007,1.6937,0.13216,-4741.9,0.50294,0.11079,-4911.9,0.75058,12.251,2.0658,0.22972,0.12752,169.94,8745
4686413810818254464,68,14.2,0.7,8,25.171,3.1464,0.39049,6550.4,2.6872,-2679.9,0.29253,45.908,1.3664,0.1583,-2608.9,0.82158,0.12306,-2686.8,0.91852,17.986,2.5576,0.74217,0.14404,77.928,9230.3
4686413810818254464,68,14.2,0.7,16,50.342,3.1464,0.39049,9544.7,5.3103,-1136.4,0.42962,68.431,1.5738,0.23582,-910.71,1.0205,0.14554,-1134.7,0.71901,45.514,2.0077,0.81071,0.21512,224.01,10681
4686413810818254464,68,14.2,1.5,0.5,1.5732,3.1464,0.39049,-2242.3,0.36361,-5911.3,0.94034,2.6384,1.569,0.12431,-5912.9,0.13383,0.11928,-5904.2,1.2027,1.8933,1.8042,-0.10639,0.12355,-8.7191,3669
4686413810818254464,68,14.2,1.5,1,3.1464,3.1464,0.39049,-92.849,0.59291,-5223.1,1.2745,3.8804,1.742,0.12943,-5188.2,0.37687,0.11663,-5220.3,2.1143,2.1459,3.1567,0.24558,0.12425,32.142,5130.2
4686413810818254464,68,14.2,1.5,2,6.2927,3.1464,0.39049,2242.7,1.0086,-4334.2,1.6531,5.8054,1.9227,0.13712,-4223.6,0.605,0.10849,-4329,2.1017,4.4269,2.3786,0.34131,0.13085,105.47,6576.9
4686413810818254464,68,14.2,1.5,4,12.585,3.1464,0.39049,5626.5,2.1778,-2538.1,1.3514,13.859,1.7713,0.16509,-2393.1,0.87342,0.10461,-2531.2,1.3815,13.539,1.7905,0.077457,0.16438,138.1,8164.6
4686413810818254464,68,14.2,1.5,8,25.171,3.1464,0.39049,8894.6,4.5802,-353.19,0.92037,36.958,1.5839,0.19332,-212.52,1.1451,1.4289e-05,-348.1,1.4428,24.311,2.038,0.98802,0.1575,135.58,9247.8
4686413810818254464,68,14.2,1.5,16,50.342,3.1464,0.39049,11626,8.5266,2510.6,1.2944,56.34,1.7781,0.44071,2759.8,1.4282,0.14377,2517.6,1.2958,56.28,1.7792,0.0075453,0.44055,242.18,9115.8
4686413810818254464,68,14.2,3,0.5,1.5732,3.1464,0.39049,-1448.2,0.4356,-5106.2,2.5395,1.9,1.7303,0.12228,-5068.4,0.42484,0.11292,-5100.6,3.0781,1.5549,1.8772,-0.15444,0.12283,32.228,3658
4686413810818254464,68,14.2,3,1,3.1464,3.1464,0.39049,1359.5,0.82503,-4151.8,2.6977,3.5981,1.9099,0.12404,-4065.4,0.66491,0.094472,-4145,2.8698,3.3481,1.9637,-0.053797,0.12379,79.521,5511.2
4686413810818254464,68,14.2,3,2,6.2927,3.1464,0.39049,4221.9,1.5822,-2326.7,2.8413,6.832,1.9449,0.14681,-2167.7,0.93927,0.052785,-2319.5,2.8687,6.7534,1.9542,-0.094893,0.14655,151.79,6548.6
4686413810818254464,68,14.2,3,4,12.585,3.1464,0.39049,7235.1,3.1401,129.95,3.5924,12.077,2.1805,0.21353,527.93,1.2181,3.093e-05,137.07,3.6002,12.045,2.1838,-0.057173,0.21325,390.86,7105.1
4686413810818254464,68,14.2,3,8,25.171,3.1464,0.39049,10246,6.2289,2413.4,2.8978,27.022,1.9534,0.23194,2941.9,1.4563,1e-06,2420.5,2.8986,27.013,1.954,-0.025056,0.23169,521.4,7832.7
4686413810818254464,68,14.2,3,16,50.342,3.1464,0.39049,13176,12.129,6099.8,2.9446,51.17,1.9709,0.84529,6325.2,1.79,0.00029073,6106.8,2.9457,51.146,1.9712,0.0014336,0.84524,218.44,7075.7
4686417148009897344,27,13.4,0.3,0.5,0.48532,0.97064,0.81815,-5568.8,0.14456,-7487.3,0.026603,9.7639,1.0501,0.080333,-7471.8,-0.064872,0.082157,-7480.1,0.02,10.458,1.0288,-0.4345,0.080622,8.3353,1918.4
4686417148009897344,27,13.4,0.3,1,0.97064,0.97064,0.81815,-4749.9,0.17845,-7463,0.02,17.183,1.1107,0.080957,-7427.1,0.010133,0.082292,-7454,0.02,16.264,1.113,-0.54922,0.081125,26.929,2713.1
4686417148009897344,27,13.4,0.3,2,1.9413,0.97064,0.81815,-5118.4,0.16231,-7452.3,0.15113,3.5184,1.3235,0.08086,-7445.4,0.005692,0.081933,-7443.6,0.1147,4.1385,1.2767,-0.46468,0.080874,-1.7812,2333.9
4686417148009897344,27,13.4,0.3,4,3.8825,0.97064,0.81815,-2298.9,0.33519,-7094.5,0.14853,8.473,1.3669,0.082085,-7068.9,0.38028,0.084931,-7087.1,0.11549,9.9387,1.3199,-0.18892,0.081993,18.203,4795.6
4686417148009897344,27,13.4,0.3,8,7.7651,0.97064,0.81815,-662.47,0.51061,-6817.3,0.21295,10.931,1.5313,0.084778,-6796.9,0.56913,0.087561,-6810,0.20187,11.183,1.5148,-0.16395,0.084748,13.117,6154.8
4686417148009897344,27,13.4,0.3,16,15.53,0.97064,0.81815,2852.7,1.2611,-6298,0.02,284.05,1.3472,0.085528,-6185.3,0.90667,0.09374,-6290.9,0.02,276.07,1.3426,-0.09653,0.085516,105.62,9150.7
4686417148009897344,27,13.4,0.7,0.5,0.48532,0.97064,0.81815,-5244.6,0.15713,-7461.7,0.058925,5.6732,1.0921,0.07992,-7446,0.0086658,0.081885,-7454.9,0.02,11.74,1.0233,-0.3676,0.08004,8.9007,2217.1
4686417148009897344,27,13.4,0.7,1,0.97064,0.97064,0.81815,-5301,0.15487,-7374.9,0.65974,1.2426,1.7378,0.081139,-7380.4,0.10858,0.082079,-7367.6,0.60983,1.0888,1.6098,-0.20248,0.081083,-12.787,2074
4686417148009897344,27,13.4,0.7,2,1.9413,0.97064,0.81815,-2767.8,0.29711,-6998.8,0.3859,3.6161,1.4599,0.082076,-6974.8,0.46807,0.085439,-6991.9,0.31178,3.8033,1.3684,-0.019599,0.081833,17.114,4231
4686417148009897344,27,13.4,0.7,4,3.8825,0.97064,0.81815,-1650.7,0.396,-6735,0.54397,4.2439,1.6035,0.082886,-6694.4,0.69158,0.086992,-6730.4,3.0778,0.37925,1.7664,0.50756,0.082538,35.931,5084.3
4686417148009897344,27,13.4,0.7,8,7.7651,0.97064,0.81815,1977.4,1.0068,-6235.1,0.49843,11.194,1.7496,0.084407,-6204.5,1.0284,0.08843,-6228.2,0.49513,11.165,1.7448,-0.0057239,0.084391,23.668,8212.5
4686417148009897344,27,13.4,0.7,16,15.53,0.97064,0.81815,4382.9,1.8692,-4442.8,0.053631,135.23,1.2036,0.071132,-4137.3,1.3927,0.14026,-4543.4,21.104,0.23715,3.3099,1.2436,0.074631,406.1,8825.7
4686417148009897344,27,13.4,1.5,0.5,0.48532,0.97064,0.81815,-5376.8,0.15188,-7304.1,0.77479,1.0879,1.5453,0.080397,-7276.7,0.21674,0.08287,-7298.7,3.9577,0.17104,4.5616,0.015625,0.081149,21.992,1927.3
4686417148009897344,27,13.4,1.5,1,0.97064,0.97064,0.81815,-4612.5,0.18487,-7052.4,1.1911,1.1339,1.7151,0.081423,-6991.3,0.46292,0.085149,-7045,1.3443,0.96656,1.7436,-0.20127,0.081456,53.754,2439.9
4686417148009897344,27,13.4,1.5,2,1.9413,0.97064,0.81815,-2278.9,0.33692,-6631,1.2558,2.1778,1.8382,0.081566,-6532.7,0.87291,0.085566,-6624,1.3071,2.0487,1.8452,-0.079397,0.081579,91.282,4352.1
4686417148009897344,27,13.4,1.5,4,3.8825,0.97064,0.81815,323.77,0.65804,-5901.2,1.2453,4.3663,1.8029,0.081702,-5741,1.2865,0.088884,-5894.3,1.2655,4.2668,1.8061,-0.012247,0.081723,153.29,6225
4686417148009897344,27,13.4,1.5,8,7.7651,0.97064,0.81815,3443.8,1.4681,-4795.9,1.2355,10.093,1.8719,0.084206,-4605.1,1.6799,0.09549,-4789,1.2376,10.063,1.872,-0.011284,0.084207,183.94,8239.8
4686417148009897344,27,13.4,1.5,16,15.53,0.97064,0.81815,5602.2,2.5577,-3462.1,1.5263,15.529,1.9429,0.085008,-3190.8,2.0534,0.10214,-3455.2,1.5273,15.513,1.9429,-0.0067412,0.08501,264.46,9064.3
4686417148009897344,27,13.4,3,0.5,0.48532,0.97064,0.81815,-4735.9,0.17909,-6947,1.2089,1.0443,1.3977,0.079189,-6783,0.63781,0.086195,-6945.5,3.7126,0.39954,2.3078,-0.023995,0.08122,162.52,2211
4686417148009897344,27,13.4,3,1,0.97064,0.97064,0.81815,-2968.2,0.28219,-6353.9,1.9715,1.401,1.6936,0.080514,-6094.4,1.0845,0.089048,-6348.5,2.7619,1.0153,1.9122,0.062681,0.081604,254.07,3385.7
4686417148009897344,27,13.4,3,2,1.9413,0.97064,0.81815,-1053.9,0.46171,-5271.6,2.6403,2.038,1.7109,0.080372,-4826.3,1.5661,0.098307,-5265.1,2.8983,1.8637,1.7611,0.043342,0.081129,438.81,4217.8
4686417148009897344,27,13.4,3,4,3.8825,0.97064,0.81815,1677,0.93197,-3973.9,3.1073,3.8528,1.9739,0.08633,-3486,1.9529,0.10574,-3966.9,3.1298,3.8204,1.9778,-0.058766,0.086404,480.95,5650.9
4686417148009897344,27,13.4,3,8,7.7651,0.97064,0.81815,4177.3,1.773,-2127.1,3.0545,7.3142,1.9111,0.094042,-1523.8,2.316,0.13391,-2120.4,3.0771,7.2526,1.9144,0.098542,0.094197,596.54,6304.4
4686417148009897344,27,13.4,3,16,15.53,0.97064,0.81815,7316.9,3.9755,-20.855,2.5516,17.984,1.8539,0.077105,619.99,2.6614,0.16917,-13.97,2.5528,17.973,1.854,-0.0027778,0.077129,633.96,7337.8
4686417148009897344,28,13.4,0.3,0.5,0.81151,1.623,0.29868,-4652.4,0.19076,-6953.2,0.13981,3.7143,1.0425,0.090816,-6954.5,0.29004,0.094506,-6947.1,0.18195,0.77095,0.66233,0.18669,0.087332,-7.3248,2300.8
4686417148009897344,28,13.4,0.3,1,1.623,1.623,0.29868,-4470.4,0.19958,-6900.2,0.23046,3.0225,1.1198,0.090959,-6901.1,0.34752,0.094301,-6895,0.1468,0.935,0.66333,0.24362,0.086614,-6.0932,2429.8
4686417148009897344,28,13.4,0.3,2,3.2461,1.623,0.29868,-2948.4,0.29121,-6732.3,0.19385,5.4493,1.1835,0.090967,-6737.5,0.49161,0.0938,-6727.1,0.060862,1.0392,0.55307,0.42752,0.08453,-10.384,3783.9
4686417148009897344,28,13.4,0.3,4,6.4921,1.623,0.29868,-155.59,0.58255,-6565.7,0.02,70.861,1.1398,0.091579,-6560.7,0.58591,0.094695,-6558.5,0.02,68.25,1.1368,-0.08813,0.09165,-2.1704,6410.1
4686417148009897344,28,13.4,0.3,8,12.984,1.623,0.29868,1507.3,0.88028,-6510.6,0.14139,26.568,1.5491,0.095541,-6485,0.67408,0.092328,-6509.8,0.45888,9.0067,2.845,0.54778,0.094795,24.786,8017.9
4686417148009897344,28,13.4,0.3,16,25.968,1.623,0.29868,3836.7,1.5695,-5725.1,0.17712,40.276,1.6309,0.10846,-5667.3,0.88841,0.1032,-5720.3,0.3617,20.54,2.3072,0.74752,0.10682,53.007,9561.7
4686417148009897344,28,13.4,0.7,0.5,0.81151,1.623,0.29868,-4112.5,0.21812,-6872.6,0.19209,3.7751,1.1207,0.091118,-6875.5,0.36926,0.094327,-6867.1,0.060156,1.284,0.61258,0.28135,0.086462,-8.3968,2760.1
4686417148009897344,28,13.4,0.7,1,1.623,1.623,0.29868,-3156,0.27659,-6768.7,0.062207,10.871,1.048,0.090911,-6770,0.42836,0.095242,-6763.6,0.14777,0.50279,0.43922,0.36365,0.079498,-6.4188,3612.7
4686417148009897344,28,13.4,0.7,2,3.2461,1.623,0.29868,-1760.9,0.39107,-6556.8,0.33571,5.4701,1.4172,0.094695,-6569,0.58056,0.094711,-6549.9,0.33765,5.2457,1.4176,-0.00075375,0.094691,-19.089,4796
4686417148009897344,28,13.4,0.7,4,6.4921,1.623,0.29868,935.74,0.76383,-6116.6,0.47122,9.4926,1.7689,0.10104,-6101.3,0.79484,0.09623,-6118,0.86616,4.8992,3.317,0.6967,0.098596,16.777,7052.3
4686417148009897344,28,13.4,0.7,8,12.984,1.623,0.29868,3320.6,1.3808,-5333.3,0.43348,18.148,1.597,0.098241,-5326.3,1.0934,0.092614,-5328.1,0.97067,7.4078,2.6068,1.0248,0.096066,1.8431,8653.9
4686417148009897344,28,13.4,0.7,16,25.968,1.623,0.29868,6693.7,3.1902,-1892.3,0.18097,84.24,1.3711,0.21362,-1894.4,1.4674,0.21535,-1885.4,0.18097,84.19,1.3711,-0.0010892,0.21362,-8.9908,8586
4686417148009897344,28,13.4,1.5,0.5,0.81151,1.623,0.29868,-3690.7,0.24221,-6702,0.63455,2.134,1.357,0.091399,-6697,0.53475,0.093156,-6694.9,0.69652,1.8913,1.3668,-0.095296,0.091443,-2.0383,3011.4
4686417148009897344,28,13.4,1.5,1,1.623,1.623,0.29868,-2408.1,0.33302,-6426.4,0.89219,2.5641,1.5611,0.092727,-6421.1,0.70385,0.092466,-6419.3,0.93397,2.4202,1.5745,-0.084562,0.092775,-1.8173,4018.3
4686417148009897344,28,13.4,1.5,2,3.2461,1.623,0.29868,402.5,0.66912,-5619.4,1.1404,4.7018,1.7249,0.095103,-5602.6,1.0339,0.09026,-5612.4,1.15,4.6482,1.7286,-0.050436,0.095114,9.7722,6021.9
4686417148009897344,28,13.4,1.5,4,6.4921,1.623,0.29868,2910.6,1.2472,-4764.8,1.0787,9.0708,1.7306,0.096798,-4174.7,1.5144,0.00010019,-4757.9,1.0819,9.0337,1.7319,-0.0116,0.096797,583.15,7675.4
4686417148009897344,28,13.4,1.5,8,12.984,1.623,0.29868,4949,2.0687,-3691.3,1.4086,12.768,1.885,0.10488,-3612.7,1.4794,0.081702,-3684.4,1.4117,12.732,1.8861,0.0088749,0.10488,71.763,8640.3
4686417148009897344,28,13.4,1.5,16,25.968,1.623,0.29868,8222.4,4.6626,-1333.1,0.87505,38.412,1.6096,0.10194,-1301.6,1.8095,0.055198,-1326.1,0.87519,38.402,1.6097,-0.00099206,0.10194,24.508,9555.4
4686417148009897344,28,13.4,3,0.5,0.81151,1.623,0.29868,-3240.1,0.27087,-6266.8,1.6266,1.4463,1.488,0.089231,-6200.5,0.81411,0.091706,-6264.4,2.6851,0.92799,1.7489,0.12022,0.090775,63.969,3026.6
4686417148009897344,28,13.4,3,1,1.623,1.623,0.29868,-1059.4,0.46546,-5493,1.7557,2.489,1.528,0.086366,-5415.8,1.1012,0.088101,-5486.8,2.1135,2.086,1.5955,0.22603,0.087245,70.984,4433.6
4686417148009897344,28,13.4,3,2,3.2461,1.623,0.29868,1106.6,0.79693,-4334.8,3.2753,3.1785,2.036,0.0933,-4199.1,1.3982,0.077032,-4328.1,3.3327,3.116,2.0484,0.031099,0.093441,129,5441.4
4686417148009897344,28,13.4,3,4,6.4921,1.623,0.29868,4046.7,1.6536,-1940,2.5848,7.5145,1.8747,0.15644,-1837.1,1.6709,0.12657,-1933,2.5884,7.5017,1.8754,-0.03673,0.15646,95.924,5986.7
4686417148009897344,28,13.4,3,8,12.984,1.623,0.29868,6755.5,3.2395,-482.22,2.7981,14.086,1.902,0.10159,-306.03,1.9307,5.2716e-06,-475.32,2.8011,14.068,1.9024,0.011009,0.10162,169.29,7237.7
4686417148009897344,28,13.4,3,16,25.968,1.623,0.29868,9488.6,6.3849,2549.3,3.1149,26.137,2.0739,0.36452,2722.6,2.2443,0.13969,2556.3,3.1155,26.131,2.074,-0.00017755,0.36453,166.31,6939.2
4686417148009897344,68,13.4,0.3,0.5,1.6264,3.2528,0.39049,-3121.9,0.29767,-6641.8,0.066292,9.7893,0.92341,0.095587,-6646.2,0.026996,0.10251,-6625.3,0.2882,1.1043,3.0467,0.025262,0.10258,-20.91,3519.9
4686417148009897344,68,13.4,0.3,1,3.2528,3.2528,0.39049,-3252.8,0.28894,-6727.6,0.046597,12.647,0.93021,0.097106,-6733.9,-0.012961,0.10271,-6713.8,0.4265,1.2534,10,-0.019605,0.10295,-20.062,3474.8
4686417148009897344,68,13.4,0.3,2,6.5057,3.2528,0.39049,-51.008,0.59858,-5889.1,0.02,57.967,0.98245,0.10275,-5888,0.22878,0.10833,-5876.2,0.21957,7.6891,4.9787,0.216,0.10913,-11.767,5838.1
4686417148009897344,68,13.4,0.3,4,13.011,3.2528,0.39049,294.64,0.64754,-5576.1,0.1071,18.667,1.0836,0.11063,-5582.3,0.28614,0.11234,-5567.7,0.44402,4.848,2.5853,0.26867,0.11354,-14.574,5870.7
4686417148009897344,68,13.4,0.3,8,26.023,3.2528,0.39049,3870,1.4604,-4391.2,0.05648,83.788,1.1917,0.14203,-4345,0.4739,0.13498,-4389.7,0.51208,13.781,2.7351,0.40514,0.14142,44.635,8261.1
4686417148009897344,68,13.4,0.3,16,52.045,3.2528,0.39049,7927.6,3.6758,65.337,0.099657,104.29,1.1044,0.32004,70.09,0.97008,0.32565,72.321,0.097721,105.57,1.1037,0.0096408,0.32006,-2.2315,7862.3
4686417148009897344,68,13.4,0.7,0.5,1.6264,3.2528,0.39049,-2433,0.34818,-6394.2,0.12541,8.0718,0.99143,0.098368,-6402.1,0.10373,0.10386,-6389.3,0.081537,0.51184,0.30234,0.062115,0.070256,-12.753,3961.2
4686417148009897344,68,13.4,0.7,1,3.2528,3.2528,0.39049,-820.79,0.50243,-6178.2,0.12799,12.873,1.0939,0.10129,-6186.2,0.18929,0.10238,-6171.6,0.71935,2.5699,3.2866,0.16613,0.10364,-14.602,5357.5
4686417148009897344,68,13.4,0.7,2,6.5057,3.2528,0.39049,931.61,0.74851,-5793.4,0.37874,10.007,1.3164,0.10081,-5787,0.35075,0.093913,-5791.9,0.96867,4.0498,2.5675,0.29861,0.097711,4.8532,6725
4686417148009897344,68,13.4,0.7,4,13.011,3.2528,0.39049,3100.4,1.2259,-4135.1,0.55395,13.316,1.4323,0.13905,-4106.9,0.57391,0.12099,-4138.8,1.3753,5.6955,2.8968,0.49738,0.13062,31.898,7235.5
4686417148009897344,68,13.4,0.7,8,26.023,3.2528,0.39049,6725.4,2.7963,-3363.1,0.43078,36.593,1.5293,0.14077,-3177.4,0.76607,0.098588,-3361,0.77031,22.926,2.0445,0.59664,0.12931,183.59,10088
4686417148009897344,68,13.4,0.7,16,52.045,3.2528,0.39049,10523,6.6332,-178.87,0.3005,113.36,1.4519,0.25483,5.0529,1.1129,0.15059,-184.54,0.81554,51.162,2.3233,0.99205,0.22041,189.59,10701
4686417148009897344,68,13.4,1.5,0.5,1.6264,3.2528,0.39049,-1355.2,0.44491,-6336.4,0.51617,4.723,1.2973,0.098712,-6346.6,0.20243,0.095411,-6335.3,1.7292,1.2009,3.6103,0.15986,0.097595,-11.269,4981.2
4686417148009897344,68,13.4,1.5,1,3.2528,3.2528,0.39049,183.64,0.6314,-5702.9,0.9759,4.7193,1.5068,0.10233,-5690.4,0.37865,0.092537,-5695.8,1.0807,4.1273,1.5725,-0.025542,0.10185,5.3895,5886.5
4686417148009897344,68,13.4,1.5,2,6.5057,3.2528,0.39049,2829.7,1.1527,-4165.7,1.1106,8.2779,1.5506,0.11707,-4125.9,0.65021,0.090572,-4170.2,3.1072,2.496,6.5366,0.58763,0.10179,44.275,6995.4
4686417148009897344,68,13.4,1.5,4,13.011,3.2528,0.39049,5067.9,1.9179,-2895.5,1.7216,10.734,1.875,0.14662,-2711.5,0.84469,0.081381,-2888.4,1.7402,10.614,1.8885,-0.04629,0.14609,176.89,7963.4
4686417148009897344,68,13.4,1.5,8,26.023,3.2528,0.39049,8851,4.5351,217.19,1.1797,31.143,1.6718,0.26398,347.17,1.1671,0.11296,224.18,1.1835,31.037,1.6744,0.0073687,0.26372,123,8633.8
4686417148009897344,68,13.4,1.5,16,52.045,3.2528,0.39049,12275,9.8816,1716.5,1.1543,69.184,1.8036,0.30245,2157.8,1.3645,1e-06,1723.5,1.1564,69.073,1.8052,0.028867,0.30219,434.36,10558
4686417148009897344,68,13.4,3,0.5,1.6264,3.2528,0.39049,-1252.9,0.45539,-5650.2,1.9168,2.327,1.493,0.092533,-5627.1,0.42409,0.085578,-5643.9,2.3904,1.859,1.5863,-0.11873,0.093296,16.808,4397.3
4686417148009897344,68,13.4,3,1,3.2528,3.2528,0.39049,1291.3,0.81232,-4246.1,3.0816,3.3088,1.917,0.10908,-4144.4,0.67853,0.074749,-4239.3,3.3242,3.0311,1.9802,-0.03288,0.1089,94.914,5537.3
4686417148009897344,68,13.4,3,2,6.5057,3.2528,0.39049,4310.2,1.6143,-2446.5,2.8071,6.9382,1.8644,0.1199,-2305.2,0.92411,3.3012e-05,-2439.5,2.8645,6.7766,1.8791,-0.011254,0.11961,134.31,6756.7
4686417148009897344,68,13.4,3,4,13.011,3.2528,0.39049,7135.6,3.0698,-335.44,2.9638,12.924,1.9141,0.1323,34.669,1.155,1.7036e-05,-328.56,2.9924,12.781,1.9212,0.070243,0.13194,363.23,7471
4686417148009897344,68,13.4,3,8,26.023,3.2528,0.39049,10600,6.7508,2761,3.1628,27.639,2.0426,0.27682,3314.6,1.4786,1.5949e-06,2768,3.1674,27.592,2.044,0.016881,0.27662,546.65,7838.8
4686417148009897344,68,13.4,3,16,52.045,3.2528,0.39049,13401,12.767,5832.5,2.9222,54.231,1.9295,0.56274,6219.5,1.7651,0.00013324,5839.6,2.9231,54.211,1.9298,-0.0010848,0.56265,379.96,7568.6
4687159868124113152,27,10,0.3,0.5,4.996,9.9921,0.81815,1288.6,0.84338,-1332.8,0.02,21.29,0.63503,0.25016,-1155.8,-0.22227,0.4079,-1357.9,22.304,0.52107,2.411,-0.31038,0.25489,202.14,2621.4
4687159868124113152,27,10,0.3,1,9.9921,9.9921,0.81815,2147,1.0517,-1060.5,0.02,27.091,0.64555,0.22498,-830.61,-0.11927,0.43849,-1098.9,22.043,0.58685,2.6043,-0.21845,0.255,268.34,3207.5
4687159868124113152,27,10,0.3,2,19.984,9.9921,0.81815,3709,1.5717,-712.43,0.02,55.984,0.74274,0.23383,-447.7,0.0842,0.46883,-769.26,22.779,0.82048,1.3566,-0.036638,0.0097415,321.56,4421.4
4687159868124113152,27,10,0.3,4,39.968,9.9921,0.81815,5139.1,2.2706,-571.51,0.02,105.23,0.84046,0.25267,-308.54,0.26183,0.46727,-637.58,21.964,0.67994,2.6917,0.1396,0.24757,329.04,5710.6
4687159868124113152,27,10,0.3,8,79.936,9.9921,0.81815,8819.3,5.8507,-58.425,0.02,434.86,1.0435,0.28124,276.95,0.67789,0.48199,-78.785,18.083,0.92971,1.9455,0.49421,0.22747,355.74,8877.7
4687159868124113152,27,10,0.3,16,159.87,9.9921,0.81815,10236,8.4234,-112.59,0.02,2090.1,1.3185,0.31026,87.788,0.84792,0.41765,-140.57,15.894,0.86355,1.9248,0.69205,0.25711,228.36,10349
4687159868124113152,27,10,0.7,0.5,4.996,9.9921,0.81815,1938.5,0.99683,-1152.8,0.02,32.632,0.69054,0.24892,-959.68,-0.085393,0.42045,-1194.3,21.576,0.58295,2.1811,-0.20099,0.24575,234.61,3091.4
4687159868124113152,27,10,0.7,1,9.9921,9.9921,0.81815,2525,1.1591,-891.24,0.02,48.197,0.72913,0.23185,-666.47,0.10523,0.4387,-937.21,20.929,0.66545,2.0298,-0.037549,0.23404,270.73,3416.2
4687159868124113152,27,10,0.7,2,19.984,9.9921,0.81815,5292.8,2.3621,-224.48,0.02,150.57,0.8639,0.20669,108.3,0.46392,0.49667,-297.97,19.918,0.87107,2.1266,0.27154,0.21324,406.27,5517.3
4687159868124113152,27,10,0.7,4,39.968,9.9921,0.81815,8058.1,4.8104,54.148,0.20234,111.69,1.3315,0.32269,278.29,0.91714,0.42632,34.948,0.42258,14.02,0.95573,0.58394,0.25591,243.34,8003.9
4687159868124113152,27,10,0.7,8,79.936,9.9921,0.81815,10883,9.9483,2330.3,0.046747,727.32,1.1264,0.00015813,2981.6,1.4361,0.72614,2309.9,6.3936,4.9054,1.4061,0.9153,0.0002493,671.65,8552.8
4687159868124113152,27,10,0.7,16,159.87,9.9921,0.81815,13246,18.266,3272.6,0.05047,1556.8,1.2329,1e-06,3843.1,1.52,0.91578,3198.6,19.274,2.2057,2.9218,1.2472,0.3304,644.56,9973.1
4687159868124113152,27,10,1.5,0.5,4.996,9.9921,0.81815,2144.5,1.0511,-968.19,0.06974,28.505,0.81028,0.23581,-690.97,0.32097,0.41136,-976.06,0.02,17.714,0.55458,-0.060789,0.086369,285.09,3112.7
4687159868124113152,27,10,1.5,1,9.9921,9.9921,0.81815,4190.6,1.779,-537.07,0.33561,24.285,1.0942,0.26423,-230.84,0.71382,0.40542,-536.84,0.45516,13.159,0.98814,0.1113,0.23884,306,4727.7
4687159868124113152,27,10,1.5,2,19.984,9.9921,0.81815,6387.8,3.1305,193.17,1.0071,24.236,1.4732,0.28374,537.03,1.1097,0.4058,200.51,1.0202,23.647,1.4703,-0.17598,0.28328,336.51,6194.6
4687159868124113152,27,10,1.5,4,39.968,9.9921,0.81815,9531.7,7.0273,1038,1.2595,47.906,1.7848,0.29157,1321.8,1.4653,0.37195,1045,1.2668,47.404,1.7847,-0.053192,0.29153,276.79,8493.7
4687159868124113152,27,10,1.5,8,79.936,9.9921,0.81815,12264,14.189,2500.3,1.2144,96.848,1.8107,0.28047,2834.4,1.7903,0.41302,2507.2,1.2177,96.411,1.8109,-0.0032845,0.2805,327.23,9763.4
4687159868124113152,27,10,1.5,16,159.87,9.9921,0.81815,14304,23.98,4824.1,1.385,153.23,1.7984,0.30888,5248.6,2.1215,0.65161,4831,1.3865,152.98,1.7986,-0.0039343,0.30897,417.64,9479.8
4687159868124113152,27,10,3,0.5,4.996,9.9921,0.81815,3280.5,1.4077,-253.83,1.017,9.6834,1.0899,0.21938,253.06,0.85691,0.43811,-244.92,1.0733,9.2261,1.0926,-0.4963,0.21929,497.98,3534.4
4687159868124113152,27,10,3,1,9.9921,9.9921,0.81815,5532.4,2.5122,541.6,2.5123,11.638,1.6508,0.26215,1099.8,1.36,0.39019,550.11,2.5422,11.489,1.6543,-0.42803,0.26245,549.66,4990.8
4687159868124113152,27,10,3,2,19.984,9.9921,0.81815,7987.7,4.7241,2054.8,2.7448,20.935,1.7443,0.23526,2714.9,1.7343,0.43902,2062.3,2.7752,20.676,1.7479,-0.22334,0.23594,652.57,5932.9
4687159868124113152,27,10,3,4,39.968,9.9921,0.81815,11033,10.34,4140.5,2.9199,43.795,1.9186,0.33963,4750,2.0741,0.55907,4147.2,2.9777,42.775,1.9266,0.12816,0.34204,602.88,6893
4687159868124113152,27,10,3,8,79.936,9.9921,0.81815,13480,19.403,6130.6,3.2367,78.039,2.0367,0.3573,6734.8,2.3675,0.70313,6137.3,3.2501,77.629,2.0385,0.056684,0.35854,597.42,7349.9
4687159868124113152,27,10,3,16,159.87,9.9921,0.81815,16000,37.093,9285.1,3.3778,143.62,1.9189,0.00062972,10142,2.7729,1.4625,9292,3.3793,143.53,1.919,-0.00078561,0.00095973,849.81,6714.8
4687159868124113152,28,10,0.3,0.5,9.1536,18.307,0.28674,9946.1,7.1529,4416.1,0.76374,58.235,1.7894,1.405,4431.4,0.76472,1.3855,4423.2,0.77767,56.714,1.7989,-0.07182,1.4047,8.1971,5530
4687159868124113152,28,10,0.3,1,18.307,18.307,0.28674,9873.3,7.0248,4414.1,0.75895,57.426,1.7528,1.3959,4425.4,0.77215,1.3762,4421.1,0.77563,55.669,1.7631,-0.045146,1.3956,4.3294,5459.2
4687159868124113152,28,10,0.3,2,36.614,18.307,0.28674,10241,7.6966,4548,0.78975,61.717,1.8234,1.4429,4569.1,0.79234,1.4217,4555.1,0.80243,60.306,1.8322,-0.076658,1.4426,14.026,5693.2
4687159868124113152,28,10,0.3,4,73.229,18.307,0.28674,10672,8.5653,4483.4,0.60918,78.431,1.6874,1.398,4492.7,0.80324,1.3771,4490.4,0.61667,76.944,1.6931,-0.058863,1.3978,2.253,6188.5
4687159868124113152,28,10,0.3,8,146.46,18.307,0.28674,11017,9.3313,4229.9,0.43384,110.15,1.6189,1.3038,4241.7,0.79351,1.2781,4237,0.43461,109.39,1.6224,-0.05699,1.3036,4.7838,6787
4687159868124113152,28,10,0.3,16,292.91,18.307,0.28674,15922,31.536,7122.4,0.087991,1245,1.3685,2.5455,7142.4,1.1648,2.5031,7129.3,0.087675,1248.9,1.3687,0.0013097,2.5455,13.032,8799.6
4687159868124113152,28,10,0.7,0.5,9.1536,18.307,0.28674,9741.5,6.7988,4287.2,0.77069,55.066,1.7979,1.3668,4302.7,0.74298,1.3487,4294.3,0.78588,53.515,1.8083,-0.078923,1.3665,8.4343,5454.3
4687159868124113152,28,10,0.7,1,18.307,18.307,0.28674,9893.1,7.0595,4361.6,0.8458,54.286,1.8557,1.3831,4383.6,0.76589,1.3636,4368.7,0.86639,52.505,1.869,-0.062225,1.3828,14.909,5531.5
4687159868124113152,28,10,0.7,2,36.614,18.307,0.28674,10251,7.7158,4415,0.79611,62.68,1.8211,1.3771,4439.8,0.80568,1.3513,4422,0.80803,61.354,1.8299,-0.069376,1.3769,17.728,5836.2
4687159868124113152,28,10,0.7,4,73.229,18.307,0.28674,11903,11.628,5035.4,0.5345,123.18,1.606,1.4887,5045.3,0.96622,1.4518,5042.3,0.53644,122.35,1.6083,-0.018596,1.4886,2.992,6867.9
4687159868124113152,28,10,0.7,8,146.46,18.307,0.28674,13628,17.844,5065.6,0.48103,220.45,1.7048,1.4011,5119.3,1.0844,1.3024,5069.4,0.93987,116.23,2.854,0.9761,1.3586,49.888,8562.7
4687159868124113152,28,10,0.7,16,292.91,18.307,0.28674,16041,32.481,5295.5,0.76852,290.38,2.0381,1.2987,5584.6,1.2697,1.1272,5302.4,0.76989,289.89,2.0403,-0.022901,1.2983,282.12,10746
4687159868124113152,28,10,1.5,0.5,9.1536,18.307,0.28674,10157,7.5374,4509.4,0.83725,57.732,1.8223,1.4191,4528.3,0.79436,1.4014,4515,2.2933,15.303,2.6889,0.60171,1.4138,13.383,5647.6
4687159868124113152,28,10,1.5,1,18.307,18.307,0.28674,10238,7.6899,4435,0.97037,54.976,1.9137,1.3685,4468.1,0.82291,1.3469,4442.1,0.9916,53.367,1.9262,-0.055715,1.3682,26.049,5802.6
4687159868124113152,28,10,1.5,2,36.614,18.307,0.28674,10743,8.7174,4474.3,1.3448,52.92,2.1589,1.3132,4562.6,0.91198,1.2907,4481.4,1.3668,51.734,2.1712,-0.078321,1.313,81.161,6268.5
4687159868124113152,28,10,1.5,4,73.229,18.307,0.28674,12061,12.093,5561.7,1.4172,74.689,1.8586,1.4402,5619.2,1.1985,1.3398,5568.6,1.4248,74.167,1.8615,-0.016994,1.4401,50.547,6499.7
4687159868124113152,28,10,1.5,8,146.46,18.307,0.28674,15147,26.017,7358.2,1.594,149.23,2.031,2.0226,7499.7,1.4759,1.8117,7365.2,1.5953,149.06,2.0317,-0.021853,2.0225,134.51,7789
4687159868124113152,28,10,1.5,16,292.91,18.307,0.28674,18236,56.02,10036,1.2182,381.16,1.8792,3.8244,10143,1.7741,3.3576,10043,1.2183,381.1,1.8793,-0.0037552,3.8244,99.799,8200.1
4687159868124113152,28,10,3,0.5,9.1536,18.307,0.28674,10254,7.7218,4959.6,1.1049,50.982,1.8047,1.5109,4981.4,0.91124,1.4908,4954.4,2.8735,15.578,2.5725,0.64621,1.5087,27.032,5294.7
4687159868124113152,28,10,3,1,18.307,18.307,0.28674,10513,8.2347,5370,1.8897,41.66,2.0439,1.5477,5440.3,1.0604,1.518,5363.3,3.061,22.811,2.4678,0.60322,1.546,77.017,5143.4
4687159868124113152,28,10,3,2,36.614,18.307,0.28674,11583,10.739,5837.8,2.6623,46.012,2.1247,1.4216,5958.7,1.2813,1.3274,5836,3.639,31.071,2.3952,0.70804,1.4216,122.78,5745.3
4687159868124113152,28,10,3,4,73.229,18.307,0.28674,13870,18.948,8200.1,3.4319,72.035,2.3063,2.3568,8394.5,1.5971,2.1041,8194.9,4.3689,52.551,2.559,0.91162,2.3605,199.57,5670.1
4687159868124113152,28,10,3,8,146.46,18.307,0.28674,16517,36.553,9494.1,3.1077,149.69,2.0889,2.0478,9675.2,1.8888,0.001384,9501,3.1094,149.59,2.0892,-0.0060636,2.0478,174.13,7022.6
4687159868124113152,28,10,3,16,292.91,18.307,0.28674,19246,71.975,11845,2.8727,309.2,1.9069,1.3167,12149,2.1549,0.0013471,11852,2.8731,309.15,1.907,-0.0020249,1.317,296.75,7400.9
4687159868124113152,68,10,0.3,0.5,16.586,33.171,0.39049,6282,2.528,1145.9,0.27445,36.909,1.1314,0.51606,1132.6,-0.065734,0.52217,1151.8,1.0848,5.7045,10,-0.073936,0.52471,-19.167,5136.1
4687159868124113152,68,10,0.3,1,33.171,33.171,0.39049,7689.5,3.482,1886.2,0.17168,69.349,1.1171,0.60839,1876.7,0.014815,0.61295,1891.4,0.31431,29.641,10,0.005419,0.61636,-14.719,5803.4
4687159868124113152,68,10,0.3,2,66.342,33.171,0.39049,8994.1,4.685,641.51,0.068669,191.66,1.1313,0.3869,658.54,0.011397,0.38065,649,0.06666,214.67,1.4161,-0.038711,0.39553,9.542,8352.6
4687159868124113152,68,10,0.3,4,132.68,33.171,0.39049,11614,8.5033,2599.3,0.044224,584.46,1.1458,0.54472,2629.9,0.2546,0.52381,2604.8,0.38293,95.844,2.3623,0.21586,0.55199,25.074,9015.2
4687159868124113152,68,10,0.3,8,265.37,33.171,0.39049,14490,16.355,6257.7,0.10478,621.89,1.304,1.7192,6338.8,0.50218,1.5817,6253.6,0.5775,150.23,3.0416,0.40478,1.67,85.175,8232.2
4687159868124113152,68,10,0.3,16,530.74,33.171,0.39049,18371,39.544,10645,0.048599,2202.2,1.0959,3.9011,10659,0.96985,3.9288,10652,0.047551,2240.8,1.0959,-0.0088224,3.9024,7.1231,7726
4687159868124113152,68,10,0.7,0.5,16.586,33.171,0.39049,7168.9,3.0932,875.85,0.31721,43.498,1.2516,0.47944,871.38,-0.044545,0.46108,881.09,1.1853,10.817,3.3533,-0.076222,0.47068,-9.7063,6293.1
4687159868124113152,68,10,0.7,1,33.171,33.171,0.39049,8831,4.5144,1136.5,0.30825,67.915,1.3025,0.44997,1151.1,0.076551,0.40931,1137.9,1.0111,23.365,2.5241,0.01603,0.43483,13.176,7694.5
4687159868124113152,68,10,0.7,2,66.342,33.171,0.39049,11293,7.9041,2840.6,0.37938,110.19,1.4241,0.66284,2908.2,0.27833,0.56452,2840.8,0.87126,54.885,2.4766,0.19113,0.61818,67.396,8452.6
4687159868124113152,68,10,0.7,4,132.68,33.171,0.39049,14290,15.628,2890.1,0.29517,261.39,1.4812,0.50485,3119.2,0.42607,0.24894,2891.6,0.53877,160.97,1.8566,0.23676,0.4549,227.63,11400
4687159868124113152,68,10,0.7,8,265.37,33.171,0.39049,17318,31.122,6460.6,0.32453,490.01,1.5064,1.2976,6680.2,0.74307,0.85166,6462.6,0.58844,304.35,1.9293,0.55154,1.197,217.55,10857
4687159868124113152,68,10,0.7,16,530.74,33.171,0.39049,19115,46.832,10216,0.53133,532.44,1.4608,2.8594,10296,1.0951,2.0115,10216,1.1417,275.89,2.297,0.99331,2.5438,80.229,8898.9
4687159868124113152,68,10,1.5,0.5,16.586,33.171,0.39049,7952.1,3.6963,962.26,0.78137,31.558,1.4811,0.42863,983.93,0.083511,0.3697,967.69,1.3433,16.973,2.0162,-0.030891,0.40859,16.245,6989.8
4687159868124113152,68,10,1.5,1,33.171,33.171,0.39049,10506,6.6085,2539.9,0.95501,50.632,1.6025,0.5536,2615.7,0.30806,0.41976,2546.7,1.1322,42.111,1.748,-0.0084997,0.53881,69.059,7966.3
4687159868124113152,68,10,1.5,2,66.342,33.171,0.39049,13077,11.861,4696.7,1.2089,80.752,1.7009,0.80305,4834.5,0.57728,0.47875,4703.4,1.352,71.791,1.803,0.15553,0.78193,131.11,8380.7
4687159868124113152,68,10,1.5,4,132.68,33.171,0.39049,16412,25.325,7584.5,0.97631,196.58,1.6298,1.4636,7700.6,0.88213,0.65148,7587.3,1.4642,134.13,2.079,0.6977,1.2783,113.32,8827.5
4687159868124113152,68,10,1.5,8,265.37,33.171,0.39049,19193,47.68,9883.7,1.1217,343.25,1.6578,1.8839,10089,1.1398,0.00010807,9887.4,1.8111,217.61,2.1975,0.98709,1.4257,201.36,9309.8
4687159868124113152,68,10,1.5,16,530.74,33.171,0.39049,21858,87.419,11886,1.2322,600.96,1.7501,2.6825,12287,1.3567,0.00082568,11893,1.234,600.14,1.7513,0.020441,2.6801,393.41,9972
4687159868124113152,68,10,3,0.5,16.586,33.171,0.39049,9315.8,5.0408,3587.8,2.2519,24.029,1.7927,0.7204,3648.8,0.39737,0.56421,3587.5,3.3613,15.15,2.1503,0.047352,0.71345,61.311,5728
4687159868124113152,68,10,3,1,33.171,33.171,0.39049,11443,8.1778,4537.7,2.9185,34.896,1.938,0.59323,4731.5,0.61107,0.00024931,4544.1,3.1477,31.932,2.0093,-0.00094981,0.58434,187.45,6905.1
4687159868124113152,68,10,3,2,66.342,33.171,0.39049,14489,16.353,7332.1,2.9843,69.317,1.9405,0.95964,7612.8,0.89546,0.00021024,7339.3,3.0101,68.62,1.9493,-0.098615,0.95581,273.52,7157.2
4687159868124113152,68,10,3,4,132.68,33.171,0.39049,17624,33.362,9913.1,2.5672,154.39,1.8216,1.0696,10337,1.1643,0.00024651,9920.1,2.5763,153.77,1.8247,-0.00043317,1.0659,416.66,7710.5
4687159868124113152,68,10,3,8,265.37,33.171,0.39049,20396,62.687,13038,2.7321,277.3,1.8254,2.5387,13362,1.4628,0.0033998,13045,2.7354,276.91,1.8262,-0.002512,2.5374,317.63,7358.6
4687159868124113152,68,10,3,16,530.74,33.171,0.39049,23864,137.97,16147,3.0097,579.84,2.0013,6.3195,16599,1.7821,0.0018564,16154,3.0103,579.71,2.0015,-0.0021219,6.3184,445.69,7717.6
4687161929708394752,27,12.8,0.3,0.5,1.0512,2.1024,0.81815,-5427.6,0.1499,-6584.2,0.065409,4.5181,1.0857,0.10324,-6584.8,-0.42644,0.10482,-6575.4,0.02,8.9229,0.99943,-0.67344,0.10347,-9.4348,1156.6
4687161929708394752,27,12.8,0.3,1,2.1024,2.1024,0.81815,-5051.9,0.16511,-6573.7,0.43263,1.5935,1.7896,0.10393,-6581.2,-0.35195,0.10399,-6569.5,0.45772,1.0454,10,-0.44156,0.10426,-11.728,1521.8
4687161929708394752,27,12.8,0.3,2,4.2048,2.1024,0.81815,-2548.3,0.31437,-6259.6,0.02,44.66,1.1455,0.10412,-6236,-0.023124,0.10873,-6250.8,0.02,38.463,1.1233,-0.51767,0.1042,14.833,3711.3
4687161929708394752,27,12.8,0.3,4,8.4096,2.1024,0.81815,487.47,0.68633,-6000.2,0.02,117.89,1.2567,0.1047,-5932.2,0.27892,0.11091,-5991.4,0.02,113.07,1.2511,-0.48371,0.10476,59.256,6487.7
4687161929708394752,27,12.8,0.3,8,16.819,2.1024,0.81815,1217.7,0.82814,-5708.5,0.091473,35.276,1.3209,0.10291,-5633.7,0.52118,0.11259,-5701.5,0.0629,46.502,1.2737,-0.097879,0.10248,67.741,6926.2
4687161929708394752,27,12.8,0.3,16,33.638,2.1024,0.81815,4376.6,1.8662,-5071.8,0.077301,91.864,1.3737,0.10605,-4956.1,0.84699,0.12113,-5066.9,0.02,306.08,1.2654,0.37704,0.10451,110.76,9448.4
4687161929708394752,27,12.8,0.7,0.5,1.0512,2.1024,0.81815,-5210.3,0.15852,-6574.6,0.57689,1.2332,1.625,0.10209,-6583,-0.28238,0.103,-6571.1,2.3406,0.17959,10,-0.3801,0.10276,-11.836,1364.3
4687161929708394752,27,12.8,0.7,1,2.1024,2.1024,0.81815,-3498.5,0.2462,-6294.3,0.69297,2.0885,1.855,0.10507,-6304.4,-0.0079812,0.10639,-6301.7,11.354,0.069866,10,-0.02963,0.10216,-2.6578,2795.8
4687161929708394752,27,12.8,0.7,2,4.2048,2.1024,0.81815,-437.05,0.54108,-5786.4,0.12435,15.715,1.2391,0.10403,-5730.1,0.38403,0.11424,-5781.4,0.02,47.186,1.0353,0.066236,0.10168,51.353,5349.3
4687161929708394752,27,12.8,0.7,4,8.4096,2.1024,0.81815,1872.4,0.98002,-5331.4,0.55211,11.237,1.7622,0.10927,-5304.8,0.71686,0.11539,-5341.3,1.0973,0.88746,0.94853,0.61121,0.098973,36.445,7203.8
4687161929708394752,27,12.8,0.7,8,16.819,2.1024,0.81815,3971.9,1.6817,-3084.2,0.06542,84.063,1.0826,0.090997,-2644.1,1.2786,0.19942,-3104.4,0.29367,7.6374,0.85295,0.81576,0.00047811,460.3,7056.1
4687161929708394752,27,12.8,0.7,16,33.638,2.1024,0.81815,7063,3.7242,-2108.9,0.086844,175.85,1.2243,0.081012,-1604.8,1.5531,0.23234,-2144.9,5.9879,1.4429,1.2802,1.1958,1e-06,540.11,9171.9
4687161929708394752,27,12.8,1.5,0.5,1.0512,2.1024,0.81815,-4240.7,0.20342,-6239.9,1.0805,1.2652,1.5307,0.10106,-6175.8,0.13621,0.10709,-6231.7,1.3,0.99535,1.5425,-0.41886,0.101,55.905,1999.2
4687161929708394752,27,12.8,1.5,1,2.1024,2.1024,0.81815,-1631.9,0.39793,-5789.8,1.1552,2.7088,1.7676,0.10228,-5705.5,0.57019,0.10834,-5782.3,1.2162,2.477,1.7663,-0.22814,0.10225,76.808,4157.9
4687161929708394752,27,12.8,1.5,2,4.2048,2.1024,0.81815,899.72,0.7631,-5017.4,1.3405,4.8947,1.8152,0.10338,-4843.8,1.0469,0.11237,-5010.2,1.3783,4.6963,1.8199,-0.11787,0.10341,166.4,5917.1
4687161929708394752,27,12.8,1.5,4,8.4096,2.1024,0.81815,3097.3,1.3429,-4277.7,1.6464,7.6582,1.9814,0.10315,-4072,1.383,0.11207,-4270.8,1.674,7.4746,1.9862,-0.011612,0.1032,198.88,7375
4687161929708394752,27,12.8,1.5,8,16.819,2.1024,0.81815,6287.3,3.0506,-2796.8,1.3255,19.639,1.859,0.10391,-2529.3,1.7612,0.12789,-2790,1.3298,19.54,1.8594,0.0024832,0.10392,260.68,9084.1
4687161929708394752,27,12.8,1.5,16,33.638,2.1024,0.81815,8562.9,5.4774,-1268.9,1.7069,30.587,2.016,0.10786,-975.64,2.0981,0.13348,-1262.1,1.7089,30.533,2.0163,0.0043688,0.10787,286.43,9831.9
4687161929708394752,27,12.8,3,0.5,1.0512,2.1024,0.81815,-2817.9,0.2933,-5547.5,2.3971,1.2878,1.6519,0.0994,-5229.7,0.82973,0.11219,-5543.4,3.6431,0.87634,1.9538,-0.22011,0.10104,313.64,2729.6
4687161929708394752,27,12.8,3,1,2.1024,2.1024,0.81815,-481.76,0.5349,-4802.3,2.8221,2.2713,1.9764,0.10291,-4450.8,1.2147,0.11379,-4795.3,3.0403,2.0939,2.0293,-0.20195,0.10332,344.56,4320.6
4687161929708394752,27,12.8,3,2,4.2048,2.1024,0.81815,2076.2,1.0328,-3621,2.7968,4.4217,1.9267,0.10212,-3155,1.6244,0.12043,-3615.1,3.1258,3.8936,1.9859,0.17585,0.10307,460.08,5697.2
4687161929708394752,27,12.8,3,4,8.4096,2.1024,0.81815,4829.4,2.0967,-1995.5,2.9045,8.8804,1.9909,0.10462,-1488.9,1.9832,0.13593,-1989,3.1051,8.1784,2.0224,0.38942,0.10587,500.04,6824.8
4687161929708394752,27,12.8,3,8,16.819,2.1024,0.81815,7312.3,3.9708,314.57,2.9367,16.943,1.923,0.10228,928.86,2.3363,0.20058,321.48,2.9428,16.899,1.9238,-0.015458,0.10239,607.38,6997.7
4687161929708394752,27,12.8,3,16,33.638,2.1024,0.81815,10036,8.0002,2683.5,3.2434,32.097,2.0406,0.15283,3296.1,2.6629,0.2849,2690.3,3.2452,32.074,2.0408,-0.0012186,0.1529,605.76,7352.4
4687161929708394752,68,12.8,0.3,0.5,3.7348,7.4697,0.30046,5367.2,2.0531,-1002.8,0.98987,14.758,1.5604,0.29911,-972.57,0.57715,0.27087,-995.81,1.0994,13.088,1.6084,0.0336,0.29827,23.246,6370
4687161929708394752,68,12.8,0.3,1,7.4697,7.4697,0.30046,5323,2.0325,-1294.4,0.9502,14.937,1.5441,0.27213,-1263.7,0.56559,0.24403,-1287.3,1.024,13.695,1.5777,-0.026918,0.27145,23.673,6617.4
4687161929708394752,68,12.8,0.3,2,14.939,7.4697,0.30046,6016.9,2.38,-1037,0.86895,18.228,1.5453,0.28606,-999.06,0.59825,0.25514,-1029.8,0.90818,17.311,1.5652,-0.086072,0.2855,30.772,7053.9
4687161929708394752,68,12.8,0.3,4,29.879,7.4697,0.30046,6151.2,2.4539,-1258.4,0.71345,20.899,1.4753,0.26162,-1228.7,0.59217,0.23206,-1251.2,0.73837,20.049,1.4904,-0.089858,0.26113,22.501,7409.6
4687161929708394752,68,12.8,0.3,8,59.757,7.4697,0.30046,8226.9,3.9348,-413.33,0.37764,50.018,1.3438,0.27166,-385.98,0.73191,0.23222,-406.29,0.38108,49.353,1.3497,-0.019864,0.27133,20.316,8640.2
4687161929708394752,68,12.8,0.3,16,119.51,7.4697,0.30046,12330,10.007,2115.8,0.17144,213.91,1.3445,0.55095,2212.7,0.94931,0.48248,2122.8,0.17163,213.68,1.3467,-0.022498,0.55069,89.901,10215
4687161929708394752,68,12.8,0.7,0.5,3.7348,7.4697,0.30046,5275.1,2.0105,-1272.8,1.0503,14.07,1.6037,0.27839,-1230.9,0.56387,0.24867,-1265.6,1.119,13.072,1.636,-0.066096,0.27768,34.658,6547.8
4687161929708394752,68,12.8,0.7,1,7.4697,7.4697,0.30046,5434.8,2.0849,-1582.2,0.90147,15.841,1.5584,0.25136,-1540.9,0.55153,0.22181,-1574.9,0.94034,15.068,1.58,-0.1125,0.25074,34.06,7017.1
4687161929708394752,68,12.8,0.7,2,14.939,7.4697,0.30046,6138.5,2.4468,-1219.1,0.83002,19.381,1.6066,0.28624,-1156.7,0.56687,0.25537,-1211.5,0.8437,18.986,1.6179,-0.21066,0.28572,54.833,7357.6
4687161929708394752,68,12.8,0.7,4,29.879,7.4697,0.30046,8491.2,4.1786,-423.55,0.54065,44.464,1.4522,0.25827,-355.57,0.77109,0.19379,-416.6,0.5509,43.589,1.4632,0.032028,0.25765,61.038,8914.7
4687161929708394752,68,12.8,0.7,8,59.757,7.4697,0.30046,10654,6.8338,2587.8,0.79283,59.059,1.7052,0.68252,2732.9,0.97778,0.57931,2594.9,0.79674,58.773,1.7107,-0.037929,0.68195,138.04,8065.8
4687161929708394752,68,12.8,0.7,16,119.51,7.4697,0.30046,13963,14.507,4818.7,0.52975,157.02,1.4797,0.88095,4909.2,1.2872,0.65517,4825.7,0.53049,156.8,1.4806,0.0005853,0.88074,83.526,9143.9
4687161929708394752,68,12.8,1.5,0.5,3.7348,7.4697,0.30046,5172.6,1.9642,-1175,1.2777,12.47,1.6782,0.28252,-1120,0.5854,0.24877,-1168.2,1.4966,10.413,1.7711,0.10101,0.28098,48.2,6347.6
4687161929708394752,68,12.8,1.5,1,7.4697,7.4697,0.30046,6292.2,2.5339,-744.32,1.1347,17.156,1.6954,0.30819,-668.41,0.64386,0.26616,-737.1,1.1766,16.457,1.718,-0.095686,0.30747,68.685,7036.5
4687161929708394752,68,12.8,1.5,2,14.939,7.4697,0.30046,7633.2,3.4377,-200.49,1.367,21.186,1.8761,0.33201,-31.445,0.75277,0.26628,-193.01,1.383,20.9,1.887,-0.17755,0.33137,161.57,7833.7
4687161929708394752,68,12.8,1.5,4,29.879,7.4697,0.30046,9433.1,5.1771,724.89,1.7876,28.041,2.0894,0.35969,1073,0.94227,0.20906,732.23,1.7976,27.874,2.0972,-0.13667,0.35892,340.81,8708.2
4687161929708394752,68,12.8,1.5,8,59.757,7.4697,0.30046,12614,10.673,2679.8,1.3021,71.81,1.8105,0.37387,3127.6,1.1906,3.119e-05,2686.6,1.309,71.476,1.8154,0.10205,0.37281,440.99,9933.9
4687161929708394752,68,12.8,1.5,16,119.51,7.4697,0.30046,15308,19.702,6093.5,1.344,128.87,1.8094,0.97952,6367.6,1.5103,0.00037145,6100.5,1.3453,128.76,1.8102,0.016118,0.97922,267.14,9214.6
4687161929708394752,68,12.8,3,0.5,3.7348,7.4697,0.30046,5520.5,2.1259,-910.65,1.4821,12.393,1.6648,0.27175,-856.22,0.65964,0.23016,-908.24,2.4198,7.128,1.9736,0.34361,0.26841,52.021,6431.2
4687161929708394752,68,12.8,3,1,7.4697,7.4697,0.30046,6675.9,2.765,-368.46,2.0747,13.748,1.8199,0.24938,-237,0.81377,0.15389,-365.48,2.8087,9.6951,2.0506,0.4091,0.244,128.48,7044.3
4687161929708394752,68,12.8,3,2,14.939,7.4697,0.30046,8611.4,4.2945,1397.5,2.8623,18.205,2.0744,0.3439,1650,1.0401,0.077312,1403,3.1445,16.265,2.1636,0.37419,0.33959,247,7213.9
4687161929708394752,68,12.8,3,4,29.879,7.4697,0.30046,10735,6.9609,3781.9,3.5174,26.736,2.1133,0.49109,4111.3,1.2877,3.8244e-05,3780.1,4.4262,20.199,2.3767,0.82027,0.47289,331.24,6952.7
4687161929708394752,68,12.8,3,8,59.757,7.4697,0.30046,13814,14.023,6426.8,3.5717,53.66,2.164,0.80417,6924.9,1.5653,0.00020022,6433.8,3.5744,53.612,2.165,-0.011655,0.80386,491.07,7386.8
4687161929708394752,68,12.8,3,16,119.51,7.4697,0.30046,16986,28.858,9439.7,3.284,115.38,2.0427,1.3539,9951.6,1.8638,0.00045361,9446.7,3.2849,115.34,2.043,0.002459,1.3537,504.91,7546.4
4687164055705068288,27,11.5,0.3,0.5,2.1436,4.2871,0.81815,-3830.7,0.22604,-5600.7,0.16662,4.3865,1.5322,0.13493,-5584.7,-0.57234,0.13472,-5592.8,0.28452,2.3099,10,-0.73623,0.13524,8.0793,1770
4687164055705068288,27,11.5,0.3,1,4.2871,4.2871,0.81815,-2388.3,0.32757,-5478,0.26028,5.3049,1.7325,0.13564,-5463.9,-0.37207,0.13545,-5471,0.45372,2.8423,10,-0.53281,0.13618,7.0148,3089.7
4687164055705068288,27,11.5,0.3,2,8.5743,4.2871,0.81815,241.37,0.64424,-5024.6,0.046584,52.508,1.331,0.14195,-4992.8,-0.06031,0.1458,-5014.7,0.022779,112.52,1.3002,-0.61194,0.14196,21.914,5265.9
4687164055705068288,27,11.5,0.3,4,17.149,4.2871,0.81815,2553.6,1.1677,-4473,0.02,268.14,1.3371,0.15452,-4414.9,0.17594,0.1623,-4463.8,0.02,251.72,1.3283,-0.51529,0.1546,48.955,7026.6
4687164055705068288,27,11.5,0.3,8,34.297,4.2871,0.81815,5812,2.6996,-2201.7,0.02,299.15,1.0439,0.10859,-1680.8,1.1593,0.24184,-2198.3,0.02,177.73,0.95978,0.38294,0.087571,517.57,8013.7
4687164055705068288,27,11.5,0.3,16,68.594,4.2871,0.81815,7995.5,4.7336,-842.38,0.02,327.22,0.98458,5.4126e-05,-185.42,1.1577,0.39471,-870.76,15.049,1.0542,1.8494,0.80735,0.077669,685.34,8837.9
4687164055705068288,27,11.5,0.7,0.5,2.1436,4.2871,0.81815,-1806.7,0.38043,-5299.6,0.3478,4.9902,1.6164,0.13657,-5302.1,-0.21786,0.138,-5292.1,0.02,35.893,1.1466,-0.35045,0.13597,-9.9859,3492.9
4687164055705068288,27,11.5,0.7,1,4.2871,4.2871,0.81815,-462.44,0.53756,-5166.8,0.62199,5.0572,1.9064,0.13443,-5174.3,0.029773,0.13564,-5162.5,3.1644,0.3233,10,-0.046703,0.13575,-11.735,4704.4
4687164055705068288,27,11.5,0.7,2,8.5743,4.2871,0.81815,1471.4,0.88398,-4657,0.71317,7.9427,1.8511,0.13849,-4641.8,0.37819,0.14255,-4650,0.72278,6.6354,1.7875,-0.041508,0.13828,8.217,6128.4
4687164055705068288,27,11.5,0.7,4,17.149,4.2871,0.81815,3901.6,1.6516,-3897.4,0.69016,15.806,1.7388,0.13927,-3811.2,0.7977,0.15165,-3892.8,0.8309,7.1694,1.5323,0.48339,0.13657,81.615,7799
4687164055705068288,27,11.5,0.7,8,34.297,4.2871,0.81815,7045.6,3.7076,-2704.7,0.43694,48.442,1.61,0.15015,-2549.7,1.1384,0.18248,-2712,0.18,32.091,1.152,0.86157,0.12865,162.26,9750.4
4687164055705068288,27,11.5,0.7,16,68.594,4.2871,0.81815,9100,6.2888,-1671.5,0.33273,105.22,1.5425,0.13762,-1401.8,1.4252,0.21031,-1692.7,0.3189,22.045,1.0923,1.1173,0.078592,290.93,10772
4687164055705068288,27,11.5,1.5,0.5,2.1436,4.2871,0.81815,-1274.9,0.4362,-4766.6,1.2288,2.7796,1.7902,0.13872,-4691.7,0.28374,0.14509,-4758.5,1.5119,2.1406,1.8723,-0.36689,0.13908,66.834,3491.8
4687164055705068288,27,11.5,1.5,1,4.2871,4.2871,0.81815,809.89,0.74568,-4411.3,1.0934,5.2015,1.7642,0.13685,-4307.3,0.58355,0.145,-4405.3,1.9446,2.4444,1.9564,0.045794,0.13789,97.965,5221.2
4687164055705068288,27,11.5,1.5,2,8.5743,4.2871,0.81815,3305.3,1.4168,-3129.6,1.3054,9.575,1.7532,0.14791,-2929.9,1.0523,0.17132,-3122.1,1.314,9.4229,1.7504,-0.20214,0.14781,192.27,6435
4687164055705068288,27,11.5,1.5,4,17.149,4.2871,0.81815,6450.1,3.181,-1762.1,0.95327,24.713,1.6069,0.14014,-1413.3,1.4882,0.19398,-1755.2,0.9648,24.244,1.6068,0.0059065,0.14012,341.9,8212.2
4687164055705068288,27,11.5,1.5,8,34.297,4.2871,0.81815,9235.6,6.512,-17.293,0.72711,60.281,1.522,0.076156,490.33,1.8239,0.26147,-10.422,0.72849,60.058,1.5217,0.0041394,0.076046,500.75,9252.9
4687164055705068288,27,11.5,1.5,16,68.594,4.2871,0.81815,11097,10.51,2705.9,0.94688,83.871,1.5179,0.082017,3280.3,2.1681,0.50179,2712.8,0.94775,83.75,1.5179,0.00031433,0.081932,567.57,8390.7
4687164055705068288,27,11.5,3,0.5,2.1436,4.2871,0.81815,-209.05,0.57376,-4079.8,2.5098,2.5569,1.943,0.13745,-3794.2,0.83367,0.14922,-4073.9,3.1307,2.0173,2.1201,-0.28256,0.13869,279.77,3870.7
4687164055705068288,27,11.5,3,1,4.2871,4.2871,0.81815,2206.8,1.068,-2975.5,2.7336,4.6573,1.8963,0.13512,-2547.7,1.2905,0.15793,-2969,3.0532,4.1183,1.9577,-0.11784,0.13629,421.31,5182.3
4687164055705068288,27,11.5,3,2,8.5743,4.2871,0.81815,4730.9,2.0442,-1525.9,2.885,8.7201,1.9302,0.13536,-1004.1,1.6704,0.1739,-1519.1,2.9916,8.3543,1.947,-0.041407,0.13605,514.97,6256.8
4687164055705068288,27,11.5,3,4,17.149,4.2871,0.81815,7420.1,4.0825,557.87,2.5958,18.889,1.8408,0.12994,1153.7,1.9977,0.24973,565.08,2.6012,18.839,1.8414,-0.12083,0.13001,588.58,6862.3
4687164055705068288,27,11.5,3,8,34.297,4.2871,0.81815,10057,8.0431,3126.8,2.7596,35.222,1.8795,0.25024,3737.7,2.3192,0.44116,3133.7,2.768,35.095,1.8806,0.0047986,0.25056,603.96,6929.8
4687164055705068288,27,11.5,3,16,68.594,4.2871,0.81815,12733,16.011,5632,3.0235,67.865,1.9328,0.20231,6277.7,2.6553,0.70329,5638.9,3.023,67.873,1.9327,-0.01102,0.20228,638.88,7101.5
4687164055705068288,28,11.5,0.3,0.5,4.2094,8.4187,0.29868,9966,7.314,3243.6,0.082376,225.97,0.98188,0.00036687,3396.2,1.4498,0.62029,3250.5,0.082756,224.32,0.98142,0.0043338,1e-06,145.75,6722.5
4687164055705068288,28,11.5,0.3,1,8.4187,8.4187,0.29868,10092,7.5473,3338.7,0.07543,250.42,0.98063,0.00058553,3482.5,1.4581,0.63571,3345.6,0.075758,248.67,0.98019,0.0065006,1e-06,136.84,6753
4687164055705068288,28,11.5,0.3,2,16.837,8.4187,0.29868,10018,7.4087,3318.9,0.082555,227.84,0.98023,0.00036071,3469.1,1.4575,0.63203,3325.8,0.082924,226.25,0.9798,0.0042789,1e-06,143.29,6698.7
4687164055705068288,28,11.5,0.3,4,33.675,8.4187,0.29868,10555,8.4745,3603.5,0.06991,303.72,0.99632,0.2377,3726.1,1.4765,0.69094,3610.4,0.069706,303.44,0.99564,0.0059562,0.23667,115.69,6951.6
4687164055705068288,28,11.5,0.3,8,67.35,8.4187,0.29868,10050,7.4693,2995.7,0.044585,377.62,0.97812,4.6084e-06,3129,1.4185,0.58415,3002.6,0.044709,375.12,0.97753,0.010978,1e-06,126.38,7054.4
4687164055705068288,28,11.5,0.3,16,134.7,8.4187,0.29868,12218,12.844,4318.9,0.02,1202.4,1.0048,0.57192,4406.4,1.4671,0.9833,4308.6,28.89,1.9565,2.0784,1.3452,1e-06,97.751,7899.5
4687164055705068288,28,11.5,0.7,0.5,4.2094,8.4187,0.29868,10043,7.4554,3293.4,0.079172,238.47,0.98244,0.00049355,3441.3,1.4543,0.62799,3300.3,0.079549,236.71,0.98198,0.0059397,1e-06,140.98,6749.2
4687164055705068288,28,11.5,0.7,1,8.4187,8.4187,0.29868,10306,7.9626,3345.6,0.060459,309.69,0.97989,1e-06,3498.9,1.4623,0.63373,3352.5,0.060657,307.8,0.97944,0.003511,1e-06,146.34,6960.3
4687164055705068288,28,11.5,0.7,2,16.837,8.4187,0.29868,10227,7.8073,3373,0.069706,277.41,0.98387,1e-06,3524.5,1.466,0.63609,3379.8,0.069982,275.59,0.98344,0.0057036,1.1466e-05,144.68,6854.2
4687164055705068288,28,11.5,0.7,4,33.675,8.4187,0.29868,10386,8.1228,2874.4,0.053346,376.72,1.0142,3.4833e-05,3010.5,1.4191,0.54479,2877,17.039,2.0819,1.7075,1.2276,0.00080101,133.51,7511.2
4687164055705068288,28,11.5,0.7,8,67.35,8.4187,0.29868,11383,10.424,2968.8,0.02,1338,1.0535,0.084207,3060.8,1.4365,0.53066,2965.2,22.59,1.5597,1.9654,1.3004,1.447e-06,95.546,8414.4
4687164055705068288,28,11.5,0.7,16,134.7,8.4187,0.29868,13298,16.825,4893.9,0.02,2163.2,1.0525,0.0017519,4989.6,1.618,0.93489,4900.7,0.02,2159.9,1.0523,0.011094,0.0008187,88.876,8404.5
4687164055705068288,28,11.5,1.5,0.5,4.2094,8.4187,0.29868,10067,7.5003,3167.5,0.069256,264.61,0.98346,1e-06,3322.1,1.4424,0.60768,3174.4,0.069512,262.85,0.98297,0.0041549,1e-06,147.73,6899.2
4687164055705068288,28,11.5,1.5,1,8.4187,8.4187,0.29868,10088,7.5404,3417.3,0.11673,185.91,1.005,0.14345,3547.4,1.4666,0.64325,3424.2,0.11669,185.33,1.0043,0.0057409,0.1419,123.26,6670.7
4687164055705068288,28,11.5,1.5,2,16.837,8.4187,0.29868,10247,7.8469,3740.1,0.26361,119.28,1.0917,0.37979,3838.6,1.4979,0.69231,3747,0.26414,118.83,1.0914,0.0016243,0.37953,91.618,6507.2
4687164055705068288,28,11.5,1.5,4,33.675,8.4187,0.29868,11127,9.778,4042.8,0.27229,151.02,1.1347,0.33096,4124.9,1.5623,0.66687,4049.7,0.27246,150.73,1.1344,0.0018845,0.33075,75.228,7084.7
4687164055705068288,28,11.5,1.5,8,67.35,8.4187,0.29868,12179,12.718,4000.9,0.99266,95.734,1.537,0.45249,4028.4,1.639,0.38643,4007.8,0.9945,95.519,1.5373,0.0066031,0.45261,20.552,8178
4687164055705068288,28,11.5,1.5,16,134.7,8.4187,0.29868,14951,25.432,6128.9,0.87016,215.38,1.5643,0.72874,6153.8,1.884,0.54533,6135.8,0.87026,215.34,1.5643,-0.00097672,0.72873,18.052,8822.1
4687164055705068288,28,11.5,3,0.5,4.2094,8.4187,0.29868,10094,7.5525,3375.1,0.11452,187.33,1.003,0.074987,3506.6,1.4681,0.62568,3382,0.1145,186.73,1.0024,0.0034603,0.071814,124.58,6719.3
4687164055705068288,28,11.5,3,1,8.4187,8.4187,0.29868,10249,7.8509,3420.1,0.2173,129.28,1.0616,0.00017179,3566.4,1.5112,0.55958,3427,0.21819,128.58,1.0614,-0.0014454,1e-06,139.38,6829.4
4687164055705068288,28,11.5,3,2,16.837,8.4187,0.29868,10308,7.9671,3997.6,0.86542,60.558,1.2827,0.43614,4082.8,1.5825,0.59664,4004.4,1.7486,31.212,1.4037,0.94365,0.50205,78.473,6310.6
4687164055705068288,28,11.5,3,4,33.675,8.4187,0.29868,11283,10.164,4841.8,1.3018,65.581,1.3967,0.24115,4928.6,1.7436,0.44607,4848.7,1.3078,65.286,1.3975,0.016299,0.24261,79.871,6440.7
4687164055705068288,28,11.5,3,8,67.35,8.4187,0.29868,13839,19.26,6529.4,2.6001,86.599,1.9202,0.80141,6668.2,1.9727,0.00069555,6536.3,2.603,86.486,1.9207,0.016173,0.8016,131.93,7309.7
4687164055705068288,28,11.5,3,16,134.7,8.4187,0.29868,16042,33.406,8596.6,3.1661,136.62,2.0112,0.72147,8917.2,2.2163,0.00054019,8603.5,3.1668,136.58,2.0113,0.002542,0.7216,313.69,7445.2
4687164055705068288,68,11.5,0.3,0.5,7.6176,15.235,0.39049,1187.2,0.79332,-4423.9,0.16093,16.439,1.1776,0.1647,-4422.1,-0.36362,0.16188,-4416.2,0.074731,27.399,1.317,-0.42863,0.16431,-5.8472,5611.1
4687164055705068288,68,11.5,0.3,1,15.235,15.235,0.39049,2669.4,1.1114,-4133.8,0.077823,44.317,1.1839,0.1717,-4106.1,-0.28656,0.16631,-4126.3,0.20044,20.479,1.7015,-0.36673,0.17145,20.221,6803.3
4687164055705068288,68,11.5,0.3,2,30.47,15.235,0.39049,4432.3,1.6598,-4201.5,0.15876,44.057,1.3934,0.16224,-4083,-0.18586,0.14703,-4197.2,0.38783,20.955,1.9564,-0.34804,0.15832,114.19,8633.8
4687164055705068288,68,11.5,0.3,4,60.941,15.235,0.39049,8483.5,4.1713,-1615.9,0.072182,200.1,1.2787,0.246,-1497.9,0.16246,0.21846,-1610.4,0.24859,70.126,1.7573,0.040178,0.2412,112.47,10099
4687164055705068288,68,11.5,0.3,8,121.88,15.235,0.39049,12266,9.8618,1890.2,0.031759,1006.7,1.2034,0.46285,1980.6,0.55256,0.41531,1897.3,0.029841,1087.9,1.2126,-0.024607,0.46381,83.271,10376
4687164055705068288,68,11.5,0.3,16,243.76,15.235,0.39049,14036,14.752,2696.5,0.036527,1956.8,1.3444,0.61747,2935.5,0.66437,0.47996,2686.7,0.47229,164.31,2.4815,0.52684,0.57831,248.83,11340
4687164055705068288,68,11.5,0.7,0.5,7.6176,15.235,0.39049,1313.3,0.8164,-4337.2,0.73061,7.3188,1.6674,0.17038,-4297.1,-0.28922,0.15643,-4336.9,1.3215,3.9726,3.0783,-0.42061,0.16406,39.879,5650.5
4687164055705068288,68,11.5,0.7,1,15.235,15.235,0.39049,5483.1,2.1079,-3324.9,0.24542,39.014,1.3653,0.167,-3257.7,-0.0056996,0.14417,-3329.3,0.81135,14.904,2.7889,-0.090206,0.15713,71.62,8808
4687164055705068288,68,11.5,0.7,2,30.47,15.235,0.39049,7970.6,3.7119,-1140.9,0.30552,60.483,1.3758,0.23566,-1071.9,0.27263,0.1896,-1147,0.90863,24.827,2.4542,0.18603,0.21811,75.081,9111.5
4687164055705068288,68,11.5,0.7,4,60.941,15.235,0.39049,9792.6,5.6183,1301.6,0.47185,65.291,1.4447,0.44607,1359.9,0.48396,0.37054,1306.7,0.75407,42.644,1.8366,0.33566,0.42724,53.128,8491
4687164055705068288,68,11.5,0.7,8,121.88,15.235,0.39049,13991,14.602,4498.2,0.27502,248.11,1.3375,0.74315,4559.6,0.8603,0.57053,4500.8,0.73629,109.92,2.1161,0.78216,0.68377,58.724,9493.1
4687164055705068288,68,11.5,0.7,16,243.76,15.235,0.39049,17096,29.586,6468.6,0.38052,405.05,1.5015,1.2363,6653.3,1.087,0.7801,6474.9,0.62468,272.85,1.861,0.89209,1.1443,178.36,10627
4687164055705068288,68,11.5,1.5,0.5,7.6176,15.235,0.39049,4163.6,1.5613,-3117.5,0.97357,11.753,1.6745,0.18227,-3047.4,0.0097877,0.15343,-3110.7,1.2976,8.6694,1.9725,-0.24497,0.17687,63.315,7281.1
4687164055705068288,68,11.5,1.5,1,15.235,15.235,0.39049,6137,2.446,-1805.1,1.4762,14.868,1.8791,0.21385,-1628.6,0.2381,0.15015,-1797.5,1.6055,13.575,1.9796,-0.25231,0.20968,168.89,7942.1
4687164055705068288,68,11.5,1.5,2,30.47,15.235,0.39049,9397,5.1348,174.64,1.2233,35.208,1.7593,0.25693,411.93,0.51609,0.065865,180.01,1.4963,29.205,1.9934,0.20847,0.23602,231.93,9222.4
4687164055705068288,68,11.5,1.5,4,60.941,15.235,0.39049,12150,9.6041,2579.9,1.3744,61.054,1.8255,0.41008,2883.4,0.76623,4.4502e-05,2587,1.3972,60.083,1.8426,-0.038593,0.4062,296.43,9569.7
4687164055705068288,68,11.5,1.5,8,121.88,15.235,0.39049,15289,19.618,6678.1,1.5355,120.5,1.8368,1.159,6901.9,1.1628,1e-06,6678.4,2.1952,84.049,2.4166,0.95456,0.9505,223.51,8611.3
4687164055705068288,68,11.5,1.5,16,243.76,15.235,0.39049,18878,44.38,10046,1.2374,297.8,1.7652,2.7033,10247,1.459,1.4365,10053,1.2385,297.54,1.766,0.001193,2.7026,193.41,8831.6
4687164055705068288,68,11.5,3,0.5,7.6176,15.235,0.39049,5043.2,1.9072,-1188.3,2.5006,8.7266,1.7713,0.18851,-1103.6,0.34511,0.098371,-1183.3,2.9894,7.1212,1.8969,-0.16138,0.18746,79.694,6231.5
4687164055705068288,68,11.5,3,1,15.235,15.235,0.39049,8245.5,3.9514,1172.1,3.1223,15.932,2.0507,0.29357,1378.1,0.61765,0.00021346,1170.2,4.2556,10.913,2.4026,0.23071,0.27776,207.91,7073.3
4687164055705068288,68,11.5,3,2,30.47,15.235,0.39049,11158,7.6644,3510.9,2.6733,34.643,1.8754,0.31837,3892.8,0.86585,3.6267e-05,3518.3,2.6824,34.502,1.8804,-0.14763,0.31629,374.47,7646.9
4687164055705068288,68,11.5,3,4,60.941,15.235,0.39049,13882,14.244,6191.6,3.0035,59.61,1.9194,0.45824,6688.1,1.1417,7.7731e-05,6197.4,4.2335,39.606,2.2987,0.8821,0.26878,490.65,7690.5
4687164055705068288,68,11.5,3,8,121.88,15.235,0.39049,16973,28.772,9501,3.1997,115.29,1.9993,1.384,9877.4,1.4563,0.00084388,9508,3.2062,115.02,2.0009,0.015047,1.3833,369.4,7471.9
4687164055705068288,68,11.5,3,16,243.76,15.235,0.39049,20384,62.514,12706,2.797,275.37,1.8912,2.2904,13160,1.78,0.00072656,12713,2.7976,275.31,1.8913,-0.0039046,2.2898,447.34,7678.2
4687479173187523584,28,11.3,0.3,0.5,4.6517,9.3034,0.29868,-696.53,0.50934,-4598,0.21482,8.9578,1.2331,0.15666,-4607.2,-0.043225,0.15969,-4591.5,1.1931,0.60065,0.95532,-0.10393,0.15448,-15.697,3901.4
4687479173187523584,28,11.3,0.3,1,9.3034,9.3034,0.29868,-275.96,0.5654,-4800.8,0.24519,10.532,1.683,0.16282,-4794.9,-0.19394,0.15965,-4799,0.49106,5.1509,3.5933,-0.31163,0.16144,4.1366,4524.9
4687479173187523584,28,11.3,0.3,2,18.607,9.3034,0.29868,3713.5,1.5223,-4261.4,0.026422,300.73,1.3897,0.16475,-4239.7,0.15107,0.16203,-4261.9,0.39946,16.995,3.8051,0.067625,0.16497,22.172,7975
4687479173187523584,28,11.3,0.3,4,37.214,9.3034,0.29868,5294.5,2.254,-2176.8,0.17741,53.7,1.3248,0.22894,-2187.5,0.55974,0.23293,-2171.3,0.634,11.651,10,0.54789,0.23416,-16.132,7471.4
4687479173187523584,28,11.3,0.3,8,74.427,9.3034,0.29868,8848,5.4461,-948.73,0.15678,135.59,1.4689,0.31722,-934.81,0.71874,0.30985,-941.82,0.15518,136.18,1.4723,0.0025965,0.31721,7.0172,9796.7
4687479173187523584,28,11.3,0.3,16,148.85,9.3034,0.29868,11021,9.3404,3385,0.19093,194.44,1.328,0.9155,3378.5,1.1549,0.93031,3391.9,0.19053,194.31,1.3277,-0.00048277,0.91551,-13.389,7635.9
4687479173187523584,28,11.3,0.7,0.5,4.6517,9.3034,0.29868,1218.2,0.81932,-4376.6,0.27298,13.172,1.4093,0.1596,-4390.1,0.098799,0.15933,-4372.5,1.0878,2.0728,6.5247,0.076756,0.16007,-17.632,5594.8
4687479173187523584,28,11.3,0.7,1,9.3034,9.3034,0.29868,2697.7,1.183,-3506.2,0.60055,11.431,1.5887,0.18164,-3513.9,0.35045,0.17814,-3501.5,1.7627,2.7431,2.3443,0.23776,0.18195,-12.418,6203.9
4687479173187523584,28,11.3,0.7,2,18.607,9.3034,0.29868,5022.5,2.1068,-3277.4,0.45872,26.335,1.6535,0.17727,-3270.2,0.50133,0.16682,-3281.1,1.2173,8.9543,3.4086,0.42641,0.17238,10.858,8299.9
4687479173187523584,28,11.3,0.7,4,37.214,9.3034,0.29868,8097.8,4.5207,-1803.2,0.26001,85.201,1.4559,0.18757,-1808.4,0.82163,0.18006,-1805.5,1.0359,19.34,3.4844,0.79171,0.18589,-2.9228,9901
4687479173187523584,28,11.3,0.7,8,74.427,9.3034,0.29868,10227,7.6694,1252.7,0.066547,399.39,1.1421,1e-06,1359.3,1.2825,0.24126,1170.7,26.662,0.75287,5.0913,1.1073,0.16389,188.54,8974.2
4687479173187523584,28,11.3,0.7,16,148.85,9.3034,0.29868,12679,14.098,1216.7,0.56478,164.2,1.7258,0.29553,1319.9,1.3053,0.18726,1211.2,1.1473,82.798,2.5586,1.2007,0.25466,108.75,11462
4687479173187523584,28,11.3,1.5,0.5,4.6517,9.3034,0.29868,1849.6,0.95836,-3825.5,0.88341,7.5508,1.588,0.15586,-3823.2,0.39562,0.1533,-3818.1,0.96271,6.7073,1.6118,-0.20706,0.15597,-5.1009,5675.1
4687479173187523584,28,11.3,1.5,1,9.3034,9.3034,0.29868,3961.4,1.6189,-2731.9,1.3081,10.392,1.7431,0.17065,-2708.1,0.68138,0.15887,-2724.6,1.3568,9.914,1.7578,-0.16228,0.17074,16.437,6693.3
4687479173187523584,28,11.3,1.5,2,18.607,9.3034,0.29868,6193.3,2.8175,-1655.7,1.5193,17.328,1.8078,0.16337,-1599.9,0.94933,0.12725,-1648.5,1.5356,17.087,1.8128,-0.11838,0.16339,48.627,7849
4687479173187523584,28,11.3,1.5,4,37.214,9.3034,0.29868,9862.8,7.0066,1839.6,1.8054,37.729,2.2678,0.53371,2527.8,1.5032,0.33181,1846.7,1.809,37.618,2.2701,-0.077734,0.53359,681.14,8023.2
4687479173187523584,28,11.3,1.5,8,74.427,9.3034,0.29868,12123,12.281,3354.6,1.1529,89.831,1.6808,0.39413,3415,1.5743,0.00080179,3361.5,1.1534,89.771,1.681,-0.0094931,0.39409,53.494,8768.7
4687479173187523584,28,11.3,1.5,16,148.85,9.3034,0.29868,14898,24.457,4873.1,1.1269,182.31,1.7147,0.00066491,5059.9,1.7514,0.00019302,4880,1.1271,182.27,1.7148,-0.0028569,0.0011714,179.89,10025
4687479173187523584,28,11.3,3,0.5,4.6517,9.3034,0.29868,2960.5,1.2627,-2580.1,2.3121,5.9496,1.7794,0.15184,-2500.2,0.77791,0.13918,-2574.5,2.7766,4.8785,1.8749,-0.018172,0.15388,74.304,5540.6
4687479173187523584,28,11.3,3,1,9.3034,9.3034,0.29868,5781.8,2.5439,-1080.6,2.3834,11.951,1.8447,0.15236,-985.95,1.0596,0.10243,-1073.6,2.4469,11.585,1.8564,-0.077235,0.15284,87.667,6862.4
4687479173187523584,28,11.3,3,2,18.607,9.3034,0.29868,8142.4,4.571,1516.7,2.3835,21.845,1.6854,0.1191,1626.3,1.3818,4.116e-05,1523.7,2.4061,21.615,1.6884,-0.04555,0.12009,102.65,6625.7
4687479173187523584,28,11.3,3,4,37.214,9.3034,0.29868,11001,9.2951,3898.8,2.419,43.816,1.7448,0.14939,4036.6,1.6412,6.2864e-05,3905.7,2.4262,43.669,1.7458,-0.0078966,0.15007,130.87,7102.5
4687479173187523584,28,11.3,3,8,74.427,9.3034,0.29868,13597,17.707,6835.4,2.5754,81.721,1.797,0.715,6951.2,1.9549,0.00032127,6842.3,2.5763,81.688,1.7972,-0.01517,0.71507,108.84,6761.9
4687479173187523584,28,11.3,3,16,148.85,9.3034,0.29868,16534,36.708,8983.9,2.7838,160.59,1.8936,0.40902,9261.5,2.2034,0.00062655,8990.8,2.7843,160.55,1.8937,-0.00037759,0.40914,270.7,7549.9
4687479173187523584,67,11.3,0.3,0.5,8.8413,17.683,0.24598,322.12,0.65122,-5139.5,0.045106,34.297,1.1006,0.15081,-5143,-0.21896,0.15591,-5128.7,2.4183,0.50844,1.4259,-0.30437,0.1533,-14.313,5461.6
4687479173187523584,67,11.3,0.3,1,17.683,17.683,0.24598,2876.5,1.1589,-4547.3,0.15767,27.323,1.4272,0.17402,-4554.1,-0.092811,0.1725,-4540.2,0.10644,33.042,1.5561,-0.16749,0.17369,-13.871,7423.7
4687479173187523584,67,11.3,0.3,2,35.365,17.683,0.24598,6496.9,2.623,-2462.8,0.19984,58.653,1.6409,0.27605,-2430.3,0.18589,0.2679,-2455.9,0.24669,46.773,1.8345,-0.045767,0.27472,25.61,8959.7
4687479173187523584,67,11.3,0.3,4,70.731,17.683,0.24598,8774.8,4.3854,-1053,0.11568,142.06,1.3054,0.27776,-1062.3,0.58972,0.28514,-1045.9,0.11006,144.08,1.3006,-0.01211,0.27773,-16.34,9827.8
4687479173187523584,67,11.3,0.3,8,141.46,17.683,0.24598,10768,6.8759,2518.4,0.23597,123.01,1.39,0.73196,2507.3,0.81647,0.73151,2525.4,0.23576,121.73,1.39,-3.5218e-05,0.73196,-18.029,8249.6
4687479173187523584,67,11.3,0.3,16,282.92,17.683,0.24598,13597,13.017,3979.1,0.12064,411.54,1.2848,0.82315,3975,1.1055,0.8591,3986.1,0.12005,411.83,1.2841,0.00063337,0.8231,-11.064,9617.5
4687479173187523584,67,11.3,0.7,0.5,8.8413,17.683,0.24598,2247.5,1.0055,-4678.3,0.58817,10.074,1.7872,0.1635,-4672.4,-0.0029871,0.15847,-4670.6,0.71241,7.6601,1.9574,-0.28209,0.16278,-1.8321,6925.8
4687479173187523584,67,11.3,0.7,1,17.683,17.683,0.24598,5706.9,2.1948,-3564.3,0.46297,26.624,1.6539,0.17822,-3554.4,0.31823,0.1685,-3562.7,1.2885,7.9404,3.2051,0.2472,0.1735,8.3123,9271.2
4687479173187523584,67,11.3,0.7,2,35.365,17.683,0.24598,7838.6,3.5504,-1187.7,0.53009,40.092,1.5491,0.25947,-1190.1,0.64755,0.24766,-1180.5,0.53587,39.11,1.554,-0.065862,0.25936,-9.5345,9026.3
4687479173187523584,67,11.3,0.7,4,70.731,17.683,0.24598,11532,8.1691,3146.6,0.53542,87.36,1.5834,0.79293,3146.2,0.97321,0.76439,3153.6,0.5391,86.391,1.5859,-0.0015842,0.79289,-7.4116,8385.2
4687479173187523584,67,11.3,0.7,8,141.46,17.683,0.24598,14266,15.14,3013.4,0.41511,209.69,1.5985,0.57465,3040,1.1599,0.50691,3012.4,1.1355,72.798,3.0267,1.1051,0.53956,27.587,11253
4687479173187523584,67,11.3,0.7,16,282.92,17.683,0.24598,17161,29.091,5309.8,0.47813,365.85,1.7493,1.0734,5387.8,1.3798,0.88682,5316.8,0.47883,365.28,1.7503,0.019639,1.0734,70.975,11851
4687479173187523584,67,11.3,1.5,0.5,8.8413,17.683,0.24598,3667.6,1.3853,-3226.7,1.4416,8.4264,1.882,0.18145,-3184.5,0.40831,0.17005,-3217.9,1.4748,8.1594,1.895,-0.44644,0.18138,33.408,6894.3
4687479173187523584,67,11.3,1.5,1,17.683,17.683,0.24598,6519.7,2.6365,-291.1,1.8072,14.268,1.994,0.33828,-219.98,0.74105,0.30905,-283.57,1.8637,13.723,2.0137,-0.21063,0.33834,63.595,6810.8
4687479173187523584,67,11.3,1.5,2,35.365,17.683,0.24598,10211,6.0642,662.01,1.6244,35.384,2.0827,0.33439,818.55,0.99662,0.24745,669.23,1.6359,35.061,2.089,-0.091707,0.33411,149.32,9549.2
4687479173187523584,67,11.3,1.5,4,70.731,17.683,0.24598,12803,10.882,5288.3,1.7117,60.619,1.9851,1.1278,5365,1.3314,0.99538,5295.3,1.7273,59.95,1.9905,0.044007,1.128,69.744,7514.4
4687479173187523584,67,11.3,1.5,8,141.46,17.683,0.24598,16434,24.69,7635.7,1.5653,142.88,2.0485,1.8209,7754.4,1.5955,1.5815,7642.8,1.5663,142.77,2.049,-0.013965,1.8208,111.67,8798
4687479173187523584,67,11.3,1.5,16,282.92,17.683,0.24598,19194,46.024,11185,1.63,262.87,2.0445,4.3099,11286,1.9067,3.811,11192,1.6307,262.72,2.0448,0.00254,4.3099,93.424,8008.7
4687479173187523584,67,11.3,3,0.5,8.8413,17.683,0.24598,5437.6,2.0654,-858.52,3.34,8.1317,2.0177,0.20159,-699.54,0.87251,0.15238,-851.63,3.531,7.6295,2.056,-0.23828,0.20277,152.08,6296.1
4687479173187523584,67,11.3,3,1,17.683,17.683,0.24598,8756,4.3669,1447.5,2.7856,18.983,1.9052,0.26085,1591,1.1472,0.14431,1454.4,2.872,18.315,1.9201,-0.044312,0.26195,136.61,7308.5
4687479173187523584,67,11.3,3,2,35.365,17.683,0.24598,12192,9.4821,4342.7,2.9287,40.079,2.0513,0.51526,4535.5,1.4426,0.2333,4349.2,3.0072,38.796,2.0666,0.2196,0.51674,186.29,7849.7
4687479173187523584,67,11.3,3,4,70.731,17.683,0.24598,14912,17.516,7468.3,2.642,78.014,1.8498,0.90919,7602.3,1.7513,0.32248,7475.3,2.6481,77.807,1.8509,-0.0049665,0.90965,127.02,7444.2
4687479173187523584,67,11.3,3,8,141.46,17.683,0.24598,17680,32.709,10653,2.8989,140.47,1.8986,2.0925,10806,2.0524,1.0567,10660,2.901,140.37,1.8989,-0.0069868,2.0927,145.95,7027.7
4687479173187523584,67,11.3,3,16,282.92,17.683,0.24598,21142,71.43,13452,2.6417,318.82,1.882,3.4177,13611,2.3401,1.1515,13459,2.6421,318.77,1.8821,-0.0013786,3.4177,151.97,7690
4687479173187523584,68,11.3,0.3,0.5,8.4236,16.847,0.30046,5451.4,2.0928,-344.37,0.4002,24.199,1.1309,0.2795,-349.95,0.34424,0.29533,-337.4,0.50394,16.843,1.1321,0.01929,0.2807,-12.548,5795.7
4687479173187523584,68,11.3,0.3,1,16.847,16.847,0.30046,5840.2,2.2863,-890.99,0.20081,40.309,1.1006,0.24627,-901.97,0.28957,0.2606,-883.99,0.16316,38.955,1.0707,0.00050258,0.24562,-17.977,6731.1
4687479173187523584,68,11.3,0.3,2,33.694,16.847,0.30046,6997.7,2.975,-133.76,0.14444,66.75,1.1048,0.30617,-144.84,0.35239,0.31816,-128.05,0.27166,28.137,10,0.34752,0.31981,-16.787,7131.5
4687479173187523584,68,11.3,0.3,4,67.389,16.847,0.30046,9117.4,4.8183,826.99,0.1072,139.24,1.1176,0.3154,819.36,0.51521,0.3283,834.01,0.096446,146.69,1.1134,-0.010979,0.31575,-14.641,8290.4
4687479173187523584,68,11.3,0.3,8,134.78,16.847,0.30046,11108,7.5777,2867.9,0.066245,321.53,1.1123,0.60239,2866.6,0.66168,0.6138,2874.9,0.061347,339.29,1.1109,-0.0096497,0.60283,-8.3257,8239.9
4687479173187523584,68,11.3,0.3,16,269.56,16.847,0.30046,14654,16.979,6397,0.12575,435.56,1.1475,1.2635,6394.4,1.0392,1.2674,6404,0.12493,436.68,1.1474,-8.7531e-05,1.2636,-9.657,8257.5
4687479173187523584,68,11.3,0.7,0.5,8.4236,16.847,0.30046,5389,2.0633,-166.15,0.5546,20.077,1.18,0.29716,-170.37,0.36456,0.30574,-159.23,0.73122,14.158,1.2031,-0.0049881,0.29932,-11.139,5555.1
4687479173187523584,68,11.3,0.7,1,16.847,16.847,0.30046,6279.4,2.5265,-731,0.36007,34.369,1.2479,0.2694,-741.72,0.32503,0.25715,-738.66,1.6791,6.4819,10,0.30052,0.26491,-3.0639,7010.4
4687479173187523584,68,11.3,0.7,2,33.694,16.847,0.30046,7802.5,3.5727,-165.15,0.3603,50.703,1.3024,0.27873,-163.47,0.43521,0.24621,-172.76,1.3414,14.126,4.8065,0.40426,0.26006,9.2918,7967.7
4687479173187523584,68,11.3,0.7,4,67.389,16.847,0.30046,10769,7.0148,1435.4,0.30131,114.35,1.3431,0.35958,1468.8,0.64331,0.27861,1433.9,0.89032,44.033,2.3889,0.58785,0.32204,34.912,9333.1
4687479173187523584,68,11.3,0.7,8,134.78,16.847,0.30046,13125,11.991,2322.1,0.6941,116.04,1.7814,0.52787,2662,0.78057,0.31151,2326.6,0.88375,95.258,2.0328,0.44218,0.49785,335.41,10803
4687479173187523584,68,11.3,0.7,16,269.56,16.847,0.30046,17489,32.354,6861.9,0.25648,596.26,1.3979,1.2207,6957.5,1.2099,0.78213,6862.5,0.69614,260.09,2.0623,1.1024,1.0904,95.057,10627
4687479173187523584,68,11.3,1.5,0.5,8.4236,16.847,0.30046,6112.8,2.4326,-70.28,0.71602,21.337,1.3158,0.30946,-76.435,0.40089,0.29078,-63.37,0.85343,17.021,1.3558,0.0052828,0.31022,-13.065,6183.1
4687479173187523584,68,11.3,1.5,1,16.847,16.847,0.30046,7412.6,3.2695,734.24,1.1979,22.102,1.5084,0.33834,757.9,0.55007,0.27212,740.88,1.3897,18.606,1.5698,0.074526,0.33777,17.017,6678.4
4687479173187523584,68,11.3,1.5,2,33.694,16.847,0.30046,10334,6.3543,2447,1.0305,48.064,1.5201,0.40718,2492.9,0.78717,0.2211,2450.4,2.0426,22.836,2.3406,0.69427,0.3396,42.448,7886.8
4687479173187523584,68,11.3,1.5,4,67.389,16.847,0.30046,12514,10.435,3555.2,1.4998,65.815,1.7853,0.46018,3829.1,0.94653,2.5061e-05,3542.1,2.6378,38.322,2.8448,0.82478,0.27384,286.91,8959.2
4687479173187523584,68,11.3,1.5,8,134.78,16.847,0.30046,15961,22.857,5944.8,1.3632,147.5,1.8501,0.81646,6341.4,1.1945,0.00019358,5951.8,1.3673,147.09,1.8531,0.0046823,0.81506,389.7,10017
4687479173187523584,68,11.3,1.5,16,269.56,16.847,0.30046,18621,41.855,9609.1,1.3655,270.66,1.7185,1.7656,9816.6,1.5373,4.9452e-05,9616.1,1.366,270.57,1.719,0.0070645,1.7652,200.52,9011.4
4687479173187523584,68,11.3,3,0.5,8.4236,16.847,0.30046,6929.3,2.9291,744.91,1.452,17.394,1.473,0.30651,764.69,0.56714,0.24812,749.52,2.0786,11.938,1.604,0.13564,0.31164,15.175,6184.4
4687479173187523584,68,11.3,3,1,16.847,16.847,0.30046,9105.6,4.8054,1880.6,2.2498,23.328,1.7417,0.28126,2017.1,0.76769,3.4819e-05,1881.6,3.1767,15.787,1.9854,0.41233,0.27495,135.46,7225.1
4687479173187523584,68,11.3,3,2,33.694,16.847,0.30046,11842,8.9558,4426,2.5999,40.09,1.8075,0.39571,4674.5,1.03,5.2556e-05,4428.8,3.1646,32.077,1.9282,0.51639,0.39171,245.7,7416.4
4687479173187523584,68,11.3,3,4,67.389,16.847,0.30046,14721,17.24,7151.1,2.378,80.662,1.7603,0.6941,7385.4,1.2975,0.00013368,7158.2,2.3858,80.36,1.7621,-0.0090855,0.69362,227.22,7570.2
4687479173187523584,68,11.3,3,8,134.78,16.847,0.30046,17593,33.129,10091,3.0984,136.16,1.9392,1.3152,10513,1.606,0.00010336,10098,3.1015,136,1.94,0.0031416,1.3149,415.6,7502.1
4687479173187523584,68,11.3,3,16,269.56,16.847,0.30046,20913,70.504,13285,2.924,302.09,1.97,3.3574,13691,1.9194,0.0014183,13292,2.9251,301.99,1.9704,0.00084296,3.3576,398.69,7627.9
4687485387976612736,28,12.4,0.3,0.5,2.5844,5.1688,0.29868,-2932,0.29241,-3382.2,0.49237,1.6911,2.0994,0.25177,-3392.9,-0.36606,0.25066,-3373.6,0.55843,1.116,2.7389,-0.50556,0.25128,-19.372,450.2
4687485387976612736,28,12.4,0.3,1,5.1688,5.1688,0.29868,-1365.2,0.43143,-3204.9,0.29495,5.5139,1.607,0.25398,-3215,-0.055301,0.25243,-3197.9,0.40165,3.1699,2.5748,-0.13455,0.2534,-17.049,1839.7
4687485387976612736,28,12.4,0.3,2,10.338,5.1688,0.29868,264.13,0.64652,-2897.5,0.17455,13.162,1.4405,0.2669,-2904.9,0.11442,0.26548,-2891.1,0.30309,5.9378,10,0.077673,0.26618,-13.822,3161.7
4687485387976612736,28,12.4,0.3,4,20.675,5.1688,0.29868,2717.1,1.1887,-2615.9,0.38209,15.582,1.8074,0.27117,-2601.9,0.39278,0.26629,-2608.7,0.38902,15.054,1.849,-0.11753,0.27089,6.8577,5333
4687485387976612736,28,12.4,0.3,8,41.35,5.1688,0.29868,5060.7,2.1269,-1573,0.18038,51.988,1.4467,0.319,-1576,0.68714,0.31479,-1572.7,0.58693,14.848,10,0.64575,0.3177,-3.2439,6633.7
4687485387976612736,28,12.4,0.3,16,82.7,5.1688,0.29868,9003.5,5.6605,-1043.9,0.02,955.75,1.2631,0.28882,-1010.8,0.98348,0.29776,-1036.7,0.02,953.02,1.2632,-0.10066,0.28889,25.902,10047
4687485387976612736,28,12.4,0.7,0.5,2.5844,5.1688,0.29868,-2005.1,0.36806,-3164,1.1199,1.8574,2.6173,0.25492,-3161.9,0.0097571,0.25307,-3155.2,1.1934,1.6529,2.7925,-0.47714,0.25475,-6.7198,1158.8
4687485387976612736,28,12.4,0.7,1,5.1688,5.1688,0.29868,-571.33,0.52542,-2973.8,1.0891,3.2556,2.234,0.25493,-2970.8,0.24314,0.25215,-2967.3,1.6291,1.8382,3.0254,-0.035224,0.25443,-3.4722,2402.5
4687485387976612736,28,12.4,0.7,2,10.338,5.1688,0.29868,2239.2,1.0557,-2568,0.76183,8.9562,1.9613,0.2636,-2563.1,0.50519,0.25661,-2561.2,0.82492,8.0012,2.0549,0.034122,0.26322,-1.8335,4807.3
4687485387976612736,28,12.4,0.7,4,20.675,5.1688,0.29868,5209,2.2066,-1830.3,0.82751,18.668,2.051,0.28639,-1780.5,0.80363,0.27112,-1823.3,0.83674,18.404,2.0693,-0.0044235,0.28616,42.808,7039.2
4687485387976612736,28,12.4,0.7,8,41.35,5.1688,0.29868,8058,4.4762,10.199,0.20602,96.81,1.2974,0.31451,8.012,1.1885,0.33543,-2.9489,30.78,0.36034,3.6433,1.1465,0.26436,10.961,8047.8
4687485387976612736,28,12.4,0.7,16,82.7,5.1688,0.29868,10617,8.4501,2019.9,0.86395,68.905,2.018,0.66067,2112.7,1.3609,0.61337,2026.8,0.86488,68.81,2.0192,-0.0070222,0.66061,85.941,8597.5
4687485387976612736,28,12.4,1.5,0.5,2.5844,5.1688,0.29868,-320.19,0.55922,-2756.6,1.1056,3.4675,1.7558,0.25797,-2750.4,0.37323,0.257,-2757.8,2.6081,1.3273,2.9649,0.053922,0.25951,7.4765,2436.4
4687485387976612736,28,12.4,1.5,1,5.1688,5.1688,0.29868,1640.6,0.9099,-2412.9,1.5672,5.1276,2.05,0.25391,-2387.3,0.66919,0.24613,-2405.6,1.6352,4.8608,2.0879,-0.16117,0.25397,18.366,4053.5
4687485387976612736,28,12.4,1.5,2,10.338,5.1688,0.29868,4441,1.8236,-1200.8,1.7953,9.9529,2.3119,0.31315,-1125.2,0.96961,0.28996,-1193.5,1.8006,9.9078,2.3178,-0.15841,0.31307,68.278,5641.8
4687485387976612736,28,12.4,1.5,4,20.675,5.1688,0.29868,7100.7,3.5294,-586.08,1.4915,21.501,1.8895,0.25927,-524.66,1.2584,0.21783,-579.16,1.4993,21.358,1.8923,-0.0034916,0.25928,54.504,7686.8
4687485387976612736,28,12.4,1.5,8,41.35,5.1688,0.29868,10115,7.4583,1461.1,0.79282,67.042,1.5072,0.21101,1506.4,1.6237,0.0024907,1468,0.79309,66.995,1.5073,-0.0057818,0.21101,38.374,8653.4
4687485387976612736,28,12.4,1.5,16,82.7,5.1688,0.29868,13124,15.744,3567.4,0.78349,144.34,1.5556,0.19569,3593.3,1.8483,0.000135,3574.4,0.78346,144.33,1.5556,-0.00089868,0.19567,18.931,9556.5
4687485387976612736,28,12.4,3,0.5,2.5844,5.1688,0.29868,576.03,0.69858,-2091.5,2.1102,3.2384,1.6603,0.26124,-2019.6,0.73653,0.2642,-2086.7,2.7085,2.5825,1.8321,-0.096031,0.26333,67.135,2667.5
4687485387976612736,28,12.4,3,1,5.1688,5.1688,0.29868,3264.7,1.3618,-1320,2.4513,6.2357,1.8397,0.2512,-1237.6,1.0737,0.23811,-1313.1,2.5481,5.9867,1.8635,-0.077189,0.25177,75.44,4584.7
4687485387976612736,28,12.4,3,2,10.338,5.1688,0.29868,5503.7,2.3742,265.24,3.305,9.4341,2.0991,0.31827,397.83,1.3656,0.26649,272.06,3.3629,9.2474,2.1133,0.013466,0.31872,125.77,5238.4
4687485387976612736,28,12.4,3,4,20.675,5.1688,0.29868,8640.7,5.1729,2157.9,2.5603,23.774,1.7592,0.24547,2265.5,1.696,0.10912,2164.9,2.5645,23.73,1.7598,-0.036945,0.24556,100.59,6482.8
4687485387976612736,28,12.4,3,8,41.35,5.1688,0.29868,11324,10.071,3770.1,2.4678,46.515,1.8333,0.22006,3943.3,1.8859,1.3594e-06,3777,2.4729,46.402,1.8341,0.038633,0.22037,166.33,7554.3
4687485387976612736,28,12.4,3,16,82.7,5.1688,0.29868,14210,20.618,8138.7,3.2348,82.519,2.1322,1.9746,8291.7,2.2697,1.4673,8145.7,3.2352,82.504,2.1323,-0.001935,1.9746,146.04,6071.5
4687485387976612736,67,12.4,0.3,0.5,4.253,8.5059,0.20892,4528.8,1.6825,-29.61,0.23606,27.549,1.2419,0.47959,-31.666,0.70628,0.49041,-22.6,0.24246,26.001,1.2381,0.0001618,0.47957,-9.0666,4558.4
4687485387976612736,67,12.4,0.3,1,8.5059,8.5059,0.20892,4104.6,1.5289,-122.72,0.30593,21.205,1.2734,0.4719,-123.21,0.69232,0.48144,-115.71,0.32185,19.594,1.2731,-0.0014934,0.47198,-7.5023,4227.3
4687485387976612736,67,12.4,0.3,2,17.012,8.5059,0.20892,5055.6,1.8948,330.92,0.2976,26.934,1.2558,0.50316,334.19,0.80669,0.51647,337.93,0.30723,25.621,1.2551,0.0002807,0.5032,-3.7369,4724.7
4687485387976612736,67,12.4,0.3,4,34.024,8.5059,0.20892,6172.4,2.4378,315.86,0.1733,56.992,1.3152,0.51051,305.77,0.79404,0.51575,322.04,40,0.41864,0.94719,0.77376,0.44339,-16.27,5856.5
4687485387976612736,67,12.4,0.3,8,68.048,8.5059,0.20892,8951.7,4.564,938.62,0.1077,160.23,1.3361,0.55501,930.48,0.96379,0.55776,945.64,0.10722,160.11,1.3359,-0.0036447,0.55503,-15.156,8013.1
4687485387976612736,67,12.4,0.3,16,136.1,8.5059,0.20892,11641,8.3724,4556.2,0.28774,135.06,1.5238,1.3229,4552.9,1.2627,1.3057,4563.2,0.28787,134.86,1.5241,-0.00048174,1.3229,-10.335,7084.5
4687485387976612736,67,12.4,0.7,0.5,4.253,8.5059,0.20892,4549.8,1.6904,31.246,0.3153,23.342,1.2929,0.48289,29.988,0.73617,0.49194,38.261,0.32702,21.991,1.2926,-0.0029266,0.48294,-8.2723,4518.5
4687485387976612736,67,12.4,0.7,1,8.5059,8.5059,0.20892,5265.5,1.9867,8.0233,0.24012,33.811,1.2595,0.46272,6.227,0.79432,0.47471,15.029,0.24124,32.889,1.2554,0.0024913,0.4626,-8.8018,5257.5
4687485387976612736,67,12.4,0.7,2,17.012,8.5059,0.20892,6229.5,2.4695,125.07,0.45057,29.216,1.5542,0.48304,118.61,0.84489,0.4761,128.65,1.5007,6.0092,5.6334,0.7954,0.48145,-10.048,6104.5
4687485387976612736,67,12.4,0.7,4,34.024,8.5059,0.20892,8902.2,4.5133,408.3,0.43151,55.244,1.6564,0.47801,413.5,1.0132,0.46002,414.92,1.0957,17.332,2.6198,0.91704,0.47189,-1.4155,8493.9
4687485387976612736,67,12.4,0.7,8,68.048,8.5059,0.20892,10949,7.1629,2435.4,0.63266,71.415,1.7963,0.72959,2465.7,1.2721,0.691,2442.4,0.6339,71.227,1.7977,0.00097176,0.72956,23.309,8513.8
4687485387976612736,67,12.4,0.7,16,136.1,8.5059,0.20892,13887,13.898,5895.2,0.78874,118.14,1.8924,1.6281,5943.5,1.5825,1.5588,5902.2,0.78931,118.03,1.8929,-0.00026351,1.6281,41.343,7991.8
4687485387976612736,67,12.4,1.5,0.5,4.253,8.5059,0.20892,4657.9,1.7322,-5.6964,0.45159,19.042,1.3737,0.47223,-4.0577,0.77805,0.47745,0.88204,0.87948,9.2969,1.5254,0.40178,0.47607,-4.9397,4663.6
4687485387976612736,67,12.4,1.5,1,8.5059,8.5059,0.20892,5749.3,2.2159,408.84,0.59765,21.059,1.4318,0.48412,417.69,0.9413,0.48752,415.34,0.94009,12.981,1.5416,0.4503,0.48769,2.3559,5340.5
4687485387976612736,67,12.4,1.5,2,17.012,8.5059,0.20892,7417.5,3.2286,1176.6,1.0314,23.598,1.6313,0.51109,1201,1.188,0.49699,1183.5,1.0487,23.157,1.6367,0.011301,0.5113,17.5,6240.9
4687485387976612736,67,12.4,1.5,4,34.024,8.5059,0.20892,10290,6.1733,2370.8,1.4009,38.165,1.9195,0.59783,2438,1.4353,0.53985,2377.8,1.4098,37.876,1.9227,0.042434,0.59791,60.214,7919.5
4687485387976612736,67,12.4,1.5,8,68.048,8.5059,0.20892,12741,10.732,4128,1.6262,62.07,1.9764,0.76404,4230.9,1.7088,0.62085,4135,1.629,61.939,1.9772,0.014168,0.76407,95.932,8613
4687485387976612736,67,12.4,1.5,16,136.1,8.5059,0.20892,16220,23.53,7237.4,1.4862,139.2,1.9575,1.561,7350.8,1.9916,1.3518,7244.4,1.4868,139.13,1.9577,0.0037638,1.561,106.47,8983.1
4687485387976612736,67,12.4,3,0.5,4.253,8.5059,0.20892,5267,1.9874,514.45,0.85467,14.907,1.3526,0.45301,564.76,1.0465,0.4681,508.61,3.3249,4.2888,2.0135,0.57216,0.47396,56.146,4752.5
4687485387976612736,67,12.4,3,1,8.5059,8.5059,0.20892,6443.9,2.5918,1209.9,1.5603,14.853,1.5148,0.43827,1293.5,1.2895,0.4443,1214.2,2.0834,11.327,1.6198,0.4188,0.44583,79.362,5234
4687485387976612736,67,12.4,3,2,17.012,8.5059,0.20892,8688.7,4.3011,2683.2,2.9215,18.117,1.9325,0.50926,2822.7,1.5848,0.42864,2690.1,2.9538,17.905,1.9396,0.030718,0.50987,132.6,6005.5
4687485387976612736,67,12.4,3,4,34.024,8.5059,0.20892,11799,8.6758,5027.7,2.7372,37.961,1.8946,0.72432,5169.4,1.8605,0.5723,5034.8,2.7405,37.908,1.8952,-0.020821,0.72439,134.67,6770.8
4687485387976612736,67,12.4,3,8,68.048,8.5059,0.20892,14921,17.549,7213.1,2.3763,83.637,1.7749,0.66583,7348.9,2.1487,0.00033626,7220.1,2.3776,83.586,1.7751,0.0022583,0.66596,128.78,7707.5
4687485387976612736,67,12.4,3,16,136.1,8.5059,0.20892,17533,31.641,11098,3.2847,125.4,2.1228,3.3041,11290,2.4355,2.6036,11105,3.285,125.39,2.1228,-0.0011268,3.3041,184.99,6435.1
4687485387976612736,68,12.4,0.3,0.5,4.2174,8.4349,0.39049,4841,1.8215,196,0.28471,26.462,1.1877,0.46556,187.15,0.33136,0.45775,201.51,0.81188,7.2813,10,0.31253,0.46142,-14.356,4645
4687485387976612736,68,12.4,0.3,1,8.4349,8.4349,0.39049,4996.9,1.8872,203.69,0.2313,31.449,1.1696,0.46736,196.92,0.32938,0.46005,210.61,0.44747,14.505,2.0358,0.29778,0.46587,-13.684,4793.2
4687485387976612736,68,12.4,0.3,2,16.87,8.4349,0.39049,5272.6,2.0094,273.47,0.22506,34.071,1.1627,0.46488,266.67,0.35696,0.45801,279.03,0.77759,8.8541,10,0.33571,0.46244,-12.361,4999.1
4687485387976612736,68,12.4,0.3,4,33.739,8.4349,0.39049,6346.5,2.5654,197.92,0.11263,73.851,1.144,0.44005,206.22,0.39498,0.43022,202.95,0.53185,20.002,4.5905,0.36088,0.43791,3.268,6148.6
4687485387976612736,68,12.4,0.3,8,67.479,8.4349,0.39049,8328.2,4.0265,612.86,0.17146,86.483,1.259,0.45574,652.28,0.52105,0.42265,619.86,0.17734,83.469,1.2811,0.0088742,0.4559,32.422,7715.4
4687485387976612736,68,12.4,0.3,16,134.96,8.4349,0.39049,11663,8.5983,3242.8,0.02,1151.7,1.1021,0.70451,3279.7,0.83539,0.6869,3249.8,0.02,1149.2,1.1038,-0.014704,0.70534,29.834,8420.5
4687485387976612736,68,12.4,0.7,0.5,4.2174,8.4349,0.39049,4885.4,1.8399,220.09,0.28095,27.186,1.1825,0.46436,210.99,0.34115,0.45694,223.72,0.81747,7.8175,10,0.31999,0.46119,-12.73,4665.3
4687485387976612736,68,12.4,0.7,1,8.4349,8.4349,0.39049,5345.5,2.0429,170.75,0.31893,28.818,1.2712,0.46425,171.77,0.3512,0.44658,176.93,0.55945,15.799,1.843,0.27546,0.45909,-5.1543,5174.7
4687485387976612736,68,12.4,0.7,2,16.87,8.4349,0.39049,6655.7,2.7523,223.95,0.31461,41.58,1.379,0.46181,261.08,0.41492,0.42781,227.3,0.62486,23.19,2.0915,0.29691,0.45027,33.785,6431.7
4687485387976612736,68,12.4,0.7,4,33.739,8.4349,0.39049,7558.9,3.3801,872.67,0.61462,33.491,1.5115,0.49467,919.45,0.55866,0.44014,875.69,1.1959,18.095,2.4407,0.43385,0.47401,43.762,6686.3
4687485387976612736,68,12.4,0.7,8,67.479,8.4349,0.39049,11394,8.0865,1996.4,0.58261,83.477,1.7148,0.60129,2247.2,0.77855,0.47994,2003.3,0.60284,81.24,1.7449,0.045019,0.59869,243.98,9397.1
4687485387976612736,68,12.4,0.7,16,134.96,8.4349,0.39049,14076,14.887,4418.6,0.37113,213.44,1.4801,0.87942,4580.6,1.0693,0.63071,4419,0.77855,118.63,2.1456,0.91761,0.80251,161.66,9657.7
4687485387976612736,68,12.4,1.5,0.5,4.2174,8.4349,0.39049,5066.8,1.9175,214.39,0.35419,24.985,1.2492,0.46432,208.45,0.35521,0.45014,220.58,0.69727,11.343,1.9831,0.302,0.45974,-12.124,4852.4
4687485387976612736,68,12.4,1.5,1,8.4349,8.4349,0.39049,5646.6,2.1878,622.36,0.83072,17.514,1.4278,0.47339,622.65,0.48628,0.44203,624.67,3.4315,2.88,10,0.4321,0.45611,-2.017,5024.3
4687485387976612736,68,12.4,1.5,2,16.87,8.4349,0.39049,7819.1,3.5862,1387.8,0.94125,27.496,1.5496,0.5074,1424.9,0.66278,0.43924,1394.7,0.98705,26.039,1.5851,0.087857,0.50575,30.219,6431.3
4687485387976612736,68,12.4,1.5,4,33.739,8.4349,0.39049,10165,6.1151,2787.2,1.0516,44.635,1.6414,0.63689,2872.5,0.87186,0.49273,2793.4,1.5895,29.119,2.1268,0.68056,0.59957,79.158,7377.9
4687485387976612736,68,12.4,1.5,8,67.479,8.4349,0.39049,13013,11.69,3898.4,1.417,73.473,1.8708,0.64913,4217.8,1.1125,0.14706,3905.3,1.4253,73.071,1.8773,0.036317,0.64761,312.51,9115.1
4687485387976612736,68,12.4,1.5,16,134.96,8.4349,0.39049,15690,21.487,6861.2,1.3212,142.53,1.7149,1.0473,7091.8,1.4013,0.00032484,6868.2,1.3229,142.36,1.716,0.018858,1.0467,223.66,8828.3
4687485387976612736,68,12.4,3,0.5,4.2174,8.4349,0.39049,5624.7,2.1769,663.91,0.93319,15.955,1.3869,0.45144,660.34,0.51828,0.42605,667.23,4.2209,2.4992,4.0753,0.45587,0.44261,-6.8853,4960.7
4687485387976612736,68,12.4,3,1,8.4349,8.4349,0.39049,6574,2.7016,1530.3,1.6192,15.025,1.5402,0.49195,1547,0.68794,0.43627,1533.7,3.1983,7.0992,2.0164,0.44653,0.49215,13.261,5043.6
4687485387976612736,68,12.4,3,2,16.87,8.4349,0.39049,8560,4.2445,2708.6,2.9267,17.889,1.8679,0.48816,2825.7,0.94762,0.26612,2714.7,3.1924,16.209,1.9369,0.26919,0.48683,110.96,5851.3
4687485387976612736,68,12.4,3,4,33.739,8.4349,0.39049,11685,8.6413,5096.8,2.9807,35.906,1.9258,0.72682,5255.7,1.2202,0.00031437,5101.6,3.5539,29.266,2.0765,0.69615,0.71353,154.13,6588.4
4687485387976612736,68,12.4,3,8,67.479,8.4349,0.39049,14650,16.964,7470,2.8774,72.252,1.8772,0.90726,7759.9,1.4672,0.00028614,7477,2.8822,72.116,1.8784,0.011462,0.90692,282.95,7180.5
4687485387976612736,68,12.4,3,16,134.96,8.4349,0.39049,17756,34.386,10028,2.7515,152.07,1.8918,1.3103,10515,1.739,3.6572e-05,10035,2.7507,152.1,1.8918,-0.0030584,1.3099,479.59,7728
4687499720314663296,28,13.5,0.3,0.5,0.87802,1.756,0.29868,-5950.8,0.1382,-7348.6,0.18276,2.2393,1.3856,0.091529,-7360.3,-0.11223,0.091314,-7343.6,0.34275,0.90411,10,-0.15823,0.091528,-16.757,1397.8
4687499720314663296,28,13.5,0.3,1,1.756,1.756,0.29868,-5765,0.14472,-7278.3,0.26718,1.825,1.4065,0.09197,-7291.9,-0.035785,0.091892,-7272.5,0.25471,0.9651,10,-0.051925,0.091985,-19.374,1513.3
4687499720314663296,28,13.5,0.3,2,3.5121,1.756,0.29868,-3073.4,0.28232,-6879,0.29638,4.1763,1.4349,0.093575,-6892,0.35216,0.093352,-6873,0.69682,1.0142,10,0.3347,0.093563,-19.098,3805.6
4687499720314663296,28,13.5,0.3,4,7.0241,1.756,0.29868,-1870.4,0.38058,-6853.4,0.46471,4.4428,1.9835,0.095974,-6839.4,0.39459,0.093351,-6849.1,0.651,3.0764,2.7567,0.18077,0.095166,9.736,4983
4687499720314663296,28,13.5,0.3,8,14.048,1.756,0.29868,1741.6,0.93301,-5139.8,0.20199,19.291,1.4235,0.12794,-5146,0.8061,0.12695,-5132.9,0.20143,19.187,1.425,-0.003072,0.12795,-13.144,6881.4
4687499720314663296,28,13.5,0.3,16,28.096,1.756,0.29868,3855.6,1.5769,-5533.2,0.083869,83.644,1.4994,0.11421,-5491.5,0.85228,0.10971,-5534.2,0.42577,17.471,2.9725,0.74106,0.11327,42.653,9388.8
4687499720314663296,28,13.5,0.7,0.5,0.87802,1.756,0.29868,-5908.1,0.13967,-7226.3,0.75621,0.92945,1.7947,0.092012,-7234.8,0.064923,0.091606,-7218.5,0.85469,0.75672,1.8979,-0.30349,0.092003,-16.355,1318.2
4687499720314663296,28,13.5,0.7,1,1.756,1.756,0.29868,-4110.8,0.21822,-7073.9,0.72094,1.796,1.8994,0.091601,-7078.9,0.28697,0.090439,-7066.8,0.81808,1.4821,2.0388,-0.091257,0.09153,-12.065,2963.1
4687499720314663296,28,13.5,0.7,2,3.5121,1.756,0.29868,-1559.1,0.41116,-6580.6,0.55888,4.2475,1.7214,0.096043,-6585.4,0.55218,0.093978,-6574,0.94776,2.042,2.4572,0.43686,0.095433,-11.413,5021.5
4687499720314663296,28,13.5,0.7,4,7.0241,1.756,0.29868,989.07,0.77401,-5781.5,0.55755,8.4798,1.7228,0.10603,-5778.6,0.83541,0.10099,-5783.7,1.4005,2.9038,3.8477,0.74229,0.10384,5.1215,6770.5
4687499720314663296,28,13.5,0.7,8,14.048,1.756,0.29868,2880.9,1.238,-5293.5,0.60015,12.491,1.6798,0.10288,-5282.4,1.0393,0.097054,-5286.6,0.60388,12.384,1.683,0.014085,0.10288,4.161,8174.3
4687499720314663296,28,13.5,0.7,16,28.096,1.756,0.29868,6899.7,3.3575,-1996.4,0.02,482.32,1.0856,1e-06,-1902.1,1.5749,0.1563,-1989.5,0.02,481.48,1.0854,0.014242,0.00017281,87.451,8896.1
4687499720314663296,28,13.5,1.5,0.5,0.87802,1.756,0.29868,-4711.3,0.18799,-6942.7,1.1316,1.134,1.7301,0.091628,-6934.4,0.37498,0.09149,-6942,2.399,0.4987,2.5708,0.021326,0.092131,7.63,2231.4
4687499720314663296,28,13.5,1.5,1,1.756,1.756,0.29868,-2224.6,0.34854,-6496.4,1.232,2.2397,1.8975,0.092863,-6482.1,0.66815,0.090788,-6489.4,1.3054,2.0791,1.9351,-0.063802,0.092874,7.2857,4271.7
4687499720314663296,28,13.5,1.5,2,3.5121,1.756,0.29868,168.95,0.63143,-5852.4,1.4019,3.8571,1.9418,0.093987,-5816.2,0.94595,0.089078,-5846.7,1.8097,2.7897,2.1197,0.46433,0.09407,30.472,6021.4
4687499720314663296,28,13.5,1.5,4,7.0241,1.756,0.29868,3123,1.3147,-4696.7,1.0875,9.4164,1.79,0.10328,-4663.9,1.2134,0.093704,-4689.7,1.0908,9.3757,1.7916,-0.017114,0.10327,25.825,7819.7
4687499720314663296,28,13.5,1.5,8,14.048,1.756,0.29868,5360.5,2.2912,-3298.4,1.1874,16.314,1.7519,0.1012,-3243.7,1.5138,0.074753,-3291.5,1.1886,16.291,1.7524,-0.0028405,0.10121,47.857,8658.9
4687499720314663296,28,13.5,1.5,16,28.096,1.756,0.29868,8826.5,5.4172,1321.5,1.6213,31.272,2.0248,0.45864,1416,1.887,0.4043,1328.4,1.6214,31.268,2.0248,-0.0045216,0.45864,87.536,7505
4687499720314663296,28,13.5,3,0.5,0.87802,1.756,0.29868,-4025.7,0.22287,-6387.3,2.5488,0.92183,1.8686,0.093223,-6308.4,0.71306,0.093117,-6383.2,3.179,0.74319,2.0927,-0.12512,0.093803,74.841,2361.6
4687499720314663296,28,13.5,3,1,1.756,1.756,0.29868,-1133.6,0.45696,-5431,2.7938,1.9355,1.9332,0.093196,-5332.1,1.0852,0.088599,-5432.6,3.6072,1.4776,2.1526,0.24854,0.094391,100.49,4297.3
4687499720314663296,28,13.5,3,2,3.5121,1.756,0.29868,1550.4,0.88975,-3945,2.4828,4.0978,1.7306,0.092857,-3845,1.4034,0.083664,-3938.1,2.5179,4.0379,1.7367,-0.012058,0.093011,93.109,5495.4
4687499720314663296,28,13.5,3,4,7.0241,1.756,0.29868,3957.9,1.6175,-2071.2,2.9825,6.837,1.8751,0.11938,-1943,1.6794,0.080846,-2064.2,2.9895,6.8185,1.8763,-0.035996,0.11943,121.21,6029.1
4687499720314663296,28,13.5,3,8,14.048,1.756,0.29868,6672.5,3.1734,-465.3,2.9436,13.456,1.922,0.099857,-275.54,1.8999,1e-06,-458.39,2.9461,13.443,1.9224,-0.0011736,0.099883,182.85,7137.8
4687499720314663296,28,13.5,3,16,28.096,1.756,0.29868,9678.4,6.693,2455,2.9369,28.637,1.8961,0.11756,2705.8,2.2207,1e-06,2461.9,2.9372,28.633,1.8961,-0.0030538,0.11756,243.83,7223.4
4687499720314663296,67,13.5,0.3,0.5,1.2828,2.5656,0.22745,-805,0.50499,-7104.7,0.02,78.301,1.2346,0.10314,-7101.3,0.34472,0.10306,-7100.1,0.29275,6.3406,5.3486,0.29124,0.10387,-1.1704,6299.7
4687499720314663296,67,13.5,0.3,1,2.5656,2.5656,0.22745,-1120.8,0.47026,-7214.9,0.02,77.275,1.2326,0.10025,-7214.9,0.33809,0.10028,-7210,0.33321,5.1667,5.283,0.28862,0.10103,-4.9142,6094.1
4687499720314663296,67,13.5,0.3,2,5.1312,2.5656,0.22745,700.9,0.70933,-6931.8,0.02,136.64,1.3329,0.10668,-6911.1,0.41439,0.1054,-6925.7,0.18584,15.029,3.0551,0.34694,0.10644,14.613,7632.7
4687499720314663296,67,13.5,0.3,4,10.262,2.5656,0.22745,327.92,0.65208,-6391.4,0.097787,22.358,1.2645,0.11142,-6401.5,0.57464,0.11203,-6384.4,0.091525,23.107,1.2609,-0.0035658,0.11143,-17.104,6719.3
4687499720314663296,67,13.5,0.3,8,20.525,2.5656,0.22745,4612,1.7144,-5233.9,0.066766,88.174,1.3536,0.13388,-5223.3,0.83973,0.13171,-5226.8,0.065828,89.278,1.355,-0.00082177,0.13389,3.5045,9845.9
4687499720314663296,67,13.5,0.3,16,41.05,2.5656,0.22745,6925.9,2.8896,-3302.8,0.034052,289,1.2571,0.17878,-3300.4,1.1393,0.18117,-3295.8,0.033543,293.39,1.2569,-0.002235,0.17879,-4.5906,10229
4687499720314663296,67,13.5,0.7,0.5,1.2828,2.5656,0.22745,-808.96,0.50454,-7064.6,0.02,88.312,1.2386,0.10248,-7066.7,0.38084,0.10255,-7059.9,0.36703,4.7656,10,0.34048,0.10321,-6.832,6255.6
4687499720314663296,67,13.5,0.7,1,2.5656,2.5656,0.22745,-1050.5,0.47778,-6948.1,0.22324,8.7056,1.3805,0.1014,-6960.2,0.48163,0.10081,-6941.1,0.22342,8.3044,1.3862,0.00054055,0.1014,-19.095,5897.6
4687499720314663296,67,13.5,0.7,2,5.1312,2.5656,0.22745,1450.9,0.84013,-6569.9,0.37579,11.094,1.7168,0.10776,-6549.4,0.63584,0.10338,-6563,0.39282,10.558,1.7534,0.049201,0.10765,13.6,8020.8
4687499720314663296,67,13.5,0.7,4,10.262,2.5656,0.22745,3140.8,1.2301,-4732.8,0.45099,14.968,1.5401,0.14139,-4733.5,0.97045,0.13564,-4725.8,0.45385,14.823,1.543,0.0072203,0.14138,-7.7759,7873.6
4687499720314663296,67,13.5,0.7,8,20.525,2.5656,0.22745,5512.9,2.1008,-3446,0.65458,19.832,1.789,0.18675,-3400.8,1.1475,0.17306,-3439,0.65681,19.748,1.7916,-0.0020427,0.18672,38.156,8958.9
4687499720314663296,67,13.5,0.7,16,41.05,2.5656,0.22745,9435.4,5.0903,-1184.7,0.424,63.339,1.6123,0.26602,-1149.4,1.4762,0.2395,-1177.7,0.42425,63.29,1.6126,0.0013172,0.26601,28.346,10620
4687499720314663296,67,13.5,1.5,0.5,1.2828,2.5656,0.22745,-546.46,0.53533,-6762.4,0.13608,13.457,1.2372,0.10043,-6773.5,0.55974,0.10175,-6755.4,0.13051,13.366,1.2308,-0.0093926,0.10044,-18.13,6216
4687499720314663296,67,13.5,1.5,1,2.5656,2.5656,0.22745,579.39,0.69014,-6253.8,0.65464,6.3918,1.6512,0.10692,-6250.1,0.75433,0.10312,-6247.9,1.5757,2.0905,2.3483,0.60674,0.10634,-2.2425,6833.2
4687499720314663296,67,13.5,1.5,2,5.1312,2.5656,0.22745,2193,0.99326,-4840.3,1.0732,7.0545,1.7268,0.1284,-4812.2,1.0386,0.12083,-4833.8,1.2954,5.6351,1.8084,0.47378,0.12861,21.586,7033.3
4687499720314663296,67,13.5,1.5,4,10.262,2.5656,0.22745,4781.6,1.7812,-4037.7,1.6046,10.362,2.0261,0.12441,-3890.5,1.3012,0.098705,-4030.7,1.6131,10.294,2.0297,0.021332,0.12439,140.18,8819.2
4687499720314663296,67,13.5,1.5,8,20.525,2.5656,0.22745,7558.2,3.3327,-985.81,1.4084,20.71,1.8603,0.24198,-894.94,1.5837,0.20174,-978.79,1.4098,20.683,1.8609,-0.0037075,0.24197,83.849,8544
4687499720314663296,67,13.5,1.5,16,41.05,2.5656,0.22745,10719,6.8008,3309.3,1.7273,37.299,2.082,0.77097,3415.5,1.9125,0.68416,3316.3,1.7279,37.282,2.0823,0.0016928,0.77097,99.249,7410
4687499720314663296,67,13.5,3,0.5,1.2828,2.5656,0.22745,-17.605,0.60317,-5956.8,0.47887,6.0082,1.2289,0.096016,-5930.7,0.87686,0.10075,-5979.1,4.6368,0.76116,2.303,0.52071,0.10388,48.311,5939.2
4687499720314663296,67,13.5,3,1,2.5656,2.5656,0.22745,1147,0.78444,-4957.5,2.106,3.8598,1.7714,0.10128,-4878.6,1.1616,0.091234,-4963,3.2211,2.4614,2.0369,0.50546,0.10393,84.434,6104.4
4687499720314663296,67,13.5,3,2,5.1312,2.5656,0.22745,3457,1.3211,-3279.5,2.8146,5.7033,1.9641,0.11995,-3139.2,1.4332,0.085257,-3274.4,3.1326,5.0421,2.0325,0.50649,0.12114,135.18,6736.5
4687499720314663296,67,13.5,3,4,10.262,2.5656,0.22745,6107.5,2.4024,-1062,2.7998,10.444,1.819,0.11371,-914.01,1.7167,3.2201e-05,-1055,2.8044,10.424,1.8197,-0.026411,0.11375,140.97,7169.6
4687499720314663296,67,13.5,3,8,20.525,2.5656,0.22745,9036,4.6517,1928.4,2.6115,20.97,1.8285,0.29333,2061.3,1.9903,0.14128,1935.4,2.6137,20.951,1.8288,0.0031179,0.29337,125.84,7107.6
4687499720314663296,67,13.5,3,16,41.05,2.5656,0.22745,12545,10.267,5304.2,2.477,48.043,1.7947,0.58036,5441.3,2.3249,0.26402,5311.2,2.4772,48.038,1.7948,-0.0013107,0.58036,130.13,7240.8
4687499720314663296,68,13.5,0.3,0.5,1.4004,2.8008,0.30046,-6110.7,0.15082,-7756.4,0.56192,1.2295,1.5826,0.094332,-7763.4,-0.24827,0.092708,-7750.6,0.96808,0.49653,10,-0.31529,0.093371,-12.759,1645.7
4687499720314663296,68,13.5,0.3,1,2.8008,2.8008,0.30046,-4317,0.22682,-7398.6,0.26292,3.3275,1.263,0.096349,-7407.4,-0.053229,0.094861,-7391.9,0.41896,1.8059,1.7859,-0.12751,0.095922,-15.496,3081.7
4687499720314663296,68,13.5,0.3,2,5.6015,2.8008,0.30046,-1975,0.38641,-6947.5,0.062433,17.584,1.1255,0.099024,-6946.4,0.12588,0.097906,-6941.5,0.32467,4.3322,2.4466,0.081944,0.099123,-4.9011,4972.5
4687499720314663296,68,13.5,0.3,4,11.203,2.8008,0.30046,739.86,0.71656,-6523.5,0.070309,31.764,1.1915,0.097449,-6502,0.33105,0.093879,-6516.8,0.23538,11.475,1.7505,0.25334,0.097085,14.758,7263.3
4687499720314663296,68,13.5,0.3,8,22.406,2.8008,0.30046,3305.2,1.2844,-5241.5,0.10767,41.397,1.208,0.10361,-5221,0.6116,0.096593,-5235.1,0.33714,15.513,1.7922,0.55057,0.10241,14.133,8546.7
4687499720314663296,68,13.5,0.3,16,44.812,2.8008,0.30046,6831.1,2.8644,-1941,0.0615,142.25,1.1657,0.21559,-1917.8,0.93556,0.20571,-1934,0.061079,142.98,1.1667,-0.0074796,0.21565,16.19,8772.1
4687499720314663296,68,13.5,0.7,0.5,1.4004,2.8008,0.30046,-4970.5,0.19548,-7617.7,0.61164,1.7066,1.618,0.093915,-7618.4,-0.10005,0.091435,-7610,0.68956,1.3834,1.8459,-0.3321,0.093331,-8.4695,2647.2
4687499720314663296,68,13.5,0.7,1,2.8008,2.8008,0.30046,-3057.2,0.30209,-7202.2,0.77092,2.4917,1.6922,0.096147,-7190,0.12254,0.091315,-7197.9,1.378,1.2745,2.7694,-0.031499,0.094329,7.9207,4145
4687499720314663296,68,13.5,0.7,2,5.6015,2.8008,0.30046,146.26,0.62605,-6421.8,0.44797,7.29,1.4394,0.098977,-6401.3,0.37894,0.091534,-6416.6,0.95845,3.4912,2.1653,0.25728,0.09657,15.347,6568
4687499720314663296,68,13.5,0.7,4,11.203,2.8008,0.30046,3182.9,1.2491,-5240.8,0.34289,18.329,1.413,0.10948,-5183.8,0.62936,0.093878,-5241.5,0.86154,8.4345,2.3386,0.52797,0.10334,57.703,8423.7
4687499720314663296,68,13.5,0.7,8,22.406,2.8008,0.30046,6496.3,2.6543,-2703.1,0.24592,48.839,1.3117,0.15181,-2661.4,0.95889,0.1219,-2701.7,0.796,17.971,2.3329,0.89822,0.13872,40.319,9199.4
4687499720314663296,68,13.5,0.7,16,44.812,2.8008,0.30046,8936.5,4.624,-1054.8,0.59722,47.627,1.7174,0.27839,-793.47,1.1192,0.20978,-1047.9,0.60076,47.397,1.7223,0.02073,0.27814,254.4,9991.3
4687499720314663296,68,13.5,1.5,0.5,1.4004,2.8008,0.30046,-3308.1,0.28533,-7102.7,1.1431,1.8653,1.7145,0.094652,-7093.6,0.1806,0.089905,-7098.8,2.4142,0.74901,3.1976,0.026399,0.093197,5.2529,3794.6
4687499720314663296,68,13.5,1.5,1,2.8008,2.8008,0.30046,-1101.2,0.47138,-6417.2,1.58,2.713,1.8661,0.095983,-6358,0.43702,0.085012,-6410.5,1.7914,2.3412,2.0059,-0.032734,0.095323,52.541,5316
4687499720314663296,68,13.5,1.5,2,5.6015,2.8008,0.30046,2105.9,0.97771,-5387,1.1654,6.8096,1.7074,0.098309,-5284.9,0.67754,0.075045,-5380.9,1.4946,5.2739,1.9781,0.39293,0.094771,95.974,7492.9
4687499720314663296,68,13.5,1.5,4,11.203,2.8008,0.30046,5042,1.9067,-3695.7,1.5899,11.03,1.9044,0.11879,-3438.7,0.94562,0.05288,-3688.6,1.6075,10.906,1.9158,-0.016396,0.11839,249.9,8737.7
4687499720314663296,68,13.5,1.5,8,22.406,2.8008,0.30046,8039.6,3.7707,-1007.9,1.5429,22.336,1.9253,0.21697,-707.53,1.225,0.073801,-1000.9,1.548,22.259,1.9287,-0.0014755,0.21671,293.4,9047.5
4687499720314663296,68,13.5,1.5,16,44.812,2.8008,0.30046,11118,7.595,1041,1.344,49.729,1.8345,0.25344,1533.4,1.4588,2.3823e-05,1048,1.3455,49.681,1.8356,0.024587,0.25328,485.49,10077
4687499720314663296,68,13.5,3,0.5,1.4004,2.8008,0.30046,-2200.2,0.36711,-6136.1,2.6133,1.598,1.7957,0.094766,-6083.5,0.49918,0.084545,-6128.6,2.8057,1.4803,1.8504,-0.26894,0.094883,45.104,3936
4687499720314663296,68,13.5,3,1,2.8008,2.8008,0.30046,563.92,0.68845,-4918.9,2.8275,2.9515,1.8547,0.09568,-4814.2,0.76255,0.067568,-4911.9,2.9479,2.816,1.8853,-0.09614,0.095657,97.763,5482.8
4687499720314663296,68,13.5,3,2,5.6015,2.8008,0.30046,3550.2,1.358,-3226.6,3.3283,5.3764,2.0792,0.10945,-2965.5,1.0149,2.3464e-06,-3219.6,3.3672,5.3018,2.0908,-0.046778,0.10922,254.04,6776.8
4687499720314663296,68,13.5,3,4,11.203,2.8008,0.30046,6872.2,2.8913,-421.72,2.791,12.603,1.9368,0.17974,-148.09,1.2929,2.2499e-05,-414.73,2.8009,12.552,1.9397,0.0063101,0.1796,266.64,7294
4687499720314663296,68,13.5,3,8,22.406,2.8008,0.30046,9558.1,5.3264,1989.1,3.1706,21.99,1.9774,0.20413,2571.2,1.5612,4.0854e-05,1996.1,3.1719,21.979,1.978,-0.016356,0.204,575.14,7569
4687499720314663296,68,13.5,3,16,44.812,2.8008,0.30046,12856,11.279,5074.8,2.9771,47.302,1.9752,0.4698,5571.1,1.8571,0.00014696,5081.8,2.9777,47.29,1.9754,0.0010443,0.46976,489.33,7781.4
4687503946562429184,28,13.1,0.3,0.5,1.2534,2.5069,0.28674,-6032.7,0.13541,-7124.8,0.24167,1.6374,1.4122,0.097176,-7137.1,-0.28332,0.096904,-7118.8,0.16389,1.3413,10,-0.3041,0.097007,-18.241,1092
4687503946562429184,28,13.1,0.3,1,2.5069,2.5069,0.28674,-4473,0.19945,-6921.3,0.29655,2.7505,1.5527,0.098843,-6930.4,-0.036211,0.09798,-6916.2,0.60376,1.0238,10,-0.091666,0.09839,-14.138,2448.3
4687503946562429184,28,13.1,0.3,2,5.0137,2.5069,0.28674,-2594.2,0.31798,-6950.6,0.26457,5.2551,1.7765,0.097079,-6929.1,0.069249,0.095425,-6943,0.29365,4.6875,1.943,-0.28366,0.096857,13.87,4356.4
4687503946562429184,28,13.1,0.3,4,10.027,2.5069,0.28674,90.643,0.61927,-6228.9,0.30649,9.5611,1.7077,0.10741,-6204.3,0.38722,0.10429,-6222.2,0.34366,8.4593,1.8359,0.029856,0.10711,17.863,6319.6
4687503946562429184,28,13.1,0.3,8,20.055,2.5069,0.28674,3668.7,1.5054,-5465.1,0.027118,267.23,1.3727,0.11297,-5429.2,0.68114,0.1098,-5462.4,0.35313,18.881,3.0089,0.60453,0.11257,33.169,9133.8
4687503946562429184,28,13.1,0.3,16,40.11,2.5069,0.28674,5434.8,2.3339,-4449.4,0.093439,93.177,1.423,0.13665,-4415.4,0.86337,0.13119,-4442.4,0.094058,92.428,1.4265,-0.0090769,0.13668,27.056,9884.2
4687503946562429184,28,13.1,0.7,0.5,1.2534,2.5069,0.28674,-4844,0.1819,-6938.1,0.55135,1.6078,1.7626,0.098117,-6947.4,-0.024999,0.097275,-6930.9,0.84433,0.84708,2.3302,-0.18209,0.097901,-16.517,2094.1
4687503946562429184,28,13.1,0.7,1,2.5069,2.5069,0.28674,-2465.6,0.3283,-6522.1,0.53964,3.3869,1.6705,0.10074,-6528,0.28962,0.099074,-6515,0.56645,3.0517,1.726,-0.093705,0.10061,-12.993,4056.5
4687503946562429184,28,13.1,0.7,2,5.0137,2.5069,0.28674,73.509,0.61664,-6124.5,0.57791,6.4542,1.7808,0.10255,-6107.2,0.53459,0.098421,-6119,0.89534,3.8982,2.6226,0.40179,0.101,11.837,6198.1
4687503946562429184,28,13.1,0.7,4,10.027,2.5069,0.28674,2203.3,1.0463,-5303.2,0.70672,9.6281,1.8569,0.11478,-5263.3,0.76739,0.10687,-5296.4,0.72897,9.2934,1.8886,0.096014,0.11462,33.135,7506.5
4687503946562429184,28,13.1,0.7,8,20.055,2.5069,0.28674,5027.7,2.1095,-4624.2,0.64739,19.975,1.8408,0.11699,-4529.5,0.98183,0.10518,-4617.2,0.65047,19.863,1.8452,-0.042188,0.11692,87.696,9651.9
4687503946562429184,28,13.1,0.7,16,40.11,2.5069,0.28674,8478.6,4.9689,-869.53,0.41746,66.534,1.6012,0.27897,-836.3,1.404,0.24992,-862.63,0.41788,66.457,1.6017,0.0061851,0.27897,26.323,9348.1
4687503946562429184,28,13.1,1.5,0.5,1.2534,2.5069,0.28674,-3826.2,0.23419,-6531.4,1.1018,1.4948,1.6756,0.098325,-6526.6,0.32081,0.097752,-6525.4,1.6197,0.97299,1.9065,-0.09759,0.098506,-1.2057,2705.2
4687503946562429184,28,13.1,1.5,1,2.5069,2.5069,0.28674,-1370.6,0.43086,-5848.3,1.5441,2.458,1.9521,0.10359,-5822.5,0.63944,0.09953,-5841.3,1.6638,2.244,2.0092,-0.080025,0.10362,18.833,4477.8
4687503946562429184,28,13.1,1.5,2,5.0137,2.5069,0.28674,1378.7,0.85262,-5176,1.6361,4.8947,2.021,0.10179,-5108,0.92396,0.090341,-5169.1,1.6741,4.7556,2.0394,-0.0048059,0.10177,61.064,6554.7
4687503946562429184,28,13.1,1.5,4,10.027,2.5069,0.28674,4151.9,1.6973,-4008.5,1.4712,10.448,1.9209,0.10633,-3906.3,1.1836,0.082537,-4001.5,1.4776,10.39,1.924,-0.013209,0.1063,95.206,8160.4
4687503946562429184,28,13.1,1.5,8,20.055,2.5069,0.28674,6944.4,3.395,-2113,1.1867,23.908,1.7854,0.13255,-2020.3,1.4541,0.078984,-2106.1,1.1877,23.882,1.786,-0.0023096,0.13253,85.764,9057.4
4687503946562429184,28,13.1,1.5,16,40.11,2.5069,0.28674,9636.1,6.623,-522.3,1.2436,45.784,1.8146,0.10728,-268.24,1.6806,1.5991e-05,-515.38,1.2439,45.768,1.8148,0.00053734,0.10727,247.14,10158
4687503946562429184,28,13.1,3,0.5,1.2534,2.5069,0.28674,-2595,0.31792,-5724.8,3.2436,1.2153,2.2228,0.10189,-5627.5,0.73784,0.096569,-5716.7,3.3522,1.1701,2.2644,-0.36197,0.10199,89.198,3129.7
4687503946562429184,28,13.1,3,1,2.5069,2.5069,0.28674,311.41,0.65416,-4660.4,2.8223,2.7851,1.921,0.099183,-4565.2,1.0488,0.088366,-4656.8,3.2588,2.3832,2.0232,0.17395,0.10004,91.626,4971.8
4687503946562429184,28,13.1,3,2,5.0137,2.5069,0.28674,2851.9,1.2291,-2703.7,2.7897,5.3322,1.8039,0.12103,-2600.1,1.3552,0.095942,-2696.8,2.82,5.2699,1.8093,-0.040471,0.12118,96.638,5555.7
4687503946562429184,28,13.1,3,4,10.027,2.5069,0.28674,5531.7,2.3907,-1255.6,2.6674,10.59,1.7842,0.077194,-1113.5,1.5896,7.1255e-06,-1248.8,2.6888,10.496,1.7874,0.088656,0.077482,135.3,6787.3
4687503946562429184,28,13.1,3,8,20.055,2.5069,0.28674,8266.8,4.7144,1609.8,3.2815,18.85,2.0101,0.24905,1788.8,1.9019,2.5151e-05,1616.6,3.286,18.82,2.011,0.019359,0.24912,172.18,6657
4687503946562429184,28,13.1,3,16,40.11,2.5069,0.28674,11251,9.8897,3587,2.97,41.734,1.9733,0.16998,3971.9,2.1368,0.0001387,3593.9,2.9704,41.726,1.9734,-0.00063581,0.16998,378.03,7664.1
4687503946562429184,67,13.1,0.3,0.5,1.7506,3.5012,0.24598,-4245.3,0.23236,-7599.6,0.10472,7.77,1.5126,0.10141,-7582.7,-0.21224,0.10022,-7591.3,0.14952,5.5764,1.8489,-0.43748,0.10117,8.6174,3354.3
4687503946562429184,67,13.1,0.3,1,3.5012,3.5012,0.24598,-2662.7,0.33208,-7235.5,0.059257,18.456,1.2963,0.10457,-7232.7,0.00037158,0.10366,-7230.3,0.30067,4.0578,3.3734,-0.066662,0.10439,-2.4004,4572.8
4687503946562429184,67,13.1,0.3,2,7.0025,3.5012,0.24598,-999.87,0.48327,-7124.6,0.18068,10.571,1.5547,0.10505,-7098.8,0.12097,0.10287,-7116.8,0.18268,10.335,1.6117,-0.26666,0.10484,18.018,6124.7
4687503946562429184,67,13.1,0.3,4,14.005,3.5012,0.24598,876.69,0.73803,-5909.9,0.17986,16.182,1.281,0.11474,-5921.5,0.50789,0.11437,-5907.2,3.1614,0.48339,10,0.46846,0.11591,-14.292,6786.6
4687503946562429184,67,13.1,0.3,8,28.01,3.5012,0.24598,5025.5,1.882,-5447,0.034392,242.32,1.3734,0.12458,-5393.2,0.64445,0.11858,-5441.8,0.35691,22.895,4.6633,0.58388,0.12159,48.533,10472
4687503946562429184,67,13.1,0.3,16,56.02,3.5012,0.24598,8490.9,4.1133,-99.473,0.16651,98.35,1.5797,0.48134,-36.421,0.98694,0.46288,-92.463,0.16792,97.585,1.5849,0.00037095,0.48128,56.043,8590.3
4687503946562429184,67,13.1,0.7,0.5,1.7506,3.5012,0.24598,-3957.4,0.24796,-7305.3,0.52825,2.485,1.8501,0.10392,-7301.3,-0.0038174,0.10199,-7297.9,0.64742,1.8655,2.3254,-0.21214,0.10342,-3.3655,3347.9
4687503946562429184,67,13.1,0.7,1,3.5012,3.5012,0.24598,-1170.6,0.465,-6908.6,0.57675,4.6347,1.8847,0.10624,-6883.7,0.25178,0.10265,-6901.1,0.63089,4.1515,1.9979,-0.18646,0.1059,17.393,5737.9
4687503946562429184,67,13.1,0.7,2,7.0025,3.5012,0.24598,968.28,0.75344,-5824.5,0.65022,7.1036,1.7947,0.12488,-5799.3,0.51164,0.11837,-5817.9,0.79165,5.6607,1.9925,0.17746,0.12409,18.64,6792.8
4687503946562429184,67,13.1,0.7,4,14.005,3.5012,0.24598,3741.1,1.4085,-4788.2,0.64057,13.899,1.7301,0.13675,-4740.9,0.79069,0.12316,-4785.2,1.1641,7.2785,2.5461,0.64909,0.13156,44.373,8529.3
4687503946562429184,67,13.1,0.7,8,28.01,3.5012,0.24598,7747.1,3.4778,-1264.4,0.58785,35.618,1.7324,0.30221,-1197.3,1.1338,0.27533,-1257.4,0.5898,35.487,1.7352,0.0030731,0.30214,60.154,9011.5
4687503946562429184,67,13.1,0.7,16,56.02,3.5012,0.24598,9779.2,5.501,-507.68,0.67009,54.993,1.7732,0.30246,-410.04,1.3684,0.22579,-500.75,0.67177,54.865,1.775,0.043748,0.30241,90.708,10287
4687503946562429184,67,13.1,1.5,0.5,1.7506,3.5012,0.24598,-2100.8,0.37697,-6686.2,1.0839,2.5679,1.7784,0.10376,-6677.9,0.3837,0.1003,-6684,2.2074,1.0978,2.5643,0.13459,0.10367,6.1412,4585.4
4687503946562429184,67,13.1,1.5,1,3.5012,3.5012,0.24598,-224.38,0.57568,-6093.9,1.5473,3.3837,1.8955,0.10182,-6049.8,0.65119,0.093285,-6086.2,1.5741,3.3083,1.9097,-0.23746,0.10177,36.398,5869.6
4687503946562429184,67,13.1,1.5,2,7.0025,3.5012,0.24598,2860.4,1.1547,-4898.5,1.1222,8.1175,1.6991,0.10994,-4858.6,0.88569,0.096451,-4891.4,1.1334,8.0099,1.7046,-0.0757,0.10989,32.759,7758.9
4687503946562429184,67,13.1,1.5,4,14.005,3.5012,0.24598,5888.8,2.2867,-2302.9,1.5219,13.529,1.9713,0.19951,-2192.9,1.1751,0.16157,-2295.9,1.5349,13.391,1.9775,0.033896,0.19943,102.99,8191.7
4687503946562429184,67,13.1,1.5,8,28.01,3.5012,0.24598,8568.8,4.1863,1113.4,1.5973,23.801,1.9916,0.46514,1206.1,1.4539,0.40317,1120.3,1.6043,23.677,1.9944,0.043717,0.46513,85.784,7455.4
4687503946562429184,67,13.1,1.5,16,56.02,3.5012,0.24598,12497,10.157,3994.6,1.5184,60.479,1.9795,0.79818,4157.7,1.8026,0.66162,4001.6,1.5187,60.465,1.9797,-0.0046059,0.79816,156.12,8502.4
4687503946562429184,67,13.1,3,0.5,1.7506,3.5012,0.24598,-1482.6,0.4334,-5654.8,2.5941,1.8923,1.7473,0.102,-5571.7,0.74322,0.096459,-5655.2,3.4959,1.4157,1.9744,-0.0090234,0.10383,83.439,4172.2
4687503946562429184,67,13.1,3,1,3.5012,3.5012,0.24598,1814.2,0.91188,-4001.4,2.2003,4.5055,1.7532,0.12298,-3932.5,1.0182,0.10422,-3994.5,2.2765,4.3457,1.7707,-0.0612,0.12327,61.982,5815.5
4687503946562429184,67,13.1,3,2,7.0025,3.5012,0.24598,4532,1.6837,-1953.9,2.8883,7.1648,1.958,0.16594,-1826.7,1.3009,0.10934,-1948.2,3.1273,6.5545,2.0125,0.36572,0.16704,121.43,6485.9
4687503946562429184,67,13.1,3,4,14.005,3.5012,0.24598,7558.1,3.3327,622.45,3.3754,13.02,2.0925,0.2558,813.01,1.6047,0.084498,629.45,3.3849,12.976,2.0946,0.0015913,0.25584,183.56,6935.7
4687503946562429184,67,13.1,3,8,28.01,3.5012,0.24598,10512,6.4902,3750.1,3.0021,27.03,1.9281,0.50199,3908.2,1.896,0.24795,3757,3.0059,26.991,1.9287,0.018251,0.50205,151.14,6762.1
4687503946562429184,67,13.1,3,16,56.02,3.5012,0.24598,13669,13.232,6665.6,2.8106,58.121,1.8734,0.84813,6831.7,2.2035,0.00067941,6672.6,2.8113,58.107,1.8736,0.0016647,0.84816,159.18,7003.8
4687503946562429184,68,13.1,0.3,0.5,2.3111,4.6221,0.30046,-4922.6,0.19763,-7192.5,0.26724,2.8096,1.4234,0.10724,-7189.9,-0.39746,0.10526,-7186.4,0.524,1.4181,3.4496,-0.49554,0.10633,-3.561,2269.9
4687503946562429184,68,13.1,0.3,1,4.6221,4.6221,0.30046,-2903.8,0.31282,-7071,0.35967,4.2186,1.7971,0.10832,-7016.4,-0.24038,0.10407,-7065.3,0.53218,2.9818,2.6159,-0.4993,0.10704,48.894,4167.2
4687503946562429184,68,13.1,0.3,2,9.2443,4.6221,0.30046,889.78,0.74142,-6645.3,0.072781,38.198,1.3925,0.1095,-6532.9,0.00046959,0.10365,-6637.5,0.10865,26.799,1.5397,-0.33079,0.10886,104.64,7535.1
4687503946562429184,68,13.1,0.3,4,18.489,4.6221,0.30046,2679.1,1.1139,-5525.4,0.17473,24.898,1.3576,0.12098,-5466.2,0.26582,0.11134,-5518.8,0.24199,18.874,1.5264,0.021788,0.11993,52.573,8204.6
4687503946562429184,68,13.1,0.3,8,36.977,4.6221,0.30046,5289.9,2.0173,-3469.8,0.1108,62.163,1.1945,0.14205,-3454.5,0.59998,0.13228,-3463.3,0.37015,22.002,1.8466,0.55119,0.14055,8.7845,8759.8
4687503946562429184,68,13.1,0.3,16,73.954,4.6221,0.30046,9431.4,5.1751,-2035,0.050306,400.96,1.3274,0.20967,-1853,0.78974,0.17022,-2031.6,0.28488,81.238,1.9152,0.6569,0.19944,178.62,11466
4687503946562429184,68,13.1,0.7,0.5,2.3111,4.6221,0.30046,-3214.9,0.29144,-7001.5,0.48718,3.0602,1.6446,0.10671,-6983.8,-0.20304,0.10321,-6992.5,0.544,2.6822,1.8073,-0.53286,0.10617,8.7308,3786.6
4687503946562429184,68,13.1,0.7,1,4.6221,4.6221,0.30046,-1436.8,0.43674,-6469,0.80226,3.6523,1.7838,0.11044,-6424,0.045186,0.10328,-6461.9,0.93075,3.0834,2.0491,-0.25443,0.10907,37.898,5032.2
4687503946562429184,68,13.1,0.7,2,9.2443,4.6221,0.30046,2310.9,1.0244,-5847.4,0.68109,9.5666,1.8405,0.11414,-5688.5,0.28858,0.098499,-5842.5,0.88715,7.6325,2.204,-0.03462,0.11106,154.03,8158.3
4687503946562429184,68,13.1,0.7,4,18.489,4.6221,0.30046,5510.2,2.1209,-3249,0.42922,26.243,1.5006,0.17489,-3159.1,0.61451,0.1477,-3243,0.61334,19.331,1.7707,0.38673,0.1701,83.972,8759.2
4687503946562429184,68,13.1,0.7,8,36.977,4.6221,0.30046,9120.7,4.822,-947.19,0.31218,74.051,1.4581,0.26246,-820.5,0.90594,0.20235,-941.52,0.5448,47.23,1.8278,0.72297,0.24929,121.03,10068
4687503946562429184,68,13.1,0.7,16,73.954,4.6221,0.30046,11418,8.1309,171.99,0.36854,120.11,1.5621,0.29975,460.21,1.0953,0.17108,178.07,0.55105,86.33,1.8235,0.83044,0.2799,282.15,11246
4687503946562429184,68,13.1,1.5,0.5,2.3111,4.6221,0.30046,-1330.5,0.44742,-6238.5,1.0637,3.1493,1.6684,0.10717,-6216.5,0.14677,0.099604,-6230.4,1.133,2.8892,1.7338,-0.32246,0.10669,13.947,4908
4687503946562429184,68,13.1,1.5,1,4.6221,4.6221,0.30046,839.43,0.73298,-5466.1,1.5336,4.3116,1.9197,0.11313,-5365.1,0.36842,0.096139,-5458.7,1.6484,3.9683,2.0067,-0.18399,0.11226,93.552,6305.5
4687503946562429184,68,13.1,1.5,2,9.2443,4.6221,0.30046,3678.2,1.3981,-4186.6,1.6016,8.1345,1.884,0.11932,-3997.8,0.63257,0.077385,-4179.8,1.7098,7.5951,1.9572,0.056569,0.11769,182,7864.8
4687503946562429184,68,13.1,1.5,4,18.489,4.6221,0.30046,7356.1,3.2277,-1164.3,0.99956,24.287,1.5707,0.18414,-1070.8,0.96624,0.081584,-1157.4,1.0084,24.059,1.5765,0.020085,0.18376,86.525,8520.5
4687503946562429184,68,13.1,1.5,8,36.977,4.6221,0.30046,10599,6.7494,1245.4,1.2174,44.812,1.7816,0.34742,1478.4,1.221,0.13221,1252.4,1.2203,44.701,1.7838,-0.023117,0.3471,225.94,9353.5
4687503946562429184,68,13.1,1.5,16,73.954,4.6221,0.30046,13224,12.263,4251,1.0999,89.927,1.6082,0.49753,4430.3,1.5273,1e-06,4258,1.1006,89.871,1.6086,0.0055476,0.49742,172.3,8973
4687503946562429184,68,13.1,3,0.5,2.3111,4.6221,0.30046,-204.62,0.57802,-5032.6,3.15,2.3091,2.0345,0.11019,-4930.4,0.47364,0.088636,-5025.9,3.4225,2.098,2.1214,-0.24671,0.11009,95.509,4828
4687503946562429184,68,13.1,3,1,4.6221,4.6221,0.30046,3049.5,1.2118,-3657.4,3.0099,5.0222,2.0813,0.11583,-3449.3,0.73375,0.04451,-3650.8,3.2016,4.6643,2.1463,0.015575,0.11484,201.51,6706.9
4687503946562429184,68,13.1,3,2,9.2443,4.6221,0.30046,5830.1,2.2811,-1322,3.1189,9.3345,2.0178,0.15018,-1028.4,0.98874,1.279e-05,-1314.8,3.1425,9.2503,2.0252,-0.096461,0.1498,286.43,7152.1
4687503946562429184,68,13.1,3,4,18.489,4.6221,0.30046,8853,4.537,947.8,2.8189,19.575,1.9325,0.16904,1441.8,1.2325,3.3807e-06,954.66,2.8416,19.397,1.9382,0.085075,0.16858,487.17,7905.2
4687503946562429184,68,13.1,3,8,36.977,4.6221,0.30046,11855,8.981,4231.6,3.1395,36.849,1.9835,0.36361,4760.3,1.5598,5.8034e-05,4238.6,3.143,36.8,1.9844,0.0077555,0.36345,521.71,7623.1
4687503946562429184,68,13.1,3,16,73.954,4.6221,0.30046,14747,17.34,7330.5,3.0823,72.137,1.9733,0.85268,7766.8,1.8563,0.00017596,7337.5,3.0829,72.122,1.9734,-0.003673,0.85258,429.31,7416.3
4687505389671548672,28,12.9,0.3,0.5,1.9535,3.9071,0.28674,-4103.8,0.2186,-5677.6,0.47903,1.9613,1.659,0.13614,-5689.4,-0.16541,0.13531,-5670.8,0.47232,0.99636,10,-0.18946,0.13553,-18.586,1573.8
4687505389671548672,28,12.9,0.3,1,3.9071,3.9071,0.28674,-2803.4,0.30189,-5584.7,0.3962,3.5379,1.6904,0.13643,-5591.1,-0.028694,0.13481,-5577.6,0.4886,2.464,2.1708,-0.16688,0.13593,-13.469,2781.3
4687505389671548672,28,12.9,0.3,2,7.8141,3.9071,0.28674,507.43,0.68678,-5328.9,0.14834,18.628,1.5871,0.14082,-5300.1,0.17024,0.1376,-5322.7,0.25678,11.178,2.0903,-0.031586,0.14016,22.634,5836.3
4687505389671548672,28,12.9,0.3,4,15.628,3.9071,0.28674,2229.2,1.0531,-4731.1,0.084592,48.381,1.3875,0.14981,-4719.3,0.40352,0.14693,-4727.3,0.39131,11.575,2.7579,0.31782,0.14957,8.0369,6960.2
4687505389671548672,28,12.9,0.3,8,31.256,3.9071,0.28674,4673.2,1.9318,-4377,0.086167,93.101,1.4309,0.14708,-4344.5,0.6191,0.14197,-4374.4,0.37701,23.094,2.5889,0.53543,0.14585,29.897,9050.3
4687505389671548672,28,12.9,0.3,16,62.513,3.9071,0.28674,6401.5,2.967,-1679.4,0.41797,37.422,1.6265,0.27528,-1654.4,0.95508,0.26412,-1672.5,0.41915,37.241,1.6294,-0.013661,0.27523,18.084,8081
4687505389671548672,28,12.9,0.7,0.5,1.9535,3.9071,0.28674,-2987.7,0.28839,-5499.6,0.59287,2.5358,1.6528,0.13631,-5510,0.041211,0.13528,-5492.7,0.918,1.3515,1.9698,-0.14837,0.13615,-17.244,2511.9
4687505389671548672,28,12.9,0.7,1,3.9071,3.9071,0.28674,-1041.4,0.46755,-4964,0.76316,3.9259,1.7563,0.14524,-4966,0.32137,0.14231,-4956.8,0.82649,3.4724,1.8222,-0.13081,0.14513,-9.169,3922.6
4687505389671548672,28,12.9,0.7,2,7.8141,3.9071,0.28674,1897.7,0.96987,-4785.3,0.61287,9.4359,1.8512,0.14219,-4761.4,0.50314,0.13586,-4778.7,0.75819,7.3298,2.074,0.18686,0.14134,17.211,6683
4687505389671548672,28,12.9,0.7,4,15.628,3.9071,0.28674,4792,1.9896,-3468.4,0.24305,41.582,1.4593,0.16267,-3466.8,0.83199,0.15414,-3481.1,1.0073,10.754,3.4469,0.75685,0.16126,14.32,8260.4
4687505389671548672,28,12.9,0.7,8,31.256,3.9071,0.28674,6983.3,3.428,-1931.2,0.37067,50.774,1.5269,0.21155,-1920.4,1.0886,0.19371,-1940.2,1.4122,12.983,3.695,1.0211,0.20483,19.769,8914.5
4687505389671548672,28,12.9,0.7,16,62.513,3.9071,0.28674,10441,8.088,944.37,0.66451,74.467,1.8943,0.48953,1054.9,1.3542,0.44832,951.31,0.66524,74.372,1.8954,-0.012383,0.48947,103.57,9496.6
4687505389671548672,28,12.9,1.5,0.5,1.9535,3.9071,0.28674,-1750.4,0.39209,-5115.4,1.3961,2.2933,2.0324,0.13741,-5098.6,0.35737,0.13413,-5108.6,1.634,1.8768,2.1923,-0.16745,0.13739,9.9542,3365
4687505389671548672,28,12.9,1.5,1,3.9071,3.9071,0.28674,246.04,0.64363,-4627.8,1.4567,3.8032,1.9473,0.13833,-4601.5,0.5982,0.13236,-4622.7,2.0486,2.4978,2.2552,0.18742,0.13838,21.191,4873.8
4687505389671548672,28,12.9,1.5,2,7.8141,3.9071,0.28674,3203.1,1.3411,-3681.1,1.6072,7.8169,2.0137,0.14256,-3603,0.91979,0.12424,-3674.3,1.6541,7.538,2.036,0.042281,0.14249,71.278,6884.2
4687505389671548672,28,12.9,1.5,4,15.628,3.9071,0.28674,6022.6,2.7006,-2198.5,1.1295,19.911,1.7125,0.14554,-2149.7,1.2104,0.10801,-2198.1,2.9555,6.3805,4.0228,1.1354,0.12762,48.371,8221
4687505389671548672,28,12.9,1.5,8,31.256,3.9071,0.28674,8634.1,5.1645,-610.98,1.7988,28.152,2.1337,0.21345,-349.76,1.4795,0.0012048,-604.06,1.8014,28.103,2.1351,-0.0013699,0.21338,254.3,9245.1
4687505389671548672,28,12.9,1.5,16,62.513,3.9071,0.28674,11070,9.4556,2379.6,1.3385,62.623,1.7496,0.33231,2459.7,1.7774,0.082111,2386.5,1.339,62.596,1.7498,-0.0004434,0.33231,73.183,8690.6
4687505389671548672,28,12.9,3,0.5,1.9535,3.9071,0.28674,-450.14,0.54147,-4130.2,2.8391,2.2427,2.0044,0.14249,-4048.1,0.75686,0.13576,-4123,3.0489,2.0763,2.0681,-0.20613,0.14281,74.934,3680
4687505389671548672,28,12.9,3,1,3.9071,3.9071,0.28674,2162.6,1.0358,-3249.4,2.3122,4.9181,1.8081,0.13565,-3178.8,1.0148,0.1214,-3242.5,2.3918,4.7386,1.8255,-0.075069,0.13589,63.702,5412
4687505389671548672,28,12.9,3,2,7.8141,3.9071,0.28674,4608.9,1.9012,-1692.3,2.7117,8.344,1.8825,0.14384,-1582,1.3035,0.094217,-1685.9,2.8508,7.8822,1.9091,0.24838,0.14469,103.9,6301.2
4687505389671548672,28,12.9,3,4,15.628,3.9071,0.28674,7194.8,3.6128,327.17,2.6513,16.226,1.817,0.13366,467.17,1.5674,1.6407e-05,334.08,2.6604,16.162,1.8184,-0.0029875,0.1338,133.08,6867.6
4687505389671548672,28,12.9,3,8,31.256,3.9071,0.28674,9901,7.0734,3116.6,3.273,28.246,2.0298,0.36096,3304.6,1.8728,2.6834e-05,3123.5,3.279,28.185,2.0309,0.035926,0.3611,181.16,6784.4
4687505389671548672,28,12.9,3,16,62.513,3.9071,0.28674,12799,14.523,5556.5,3.1351,59.405,1.9408,0.2521,5892.5,2.1512,0.00010955,5563.4,3.1357,59.391,1.9409,-0.0011171,0.25217,329.02,7242.3
4687505389671548672,68,12.9,0.3,0.5,3.9709,7.9418,0.39049,1950.1,0.94366,-3207.6,0.15287,19.991,1.0976,0.20513,-3217,0.067421,0.20711,-3201.8,0.24046,9.5087,10,0.058188,0.208,-15.21,5157.7
4687505389671548672,68,12.9,0.3,1,7.9418,7.9418,0.39049,2403.4,1.0462,-3044.1,0.16145,21.459,1.1076,0.20729,-3053.4,0.11032,0.20901,-3038.4,0.22689,11.238,10,0.10167,0.20994,-14.947,5447.5
4687505389671548672,68,12.9,0.3,2,15.884,7.9418,0.39049,3829.2,1.447,-2446.5,0.098492,43.374,1.0978,0.22781,-2448.9,0.20758,0.2293,-2440.1,0.3347,13.19,10,0.19247,0.23132,-8.8325,6275.7
4687505389671548672,68,12.9,0.3,4,31.767,7.9418,0.39049,6369.1,2.5786,-2626.4,0.064706,143.01,1.3343,0.24451,-2485.4,0.21685,0.22358,-2622.2,0.2745,40.579,1.9441,0.03472,0.24051,136.78,8995.5
4687505389671548672,68,12.9,0.3,8,63.534,7.9418,0.39049,8072.1,3.7986,-224.71,0.06095,186.67,1.1506,0.33358,-198.37,0.53222,0.32356,-217.52,0.058689,191.98,1.1551,-0.080943,0.3342,19.156,8296.8
4687505389671548672,68,12.9,0.3,16,127.07,7.9418,0.39049,11097,7.5586,-1474.8,0.12078,282.85,1.5678,0.27717,-988.64,0.55722,0.19883,-1489.2,0.42694,90.688,2.3231,0.27627,0.25955,500.53,12572
4687505389671548672,68,12.9,0.7,0.5,3.9709,7.9418,0.39049,2336.7,1.0304,-2882,0.23312,17.387,1.166,0.21983,-2892.1,0.12052,0.21818,-2877.1,0.91468,3.6526,10,0.10305,0.22005,-14.972,5218.8
4687505389671548672,68,12.9,0.7,1,7.9418,7.9418,0.39049,3241.3,1.2658,-2453.9,0.35596,16.522,1.2605,0.23622,-2460.6,0.20637,0.22871,-2453.3,1.7859,2.689,10,0.17271,0.2329,-7.2939,5695.2
4687505389671548672,68,12.9,0.7,2,15.884,7.9418,0.39049,3745.4,1.4197,-2902.3,0.68834,13.421,1.5258,0.20338,-2866.2,0.25644,0.18087,-2902.9,1.3516,6.9128,2.7379,0.1589,0.19308,36.681,6647.7
4687505389671548672,68,12.9,0.7,4,31.767,7.9418,0.39049,7176.2,3.0983,-2229.1,0.56806,34.494,1.6212,0.20255,-2044.4,0.46505,0.14788,-2238,1.1042,20.13,2.4687,0.29469,0.18433,193.54,9405.4
4687505389671548672,68,12.9,0.7,8,63.534,7.9418,0.39049,10533,6.6483,1042.3,0.44496,85.763,1.544,0.42641,1194.6,0.77813,0.31878,1037.8,0.9016,48.532,2.2834,0.61889,0.3921,156.82,9490.3
4687505389671548672,68,12.9,0.7,16,127.07,7.9418,0.39049,13567,13.258,2966.8,0.30227,220.66,1.3977,0.41412,3093.3,1.0635,0.12057,2959.4,0.93772,88.612,2.3308,0.96785,0.33154,133.91,10600
4687505389671548672,68,12.9,1.5,0.5,3.9709,7.9418,0.39049,2881.7,1.1664,-2566.3,0.58929,11.409,1.3723,0.23115,-2569.1,0.20705,0.21982,-2565,1.5548,3.246,10,0.17522,0.22363,-4.0973,5447.9
4687505389671548672,68,12.9,1.5,1,7.9418,7.9418,0.39049,4697.9,1.7631,-2135.6,0.93336,13.416,1.6282,0.23575,-2088,0.35472,0.20652,-2128.5,1.0567,11.676,1.7316,-0.044506,0.23352,40.589,6833.5
4687505389671548672,68,12.9,1.5,2,15.884,7.9418,0.39049,7125.3,3.0626,-747.16,1.1286,21.533,1.7315,0.28152,-633.49,0.59561,0.21238,-742.26,1.6102,14.97,2.1586,0.36406,0.26636,108.76,7872.5
4687505389671548672,68,12.9,1.5,4,31.767,7.9418,0.39049,9889.7,5.7438,1202.9,1.1032,41.215,1.6404,0.32238,1333,0.87665,0.14321,1208.4,1.6711,26.957,2.0541,0.68225,0.28623,124.56,8686.8
4687505389671548672,68,12.9,1.5,8,63.534,7.9418,0.39049,12532,10.476,4019.3,1.2153,71.828,1.6826,0.63111,4154.9,1.1576,0.2538,4023.1,1.9582,44.563,2.2727,0.98376,0.5382,131.8,8512.4
4687505389671548672,68,12.9,1.5,16,127.07,7.9418,0.39049,15623,21.163,5743.3,1.3063,141.12,1.8033,0.7522,6138,1.3701,9.0322e-06,5750.2,1.3081,140.94,1.8046,0.019394,0.75158,387.83,9879.4
4687505389671548672,68,12.9,3,0.5,3.9709,7.9418,0.39049,3157,1.2418,-2185.2,1.7735,6.6198,1.6012,0.20265,-2160.5,0.40175,0.17634,-2184.5,3.5115,3.0663,2.1176,0.15289,0.20256,24.061,5342.1
4687505389671548672,68,12.9,3,1,7.9418,7.9418,0.39049,5450.4,2.0923,-822.83,2.8205,8.9374,1.9373,0.22457,-700.41,0.6562,0.12811,-816.61,3.1044,7.989,2.0228,0.031943,0.22306,116.2,6273.3
4687505389671548672,68,12.9,3,2,15.884,7.9418,0.39049,8342,4.0392,1097,2.6003,18.371,1.8587,0.24203,1316.1,0.89424,3.6597e-05,1104.2,2.6258,18.159,1.8673,-0.082637,0.2412,211.85,7245
4687505389671548672,68,12.9,3,4,31.767,7.9418,0.39049,11091,7.5484,3719.8,2.6521,33.92,1.81,0.3111,4024,1.1615,4.996e-05,3726.9,2.6603,33.799,1.8126,-0.035888,0.31047,297.17,7371
4687505389671548672,68,12.9,3,8,63.534,7.9418,0.39049,14094,14.948,6904.8,3.082,61.912,1.9323,0.77708,7226.3,1.4774,1e-06,6911.8,3.0851,61.838,1.9332,-0.011611,0.77672,314.46,7189.6
4687505389671548672,68,12.9,3,16,127.07,7.9418,0.39049,17244,30.599,9822.4,2.9205,129.85,1.9529,1.6578,10138,1.7646,0.00027701,9829.4,2.9222,129.76,1.9533,0.01152,1.6577,308.81,7421.2
4687507245097014144,27,11.2,0.3,0.5,3.2333,6.4665,0.92175,9534.2,7.0318,4070.6,0.57119,69.454,1.8485,1.4099,4070.2,0.89068,1.4322,4077.4,0.56107,69.638,1.8361,0.039019,1.4097,-7.2523,5463.6
4687507245097014144,27,11.2,0.3,1,6.4665,6.4665,0.92175,9577,7.1096,4088.9,0.54256,72.267,1.803,1.4121,4090.8,0.8973,1.4381,4095.7,0.53156,72.568,1.7897,0.046345,1.4119,-4.9439,5488
4687507245097014144,27,11.2,0.3,2,12.933,6.4665,0.92175,9324.1,6.662,4067.4,0.62124,62.842,1.8922,1.4141,4064.6,0.87866,1.4347,4074.2,0.61214,62.847,1.8805,0.028823,1.4139,-9.5687,5256.8
4687507245097014144,27,11.2,0.3,4,25.866,6.4665,0.92175,9540.7,7.0435,4153.5,0.54118,72.697,1.7618,1.4249,4158.9,0.91557,1.4591,4160.3,0.53179,72.861,1.7501,0.037799,1.4246,-1.4513,5387.2
4687507245097014144,27,11.2,0.3,8,51.732,6.4665,0.92175,9744.3,7.4222,4251.7,0.46186,84.358,1.6555,1.4457,4264.1,0.93778,1.4947,4256.6,0.02,716.67,1.1216,0.78252,1.4202,7.4839,5492.6
4687507245097014144,27,11.2,0.3,16,103.46,6.4665,0.92175,10653,9.3772,4187.4,0.42267,115.09,1.7742,1.4266,4197.5,0.96418,1.4549,4194.3,0.41577,115.82,1.7663,0.029892,1.4265,3.2451,6465.9
4687507245097014144,27,11.2,0.7,0.5,3.2333,6.4665,0.92175,9601.4,7.1544,4083.5,0.54289,72.662,1.8068,1.4097,4085.4,0.8989,1.4352,4090.3,0.53206,72.963,1.7938,0.045375,1.4095,-4.9666,5517.9
4687507245097014144,27,11.2,0.7,1,6.4665,6.4665,0.92175,9714.4,7.3655,4117.5,0.53566,75.561,1.7972,1.4168,4120.3,0.91308,1.444,4124.3,0.52534,75.877,1.7848,0.045239,1.4165,-3.9917,5596.9
4687507245097014144,27,11.2,0.7,2,12.933,6.4665,0.92175,9799.3,7.5279,4004.7,0.59698,72.052,1.9714,1.3942,4001.5,0.88696,1.4056,4011.6,0.58786,72.225,1.9606,0.037918,1.3941,-10.079,5794.5
4687507245097014144,27,11.2,0.7,4,25.866,6.4665,0.92175,9544.6,7.0506,4015.3,0.7459,60.142,2.1418,1.3991,4007.1,0.89134,1.4062,4022.1,0.74152,59.918,2.136,0.0080424,1.399,-15.005,5529.3
4687507245097014144,27,11.2,0.7,8,51.732,6.4665,0.92175,10458,8.918,4428.6,0.54114,93.47,1.6847,1.4416,4457.7,1.0957,1.5057,4435.5,0.53721,93.424,1.6796,0.018551,1.4414,22.178,6029.4
4687507245097014144,27,11.2,0.7,16,103.46,6.4665,0.92175,12071,13.503,4861.5,0.56258,140.52,1.6709,1.453,4920.8,1.3581,1.5614,4868.4,0.56158,140.39,1.6694,0.0063351,1.4529,52.403,7209.5
4687507245097014144,27,11.2,1.5,0.5,3.2333,6.4665,0.92175,9582.7,7.12,4109.2,0.53586,72.919,1.7769,1.4142,4112.8,0.90652,1.4436,4116,0.52538,73.206,1.7643,0.041862,1.414,-3.2493,5473.4
4687507245097014144,27,11.2,1.5,1,6.4665,6.4665,0.92175,9674.7,7.2905,4167.8,0.51139,76.388,1.7047,1.4177,4177.7,0.93922,1.4572,4174.6,0.5019,76.705,1.6936,0.033327,1.4174,3.0321,5506.9
4687507245097014144,27,11.2,1.5,2,12.933,6.4665,0.92175,9801,7.5313,4301,0.64046,69.578,1.7314,1.4217,4326.1,1.0558,1.4679,4307.9,0.63728,69.381,1.7265,-0.0098547,1.4215,18.203,5500
4687507245097014144,27,11.2,1.5,4,25.866,6.4665,0.92175,10188,8.3194,4590.6,0.55328,84.553,1.507,1.4132,4692.3,1.2269,1.5392,4597.5,0.55091,84.31,1.5032,0.0094761,1.4128,94.77,5597.3
4687507245097014144,27,11.2,1.5,8,51.732,6.4665,0.92175,11246,10.921,4908.9,1.3187,69.559,1.9947,1.4129,5014.4,1.5251,1.4778,4915.8,1.3225,69.238,1.9954,0.0012559,1.4129,98.631,6337
4687507245097014144,27,11.2,1.5,16,103.46,6.4665,0.92175,13680,20.425,6264.3,0.74135,188.81,1.5232,1.4252,6553.1,1.9319,1.8669,6271.2,0.74142,188.66,1.5229,0.0069233,1.425,281.89,7415.8
4687507245097014144,27,11.2,3,0.5,3.2333,6.4665,0.92175,9573,7.1023,4112.2,0.51673,74.244,1.7289,1.4068,4120.5,0.91881,1.4418,4119,0.50637,74.557,1.7166,0.039866,1.4065,1.426,5460.7
4687507245097014144,27,11.2,3,1,6.4665,6.4665,0.92175,9696.4,7.3314,4268.4,0.55931,72.661,1.6308,1.4042,4308,1.0475,1.4642,4275.3,0.55444,72.595,1.6247,-0.005934,1.4039,32.771,5428.1
4687507245097014144,27,11.2,3,2,12.933,6.4665,0.92175,9856.5,7.6395,4607,0.75311,62.719,1.5255,1.3819,4746.2,1.3303,1.4985,4614,0.75626,62.284,1.5254,-0.051623,1.3819,132.19,5249.4
4687507245097014144,27,11.2,3,4,25.866,6.4665,0.92175,10807,9.7559,5503.9,1.4059,57.659,1.5488,1.3473,5878.5,1.8356,1.5974,5502.2,4.1952,19.333,2.1651,0.94436,1.4352,376.3,5303.3
4687507245097014144,27,11.2,3,8,51.732,6.4665,0.92175,12508,15.109,6350.6,2.112,74.836,1.8077,1.354,6785.4,2.1458,1.6432,6357.4,2.1187,74.568,1.8089,0.015601,1.3543,427.94,6157.4
4687507245097014144,27,11.2,3,16,103.46,6.4665,0.92175,14546,25.519,8176.4,2.4092,119.69,1.7275,1.1444,8839.5,2.5521,2.1325,8183.3,2.4116,119.56,1.7278,0.004018,1.1448,656.22,6369.3
4687507245097014144,28,11.2,0.3,0.5,6.1478,12.296,0.29271,2543.1,1.1384,-1784,0.02,194.48,1.3981,0.36206,-1745.9,-0.18392,0.35692,-1776.8,0.02,458.67,1.8266,-0.41012,0.36138,30.866,4327.1
4687507245097014144,28,11.2,0.3,1,12.296,12.296,0.29271,2671,1.1751,-1775.8,0.045493,89.837,1.3208,0.34535,-1771.5,-0.047727,0.34284,-1769.1,0.25762,17.075,2.3175,-0.16609,0.34674,-2.4423,4446.8
4687507245097014144,28,11.2,0.3,2,24.591,12.296,0.29271,4042.9,1.652,-1201.4,0.070337,93.79,1.3719,0.38476,-1198.1,0.13841,0.37961,-1202.8,0.50402,14.882,3.3214,-0.0014729,0.38735,4.6158,5244.2
4687507245097014144,28,11.2,0.3,4,49.182,12.296,0.29271,7410.5,3.8115,-1228.6,0.02,802.11,1.3853,0.35957,-1179.5,0.32616,0.34959,-1222.7,0.18899,79.583,2.1901,0.17839,0.36051,43.19,8639
4687507245097014144,28,11.2,0.3,8,98.364,12.296,0.29271,9504.1,6.4096,1339.3,0.02,561.26,1.0223,0.37276,1414.7,0.88789,0.51526,1300.1,26.002,1.0778,1.5675,0.74135,1e-06,114.63,8164.8
4687507245097014144,28,11.2,0.3,16,196.73,12.296,0.29271,11124,9.5834,1166.2,0.02,1560.2,1.2021,0.38679,1188.2,0.93619,0.43279,1173.3,0.02,1546.8,1.2013,-0.077858,0.38685,14.905,9958.2
4687507245097014144,28,11.2,0.7,0.5,6.1478,12.296,0.29271,3007.2,1.2775,-1516,0.10027,40.435,1.294,0.35808,-1523,0.041446,0.35783,-1509.9,0.02,2063.5,2.7441,0.021632,0.35866,-13.139,4523.3
4687507245097014144,28,11.2,0.7,1,12.296,12.296,0.29271,4357.6,1.7862,-1197,0.15804,40.04,1.283,0.35275,-1208.8,0.27501,0.35633,-1193.2,0.044082,1e+05,9.6007,0.26639,0.35696,-15.628,5554.6
4687507245097014144,28,11.2,0.7,2,24.591,12.296,0.29271,6982.3,3.4271,-257.18,0.19967,72.281,1.3517,0.38839,-268,0.58615,0.38913,-254.29,1.3114,7.8292,10,0.55969,0.39338,-13.708,7239.5
4687507245097014144,28,11.2,0.7,4,49.182,12.296,0.29271,9166.9,5.8949,1564.6,0.25898,111.13,1.3646,0.53196,1554.6,0.90198,0.53419,1564.7,40,0.95739,0.6162,0.87165,0.0017508,-10.008,7602.4
4687507245097014144,28,11.2,0.7,8,98.364,12.296,0.29271,11286,9.9761,2747.4,0.15018,297.94,1.2882,0.57092,2743.2,1.1258,0.60866,2715.4,40,0.767,5.8832,1.0883,1e-06,27.733,8538.7
4687507245097014144,28,11.2,0.7,16,196.73,12.296,0.29271,14244,20.79,3841.4,0.37897,330.88,1.5782,0.68152,3877.2,1.369,0.54933,3848.3,0.37945,330.38,1.5787,0.010285,0.68154,28.942,10402
4687507245097014144,28,11.2,1.5,0.5,6.1478,12.296,0.29271,3991.9,1.6312,-1055.7,0.62755,15.214,1.5307,0.34893,-1063.1,0.40618,0.34462,-1052.5,2.7481,2.4564,3.5692,0.30103,0.35212,-10.575,5047.6
4687507245097014144,28,11.2,1.5,1,12.296,12.296,0.29271,5777,2.5408,-553.81,0.8113,21.058,1.5683,0.33129,-552.23,0.66641,0.32055,-548.31,1.1965,13.248,1.7072,0.28323,0.33452,-3.9165,6330.8
4687507245097014144,28,11.2,1.5,2,24.591,12.296,0.29271,7716.9,4.1128,823.94,0.78293,37.126,1.444,0.33116,831.43,0.97607,0.32968,831.08,0.78266,36.972,1.4435,-0.09266,0.33102,0.35412,6893
4687507245097014144,28,11.2,1.5,4,49.182,12.296,0.29271,10610,8.4354,2387.7,1.4509,51.818,1.9319,0.53121,2474.7,1.1945,0.43044,2394.6,1.458,51.486,1.9349,-0.013111,0.53109,80.115,8222.7
4687507245097014144,28,11.2,1.5,8,98.364,12.296,0.29271,12538,13.613,3852.6,1.6049,79.051,1.8552,0.51715,3953.8,1.4573,0.25546,3859.5,1.6085,78.825,1.8562,0.0018845,0.51713,94.357,8685.7
4687507245097014144,28,11.2,1.5,16,196.73,12.296,0.29271,16069,32.707,6902.2,1.4041,208.51,1.9106,1.2944,7029.7,1.7689,0.75878,6909.1,1.4045,208.44,1.9108,-0.0016769,1.2943,120.62,9166.8
4687507245097014144,28,11.2,3,0.5,6.1478,12.296,0.29271,4525.8,1.8624,-60.69,1.4199,10.97,1.3958,0.30971,11.567,0.80326,0.32705,-62.362,2.7659,6.0684,1.6409,0.13302,0.32515,73.93,4586.5
4687507245097014144,28,11.2,3,1,12.296,12.296,0.29271,6720.2,3.2113,1221.3,2.3815,15.018,1.7144,0.34485,1310.3,1.0809,0.30709,1221.5,3.0397,11.676,1.8355,0.23951,0.35465,88.821,5498.9
4687507245097014144,28,11.2,3,2,24.591,12.296,0.29271,9595.1,6.556,3160,2.7349,29.144,1.9493,0.49836,3270.5,1.3619,0.30773,3167.2,2.7474,28.985,1.952,-0.086545,0.49859,103.38,6435.1
4687507245097014144,28,11.2,3,4,49.182,12.296,0.29271,12222,12.585,5217.6,2.3248,59.974,1.6914,0.022725,5355.8,1.6294,0.0003291,5224.5,2.3335,59.732,1.6927,0.0049054,0.033292,131.28,7004.2
4687507245097014144,28,11.2,3,8,98.364,12.296,0.29271,15092,25.662,7758.5,2.7049,114.38,1.8552,0.4544,7988.3,1.9127,0.00041147,7765.5,2.7061,114.32,1.8554,-0.0060245,0.45453,222.87,7333.2
4687507245097014144,28,11.2,3,16,196.73,12.296,0.29271,17704,49.088,11372,2.1875,245.23,1.6674,2.782,11467,2.2591,1.8816,11379,2.1877,245.21,1.6675,-0.0029233,2.7821,87.471,6332
4687507245097014144,67,11.2,0.3,0.5,14.841,29.682,0.22745,13113,11.703,9341.2,0.02,1167.6,1.0419,4.2518,9338.2,0.79313,4.3549,9348.2,0.02,1140.3,1.0394,-0.0030491,4.2527,-9.9468,3772.1
4687507245097014144,67,11.2,0.3,1,29.682,29.682,0.22745,13388,12.451,9272.8,0.02,1235.3,1.0467,4.15,9271.1,0.81226,4.2555,9279.8,0.02,1210.3,1.0447,-0.010841,4.1508,-8.7146,4114.8
4687507245097014144,67,11.2,0.3,2,59.365,29.682,0.22745,13689,13.327,9433.6,0.045293,643.14,1.0419,4.1413,9435.8,0.91341,4.2863,9440.6,0.042867,664.62,1.0378,-0.0077553,4.1407,-4.8574,4255
4687507245097014144,67,11.2,0.3,4,118.73,29.682,0.22745,14303,15.31,9631.7,0.02,1486.8,1.0491,4.4169,9631.8,0.90212,4.5316,9638.8,0.02,1468.5,1.048,-0.016238,4.4177,-6.9899,4671
4687507245097014144,67,11.2,0.3,8,237.46,29.682,0.22745,14266,15.184,9015.7,0.057277,809.49,1.1822,3.7889,9009,0.90614,3.8389,9022.7,0.056165,817.69,1.1807,-0.0079569,3.789,-13.769,5250.7
4687507245097014144,67,11.2,0.3,16,474.92,29.682,0.22745,17711,33.053,10442,0.16074,823.85,1.4596,5.1761,10450,1.1386,5.0898,10449,0.16084,822.55,1.4605,-6.6081e-05,5.1761,1.5525,7269
4687507245097014144,67,11.2,0.7,0.5,14.841,29.682,0.22745,13227,12.009,9306.1,0.030991,855.35,1.0726,4.2156,9301.6,0.80045,4.3048,9313.1,0.026605,963.81,1.0658,0.0063128,4.215,-11.531,3921.4
4687507245097014144,67,11.2,0.7,1,29.682,29.682,0.22745,13164,11.838,9353.3,0.11706,287.45,1.1353,4.2017,9348.1,0.85426,4.2808,9360.3,0.11479,287.85,1.1316,-0.0051632,4.2015,-12.219,3810.6
4687507245097014144,67,11.2,0.7,2,59.365,29.682,0.22745,13169,11.852,9040.1,0.23525,193.31,1.2719,3.8673,9031.5,0.88235,3.8996,9047.1,0.23569,190.9,1.271,-0.00018975,3.8673,-15.63,4129.2
4687507245097014144,67,11.2,0.7,4,118.73,29.682,0.22745,15259,19.001,10245,0.46341,211.3,1.6028,5.0776,10242,1.0592,4.9993,10252,0.46616,209.56,1.6056,0.0031588,5.0775,-10.095,5013.9
4687507245097014144,67,11.2,0.7,8,237.46,29.682,0.22745,17072,28.612,9986.3,0.54844,299.45,1.681,4.3314,9999.7,1.2405,4.1839,9993.3,0.54949,298.63,1.6822,-0.0021142,4.3312,6.3348,7085.4
4687507245097014144,67,11.2,0.7,16,474.92,29.682,0.22745,18998,44.202,12102,0.75646,393.69,1.8008,6.839,12137,1.4938,6.5282,12109,0.75684,393.4,1.8013,-0.0020785,6.8389,27.43,6895.3
4687507245097014144,67,11.2,1.5,0.5,14.841,29.682,0.22745,13231,12.02,9338.8,0.12876,272.13,1.149,4.1822,9333.2,0.86083,4.2545,9345.9,0.12703,271.48,1.1461,-0.0075189,4.1822,-12.701,3892.6
4687507245097014144,67,11.2,1.5,1,29.682,29.682,0.22745,13513,12.808,9576.1,0.21367,206.25,1.185,4.3068,9573.9,0.94736,4.3863,9583.1,3.8578,11.081,2.5085,0.8229,4.3748,-9.1629,3936.5
4687507245097014144,67,11.2,1.5,2,59.365,29.682,0.22745,14356,15.496,9857.8,0.85927,119.8,1.6066,4.3405,9866.7,1.1519,4.2834,9864.7,0.88013,116.78,1.6155,0.071745,4.3416,2.0562,4498.6
4687507245097014144,67,11.2,1.5,4,118.73,29.682,0.22745,16141,23.187,10721,1.2625,148.59,1.8206,4.8913,10755,1.3729,4.7176,10728,1.2719,147.35,1.8244,0.035849,4.8916,27.082,5419.7
4687507245097014144,67,11.2,1.5,8,237.46,29.682,0.22745,19225,46.533,12433,1.4374,279.01,1.9228,6.4667,12497,1.6669,6.0449,12440,1.4393,278.56,1.9235,0.0062039,6.4668,57.521,6792.3
4687507245097014144,67,11.2,1.5,16,474.92,29.682,0.22745,22061,88.288,14525,1.6577,499.09,2.174,10.142,14678,1.9203,9.2733,14532,1.6586,498.75,2.1744,0.0061339,10.142,146.15,7536.2
4687507245097014144,67,11.2,3,0.5,14.841,29.682,0.22745,13233,12.023,9504.8,0.10768,280.06,1.0358,4.1528,9515.1,0.94681,4.3193,9508.8,4.4809,11.038,2.5166,0.75634,4.2847,6.3098,3727.9
4687507245097014144,67,11.2,3,1,29.682,29.682,0.22745,13952,14.143,9877.2,0.65331,118.32,1.269,4.0765,9909.3,1.2017,4.1932,9870.6,3.8932,23.796,2.1671,0.83664,4.2047,38.71,4074.6
4687507245097014144,67,11.2,3,2,59.365,29.682,0.22745,14925,17.62,10849,2.2096,81.973,1.7851,4.6958,10931,1.4551,4.5839,10841,4.0468,44.289,2.3938,0.85269,4.7861,89.526,4076
4687507245097014144,67,11.2,3,4,118.73,29.682,0.22745,17485,31.41,12133,2.3982,144.39,1.7942,5.0863,12232,1.7413,4.7278,12140,2.4097,143.69,1.7967,0.041901,5.0876,91.704,5351.9
4687507245097014144,67,11.2,3,8,237.46,29.682,0.22745,20148,57.319,14481,3.0995,232.38,2.0811,8.3676,14632,2.0211,7.1944,14488,3.1036,232.03,2.0821,0.024294,8.3682,143.17,5666.8
4687507245097014144,67,11.2,3,16,474.92,29.682,0.22745,23263,115.82,17498,3.6143,438.59,2.1747,15.125,17704,2.3663,12.193,17505,3.6145,438.55,2.1747,-0.0037381,15.125,198.65,5764.5
4687508413319210368,27,13.4,0.3,0.5,0.49365,0.9873,0.71455,-7006.7,0.099867,-7536.9,0.83078,0.47515,1.5001,0.080958,-7524.6,-0.14484,0.082399,-7539.4,2.3297,0.1475,10,-0.38987,0.081695,14.819,530.18
4687508413319210368,27,13.4,0.3,1,0.9873,0.9873,0.71455,-6125.9,0.12526,-7502.2,0.17625,1.9064,1.1966,0.080752,-7499.4,-0.038243,0.081925,-7494.3,2.2575,0.14208,10,-0.1618,0.081642,-5.136,1376.3
4687508413319210368,27,13.4,0.3,2,1.9746,0.9873,0.71455,-5376.7,0.15188,-7401.8,0.32246,1.815,1.408,0.081349,-7403,0.094017,0.082597,-7393.8,0.2773,1.8391,1.343,-0.34021,0.081331,-9.2626,2025.1
4687508413319210368,27,13.4,0.3,4,3.9492,0.9873,0.71455,-2712.5,0.30137,-7148.4,0.12904,8.2519,1.3669,0.083227,-7135.9,0.34404,0.085192,-7141.2,0.084423,11.317,1.3053,-0.15117,0.08316,5.3038,4435.9
4687508413319210368,27,13.4,0.3,8,7.8984,0.9873,0.71455,-91.36,0.5914,-6005.2,0.02,45.431,0.98792,0.087298,-5852.6,0.74223,0.11162,-6020.2,16.173,0.16741,2.0865,0.61146,0.081052,167.62,5913.9
4687508413319210368,27,13.4,0.3,16,15.797,0.9873,0.71455,1856,0.9759,-6048.2,0.066624,74.292,1.4482,0.096904,-6011,0.82854,0.10393,-6088,20.265,0.10725,3.6632,0.77951,0.084938,77.05,7904.2
4687508413319210368,27,13.4,0.7,0.5,0.49365,0.9873,0.71455,-6830.9,0.10449,-7497.4,1.4769,0.39555,2.4466,0.081365,-7480.5,-0.020472,0.082162,-7498.6,2.2644,0.18659,10,-0.33009,0.081835,18.164,666.54
4687508413319210368,27,13.4,0.7,1,0.9873,0.9873,0.71455,-5587.8,0.14385,-7386.3,0.82372,0.98742,1.9225,0.081493,-7388.9,0.14966,0.082214,-7383.3,2.2739,0.20676,10,-0.0050782,0.08226,-5.5938,1798.5
4687508413319210368,27,13.4,0.7,2,1.9746,0.9873,0.71455,-3432.6,0.25041,-7001.7,0.73595,2.1206,1.7235,0.083006,-6979.7,0.53617,0.085322,-6995.1,0.85673,1.5066,1.6747,0.1369,0.082894,15.33,3569
4687508413319210368,27,13.4,0.7,4,3.9492,0.9873,0.71455,-1548.7,0.40653,-6837.5,0.65074,3.8058,1.8104,0.083111,-6825.6,0.70372,0.085193,-6830.6,0.6511,3.6656,1.7957,-0.0048634,0.08309,5.0784,5288.9
4687508413319210368,27,13.4,0.7,8,7.8984,0.9873,0.71455,770.21,0.7381,-6153.6,0.7171,6.8339,1.7647,0.085285,-6091.7,1.1249,0.090225,-6146.7,0.7191,6.7451,1.7612,0.023976,0.085267,55.046,6923.8
4687508413319210368,27,13.4,0.7,16,15.797,0.9873,0.71455,3314,1.4199,-4776.6,0.34193,21.775,1.4311,0.095129,-4566.8,1.509,0.11781,-4769.8,0.34153,21.683,1.4292,0.062431,0.095083,203.03,8090.6
4687508413319210368,27,13.4,1.5,0.5,0.49365,0.9873,0.71455,-6328,0.11892,-7334.5,1.6823,0.49012,1.9743,0.08143,-7275.4,0.22786,0.083733,-7327.4,2.4518,0.32408,2.4616,-0.30986,0.081627,52.041,1006.5
4687508413319210368,27,13.4,1.5,1,0.9873,0.9873,0.71455,-4732.2,0.17927,-7063.8,1.6376,0.92294,2.0706,0.081707,-6993.3,0.57936,0.084061,-7056.2,1.7789,0.83409,2.1354,-0.28649,0.081772,62.843,2331.7
4687508413319210368,27,13.4,1.5,2,1.9746,0.9873,0.71455,-2148.9,0.34838,-6454.7,1.2446,2.2556,1.715,0.082473,-6314.4,1.0222,0.088333,-6447.7,1.3045,2.1276,1.7272,-0.077863,0.082514,133.34,4305.8
4687508413319210368,27,13.4,1.5,4,3.9492,0.9873,0.71455,1029.4,0.78899,-5628.4,1.3573,4.9887,1.9302,0.086866,-5484.5,1.4294,0.091599,-5621.5,1.3736,4.9073,1.934,0.0049696,0.086888,137.01,6657.8
4687508413319210368,27,13.4,1.5,8,7.8984,0.9873,0.71455,3013.4,1.3143,-4303.8,1.1266,9.1998,1.6348,0.0885,-4001.8,1.8126,0.11036,-4296.9,1.1318,9.1465,1.6355,-0.0032312,0.088518,295.08,7317.2
4687508413319210368,27,13.4,1.5,16,15.797,0.9873,0.71455,5730.2,2.6434,-3275.5,1.4262,16.361,1.9026,0.09414,-3027.4,2.101,0.11041,-3268.7,1.4273,16.341,1.9028,-0.00037558,0.094144,241.22,9005.8
4687508413319210368,27,13.4,3,0.5,0.49365,0.9873,0.71455,-5233.6,0.15757,-6936.2,2.6914,0.59554,2.1378,0.082334,-6759.9,0.72777,0.086202,-6927.7,2.8603,0.55789,2.2117,-0.44887,0.082423,167.83,1702.6
4687508413319210368,27,13.4,3,1,0.9873,0.9873,0.71455,-3167.7,0.26807,-6267.7,2.8826,1.0865,1.993,0.082801,-5962.8,1.2302,0.088909,-6261.1,3.1711,0.98564,2.0803,-0.13501,0.083077,298.23,3100
4687508413319210368,27,13.4,3,2,1.9746,0.9873,0.71455,-634.12,0.51434,-5142.6,2.7604,2.2064,1.8052,0.082736,-4690.3,1.6955,0.096507,-5136.8,3.1253,1.9479,1.8773,0.1898,0.083491,446.51,4508.4
4687508413319210368,27,13.4,3,4,3.9492,0.9873,0.71455,1747.8,0.94911,-3893.2,3.1145,3.8784,1.9641,0.088092,-3404.2,2.0328,0.10477,-3886.4,3.1492,3.8302,1.9703,0.010601,0.088204,482.14,5641
4687508413319210368,27,13.4,3,8,7.8984,0.9873,0.71455,4426.7,1.8904,-2006.2,3.1522,7.7719,1.9643,0.094378,-1458.6,2.388,0.12995,-1999.3,3.1574,7.7567,1.9651,-0.020102,0.094416,540.74,6432.9
4687508413319210368,27,13.4,3,16,15.797,0.9873,0.71455,7235.6,3.8932,349.11,2.84,16.813,1.8607,0.082215,992.48,2.7462,0.18449,356,2.8412,16.806,1.8608,-0.0049969,0.082242,636.48,6886.5
4687508413319210368,28,13.4,0.3,0.5,0.87692,1.7538,0.28674,-6377.5,0.12431,-7516.5,0.55987,0.92915,1.6904,0.08696,-7528.5,-0.067886,0.086533,-7512.5,1.0125,0.31781,10,-0.14219,0.086901,-16.037,1139
4687508413319210368,28,13.4,0.3,1,1.7538,1.7538,0.28674,-5740.3,0.14561,-7512.2,0.47565,1.3522,1.8643,0.086963,-7521.1,-0.026203,0.086051,-7508.4,1.0332,0.4231,10,-0.12657,0.086494,-12.675,1771.9
4687508413319210368,28,13.4,0.3,2,3.5077,1.7538,0.28674,-3929.8,0.22825,-7332.9,0.37433,2.8896,1.7376,0.087752,-7335.1,0.18181,0.086238,-7328.1,0.66902,1.5097,3.0368,0.038746,0.087247,-7.0353,3403.1
4687508413319210368,28,13.4,0.3,4,7.0154,1.7538,0.28674,-1282.4,0.4404,-6989.4,0.27748,7.4897,1.6918,0.090973,-6972,0.41039,0.088199,-6987.2,0.54652,3.9125,3.0607,0.27491,0.089818,15.176,5707
4687508413319210368,28,13.4,0.3,8,14.031,1.7538,0.28674,1503.7,0.87949,-5791,0.02,118.44,1.1764,0.10689,-5772.5,0.68593,0.10983,-5783.5,0.02,117.44,1.1765,-0.18741,0.10694,11.036,7294.6
4687508413319210368,28,13.4,0.3,16,28.062,1.7538,0.28674,4839.5,2.0132,-4838,0.093148,89.712,1.4226,0.12143,-4805.4,0.99467,0.11651,-4836.5,0.51706,18.535,2.8628,0.91394,0.12073,31.113,9677.5
4687508413319210368,28,13.4,0.7,0.5,0.87692,1.7538,0.28674,-6238.1,0.12868,-7423.1,1.0402,0.69731,1.854,0.086797,-7425.5,0.075553,0.086443,-7416,1.4299,0.47601,2.231,-0.29446,0.086892,-9.5178,1185.1
4687508413319210368,28,13.4,0.7,1,1.7538,1.7538,0.28674,-4242.5,0.21119,-7259.2,0.78937,1.6757,1.9968,0.087261,-7257.4,0.27717,0.085541,-7252,0.86308,1.4567,2.1801,-0.094931,0.087124,-5.3845,3016.7
4687508413319210368,28,13.4,0.7,2,3.5077,1.7538,0.28674,-866.07,0.48835,-6808.2,0.47345,5.7121,1.7411,0.089692,-6796.7,0.54984,0.086564,-6803.6,0.83487,3.0853,2.7496,0.41707,0.088554,6.8715,5942.1
4687508413319210368,28,13.4,0.7,4,7.0154,1.7538,0.28674,1005.3,0.77713,-6268.8,0.70819,6.9438,1.8962,0.093703,-6229.3,0.76682,0.088619,-6261.8,0.71769,6.8245,1.9102,-0.046134,0.093625,32.533,7274.1
4687508413319210368,28,13.4,0.7,8,14.031,1.7538,0.28674,3048.7,1.2907,-5161.1,0.79455,11.438,1.8662,0.10766,-5093.5,1.0444,0.096727,-5154.2,0.79873,11.371,1.872,0.027665,0.10761,60.644,8209.8
4687508413319210368,28,13.4,0.7,16,28.062,1.7538,0.28674,6155.2,2.7909,-1418.3,0.47401,32.928,1.4767,0.25119,-1418.2,1.4382,0.24133,-1411.4,0.47428,32.894,1.4769,0.0002713,0.25119,-6.781,7573.4
4687508413319210368,28,13.4,1.5,0.5,0.87692,1.7538,0.28674,-5135,0.16922,-7170.6,1.5586,0.85833,2.1515,0.087466,-7154.2,0.34296,0.086001,-7163.9,1.7966,0.72081,2.3632,-0.25064,0.087556,9.6522,2035.6
4687508413319210368,28,13.4,1.5,1,1.7538,1.7538,0.28674,-2878.4,0.29632,-6648.2,1.7457,1.5624,2.0958,0.088935,-6617.1,0.64853,0.085825,-6641.5,1.933,1.3818,2.202,-0.041739,0.088978,24.401,3769.8
4687508413319210368,28,13.4,1.5,2,3.5077,1.7538,0.28674,121.07,0.62397,-5839.5,1.4837,3.7341,1.9464,0.092654,-5803,0.94021,0.084749,-5832.4,1.5062,3.6649,1.9583,-0.046979,0.092647,29.481,5960.5
4687508413319210368,28,13.4,1.5,4,7.0154,1.7538,0.28674,2002.1,0.99535,-5157.8,1.7637,5.4833,2.0101,0.09031,-5070.8,1.1608,0.075314,-5150.7,1.7693,5.4601,2.013,-0.066198,0.090286,79.882,7159.9
4687508413319210368,28,13.4,1.5,8,14.031,1.7538,0.28674,5001.3,2.0958,-2297,1.4393,13.109,1.7035,0.14235,-2251,1.5352,0.11292,-2290,1.4415,13.085,1.7041,-0.0057258,0.14236,39.078,7298.3
4687508413319210368,28,13.4,1.5,16,28.062,1.7538,0.28674,8300.6,4.7541,-69.813,1.0211,37.023,1.6396,0.21784,-31.404,1.8083,0.15226,-62.896,1.0213,37.014,1.6397,-0.00098992,0.21784,31.492,8370.4
4687508413319210368,28,13.4,3,0.5,0.87692,1.7538,0.28674,-4033,0.22247,-6488.5,3.0123,0.85224,2.0243,0.088989,-6404.3,0.71756,0.087203,-6480.4,3.1362,0.81745,2.0687,-0.37391,0.089097,76.111,2455.5
4687508413319210368,28,13.4,3,1,1.7538,1.7538,0.28674,-1546.7,0.41243,-5623.3,2.9135,1.7072,1.8689,0.086899,-5526.9,1.0307,0.081879,-5618.7,3.368,1.4726,1.9791,0.11617,0.087625,91.779,4076.6
4687508413319210368,28,13.4,3,2,3.5077,1.7538,0.28674,1409.9,0.85924,-4150.8,3.0723,3.5056,1.9523,0.094039,-4034.5,1.3396,0.074056,-4145.6,3.5613,2.9745,2.0579,0.48771,0.095323,111.09,5560.7
4687508413319210368,28,13.4,3,4,7.0154,1.7538,0.28674,4365.3,1.7897,-1838,2.2074,8.8715,1.6993,0.12745,-1759.5,1.6305,0.091182,-1831.1,2.2107,8.8562,1.6999,-0.030217,0.12747,71.593,6203.4
4687508413319210368,28,13.4,3,8,14.031,1.7538,0.28674,7004.3,3.4459,361.22,2.627,15.438,1.8449,0.19576,476.83,1.9067,0.07031,368.13,2.6293,15.422,1.8453,0.0021772,0.19579,108.7,6643.1
4687508413319210368,28,13.4,3,16,28.062,1.7538,0.28674,9506.1,6.4127,2278.1,3.0187,26.818,1.9274,0.14851,2566.4,2.1403,3.7036e-05,2285,3.0197,26.808,1.9276,0.0033,0.14853,281.43,7228
4687508413319210368,67,13.4,0.3,0.5,1.3989,2.7977,0.22745,-1475.3,0.43411,-7280.6,0.02064,97.785,1.3482,0.10245,-7271.1,0.22812,0.10138,-7279.2,0.33092,5.2761,4.045,0.14044,0.10236,8.0925,5805.4
4687508413319210368,67,13.4,0.3,1,2.7977,2.7977,0.22745,-1251.1,0.45664,-7041.3,0.047704,33.904,1.2942,0.10512,-7044.4,0.30537,0.10468,-7040,0.3781,4.2995,10,0.25935,0.10532,-4.3776,5790.2
4687508413319210368,67,13.4,0.3,2,5.5954,2.7977,0.22745,-554.15,0.5344,-6893.6,0.061055,29.176,1.2785,0.10528,-6899.6,0.38986,0.10514,-6889.4,0.42667,4.0907,9.633,0.35756,0.1057,-10.165,6339.5
4687508413319210368,67,13.4,0.3,4,11.191,2.7977,0.22745,847.21,0.73314,-6658,0.21056,15.737,1.6932,0.11389,-6619.2,0.44845,0.11043,-6654.1,0.41707,8.2841,2.6895,0.29439,0.11259,34.911,7505.2
4687508413319210368,67,13.4,0.3,8,22.382,2.7977,0.22745,3825.6,1.4356,-5063.1,0.11301,50.431,1.3887,0.14028,-5058.9,0.80937,0.13771,-5057.4,0.44348,13.006,5.3318,0.77904,0.139,-1.5332,8888.7
4687508413319210368,67,13.4,0.3,16,44.764,2.7977,0.22745,6666.9,2.7256,80.488,0.26189,44.246,1.5722,0.5131,88.905,1.088,0.50497,87.517,0.26163,44.217,1.5729,-0.0091329,0.51307,1.3878,6586.4
4687508413319210368,67,13.4,0.7,0.5,1.3989,2.7977,0.22745,-1298.5,0.45178,-7235.3,0.13561,13.196,1.4789,0.10213,-7230,0.28297,0.10054,-7230.4,0.38183,4.8719,2.7995,0.19142,0.10164,0.30631,5936.7
4687508413319210368,67,13.4,0.7,1,2.7977,2.7977,0.22745,-601.65,0.5287,-6929.6,0.34935,7.1754,1.6596,0.10537,-6925.1,0.41919,0.10303,-6922.4,0.36547,6.7266,1.7011,-0.069695,0.10526,-2.6984,6327.9
4687508413319210368,67,13.4,0.7,2,5.5954,2.7977,0.22745,748.62,0.71701,-6256.6,0.5076,7.9403,1.7482,0.11554,-6239.8,0.61763,0.11168,-6249.5,0.51761,7.7176,1.7677,-0.048299,0.11545,9.7307,7005.3
4687508413319210368,67,13.4,0.7,4,11.191,2.7977,0.22745,3211.7,1.2499,-5666.7,0.63804,12.197,1.8447,0.11769,-5609.3,0.86375,0.10923,-5660.2,0.95746,7.7477,2.2768,0.6269,0.11594,50.896,8878.4
4687508413319210368,67,13.4,0.7,8,22.382,2.7977,0.22745,7661.1,3.411,-1277.6,0.44787,41.796,1.6214,0.30301,-1255.3,1.3067,0.28545,-1270.6,0.44845,41.723,1.6222,0.0029718,0.303,15.361,8938.7
4687508413319210368,67,13.4,0.7,16,44.764,2.7977,0.22745,9447.1,5.1038,-722.27,0.59477,51.273,1.795,0.32525,-641.77,1.4375,0.29565,-715.26,0.59523,51.227,1.7957,-0.0022067,0.32523,73.489,10169
4687508413319210368,67,13.4,1.5,0.5,1.3989,2.7977,0.22745,-497.34,0.54129,-6823.6,0.33363,7.2641,1.4544,0.10121,-6834.5,0.5199,0.10014,-6820.8,2.9087,0.37866,10,0.47542,0.10096,-13.738,6326.3
4687508413319210368,67,13.4,1.5,1,2.7977,2.7977,0.22745,386.87,0.66081,-5753.7,0.93908,4.8998,1.7152,0.11816,-5740.6,0.77751,0.11453,-5750.1,2.2355,1.6774,2.3288,0.54323,0.11816,9.4481,6140.6
4687508413319210368,67,13.4,1.5,2,5.5954,2.7977,0.22745,2961.1,1.1812,-4943.4,0.96435,9.0407,1.7225,0.11876,-4911.8,1.0386,0.10925,-4936.5,0.97736,8.8896,1.7281,0.013747,0.11875,24.676,7904.6
4687508413319210368,67,13.4,1.5,4,11.191,2.7977,0.22745,5124.2,1.9244,-2507.7,1.5002,11.485,1.9189,0.19763,-2429.7,1.326,0.17449,-2500.7,1.5081,11.411,1.9219,0.012254,0.19763,71.024,7631.9
4687508413319210368,67,13.4,1.5,8,22.382,2.7977,0.22745,7787,3.5093,-804.11,1.7077,19.732,1.9578,0.23727,-677.85,1.6094,0.17615,-797.13,1.7107,19.689,1.9588,0.012725,0.23728,119.28,8591.1
4687508413319210368,67,13.4,1.5,16,44.764,2.7977,0.22745,11031,7.2969,2552.3,1.5329,43.677,1.9392,0.55053,2660.8,1.9007,0.43807,2559.3,1.5334,43.66,1.9394,0.00086937,0.55053,101.41,8479
4687508413319210368,67,13.4,3,0.5,1.3989,2.7977,0.22745,-187.73,0.58046,-5908.5,1.0297,3.9888,1.5054,0.10187,-5882.9,0.85324,0.10067,-5927.4,3.4195,1.1887,2.212,0.43655,0.10546,44.434,5720.8
4687508413319210368,67,13.4,3,1,2.7977,2.7977,0.22745,812.28,0.72738,-4640.9,2.7863,3.1016,1.8704,0.10833,-4529.4,1.1646,0.096851,-4639.6,3.4466,2.4823,2.0198,0.31843,0.10988,110.17,5453.2
4687508413319210368,67,13.4,3,2,5.5954,2.7977,0.22745,3366.5,1.2943,-3143.9,2.9066,5.5126,1.9268,0.1193,-3010.5,1.4131,0.084353,-3137.1,2.9521,5.4184,1.9359,0.041068,0.1195,126.57,6510.4
4687508413319210368,67,13.4,3,4,11.191,2.7977,0.22745,6551.8,2.6557,-148.87,2.9545,11.094,1.9436,0.22566,2.5158,1.7154,0.15571,-147.48,3.7049,8.5724,2.0928,0.92017,0.2307,149.99,6700.7
4687508413319210368,67,13.4,3,8,22.382,2.7977,0.22745,9675,5.3731,2402.9,2.5762,24.523,1.8246,0.30257,2539,2.012,0.081603,2409.9,2.5774,24.509,1.8248,-0.0037657,0.3026,129.1,7272.1
4687508413319210368,67,13.4,3,16,44.764,2.7977,0.22745,12601,10.398,5509.8,2.7591,45.723,1.8776,0.6725,5662.2,2.3078,0.2881,5516.8,2.7597,45.712,1.8777,0.0014245,0.67252,145.34,7091.4
4687508413319210368,68,13.4,0.3,0.5,1.5057,3.0114,0.30046,-6123.4,0.15039,-7916.3,0.96661,0.92921,1.6166,0.087488,-7923.8,-0.17756,0.085853,-7909.5,2.0948,0.34242,2.9743,-0.31011,0.086978,-14.311,1792.9
4687508413319210368,68,13.4,0.3,1,3.0114,3.0114,0.30046,-4648.3,0.21035,-7968.3,0.155,4.1526,1.1964,0.085648,-7972.8,-0.17668,0.084708,-7965.3,0.19852,2.9219,10,-0.20492,0.085088,-7.4824,3320
4687508413319210368,68,13.4,0.3,2,6.0227,3.0114,0.30046,-2202.6,0.36691,-7535.9,0.1629,8.0521,1.2869,0.088755,-7522.7,0.036538,0.085933,-7528.7,0.19432,6.714,1.4429,-0.1647,0.088423,5.9446,5333.3
4687508413319210368,68,13.4,0.3,4,12.045,3.0114,0.30046,1541.8,0.85997,-6679.9,0.029521,106.64,1.2476,0.096345,-6612.3,0.30114,0.090191,-6678.5,0.32807,11.728,2.219,0.19051,0.094831,66.143,8221.8
4687508413319210368,68,13.4,0.3,8,24.091,3.0114,0.30046,4501.9,1.6862,-5183.1,0.02,293.92,1.2238,0.11733,-5099.8,0.55666,0.10754,-5178.4,0.25345,27.576,1.9107,0.45546,0.11579,78.59,9685
4687508413319210368,68,13.4,0.3,16,48.182,3.0114,0.30046,5717.7,2.2234,-3809.9,0.054507,154.77,1.2265,0.13285,-3753.7,0.77118,0.11766,-3814.8,0.56471,20.253,2.8145,0.71252,0.12771,61.064,9527.5
4687508413319210368,68,13.4,0.7,0.5,1.5057,3.0114,0.30046,-5020.3,0.19328,-7917.4,1.1139,1.2284,2.2372,0.087105,-7888.6,-0.09068,0.083362,-7909.2,1.1905,1.0927,2.546,-0.44327,0.086378,20.595,2897.1
4687508413319210368,68,13.4,0.7,1,3.0114,3.0114,0.30046,-2868,0.31537,-7638.1,0.8625,2.4526,1.9417,0.087597,-7596.7,0.065583,0.082362,-7630.2,0.95327,2.1838,2.1093,-0.35666,0.086918,33.479,4770.1
4687508413319210368,68,13.4,0.7,2,6.0227,3.0114,0.30046,337.78,0.65393,-6642.7,0.54403,7.0992,1.5425,0.092157,-6592.8,0.36998,0.082317,-6642.4,1.073,3.8512,2.4295,0.2287,0.088652,49.613,6980.5
4687508413319210368,68,13.4,0.7,4,12.045,3.0114,0.30046,3484.1,1.3377,-5579.8,0.50479,15.143,1.5723,0.10116,-5452.7,0.59617,0.081972,-5573.9,0.66415,11.972,1.7998,0.32244,0.098076,121.19,9063.9
4687508413319210368,68,13.4,0.7,8,24.091,3.0114,0.30046,6777.4,2.8296,-2929.5,0.25476,52.134,1.3496,0.13957,-2858.8,0.92687,0.10328,-2927.2,0.65853,23.59,2.0061,0.83643,0.12729,68.429,9706.9
4687508413319210368,68,13.4,0.7,16,48.182,3.0114,0.30046,9469,5.2195,-2061.6,0.4963,63.619,1.6928,0.186,-1650.3,1.0855,0.087851,-2055.7,0.6328,52.13,1.8756,0.70993,0.1759,405.36,11531
4687508413319210368,68,13.4,1.5,0.5,1.5057,3.0114,0.30046,-4045,0.24129,-7362.3,1.7999,1.2421,1.9345,0.087813,-7333.8,0.16679,0.082013,-7352.8,1.82,1.2148,1.9624,-0.53477,0.087676,18.983,3317.3
4687508413319210368,68,13.4,1.5,1,3.0114,3.0114,0.30046,-1135.3,0.46773,-6692.5,1.7591,2.5531,2.0358,0.090338,-6608.2,0.40003,0.077502,-6691.7,2.7885,1.4566,3.3227,0.18883,0.086256,83.513,5557.2
4687508413319210368,68,13.4,1.5,2,6.0227,3.0114,0.30046,2210.5,1.0012,-4956.2,1.5663,5.9933,1.876,0.11034,-4803,0.69962,0.081491,-4950.9,2.0045,4.6326,2.2734,0.41624,0.10502,147.89,7166.7
4687508413319210368,68,13.4,1.5,4,12.045,3.0114,0.30046,4871.8,1.8342,-3679.5,1.6214,10.68,1.9038,0.11948,-3424.5,0.92127,0.04585,-3672.6,1.6506,10.481,1.9228,0.06629,0.11879,248.07,8551.2
4687508413319210368,68,13.4,1.5,8,24.091,3.0114,0.30046,7839.6,3.6029,-854.45,1.4477,22.285,1.7451,0.18536,-654.42,1.2115,3.7386e-05,-847.51,1.4539,22.187,1.7483,0.03402,0.18515,193.09,8694
4687508413319210368,68,13.4,1.5,16,48.182,3.0114,0.30046,11281,7.8818,1013.9,1.1322,56.848,1.7268,0.21096,1480.8,1.4221,2.6204e-05,1020.9,1.1333,56.799,1.7276,0.010982,0.21079,459.85,10267
4687508413319210368,68,13.4,3,0.5,1.5057,3.0114,0.30046,-1946.8,0.38889,-6387,2.8375,1.6372,1.9348,0.086012,-6310.8,0.48358,0.073265,-6378.2,2.8835,1.6043,1.9509,-0.44579,0.085943,67.39,4440.2
4687508413319210368,68,13.4,3,1,3.0114,3.0114,0.30046,812.12,0.72844,-5067.4,2.8188,3.1368,1.9142,0.090338,-4938.8,0.73515,0.057623,-5061.5,3.0783,2.8371,1.988,0.04434,0.090157,122.62,5879.5
4687508413319210368,68,13.4,3,2,6.0227,3.0114,0.30046,3744.3,1.4193,-2987.4,2.6028,6.3475,1.8313,0.11303,-2849.6,0.99487,2.0265e-05,-2980.2,2.6327,6.2639,1.8393,-0.061974,0.11287,130.69,6731.7
4687508413319210368,68,13.4,3,4,12.045,3.0114,0.30046,6606,2.7213,-580.46,3.5956,10.374,2.142,0.16724,-144.65,1.2618,1.5268e-06,-573.33,3.6039,10.345,2.1449,-0.053911,0.16705,428.68,7186.4
4687508413319210368,68,13.4,3,8,24.091,3.0114,0.30046,10238,6.2174,2404.8,2.7523,27.137,1.906,0.23988,2858.7,1.558,2.9955e-05,2411.8,2.7563,27.091,1.907,0.018263,0.2398,446.89,7833.2
4687508413319210368,68,13.4,3,16,48.182,3.0114,0.30046,13195,12.184,5795.4,2.63,55.335,1.8407,0.5802,6132.8,1.8809,0.00012946,5802.4,2.6303,55.328,1.8408,-0.0027497,0.58014,330.42,7400.1
4687513910877142528,27,14.1,0.3,0.5,0.2724,0.5448,0.71455,-6639.2,0.10977,-7515.1,2.2909,0.3532,4.1273,0.079414,-7455.5,0.47194,0.079834,-7507.4,2.4018,0.32519,4.5455,-0.37022,0.079443,51.932,875.9
4687513910877142528,27,14.1,0.3,1,0.5448,0.5448,0.71455,-6459.9,0.11495,-7498.3,2.0161,0.42076,3.289,0.079331,-7451.7,0.47732,0.079843,-7493.1,2.3818,0.32694,4.4865,-0.1609,0.079482,41.442,1038.4
4687513910877142528,27,14.1,0.3,2,1.0896,0.5448,0.71455,-5609.1,0.14307,-7461.6,0.74397,1.0455,1.569,0.077928,-7443,0.49702,0.079754,-7456.2,2.6149,0.25906,5.3618,0.2082,0.079452,13.137,1852.4
4687513910877142528,27,14.1,0.3,4,2.1792,0.5448,0.71455,-5573.4,0.14439,-7392.1,0.86709,0.97516,1.5537,0.078194,-7358.3,0.55828,0.080729,-7384.9,0.96392,0.86121,1.581,-0.13864,0.078253,26.638,1818.8
4687513910877142528,27,14.1,0.3,8,4.3584,0.5448,0.71455,-3031.8,0.27761,-7215.5,0.1982,5.5897,1.3715,0.079879,-7208.2,0.64101,0.082796,-7209.7,0.02,24.795,1.0691,0.41931,0.078768,1.509,4183.7
4687513910877142528,27,14.1,0.3,16,8.7168,0.5448,0.71455,-446.77,0.53973,-6574.2,0.069692,26.067,1.2024,0.08058,-6469.7,1.0546,0.091758,-6567.9,0.023208,29.96,0.99178,0.72822,0.07796,98.221,6127.4
4687513910877142528,27,14.1,0.7,0.5,0.2724,0.5448,0.71455,-6604.7,0.11075,-7505,2.3168,0.357,4.182,0.079493,-7443,0.48778,0.079887,-7497.1,2.4094,0.33317,4.5317,-0.39062,0.079518,54.019,900.28
4687513910877142528,27,14.1,0.7,1,0.5448,0.5448,0.71455,-6403.2,0.11664,-7485.5,2.1656,0.41387,3.6405,0.07931,-7430.3,0.52,0.079703,-7477.5,2.2509,0.38925,3.8915,-0.37257,0.079348,47.232,1082.2
4687513910877142528,27,14.1,0.7,2,1.0896,0.5448,0.71455,-4837.8,0.17446,-7263.4,0.94865,1.2117,1.693,0.079027,-7230.8,0.68135,0.081561,-7256.4,0.99439,1.1172,1.6879,-0.052288,0.078998,25.663,2425.5
4687513910877142528,27,14.1,0.7,4,2.1792,0.5448,0.71455,-2638.2,0.30718,-7205.7,0.65897,2.8543,1.9032,0.079091,-7209.4,0.77627,0.08024,-7203,9.0309,0.058131,10,0.75011,0.078135,-6.4456,4567.5
4687513910877142528,27,14.1,0.7,8,4.3584,0.5448,0.71455,-1188.4,0.44601,-6594.3,0.75318,3.8481,1.6529,0.0808,-6519.9,1.1958,0.085909,-6587.5,0.75811,3.799,1.652,-0.0051796,0.080796,67.538,5406
4687513910877142528,27,14.1,0.7,16,8.7168,0.5448,0.71455,1563,0.90504,-5850.2,0.58787,9.6868,1.6346,0.08493,-5742.8,1.5182,0.093713,-5843.3,0.58778,9.6658,1.6336,0.017687,0.08492,100.49,7413.1
4687513910877142528,27,14.1,1.5,0.5,0.2724,0.5448,0.71455,-6295.4,0.11992,-7469.9,2.0294,0.44786,3.7383,0.079772,-7424.7,0.51229,0.079939,-7462.4,2.1408,0.4094,4.1307,-0.28727,0.079833,37.673,1174.5
4687513910877142528,27,14.1,1.5,1,0.5448,0.5448,0.71455,-5683.3,0.14036,-7336.4,1.4814,0.71105,1.8013,0.078092,-7270,0.67533,0.080771,-7329.2,1.6396,0.63797,1.868,-0.18432,0.078197,59.125,1653.1
4687513910877142528,27,14.1,1.5,2,1.0896,0.5448,0.71455,-4212.1,0.20492,-7055,1.6112,1.1063,1.9266,0.078303,-6954.8,0.98031,0.081531,-7047.6,1.6344,1.0832,1.9299,-0.19069,0.078301,92.86,2842.9
4687513910877142528,27,14.1,1.5,4,2.1792,0.5448,0.71455,-1728.7,0.38813,-6628.6,1.5938,2.231,2.0498,0.077941,-6511.6,1.3385,0.080847,-6621.5,1.6041,2.2095,2.0521,-0.071197,0.077945,109.98,4899.8
4687513910877142528,27,14.1,1.5,8,4.3584,0.5448,0.71455,234.65,0.64312,-5848.7,1.8311,3.4706,2.0827,0.081975,-5678.9,1.6847,0.085859,-5841.8,1.8418,3.4442,2.0857,0.0047065,0.08199,162.92,6083.4
4687513910877142528,27,14.1,1.5,16,8.7168,0.5448,0.71455,3423.2,1.4604,-4367.4,1.1754,10.177,1.6797,0.07818,-4050,2.1368,0.099913,-4360.5,1.1763,10.166,1.6797,-0.0026203,0.078182,310.53,7790.6
4687513910877142528,27,14.1,3,0.5,0.2724,0.5448,0.71455,-5986.6,0.12983,-7279.5,2.1204,0.52227,1.8034,0.078036,-7163.2,0.71241,0.082551,-7271.2,2.1883,0.50542,1.8218,-0.40278,0.078052,107.98,1292.9
4687513910877142528,27,14.1,3,1,0.5448,0.5448,0.71455,-5214.6,0.15835,-7013.3,3.0555,0.5714,2.0362,0.077549,-6764.2,1.0932,0.083019,-7005.8,3.211,0.54406,2.0915,-0.26757,0.077626,241.58,1798.8
4687513910877142528,27,14.1,3,2,1.0896,0.5448,0.71455,-2694.4,0.30278,-6217.3,2.5792,1.3262,1.8201,0.078078,-5891.5,1.556,0.087327,-6210.1,2.6273,1.3011,1.8305,-0.1186,0.07813,318.59,3522.9
4687513910877142528,27,14.1,3,4,2.1792,0.5448,0.71455,-582.72,0.52119,-5306.3,3.2206,2.0758,1.9935,0.077896,-4864.8,1.9813,0.087664,-5300.1,3.4531,1.9263,2.0449,0.34239,0.078357,435.27,4723.6
4687513910877142528,27,14.1,3,8,4.3584,0.5448,0.71455,2048.7,1.0255,-3935.7,2.9402,4.3054,1.921,0.078368,-3431.2,2.3293,0.096727,-3928.9,2.9548,4.2817,1.9235,0.056062,0.078424,497.69,5984.4
4687513910877142528,27,14.1,3,16,8.7168,0.5448,0.71455,4662.4,2.0085,-2045.2,2.9887,8.3952,1.9447,0.086847,-1493.4,2.6657,0.12046,-2038.3,2.9909,8.3881,1.9451,0.0031838,0.086864,544.97,6707.6
4687513910877142528,28,14.1,0.3,0.5,0.6318,1.2636,0.28674,-6189.6,0.13024,-6795.9,0.77601,0.5876,10,0.10805,-6789.6,0.022057,0.10605,-6789,0.7819,0.53884,10,-0.38532,0.10748,-0.59879,606.26
4687513910877142528,28,14.1,0.3,1,1.2636,1.2636,0.28674,-5799.3,0.14349,-6753.6,0.41575,1.2412,1.638,0.10644,-6767.1,0.088025,0.10569,-6752.3,0.77809,0.50442,10,-0.019512,0.1063,-14.81,954.26
4687513910877142528,28,14.1,0.3,2,2.5272,1.2636,0.28674,-4118.4,0.2178,-6610.3,0.02,24.571,1.0904,0.10506,-6617.6,0.27947,0.10623,-6603.1,0.555,1.2158,6.8482,0.20667,0.10696,-14.516,2491.9
4687513910877142528,28,14.1,0.3,4,5.0544,1.2636,0.28674,-2071.4,0.36205,-6474.6,0.11407,12.072,1.4369,0.10744,-6469.5,0.45116,0.10582,-6470.6,0.40603,3.77,2.8356,0.31442,0.10734,1.1234,4403.1
4687513910877142528,28,14.1,0.3,8,10.109,1.2636,0.28674,-5.8499,0.60461,-5678.9,0.02,82.71,1.1125,0.11118,-5675,0.78247,0.11634,-5671.8,0.02,81.164,1.1104,-0.072614,0.11118,-3.2422,5673
4687513910877142528,28,14.1,0.3,16,20.218,1.2636,0.28674,4197.1,1.7165,-3479.4,0.02,239.58,1.1397,0.16334,-3470.8,1.2187,0.17349,-3472.5,0.02,238.83,1.1394,-0.0077185,0.16335,1.6969,7676.5
4687513910877142528,28,14.1,0.7,0.5,0.6318,1.2636,0.28674,-5730.7,0.14596,-6707,0.47283,1.1778,1.3956,0.10527,-6718.8,0.17312,0.10557,-6708.3,0.866,0.55229,10,0.039464,0.10657,-10.451,976.35
4687513910877142528,28,14.1,0.7,1,1.2636,1.2636,0.28674,-4949,0.17722,-6600.3,0.37312,1.8679,1.2771,0.10434,-6610.5,0.32817,0.10525,-6593.4,0.093807,0.73453,0.61121,0.27046,0.10106,-17.032,1651.3
4687513910877142528,28,14.1,0.7,2,2.5272,1.2636,0.28674,-2459.9,0.32876,-6424.5,0.41839,3.8976,1.5979,0.10502,-6433.4,0.55089,0.10331,-6419.3,1.0985,1.1371,3.3436,0.46943,0.10436,-14.076,3964.5
4687513910877142528,28,14.1,0.7,4,5.0544,1.2636,0.28674,75.166,0.6169,-6051,0.7845,5.2797,2.0693,0.10669,-6014.9,0.83701,0.10099,-6044.7,0.95278,4.2305,2.4209,0.51904,0.10563,29.829,6126.2
4687513910877142528,28,14.1,0.7,8,10.109,1.2636,0.28674,2873.7,1.2358,-4971.9,0.22428,24.659,1.392,0.11445,-4976.1,1.1147,0.11217,-4966.1,0.91723,5.4303,3.0132,1.074,0.11451,-9.9523,7845.6
4687513910877142528,28,14.1,0.7,16,20.218,1.2636,0.28674,5516.7,2.3819,-4417.5,0.39772,32.23,1.6225,0.11405,-4369.8,1.333,0.10117,-4416.1,1.1097,11.61,2.985,1.2446,0.1083,46.381,9934.2
4687513910877142528,28,14.1,1.5,0.5,0.6318,1.2636,0.28674,-5257.6,0.16415,-6514.8,0.78663,1.0476,1.2065,0.10207,-6497,0.43863,0.10541,-6507.3,0.89004,0.92224,1.2165,-0.22071,0.10207,10.285,1257.1
4687513910877142528,28,14.1,1.5,1,1.2636,1.2636,0.28674,-3640.4,0.24525,-6248.1,1.3689,1.4127,1.7015,0.10297,-6231.1,0.70832,0.10214,-6240.9,1.4355,1.3407,1.728,-0.15698,0.10304,9.7375,2607.7
4687513910877142528,28,14.1,1.5,2,2.5272,1.2636,0.28674,-807.13,0.49555,-5769.9,1.0347,3.6257,1.7173,0.10412,-5759.7,0.95062,0.10038,-5762.9,1.046,3.5722,1.7231,-0.037951,0.10413,3.1732,4962.8
4687513910877142528,28,14.1,1.5,4,5.0544,1.2636,0.28674,1024.5,0.78084,-4770.3,1.6526,4.4526,1.9011,0.11445,-4719.8,1.2303,0.10549,-4763.3,1.6617,4.422,1.9045,-0.027293,0.11445,43.53,5794.7
4687513910877142528,28,14.1,1.5,8,10.109,1.2636,0.28674,4503.4,1.8521,-3229.2,1.454,11.369,1.9718,0.14771,-3128.2,1.5007,0.12607,-3222.3,1.4558,11.35,1.9727,-0.0012067,0.1477,94.081,7732.6
4687513910877142528,28,14.1,1.5,16,20.218,1.2636,0.28674,6786.5,3.2645,-1554,1.2344,22.986,1.7205,0.14814,-1488.3,1.8067,0.092077,-1547.1,1.2346,22.982,1.7206,-0.002206,0.14814,58.821,8340.5
4687513910877142528,28,14.1,3,0.5,0.6318,1.2636,0.28674,-4170.9,0.21499,-6183.7,1.6479,1.0692,1.4913,0.10157,-6135.9,0.73496,0.10365,-6176.1,1.7431,1.0147,1.5137,-0.2348,0.10167,40.24,2012.8
4687513910877142528,28,14.1,3,1,1.2636,1.2636,0.28674,-2285.2,0.34333,-5545.6,2.5398,1.4962,1.7724,0.10137,-5467.5,1.0594,0.099582,-5538.3,2.5968,1.4632,1.7862,-0.16561,0.10145,70.834,3260.4
4687513910877142528,28,14.1,3,2,2.5272,1.2636,0.28674,151.98,0.62877,-4514.5,3.0695,2.5625,1.9898,0.10721,-4408.4,1.3473,0.095765,-4507.5,3.0985,2.536,1.997,-0.058587,0.10727,99.112,4666.5
4687513910877142528,28,14.1,3,4,5.0544,1.2636,0.28674,2799.2,1.2132,-2608.7,3.1052,4.9378,2.0769,0.15751,-2486.8,1.6074,0.13074,-2601.8,3.1172,4.9159,2.0798,0.006746,0.15754,115.02,5408
4687513910877142528,28,14.1,3,8,10.109,1.2636,0.28674,5661.5,2.469,-1428.4,2.8697,10.534,1.9283,0.099462,-1253.6,1.8716,1e-06,-1421.5,2.8725,10.522,1.9288,0.0083446,0.09948,167.91,7089.9
4687513910877142528,28,14.1,3,16,20.218,1.2636,0.28674,8439,4.9203,1544.3,2.8662,21.272,1.8997,0.20502,1716.3,2.1911,4.0248e-05,1551.3,2.8667,21.268,1.8997,-0.001436,0.20502,165.09,6894.6
4687513910877142528,67,14.1,0.3,0.5,1.1205,2.241,0.20892,-1381.8,0.43991,-5256.5,1.0981,2.9929,1.8259,0.14401,-5244.5,0.73275,0.13978,-5249.4,1.1378,2.8674,1.8515,-0.085083,0.14401,4.9168,3874.7
4687513910877142528,67,14.1,0.3,1,2.241,2.241,0.20892,-1169.9,0.46201,-5336,0.94791,3.4255,1.7597,0.14091,-5327.8,0.72496,0.13707,-5329,0.99589,3.2277,1.7899,-0.021068,0.14092,1.2531,4166.1
4687513910877142528,67,14.1,0.3,2,4.4821,2.241,0.20892,-513.31,0.53777,-4692,0.92035,4.0478,1.7665,0.1645,-4682.7,0.77876,0.16015,-4685.3,0.98702,3.7277,1.8093,0.077558,0.16453,2.5146,4178.7
4687513910877142528,67,14.1,0.3,4,8.9641,2.241,0.20892,774.3,0.7243,-4783.6,0.65514,6.7003,1.6983,0.15712,-4776.5,0.8181,0.15194,-4776.6,0.66673,6.5448,1.7093,-0.0081308,0.15708,0.084726,5557.9
4687513910877142528,67,14.1,0.3,8,17.928,2.241,0.20892,4207.8,1.6024,-3108.9,0.074602,63.164,1.1572,0.19634,-3113.3,1.0988,0.20341,-3101.9,0.073778,63.554,1.1563,0.0015428,0.19633,-11.466,7316.6
4687513910877142528,67,14.1,0.3,16,35.857,2.241,0.20892,6986.1,3.0466,-723.47,0.18355,64.872,1.413,0.38752,-716.35,1.2582,0.3792,-716.48,0.18355,64.828,1.4134,-0.00068342,0.38751,0.12952,7709.5
4687513910877142528,67,14.1,0.7,0.5,1.1205,2.241,0.20892,-1115.7,0.46784,-5281.5,1.0506,3.2784,1.8406,0.14265,-5268.6,0.74042,0.13814,-5275.1,1.1671,2.9046,1.9175,0.093842,0.1427,6.4818,4165.9
4687513910877142528,67,14.1,0.7,1,2.241,2.241,0.20892,-756.58,0.50835,-5025.1,1.0133,3.6814,1.842,0.15128,-5012,0.77198,0.14604,-5017.9,1.0242,3.6235,1.8524,-0.1155,0.15124,5.8514,4268.5
4687513910877142528,67,14.1,0.7,2,4.4821,2.241,0.20892,440.02,0.67042,-4353.5,0.79367,5.6544,1.6345,0.16986,-4350.7,0.89045,0.16415,-4346.4,0.80235,5.5708,1.6407,-0.043497,0.16986,-4.313,4793.5
4687513910877142528,67,14.1,0.7,4,8.9641,2.241,0.20892,3322,1.3056,-2654.4,0.60905,13.04,1.6118,0.24496,-2647.1,1.1004,0.23595,-2647.4,0.61038,12.991,1.6135,-0.011018,0.24494,0.33457,5976.4
4687513910877142528,67,14.1,0.7,8,17.928,2.241,0.20892,4969.9,1.9113,-1350.4,1.072,13.563,2.1253,0.33748,-1277.4,1.2577,0.31824,-1343.4,1.0759,13.503,2.1295,0.0046543,0.33745,66.008,6320.3
4687513910877142528,67,14.1,0.7,16,35.857,2.241,0.20892,9407.9,5.3342,2399.9,0.49287,64.648,1.5999,0.75637,2421.3,1.6756,0.71449,2406.9,0.49297,64.631,1.6001,0.00088257,0.75636,14.419,7008
4687513910877142528,67,14.1,1.5,0.5,1.1205,2.241,0.20892,-713.45,0.51344,-5061.3,1.1487,3.4565,1.9222,0.14868,-5040.2,0.78893,0.14322,-5054,1.1589,3.4107,1.9316,-0.14148,0.14864,13.796,4347.9
4687513910877142528,67,14.1,1.5,1,2.241,2.241,0.20892,281.51,0.64629,-4234.9,1.065,4.5806,1.6195,0.1662,-4221.5,0.963,0.16112,-4227.8,1.0846,4.485,1.6272,-0.050897,0.16624,6.3387,4516.4
4687513910877142528,67,14.1,1.5,2,4.4821,2.241,0.20892,2290.1,1.0284,-3348.3,1.4606,6.1979,1.9413,0.19418,-3298.5,1.1525,0.17999,-3341.4,1.4799,6.1033,1.951,0.031348,0.19419,42.908,5638.4
4687513910877142528,67,14.1,1.5,4,8.9641,2.241,0.20892,4684.6,1.7892,-1211.1,1.3226,11.482,1.6544,0.27659,-1174,1.453,0.25773,-1204,1.3247,11.459,1.655,-0.020663,0.27659,29.988,5895.7
4687513910877142528,67,14.1,1.5,8,17.928,2.241,0.20892,7651,3.553,1205.8,1.336,22.915,1.8662,0.5184,1262,1.6814,0.46512,1212.8,1.3375,22.885,1.8669,0.0058926,0.51841,49.197,6445.1
4687513910877142528,67,14.1,1.5,16,35.857,2.241,0.20892,11194,8.0624,4449.3,0.86981,67.353,1.5828,1.0296,4473.5,2.0228,0.94322,4456.3,0.86978,67.351,1.5828,-0.00064269,1.0296,17.235,6744.8
4687513910877142528,67,14.1,3,0.5,1.1205,2.241,0.20892,77.027,0.61644,-4412.5,1.2695,3.9621,1.6276,0.15334,-4391.1,0.98901,0.14866,-4405.3,1.2863,3.9023,1.633,-0.10289,0.15337,14.152,4489.5
4687513910877142528,67,14.1,3,1,2.241,2.241,0.20892,585.12,0.6933,-3846.1,2.9194,2.8713,1.9746,0.15053,-3746.6,1.2164,0.13657,-3839.9,3.0846,2.7108,2.0216,0.11889,0.15096,93.261,4431.2
4687513910877142528,67,14.1,3,2,4.4821,2.241,0.20892,3487.6,1.3566,-1411.9,2.6897,5.8959,1.9239,0.25255,-1314.1,1.4853,0.22698,-1405.2,2.7463,5.7689,1.9385,0.16301,0.2528,91.1,4899.5
4687513910877142528,67,14.1,3,4,8.9641,2.241,0.20892,6034.9,2.445,637.09,3.9882,8.7232,2.4738,0.37578,864.78,1.7847,0.2938,644.18,3.99,8.7177,2.4745,-0.049053,0.37578,220.61,5397.8
4687513910877142528,67,14.1,3,8,17.928,2.241,0.20892,9305.8,5.2097,3400.9,3.3443,20.609,2.1172,0.62205,3572.8,2.1024,0.4325,3407.9,3.3453,20.601,2.1175,-0.0028916,0.62206,164.92,5904.9
4687513910877142528,67,14.1,3,16,35.857,2.241,0.20892,11991,9.6931,6792.7,3.4465,37.554,1.9967,1.3978,6957,2.4098,1.126,6799.6,3.4472,37.545,1.9969,0.0024421,1.3978,157.31,5197.9
4687513910877142528,68,14.1,0.3,0.5,1.0003,2.0006,0.30046,-1384.9,0.44192,-6815.6,1.0349,3.1893,1.6892,0.091827,-6777.4,0.48287,0.084586,-6808.2,1.0597,3.0884,1.7145,-0.17664,0.091622,30.767,5430.7
4687513910877142528,68,14.1,0.3,1,2.0006,2.0006,0.30046,-1334.3,0.44703,-6905.6,1.002,3.287,1.7134,0.090767,-6860.5,0.4699,0.08353,-6898.2,1.0316,3.1669,1.7444,-0.17026,0.090537,37.66,5571.3
4687513910877142528,68,14.1,0.3,2,4.0012,2.0006,0.30046,-471.89,0.54393,-6581.5,0.76307,4.6148,1.5646,0.094011,-6551.2,0.52474,0.086637,-6574.2,0.7874,4.4366,1.5882,-0.10678,0.093814,23.019,6109.6
4687513910877142528,68,14.1,0.3,4,8.0024,2.0006,0.30046,232.96,0.63852,-6137.5,0.59133,6.3289,1.4667,0.10158,-6115.8,0.58002,0.093898,-6130.4,0.6072,6.1118,1.4857,-0.037587,0.10141,14.691,6370.5
4687513910877142528,68,14.1,0.3,8,16.005,2.0006,0.30046,1814.5,0.915,-6483.9,0.38421,12.52,1.5433,0.094428,-6372.8,0.58711,0.083873,-6477.1,0.42186,11.535,1.6143,0.13043,0.093786,104.28,8298.4
4687513910877142528,68,14.1,0.3,16,32.01,2.0006,0.30046,6163.9,2.461,-3181.4,0.053472,143.19,1.1606,0.1377,-3156.5,1.0196,0.12893,-3174.3,0.05326,143.6,1.1613,-0.010454,0.13775,17.848,9345.2
4687513910877142528,68,14.1,0.7,0.5,1.0003,2.0006,0.30046,-1300.5,0.45049,-6796.1,0.99962,3.3212,1.6783,0.092161,-6757.9,0.48606,0.084816,-6788.6,1.0238,3.2158,1.7043,-0.16352,0.091948,30.751,5495.6
4687513910877142528,68,14.1,0.7,1,2.0006,2.0006,0.30046,-643.19,0.52314,-6765.6,0.85339,4.2004,1.6666,0.092216,-6715.1,0.49889,0.084635,-6758.1,0.87025,4.0956,1.6879,-0.18286,0.092011,43.018,6122.4
4687513910877142528,68,14.1,0.7,2,4.0012,2.0006,0.30046,-496.4,0.5409,-6809.5,0.9936,3.9934,1.7834,0.09107,-6736.5,0.51341,0.082206,-6802.2,1.0368,3.8056,1.8261,-0.12165,0.090762,65.703,6313.1
4687513910877142528,68,14.1,0.7,4,8.0024,2.0006,0.30046,2117.5,0.9803,-5972.9,0.59707,10.133,1.6157,0.10002,-5868.3,0.68711,0.084716,-5968.4,0.87215,7.2964,2.0269,0.46814,0.096318,100.13,8090.5
4687513910877142528,68,14.1,0.7,8,16.005,2.0006,0.30046,4968.1,1.8749,-3438.2,0.56908,19.322,1.5565,0.16738,-3338.3,0.95668,0.14309,-3431.2,0.57295,19.195,1.5618,-0.0084356,0.16725,92.874,8406.4
4687513910877142528,68,14.1,0.7,16,32.01,2.0006,0.30046,7063.8,3.0201,-1453,0.58471,31.682,1.5848,0.26059,-1332,1.1706,0.21557,-1446,0.58658,31.587,1.5873,0.011446,0.2605,114.06,8516.8
4687513910877142528,68,14.1,1.5,0.5,1.0003,2.0006,0.30046,-1184.2,0.46256,-6741.7,1.1784,3.1192,1.7804,0.092637,-6686.9,0.50928,0.08426,-6734.2,1.1994,3.0456,1.8034,-0.20187,0.092427,47.253,5557.4
4687513910877142528,68,14.1,1.5,1,2.0006,2.0006,0.30046,-641.07,0.52339,-6540.1,1.2859,3.3733,1.7918,0.092367,-6475.1,0.57578,0.082129,-6532.7,1.3158,3.2787,1.8163,-0.15311,0.092147,57.626,5899
4687513910877142528,68,14.1,1.5,2,4.0012,2.0006,0.30046,856.11,0.73576,-5664.4,1.4853,4.3987,1.8284,0.10234,-5567.9,0.73741,0.086017,-5657.2,1.519,4.2858,1.8491,-0.070794,0.10211,89.299,6520.5
4687513910877142528,68,14.1,1.5,4,8.0024,2.0006,0.30046,3586.5,1.3693,-4652,1.3897,8.7243,1.8486,0.10727,-4451.4,0.95805,0.065925,-4646.3,1.7611,6.9143,2.1667,0.64889,0.10087,194.9,8238.5
4687513910877142528,68,14.1,1.5,8,16.005,2.0006,0.30046,6820.7,2.8576,-2013.6,1.1987,19.44,1.6681,0.14514,-1853.4,1.2706,0.00064584,-2006.7,1.2019,19.384,1.6699,0.010441,0.14504,153.25,8834.3
4687513910877142528,68,14.1,1.5,16,32.01,2.0006,0.30046,9735.8,5.5461,590.58,1.344,36.251,1.8546,0.30967,865.79,1.5358,0.052413,597.56,1.3451,36.225,1.8554,0.012304,0.30958,268.23,9145.2
4687513910877142528,68,14.1,3,0.5,1.0003,2.0006,0.30046,-716.91,0.51444,-6294.1,1.477,3.0579,1.692,0.090652,-6251.8,0.6358,0.08009,-6286.5,1.4956,3.0047,1.7027,-0.19489,0.090526,34.735,5577.2
4687513910877142528,68,14.1,3,1,2.0006,2.0006,0.30046,333.06,0.65323,-5296.5,2.1061,3.1971,1.7164,0.095265,-5239.8,0.8233,0.077342,-5289.5,2.1832,3.0714,1.7372,-0.028173,0.095222,49.642,5629.6
4687513910877142528,68,14.1,3,2,4.0012,2.0006,0.30046,2600.3,1.0941,-3898.6,3.0613,4.5295,2.0636,0.10989,-3666.8,1.0663,0.05319,-3891.4,3.076,4.5026,2.0691,-0.11367,0.10977,224.57,6499
4687513910877142528,68,14.1,3,4,8.0024,2.0006,0.30046,5427,2.0812,-1774,3.0886,8.5186,2.0053,0.1332,-1479.9,1.3075,2.3269e-05,-1767,3.1011,8.4783,2.0087,0.010952,0.1331,287.08,7201
4687513910877142528,68,14.1,3,8,16.005,2.0006,0.30046,8159.4,3.8749,1014.2,3.3321,15.244,2.1111,0.27023,1331.3,1.5848,4.059e-05,1021.2,3.3357,15.225,2.1122,0.0029068,0.27017,310.04,7145.2
4687513910877142528,68,14.1,3,16,32.01,2.0006,0.30046,11069,7.5106,3580.2,2.9377,32.057,1.8711,0.24013,4076.2,1.8555,5.6987e-05,3587.2,2.9385,32.047,1.8713,0.00053208,0.24009,489.06,7488.5
4688962517474878720,27,13.5,0.3,0.5,0.35018,0.70036,0.92175,-5099.1,0.16312,-5461.7,0.16183,1.534,0.91161,0.13823,-5461.7,-0.03604,0.14221,-5453.7,0.053003,2.3723,0.78177,-0.38616,0.13769,-8.0741,362.6
4688962517474878720,27,13.5,0.3,1,0.70036,0.70036,0.92175,-5023.9,0.16631,-5450.4,0.19542,1.517,0.9677,0.13857,-5451.7,-0.0072311,0.1422,-5443.3,0.02,4.0946,0.7446,-0.27951,0.13766,-8.4436,426.57
4688962517474878720,27,13.5,0.3,2,1.4007,0.70036,0.92175,-4418.6,0.19432,-5398.7,0.15631,2.9435,1.1252,0.13951,-5398,0.13849,0.142,-5391.2,0.064044,4.8585,1.0084,-0.25344,0.13928,-6.7862,980.1
4688962517474878720,27,13.5,0.3,4,2.8014,0.70036,0.92175,-3354.7,0.25548,-5372.6,0.11265,6.5166,1.2672,0.13957,-5358.2,0.2804,0.1409,-5365,0.081788,8.1796,1.2297,-0.27177,0.13959,6.784,2017.9
4688962517474878720,27,13.5,0.3,8,5.6029,0.70036,0.92175,-1592.8,0.40194,-5266.5,0.21062,7.7758,1.5711,0.1402,-5244.3,0.481,0.14074,-5259.2,0.19652,8.1229,1.5638,-0.1619,0.14027,14.912,3673.6
4688962517474878720,27,13.5,0.3,16,11.206,0.70036,0.92175,53.213,0.6138,-5040.5,0.26319,10.828,1.66,0.1425,-5017.7,0.68134,0.14398,-5033.3,0.25444,11.021,1.6503,-0.11311,0.14251,15.646,5093.7
4688962517474878720,27,13.5,0.7,0.5,0.35018,0.70036,0.92175,-5033.8,0.16589,-5443.8,0.27309,1.262,1.0066,0.13863,-5444.3,-0.0034925,0.14243,-5436.1,0.11546,1.6341,0.83686,-0.3158,0.13796,-8.1546,410.01
4688962517474878720,27,13.5,0.7,1,0.70036,0.70036,0.92175,-4817.6,0.17537,-5414.5,0.52281,1.1121,1.2861,0.13931,-5418.5,0.087053,0.14206,-5407.3,0.40366,1.0338,1.1019,-0.18448,0.1389,-11.215,596.93
4688962517474878720,27,13.5,0.7,2,1.4007,0.70036,0.92175,-4238.8,0.20352,-5328,0.80659,1.2479,1.7273,0.14056,-5335.2,0.25634,0.14226,-5321.7,0.59432,0.72708,1.0924,0.15221,0.13921,-13.548,1089.3
4688962517474878720,27,13.5,0.7,4,2.8014,0.70036,0.92175,-2282.1,0.33664,-5150.2,0.53277,3.1631,1.5627,0.13942,-5147.7,0.57364,0.14204,-5143.2,0.50004,3.1907,1.5244,-0.068729,0.13935,-4.577,2868.1
4688962517474878720,27,13.5,0.7,8,5.6029,0.70036,0.92175,-188.28,0.57684,-4706.3,0.54102,6.1861,1.5869,0.14336,-4678,0.8777,0.15102,-4711,7.9692,0.18194,10,0.79094,0.14433,33.027,4518
4688962517474878720,27,13.5,0.7,16,11.206,0.70036,0.92175,2629.1,1.1906,-3843.2,0.38887,16.763,1.4677,0.15266,-3744.6,1.302,0.1721,-3854,0.072842,7.2264,0.7353,1.1125,0.12201,109.35,6472.3
4688962517474878720,27,13.5,1.5,0.5,0.35018,0.70036,0.92175,-4864.9,0.17325,-5379.2,0.91234,0.7893,1.3063,0.13853,-5360.2,0.15853,0.14311,-5372.2,3.198,0.24203,4.4711,-0.058814,0.14062,12.012,514.29
4688962517474878720,27,13.5,1.5,1,0.70036,0.70036,0.92175,-4133.3,0.20912,-5244.2,1.4091,0.96416,2.0354,0.14078,-5225.9,0.41165,0.14317,-5237.4,1.8764,0.67228,2.3928,-0.0024676,0.14115,11.53,1110.9
4688962517474878720,27,13.5,1.5,2,1.4007,0.70036,0.92175,-2574.4,0.31226,-4957.2,1.2914,1.8112,1.8005,0.14052,-4900.2,0.77975,0.14541,-4950.3,1.4214,1.6152,1.8468,0.016871,0.14065,50.035,2382.7
4688962517474878720,27,13.5,1.5,4,2.8014,0.70036,0.92175,-585.01,0.52088,-4508.1,2.1184,2.4997,2.5261,0.14447,-4412.5,1.1961,0.14685,-4501,2.1323,2.4734,2.5322,-0.1046,0.14448,88.505,3923.1
4688962517474878720,27,13.5,1.5,8,5.6029,0.70036,0.92175,1900.9,0.98722,-3684.3,1.3741,6.3199,1.7629,0.14408,-3493.9,1.5763,0.16225,-3677.4,1.3772,6.2953,1.7627,-0.017145,0.14408,183.42,5585.2
4688962517474878720,27,13.5,1.5,16,11.206,0.70036,0.92175,4361.7,1.8591,-2712.3,1.5591,11.23,1.8993,0.15347,-2478.2,1.9411,0.17491,-2705.4,1.5603,11.216,1.8994,-0.0078555,0.15347,227.2,7074
4688962517474878720,27,13.5,3,0.5,0.35018,0.70036,0.92175,-4578,0.18652,-5260.4,1.026,0.88221,1.2419,0.13834,-5216.7,0.26434,0.14677,-5253.5,3.418,0.33253,1.9177,0.0050304,0.13956,36.784,682.34
4688962517474878720,27,13.5,3,1,0.70036,0.70036,0.92175,-3839.4,0.22554,-4941.3,3.7445,0.6594,2.3442,0.13986,-4711.4,0.89569,0.14883,-4934.6,4.1568,0.59039,2.5986,-0.1972,0.14027,223.22,1101.9
4688962517474878720,27,13.5,3,2,1.4007,0.70036,0.92175,-1879.4,0.37339,-4368,3.5373,1.3302,2.1947,0.1408,-4048.8,1.3791,0.15137,-4360.8,3.6456,1.2878,2.2321,-0.13205,0.14095,312.06,2488.6
4688962517474878720,27,13.5,3,4,2.8014,0.70036,0.92175,363.3,0.66476,-3474.5,3.4258,2.5413,1.9767,0.14041,-3007.4,1.8258,0.16032,-3467.4,3.4529,2.5201,1.9825,-0.10132,0.14048,459.98,3837.8
4688962517474878720,27,13.5,3,8,5.6029,0.70036,0.92175,3088.1,1.3398,-2201.7,2.8666,5.782,1.8415,0.13995,-1671.8,2.1794,0.18381,-2194.8,2.8732,5.767,1.8425,-0.028583,0.13998,522.92,5289.8
4688962517474878720,27,13.5,3,16,11.206,0.70036,0.92175,6081.6,2.8934,-450.29,2.7534,12.679,1.8877,0.15107,133.28,2.5626,0.21979,-443.41,2.7555,12.668,1.888,0.0032708,0.15109,576.69,6531.9
4688962517474878720,28,13.5,0.3,0.5,0.64827,1.2965,0.28674,-5317.9,0.16171,-7020.2,1.3098,0.77648,7.7295,0.098283,-6973.4,0.33681,0.094728,-7022.6,1.2201,0.74395,10,-0.015176,0.096839,49.254,1702.2
4688962517474878720,28,13.5,0.3,1,1.2965,1.2965,0.28674,-5216.6,0.16583,-7057.4,1.2679,0.82629,7.886,0.097357,-6995.8,0.331,0.094289,-7056.9,1.1933,0.79993,10,-0.080688,0.09635,61.09,1840.8
4688962517474878720,28,13.5,0.3,2,2.5931,1.2965,0.28674,-3321.4,0.26546,-6886.1,0.65811,2.3448,2.2417,0.09769,-6883.4,0.41175,0.095006,-6902.8,1.1534,0.95058,10,0.24848,0.096372,19.483,3564.6
4688962517474878720,28,13.5,0.3,4,5.1862,1.2965,0.28674,-2926.6,0.2928,-6793,0.6413,2.6961,2.1366,0.0987,-6787.4,0.47234,0.095654,-6807.3,1.1716,1.1543,10,0.30962,0.097281,19.916,3866.4
4688962517474878720,28,13.5,0.3,8,10.372,1.2965,0.28674,-809.72,0.49523,-6689.6,0.4699,5.7282,1.9712,0.097435,-6658.9,0.61275,0.093665,-6687.3,0.88211,3.1493,3.8925,0.41502,0.096082,28.403,5879.8
4688962517474878720,28,13.5,0.3,16,20.745,1.2965,0.28674,2239,1.0556,-4862.7,0.02,140.55,1.0958,0.11082,-4849,1.0665,0.12237,-4866.1,21.114,0.12986,3.8255,1.0027,0.11028,17.095,7101.7
4688962517474878720,28,13.5,0.7,0.5,0.64827,1.2965,0.28674,-4985.4,0.17562,-6934.1,1.2809,0.95787,3.1415,0.097737,-6911.6,0.39678,0.094699,-6945.7,1.2072,0.84094,10,0.16603,0.096623,34.141,1948.6
4688962517474878720,28,13.5,0.7,1,1.2965,1.2965,0.28674,-3936.3,0.22788,-6832.8,1.1099,1.4663,3.0435,0.098916,-6810.9,0.4771,0.094847,-6852.4,1.2194,1.1058,10,0.24791,0.097119,41.506,2896.5
4688962517474878720,28,13.5,0.7,2,2.5931,1.2965,0.28674,-2167,0.35356,-6498.4,0.67357,3.2594,1.7597,0.099059,-6500.2,0.65204,0.096355,-6500.2,1.2385,1.2765,10,0.58704,0.097477,-0.031931,4331.4
4688962517474878720,28,13.5,0.7,4,5.1862,1.2965,0.28674,-769.46,0.5002,-6176.8,0.62845,4.8946,1.6715,0.10037,-6176.5,0.80543,0.097231,-6169.9,0.63632,4.8026,1.6809,0.0039332,0.10035,-6.6047,5407.4
4688962517474878720,28,13.5,0.7,8,10.372,1.2965,0.28674,2773.8,1.2055,-5778.6,0.58064,13.027,1.8882,0.10098,-5695.5,1.0414,0.092093,-5775.9,0.89401,8.5468,2.6035,0.84921,0.097911,80.375,8552.4
4688962517474878720,28,13.5,0.7,16,20.745,1.2965,0.28674,5348.1,2.2842,-3486.3,0.72997,20.324,1.8822,0.16386,-3401.3,1.3519,0.14852,-3479.4,0.73109,20.29,1.8836,0.0038297,0.16385,78.049,8834.4
4688962517474878720,28,13.5,1.5,0.5,0.64827,1.2965,0.28674,-4563.9,0.195,-6817.1,1.2754,1.1322,2.1591,0.096531,-6807.9,0.49277,0.094379,-6809.3,1.2883,1.1094,2.1826,-0.29224,0.096509,1.3945,2253.2
4688962517474878720,28,13.5,1.5,1,1.2965,1.2965,0.28674,-3577.2,0.24912,-6553.6,1.599,1.3544,2.1045,0.096539,-6531.4,0.6905,0.093472,-6545.8,1.6108,1.3383,2.1157,-0.27537,0.096528,14.397,2976.3
4688962517474878720,28,13.5,1.5,2,2.5931,1.2965,0.28674,-690.89,0.51005,-6026.6,1.4097,3.1449,1.9619,0.095217,-5991.2,0.96915,0.089744,-6019.5,1.4183,3.1178,1.9677,-0.091241,0.0952,28.315,5335.7
4688962517474878720,28,13.5,1.5,4,5.1862,1.2965,0.28674,1274.2,0.83079,-4945.6,1.3357,5.344,1.7152,0.10094,-4915.6,1.2406,0.092821,-4938.6,1.3395,5.3227,1.7165,-0.040001,0.10094,23.028,6219.8
4688962517474878720,28,13.5,1.5,8,10.372,1.2965,0.28674,4724.1,1.9564,-1993.2,1.2057,13.208,1.6901,0.20213,-1963.4,1.5779,0.18497,-1986.2,1.2064,13.197,1.6903,-0.0074121,0.20213,22.785,6717.2
4688962517474878720,28,13.5,1.5,16,20.745,1.2965,0.28674,7318.8,3.7257,-2369.5,1.152,26.974,1.79,0.10129,-2235.6,1.7543,0.0081904,-2362.5,1.1522,26.966,1.7902,0.00038658,0.10129,126.9,9688.3
4688962517474878720,28,13.5,3,0.5,0.64827,1.2965,0.28674,-4123.7,0.21752,-6403.2,1.7258,1.0808,1.5021,0.093107,-6349.6,0.75704,0.095033,-6398.3,2.305,0.84371,1.6534,-0.011923,0.093745,48.73,2279.6
4688962517474878720,28,13.5,3,1,1.2965,1.2965,0.28674,-2218.3,0.34908,-5639.5,2.5787,1.5194,1.742,0.095025,-5557.7,1.0703,0.093583,-5632,2.6204,1.4949,1.751,-0.20583,0.095074,74.336,3421.2
4688962517474878720,28,13.5,3,2,2.5931,1.2965,0.28674,261.41,0.64609,-4628.6,2.8473,2.7593,1.8946,0.098266,-4531.6,1.3433,0.087806,-4621.5,2.8658,2.7394,1.8986,-0.094088,0.098298,89.86,4890
4688962517474878720,28,13.5,3,4,5.1862,1.2965,0.28674,2879.9,1.2377,-3071.6,2.9396,5.2114,1.8757,0.10106,-2953.1,1.6303,0.069953,-3064.6,2.9446,5.201,1.8766,-0.043239,0.10108,111.48,5951.5
4688962517474878720,28,13.5,3,8,10.372,1.2965,0.28674,5802,2.5567,-722.47,3.1181,10.537,2.0701,0.18534,-561.03,1.9124,0.087226,-715.58,3.1214,10.523,2.0708,0.012479,0.18537,154.55,6524.5
4688962517474878720,28,13.5,3,16,20.745,1.2965,0.28674,8621.7,5.1486,1220,2.7409,22.668,1.9027,0.1409,1451.1,2.1514,8.8044e-06,1226.9,2.7411,22.666,1.9028,-0.0033652,0.1409,224.19,7401.7
4688962517474878720,67,13.5,0.3,0.5,1.5632,3.1265,0.20892,-1784,0.4049,-3589.7,1.0852,2.3228,2.8463,0.24675,-3571.8,0.42499,0.24116,-3606.3,1.1278,1.8057,10,0.15979,0.24556,34.549,1805.7
4688962517474878720,67,13.5,0.3,1,3.1265,3.1265,0.20892,-1363.2,0.44523,-3590.6,1.0691,2.49,10,0.252,-3566.3,0.43018,0.24116,-3604.3,1.0851,2.1117,10,0.13692,0.24575,37.925,2227.3
4688962517474878720,67,13.5,0.3,2,6.253,3.1265,0.20892,-631.6,0.52514,-3412.3,0.50249,5.1202,1.6131,0.24903,-3420.9,0.48453,0.24643,-3414.9,1.1243,1.6119,10,0.40145,0.2485,-6.0578,2780.7
4688962517474878720,67,13.5,0.3,4,12.506,3.1265,0.20892,1443.3,0.83868,-3022.7,0.4954,8.9819,1.6118,0.25715,-3028,0.70465,0.25201,-3015.7,0.50619,8.6955,1.6257,-0.0035047,0.25708,-12.325,4466
4688962517474878720,67,13.5,0.3,8,25.012,3.1265,0.20892,4528.2,1.6822,-3201.1,0.1967,35.168,1.6336,0.24667,-3159.1,0.74115,0.23892,-3194.1,0.20078,34.471,1.6494,-0.012063,0.24656,35.001,7729.3
4688962517474878720,67,13.5,0.3,16,50.024,3.1265,0.20892,7382.7,3.2033,-2098.7,0.21016,71.373,1.7312,0.30143,-1997.9,0.99872,0.28351,-2094.3,0.38823,40.773,2.3723,0.77909,0.29592,96.359,9481.4
4688962517474878720,67,13.5,0.7,0.5,1.5632,3.1265,0.20892,-1393.2,0.44222,-3586.9,1.1208,2.5578,3.724,0.24734,-3558.1,0.45722,0.23988,-3597.3,1.1428,2.0142,10,0.21244,0.24389,39.199,2193.6
4688962517474878720,67,13.5,0.7,1,3.1265,3.1265,0.20892,-955.12,0.48817,-3416.3,1.1244,2.9807,2.3995,0.24894,-3397,0.54523,0.24329,-3408.8,1.1426,2.8983,2.4475,-0.19824,0.24882,11.763,2461.2
4688962517474878720,67,13.5,0.7,2,6.253,3.1265,0.20892,711.54,0.71103,-3188.1,0.902,5.3067,1.9396,0.24862,-3177.8,0.7034,0.24214,-3181.1,0.93749,5.0453,1.9769,-0.011949,0.24852,3.3289,3899.6
4688962517474878720,67,13.5,0.7,4,12.506,3.1265,0.20892,3724.6,1.4033,-2701.7,0.76556,12.12,1.9582,0.25938,-2659.4,0.92296,0.24628,-2694.8,0.7775,11.896,1.9745,0.038962,0.25924,35.333,6426.3
4688962517474878720,67,13.5,0.7,8,25.012,3.1265,0.20892,5737.6,2.21,-1957.5,0.96142,17.199,2.0377,0.27879,-1872.4,1.161,0.25135,-1952.7,1.3812,11.606,2.7561,0.92051,0.27087,80.246,7695.1
4688962517474878720,67,13.5,0.7,16,50.024,3.1265,0.20892,9907,5.6619,-78.497,0.4623,68.839,1.6716,0.3731,-7.5605,1.4348,0.332,-71.497,0.46276,68.767,1.6722,0.0054985,0.37308,63.937,9985.5
4688962517474878720,67,13.5,1.5,0.5,1.5632,3.1265,0.20892,-1164.7,0.46562,-3423.5,1.1429,2.7725,2.0519,0.24556,-3415,0.55377,0.24146,-3416.8,1.3024,2.3616,2.2127,-0.012508,0.24555,1.7701,2258.8
4688962517474878720,67,13.5,1.5,1,3.1265,3.1265,0.20892,740.34,0.71567,-3058.1,1.5485,3.9472,2.4178,0.25012,-3019.5,0.80129,0.24037,-3052,1.7093,3.4787,2.5935,0.14953,0.24991,32.463,3798.5
4688962517474878720,67,13.5,1.5,2,6.253,3.1265,0.20892,2581.8,1.0843,-2390.7,1.5812,6.199,2.0429,0.26049,-2345.8,1.0488,0.24343,-2385.9,2.0364,4.6278,2.355,0.52913,0.2613,40.106,4972.4
4688962517474878720,67,13.5,1.5,4,12.506,3.1265,0.20892,5184,1.9505,-1359.8,1.5729,11.531,1.9084,0.27704,-1289.2,1.3156,0.24575,-1352.6,1.5754,11.507,1.9099,-0.045746,0.27702,63.435,6543.7
4688962517474878720,67,13.5,1.5,8,25.012,3.1265,0.20892,8141.3,3.8013,-149.03,1.6931,21.263,2.0191,0.30969,6.0332,1.5463,0.24884,-142.02,1.6957,21.222,2.0202,0.0025112,0.30967,148.05,8290.3
4688962517474878720,67,13.5,1.5,16,50.024,3.1265,0.20892,11357,7.8528,2852.2,1.6887,44.901,1.9873,0.56797,3023.8,1.8791,0.41448,2859.2,1.6891,44.888,1.9875,-0.0011561,0.56795,164.55,8504.6
4688962517474878720,67,13.5,3,0.5,1.5632,3.1265,0.20892,-781.27,0.5077,-3005.1,1.7626,2.4425,1.5819,0.2421,-2957,0.81109,0.24326,-2998.3,2.0001,2.1905,1.6588,-0.089623,0.24279,41.318,2223.9
4688962517474878720,67,13.5,3,1,3.1265,3.1265,0.20892,1244.7,0.80192,-2211.3,2.6,3.4566,1.8707,0.25334,-2130.8,1.1188,0.24212,-2203.8,2.6272,3.4189,1.8788,-0.20058,0.25343,73.016,3456
4688962517474878720,67,13.5,3,2,6.253,3.1265,0.20892,4055.3,1.512,-1112.3,3.0271,6.1653,1.9721,0.25578,-993.69,1.4133,0.22308,-1111.6,3.8439,4.7619,2.1845,0.64412,0.25907,117.91,5167.7
4688962517474878720,67,13.5,3,4,12.506,3.1265,0.20892,7071.8,2.9863,837.88,3.2157,11.999,2.1066,0.34156,1012.1,1.6906,0.2513,845.01,3.2173,11.991,2.107,-0.056358,0.34155,167.1,6233.9
4688962517474878720,67,13.5,3,8,25.012,3.1265,0.20892,10229,6.0892,3189.7,3.3079,24.189,2.0368,0.41167,3394.1,2.0061,2.3474e-05,3196.7,3.3097,24.174,2.0371,0.00032337,0.4117,197.39,7039.8
4688962517474878720,67,13.5,3,16,50.024,3.1265,0.20892,13100,11.637,5817.9,3.1037,47.846,1.9641,0.64652,6031.9,2.2641,0.00076031,5824.9,3.1043,47.836,1.9641,0.002244,0.64653,207.02,7282
4688962517474878720,68,13.5,0.3,0.5,1.0828,2.1656,0.30046,-4740.2,0.206,-6223.9,1.3138,1.0419,1.8817,0.12995,-6222.7,0.12212,0.12698,-6216.4,1.5776,0.81871,2.2407,-0.24233,0.12992,-6.2422,1483.6
4688962517474878720,68,13.5,0.3,1,2.1656,2.1656,0.30046,-3252.5,0.28896,-6169.5,0.3979,3.2263,1.3988,0.1292,-6175.6,0.15975,0.12664,-6162.3,0.43823,2.7496,1.4948,-0.12945,0.12893,-13.292,2917
4688962517474878720,68,13.5,0.3,2,4.3311,2.1656,0.30046,-2783.9,0.32147,-6104,0.58106,2.9661,1.5713,0.12921,-6102.3,0.22359,0.12546,-6096.7,0.64085,2.6082,1.673,-0.1552,0.12887,-5.6683,3320.1
4688962517474878720,68,13.5,0.3,4,8.6623,2.1656,0.30046,-949.33,0.48795,-5950.6,0.35344,6.4752,1.4946,0.12951,-5926.9,0.32871,0.12421,-5943.5,0.39147,5.8422,1.59,-0.06066,0.12911,16.648,5001.3
4688962517474878720,68,13.5,0.3,8,17.325,2.1656,0.30046,2103.9,0.97726,-5022,0.19897,20.076,1.3705,0.14469,-4977,0.57446,0.13562,-5015.2,0.29349,14.385,1.6038,0.35741,0.14345,38.223,7125.8
4688962517474878720,68,13.5,0.3,16,34.649,2.1656,0.30046,5851.2,2.292,-3133.2,0.021669,308.92,1.1198,0.14592,-3113.4,0.96292,0.14274,-3128.4,0.26425,30.527,10,0.9441,0.14661,15.041,8984.4
4688962517474878720,68,13.5,0.7,0.5,1.0828,2.1656,0.30046,-4299.3,0.22773,-6174.8,1.0722,1.3541,1.7033,0.12948,-6178.2,0.15878,0.12661,-6171.1,2.0911,0.4634,10,0.064057,0.12833,-7.0717,1875.5
4688962517474878720,68,13.5,0.7,1,2.1656,2.1656,0.30046,-3218.5,0.2912,-6072.4,0.95009,2.0317,1.792,0.12984,-6064.8,0.24783,0.12521,-6065.6,1.3312,1.3064,2.6342,0.062832,0.12854,0.84884,2853.8
4688962517474878720,68,13.5,0.7,2,4.3311,2.1656,0.30046,-796.37,0.50523,-5656.5,0.74668,4.4389,1.7294,0.13344,-5617.1,0.44383,0.12514,-5654.5,1.3063,2.5078,3.7944,0.30748,0.12975,37.349,4860.1
4688962517474878720,68,13.5,0.7,4,8.6623,2.1656,0.30046,1962.3,0.9463,-5328.2,0.75799,8.3926,1.8918,0.13348,-5185.3,0.62454,0.1183,-5322.2,0.8731,7.3958,2.1041,0.21561,0.13145,136.89,7290.6
4688962517474878720,68,13.5,0.7,8,17.325,2.1656,0.30046,4469.5,1.6739,-3290.9,0.77838,15.135,1.7208,0.18538,-3158.9,0.92845,0.15365,-3294.7,1.3819,8.9722,2.8603,0.76596,0.17268,135.76,7760.4
4688962517474878720,68,13.5,0.7,16,34.649,2.1656,0.30046,7354.3,3.2264,-2456.1,0.62401,32.425,1.6205,0.17537,-2268.1,1.1328,0.11412,-2452.2,1.0351,21.157,2.1203,0.9323,0.16,184.12,9810.4
4688962517474878720,68,13.5,1.5,0.5,1.0828,2.1656,0.30046,-3262.1,0.28833,-5935.9,1.2562,1.7103,1.795,0.13076,-5928.3,0.30384,0.1261,-5929,1.4782,1.3953,1.9914,-0.096732,0.13049,0.65871,2673.8
4688962517474878720,68,13.5,1.5,1,2.1656,2.1656,0.30046,-1635.4,0.41744,-5620.2,1.5824,2.3313,1.9817,0.13,-5579.1,0.4919,0.12116,-5612.7,1.6307,2.2411,2.0269,-0.20152,0.12977,33.562,3984.9
4688962517474878720,68,13.5,1.5,2,4.3311,2.1656,0.30046,878.45,0.73951,-4732.5,1.5573,4.3271,1.8152,0.13456,-4667.3,0.74902,0.11703,-4725.3,1.5814,4.2458,1.8315,-0.0912,0.13436,58.031,5611
4688962517474878720,68,13.5,1.5,4,8.6623,2.1656,0.30046,3842.7,1.4514,-3893.8,1.4081,9.0057,1.883,0.14162,-3729.3,0.94618,0.1052,-3886.8,1.4282,8.8751,1.898,0.035703,0.14131,157.55,7736.5
4688962517474878720,68,13.5,1.5,8,17.325,2.1656,0.30046,6694.4,2.7766,-1856,1.4375,17.104,1.8517,0.18988,-1644,1.2216,0.099204,-1849,1.4423,17.047,1.855,0.010739,0.18971,204.99,8550.3
4688962517474878720,68,13.5,1.5,16,34.649,2.1656,0.30046,9771.4,5.5912,549.28,1.5144,34.459,1.8678,0.26697,912.67,1.5091,1e-06,556.27,1.5154,34.437,1.8686,0.0035746,0.26687,356.39,9222.1
4688962517474878720,68,13.5,3,0.5,1.0828,2.1656,0.30046,-2596,0.3355,-5412.5,2.7241,1.3621,1.9921,0.13113,-5362.4,0.54412,0.12318,-5404.8,2.857,1.2901,2.0458,-0.27879,0.13115,42.379,2816.5
4688962517474878720,68,13.5,3,1,2.1656,2.1656,0.30046,-369.51,0.55674,-4511.4,3.2859,2.1572,2.0954,0.13574,-4413.7,0.8021,0.11626,-4505.7,3.5919,1.9472,2.1996,0.055283,0.13578,92.032,4141.9
4688962517474878720,68,13.5,3,2,4.3311,2.1656,0.30046,2382.7,1.0412,-3121.8,3.1039,4.2429,1.9273,0.14175,-3001.8,1.0649,0.093084,-3114.7,3.1445,4.1804,1.9378,-0.045914,0.14172,112.9,5504.4
4688962517474878720,68,13.5,3,4,8.6623,2.1656,0.30046,5579.5,2.1547,-1324.9,3.0334,8.9205,1.979,0.16079,-1096.6,1.3109,3.5184e-05,-1318.8,3.3831,7.8475,2.069,0.66824,0.15908,222.14,6904.4
4688962517474878720,68,13.5,3,8,17.325,2.1656,0.30046,8424.9,4.1161,1569.6,3.1921,16.745,1.9662,0.2763,1838.2,1.6004,4.0785e-05,1576.6,3.1944,16.73,1.9669,-0.0090037,0.27624,261.66,6855.4
4688962517474878720,68,13.5,3,16,34.649,2.1656,0.30046,11698,8.6674,4488.6,2.5582,39.333,1.8559,0.55731,4690.4,1.8818,0.00013554,4495.6,2.5589,39.321,1.8561,0.0013328,0.55729,194.8,7209.8
4688967289176997504,28,12.3,0.3,0.5,1.701,3.4019,0.29271,-663.98,0.51347,-5781.4,0.02,74.715,1.2678,0.12801,-5761.3,0.088223,0.12702,-5782.3,0.26368,7.2838,10,-0.033095,0.12863,21.02,5117.4
4688967289176997504,28,12.3,0.3,1,3.4019,3.4019,0.29271,-194.55,0.57694,-5639.7,0.02,76.718,1.2334,0.13023,-5621.7,0.14816,0.12973,-5633.5,0.2189,9.9672,3.7473,0.050375,0.13129,11.759,5445.1
4688967289176997504,28,12.3,0.3,2,6.8038,3.4019,0.29271,-356.26,0.55424,-5752.6,0.18504,13.61,1.683,0.12787,-5723.4,0.17422,0.12495,-5750.4,0.38718,6.6148,2.9429,0.012,0.12681,26.944,5396.3
4688967289176997504,28,12.3,0.3,4,13.608,3.4019,0.29271,2781.3,1.2078,-4909.6,0.02,190.04,1.2354,0.13581,-4896.9,0.50331,0.13722,-4902.1,0.02,187.54,1.2375,-0.18644,0.13596,5.1916,7690.9
4688967289176997504,28,12.3,0.3,8,27.215,3.4019,0.29271,3564.3,1.4669,-4155.9,0.089881,68.444,1.4377,0.16904,-4137.4,0.59525,0.16463,-4153.6,0.40539,16.262,2.6694,0.49296,0.1686,16.258,7720.1
4688967289176997504,28,12.3,0.3,16,54.43,3.4019,0.29271,7640,4.035,-3046.8,0.02,684.14,1.2687,0.16126,-3009.4,0.99807,0.16449,-3039.7,0.02,683.02,1.269,-0.094186,0.16132,30.299,10687
4688967289176997504,28,12.3,0.7,0.5,1.701,3.4019,0.29271,-653.09,0.51486,-5695.9,0.02,106.98,1.3183,0.12927,-5685.1,0.12897,0.1282,-5690.9,0.3076,6.0546,8.5984,0.053109,0.12921,5.7403,5042.8
4688967289176997504,28,12.3,0.7,1,3.4019,3.4019,0.29271,683.63,0.71749,-5493.4,0.17248,16.29,1.4846,0.12875,-5489,0.31323,0.12663,-5486.6,0.18464,14.669,1.5754,0.040929,0.12872,-2.4672,6177.1
4688967289176997504,28,12.3,0.7,2,6.8038,3.4019,0.29271,1559.7,0.89182,-4847.2,0.42016,11.21,1.539,0.1337,-4855.8,0.59844,0.13012,-4846.5,1.5777,2.2142,3.9741,0.53794,0.13249,-9.3347,6406.9
4688967289176997504,28,12.3,0.7,4,13.608,3.4019,0.29271,3871.5,1.5832,-3703.1,0.486,18.851,1.5204,0.14774,-3707.9,0.90731,0.14164,-3707.4,1.6155,4.2638,10,0.87232,0.14466,-0.48857,7574.6
4688967289176997504,28,12.3,0.7,8,27.215,3.4019,0.29271,6356.8,2.9342,-1052.1,0.20246,67.32,1.298,0.26739,-1057.6,1.1802,0.2782,-1045.2,0.20213,67.229,1.2976,0.0016496,0.26737,-12.315,7408.9
4688967289176997504,28,12.3,0.7,16,54.43,3.4019,0.29271,9188.7,5.9268,-62.211,0.23558,118.82,1.3745,0.27372,-65.796,1.4241,0.27293,-55.296,0.23557,118.75,1.3745,-0.00025504,0.27372,-10.499,9250.9
4688967289176997504,28,12.3,1.5,0.5,1.701,3.4019,0.29271,-265.16,0.56692,-5309.3,0.1699,11.023,1.2204,0.12662,-5319.4,0.38387,0.1288,-5307.6,4.8319,0.23616,10,0.31517,0.12957,-11.881,5044.1
4688967289176997504,28,12.3,1.5,1,3.4019,3.4019,0.29271,791.68,0.737,-4704.6,0.70713,6.4088,1.4619,0.12584,-4703.2,0.69686,0.12555,-4700.3,1.3986,3.0386,1.6783,0.34136,0.12795,-2.9786,5496.3
4688967289176997504,28,12.3,1.5,2,6.8038,3.4019,0.29271,2738.5,1.195,-4055.7,1.3241,7.7956,1.8301,0.12819,-4017.6,0.9497,0.11498,-4050.1,1.5935,6.2308,1.9387,0.40338,0.12871,32.527,6794.2
4688967289176997504,28,12.3,1.5,4,13.608,3.4019,0.29271,5233.2,2.22,-2196.6,1.0462,16.728,1.566,0.14191,-1960.8,1.399,0.00021224,-2189.6,1.0481,16.678,1.5665,-0.034862,0.14191,228.75,7429.8
4688967289176997504,28,12.3,1.5,8,27.215,3.4019,0.29271,8443.1,4.9253,69.103,0.97317,39.712,1.5893,0.19412,94.106,1.5733,0.14585,76.035,0.97332,39.696,1.5894,-0.0084862,0.19411,18.07,8374
4688967289176997504,28,12.3,1.5,16,54.43,3.4019,0.29271,11166,9.6834,2129.2,1.2737,64.34,1.8683,0.43096,2225,1.7815,0.29825,2136.1,1.2742,64.307,1.8685,0.0020141,0.43095,88.887,9036.9
4688967289176997504,28,12.3,3,0.5,1.701,3.4019,0.29271,300.42,0.65238,-4511,0.89787,4.7871,1.3608,0.12135,-4478.5,0.77232,0.12541,-4517.6,2.9241,1.6236,1.857,0.29722,0.12771,39.089,4811.4
4688967289176997504,28,12.3,3,1,3.4019,3.4019,0.29271,2004.1,0.99583,-3127.3,1.994,5.0223,1.633,0.13861,-3055,1.0929,0.13331,-3129.9,3.1591,3.2038,1.8803,0.38964,0.14404,74.883,5131.4
4688967289176997504,28,12.3,3,2,6.8038,3.4019,0.29271,4062.8,1.6602,-1957.2,2.6547,7.3441,1.7788,0.12435,-1851.6,1.3605,0.093207,-1951.3,2.871,6.7502,1.8149,0.31238,0.12588,99.683,6019.9
4688967289176997504,28,12.3,3,4,13.608,3.4019,0.29271,7316.7,3.7238,-53.267,2.4812,17.006,1.8764,0.15116,72.299,1.6178,3.4778e-05,-46.471,2.4945,16.899,1.8788,0.06727,0.15132,118.77,7370
4688967289176997504,28,12.3,3,8,27.215,3.4019,0.29271,9449.1,6.3226,2283.2,3.212,25.899,1.9971,0.18603,2566.4,1.8862,1.888e-05,2290.1,3.2144,25.876,1.9975,-0.0021358,0.18608,276.33,7165.9
4688967289176997504,28,12.3,3,16,54.43,3.4019,0.29271,12481,13.421,5504.8,2.9923,57.072,1.953,0.55058,5695.5,2.2228,0.00019309,5511.7,2.993,57.058,1.9532,0.0029867,0.5506,183.86,6976.2
4688967289176997504,68,12.3,0.3,0.5,5.408,10.816,0.39049,9163.7,4.8694,4251.7,0.2333,79.905,1.0959,1.0402,4241.5,0.72078,1.0672,4258.3,17.314,0.64532,10,0.69981,1.0548,-16.8,4912.1
4688967289176997504,68,12.3,0.3,1,10.816,10.816,0.39049,9354.4,5.0852,4225.8,0.18269,97.577,1.0804,1.0308,4216.5,0.71922,1.06,4232.8,0.17854,97.434,1.0779,-0.010564,1.0309,-16.286,5128.6
4688967289176997504,68,12.3,0.3,2,21.632,10.816,0.39049,9324.8,5.0511,4339.7,0.20944,87.798,1.0857,1.0633,4330,0.72618,1.0933,4346.7,0.20514,87.443,1.0829,-0.00448,1.0633,-16.704,4985.1
4688967289176997504,68,12.3,0.3,4,43.264,10.816,0.39049,9847.1,5.6884,4405.3,0.13552,135,1.0711,1.0679,4398,0.74225,1.0977,4412.4,0.13181,135.88,1.0691,-0.017,1.0682,-14.396,5441.8
4688967289176997504,68,12.3,0.3,8,86.528,10.816,0.39049,11576,8.43,4080.5,0.02,1072.2,1.0813,0.95102,4102.3,0.76535,0.95405,4087.6,0.02,1067.9,1.083,-0.056644,0.95223,14.732,7495.9
4688967289176997504,68,12.3,0.3,16,173.06,10.816,0.39049,12976,11.59,5064.6,0.076207,491.3,1.1645,1.1496,5089.8,0.90481,1.1102,5071.5,0.56152,94.846,3.6574,0.86491,1.1473,18.327,7911.2
4688967289176997504,68,12.3,0.7,0.5,5.408,10.816,0.39049,9309.7,5.0338,4320.5,0.20707,88.555,1.0869,1.0607,4310.8,0.72369,1.0894,4327.5,17.239,0.66063,10,0.70249,1.0763,-16.68,4989.2
4688967289176997504,68,12.3,0.7,1,10.816,10.816,0.39049,9300.5,5.0232,4314,0.26271,77.372,1.1237,1.0627,4303.2,0.72966,1.0786,4321,0.26018,76.556,1.1224,-0.0042288,1.0628,-17.785,4986.5
4688967289176997504,68,12.3,0.7,2,21.632,10.816,0.39049,9745.6,5.5585,4291.6,0.22913,95.25,1.1472,1.0639,4282.7,0.73456,1.0643,4298.6,0.22702,94.61,1.1472,-0.0085,1.0642,-15.928,5454
4688967289176997504,68,12.3,0.7,4,43.264,10.816,0.39049,10636,6.806,5082.9,0.33075,94.984,1.2115,1.255,5074.9,0.83837,1.2314,5087.1,1.0848,23.699,10,0.81901,1.2468,-12.189,5552.7
4688967289176997504,68,12.3,0.7,8,86.528,10.816,0.39049,12689,10.859,4641.9,0.32526,168.15,1.3862,1.051,4696.8,0.90856,0.9259,4643.3,0.77805,80.712,2.2874,0.81433,1.0036,53.53,8047.3
4688967289176997504,68,12.3,0.7,16,173.06,10.816,0.39049,15431,20.259,7003.5,0.33927,297.57,1.3468,1.5433,7046.6,1.1993,1.3225,7008.1,0.96822,121.22,2.5263,1.1338,1.4484,38.465,8427.2
4688967289176997504,68,12.3,1.5,0.5,5.408,10.816,0.39049,9245.7,4.9611,4262.4,0.28828,71.417,1.126,1.0357,4251.5,0.73396,1.0535,4269.4,0.28568,70.589,1.1243,-0.0013556,1.0358,-17.912,4983.4
4688967289176997504,68,12.3,1.5,1,10.816,10.816,0.39049,9652.4,5.4419,4309.6,0.29983,77.848,1.1594,1.038,4298.9,0.75611,1.0405,4316.6,0.29824,77.04,1.1591,-0.0020348,1.0381,-17.748,5342.8
4688967289176997504,68,12.3,1.5,2,21.632,10.816,0.39049,10273,6.2666,4620.9,0.61888,59.668,1.3689,1.1391,4619.6,0.8153,1.0749,4627.9,0.62476,58.758,1.374,0.0060762,1.1389,-8.3,5651.8
4688967289176997504,68,12.3,1.5,4,43.264,10.816,0.39049,11894,9.0626,4993.1,1.0124,67.678,1.5793,1.0689,5039.2,0.98342,0.89164,5000,1.0202,67.074,1.5849,0.022185,1.0682,39.152,6901.4
4688967289176997504,68,12.3,1.5,8,86.528,10.816,0.39049,14566,16.639,7178,1.1245,117.42,1.6397,1.649,7255.8,1.2378,1.29,7185,1.1268,117.15,1.6414,0.0013555,1.6485,70.804,7387.5
4688967289176997504,68,12.3,1.5,16,173.06,10.816,0.39049,17407,31.76,8817.9,1.2011,213.2,1.7518,2.1865,8989.6,1.4558,1.4522,8824.9,1.2021,213,1.7526,-0.0030872,2.1861,164.67,8589.3
4688967289176997504,68,12.3,3,0.5,5.408,10.816,0.39049,9380.2,5.1152,4358.5,0.28307,72.642,1.099,1.0168,4349,0.76265,1.0501,4365.5,0.28062,71.806,1.0968,-0.0015212,1.0168,-16.52,5021.7
4688967289176997504,68,12.3,3,1,10.816,10.816,0.39049,9675.9,5.471,4610.2,0.73742,45.988,1.2655,1.0162,4603.6,0.855,0.99755,4617.2,0.74676,45.082,1.2676,-0.0037415,1.0163,-13.598,5065.7
4688967289176997504,68,12.3,3,2,21.632,10.816,0.39049,10825,7.1062,5247.4,1.8929,36.917,1.6028,0.99856,5282.1,1.0444,0.81878,5253,3.0056,22.135,1.8896,0.71299,1.0031,29.101,5578
4688967289176997504,68,12.3,3,4,43.264,10.816,0.39049,12749,11.007,6459.1,2.7108,47.954,1.8116,1.0273,6559.4,1.2618,0.42613,6465.6,3.146,40.624,1.9166,0.67112,1.0272,93.76,6289.7
4688967289176997504,68,12.3,3,8,86.528,10.816,0.39049,15456,20.378,8489.2,2.6915,89.498,1.814,1.2442,8656,1.4844,0.0005401,8496.3,2.6946,89.376,1.8148,-0.00857,1.2439,159.7,6967.2
4688967289176997504,68,12.3,3,16,173.06,10.816,0.39049,18745,43.053,10690,3.2358,171.14,2.0444,1.3899,11310,1.7462,0.00042362,10697,3.2372,171.06,2.0448,0.004174,1.3895,612.94,8055
4688967568356557440,27,10.7,0.3,0.5,5.844,11.688,0.81815,-532,0.52803,-3793.5,0.053667,26.38,1.1591,0.19924,-3768.6,-0.51817,0.20603,-3781.3,0.02,55.337,1.0938,-0.91241,0.19928,12.617,3261.5
4688967568356557440,27,10.7,0.3,1,11.688,11.688,0.81815,333.38,0.65966,-3681.5,0.2794,10.609,1.5564,0.20404,-3677.6,-0.41853,0.20743,-3671.6,0.13138,15.766,1.3463,-0.67137,0.20341,-6.0011,4014.9
4688967568356557440,27,10.7,0.3,2,23.376,11.688,0.81815,3012.9,1.3141,-2773.1,0.10077,48.834,1.2111,0.21009,-2658.2,0.099912,0.24287,-2774.5,6.8751,0.61551,1.7098,-0.095516,0.20738,116.28,5786
4688967568356557440,27,10.7,0.3,4,46.752,11.688,0.81815,5930.1,2.7828,-1867.8,0.043761,189.47,1.1558,0.20978,-1621.9,0.52243,0.27906,-1866.6,0.02,213.16,1.0259,-0.0092376,0.19903,244.66,7797.8
4688967568356557440,27,10.7,0.3,8,93.503,11.688,0.81815,7745.7,4.4391,-1586.2,0.02,841.43,1.2416,0.22495,-1388,0.49148,0.30481,-1637.1,16.674,0.61502,1.6679,0.33326,0.15979,249.1,9331.9
4688967568356557440,27,10.7,0.3,16,187.01,11.688,0.81815,12154,13.793,1476.4,0.02,1106.8,1.0788,8.3595e-05,2230.2,0.93428,0.75767,1482.1,0.02,944.66,1.0559,0.26462,1e-06,748.13,10677
4688967568356557440,27,10.7,0.7,0.5,5.844,11.688,0.81815,826.24,0.74882,-3435.2,0.54153,7.8168,1.6076,0.20356,-3415.9,-0.1707,0.21115,-3430.4,3.8214,0.56144,1.8768,-0.29798,0.20259,14.522,4261.4
4688967568356557440,27,10.7,0.7,1,11.688,11.688,0.81815,3810.3,1.6132,-2677.3,0.23789,31.439,1.3794,0.21308,-2582.3,0.21336,0.23853,-2683.4,4.8664,0.82493,1.4519,0.010142,0.20481,101.11,6487.6
4688967568356557440,27,10.7,0.7,2,23.376,11.688,0.81815,5885.4,2.751,-1655.5,0.075832,128,1.1789,0.20676,-1422.1,0.55398,0.29236,-1667.9,0.02,63.267,0.80384,0.23489,0.15067,245.83,7540.9
4688967568356557440,27,10.7,0.7,4,46.752,11.688,0.81815,8171.7,4.9531,-328.51,0.45892,62.493,1.4737,0.24969,-39.468,1.0219,0.33695,-332.26,0.69019,20.739,1.281,0.55144,0.22776,292.8,8500.2
4688967568356557440,27,10.7,0.7,8,93.503,11.688,0.81815,10912,10.021,872.85,0.20731,243.28,1.3776,0.19161,1306.6,1.247,0.44335,836.74,2.7265,5.8967,1.179,0.90641,0.00028202,469.88,10039
4688967568356557440,27,10.7,0.7,16,187.01,11.688,0.81815,13958,21.938,3519.6,0.20601,500.15,1.3844,0.37294,3954.4,1.6058,0.81597,3506.3,0.16232,199.62,1.0988,1.1566,1e-06,448.08,10438
4688967568356557440,27,10.7,1.5,0.5,5.844,11.688,0.81815,1987.1,1.0093,-2789,1.354,6.271,1.753,0.20116,-2632.5,0.39859,0.21645,-2781.4,1.818,4.3745,1.856,-0.36785,0.20222,148.91,4776.1
4688967568356557440,27,10.7,1.5,1,11.688,11.688,0.81815,5027.4,2.2062,-2144.5,1.2377,14.937,1.8969,0.20347,-2010.8,0.70031,0.22038,-2137,1.3003,13.638,1.8982,-0.20492,0.20345,126.13,7171.8
4688967568356557440,27,10.7,1.5,2,23.376,11.688,0.81815,6973,3.6389,-380.19,0.86999,31.083,1.4922,0.19374,17.849,1.1293,0.30983,-373.49,0.8982,28.897,1.4813,0.033055,0.19204,391.34,7353.2
4688967568356557440,27,10.7,1.5,4,46.752,11.688,0.81815,10133,8.2023,1857,1.1386,57.934,1.6352,0.27525,2270.7,1.5507,0.44096,1863.9,1.1549,56.79,1.6365,-0.016715,0.27546,406.8,8275.9
4688967568356557440,27,10.7,1.5,8,93.503,11.688,0.81815,12503,15.091,3020.3,1.1449,107.33,1.6908,0.078913,3527.7,1.8694,0.40858,3027.2,1.1487,106.79,1.691,-0.012981,0.079114,500.53,9483
4688967568356557440,27,10.7,1.5,16,187.01,11.688,0.81815,15462,32.298,7808.4,1.1465,228.17,1.4996,0.00027586,8559.7,2.2637,2.1691,7815.3,1.1472,227.96,1.4996,-0.0030454,0.00077855,744.35,7653.3
4688967568356557440,27,10.7,3,0.5,5.844,11.688,0.81815,3239.2,1.3928,-1457.6,2.8747,5.909,1.8493,0.20457,-996.2,0.9921,0.24494,-1449.1,3.1296,5.3992,1.8961,-0.48352,0.20585,452.92,4696.8
4688967568356557440,27,10.7,3,1,11.688,11.688,0.81815,6075.2,2.8886,91.216,2.6017,13.185,1.8084,0.20541,624.73,1.3691,0.28807,99.817,2.6336,12.994,1.8125,-0.40383,0.20571,524.92,5984
4688967568356557440,27,10.7,3,2,23.376,11.688,0.81815,8461.6,5.3365,1742.5,3.1479,21.881,1.9789,0.21307,2328.8,1.7239,0.31149,1750.1,3.179,21.617,1.9833,-0.2303,0.21367,578.64,6719.2
4688967568356557440,27,10.7,3,4,46.752,11.688,0.81815,11327,11.151,4022.1,2.7098,49.107,1.8891,0.20349,4646.4,2.0373,0.46748,4029.1,2.727,48.723,1.8913,-0.054308,0.2046,617.25,7304.8
4688967568356557440,27,10.7,3,8,93.503,11.688,0.81815,14206,23.384,7035.8,2.9179,98.172,1.8887,0.00032064,7766.5,2.4065,0.94839,7042.6,2.9278,97.742,1.8896,0.036502,0.00044135,723.82,7170.3
4688967568356557440,27,10.7,3,16,187.01,11.688,0.81815,16559,42.829,9156.9,3.1065,176.18,1.9965,0.55996,9783.6,2.6459,1.4797,9163.7,3.1091,176,1.9969,0.0058923,0.56074,619.84,7402.1
4688967568356557440,28,10.7,0.3,0.5,12.31,24.62,0.28674,1933.5,0.97853,-2988.5,0.030796,99.785,1.1806,0.23681,-2994.5,-0.3327,0.2394,-2979.8,0.32195,9.7746,3.4499,-0.36146,0.24062,-14.701,4922
4688967568356557440,28,10.7,0.3,1,24.62,24.62,0.28674,3494.8,1.4418,-2869.4,0.069879,71.704,1.2047,0.21231,-2877.9,-0.098396,0.21786,-2869.8,40,0.39039,0.42237,-0.1343,0.031506,-8.0962,6364.2
4688967568356557440,28,10.7,0.3,2,49.239,24.62,0.28674,6266.3,2.869,-2840,0.3112,46.343,1.92,0.23706,-2706.2,-0.055237,0.22309,-2832.6,0.38369,38.246,2.179,-0.41008,0.23443,126.41,9106.2
4688967568356557440,28,10.7,0.3,4,98.479,24.62,0.28674,8903.8,5.5222,-957.86,0.062133,363.93,1.3838,0.31282,-931.26,0.27475,0.3019,-955.84,0.37767,64.434,2.6257,0.21066,0.31127,24.587,9861.7
4688967568356557440,28,10.7,0.3,8,196.96,24.62,0.28674,13847,18.839,1681.1,0.02,3525.3,1.3255,0.47037,1737.1,0.70923,0.45404,1687.5,0.28996,273.15,2.6609,0.65569,0.47842,49.613,12166
4688967568356557440,28,10.7,0.3,16,393.92,24.62,0.28674,15082,25.597,5911.8,0.02,1756.5,1.0068,0.90622,6003.1,1.0962,1.5129,5831.9,32.302,2.5468,3.4078,0.96886,0.0020529,171.24,9169.8
4688967568356557440,28,10.7,0.7,0.5,12.31,24.62,0.28674,2850.5,1.2287,-2765.1,0.7965,10.19,2.0079,0.24365,-2730.8,-0.15383,0.23699,-2754.4,0.81712,9.6959,2.0562,-0.6675,0.24311,23.684,5615.6
4688967568356557440,28,10.7,0.7,1,24.62,24.62,0.28674,6592.2,3.1108,-1600.7,0.15672,84.577,1.319,0.23971,-1611.2,0.24391,0.24078,-1607,1.1495,11.427,4.7726,0.20469,0.24752,-4.2249,8192.9
4688967568356557440,28,10.7,0.7,2,49.239,24.62,0.28674,9747.8,6.8093,-76.197,0.27151,130.6,1.5255,0.32877,-50.25,0.50637,0.29859,-80.981,0.71577,52.399,2.683,0.4417,0.31496,30.731,9824
4688967568356557440,28,10.7,0.7,4,98.479,24.62,0.28674,11211,9.791,1422.5,0.096282,460.5,1.2659,0.21072,1418.6,0.79715,0.26028,1389.3,35.346,0.4648,5.0727,0.74838,0.025331,29.282,9788.1
4688967568356557440,28,10.7,0.7,8,196.96,24.62,0.28674,14023,19.681,4578,0.29999,330.19,1.4095,0.78885,4573.6,1.0866,0.73555,4574.9,1.8506,44.264,4.2388,1.0511,0.78408,-1.2657,9444.9
4688967568356557440,28,10.7,0.7,16,393.92,24.62,0.28674,18257,56.301,7718.9,0.20319,1293.5,1.4181,1.6826,7731.3,1.4407,1.5157,7725.9,0.20328,1292.5,1.4182,7.0089e-05,1.6827,5.4458,10538
4688967568356557440,28,10.7,1.5,0.5,12.31,24.62,0.28674,5281.7,2.2469,-1794,1.2543,15.022,1.8047,0.21888,-1760.4,0.3261,0.19357,-1785.9,1.309,14.168,1.8336,-0.32018,0.21846,25.46,7075.7
4688967568356557440,28,10.7,1.5,1,24.62,24.62,0.28674,7953.3,4.3614,675.95,0.51761,48.198,1.2886,0.21955,687.31,0.68414,0.2622,683.07,0.53068,45.879,1.2869,-0.079351,0.21932,4.2431,7277.3
4688967568356557440,28,10.7,1.5,2,49.239,24.62,0.28674,10977,9.2386,1222.6,1.1349,65.127,1.7858,0.25949,1326.7,0.85502,0.074983,1227.4,2.0366,32.469,2.3289,0.69067,0.22385,99.245,9754.1
4688967568356557440,28,10.7,1.5,4,98.479,24.62,0.28674,13216,16.11,3966.1,1.0782,119.76,1.7215,0.52468,4036,1.1346,0.24878,3973.1,1.0812,119.31,1.7234,-0.016178,0.52434,62.934,9250.3
4688967568356557440,28,10.7,1.5,8,196.96,24.62,0.28674,16244,34.16,5823.5,1.3063,227.16,1.8647,0.52325,6137.5,1.3795,0.00017821,5830.4,1.3082,226.77,1.8656,0.0077051,0.52284,307.14,10421
4688967568356557440,28,10.7,1.5,16,393.92,24.62,0.28674,19390,74.601,10406,1.1639,510.82,1.8083,3.4273,10485,1.772,2.48,10413,1.1642,510.67,1.8085,-0.0011882,3.4272,72.579,8984.4
4688967568356557440,28,10.7,3,0.5,12.31,24.62,0.28674,6331.1,2.9155,132.75,2.8657,12.543,1.888,0.21383,244.91,0.71417,0.1252,139.88,3.0331,11.751,1.9191,-0.27418,0.21536,105.03,6198.3
4688967568356557440,28,10.7,3,1,24.62,24.62,0.28674,9344.4,6.1604,2599.9,3.0668,25.653,1.9241,0.26502,2768,1.0167,5.5577e-05,2607.1,3.1263,25.075,1.9343,-0.15505,0.26622,160.96,6744.5
4688967568356557440,28,10.7,3,2,49.239,24.62,0.28674,11765,11.235,5332.3,3.4462,43.796,2.0667,0.71985,5504.6,1.3105,0.074395,5339.3,3.4776,43.316,2.0728,-0.05964,0.7206,165.33,6432.5
4688967568356557440,28,10.7,3,4,98.479,24.62,0.28674,15175,26.195,7341.3,2.4045,123.9,1.845,0.37051,7615,1.5385,0.00017329,7348.1,2.4185,123.05,1.8473,0.069702,0.37298,266.91,7833.3
4688967568356557440,28,10.7,3,8,196.96,24.62,0.28674,17371,45.186,9988,2.9152,192.02,1.8947,0.42744,10314,1.8289,0.00041117,9994.9,2.9172,191.86,1.895,-0.0035618,0.42822,319.47,7382.7
4688967568356557440,28,10.7,3,16,393.92,24.62,0.28674,20450,97.055,13311,2.6966,429.33,1.8591,3.142,13492,2.1706,0.00042553,13317,2.6969,429.27,1.8591,-0.0024255,3.142,174.62,7139.5
4688967568356557440,67,10.7,0.3,0.5,19.848,39.697,0.24598,2320.3,1.0222,-3874.6,0.21627,19.966,1.4347,0.20477,-3885.7,-0.40641,0.20331,-3870.1,0.82939,3.4885,10,-0.43193,0.20423,-15.583,6194.8
4688967568356557440,67,10.7,0.3,1,39.697,39.697,0.24598,5976.9,2.3326,8.2992,0.38572,28.052,1.4147,0.46217,-2.4987,0.074331,0.46287,-13.631,3.1692,2.3349,10,-0.051077,0.47408,11.132,5968.6
4688967568356557440,67,10.7,0.3,2,79.393,39.697,0.24598,10603,6.6253,-816.16,0.020172,1598.6,1.358,0.32732,-801.44,0.21005,0.32373,-810.55,0.30098,87.985,2.6014,0.16658,0.32998,9.1079,11420
4688967568356557440,67,10.7,0.3,4,158.79,39.697,0.24598,12581,10.35,2928.8,0.02,1768.5,1.189,0.6626,2932.4,0.6091,0.72177,2935.9,0.02,1678.7,1.1836,-0.052575,0.66298,-3.4613,9652
4688967568356557440,67,10.7,0.3,8,317.57,39.697,0.24598,15843,21.607,5139.7,0.026872,3362.1,1.2862,1.1355,5140.9,0.8395,1.1655,5142.7,27.447,0.81304,10,0.81697,1.0654,-1.8479,10703
4688967568356557440,67,10.7,0.3,16,635.14,39.697,0.24598,19823,53.038,8439.9,0.027232,8209.1,1.3473,2.6278,8457.2,1.1155,2.6128,8447,0.02692,8319.7,1.3475,-0.0068169,2.628,10.181,11383
4688967568356557440,67,10.7,0.7,0.5,19.848,39.697,0.24598,4981.2,1.8633,-2285,0.86401,15.049,1.9489,0.26656,-2253.3,-0.024423,0.25536,-2275.8,0.93759,13.362,2.0276,-0.488,0.26573,22.568,7266.2
4688967568356557440,67,10.7,0.7,1,39.697,39.697,0.24598,9103.1,4.7226,-578.78,0.39136,63.361,1.5935,0.33784,-573.23,0.2765,0.3229,-571.87,0.46385,48.631,1.7155,0.06366,0.33591,-1.3583,9681.9
4688967568356557440,67,10.7,0.7,2,79.393,39.697,0.24598,12000,9.0784,3798.3,0.49673,101.3,1.5583,0.93811,3794.1,0.66128,0.91119,3805.2,0.52989,92.336,1.5772,0.075931,0.93842,-11.092,8201.2
4688967568356557440,67,10.7,0.7,4,158.79,39.697,0.24598,14717,16.759,5386.6,0.36619,235.68,1.4422,1.0994,5378.8,0.94598,1.0766,5364,28.741,0.93078,10,0.92017,0.93241,14.76,9330
4688967568356557440,67,10.7,0.7,8,317.57,39.697,0.24598,17966,34.888,6709.6,0.60287,363.79,1.7976,1.5157,6795.7,1.1391,1.3151,6716.6,0.60511,362.25,1.8004,0.019147,1.5153,79.151,11256
4688967568356557440,67,10.7,0.7,16,635.14,39.697,0.24598,21979,86.284,12309,0.25936,1580.4,1.3891,5.0769,12308,1.6281,5.0888,12316,0.25938,1579.9,1.3891,-5.6063e-05,5.0769,-7.2446,9670.8
4688967568356557440,67,10.7,1.5,0.5,19.848,39.697,0.24598,7286.5,3.1346,-753.41,1.5454,18.557,1.9992,0.28986,-670.49,0.38632,0.25742,-744.96,1.6113,17.542,2.0284,-0.37563,0.28953,74.475,8039.9
4688967568356557440,67,10.7,1.5,1,39.697,39.697,0.24598,10569,6.5742,1347.5,1.574,38.504,1.9955,0.38933,1481.7,0.68415,0.3235,1355.3,1.6043,37.517,2.0078,-0.23022,0.38892,126.46,9221.6
4688967568356557440,67,10.7,1.5,2,79.393,39.697,0.24598,13442,12.571,4348.5,1.33,82.208,1.858,0.75515,4422.4,0.9817,0.60307,4355.5,1.3553,80.28,1.8679,0.0015383,0.75525,66.905,9093.7
4688967568356557440,67,10.7,1.5,4,158.79,39.697,0.24598,16455,24.81,7242.8,1.2522,166.66,1.7154,1.1307,7298.5,1.3164,0.84648,7249.8,1.2634,164.86,1.7181,0.038853,1.1314,48.746,9212.5
4688967568356557440,67,10.7,1.5,8,317.57,39.697,0.24598,20123,56.763,10241,1.5394,339.76,2.0088,2.6496,10407,1.6042,1.9155,10248,1.5405,339.44,2.0093,-0.0055984,2.6494,158.87,9882.3
4688967568356557440,67,10.7,1.5,16,635.14,39.697,0.24598,22808,104.02,13773,1.2013,732.39,1.7167,5.3701,13831,1.9417,4.0717,13780,1.2016,732.2,1.7168,-0.001185,5.3702,51.038,9034.7
4688967568356557440,67,10.7,3,0.5,19.848,39.697,0.24598,9152.4,4.7755,2350.3,3.0818,19.697,1.9969,0.38821,2503.1,0.8552,0.26783,2358.1,3.1782,18.993,2.0159,-0.3122,0.38945,145.04,6802.2
4688967568356557440,67,10.7,3,1,39.697,39.697,0.24598,12080,9.2448,5520.2,2.3743,43.958,1.7459,0.78743,5622.4,1.1386,0.64142,5528,2.3963,43.504,1.7499,-0.2217,0.78839,94.395,6559.8
4688967568356557440,67,10.7,3,2,79.393,39.697,0.24598,15400,19.555,7523.2,3.1036,80.755,2.0082,0.76765,7744,1.4223,0.00038604,7530.5,3.1138,80.425,2.0101,-0.10103,0.76812,213.47,7877
4688967568356557440,67,10.7,3,4,158.79,39.697,0.24598,18243,37.141,10645,3.0757,153.16,1.9804,1.7528,10827,1.7239,0.00094106,10653,3.0784,152.99,1.9809,-0.047804,1.753,174.72,7598.1
4688967568356557440,67,10.7,3,8,317.57,39.697,0.24598,21619,79.55,14176,2.7023,351.08,1.9124,4.7335,14328,2.0413,2.5961,14183,2.7043,350.79,1.9127,0.0034241,4.734,144.43,7442.8
4688967568356557440,67,10.7,3,16,635.14,39.697,0.24598,24414,149.44,17015,2.9229,641.82,1.9609,8.5383,17196,2.3366,3.1243,17022,2.9235,641.66,1.9611,0.0019732,8.5386,173.91,7398.2
4688967568356557440,68,10.7,0.3,0.5,20.338,40.676,0.30046,2982.8,1.1936,-3278.9,0.17486,24.845,1.2273,0.20761,-3274.9,-0.53575,0.20089,-3270.7,0.30122,12.55,10,-0.55443,0.20258,-4.1806,6261.7
4688967568356557440,68,10.7,0.3,1,40.676,40.676,0.30046,7149.7,3.0796,-2060.9,0.02,403.73,1.1499,0.23288,-2010.3,-0.27882,0.22182,-2056.6,0.29045,44.41,2.5524,-0.3342,0.23197,46.264,9210.5
4688967568356557440,68,10.7,0.3,2,81.352,40.676,0.30046,9533.7,5.2969,-874.99,0.02,712.56,1.1499,0.22955,-828.75,-0.050853,0.21313,-868.14,0.057462,352.85,1.5431,-0.10247,0.23059,39.391,10409
4688967568356557440,68,10.7,0.3,4,162.7,40.676,0.30046,12702,10.889,3150.6,0.035604,1052,1.2219,0.73733,3217.6,0.27083,0.67909,3155.8,0.26424,174.07,1.9445,0.19702,0.72194,61.851,9551.1
4688967568356557440,68,10.7,0.3,8,325.41,40.676,0.30046,14925,18.057,5838.8,0.096837,665.52,1.2147,1.1757,5868.4,0.58623,1.0689,5843.9,0.38007,207.88,1.9874,0.53631,1.1427,24.527,9086.1
4688967568356557440,68,10.7,0.3,16,650.81,40.676,0.30046,18981,45.436,9743.9,0.071677,1799.1,1.1177,2.0054,9750.4,1.0262,2.0128,9750.9,0.070805,1814.5,1.1176,-0.00029604,2.006,-0.43277,9237.6
4688967568356557440,68,10.7,0.7,0.5,20.338,40.676,0.30046,5363,2.0511,-3108.2,0.51565,23.18,1.6696,0.20382,-2972.9,-0.35975,0.17323,-3107.1,0.91079,14.505,2.4221,-0.55963,0.19381,134.18,8471.2
4688967568356557440,68,10.7,0.7,1,40.676,40.676,0.30046,8864.7,4.5491,-20.256,0.43731,55.541,1.4218,0.30429,36.66,0.051298,0.24088,-16.17,0.83172,30.982,1.9385,-0.064666,0.28379,52.83,8884.9
4688967568356557440,68,10.7,0.7,2,81.352,40.676,0.30046,12340,10.028,1031.8,0.30147,168.72,1.5049,0.35482,1263.6,0.23541,0.19381,1029.3,0.6194,94.403,2.0056,0.060618,0.3138,234.27,11308
4688967568356557440,68,10.7,0.7,4,162.7,40.676,0.30046,14764,17.406,2786.5,0.47915,222.13,1.6715,0.49087,3235.6,0.46592,0.00012997,2773.4,0.89921,134.38,2.2677,0.25336,0.39626,462.14,11977
4688967568356557440,68,10.7,0.7,8,325.41,40.676,0.30046,18742,43.023,6584.1,0.29744,715.77,1.5283,1.145,6891.3,0.8194,0.31696,6586.2,0.51797,458.68,1.8631,0.59565,1.0131,305.13,12158
4688967568356557440,68,10.7,0.7,16,650.81,40.676,0.30046,20628,66.086,8637.1,0.38738,913.05,1.5739,1.7711,8967.3,1.0316,7.3506e-05,8642.4,0.57227,668.56,1.8255,0.76272,1.5931,324.95,11991
4688967568356557440,68,10.7,1.5,0.5,20.338,40.676,0.30046,8244.5,3.9505,-304.63,1.014,30.764,1.6401,0.25016,-158.58,0.098505,0.13321,-306.87,1.7252,18.866,2.4294,-0.042047,0.21082,148.29,8549.1
4688967568356557440,68,10.7,1.5,1,40.676,40.676,0.30046,10483,6.5741,1377.7,1.2912,43.812,1.7608,0.32644,1621.1,0.30652,9.7331e-05,1383,1.5976,35.676,1.9922,-0.0031367,0.29696,238.13,9105.5
4688967568356557440,68,10.7,1.5,2,81.352,40.676,0.30046,13307,12.498,4645.3,1.3221,81.932,1.7115,0.67235,4812.1,0.62154,0.00078616,4647.6,1.9916,54.168,2.1961,0.42895,0.55456,164.46,8662.1
4688967568356557440,68,10.7,1.5,4,162.7,40.676,0.30046,17455,32.104,7057,0.891,268.89,1.6672,0.95459,7410.7,0.87802,0.00014529,7053.6,1.5031,171.86,2.2452,0.73032,0.61109,357.18,10398
4688967568356557440,68,10.7,1.5,8,325.41,40.676,0.30046,19712,53.653,11049,1.3649,347.78,1.7587,3.0777,11258,1.2545,0.55196,11056,1.3684,346.88,1.761,0.013844,3.075,201.56,8663
4688967568356557440,68,10.7,1.5,16,650.81,40.676,0.30046,22931,111.58,13910,1.2303,762.17,1.7247,5.6477,14126,1.5404,0.0036357,13917,1.2311,761.7,1.7252,0.0028777,5.6464,208.55,9020.9
4688967568356557440,68,10.7,3,0.5,20.338,40.676,0.30046,8989.4,4.6801,1937.5,2.7946,20.42,1.895,0.30528,2161.1,0.35985,1.1991e-05,1945.7,2.9196,19.405,1.9333,-0.34295,0.30147,215.44,7051.9
4688967568356557440,68,10.7,3,1,40.676,40.676,0.30046,12305,9.9502,4698.5,2.8226,43.314,1.9102,0.42986,5118.2,0.65176,2.4853e-05,4705.9,2.8862,42.21,1.9297,-0.16657,0.42398,412.3,7606.7
4688967568356557440,68,10.7,3,2,81.352,40.676,0.30046,15509,20.623,7962.3,2.4136,96.974,1.803,0.97786,8235.4,0.95939,0.0011082,7969.2,2.462,94.804,1.8155,0.041675,0.97323,266.17,7546.7
4688967568356557440,68,10.7,3,4,162.7,40.676,0.30046,18493,40.661,10940,2.6276,183.86,1.8549,1.8278,11296,1.2613,0.00046076,10947,2.6381,183.02,1.8577,0.011093,1.8257,348.46,7553
4688967568356557440,68,10.7,3,8,325.41,40.676,0.30046,21633,83.056,13972,2.7837,362.04,1.9052,3.5659,14384,1.5659,0.00037746,13979,2.7852,361.8,1.9057,-0.010716,3.5643,405.04,7660.9
4688967568356557440,68,10.7,3,16,650.81,40.676,0.30046,24908,174.95,16997,2.7371,774.88,1.9406,7.2452,17494,1.8725,0.004112,17004,2.7378,774.68,1.9408,0.0016608,7.2446,489.2,7910.5
4689002851458876800,28,11.4,0.3,0.5,4.2647,8.5293,0.29868,205.03,0.63711,-991.66,0.040339,26.015,1.0228,0.43772,-1002.8,-0.10834,0.44228,-984.76,1.8988,0.58867,10,-0.16904,0.44272,-18.048,1196.7
4689002851458876800,28,11.4,0.3,1,8.5293,8.5293,0.29868,139.03,0.62675,-994.59,0.46841,5.2294,1.6111,0.44012,-1007.7,-0.065608,0.43885,-987.29,0.65954,1.7113,3.2741,-0.091952,0.43948,-20.4,1133.6
4689002851458876800,28,11.4,0.3,2,17.059,8.5293,0.29868,3226.9,1.349,-901.45,0.17755,29.306,1.8167,0.44897,-873.83,0.092723,0.44178,-893.95,0.21,24.958,2.0357,-0.29536,0.44802,20.117,4128.3
4689002851458876800,28,11.4,0.3,4,34.117,8.5293,0.29868,5420.2,2.3254,-715.51,0.28693,38.299,1.9342,0.44499,-669.29,0.3671,0.43291,-709.38,0.35601,31.096,2.2749,0.042198,0.44268,40.09,6135.7
4689002851458876800,28,11.4,0.3,8,68.235,8.5293,0.29868,8071.3,4.491,988.55,0.12197,139.28,1.3151,0.56196,981.78,0.8163,0.56731,995.49,0.12027,139.78,1.3141,-0.013914,0.562,-13.707,7082.7
4689002851458876800,28,11.4,0.3,16,136.47,8.5293,0.29868,10363,7.9331,2133.7,0.02,622.4,1.0059,0.44608,2228.8,1.1644,0.62469,2118.7,18.916,1.3633,2.0623,0.98744,0.42802,110.06,8229.4
4689002851458876800,28,11.4,0.7,0.5,4.2647,8.5293,0.29868,683.68,0.7175,-910.67,0.61232,5.6346,1.7159,0.4403,-921.96,0.069718,0.43817,-903.59,0.84689,3.4519,2.0226,-0.14773,0.44035,-18.369,1594.4
4689002851458876800,28,11.4,0.7,1,8.5293,8.5293,0.29868,2216.1,1.0496,-711.4,1.0849,6.7883,2.5511,0.44649,-703.09,0.31852,0.43606,-705.09,1.2732,5.306,3.0609,-0.040006,0.4448,1.9988,2927.5
4689002851458876800,28,11.4,0.7,2,17.059,8.5293,0.29868,4774.2,1.9809,-224.77,0.51319,22.102,1.6226,0.4565,-232.94,0.58049,0.44793,-223.79,1.2982,6.5127,6.4923,0.52585,0.45282,-9.1495,4999
4689002851458876800,28,11.4,0.7,4,34.117,8.5293,0.29868,7135.3,3.5598,313.42,0.50957,39.519,1.6339,0.47375,310.06,0.80519,0.45803,315,2.5659,4.2269,10,0.74683,0.46591,-4.932,6821.9
4689002851458876800,28,11.4,0.7,8,68.235,8.5293,0.29868,10261,7.7343,1410.4,0.31199,124.19,1.4798,0.49845,1406.2,1.1124,0.48216,1404.7,1.9981,13.519,10,1.07,0.496,1.4873,8850.4
4689002851458876800,28,11.4,0.7,16,136.47,8.5293,0.29868,12835,14.655,1576.6,0.70298,138.05,2.007,0.499,1785.9,1.2646,0.41807,1583.5,0.70462,137.74,2.0095,0.014128,0.49884,202.41,11259
4689002851458876800,28,11.4,1.5,0.5,4.2647,8.5293,0.29868,1263.4,0.82857,-629.39,1.1771,4.7913,1.6065,0.43732,-614.83,0.36503,0.44007,-622.33,1.467,3.8308,1.7209,-0.23795,0.43815,7.5029,1892.8
4689002851458876800,28,11.4,1.5,1,8.5293,8.5293,0.29868,3361.8,1.395,-192.31,1.1439,9.1852,1.6625,0.44471,-179.82,0.63284,0.4419,-185.16,1.2323,8.4203,1.6937,-0.11916,0.44507,5.3378,3554.2
4689002851458876800,28,11.4,1.5,2,17.059,8.5293,0.29868,6770.7,3.2518,617.73,1.2614,21.532,1.8355,0.45399,644.71,0.98393,0.42751,624.59,1.2898,20.936,1.8471,0.018181,0.4541,20.119,6153
4689002851458876800,28,11.4,1.5,4,34.117,8.5293,0.29868,9485,6.3793,2522.2,0.91658,50.958,1.5466,0.57238,2535.9,1.3095,0.55175,2529.1,0.91941,50.738,1.5472,-0.013411,0.57243,6.8318,6962.9
4689002851458876800,28,11.4,1.5,8,68.235,8.5293,0.29868,11508,10.542,3022.8,1.2909,72.325,1.7784,0.48514,3086.4,1.5122,0.35374,3029.7,1.2915,72.277,1.7787,-0.01438,0.48511,56.659,8485.5
4689002851458876800,28,11.4,1.5,16,136.47,8.5293,0.29868,14938,24.698,6068.8,1.0095,197.84,1.6758,0.91672,6109.7,1.8536,0.64761,6075.7,1.0096,197.83,1.6758,-0.0022207,0.91671,34.064,8868.8
4689002851458876800,28,11.4,3,0.5,4.2647,8.5293,0.29868,2242.3,1.0565,-9.386,3.7257,3.5935,2.2177,0.442,115.72,0.78907,0.4347,-1.0621,3.8355,3.4826,2.2583,-0.44496,0.4424,116.78,2251.7
4689002851458876800,28,11.4,3,1,8.5293,8.5293,0.29868,5197.9,2.2006,989.25,2.8488,9.2528,1.9771,0.46834,1086,1.0799,0.4439,996.82,2.8832,9.1283,1.9859,-0.23201,0.46854,89.16,4208.7
4689002851458876800,28,11.4,3,2,17.059,8.5293,0.29868,7556.9,3.9526,2159.3,3.284,15.74,1.9961,0.45342,2293.8,1.384,0.3755,2166.1,3.3346,15.473,2.0065,-0.012262,0.45409,127.64,5397.6
4689002851458876800,28,11.4,3,4,34.117,8.5293,0.29868,10367,7.9411,3878.8,3.0739,32.902,1.9423,0.4665,4022,1.6602,0.2284,3885.8,3.0818,32.802,1.9437,-0.026887,0.46669,136.22,6488.3
4689002851458876800,28,11.4,3,8,68.235,8.5293,0.29868,13363,16.708,6343.7,2.7314,73.569,1.8878,0.70309,6479,1.9417,0.00039218,6350.6,2.7332,73.51,1.8881,-0.0036669,0.70321,128.41,7019.5
4689002851458876800,28,11.4,3,16,136.47,8.5293,0.29868,16228,34.028,8950.9,2.6827,151.89,1.8405,0.62445,9155.5,2.2297,1e-06,8957.8,2.6833,151.85,1.8406,0.00071287,0.62455,197.77,7277.6
4689002851458876800,67,11.4,0.3,0.5,7.0338,14.068,0.20892,834.41,0.73102,-1835,0.26937,10.123,1.284,0.35142,-1843.7,0.059495,0.3546,-1834.8,3.1454,0.62971,10,-0.04967,0.35544,-8.9367,2669.4
4689002851458876800,67,11.4,0.3,1,14.068,14.068,0.20892,2193,0.99325,-1698.3,0.33621,13.121,1.4004,0.34961,-1709.1,0.21366,0.3507,-1691.2,0.43844,8.4873,1.433,-0.066496,0.34989,-17.884,3891.3
4689002851458876800,67,11.4,0.3,2,28.135,14.068,0.20892,4620.7,1.7177,-1385.8,0.18216,39.589,1.4475,0.36806,-1396.9,0.32273,0.36542,-1383.4,0.325,17.118,10,0.30236,0.36655,-13.515,6006.5
4689002851458876800,67,11.4,0.3,4,56.27,14.068,0.20892,7814.6,3.5312,-778.07,0.02,649.1,1.221,0.35217,-782.13,0.63437,0.36429,-771,0.02,622.57,1.2173,-0.032962,0.35231,-11.132,8592.6
4689002851458876800,67,11.4,0.3,8,112.54,14.068,0.20892,10690,6.7564,1622.8,0.072274,293.71,1.1642,0.4319,1643.9,1.0877,0.49555,1628.3,1.8018,3.2138,0.70759,0.99644,0.29348,15.54,9067.5
4689002851458876800,67,11.4,0.3,16,225.08,14.068,0.20892,15029,17.982,2801.4,0.11997,596.16,1.6236,0.8367,2874.1,1.038,0.79993,2808.4,0.12061,592.89,1.6265,-0.00053833,0.83661,65.727,12227
4689002851458876800,67,11.4,0.7,0.5,7.0338,14.068,0.20892,2394.2,1.0394,-1584.4,0.58956,10.073,1.7429,0.36289,-1591,0.24308,0.35794,-1577,0.65314,8.6055,1.8197,-0.17505,0.3628,-14.036,3978.6
4689002851458876800,67,11.4,0.7,1,14.068,14.068,0.20892,4868.7,1.8166,-1222.1,0.50319,20.718,1.613,0.35609,-1228.5,0.50474,0.34942,-1214.9,0.51248,19.882,1.6245,-0.10342,0.35597,-13.58,6090.9
4689002851458876800,67,11.4,0.7,2,28.135,14.068,0.20892,7304.5,3.1473,230.95,0.59626,31.842,1.7487,0.48182,237.51,0.71023,0.46671,238.04,0.60791,30.937,1.7617,-0.036577,0.48168,-0.52601,7073.6
4689002851458876800,67,11.4,0.7,4,56.27,14.068,0.20892,10189,6.0342,1024.7,0.55437,64.666,1.7057,0.49871,1043,0.96808,0.4718,1031.7,0.55707,64.184,1.709,-0.013866,0.4986,11.266,9164.6
4689002851458876800,67,11.4,0.7,8,112.54,14.068,0.20892,14340,15.392,4518.2,0.28343,255.9,1.4069,0.87718,4513.8,1.413,0.87491,4525.2,0.28348,255.65,1.4069,-0.00041879,0.87718,-11.364,9821.4
4689002851458876800,67,11.4,0.7,16,225.08,14.068,0.20892,16064,22.713,6283.7,0.61283,234.12,1.7228,1.4873,6316.3,1.5753,1.3487,6290.7,0.6133,233.89,1.7232,0.0025985,1.4873,25.65,9780.2
4689002851458876800,67,11.4,1.5,0.5,7.0338,14.068,0.20892,3339.2,1.2864,-1108.8,1.3734,7.7753,1.8739,0.358,-1079.3,0.57099,0.34937,-1102.3,1.6618,6.273,2.0107,-0.085602,0.35905,22.976,4448
4689002851458876800,67,11.4,1.5,1,14.068,14.068,0.20892,6154,2.4277,-83.234,1.4559,14.656,1.9029,0.39407,-38.563,0.85174,0.37454,-75.716,1.4805,14.345,1.9123,-0.1874,0.39409,37.153,6237.3
4689002851458876800,67,11.4,1.5,2,28.135,14.068,0.20892,8989.3,4.6029,837.99,1.4344,28.85,1.8769,0.38469,909.87,1.1243,0.33512,845.18,1.4439,28.604,1.8804,-0.079874,0.38469,64.695,8151.3
4689002851458876800,67,11.4,1.5,4,56.27,14.068,0.20892,11917,8.91,3514.8,1.5614,52.648,1.893,0.65097,3602,1.4206,0.55594,3521.9,1.5635,52.549,1.8937,-0.048379,0.65094,80.044,8401.7
4689002851458876800,67,11.4,1.5,8,112.54,14.068,0.20892,15057,18.095,6336.8,1.2587,120.78,1.7283,1.0938,6391.6,1.7293,0.90436,6343.8,1.2594,120.7,1.7285,-0.0075904,1.0939,47.804,8719.7
4689002851458876800,67,11.4,1.5,16,225.08,14.068,0.20892,18231,37.034,9127.7,1.3509,241.41,1.793,1.9357,9211.1,2.0342,1.4569,9134.8,1.3513,241.33,1.7931,6.7e-06,1.9358,76.308,9102.9
4689002851458876800,67,11.4,3,0.5,7.0338,14.068,0.20892,4857.7,1.8121,3.5717,3.0552,7.3675,2.0822,0.35994,133.19,0.97192,0.33372,11.158,3.1622,7.0914,2.112,-0.25328,0.36049,122.03,4854.1
4689002851458876800,67,11.4,3,1,14.068,14.068,0.20892,7626.3,3.3843,1633.2,3.2679,13.409,2.1153,0.42597,1792,1.2502,0.36105,1640.6,3.3104,13.209,2.1254,-0.16253,0.4263,151.42,5993.1
4689002851458876800,67,11.4,3,2,28.135,14.068,0.20892,11019,7.2759,3872.9,2.7079,31.869,1.9288,0.53896,4018.6,1.5446,0.39595,3879.9,2.7268,31.611,1.9323,-0.0026479,0.53932,138.76,7145.7
4689002851458876800,67,11.4,3,4,56.27,14.068,0.20892,13630,13.115,6165.9,2.7113,58.307,1.8776,0.67123,6321.7,1.8221,0.24349,6173,2.7121,58.283,1.8777,-0.052452,0.67123,148.69,7464.2
4689002851458876800,67,11.4,3,8,112.54,14.068,0.20892,16959,27.798,9734.5,3.1137,114.77,2.0193,1.8021,9927.8,2.1614,0.89206,9741.5,3.1156,114.69,2.0196,0.0064805,1.8023,186.32,7224.8
4689002851458876800,67,11.4,3,16,225.08,14.068,0.20892,20256,58.485,12959,2.5147,266.92,1.8661,3.9348,13106,2.4427,2.8186,12966,2.5149,266.88,1.8662,0.00030833,3.9349,139.98,7296.6
4689002851458876800,68,11.4,0.3,0.5,6.0818,12.164,0.30046,4413.9,1.6528,821.4,0.42454,18.774,1.5372,0.63183,831.9,0.13731,0.614,828.93,0.46007,16.916,1.6419,-0.22245,0.62996,2.9754,3592.5
4689002851458876800,68,11.4,0.3,1,12.164,12.164,0.30046,4500.5,1.6857,825.6,0.4498,18.544,1.5688,0.63131,838.38,0.14585,0.61261,833.16,0.48912,16.712,1.6754,-0.22881,0.62941,5.2165,3674.9
4689002851458876800,68,11.4,0.3,2,24.327,12.164,0.30046,5828.6,2.2803,980.2,0.26953,35.115,1.425,0.63655,1001.8,0.22071,0.61663,987.75,0.27579,33.845,1.4688,-0.21693,0.63519,14.007,4848.4
4689002851458876800,68,11.4,0.3,4,48.655,12.164,0.30046,8582,4.2658,1587.3,0.098896,145.81,1.2707,0.66495,1626.1,0.43561,0.6354,1594.3,0.10815,134.92,1.3145,0.020381,0.6648,31.832,6994.7
4689002851458876800,68,11.4,0.3,8,97.309,12.164,0.30046,9187.1,4.8953,1193.1,0.36888,68.014,1.7639,0.62954,1369.6,0.44871,0.57672,1199.2,0.4683,56.17,2.0128,0.042488,0.62264,170.34,7994
4689002851458876800,68,11.4,0.3,16,194.62,12.164,0.30046,13318,12.529,5493,0.062065,640.06,1.1506,1.2698,5507,0.98421,1.2323,5500,0.061978,639.88,1.1515,-0.013731,1.2702,7.0247,7825.4
4689002851458876800,68,11.4,0.7,0.5,6.0818,12.164,0.30046,4616.3,1.7307,779.19,0.55834,17.264,1.745,0.62506,807.81,0.16678,0.6012,785.16,0.7686,12.468,2.4146,-0.053645,0.61841,22.648,3837.1
4689002851458876800,68,11.4,0.7,1,12.164,12.164,0.30046,5763.5,2.2468,1295.6,0.47217,25.26,1.5439,0.67203,1314,0.29632,0.64422,1301.6,0.70139,16.854,2.1457,0.13635,0.66347,12.392,4467.9
4689002851458876800,68,11.4,0.7,2,24.327,12.164,0.30046,6933.5,2.9318,1055.5,0.73499,25.993,1.9337,0.61914,1155.9,0.37733,0.57721,1062.5,0.81098,23.724,2.106,-0.086119,0.61504,93.429,5878
4689002851458876800,68,11.4,0.7,4,48.655,12.164,0.30046,9922.5,5.7867,1954.7,0.52761,63.928,1.6337,0.65053,2067.9,0.6368,0.57235,1961.4,0.58793,58.078,1.736,0.20712,0.64422,106.41,7967.8
4689002851458876800,68,11.4,0.7,8,97.309,12.164,0.30046,12540,10.497,3889,0.42337,140.49,1.4757,0.83561,3970.5,0.93687,0.65988,3883.6,0.97496,69.484,2.4472,0.82403,0.76323,86.908,8651.4
4689002851458876800,68,11.4,0.7,16,194.62,12.164,0.30046,15255,19.467,5734.7,0.52202,233.18,1.5353,1.0703,5881.2,1.2033,0.63642,5717.8,1.2958,108.25,2.7349,1.0813,0.90131,163.36,9520.8
4689002851458876800,68,11.4,1.5,0.5,6.0818,12.164,0.30046,5232.5,1.9911,1111.9,0.82628,15.478,1.7012,0.6351,1128.8,0.29548,0.61049,1119.5,0.88467,14.199,1.7629,-0.22365,0.63369,9.2803,4120.6
4689002851458876800,68,11.4,1.5,1,12.164,12.164,0.30046,6321.4,2.5508,1451.4,1.334,15.779,1.9094,0.63184,1501,0.4762,0.58473,1458.3,1.4691,14.049,2.0162,-0.048002,0.62908,42.663,4870.1
4689002851458876800,68,11.4,1.5,2,24.327,12.164,0.30046,8512.9,4.1993,2229,1.7062,23.449,2.0783,0.66533,2368.6,0.71061,0.55995,2236,1.7691,22.497,2.1334,0.0087426,0.66229,132.63,6283.9
4689002851458876800,68,11.4,1.5,4,48.655,12.164,0.30046,11587,8.4495,3589,1.4472,51.332,1.8612,0.72632,3746.1,0.96658,0.48539,3596,1.4661,50.643,1.8738,0.029454,0.72456,150.1,7997.5
4689002851458876800,68,11.4,1.5,8,97.309,12.164,0.30046,14710,17.194,6115.6,1.1176,122.99,1.7217,1.1741,6279.2,1.2444,0.68345,6120.8,1.79,76.743,2.296,1.0448,1.0486,158.45,8594.1
4689002851458876800,68,11.4,1.5,16,194.62,12.164,0.30046,17293,30.944,7690.5,1.2422,210.75,1.7315,1.1208,8019.1,1.4618,1e-06,7697.5,1.2431,210.61,1.7322,0.0066087,1.1203,321.57,9602.3
4689002851458876800,68,11.4,3,0.5,6.0818,12.164,0.30046,5752.9,2.2413,1781.8,1.6788,12.019,1.7312,0.65233,1804.2,0.52646,0.61153,1784.1,2.9424,6.3265,2.312,0.23969,0.64994,20.137,3971
4689002851458876800,68,11.4,3,1,12.164,12.164,0.30046,7533.5,3.3606,2631.1,2.7991,14.227,2.0031,0.6569,2713,0.78826,0.53896,2632.3,3.5689,10.83,2.288,0.26644,0.65645,80.654,4902.4
4689002851458876800,68,11.4,3,2,24.327,12.164,0.30046,10365,6.4003,3970.2,2.7629,27.972,1.9294,0.64942,4118.9,1.057,0.2772,3977.2,2.7964,27.589,1.9398,-0.011679,0.64881,141.73,6395.3
4689002851458876800,68,11.4,3,4,48.655,12.164,0.30046,13459,12.937,6541.7,2.6274,57.711,1.8226,0.88041,6712,1.3328,0.00016343,6540.9,3.7642,38.374,2.1208,0.95675,0.85934,171.04,6917.6
4689002851458876800,68,11.4,3,8,97.309,12.164,0.30046,16135,23.778,9120.7,2.5536,108.42,1.7553,1.2331,9334.3,1.5915,1e-06,9127.7,2.5553,108.34,1.7557,-0.0082188,1.2329,206.54,7014.2
4689002851458876800,68,11.4,3,16,194.62,12.164,0.30046,19034,45.982,11578,3.0658,191.55,1.9122,1.6686,12079,1.8622,0.00016435,11585,3.0667,191.48,1.9124,0.0010092,1.6684,493.8,7455.7
4689054670286883968,27,13,0.3,0.5,0.84289,1.6858,0.71455,-5221.8,0.15805,-5925.7,0.46361,1.1324,1.9355,0.12576,-5936,-0.33108,0.12563,-5917.8,0.38458,0.80865,2.9595,-0.40365,0.12582,-18.2,703.88
4689054670286883968,27,13,0.3,1,1.6858,1.6858,0.71455,-4650.2,0.18308,-5820.5,0.65411,1.2696,2.1968,0.12693,-5833.9,-0.16036,0.12689,-5815,0.79738,0.58531,10,-0.22222,0.12711,-18.895,1170.3
4689054670286883968,27,13,0.3,2,3.3716,1.6858,0.71455,-3319.2,0.25782,-5753.6,0.27015,3.8144,1.6278,0.12678,-5756.4,-0.0085576,0.12714,-5746.3,0.33746,2.2269,10,-0.087133,0.1275,-10.016,2434.3
4689054670286883968,27,13,0.3,4,6.7432,1.6858,0.71455,-659.74,0.51096,-5340.9,0.15489,12.531,1.3555,0.12832,-5319.1,0.40576,0.13338,-5333.8,0.11013,15.285,1.2876,-0.094918,0.12804,14.721,4681.1
4689054670286883968,27,13,0.3,8,13.486,1.6858,0.71455,611.47,0.70858,-5291.6,0.30285,11.114,1.6965,0.1298,-5289.3,0.49341,0.13178,-5284.6,0.27379,11.524,1.6563,-0.035715,0.12975,-4.6811,5903
4689054670286883968,27,13,0.3,16,26.973,1.6858,0.71455,4694.1,2.025,-3153.9,0.02,125.77,0.95499,0.10037,-2735.3,1.1205,0.22809,-3203.6,14.313,0.56449,1.3263,0.87734,0.0030622,468.28,7848
4689054670286883968,27,13,0.7,0.5,0.84289,1.6858,0.71455,-5229.6,0.15774,-5876.3,0.73012,0.85258,2.0355,0.12616,-5888.9,-0.27031,0.12649,-5869.3,2.9668,0.084846,3.5565,-0.29507,0.12608,-19.644,646.68
4689054670286883968,27,13,0.7,1,1.6858,1.6858,0.71455,-4272.5,0.20176,-5740.4,1.0714,1.1365,2.4294,0.1261,-5745.5,0.045183,0.12654,-5732.8,1.2186,0.85922,2.5332,-0.28265,0.12611,-12.73,1467.9
4689054670286883968,27,13,0.7,2,3.3716,1.6858,0.71455,-1113.6,0.45467,-5450.4,0.59829,4.474,1.9804,0.12789,-5461.1,0.38631,0.1287,-5444.2,4.1936,0.12739,10,0.35152,0.12824,-16.834,4336.8
4689054670286883968,27,13,0.7,4,6.7432,1.6858,0.71455,555.2,0.69839,-5040.3,0.60323,6.8965,1.7412,0.12901,-5020.2,0.73662,0.13286,-5033.4,0.59853,6.6326,1.7186,0.028833,0.12892,13.244,5595.5
4689054670286883968,27,13,0.7,8,13.486,1.6858,0.71455,4114.9,1.7447,-3419.3,0.02,331.36,1.1634,0.13939,-3291.4,1.1304,0.19191,-3497.3,26.38,0.33211,1.5068,1.0268,0.0048098,205.91,7534.1
4689054670286883968,27,13,0.7,16,26.973,1.6858,0.71455,6656.6,3.3546,-2639,0.18607,87.773,1.3716,0.13176,-2360.7,1.6257,0.19219,-2659,0.19973,17.092,0.97424,1.2621,0.085085,298.35,9295.6
4689054670286883968,27,13,1.5,0.5,0.84289,1.6858,0.71455,-4386,0.19596,-5626.7,1.5049,0.90003,1.9969,0.12592,-5577.8,0.2225,0.12873,-5622,2.7266,0.45516,3.2225,-0.23414,0.12658,44.202,1240.6
4689054670286883968,27,13,1.5,1,1.6858,1.6858,0.71455,-2268.5,0.33782,-5215.8,1.1971,2.1326,1.7796,0.12805,-5141.8,0.61473,0.13312,-5208.5,1.3109,1.8917,1.806,-0.18171,0.12811,66.756,2947.3
4689054670286883968,27,13,1.5,2,3.3716,1.6858,0.71455,388.29,0.66905,-4759.5,1.094,4.7187,1.8176,0.12804,-4670,0.98045,0.13445,-4752.5,1.1342,4.4817,1.826,-0.043148,0.12809,82.486,5147.8
4689054670286883968,27,13,1.5,4,6.7432,1.6858,0.71455,2290.3,1.0912,-3766.3,1.3341,7.0369,1.778,0.13677,-3580.4,1.394,0.15119,-3759.3,1.3494,6.9274,1.7803,-0.045597,0.1368,178.96,6056.6
4689054670286883968,27,13,1.5,8,13.486,1.6858,0.71455,5102.6,2.2493,-2624.5,1.0506,16.522,1.6127,0.12093,-2300.5,1.8258,0.16019,-2617.6,1.0545,16.439,1.6131,-0.0061871,0.12095,317.12,7727.2
4689054670286883968,27,13,1.5,16,26.973,1.6858,0.71455,7840.7,4.5488,-1383.4,1.362,29.634,1.8504,0.12395,-1087.9,2.1517,0.15977,-1376.5,1.3626,29.612,1.8505,-0.0062583,0.12395,288.57,9224.1
4689054670286883968,27,13,3,0.5,0.84289,1.6858,0.71455,-3429.1,0.25064,-5158.8,2.3518,1.0261,1.7193,0.12611,-4948,0.72843,0.13607,-5151.4,2.8346,0.86695,1.8682,-0.3435,0.12668,203.35,1729.7
4689054670286883968,27,13,3,1,1.6858,1.6858,0.71455,-1149.7,0.45047,-4408.1,3.5083,1.6717,2.1942,0.12795,-4068,1.2968,0.13731,-4400.3,3.6107,1.6194,2.2253,-0.31709,0.1281,332.29,3258.5
4689054670286883968,27,13,3,2,3.3716,1.6858,0.71455,1332.6,0.85297,-3458.7,3.3009,3.3657,2.0866,0.12866,-3050.8,1.6799,0.14209,-3452,3.4302,3.2227,2.1161,-0.0052423,0.12901,401.19,4791.3
4689054670286883968,27,13,3,4,6.7432,1.6858,0.71455,4437.8,1.8958,-2086.7,2.6752,8.4139,1.971,0.13018,-1665.8,2.028,0.15489,-2079.8,2.6936,8.3458,1.9743,0.00027978,0.13029,414.02,6524.5
4689054670286883968,27,13,3,8,13.486,1.6858,0.71455,6288.8,3.0518,-229.55,3.2936,12.157,1.9821,0.13215,343.5,2.3944,0.18576,-222.66,3.3021,12.12,1.9834,-0.0019747,0.13226,566.16,6518.4
4689054670286883968,27,13,3,16,26.973,1.6858,0.71455,9283.4,6.5926,2329.6,2.4329,31.14,1.7525,0.00010769,3003.2,2.7174,0.33586,2336.5,2.4338,31.127,1.7525,-0.0059347,0.00014778,666.64,6953.8
4689054670286883968,28,13,0.3,0.5,1.5025,3.005,0.29868,-1263.5,0.44247,-4943.9,0.19829,8.2908,1.1941,0.14285,-4951.6,0.40025,0.14714,-4940.9,0.12916,0.84517,0.47761,0.35309,0.12928,-10.735,3680.4
4689054670286883968,28,13,0.3,1,3.005,3.005,0.29868,-1082.2,0.46283,-4947.4,0.10967,12.648,1.1023,0.13997,-4950.7,0.4087,0.14667,-4944.5,0.15903,0.89721,0.49442,0.34935,0.1256,-6.2324,3865.2
4689054670286883968,28,13,0.3,2,6.01,3.005,0.29868,-514.97,0.53282,-4706.4,0.19387,10.609,1.2356,0.15007,-4716.5,0.46013,0.15374,-4704.5,0.020193,1.1966,0.38152,0.42441,0.13131,-12.068,4191.4
4689054670286883968,28,13,0.3,4,12.02,3.005,0.29868,2060.2,1.0098,-4333.7,0.065707,55.34,1.2663,0.15883,-4339,0.5977,0.16101,-4326.7,0.061708,57.744,1.2634,-0.060637,0.15888,-12.303,6393.9
4689054670286883968,28,13,0.3,8,24.04,3.005,0.29868,3808.1,1.5584,-2578.7,0.13398,44.112,1.2394,0.22082,-2582.4,0.91226,0.22946,-2607.8,15.875,0.22846,10,0.85123,0.21573,25.42,6386.8
4689054670286883968,28,13,0.3,16,48.08,3.005,0.29868,6914.2,3.3697,-3554.8,0.02,446.22,1.2321,0.15077,-3517,0.96031,0.15766,-3547.6,0.02,444.44,1.232,-0.10035,0.15081,30.635,10469
4689054670286883968,28,13,0.7,0.5,1.5025,3.005,0.29868,-1345.4,0.43356,-5035.6,0.27595,6.5987,1.2814,0.14147,-5046.2,0.38698,0.1439,-5032.9,0.027673,0.71533,0.30826,0.35534,0.11776,-13.271,3690.3
4689054670286883968,28,13,0.7,1,3.005,3.005,0.29868,-172.95,0.58004,-4758.9,0.18507,11.855,1.2174,0.1434,-4766.4,0.51165,0.14787,-4754.4,0.02,2.6857,0.53548,0.4638,0.13331,-12.048,4586
4689054670286883968,28,13,0.7,2,6.01,3.005,0.29868,1631.6,0.90787,-4692.3,0.30347,14.231,1.4669,0.1421,-4702.9,0.63419,0.14052,-4688,1.1561,2.6699,4.0466,0.59775,0.14186,-14.896,6323.9
4689054670286883968,28,13,0.7,4,12.02,3.005,0.29868,3834.7,1.5688,-3157.1,0.21445,33.118,1.3199,0.17777,-3164.7,0.94482,0.18259,-3174.8,17.357,0.17153,10,0.8967,0.17402,10.109,6991.7
4689054670286883968,28,13,0.7,8,24.04,3.005,0.29868,6087.9,2.7447,-2999.8,0.1851,69.776,1.3913,0.15734,-3004.8,1.1069,0.15674,-2995.9,0.84208,14.231,3.1358,1.0753,0.16078,-8.9421,9087.7
4689054670286883968,28,13,0.7,16,48.08,3.005,0.29868,8375.9,4.8438,63.747,0.38167,67.707,1.5143,0.37371,63.492,1.391,0.3608,69.303,1.5614,11.205,10,1.3625,0.36679,-5.8109,8312.2
4689054670286883968,28,13,1.5,0.5,1.5025,3.005,0.29868,-506.03,0.53401,-4802.5,0.33449,7.2366,1.2676,0.13915,-4805.6,0.54873,0.14331,-4795.6,0.33877,6.6319,1.2525,0.014552,0.13902,-10.046,4296.4
4689054670286883968,28,13,1.5,1,3.005,3.005,0.29868,300.91,0.65246,-4692.8,0.87964,5.1596,1.6072,0.13523,-4689.9,0.71001,0.13341,-4685.7,0.90787,4.9347,1.6168,-0.080943,0.13526,-4.2242,4993.7
4689054670286883968,28,13,1.5,2,6.01,3.005,0.29868,2847.4,1.2277,-3858.7,0.78508,10.238,1.5399,0.13755,-3854.1,0.97668,0.13512,-3851.8,0.8002,9.9779,1.5439,0.017353,0.13759,-2.3089,6706.1
4689054670286883968,28,13,1.5,4,12.02,3.005,0.29868,4964.7,2.0768,-2692.9,1.3998,12.86,1.8756,0.16163,-2634.4,1.2305,0.14362,-2685.9,1.4062,12.782,1.8779,-0.015103,0.16162,51.527,7657.6
4689054670286883968,28,13,1.5,8,24.04,3.005,0.29868,7729.5,4.1256,-948.54,0.84199,34.993,1.5166,0.11174,-932.16,1.5651,0.090477,-941.62,0.84278,34.945,1.5168,-0.0028009,0.11175,9.4586,8678
4689054670286883968,28,13,1.5,16,48.08,3.005,0.29868,10579,8.3691,1613,1.683,47.047,2.0632,0.38889,1787.6,1.8053,0.29177,1620,1.6837,47.02,2.0634,0.001034,0.38888,167.66,8965.5
4689054670286883968,28,13,3,0.5,1.5025,3.005,0.29868,-461.43,0.53995,-4138.6,1.7164,2.8618,1.5808,0.14424,-4077.7,0.84502,0.14581,-4135.7,2.6606,1.8676,1.793,0.19138,0.14585,57.988,3677.2
4689054670286883968,28,13,3,1,3.005,3.005,0.29868,1098.8,0.79538,-3464.5,2.7861,3.3942,1.8687,0.14009,-3363.8,1.1089,0.13268,-3457,2.8235,3.3449,1.8766,-0.21,0.14018,93.152,4563.2
4689054670286883968,28,13,3,2,6.01,3.005,0.29868,3809.6,1.559,-2018,2.4669,7.1222,1.7984,0.1548,-1921.9,1.3736,0.13716,-2012.5,2.8296,6.1356,1.8655,0.46125,0.15655,90.6,5827.5
4689054670286883968,28,13,3,4,12.02,3.005,0.29868,6306.4,2.8977,-26.559,3.1426,11.828,1.9633,0.19345,119.85,1.6769,0.12001,-19.53,3.1468,11.808,1.964,-0.051298,0.19347,139.38,6332.9
4689054670286883968,28,13,3,8,24.04,3.005,0.29868,9131.5,5.8432,2302.8,3.1578,24.049,1.9767,0.25805,2476.8,1.9631,0.00010235,2309.8,3.16,24.029,1.977,-0.0039255,0.25809,167.03,6828.6
4689054670286883968,28,13,3,16,48.08,3.005,0.29868,11928,11.699,4830.1,3.3172,45.942,2.0184,0.40891,5055.4,2.2405,0.00039751,4837,3.3186,45.919,2.0186,0.010055,0.40895,218.46,7097.8
4689054670286883968,67,13,0.3,0.5,2.8093,5.6187,0.20892,-4741.3,0.20776,-7694,0.21954,3.6225,1.6992,0.099376,-7688.2,-0.36515,0.098197,-7684.9,0.28033,2.7462,2.1326,-0.57291,0.099051,-3.2557,2952.7
4689054670286883968,67,13,0.3,1,5.6187,5.6187,0.20892,-3374.6,0.2828,-7074.6,0.43285,3.1752,1.5744,0.10657,-7083.9,-0.051817,0.10528,-7066.6,0.46306,2.6359,1.6373,-0.32358,0.10632,-17.312,3700
4689054670286883968,67,13,0.3,2,11.237,5.6187,0.20892,164.3,0.62844,-6905.6,0.23478,11.387,1.5435,0.10398,-6895.7,0.15678,0.10093,-6898.7,0.29254,8.9277,1.7256,-0.076294,0.10351,2.9963,7069.9
4689054670286883968,67,13,0.3,4,22.475,5.6187,0.20892,4137.6,1.5403,-6059.9,0.02,366.57,1.3449,0.10973,-6027.7,0.43702,0.10585,-6057.3,0.2964,22.153,2.6112,0.37079,0.10858,29.518,10197
4689054670286883968,67,13,0.3,8,44.949,5.6187,0.20892,7710.6,3.4493,-1202.8,0.070496,198.97,1.438,0.36479,-1160.8,0.78153,0.35379,-1195.8,0.072305,193.8,1.4461,0.0012155,0.36478,35.052,8913.4
4689054670286883968,67,13,0.3,16,89.899,5.6187,0.20892,9923.6,5.6832,-95.736,0.086565,225.89,1.2605,0.32608,-98.526,1.17,0.32644,-88.723,0.086309,226.19,1.2605,-0.0012924,0.32609,-9.8025,10019
4689054670286883968,67,13,0.7,0.5,2.8093,5.6187,0.20892,-3890.9,0.25171,-7246,1.191,1.5819,2.3479,0.10146,-7223.7,0.033217,0.098124,-7240.1,1.6994,0.90558,4.7387,-0.16044,0.10036,16.413,3355.1
4689054670286883968,67,13,0.7,1,5.6187,5.6187,0.20892,-226.36,0.57542,-6650,0.84863,4.745,1.9947,0.10497,-6609,0.31476,0.098555,-6643.5,0.98265,3.983,2.2426,-0.023417,0.10391,34.542,6423.6
4689054670286883968,67,13,0.7,2,11.237,5.6187,0.20892,2223,1,-5266.7,0.83579,8.6395,1.764,0.12336,-5229.1,0.61937,0.11142,-5269.7,1.7497,3.9345,3.4159,0.49371,0.11855,40.584,7489.7
4689054670286883968,67,13,0.7,4,22.475,5.6187,0.20892,6175.7,2.4396,-1878.4,0.70087,22.573,1.7951,0.27664,-1818.3,0.90251,0.25759,-1871.3,0.70769,22.31,1.8036,-0.011412,0.2765,53.05,8054.1
4689054670286883968,67,13,0.7,8,44.949,5.6187,0.20892,9159.1,4.7826,-238.98,0.46975,57.151,1.6085,0.3555,-207.93,1.1627,0.31644,-233.61,0.94745,26.691,2.2957,1.0469,0.3405,25.679,9398
4689054670286883968,67,13,0.7,16,89.899,5.6187,0.20892,13036,11.469,904.86,0.3833,159.36,1.6302,0.36184,1019.7,1.4215,0.27436,911.86,0.38375,159.18,1.6309,0.0087477,0.3618,107.87,12131
4689054670286883968,67,13,1.5,0.5,2.8093,5.6187,0.20892,-1104.6,0.47198,-6395.2,1.3403,2.9481,1.8233,0.10177,-6366.2,0.42074,0.096356,-6389.6,1.6898,2.2526,1.985,-0.091732,0.10193,23.341,5290.6
4689054670286883968,67,13,1.5,1,5.6187,5.6187,0.20892,1805.8,0.91015,-5226.5,1.4722,5.4943,1.9071,0.11434,-5156.1,0.68615,0.10217,-5219.3,1.5323,5.2297,1.9339,-0.12314,0.11426,63.269,7032.3
4689054670286883968,67,13,1.5,2,11.237,5.6187,0.20892,5354.5,2.027,-2356,1.607,11.731,2.0496,0.21122,-2243.6,1.0192,0.1767,-2348.9,1.6219,11.596,2.0581,-0.047834,0.21109,105.36,7710.5
4689054670286883968,67,13,1.5,4,22.475,5.6187,0.20892,8377.9,4.0098,-313.85,1.4884,24.578,1.9406,0.28448,-175.99,1.3056,0.20841,-306.95,1.4989,24.374,1.9451,0.062939,0.28443,130.96,8691.8
4689054670286883968,67,13,1.5,8,44.949,5.6187,0.20892,11154,7.501,2715.9,1.5517,45.149,1.9944,0.59398,2830.3,1.597,0.41598,2722.9,1.5544,45.057,1.9957,0.021486,0.59397,107.36,8437.7
4689054670286883968,67,13,1.5,16,89.899,5.6187,0.20892,14157,14.772,4961.4,1.4286,93.632,1.8684,0.79818,5098.3,1.8806,0.42935,4968.4,1.4289,93.613,1.8686,-9.4472e-05,0.79817,129.89,9195.8
4689054670286883968,67,13,3,0.5,2.8093,5.6187,0.20892,432.58,0.66766,-4895.2,2.9196,2.8095,1.9712,0.10786,-4786.6,0.80119,0.091146,-4886.4,2.9392,2.7865,1.9764,-0.44475,0.10787,99.8,5327.8
4689054670286883968,67,13,3,1,5.6187,5.6187,0.20892,4215.4,1.5676,-2410.6,2.6853,7.0059,1.9497,0.15376,-2284.7,1.1382,0.1005,-2403.4,2.7275,6.8828,1.9602,-0.086064,0.15397,118.78,6626
4689054670286883968,67,13,3,2,11.237,5.6187,0.20892,6435.4,2.5869,-597.22,2.982,10.911,1.9142,0.16269,-435.19,1.3773,0.00016381,-590.03,2.9958,10.853,1.9169,-0.080984,0.16277,154.84,7032.6
4689054670286883968,67,13,3,4,22.475,5.6187,0.20892,9572,5.2497,2201.3,3.2027,21.209,2.0292,0.30278,2430.6,1.6577,4.3779e-05,2208.2,3.2158,21.107,2.0316,0.056069,0.30292,222.41,7370.7
4689054670286883968,67,13,3,8,44.949,5.6187,0.20892,12844,10.985,5143.7,3.1076,45.345,1.9833,0.45447,5448.3,1.9528,0.0001519,5150.8,3.1088,45.324,1.9835,-0.004424,0.45449,297.51,7700.6
4689054670286883968,67,13,3,16,89.899,5.6187,0.20892,16055,22.665,8844.5,2.5502,103.31,1.8134,1.3396,8993.9,2.2982,0.19065,8851.6,2.5506,103.29,1.8135,0.0010077,1.3396,142.33,7210
4689054670286883968,68,13,0.3,0.5,2.6011,5.2021,0.30046,-3789,0.25576,-7202.7,0.15357,5.3276,1.1165,0.096427,-7215,-0.22723,0.096709,-7196.3,0.41653,1.4073,10,-0.2393,0.096983,-18.673,3413.6
4689054670286883968,68,13,0.3,1,5.2021,5.2021,0.30046,-2257.5,0.36236,-6894.5,0.15922,7.3097,1.1356,0.097564,-6906.2,-0.09462,0.097663,-6888.2,0.14877,5.9449,2.301,-0.10389,0.097934,-17.961,4637
4689054670286883968,68,13,0.3,2,10.404,5.2021,0.30046,-226.9,0.5751,-7182.7,0.19802,12.533,1.5627,0.098268,-7088.8,-0.099666,0.092838,-7178.6,0.43278,6.5778,2.3653,-0.32069,0.096769,89.768,6955.8
4689054670286883968,68,13,0.3,4,20.809,5.2021,0.30046,3579.7,1.3671,-5211,0.02,174.01,1.1041,0.10091,-5198.2,0.35884,0.10182,-5202.2,0.27604,18.602,2.8684,0.33615,0.10415,4.0456,8790.6
4689054670286883968,68,13,0.3,8,41.617,5.2021,0.30046,7736.3,3.5193,-1771.1,0.031246,330.59,1.1535,0.20509,-1748.9,0.74452,0.19936,-1764.1,0.029513,349.49,1.1547,-0.023898,0.20527,15.2,9507.4
4689054670286883968,68,13,0.3,16,83.234,5.2021,0.30046,10154,6.1,541.95,0.026725,748.81,1.1897,0.38139,583.87,0.95051,0.36119,548.99,0.02654,754.77,1.1909,-0.014413,0.38152,34.882,9612.3
4689054670286883968,68,13,0.7,0.5,2.6011,5.2021,0.30046,-2724.7,0.32582,-7102.5,0.43144,3.8364,1.4444,0.097914,-7102.6,-0.13191,0.094521,-7099.3,0.99541,1.5501,3.2393,-0.20703,0.096243,-3.3203,4377.8
4689054670286883968,68,13,0.7,1,5.2021,5.2021,0.30046,-372.27,0.55639,-6568.7,0.63877,5.372,1.6516,0.10178,-6531.6,0.086262,0.09365,-6569.9,1.4355,2.36,3.321,-0.047497,0.098291,38.259,6196.4
4689054670286883968,68,13,0.7,2,10.404,5.2021,0.30046,2804.6,1.1461,-5454.8,0.45332,13.66,1.5002,0.10991,-5403.6,0.34493,0.095819,-5450.9,0.78722,8.2639,1.9844,0.18861,0.10597,47.285,8259.3
4689054670286883968,68,13,0.7,4,20.809,5.2021,0.30046,5572.1,2.151,-4300.1,0.52008,24.854,1.6722,0.1348,-4097.9,0.54436,0.10551,-4295,0.66412,20.228,1.898,0.23654,0.13006,197.16,9872.2
4689054670286883968,68,13,0.7,8,41.617,5.2021,0.30046,8782.3,4.4646,-2038.7,0.48356,54.591,1.6281,0.19066,-1798.6,0.8443,0.11915,-2042.8,0.89309,33.185,2.2404,0.65636,0.17032,244.18,10821
4689054670286883968,68,13,0.7,16,83.234,5.2021,0.30046,12007,9.2979,1119.9,0.37823,137.64,1.5159,0.33428,1311,1.1775,0.17721,1117.6,0.84908,70.913,2.2315,1.0438,0.28453,193.38,10887
4689054670286883968,68,13,1.5,0.5,2.6011,5.2021,0.30046,-1773.9,0.4045,-6576.4,1.3609,2.5234,1.7697,0.097079,-6545.2,0.12089,0.089369,-6567.6,1.4108,2.3925,1.8172,-0.43584,0.096762,22.468,4802.5
4689054670286883968,68,13,1.5,1,5.2021,5.2021,0.30046,1628.3,0.87705,-5489.6,1.3403,5.629,1.8061,0.10234,-5395,0.40214,0.082485,-5483.3,1.6212,4.5663,2.0274,0.060714,0.099924,88.301,7117.9
4689054670286883968,68,13,1.5,2,10.404,5.2021,0.30046,4250.9,1.5926,-3387.7,1.4327,10.009,1.7686,0.14015,-3261.2,0.68287,0.097234,-3380.9,1.5327,9.2903,1.8346,0.1465,0.13853,119.7,7638.6
4689054670286883968,68,13,1.5,4,20.809,5.2021,0.30046,7217.3,3.1273,-2017.8,1.766,17.567,1.9687,0.14855,-1650.9,0.9155,1e-06,-2010.9,1.7913,17.339,1.9885,0.082922,0.1472,359.99,9235
4689054670286883968,68,13,1.5,8,41.617,5.2021,0.30046,11257,7.8399,2200.6,1.4099,48.405,1.8914,0.47024,2448.6,1.2801,0.26301,2207.6,1.413,48.292,1.8936,-0.012642,0.46994,241.01,9056.7
4689054670286883968,68,13,1.5,16,83.234,5.2021,0.30046,13654,13.524,5008.2,1.2018,93.701,1.6428,0.68178,5134.3,1.5849,1e-06,5015.2,1.2026,93.632,1.6432,0.0041466,0.68169,119.08,8646.2
4689054670286883968,68,13,3,0.5,2.6011,5.2021,0.30046,-256.7,0.57122,-5174.9,3.015,2.3445,1.8682,0.097692,-5091.9,0.46702,0.077444,-5169.5,3.4667,2.0137,1.9804,-0.21061,0.098114,77.642,4918.2
4689054670286883968,68,13,3,1,5.2021,5.2021,0.30046,3277,1.2762,-3183.4,3.1584,5.1907,2.0059,0.11793,-3008.9,0.77544,0.029693,-3176.3,3.2782,4.9672,2.0392,-0.080376,0.11762,167.38,6460.5
4689054670286883968,68,13,3,2,10.404,5.2021,0.30046,6174.3,2.4668,-716.23,2.9545,10.496,1.9406,0.17656,-514.4,1.0277,6.9953e-06,-709.04,2.977,10.403,1.9471,-0.088762,0.17633,194.64,6890.5
4689054670286883968,68,13,3,4,20.809,5.2021,0.30046,9239.7,4.9543,1971.6,3.6089,18.775,2.164,0.30129,2371.2,1.3124,2.7904e-05,1978.6,3.6205,18.703,2.1674,-0.018932,0.30104,392.54,7268.1
4689054670286883968,68,13,3,8,41.617,5.2021,0.30046,12592,10.622,4576,2.8858,45.456,1.9939,0.42614,5061.9,1.5778,9.1077e-05,4583,2.8877,45.421,1.9945,-0.0077941,0.42596,478.88,8016.2
4689054670286883968,68,13,3,16,83.234,5.2021,0.30046,15404,20.136,7755.1,2.8403,86.642,1.9123,0.84739,8137.3,1.8811,2.5166e-06,7762.1,2.8407,86.628,1.9124,-0.0037345,0.84731,375.17,7648.9
4689057346006300544,27,11.9,0.3,0.5,1.1758,2.3515,0.92175,-2275.2,0.33724,-5881.5,0.47442,3.7582,2.192,0.12082,-5866.1,-0.117,0.12006,-5874.8,0.59576,2.7503,3.9051,-0.32698,0.12094,8.7072,3606.3
4689057346006300544,27,11.9,0.3,1,2.3515,2.3515,0.92175,-1924.4,0.36909,-5800.7,0.28775,5.9022,1.6967,0.12124,-5785.6,-0.065365,0.12161,-5791.5,0.26427,6.1128,1.6898,-0.54795,0.12137,5.858,3876.3
4689057346006300544,27,11.9,0.3,2,4.703,2.3515,0.92175,-1733.2,0.38769,-5751.9,0.46106,4.5849,2.0068,0.12225,-5745.8,-0.027528,0.12207,-5748.4,0.63965,2.7362,10,-0.16111,0.12286,2.5964,4018.7
4689057346006300544,27,11.9,0.3,4,9.4061,2.3515,0.92175,417.52,0.6741,-5627.1,0.23049,13.096,1.7341,0.1227,-5579.7,0.15091,0.12303,-5618.5,0.20949,13.929,1.7148,-0.451,0.12275,38.736,6044.6
4689057346006300544,27,11.9,0.3,8,18.812,2.3515,0.92175,1784.3,0.95807,-5196.6,0.19679,22.151,1.5634,0.12655,-5159.5,0.37256,0.13075,-5188.7,0.1814,23.179,1.5415,-0.31285,0.12648,29.198,6980.9
4689057346006300544,27,11.9,0.3,16,37.624,2.3515,0.92175,5868.3,2.7389,-3603.8,0.02,383.66,1.2027,0.13749,-3369.7,0.86522,0.18599,-3604.9,15.738,0.42949,1.0629,0.73936,0.00012903,235.18,9472.1
4689057346006300544,27,11.9,0.7,0.5,1.1758,2.3515,0.92175,-2228.2,0.34134,-5744.1,0.40783,4.1883,1.7024,0.12137,-5744.9,-0.044838,0.12252,-5735.7,0.35519,4.2767,1.639,-0.43642,0.12139,-9.2663,3515.9
4689057346006300544,27,11.9,0.7,1,2.3515,2.3515,0.92175,-1579.4,0.40334,-5721.3,0.37598,5.3699,1.728,0.12102,-5717.7,0.012049,0.12206,-5713,0.33509,5.5397,1.6857,-0.42463,0.12108,-4.7572,4142
4689057346006300544,27,11.9,0.7,2,4.703,2.3515,0.92175,-454.11,0.53872,-5194.4,0.56529,5.6084,1.6075,0.12507,-5163.7,0.35988,0.13109,-5191.2,0.56444,2.0493,1.1474,0.18789,0.12164,27.511,4740.3
4689057346006300544,27,11.9,0.7,4,9.4061,2.3515,0.92175,1930.6,0.99479,-4863.1,0.61353,10.136,1.7298,0.12316,-4821.6,0.66539,0.1302,-4859.2,0.46977,5.8257,1.3496,0.44511,0.12019,37.629,6793.7
4689057346006300544,27,11.9,0.7,8,18.812,2.3515,0.92175,4577.9,1.9654,-4463,0.78667,17.224,2.0059,0.12225,-4437.5,0.95708,0.12668,-4456.1,0.78512,17.019,2.0002,0.018031,0.12222,18.587,9040.9
4689057346006300544,27,11.9,0.7,16,37.624,2.3515,0.92175,7226.8,3.8845,-1991.6,0.14977,119.43,1.2981,0.11497,-1561.5,1.4715,0.23102,-2023,1.5253,3.7947,1.0246,1.0998,0.00027557,461.48,9218.4
4689057346006300544,27,11.9,1.5,0.5,1.1758,2.3515,0.92175,-1984.9,0.36339,-5548.5,0.47844,3.8862,1.453,0.11944,-5515.2,0.17232,0.12465,-5540.3,0.46492,3.6455,1.4114,-0.38753,0.11931,25.054,3563.7
4689057346006300544,27,11.9,1.5,1,2.3515,2.3515,0.92175,-667.88,0.5099,-5060,1.0137,3.6717,1.6508,0.12063,-4951.8,0.5919,0.12896,-5052.9,1.1672,2.9602,1.6572,-0.088287,0.12063,101.14,4392.1
4689057346006300544,27,11.9,1.5,2,4.703,2.3515,0.92175,1462.4,0.88193,-4261.1,0.84254,7.2212,1.5075,0.12315,-4061.1,0.93681,0.14466,-4254.2,0.87376,6.7179,1.4985,-0.017452,0.12293,193.15,5723.5
4689057346006300544,27,11.9,1.5,4,9.4061,2.3515,0.92175,4232.8,1.7984,-3627.5,1.1054,12.861,1.7952,0.12259,-3424.7,1.2949,0.13939,-3620.6,1.1164,12.626,1.795,-0.0059043,0.12259,196,7860.4
4689057346006300544,27,11.9,1.5,8,18.812,2.3515,0.92175,6672.6,3.3684,-2047.5,1.101,24.378,1.7085,0.11954,-1676.7,1.7218,0.1681,-2040.6,1.1044,24.249,1.7084,0.00024806,0.11954,363.86,8720.1
4689057346006300544,27,11.9,1.5,16,37.624,2.3515,0.92175,9087.8,6.2691,468,0.86843,54.634,1.5421,0.10711,1031.7,2.0769,0.31017,474.87,0.86879,54.576,1.5419,0.0068328,0.10705,556.8,8619.8
4689057346006300544,27,11.9,3,0.5,1.1758,2.3515,0.92175,-1375.2,0.42508,-4982.8,1.3481,2.5543,1.5488,0.11783,-4773,0.68319,0.13114,-4977.6,2.7483,1.2543,1.8783,-0.027833,0.11975,204.54,3607.6
4689057346006300544,27,11.9,3,1,2.3515,2.3515,0.92175,557.6,0.69883,-4186.1,2.3076,3.2768,1.8573,0.11874,-3850.4,1.1697,0.13323,-4184.3,3.4912,2.0785,2.1405,0.15097,0.1213,333.97,4743.7
4689057346006300544,27,11.9,3,2,4.703,2.3515,0.92175,2620.1,1.1878,-3044.8,2.2284,5.7417,1.7461,0.11863,-2560.9,1.5365,0.15002,-3038,2.354,5.4019,1.766,0.0071058,0.11915,477.06,5664.9
4689057346006300544,27,11.9,3,4,9.4061,2.3515,0.92175,4947.6,2.1614,-1120.5,2.9555,9.0927,1.8428,0.12202,-455.58,1.9834,0.18523,-1113.6,2.9966,8.9526,1.8487,-0.013912,0.12242,658.05,6068.1
4689057346006300544,27,11.9,3,8,18.812,2.3515,0.92175,8072,4.8276,1239.9,2.68,21.678,1.8432,0.14604,1886.9,2.3006,0.29712,1246.9,2.6844,21.634,1.8437,-0.024731,0.14614,640.03,6832.1
4689057346006300544,27,11.9,3,16,37.624,2.3515,0.92175,10565,9.166,3336.1,3.0272,38.093,1.9784,0.22108,3995.7,2.6161,0.39891,3343,3.0301,38.048,1.9788,0.010106,0.22119,652.72,7228.6
4689057346006300544,28,11.9,0.3,0.5,2.3702,4.7404,0.29868,-1076.2,0.46352,-5243,0.076945,17.703,1.1271,0.13235,-5249.9,0.1651,0.13695,-5240.3,0.22073,0.47366,0.31382,0.12162,0.1017,-9.6642,4166.8
4689057346006300544,28,11.9,0.3,1,4.7404,4.7404,0.29868,-822.72,0.49363,-5248.3,0.065429,22.242,1.1332,0.13131,-5255.5,0.17974,0.13592,-5249.1,15.987,0.096826,3.8892,0.14298,0.12977,-6.4091,4425.6
4689057346006300544,28,11.9,0.3,2,9.4808,4.7404,0.29868,495.78,0.6848,-5109.3,0.17498,16.669,1.4521,0.14086,-5114.6,0.22427,0.13901,-5108.7,0.68502,4.2836,4.1855,0.14907,0.1408,-5.8985,5605.1
4689057346006300544,28,11.9,0.3,4,18.962,4.7404,0.29868,3511.5,1.4478,-4263.4,0.11628,57.296,1.534,0.16797,-4239.4,0.44549,0.16182,-4268.1,0.48587,14.478,3.1898,0.31688,0.16649,28.729,7775
4689057346006300544,28,11.9,0.3,8,37.923,4.7404,0.29868,5736.9,2.5157,-2622.6,0.02,287,1.0962,0.16944,-2580.2,0.8662,0.19834,-2626.9,17.74,0.42262,1.3124,0.74973,0.12198,46.699,8359.5
4689057346006300544,28,11.9,0.3,16,75.847,4.7404,0.29868,8230.2,4.6717,-1073.4,0.18629,114.15,1.4814,0.29947,-1062.7,1.0239,0.29096,-1066.5,0.18663,113.74,1.4827,-0.0016215,0.29949,3.786,9303.6
4689057346006300544,28,11.9,0.7,0.5,2.3702,4.7404,0.29868,-314.31,0.56004,-4969.4,0.10903,16.323,1.1134,0.13001,-4967.6,0.3295,0.138,-4967.5,0.29564,0.8136,0.50176,0.25662,0.10913,-0.1365,4655.1
4689057346006300544,28,11.9,0.7,1,4.7404,4.7404,0.29868,404.64,0.66948,-5096.6,0.297,10.622,1.4521,0.13437,-5109.2,0.31176,0.13342,-5091.1,0.72171,3.055,2.9123,0.28306,0.13422,-18.106,5501.2
4689057346006300544,28,11.9,0.7,2,9.4808,4.7404,0.29868,2614.7,1.1588,-4341,0.31999,17.875,1.4462,0.14275,-4352.8,0.57837,0.14144,-4338.9,1.2537,3.4681,3.7992,0.54209,0.14334,-13.901,6955.7
4689057346006300544,28,11.9,0.7,4,18.962,4.7404,0.29868,5460.3,2.3487,-2336.8,0.62429,23.295,1.7945,0.23608,-2308.6,0.84126,0.22544,-2329.9,0.62907,23.031,1.8018,-0.02225,0.23599,21.212,7797.2
4689057346006300544,28,11.9,0.7,8,37.923,4.7404,0.29868,7630.5,4.0255,-2551.7,0.20937,100.27,1.4243,0.12941,-2555.1,1.0929,0.12453,-2561.7,1.0889,19.493,3.9406,1.0592,0.1319,6.6124,10182
4689057346006300544,28,11.9,0.7,16,75.847,4.7404,0.29868,11075,9.4671,596.24,0.44593,123.48,1.7054,0.38309,652.92,1.3781,0.33206,603.12,0.44656,123.3,1.7063,0.014228,0.38309,49.793,10479
4689057346006300544,28,11.9,1.5,0.5,2.3702,4.7404,0.29868,458.54,0.67849,-4565.6,0.61924,6.5227,1.3933,0.13283,-4562.3,0.54658,0.13538,-4558.4,0.64786,6.0427,1.3946,-0.12476,0.13284,-3.8971,5024.2
4689057346006300544,28,11.9,1.5,1,4.7404,4.7404,0.29868,1526.6,0.88451,-4059.8,0.80171,7.4671,1.4123,0.12832,-4043.2,0.74264,0.13198,-4052.5,0.8274,7.1501,1.4155,-0.12939,0.12838,9.3462,5586.3
4689057346006300544,28,11.9,1.5,2,9.4808,4.7404,0.29868,4559.1,1.8779,-3489.2,0.89416,15.7,1.6793,0.12874,-3473.2,0.94485,0.11598,-3482.1,0.89584,15.627,1.6811,-0.067681,0.1287,8.845,8048.2
4689057346006300544,28,11.9,1.5,4,18.962,4.7404,0.29868,6408.9,2.9724,-2108.2,1.4171,18.854,1.8405,0.14192,-2035,1.2077,0.10518,-2101.1,1.4187,18.818,1.8415,-0.063272,0.14187,66.111,8517.1
4689057346006300544,28,11.9,1.5,8,37.923,4.7404,0.29868,9352.3,6.1725,795.75,1.7962,34.008,2.124,0.34143,957.5,1.5068,0.25382,802.7,1.7976,33.972,2.1247,-0.018057,0.34139,154.8,8556.5
4689057346006300544,28,11.9,1.5,16,75.847,4.7404,0.29868,12347,12.981,2738.6,1.3849,84.493,1.8962,0.38335,2868.3,1.8025,0.094877,2745.5,1.3853,84.465,1.8963,0.0003965,0.38334,122.81,9608.1
4689057346006300544,28,11.9,3,0.5,2.3702,4.7404,0.29868,1172.5,0.81007,-3970.4,1.7049,4.4334,1.6553,0.12788,-3918.4,0.81214,0.12475,-3968.3,2.6384,2.8094,1.8704,0.20277,0.1305,49.935,5142.9
4689057346006300544,28,11.9,3,1,4.7404,4.7404,0.29868,2863.6,1.2327,-2615.2,2.6248,5.5192,1.7999,0.13612,-2516.4,1.1075,0.12066,-2608.1,2.6941,5.3655,1.8126,-0.12791,0.13645,91.695,5478.8
4689057346006300544,28,11.9,3,2,9.4808,4.7404,0.29868,5945,2.6491,-959.9,2.5645,12.063,1.8563,0.13237,-846.65,1.3959,0.057291,-952.77,2.5734,12.011,1.8578,-0.090342,0.13243,106.12,6904.9
4689057346006300544,28,11.9,3,4,18.962,4.7404,0.29868,8372.9,4.8402,1202.6,2.652,21.773,1.8767,0.17804,1340,1.6433,8.3243e-06,1209.5,2.658,21.714,1.8777,-0.014558,0.17815,130.48,7170.3
4689057346006300544,28,11.9,3,8,37.923,4.7404,0.29868,11038,9.3812,4626.6,2.5789,42.62,1.8599,0.67607,4732.4,1.958,0.46918,4633.5,2.5814,42.576,1.8604,0.0011741,0.67617,98.949,6411.9
4689057346006300544,28,11.9,3,16,75.847,4.7404,0.29868,13627,17.838,6907.1,3.5796,68.13,2.1833,1.0871,7116.8,2.2592,0.28221,6914,3.5806,68.106,2.1835,0.0039404,1.0872,202.81,6719.8
4689057346006300544,67,11.9,0.3,0.5,3.8322,7.6644,0.24598,3816.5,1.4327,-4396.5,0.16372,35.832,1.5335,0.1806,-4357.2,0.23791,0.17326,-4390.1,0.22634,26.366,1.7577,0.0012303,0.17937,32.814,8213
4689057346006300544,67,11.9,0.3,1,7.6644,7.6644,0.24598,4123.2,1.5353,-4770.8,0.19848,32.931,1.6954,0.16945,-4692.1,0.20878,0.16026,-4764.5,0.25941,25.81,1.9105,-0.12106,0.16791,72.405,8893.9
4689057346006300544,67,11.9,0.3,2,15.329,7.6644,0.24598,4343.4,1.6135,-4632.5,0.12798,50.517,1.4843,0.165,-4590.7,0.27662,0.15721,-4627.7,0.26228,26.01,1.9204,0.11246,0.16326,37.029,8975.9
4689057346006300544,67,11.9,0.3,4,30.658,7.6644,0.24598,6583.4,2.6747,-4180.4,0.14677,80.847,1.6651,0.1822,-4040.5,0.39678,0.16789,-4176.8,0.26238,46.351,2.0274,0.12193,0.17905,136.31,10764
4689057346006300544,67,11.9,0.3,8,61.315,7.6644,0.24598,8449,4.0746,166.74,0.21863,74.722,1.3802,0.43709,165.66,0.82602,0.42585,173.76,0.2186,74.294,1.3824,-0.0013449,0.43705,-8.0988,8282.2
4689057346006300544,67,11.9,0.3,16,122.63,7.6644,0.24598,11254,7.6725,3656.2,0.23513,126.78,1.3219,0.95473,3649.6,1.1548,0.94564,3663.2,0.23503,126.57,1.3221,-0.00011603,0.95472,-13.649,7597.6
4689057346006300544,67,11.9,0.7,0.5,3.8322,7.6644,0.24598,4035.9,1.5054,-3873.1,0.27193,25.152,1.6406,0.20265,-3834.7,0.29894,0.19365,-3866.2,0.31601,21.698,1.7711,-0.046961,0.20161,31.555,7908.9
4689057346006300544,67,11.9,0.7,1,7.6644,7.6644,0.24598,5038.6,1.8876,-3889.1,0.15371,49.074,1.4332,0.18411,-3868.3,0.40316,0.1763,-3883,0.27186,28.345,1.7805,0.26575,0.18279,14.677,8927.7
4689057346006300544,67,11.9,0.7,2,15.329,7.6644,0.24598,5916.3,2.301,-3216.5,0.26689,40.654,1.4552,0.18777,-3203.6,0.59103,0.17703,-3210.8,0.48936,21.613,1.9572,0.50448,0.18427,7.2185,9132.8
4689057346006300544,67,11.9,0.7,4,30.658,7.6644,0.24598,8754.6,4.3655,151.2,0.4602,51.839,1.7848,0.47001,228.77,0.80757,0.44271,158.24,0.46687,51.089,1.7992,-0.015105,0.46966,70.531,8603.4
4689057346006300544,67,11.9,0.7,8,61.315,7.6644,0.24598,10913,7.105,1515.2,0.66882,67.901,1.9064,0.58379,1649.2,1.0664,0.52836,1522.2,0.67273,67.517,1.9127,0.0064261,0.58352,126.98,9398
4689057346006300544,67,11.9,0.7,16,122.63,7.6644,0.24598,14412,15.646,4861,0.30492,254.74,1.4322,0.99522,4876.3,1.4737,0.92204,4868,0.30503,254.59,1.4324,0.0010798,0.99521,8.3314,9551.1
4689057346006300544,67,11.9,1.5,0.5,3.8322,7.6644,0.24598,4132.4,1.5385,-3457.5,0.4638,16.733,1.5396,0.19749,-3456.2,0.46261,0.1899,-3463.9,3.1517,1.3694,10,0.3941,0.19397,7.6184,7589.9
4689057346006300544,67,11.9,1.5,1,7.6644,7.6644,0.24598,4703.3,1.75,-3408.4,0.89196,13.566,1.732,0.17415,-3369.6,0.62047,0.15811,-3404.4,1.7142,6.102,2.2201,0.40678,0.17128,34.834,8111.7
4689057346006300544,67,11.9,1.5,2,15.329,7.6644,0.24598,6723.7,2.7607,-2009.8,1.0596,20.098,1.7139,0.19095,-1948.6,0.88457,0.15573,-2002.8,1.0788,19.657,1.7234,0.0017083,0.19078,54.102,8733.4
4689057346006300544,67,11.9,1.5,4,30.658,7.6644,0.24598,9146.8,4.7694,441.96,1.4828,28.352,1.9165,0.3367,568.03,1.1378,0.2668,448.93,1.4975,28.008,1.9224,0.022249,0.33654,119.1,8704.8
4689057346006300544,67,11.9,1.5,8,61.315,7.6644,0.24598,13313,12.211,3793,0.82889,102.07,1.6228,0.62502,3848,1.4879,0.48289,3800,0.82973,101.94,1.6232,0.0023039,0.62499,48.069,9520.4
4689057346006300544,67,11.9,1.5,16,122.63,7.6644,0.24598,15459,19.816,6990.2,1.8021,107.89,2.093,1.5277,7206.7,1.7818,1.2191,6997.2,1.8025,107.87,2.0932,-0.0073274,1.5276,209.54,8469
4689057346006300544,67,11.9,3,0.5,3.8322,7.6644,0.24598,4527.6,1.682,-2888.8,1.1186,11.2,1.5805,0.16307,-2866.4,0.74764,0.14841,-2902.3,3.3024,3.3372,2.1911,0.46771,0.16766,35.909,7416.4
4689057346006300544,67,11.9,3,1,7.6644,7.6644,0.24598,5794.2,2.2384,-1594.3,2.1719,10.933,1.8174,0.16423,-1493.3,1.0045,0.10607,-1599.5,3.1386,7.1741,2.0333,0.45961,0.1682,106.25,7388.5
4689057346006300544,67,11.9,3,2,15.329,7.6644,0.24598,7614.5,3.3753,748.88,3.3697,13.351,2.0167,0.23315,934.14,1.287,4.7107e-05,755.12,3.5353,12.625,2.0498,0.25365,0.23466,179.02,6865.6
4689057346006300544,67,11.9,3,4,30.658,7.6644,0.24598,11572,8.2435,4446.6,2.4171,38.586,1.8177,0.58289,4571.9,1.6132,0.33855,4453.5,2.4254,38.436,1.8192,0.02825,0.58305,118.39,7125.4
4689057346006300544,67,11.9,3,8,61.315,7.6644,0.24598,13911,13.972,6884.8,3.1064,57.059,1.937,0.87515,7060.4,1.8864,0.00064394,6891.8,3.1084,57.016,1.9374,-0.0044762,0.87521,168.56,7025.7
4689057346006300544,67,11.9,3,16,122.63,7.6644,0.24598,17339,30.287,10155,3.0807,124.98,2.004,2.0106,10357,2.2044,0.4749,10162,3.0807,124.98,2.004,-0.0058068,2.0106,195.17,7184.6
4689057346006300544,68,11.9,0.3,0.5,4.5076,9.0152,0.39049,-1486.1,0.43187,-5442.9,0.2879,6.4484,1.2955,0.14388,-5438.2,-0.37295,0.13984,-5439.2,0.68917,2.8434,3.4473,-0.43687,0.14204,0.94031,3956.8
4689057346006300544,68,11.9,0.3,1,9.0152,9.0152,0.39049,1067.9,0.77208,-5084.7,0.1717,17.588,1.311,0.14756,-5038.4,-0.2189,0.14017,-5077.8,0.32216,10.467,1.7905,-0.35383,0.14563,39.348,6152.6
4689057346006300544,68,11.9,0.3,2,18.03,9.0152,0.39049,3263.7,1.2723,-5057.6,0.072746,71.435,1.3794,0.14727,-4886.5,-0.1351,0.13483,-5057.4,0.41495,15.208,2.5193,-0.32259,0.14376,170.98,8321.2
4689057346006300544,68,11.9,0.3,4,36.061,9.0152,0.39049,5481.7,2.1072,-4070.5,0.065001,126.73,1.3123,0.15635,-3914.3,0.088495,0.13626,-4074.1,0.43606,24.244,2.2905,-0.053581,0.15106,159.82,9552.2
4689057346006300544,68,11.9,0.3,8,72.122,9.0152,0.39049,9383.3,5.1187,669.15,0.02,750.68,1.1304,0.39718,718.99,0.56079,0.37736,675.86,0.28912,73.972,2.1459,0.5082,0.3984,43.132,8714.1
4689057346006300544,68,11.9,0.3,16,144.24,9.0152,0.39049,12206,9.7281,2019,0.020874,1433.4,1.138,0.31894,2077.4,0.82868,0.27389,2026.1,0.020411,1468.3,1.1395,-0.049764,0.31969,51.315,10187
4689057346006300544,68,11.9,0.7,0.5,4.5076,9.0152,0.39049,-107,0.591,-5163.4,0.59276,5.7975,1.5265,0.14467,-5138.7,-0.22349,0.13632,-5154.8,0.66189,5.0153,1.6812,-0.49607,0.14324,16.118,5056.4
4689057346006300544,68,11.9,0.7,1,9.0152,9.0152,0.39049,3160.9,1.2429,-4199.8,0.40867,16.085,1.4387,0.15374,-4139.4,0.039293,0.13696,-4195.2,0.65388,10.693,1.8837,-0.11544,0.14908,55.803,7360.7
4689057346006300544,68,11.9,0.7,2,18.03,9.0152,0.39049,5537.5,2.1342,-3293.8,0.3387,30.641,1.4098,0.16372,-3204.9,0.21781,0.13606,-3289.2,0.57602,19.901,1.8108,0.061235,0.15693,84.323,8831.3
4689057346006300544,68,11.9,0.7,4,36.061,9.0152,0.39049,8672.8,4.3549,-1666.6,0.56202,47.044,1.7358,0.24374,-1318.1,0.45052,0.17211,-1663.6,0.77335,36.852,2.069,0.12767,0.23154,345.48,10339
4689057346006300544,68,11.9,0.7,8,72.122,9.0152,0.39049,11356,8.0187,2219.1,0.50684,93.187,1.5256,0.53711,2370.9,0.81478,0.39789,2220.9,0.92095,57.437,2.1231,0.65153,0.49628,150.01,9137.4
4689057346006300544,68,11.9,0.7,16,144.24,9.0152,0.39049,14584,16.71,2028.4,0.52834,186.85,1.7493,0.43521,2682.2,0.93734,1e-06,2034.7,0.60297,168.85,1.8484,0.41343,0.41927,647.44,12556
4689057346006300544,68,11.9,1.5,0.5,4.5076,9.0152,0.39049,1824.4,0.91706,-4169.2,1.0599,6.5845,1.6313,0.1534,-4125.7,0.046995,0.13568,-4161.3,1.1848,5.7434,1.7484,-0.31478,0.15157,35.673,5993.6
4689057346006300544,68,11.9,1.5,1,9.0152,9.0152,0.39049,5260,2.0036,-2900.1,1.1347,14.171,1.7865,0.17411,-2713.1,0.31039,0.12689,-2892.6,1.1953,13.445,1.85,-0.23245,0.17162,179.51,8160.2
4689057346006300544,68,11.9,1.5,2,18.03,9.0152,0.39049,6922.3,2.9244,-1599.1,1.206,19.598,1.6848,0.18332,-1454.5,0.50505,0.086113,-1592.3,1.3145,17.93,1.7553,0.0096815,0.1791,137.77,8521.4
4689057346006300544,68,11.9,1.5,4,36.061,9.0152,0.39049,9784.1,5.6074,597.15,1.507,34.937,1.8556,0.26447,981.79,0.76951,1e-06,593.49,2.1995,24.836,2.4833,0.56341,0.20411,388.29,9186.9
4689057346006300544,68,11.9,1.5,8,72.122,9.0152,0.39049,13453,12.919,3956.6,1.2196,89.15,1.7203,0.494,4282.8,1.0953,5.1311e-05,3962.9,1.5292,72.884,1.9605,0.82517,0.42187,319.85,9496.6
4689057346006300544,68,11.9,1.5,16,144.24,9.0152,0.39049,16216,24.219,7938.8,1.1323,170.36,1.5634,1.2941,8037.9,1.4658,0.0008199,7945.8,1.1332,170.21,1.564,0.004123,1.2937,92.18,8276.9
4689057346006300544,68,11.9,3,0.5,4.5076,9.0152,0.39049,2977.7,1.1922,-2931.9,3.3544,4.6399,2.1765,0.15544,-2760.7,0.34632,0.095418,-2924.1,3.5411,4.3423,2.2493,-0.3598,0.15425,163.37,5909.6
4689057346006300544,68,11.9,3,1,9.0152,9.0152,0.39049,5543.8,2.1372,-1148.3,2.9108,9.0943,1.9493,0.18008,-969.77,0.57687,3.9541e-05,-1141.5,3.0886,8.4878,2.0098,-0.078768,0.17776,171.74,6692.2
4689057346006300544,68,11.9,3,2,18.03,9.0152,0.39049,8618.5,4.3014,1438.8,3.0316,17.865,1.9355,0.24182,1754,0.84572,1.4573e-05,1446,3.0723,17.584,1.9474,-0.0955,0.24043,308,7179.7
4689057346006300544,68,11.9,3,4,36.061,9.0152,0.39049,11919,9.1137,4083.4,2.6798,40.727,1.8823,0.33103,4566.5,1.1233,9.0232e-05,4090.3,2.6957,40.458,1.8874,0.025105,0.3295,476.2,7835.8
4689057346006300544,68,11.9,3,8,72.122,9.0152,0.39049,14589,16.728,7212.1,3.0041,69.936,1.9041,0.71646,7628.3,1.4254,0.00046956,7219,3.0133,69.695,1.9062,0.050395,0.71605,409.24,7376.9
4689057346006300544,68,11.9,3,16,144.24,9.0152,0.39049,17829,34.956,10376,2.7855,152.19,1.8671,1.5307,10755,1.7338,0.00031655,10383,2.7866,152.13,1.8674,0.0022421,1.5305,372.17,7452.7
4689058892200836096,27,13,0.3,0.5,0.97633,1.9527,0.81815,-2936.1,0.28452,-3791,0.02,11.001,0.87935,0.21415,-3763.4,-0.19238,0.21917,-3779.5,0.02,10.852,0.88093,-0.8278,0.21432,16.01,854.91
4689058892200836096,27,13,0.3,1,1.9527,1.9527,0.81815,-2760.5,0.29767,-3740.2,0.02,14.83,0.88484,0.2118,-3728.4,-0.12307,0.21968,-3730.7,0.02,13.181,0.86632,-0.59521,0.21186,2.2918,979.71
4689058892200836096,27,13,0.3,2,3.9053,1.9527,0.81815,-1995.8,0.36237,-3621.6,0.025798,24.935,0.99109,0.2127,-3615.8,0.040939,0.22211,-3617.6,12.822,0.16839,2.6702,0.015935,0.20882,1.8116,1625.8
4689058892200836096,27,13,0.3,4,7.8106,1.9527,0.81815,-197.88,0.57541,-3475.5,0.02,72.017,1.0983,0.21318,-3450.8,0.28539,0.22389,-3468.5,0.02,61.041,1.0729,-0.20486,0.21331,17.697,3277.6
4689058892200836096,27,13,0.3,8,15.621,1.9527,0.81815,2383.9,1.1178,-3213.6,0.056487,67.096,1.2587,0.21425,-3165.8,0.60242,0.22682,-3206.4,0.042127,86.391,1.235,-0.13098,0.21398,40.6,5597.5
4689058892200836096,27,13,0.3,16,31.242,1.9527,0.81815,5546.4,2.5213,-2633.7,0.02,419.52,1.272,0.22972,-2524.8,0.85754,0.25382,-2626.6,0.02,403.55,1.2653,-0.078074,0.22957,101.86,8180.1
4689058892200836096,27,13,0.7,0.5,0.97633,1.9527,0.81815,-2931.4,0.28487,-3776.9,0.02,11.818,0.85614,0.21156,-3765.7,-0.17284,0.21862,-3767.9,0.02,10.367,0.84347,-0.57604,0.21214,2.1968,845.52
4689058892200836096,27,13,0.7,1,1.9527,1.9527,0.81815,-2089.6,0.35373,-3662.3,0.067139,10.752,1.0073,0.20967,-3652,0.055982,0.21949,-3656.5,0.02,15.326,0.84868,-0.1957,0.20806,4.5106,1572.7
4689058892200836096,27,13,0.7,2,3.9053,1.9527,0.81815,-722.79,0.50274,-3467.6,0.51755,5.0359,1.4812,0.21161,-3456.3,0.3748,0.21987,-3464.6,3.5182,0.46198,1.2838,0.2929,0.20701,8.2619,2744.8
4689058892200836096,27,13,0.7,4,7.8106,1.9527,0.81815,1974.7,1.0062,-3197,0.62676,9.8167,1.8184,0.21409,-3192.1,0.70163,0.21918,-3191.9,0.33012,3.4868,1.023,0.61039,0.20759,-0.18696,5171.8
4689058892200836096,27,13,0.7,8,15.621,1.9527,0.81815,3871.5,1.6388,-2742.7,0.76049,14.943,1.9719,0.22316,-2736,0.97045,0.22916,-2735.9,0.75745,14.815,1.9642,0.037822,0.22308,-0.049349,6614.2
4689058892200836096,27,13,0.7,16,31.242,1.9527,0.81815,6730.8,3.4192,-1500.8,0.094519,155.36,1.2843,0.22696,-1331.2,1.3266,0.30081,-1539.8,0.19569,5.2544,0.60393,1.1413,0.00057035,208.6,8231.7
4689058892200836096,27,13,1.5,0.5,0.97633,1.9527,0.81815,-2572,0.31246,-3624.1,0.26089,3.193,0.95918,0.20624,-3588.5,0.11018,0.22166,-3615.7,0.21415,3.2539,0.90489,-0.4219,0.20542,27.218,1052.1
4689058892200836096,27,13,1.5,1,1.9527,1.9527,0.81815,-1380.7,0.42449,-3390.9,1.2122,2.485,1.6672,0.21221,-3328.1,0.50581,0.22169,-3383.8,1.3758,2.1014,1.6874,-0.14746,0.2122,55.724,2010.3
4689058892200836096,27,13,1.5,2,3.9053,1.9527,0.81815,216.29,0.64009,-3035.4,1.3444,3.8307,1.6599,0.20966,-2896.3,0.90953,0.22348,-3028.8,1.837,2.7381,1.7922,0.14264,0.21069,132.5,3251.7
4689058892200836096,27,13,1.5,4,7.8106,1.9527,0.81815,2820,1.2505,-2442.6,1.4517,7.5252,1.7942,0.20797,-2259,1.3104,0.22596,-2435.8,1.5089,7.1858,1.8079,0.051907,0.20817,176.77,5262.6
4689058892200836096,27,13,1.5,8,15.621,1.9527,0.81815,5430.3,2.4471,-1221.4,1.0169,18.247,1.5512,0.21347,-908.61,1.6949,0.27032,-1214.5,1.022,18.116,1.5514,0.0039681,0.21347,305.93,6651.7
4689058892200836096,27,13,1.5,16,31.242,1.9527,0.81815,8712,5.6915,-85.16,1.2236,39.281,1.8236,0.22849,183.31,2.0393,0.27942,-78.275,1.2242,39.245,1.8236,-0.0032199,0.22849,261.59,8797.2
4689058892200836096,27,13,3,0.5,0.97633,1.9527,0.81815,-2105.8,0.35226,-3352.4,1.4182,1.687,1.2318,0.2045,-3158.3,0.58921,0.22805,-3350.5,4.8488,0.64642,3.2534,-0.093309,0.21524,192.18,1246.5
4689058892200836096,27,13,3,1,1.9527,1.9527,0.81815,-212.19,0.5733,-2798.5,2.6796,2.3724,1.8485,0.21065,-2521.5,1.1163,0.23006,-2791.4,2.926,2.1799,1.9202,-0.18589,0.21137,269.97,2586.3
4689058892200836096,27,13,3,2,3.9053,1.9527,0.81815,1606,0.91511,-2025.7,3.2133,3.6199,1.928,0.21302,-1621.5,1.5178,0.2434,-2018.3,3.2797,3.5439,1.9425,-0.19727,0.21327,396.83,3631.7
4689058892200836096,27,13,3,4,7.8106,1.9527,0.81815,4946.7,2.1609,-784.9,2.447,9.8693,1.8077,0.20804,-290.7,1.973,0.2521,-778.47,2.8375,8.4048,1.8758,0.54311,0.21072,487.77,5731.6
4689058892200836096,27,13,3,8,15.621,1.9527,0.81815,7396.5,4.0577,621.34,3.0048,17.037,2.0312,0.21231,1128.1,2.3066,0.26614,628.26,3.0094,17.004,2.0319,-0.019286,0.21236,499.82,6775.1
4689058892200836096,27,13,3,16,31.242,1.9527,0.81815,9555.3,7.07,2961.6,2.9291,30.065,1.8407,0.17793,3645.9,2.6607,0.4162,2968.5,2.9315,30.036,1.8411,0.00086458,0.17806,677.48,6593.7
4689058892200836096,28,13,0.3,0.5,2.0914,4.1828,0.29868,-1044.7,0.46717,-4040.2,0.12421,10.958,1.1777,0.19319,-4051.9,0.16687,0.19563,-4033.5,0.02,36.322,1.0382,-0.019483,0.19288,-18.397,2995.5
4689058892200836096,28,13,0.3,1,4.1828,4.1828,0.29868,-1203.6,0.4491,-4088.6,0.12724,10.443,1.1745,0.19088,-4100.1,0.15901,0.19344,-4083,40,0.24107,0.30123,0.13532,0.1405,-17.049,2885
4689058892200836096,28,13,0.3,2,8.3656,4.1828,0.29868,600.37,0.70281,-3736,0.2066,14.188,1.443,0.20557,-3745.4,0.31189,0.20408,-3731.1,0.53815,4.8155,3.5282,0.26256,0.20534,-14.351,4336.4
4689058892200836096,28,13,0.3,4,16.731,4.1828,0.29868,2226.7,1.0524,-3697,0.1079,32.967,1.377,0.2033,-3696.7,0.37704,0.20211,-3690.2,0.082793,40.428,1.3859,0.080933,0.20338,-6.4977,5923.7
4689058892200836096,28,13,0.3,8,33.462,4.1828,0.29868,3762.7,1.541,-3170,0.065839,101.95,1.3103,0.20365,-3173,0.65691,0.20524,-3174.7,0.75113,9.7362,5.2775,0.58749,0.20959,1.7313,6932.7
4689058892200836096,28,13,0.3,16,66.925,4.1828,0.29868,8200.4,4.6374,-318.1,0.26718,78.106,1.576,0.40394,-302.25,1.0501,0.3926,-311.18,0.2674,77.934,1.5775,-0.0017642,0.40392,8.9368,8518.5
4689058892200836096,28,13,0.7,0.5,2.0914,4.1828,0.29868,-1191.1,0.45049,-4016.5,0.27182,6.3029,1.2631,0.19142,-4027.3,0.22577,0.19371,-4010.5,2.7505,0.43536,5.3665,0.14997,0.19467,-16.855,2825.5
4689058892200836096,28,13,0.7,1,4.1828,4.1828,0.29868,-70.376,0.595,-3744.7,0.31517,8.4579,1.3012,0.19339,-3754.5,0.40417,0.19657,-3750.2,25.904,0.11372,10,0.38461,0.18029,-4.2802,3674.3
4689058892200836096,28,13,0.7,2,8.3656,4.1828,0.29868,2342.2,1.083,-3672.4,0.54295,11.625,1.7142,0.1887,-3673.7,0.5866,0.18323,-3665.6,0.56771,10.866,1.7526,0.070633,0.18859,-8.024,6014.7
4689058892200836096,28,13,0.7,4,16.731,4.1828,0.29868,4697.2,1.9434,-2434.6,0.10527,70.378,1.2083,0.19838,-2434,0.89736,0.21503,-2461.6,25.704,0.18893,10,0.85222,0.18713,27.559,7131.9
4689058892200836096,28,13,0.7,8,33.462,4.1828,0.29868,7787.2,4.1851,-458.53,0.85308,33.926,2.042,0.37303,-379.54,1.1389,0.3499,-451.59,0.85615,33.771,2.0457,-0.013627,0.37295,72.051,8245.7
4689058892200836096,28,13,0.7,16,66.925,4.1828,0.29868,9892,7.0575,1880.6,0.87004,56.59,1.8961,0.62922,1933.2,1.426,0.5923,1887.5,0.87064,56.533,1.8967,-0.0067316,0.62919,45.64,8011.4
4689058892200836096,28,13,1.5,0.5,2.0914,4.1828,0.29868,-288.38,0.56366,-3743.6,0.57477,5.3905,1.395,0.19014,-3745.8,0.45841,0.19236,-3736.5,0.63028,4.6994,1.4041,-0.091869,0.19022,-9.284,3455.2
4689058892200836096,28,13,1.5,1,4.1828,4.1828,0.29868,985.97,0.77342,-3443.2,1.32,4.8967,1.8229,0.18856,-3425.7,0.69934,0.18311,-3435.8,1.3537,4.7378,1.8374,-0.18743,0.1886,10.042,4429.2
4689058892200836096,28,13,1.5,2,8.3656,4.1828,0.29868,4096.8,1.6743,-2734.6,1.1153,11.677,1.7639,0.186,-2715.3,0.97358,0.1745,-2727.6,1.1341,11.424,1.7713,-0.0043995,0.18602,12.307,6831.4
4689058892200836096,28,13,1.5,4,16.731,4.1828,0.29868,6368,2.9424,-1454.6,1.1407,21.517,1.6946,0.18611,-1424.4,1.2766,0.15996,-1447.6,1.1417,21.48,1.6951,-0.038688,0.18609,23.144,7822.6
4689058892200836096,28,13,1.5,8,33.462,4.1828,0.29868,9105,5.8049,182.38,1.2782,39.635,1.8666,0.26363,367.62,1.5929,0.00017412,189.28,1.2799,39.571,1.8674,0.0067132,0.26363,178.34,8922.6
4689058892200836096,28,13,1.5,16,66.925,4.1828,0.29868,11611,10.814,3729.1,1.0128,83.2,1.5781,0.56518,3755.2,1.8666,0.49541,3736,1.013,83.179,1.5782,-0.0022439,0.56519,19.158,7881.7
4689058892200836096,28,13,3,0.5,2.0914,4.1828,0.29868,268.58,0.64724,-2983.6,1.8156,3.3032,1.5731,0.19782,-2915.4,0.795,0.20065,-2983.6,2.9717,2.1234,1.8965,0.077248,0.20186,68.212,3252.1
4689058892200836096,28,13,3,1,4.1828,4.1828,0.29868,2521.4,1.1323,-1953,2.4399,5.1604,1.7278,0.20315,-1858.9,1.1171,0.19694,-1949.1,3.0552,4.1492,1.8678,0.23704,0.20679,90.191,4474.4
4689058892200836096,28,13,3,2,8.3656,4.1828,0.29868,5168.9,2.1848,-779.65,2.7145,9.5718,1.8899,0.20595,-674.05,1.3831,0.17145,-772.77,2.7504,9.432,1.897,0.0032585,0.2062,98.723,5948.5
4689058892200836096,28,13,3,4,16.731,4.1828,0.29868,7850.8,4.2518,1618.2,1.8729,23.006,1.5712,0.2455,1701.9,1.6854,0.22291,1625.2,1.8785,22.934,1.572,-0.011614,0.24571,76.747,6232.5
4689058892200836096,28,13,3,8,33.462,4.1828,0.29868,10413,8.0311,3189.3,2.9417,34.276,1.9326,0.23349,3394.7,1.9186,2.1977e-05,3196.3,2.9424,34.265,1.9328,-0.018691,0.2335,198.4,7223.2
4689058892200836096,28,13,3,16,66.925,4.1828,0.29868,13195,16.025,5955.8,2.7462,70.659,1.8428,0.23687,6168.4,2.217,3.522e-05,5962.7,2.7463,70.653,1.8429,-0.0051653,0.2369,205.69,7239.4
4689058892200836096,67,13,0.3,0.5,3.2688,6.5375,0.22745,-3260.8,0.29016,-5131.1,0.02,18.472,0.93216,0.17052,-5132,-0.208,0.17574,-5128,10.85,0.17272,1.1751,-0.27957,0.16287,-4.0053,1870.3
4689058892200836096,67,13,0.3,1,6.5375,6.5375,0.22745,-522.66,0.53821,-4944,0.02,70.247,1.138,0.17104,-4949.5,0.056908,0.17283,-4939,0.35063,5.1585,10,0.011434,0.1739,-10.477,4421.3
4689058892200836096,67,13,0.3,2,13.075,6.5375,0.22745,1304.1,0.81275,-4655.3,0.053714,51.35,1.2385,0.17231,-4664.4,0.25259,0.17319,-4650.4,0.35093,7.059,10,0.2308,0.1739,-13.944,5959.4
4689058892200836096,67,13,0.3,4,26.15,6.5375,0.22745,3831.4,1.4375,-4397.8,0.33087,22.355,1.7938,0.18043,-4352.3,0.43042,0.17145,-4399,0.64601,11.874,3.1354,0.28143,0.17646,46.675,8229.2
4689058892200836096,67,13,0.3,8,52.3,6.5375,0.22745,7804.8,3.5234,714.87,0.26499,55.284,1.4809,0.56051,710.96,0.88121,0.55215,721.9,0.26507,54.976,1.4826,-0.0097192,0.56045,-10.943,7089.9
4689058892200836096,67,13,0.3,16,104.6,6.5375,0.22745,8532.5,4.1521,1321.6,0.34892,58.941,1.5013,0.60349,1319.3,1.0453,0.58997,1328.6,0.3498,58.65,1.5026,0.00081994,0.60348,-9.2835,7210.9
4689058892200836096,67,13,0.7,0.5,3.2688,6.5375,0.22745,-1632,0.41903,-4864.5,0.41473,4.7146,1.3778,0.17136,-4874.7,0.13442,0.17175,-4857.2,0.51308,3.2535,1.4,-0.15339,0.17137,-17.544,3232.5
4689058892200836096,67,13,0.7,1,6.5375,6.5375,0.22745,1321,0.81585,-4531.2,0.40087,10.298,1.5078,0.17117,-4541.4,0.37389,0.16825,-4526.3,2.0458,0.98579,10,0.33893,0.16952,-15.109,5852.2
4689058892200836096,67,13,0.7,2,13.075,6.5375,0.22745,4831.2,1.8012,-3526.7,0.34781,25.867,1.5018,0.1856,-3529.9,0.67995,0.17857,-3527,1.2733,5.8009,3.7454,0.63082,0.18232,-2.8275,8357.8
4689058892200836096,67,13,0.7,4,26.15,6.5375,0.22745,6937.2,2.897,-732.07,0.66367,26.842,1.7437,0.36682,-710.26,0.92068,0.34985,-725.1,0.67538,26.255,1.7531,0.02492,0.36675,14.841,7669.3
4689058892200836096,67,13,0.7,8,52.3,6.5375,0.22745,9682.6,5.3823,826.21,0.80103,45.761,1.7594,0.44427,873.47,1.235,0.40412,833.21,0.80344,45.586,1.7612,0.0011792,0.44423,40.259,8856.4
4689058892200836096,67,13,0.7,16,104.6,6.5375,0.22745,13628,13.109,4772.8,0.66252,123.88,1.9351,1.2828,4862.5,1.482,1.2086,4779.9,0.66296,123.78,1.9358,-0.0041339,1.2827,82.627,8854.9
4689058892200836096,67,13,1.5,0.5,3.2688,6.5375,0.22745,-387.97,0.55482,-4380.9,1.3814,3.3633,1.8407,0.17353,-4359,0.45521,0.16824,-4372.6,1.4354,3.209,1.8677,-0.37255,0.17359,13.636,3992.9
4689058892200836096,67,13,1.5,1,6.5375,6.5375,0.22745,2889.2,1.1622,-3224.5,1.3596,7.3701,1.8083,0.19147,-3189.6,0.77129,0.17948,-3216.8,1.3726,7.2709,1.8141,-0.22312,0.19144,27.194,6113.7
4689058892200836096,67,13,1.5,2,13.075,6.5375,0.22745,5760.9,2.2217,-2054.9,1.319,14.636,1.8545,0.21591,-1997.2,1.0155,0.18563,-2047.9,1.336,14.408,1.8624,-0.023457,0.2159,50.689,7815.8
4689058892200836096,67,13,1.5,4,26.15,6.5375,0.22745,9094.6,4.7136,886.61,1.1043,33.286,1.6927,0.38012,926.66,1.3279,0.33413,893.49,1.1165,32.864,1.6964,0.076219,0.38026,33.171,8208
4689058892200836096,67,13,1.5,8,52.3,6.5375,0.22745,11969,9.015,3202.6,1.2138,62.229,1.8014,0.61598,3271.7,1.5987,0.49164,3209.6,1.2147,62.176,1.8018,-0.0029857,0.61597,62.045,8765.9
4689058892200836096,67,13,1.5,16,104.6,6.5375,0.22745,15024,17.964,6021.4,1.5339,106.1,1.9214,1.092,6151.2,1.9071,0.83218,6028.4,1.5347,106.03,1.9217,0.0056187,1.092,122.84,9002.8
4689058892200836096,67,13,3,0.5,3.2688,6.5375,0.22745,1292.1,0.81056,-3243.3,3.4349,3.0923,2.1426,0.17331,-3109.4,0.87094,0.15666,-3235.1,3.5153,3.0126,2.1658,-0.3554,0.17348,125.66,4535.5
4689058892200836096,67,13,3,1,6.5375,6.5375,0.22745,4586.8,1.7046,-1625.5,2.5695,7.6834,1.8873,0.19847,-1519.6,1.1286,0.16786,-1618,2.5922,7.6054,1.8922,-0.19223,0.19854,98.413,6212.3
4689058892200836096,67,13,3,2,13.075,6.5375,0.22745,7540.2,3.3192,508.3,3.1341,13.545,2.03,0.24552,682.52,1.4381,0.13437,515,3.1915,13.261,2.0416,0.11982,0.246,167.52,7031.9
4689058892200836096,67,13,3,4,26.15,6.5375,0.22745,10556,6.5549,3428,2.7001,29.053,1.89,0.44815,3568.8,1.7222,0.24965,3435,2.7053,28.989,1.891,-0.0085955,0.44824,133.81,7128.2
4689058892200836096,67,13,3,8,52.3,6.5375,0.22745,13379,12.393,6147.9,2.9404,52.999,1.9222,0.70534,6316.8,2.0184,0.00021345,6154.9,2.9405,52.996,1.9223,-0.020191,0.70532,161.88,7231.2
4689058892200836096,67,13,3,16,104.6,6.5375,0.22745,16702,26.23,9370.6,2.8845,112.56,1.9682,1.6614,9548.6,2.3176,0.7508,9377.6,2.8845,112.55,1.9682,-0.0042088,1.6614,171,7331.3
4689058892200836096,68,13,0.3,0.5,3.087,6.174,0.30046,4720.8,1.7723,-741.8,0.58576,16.935,1.2471,0.30118,-750.39,0.66686,0.29362,-738.57,1.7576,3.9957,10,0.64858,0.29842,-11.821,5462.5
4689058892200836096,68,13,0.3,1,6.174,6.174,0.30046,5027.5,1.9004,-518.19,0.52766,19.161,1.2279,0.31629,-527.72,0.6867,0.31015,-515.19,1.743,4.1578,10,0.66902,0.31502,-12.532,5545.7
4689058892200836096,68,13,0.3,2,12.348,6.174,0.30046,5429.9,2.0825,-606.03,0.37568,25.29,1.204,0.31522,-617.37,0.66806,0.30954,-606.37,1.7908,4.0662,10,0.64774,0.31474,-10.999,6035.9
4689058892200836096,68,13,0.3,4,24.696,6.174,0.30046,5590.2,2.1599,-1251.1,0.32399,29.399,1.1999,0.24129,-1261.7,0.66532,0.23416,-1250.4,1.7778,4.1206,10,0.64833,0.23889,-11.32,6841.3
4689058892200836096,68,13,0.3,8,49.392,6.174,0.30046,7818.6,3.5858,1304,0.21896,61.925,1.1702,0.50096,1296.1,0.83893,0.49351,1311,0.21786,61.677,1.1706,6.9571e-05,0.50097,-14.838,6514.6
4689058892200836096,68,13,0.3,16,98.784,6.174,0.30046,10008,5.9006,1501.6,0.1176,177,1.2563,0.53995,1542.2,0.88574,0.50146,1508.6,0.11836,175.81,1.2596,-0.00049729,0.54,33.571,8506.5
4689058892200836096,68,13,0.7,0.5,3.087,6.174,0.30046,5035.9,1.904,-775.34,0.47442,20.352,1.2239,0.29644,-785.81,0.66569,0.28994,-773.9,1.7654,3.9955,10,0.64742,0.29471,-11.905,5811.2
4689058892200836096,68,13,0.7,1,6.174,6.174,0.30046,4931.7,1.8594,-727.7,0.58848,17.928,1.258,0.29482,-736.02,0.68472,0.28486,-725.58,1.7972,4.2916,10,0.66513,0.2903,-10.449,5659.4
4689058892200836096,68,13,0.7,2,12.348,6.174,0.30046,6115.4,2.434,-361.57,0.49697,26.581,1.2944,0.31666,-365.61,0.74121,0.29622,-365,1.7288,6.2129,10,0.71457,0.30445,-0.61219,6477
4689058892200836096,68,13,0.7,4,24.696,6.174,0.30046,8178,3.8913,470.27,0.28413,59.395,1.3058,0.41177,486.96,0.79966,0.38073,477.26,0.286,58.799,1.3104,0.0031154,0.41166,9.6978,7707.8
4689058892200836096,68,13,0.7,8,49.392,6.174,0.30046,10373,6.4118,1668.5,0.31572,91.325,1.2679,0.35488,1678.1,1.0615,0.29329,1670.7,2.1048,12.811,4.921,1.0306,0.32156,7.4227,8704.9
4689058892200836096,68,13,0.7,16,98.784,6.174,0.30046,12595,10.629,1450.4,0.44962,136.23,1.6263,0.41746,1751.1,1.1008,0.21884,1451.8,0.72847,92.661,2.0231,0.85545,0.37855,299.27,11145
4689058892200836096,68,13,1.5,0.5,3.087,6.174,0.30046,4617.4,1.7311,-921.76,0.73295,14.763,1.3044,0.283,-926.57,0.67164,0.26941,-916.5,1.8664,3.9525,10,0.65237,0.27455,-10.067,5539.2
4689058892200836096,68,13,1.5,1,6.174,6.174,0.30046,5561.5,2.1459,-744.34,0.56155,21.514,1.2877,0.28075,-750.48,0.71455,0.26385,-741.53,1.9572,4.4773,10,0.694,0.27003,-8.9502,6305.9
4689058892200836096,68,13,1.5,2,12.348,6.174,0.30046,6577,2.7035,-299.46,1.0292,19.712,1.5881,0.32537,-248.73,0.78939,0.27541,-292.56,1.0665,18.938,1.608,0.060048,0.3248,43.829,6876.4
4689058892200836096,68,13,1.5,4,24.696,6.174,0.30046,8850.4,4.5344,1122.8,1.1581,31.479,1.6603,0.39537,1220.4,1.0064,0.28222,1129.8,1.1666,31.224,1.666,0.0053502,0.3949,90.659,7727.6
4689058892200836096,68,13,1.5,8,49.392,6.174,0.30046,11765,8.7993,3080.3,1.5388,52.702,1.8817,0.55252,3346.6,1.2761,0.22574,3087.3,1.5429,52.552,1.8843,0.0068755,0.55208,259.22,8684.5
4689058892200836096,68,13,1.5,16,98.784,6.174,0.30046,14468,16.274,5173.6,1.3856,101.37,1.8294,0.81043,5428.7,1.5003,0.00036584,5180.6,1.387,101.27,1.8302,0.0020916,0.81017,248.04,9294.5
4689058892200836096,68,13,3,0.5,3.087,6.174,0.30046,5457,2.0955,-225.25,0.81558,16.588,1.3009,0.30629,-227.1,0.77459,0.29066,-219.39,1.4853,8.7408,1.4526,0.4904,0.31043,-7.7044,5682.3
4689058892200836096,68,13,3,1,6.174,6.174,0.30046,6025.9,2.3849,92.647,1.4223,14.289,1.4941,0.30354,116.31,0.86758,0.25643,97.39,2.0963,9.4603,1.652,0.4752,0.3053,18.921,5933.2
4689058892200836096,68,13,3,2,12.348,6.174,0.30046,7616.1,3.4244,1170.5,2.4674,15.691,1.7991,0.32527,1280.9,1.0686,0.15408,1174.5,3.0314,12.456,1.9398,0.53777,0.32367,106.43,6445.6
4689058892200836096,68,13,3,4,24.696,6.174,0.30046,10296,6.3,3285,3.0995,25.852,2.0123,0.45134,3543.8,1.3143,0.00036168,3289.5,3.5792,21.807,2.1436,0.74551,0.44318,254.28,7011
4689058892200836096,68,13,3,8,49.392,6.174,0.30046,13049,11.784,5793,3.2547,47.562,2.0003,0.61761,6213.7,1.5777,0.00016064,5800,3.2571,47.52,2.001,-0.0074985,0.61741,413.7,7255.7
4689058892200836096,68,13,3,16,98.784,6.174,0.30046,16355,24.996,8813.2,2.8038,109.65,1.9229,1.2148,9215.6,1.8738,0.00044593,8820.2,2.8042,109.63,1.923,-0.0028079,1.2147,395.36,7541.3
4689058999614762368,27,13.5,0.3,0.5,0.33796,0.67592,0.71455,-4523.5,0.18915,-5551.8,0.86638,1.0834,2.5192,0.13573,-5564.3,0.28633,0.13565,-5551.5,0.79003,0.81894,10,0.1498,0.13629,-12.767,1028.3
4689058999614762368,27,13.5,0.3,1,0.67592,0.67592,0.71455,-4707.8,0.18039,-5580.9,0.91247,0.95016,2.5872,0.13519,-5592.8,0.25243,0.13514,-5575,3.5885,0.088149,10,0.22774,0.1344,-17.845,873.08
4689058999614762368,27,13.5,0.3,2,1.3518,0.67592,0.71455,-4136.8,0.20893,-5519.6,0.73221,1.4496,2.1686,0.13551,-5532.5,0.34897,0.13577,-5516.6,0.75721,0.88795,10,0.26202,0.13625,-15.956,1382.8
4689058999614762368,27,13.5,0.3,4,2.7037,0.67592,0.71455,-3808.8,0.22732,-5533.8,0.55228,1.9665,2.115,0.1355,-5545,0.34628,0.13536,-5531.5,0.72501,1.1255,10,0.22468,0.13592,-13.561,1725
4689058999614762368,27,13.5,0.3,8,5.4074,0.67592,0.71455,-1743.4,0.38667,-5265.5,0.31691,5.5081,1.6107,0.13819,-5267.5,0.63353,0.13984,-5258.6,0.30089,5.5824,1.5872,-0.020762,0.13817,-8.8396,3522.1
4689058999614762368,27,13.5,0.3,16,10.815,0.67592,0.71455,1130.6,0.8098,-5111.3,0.28741,13.278,1.8586,0.14,-5096.1,0.8594,0.14012,-5104.4,0.28406,13.343,1.8564,-0.027719,0.14001,8.2759,6241.9
4689058999614762368,27,13.5,0.7,0.5,0.33796,0.67592,0.71455,-4554.3,0.18766,-5560.1,0.90113,1.0429,2.476,0.13522,-5572,0.28972,0.13531,-5554.1,3.5945,0.091085,10,0.26282,0.13461,-17.843,1005.8
4689058999614762368,27,13.5,0.7,1,0.67592,0.67592,0.71455,-4295.4,0.20058,-5517.1,0.90269,1.1846,2.4913,0.13589,-5528.7,0.34832,0.13592,-5510.8,3.908,0.087255,10,0.32469,0.13518,-17.936,1221.7
4689058999614762368,27,13.5,0.7,2,1.3518,0.67592,0.71455,-3449.6,0.24932,-5379.2,0.73593,1.8605,1.8007,0.13584,-5378.7,0.55049,0.13754,-5373,2.8941,0.28447,3.6808,0.42044,0.13629,-5.6576,1929.5
4689058999614762368,27,13.5,0.7,4,2.7037,0.67592,0.71455,-2192,0.34453,-5282.6,0.8738,2.5381,2.136,0.13568,-5285.3,0.7368,0.13644,-5275.8,0.89066,2.4312,2.1427,0.012004,0.13569,-9.5514,3090.6
4689058999614762368,27,13.5,0.7,8,5.4074,0.67592,0.71455,-38.951,0.59942,-5050.3,0.69043,5.4175,1.9696,0.13615,-5050.6,0.98372,0.13758,-5043.4,0.69106,5.369,1.9673,-0.00049027,0.13615,-7.2244,5011.3
4689058999614762368,27,13.5,0.7,16,10.815,0.67592,0.71455,2621.3,1.1882,-4214.6,0.53502,12.885,1.6469,0.14446,-4154.5,1.4304,0.15357,-4207.8,0.53467,12.863,1.6458,0.0069097,0.14445,53.322,6835.9
4689058999614762368,27,13.5,1.5,0.5,0.33796,0.67592,0.71455,-4632.1,0.18394,-5547.1,0.97896,0.95332,2.2582,0.13503,-5555.3,0.30069,0.13575,-5541.2,3.3469,0.12631,8.9048,0.24593,0.13478,-14.146,915
4689058999614762368,27,13.5,1.5,1,0.67592,0.67592,0.71455,-4069.5,0.21257,-5414.7,1.242,1.094,2.1266,0.13505,-5398.6,0.54214,0.13698,-5407.5,1.2916,1.0175,2.1315,-0.12518,0.13503,8.8866,1345.1
4689058999614762368,27,13.5,1.5,2,1.3518,0.67592,0.71455,-2563.9,0.31311,-5110.4,1.2251,1.8901,1.9095,0.1366,-5059.3,0.90178,0.14017,-5103.5,1.2781,1.7852,1.9268,-0.0054454,0.13662,44.2,2546.5
4689058999614762368,27,13.5,1.5,4,2.7037,0.67592,0.71455,-555.53,0.52484,-4701.4,1.3497,3.2303,1.908,0.13629,-4602.2,1.2974,0.14167,-4694.5,1.3638,3.1831,1.9111,-0.013311,0.1363,92.275,4145.9
4689058999614762368,27,13.5,1.5,8,5.4074,0.67592,0.71455,1672.1,0.93081,-4067.5,1.5228,5.5533,1.9989,0.13994,-3933.6,1.654,0.14679,-4060.6,1.5266,5.5333,1.9997,-0.017293,0.13995,127.06,5739.7
4689058999614762368,27,13.5,1.5,16,10.815,0.67592,0.71455,4440.1,1.8969,-3287.6,1.3343,12.227,1.9219,0.1375,-3113.7,2.012,0.14799,-3280.8,1.3351,12.216,1.922,-0.0028883,0.13751,167.08,7727.8
4689058999614762368,27,13.5,3,0.5,0.33796,0.67592,0.71455,-4409.7,0.19477,-5383.3,1.1331,0.97473,1.5997,0.13539,-5346.1,0.47475,0.14041,-5377.9,3.6907,0.28208,2.8415,0.23765,0.13582,31.798,973.65
4689058999614762368,27,13.5,3,1,0.67592,0.67592,0.71455,-3591,0.24042,-5072.2,1.8408,1.0606,1.6231,0.1352,-4909.3,0.95997,0.14417,-5070.6,4.3101,0.47067,2.8136,0.31309,0.13714,161.23,1481.2
4689058999614762368,27,13.5,3,2,1.3518,0.67592,0.71455,-1762.2,0.38481,-4541.4,2.7626,1.5694,2.0247,0.13616,-4279,1.4686,0.14525,-4534.7,2.9102,1.487,2.0721,0.043701,0.13633,255.71,2779.2
4689058999614762368,27,13.5,3,4,2.7037,0.67592,0.71455,547.84,0.69707,-3705.5,3.0791,2.8242,2.1586,0.14186,-3377.6,1.8816,0.15107,-3698.5,3.0967,2.8059,2.1637,-0.057541,0.14191,320.91,4253.3
4689058999614762368,27,13.5,3,8,5.4074,0.67592,0.71455,3032.4,1.3207,-2407.6,3.0256,5.4984,1.9486,0.1389,-1942.8,2.311,0.16412,-2400.7,3.0321,5.4853,1.9498,-0.010248,0.13893,457.92,5440.1
4689058999614762368,27,13.5,3,16,10.815,0.67592,0.71455,5916.5,2.7731,-532.74,2.5477,12.775,1.7782,0.1185,36.362,2.6812,0.20887,-525.85,2.5486,12.77,1.7783,-0.0054662,0.11851,562.21,6449.2
4689058999614762368,28,13.5,0.3,0.5,1.0165,2.033,0.28674,-1909,0.37694,-4050.6,0.46605,3.5989,1.3859,0.19421,-4060.4,0.46356,0.19476,-4046,1.8227,0.83092,2.4935,0.29925,0.19587,-14.43,2141.5
4689058999614762368,28,13.5,0.3,1,2.033,2.033,0.28674,-2118.1,0.35788,-4067.7,0.57952,2.9896,1.4427,0.19362,-4075.5,0.463,0.19397,-4062.7,1.6978,0.95608,2.3073,0.25166,0.19515,-12.77,1949.6
4689058999614762368,28,13.5,0.3,2,4.066,2.033,0.28674,-1231.5,0.44599,-4012.4,0.29579,5.8691,1.3337,0.19508,-4025,0.486,0.19543,-4006.2,1.9034,0.61862,2.8541,0.41679,0.19615,-18.782,2780.9
4689058999614762368,28,13.5,0.3,4,8.1321,2.033,0.28674,786.63,0.73607,-3739.4,0.1922,13.989,1.3684,0.20328,-3747.7,0.61898,0.20233,-3733.3,0.16459,11.707,10,0.60372,0.20273,-14.433,4526
4689058999614762368,28,13.5,0.3,8,16.264,2.033,0.28674,2883.1,1.2387,-3036.3,0.02,120.65,1.041,0.20449,-3019.2,0.89188,0.22108,-3029.3,0.02,118.55,1.0387,-0.038241,0.20448,10.056,5919.4
4689058999614762368,28,13.5,0.3,16,32.528,2.033,0.28674,5519.9,2.3838,-2808,0.02,478.06,1.2636,0.21072,-2793.4,1.0557,0.2111,-2802.5,0.56292,17.842,10,1.0039,0.21547,9.0657,8328
4689058999614762368,28,13.5,0.7,0.5,1.0165,2.033,0.28674,-1947.3,0.37338,-4017.9,0.6113,3.0762,1.4675,0.19487,-4025.1,0.49313,0.19501,-4013.2,1.7286,1.0234,2.3995,0.27154,0.1966,-11.876,2070.5
4689058999614762368,28,13.5,0.7,1,2.033,2.033,0.28674,-1842.9,0.38319,-4051,0.9386,2.5692,1.7902,0.19267,-4053.1,0.53751,0.19079,-4045.3,1.4987,1.4751,2.2988,0.22162,0.19309,-7.8565,2208.1
4689058999614762368,28,13.5,0.7,2,4.066,2.033,0.28674,258.34,0.6456,-3931.5,0.56826,6.3613,1.7331,0.19235,-3934.8,0.66047,0.18846,-3928.5,1.5236,1.5063,10,0.59115,0.19021,-6.2933,4189.9
4689058999614762368,28,13.5,0.7,4,8.1321,2.033,0.28674,1728.4,0.92995,-3566.2,0.56437,9.7824,1.7379,0.20041,-3562.8,0.83114,0.19345,-3560.5,0.91948,5.4515,2.6168,0.70361,0.19792,-2.2809,5294.6
4689058999614762368,28,13.5,0.7,8,16.264,2.033,0.28674,4353.3,1.7843,-3101.5,0.74373,16.425,1.9092,0.19893,-3042.3,1.1034,0.1841,-3095.5,1.0729,11.095,2.6226,0.92295,0.19387,53.213,7454.7
4689058999614762368,28,13.5,0.7,16,32.528,2.033,0.28674,7114.6,3.5416,-1025.6,0.17523,91.767,1.31,0.25393,-1028.9,1.4342,0.25777,-1018.7,0.17522,91.707,1.31,-0.00087813,0.25393,-10.243,8140.2
4689058999614762368,28,13.5,1.5,0.5,1.0165,2.033,0.28674,-1834.7,0.38397,-4006.5,0.55183,3.3517,1.3401,0.19126,-4010.1,0.5395,0.19301,-4001.1,1.8154,1.0206,1.9311,0.29996,0.19328,-9.0327,2171.8
4689058999614762368,28,13.5,1.5,1,2.033,2.033,0.28674,-503.96,0.53428,-3710.1,0.91951,3.9452,1.6788,0.19694,-3709.7,0.74107,0.19419,-3703.1,0.94899,3.7863,1.6952,-0.050323,0.19698,-6.6421,3206.1
4689058999614762368,28,13.5,1.5,2,4.066,2.033,0.28674,1199.7,0.81557,-3315.8,1.1046,5.5752,1.7057,0.19548,-3304.7,0.9728,0.19044,-3309.8,1.569,3.7368,1.9057,0.52668,0.19632,5.0539,4515.6
4689058999614762368,28,13.5,1.5,4,8.1321,2.033,0.28674,3725.5,1.5268,-2493.1,1.3843,9.504,1.8885,0.20732,-2452.2,1.2492,0.191,-2486.2,1.3908,9.4478,1.8914,-0.0041268,0.20731,34.007,6218.6
4689058999614762368,28,13.5,1.5,8,16.264,2.033,0.28674,6313.8,2.9031,-953.35,0.85283,24.611,1.5092,0.21501,-940.55,1.5579,0.19882,-946.43,0.85333,24.588,1.5094,-0.0045007,0.21502,5.8813,7267.2
4689058999614762368,28,13.5,1.5,16,32.528,2.033,0.28674,8809.2,5.3939,690.98,1.396,34.067,1.8539,0.33094,774.56,1.7879,0.25108,697.89,1.3966,34.046,1.8541,0.0026844,0.33094,76.674,8118.2
4689058999614762368,28,13.5,3,0.5,1.0165,2.033,0.28674,-1638.1,0.40317,-3629.1,1.7154,1.95,1.5283,0.19278,-3579.4,0.79803,0.19614,-3627.3,2.9442,1.2197,1.9059,0.16841,0.1947,47.948,1991
4689058999614762368,28,13.5,3,1,2.033,2.033,0.28674,56.687,0.61407,-3107,2.4981,2.6754,1.8227,0.19268,-3032.5,1.0824,0.18907,-3104.1,3.2725,2.0438,2.0475,0.31768,0.19422,71.587,3163.7
4689058999614762368,28,13.5,3,2,4.066,2.033,0.28674,2334.9,1.0811,-2329.9,2.5132,4.8828,1.8276,0.18879,-2249.4,1.3433,0.17581,-2323,2.5545,4.7999,1.8369,0.023032,0.18893,73.614,4664.8
4689058999614762368,28,13.5,3,4,8.1321,2.033,0.28674,5155.9,2.1778,-967.86,2.741,9.4996,1.9586,0.20281,-851.8,1.628,0.15402,-960.97,2.7498,9.4645,1.9605,0.011594,0.20285,109.17,6123.8
4689058999614762368,28,13.5,3,8,16.264,2.033,0.28674,7453.7,3.8526,863.24,2.8053,16.797,1.8675,0.205,993.34,1.9072,0.00017304,870.15,2.808,16.779,1.868,0.0031862,0.20504,123.19,6590.4
4689058999614762368,28,13.5,3,16,32.528,2.033,0.28674,10491,8.1886,3779.9,3.1784,33.178,2.0496,0.49745,3947.1,2.225,9.7471e-05,3786.8,3.1789,33.172,2.0497,-0.00083714,0.49745,160.3,6710.9
4689061920192649984,27,13.1,0.3,0.5,0.76856,1.5371,0.71455,-5524.2,0.14623,-6201.2,0.83378,0.74821,1.9789,0.11523,-6210.3,-0.21628,0.11586,-6194.9,2.421,0.14852,5.4719,-0.30165,0.11536,-15.424,677.02
4689061920192649984,27,13.1,0.3,1,1.5371,1.5371,0.71455,-5173,0.16005,-6195.4,0.68644,1.0368,2.0743,0.11516,-6208.7,-0.17213,0.11536,-6189,2.8286,0.071649,10,-0.193,0.11513,-19.742,1022.5
4689061920192649984,27,13.1,0.3,2,3.0742,1.5371,0.71455,-3697.8,0.2339,-6035,0.29363,3.1866,1.5395,0.11678,-6040.8,0.028281,0.11769,-6027.3,0.22064,3.5023,1.442,-0.29839,0.11679,-13.584,2337.1
4689061920192649984,27,13.1,0.3,4,6.1484,1.5371,0.71455,-1386.2,0.42388,-5851.7,0.1501,10.498,1.4301,0.11708,-5844.1,0.27832,0.11919,-5844.9,0.07243,18.815,1.3288,-0.10465,0.11699,0.75904,4465.5
4689061920192649984,27,13.1,0.3,8,12.297,1.5371,0.71455,778.26,0.73963,-5412.4,0.052055,54.387,1.325,0.12219,-5378,0.53685,0.12838,-5405.3,0.029948,93.951,1.2892,-0.096672,0.12196,27.389,6190.7
4689061920192649984,27,13.1,0.3,16,24.594,1.5371,0.71455,3208.7,1.382,-4828.1,0.078612,64.602,1.3161,0.12032,-4726.1,0.95185,0.13605,-4824.7,0.02,144.28,1.1469,0.57979,0.11756,98.562,8036.8
4689061920192649984,27,13.1,0.7,0.5,0.76856,1.5371,0.71455,-5129.6,0.16184,-6163.1,0.76386,0.99516,1.9177,0.115,-6172.1,-0.11571,0.11574,-6157.9,2.7916,0.13037,10,-0.18523,0.11519,-14.225,1033.4
4689061920192649984,27,13.1,0.7,1,1.5371,1.5371,0.71455,-3906.2,0.22169,-6004,0.59272,1.891,1.6715,0.11551,-6005.9,0.12628,0.11707,-5997.9,3.2865,0.18108,6.4146,0.024783,0.11623,-7.956,2097.8
4689061920192649984,27,13.1,0.7,2,3.0742,1.5371,0.71455,-2197.8,0.34402,-5779,1.0256,2.3888,2.3175,0.11702,-5780,0.43123,0.11749,-5772.7,1.4748,1.3079,2.7893,0.14219,0.11742,-7.2657,3581.2
4689061920192649984,27,13.1,0.7,4,6.1484,1.5371,0.71455,483.53,0.68564,-5532.3,0.54441,7.0869,1.7761,0.11497,-5522.4,0.69757,0.11765,-5525.3,0.54047,6.9311,1.7639,-0.047279,0.11496,2.8497,6015.8
4689061920192649984,27,13.1,0.7,8,12.297,1.5371,0.71455,2241.6,1.0776,-4715.9,0.60247,10.856,1.6991,0.12564,-4662.9,1.0565,0.13257,-4709.1,0.60328,10.692,1.6939,0.019298,0.1256,46.179,6957.6
4689061920192649984,27,13.1,0.7,16,24.594,1.5371,0.71455,5702.2,2.6244,-3510,0.41619,35.035,1.5567,0.12587,-3337.3,1.5497,0.15045,-3503.2,0.41587,34.956,1.5556,0.029774,0.12583,165.89,9212.2
4689061920192649984,27,13.1,1.5,0.5,0.76856,1.5371,0.71455,-4314,0.19962,-5932,1.1511,1.1322,1.8832,0.11592,-5907.5,0.22394,0.1183,-5924.6,1.446,0.83661,1.9946,-0.26122,0.11601,17.133,1618
4689061920192649984,27,13.1,1.5,1,1.5371,1.5371,0.71455,-2946.1,0.28379,-5620.5,1.6928,1.4605,2.1343,0.11655,-5538.4,0.63997,0.11919,-5615.3,2.3008,1.0201,2.5411,-0.068808,0.1172,76.829,2674.5
4689061920192649984,27,13.1,1.5,2,3.0742,1.5371,0.71455,-282.24,0.56306,-5044.6,1.7162,3.0949,2.1576,0.11895,-4938.2,1.0473,0.12227,-5038.7,2.0298,2.4979,2.2932,0.17064,0.11944,100.54,4762.4
4689061920192649984,27,13.1,1.5,4,6.1484,1.5371,0.71455,2202.3,1.0668,-3992.7,1.0145,7.9045,1.5318,0.11316,-3714.9,1.4991,0.1375,-3985.8,1.0296,7.755,1.5331,-0.0086314,0.11318,270.93,6195
4689061920192649984,27,13.1,1.5,8,12.297,1.5371,0.71455,4683.2,2.0193,-3436.7,1.3969,12.754,1.8973,0.11509,-3233.1,1.7435,0.12896,-3429.8,1.401,12.698,1.8979,-0.010509,0.1151,196.65,8119.8
4689061920192649984,27,13.1,1.5,16,24.594,1.5371,0.71455,7312.3,3.9708,-1057,1.281,26.709,1.7186,0.13852,-685.11,2.1864,0.19594,-1050.2,1.2818,26.686,1.7186,-0.0057336,0.13852,365.05,8369.4
4689061920192649984,27,13.1,3,0.5,0.76856,1.5371,0.71455,-4046.6,0.21383,-5536.8,2.9922,0.75744,1.8468,0.11455,-5293,0.72894,0.12456,-5528.5,3.3874,0.67708,1.9824,-0.45447,0.11499,235.52,1490.2
4689061920192649984,27,13.1,3,1,1.5371,1.5371,0.71455,-1677.8,0.39325,-4867.2,3.1497,1.5329,1.9931,0.11373,-4512.1,1.281,0.123,-4863.7,4.0215,1.201,2.2787,0.0097388,0.11522,351.57,3189.4
4689061920192649984,27,13.1,3,2,3.0742,1.5371,0.71455,1422.5,0.87293,-3927.6,2.2523,4.2275,1.8168,0.1104,-3561.4,1.6396,0.12778,-3920.4,2.2719,4.1843,1.8201,-0.14798,0.11045,358.94,5350.1
4689061920192649984,27,13.1,3,4,6.1484,1.5371,0.71455,3754.5,1.5902,-2341.7,2.6482,7.1864,1.8598,0.11494,-1867.8,2.0347,0.1499,-2334.7,2.6594,7.1516,1.8616,-0.070524,0.11502,466.88,6096.2
4689061920192649984,27,13.1,3,8,12.297,1.5371,0.71455,6232,3.0075,-378.43,2.6273,13.574,1.804,0.10838,205.04,2.3881,0.19613,-371.55,2.6329,13.541,1.8047,-0.0049896,0.10847,576.58,6610.5
4689061920192649984,27,13.1,3,16,24.594,1.5371,0.71455,8860.6,5.9132,1739.6,2.7631,26.037,1.855,0.00037965,2373.9,2.7243,0.24606,1746.5,2.7643,26.022,1.8551,-0.0045455,0.00035151,627.42,7121
4689061920192649984,28,13.1,0.3,0.5,1.223,2.4461,0.29868,-3551.6,0.25071,-6417.6,0.11152,5.781,1.0333,0.10106,-6413.8,0.25089,0.10545,-6410.2,0.095856,5.4799,0.98995,-0.18779,0.10086,-3.5716,2866
4689061920192649984,28,13.1,0.3,1,2.4461,2.4461,0.29868,-3202.5,0.27341,-6305.5,0.29561,3.6892,1.1935,0.10256,-6305.9,0.33363,0.10555,-6298.7,0.37139,2.381,1.1549,0.017185,0.10241,-7.2106,3103.1
4689061920192649984,28,13.1,0.3,2,4.8922,2.4461,0.29868,-2901.2,0.29465,-6529.2,0.02,38.508,1.1295,0.10392,-6535.2,0.13906,0.10541,-6521.4,0.02,35.071,1.1256,-0.28416,0.10408,-13.758,3628
4689061920192649984,28,13.1,0.3,4,9.7844,2.4461,0.29868,787.73,0.73627,-6086.2,0.057364,48.954,1.351,0.10776,-6079.9,0.45494,0.10697,-6079.2,0.29385,9.8203,2.3743,0.37729,0.10852,-0.72572,6874
4689061920192649984,28,13.1,0.3,8,19.569,2.4461,0.29868,3691.1,1.5138,-5232.1,0.02,240.14,1.2486,0.11557,-5210.9,0.73705,0.11781,-5224.8,0.02,238.8,1.2493,-0.14787,0.11564,13.822,8923.2
4689061920192649984,28,13.1,0.3,16,39.137,2.4461,0.29868,5699.9,2.4927,-4169.1,0.02,635.29,1.3144,0.12756,-4158.5,1.0127,0.12897,-4164.7,0.56008,18.925,10,0.98067,0.13137,6.2019,9869
4689061920192649984,28,13.1,0.7,0.5,1.223,2.4461,0.29868,-3029.7,0.2854,-6256.6,0.35582,3.4168,1.216,0.10232,-6254.4,0.37564,0.10533,-6249.9,1.0404,1.0783,1.3407,0.11991,0.10302,-4.4381,3226.9
4689061920192649984,28,13.1,0.7,1,2.4461,2.4461,0.29868,-2504.1,0.32517,-6230.6,0.45632,3.5838,1.3983,0.10433,-6239.4,0.39202,0.10504,-6223.7,0.50725,2.9683,1.4072,-0.034632,0.10437,-15.759,3726.5
4689061920192649984,28,13.1,0.7,2,4.8922,2.4461,0.29868,-378.52,0.55118,-5897.4,0.51839,5.9319,1.5468,0.10574,-5906.8,0.59096,0.10442,-5890.6,1.476,1.1065,10,0.5688,0.10499,-16.175,5518.9
4689061920192649984,28,13.1,0.7,4,9.7844,2.4461,0.29868,2317.7,1.0765,-4747.8,0.54783,11.921,1.5901,0.12396,-4751,0.88887,0.11989,-4741.7,1.4555,3.127,8.1082,0.85989,0.12133,-9.2897,7065.4
4689061920192649984,28,13.1,0.7,8,19.569,2.4461,0.29868,6544.2,3.0739,-3355.9,0.17797,76.47,1.4368,0.1482,-3352.7,1.1582,0.1439,-3351.6,0.89018,14.714,3.0655,1.1119,0.14878,-1.0873,9900.1
4689061920192649984,28,13.1,0.7,16,39.137,2.4461,0.29868,7510,3.9068,-3493,0.41191,47.746,1.6086,0.1193,-3065.6,1.4559,0.00048981,-3486.1,0.41241,47.662,1.6093,0.0016086,0.11929,420.46,11003
4689061920192649984,28,13.1,1.5,0.5,1.223,2.4461,0.29868,-2989.5,0.28826,-6261.5,0.95553,2.0299,1.57,0.10146,-6253.5,0.45435,0.10154,-6258.8,1.9795,0.94549,1.9979,0.074448,0.10237,5.2587,3272
4689061920192649984,28,13.1,1.5,1,2.4461,2.4461,0.29868,-1186.6,0.45099,-5564.6,1.1959,2.9553,1.5865,0.10502,-5542.1,0.74408,0.10461,-5557.8,1.3282,2.634,1.6224,-0.025859,0.10525,15.695,4378
4689061920192649984,28,13.1,1.5,2,4.8922,2.4461,0.29868,1575.7,0.89537,-4921.8,1.1491,6.2198,1.7371,0.10799,-4902.9,0.96799,0.10181,-4915,1.1847,5.9913,1.7496,0.042911,0.10806,12.096,6497.5
4689061920192649984,28,13.1,1.5,4,9.7844,2.4461,0.29868,4521.7,1.8605,-3737.8,1.4753,11.046,2.0463,0.129,-3048.3,1.4578,0.00032934,-3731.7,1.8712,8.047,2.2146,0.73746,0.12831,683.31,8259.5
4689061920192649984,28,13.1,1.5,8,19.569,2.4461,0.29868,6531.2,3.0641,-1781.3,1.7185,17.252,1.9726,0.16512,-1674.7,1.5299,0.11767,-1774.4,1.7226,17.201,1.9739,0.01672,0.16512,99.725,8312.5
4689061920192649984,28,13.1,1.5,16,39.137,2.4461,0.29868,10109,7.449,2066.3,1.2447,50.401,1.8553,0.51807,2126.8,1.8496,0.445,2073.2,1.245,50.385,1.8554,-0.00051188,0.51807,53.593,8043.2
4689061920192649984,28,13.1,3,0.5,1.223,2.4461,0.29868,-1861.9,0.38138,-5565,1.863,1.9483,1.6749,0.10268,-5506.3,0.78038,0.1023,-5566.1,3.0022,1.2293,2.008,0.10934,0.10439,59.88,3703.1
4689061920192649984,28,13.1,3,1,2.4461,2.4461,0.29868,138.76,0.62671,-4401.1,3.2323,2.4767,2.1113,0.11609,-4284.1,1.0978,0.10588,-4396.7,3.5904,2.2025,2.2134,0.11118,0.11676,112.58,4539.8
4689061920192649984,28,13.1,3,2,4.8922,2.4461,0.29868,2877.7,1.237,-3274.6,2.8054,5.3612,1.9389,0.10656,-3160.3,1.3686,0.082161,-3267.6,2.8315,5.3041,1.9441,-0.043246,0.10665,107.32,6152.3
4689061920192649984,28,13.1,3,4,9.7844,2.4461,0.29868,5472.2,2.3556,-1475.9,2.7678,10.347,1.9017,0.10694,-1348,1.6408,4.6739e-05,-1468.9,2.7736,10.322,1.9028,-0.029218,0.10699,120.92,6948
4689061920192649984,28,13.1,3,8,19.569,2.4461,0.29868,8816.3,5.4035,1317.5,2.5376,24.79,1.8642,0.14503,1488,1.946,3.1978e-05,1324.4,2.5391,24.772,1.8644,-0.00014393,0.14506,163.58,7498.8
4689061920192649984,28,13.1,3,16,39.137,2.4461,0.29868,11144,9.6313,4649.8,2.8883,41.171,1.883,0.55008,4782.5,2.2916,0.19721,4656.7,2.8889,41.162,1.8831,-0.00063141,0.55011,125.79,6494.6
4689061920192649984,67,13.1,0.3,0.5,2.5795,5.159,0.20892,-2165.3,0.37152,-5670.5,0.28215,5.4491,1.3624,0.14524,-5684.1,0.11886,0.14454,-5664.5,1.3302,0.54951,8.7313,0.097235,0.14497,-19.669,3505.2
4689061920192649984,67,13.1,0.3,1,5.159,5.159,0.20892,-973.42,0.48616,-5427.2,0.22189,8.6661,1.3328,0.14923,-5440.6,0.21716,0.14846,-5421,0.75247,1.6722,2.7436,0.1888,0.14913,-19.604,4453.8
4689061920192649984,67,13.1,0.3,2,10.318,5.159,0.20892,1073.2,0.7715,-5329.6,0.14643,19.857,1.3874,0.14929,-5332.5,0.30561,0.1468,-5323,0.26902,10.338,1.8303,0.2097,0.14891,-9.5301,6402.9
4689061920192649984,67,13.1,0.3,4,20.636,5.159,0.20892,3344.1,1.2878,-3543.2,0.18656,28.308,1.3322,0.20182,-3552.9,0.63021,0.1996,-3540.4,0.61735,7.2127,10,0.6105,0.20083,-12.513,6887.3
4689061920192649984,67,13.1,0.3,8,41.272,5.159,0.20892,5404.6,2.0501,-3540,0.23007,39.74,1.5407,0.20131,-3509.9,0.69397,0.19164,-3533.8,0.40399,23.279,1.9758,0.54021,0.19904,23.885,8944.6
4689061920192649984,67,13.1,0.3,16,82.544,5.159,0.20892,10399,6.3268,-157.63,0.025801,893.25,1.2849,0.37972,-141.36,1.1126,0.37175,-150.61,0.025606,900.93,1.2853,-0.0035918,0.37976,9.2588,10557
4689061920192649984,67,13.1,0.7,0.5,2.5795,5.159,0.20892,-1924.8,0.39224,-5610.4,0.49349,4.1819,1.5248,0.14447,-5620.4,0.20157,0.14244,-5604.1,1.0954,1.3693,3.2555,0.14373,0.1437,-16.28,3685.5
4689061920192649984,67,13.1,0.7,1,5.159,5.159,0.20892,-27.462,0.60183,-5219.9,0.57011,6.1189,1.6393,0.14995,-5222.2,0.37994,0.14532,-5217.1,1.6945,1.5477,4.4759,0.29368,0.1479,-5.0555,5192.4
4689061920192649984,67,13.1,0.7,2,10.318,5.159,0.20892,2791.2,1.1368,-4717.4,0.68065,10.808,1.8816,0.15663,-4663.4,0.59112,0.14635,-4710.6,0.71928,10.168,1.9558,0.080021,0.15599,47.168,7508.6
4689061920192649984,67,13.1,0.7,4,20.636,5.159,0.20892,5801.3,2.242,-2904.1,0.68697,21.448,1.798,0.20982,-2828.4,0.89534,0.19029,-2897.2,0.69506,21.174,1.8096,0.037005,0.20964,68.767,8705.4
4689061920192649984,67,13.1,0.7,8,41.272,5.159,0.20892,9276.3,4.9108,298.09,0.53897,53.547,1.6709,0.42227,346.7,1.2103,0.3867,305.1,0.54025,53.397,1.6726,0.004723,0.42222,41.605,8978.2
4689061920192649984,67,13.1,0.7,16,82.544,5.159,0.20892,12088,9.2624,2509.5,0.35554,134.02,1.4909,0.61475,2520.3,1.5024,0.54288,2488.9,26.868,0.54451,10,1.4723,0.46661,31.393,9579
4689061920192649984,67,13.1,1.5,0.5,2.5795,5.159,0.20892,-385.86,0.55508,-5056.1,1.0937,3.83,1.6975,0.14486,-5043.4,0.50746,0.14001,-5049.5,1.2943,3.1611,1.7883,-0.058339,0.14507,6.0844,4670.3
4689061920192649984,67,13.1,1.5,1,5.159,5.159,0.20892,1920.5,0.93401,-4343.4,1.1934,6.2813,1.7405,0.14925,-4316,0.73563,0.13896,-4336.6,1.2844,5.765,1.7776,0.008887,0.14932,20.649,6263.9
4689061920192649984,67,13.1,1.5,2,10.318,5.159,0.20892,4605.9,1.712,-3354.1,1.4003,10.671,1.932,0.16437,-3262.7,0.96046,0.13898,-3346.9,1.4116,10.566,1.9389,-0.080938,0.16426,84.21,7960
4689061920192649984,67,13.1,1.5,4,20.636,5.159,0.20892,7363.6,3.1896,-169.5,1.5223,19.173,1.8446,0.3139,-92.839,1.302,0.25885,-162.4,1.5247,19.133,1.8458,-0.045089,0.31385,69.558,7533.1
4689061920192649984,67,13.1,1.5,8,41.272,5.159,0.20892,10440,6.3854,1029.5,1.5329,38.981,1.9262,0.31887,1208.5,1.5488,0.14876,1036.5,1.5354,38.909,1.9273,0.017812,0.31884,172.01,9410.5
4689061920192649984,67,13.1,1.5,16,82.544,5.159,0.20892,13725,13.399,5264.7,1.8006,72.343,2.0829,1.0344,5404.2,1.8928,0.71676,5271.7,1.8012,72.315,2.0832,0.0018115,1.0344,132.47,8460
4689061920192649984,67,13.1,3,0.5,2.5795,5.159,0.20892,1279.2,0.80819,-3834.8,2.1071,3.971,1.7875,0.15337,-3771.6,0.85301,0.14117,-3830.3,2.5239,3.2926,1.9021,0.084867,0.15458,58.738,5114
4689061920192649984,67,13.1,3,1,5.159,5.159,0.20892,3477.1,1.327,-2709.3,2.964,5.5807,1.9885,0.1505,-2573.4,1.1255,0.11012,-2703.4,3.1215,5.2631,2.0247,0.073359,0.15105,129.92,6186.4
4689061920192649984,67,13.1,3,2,10.318,5.159,0.20892,6352.1,2.5387,-562.43,2.836,10.97,1.9051,0.18683,-415.07,1.3964,0.089686,-555.13,2.841,10.946,1.9061,-0.11999,0.18682,140.06,6914.5
4689061920192649984,67,13.1,3,4,20.636,5.159,0.20892,9358.8,5.0031,2005.2,3.4083,19.721,2.1679,0.33119,2256.4,1.6777,5.4846e-05,2012.1,3.4169,19.66,2.1699,0.020818,0.33127,244.27,7353.6
4689061920192649984,67,13.1,3,8,41.272,5.159,0.20892,12296,9.7068,5252.3,2.8242,42.636,1.8487,0.54681,5421,1.9872,6.634e-06,5259.3,2.8254,42.616,1.8489,-0.0056892,0.54685,161.71,7043.9
4689061920192649984,67,13.1,3,16,82.544,5.159,0.20892,15433,19.699,8002.7,2.8955,83.627,1.8916,0.92832,8208.6,2.2598,0.00035088,8009.8,2.8958,83.616,1.8916,-0.0013389,0.92833,198.84,7430.1
4689061920192649984,68,13.1,0.3,0.5,2.0913,4.1827,0.30046,4256.2,1.5946,-1649.5,0.40351,19.242,1.1946,0.23464,-1660.4,0.76225,0.23091,-1645.9,1.7023,3.2923,10,0.74646,0.23477,-14.512,5905.7
4689061920192649984,68,13.1,0.3,1,4.1827,4.1827,0.30046,4734.3,1.7778,-1500.9,0.31233,24.779,1.1656,0.23792,-1512.1,0.7809,0.23676,-1497.4,1.6644,3.5039,10,0.76564,0.2407,-14.719,6235.2
4689061920192649984,68,13.1,0.3,2,8.3653,4.1827,0.30046,4084.7,1.5336,-1790.1,0.39104,18.994,1.1885,0.2269,-1801.2,0.7478,0.2239,-1786.6,1.5587,3.4865,10,0.73271,0.22752,-14.575,5874.8
4689061920192649984,68,13.1,0.3,4,16.731,4.1827,0.30046,4466.6,1.6727,-2023.7,0.23736,27.557,1.1019,0.17734,-2033.8,0.77351,0.18829,-2018.6,1.8476,2.9813,10,0.75899,0.19249,-15.129,6490.3
4689061920192649984,68,13.1,0.3,8,33.461,4.1827,0.30046,6307,2.5424,-667.58,0.24789,43.287,1.2176,0.30433,-670.95,0.85862,0.28993,-663.1,1.4574,6.4892,8.2735,0.83497,0.29671,-7.8442,6974.6
4689061920192649984,68,13.1,0.3,16,66.923,4.1827,0.30046,8930.6,4.6179,-587.48,0.076384,194.76,1.2231,0.29604,-539.31,0.91387,0.26981,-580.47,0.076542,194.32,1.2253,-0.0036727,0.2961,41.163,9518.1
4689061920192649984,68,13.1,0.7,0.5,2.0913,4.1827,0.30046,4338.9,1.6248,-1662.6,0.39444,19.903,1.1893,0.22838,-1673.5,0.77105,0.22517,-1659,1.6627,3.446,10,0.75588,0.22903,-14.519,6001.5
4689061920192649984,68,13.1,0.7,1,4.1827,4.1827,0.30046,4129.5,1.5493,-1640.4,0.45176,17.733,1.2198,0.24072,-1650.8,0.75806,0.23391,-1636.4,1.8423,3.1573,7.1206,0.73966,0.23835,-14.427,5769.9
4689061920192649984,68,13.1,0.7,2,8.3653,4.1827,0.30046,4225.6,1.5835,-1866.5,0.48475,17.579,1.2511,0.22177,-1875.6,0.75927,0.21103,-1865,1.6901,3.7742,10,0.74001,0.21566,-10.534,6092.1
4689061920192649984,68,13.1,0.7,4,16.731,4.1827,0.30046,6386.6,2.5889,-878.39,0.45295,29.669,1.2724,0.23692,-881.61,0.92634,0.2145,-875.03,1.7589,5.851,10,0.90805,0.22151,-6.5753,7265
4689061920192649984,68,13.1,0.7,8,33.461,4.1827,0.30046,8661.9,4.344,89.432,0.44386,53.718,1.5019,0.37355,172.79,0.9928,0.30952,91.869,0.88412,29.823,2.1857,0.84962,0.35202,80.922,8572.4
4689061920192649984,68,13.1,0.7,16,66.923,4.1827,0.30046,10785,7.0412,971.11,0.41822,94.484,1.5208,0.39464,1109.7,1.171,0.26375,964.51,0.94585,48.5,2.2853,1.0182,0.35286,145.22,9813.9
4689061920192649984,68,13.1,1.5,0.5,2.0913,4.1827,0.30046,4373.2,1.6376,-1694.1,0.4299,19.098,1.2137,0.22856,-1704.6,0.77112,0.22199,-1689.4,1.5793,3.5216,10,0.75775,0.22537,-15.132,6067.3
4689061920192649984,68,13.1,1.5,1,4.1827,4.1827,0.30046,4751.9,1.7849,-1512.8,0.55155,18.475,1.3137,0.24851,-1517.5,0.79494,0.22875,-1509.7,1.701,5.1455,2.6848,0.75004,0.23961,-7.8496,6264.7
4689061920192649984,68,13.1,1.5,2,8.3653,4.1827,0.30046,5898.3,2.3167,-1295.2,0.53811,25,1.3232,0.21828,-1293.4,0.8986,0.18508,-1302,1.9461,6.7009,3.2307,0.84994,0.20342,8.6033,7193.5
4689061920192649984,68,13.1,1.5,4,16.731,4.1827,0.30046,7717.9,3.5046,39.884,1.0777,25.588,1.6269,0.30992,124.23,1.0676,0.21935,44.014,1.869,14.461,2.2864,0.90972,0.28283,80.217,7678.1
4689061920192649984,68,13.1,1.5,8,33.461,4.1827,0.30046,10690,6.89,2555.3,0.86025,57.382,1.5586,0.52555,2627.8,1.3304,0.34718,2562.3,0.86198,57.267,1.5598,0.016385,0.52545,65.532,8134.3
4689061920192649984,68,13.1,1.5,16,66.923,4.1827,0.30046,12790,11.111,3540.8,1.1731,76.692,1.6845,0.48191,3742.3,1.5028,2.1383e-06,3547.8,1.174,76.634,1.6851,0.0043656,0.48177,194.56,9249.5
4689061920192649984,68,13.1,3,0.5,2.0913,4.1827,0.30046,4587.2,1.7193,-1400.4,0.55102,17.256,1.2245,0.2245,-1408.3,0.83452,0.2175,-1395.8,28.303,0.15272,10,0.81726,0.20515,-12.551,5987.7
4689061920192649984,68,13.1,3,1,4.1827,4.1827,0.30046,5124.1,1.9426,-1018.5,0.81803,15.802,1.2615,0.18539,-1017.7,0.95437,0.16978,-1011.5,0.83545,15.426,1.265,0.016854,0.18569,-6.1777,6142.6
4689061920192649984,68,13.1,3,2,8.3653,4.1827,0.30046,6414.1,2.6052,-259.23,1.9134,13.551,1.651,0.22784,-192.24,1.0894,0.11691,-256.23,2.8528,8.7805,1.8991,0.71545,0.22742,63.986,6673.4
4689061920192649984,68,13.1,3,4,16.731,4.1827,0.30046,8701.8,4.3837,1696,2.562,20.118,1.8107,0.27697,1899.6,1.321,8.683e-06,1703,2.57,20.047,1.8128,-0.0016067,0.27684,196.54,7005.8
4689061920192649984,68,13.1,3,8,33.461,4.1827,0.30046,11328,7.9667,4233.6,2.9404,33.97,1.8978,0.44812,4537.6,1.5813,3.3239e-05,4240.6,2.9412,33.958,1.8981,-0.023133,0.44799,296.99,7094.3
4689061920192649984,68,13.1,3,16,66.923,4.1827,0.30046,14942,18.125,7070.2,2.6794,79.957,1.9232,0.80646,7466.4,1.8701,0.00016859,7077.2,2.6799,79.94,1.9234,-0.00096883,0.80638,389.12,7871.3
4689074598938187776,27,14.3,0.3,0.5,0.24246,0.48492,0.81815,-6175.9,0.12366,-6267,0.39196,0.45588,0.73927,0.11229,-6255.6,-0.16311,0.11818,-6262.7,5.1543,0.10518,10,-0.28838,0.11447,7.1722,91.134
4689074598938187776,27,14.3,0.3,1,0.48492,0.48492,0.81815,-5843.4,0.1347,-6234.4,0.02,3.5042,0.74676,0.11304,-6219.3,0.045057,0.11752,-6225,0.026449,2.7718,0.73687,-0.59333,0.11279,5.6981,390.95
4689074598938187776,27,14.3,0.3,2,0.96985,0.48492,0.81815,-5505.2,0.14694,-6221.2,0.02,5.8741,0.86559,0.11404,-6201.3,0.13529,0.11712,-6212,0.02,5.7641,0.86437,-0.53877,0.11409,10.69,716.02
4689074598938187776,27,14.3,0.3,4,1.9397,0.48492,0.81815,-5444.6,0.14925,-6183.3,0.29566,1.4166,1.2114,0.11453,-6187.2,0.19703,0.11682,-6176.1,0.24129,1.3776,1.1101,-0.14933,0.11436,-11.128,738.75
4689074598938187776,27,14.3,0.3,8,3.8794,0.48492,0.81815,-2494.6,0.31874,-6015.5,0.096847,10.929,1.3335,0.11503,-5994.9,0.58551,0.11673,-6008.4,0.078382,12.999,1.3095,-0.09672,0.11502,13.526,3520.9
4689074598938187776,27,14.3,0.3,16,7.7588,0.48492,0.81815,-997.98,0.46839,-5615.6,0.18886,9.2796,1.3075,0.11625,-5568.7,0.93345,0.12232,-5608.7,0.18223,9.4274,1.2986,-0.036036,0.11621,40.013,4617.6
4689074598938187776,27,14.3,0.7,0.5,0.24246,0.48492,0.81815,-6032.1,0.12832,-6247.8,0.02,2.2576,0.64901,0.11194,-6235.6,-0.025036,0.11768,-6238.6,0.02,2.1199,0.63926,-0.54242,0.11196,2.9916,215.72
4689074598938187776,27,14.3,0.7,1,0.48492,0.48492,0.81815,-5971.6,0.13033,-6212.4,0.87943,0.47522,1.1175,0.11351,-6197.2,0.039666,0.11827,-6210.6,5.0879,0.11733,10,-0.081744,0.11437,13.44,240.87
4689074598938187776,27,14.3,0.7,2,0.96985,0.48492,0.81815,-4710.9,0.18025,-6112.8,0.56441,1.4636,1.678,0.11517,-6122.5,0.3787,0.11633,-6109.5,5.4564,0.080005,10,0.34994,0.11471,-12.98,1401.9
4689074598938187776,27,14.3,0.7,4,1.9397,0.48492,0.81815,-4157.8,0.2078,-5990.7,0.88288,1.3936,1.7148,0.11402,-5974.5,0.61825,0.11672,-5985.7,3.8442,0.22381,3.9073,0.45722,0.11444,11.136,1832.8
4689074598938187776,27,14.3,0.7,8,3.8794,0.48492,0.81815,-1367.9,0.42588,-5648.8,0.80501,3.4847,1.8786,0.11578,-5635.6,0.9911,0.1182,-5641.9,0.80607,3.4476,1.8748,0.00095444,0.11577,6.3136,4280.9
4689074598938187776,27,14.3,0.7,16,7.7588,0.48492,0.81815,1180.2,0.82018,-5044.9,0.5332,9.1272,1.6554,0.12182,-4997.5,1.3099,0.12856,-5039.2,0.48921,3.1639,1.1677,1.1129,0.11704,41.731,6225
4689074598938187776,27,14.3,1.5,0.5,0.24246,0.48492,0.81815,-5896.2,0.13288,-6195.3,1.0887,0.47039,1.2756,0.11377,-6171.3,0.15976,0.11778,-6189.1,3.1227,0.20498,2.724,-0.12972,0.11473,17.755,299.07
4689074598938187776,27,14.3,1.5,1,0.48492,0.48492,0.81815,-5492.6,0.14742,-6057.5,2.2657,0.44849,2.0587,0.11469,-5989.6,0.47786,0.11894,-6050.3,2.6291,0.3858,2.2811,-0.22187,0.11481,60.735,564.9
4689074598938187776,27,14.3,1.5,2,0.96985,0.48492,0.81815,-4220.8,0.20446,-5853.7,1.9773,0.87865,2.1695,0.11428,-5766.4,0.85782,0.11779,-5846.6,2.0895,0.8221,2.223,-0.085408,0.11432,80.252,1632.9
4689074598938187776,27,14.3,1.5,4,1.9397,0.48492,0.81815,-1824.3,0.37871,-5470.8,1.6653,2.0475,2.1757,0.11575,-5385.7,1.2175,0.11848,-5464,1.7003,1.9937,2.192,0.025083,0.11578,78.265,3646.5
4689074598938187776,27,14.3,1.5,8,3.8794,0.48492,0.81815,-147.98,0.58285,-4975.6,1.8991,3.0669,2.163,0.11675,-4839.6,1.5481,0.12136,-4968.6,1.9034,3.0559,2.1639,-0.051596,0.11676,129.03,4827.7
4689074598938187776,27,14.3,1.5,16,7.7588,0.48492,0.81815,2851.6,1.2607,-3807,1.389,7.9362,1.7675,0.1195,-3552,2.0028,0.1369,-3800.1,1.3906,7.9236,1.7677,-0.0020637,0.1195,248.18,6658.7
4689074598938187776,27,14.3,3,0.5,0.24246,0.48492,0.81815,-5828.9,0.1352,-6110.6,2.945,0.29828,2.2234,0.11528,-6040.4,0.30775,0.12003,-6102.3,3.2145,0.27266,2.416,-0.42619,0.11536,61.937,281.7
4689074598938187776,27,14.3,3,1,0.48492,0.48492,0.81815,-4940.7,0.16991,-5826.7,3.1463,0.51059,2.106,0.11495,-5645.8,0.83015,0.12264,-5820.3,3.7144,0.43465,2.4592,-0.10054,0.11538,174.45,886.1
4689074598938187776,27,14.3,3,2,0.96985,0.48492,0.81815,-3366.4,0.25471,-5322.8,3.2473,0.91113,2.0808,0.11696,-5056.7,1.3238,0.12562,-5315.4,3.3091,0.89344,2.1017,-0.19931,0.11703,258.68,1956.4
4689074598938187776,27,14.3,3,4,1.9397,0.48492,0.81815,-963.63,0.47255,-4563.3,2.9267,1.941,1.8953,0.11559,-4181.9,1.7938,0.12964,-4556.5,2.9867,1.9016,1.9093,0.040388,0.1157,374.65,3599.7
4689074598938187776,27,14.3,3,8,3.8794,0.48492,0.81815,1864,0.97791,-3412.4,3.0792,4.003,2.0164,0.11867,-2961.8,2.2292,0.135,-3405.5,3.0861,3.9926,2.0178,-0.010908,0.11869,443.77,5276.5
4689074598938187776,27,14.3,3,16,7.7588,0.48492,0.81815,4193.8,1.7805,-1930.2,3.4959,6.8296,2.0945,0.12564,-1387.8,2.5958,0.14971,-1923.3,3.4987,6.823,2.0949,0.0040108,0.12566,535.49,6124
4689074598938187776,28,14.3,0.3,0.5,0.43857,0.87714,0.28674,-6757.7,0.11311,-7615.4,1.1477,0.46607,9.5384,0.086727,-7580.1,0.24853,0.085093,-7607.6,1.1414,0.45182,10,-0.36458,0.086531,27.446,857.7
4689074598938187776,28,14.3,0.3,1,0.87714,0.87714,0.28674,-6520.6,0.11997,-7556.2,1.1566,0.5329,6.9845,0.087513,-7540.5,0.28063,0.085485,-7550.4,1.1686,0.48186,8.5507,-0.14307,0.087018,9.9636,1035.7
4689074598938187776,28,14.3,0.3,2,1.7543,0.87714,0.28674,-5142.8,0.1689,-7502.6,0.77584,1.2237,3.3076,0.087229,-7504,0.35245,0.085051,-7502.5,1.0607,0.59687,9.7084,0.1851,0.085948,-1.4426,2359.9
4689074598938187776,28,14.3,0.3,4,3.5086,0.87714,0.28674,-3921.2,0.22873,-7290.5,0.3131,3.3423,1.5558,0.087362,-7299.1,0.5246,0.085997,-7295.7,0.94907,0.97768,10,0.41631,0.08707,-3.3319,3369.3
4689074598938187776,28,14.3,0.3,8,7.0172,0.87714,0.28674,-1016.4,0.47046,-6771.7,0.10928,14.139,1.2743,0.090112,-6777.4,0.78273,0.090331,-6764.8,0.1061,14.368,1.2724,0.0016592,0.09011,-12.53,5755.4
4689074598938187776,28,14.3,0.3,16,14.034,0.87714,0.28674,2323.2,1.0779,-5816.4,0.02,120.41,1.137,0.096123,-5786.4,1.0844,0.1016,-5809.4,22.574,0.10565,3.5029,1.0177,0.088671,22.98,8139.6
4689074598938187776,28,14.3,0.7,0.5,0.43857,0.87714,0.28674,-6355.7,0.12498,-7567.4,1.134,0.60005,5.3551,0.086809,-7551.6,0.29421,0.085001,-7562.8,1.1283,0.48743,10,0.0023239,0.086209,11.177,1211.7
4689074598938187776,28,14.3,0.7,1,0.87714,0.87714,0.28674,-5639.9,0.14929,-7468.2,1.0864,0.84222,4.0175,0.087651,-7466.9,0.41548,0.084634,-7467.6,1.1346,0.66564,6.4544,0.19596,0.086138,0.73808,1828.3
4689074598938187776,28,14.3,0.7,2,1.7543,0.87714,0.28674,-3812.5,0.23499,-7166.7,0.53674,2.3647,1.5395,0.086,-7176.2,0.64885,0.085237,-7159.8,0.54852,2.2712,1.5494,-0.015629,0.085998,-16.41,3354.3
4689074598938187776,28,14.3,0.7,4,3.5086,0.87714,0.28674,-2090.5,0.36034,-7015.7,0.60776,3.5313,1.7008,0.085063,-7015.6,0.80806,0.082855,-7008.8,0.61649,3.4589,1.712,0.0091166,0.085052,-6.7618,4925.2
4689074598938187776,28,14.3,0.7,8,7.0172,0.87714,0.28674,1671.4,0.9169,-6283.2,0.4081,12.033,1.6334,0.089011,-6260.4,1.1046,0.084369,-6276.3,0.40933,11.987,1.6357,0.0094103,0.089005,15.936,7954.7
4689074598938187776,28,14.3,0.7,16,14.034,0.87714,0.28674,3792.5,1.5524,-4748.1,0.4459,19.601,1.582,0.11292,-4727.2,1.3871,0.10537,-4741.2,0.44618,19.582,1.5824,0.0021399,0.11291,14.037,8540.6
4689074598938187776,28,14.3,1.5,0.5,0.43857,0.87714,0.28674,-6051.1,0.1348,-7406.1,0.60653,1.0022,1.2338,0.083557,-7402,0.44844,0.085424,-7399.2,0.80046,0.76856,1.2818,-0.067526,0.083683,-2.8509,1355.1
4689074598938187776,28,14.3,1.5,1,0.87714,0.87714,0.28674,-5087.3,0.17124,-7136.5,1.5416,0.88611,1.7265,0.084618,-7113.4,0.7147,0.084394,-7129,1.5879,0.85677,1.7431,-0.22409,0.084638,15.586,2049.2
4689074598938187776,28,14.3,1.5,2,1.7543,0.87714,0.28674,-2147.6,0.35527,-6750.9,1.2796,2.2443,1.8592,0.083921,-6733,0.97058,0.081152,-6743.9,1.2963,2.2066,1.8674,-0.040328,0.083918,10.924,4603.3
4689074598938187776,28,14.3,1.5,4,3.5086,0.87714,0.28674,442.88,0.67586,-5936,1.321,4.3727,1.936,0.090146,-5889,1.2347,0.082496,-5929,1.324,4.3593,1.9382,-0.023817,0.090137,39.987,6378.9
4689074598938187776,28,14.3,1.5,8,7.0172,0.87714,0.28674,2848.9,1.2282,-3743.8,1.6104,7.0136,2.1063,0.15226,-3662.8,1.4986,0.13787,-3736.9,1.6132,6.9981,2.1078,0.0029325,0.15226,74.042,6592.7
4689074598938187776,28,14.3,1.5,16,14.034,0.87714,0.28674,5357.8,2.2897,-2582.5,1.037,16.965,1.5763,0.11488,-2553.3,1.8212,0.093092,-2575.6,1.0373,16.959,1.5764,-0.0010874,0.11488,22.28,7940.3
4689074598938187776,28,14.3,3,0.5,0.43857,0.87714,0.28674,-5235,0.16507,-7066,2.3036,0.6812,1.8029,0.083455,-7010,0.79072,0.083805,-7058.7,2.4447,0.64375,1.8507,-0.2111,0.083529,48.735,1831.1
4689074598938187776,28,14.3,3,1,0.87714,0.87714,0.28674,-3881.3,0.23101,-6465.6,3.0105,0.8975,1.8636,0.085331,-6370.7,1.0653,0.084437,-6457.7,3.0243,0.89268,1.8667,-0.30653,0.085337,86.996,2584.3
4689074598938187776,28,14.3,3,2,1.7543,0.87714,0.28674,-1110.8,0.45956,-5696.2,3.472,1.7397,2.337,0.087438,-5568.9,1.3493,0.077311,-5689.1,3.4905,1.7285,2.3436,-0.093939,0.087451,120.13,4585.4
4689074598938187776,28,14.3,3,4,3.5086,0.87714,0.28674,1584.2,0.89725,-4373.7,2.6841,3.9616,1.8994,0.086276,-4268.8,1.6222,0.066922,-4366.9,2.7074,3.9242,1.9042,0.10431,0.086348,98.108,5957.9
4689074598938187776,28,14.3,3,8,7.0172,0.87714,0.28674,4085,1.6693,-2529.5,3.0497,6.9565,1.9521,0.092627,-2377.2,1.9089,5.5459e-06,-2522.5,3.0511,6.9525,1.9524,-0.012165,0.092632,145.3,6614.5
4689074598938187776,28,14.3,3,16,14.034,0.87714,0.28674,6901.3,3.3589,183.28,2.9717,14.296,1.9164,0.15819,349.56,2.2022,1.9329e-05,190.2,2.972,14.295,1.9165,-0.0043622,0.15819,159.36,6718
4690500047016009728,28,12.6,0.3,0.5,2.364,4.7279,0.28674,-4343,0.20599,-5058.6,0.85604,1.0141,3.0014,0.16379,-5066.4,-0.32721,0.16184,-5056.8,1.0289,0.61422,10,-0.51499,0.16292,-9.6572,715.62
4690500047016009728,28,12.6,0.3,1,4.7279,4.7279,0.28674,-2845.6,0.29874,-4984.4,0.40874,3.162,1.8494,0.16269,-4990.3,-0.16921,0.16084,-4977.4,0.98924,0.91142,7.4724,-0.26902,0.16164,-12.904,2138.8
4690500047016009728,28,12.6,0.3,2,9.4558,4.7279,0.28674,-484.25,0.5369,-4477.3,0.21579,10.427,1.3297,0.16563,-4490.3,0.21585,0.16556,-4475.7,0.92217,2.1635,6.3114,0.168,0.16694,-14.642,3993
4690500047016009728,28,12.6,0.3,4,18.912,4.7279,0.28674,3133.4,1.3181,-3948.9,0.07147,65.975,1.2791,0.16819,-3952,0.48886,0.16838,-3945,0.32563,13.781,10,0.46589,0.16947,-7.0162,7082.3
4690500047016009728,28,12.6,0.3,8,37.823,4.7279,0.28674,5319.7,2.2681,-2453.9,0.08669,89.904,1.2351,0.2097,-2459.3,0.79054,0.21522,-2446.9,0.084023,91.489,1.233,-0.015124,0.20971,-12.395,7773.5
4690500047016009728,28,12.6,0.3,16,75.647,4.7279,0.28674,8662.7,5.2012,-344.6,0.02,251.87,0.925,6.2282e-05,-85.518,1.2455,0.2765,-461.27,24.861,0.74661,2.7316,0.93377,0.0029559,375.75,9007.2
4690500047016009728,28,12.6,0.7,0.5,2.364,4.7279,0.28674,-2573.8,0.3196,-4830.6,0.67327,2.5907,1.8411,0.16347,-4838.1,-0.0082596,0.16159,-4823,0.80784,1.9168,2.0896,-0.26553,0.16319,-15.058,2256.8
4690500047016009728,28,12.6,0.7,1,4.7279,4.7279,0.28674,-1465.4,0.42083,-4527.6,1.2532,2.5971,1.9163,0.16135,-4517.9,0.29797,0.15819,-4520,1.3602,2.3345,1.9845,-0.31714,0.16135,2.0935,3062.2
4690500047016009728,28,12.6,0.7,2,9.4558,4.7279,0.28674,1928.1,0.97721,-4003.4,0.74804,8.7664,1.9521,0.17549,-3977.7,0.49255,0.16654,-3999.2,1.0103,6.1637,2.5989,0.29518,0.17266,21.448,5931.5
4690500047016009728,28,12.6,0.7,4,18.912,4.7279,0.28674,5148.2,2.1736,-3152.4,0.37654,30.915,1.5419,0.1748,-3144.1,0.79208,0.1651,-3151.5,1.1,10.029,3.446,0.73654,0.16997,7.4353,8300.6
4690500047016009728,28,12.6,0.7,8,37.823,4.7279,0.28674,8237.3,4.68,-1916.6,0.33863,74.734,1.5952,0.20591,-1870.7,1.0506,0.17884,-1923.5,0.88605,30.345,2.6396,0.95149,0.19565,52.803,10154
4690500047016009728,28,12.6,0.7,16,75.647,4.7279,0.28674,10303,7.8154,-837.32,0.44626,103.86,1.657,0.20892,-741.01,1.2791,0.15338,-830.44,0.44715,103.64,1.6582,0.019329,0.20889,89.431,11140
4690500047016009728,28,12.6,1.5,0.5,2.364,4.7279,0.28674,-1459.8,0.42142,-4452.2,1.6588,2.2054,2.1679,0.16318,-4428.7,0.33615,0.15933,-4447.4,2.2608,1.4946,2.66,-0.10504,0.16335,18.69,2992.4
4690500047016009728,28,12.6,1.5,1,4.7279,4.7279,0.28674,1187.7,0.81313,-3860.8,1.2969,5.1467,1.8114,0.16304,-3842.9,0.62122,0.15603,-3854.1,1.7378,3.599,2.0103,0.19837,0.16333,11.167,5048.5
4690500047016009728,28,12.6,1.5,2,9.4558,4.7279,0.28674,4139.1,1.6919,-2937.8,1.3676,10.627,1.9406,0.17537,-2878.8,0.89165,0.15627,-2933,1.8441,7.2995,2.1864,0.50377,0.17447,54.233,7076.9
4690500047016009728,28,12.6,1.5,4,18.912,4.7279,0.28674,6893.8,3.3527,-1243.6,1.1621,23.511,1.7423,0.20167,-1196.5,1.2017,0.16063,-1236.7,1.1672,23.382,1.7445,-0.0024435,0.20166,40.215,8137.4
4690500047016009728,28,12.6,1.5,8,37.823,4.7279,0.28674,9694.6,6.72,949.4,1.458,41.191,1.926,0.32968,1068,1.4839,0.22361,956.33,1.4596,41.136,1.9268,-0.0042451,0.32964,111.69,8745.2
4690500047016009728,28,12.6,1.5,16,75.647,4.7279,0.28674,11928,11.699,3950,1.7483,63.948,2.0407,0.7932,4067.5,1.7626,0.60814,3956.9,1.7489,63.919,2.0409,-0.0036252,0.79318,110.58,7977.8
4690500047016009728,28,12.6,3,0.5,2.364,4.7279,0.28674,232.78,0.64151,-3496.8,2.5312,2.8392,1.8341,0.16279,-3423.4,0.75059,0.15657,-3489.7,2.7431,2.6132,1.89,-0.20895,0.16334,66.281,3729.6
4690500047016009728,28,12.6,3,1,4.7279,4.7279,0.28674,2312.6,1.0751,-2325,3.9626,3.8147,2.4311,0.1912,-2162.9,1.0224,0.16493,-2316.8,3.9777,3.7952,2.4363,-0.36038,0.1912,153.9,4637.6
4690500047016009728,28,12.6,3,2,9.4558,4.7279,0.28674,5404.4,2.3163,-1030,2.9903,9.6372,1.9873,0.16824,-893.09,1.3021,0.10205,-1024.1,3.1794,8.9667,2.0249,0.30197,0.16922,130.96,6434.4
4690500047016009728,28,12.6,3,4,18.912,4.7279,0.28674,8325.6,4.7837,1473,2.5538,21.935,1.7743,0.15336,1605.3,1.6072,3.4986e-05,1479.9,2.5592,21.882,1.7752,-0.021956,0.15349,125.33,6852.6
4690500047016009728,28,12.6,3,8,37.823,4.7279,0.28674,10853,8.9589,4678,2.8863,38.43,1.9252,0.70974,4803.5,1.9127,0.43372,4684.9,2.8908,38.365,1.9261,0.020234,0.70988,118.65,6174.9
4690500047016009728,28,12.6,3,16,75.647,4.7279,0.28674,13928,19.223,6146.6,2.9504,80.82,1.9992,0.40777,6508.9,2.1349,8.1397e-05,6153.6,2.9509,80.804,1.9994,-0.00086086,0.40783,355.29,7781.4
4690500047016009728,67,12.6,0.3,0.5,3.8205,7.6411,0.22745,-926.34,0.49135,-3168,0.02,39.383,1.0527,0.27304,-3173.8,-0.12367,0.27522,-3158.6,0.11517,13.075,3.8295,-0.16045,0.27597,-15.193,2241.6
4690500047016009728,67,12.6,0.3,1,7.6411,7.6411,0.22745,-1117.3,0.47063,-3004,0.35342,5.2337,1.3607,0.27699,-3016.3,0.032647,0.27764,-2997.1,40,0.27637,0.3,0.013594,0.23181,-19.118,1886.7
4690500047016009728,67,12.6,0.3,2,15.282,7.6411,0.22745,2644.3,1.0997,-2665.2,0.086831,45.209,1.3632,0.28873,-2667.5,0.24387,0.28637,-2659.7,0.38945,10.563,3.5149,0.18133,0.28842,-7.7589,5309.5
4690500047016009728,67,12.6,0.3,4,30.564,7.6411,0.22745,4928.5,1.8413,-2352.7,0.18419,41.938,1.4833,0.2861,-2350.6,0.49554,0.27981,-2346.2,0.31025,23.597,1.9627,0.39716,0.28435,-4.4372,7281.2
4690500047016009728,67,12.6,0.3,8,61.129,7.6411,0.22745,8520,4.1405,821.42,0.28433,69.347,1.8731,0.62108,885.67,0.74533,0.60073,828.4,0.29104,67.759,1.9008,0.015177,0.62055,57.277,7698.6
4690500047016009728,67,12.6,0.3,16,122.26,7.6411,0.22745,12250,9.6067,-90.363,0.18978,225.71,1.7669,0.43643,82.299,0.96632,0.403,-83.446,0.19416,220.72,1.7787,0.054453,0.43617,165.75,12341
4690500047016009728,67,12.6,0.7,0.5,3.8205,7.6411,0.22745,-1059.3,0.47683,-2997.8,0.52433,4.1326,1.4665,0.27542,-3006.8,0.075909,0.27553,-2993.1,3.2353,0.40724,10,-0.010048,0.27579,-13.673,1938.5
4690500047016009728,67,12.6,0.7,1,7.6411,7.6411,0.22745,1409.7,0.83235,-2545.1,0.76468,6.7955,1.8128,0.28791,-2547.1,0.3659,0.28243,-2539.3,1.1268,4.2069,2.1722,0.061895,0.28771,-7.7679,3954.8
4690500047016009728,67,12.6,0.7,2,15.282,7.6411,0.22745,4693.6,1.7462,-1863.7,0.59804,17.978,1.7009,0.30126,-1858.5,0.66522,0.28856,-1858.5,1.0858,8.663,2.6636,0.55799,0.29631,-0.0037569,6557.3
4690500047016009728,67,12.6,0.7,4,30.564,7.6411,0.22745,6924.6,2.8888,-804.69,0.7006,27.207,1.7692,0.35366,-776.08,0.8859,0.33077,-803.28,1.426,11.982,3.0931,0.76816,0.34447,27.199,7729.3
4690500047016009728,67,12.6,0.7,8,61.129,7.6411,0.22745,10729,6.8155,788.4,0.56533,73.111,1.7343,0.44609,852.33,1.1614,0.40506,795.4,0.56685,72.877,1.7364,0.0043817,0.446,56.936,9940.5
4690500047016009728,67,12.6,0.7,16,122.26,7.6411,0.22745,14353,15.438,3662.1,0.19729,335.36,1.3819,0.6857,3662.8,1.5041,0.66086,3669.1,0.19731,335.2,1.382,9.9634e-05,0.68571,-6.3158,10691
4690500047016009728,67,12.6,1.5,0.5,3.8205,7.6411,0.22745,1143.4,0.78381,-2485,1.3558,4.659,1.9319,0.27783,-2465.3,0.4976,0.27062,-2485.6,2.1191,2.8368,2.5055,0.017829,0.27974,20.332,3628.4
4690500047016009728,67,12.6,1.5,1,7.6411,7.6411,0.22745,3481.2,1.3283,-1851.8,1.3132,8.3591,1.7788,0.28015,-1825.8,0.75588,0.26882,-1844.7,1.3801,7.8795,1.8046,-0.079001,0.28029,18.865,5333
4690500047016009728,67,12.6,1.5,2,15.282,7.6411,0.22745,6261.3,2.4872,-747.28,1.3915,15.595,1.8567,0.31262,-692.52,1.0098,0.28618,-740.5,1.444,14.913,1.8761,0.089179,0.31271,47.977,7008.6
4690500047016009728,67,12.6,1.5,4,30.564,7.6411,0.22745,9604,5.2877,1030.3,1.4708,32.687,1.933,0.39213,1133.7,1.3151,0.31192,1037.3,1.4738,32.604,1.9347,-0.025819,0.39207,96.354,8573.8
4690500047016009728,67,12.6,1.5,8,61.129,7.6411,0.22745,12360,9.8474,3036.2,1.5643,58.235,1.9654,0.53984,3190.8,1.5688,0.3827,3043.2,1.5665,58.134,1.9662,0.0044652,0.53981,147.65,9323.8
4690500047016009728,67,12.6,1.5,16,122.26,7.6411,0.22745,15905,21.914,6384.9,1.4517,133.23,1.9781,1.2209,6545.2,1.8739,0.92871,6391.9,1.4522,133.18,1.9783,0.0011643,1.2209,153.27,9520.2
4690500047016009728,67,12.6,3,0.5,3.8205,7.6411,0.22745,2455.4,1.0538,-1546.2,2.5445,4.667,1.7814,0.26973,-1456.8,0.88587,0.26063,-1537.4,2.5482,4.6544,1.7818,-0.45074,0.2697,80.602,4001.6
4690500047016009728,67,12.6,3,1,7.6411,7.6411,0.22745,5016,1.878,-366.53,3.1604,7.5762,2.0702,0.29891,-234.39,1.1448,0.25863,-359.89,3.2599,7.3175,2.0957,-0.068209,0.29943,125.5,5382.6
4690500047016009728,67,12.6,3,2,15.282,7.6411,0.22745,8257.7,3.9025,1934.5,2.5079,17.952,1.7993,0.39129,2039.3,1.4475,0.31134,1941.4,2.5411,17.701,1.8057,0.035586,0.39184,97.888,6323.2
4690500047016009728,67,12.6,3,4,30.564,7.6411,0.22745,11344,7.8297,4827.6,2.6746,35.027,1.8956,0.75844,4953.7,1.738,0.58116,4834.7,2.6749,35.019,1.8957,-0.054009,0.75841,118.99,6516.1
4690500047016009728,67,12.6,3,8,61.129,7.6411,0.22745,14026,14.341,6857,2.9621,60.56,1.9367,0.8892,7028.6,2.0104,0.32757,6864.1,2.9635,60.528,1.9369,-0.0066847,0.88925,164.51,7169.1
4690500047016009728,67,12.6,3,16,122.26,7.6411,0.22745,17326,30.194,9904,2.5147,137.46,1.8212,1.6506,10042,2.309,0.50498,9911,2.5155,137.41,1.8213,0.0050592,1.6507,131.05,7421.7
4690500047016009728,68,12.6,0.3,0.5,3.354,6.708,0.39049,1563.1,0.86415,-2859.2,0.19279,16.466,1.1645,0.24355,-2866.6,0.091639,0.24117,-2855.6,0.84901,3.6449,10,0.06063,0.24367,-11.052,4422.4
4690500047016009728,68,12.6,0.3,1,6.708,6.708,0.39049,2034.7,0.96201,-2830.9,0.10124,30.612,1.143,0.24696,-2828.6,0.09303,0.2437,-2826.8,0.58533,7.0557,3.1959,0.038771,0.24797,-1.8217,4865.6
4690500047016009728,68,12.6,0.3,2,13.416,6.708,0.39049,3269.6,1.274,-2205.7,0.056278,63.735,1.1031,0.27485,-2199.2,0.19267,0.27297,-2199.6,0.53409,10.089,3.2556,0.14222,0.27809,0.44146,5475.4
4690500047016009728,68,12.6,0.3,4,26.832,6.708,0.39049,5318.7,2.0306,-1597.7,0.044858,117.64,1.1,0.28488,-1582.9,0.35476,0.28329,-1590.5,0.033508,150.7,1.1013,-0.097755,0.28552,7.5149,6916.4
4690500047016009728,68,12.6,0.3,8,53.664,6.708,0.39049,8274,3.9771,-1314.7,0.02,562.29,1.1705,0.26862,-1226.5,0.51479,0.25021,-1310.2,0.25663,66.203,2.3515,0.4427,0.26691,83.64,9588.6
4690500047016009728,68,12.6,0.3,16,107.33,6.708,0.39049,9949,5.8217,709.12,0.088694,228.64,1.2257,0.38625,766.16,0.75314,0.35425,715.95,0.34441,74.619,1.9904,0.69077,0.37859,50.212,9239.8
4690500047016009728,68,12.6,0.7,0.5,3.354,6.708,0.39049,1018.1,0.76338,-2746.1,0.4385,8.6602,1.2736,0.25215,-2758,0.10203,0.24726,-2742.5,0.9983,3.0157,3.1741,0.068613,0.24998,-15.521,3764.2
4690500047016009728,68,12.6,0.7,1,6.708,6.708,0.39049,2364.8,1.037,-2418.5,0.38314,13.273,1.314,0.26384,-2422.9,0.1934,0.25428,-2416.3,0.98147,5.0162,2.9024,0.13728,0.2597,-6.63,4783.4
4690500047016009728,68,12.6,0.7,2,13.416,6.708,0.39049,4250,1.5923,-2224.2,0.47087,18.101,1.4078,0.24802,-2208.9,0.34203,0.22984,-2218,0.6864,12.012,1.7586,0.20392,0.24341,9.0425,6474.2
4690500047016009728,68,12.6,0.7,4,26.832,6.708,0.39049,6914.1,2.9189,-1256.9,0.44931,36.804,1.4845,0.27641,-1182.7,0.55186,0.23321,-1256.9,0.82925,21.801,2.1326,0.41664,0.26171,74.262,8171
4690500047016009728,68,12.6,0.7,8,53.664,6.708,0.39049,10021,5.9173,-5.5126,0.37417,85.387,1.5155,0.32212,164.64,0.7659,0.23249,-10.548,0.82,45.664,2.2245,0.60531,0.29543,175.19,10026
4690500047016009728,68,12.6,0.7,16,107.33,6.708,0.39049,12764,11.045,2656.1,0.44995,136.22,1.5437,0.56798,2829.3,1.0427,0.39209,2658.8,0.79784,86.278,2.0658,0.86651,0.52083,170.58,10108
4690500047016009728,68,12.6,1.5,0.5,3.354,6.708,0.39049,2464.4,1.0608,-2399.3,0.48589,11.395,1.3145,0.2542,-2408.4,0.23354,0.24563,-2393.9,3.7238,0.84969,10,0.1953,0.24945,-14.48,4863.8
4690500047016009728,68,12.6,1.5,1,6.708,6.708,0.39049,3561.4,1.3614,-2236.2,0.94113,10.654,1.6163,0.24797,-2206.3,0.3626,0.2227,-2230.8,1.2298,7.7543,2.0571,0.19514,0.24038,24.457,5797.5
4690500047016009728,68,12.6,1.5,2,13.416,6.708,0.39049,5913.8,2.3249,-1217.9,1.1895,15.899,1.6376,0.24494,-1159.6,0.61499,0.19007,-1213.1,1.8513,9.8373,2.1331,0.43255,0.23164,53.464,7131.7
4690500047016009728,68,12.6,1.5,4,26.832,6.708,0.39049,9149.3,4.8534,78.648,1.2072,33.62,1.7546,0.26179,298.45,0.85297,0.096831,84.093,1.5309,26.819,2.029,0.5681,0.23927,214.36,9070.6
4690500047016009728,68,12.6,1.5,8,53.664,6.708,0.39049,11685,8.6415,1668.9,1.3243,57.971,1.8764,0.33492,2117.7,1.0466,9.6327e-06,1671.5,1.6924,46.961,2.2236,0.77178,0.28147,446.15,10016
4690500047016009728,68,12.6,1.5,16,107.33,6.708,0.39049,14970,18.241,4944.1,1.3792,116.11,1.8289,0.60068,5373.8,1.3679,1e-06,4951,1.3812,115.96,1.8303,0.02279,0.6001,422.74,10026
4690500047016009728,68,12.6,3,0.5,3.354,6.708,0.39049,2877.7,1.1654,-1894.5,1.7554,6.2664,1.6287,0.24207,-1873,0.44864,0.21712,-1893.8,3.1731,3.235,2.1539,0.1813,0.24288,20.822,4772.2
4690500047016009728,68,12.6,3,1,6.708,6.708,0.39049,4779,1.7959,-610.09,2.7989,7.7418,1.8588,0.26307,-526.39,0.70484,0.19068,-603.7,3.0636,6.9853,1.9321,0.034822,0.26298,77.304,5389
4690500047016009728,68,12.6,3,2,13.416,6.708,0.39049,7479.5,3.3196,666.69,2.7168,14.59,1.857,0.24599,818.52,0.91839,0.00015269,673.72,2.766,14.286,1.8701,-0.029217,0.2454,144.81,6812.8
4690500047016009728,68,12.6,3,4,26.832,6.708,0.39049,10645,6.8205,3137.4,3.0835,28.137,2.0414,0.38594,3486.9,1.1817,3.6976e-05,3144.2,3.1116,27.841,2.0499,0.087754,0.38505,342.69,7507.6
4690500047016009728,68,12.6,3,8,53.664,6.708,0.39049,13760,13.852,5887,2.9994,58.395,1.963,0.464,6444.9,1.4735,1e-06,5894,3.0032,58.309,1.9641,0.0054202,0.46356,550.94,7872.5
4690500047016009728,68,12.6,3,16,107.33,6.708,0.39049,16726,27.2,9196.8,2.5442,124.75,1.8009,1.0584,9516.3,1.7765,0.00042288,9203.8,2.5449,124.7,1.8011,0.00025901,1.0583,312.5,7529.2
4690500184455105536,28,12.5,0.3,0.5,2.7695,5.5391,0.29868,-113.29,0.5887,-2940.2,0.17136,10.832,1.1887,0.25234,-2951.3,0.17844,0.25606,-2933.1,1.6937,0.38961,0.3,0.15699,0.22282,-18.236,2827
4690500184455105536,28,12.5,0.3,1,5.5391,5.5391,0.29868,103.08,0.62118,-2936.3,0.17865,12.08,1.2512,0.25299,-2949,0.1901,0.25539,-2932.1,40,0.3139,0.30594,0.16932,0.18757,-16.994,3039.4
4690500184455105536,28,12.5,0.3,2,11.078,5.5391,0.29868,1389.4,0.85489,-2956.6,0.25954,13.948,1.533,0.2524,-2964.2,0.24864,0.24986,-2949.8,0.274,11.98,1.6344,0.017082,0.25226,-14.472,4346
4690500184455105536,28,12.5,0.3,4,22.156,5.5391,0.29868,4451.9,1.8285,-2262.1,0.053102,129.57,1.3236,0.27658,-2259,0.514,0.27591,-2254.9,0.051908,131.22,1.3279,-0.11056,0.27678,-4.105,6713.9
4690500184455105536,28,12.5,0.3,8,44.312,5.5391,0.29868,7459.8,3.8585,-1674.4,0.02,504.23,1.2294,0.28325,-1637,0.7439,0.29136,-1666.9,0.02,501.42,1.2296,-0.19941,0.28337,29.883,9134.2
4690500184455105536,28,12.5,0.3,16,88.625,5.5391,0.29868,8955.7,5.5938,836.75,0.02,499.57,1.0246,0.33282,911.2,1.1802,0.46829,785.2,32.068,0.79342,2.2308,1.0622,2.887e-06,126,8119
4690500184455105536,28,12.5,0.7,0.5,2.7695,5.5391,0.29868,-16.33,0.60304,-3009,0.29719,8.0596,1.3657,0.24994,-3022.4,0.18402,0.25065,-3003.5,2.3787,0.46173,10,0.14539,0.25137,-18.911,2992.7
4690500184455105536,28,12.5,0.7,1,5.5391,5.5391,0.29868,1238.1,0.82337,-2858.7,0.68573,7.1877,1.8707,0.25223,-2861.9,0.34921,0.24827,-2851.4,0.72443,6.5512,1.9216,-0.14201,0.25198,-10.434,4096.8
4690500184455105536,28,12.5,0.7,2,11.078,5.5391,0.29868,2155.4,1.0339,-2729.1,0.75365,8.9367,1.8946,0.24961,-2726.7,0.48749,0.24271,-2722.3,0.82977,7.7923,1.9982,0.057719,0.24924,-4.4337,4884.4
4690500184455105536,28,12.5,0.7,4,22.156,5.5391,0.29868,6423.8,2.9834,-1785.2,0.35195,42.408,1.564,0.26388,-1784.8,0.83923,0.25435,-1787.3,1.7527,6.2746,5.4071,0.77731,0.26039,2.4953,8209
4690500184455105536,28,12.5,0.7,8,44.312,5.5391,0.29868,8554.2,5.063,-985.11,0.19193,130.87,1.4177,0.24326,-988.25,1.1027,0.23768,-988.42,0.89147,28.013,3.3902,1.0648,0.24669,0.17137,9539.3
4690500184455105536,28,12.5,0.7,16,88.625,5.5391,0.29868,11168,9.6885,1834.1,0.10744,406,1.3009,0.42582,1835.5,1.4242,0.46033,1804.6,40,0.60684,4.8587,1.3828,2.1464e-05,30.896,9334.2
4690500184455105536,28,12.5,1.5,0.5,2.7695,5.5391,0.29868,767.23,0.73254,-2480.4,0.9942,5.0418,1.5805,0.25891,-2470.3,0.51269,0.25898,-2479.7,2.1846,2.2492,2.1215,0.11662,0.26193,9.4292,3247.7
4690500184455105536,28,12.5,1.5,1,5.5391,5.5391,0.29868,2029.2,1.0021,-2549.2,1.2132,6.5493,1.7828,0.23587,-2535.6,0.66395,0.23013,-2542.3,1.3155,5.9349,1.8256,-0.046365,0.23609,6.6963,4578.5
4690500184455105536,28,12.5,1.5,2,11.078,5.5391,0.29868,4517,1.8584,-1656.5,1.1972,12.639,1.7107,0.24275,-1637.7,0.95913,0.23114,-1649.5,1.2163,12.384,1.7169,-0.058968,0.24281,11.818,6173.6
4690500184455105536,28,12.5,1.5,4,22.156,5.5391,0.29868,7207.9,3.6246,-566.95,1.5477,21.382,1.9507,0.26808,-493.11,1.2193,0.22861,-560.02,1.5568,21.218,1.9541,-0.0060461,0.26806,66.917,7774.8
4690500184455105536,28,12.5,1.5,8,44.312,5.5391,0.29868,10460,8.1255,2147.4,1.1268,58.659,1.7068,0.4234,2182.8,1.5731,0.34045,2154.3,1.128,58.577,1.7072,-0.00033243,0.42342,28.506,8312.2
4690500184455105536,28,12.5,1.5,16,88.625,5.5391,0.29868,12931,15.007,4748.2,1.4233,94.427,1.8182,0.81771,4813.8,1.8654,0.62059,4755.1,1.4238,94.382,1.8183,0.00074638,0.81772,58.742,8182.8
4690500184455105536,28,12.5,3,0.5,2.7695,5.5391,0.29868,1291,0.83427,-1978,1.8196,4.2647,1.6167,0.25806,-1917,0.76768,0.26012,-1973.7,2.5034,3.1594,1.7998,0.028662,0.26073,56.718,3269
4690500184455105536,28,12.5,3,1,5.5391,5.5391,0.29868,3788.2,1.5508,-1126.2,2.1143,7.611,1.724,0.25137,-1052.7,1.0804,0.24144,-1124.3,2.7867,5.782,1.8871,0.27955,0.25636,71.679,4914.4
4690500184455105536,28,12.5,3,2,11.078,5.5391,0.29868,6047.4,2.7172,37.903,2.7227,11.988,1.8871,0.24291,147.54,1.3659,0.19199,44.315,2.832,11.47,1.9082,0.18073,0.24404,103.23,6009.5
4690500184455105536,28,12.5,3,4,22.156,5.5391,0.29868,9007.9,5.6667,2276.9,2.3717,26.66,1.7511,0.27079,2376.3,1.6735,0.1364,2283.8,2.3802,26.554,1.7525,0.0071207,0.27105,92.492,6731
4690500184455105536,28,12.5,3,8,44.312,5.5391,0.29868,11573,10.712,3954.4,2.7986,46.429,1.9448,0.26584,4181,1.8815,1.635e-05,3961.3,2.8015,46.369,1.9453,0.010336,0.26594,219.66,7618.5
4690500184455105536,28,12.5,3,16,88.625,5.5391,0.29868,14786,23.785,7814,2.7215,104.94,2.0072,1.4874,7949.9,2.2579,0.78954,7820.9,2.7222,104.91,2.0073,0.0023804,1.4875,128.95,6971.8
4690500184455105536,67,12.5,0.3,0.5,4.3711,8.7422,0.22745,2246.4,1.0053,-3814.6,0.02,183.87,1.2587,0.21694,-3815.7,0.13316,0.21643,-3811.8,0.29778,11.477,10,0.092041,0.21763,-3.9183,6061
4690500184455105536,67,12.5,0.3,1,8.7422,8.7422,0.22745,2227.6,1.001,-3844.7,0.11981,30.975,1.3868,0.21413,-3848.5,0.16252,0.21213,-3839.8,0.40481,9.034,5.026,0.12278,0.21331,-8.63,6072.3
4690500184455105536,67,12.5,0.3,2,17.484,8.7422,0.22745,3510.2,1.337,-3378.9,0.12447,41.838,1.4042,0.23035,-3380.1,0.29026,0.22728,-3378.6,0.62472,8.1473,10,0.23844,0.22937,-1.4651,6889.2
4690500184455105536,67,12.5,0.3,4,34.969,8.7422,0.22745,4386.8,1.6294,-2552.4,0.27785,26.199,1.3918,0.24924,-2564.5,0.53196,0.2472,-2555.4,3.0753,1.2077,10,0.47996,0.25079,-9.1661,6939.1
4690500184455105536,67,12.5,0.3,8,69.938,8.7422,0.22745,8838,4.4485,1384.6,0.20747,85.562,1.4325,0.64085,1380.6,0.84754,0.63191,1391.6,0.20714,85.192,1.4342,-0.0028573,0.64081,-11.031,7453.4
4690500184455105536,67,12.5,0.3,16,139.88,8.7422,0.22745,11029,7.2923,1284.7,0.22564,151.11,1.5636,0.57267,1317.6,1.0092,0.54381,1288.7,0.52645,67.303,2.4698,0.91418,0.56116,28.856,9743.9
4690500184455105536,67,12.5,0.7,0.5,4.3711,8.7422,0.22745,2300.8,1.0177,-3687.3,0.19472,20.585,1.4044,0.21643,-3697.3,0.22964,0.21459,-3680.3,0.18971,18.728,1.4409,-0.011118,0.21634,-17.019,5988.1
4690500184455105536,67,12.5,0.7,1,8.7422,8.7422,0.22745,3605.6,1.3661,-3416.4,0.43122,16.546,1.6821,0.22087,-3407.6,0.38077,0.2144,-3409.2,0.45355,15.365,1.7262,-0.0917,0.22052,1.6272,7022
4690500184455105536,67,12.5,0.7,2,17.484,8.7422,0.22745,5483,2.0867,-2228.1,0.59413,20.942,1.7226,0.26489,-2209.5,0.63469,0.25276,-2221.1,0.61751,19.915,1.7491,0.0033684,0.26467,11.629,7711.1
4690500184455105536,67,12.5,0.7,4,34.969,8.7422,0.22745,8253.6,3.8989,-952.64,0.53999,42.313,1.69,0.31744,-919.61,0.8778,0.29517,-945.64,0.5452,41.78,1.6967,0.0043681,0.31729,26.028,9206.3
4690500184455105536,67,12.5,0.7,8,69.938,8.7422,0.22745,11012,7.2648,1403.6,0.69977,66.269,1.9138,0.55835,1492.5,1.1131,0.50897,1410.7,0.7029,65.931,1.918,-0.001368,0.55818,81.797,9608.2
4690500184455105536,67,12.5,0.7,16,139.88,8.7422,0.22745,14402,15.611,6688.9,0.61301,155.53,1.6718,1.9032,6710.2,1.5453,1.817,6695.9,0.6132,155.45,1.672,-0.0015889,1.9032,14.291,7713
4690500184455105536,67,12.5,1.5,0.5,4.3711,8.7422,0.22745,3176.3,1.24,-3058.3,0.63177,11.499,1.5777,0.22318,-3061.4,0.49986,0.21815,-3054.7,1.8072,3.143,2.223,0.3338,0.22362,-6.6635,6234.5
4690500184455105536,67,12.5,1.5,1,8.7422,8.7422,0.22745,4124.4,1.5357,-2553.9,1.5582,8.9802,2.011,0.22151,-2490.2,0.74072,0.20211,-2547.3,1.6981,8.0755,2.0789,0.040849,0.22151,57.167,6678.3
4690500184455105536,67,12.5,1.5,2,17.484,8.7422,0.22745,7285.9,3.1341,-556.83,1.7171,17.452,2.148,0.31832,-431.36,1.0259,0.27511,-549.86,1.7475,17.059,2.163,0.012032,0.31814,118.5,7842.7
4690500184455105536,67,12.5,1.5,4,34.969,8.7422,0.22745,10695,6.7642,1337.9,1.2536,45.303,1.8917,0.40481,1422.5,1.3106,0.29853,1344.9,1.257,45.154,1.8936,0.0019815,0.40472,77.563,9357.5
4690500184455105536,67,12.5,1.5,8,69.938,8.7422,0.22745,13252,12.043,4484.1,1.6468,69.405,2.1027,0.89126,4662,1.5873,0.72827,4491.1,1.648,69.344,2.1033,-0.0097989,0.8912,170.89,8767.8
4690500184455105536,67,12.5,1.5,16,139.88,8.7422,0.22745,16037,22.578,7103.2,1.3238,149.39,1.8003,1.3194,7195.6,1.8978,0.97007,7110.2,1.3241,149.35,1.8004,-0.00093809,1.3194,85.403,8934.3
4690500184455105536,67,12.5,3,0.5,4.3711,8.7422,0.22745,3920.2,1.4666,-1816.1,1.7114,7.9402,1.6406,0.22277,-1757.5,0.87892,0.21178,-1827.2,3.3764,4.0021,2.0631,0.30803,0.23171,69.625,5736.2
4690500184455105536,67,12.5,3,1,8.7422,8.7422,0.22745,6355.8,2.5408,89.832,2.7232,11,1.9762,0.30174,209.84,1.1694,0.25029,78.16,3.9395,7.2295,2.293,0.48997,0.30945,131.68,6266
4690500184455105536,67,12.5,3,2,17.484,8.7422,0.22745,8836.7,4.4471,1986.6,2.8085,19.293,1.9373,0.36617,2127.3,1.4358,0.23601,1993.7,2.8285,19.135,1.9414,-0.022472,0.36644,133.6,6850
4690500184455105536,67,12.5,3,4,34.969,8.7422,0.22745,11467,8.0507,5363.8,3.3259,32.145,2.0485,0.88461,5529.8,1.7422,0.63577,5370.8,3.3329,32.068,2.0501,-0.018752,0.88479,158.93,6103.3
4690500184455105536,67,12.5,3,8,69.938,8.7422,0.22745,14864,17.326,7305.8,2.7686,75.554,1.9373,0.96721,7479.1,2,0.28566,7312.8,2.771,75.479,1.9378,0.011161,0.96732,166.38,7558.2
4690500184455105536,67,12.5,3,16,139.88,8.7422,0.22745,17515,31.509,10431,2.765,137.95,1.808,1.6042,10586,2.3099,0.0023795,10438,2.7655,137.93,1.8081,-1.5909e-06,1.6043,147.83,7083.7
4690500184455105536,68,12.5,0.3,0.5,4.6731,9.3462,0.39049,1070.8,0.77259,-3459.7,0.088665,24.294,1.0946,0.21693,-3461.3,-0.14996,0.21653,-3454.9,0.24722,8.853,10,-0.17306,0.21796,-6.422,4530.5
4690500184455105536,68,12.5,0.3,1,9.3462,9.3462,0.39049,709.69,0.71166,-3459.2,0.26835,11.265,1.2861,0.22377,-3459.1,-0.15816,0.21783,-3455.5,0.66165,4.8449,2.588,-0.23041,0.22182,-3.6075,4168.9
4690500184455105536,68,12.5,0.3,2,18.692,9.3462,0.39049,3328.1,1.2911,-3090.5,0.10125,42.686,1.1985,0.21981,-3069.7,0.017934,0.21274,-3086.8,0.55473,9.8712,10,-0.030118,0.21704,17.105,6418.6
4690500184455105536,68,12.5,0.3,4,37.385,9.3462,0.39049,6995.3,2.9734,-2926.2,0.021774,633.88,1.3414,0.22293,-2723.6,0.16748,0.19804,-2923.3,0.21139,60.502,1.8803,-0.038961,0.21831,199.72,9921.5
4690500184455105536,68,12.5,0.3,8,74.769,9.3462,0.39049,9608,5.3873,252.54,0.02,753.74,1.108,0.2688,281.48,0.60906,0.26873,259.8,0.02,746.96,1.11,-0.1094,0.26989,21.679,9355.5
4690500184455105536,68,12.5,0.3,16,149.54,9.3462,0.39049,12078,9.4479,2660.2,0.054307,520.15,1.1475,0.48492,2691.9,0.84709,0.4646,2667.2,0.053166,529.52,1.1483,-0.022129,0.48537,24.708,9417.4
4690500184455105536,68,12.5,0.7,0.5,4.6731,9.3462,0.39049,451.4,0.67105,-3484.8,0.60115,6.4134,1.4947,0.22182,-3483.5,-0.13528,0.21298,-3480.1,1.0039,3.4411,2.6472,-0.22236,0.21762,-3.3812,3936.2
4690500184455105536,68,12.5,0.7,1,9.3462,9.3462,0.39049,2565.6,1.0855,-2834.8,0.58925,11.02,1.4872,0.23434,-2823,0.070641,0.21822,-2834.3,1.1425,5.6055,2.6289,-0.028191,0.22731,11.276,5400.3
4690500184455105536,68,12.5,0.7,2,18.692,9.3462,0.39049,5196.2,1.9748,-2412.1,0.41619,24.861,1.479,0.23555,-2357.1,0.2193,0.20953,-2407.7,0.64835,16.903,1.873,0.035746,0.22945,50.629,7608.3
4690500184455105536,68,12.5,0.7,4,37.385,9.3462,0.39049,8888.5,4.5738,-944.07,0.32961,69.968,1.4784,0.27083,-800.55,0.50088,0.21134,-944.58,0.69859,38.582,2.1294,0.35168,0.25262,144.03,9832.5
4690500184455105536,68,12.5,0.7,8,74.769,9.3462,0.39049,11418,8.1313,1556.2,0.4621,99.969,1.5477,0.45286,1728.5,0.77748,0.32975,1559.4,0.76422,66.589,1.9989,0.5897,0.42207,169.12,9861.6
4690500184455105536,68,12.5,0.7,16,149.54,9.3462,0.39049,14614,16.825,3822.3,0.57376,176.96,1.7506,0.81744,4148.8,1.0251,0.54266,3825.7,0.79926,137.15,2.0862,0.70661,0.77094,323.04,10792
4690500184455105536,68,12.5,1.5,0.5,4.6731,9.3462,0.39049,2224.7,1.0045,-2746.1,0.75733,8.3929,1.4185,0.22628,-2751.5,0.10394,0.21491,-2739.5,1.3357,4.0632,1.8119,-0.025043,0.22371,-11.947,4970.8
4690500184455105536,68,12.5,1.5,1,9.3462,9.3462,0.39049,4799.3,1.8042,-2224.2,1.2148,12.143,1.8498,0.23434,-2118.8,0.30107,0.19571,-2217.7,1.398,10.504,2.0528,-0.06651,0.22937,98.964,7023.5
4690500184455105536,68,12.5,1.5,2,18.692,9.3462,0.39049,7620.5,3.4278,-446.47,1.2035,23.553,1.6891,0.26042,-330.23,0.60441,0.16765,-441.11,1.5847,17.649,1.9912,0.36057,0.24366,110.87,8067
4690500184455105536,68,12.5,1.5,4,37.385,9.3462,0.39049,10075,5.9905,1850.2,1.4534,37.731,1.7674,0.39919,2026.1,0.87223,0.17689,1855.5,1.8773,29.073,2.1282,0.63267,0.35881,170.53,8224.4
4690500184455105536,68,12.5,1.5,8,74.769,9.3462,0.39049,13403,12.772,3701.7,1.2434,85.208,1.8151,0.57368,3993,1.0878,1e-06,3708.7,1.2487,84.861,1.8195,-0.019777,0.57251,284.31,9701
4690500184455105536,68,12.5,1.5,16,149.54,9.3462,0.39049,15769,21.88,6672.4,1.5166,133.49,1.7675,0.85248,6977.4,1.3822,0.00014219,6679.4,1.5188,133.29,1.7687,0.017704,0.85191,298,9096.7
4690500184455105536,68,12.5,3,0.5,4.6731,9.3462,0.39049,3851.9,1.4545,-1864,2.1267,7.1613,1.7789,0.21414,-1807.9,0.39851,0.17012,-1863.9,5.019,2.4265,3.8828,0.26016,0.19992,56.026,5715.9
4690500184455105536,68,12.5,3,1,9.3462,9.3462,0.39049,6145.7,2.4508,-234.56,2.5371,11.212,1.831,0.24101,-123.97,0.65488,0.12072,-227.56,2.6645,10.59,1.8694,-0.071755,0.24006,103.59,6380.2
4690500184455105536,68,12.5,3,2,18.692,9.3462,0.39049,9253.7,4.9701,2039,2.5687,22.61,1.8566,0.31388,2235.3,0.91432,2.6232e-05,2045.4,2.7568,20.815,1.9096,0.27016,0.31006,189.82,7214.7
4690500184455105536,68,12.5,3,4,37.385,9.3462,0.39049,11489,8.2632,4732.3,3.4087,32.442,1.9604,0.50363,5011.4,1.1883,2.0066e-05,4739.1,3.4568,31.921,1.9713,0.12981,0.50308,272.33,6756.2
4690500184455105536,68,12.5,3,8,74.769,9.3462,0.39049,15293,19.633,7148.9,2.9022,84.174,2.0101,0.72702,7726.1,1.4561,0.00015786,7155.9,2.9057,84.056,2.0113,0.0032764,0.72635,570.27,8143.9
4690500184455105536,68,12.5,3,16,149.54,9.3462,0.39049,17918,35.675,10382,2.9233,152.56,1.9043,1.3983,10810,1.7602,0.00055268,10389,2.9243,152.5,1.9046,0.0016913,1.398,420.97,7536.7
4690502280398443776,28,13.9,0.3,0.5,1.5222,3.0443,0.29868,-1919.5,0.37596,-2936.7,0.083959,8.87,1.1274,0.27394,-2948.9,0.064455,0.27521,-2929.8,0.02,22.231,1.0405,-0.11701,0.27419,-19.128,1017.2
4690502280398443776,28,13.9,0.3,1,3.0443,3.0443,0.29868,-1978.7,0.37048,-2859.5,0.61212,2.446,1.5871,0.2763,-2870,0.17761,0.2765,-2852.1,0.68046,2.001,1.6178,-0.18058,0.27625,-17.86,880.78
4690502280398443776,28,13.9,0.3,2,6.0887,3.0443,0.29868,-1215.3,0.44779,-2905.9,0.20629,7.218,1.453,0.27418,-2916.7,0.17851,0.27305,-2901.1,0.52822,2.3256,10,0.10939,0.27409,-15.544,1690.5
4690502280398443776,28,13.9,0.3,4,12.177,3.0443,0.29868,1479.7,0.87427,-2594.5,0.27041,13.756,1.5837,0.28042,-2598.4,0.49894,0.27763,-2587.6,0.27184,13.355,1.6055,-0.013962,0.28036,-10.816,4074.2
4690502280398443776,28,13.9,0.3,8,24.355,3.0443,0.29868,3846.4,1.5733,-2067.5,0.25138,28.257,1.5984,0.3028,-2062.5,0.74283,0.29666,-2060.7,0.42795,16.036,2.3347,0.63149,0.30097,-1.8012,5913.9
4690502280398443776,28,13.9,0.3,16,48.71,3.0443,0.29868,6084.5,2.7424,-1176.3,0.023085,434.15,1.1908,0.30534,-1172.4,1.076,0.32107,-1171.9,32.526,0.60317,0.49752,1.0272,0.0071244,-0.44173,7260.8
4690502280398443776,28,13.9,0.7,0.5,1.5222,3.0443,0.29868,-1598.8,0.40712,-2850.3,0.30931,4.3953,1.3603,0.27566,-2863.7,0.19286,0.27628,-2843.4,0.32716,3.1383,1.3403,-0.0018448,0.27567,-20.289,1251.5
4690502280398443776,28,13.9,0.7,1,3.0443,3.0443,0.29868,-572.88,0.52522,-2773.8,0.52281,4.9295,1.74,0.27508,-2784,0.36715,0.27288,-2766.9,0.9396,1.9382,3.6541,0.28788,0.27436,-17.136,2200.9
4690502280398443776,28,13.9,0.7,2,6.0887,3.0443,0.29868,588.42,0.70073,-2401.2,0.93082,5.0328,1.9589,0.28625,-2400.1,0.62187,0.28218,-2394.1,0.9571,4.821,1.9858,-0.089156,0.28619,-6.0688,2989.6
4690502280398443776,28,13.9,0.7,4,12.177,3.0443,0.29868,3920.2,1.6024,-2057.6,0.55243,17.047,1.7027,0.28014,-2057.1,0.90603,0.2722,-2050.7,0.55725,16.829,1.7091,0.014182,0.28013,-6.3853,5977.8
4690502280398443776,28,13.9,0.7,8,24.355,3.0443,0.29868,6543.8,3.0737,-1694.9,0.63797,29.837,1.9103,0.28297,-1642.5,1.0999,0.2672,-1687.9,0.63996,29.72,1.9137,-0.0045634,0.28292,45.439,8238.7
4690502280398443776,28,13.9,0.7,16,48.71,3.0443,0.29868,8897.7,5.5138,-333.29,0.46576,65.866,1.6265,0.32614,-316.93,1.3941,0.30339,-326.38,0.46613,65.79,1.627,0.002756,0.32614,9.4548,9231
4690502280398443776,28,13.9,1.5,0.5,1.5222,3.0443,0.29868,-1101.9,0.46058,-2713.2,0.77076,3.1741,1.5958,0.27462,-2717.2,0.41237,0.27494,-2707.2,1.3658,1.6997,1.999,0.092212,0.27548,-10.026,1611.3
4690502280398443776,28,13.9,1.5,1,3.0443,3.0443,0.29868,255.74,0.64518,-2363.5,1.5185,3.4755,2.0555,0.27956,-2344,0.72094,0.27562,-2356.3,1.5832,3.3033,2.0969,-0.1329,0.27963,12.265,2619.2
4690502280398443776,28,13.9,1.5,2,6.0887,3.0443,0.29868,2367.7,1.0899,-1945.3,1.6384,6.068,2.1559,0.28273,-1910.9,0.97994,0.27084,-1938.4,1.6756,5.9011,2.1797,-0.014245,0.28279,27.423,4313
4690502280398443776,28,13.9,1.5,4,12.177,3.0443,0.29868,5110.2,2.1532,-847.94,1.8027,11.429,2.1628,0.32334,-782,1.2686,0.30314,-841.06,1.8159,11.323,2.1688,0.015139,0.32333,59.062,5958.1
4690502280398443776,28,13.9,1.5,8,24.355,3.0443,0.29868,8231.3,4.6731,-35.513,1.4104,28.839,1.9828,0.31342,50.822,1.5304,0.2669,-28.588,1.4116,28.804,1.9835,-0.0049521,0.3134,79.41,8266.9
4690502280398443776,28,13.9,1.5,16,48.71,3.0443,0.29868,10807,8.8563,1831.3,1.2245,60.276,1.8152,0.38158,1907.4,1.8187,0.28939,1838.2,1.2248,60.254,1.8153,-0.00030931,0.38158,69.217,8975.2
4690502280398443776,28,13.9,3,0.5,1.5222,3.0443,0.29868,-738.38,0.50408,-2348,2.477,1.9409,2.0234,0.27789,-2283.7,0.74101,0.27806,-2346.2,3.4462,1.3869,2.6546,0.039746,0.27991,62.458,1609.7
4690502280398443776,28,13.9,3,1,3.0443,3.0443,0.29868,1114.2,0.79844,-1827.6,2.6974,3.32,1.8531,0.26732,-1734.7,1.0733,0.26549,-1821.6,2.9719,3.0223,1.9318,0.033239,0.26821,86.984,2941.9
4690502280398443776,28,13.9,3,2,6.0887,3.0443,0.29868,3977.7,1.6255,-689.98,2.7681,6.9575,1.9929,0.2961,-592.25,1.3774,0.27679,-682.84,2.7817,6.9178,1.9963,-0.096189,0.29615,90.591,4667.7
4690502280398443776,28,13.9,3,4,12.177,3.0443,0.29868,6285.1,2.8824,379.2,2.8978,12.154,1.9146,0.2668,502.8,1.658,0.21659,385.96,2.9212,12.047,1.9191,0.083341,0.26703,116.83,5905.9
4690502280398443776,28,13.9,3,8,24.355,3.0443,0.29868,9256.2,6.027,2964.4,2.7862,26.244,1.8502,0.39936,3089.9,1.9866,0.26691,2971.3,2.7872,26.232,1.8504,-0.014234,0.39938,118.57,6291.9
4690502280398443776,28,13.9,3,16,48.71,3.0443,0.29868,11974,11.833,5243.5,2.8174,51.357,1.9267,0.67594,5377.6,2.2543,0.30225,5250.4,2.8179,51.347,1.9268,-0.0013652,0.67596,127.21,6730.2
4690506914646214912,28,12.1,0.3,0.5,3.0119,6.0239,0.28674,-3044.1,0.28438,-4257.5,0.47312,2.3724,1.858,0.1977,-4266.4,-0.30994,0.19634,-4249.3,0.43617,1.4103,10,-0.34967,0.19671,-17.081,1213.3
4690506914646214912,28,12.1,0.3,1,6.0239,6.0239,0.28674,-1016.8,0.4704,-4055.8,0.41227,5.3788,1.8367,0.20063,-4056.6,-0.058743,0.1977,-4048.2,0.48146,4.2858,2.1448,-0.30068,0.19995,-8.4022,3038.9
4690506914646214912,28,12.1,0.3,2,12.048,6.0239,0.28674,1037.9,0.78346,-3986.6,0.3895,10.148,2.1189,0.20116,-3944.6,0.0873,0.19548,-3980.1,0.45788,8.6175,2.5066,-0.25769,0.19986,35.489,5024.6
4690506914646214912,28,12.1,0.3,4,24.095,6.0239,0.28674,3905.1,1.5964,-3152.7,0.023056,285.94,1.3023,0.22057,-3139.8,0.3797,0.21823,-3146.5,0.29436,21.838,2.3181,0.28505,0.22267,6.7169,7057.8
4690506914646214912,28,12.1,0.3,8,48.191,6.0239,0.28674,7112.5,3.5397,-2295.3,0.02,487.77,1.2166,0.22274,-2268.2,0.70005,0.22718,-2287.9,0.02,484.28,1.2169,-0.17888,0.22286,19.718,9407.8
4690506914646214912,28,12.1,0.3,16,96.382,6.0239,0.28674,8975,5.6206,-1137.8,0.10932,224.03,1.4849,0.30632,-1084,0.87335,0.28884,-1138.7,0.46799,58.523,2.7259,0.77595,0.30116,54.67,10113
4690506914646214912,28,12.1,0.7,0.5,3.0119,6.0239,0.28674,-1758.2,0.39132,-4021.7,0.99657,2.5274,2.3807,0.19991,-4020.2,0.010186,0.19603,-4016,1.5026,1.328,4.7044,-0.18183,0.19855,-4.1957,2263.5
4690506914646214912,28,12.1,0.7,1,6.0239,6.0239,0.28674,545.7,0.69334,-3723.3,0.58498,6.7338,1.7962,0.20347,-3728.4,0.21272,0.19838,-3718.2,1.9291,1.2419,6.2363,0.12709,0.20049,-10.114,4269
4690506914646214912,28,12.1,0.7,2,12.048,6.0239,0.28674,3079.8,1.3007,-3042.1,0.84623,10.472,1.9034,0.21409,-3022.6,0.5367,0.20363,-3039,1.7968,3.9024,3.3189,0.39246,0.21009,16.323,6121.9
4690506914646214912,28,12.1,0.7,4,24.095,6.0239,0.28674,6770.9,3.2519,-1443.4,0.02,430.27,1.0979,0.20128,-1414.6,0.88522,0.24908,-1436.4,0.02,419.28,1.0944,-0.010295,0.20096,21.81,8214.3
4690506914646214912,28,12.1,0.7,8,48.191,6.0239,0.28674,8965.1,5.6068,-1334.4,0.32066,90.374,1.558,0.22608,-1300.3,1.0245,0.19626,-1343.2,1.1452,26.498,3.0097,0.938,0.21526,42.92,10300
4690506914646214912,28,12.1,0.7,16,96.382,6.0239,0.28674,11600,10.784,3428,0.55187,119.42,1.6465,0.88256,3458.3,1.4187,0.82236,3434.9,0.55216,119.32,1.6469,0.0011548,0.88253,23.383,8172
4690506914646214912,28,12.1,1.5,0.5,3.0119,6.0239,0.28674,-315.9,0.55982,-3595.7,1.1459,3.6157,1.7387,0.1983,-3589.9,0.33104,0.19519,-3591.7,3.3486,0.84893,7.0478,0.18785,0.19946,1.7832,3279.8
4690506914646214912,28,12.1,1.5,1,6.0239,6.0239,0.28674,2035.3,1.0036,-2997.8,1.5076,5.909,1.9161,0.20009,-2968.9,0.63265,0.18926,-2990.6,1.6045,5.4708,1.9607,-0.10203,0.20014,21.717,5033
4690506914646214912,28,12.1,1.5,2,12.048,6.0239,0.28674,4694.9,1.9423,-1942,1.5064,11.747,1.8343,0.207,-1893.7,0.9336,0.18219,-1935.3,1.5687,11.184,1.8561,0.067267,0.20716,41.534,6636.9
4690506914646214912,28,12.1,1.5,4,24.095,6.0239,0.28674,7976.9,4.387,-961.71,1.4497,27.167,2.0106,0.22139,-802.32,1.1591,0.15919,-954.8,1.4569,27.004,2.0148,0.00061053,0.22124,152.48,8938.6
4690506914646214912,28,12.1,1.5,8,48.191,6.0239,0.28674,10357,7.922,1494,1.214,55.391,1.7724,0.32069,1578.8,1.4611,0.1937,1500.9,1.2146,55.35,1.7729,-0.008488,0.32064,77.914,8863.5
4690506914646214912,28,12.1,1.5,16,96.382,6.0239,0.28674,13709,18.203,6429.9,1.8246,96.609,2.1885,1.7395,6566.4,1.832,1.5275,6436.8,1.8253,96.563,2.1888,-0.00026219,1.7394,129.61,7278.7
4690506914646214912,28,12.1,3,0.5,3.0119,6.0239,0.28674,804.53,0.73935,-2792.9,3.2609,2.8577,2.1385,0.19691,-2693.5,0.73297,0.18533,-2783.9,3.3006,2.8167,2.1509,-0.476,0.19696,90.413,3597.4
4690506914646214912,28,12.1,3,1,6.0239,6.0239,0.28674,3831.7,1.5676,-1490.7,2.9574,6.5725,1.9406,0.19677,-1383,1.0591,0.16561,-1484.6,3.131,6.1673,1.9777,0.010814,0.19755,101.59,5322.4
4690506914646214912,28,12.1,3,2,12.048,6.0239,0.28674,6738.9,3.2262,-2.7853,2.5082,14.764,1.8759,0.20626,107.47,1.3067,0.12728,4.2746,2.5223,14.664,1.8787,-0.063142,0.20633,103.19,6741.7
4690506914646214912,28,12.1,3,4,24.095,6.0239,0.28674,9090.1,5.7835,2012,2.7654,25.454,1.8861,0.20934,2186.1,1.5646,4.8628e-05,2019,2.768,25.423,1.8866,-0.051058,0.20933,167.12,7078.1
4690506914646214912,28,12.1,3,8,48.191,6.0239,0.28674,12193,12.495,5082.8,2.2082,62.184,1.716,0.32035,5204.8,1.8895,7.3335e-05,5089.8,2.2086,62.169,1.7161,-0.011782,0.32035,115,7110
4690506914646214912,28,12.1,3,16,96.382,6.0239,0.28674,14708,23.332,7071.8,2.978,98.196,1.99,0.52979,7416.9,2.1274,6.4017e-05,7078.7,2.9783,98.185,1.99,-0.0038927,0.52979,338.19,7636.6
4690506914646214912,67,12.1,0.3,0.5,4.8432,9.6865,0.22745,434.36,0.66793,-3837.2,0.02,96.381,1.1688,0.22226,-3843.8,-0.030416,0.22345,-3833.3,0.35269,6.1895,10,-0.077456,0.22476,-10.474,4271.6
4690506914646214912,67,12.1,0.3,1,9.6865,9.6865,0.22745,1974.4,0.94544,-3621.3,0.02,145.31,1.1877,0.22374,-3628.2,0.11375,0.22522,-3614.7,0.29611,9.9182,6.6664,0.087939,0.22612,-13.44,5595.7
4690506914646214912,67,12.1,0.3,2,19.373,9.6865,0.22745,4315.2,1.6033,-2611.5,0.057199,92.451,1.2473,0.26311,-2619.8,0.35912,0.26439,-2607,0.36446,14.065,10,0.3386,0.26557,-12.853,6926.6
4690506914646214912,67,12.1,0.3,4,38.746,9.6865,0.22745,4905.1,1.8316,-2346.9,0.21054,35.528,1.3309,0.2545,-2359.6,0.52839,0.25466,-2340.2,3.1936,0.75523,10,0.51177,0.25601,-19.453,7252.1
4690506914646214912,67,12.1,0.3,8,77.492,9.6865,0.22745,9754.3,5.4701,2139.9,0.092915,181.81,1.1763,0.645,2136.8,1.0126,0.67527,2145.7,40,1.2241,0.46359,0.97861,0.0049672,-8.8306,7614.4
4690506914646214912,67,12.1,0.3,16,154.98,9.6865,0.22745,11877,8.8312,1808.9,0.26253,164.53,1.805,0.70975,1929.6,0.93484,0.67699,1815.9,0.26614,162.38,1.8154,0.010332,0.7095,113.75,10068
4690506914646214912,67,12.1,0.7,0.5,4.8432,9.6865,0.22745,1391.5,0.82893,-3723.6,0.21903,15.763,1.4369,0.22114,-3733.8,0.11468,0.21896,-3718.5,0.63495,4.4789,3.5436,0.072821,0.22026,-15.39,5115.1
4690506914646214912,67,12.1,0.7,1,9.6865,9.6865,0.22745,3291.1,1.2725,-3085.2,0.44265,15.254,1.6346,0.23929,-3087.1,0.35259,0.23264,-3078.6,0.60792,9.9976,1.9073,0.16336,0.23808,-8.4836,6376.3
4690506914646214912,67,12.1,0.7,2,19.373,9.6865,0.22745,5687.5,2.1852,-2361.3,0.58495,22.655,1.6712,0.24329,-2348.1,0.64305,0.22839,-2365.5,1.9334,5.4455,4.4611,0.55588,0.23655,17.323,8048.8
4690506914646214912,67,12.1,0.7,4,38.746,9.6865,0.22745,8013,3.6929,-97.62,0.78899,31.507,1.9048,0.41983,-41.94,0.84994,0.3925,-93.671,1.7025,12.46,3.4184,0.69819,0.40965,51.731,8110.6
4690506914646214912,67,12.1,0.7,8,77.492,9.6865,0.22745,11553,8.2079,679.93,0.64,81.242,1.8203,0.40697,780.93,1.124,0.34099,683.21,1.0869,45.951,2.4024,0.94073,0.38642,97.723,10873
4690506914646214912,67,12.1,0.7,16,154.98,9.6865,0.22745,14769,16.958,3920.9,0.46735,203.22,1.5953,0.73257,3961.6,1.4655,0.63986,3927.9,0.46766,203.05,1.5957,0.0015332,0.73255,33.686,10848
4690506914646214912,67,12.1,1.5,0.5,4.8432,9.6865,0.22745,2257.9,1.0079,-2971.9,1.0656,7.0209,1.6953,0.22528,-2958.7,0.49187,0.21836,-2972.2,2.0573,3.4051,2.1818,0.11856,0.22793,13.45,5229.7
4690506914646214912,67,12.1,1.5,1,9.6865,9.6865,0.22745,4924.8,1.8397,-2065.5,1.3083,11.657,1.8466,0.24002,-2025.6,0.75081,0.22126,-2061.8,2.5817,4.9794,2.4967,0.49296,0.23935,36.212,6990.3
4690506914646214912,67,12.1,1.5,2,19.373,9.6865,0.22745,7448.9,3.2515,-882.84,1.2416,21.927,1.7979,0.25931,-820.43,0.99079,0.22247,-875.73,1.255,21.626,1.8035,-0.047014,0.25925,55.303,8331.7
4690506914646214912,67,12.1,1.5,4,38.746,9.6865,0.22745,10310,6.2011,1741.1,1.3746,39.189,1.8766,0.46139,2133.6,1.4582,0.26192,1748.1,1.3806,38.972,1.879,-0.0096787,0.46133,385.47,8569.1
4690506914646214912,67,12.1,1.5,8,77.492,9.6865,0.22745,13448,12.588,5304.3,1.6587,71.67,2.0586,1.121,5438,1.585,0.96001,5311.4,1.6596,71.619,2.0591,-0.016098,1.1209,126.58,8143.8
4690506914646214912,67,12.1,1.5,16,154.98,9.6865,0.22745,16456,24.815,7510.8,1.7118,137.5,2.0866,1.6742,7702.8,1.8538,1.3759,7517.8,1.7121,137.47,2.0868,-0.0054537,1.6741,184.96,8945.3
4690506914646214912,67,12.1,3,0.5,4.8432,9.6865,0.22745,3334.8,1.2851,-1696.8,2.63,5.6105,1.8464,0.23166,-1596.5,0.86075,0.2147,-1701.5,3.8162,3.7931,2.1433,0.15193,0.23643,105.09,5031.6
4690506914646214912,67,12.1,3,1,9.6865,9.6865,0.22745,6150,2.4255,-129.82,2.6333,10.766,1.8467,0.25504,-18.9,1.1333,0.20691,-128.73,3.176,8.7942,1.9574,0.27585,0.25955,109.84,6279.8
4690506914646214912,67,12.1,3,2,19.373,9.6865,0.22745,9412.6,5.0642,2348.2,2.8257,21.708,2.0172,0.42156,2494.8,1.4187,0.27873,2349.3,3.4417,17.265,2.1649,0.64114,0.42955,145.54,7064.4
4690506914646214912,67,12.1,3,4,38.746,9.6865,0.22745,12516,10.201,5132,2.2766,49.223,1.7871,0.63147,5238.3,1.7176,0.346,5139,2.2814,49.108,1.788,-0.00065659,0.63167,99.359,7384.3
4690506914646214912,67,12.1,3,8,77.492,9.6865,0.22745,15189,18.645,7824.2,2.6781,82.9,1.8303,0.903,7974.2,2.01,0.00098466,7831.2,2.6788,82.874,1.8304,-0.011103,0.90304,143.01,7365.1
4690506914646214912,67,12.1,3,16,154.98,9.6865,0.22745,18300,37.622,10726,3.1607,153.43,2.0203,1.8874,10952,2.3012,0.00045468,10733,3.1611,153.4,2.0204,-0.00072015,1.8875,219.24,7574.5
4690506914646214912,68,12.1,0.3,0.5,4.6187,9.2375,0.39049,-711.57,0.51507,-4291.5,0.17833,9.3782,1.1366,0.18698,-4299.7,-0.29399,0.18619,-4284.7,0.28868,4.5188,6.2968,-0.3106,0.1869,-14.925,3580
4690506914646214912,68,12.1,0.3,1,9.2375,9.2375,0.39049,695.73,0.70941,-4119.9,0.15864,15.279,1.2022,0.18913,-4115.2,-0.20135,0.18559,-4112.5,0.19884,11.711,1.5607,-0.27983,0.1887,-2.6735,4815.6
4690506914646214912,68,12.1,0.3,2,18.475,9.2375,0.39049,3430,1.3214,-3885.8,0.11082,43.407,1.3528,0.19701,-3795.1,-0.078173,0.18564,-3878.8,0.21849,24.797,1.6991,-0.28801,0.19513,83.738,7315.7
4690506914646214912,68,12.1,0.3,4,36.95,9.2375,0.39049,5760,2.245,-2295.2,0.12508,58.495,1.1859,0.21152,-2278.4,0.25698,0.20343,-2289.3,0.26686,28.504,10,0.23696,0.20698,10.868,8055.2
4690506914646214912,68,12.1,0.3,8,73.9,9.2375,0.39049,9229.8,4.9431,-1870,0.0237,1005.9,1.3235,0.23201,-1652.4,0.3993,0.18969,-1873.5,0.36491,65.413,2.1881,0.25288,0.22183,221.1,11100
4690506914646214912,68,12.1,0.3,16,147.8,9.2375,0.39049,12549,10.517,2156,0.02,1550.3,1.149,0.39129,2217.2,0.83464,0.36036,2163.1,0.02,1548.3,1.1506,-0.035422,0.39206,54.049,10393
4690506914646214912,68,12.1,0.7,0.5,4.6187,9.2375,0.39049,263.33,0.64295,-4028.2,0.58418,6.1363,1.4607,0.19191,-4027.3,-0.15976,0.18492,-4020,0.67227,4.9071,1.6106,-0.3887,0.19068,-7.2562,4291.5
4690506914646214912,68,12.1,0.7,1,9.2375,9.2375,0.39049,2234.8,1.0068,-3777,0.56733,10.543,1.5737,0.19159,-3732.1,-0.01414,0.17747,-3773.4,0.9247,6.7106,2.3551,-0.16342,0.18662,41.303,6011.7
4690506914646214912,68,12.1,0.7,2,18.475,9.2375,0.39049,5341.4,2.0411,-2851.6,0.59425,20.506,1.6612,0.21215,-2731.4,0.21213,0.18356,-2845.5,0.76759,16.546,1.9366,-0.079873,0.20736,114.14,8193
4690506914646214912,68,12.1,0.7,4,36.95,9.2375,0.39049,8635.5,4.318,-1556.1,0.36619,61.589,1.5325,0.23513,-1371.5,0.46236,0.17531,-1552.2,0.55643,43.841,1.8325,0.22313,0.22422,180.71,10192
4690506914646214912,68,12.1,0.7,8,73.9,9.2375,0.39049,11644,8.5604,2101.7,0.39205,114.06,1.4748,0.52167,2222.7,0.80937,0.41124,2108.5,0.5422,86.828,1.7104,0.58615,0.5037,114.19,9542.2
4690506914646214912,68,12.1,0.7,16,147.8,9.2375,0.39049,15080,18.706,5666.7,0.3969,270.52,1.4607,1.0678,5787.8,1.2009,0.74142,5643.2,1.2581,104.17,3.3691,1.1039,0.92541,144.57,9413.4
4690506914646214912,68,12.1,1.5,0.5,4.6187,9.2375,0.39049,1571.6,0.86581,-3466,1.401,5.2429,1.793,0.1946,-3429.5,0.065247,0.1786,-3457,1.4563,4.9511,1.8417,-0.48039,0.19374,27.554,5037.6
4690506914646214912,68,12.1,1.5,1,9.2375,9.2375,0.39049,4184.6,1.5688,-2747.2,1.3878,9.7905,1.8126,0.19354,-2648.1,0.28653,0.15856,-2739.7,1.5011,8.944,1.901,-0.20144,0.19133,91.584,6931.8
4690506914646214912,68,12.1,1.5,2,18.475,9.2375,0.39049,7217.7,3.1276,-947.71,1.5739,18.709,1.9736,0.2593,-707.9,0.56447,0.16379,-945.39,2.0235,14.556,2.443,0.28112,0.23945,237.49,8165.4
4690506914646214912,68,12.1,1.5,4,36.95,9.2375,0.39049,10183,6.1402,1022.4,1.2323,41.21,1.7299,0.29863,1209.5,0.81813,0.00014086,1026.8,1.7629,28.98,2.1135,0.58376,0.25974,182.69,9160.7
4690506914646214912,68,12.1,1.5,8,73.9,9.2375,0.39049,13405,12.778,4154.3,1.2528,88.098,1.7341,0.55529,4410.4,1.134,5.0422e-05,4157,1.8096,62.845,2.2277,0.95112,0.43622,253.34,9250.7
4690506914646214912,68,12.1,1.5,16,147.8,9.2375,0.39049,15947,22.783,6556.3,1.3431,148.91,1.7466,0.85924,6862.2,1.3759,0.00017322,6563.2,1.3449,148.71,1.7478,0.015252,0.85868,298.96,9390.6
4690506914646214912,68,12.1,3,0.5,4.6187,9.2375,0.39049,3360.8,1.3007,-2075.2,2.7531,5.6059,1.9541,0.2049,-1984.2,0.39172,0.15967,-2067.3,2.8992,5.2659,2.0031,-0.32815,0.20427,83.033,5435.9
4690506914646214912,68,12.1,3,1,9.2375,9.2375,0.39049,5928.8,2.3329,-628.4,2.7648,10.184,1.8687,0.19904,-498.63,0.64797,0.026862,-620.74,2.8243,9.9251,1.8867,-0.21791,0.19827,122.11,6557.2
4690506914646214912,68,12.1,3,2,18.475,9.2375,0.39049,8411.6,4.1037,1626.4,3.2415,16.64,1.9619,0.27395,1880.3,0.88432,3.7848e-05,1633.9,3.2606,16.519,1.9683,-0.17538,0.27319,246.36,6785.2
4690506914646214912,68,12.1,3,4,36.95,9.2375,0.39049,12021,9.3274,4381.1,2.823,40.51,1.9113,0.39515,4770.3,1.1695,1.357e-05,4388.1,2.8325,40.348,1.9143,-0.030444,0.39424,382.22,7640
4690506914646214912,68,12.1,3,8,73.9,9.2375,0.39049,15237,19.387,7714.1,2.6921,86.353,1.8463,0.79108,8056.6,1.4937,9.9356e-06,7721.1,2.6946,86.259,1.847,-0.0037411,0.79067,335.47,7523.2
4690506914646214912,68,12.1,3,16,147.8,9.2375,0.39049,17850,35.126,9846.1,3.0936,145.5,2.0148,1.1817,10473,1.732,0.00071365,9853.1,3.0942,145.47,2.015,-0.0061696,1.1813,619.64,8004.1
4690507670561677696,28,12.6,0.3,0.5,2.2652,4.5303,0.29868,2887.7,1.2401,1755.7,0.29267,12.856,1.1935,0.85385,1748.1,0.54548,0.86366,1762.6,1.874,2.1473,1.8366,0.40059,0.85808,-14.444,1132
4690507670561677696,28,12.6,0.3,1,4.5303,4.5303,0.29868,2844.8,1.227,1703.6,0.38404,10.967,1.2499,0.83981,1697.3,0.56598,0.84891,1710.1,1.4997,2.9656,1.7444,0.36313,0.84376,-12.726,1141.2
4690507670561677696,28,12.6,0.3,2,9.0607,4.5303,0.29868,2620.8,1.1606,1702.1,0.32586,10.897,1.2322,0.85108,1693.1,0.48813,0.85919,1709,0.33963,9.766,1.2184,0.006393,0.85095,-15.962,918.68
4690507670561677696,28,12.6,0.3,4,18.121,4.5303,0.29868,4145.7,1.6947,1899.5,0.12485,39.933,1.2276,0.87659,1889,0.64156,0.88083,1906.4,0.11982,40.295,1.2223,-0.0095105,0.87665,-17.38,2246.2
4690507670561677696,28,12.6,0.3,8,36.243,4.5303,0.29868,6649.4,3.1553,2222.3,0.08392,123.58,1.3191,0.91939,2221.3,0.8484,0.91715,2229.2,0.082351,125.21,1.3193,-0.0047122,0.91945,-7.916,4427.1
4690507670561677696,28,12.6,0.3,16,72.485,4.5303,0.29868,8355.7,4.8196,2824.2,0.1989,106.66,1.5738,1.0437,2836.3,1.035,1.0261,2831.1,0.19982,106.07,1.5771,0.0035029,1.0438,5.2427,5531.5
4690507670561677696,28,12.6,0.7,0.5,2.2652,4.5303,0.29868,2914.6,1.2484,1764.1,0.33229,12.089,1.2168,0.85356,1757.4,0.56278,0.86315,1770.5,1.7943,2.4303,1.8872,0.38978,0.85831,-13.18,1150.5
4690507670561677696,28,12.6,0.7,1,4.5303,4.5303,0.29868,3610.1,1.4837,1823.9,0.36882,15.74,1.3817,0.85845,1813.2,0.65061,0.86133,1830.8,0.37734,15.007,1.3841,0.0026208,0.85851,-17.571,1786.2
4690507670561677696,28,12.6,0.7,2,9.0607,4.5303,0.29868,3200.7,1.3403,1813.6,1.0189,7.7007,1.8481,0.8529,1814.9,0.71186,0.84988,1820.5,1.0898,7.1175,1.906,-0.0030776,0.85326,-5.6634,1387.1
4690507670561677696,28,12.6,0.7,4,18.121,4.5303,0.29868,5337.3,2.2781,2351.3,0.74627,18.123,1.6727,0.92285,2349,0.95622,0.91824,2358.2,0.76287,17.637,1.6824,0.032124,0.92292,-9.15,2986
4690507670561677696,28,12.6,0.7,8,36.243,4.5303,0.29868,7646.5,4.0416,2364.6,0.61672,39.628,1.808,0.88003,2371.7,1.1243,0.85906,2371.5,0.61831,39.467,1.8105,-0.00033462,0.87998,0.19129,5281.9
4690507670561677696,28,12.6,0.7,16,72.485,4.5303,0.29868,10053,7.3461,4147.9,0.74916,65.234,1.7106,1.2332,4156.5,1.4846,1.1966,4154.8,0.74956,65.174,1.7109,-0.0017214,1.2331,1.7085,5905.6
4690507670561677696,28,12.6,1.5,0.5,2.2652,4.5303,0.29868,3139,1.3199,1820.5,0.27825,14.498,1.1273,0.84999,1819.4,0.63026,0.86642,1824.4,4.0845,1.3076,3.4048,0.48142,0.85735,-5.0056,1318.5
4690507670561677696,28,12.6,1.5,1,4.5303,4.5303,0.29868,3448.8,1.4255,2023,0.95876,8.4675,1.5052,0.87479,2033.7,0.79585,0.88351,2028.6,1.7628,4.7527,1.8573,0.36139,0.87782,5.1696,1425.8
4690507670561677696,28,12.6,1.5,2,9.0607,4.5303,0.29868,5014.9,2.1028,2149.9,1.3996,11.993,1.8969,0.84109,2170.1,1.0638,0.83328,2156.9,1.4194,11.792,1.9062,-0.028568,0.84113,13.19,2864.9
4690507670561677696,28,12.6,1.5,4,18.121,4.5303,0.29868,6424.8,2.9841,2605.6,1.7146,16.039,1.9941,0.86815,2641.4,1.2853,0.84559,2612.7,1.7145,16.025,1.994,-0.08643,0.8681,28.641,3819.2
4690507670561677696,28,12.6,1.5,8,36.243,4.5303,0.29868,9691.5,6.7148,4460.6,1.6919,37.201,2.0747,1.2706,4516.6,1.6029,1.215,4467.5,1.6925,37.179,2.075,-0.017924,1.2706,49.011,5230.9
4690507670561677696,28,12.6,1.5,16,72.485,4.5303,0.29868,12136,12.32,5959,1.3864,77.123,1.9015,1.703,6001.2,1.8461,1.586,5965.9,1.387,77.084,1.9017,7.4279e-05,1.703,35.294,6177.1
4690507670561677696,28,12.6,3,0.5,2.2652,4.5303,0.29868,3159.1,1.3265,1947,0.43226,10.773,1.0362,0.83912,1975.8,0.76333,0.87702,1945.9,4.4042,1.9449,2.6734,0.42393,0.85766,29.91,1212.1
4690507670561677696,28,12.6,3,1,4.5303,4.5303,0.29868,4206.8,1.7206,2281.2,1.5188,8.7318,1.5902,0.86936,2323.7,1.0432,0.88051,2281.7,3.049,4.6239,2.2405,0.49033,0.87802,41.957,1925.6
4690507670561677696,28,12.6,3,2,9.0607,4.5303,0.29868,5780.3,2.5429,3027.5,3.2133,9.5169,2.2219,0.93267,3132.6,1.3966,0.911,3030,3.7695,8.0366,2.4728,0.44792,0.93702,102.6,2752.8
4690507670561677696,28,12.6,3,4,18.121,4.5303,0.29868,8384,4.8535,3970.7,2.806,20.684,2.0697,0.99722,4074.6,1.6787,0.92587,3975.4,3.2777,17.398,2.2216,0.76274,1.0056,99.19,4413.2
4690507670561677696,28,12.6,3,8,36.243,4.5303,0.29868,10605,8.4247,5793.3,3.4405,32.623,2.0469,1.2798,5938,2.0015,1.1141,5800.2,3.4457,32.57,2.0482,0.013284,1.28,137.75,4811.9
4690507670561677696,28,12.6,3,16,72.485,4.5303,0.29868,13680,18.074,8053.3,2.5978,81.744,1.8255,1.9251,8167.5,2.2852,1.6435,8060.2,2.5987,81.715,1.8257,0.0027443,1.9251,107.33,5626.6
4690507670561677696,67,12.6,0.3,0.5,2.0147,4.0295,0.24598,4098.6,1.5268,-807.4,0.074069,52.849,1.066,0.38539,-795.88,0.89689,0.40628,-800.36,0.07226,53.003,1.0618,-0.016065,0.3853,4.4778,4906
4690507670561677696,67,12.6,0.3,1,4.0295,4.0295,0.24598,4119.5,1.5341,-815.84,0.083355,50.056,1.0841,0.38507,-806.33,0.89943,0.40463,-808.81,0.081813,49.97,1.0801,-0.010517,0.38499,2.4802,4935.4
4690507670561677696,67,12.6,0.3,2,8.059,4.0295,0.24598,4474.7,1.6621,-716.48,0.051291,75.163,1.0543,0.39315,-705.5,0.90532,0.41473,-709.43,0.04891,77.036,1.0499,-0.019093,0.39305,3.9298,5191.2
4690507670561677696,67,12.6,0.3,4,16.118,4.0295,0.24598,4250.2,1.5799,-596.77,0.15408,33.546,1.1387,0.40367,-589,0.93891,0.42112,-589.75,0.15402,33.101,1.136,-0.0050201,0.40363,0.75446,4846.9
4690507670561677696,67,12.6,0.3,8,32.236,4.0295,0.24598,5210.6,1.9623,-484.01,0.10875,58.797,1.1509,0.39929,-478.12,1.0118,0.41733,-478.6,10.007,0.47541,6.8342,0.93569,0.41118,0.48649,5694.6
4690507670561677696,67,12.6,0.3,16,64.472,4.0295,0.24598,9932.2,5.6941,842.45,0.12028,179.84,1.4727,0.5696,859.45,1.1569,0.55935,849.46,0.12025,179.78,1.4734,-0.00024227,0.5696,9.9914,9089.8
4690507670561677696,67,12.6,0.7,0.5,2.0147,4.0295,0.24598,4021.2,1.5004,-840.25,0.077557,51.131,1.0728,0.3833,-829.57,0.89124,0.40366,-833.22,0.075657,51.224,1.0682,-0.0085845,0.38319,3.65,4861.4
4690507670561677696,67,12.6,0.7,1,4.0295,4.0295,0.24598,4261.6,1.584,-827.85,0.10079,46.84,1.1305,0.38893,-824.91,0.88967,0.40448,-822.48,10.334,0.37414,7.8338,0.82733,0.39634,-2.4272,5089.4
4690507670561677696,67,12.6,0.7,2,8.059,4.0295,0.24598,4447.3,1.6518,-503.69,0.42318,19.511,1.3529,0.4107,-503.59,1.0024,0.41663,-496.67,0.42701,19.218,1.3532,-0.0040907,0.41072,-6.9161,4951
4690507670561677696,67,12.6,0.7,4,16.118,4.0295,0.24598,5526.3,2.1071,-533.09,0.34693,28.278,1.4011,0.40632,-540.31,1.0223,0.40741,-526.09,0.34877,27.992,1.4017,0.0014756,0.40633,-14.227,6059.4
4690507670561677696,67,12.6,0.7,8,32.236,4.0295,0.24598,8452.4,4.0777,1168.3,0.57393,41.706,1.7377,0.59283,1183.2,1.2516,0.57681,1175.3,0.57467,41.615,1.7387,-0.0057962,0.59281,7.8729,7284
4690507670561677696,67,12.6,0.7,16,64.472,4.0295,0.24598,10814,6.9476,2796.3,0.56493,74.262,1.7195,0.80946,2821.3,1.4929,0.78065,2803.3,0.56518,74.211,1.7198,-0.00078839,0.80945,17.975,8017.7
4690507670561677696,67,12.6,1.5,0.5,2.0147,4.0295,0.24598,4071.6,1.5176,-726.02,0.19783,26.936,1.1623,0.39127,-718.35,0.93565,0.40705,-719,0.19919,26.432,1.1604,-0.0071266,0.39125,0.64702,4797.6
4690507670561677696,67,12.6,1.5,1,4.0295,4.0295,0.24598,4499.8,1.6715,-696.14,0.32251,22.039,1.2699,0.38868,-692.69,0.98917,0.39801,-689.14,0.32781,21.543,1.2706,0.0033019,0.38874,-3.5463,5195.9
4690507670561677696,67,12.6,1.5,2,8.059,4.0295,0.24598,5540.9,2.1141,-142.38,0.68106,18.85,1.4298,0.39934,-128.29,1.2006,0.403,-135.4,0.68968,18.58,1.432,0.012789,0.39942,7.1103,5683.3
4690507670561677696,67,12.6,1.5,4,16.118,4.0295,0.24598,7379.7,3.2011,290.34,1.0052,23.786,1.6904,0.405,312.47,1.3667,0.38763,297.36,1.0085,23.687,1.6916,-0.0032019,0.40501,15.118,7089.3
4690507670561677696,67,12.6,1.5,8,32.236,4.0295,0.24598,10077,5.8827,2113,1.4732,34.711,1.9629,0.56785,2188,1.6297,0.51929,2120,1.4758,34.636,1.9638,0.011087,0.56785,68.006,7963.6
4690507670561677696,67,12.6,1.5,16,64.472,4.0295,0.24598,12767,10.795,4327.7,1.3566,69.034,1.7904,0.7649,4394.6,1.9449,0.6608,4334.7,1.3569,69.012,1.7905,-0.00098645,0.76491,59.87,8439.6
4690507670561677696,67,12.6,3,0.5,2.0147,4.0295,0.24598,4185.8,1.5572,-524.65,0.52081,15.009,1.2669,0.38431,-498.33,1.0763,0.39794,-526.88,2.7082,3.3325,1.8616,0.69005,0.3973,28.551,4710.4
4690507670561677696,67,12.6,3,1,4.0295,4.0295,0.24598,4387.2,1.6295,-97.19,1.0343,11.17,1.3932,0.39395,-43.595,1.2224,0.40562,-94.951,2.2403,5.5137,1.6678,0.64458,0.40233,51.356,4484.4
4690507670561677696,67,12.6,3,2,8.059,4.0295,0.24598,6100,2.3983,766.54,2.2638,11.409,1.8584,0.42265,856.33,1.4803,0.39859,771.24,2.6643,9.6131,1.9643,0.56874,0.42594,85.094,5333.5
4690507670561677696,67,12.6,3,4,16.118,4.0295,0.24598,8948.3,4.5605,2501.3,2.4589,21.135,1.8698,0.48762,2614.7,1.7876,0.41581,2508.2,2.4697,21.035,1.8721,0.049247,0.48781,106.49,6447
4690507670561677696,67,12.6,3,8,32.236,4.0295,0.24598,11170,7.5281,4860,3.0445,31.225,1.9657,0.7643,5011.9,2.0569,0.60608,4867,3.0461,31.206,1.9661,-0.0073043,0.76435,144.88,6309.6
4690507670561677696,67,12.6,3,16,64.472,4.0295,0.24598,14678,16.615,7847.8,2.8768,70.505,1.9953,1.472,8011,2.3546,1.1606,7854.9,2.8769,70.5,1.9954,-0.0037155,1.472,156.12,6830.4
4690507670561677696,68,12.6,0.3,0.5,3.5767,7.1535,0.39049,-1954.4,0.38822,-2760.7,0.44663,2.8496,1.5302,0.30452,-2767.5,-0.44509,0.30095,-2751.4,0.45032,2.3014,1.7711,-0.61082,0.30321,-16.175,806.29
4690507670561677696,68,12.6,0.3,1,7.1535,7.1535,0.39049,-657.51,0.52144,-2657.5,0.25272,7.4651,1.436,0.30432,-2646,-0.27612,0.29811,-2655.1,0.59727,3.2343,9.7057,-0.40358,0.30172,9.0642,2000
4690507670561677696,68,12.6,0.3,2,14.307,7.1535,0.39049,2449.7,1.0572,-2020.6,0.030821,82.789,1.09,0.31687,-2003.3,0.029644,0.31239,-2017.1,0.21376,15.832,10,-0.018865,0.31594,13.797,4470.3
4690507670561677696,68,12.6,0.3,4,28.614,7.1535,0.39049,5573.1,2.1515,-1333.3,0.068866,97.04,1.1735,0.31856,-1298.4,0.3185,0.30533,-1326.7,0.23252,35.706,1.6962,0.22332,0.31827,28.237,6906.4
4690507670561677696,68,12.6,0.3,8,57.228,7.1535,0.39049,8220.1,3.9287,-1060.6,0.02397,639.02,1.2719,0.33057,-908.94,0.43868,0.2962,-1055.6,0.19878,81.847,1.7547,0.26232,0.3253,146.67,9280.7
4690507670561677696,68,12.6,0.3,16,114.46,7.1535,0.39049,11476,8.2388,2479.1,0.039121,629.77,1.132,0.50526,2518.9,0.89631,0.477,2479.6,0.43533,78.961,10,0.86511,0.50229,39.261,8996.4
4690507670561677696,68,12.6,0.7,0.5,3.5767,7.1535,0.39049,-780.49,0.50705,-2546.4,0.44836,4.6973,1.3704,0.30409,-2555.7,-0.21589,0.29951,-2538.7,0.64622,2.7739,1.8226,-0.33761,0.30277,-17.019,1765.9
4690507670561677696,68,12.6,0.7,1,7.1535,7.1535,0.39049,697.7,0.70972,-2179.7,1.1188,4.5269,1.993,0.31558,-2168.7,0.021322,0.29947,-2175.4,1.4605,3.1544,2.938,-0.18469,0.30992,6.7267,2877.4
4690507670561677696,68,12.6,0.7,2,14.307,7.1535,0.39049,5032.2,1.9024,-1782.5,0.53968,20.224,1.7359,0.3133,-1663.4,0.26931,0.28542,-1775,0.57615,19.094,1.8212,-0.24416,0.3112,111.6,6814.7
4690507670561677696,68,12.6,0.7,4,28.614,7.1535,0.39049,6817.5,2.8555,-574.14,0.47395,35.134,1.5404,0.36278,-482.4,0.50155,0.3141,-584.12,1.0624,18.016,2.8747,0.35991,0.34325,101.71,7391.7
4690507670561677696,68,12.6,0.7,8,57.228,7.1535,0.39049,10478,6.566,761.35,0.48847,80.309,1.6948,0.45248,1049.5,0.75149,0.34133,760.71,0.76592,56.106,2.1703,0.47511,0.42767,288.83,9716.5
4690507670561677696,68,12.6,0.7,16,114.46,7.1535,0.39049,13054,11.797,4032.2,0.50931,134.63,1.5161,0.81881,4149.5,1.0969,0.5759,4030.6,1.0628,74.037,2.3058,0.94803,0.74062,118.89,9021.5
4690507670561677696,68,12.6,1.5,0.5,3.5767,7.1535,0.39049,482.82,0.67587,-2196.1,1.2566,4.0271,1.7282,0.30291,-2193.6,0.058546,0.29053,-2188.5,1.523,3.0597,2.0451,-0.2072,0.30113,-5.1721,2678.9
4690507670561677696,68,12.6,1.5,1,7.1535,7.1535,0.39049,3112.7,1.2293,-1640.8,1.4732,7.337,1.9963,0.31241,-1585.1,0.30966,0.27913,-1638.1,1.9434,5.2077,2.8527,0.094244,0.30152,53.017,4753.5
4690507670561677696,68,12.6,1.5,2,14.307,7.1535,0.39049,6349.5,2.5671,-557.69,1.2175,17.198,1.7432,0.32335,-471.46,0.57934,0.26059,-551.87,1.5617,13.19,2.0319,0.28799,0.31293,80.416,6907.2
4690507670561677696,68,12.6,1.5,4,28.614,7.1535,0.39049,9136.4,4.8392,492.49,1.4748,29.944,1.9336,0.33925,788.36,0.81679,0.17054,498.13,1.6773,26.63,2.1257,0.40009,0.32305,290.23,8643.9
4690507670561677696,68,12.6,1.5,8,57.228,7.1535,0.39049,12316,9.9736,3085.7,1.096,73.588,1.7136,0.50222,3313,1.0999,1e-06,3083,1.781,47.643,2.367,0.91911,0.39771,230.01,9229.9
4690507670561677696,68,12.6,1.5,16,114.46,7.1535,0.39049,14914,18.014,5399.5,1.3984,115.23,1.8055,0.7142,5790.4,1.3443,5.8685e-05,5406.4,1.4011,115.03,1.8074,0.044453,0.71347,384,9515
4690507670561677696,68,12.6,3,0.5,3.5767,7.1535,0.39049,1736.2,0.89884,-1433.1,2.8997,3.6151,1.8656,0.29905,-1387.5,0.37171,0.27455,-1427.1,3.5423,2.9039,2.0838,-0.17021,0.3,39.594,3169.2
4690507670561677696,68,12.6,3,1,7.1535,7.1535,0.39049,4700.5,1.7642,-173.56,2.6197,7.7764,1.7268,0.30197,-121.05,0.65717,0.23949,-167.69,2.9853,6.763,1.8163,0.032497,0.30284,46.637,4874
4690507670561677696,68,12.6,3,2,14.307,7.1535,0.39049,7602.7,3.4139,1418.4,2.819,14.741,1.844,0.33309,1534.9,0.9188,0.082627,1421.1,3.6069,11.139,2.0724,0.48385,0.32806,113.79,6184.3
4690507670561677696,68,12.6,3,4,28.614,7.1535,0.39049,10831,7.1147,3638.9,2.687,31.517,1.8502,0.40779,3884.8,1.1563,0.00011921,3646,2.6943,31.414,1.8527,-0.053306,0.40712,238.77,7191.8
4690507670561677696,68,12.6,3,8,57.228,7.1535,0.39049,13960,14.499,6533.5,2.7161,64.238,1.887,0.75436,6860.5,1.4499,0.00027742,6540.5,2.7197,64.144,1.8881,0.0050543,0.75396,320.01,7426.8
4690507670561677696,68,12.6,3,16,114.46,7.1535,0.39049,16934,28.516,9693.1,2.7768,128.27,1.8738,1.4405,10081,1.7676,0.00021961,9700.1,2.777,128.26,1.874,-0.0034367,1.4402,381.31,7240.4
4690507881037706112,28,13.1,0.3,0.5,1.0139,2.0279,0.29868,-5821.5,0.14271,-7459.8,0.02,15.906,1.1969,0.089819,-7460.5,-0.2265,0.089578,-7451.8,0.1872,2.1623,3.1007,-0.34465,0.090113,-8.6315,1638.3
4690507881037706112,28,13.1,0.3,1,2.0279,2.0279,0.29868,-5829.5,0.14242,-7377.9,0.17384,2.3888,1.2938,0.089763,-7390.8,-0.12233,0.089861,-7373.2,0.61533,0.52771,10,-0.1751,0.090163,-17.631,1548.4
4690507881037706112,28,13.1,0.3,2,4.0557,2.0279,0.29868,-2855.9,0.29798,-6992.9,0.13642,7.9448,1.3175,0.09135,-7003.6,0.2564,0.091456,-6986.7,0.45272,2.0737,3.9012,0.22531,0.091821,-16.932,4137
4690507881037706112,28,13.1,0.3,4,8.1115,2.0279,0.29868,-772.92,0.49977,-6478.5,0.1186,16.233,1.3762,0.10011,-6482.4,0.43158,0.099557,-6474.3,0.63871,2.9326,8.4344,0.38001,0.10038,-8.1741,5705.6
4690507881037706112,28,13.1,0.3,8,16.223,2.0279,0.29868,2932.5,1.254,-6088.6,0.02,271.16,1.3393,0.098755,-6065.4,0.68993,0.097986,-6081.5,0.02,270.46,1.3426,-0.059895,0.098813,16.13,9021.1
4690507881037706112,28,13.1,0.3,16,32.446,2.0279,0.29868,4745.6,1.9669,-4495.9,0.16655,50.874,1.5025,0.13769,-4476.8,0.96239,0.13337,-4490.1,0.49082,18.3,2.7827,0.89814,0.13626,13.277,9241.6
4690507881037706112,28,13.1,0.7,0.5,1.0139,2.0279,0.29868,-5796.8,0.14358,-7283.6,0.68965,1.0222,1.5749,0.089308,-7291.1,0.043457,0.089446,-7277.7,1.5088,0.41366,2.0811,-0.18191,0.089405,-13.354,1486.7
4690507881037706112,28,13.1,0.7,1,2.0279,2.0279,0.29868,-3571.5,0.24948,-7058.6,0.77737,2.0037,1.8672,0.089433,-7061.9,0.30963,0.088293,-7051.2,0.821,1.8221,1.9139,-0.19157,0.08937,-10.69,3487.1
4690507881037706112,28,13.1,0.7,2,4.0557,2.0279,0.29868,-1365.1,0.43144,-6682.6,0.79304,3.6106,1.9955,0.092974,-6670.1,0.51997,0.09014,-6675.6,0.83255,3.3696,2.054,-0.041585,0.092854,5.4514,5317.5
4690507881037706112,28,13.1,0.7,4,8.1115,2.0279,0.29868,1820.8,0.95153,-5271,0.39246,12.822,1.4953,0.11108,-5279.8,0.87878,0.10899,-5265.1,1.364,2.5772,3.3376,0.84131,0.1106,-14.661,7091.8
4690507881037706112,28,13.1,0.7,8,16.223,2.0279,0.29868,4422.6,1.8153,-4343.1,0.25189,36.819,1.3921,0.10288,-4350.4,1.1751,0.10344,-4336.2,0.25189,36.737,1.3921,-0.00059187,0.10289,-14.186,8765.6
4690507881037706112,28,13.1,0.7,16,32.446,2.0279,0.29868,7430.3,3.8304,-2413.1,0.037895,367.69,1.1735,1e-06,-2334.9,1.555,0.089385,-2406.2,0.037815,368.04,1.1733,0.0041326,1e-06,71.221,9843.4
4690507881037706112,28,13.1,1.5,0.5,1.0139,2.0279,0.29868,-4445.7,0.20081,-6988.9,1.3852,1.1201,2.0255,0.089898,-6976.2,0.35613,0.088896,-6985.2,2.5261,0.52308,3.1251,0.042875,0.090119,8.9774,2543.2
4690507881037706112,28,13.1,1.5,1,2.0279,2.0279,0.29868,-2137.2,0.35618,-6438.9,1.4948,2.0785,2.0049,0.092125,-6412.9,0.66356,0.08916,-6433.3,1.7917,1.6681,2.164,0.077224,0.092277,20.399,4301.7
4690507881037706112,28,13.1,1.5,2,4.0557,2.0279,0.29868,295.97,0.65166,-5561.3,1.562,3.88,1.9326,0.096749,-5519.7,0.96382,0.089906,-5554,1.5698,3.8514,1.9365,-0.14787,0.096738,34.237,5857.2
4690507881037706112,28,13.1,1.5,4,8.1115,2.0279,0.29868,3259.2,1.3599,-4453.5,1.3917,8.5535,1.9031,0.10593,-3794.3,1.4588,0.00019366,-4446.6,1.4031,8.4641,1.9073,0.025401,0.10593,652.33,7712.7
4690507881037706112,28,13.1,1.5,8,16.223,2.0279,0.29868,6614.5,3.128,-2276,0.68094,31.155,1.5019,0.096339,-2267.9,1.5704,0.084493,-2269,0.68109,31.138,1.5019,-0.0038056,0.096341,1.1473,8890.4
4690507881037706112,28,13.1,1.5,16,32.446,2.0279,0.29868,9410.7,6.2627,902.75,0.68741,61.414,1.4766,0.2282,916.72,1.8962,0.21405,909.67,0.68749,61.402,1.4766,-0.00071176,0.2282,7.0557,8508
4690507881037706112,28,13.1,3,0.5,1.0139,2.0279,0.29868,-3025.5,0.28569,-6216.5,2.7433,1.1839,2.01,0.090718,-6131.3,0.78374,0.088526,-6212.2,3.4502,0.92951,2.2767,0.0033085,0.091463,80.886,3191
4690507881037706112,28,13.1,3,1,2.0279,2.0279,0.29868,-1056.8,0.46576,-5218.6,3.6509,1.7241,2.1791,0.095973,-5083.1,1.0862,0.088058,-5210.2,3.6544,1.7213,2.18,-0.39486,0.095968,127.1,4161.8
4690507881037706112,28,13.1,3,2,4.0557,2.0279,0.29868,1876.6,0.96482,-3936,2.9274,4.0917,1.9567,0.096952,-3817.6,1.3597,0.078115,-3928.8,2.9416,4.0683,1.9597,-0.11911,0.096989,111.21,5812.7
4690507881037706112,28,13.1,3,4,8.1115,2.0279,0.29868,4590.9,1.8927,-1914.7,3.0431,7.8242,1.9074,0.10256,-1773.1,1.6657,0.042636,-1907.8,3.0526,7.7959,1.909,-0.011855,0.10263,134.67,6505.6
4690507881037706112,28,13.1,3,8,16.223,2.0279,0.29868,7536.9,3.933,534.12,2.7101,17.561,1.88,0.16143,670.96,1.9393,2.1562e-06,541.05,2.7116,17.549,1.8803,-0.0077037,0.16146,129.91,7002.7
4690507881037706112,28,13.1,3,16,32.446,2.0279,0.29868,10541,8.2919,3172.7,2.706,36.968,1.9096,0.2641,3351.7,2.2277,0.00014853,3179.6,2.7064,36.962,1.9097,-0.00098336,0.26412,172.1,7368.5
4690507881037706112,67,13.1,0.3,0.5,1.7335,3.467,0.20892,-4349.9,0.22694,-7501.3,0.9152,1.6306,2.0989,0.097405,-7496.8,0.14883,0.094819,-7495.7,1.2587,1.0545,2.8723,-0.1044,0.096878,-1.1074,3151.3
4690507881037706112,67,13.1,0.3,1,3.467,3.467,0.20892,-2552.9,0.34041,-7281.9,0.40935,4.0519,1.5023,0.096942,-7292.3,0.26302,0.095417,-7277.4,2.4878,0.36732,5.5244,0.20175,0.096238,-14.834,4729
4690507881037706112,67,13.1,0.3,2,6.9341,3.467,0.20892,-569.77,0.53252,-6674,0.11297,15.795,1.2302,0.10411,-6686.1,0.40546,0.10467,-6667.5,0.22253,5.6199,10,0.39861,0.10485,-18.668,6104.2
4690507881037706112,67,13.1,0.3,4,13.868,3.467,0.20892,1292.7,0.81066,-7083.8,0.23432,16.653,1.6653,0.097798,-7030.2,0.43841,0.092729,-7084.3,0.49508,8.3858,2.5657,0.27348,0.095952,54.11,8376.5
4690507881037706112,67,13.1,0.3,8,27.736,3.467,0.20892,3666,1.3848,-5242.9,0.21401,29.746,1.4238,0.12226,-5238.3,0.79852,0.11589,-5248.9,0.93713,7.0279,3.1744,0.73228,0.12013,10.604,8908.8
4690507881037706112,67,13.1,0.3,16,55.473,3.467,0.20892,7700.7,3.4416,10.109,0.2952,50.485,1.5331,0.46854,22.34,1.1265,0.45541,17.136,0.2956,50.365,1.5343,-0.0081716,0.46851,5.2045,7690.6
4690507881037706112,67,13.1,0.7,0.5,1.7335,3.467,0.20892,-3159.5,0.29687,-7355.7,0.87148,2.304,2.1126,0.098229,-7339.5,0.25086,0.09474,-7349.6,1.1066,1.6764,2.75,-9.7937e-05,0.09735,10.031,4196.2
4690507881037706112,67,13.1,0.7,1,3.467,3.467,0.20892,-1421.5,0.43941,-6886.4,0.74394,3.8415,1.8147,0.10209,-6875.2,0.42614,0.097861,-6880.3,1.0201,2.6125,2.1934,0.17111,0.1014,5.1002,5464.9
4690507881037706112,67,13.1,0.7,2,6.9341,3.467,0.20892,1287.1,0.80964,-6632.9,0.59842,8.1772,1.8049,0.10008,-6584,0.58676,0.093846,-6626.3,0.72409,6.5841,1.9863,0.24332,0.099303,42.284,7920
4690507881037706112,67,13.1,0.7,4,13.868,3.467,0.20892,3252.4,1.2614,-4899.4,0.77831,10.915,1.8322,0.13741,-4830.5,0.8382,0.12709,-4892.4,0.78894,10.739,1.8442,-0.02705,0.13731,61.927,8151.8
4690507881037706112,67,13.1,0.7,8,27.736,3.467,0.20892,7514.6,3.3001,-2296.8,0.48271,40.087,1.6583,0.22034,-2229.4,1.1869,0.19562,-2289.8,0.48403,39.971,1.6603,0.015945,0.2203,60.435,9811.4
4690507881037706112,67,13.1,0.7,16,55.473,3.467,0.20892,10428,6.3688,677.61,0.68526,58.799,1.8832,0.46454,810.94,1.4408,0.4204,684.63,0.68588,58.74,1.884,-0.0061328,0.4645,126.3,9750.8
4690507881037706112,67,13.1,1.5,0.5,1.7335,3.467,0.20892,-2446.5,0.34868,-6960.1,1.3303,2.1767,1.9131,0.096421,-6935.3,0.488,0.091865,-6953.1,1.4631,1.9485,1.9989,-0.1697,0.096502,17.772,4513.6
4690507881037706112,67,13.1,1.5,1,3.467,3.467,0.20892,-139.62,0.58679,-6300.5,1.3735,3.6767,1.8362,0.096458,-6257.9,0.72518,0.088713,-6293.4,1.4347,3.4883,1.8638,-0.078882,0.096454,35.495,6160.9
4690507881037706112,67,13.1,1.5,2,6.9341,3.467,0.20892,2872.4,1.1578,-4891.3,1.4525,7.0621,1.9488,0.11785,-4792.2,0.96965,0.10186,-4884.1,1.4641,6.9904,1.9553,-0.088406,0.11778,91.929,7763.7
4690507881037706112,67,13.1,1.5,4,13.868,3.467,0.20892,5829.1,2.2561,-2488.2,1.5158,13.426,1.9062,0.17793,-2042.4,1.4294,0.00041391,-2481.1,1.5202,13.379,1.9084,-0.02568,0.1779,438.71,8317.2
4690507881037706112,67,13.1,1.5,8,27.736,3.467,0.20892,8640.4,4.2545,-121.66,1.8788,22.525,2.0906,0.28536,96.901,1.5554,0.2055,-114.68,1.8827,22.466,2.092,0.018819,0.28534,211.58,8762.1
4690507881037706112,67,13.1,1.5,16,55.473,3.467,0.20892,11883,8.843,3263.3,1.0478,66.191,1.5832,0.46992,3313.3,1.9003,0.3388,3270.4,1.0479,66.178,1.5832,-0.0016236,0.46992,42.936,8619.7
4690507881037706112,67,13.1,3,0.5,1.7335,3.467,0.20892,-1073.1,0.47535,-5991.2,2.6884,2.0682,1.9493,0.093008,-5896.7,0.83825,0.083766,-5984.1,2.8257,1.9581,1.9865,-0.18253,0.093185,87.349,4918.2
4690507881037706112,67,13.1,3,1,3.467,3.467,0.20892,1295.2,0.81112,-4436.7,2.4645,3.7639,1.7911,0.10798,-4347.8,1.0802,0.091555,-4428.8,2.4684,3.7549,1.7921,-0.27774,0.10797,81.054,5731.9
4690507881037706112,67,13.1,3,2,6.9341,3.467,0.20892,4492,1.6685,-1918.6,3.0247,6.9838,2.0131,0.17092,-1758.3,1.3947,0.1173,-1911.8,3.0681,6.8699,2.0227,0.067694,0.17109,153.55,6410.6
4690507881037706112,67,13.1,3,4,13.868,3.467,0.20892,7275.6,3.1269,258.47,3.0727,13.065,1.9256,0.18872,443.9,1.6726,6.4417e-05,265.56,3.0763,13.047,1.9263,-0.037767,0.18874,178.34,7017.1
4690507881037706112,67,13.1,3,8,27.736,3.467,0.20892,10392,6.3166,3241,3.0658,26.131,2.0073,0.43432,3445.3,1.9545,0.16424,3248,3.0667,26.122,2.0075,-0.012044,0.43432,197.27,7151
4690507881037706112,67,13.1,3,16,55.473,3.467,0.20892,14215,14.967,6865.4,2.3062,72.628,1.773,0.85805,6999.3,2.3116,0.15781,6872.4,2.3066,72.615,1.7731,0.001365,0.85808,126.88,7349.8
4690507881037706112,68,13.1,0.3,0.5,1.7969,3.5938,0.30046,-5703.6,0.16546,-7700.2,0.1646,2.7176,1.0584,0.091481,-7712.9,-0.27303,0.092125,-7692.8,0.16413,1.3942,10,-0.27871,0.092209,-20.072,1996.6
4690507881037706112,68,13.1,0.3,1,3.5938,3.5938,0.30046,-3192.9,0.2929,-7421.7,0.094192,9.1103,1.1541,0.093113,-7425.2,-0.092286,0.092421,-7418.7,0.3862,2.5841,6.3493,-0.12794,0.093062,-6.4674,4228.8
4690507881037706112,68,13.1,0.3,2,7.1875,3.5938,0.30046,-333.73,0.56129,-7076.7,0.12728,15.256,1.3344,0.096968,-7036,0.073229,0.093472,-7069.1,0.13399,14.598,1.4085,-0.24007,0.096689,33.096,6742.9
4690507881037706112,68,13.1,0.3,4,14.375,3.5938,0.30046,1297.9,0.81354,-6849.2,0.20715,17.348,1.5107,0.097495,-6741.9,0.21373,0.090493,-6842.3,0.26531,14.027,1.6715,-0.11228,0.096603,100.46,8147.1
4690507881037706112,68,13.1,0.3,8,28.75,3.5938,0.30046,5112.9,1.9377,-4853.9,0.02,363.38,1.2069,0.10623,-4800.5,0.61071,0.097597,-4857.1,0.44761,20.687,2.9338,0.55788,0.10421,56.608,9966.8
4690507881037706112,68,13.1,0.3,16,57.5,3.5938,0.30046,7830.9,3.5958,-3696.4,0.09974,146.83,1.4233,0.15665,-3490.4,0.74565,0.1292,-3694.1,0.33148,51.059,2.0028,0.58184,0.1491,203.69,11527
4690507881037706112,68,13.1,0.7,0.5,1.7969,3.5938,0.30046,-4325.6,0.22637,-7567.7,0.78021,1.7844,1.7095,0.092044,-7558.7,-0.10479,0.089625,-7558.5,0.79944,1.6671,1.7664,-0.5256,0.091793,-0.19844,3242.1
4690507881037706112,68,13.1,0.7,1,3.5938,3.5938,0.30046,-1587.8,0.42198,-6909.1,0.68326,3.8115,1.6402,0.097613,-6886.2,0.14494,0.09237,-6901.4,0.73553,3.4646,1.7226,-0.26744,0.097139,15.159,5321.3
4690507881037706112,68,13.1,0.7,2,7.1875,3.5938,0.30046,1512,0.85415,-5408.8,0.4152,10.716,1.3909,0.1161,-5399.3,0.44718,0.10734,-5405.7,0.95523,4.6107,2.2656,0.36988,0.11247,6.4072,6920.8
4690507881037706112,68,13.1,0.7,4,14.375,3.5938,0.30046,4404.3,1.6492,-5318.9,0.44635,20.192,1.6229,0.11175,-5166.3,0.56906,0.091292,-5313.7,0.6025,15.777,1.8832,0.29098,0.10815,147.44,9723.2
4690507881037706112,68,13.1,0.7,8,28.75,3.5938,0.30046,7469.1,3.3118,-3644.3,0.36403,47.576,1.564,0.13474,-3435.5,0.83099,0.090379,-3644.1,0.6692,29.214,2.0365,0.63411,0.12396,208.54,11113
4690507881037706112,68,13.1,0.7,16,57.5,3.5938,0.30046,9955,5.8297,264.63,0.31904,90.845,1.3878,0.29018,321.51,1.2026,0.21092,261.73,1.0274,32.881,2.4251,1.1202,0.25993,59.779,9690.4
4690507881037706112,68,13.1,1.5,0.5,1.7969,3.5938,0.30046,-2688.9,0.32849,-6978.6,1.9057,1.6549,2.2445,0.094215,-6913.7,0.18657,0.08797,-6971.6,2.2425,1.3394,2.5219,-0.27334,0.093635,57.972,4289.7
4690507881037706112,68,13.1,1.5,1,3.5938,3.5938,0.30046,725.96,0.7143,-5952.8,1.3093,4.5813,1.8482,0.10066,-5869.4,0.45809,0.086442,-5945.9,1.4521,4.0699,1.9572,-0.023159,0.099723,76.462,6678.7
4690507881037706112,68,13.1,1.5,2,7.1875,3.5938,0.30046,3375.1,1.305,-4784.9,1.2669,8.6321,1.8025,0.10789,-4650.3,0.69557,0.075721,-4778.4,1.4617,7.417,1.9499,0.29157,0.10503,128.06,8159.9
4690507881037706112,68,13.1,1.5,4,14.375,3.5938,0.30046,6474.8,2.6414,-3252.5,1.4674,15.918,1.966,0.12807,-2955.8,0.94719,1e-06,-3245.6,1.4979,15.596,1.9875,0.091169,0.12711,289.79,9727.3
4690507881037706112,68,13.1,1.5,8,28.75,3.5938,0.30046,9266.9,4.9851,-678.99,1.186,33.676,1.7481,0.1789,-426.72,1.1968,1.5309e-05,-672.01,1.19,33.561,1.7506,0.011099,0.17865,245.29,9945.9
4690507881037706112,68,13.1,1.5,16,57.5,3.5938,0.30046,12602,10.644,2945.6,1.4502,65.591,1.9108,0.48688,3281.4,1.5626,1e-06,2952.5,1.4514,65.535,1.9116,0.010395,0.48676,328.91,9656
4690507881037706112,68,13.1,3,0.5,1.7969,3.5938,0.30046,-1004.2,0.4819,-5803.7,2.8728,2.0225,2.0181,0.096733,-5713.7,0.51324,0.081021,-5803,3.5736,1.5718,2.2574,-0.046311,0.096792,89.263,4799.5
4690507881037706112,68,13.1,3,1,3.5938,3.5938,0.30046,1836.1,0.91951,-4326.5,3.0387,3.8212,2.0465,0.10606,-4175.7,0.7881,0.057489,-4318.9,3.0821,3.7569,2.0621,-0.20927,0.1059,143.17,6162.6
4690507881037706112,68,13.1,3,2,7.1875,3.5938,0.30046,4720.9,1.7724,-2272,3.0388,7.3358,1.9754,0.12428,-2059.8,1.0356,1e-06,-2265.4,3.1624,7.0031,2.0073,0.18846,0.12391,205.68,6992.9
4690507881037706112,68,13.1,3,4,14.375,3.5938,0.30046,7656.6,3.4561,317.85,2.715,15.46,1.8285,0.14532,638.38,1.3018,4.2172e-05,324.93,2.72,15.427,1.8299,-0.035617,0.14518,313.45,7338.8
4690507881037706112,68,13.1,3,8,28.75,3.5938,0.30046,10395,6.4438,3235.8,2.9471,27.202,1.891,0.34117,3508.5,1.585,6.8538e-06,3242.9,2.9503,27.168,1.8917,-0.0012721,0.34112,265.66,7159.4
4690507881037706112,68,13.1,3,16,57.5,3.5938,0.30046,13694,13.647,5890.3,3.0668,56.736,2.0103,0.56788,6386.8,1.8688,0.00018031,5897.3,3.0674,56.723,2.0105,-0.0022381,0.56781,489.54,7803.9
4690519769509887488,28,12.3,0.3,0.5,3.4722,6.9443,0.29271,-751.4,0.50245,-4538.7,0.02,76.743,1.2084,0.17437,-4539,-0.14238,0.17454,-4534.4,0.30117,5.4914,10,-0.20789,0.17567,-4.6566,3787.3
4690519769509887488,28,12.3,0.3,1,6.9443,6.9443,0.29271,492.81,0.68429,-4074.8,0.097145,23.137,1.2476,0.18416,-4084.7,0.076279,0.18534,-4066.6,0.046128,24827,10,0.069233,0.18555,-18.094,4567.6
4690519769509887488,28,12.3,0.3,2,13.889,6.9443,0.29271,460.45,0.67882,-4381.3,0.34566,9.3684,1.7047,0.1761,-4378.5,0.038999,0.17267,-4375.4,0.64095,4.7506,2.9308,-0.079721,0.1748,-3.1802,4841.8
4690519769509887488,28,12.3,0.3,4,27.777,6.9443,0.29271,3802.7,1.5564,-3690,0.16131,43.995,1.5244,0.18973,-3674.3,0.35125,0.18289,-3695.4,0.56983,13.496,3.2479,0.24288,0.18776,21.091,7492.8
4690519769509887488,28,12.3,0.3,8,55.554,6.9443,0.29271,6518.7,3.0545,-1320.6,0.02,399.19,1.0983,0.23553,-1296,0.80691,0.27588,-1313.6,0.02,384.86,1.0934,-0.015565,0.23525,17.601,7839.3
4690519769509887488,28,12.3,0.3,16,111.11,6.9443,0.29271,9877.2,7.0317,1286.9,0.02,635.12,1.0511,0.39507,1345.5,1.1229,0.50999,1256.8,32.646,0.88052,1.9636,1.015,0.00057129,88.67,8590.3
4690519769509887488,28,12.3,0.7,0.5,3.4722,6.9443,0.29271,-709.46,0.50771,-4451.4,0.35439,6.5739,1.454,0.16988,-4464.9,0.028832,0.16906,-4446.2,1.4252,0.81037,10,0.0017683,0.16968,-18.666,3741.9
4690519769509887488,28,12.3,0.7,1,6.9443,6.9443,0.29271,1559.7,0.8918,-4177.3,0.4906,10.236,1.6856,0.16993,-4177.4,0.26107,0.16512,-4176.2,1.142,3.7233,3.9434,0.18064,0.16771,-1.1368,5737
4690519769509887488,28,12.3,0.7,2,13.889,6.9443,0.29271,3397.4,1.4074,-3630.9,0.65068,13.427,1.835,0.18192,-3607,0.4487,0.1738,-3623.9,0.69015,12.43,1.8954,-0.045781,0.18152,16.926,7028.4
4690519769509887488,28,12.3,0.7,4,27.777,6.9443,0.29271,6601,3.1176,-2445.4,0.33355,48.752,1.5194,0.19132,-2442.5,0.78163,0.17955,-2451.9,1.2429,12.146,3.668,0.72755,0.18655,9.4113,9046.4
4690519769509887488,28,12.3,0.7,8,55.554,6.9443,0.29271,9768.2,6.8439,1288,0.18225,172.68,1.3208,0.42495,1282.1,1.2,0.4378,1295,0.18214,172.4,1.3207,-0.0015869,0.42496,-12.892,8480.2
4690519769509887488,28,12.3,0.7,16,111.11,6.9443,0.29271,11295,9.9986,1002.4,0.19389,261.57,1.3385,0.00012912,999.26,1.3991,0.080458,1009.3,0.19388,261.35,1.3385,-0.00084727,0.00023134,-10.072,10293
4690519769509887488,28,12.3,1.5,0.5,3.4722,6.9443,0.29271,562.87,0.6963,-3906.4,1.1378,4.614,1.7064,0.16894,-3895.8,0.38683,0.16589,-3907.6,2.2623,2.1241,2.1835,0.023309,0.17029,11.743,4469.2
4690519769509887488,28,12.3,1.5,1,6.9443,6.9443,0.29271,2670.9,1.1751,-2984.9,1.3595,7.3435,1.7997,0.18708,-2959,0.64761,0.17812,-2979,1.6458,5.82,1.8997,0.090234,0.18744,19.965,5655.8
4690519769509887488,28,12.3,1.5,2,13.889,6.9443,0.29271,5455.2,2.3458,-2355.4,1.4424,14.529,1.917,0.17306,-2281.7,0.90197,0.1462,-2348.4,1.4682,14.199,1.9282,-0.037312,0.17298,66.707,7810.7
4690519769509887488,28,12.3,1.5,4,27.777,6.9443,0.29271,7816.4,4.2156,485.55,0.65379,41.552,1.3127,0.1087,520.31,1.3051,0.17034,492.52,0.65451,41.422,1.3124,-0.027576,0.10861,27.791,7330.9
4690519769509887488,28,12.3,1.5,8,55.554,6.9443,0.29271,10907,9.08,1293.1,1.4716,56.383,1.9858,0.31012,1474.4,1.4329,0.15458,1300,1.4727,56.332,1.9865,-0.015543,0.31003,174.36,9613.9
4690519769509887488,28,12.3,1.5,16,111.11,6.9443,0.29271,13579,17.626,5038.6,1.8666,93.127,2.1119,0.94951,5193.7,1.7839,0.65825,5045.5,1.8676,93.064,2.1122,0.0019021,0.94948,148.25,8540.2
4690519769509887488,28,12.3,3,0.5,3.4722,6.9443,0.29271,1854.7,0.95957,-2416.4,3.1555,3.8062,2.1308,0.20184,-2310.7,0.79262,0.18658,-2417.5,3.9257,2.9687,2.3784,0.0021288,0.20368,106.83,4271.1
4690519769509887488,28,12.3,3,1,6.9443,6.9443,0.29271,4193.5,1.7149,-1417.2,3.2404,6.8122,2.1765,0.21071,-1284.5,1.0309,0.17379,-1411,3.4161,6.393,2.223,0.0026552,0.21124,126.54,5610.7
4690519769509887488,28,12.3,3,2,13.889,6.9443,0.29271,7241.3,3.6547,713.87,2.4717,17.206,1.7872,0.20789,810.64,1.3707,0.10561,721.03,2.48,17.136,1.7886,-0.10611,0.20799,89.611,6527.4
4690519769509887488,28,12.3,3,4,27.777,6.9443,0.29271,9669.4,6.6781,3126.6,3.0584,27.909,1.8638,0.26157,3286.1,1.6545,4.2102e-05,3133.5,3.0699,27.79,1.8655,0.0072391,0.26197,152.63,6542.8
4690519769509887488,28,12.3,3,8,55.554,6.9443,0.29271,12646,13.982,5723,2.5207,65.704,1.8442,0.6469,5839.5,1.9292,2.577e-05,5729.9,2.5215,65.679,1.8444,-0.011853,0.64693,109.61,6922.9
4690519769509887488,28,12.3,3,16,111.11,6.9443,0.29271,15340,27.292,8109.6,2.7379,120.15,1.8604,0.66297,8313.6,2.1954,0.00032841,8116.5,2.7385,120.12,1.8605,0.00061895,0.66307,197.15,7230.3
4690519769509887488,67,12.3,0.3,0.5,5.8471,11.694,0.24598,287.74,0.64619,-4544.2,0.24961,10.324,1.2796,0.17313,-4553.4,0.04971,0.17562,-4539,2.7624,0.67521,2.1416,-0.056294,0.17581,-14.407,4832
4690519769509887488,67,12.3,0.3,1,11.694,11.694,0.24598,499.76,0.67786,-4760.3,0.21133,12.265,1.3218,0.16829,-4773.6,-0.00083772,0.16928,-4760.7,3.6704,0.36181,10,-0.065703,0.17031,-12.929,5260.1
4690519769509887488,67,12.3,0.3,2,23.388,11.694,0.24598,4834.2,1.8025,-3420.2,0.17793,39.621,1.4347,0.21163,-3427.6,0.30165,0.20938,-3413.1,0.16906,38.463,1.4551,0.0022546,0.21161,-14.437,8254.3
4690519769509887488,67,12.3,0.3,4,46.777,11.694,0.24598,8496.6,4.1187,-307.46,0.087025,148.68,1.2772,0.39666,-314.84,0.67122,0.40321,-300.51,0.078964,159.47,1.2707,0.034755,0.39659,-14.33,8804.1
4690519769509887488,67,12.3,0.3,8,93.554,11.694,0.24598,9964.8,5.7361,1397.2,0.1115,169.81,1.1931,0.46463,1405.5,0.99953,0.50477,1404.2,0.11028,169.89,1.1911,0.00014375,0.46452,1.277,8567.5
4690519769509887488,67,12.3,0.3,16,187.11,11.694,0.24598,12899,11.122,3937.9,0.32498,162.77,1.895,1.2044,4003.6,0.9627,1.1643,3945,0.32676,161.84,1.9016,-0.025757,1.2041,58.638,8961.3
4690519769509887488,67,12.3,0.7,0.5,5.8471,11.694,0.24598,1371.7,0.82524,-4542.2,0.45591,9.4378,1.5861,0.17286,-4552.2,0.11047,0.17047,-4535.2,0.77121,4.3102,1.8631,-0.036717,0.17252,-16.983,5913.9
4690519769509887488,67,12.3,0.7,1,11.694,11.694,0.24598,3737.9,1.4075,-3196.7,0.65995,13.51,1.6671,0.21054,-3196.2,0.42866,0.20371,-3189.6,0.71523,12.009,1.7077,-0.066253,0.21048,-6.6115,6934.6
4690519769509887488,67,12.3,0.7,2,23.388,11.694,0.24598,6479.8,2.6129,-1435.3,0.47458,30.219,1.4866,0.27835,-1442.8,0.69634,0.27391,-1428.6,3.2143,1.8914,10,0.66887,0.27739,-14.256,7915.1
4690519769509887488,67,12.3,0.7,4,46.777,11.694,0.24598,9073.1,4.6908,-1195.6,0.7885,41.143,1.8989,0.27402,-1101.4,0.85174,0.2449,-1188.6,0.80054,40.374,1.9113,0.0083073,0.27372,87.191,10269
4690519769509887488,67,12.3,0.7,8,93.554,11.694,0.24598,11433,7.9894,3188.3,0.74329,70.65,1.8498,0.86776,3220,1.113,0.81965,3195.3,0.7474,70.147,1.8536,0.0075232,0.86766,24.776,8245
4690519769509887488,67,12.3,0.7,16,187.11,11.694,0.24598,15530,20.136,5442.4,0.37893,284.69,1.5096,1.0928,5445.5,1.5099,1.0329,5449.4,0.37906,284.5,1.5098,0.00060237,1.0928,-3.9258,10088
4690519769509887488,67,12.3,1.5,0.5,5.8471,11.694,0.24598,2188.1,0.99216,-3641.6,1.8223,5.3278,2.103,0.18037,-3580.4,0.49177,0.16818,-3636.2,2.1009,4.4752,2.2339,-0.19403,0.18076,55.723,5829.7
4690519769509887488,67,12.3,1.5,1,11.694,11.694,0.24598,5245.8,1.9779,-2221.5,1.3678,12.549,1.8652,0.21611,-2175.6,0.73367,0.19708,-2214.4,1.4282,11.883,1.888,-0.10181,0.21618,38.765,7467.4
4690519769509887488,67,12.3,1.5,2,23.388,11.694,0.24598,8006.9,3.6878,-621.76,1.2665,24.617,1.7648,0.24561,-575.01,1.0143,0.20239,-616.02,1.5883,18.699,1.8678,0.47667,0.24819,41.008,8628.7
4690519769509887488,67,12.3,1.5,4,46.777,11.694,0.24598,11268,7.6965,2822.7,1.4913,46.074,1.9057,0.5863,2899.6,1.314,0.50855,2829.8,1.4954,45.904,1.9072,-0.035341,0.58625,69.888,8445
4690519769509887488,67,12.3,1.5,8,93.554,11.694,0.24598,14095,14.565,6232.8,1.6121,85.296,1.9761,1.3652,6298.7,1.6334,1.1356,6239.8,1.6142,85.163,1.977,-0.0011098,1.3653,58.849,7861.9
4690519769509887488,67,12.3,1.5,16,187.11,11.694,0.24598,17242,29.63,8194.7,1.7225,167.65,2.0671,1.8516,8343.9,1.9017,1.4179,8201.7,1.7229,167.6,2.0673,-0.0015651,1.8516,142.2,9047.5
4690519769509887488,67,12.3,3,0.5,5.8471,11.694,0.24598,4224.5,1.5708,-1962,2.304,7.4776,1.8005,0.18569,-1867.5,0.85946,0.16732,-1959.7,2.8437,5.9494,1.9118,0.034529,0.18841,92.2,6186.5
4690519769509887488,67,12.3,3,1,11.694,11.694,0.24598,6926.4,2.8899,46.486,2.7342,12.664,1.8275,0.19464,174.85,1.1741,0.13192,53.79,2.7828,12.416,1.8356,-0.14634,0.19518,121.06,6879.9
4690519769509887488,67,12.3,3,2,23.388,11.694,0.24598,10203,6.0527,2612.1,2.5423,27.528,1.8282,0.28347,2739.9,1.4581,0.083357,2619.2,2.556,27.356,1.8304,-0.056512,0.28378,120.63,7590.7
4690519769509887488,67,12.3,3,4,46.777,11.694,0.24598,12920,11.175,5787.9,3.0145,46.042,1.9855,0.78335,5949.6,1.733,0.52264,5795,3.0226,45.9,1.987,0.00059083,0.78358,154.66,7132.4
4690519769509887488,67,12.3,3,8,93.554,11.694,0.24598,15774,21.273,9055.2,2.6821,95.297,1.7725,1.3747,9194.1,2.0675,0.845,9062.2,2.6849,95.189,1.7729,0.0065924,1.3751,131.89,6718.3
4690519769509887488,67,12.3,3,16,187.11,11.694,0.24598,19404,48.261,11447,2.7026,212.44,1.8956,1.7879,11628,2.3322,0.0012509,11454,2.7029,212.42,1.8956,-0.0006482,1.7879,173.59,7957.2
4690519769509887488,68,12.3,0.3,0.5,6.3235,12.647,0.39049,2692.9,1.1174,-2777.9,0.13932,26.443,1.1412,0.23365,-2777,-0.12191,0.22982,-2770.9,0.30285,12.873,1.8288,-0.16565,0.23393,-6.1119,5470.8
4690519769509887488,68,12.3,0.3,1,12.647,12.647,0.39049,2052.8,0.96596,-3423.7,0.26791,16.003,1.2815,0.20543,-3413.6,-0.17029,0.19587,-3425.4,0.90654,5.141,7.4912,-0.2229,0.20038,11.851,5476.5
4690519769509887488,68,12.3,0.3,2,25.294,12.647,0.39049,5160.5,1.9588,-2123.4,0.11539,56.777,1.1984,0.2501,-2094.4,0.044318,0.23756,-2116.9,0.28171,27.402,1.6892,-0.042986,0.24888,22.486,7283.9
4690519769509887488,68,12.3,0.3,4,50.588,12.647,0.39049,8040.5,3.7715,-2213.8,0.061338,251.53,1.3533,0.23836,-1993.8,0.15014,0.20158,-2214.3,0.31695,56.098,1.9982,-0.02974,0.22968,220.45,10254
4690519769509887488,68,12.3,0.3,8,101.18,12.647,0.39049,9390.7,5.1273,-145.15,0.056283,324.17,1.2302,0.32635,-53.952,0.37943,0.28098,-147,0.46663,54.19,2.1773,0.27999,0.31817,93.047,9535.8
4690519769509887488,68,12.3,0.3,16,202.35,12.647,0.39049,12766,11.051,2555.2,0.10635,417.52,1.3647,0.66686,2758.7,0.63959,0.56227,2558.5,0.3659,147.39,2.0055,0.48396,0.63831,200.11,10211
4690519769509887488,68,12.3,0.7,0.5,6.3235,12.647,0.39049,2733.2,1.1277,-3069.2,0.3621,14.84,1.3342,0.21739,-3057.3,-0.10577,0.20549,-3063.1,0.6422,8.5019,1.9002,-0.20599,0.21375,5.7632,5802.5
4690519769509887488,68,12.3,0.7,1,12.647,12.647,0.39049,5521.9,2.1266,-2115.1,0.3284,32.598,1.5135,0.2712,-2004.8,0.055255,0.24168,-2116,0.69411,18.034,2.3758,-0.11883,0.26148,111.19,7637
4690519769509887488,68,12.3,0.7,2,25.294,12.647,0.39049,6863.7,2.8857,-857.31,0.38245,40.672,1.3363,0.26185,-826.32,0.32416,0.21854,-871.81,1.3637,13.909,3.1624,0.25151,0.24454,45.489,7721
4690519769509887488,68,12.3,0.7,4,50.588,12.647,0.39049,9254.3,4.9708,-176.83,0.52995,56.996,1.5157,0.27594,-28.666,0.47768,0.16311,-190.04,1.249,28.38,2.5656,0.3504,0.235,161.38,9431.2
4690519769509887488,68,12.3,0.7,8,101.18,12.647,0.39049,11716,8.7022,2556.8,0.7946,80.075,1.6645,0.5353,2785.1,0.75856,0.29853,2540.1,1.5785,44.95,2.919,0.60824,0.44684,244.97,9159.2
4690519769509887488,68,12.3,0.7,16,202.35,12.647,0.39049,15808,22.072,5332,0.43474,297.03,1.5195,0.86745,5567.9,1.0656,0.27065,5324.2,0.96319,157.86,2.2707,0.91381,0.70875,243.74,10476
4690519769509887488,68,12.3,1.5,0.5,6.3235,12.647,0.39049,3254.6,1.2697,-2299.4,1.1294,8.7117,1.6274,0.23979,-2271.4,0.064771,0.21427,-2293.1,1.8326,4.9861,2.2203,-0.10705,0.23274,21.753,5554
4690519769509887488,68,12.3,1.5,1,12.647,12.647,0.39049,5346.3,2.0433,-1598.5,1.546,12.093,1.8519,0.24336,-1480.1,0.26652,0.18312,-1592.9,1.9445,9.4056,2.1813,-0.030042,0.23276,112.83,6944.8
4690519769509887488,68,12.3,1.5,2,25.294,12.647,0.39049,8299.5,4.0003,403.41,1.5812,23.725,1.8917,0.34034,617.91,0.533,0.20571,408.98,1.8699,19.994,2.1398,0.18291,0.32279,208.93,7896.1
4690519769509887488,68,12.3,1.5,4,50.588,12.647,0.39049,11508,8.2989,1629.3,1.3605,54.002,1.8431,0.31167,2097.1,0.73272,1.7547e-06,1628.8,1.8717,40.679,2.2745,0.49763,0.24142,468.24,9878.2
4690519769509887488,68,12.3,1.5,8,101.18,12.647,0.39049,14800,17.553,5069.1,1.1369,125.62,1.7072,0.62821,5408.9,1.0596,1e-06,5073.6,1.5733,93.771,2.0453,0.83745,0.50232,335.28,9731.3
4690519769509887488,68,12.3,1.5,16,202.35,12.647,0.39049,17601,33.187,7190.1,1.1566,237.63,1.7485,0.83698,7781.1,1.2937,3.6427e-06,7197,1.1593,237.17,1.7504,0.046689,0.83533,584.1,10410
4690519769509887488,68,12.3,3,0.5,6.3235,12.647,0.39049,4587.4,1.7193,-1181.1,2.0699,8.5344,1.6395,0.21613,-1136.8,0.34085,0.15997,-1180.1,3.3583,4.9972,1.9767,0.022783,0.21517,43.294,5768.5
4690519769509887488,68,12.3,3,1,12.647,12.647,0.39049,7329.1,3.208,370.45,3.0394,13.306,1.9908,0.2353,604.38,0.58537,4.0957e-05,377.89,3.1357,12.828,2.0247,-0.16961,0.23277,226.5,6958.7
4690519769509887488,68,12.3,3,2,25.294,12.647,0.39049,10109,6.0377,2930,3.0742,24.915,1.9423,0.33376,3254,0.84692,2.9336e-05,2936.8,3.1911,23.873,1.9757,0.093874,0.32955,317.28,7179.1
4690519769509887488,68,12.3,3,4,50.588,12.647,0.39049,13348,12.613,5512.5,3.0304,52.817,1.9764,0.45588,6107.9,1.1286,0.00012455,5519.5,3.0482,52.462,1.982,0.019018,0.45343,588.46,7835.2
4690519769509887488,68,12.3,3,8,101.18,12.647,0.39049,16072,23.441,8618.5,3.2238,94.687,1.9792,0.99856,9120.9,1.4258,0.00080472,8625.5,3.2304,94.466,1.9809,0.019096,0.99772,495.38,7453.5
4690519769509887488,68,12.3,3,16,202.35,12.647,0.39049,19187,47.615,11698,2.9647,199.95,1.8859,1.7229,12154,1.725,0.00017729,11705,2.9657,199.87,1.8862,-0.00099755,1.7224,448.93,7489.5
4690521762372716160,28,13.3,0.3,0.5,1.2667,2.5333,0.29271,-5506.2,0.15432,-6419.2,0.37192,1.3477,1.3383,0.11417,-6431.6,-0.15388,0.11459,-6414.6,3.5022,0.094471,10,-0.20574,0.11418,-16.997,913.03
4690521762372716160,28,13.3,0.3,1,2.5333,2.5333,0.29271,-4138.6,0.21671,-6425.5,0.23638,3.4357,1.6571,0.11447,-6427.5,-0.08327,0.11338,-6418.4,0.34649,2.2471,2.4026,-0.24866,0.11421,-9.0738,2286.9
4690521762372716160,28,13.3,0.3,2,5.0666,2.5333,0.29271,-2902.3,0.29457,-6059.5,0.35333,3.6879,1.4945,0.11784,-6072.1,0.19168,0.11727,-6053.2,0.67198,1.0446,10,0.17277,0.1175,-18.961,3157.2
4690521762372716160,28,13.3,0.3,4,10.133,2.5333,0.29271,876.68,0.75271,-5018.4,0.32505,10.566,1.4771,0.13583,-5028,0.59715,0.13441,-5011.5,0.3262,10.286,1.4824,-0.0079738,0.13581,-16.511,5895.1
4690521762372716160,28,13.3,0.3,8,20.266,2.5333,0.29271,1262.3,0.82834,-5652.5,0.54871,8.9341,2.0824,0.12145,-5589.5,0.54774,0.11617,-5645.9,0.58723,8.3082,2.2083,0.073033,0.12091,56.436,6914.8
4690521762372716160,28,13.3,0.3,16,40.533,2.5333,0.29271,7288.4,3.6977,-3817.9,0.021294,933.32,1.4622,0.16827,-3723,0.92958,0.16019,-3813.4,0.28729,54.457,2.4447,0.78737,0.16756,90.332,11106
4690521762372716160,28,13.3,0.7,0.5,1.2667,2.5333,0.29271,-4642.1,0.19125,-6320.4,0.64995,1.4656,1.7455,0.11451,-6330.8,0.02585,0.1139,-6312.6,0.71202,1.1923,1.8164,-0.28531,0.11441,-18.146,1678.3
4690521762372716160,28,13.3,0.7,1,2.5333,2.5333,0.29271,-2323.5,0.34009,-6099,0.64583,3.0923,2.0052,0.11624,-6097.4,0.2657,0.11372,-6092.5,0.79031,2.3391,2.3945,0.0029555,0.11572,-4.8943,3775.6
4690521762372716160,28,13.3,0.7,2,5.0666,2.5333,0.29271,-576.11,0.5248,-5791.8,0.73963,4.5743,2.0187,0.11811,-5776.2,0.47564,0.1142,-5784.9,0.77616,4.2706,2.0928,-0.041038,0.11785,8.6439,5215.7
4690521762372716160,28,13.3,0.7,4,10.133,2.5333,0.29271,2273.1,1.0646,-4431.6,0.091684,41.392,1.1772,0.12602,-4433.7,0.83607,0.13657,-4467.8,24.122,0.12186,10,0.78979,0.11933,34.106,6704.7
4690521762372716160,28,13.3,0.7,8,20.266,2.5333,0.29271,5292.9,2.2531,-3545.1,0.64337,22.195,1.8189,0.16087,-3484.9,1.0682,0.14764,-3538.2,0.6462,22.079,1.8229,0.011,0.16082,53.297,8838
4690521762372716160,28,13.3,0.7,16,40.533,2.5333,0.29271,8945.5,5.5796,-1978,0.091216,276.17,1.3686,0.1576,-1966.3,1.3831,0.15283,-1973.8,0.64213,40.733,2.8181,1.3437,0.16276,7.5736,10924
4690521762372716160,28,13.3,1.5,0.5,1.2667,2.5333,0.29271,-3459.7,0.2565,-5968.8,1.4461,1.4043,2.2015,0.11686,-5955.3,0.35518,0.11453,-5962.3,1.716,1.132,2.4764,-0.17437,0.11696,6.956,2509.1
4690521762372716160,28,13.3,1.5,1,2.5333,2.5333,0.29271,-1285.9,0.44002,-5504.8,1.5559,2.5198,2.0217,0.11599,-5476.8,0.65885,0.11157,-5497.9,1.661,2.3256,2.0792,-0.10127,0.11605,21.139,4219
4690521762372716160,28,13.3,1.5,2,5.0666,2.5333,0.29271,1306.2,0.83741,-4844.4,1.6542,4.6984,2.0633,0.11742,-4789.5,0.91933,0.10819,-4837.2,1.6737,4.6255,2.0734,-0.10303,0.11739,47.69,6150.5
4690521762372716160,28,13.3,1.5,4,10.133,2.5333,0.29271,4180.1,1.7092,-3319.2,1.2025,11.981,1.701,0.12357,-2958,1.4195,0.00019663,-3312.2,1.2051,11.944,1.7021,-0.033331,0.12356,354.21,7499.3
4690521762372716160,28,13.3,1.5,8,20.266,2.5333,0.29271,6885.3,3.3456,-1590.3,1.5114,20.362,1.869,0.16057,-1490.8,1.5182,0.11073,-1583.4,1.513,20.334,1.8696,-0.0058725,0.16056,92.556,8475.6
4690521762372716160,28,13.3,1.5,16,40.533,2.5333,0.29271,9502.2,6.4065,-366.87,1.5843,38.739,1.959,0.14487,-105.19,1.7266,3.5687e-05,-359.95,1.5846,38.734,1.9592,-0.0044026,0.14486,254.76,9869
4690521762372716160,28,13.3,3,0.5,1.2667,2.5333,0.29271,-2659,0.3129,-5304.3,3.1956,1.1775,2.0367,0.11555,-5204.3,0.7494,0.11321,-5296,3.3197,1.132,2.0783,-0.38771,0.1157,91.664,2645.2
4690521762372716160,28,13.3,3,1,2.5333,2.5333,0.29271,124.77,0.62454,-4351.3,2.5958,2.7656,1.7917,0.11299,-4262.9,1.0546,0.1074,-4344.7,2.7525,2.6053,1.8254,-0.041795,0.11337,81.783,4476
4690521762372716160,28,13.3,3,2,5.0666,2.5333,0.29271,2877.3,1.2369,-2704.9,3.2306,4.936,2.0288,0.13701,-2576.5,1.3603,0.11018,-2697.8,3.2523,4.8977,2.0335,-0.092659,0.13707,121.24,5582.2
4690521762372716160,28,13.3,3,4,10.133,2.5333,0.29271,5529.4,2.3893,-1221.8,2.5484,11.024,1.8246,0.11994,-1110.8,1.6108,0.043417,-1214.8,2.55,11.014,1.8249,-0.061031,0.11994,103.98,6751.2
4690521762372716160,28,13.3,3,8,20.266,2.5333,0.29271,8396.7,4.8689,1650.2,2.7839,21.172,1.8777,0.24307,1780.4,1.9294,0.0091287,1657.1,2.7871,21.144,1.8782,0.0091729,0.24313,123.38,6746.5
4690521762372716160,28,13.3,3,16,40.533,2.5333,0.29271,11290,9.9847,4431.3,2.5649,45.54,1.7803,0.33376,4564.3,2.229,0.00018987,4438.2,2.5653,45.533,1.7803,-0.0021152,0.33377,126.14,6858.3
4690521762372716160,67,13.3,0.3,0.5,1.781,3.5621,0.24598,-4542.3,0.2173,-7443.5,0.18859,4.3105,1.6954,0.1057,-7440.3,-0.19161,0.10476,-7437.1,0.29919,2.2954,10,-0.27554,0.10514,-3.2612,2901.1
4690521762372716160,67,13.3,0.3,1,3.5621,3.5621,0.24598,-3762.5,0.2591,-7286.7,0.21174,4.9321,1.5742,0.10644,-7292.7,-0.035775,0.10541,-7282.1,0.47246,2.0751,3.2785,-0.13552,0.10615,-10.684,3524.1
4690521762372716160,67,13.3,0.3,2,7.1242,3.5621,0.24598,-380.27,0.55578,-7020.1,0.23899,10.402,1.7637,0.10818,-6995.4,0.21771,0.10578,-7014.6,0.42749,5.9603,2.8021,0.059227,0.10733,19.162,6639.8
4690521762372716160,67,13.3,0.3,4,14.248,3.5621,0.24598,1274.4,0.80732,-6566.3,0.20322,17.325,1.5422,0.10956,-6562.1,0.44629,0.1073,-6559.6,0.33475,9.8531,2.1494,0.36558,0.10873,-2.4245,7840.7
4690521762372716160,67,13.3,0.3,8,28.497,3.5621,0.24598,4223.7,1.5705,-4427.7,0.094261,61.312,1.2229,0.12815,-4426,0.93861,0.13646,-4422,12.522,0.22853,2.4909,0.87381,0.13163,-3.9719,8651.4
4690521762372716160,67,13.3,0.3,16,56.993,3.5621,0.24598,7705.9,3.4457,-1867.3,0.047168,218.38,1.1977,0.23139,-1862.9,1.1728,0.24831,-1860.3,0.046292,221.83,1.1968,0.00422,0.23136,-2.6671,9573.2
4690521762372716160,67,13.3,0.7,0.5,1.781,3.5621,0.24598,-4710.1,0.20923,-7220.2,0.94527,1.4059,2.1185,0.10555,-7219.6,0.086856,0.10412,-7212.6,1.1431,1.0873,2.4316,-0.31273,0.10554,-6.9862,2510.1
4690521762372716160,67,13.3,0.7,1,3.5621,3.5621,0.24598,-1501.3,0.43157,-6870.5,0.60598,4.2552,1.8319,0.10639,-6867.4,0.33982,0.10413,-6863.2,0.64553,3.8465,1.8965,-0.11196,0.10626,-4.156,5369.1
4690521762372716160,67,13.3,0.7,2,7.1242,3.5621,0.24598,476.27,0.67427,-6270,0.65124,6.5436,1.7687,0.11145,-6262.6,0.57558,0.10773,-6262.9,0.6683,6.2856,1.7912,-0.058688,0.11138,0.29512,6746.3
4690521762372716160,67,13.3,0.7,4,14.248,3.5621,0.24598,3795.6,1.4259,-3872.2,0.75777,12.653,1.8367,0.18011,-3846.8,0.90775,0.17145,-3865.2,0.76338,12.519,1.8432,-0.025477,0.18006,18.408,7667.9
4690521762372716160,67,13.3,0.7,8,28.497,3.5621,0.24598,7294,3.1398,-751.18,0.63258,30.747,1.64,0.33453,-743.38,1.2806,0.32025,-744.17,0.63386,30.655,1.6408,-0.00070555,0.33453,0.7958,8045.1
4690521762372716160,67,13.3,0.7,16,56.993,3.5621,0.24598,10405,6.3357,218,0.66008,59.902,1.9476,0.42658,319.91,1.4,0.39925,225.04,0.6604,59.863,1.9483,-0.014221,0.42655,94.862,10187
4690521762372716160,67,13.3,1.5,0.5,1.781,3.5621,0.24598,-2420.4,0.35074,-6571.5,1.2743,2.2055,1.8349,0.1067,-6552.3,0.49164,0.10476,-6563.5,1.3299,2.0902,1.8599,-0.32198,0.10672,11.208,4151
4690521762372716160,67,13.3,1.5,1,3.5621,3.5621,0.24598,-502.26,0.54069,-5737.3,1.6231,3.0384,1.8504,0.11307,-5694.3,0.76119,0.10917,-5731.2,1.8365,2.6445,1.9231,-0.017687,0.11333,36.871,5235
4690521762372716160,67,13.3,1.5,2,7.1242,3.5621,0.24598,3142.3,1.2305,-4702.3,1.2756,7.9841,1.8535,0.12265,-4653,1.003,0.11345,-4695.2,1.2951,7.8275,1.8608,-0.028679,0.12265,42.2,7844.6
4690521762372716160,67,13.3,1.5,4,14.248,3.5621,0.24598,6590.6,2.6791,-1753.5,1.1838,18.398,1.8151,0.2246,-1703.8,1.3346,0.20194,-1746.5,1.1891,18.296,1.817,0.0084471,0.22461,42.662,8344.1
4690521762372716160,67,13.3,1.5,8,28.497,3.5621,0.24598,9887.3,5.6367,465.05,1.1935,38.884,1.9045,0.34623,559.57,1.606,0.29476,472.06,1.1943,38.853,1.9049,-0.0035439,0.34622,87.506,9422.2
4690521762372716160,67,13.3,1.5,16,56.993,3.5621,0.24598,12197,9.4918,3190.3,1.3422,61.628,1.8725,0.59856,3264.2,1.908,0.47478,3197.3,1.3425,61.611,1.8726,-0.001061,0.59856,66.945,9006.6
4690521762372716160,67,13.3,3,0.5,1.781,3.5621,0.24598,-1511.2,0.43061,-5577.1,3.1189,1.7092,1.9974,0.10808,-5453.7,0.86912,0.10372,-5568.7,3.1924,1.6671,2.0166,-0.39509,0.10817,115.04,4065.9
4690521762372716160,67,13.3,3,1,3.5621,3.5621,0.24598,1591.4,0.86717,-4235,3.0698,3.5627,2.0328,0.1156,-4098,1.1609,0.099742,-4227.8,3.1393,3.4729,2.0489,-0.12128,0.11577,129.85,5826.4
4690521762372716160,67,13.3,3,2,7.1242,3.5621,0.24598,4747.6,1.7676,-1887.3,2.7864,7.7473,1.9119,0.15676,-1754.4,1.4643,0.11986,-1880,2.7976,7.7111,1.914,-0.095798,0.15681,125.67,6634.9
4690521762372716160,67,13.3,3,4,14.248,3.5621,0.24598,6976.6,2.9228,368.81,3.8961,10.64,2.126,0.22041,591.64,1.7407,0.12318,375.87,3.906,10.608,2.1278,-0.030848,0.22047,215.76,6607.8
4690521762372716160,67,13.3,3,8,28.497,3.5621,0.24598,11021,7.2796,3278.3,2.9383,30.895,2.018,0.38498,3463.1,2.0433,0.10691,3285.3,2.939,30.886,2.0181,-0.01184,0.38499,177.74,7742.5
4690521762372716160,67,13.3,3,16,56.993,3.5621,0.24598,13675,13.25,6594,2.7229,58.735,1.8909,0.91276,6743.9,2.3301,0.59278,6601,2.7238,58.713,1.8911,0.0048637,0.91281,142.9,7081.2
4690521762372716160,68,13.3,0.3,0.5,2.033,4.066,0.39049,-4394.3,0.22286,-5645,0.075116,5.7328,1.0503,0.15455,-5651.6,-0.40329,0.15406,-5638,0.36819,1.4865,3.8127,-0.46433,0.15493,-13.639,1250.7
4690521762372716160,68,13.3,0.3,1,4.066,4.066,0.39049,-3217.7,0.29126,-5520.2,0.20962,4.8344,1.3634,0.15719,-5512.4,-0.27034,0.15415,-5513.1,0.38296,2.8188,2.1561,-0.42076,0.15637,0.68992,2302.6
4690521762372716160,68,13.3,0.3,2,8.1321,4.066,0.39049,-1271.2,0.45349,-5441.7,0.1822,8.9946,1.4122,0.1552,-5398.8,-0.13455,0.15128,-5432.9,0.1839,8.8702,1.4943,-0.49127,0.15475,34.123,4170.4
4690521762372716160,68,13.3,0.3,4,16.264,4.066,0.39049,3471.1,1.3338,-3536.2,0.22087,23.432,1.2347,0.17491,-3528.9,0.43701,0.16812,-3529.1,0.21686,23.086,1.2488,-0.0065034,0.17494,0.19557,7007.2
4690521762372716160,68,13.3,0.3,8,32.528,4.066,0.39049,5625,2.1771,-3758.3,0.13757,60.223,1.4262,0.18539,-3592.2,0.42784,0.16648,-3751.7,0.19998,44.133,1.5876,0.090284,0.18384,159.52,9383.2
4690521762372716160,68,13.3,0.3,16,65.057,4.066,0.39049,8393.3,4.0866,-1232,0.087486,159.91,1.2155,0.22105,-1179.1,0.82008,0.19748,-1225.1,0.38478,47.196,1.9669,0.75753,0.21764,45.97,9625.3
4690521762372716160,68,13.3,0.7,0.5,2.033,4.066,0.39049,-2907.6,0.31254,-5410.8,0.64304,2.5969,1.6459,0.15601,-5408.6,-0.15694,0.15227,-5402.4,0.70413,2.2235,1.815,-0.44851,0.15536,-6.2266,2503.2
4690521762372716160,68,13.3,0.7,1,4.066,4.066,0.39049,-1413.6,0.43904,-5152.1,0.6788,3.8175,1.6935,0.15855,-5135.6,-0.0032591,0.1525,-5144.2,0.74981,3.3547,1.8566,-0.34301,0.1577,8.5457,3738.4
4690521762372716160,68,13.3,0.7,2,8.1321,4.066,0.39049,2464.4,1.0608,-4532.5,0.41479,13.501,1.5771,0.1627,-4448.4,0.27778,0.14965,-4526.3,0.52903,10.961,1.8192,-0.012501,0.16062,77.937,6996.9
4690521762372716160,68,13.3,0.7,4,16.264,4.066,0.39049,3620.1,1.3797,-3384.1,0.75993,12.215,1.7135,0.19589,-3303.6,0.47881,0.17137,-3382.2,1.1343,8.4793,2.2897,0.2594,0.18914,78.548,7004.2
4690521762372716160,68,13.3,0.7,8,32.528,4.066,0.39049,6704,2.7827,-1873.3,0.78339,23.887,1.6692,0.22838,-1741.5,0.75403,0.18097,-1866.4,0.80507,23.281,1.6943,0.055556,0.22743,124.85,8577.3
4690521762372716160,68,13.3,0.7,16,65.057,4.066,0.39049,11754,8.7784,2362.6,0.22213,172.5,1.2934,0.45146,2411.5,1.2175,0.35907,2361.9,0.9976,50.328,2.7167,1.154,0.42031,49.582,9391.9
4690521762372716160,68,13.3,1.5,0.5,2.033,4.066,0.39049,-1563,0.42437,-5076.5,1.4486,2.4333,2.1706,0.15672,-5033.7,0.083846,0.14852,-5069.5,1.7845,1.8427,2.8408,-0.20938,0.15506,35.787,3513.5
4690521762372716160,68,13.3,1.5,1,4.066,4.066,0.39049,77.089,0.61628,-4505.1,2.085,3.0262,2.3007,0.15992,-4414,0.32204,0.14318,-4497.1,2.1507,2.9004,2.3873,-0.3121,0.15917,83.154,4582.1
4690521762372716160,68,13.3,1.5,2,8.1321,4.066,0.39049,4045.2,1.5198,-3186,1.2163,10.388,1.784,0.17528,-3076.9,0.60758,0.14051,-3179.9,1.4277,8.8024,2.0132,0.28913,0.1701,103.07,7231.2
4690521762372716160,68,13.3,1.5,4,16.264,4.066,0.39049,6838.3,2.869,-1457.5,1.331,18.624,1.8095,0.21766,-1281.2,0.86937,0.13766,-1450.7,1.3664,18.143,1.8387,0.14936,0.2162,169.54,8295.8
4690521762372716160,68,13.3,1.5,8,32.528,4.066,0.39049,9385,5.1208,533.76,1.3716,32.8,1.7883,0.28651,743.29,1.1209,0.076933,540.7,1.3784,32.64,1.7932,0.036689,0.28599,202.6,8851.2
4690521762372716160,68,13.3,1.5,16,65.057,4.066,0.39049,12259,9.8472,3456.4,1.2173,67.004,1.6408,0.44514,3604,1.4104,0.00030642,3463.4,1.2185,66.932,1.6415,0.0056827,0.44497,140.55,8803
4690521762372716160,68,13.3,3,0.5,2.033,4.066,0.39049,-446.52,0.54708,-4118.2,3.105,2.1513,2.1379,0.16147,-4049.1,0.40596,0.14446,-4111.3,3.4355,1.9059,2.2849,-0.23459,0.16139,62.206,3671.7
4690521762372716160,68,13.3,3,1,4.066,4.066,0.39049,2477.3,1.0639,-2957.7,3.1181,4.3126,2.088,0.16665,-2832.7,0.67732,0.12383,-2950.1,3.1822,4.2054,2.1119,-0.22918,0.16636,117.42,5435.1
4690521762372716160,68,13.3,3,2,8.1321,4.066,0.39049,5245,1.9968,-1479.8,2.86,8.5393,1.9671,0.17491,-1311.9,0.91783,0.049012,-1473.6,3.0842,7.8156,2.0362,0.24853,0.17342,161.65,6724.8
4690521762372716160,68,13.3,3,4,16.264,4.066,0.39049,8231.8,3.9392,968.74,3.1766,16.11,2.0011,0.21923,1319.4,1.185,1.5931e-05,975.56,3.2112,15.908,2.0103,0.1107,0.21875,343.87,7263
4690521762372716160,68,13.3,3,8,32.528,4.066,0.39049,11403,8.1041,3423.9,2.6534,35.838,1.856,0.2255,3876.4,1.4373,1e-06,3430.9,2.6569,35.783,1.857,-0.0027502,0.22521,445.47,7979.1
4690521762372716160,68,13.3,3,16,65.057,4.066,0.39049,14074,14.878,6891.6,3.1415,61.062,1.9774,0.84958,7211.2,1.7662,0.00021269,6898.6,3.1425,61.041,1.9777,-0.0014339,0.84949,312.55,7182
