id,gaia,sector,noise_added,metric,prewhitened,n_pw,alpha0,nuchar,gamma,Cw,e_alpha0,e_nuchar,e_gamma,e_Cw,dBIC_vs_white,T_span,n_pts,dt_min,pass_nu,pass_bic
GAIA DR3 4685835884339219456,4685835884339219456,27,0,log,False,0,29.537,0.11045,1.389,0.12634,10.999,0.037618,0.038058,0.0020138,6068.7,24.354,3351,10,False,True
GAIA DR3 4685835884339219456,4685835884339219456,27,0,log,True,0,29.537,0.11045,1.389,0.12634,10.999,0.037618,0.038058,0.0020138,6068.7,24.354,3351,10,False,True
GAIA DR3 4685835884339219456,4685835884339219456,27,0,lin,False,0,264.82,0.02,1.3805,0.17213,88.544,0.0056659,0.018348,0.0049649,19350,24.354,3351,10,False,True
GAIA DR3 4685835884339219456,4685835884339219456,27,0,lin,True,0,264.82,0.02,1.3805,0.17213,88.544,0.0056659,0.018348,0.0049649,19350,24.354,3351,10,False,True
GAIA DR3 4685835884339219456,4685835884339219456,28,0,log,False,0,250.43,0.02,1.5615,0.13124,985.83,0.052558,0.047896,0.0012502,4399.6,25.236,3449,9.9999,False,True
GAIA DR3 4685835884339219456,4685835884339219456,28,0,log,True,0,250.43,0.02,1.5615,0.13124,985.83,0.052558,0.047896,0.0012502,4399.6,25.236,3449,9.9999,False,True
GAIA DR3 4685835884339219456,4685835884339219456,28,0,lin,False,0,685.33,0.02,1.9246,0.17555,462.92,0.0076523,0.023566,0.0031072,23468,25.236,3449,9.9999,False,True
GAIA DR3 4685835884339219456,4685835884339219456,28,0,lin,True,0,685.33,0.02,1.9246,0.17555,462.92,0.0076523,0.023566,0.0031072,23468,25.236,3449,9.9999,False,True
GAIA DR3 4685835884339219456,4685835884339219456,67,0,log,False,0,22.552,0.083913,1.3241,0.10745,10.495,0.03655,0.038813,0.0015926,5851.9,27.75,11490,3.3334,False,True
GAIA DR3 4685835884339219456,4685835884339219456,67,0,log,True,0,22.552,0.083913,1.3241,0.10745,10.495,0.03655,0.038813,0.0015926,5851.9,27.75,11490,3.3334,False,True
GAIA DR3 4685835884339219456,4685835884339219456,67,0,lin,False,0,70.196,0.056538,1.6727,0.16228,9.4123,0.006444,0.029633,0.0041711,16165,27.75,11490,3.3334,False,True
GAIA DR3 4685835884339219456,4685835884339219456,67,0,lin,True,0,70.196,0.056538,1.6727,0.16228,9.4123,0.006444,0.029633,0.0041711,16165,27.75,11490,3.3334,False,True
GAIA DR3 4685835884339219456,4685835884339219456,68,0,log,False,0,21.31,0.13519,1.3893,0.12926,6.0525,0.036575,0.036535,0.0018531,6826.5,27.525,11218,3.3333,False,True
GAIA DR3 4685835884339219456,4685835884339219456,68,0,log,True,0,21.31,0.13519,1.3893,0.12926,6.0525,0.036575,0.036535,0.0018531,6826.5,27.525,11218,3.3333,False,True
GAIA DR3 4685835884339219456,4685835884339219456,68,0,lin,False,0,23.407,0.17251,1.737,0.19082,0.62876,0.0055482,0.025154,0.0045081,18197,27.525,11218,3.3333,True,True
GAIA DR3 4685835884339219456,4685835884339219456,68,0,lin,True,0,23.407,0.17251,1.737,0.19082,0.62876,0.0055482,0.025154,0.0045081,18197,27.525,11218,3.3333,True,True
GAIA DR3 4685854571724688768,4685854571724688768,27,0,log,False,0,32.797,0.14842,1.8375,0.63452,11.848,0.043332,0.099706,0.0050936,1919.7,23.716,1000,10,False,True
GAIA DR3 4685854571724688768,4685854571724688768,27,0,log,True,0,32.797,0.14842,1.8375,0.63452,11.848,0.043332,0.099706,0.0050936,1919.7,23.716,1000,10,False,True
GAIA DR3 4685854571724688768,4685854571724688768,27,0,lin,False,0,28.981,0.17906,1.9383,0.76006,0.74337,0.0051439,0.030707,0.0057732,15887,23.716,1000,10,True,True
GAIA DR3 4685854571724688768,4685854571724688768,27,0,lin,True,0,28.981,0.17906,1.9383,0.76006,0.74337,0.0051439,0.030707,0.0057732,15887,23.716,1000,10,True,True
GAIA DR3 4685854571724688768,4685854571724688768,28,0,log,False,0,17.163,0.12073,1.3809,0.17525,6.1754,0.042216,0.049065,0.0022299,4254.8,25.236,3449,9.9999,False,True
GAIA DR3 4685854571724688768,4685854571724688768,28,0,log,True,0,17.163,0.12073,1.3809,0.17525,6.1754,0.042216,0.049065,0.0022299,4254.8,25.236,3449,9.9999,False,True
GAIA DR3 4685854571724688768,4685854571724688768,28,0,lin,False,0,21.063,0.11036,1.3551,0.20466,1.1539,0.0077997,0.022582,0.004104,14920,25.236,3449,9.9999,False,True
GAIA DR3 4685854571724688768,4685854571724688768,28,0,lin,True,0,21.063,0.11036,1.3551,0.20466,1.1539,0.0077997,0.022582,0.004104,14920,25.236,3449,9.9999,False,True
GAIA DR3 4685854571724688768,4685854571724688768,67,0,log,False,0,7.0856,0.32309,1.731,0.13615,1.0041,0.043116,0.054171,0.0012813,5195.5,27.75,11490,3.3334,True,True
GAIA DR3 4685854571724688768,4685854571724688768,67,0,log,True,0,7.0856,0.32309,1.731,0.13615,1.0041,0.043116,0.054171,0.0012813,5195.5,27.75,11490,3.3334,True,True
GAIA DR3 4685854571724688768,4685854571724688768,67,0,lin,False,0,9.1394,0.28067,1.7042,0.16353,0.17142,0.0072659,0.02534,0.0029547,17150,27.75,11490,3.3334,True,True
GAIA DR3 4685854571724688768,4685854571724688768,67,0,lin,True,0,9.1394,0.28067,1.7042,0.16353,0.17142,0.0072659,0.02534,0.0029547,17150,27.75,11490,3.3334,True,True
GAIA DR3 4685943121123943680,4685943121123943680,27,0,log,False,0,4.9207,0.17414,1.4565,0.08425,1.362,0.048258,0.05844,0.0010021,3464.9,24.354,3351,10,True,True
GAIA DR3 4685943121123943680,4685943121123943680,27,0,log,True,3,54.475,0.02,1.3946,0.084356,185.84,0.052103,0.060252,0.00093201,2782.7,24.354,3351,10,False,True
GAIA DR3 4685943121123943680,4685943121123943680,27,0,lin,False,0,38.61,0.02,1.1427,0.090336,14.204,0.0078722,0.023736,0.0023285,12292,24.354,3351,10,False,True
GAIA DR3 4685943121123943680,4685943121123943680,27,0,lin,True,3,13.462,0.079006,1.549,0.10288,0.97282,0.005868,0.023883,0.0012919,16559,24.354,3351,10,False,True
GAIA DR3 4685943121123943680,4685943121123943680,28,0,log,False,0,1.7309,0.32105,1.8357,0.072376,0.28324,0.050858,0.088799,0.00060026,2612.2,25.236,3449,9.9999,True,True
GAIA DR3 4685943121123943680,4685943121123943680,28,0,log,True,5,18.424,0.02,1.519,0.072432,101.83,0.078158,0.12121,0.00058723,1005.9,25.236,3449,9.9999,False,True
GAIA DR3 4685943121123943680,4685943121123943680,28,0,lin,False,0,7.1262,0.071923,1.1742,0.073153,1.1243,0.015144,0.03766,0.0023393,6815.6,25.236,3449,9.9999,False,True
GAIA DR3 4685943121123943680,4685943121123943680,28,0,lin,True,6,3.4197,0.19012,2.0601,0.086403,0.13819,0.0084092,0.057903,0.0012345,8542.7,25.236,3449,9.9999,True,True
GAIA DR3 4685943121123943680,4685943121123943680,67,0,log,False,0,1.306,0.69732,1.9442,0.0925,0.12249,0.069039,0.087121,0.00082346,3463.5,27.75,11490,3.3334,True,True
GAIA DR3 4685943121123943680,4685943121123943680,67,0,log,True,6,13.931,0.02,1.1734,0.088919,37.514,0.051088,0.077164,0.001144,1690.4,27.75,11490,3.3334,False,True
GAIA DR3 4685943121123943680,4685943121123943680,67,0,lin,False,0,2.1978,0.54138,1.8219,0.1091,0.054611,0.01987,0.054445,0.0022895,7203.7,27.75,11490,3.3334,True,True
GAIA DR3 4685943121123943680,4685943121123943680,67,0,lin,True,6,2.0015,0.45695,7.0753,0.12682,0.023099,0.0038145,0.3298,0.0015923,8224.2,27.75,11490,3.3334,True,True
GAIA DR3 4685943121123943680,4685943121123943680,68,0,log,False,0,2.8071,0.21885,1.4969,0.082225,0.65938,0.053906,0.068679,0.00088598,2897.5,27.525,11218,3.3333,True,True
GAIA DR3 4685943121123943680,4685943121123943680,68,0,log,True,5,9.8462,0.02,1.0534,0.079914,21.676,0.0475,0.072014,0.0013738,1872.1,27.525,11218,3.3333,False,True
GAIA DR3 4685943121123943680,4685943121123943680,68,0,lin,False,0,2.4806,0.40357,1.7824,0.1007,0.073568,0.017218,0.054521,0.0021539,6905.3,27.525,11218,3.3333,True,True
GAIA DR3 4685943121123943680,4685943121123943680,68,0,lin,True,5,2.2039,0.37123,24.628,0.11317,0.016973,0.0011452,1.6198,0.0012706,11203,27.525,11218,3.3333,True,True
GAIA DR3 4685943254211136000,4685943254211136000,27,0,log,False,0,1.4639,0.40324,1.6694,0.13577,0.23553,0.074654,0.10648,0.0012427,1743.5,24.354,3351,10,True,True
GAIA DR3 4685943254211136000,4685943254211136000,27,0,log,True,0,1.4639,0.40324,1.6694,0.13577,0.23553,0.074654,0.10648,0.0012427,1743.5,24.354,3351,10,True,True
GAIA DR3 4685943254211136000,4685943254211136000,27,0,lin,False,0,1.4194,0.56008,2.2301,0.16345,0.02745,0.014384,0.064912,0.0012936,7742.8,24.354,3351,10,True,True
GAIA DR3 4685943254211136000,4685943254211136000,27,0,lin,True,0,1.4194,0.56008,2.2301,0.16345,0.02745,0.014384,0.064912,0.0012936,7742.8,24.354,3351,10,True,True
GAIA DR3 4685943254211136000,4685943254211136000,67,0,log,False,0,4.3194,0.23313,1.7758,0.15091,0.91212,0.046064,0.087699,0.001183,2462.7,27.75,11463,3.3334,True,True
GAIA DR3 4685943254211136000,4685943254211136000,67,0,log,True,0,4.3194,0.23313,1.7758,0.15091,0.91212,0.046064,0.087699,0.001183,2462.7,27.75,11463,3.3334,True,True
GAIA DR3 4685943254211136000,4685943254211136000,67,0,lin,False,0,4.4488,0.28298,2.0774,0.18247,0.094718,0.007374,0.043713,0.0017808,12305,27.75,11463,3.3334,True,True
GAIA DR3 4685943254211136000,4685943254211136000,67,0,lin,True,0,4.4488,0.28298,2.0774,0.18247,0.094718,0.007374,0.043713,0.0017808,12305,27.75,11463,3.3334,True,True
GAIA DR3 4685943254211136000,4685943254211136000,68,0,log,False,0,2.8496,0.84446,1.7999,0.16789,0.23062,0.076007,0.066627,0.0017966,4956,27.525,11218,3.3333,True,True
GAIA DR3 4685943254211136000,4685943254211136000,68,0,log,True,0,2.8496,0.84446,1.7999,0.16789,0.23062,0.076007,0.066627,0.0017966,4956,27.525,11218,3.3333,True,True
GAIA DR3 4685943254211136000,4685943254211136000,68,0,lin,False,0,4.446,0.56359,1.4984,0.18729,0.092084,0.019273,0.031559,0.0040235,11519,27.525,11218,3.3333,True,True
GAIA DR3 4685943254211136000,4685943254211136000,68,0,lin,True,0,4.446,0.56359,1.4984,0.18729,0.092084,0.019273,0.031559,0.0040235,11519,27.525,11218,3.3333,True,True
GAIA DR3 4685945010910000640,4685945010910000640,27,0,log,False,0,0.71028,0.66349,2.2376,0.070206,0.070552,0.065454,0.1306,0.00054158,2261.5,24.354,3351,10,True,True
GAIA DR3 4685945010910000640,4685945010910000640,27,0,log,True,3,8.7978,0.02,1.1965,0.068184,27.4,0.058069,0.092919,0.00083381,1214.2,24.354,3351,10,False,True
GAIA DR3 4685945010910000640,4685945010910000640,27,0,lin,False,0,0.91734,0.71977,2.2804,0.081743,0.018434,0.019442,0.075796,0.0011157,6508.5,24.354,3351,10,True,True
GAIA DR3 4685945010910000640,4685945010910000640,27,0,lin,True,1,0.90053,0.69119,2.7446,0.083662,0.015571,0.014507,0.093411,0.00099092,6947.5,24.354,3351,10,True,True
GAIA DR3 4685945010910000640,4685945010910000640,68,0,log,False,0,0.80391,1.0049,2.4352,0.074041,0.058247,0.069673,0.11751,0.00058595,3449.7,27.525,11218,3.3333,True,True
GAIA DR3 4685945010910000640,4685945010910000640,68,0,log,True,4,1.1973,0.29372,1.4412,0.071344,0.24658,0.072158,0.082785,0.0008143,2154.3,27.525,11218,3.3333,True,True
GAIA DR3 4685945010910000640,4685945010910000640,68,0,lin,False,0,1.2962,0.87344,2.425,0.088845,0.024521,0.021783,0.083999,0.001794,6569.1,27.525,11218,3.3333,True,True
GAIA DR3 4685945010910000640,4685945010910000640,68,0,lin,True,0,1.2962,0.87344,2.425,0.088845,0.024521,0.021783,0.083999,0.001794,6569.1,27.525,11218,3.3333,True,True
GAIA DR3 4685947553531340800,4685947553531340800,27,0,log,False,0,2.1235,1.1609,2.7913,0.55825,0.16762,0.090908,0.24036,0.0040845,1419.8,24.354,3351,10,True,True
GAIA DR3 4685947553531340800,4685947553531340800,27,0,log,True,1,2.0517,1.2164,3.2103,0.55867,0.15162,0.082507,0.29495,0.0039574,1408.4,24.354,3351,10,True,True
GAIA DR3 4685947553531340800,4685947553531340800,27,0,lin,False,0,2.5909,1.0858,2.4779,0.65616,0.055451,0.030606,0.10291,0.0048605,4937.2,24.354,3351,10,True,True
GAIA DR3 4685947553531340800,4685947553531340800,27,0,lin,True,0,2.5909,1.0858,2.4779,0.65616,0.055451,0.030606,0.10291,0.0048605,4937.2,24.354,3351,10,True,True
GAIA DR3 4685947553531340800,4685947553531340800,28,0,log,False,0,1.2637,1.2697,2.2171,0.17649,0.090448,0.097723,0.11992,0.0015901,2883.5,25.236,3449,9.9999,True,True
GAIA DR3 4685947553531340800,4685947553531340800,28,0,log,True,2,35.045,0.02,1.3053,0.16905,126.32,0.060377,0.09035,0.0018346,1354.5,25.236,3449,9.9999,False,True
GAIA DR3 4685947553531340800,4685947553531340800,28,0,lin,False,0,2.0094,1.204,13.591,0.23692,0.034373,0.012138,1.5873,0.0050037,3472.4,25.236,3449,9.9999,True,True
GAIA DR3 4685947553531340800,4685947553531340800,28,0,lin,True,2,78.326,0.02,1.5321,0.20873,56.987,0.010853,0.035633,0.0017111,11455,25.236,3449,9.9999,False,True
GAIA DR3 4685947553531340800,4685947553531340800,67,0,log,False,0,2.6872,0.98635,1.969,0.17968,0.19623,0.076783,0.074659,0.0017581,4852.4,27.75,11490,3.3334,True,True
GAIA DR3 4685947553531340800,4685947553531340800,67,0,log,True,2,3.7476,0.45188,1.5328,0.17394,0.47615,0.066902,0.062187,0.0020215,4042.9,27.75,11490,3.3334,True,True
GAIA DR3 4685947553531340800,4685947553531340800,67,0,lin,False,0,4.6701,0.64364,1.4308,0.17966,0.13753,0.032402,0.043591,0.0070928,7160.8,27.75,11490,3.3334,True,True
GAIA DR3 4685947553531340800,4685947553531340800,67,0,lin,True,2,29.024,0.029578,0.97252,0.16535,5.787,0.0081947,0.020398,0.0045763,13768,27.75,11490,3.3334,False,True
GAIA DR3 4685959373284393728,4685959373284393728,28,0,log,False,0,1.1236,0.4731,2.2823,0.076519,0.13519,0.052181,0.13216,0.00056786,2181.9,25.236,3449,9.9999,True,True
GAIA DR3 4685959373284393728,4685959373284393728,28,0,log,True,1,1.1303,0.46989,2.4345,0.076862,0.1339,0.048974,0.14695,0.0005545,2101.5,25.236,3449,9.9999,True,True
GAIA DR3 4685959373284393728,4685959373284393728,28,0,lin,False,0,1.695,0.43208,2.4408,0.092293,0.036476,0.011328,0.079189,0.0013669,7025.6,25.236,3449,9.9999,True,True
GAIA DR3 4685959373284393728,4685959373284393728,28,0,lin,True,0,1.695,0.43208,2.4408,0.092293,0.036476,0.011328,0.079189,0.0013669,7025.6,25.236,3449,9.9999,True,True
GAIA DR3 4685959373284393728,4685959373284393728,67,0,log,False,0,5.9869,0.060302,1.3947,0.15768,6.6474,0.061669,0.11825,0.0013872,958.62,27.75,11443,3.3334,False,True
GAIA DR3 4685959373284393728,4685959373284393728,67,0,log,True,0,5.9869,0.060302,1.3947,0.15768,6.6474,0.061669,0.11825,0.0013872,958.62,27.75,11443,3.3334,False,True
GAIA DR3 4685959373284393728,4685959373284393728,67,0,lin,False,0,1.938,0.2899,2.7669,0.19319,0.050089,0.0077833,0.10003,0.0012025,6658,27.75,11443,3.3334,True,True
GAIA DR3 4685959373284393728,4685959373284393728,67,0,lin,True,0,1.938,0.2899,2.7669,0.19319,0.050089,0.0077833,0.10003,0.0012025,6658,27.75,11443,3.3334,True,True
GAIA DR3 4685959373284393728,4685959373284393728,68,0,log,False,0,4.0946,0.18641,1.4631,0.17453,1.1763,0.057722,0.083594,0.0017003,2017.1,27.525,11110,3.3333,True,True
GAIA DR3 4685959373284393728,4685959373284393728,68,0,log,True,0,4.0946,0.18641,1.4631,0.17453,1.1763,0.057722,0.083594,0.0017003,2017.1,27.525,11110,3.3333,True,True
GAIA DR3 4685959373284393728,4685959373284393728,68,0,lin,False,0,3.6457,0.30068,1.7926,0.21258,0.10711,0.011996,0.046099,0.0020773,8973.8,27.525,11110,3.3333,True,True
GAIA DR3 4685959373284393728,4685959373284393728,68,0,lin,True,0,3.6457,0.30068,1.7926,0.21258,0.10711,0.011996,0.046099,0.0020773,8973.8,27.525,11110,3.3333,True,True
GAIA DR3 4685972636146149504,4685972636146149504,28,0,log,False,0,5.9718,0.51911,1.6378,0.15498,0.65482,0.060546,0.051829,0.0019822,5688.5,25.236,3449,9.9999,True,True
GAIA DR3 4685972636146149504,4685972636146149504,28,0,log,True,0,5.9718,0.51911,1.6378,0.15498,0.65482,0.060546,0.051829,0.0019822,5688.5,25.236,3449,9.9999,True,True
GAIA DR3 4685972636146149504,4685972636146149504,28,0,lin,False,0,5.2691,0.86626,2.1473,0.19634,0.071667,0.016545,0.047589,0.0050051,11134,25.236,3449,9.9999,True,True
GAIA DR3 4685972636146149504,4685972636146149504,28,0,lin,True,0,5.2691,0.86626,2.1473,0.19634,0.071667,0.016545,0.047589,0.0050051,11134,25.236,3449,9.9999,True,True
GAIA DR3 4685972636146149504,4685972636146149504,67,0,log,False,0,7.7173,0.44448,1.7704,0.12436,0.7893,0.042836,0.043657,0.0012423,7676.9,27.75,11490,3.3334,True,True
GAIA DR3 4685972636146149504,4685972636146149504,67,0,log,True,1,8.545,0.36483,1.7679,0.12042,1.0265,0.040042,0.045321,0.001166,6995.4,27.75,11490,3.3334,True,True
GAIA DR3 4685972636146149504,4685972636146149504,67,0,lin,False,0,8.0633,0.52442,1.7448,0.13564,0.1363,0.013362,0.033528,0.0054617,12855,27.75,11490,3.3334,True,True
GAIA DR3 4685972636146149504,4685972636146149504,67,0,lin,True,1,8.6338,0.43094,1.8949,0.14677,0.10423,0.0073007,0.026014,0.0033852,18708,27.75,11490,3.3334,True,True
GAIA DR3 4685976621875402368,4685976621875402368,28,0,log,False,0,1.7781,0.35673,1.5733,0.082742,0.28036,0.062571,0.072453,0.00086701,3028.2,25.236,3448,9.9999,True,True
GAIA DR3 4685976621875402368,4685976621875402368,28,0,log,True,0,1.7781,0.35673,1.5733,0.082742,0.28036,0.062571,0.072453,0.00086701,3028.2,25.236,3448,9.9999,True,True
GAIA DR3 4685976621875402368,4685976621875402368,28,0,lin,False,0,2.5482,0.26536,1.457,0.096657,0.074373,0.01169,0.028079,0.0011952,12246,25.236,3448,9.9999,True,True
GAIA DR3 4685976621875402368,4685976621875402368,28,0,lin,True,0,2.5482,0.26536,1.457,0.096657,0.074373,0.01169,0.028079,0.0011952,12246,25.236,3448,9.9999,True,True
GAIA DR3 4685976621875402368,4685976621875402368,67,0,log,False,0,4.113,0.076586,1.2695,0.11745,3.0009,0.058958,0.090288,0.0013002,1413.9,27.75,11490,3.3334,False,True
GAIA DR3 4685976621875402368,4685976621875402368,67,0,log,True,0,4.113,0.076586,1.2695,0.11745,3.0009,0.058958,0.090288,0.0013002,1413.9,27.75,11490,3.3334,False,True
GAIA DR3 4685976621875402368,4685976621875402368,67,0,lin,False,0,17.937,0.02,1.2018,0.14018,10.217,0.011447,0.035248,0.0012605,8253.7,27.75,11490,3.3334,False,True
GAIA DR3 4685976621875402368,4685976621875402368,67,0,lin,True,0,17.937,0.02,1.2018,0.14018,10.217,0.011447,0.035248,0.0012605,8253.7,27.75,11490,3.3334,False,True
GAIA DR3 4685976621875402368,4685976621875402368,68,0,log,False,0,1.101,0.57995,1.7546,0.095905,0.12549,0.07551,0.091065,0.00089187,2659.1,27.525,11217,3.3333,True,True
GAIA DR3 4685976621875402368,4685976621875402368,68,0,log,True,0,1.101,0.57995,1.7546,0.095905,0.12549,0.07551,0.091065,0.00089187,2659.1,27.525,11217,3.3333,True,True
GAIA DR3 4685976621875402368,4685976621875402368,68,0,lin,False,0,2.8319,0.20467,1.2827,0.10766,0.13185,0.01492,0.029986,0.0015275,10238,27.525,11217,3.3333,True,True
GAIA DR3 4685976621875402368,4685976621875402368,68,0,lin,True,0,2.8319,0.20467,1.2827,0.10766,0.13185,0.01492,0.029986,0.0015275,10238,27.525,11217,3.3333,True,True
GAIA DR3 4685983420730442624,4685983420730442624,27,0,log,False,0,6.3409,0.30475,2.0558,0.12848,0.99776,0.039683,0.080197,0.001036,3538.3,24.354,3351,10,True,True
GAIA DR3 4685983420730442624,4685983420730442624,27,0,log,True,0,6.3409,0.30475,2.0558,0.12848,0.99776,0.039683,0.080197,0.001036,3538.3,24.354,3351,10,True,True
GAIA DR3 4685983420730442624,4685983420730442624,27,0,lin,False,0,5.2789,0.43629,2.8574,0.16037,0.051001,0.0047163,0.049586,0.0021465,15856,24.354,3351,10,True,True
GAIA DR3 4685983420730442624,4685983420730442624,27,0,lin,True,0,5.2789,0.43629,2.8574,0.16037,0.051001,0.0047163,0.049586,0.0021465,15856,24.354,3351,10,True,True
GAIA DR3 4685983420730442624,4685983420730442624,28,0,log,False,0,51.818,0.038272,1.312,0.11616,63.193,0.039951,0.044167,0.0017562,4492.8,25.236,3449,9.9999,False,True
GAIA DR3 4685983420730442624,4685983420730442624,28,0,log,True,0,51.818,0.038272,1.312,0.11616,63.193,0.039951,0.044167,0.0017562,4492.8,25.236,3449,9.9999,False,True
GAIA DR3 4685983420730442624,4685983420730442624,28,0,lin,False,0,13.222,0.18115,1.4777,0.13971,0.43948,0.0082477,0.024504,0.0036964,14683,25.236,3449,9.9999,True,True
GAIA DR3 4685983420730442624,4685983420730442624,28,0,lin,True,0,13.222,0.18115,1.4777,0.13971,0.43948,0.0082477,0.024504,0.0036964,14683,25.236,3449,9.9999,True,True
GAIA DR3 4685983420730442624,4685983420730442624,67,0,log,False,0,16.943,0.13512,1.7003,0.12653,5.154,0.032698,0.051612,0.0010489,4830.5,27.75,11490,3.3334,False,True
GAIA DR3 4685983420730442624,4685983420730442624,67,0,log,True,0,16.943,0.13512,1.7003,0.12653,5.154,0.032698,0.051612,0.0010489,4830.5,27.75,11490,3.3334,False,True
GAIA DR3 4685983420730442624,4685983420730442624,67,0,lin,False,0,8.652,0.34877,3.6342,0.17081,0.075112,0.0028409,0.066142,0.0028863,17633,27.75,11490,3.3334,True,True
GAIA DR3 4685983420730442624,4685983420730442624,67,0,lin,True,0,8.652,0.34877,3.6342,0.17081,0.075112,0.0028409,0.066142,0.0028863,17633,27.75,11490,3.3334,True,True
GAIA DR3 4685983420730442624,4685983420730442624,68,0,log,False,0,5.878,0.60307,1.5797,0.15594,0.5713,0.065421,0.047095,0.0022613,6733.9,27.525,11218,3.3333,True,True
GAIA DR3 4685983420730442624,4685983420730442624,68,0,log,True,0,5.878,0.60307,1.5797,0.15594,0.5713,0.065421,0.047095,0.0022613,6733.9,27.525,11218,3.3333,True,True
GAIA DR3 4685983420730442624,4685983420730442624,68,0,lin,False,0,74.585,0.02,0.95411,0.11009,20.83,0.0074828,0.020438,0.0090128,13603,27.525,11218,3.3333,False,True
GAIA DR3 4685983420730442624,4685983420730442624,68,0,lin,True,0,74.585,0.02,0.95411,0.11009,20.83,0.0074828,0.020438,0.0090128,13603,27.525,11218,3.3333,False,True
GAIA DR3 4685987857514223744,4685987857514223744,28,0,log,False,0,1.2505,0.43574,2.1116,0.13336,0.17918,0.062655,0.15514,0.00099933,1412,25.236,3449,9.9999,True,True
GAIA DR3 4685987857514223744,4685987857514223744,28,0,log,True,4,1.6745,0.02,0.90226,0.13059,6.5946,0.10842,0.22903,0.0023687,182.55,25.236,3449,9.9999,False,True
GAIA DR3 4685987857514223744,4685987857514223744,28,0,lin,False,0,1.7914,0.50602,2.8707,0.15983,0.039475,0.01274,0.12011,0.0019412,5249,25.236,3449,9.9999,True,True
GAIA DR3 4685987857514223744,4685987857514223744,28,0,lin,True,0,1.7914,0.50602,2.8707,0.15983,0.039475,0.01274,0.12011,0.0019412,5249,25.236,3449,9.9999,True,True
GAIA DR3 4686408111398825728,4686408111398825728,27,0,log,False,0,0.66042,0.76273,2.2112,0.070606,0.061256,0.07207,0.12662,0.00056623,2372.6,24.354,3350,10,True,True
GAIA DR3 4686408111398825728,4686408111398825728,27,0,log,True,0,0.66042,0.76273,2.2112,0.070606,0.061256,0.07207,0.12662,0.00056623,2372.6,24.354,3350,10,True,True
GAIA DR3 4686408111398825728,4686408111398825728,27,0,lin,False,0,1.2578,0.39334,1.7305,0.082962,0.032253,0.014706,0.04384,0.00090799,8630.1,24.354,3350,10,True,True
GAIA DR3 4686408111398825728,4686408111398825728,27,0,lin,True,0,1.2578,0.39334,1.7305,0.082962,0.032253,0.014706,0.04384,0.00090799,8630.1,24.354,3350,10,True,True
GAIA DR3 4686408111398825728,4686408111398825728,28,0,log,False,0,1.559,0.61609,2.1565,0.097856,0.1545,0.058766,0.10202,0.00078843,3091.2,25.236,3430,9.9999,True,True
GAIA DR3 4686408111398825728,4686408111398825728,28,0,log,True,0,1.559,0.61609,2.1565,0.097856,0.1545,0.058766,0.10202,0.00078843,3091.2,25.236,3430,9.9999,True,True
GAIA DR3 4686408111398825728,4686408111398825728,28,0,lin,False,0,2.9737,0.3059,1.4717,0.10756,0.076007,0.012044,0.027483,0.0015078,12661,25.236,3430,9.9999,True,True
GAIA DR3 4686408111398825728,4686408111398825728,28,0,lin,True,0,2.9737,0.3059,1.4717,0.10756,0.076007,0.012044,0.027483,0.0015078,12661,25.236,3430,9.9999,True,True
GAIA DR3 4686408111398825728,4686408111398825728,68,0,log,False,0,3.7135,0.64802,1.2896,0.095555,0.39997,0.094712,0.04528,0.0029175,6864.7,27.525,11215,3.3333,True,True
GAIA DR3 4686408111398825728,4686408111398825728,68,0,log,True,0,3.7135,0.64802,1.2896,0.095555,0.39997,0.094712,0.04528,0.0029175,6864.7,27.525,11215,3.3333,True,True
GAIA DR3 4686408111398825728,4686408111398825728,68,0,lin,False,0,15.493,0.092465,0.86768,0.022416,1.689,0.019308,0.026591,0.012351,9817,27.525,11215,3.3333,False,True
GAIA DR3 4686408111398825728,4686408111398825728,68,0,lin,True,0,15.493,0.092465,0.86768,0.022416,1.689,0.019308,0.026591,0.012351,9817,27.525,11215,3.3333,False,True
GAIA DR3 4686410550940229888,4686410550940229888,27,0,log,False,0,0.35081,0.5872,3.3208,0.084986,0.041286,0.059067,0.4353,0.00059013,693.3,24.354,3351,10,True,True
GAIA DR3 4686410550940229888,4686410550940229888,27,0,log,True,1,0.4405,0.41047,2.7252,0.085065,0.070984,0.060027,0.34546,0.00059495,606.59,24.354,3351,10,True,True
GAIA DR3 4686410550940229888,4686410550940229888,27,0,lin,False,0,0.51965,0.426,1.8602,0.09944,0.022705,0.02636,0.090211,0.00072314,3252.2,24.354,3351,10,True,True
GAIA DR3 4686410550940229888,4686410550940229888,27,0,lin,True,1,0.5284,0.37544,2.1097,0.10042,0.022017,0.020187,0.10532,0.00063305,3287.8,24.354,3351,10,True,True
GAIA DR3 4686410550940229888,4686410550940229888,28,0,log,False,0,0.11094,0.70728,2.6289,0.059079,0.015154,0.10371,0.42797,0.00039331,382.81,25.236,3449,9.9999,True,True
GAIA DR3 4686410550940229888,4686410550940229888,28,0,log,True,0,0.11094,0.70728,2.6289,0.059079,0.015154,0.10371,0.42797,0.00039331,382.81,25.236,3449,9.9999,True,True
GAIA DR3 4686410550940229888,4686410550940229888,28,0,lin,False,0,0.1157,0.75402,2.996,0.069498,0.0054871,0.041768,0.30938,0.00039085,1104.3,25.236,3449,9.9999,True,True
GAIA DR3 4686410550940229888,4686410550940229888,28,0,lin,True,0,0.1157,0.75402,2.996,0.069498,0.0054871,0.041768,0.30938,0.00039085,1104.3,25.236,3449,9.9999,True,True
GAIA DR3 4686410550940229888,4686410550940229888,68,0,log,False,0,2.5759,0.80383,1.6884,0.086407,0.20546,0.070961,0.05,0.0011576,7000,27.525,11073,3.3333,True,True
GAIA DR3 4686410550940229888,4686410550940229888,68,0,log,True,0,2.5759,0.80383,1.6884,0.086407,0.20546,0.070961,0.05,0.0011576,7000,27.525,11073,3.3333,True,True
GAIA DR3 4686410550940229888,4686410550940229888,68,0,lin,False,0,10.247,0.12411,1.0396,0.062325,0.62739,0.01284,0.020895,0.0045396,13736,27.525,11073,3.3333,False,True
GAIA DR3 4686410550940229888,4686410550940229888,68,0,lin,True,0,10.247,0.12411,1.0396,0.062325,0.62739,0.01284,0.020895,0.0045396,13736,27.525,11073,3.3333,False,True
GAIA DR3 4686410688379157888,4686410688379157888,27,0,log,False,0,0.39967,0.29203,2.2399,0.067431,0.091819,0.064604,0.2791,0.00046087,538.24,24.354,3350,10,True,True
GAIA DR3 4686410688379157888,4686410688379157888,27,0,log,True,0,0.39967,0.29203,2.2399,0.067431,0.091819,0.064604,0.2791,0.00046087,538.24,24.354,3350,10,True,True
GAIA DR3 4686410688379157888,4686410688379157888,27,0,lin,False,0,0.39524,0.33204,3.4807,0.08002,0.012716,0.010135,0.21945,0.00044626,2966.8,24.354,3350,10,True,True
GAIA DR3 4686410688379157888,4686410688379157888,27,0,lin,True,0,0.39524,0.33204,3.4807,0.08002,0.012716,0.010135,0.21945,0.00044626,2966.8,24.354,3350,10,True,True
GAIA DR3 4686410688379157888,4686410688379157888,28,0,log,False,0,0.32173,0.32466,1.5971,0.066525,0.082265,0.10351,0.18431,0.00058025,570.11,25.236,3449,9.9999,True,True
GAIA DR3 4686410688379157888,4686410688379157888,28,0,log,True,0,0.32173,0.32466,1.5971,0.066525,0.082265,0.10351,0.18431,0.00058025,570.11,25.236,3449,9.9999,True,True
GAIA DR3 4686410688379157888,4686410688379157888,28,0,lin,False,0,0.61579,0.17202,1.3732,0.078663,0.074976,0.029958,0.076272,0.00060812,2579.6,25.236,3449,9.9999,True,True
GAIA DR3 4686410688379157888,4686410688379157888,28,0,lin,True,0,0.61579,0.17202,1.3732,0.078663,0.074976,0.029958,0.076272,0.00060812,2579.6,25.236,3449,9.9999,True,True
GAIA DR3 4686410688379157888,4686410688379157888,68,0,log,False,0,0.27878,0.87087,1.9889,0.068097,0.028385,0.10616,0.1575,0.00055032,1373.6,27.525,11206,3.3333,True,True
GAIA DR3 4686410688379157888,4686410688379157888,68,0,log,True,0,0.27878,0.87087,1.9889,0.068097,0.028385,0.10616,0.1575,0.00055032,1373.6,27.525,11206,3.3333,True,True
GAIA DR3 4686410688379157888,4686410688379157888,68,0,lin,False,0,1.1823,0.14863,1.1737,0.07711,0.11344,0.022422,0.04283,0.00087298,5619.7,27.525,11206,3.3333,False,True
GAIA DR3 4686410688379157888,4686410688379157888,68,0,lin,True,0,1.1823,0.14863,1.1737,0.07711,0.11344,0.022422,0.04283,0.00087298,5619.7,27.525,11206,3.3333,False,True
GAIA DR3 4686410997616777984,4686410997616777984,27,0,log,False,0,0.1412,1.6266,3.2661,0.051766,0.0099349,0.10805,0.32846,0.00038963,1240.5,24.354,3351,10,True,True
GAIA DR3 4686410997616777984,4686410997616777984,27,0,log,True,4,0.33471,0.42898,2.445,0.05135,0.050532,0.061578,0.24501,0.00036424,871.6,24.354,3351,10,True,True
GAIA DR3 4686410997616777984,4686410997616777984,27,0,lin,False,0,1.7304,0.047804,0.88601,0.052666,0.62517,0.029055,0.055327,0.0016116,3022.6,24.354,3351,10,False,True
GAIA DR3 4686410997616777984,4686410997616777984,27,0,lin,True,3,0.73085,0.21493,1.8544,0.060999,0.040623,0.014602,0.072532,0.00045137,4886.7,24.354,3351,10,True,True
GAIA DR3 4686410997616777984,4686410997616777984,28,0,log,False,0,0.10384,2.5473,4.3437,0.054766,0.005658,0.116,0.48302,0.00038834,1344.2,25.236,3449,9.9999,True,True
GAIA DR3 4686410997616777984,4686410997616777984,28,0,log,True,3,0.58643,0.18007,1.5075,0.054227,0.22065,0.075404,0.1417,0.00047216,810.4,25.236,3449,9.9999,True,True
GAIA DR3 4686410997616777984,4686410997616777984,28,0,lin,False,0,0.77211,0.14745,0.87759,0.053784,0.139,0.053898,0.059983,0.0018803,2778,25.236,3449,9.9999,False,True
GAIA DR3 4686410997616777984,4686410997616777984,28,0,lin,True,2,0.65987,0.21133,1.4823,0.06381,0.046944,0.021342,0.05979,0.00051733,4396.6,25.236,3449,9.9999,True,True
GAIA DR3 4686410997616777984,4686410997616777984,68,0,log,False,0,0.30683,0.9556,2.0549,0.057058,0.027155,0.097012,0.13532,0.00047117,1957.2,27.525,11192,3.3333,True,True
GAIA DR3 4686410997616777984,4686410997616777984,68,0,log,True,2,0.40324,0.50447,1.6779,0.056644,0.057002,0.08705,0.11724,0.00050199,1569,27.525,11192,3.3333,True,True
GAIA DR3 4686410997616777984,4686410997616777984,68,0,lin,False,0,0.36964,1.0951,1.9398,0.065894,0.009194,0.040599,0.075574,0.00077584,5079.9,27.525,11192,3.3333,True,True
GAIA DR3 4686410997616777984,4686410997616777984,68,0,lin,True,2,0.40655,0.69914,2.7521,0.069557,0.007352,0.015337,0.098416,0.00047271,6690.4,27.525,11192,3.3333,True,True
GAIA DR3 4686413230999834496,4686413230999834496,27,0,log,False,0,0.61261,0.45733,1.5337,0.12609,0.11674,0.11631,0.14861,0.0012645,853.86,24.354,3350,10,True,True
GAIA DR3 4686413230999834496,4686413230999834496,27,0,log,True,0,0.61261,0.45733,1.5337,0.12609,0.11674,0.11631,0.14861,0.0012645,853.86,24.354,3350,10,True,True
GAIA DR3 4686413230999834496,4686413230999834496,27,0,lin,False,0,1.0815,0.27205,1.3765,0.14805,0.074604,0.029564,0.060968,0.0012789,3729.4,24.354,3350,10,True,True
GAIA DR3 4686413230999834496,4686413230999834496,27,0,lin,True,0,1.0815,0.27205,1.3765,0.14805,0.074604,0.029564,0.060968,0.0012789,3729.4,24.354,3350,10,True,True
GAIA DR3 4686413437158238208,4686413437158238208,27,0,log,False,0,8.6274,0.54026,2.6332,0.13978,0.78189,0.035498,0.081941,0.0010523,5671.4,24.354,3351,10,True,True
GAIA DR3 4686413437158238208,4686413437158238208,27,0,log,True,2,8.2404,0.57338,2.8009,0.14009,0.70438,0.034522,0.089596,0.0010256,5686.3,24.354,3351,10,True,True
GAIA DR3 4686413437158238208,4686413437158238208,27,0,lin,False,0,8.8741,0.64025,3.3871,0.17439,0.070945,0.0055224,0.064064,0.0047081,15727,24.354,3351,10,True,True
GAIA DR3 4686413437158238208,4686413437158238208,27,0,lin,True,2,8.8569,0.64168,3.4253,0.17201,0.069997,0.0054412,0.064738,0.0046793,15818,24.354,3351,10,True,True
GAIA DR3 4686413437158238208,4686413437158238208,28,0,log,False,0,10.373,0.52526,2.1519,0.26112,0.98627,0.043133,0.068093,0.0020761,5369.2,25.236,3449,9.9999,True,True
GAIA DR3 4686413437158238208,4686413437158238208,28,0,log,True,0,10.373,0.52526,2.1519,0.26112,0.98627,0.043133,0.068093,0.0020761,5369.2,25.236,3449,9.9999,True,True
GAIA DR3 4686413437158238208,4686413437158238208,28,0,lin,False,0,12.742,0.50184,2.1673,0.30844,0.15854,0.008309,0.037874,0.0065547,14473,25.236,3449,9.9999,True,True
GAIA DR3 4686413437158238208,4686413437158238208,28,0,lin,True,0,12.742,0.50184,2.1673,0.30844,0.15854,0.008309,0.037874,0.0065547,14473,25.236,3449,9.9999,True,True
GAIA DR3 4686413437158238208,4686413437158238208,68,0,log,False,0,11.428,0.54571,1.5687,0.17238,1.1144,0.056606,0.038504,0.0028188,8621.6,27.525,11214,3.3333,True,True
GAIA DR3 4686413437158238208,4686413437158238208,68,0,log,True,0,11.428,0.54571,1.5687,0.17238,1.1144,0.056606,0.038504,0.0028188,8621.6,27.525,11214,3.3333,True,True
GAIA DR3 4686413437158238208,4686413437158238208,68,0,lin,False,0,26.401,0.20254,1.204,0.14731,0.94986,0.011946,0.020925,0.011608,14939,27.525,11214,3.3333,True,True
GAIA DR3 4686413437158238208,4686413437158238208,68,0,lin,True,0,26.401,0.20254,1.204,0.14731,0.94986,0.011946,0.020925,0.011608,14939,27.525,11214,3.3333,True,True
GAIA DR3 4686413540237697408,4686413540237697408,28,0,log,False,0,0.77181,1.2241,2.9264,0.21871,0.059279,0.091552,0.26287,0.0015852,1370.8,25.236,3449,9.9999,True,True
GAIA DR3 4686413540237697408,4686413540237697408,28,0,log,True,0,0.77181,1.2241,2.9264,0.21871,0.059279,0.091552,0.26287,0.0015852,1370.8,25.236,3449,9.9999,True,True
GAIA DR3 4686413540237697408,4686413540237697408,28,0,lin,False,0,3.0498,0.19191,1.1792,0.24382,0.24015,0.024927,0.042845,0.0027748,5529.7,25.236,3449,9.9999,True,True
GAIA DR3 4686413540237697408,4686413540237697408,28,0,lin,True,0,3.0498,0.19191,1.1792,0.24382,0.24015,0.024927,0.042845,0.0027748,5529.7,25.236,3449,9.9999,True,True
GAIA DR3 4686413810818254464,4686413810818254464,27,0,log,False,0,0.46604,0.27838,1.8302,0.071863,0.12294,0.079409,0.20596,0.00055776,592.58,24.354,3350,10,True,True
GAIA DR3 4686413810818254464,4686413810818254464,27,0,log,True,0,0.46604,0.27838,1.8302,0.071863,0.12294,0.079409,0.20596,0.00055776,592.58,24.354,3350,10,True,True
GAIA DR3 4686413810818254464,4686413810818254464,27,0,lin,False,0,0.51307,0.32369,1.9898,0.08516,0.024639,0.020149,0.098472,0.000558,3276.2,24.354,3350,10,True,True
GAIA DR3 4686413810818254464,4686413810818254464,27,0,lin,True,0,0.51307,0.32369,1.9898,0.08516,0.024639,0.020149,0.098472,0.000558,3276.2,24.354,3350,10,True,True
GAIA DR3 4686413810818254464,4686413810818254464,28,0,log,False,0,0.36401,0.21946,1.5496,0.06359,0.13758,0.098283,0.20123,0.00054501,439.55,25.236,3449,9.9999,True,True
GAIA DR3 4686413810818254464,4686413810818254464,28,0,log,True,0,0.36401,0.21946,1.5496,0.06359,0.13758,0.098283,0.20123,0.00054501,439.55,25.236,3449,9.9999,True,True
GAIA DR3 4686413810818254464,4686413810818254464,28,0,lin,False,0,0.43874,0.24183,1.7212,0.075835,0.036291,0.026506,0.10241,0.00049163,2301.6,25.236,3449,9.9999,True,True
GAIA DR3 4686413810818254464,4686413810818254464,28,0,lin,True,0,0.43874,0.24183,1.7212,0.075835,0.036291,0.026506,0.10241,0.00049163,2301.6,25.236,3449,9.9999,True,True
GAIA DR3 4686413810818254464,4686413810818254464,68,0,log,False,0,2.4583,0.28045,1.4597,0.090902,0.44242,0.056893,0.062171,0.00099745,3519.6,27.525,11215,3.3333,True,True
GAIA DR3 4686413810818254464,4686413810818254464,68,0,log,True,0,2.4583,0.28045,1.4597,0.090902,0.44242,0.056893,0.062171,0.00099745,3519.6,27.525,11215,3.3333,True,True
GAIA DR3 4686413810818254464,4686413810818254464,68,0,lin,False,0,3.8303,0.18535,1.3418,0.10532,0.13813,0.0099006,0.023111,0.0013007,14681,27.525,11215,3.3333,True,True
GAIA DR3 4686413810818254464,4686413810818254464,68,0,lin,True,0,3.8303,0.18535,1.3418,0.10532,0.13813,0.0099006,0.023111,0.0013007,14681,27.525,11215,3.3333,True,True
GAIA DR3 4686414467950355072,4686414467950355072,27,0,log,False,0,4.9643,0.29508,1.7988,0.20359,0.87877,0.050706,0.088876,0.0016948,2490.8,24.354,3350,10,True,True
GAIA DR3 4686414467950355072,4686414467950355072,27,0,log,True,0,4.9643,0.29508,1.7988,0.20359,0.87877,0.050706,0.088876,0.0016948,2490.8,24.354,3350,10,True,True
GAIA DR3 4686414467950355072,4686414467950355072,27,0,lin,False,0,5.5307,0.32822,2.0392,0.24389,0.11132,0.0084654,0.043856,0.0026062,11187,24.354,3350,10,True,True
GAIA DR3 4686414467950355072,4686414467950355072,27,0,lin,True,0,5.5307,0.32822,2.0392,0.24389,0.11132,0.0084654,0.043856,0.0026062,11187,24.354,3350,10,True,True
GAIA DR3 4686414467950355072,4686414467950355072,68,0,log,False,0,3.124,0.56876,1.5041,0.13116,0.34663,0.07585,0.056666,0.0018778,4873.1,27.525,11210,3.3333,True,True
GAIA DR3 4686414467950355072,4686414467950355072,68,0,log,True,0,3.124,0.56876,1.5041,0.13116,0.34663,0.07585,0.056666,0.0018778,4873.1,27.525,11210,3.3333,True,True
GAIA DR3 4686414467950355072,4686414467950355072,68,0,lin,False,0,35.682,0.02,0.92568,0.11436,8.9996,0.0070195,0.018838,0.0045624,14754,27.525,11210,3.3333,False,True
GAIA DR3 4686414467950355072,4686414467950355072,68,0,lin,True,0,35.682,0.02,0.92568,0.11436,8.9996,0.0070195,0.018838,0.0045624,14754,27.525,11210,3.3333,False,True
GAIA DR3 4686417148009897344,4686417148009897344,27,0,log,False,0,0.85601,0.43517,1.9652,0.060615,0.11752,0.060157,0.11286,0.00049266,2081.5,24.354,3351,10,True,True
GAIA DR3 4686417148009897344,4686417148009897344,27,0,log,True,0,0.85601,0.43517,1.9652,0.060615,0.11752,0.060157,0.11286,0.00049266,2081.5,24.354,3351,10,True,True
GAIA DR3 4686417148009897344,4686417148009897344,27,0,lin,False,0,1.3598,0.28352,1.6153,0.070261,0.040554,0.012104,0.036522,0.00070914,9985.7,24.354,3351,10,True,True
GAIA DR3 4686417148009897344,4686417148009897344,27,0,lin,True,0,1.3598,0.28352,1.6153,0.070261,0.040554,0.012104,0.036522,0.00070914,9985.7,24.354,3351,10,True,True
GAIA DR3 4686417148009897344,4686417148009897344,28,0,log,False,0,1.4547,0.5982,1.7045,0.066446,0.14749,0.066655,0.063526,0.00071822,4532.8,25.236,3449,9.9999,True,True
GAIA DR3 4686417148009897344,4686417148009897344,28,0,log,True,0,1.4547,0.5982,1.7045,0.066446,0.14749,0.066655,0.063526,0.00071822,4532.8,25.236,3449,9.9999,True,True
GAIA DR3 4686417148009897344,4686417148009897344,28,0,lin,False,0,2.269,0.36717,1.4511,0.075609,0.050666,0.013126,0.026042,0.0013046,13263,25.236,3449,9.9999,True,True
GAIA DR3 4686417148009897344,4686417148009897344,28,0,lin,True,0,2.269,0.36717,1.4511,0.075609,0.050666,0.013126,0.026042,0.0013046,13263,25.236,3449,9.9999,True,True
GAIA DR3 4686417148009897344,4686417148009897344,68,0,log,False,0,1.7402,0.50833,1.3293,0.067129,0.21372,0.082182,0.05152,0.0012724,5235.8,27.525,11218,3.3333,True,True
GAIA DR3 4686417148009897344,4686417148009897344,68,0,log,True,0,1.7402,0.50833,1.3293,0.067129,0.21372,0.082182,0.05152,0.0012724,5235.8,27.525,11218,3.3333,True,True
GAIA DR3 4686417148009897344,4686417148009897344,68,0,lin,False,0,3.0825,0.27956,1.1654,0.073936,0.12145,0.019529,0.027026,0.0024798,10896,27.525,11218,3.3333,True,True
GAIA DR3 4686417148009897344,4686417148009897344,68,0,lin,True,0,3.0825,0.27956,1.1654,0.073936,0.12145,0.019529,0.027026,0.0024798,10896,27.525,11218,3.3333,True,True
GAIA DR3 4687158592506675328,4687158592506675328,27,0,log,False,0,10.227,0.10252,1.2739,0.07778,4.2028,0.042944,0.043936,0.0013202,4807.3,24.354,3351,10,False,True
GAIA DR3 4687158592506675328,4687158592506675328,27,0,log,True,0,10.227,0.10252,1.2739,0.07778,4.2028,0.042944,0.043936,0.0013202,4807.3,24.354,3351,10,False,True
GAIA DR3 4687158592506675328,4687158592506675328,27,0,lin,False,0,48.594,0.02,1.1518,0.091521,11.756,0.0051264,0.015516,0.0018447,18958,24.354,3351,10,False,True
GAIA DR3 4687158592506675328,4687158592506675328,27,0,lin,True,0,48.594,0.02,1.1518,0.091521,11.756,0.0051264,0.015516,0.0018447,18958,24.354,3351,10,False,True
GAIA DR3 4687158592506675328,4687158592506675328,68,0,log,False,0,6.7205,0.56193,1.3919,0.12452,0.6864,0.069612,0.038944,0.0028247,8248.1,27.525,11208,3.3333,True,True
GAIA DR3 4687158592506675328,4687158592506675328,68,0,log,True,0,6.7205,0.56193,1.3919,0.12452,0.6864,0.069612,0.038944,0.0028247,8248.1,27.525,11208,3.3333,True,True
GAIA DR3 4687158592506675328,4687158592506675328,68,0,lin,False,0,24.303,0.087313,0.93135,0.048342,2.0356,0.012907,0.020349,0.011231,13660,27.525,11208,3.3333,False,True
GAIA DR3 4687158592506675328,4687158592506675328,68,0,lin,True,0,24.303,0.087313,0.93135,0.048342,2.0356,0.012907,0.020349,0.011231,13660,27.525,11208,3.3333,False,True
GAIA DR3 4687159868124113152,4687159868124113152,27,0,log,False,0,51.248,0.02,0.78595,0.083302,58.374,0.034263,0.042062,0.015099,6315.3,24.354,3351,10,False,True
GAIA DR3 4687159868124113152,4687159868124113152,27,0,log,True,0,51.248,0.02,0.78595,0.083302,58.374,0.034263,0.042062,0.015099,6315.3,24.354,3351,10,False,True
GAIA DR3 4687159868124113152,4687159868124113152,27,0,lin,False,0,36.233,0.10357,1.1187,0.26752,2.4041,0.010452,0.021059,0.01101,13392,24.354,3351,10,False,True
GAIA DR3 4687159868124113152,4687159868124113152,27,0,lin,True,0,36.233,0.10357,1.1187,0.26752,2.4041,0.010452,0.021059,0.01101,13392,24.354,3351,10,False,True
GAIA DR3 4687159868124113152,4687159868124113152,28,0,log,False,0,24.394,1.415,2.4587,0.90335,1.4537,0.074034,0.076652,0.0094856,6524.8,25.236,3444,9.9999,True,True
GAIA DR3 4687159868124113152,4687159868124113152,28,0,log,True,1,19.944,1.5108,2.5182,0.81295,1.1459,0.076014,0.08033,0.0084089,6449.9,25.236,3444,9.9999,True,True
GAIA DR3 4687159868124113152,4687159868124113152,28,0,lin,False,0,94.593,0.28712,1.3348,0.82984,2.5825,0.012724,0.023676,0.048799,13609,25.236,3444,9.9999,True,True
GAIA DR3 4687159868124113152,4687159868124113152,28,0,lin,True,0,94.593,0.28712,1.3348,0.82984,2.5825,0.012724,0.023676,0.048799,13609,25.236,3444,9.9999,True,True
GAIA DR3 4687159868124113152,4687159868124113152,68,0,log,False,0,14.623,0.76329,1.6803,0.39477,1.1841,0.067098,0.046466,0.0055201,7599,27.525,11217,3.3333,True,True
GAIA DR3 4687159868124113152,4687159868124113152,68,0,log,True,0,14.623,0.76329,1.6803,0.39477,1.1841,0.067098,0.046466,0.0055201,7599,27.525,11217,3.3333,True,True
GAIA DR3 4687159868124113152,4687159868124113152,68,0,lin,False,0,75.837,0.053133,0.87005,0.095966,7.7365,0.0094698,0.016851,0.024976,16554,27.525,11217,3.3333,False,True
GAIA DR3 4687159868124113152,4687159868124113152,68,0,lin,True,0,75.837,0.053133,0.87005,0.095966,7.7365,0.0094698,0.016851,0.024976,16554,27.525,11217,3.3333,False,True
GAIA DR3 4687161895348646400,4687161895348646400,27,0,log,False,0,0.63456,1.0027,3.284,0.09628,0.047151,0.062869,0.24738,0.00069264,1974.4,24.354,3351,10,True,True
GAIA DR3 4687161895348646400,4687161895348646400,27,0,log,True,1,0.68476,0.73631,2.3404,0.095343,0.068014,0.073821,0.16355,0.0007348,1727.8,24.354,3351,10,True,True
GAIA DR3 4687161895348646400,4687161895348646400,27,0,lin,False,0,0.6882,1.202,6.2162,0.11605,0.0088806,0.013047,0.33115,0.0011184,6484.1,24.354,3351,10,True,True
GAIA DR3 4687161895348646400,4687161895348646400,27,0,lin,True,0,0.6882,1.202,6.2162,0.11605,0.0088806,0.013047,0.33115,0.0011184,6484.1,24.354,3351,10,True,True
GAIA DR3 4687161929708394752,4687161929708394752,27,0,log,False,0,0.40986,0.96015,1.7584,0.074857,0.04215,0.1255,0.12234,0.00081274,1769.5,24.354,3351,10,True,True
GAIA DR3 4687161929708394752,4687161929708394752,27,0,log,True,6,0.71552,0.22244,1.815,0.076353,0.22058,0.069499,0.18721,0.00058778,680.08,24.354,3351,10,True,True
GAIA DR3 4687161929708394752,4687161929708394752,27,0,lin,False,0,0.47314,1.5436,2.5724,0.0908,0.013158,0.055842,0.15045,0.0015152,2927.8,24.354,3351,10,True,True
GAIA DR3 4687161929708394752,4687161929708394752,27,0,lin,True,6,8.8653,0.02,1.2834,0.089066,8.5093,0.017792,0.056365,0.00072705,4339.1,24.354,3351,10,False,True
GAIA DR3 4687161929708394752,4687161929708394752,68,0,log,False,0,5.3263,2.2441,2.4197,0.20906,0.2081,0.080691,0.056316,0.0023443,10860,27.525,11099,3.3333,True,True
GAIA DR3 4687161929708394752,4687161929708394752,68,0,log,True,2,3.6591,2.5644,2.5153,0.16411,0.1356,0.086833,0.060871,0.0018601,10639,27.525,11099,3.3333,True,True
GAIA DR3 4687161929708394752,4687161929708394752,68,0,lin,False,0,28.613,0.17775,0.94255,1e-07,1.6433,0.019977,0.022859,0.02463,12365,27.525,11099,3.3333,True,True
GAIA DR3 4687161929708394752,4687161929708394752,68,0,lin,True,0,28.613,0.17775,0.94255,1e-07,1.6433,0.019977,0.022859,0.02463,12365,27.525,11099,3.3333,True,True
GAIA DR3 4687162582543422080,4687162582543422080,27,0,log,False,0,4.1112,0.02,1.0461,0.098953,13.482,0.073377,0.13903,0.0014614,535,24.354,3350,10,False,True
GAIA DR3 4687162582543422080,4687162582543422080,27,0,log,True,1,8.0816,0.02,1.3295,0.10127,42.236,0.087535,0.1674,0.00094998,463.46,24.354,3350,10,False,True
GAIA DR3 4687162582543422080,4687162582543422080,27,0,lin,False,0,5.5612,0.02,1.0798,0.11882,6.2189,0.025675,0.075231,0.0013909,2008.6,24.354,3350,10,False,True
GAIA DR3 4687162582543422080,4687162582543422080,27,0,lin,True,1,8.9671,0.02,1.3221,0.12026,11.999,0.023915,0.076517,0.00086491,2737.1,24.354,3350,10,False,True
GAIA DR3 4687162582543422080,4687162582543422080,68,0,log,False,0,5.8205,1.1049,2.0371,0.22972,0.37262,0.070371,0.059767,0.0024574,7087.7,27.525,10560,3.3333,True,True
GAIA DR3 4687162582543422080,4687162582543422080,68,0,log,True,0,5.8205,1.1049,2.0371,0.22972,0.37262,0.070371,0.059767,0.0024574,7087.7,27.525,10560,3.3333,True,True
GAIA DR3 4687162582543422080,4687162582543422080,68,0,lin,False,0,9.4045,0.72999,1.5275,0.22071,0.15914,0.020532,0.029528,0.009238,12986,27.525,10560,3.3333,True,True
GAIA DR3 4687162582543422080,4687162582543422080,68,0,lin,True,0,9.4045,0.72999,1.5275,0.22071,0.15914,0.020532,0.029528,0.009238,12986,27.525,10560,3.3333,True,True
GAIA DR3 4687164055705068288,4687164055705068288,27,0,log,False,0,54.908,0.02,1.6328,0.10122,339.28,0.079917,0.10504,0.00081817,1374.4,24.354,3351,10,False,True
GAIA DR3 4687164055705068288,4687164055705068288,27,0,log,True,0,54.908,0.02,1.6328,0.10122,339.28,0.079917,0.10504,0.00081817,1374.4,24.354,3351,10,False,True
GAIA DR3 4687164055705068288,4687164055705068288,27,0,lin,False,0,85.066,0.02,1.7815,0.12173,73.937,0.010802,0.034621,0.00084731,14747,24.354,3351,10,False,True
GAIA DR3 4687164055705068288,4687164055705068288,27,0,lin,True,0,85.066,0.02,1.7815,0.12173,73.937,0.010802,0.034621,0.00084731,14747,24.354,3351,10,False,True
GAIA DR3 4687164055705068288,4687164055705068288,28,0,log,False,0,104.43,0.18767,1.0972,0.1784,24.423,0.054869,0.030438,0.024293,9543.6,25.048,3422,9.9999,True,True
GAIA DR3 4687164055705068288,4687164055705068288,28,0,log,True,0,104.43,0.18767,1.0972,0.1784,24.423,0.054869,0.030438,0.024293,9543.6,25.048,3422,9.9999,True,True
GAIA DR3 4687164055705068288,4687164055705068288,28,0,lin,False,0,107.33,0.24594,1.1601,0.31284,3.4813,0.013918,0.020411,0.059608,14410,25.048,3422,9.9999,True,True
GAIA DR3 4687164055705068288,4687164055705068288,28,0,lin,True,0,107.33,0.24594,1.1601,0.31284,3.4813,0.013918,0.020411,0.059608,14410,25.048,3422,9.9999,True,True
GAIA DR3 4687164055705068288,4687164055705068288,68,0,log,False,0,2.5473,0.72731,1.6477,0.12129,0.23333,0.076856,0.059637,0.001534,5156,27.525,11218,3.3333,True,True
GAIA DR3 4687164055705068288,4687164055705068288,68,0,log,True,0,2.5473,0.72731,1.6477,0.12129,0.23333,0.076856,0.059637,0.001534,5156,27.525,11218,3.3333,True,True
GAIA DR3 4687164055705068288,4687164055705068288,68,0,lin,False,0,37.417,0.02,0.94364,0.10323,10.471,0.0076024,0.020632,0.0048008,13398,27.525,11218,3.3333,False,True
GAIA DR3 4687164055705068288,4687164055705068288,68,0,lin,True,0,37.417,0.02,0.94364,0.10323,10.471,0.0076024,0.020632,0.0048008,13398,27.525,11218,3.3333,False,True
GAIA DR3 4687165125163949952,4687165125163949952,27,0,log,False,0,0.51256,0.73373,2.5454,0.063954,0.047134,0.063879,0.17006,0.00046338,1954.7,24.354,3351,10,True,True
GAIA DR3 4687165125163949952,4687165125163949952,27,0,log,True,0,0.51256,0.73373,2.5454,0.063954,0.047134,0.063879,0.17006,0.00046338,1954.7,24.354,3351,10,True,True
GAIA DR3 4687165125163949952,4687165125163949952,27,0,lin,False,0,0.59682,0.74529,2.6816,0.075634,0.0090651,0.014002,0.079634,0.0006076,8305.3,24.354,3351,10,True,True
GAIA DR3 4687165125163949952,4687165125163949952,27,0,lin,True,0,0.59682,0.74529,2.6816,0.075634,0.0090651,0.014002,0.079634,0.0006076,8305.3,24.354,3351,10,True,True
GAIA DR3 4687165125163949952,4687165125163949952,68,0,log,False,0,0.35703,1.1212,2.9042,0.069449,0.025334,0.074556,0.20862,0.00048386,2025.5,27.525,11215,3.3333,True,True
GAIA DR3 4687165125163949952,4687165125163949952,68,0,log,True,0,0.35703,1.1212,2.9042,0.069449,0.025334,0.074556,0.20862,0.00048386,2025.5,27.525,11215,3.3333,True,True
GAIA DR3 4687165125163949952,4687165125163949952,68,0,lin,False,0,0.49988,0.82273,1.9134,0.080333,0.010235,0.025048,0.056568,0.00066492,7529.7,27.525,11215,3.3333,True,True
GAIA DR3 4687165125163949952,4687165125163949952,68,0,lin,True,0,0.49988,0.82273,1.9134,0.080333,0.010235,0.025048,0.056568,0.00066492,7529.7,27.525,11215,3.3333,True,True
GAIA DR3 4687165709279578368,4687165709279578368,27,0,log,False,0,0.43414,0.60334,2.1684,0.094399,0.055273,0.084079,0.20252,0.00069769,973.36,24.354,3351,10,True,True
GAIA DR3 4687165709279578368,4687165709279578368,27,0,log,True,0,0.43414,0.60334,2.1684,0.094399,0.055273,0.084079,0.20252,0.00069769,973.36,24.354,3351,10,True,True
GAIA DR3 4687165709279578368,4687165709279578368,27,0,lin,False,0,0.67224,0.43553,1.7254,0.10927,0.027117,0.026049,0.072129,0.00086938,4084.7,24.354,3351,10,True,True
GAIA DR3 4687165709279578368,4687165709279578368,27,0,lin,True,0,0.67224,0.43553,1.7254,0.10927,0.027117,0.026049,0.072129,0.00086938,4084.7,24.354,3351,10,True,True
GAIA DR3 4687165709279578368,4687165709279578368,28,0,log,False,0,3.4345,0.45023,1.4982,0.10958,0.43375,0.065397,0.053661,0.0015129,4901.6,25.236,3449,9.9999,True,True
GAIA DR3 4687165709279578368,4687165709279578368,28,0,log,True,0,3.4345,0.45023,1.4982,0.10958,0.43375,0.065397,0.053661,0.0015129,4901.6,25.236,3449,9.9999,True,True
GAIA DR3 4687165709279578368,4687165709279578368,28,0,lin,False,0,9.4102,0.15643,1.2738,0.12537,0.46397,0.011456,0.025562,0.0034624,12040,25.236,3449,9.9999,True,True
GAIA DR3 4687165709279578368,4687165709279578368,28,0,lin,True,0,9.4102,0.15643,1.2738,0.12537,0.46397,0.011456,0.025562,0.0034624,12040,25.236,3449,9.9999,True,True
GAIA DR3 4687165709279578368,4687165709279578368,68,0,log,False,0,1.3048,0.65335,1.8284,0.072904,0.12228,0.065582,0.071558,0.00068786,4277.2,27.525,11217,3.3333,True,True
GAIA DR3 4687165709279578368,4687165709279578368,68,0,log,True,0,1.3048,0.65335,1.8284,0.072904,0.12228,0.065582,0.071558,0.00068786,4277.2,27.525,11217,3.3333,True,True
GAIA DR3 4687165709279578368,4687165709279578368,68,0,lin,False,0,2.707,0.23457,1.1864,0.073479,0.088737,0.013089,0.020639,0.0013792,15051,27.525,11217,3.3333,True,True
GAIA DR3 4687165709279578368,4687165709279578368,68,0,lin,True,0,2.707,0.23457,1.1864,0.073479,0.088737,0.013089,0.020639,0.0013792,15051,27.525,11217,3.3333,True,True
GAIA DR3 4687167152388524032,4687167152388524032,27,0,log,False,0,0.88689,0.72496,3.0641,0.10936,0.077353,0.053433,0.22714,0.00075521,1851.6,24.354,3351,10,True,True
GAIA DR3 4687167152388524032,4687167152388524032,27,0,log,True,0,0.88689,0.72496,3.0641,0.10936,0.077353,0.053433,0.22714,0.00075521,1851.6,24.354,3351,10,True,True
GAIA DR3 4687167152388524032,4687167152388524032,27,0,lin,False,0,1.0779,0.68049,2.7112,0.12826,0.016159,0.012446,0.078781,0.0010087,8581.1,24.354,3351,10,True,True
GAIA DR3 4687167152388524032,4687167152388524032,27,0,lin,True,0,1.0779,0.68049,2.7112,0.12826,0.016159,0.012446,0.078781,0.0010087,8581.1,24.354,3351,10,True,True
GAIA DR3 4687167152388524032,4687167152388524032,28,0,log,False,0,7.6838,0.43882,1.4068,0.13035,0.93962,0.062177,0.040667,0.0025751,7129.8,25.236,3448,9.9999,True,True
GAIA DR3 4687167152388524032,4687167152388524032,28,0,log,True,0,7.6838,0.43882,1.4068,0.13035,0.93962,0.062177,0.040667,0.0025751,7129.8,25.236,3448,9.9999,True,True
GAIA DR3 4687167152388524032,4687167152388524032,28,0,lin,False,0,11.376,0.3357,1.3707,0.15591,0.28207,0.013621,0.024772,0.0065634,13275,25.236,3448,9.9999,True,True
GAIA DR3 4687167152388524032,4687167152388524032,28,0,lin,True,0,11.376,0.3357,1.3707,0.15591,0.28207,0.013621,0.024772,0.0065634,13275,25.236,3448,9.9999,True,True
GAIA DR3 4687167152388524032,4687167152388524032,68,0,log,False,0,0.98953,0.6754,1.7631,0.10835,0.10219,0.082251,0.094123,0.00098854,2628.5,27.525,11218,3.3333,True,True
GAIA DR3 4687167152388524032,4687167152388524032,68,0,log,True,0,0.98953,0.6754,1.7631,0.10835,0.10219,0.082251,0.094123,0.00098854,2628.5,27.525,11218,3.3333,True,True
GAIA DR3 4687167152388524032,4687167152388524032,68,0,lin,False,0,4.4248,0.082555,1.0115,0.1115,0.47823,0.014317,0.026386,0.0019182,10166,27.525,11218,3.3333,False,True
GAIA DR3 4687167152388524032,4687167152388524032,68,0,lin,True,0,4.4248,0.082555,1.0115,0.1115,0.47823,0.014317,0.026386,0.0019182,10166,27.525,11218,3.3333,False,True
GAIA DR3 4687426087389568768,4687426087389568768,28,0,log,False,0,0.66962,1.0019,2.7027,0.11987,0.056011,0.0809,0.20646,0.00092431,1675.4,25.236,3449,9.9999,True,True
GAIA DR3 4687426087389568768,4687426087389568768,28,0,log,True,5,0.83232,0.4575,2.1074,0.12045,0.12746,0.073058,0.18627,0.00093369,1017.2,25.236,3449,9.9999,True,True
GAIA DR3 4687426087389568768,4687426087389568768,28,0,lin,False,0,0.80516,1.0967,2.5368,0.14283,0.016382,0.029046,0.10245,0.0014571,5272.6,25.236,3449,9.9999,True,True
GAIA DR3 4687426087389568768,4687426087389568768,28,0,lin,True,0,0.80516,1.0967,2.5368,0.14283,0.016382,0.029046,0.10245,0.0014571,5272.6,25.236,3449,9.9999,True,True
GAIA DR3 4687426087389568768,4687426087389568768,67,0,log,False,0,0.69718,0.74775,2.1702,0.097306,0.065168,0.074067,0.13479,0.00072646,2106.8,27.75,11490,3.3334,True,True
GAIA DR3 4687426087389568768,4687426087389568768,67,0,log,True,0,0.69718,0.74775,2.1702,0.097306,0.065168,0.074067,0.13479,0.00072646,2106.8,27.75,11490,3.3334,True,True
GAIA DR3 4687426087389568768,4687426087389568768,67,0,lin,False,0,14.277,0.02,1.0795,0.10703,6.7214,0.01081,0.031609,0.0015004,8495.6,27.75,11490,3.3334,False,True
GAIA DR3 4687426087389568768,4687426087389568768,67,0,lin,True,0,14.277,0.02,1.0795,0.10703,6.7214,0.01081,0.031609,0.0015004,8495.6,27.75,11490,3.3334,False,True
GAIA DR3 4687426087389568768,4687426087389568768,68,0,log,False,0,0.86323,0.52719,2.0185,0.10651,0.10375,0.067657,0.13327,0.00078491,1747.9,27.525,11217,3.3333,True,True
GAIA DR3 4687426087389568768,4687426087389568768,68,0,log,True,1,1.0083,0.43011,1.978,0.10678,0.13951,0.062164,0.13164,0.00077687,1663.8,27.525,11217,3.3333,True,True
GAIA DR3 4687426087389568768,4687426087389568768,68,0,lin,False,0,1.8273,0.23579,1.3535,0.11967,0.091342,0.018266,0.038882,0.001267,7588.7,27.525,11217,3.3333,True,True
GAIA DR3 4687426087389568768,4687426087389568768,68,0,lin,True,0,1.8273,0.23579,1.3535,0.11967,0.091342,0.018266,0.038882,0.001267,7588.7,27.525,11217,3.3333,True,True
GAIA DR3 4687437254305162880,4687437254305162880,27,0,log,False,0,1.1981,0.8173,2.2897,0.070914,0.09769,0.062464,0.09758,0.00059501,3825.7,24.354,3351,10,True,True
GAIA DR3 4687437254305162880,4687437254305162880,27,0,log,True,2,0.73543,1.2522,2.6841,0.070984,0.046737,0.072751,0.12886,0.00056632,3667.3,24.354,3351,10,True,True
GAIA DR3 4687437254305162880,4687437254305162880,27,0,lin,False,0,2.9996,0.36046,1.6318,0.079297,0.096534,0.01726,0.046612,0.0023959,7267.4,24.354,3351,10,True,True
GAIA DR3 4687437254305162880,4687437254305162880,27,0,lin,True,0,2.9996,0.36046,1.6318,0.079297,0.096534,0.01726,0.046612,0.0023959,7267.4,24.354,3351,10,True,True
GAIA DR3 4687437254305162880,4687437254305162880,28,0,log,False,0,2.691,0.64486,2.4403,0.084426,0.21975,0.043505,0.083376,0.0006269,5195.2,25.236,3449,9.9999,True,True
GAIA DR3 4687437254305162880,4687437254305162880,28,0,log,True,0,2.691,0.64486,2.4403,0.084426,0.21975,0.043505,0.083376,0.0006269,5195.2,25.236,3449,9.9999,True,True
GAIA DR3 4687437254305162880,4687437254305162880,28,0,lin,False,0,4.7225,0.39852,1.8587,0.093802,0.097109,0.011489,0.041003,0.0028389,10609,25.236,3449,9.9999,True,True
GAIA DR3 4687437254305162880,4687437254305162880,28,0,lin,True,0,4.7225,0.39852,1.8587,0.093802,0.097109,0.011489,0.041003,0.0028389,10609,25.236,3449,9.9999,True,True
GAIA DR3 4687437254305162880,4687437254305162880,67,0,log,False,0,9.6786,0.30868,2.0106,0.096336,1.282,0.032256,0.051545,0.00076882,6527.7,27.75,11490,3.3334,True,True
GAIA DR3 4687437254305162880,4687437254305162880,67,0,log,True,0,9.6786,0.30868,2.0106,0.096336,1.282,0.032256,0.051545,0.00076882,6527.7,27.75,11490,3.3334,True,True
GAIA DR3 4687437254305162880,4687437254305162880,67,0,lin,False,0,13.778,0.28125,2.5927,0.13349,0.18573,0.0040563,0.044391,0.0040308,16764,27.75,11490,3.3334,True,True
GAIA DR3 4687437254305162880,4687437254305162880,67,0,lin,True,1,13.749,0.28197,2.6069,0.13317,0.18367,0.0040201,0.044595,0.0040199,16807,27.75,11490,3.3334,True,True
GAIA DR3 4687437254305162880,4687437254305162880,68,0,log,False,0,2.7855,0.58365,1.8923,0.076196,0.25474,0.05143,0.056137,0.00072303,6158.1,27.525,11218,3.3333,True,True
GAIA DR3 4687437254305162880,4687437254305162880,68,0,log,True,0,2.7855,0.58365,1.8923,0.076196,0.25474,0.05143,0.056137,0.00072303,6158.1,27.525,11218,3.3333,True,True
GAIA DR3 4687437254305162880,4687437254305162880,68,0,lin,False,0,5.2993,0.3015,1.5236,0.085088,0.1183,0.010114,0.025371,0.0022766,14950,27.525,11218,3.3333,True,True
GAIA DR3 4687437254305162880,4687437254305162880,68,0,lin,True,0,5.2993,0.3015,1.5236,0.085088,0.1183,0.010114,0.025371,0.0022766,14950,27.525,11218,3.3333,True,True
GAIA DR3 4687478138084449536,4687478138084449536,67,0,log,False,0,5.3308,0.60316,2.6983,0.2477,0.45221,0.041285,0.1185,0.0016729,3858.6,27.75,11490,3.3334,True,True
GAIA DR3 4687478138084449536,4687478138084449536,67,0,log,True,0,5.3308,0.60316,2.6983,0.2477,0.45221,0.041285,0.1185,0.0016729,3858.6,27.75,11490,3.3334,True,True
GAIA DR3 4687478138084449536,4687478138084449536,67,0,lin,False,0,11.119,0.29612,1.6922,0.2717,0.23373,0.0087288,0.029024,0.0043727,14682,27.75,11490,3.3334,True,True
GAIA DR3 4687478138084449536,4687478138084449536,67,0,lin,True,0,11.119,0.29612,1.6922,0.2717,0.23373,0.0087288,0.029024,0.0043727,14682,27.75,11490,3.3334,True,True
GAIA DR3 4687479173187523584,4687479173187523584,28,0,log,False,0,2.6546,0.51834,1.7015,0.11429,0.30073,0.063406,0.065985,0.0012037,4125.5,25.236,3449,9.9999,True,True
GAIA DR3 4687479173187523584,4687479173187523584,28,0,log,True,0,2.6546,0.51834,1.7015,0.11429,0.30073,0.063406,0.065985,0.0012037,4125.5,25.236,3449,9.9999,True,True
GAIA DR3 4687479173187523584,4687479173187523584,28,0,lin,False,0,9.1533,0.09545,1.1057,0.11433,0.61761,0.0097341,0.019793,0.0025202,14461,25.236,3449,9.9999,False,True
GAIA DR3 4687479173187523584,4687479173187523584,28,0,lin,True,0,9.1533,0.09545,1.1057,0.11433,0.61761,0.0097341,0.019793,0.0025202,14461,25.236,3449,9.9999,False,True
GAIA DR3 4687479173187523584,4687479173187523584,67,0,log,False,0,2.1967,0.44008,1.6141,0.11139,0.28742,0.064718,0.069907,0.0011553,3488,27.75,11490,3.3334,True,True
GAIA DR3 4687479173187523584,4687479173187523584,67,0,log,True,0,2.1967,0.44008,1.6141,0.11139,0.28742,0.064718,0.069907,0.0011553,3488,27.75,11490,3.3334,True,True
GAIA DR3 4687479173187523584,4687479173187523584,67,0,lin,False,0,5.1451,0.1561,1.2395,0.12492,0.22304,0.010272,0.021581,0.0017171,14843,27.75,11490,3.3334,True,True
GAIA DR3 4687479173187523584,4687479173187523584,67,0,lin,True,0,5.1451,0.1561,1.2395,0.12492,0.22304,0.010272,0.021581,0.0017171,14843,27.75,11490,3.3334,True,True
GAIA DR3 4687479173187523584,4687479173187523584,68,0,log,False,0,10.3,0.59387,1.2769,0.19459,1.16,0.089169,0.042226,0.0068042,7454.6,27.525,11218,3.3333,True,True
GAIA DR3 4687479173187523584,4687479173187523584,68,0,log,True,0,10.3,0.59387,1.2769,0.19459,1.16,0.089169,0.042226,0.0068042,7454.6,27.525,11218,3.3333,True,True
GAIA DR3 4687479173187523584,4687479173187523584,68,0,lin,False,0,63.703,0.045588,0.83711,1.0001e-07,10.703,0.013653,0.024792,0.031669,10619,27.525,11218,3.3333,False,True
GAIA DR3 4687479173187523584,4687479173187523584,68,0,lin,True,0,63.703,0.045588,0.83711,1.0001e-07,10.703,0.013653,0.024792,0.031669,10619,27.525,11218,3.3333,False,True
GAIA DR3 4687485387976612736,4687485387976612736,28,0,log,False,0,3.0632,0.36245,1.9337,0.18463,0.48971,0.056904,0.11316,0.001512,1951,25.236,3449,9.9999,True,True
GAIA DR3 4687485387976612736,4687485387976612736,28,0,log,True,0,3.0632,0.36245,1.9337,0.18463,0.48971,0.056904,0.11316,0.001512,1951,25.236,3449,9.9999,True,True
GAIA DR3 4687485387976612736,4687485387976612736,28,0,lin,False,0,4.7479,0.24871,1.7277,0.21998,0.14257,0.00994,0.038268,0.0020262,10605,25.236,3449,9.9999,True,True
GAIA DR3 4687485387976612736,4687485387976612736,28,0,lin,True,0,4.7479,0.24871,1.7277,0.21998,0.14257,0.00994,0.038268,0.0020262,10605,25.236,3449,9.9999,True,True
GAIA DR3 4687485387976612736,4687485387976612736,67,0,log,False,0,34.002,0.1342,1.341,0.31708,10.424,0.041519,0.042766,0.004575,5381.5,27.75,11490,3.3334,False,True
GAIA DR3 4687485387976612736,4687485387976612736,67,0,log,True,0,34.002,0.1342,1.341,0.31708,10.424,0.041519,0.042766,0.004575,5381.5,27.75,11490,3.3334,False,True
GAIA DR3 4687485387976612736,4687485387976612736,67,0,lin,False,0,271.49,0.02,1.2399,0.39078,78.884,0.005618,0.017526,0.0081626,19414,27.75,11490,3.3334,False,True
GAIA DR3 4687485387976612736,4687485387976612736,67,0,lin,True,0,271.49,0.02,1.2399,0.39078,78.884,0.005618,0.017526,0.0081626,19414,27.75,11490,3.3334,False,True
GAIA DR3 4687485387976612736,4687485387976612736,68,0,log,False,0,10.705,0.65334,1.5846,0.32457,0.98239,0.068034,0.047909,0.0046207,6730.4,27.525,11218,3.3333,True,True
GAIA DR3 4687485387976612736,4687485387976612736,68,0,log,True,0,10.705,0.65334,1.5846,0.32457,0.98239,0.068034,0.047909,0.0046207,6730.4,27.525,11218,3.3333,True,True
GAIA DR3 4687485387976612736,4687485387976612736,68,0,lin,False,0,29.046,0.16629,1.0807,0.27124,1.2457,0.012294,0.018851,0.013164,15710,27.525,11218,3.3333,True,True
GAIA DR3 4687485387976612736,4687485387976612736,68,0,lin,True,0,29.046,0.16629,1.0807,0.27124,1.2457,0.012294,0.018851,0.013164,15710,27.525,11218,3.3333,True,True
GAIA DR3 4687485491055825536,4687485491055825536,27,0,log,False,0,5.4591,0.25667,1.5922,0.0891,0.97632,0.044477,0.051663,0.00096525,4801.1,24.354,3351,10,True,True
GAIA DR3 4687485491055825536,4687485491055825536,27,0,log,True,1,7.0236,0.18854,1.5427,0.089251,1.642,0.041445,0.050755,0.00096904,4581.4,24.354,3351,10,True,True
GAIA DR3 4687485491055825536,4687485491055825536,27,0,lin,False,0,4.1805,0.49665,3.5792,0.12887,0.046055,0.0055509,0.092542,0.0025338,11401,24.354,3351,10,True,True
GAIA DR3 4687485491055825536,4687485491055825536,27,0,lin,True,4,4.1707,0.4889,4.266,0.12626,0.039748,0.0043168,0.11146,0.0023651,12292,24.354,3351,10,True,True
GAIA DR3 4687485491055825536,4687485491055825536,28,0,log,False,0,20.324,0.13906,1.7319,0.088294,6.0909,0.031688,0.04531,0.00083268,5651.2,25.236,3449,9.9999,False,True
GAIA DR3 4687485491055825536,4687485491055825536,28,0,log,True,1,37.103,0.08267,1.653,0.087487,20.381,0.032837,0.043465,0.00085988,5469.1,25.236,3449,9.9999,False,True
GAIA DR3 4687485491055825536,4687485491055825536,28,0,lin,False,0,17.523,0.19156,1.9536,0.11217,0.34817,0.004333,0.025822,0.0031152,19360,25.236,3449,9.9999,True,True
GAIA DR3 4687485491055825536,4687485491055825536,28,0,lin,True,1,16.807,0.20151,2.042,0.11257,0.29842,0.0040173,0.026489,0.0030014,19839,25.236,3449,9.9999,True,True
GAIA DR3 4687485491055825536,4687485491055825536,67,0,log,False,0,16.891,0.28058,2.1242,0.12041,2.3704,0.028708,0.052098,0.00091661,6787.9,27.75,11490,3.3334,True,True
GAIA DR3 4687485491055825536,4687485491055825536,67,0,log,True,0,16.891,0.28058,2.1242,0.12041,2.3704,0.028708,0.052098,0.00091661,6787.9,27.75,11490,3.3334,True,True
GAIA DR3 4687485491055825536,4687485491055825536,67,0,lin,False,0,17.267,0.32318,2.4176,0.15012,0.19296,0.0041724,0.034717,0.0049207,19361,27.75,11490,3.3334,True,True
GAIA DR3 4687485491055825536,4687485491055825536,67,0,lin,True,0,17.267,0.32318,2.4176,0.15012,0.19296,0.0041724,0.034717,0.0049207,19361,27.75,11490,3.3334,True,True
GAIA DR3 4687485491055825536,4687485491055825536,68,0,log,False,0,4.071,0.5647,1.5709,0.11331,0.39859,0.061826,0.046501,0.0015189,6749.7,27.525,11218,3.3333,True,True
GAIA DR3 4687485491055825536,4687485491055825536,68,0,log,True,0,4.071,0.5647,1.5709,0.11331,0.39859,0.061826,0.046501,0.0015189,6749.7,27.525,11218,3.3333,True,True
GAIA DR3 4687485491055825536,4687485491055825536,68,0,lin,False,0,6.3061,0.37167,1.4385,0.13307,0.12559,0.011932,0.022993,0.0032924,15680,27.525,11218,3.3333,True,True
GAIA DR3 4687485491055825536,4687485491055825536,68,0,lin,True,0,6.3061,0.37167,1.4385,0.13307,0.12559,0.011932,0.022993,0.0032924,15680,27.525,11218,3.3333,True,True
GAIA DR3 4687487213367243392,4687487213367243392,27,0,log,False,0,1.6094,0.85671,1.711,0.16959,0.1564,0.10176,0.090217,0.0019493,2818.5,24.354,3351,10,True,True
GAIA DR3 4687487213367243392,4687487213367243392,27,0,log,True,3,3.1663,0.27235,1.3844,0.16865,0.6952,0.072439,0.07816,0.0021009,2252.2,24.354,3351,10,True,True
GAIA DR3 4687487213367243392,4687487213367243392,27,0,lin,False,0,3.3704,0.37907,1.1526,0.17108,0.1641,0.034276,0.039183,0.0051116,6386.9,24.354,3351,10,True,True
GAIA DR3 4687487213367243392,4687487213367243392,27,0,lin,True,3,3.1162,0.39225,1.6345,0.20495,0.083517,0.015837,0.040781,0.0023231,8737.9,24.354,3351,10,True,True
GAIA DR3 4687487213367243392,4687487213367243392,28,0,log,False,0,0.6166,1.7132,5.7712,0.10114,0.028812,0.050031,0.4534,0.00068773,3064.4,25.236,3449,9.9999,True,True
GAIA DR3 4687487213367243392,4687487213367243392,28,0,log,True,4,1.082,0.58805,1.9703,0.0997,0.12059,0.069564,0.1105,0.00082765,2303.1,25.236,3449,9.9999,True,True
GAIA DR3 4687487213367243392,4687487213367243392,28,0,lin,False,0,0.78857,1.8193,30,0.12183,0.0083762,0.0079692,3.4367,0.0016406,6756.6,25.236,3449,9.9999,True,True
GAIA DR3 4687487213367243392,4687487213367243392,28,0,lin,True,1,0.78937,1.8192,30,0.12089,0.008331,0.0079176,3.4146,0.0016317,6820.2,25.236,3449,9.9999,True,True
GAIA DR3 4687487213367243392,4687487213367243392,67,0,log,False,0,15.226,0.39278,2.1932,0.16996,1.6597,0.03285,0.056387,0.0013128,6782.8,27.75,11490,3.3334,True,True
GAIA DR3 4687487213367243392,4687487213367243392,67,0,log,True,0,15.226,0.39278,2.1932,0.16996,1.6597,0.03285,0.056387,0.0013128,6782.8,27.75,11490,3.3334,True,True
GAIA DR3 4687487213367243392,4687487213367243392,67,0,lin,False,0,31.038,0.23185,2.0073,0.20973,0.62159,0.0055023,0.032729,0.0081351,16474,27.75,11490,3.3334,True,True
GAIA DR3 4687487213367243392,4687487213367243392,67,0,lin,True,0,31.038,0.23185,2.0073,0.20973,0.62159,0.0055023,0.032729,0.0081351,16474,27.75,11490,3.3334,True,True
GAIA DR3 4687487213367243392,4687487213367243392,68,0,log,False,0,0.98338,0.83741,2.0257,0.095262,0.084835,0.077599,0.10011,0.00082894,3077.8,27.525,11217,3.3333,True,True
GAIA DR3 4687487213367243392,4687487213367243392,68,0,log,True,1,1.1015,0.68448,1.8697,0.09467,0.10977,0.075386,0.092298,0.00086209,2959.8,27.525,11217,3.3333,True,True
GAIA DR3 4687487213367243392,4687487213367243392,68,0,lin,False,0,1.5773,0.62754,1.6799,0.10903,0.036233,0.022562,0.045334,0.0017672,8281.7,27.525,11217,3.3333,True,True
GAIA DR3 4687487213367243392,4687487213367243392,68,0,lin,True,1,1.5772,0.60631,1.8078,0.11179,0.033,0.019029,0.047077,0.0015633,8762.3,27.525,11217,3.3333,True,True
GAIA DR3 4687487900566335744,4687487900566335744,27,0,log,False,0,0.32876,1.6117,4.1839,0.089054,0.019708,0.076563,0.39302,0.00064032,1719.1,24.354,3351,10,True,True
GAIA DR3 4687487900566335744,4687487900566335744,27,0,log,True,3,0.68187,0.3368,1.6073,0.086862,0.14785,0.0872,0.13861,0.00080927,994.68,24.354,3351,10,True,True
GAIA DR3 4687487900566335744,4687487900566335744,27,0,lin,False,0,0.47906,1.5229,30,0.10886,0.0074969,0.0098036,5.05,0.001334,3649.3,24.354,3351,10,True,True
GAIA DR3 4687487900566335744,4687487900566335744,27,0,lin,True,2,0.6133,0.59826,1.7145,0.1016,0.020288,0.030522,0.066778,0.00094136,4615,24.354,3351,10,True,True
GAIA DR3 4687487900566335744,4687487900566335744,28,0,log,False,0,0.26285,1.629,3.6187,0.074907,0.015554,0.083568,0.30549,0.00051825,1857.2,25.236,3449,9.9999,True,True
GAIA DR3 4687487900566335744,4687487900566335744,28,0,log,True,3,0.71658,0.31198,1.6432,0.073946,0.14392,0.071499,0.12033,0.00061567,1326.6,25.236,3449,9.9999,True,True
GAIA DR3 4687487900566335744,4687487900566335744,28,0,lin,False,0,0.35618,1.7101,12.223,0.090041,0.0060526,0.018146,1.3455,0.0010571,3548.4,25.236,3449,9.9999,True,True
GAIA DR3 4687487900566335744,4687487900566335744,28,0,lin,True,1,0.96567,0.25311,1.3889,0.084971,0.053687,0.02173,0.047537,0.00081976,5676.8,25.236,3449,9.9999,True,True
GAIA DR3 4687487900566335744,4687487900566335744,67,0,log,False,0,5.7747,0.40228,2.3793,0.092023,0.6353,0.033354,0.0753,0.00066661,5288.5,27.75,11488,3.3334,True,True
GAIA DR3 4687487900566335744,4687487900566335744,67,0,log,True,1,6.4025,0.36126,2.3106,0.092251,0.7639,0.032455,0.072078,0.00066889,5254.5,27.75,11488,3.3334,True,True
GAIA DR3 4687487900566335744,4687487900566335744,67,0,lin,False,0,10.644,0.25445,2.0625,0.11044,0.18618,0.005322,0.03266,0.002917,16991,27.75,11488,3.3334,True,True
GAIA DR3 4687487900566335744,4687487900566335744,67,0,lin,True,0,10.644,0.25445,2.0625,0.11044,0.18618,0.005322,0.03266,0.002917,16991,27.75,11488,3.3334,True,True
GAIA DR3 4687487900566335744,4687487900566335744,68,0,log,False,0,0.73954,0.80273,1.863,0.10647,0.070389,0.090227,0.10895,0.00092766,2323.4,27.525,11213,3.3333,True,True
GAIA DR3 4687487900566335744,4687487900566335744,68,0,log,True,2,1.3991,0.28259,1.3463,0.10392,0.29998,0.077578,0.082842,0.0012173,2037,27.525,11213,3.3333,True,True
GAIA DR3 4687487900566335744,4687487900566335744,68,0,lin,False,0,1.2255,0.52201,1.4331,0.11872,0.039124,0.02802,0.043365,0.001581,7072.8,27.525,11213,3.3333,True,True
GAIA DR3 4687487900566335744,4687487900566335744,68,0,lin,True,1,1.3531,0.41202,1.4717,0.12223,0.043212,0.021221,0.04065,0.0012905,7924.7,27.525,11213,3.3333,True,True
GAIA DR3 4687499720314663296,4687499720314663296,28,0,log,False,0,0.59535,0.3752,1.6911,0.066987,0.10812,0.078529,0.12706,0.00059215,1283.1,25.236,3449,9.9999,True,True
GAIA DR3 4687499720314663296,4687499720314663296,28,0,log,True,0,0.59535,0.3752,1.6911,0.066987,0.10812,0.078529,0.12706,0.00059215,1283.1,25.236,3449,9.9999,True,True
GAIA DR3 4687499720314663296,4687499720314663296,28,0,lin,False,0,1.0265,0.24381,1.5702,0.079794,0.050767,0.017009,0.051527,0.00069891,6060.9,25.236,3449,9.9999,True,True
GAIA DR3 4687499720314663296,4687499720314663296,28,0,lin,True,0,1.0265,0.24381,1.5702,0.079794,0.050767,0.017009,0.051527,0.00069891,6060.9,25.236,3449,9.9999,True,True
GAIA DR3 4687499720314663296,4687499720314663296,67,0,log,False,0,12.639,0.11687,1.6309,0.074601,4.4908,0.033176,0.047861,0.00067384,5073.6,27.75,11490,3.3334,False,True
GAIA DR3 4687499720314663296,4687499720314663296,67,0,log,True,0,12.639,0.11687,1.6309,0.074601,4.4908,0.033176,0.047861,0.00067384,5073.6,27.75,11490,3.3334,False,True
GAIA DR3 4687499720314663296,4687499720314663296,67,0,lin,False,0,7.0239,0.28028,2.4241,0.097594,0.10617,0.0047131,0.042945,0.0021762,15817,27.75,11490,3.3334,True,True
GAIA DR3 4687499720314663296,4687499720314663296,67,0,lin,True,0,7.0239,0.28028,2.4241,0.097594,0.10617,0.0047131,0.042945,0.0021762,15817,27.75,11490,3.3334,True,True
GAIA DR3 4687499720314663296,4687499720314663296,68,0,log,False,0,0.79128,0.45395,1.6773,0.069189,0.10852,0.071848,0.093798,0.00062347,2269.9,27.525,11218,3.3333,True,True
GAIA DR3 4687499720314663296,4687499720314663296,68,0,log,True,0,0.79128,0.45395,1.6773,0.069189,0.10852,0.071848,0.093798,0.00062347,2269.9,27.525,11218,3.3333,True,True
GAIA DR3 4687499720314663296,4687499720314663296,68,0,lin,False,0,1.4081,0.25046,1.3718,0.079374,0.056428,0.015595,0.033261,0.00085258,9575.7,27.525,11218,3.3333,True,True
GAIA DR3 4687499720314663296,4687499720314663296,68,0,lin,True,0,1.4081,0.25046,1.3718,0.079374,0.056428,0.015595,0.033261,0.00085258,9575.7,27.525,11218,3.3333,True,True
GAIA DR3 4687501953697501568,4687501953697501568,27,0,log,False,0,1.6982,0.57107,1.9263,0.063593,0.17548,0.05778,0.071882,0.00060464,4260.2,24.354,3351,10,True,True
GAIA DR3 4687501953697501568,4687501953697501568,27,0,log,True,2,0.4998,0.72198,1.8099,0.061649,0.054785,0.093197,0.11052,0.00060025,2065.6,24.354,3351,10,True,True
GAIA DR3 4687501953697501568,4687501953697501568,27,0,lin,False,0,2.1457,0.75035,7.2255,0.089343,0.03267,0.0087054,0.4859,0.0031969,4950.6,24.354,3351,10,True,True
GAIA DR3 4687501953697501568,4687501953697501568,27,0,lin,True,2,1.439,0.42451,2.1854,0.077291,0.034009,0.012966,0.06835,0.0011659,6955.8,24.354,3351,10,True,True
GAIA DR3 4687501953697501568,4687501953697501568,28,0,log,False,0,1.7474,0.68511,2.5389,0.080006,0.14532,0.048056,0.10565,0.00059441,4030.7,25.236,3449,9.9999,True,True
GAIA DR3 4687501953697501568,4687501953697501568,28,0,log,True,1,0.89061,0.63328,2.1731,0.07803,0.090544,0.064083,0.12014,0.00061297,2432.4,25.236,3449,9.9999,True,True
GAIA DR3 4687501953697501568,4687501953697501568,28,0,lin,False,0,2.5217,0.62979,14.938,0.10915,0.031833,0.0043034,1.3017,0.003199,5704.1,25.236,3449,9.9999,True,True
GAIA DR3 4687501953697501568,4687501953697501568,28,0,lin,True,13,2.4611,0.65978,13.15,0.10089,0.030673,0.0047344,1.0527,0.003116,5930.7,25.236,3449,9.9999,True,True
GAIA DR3 4687501953697501568,4687501953697501568,67,0,log,False,0,1.8314,0.56683,2.0224,0.080596,0.17837,0.053064,0.077418,0.00066128,4239.7,27.75,11490,3.3334,True,True
GAIA DR3 4687501953697501568,4687501953697501568,67,0,log,True,1,1.2038,0.4455,1.8173,0.078203,0.15471,0.060434,0.090134,0.00065609,2715.9,27.75,11490,3.3334,True,True
GAIA DR3 4687501953697501568,4687501953697501568,67,0,lin,False,0,2.2907,0.66679,11.37,0.11157,0.028518,0.0051052,0.83177,0.002848,6246.2,27.75,11490,3.3334,True,True
GAIA DR3 4687501953697501568,4687501953697501568,67,0,lin,True,10,1.7045,0.3883,1.8925,0.094195,0.037556,0.011817,0.044976,0.0010674,10044,27.75,11490,3.3334,True,True
GAIA DR3 4687501953697501568,4687501953697501568,68,0,log,False,0,1.7972,0.6202,1.6791,0.070067,0.17437,0.06616,0.057392,0.00081257,5345.9,27.525,11218,3.3333,True,True
GAIA DR3 4687501953697501568,4687501953697501568,68,0,log,True,1,0.94773,0.70115,1.5727,0.068485,0.097061,0.08896,0.070463,0.00086274,3764.9,27.525,11218,3.3333,True,True
GAIA DR3 4687501953697501568,4687501953697501568,68,0,lin,False,0,2.2412,0.69284,10.378,0.11296,0.029983,0.0059589,0.77328,0.0030176,5676.4,27.525,11218,3.3333,True,True
GAIA DR3 4687501953697501568,4687501953697501568,68,0,lin,True,19,1.3421,0.5985,1.6377,0.083133,0.025228,0.017783,0.034701,0.001168,11383,27.525,11218,3.3333,True,True
GAIA DR3 4687503946562429184,4687503946562429184,28,0,log,False,0,0.93776,0.18698,1.7453,0.072966,0.32325,0.063395,0.15922,0.00056002,835.85,25.236,3449,9.9999,True,True
GAIA DR3 4687503946562429184,4687503946562429184,28,0,log,True,0,0.93776,0.18698,1.7453,0.072966,0.32325,0.063395,0.15922,0.00056002,835.85,25.236,3449,9.9999,True,True
GAIA DR3 4687503946562429184,4687503946562429184,28,0,lin,False,0,0.88253,0.25951,2.0294,0.086756,0.036031,0.012872,0.074904,0.00058042,5488.4,25.236,3449,9.9999,True,True
GAIA DR3 4687503946562429184,4687503946562429184,28,0,lin,True,0,0.88253,0.25951,2.0294,0.086756,0.036031,0.012872,0.074904,0.00058042,5488.4,25.236,3449,9.9999,True,True
GAIA DR3 4687503946562429184,4687503946562429184,67,0,log,False,0,1.614,0.35181,2.4245,0.074989,0.22555,0.040396,0.13764,0.00051638,2232.4,27.75,11487,3.3334,True,True
GAIA DR3 4687503946562429184,4687503946562429184,67,0,log,True,0,1.614,0.35181,2.4245,0.074989,0.22555,0.040396,0.13764,0.00051638,2232.4,27.75,11487,3.3334,True,True
GAIA DR3 4687503946562429184,4687503946562429184,67,0,lin,False,0,3.3379,0.20254,2.0003,0.089089,0.1012,0.0069984,0.043527,0.0010185,12041,27.75,11487,3.3334,True,True
GAIA DR3 4687503946562429184,4687503946562429184,67,0,lin,True,0,3.3379,0.20254,2.0003,0.089089,0.1012,0.0069984,0.043527,0.0010185,12041,27.75,11487,3.3334,True,True
GAIA DR3 4687503946562429184,4687503946562429184,68,0,log,False,0,0.2804,0.8416,5.3431,0.081631,0.021415,0.043471,0.74848,0.00050968,993.4,27.525,11217,3.3333,True,True
GAIA DR3 4687503946562429184,4687503946562429184,68,0,log,True,0,0.2804,0.8416,5.3431,0.081631,0.021415,0.043471,0.74848,0.00050968,993.4,27.525,11217,3.3333,True,True
GAIA DR3 4687503946562429184,4687503946562429184,68,0,lin,False,0,0.38198,0.82341,6.5049,0.096412,0.0064468,0.011192,0.45455,0.00065104,4420.5,27.525,11217,3.3333,True,True
GAIA DR3 4687503946562429184,4687503946562429184,68,0,lin,True,0,0.38198,0.82341,6.5049,0.096412,0.0064468,0.011192,0.45455,0.00065104,4420.5,27.525,11217,3.3333,True,True
GAIA DR3 4687504182822540416,4687504182822540416,67,0,log,False,0,133.73,0.035399,1.1648,0.1281,122.98,0.031141,0.027805,0.0040278,9123.4,27.75,11490,3.3334,False,True
GAIA DR3 4687504182822540416,4687504182822540416,67,0,log,True,0,133.73,0.035399,1.1648,0.1281,122.98,0.031141,0.027805,0.0040278,9123.4,27.75,11490,3.3334,False,True
GAIA DR3 4687504182822540416,4687504182822540416,67,0,lin,False,0,43.924,0.1673,1.5253,0.2497,1.219,0.0060764,0.020102,0.0086501,19519,27.75,11490,3.3334,True,True
GAIA DR3 4687504182822540416,4687504182822540416,67,0,lin,True,0,43.924,0.1673,1.5253,0.2497,1.219,0.0060764,0.020102,0.0086501,19519,27.75,11490,3.3334,True,True
GAIA DR3 4687504182822540416,4687504182822540416,68,0,log,False,0,42.26,0.093583,1.261,0.14487,16.401,0.035833,0.032118,0.0030807,7781,27.525,11208,3.3333,False,True
GAIA DR3 4687504182822540416,4687504182822540416,68,0,log,True,0,42.26,0.093583,1.261,0.14487,16.401,0.035833,0.032118,0.0030807,7781,27.525,11208,3.3333,False,True
GAIA DR3 4687504182822540416,4687504182822540416,68,0,lin,False,0,871.11,0.02,1.7022,0.28941,538.95,0.0081206,0.026311,0.0082954,19280,27.525,11208,3.3333,False,True
GAIA DR3 4687504182822540416,4687504182822540416,68,0,lin,True,1,865.77,0.02,1.6986,0.28885,532.28,0.0080897,0.026224,0.0083038,19287,27.525,11208,3.3333,False,True
GAIA DR3 4687505389671548672,4687505389671548672,28,0,log,False,0,0.55162,0.79974,3.0059,0.10105,0.051062,0.066485,0.27131,0.00073066,1314.7,25.236,3449,9.9999,True,True
GAIA DR3 4687505389671548672,4687505389671548672,28,0,log,True,0,0.55162,0.79974,3.0059,0.10105,0.051062,0.066485,0.27131,0.00073066,1314.7,25.236,3449,9.9999,True,True
GAIA DR3 4687505389671548672,4687505389671548672,28,0,lin,False,0,0.92211,0.58918,2.0553,0.11862,0.025778,0.02299,0.080701,0.0012327,4825.9,25.236,3449,9.9999,True,True
GAIA DR3 4687505389671548672,4687505389671548672,28,0,lin,True,0,0.92211,0.58918,2.0553,0.11862,0.025778,0.02299,0.080701,0.0012327,4825.9,25.236,3449,9.9999,True,True
GAIA DR3 4687505389671548672,4687505389671548672,68,0,log,False,0,4.5272,0.77759,1.7146,0.15509,0.36133,0.067729,0.050646,0.0019278,6901.2,27.525,11218,3.3333,True,True
GAIA DR3 4687505389671548672,4687505389671548672,68,0,log,True,0,4.5272,0.77759,1.7146,0.15509,0.36133,0.067729,0.050646,0.0019278,6901.2,27.525,11218,3.3333,True,True
GAIA DR3 4687505389671548672,4687505389671548672,68,0,lin,False,0,12.448,0.20014,1.1071,0.12344,0.52404,0.014714,0.021666,0.0070446,13676,27.525,11218,3.3333,True,True
GAIA DR3 4687505389671548672,4687505389671548672,68,0,lin,True,0,12.448,0.20014,1.1071,0.12344,0.52404,0.014714,0.021666,0.0070446,13676,27.525,11218,3.3333,True,True
GAIA DR3 4687505801988031232,4687505801988031232,28,0,log,False,0,3.1553,0.34789,2.3134,0.076583,0.42848,0.03731,0.096957,0.00056486,3374.1,25.236,3449,9.9999,True,True
GAIA DR3 4687505801988031232,4687505801988031232,28,0,log,True,2,4.3225,0.25436,2.3013,0.076454,0.77111,0.033561,0.099711,0.00055224,3038.5,25.236,3449,9.9999,True,True
GAIA DR3 4687505801988031232,4687505801988031232,28,0,lin,False,0,4.6579,0.31158,2.7848,0.096963,0.081506,0.0057561,0.072081,0.0021992,10252,25.236,3449,9.9999,True,True
GAIA DR3 4687505801988031232,4687505801988031232,28,0,lin,True,10,4.3758,0.29231,11.378,0.09595,0.030735,0.0010892,0.3992,0.0016742,13760,25.236,3449,9.9999,True,True
GAIA DR3 4687505801988031232,4687505801988031232,67,0,log,False,0,2.8935,0.42386,1.9552,0.077344,0.32673,0.043628,0.065247,0.000628,4875.4,27.75,11490,3.3334,True,True
GAIA DR3 4687505801988031232,4687505801988031232,67,0,log,True,1,5.4731,0.19493,1.6669,0.076862,1.2053,0.038179,0.055819,0.00068475,4389.2,27.75,11490,3.3334,True,True
GAIA DR3 4687505801988031232,4687505801988031232,67,0,lin,False,0,5.3032,0.3013,1.9442,0.095465,0.14573,0.010706,0.051165,0.0029233,8953.3,27.75,11490,3.3334,True,True
GAIA DR3 4687505801988031232,4687505801988031232,67,0,lin,True,10,4.522,0.34122,4.0905,0.10533,0.054474,0.0036085,0.11502,0.0022117,11354,27.75,11490,3.3334,True,True
GAIA DR3 4687505801988031232,4687505801988031232,68,0,log,False,0,1.5493,0.89312,1.907,0.079605,0.11714,0.071273,0.065756,0.00081511,5469.4,27.525,11218,3.3333,True,True
GAIA DR3 4687505801988031232,4687505801988031232,68,0,log,True,2,0.97198,0.9608,1.9797,0.08105,0.072355,0.077536,0.082011,0.00073649,4216.9,27.525,11218,3.3333,True,True
GAIA DR3 4687505801988031232,4687505801988031232,68,0,lin,False,0,5.3197,0.26379,1.4837,0.094405,0.22368,0.016517,0.041617,0.0035346,7756.2,27.525,11218,3.3333,True,True
GAIA DR3 4687505801988031232,4687505801988031232,68,0,lin,True,40,3.8127,0.33908,8.267,0.12348,0.039005,0.0021998,0.35456,0.0022118,9637.4,27.525,11218,3.3333,True,True
GAIA DR3 4687507245097014144,4687507245097014144,27,0,log,False,0,58.472,0.54516,1.5813,1.0046,6.0694,0.060334,0.042767,0.016234,7231.2,24.354,3351,10,True,True
GAIA DR3 4687507245097014144,4687507245097014144,27,0,log,True,0,58.472,0.54516,1.5813,1.0046,6.0694,0.060334,0.042767,0.016234,7231.2,24.354,3351,10,True,True
GAIA DR3 4687507245097014144,4687507245097014144,27,0,lin,False,0,100.09,0.34818,1.4449,1.134,2.7326,0.015137,0.030666,0.065545,10751,24.354,3351,10,True,True
GAIA DR3 4687507245097014144,4687507245097014144,27,0,lin,True,0,100.09,0.34818,1.4449,1.134,2.7326,0.015137,0.030666,0.065545,10751,24.354,3351,10,True,True
GAIA DR3 4687507245097014144,4687507245097014144,28,0,log,False,0,138.64,0.02,1.3745,0.26058,452.47,0.050786,0.061306,0.0027836,2729.3,25.236,3449,9.9999,False,True
GAIA DR3 4687507245097014144,4687507245097014144,28,0,log,True,0,138.64,0.02,1.3745,0.26058,452.47,0.050786,0.061306,0.0027836,2729.3,25.236,3449,9.9999,False,True
GAIA DR3 4687507245097014144,4687507245097014144,28,0,lin,False,0,1716.8,0.02,2.4335,0.35588,3919,0.019664,0.047106,0.0042183,17254,25.236,3449,9.9999,False,True
GAIA DR3 4687507245097014144,4687507245097014144,28,0,lin,True,1,1725.2,0.02,2.4367,0.35446,3950.1,0.019693,0.047081,0.004204,17293,25.236,3449,9.9999,False,True
GAIA DR3 4687507245097014144,4687507245097014144,67,0,log,False,0,130.92,0.27448,1.6687,3.0598,21.952,0.044538,0.059861,0.028017,4200.5,27.736,10229,3.3334,True,True
GAIA DR3 4687507245097014144,4687507245097014144,67,0,log,True,0,130.92,0.27448,1.6687,3.0598,21.952,0.044538,0.059861,0.028017,4200.5,27.736,10229,3.3334,True,True
GAIA DR3 4687507245097014144,4687507245097014144,67,0,lin,False,0,1857.5,0.02,1.268,3.4572,543.51,0.0055036,0.017317,0.049539,20061,27.736,10229,3.3334,False,True
GAIA DR3 4687507245097014144,4687507245097014144,67,0,lin,True,0,1857.5,0.02,1.268,3.4572,543.51,0.0055036,0.017317,0.049539,20061,27.736,10229,3.3334,False,True
GAIA DR3 4687507584364583040,4687507584364583040,28,0,log,False,0,9.5611,0.66495,2.3597,0.22883,0.69459,0.039711,0.064005,0.0016447,7017.3,25.236,3449,9.9999,True,True
GAIA DR3 4687507584364583040,4687507584364583040,28,0,log,True,1,11.633,0.34115,1.8576,0.16608,1.5431,0.039531,0.052801,0.0015192,5700.5,25.236,3449,9.9999,True,True
GAIA DR3 4687507584364583040,4687507584364583040,28,0,lin,False,0,426.55,0.02,1.4224,0.25228,109.66,0.0041995,0.013676,0.0051508,25704,25.236,3449,9.9999,False,True
GAIA DR3 4687507584364583040,4687507584364583040,28,0,lin,True,0,426.55,0.02,1.4224,0.25228,109.66,0.0041995,0.013676,0.0051508,25704,25.236,3449,9.9999,False,True
GAIA DR3 4687507584364583040,4687507584364583040,67,0,log,False,0,61.127,0.057604,1.2674,0.16016,40.846,0.035595,0.03562,0.00295,6420.5,27.75,11490,3.3334,False,True
GAIA DR3 4687507584364583040,4687507584364583040,67,0,log,True,0,61.127,0.057604,1.2674,0.16016,40.846,0.035595,0.03562,0.00295,6420.5,27.75,11490,3.3334,False,True
GAIA DR3 4687507584364583040,4687507584364583040,67,0,lin,False,0,779.58,0.02,1.7496,0.28678,415.72,0.0067706,0.02176,0.005338,23713,27.75,11490,3.3334,False,True
GAIA DR3 4687507584364583040,4687507584364583040,67,0,lin,True,0,779.58,0.02,1.7496,0.28678,415.72,0.0067706,0.02176,0.005338,23713,27.75,11490,3.3334,False,True
GAIA DR3 4687507584364583040,4687507584364583040,68,0,log,False,0,9.311,0.81209,1.6069,0.24726,0.73827,0.073033,0.044309,0.0040633,8009.6,27.525,11218,3.3333,True,True
GAIA DR3 4687507584364583040,4687507584364583040,68,0,log,True,0,9.311,0.81209,1.6069,0.24726,0.73827,0.073033,0.044309,0.0040633,8009.6,27.525,11218,3.3333,True,True
GAIA DR3 4687507584364583040,4687507584364583040,68,0,lin,False,0,112.03,0.02,0.87461,0.10147,25.306,0.006752,0.017522,0.017194,15775,27.525,11218,3.3333,False,True
GAIA DR3 4687507584364583040,4687507584364583040,68,0,lin,True,0,112.03,0.02,0.87461,0.10147,25.306,0.006752,0.017522,0.017194,15775,27.525,11218,3.3333,False,True
GAIA DR3 4687508413319210368,4687508413319210368,27,0,log,False,0,0.14164,1.7424,5.0646,0.060945,0.0088262,0.081099,0.66402,0.00042947,1117.9,24.354,3350,10,True,True
GAIA DR3 4687508413319210368,4687508413319210368,27,0,log,True,2,0.060777,2.237,30,0.061112,0.0037287,0.044937,14.54,0.00041925,492.96,24.354,3350,10,True,True
GAIA DR3 4687508413319210368,4687508413319210368,27,0,lin,False,0,0.21835,1.5425,4.3592,0.072345,0.0049104,0.03481,0.31618,0.00065278,3008.7,24.354,3350,10,True,True
GAIA DR3 4687508413319210368,4687508413319210368,27,0,lin,True,1,0.19768,0.96549,2.0137,0.071307,0.0076479,0.054477,0.12262,0.00057964,2318,24.354,3350,10,True,True
GAIA DR3 4687508413319210368,4687508413319210368,28,0,log,False,0,0.18793,0.86599,2.5029,0.064722,0.020353,0.10075,0.28187,0.00047331,776.77,25.236,3449,9.9999,True,True
GAIA DR3 4687508413319210368,4687508413319210368,28,0,log,True,2,0.42845,0.14129,1.2129,0.063674,0.26026,0.1148,0.1698,0.00074206,426.15,25.236,3449,9.9999,False,True
GAIA DR3 4687508413319210368,4687508413319210368,28,0,lin,False,0,0.24327,0.91889,2.4123,0.076398,0.0078616,0.03937,0.14344,0.00059858,2649.2,25.236,3449,9.9999,True,True
GAIA DR3 4687508413319210368,4687508413319210368,28,0,lin,True,0,0.24327,0.91889,2.4123,0.076398,0.0078616,0.03937,0.14344,0.00059858,2649.2,25.236,3449,9.9999,True,True
GAIA DR3 4687508413319210368,4687508413319210368,67,0,log,False,0,5.2007,0.28403,2.1158,0.07632,0.78981,0.033654,0.071126,0.00056895,4489.7,27.75,11488,3.3334,True,True
GAIA DR3 4687508413319210368,4687508413319210368,67,0,log,True,1,6.4449,0.22322,2.0483,0.076008,1.2242,0.032212,0.069426,0.00056386,4263.4,27.75,11488,3.3334,True,True
GAIA DR3 4687508413319210368,4687508413319210368,67,0,lin,False,0,6.7045,0.2713,2.2488,0.093775,0.11511,0.0053735,0.040506,0.0021197,15179,27.75,11488,3.3334,True,True
GAIA DR3 4687508413319210368,4687508413319210368,67,0,lin,True,1,6.3381,0.2873,2.5694,0.094522,0.089065,0.0043683,0.046081,0.0019867,15901,27.75,11488,3.3334,True,True
GAIA DR3 4687508413319210368,4687508413319210368,68,0,log,False,0,0.17114,1.7463,3.3221,0.064286,0.010908,0.10443,0.311,0.00045704,1458.8,27.525,11206,3.3333,True,True
GAIA DR3 4687508413319210368,4687508413319210368,68,0,log,True,1,0.17894,1.2277,2.0839,0.063543,0.016585,0.13902,0.1881,0.00053946,1153.9,27.525,11206,3.3333,True,True
GAIA DR3 4687508413319210368,4687508413319210368,68,0,lin,False,0,0.26303,1.4278,2.7336,0.075951,0.005752,0.03939,0.13107,0.00063435,4321.3,27.525,11206,3.3333,True,True
GAIA DR3 4687508413319210368,4687508413319210368,68,0,lin,True,0,0.26303,1.4278,2.7336,0.075951,0.005752,0.03939,0.13107,0.00063435,4321.3,27.525,11206,3.3333,True,True
GAIA DR3 4687509749039520768,4687509749039520768,27,0,log,False,0,1.0023,0.47019,1.7951,0.071143,0.13791,0.069884,0.099319,0.00066755,2226.7,24.354,3351,10,True,True
GAIA DR3 4687509749039520768,4687509749039520768,27,0,log,True,0,1.0023,0.47019,1.7951,0.071143,0.13791,0.069884,0.099319,0.00066755,2226.7,24.354,3351,10,True,True
GAIA DR3 4687509749039520768,4687509749039520768,27,0,lin,False,0,1.5056,0.36155,1.7242,0.08544,0.039179,0.013557,0.042197,0.00098413,9041.8,24.354,3351,10,True,True
GAIA DR3 4687509749039520768,4687509749039520768,27,0,lin,True,0,1.5056,0.36155,1.7242,0.08544,0.039179,0.013557,0.042197,0.00098413,9041.8,24.354,3351,10,True,True
GAIA DR3 4687509749039520768,4687509749039520768,28,0,log,False,0,0.86434,0.47927,1.5311,0.060022,0.1205,0.081299,0.079082,0.00071005,2709,25.236,3449,9.9999,True,True
GAIA DR3 4687509749039520768,4687509749039520768,28,0,log,True,0,0.86434,0.47927,1.5311,0.060022,0.1205,0.081299,0.079082,0.00071005,2709,25.236,3449,9.9999,True,True
GAIA DR3 4687509749039520768,4687509749039520768,28,0,lin,False,0,2.678,0.13461,1.2182,0.069068,0.1907,0.014288,0.030772,0.0011688,9192.9,25.236,3449,9.9999,False,True
GAIA DR3 4687509749039520768,4687509749039520768,28,0,lin,True,0,2.678,0.13461,1.2182,0.069068,0.1907,0.014288,0.030772,0.0011688,9192.9,25.236,3449,9.9999,False,True
GAIA DR3 4687509749039520768,4687509749039520768,67,0,log,False,0,0.71103,0.70954,2.1604,0.082573,0.064656,0.066995,0.12057,0.00060142,2496,27.75,11489,3.3334,True,True
GAIA DR3 4687509749039520768,4687509749039520768,67,0,log,True,0,0.71103,0.70954,2.1604,0.082573,0.064656,0.066995,0.12057,0.00060142,2496,27.75,11489,3.3334,True,True
GAIA DR3 4687509749039520768,4687509749039520768,67,0,lin,False,0,16.52,0.02,1.1435,0.091125,6.8964,0.0089222,0.026856,0.001122,11187,27.75,11489,3.3334,False,True
GAIA DR3 4687509749039520768,4687509749039520768,67,0,lin,True,0,16.52,0.02,1.1435,0.091125,6.8964,0.0089222,0.026856,0.001122,11187,27.75,11489,3.3334,False,True
GAIA DR3 4687509749039520768,4687509749039520768,68,0,log,False,0,0.73293,0.77412,1.8675,0.064041,0.067082,0.079228,0.088182,0.00060301,3273.9,27.525,11218,3.3333,True,True
GAIA DR3 4687509749039520768,4687509749039520768,68,0,log,True,0,0.73293,0.77412,1.8675,0.064041,0.067082,0.079228,0.088182,0.00060301,3273.9,27.525,11218,3.3333,True,True
GAIA DR3 4687509749039520768,4687509749039520768,68,0,lin,False,0,1.2813,0.43136,1.4328,0.072375,0.032752,0.018171,0.031695,0.0010454,10774,27.525,11218,3.3333,True,True
GAIA DR3 4687509749039520768,4687509749039520768,68,0,lin,True,0,1.2813,0.43136,1.4328,0.072375,0.032752,0.018171,0.031695,0.0010454,10774,27.525,11218,3.3333,True,True
GAIA DR3 4687512948804514176,4687512948804514176,28,0,log,False,0,5.7492,0.20219,1.915,0.082549,1.2819,0.036126,0.072929,0.00064713,3502.7,25.236,3449,9.9999,True,True
GAIA DR3 4687512948804514176,4687512948804514176,28,0,log,True,0,5.7492,0.20219,1.915,0.082549,1.2819,0.036126,0.072929,0.00064713,3502.7,25.236,3449,9.9999,True,True
GAIA DR3 4687512948804514176,4687512948804514176,28,0,lin,False,0,62.292,0.02,1.2837,0.083639,26.159,0.0077813,0.024635,0.0022293,13593,25.236,3449,9.9999,False,True
GAIA DR3 4687512948804514176,4687512948804514176,28,0,lin,True,0,62.292,0.02,1.2837,0.083639,26.159,0.0077813,0.024635,0.0022293,13593,25.236,3449,9.9999,False,True
GAIA DR3 4687512948804514176,4687512948804514176,67,0,log,False,0,2.4945,0.40786,2.1048,0.084231,0.30413,0.043938,0.085933,0.00064299,3632.2,27.75,11490,3.3334,True,True
GAIA DR3 4687512948804514176,4687512948804514176,67,0,log,True,0,2.4945,0.40786,2.1048,0.084231,0.30413,0.043938,0.085933,0.00064299,3632.2,27.75,11490,3.3334,True,True
GAIA DR3 4687512948804514176,4687512948804514176,67,0,lin,False,0,2.2265,0.60163,3.381,0.1049,0.019144,0.0055453,0.067739,0.0012054,15749,27.75,11490,3.3334,True,True
GAIA DR3 4687512948804514176,4687512948804514176,67,0,lin,True,0,2.2265,0.60163,3.381,0.1049,0.019144,0.0055453,0.067739,0.0012054,15749,27.75,11490,3.3334,True,True
GAIA DR3 4687512948804514176,4687512948804514176,68,0,log,False,0,2.9947,0.52873,1.9838,0.079913,0.2837,0.046096,0.060267,0.00067509,5822.7,27.525,11217,3.3333,True,True
GAIA DR3 4687512948804514176,4687512948804514176,68,0,log,True,0,2.9947,0.52873,1.9838,0.079913,0.2837,0.046096,0.060267,0.00067509,5822.7,27.525,11217,3.3333,True,True
GAIA DR3 4687512948804514176,4687512948804514176,68,0,lin,False,0,29.721,0.046306,1.2809,0.083307,3.1206,0.005314,0.016532,0.0019581,20665,27.525,11217,3.3333,False,True
GAIA DR3 4687512948804514176,4687512948804514176,68,0,lin,True,0,29.721,0.046306,1.2809,0.083307,3.1206,0.005314,0.016532,0.0019581,20665,27.525,11217,3.3333,False,True
GAIA DR3 4687513910877142528,4687513910877142528,27,0,log,False,0,0.63531,1.9154,2.7192,0.056228,0.034462,0.094921,0.11679,0.0005503,4576.9,24.354,3351,10,True,True
GAIA DR3 4687513910877142528,4687513910877142528,27,0,log,True,14,0.40333,0.22795,1.4225,0.05635,0.14702,0.10399,0.16316,0.00059681,577.1,24.354,3351,10,True,True
GAIA DR3 4687513910877142528,4687513910877142528,27,0,lin,False,0,1.0275,1.9025,3.1831,0.070789,0.022525,0.048901,0.17802,0.0031407,3682,24.354,3351,10,True,True
GAIA DR3 4687513910877142528,4687513910877142528,27,0,lin,True,9,0.19472,2.1014,4.6857,0.06949,0.0041322,0.043415,0.34329,0.00067513,3155.9,24.354,3351,10,True,True
GAIA DR3 4687513910877142528,4687513910877142528,28,0,log,False,0,0.77422,1.751,2.9083,0.079521,0.042544,0.085336,0.13726,0.00069028,4098.1,25.236,3449,9.9999,True,True
GAIA DR3 4687513910877142528,4687513910877142528,28,0,log,True,14,0.19435,0.83296,23.722,0.07984,0.014208,0.019161,9.1043,0.00052788,585.73,25.236,3449,9.9999,True,True
GAIA DR3 4687513910877142528,4687513910877142528,28,0,lin,False,0,1.3656,1.8117,3.3509,0.097204,0.030947,0.04695,0.20113,0.0042305,3404.5,25.236,3449,9.9999,True,True
GAIA DR3 4687513910877142528,4687513910877142528,28,0,lin,True,14,0.2667,0.81574,30,0.095295,0.0048269,0.0059237,5.6932,0.00060583,2878.5,25.236,3449,9.9999,True,True
GAIA DR3 4687513910877142528,4687513910877142528,67,0,log,False,0,1.5584,1.0729,2.195,0.10658,0.10434,0.071514,0.08333,0.00093263,4897.7,27.074,7339,3.3334,True,True
GAIA DR3 4687513910877142528,4687513910877142528,67,0,log,True,6,1.672,0.44306,1.7289,0.10001,0.21169,0.060841,0.079438,0.0008818,3101.9,27.074,7339,3.3334,True,True
GAIA DR3 4687513910877142528,4687513910877142528,67,0,lin,False,0,1.7203,1.3412,2.9418,0.13211,0.025839,0.02447,0.10242,0.0027832,7406.1,27.074,7339,3.3334,True,True
GAIA DR3 4687513910877142528,4687513910877142528,67,0,lin,True,0,1.7203,1.3412,2.9418,0.13211,0.025839,0.02447,0.10242,0.0027832,7406.1,27.074,7339,3.3334,True,True
GAIA DR3 4687513910877142528,4687513910877142528,68,0,log,False,0,1.8369,1.2405,2.1503,0.067297,0.10533,0.068062,0.058284,0.00069181,8008.9,27.525,11160,3.3333,True,True
GAIA DR3 4687513910877142528,4687513910877142528,68,0,log,True,8,2.2175,0.73217,1.9142,0.066694,0.17649,0.057285,0.055084,0.000673,6717.8,27.525,11160,3.3333,True,True
GAIA DR3 4687513910877142528,4687513910877142528,68,0,lin,False,0,2.5508,1.0062,1.8857,0.07681,0.037732,0.022463,0.041833,0.002949,11252,27.525,11160,3.3333,True,True
GAIA DR3 4687513910877142528,4687513910877142528,68,0,lin,True,1,2.5331,1.0061,1.9858,0.079633,0.035526,0.020747,0.043682,0.0027858,11476,27.525,11160,3.3333,True,True
GAIA DR3 4688962517474878720,4688962517474878720,27,0,log,False,0,0.59899,0.48303,1.6831,0.1046,0.098552,0.098445,0.1448,0.0009497,1047,24.354,3351,10,True,True
GAIA DR3 4688962517474878720,4688962517474878720,27,0,log,True,1,0.89641,0.23846,1.4385,0.1043,0.27095,0.088677,0.13363,0.001036,867.8,24.354,3351,10,True,True
GAIA DR3 4688962517474878720,4688962517474878720,27,0,lin,False,0,0.84456,0.43239,1.4742,0.12064,0.04212,0.03497,0.065329,0.0013399,3698.9,24.354,3351,10,True,True
GAIA DR3 4688962517474878720,4688962517474878720,27,0,lin,True,1,0.89141,0.33497,1.6524,0.12425,0.043323,0.023736,0.069191,0.00097138,4060.9,24.354,3351,10,True,True
GAIA DR3 4688962517474878720,4688962517474878720,28,0,log,False,0,0.34217,1.5166,3.3311,0.071084,0.021289,0.082904,0.24766,0.00053201,2139,25.236,3449,9.9999,True,True
GAIA DR3 4688962517474878720,4688962517474878720,28,0,log,True,6,0.45857,0.52573,2.0917,0.071102,0.062309,0.07636,0.17385,0.00054919,1163.1,25.236,3449,9.9999,True,True
GAIA DR3 4688962517474878720,4688962517474878720,28,0,lin,False,0,0.42381,1.7294,4.7258,0.085759,0.0072612,0.028668,0.27916,0.0010579,4570.7,25.236,3449,9.9999,True,True
GAIA DR3 4688962517474878720,4688962517474878720,28,0,lin,True,4,0.45876,1.204,27.029,0.087709,0.0058953,0.0066427,3.5072,0.0009161,5115.9,25.236,3449,9.9999,True,True
GAIA DR3 4688962517474878720,4688962517474878720,67,0,log,False,0,1.0016,1.6471,3.0195,0.18551,0.056956,0.086376,0.18465,0.0013866,2841.1,27.75,11490,3.3334,True,True
GAIA DR3 4688962517474878720,4688962517474878720,67,0,log,True,6,1.4328,0.45364,1.8994,0.18298,0.20831,0.072536,0.13938,0.001423,1397.6,27.75,11490,3.3334,True,True
GAIA DR3 4688962517474878720,4688962517474878720,67,0,lin,False,0,1.5721,1.6937,4.3785,0.22666,0.031069,0.033578,0.28139,0.004378,3797.8,27.75,11490,3.3334,True,True
GAIA DR3 4688962517474878720,4688962517474878720,67,0,lin,True,5,1.2008,1.1055,30,0.22426,0.014239,0.0053418,3.7897,0.0021241,5884.2,27.75,11490,3.3334,True,True
GAIA DR3 4688962517474878720,4688962517474878720,68,0,log,False,0,0.45311,1.3508,2.3492,0.095109,0.032972,0.10643,0.15561,0.00079309,2128.2,27.525,11217,3.3333,True,True
GAIA DR3 4688962517474878720,4688962517474878720,68,0,log,True,3,0.79949,0.3677,1.4192,0.093282,0.15899,0.096123,0.1065,0.0010586,1409.7,27.525,11217,3.3333,True,True
GAIA DR3 4688962517474878720,4688962517474878720,68,0,lin,False,0,0.60242,1.3523,2.3137,0.11303,0.012189,0.037471,0.088492,0.0012467,5665,27.525,11217,3.3333,True,True
GAIA DR3 4688962517474878720,4688962517474878720,68,0,lin,True,0,0.60242,1.3523,2.3137,0.11303,0.012189,0.037471,0.088492,0.0012467,5665,27.525,11217,3.3333,True,True
GAIA DR3 4688966292708802304,4688966292708802304,27,0,log,False,0,40.72,0.02,1.2985,0.095812,124.34,0.050744,0.063217,0.0012162,2438.2,24.354,3350,10,False,True
GAIA DR3 4688966292708802304,4688966292708802304,27,0,log,True,0,40.72,0.02,1.2985,0.095812,124.34,0.050744,0.063217,0.0012162,2438.2,24.354,3350,10,False,True
GAIA DR3 4688966292708802304,4688966292708802304,27,0,lin,False,0,31.76,0.040991,1.5281,0.1217,7.0836,0.007893,0.030796,0.0017119,12983,24.354,3350,10,False,True
GAIA DR3 4688966292708802304,4688966292708802304,27,0,lin,True,0,31.76,0.040991,1.5281,0.1217,7.0836,0.007893,0.030796,0.0017119,12983,24.354,3350,10,False,True
GAIA DR3 4688966292708802304,4688966292708802304,28,0,log,False,0,6.8803,0.17803,1.8535,0.10242,1.7466,0.036571,0.073606,0.00078983,3235.1,25.236,3449,9.9999,True,True
GAIA DR3 4688966292708802304,4688966292708802304,28,0,log,True,0,6.8803,0.17803,1.8535,0.10242,1.7466,0.036571,0.073606,0.00078983,3235.1,25.236,3449,9.9999,True,True
GAIA DR3 4688966292708802304,4688966292708802304,28,0,lin,False,0,6.1222,0.23388,2.3278,0.12579,0.095171,0.0039325,0.035017,0.0013776,17782,25.236,3449,9.9999,True,True
GAIA DR3 4688966292708802304,4688966292708802304,28,0,lin,True,0,6.1222,0.23388,2.3278,0.12579,0.095171,0.0039325,0.035017,0.0013776,17782,25.236,3449,9.9999,True,True
GAIA DR3 4688966292708802304,4688966292708802304,67,0,log,False,0,62.114,0.02,1.5381,0.10468,279.35,0.061912,0.076765,0.00086245,2183.1,27.75,11489,3.3334,False,True
GAIA DR3 4688966292708802304,4688966292708802304,67,0,log,True,0,62.114,0.02,1.5381,0.10468,279.35,0.061912,0.076765,0.00086245,2183.1,27.75,11489,3.3334,False,True
GAIA DR3 4688966292708802304,4688966292708802304,67,0,lin,False,0,3.7558,0.27185,4.6853,0.13303,0.031962,0.0017687,0.094111,0.0010634,17303,27.75,11489,3.3334,True,True
GAIA DR3 4688966292708802304,4688966292708802304,67,0,lin,True,0,3.7558,0.27185,4.6853,0.13303,0.031962,0.0017687,0.094111,0.0010634,17303,27.75,11489,3.3334,True,True
GAIA DR3 4688966292708802304,4688966292708802304,68,0,log,False,0,2.0694,0.66111,1.7808,0.11026,0.19767,0.068719,0.069286,0.0011234,4343.2,27.525,11218,3.3333,True,True
GAIA DR3 4688966292708802304,4688966292708802304,68,0,log,True,0,2.0694,0.66111,1.7808,0.11026,0.19767,0.068719,0.069286,0.0011234,4343.2,27.525,11218,3.3333,True,True
GAIA DR3 4688966292708802304,4688966292708802304,68,0,lin,False,0,23.53,0.042304,1.1388,0.11546,4.2657,0.0094213,0.025473,0.0034144,11683,27.525,11218,3.3333,False,True
GAIA DR3 4688966292708802304,4688966292708802304,68,0,lin,True,0,23.53,0.042304,1.1388,0.11546,4.2657,0.0094213,0.025473,0.0034144,11683,27.525,11218,3.3333,False,True
GAIA DR3 4688967289176997504,4688967289176997504,28,0,log,False,0,22.799,0.066585,1.4571,0.091587,16.056,0.038425,0.048904,0.0010368,4160.7,25.236,3449,9.9999,False,True
GAIA DR3 4688967289176997504,4688967289176997504,28,0,log,True,0,22.799,0.066585,1.4571,0.091587,16.056,0.038425,0.048904,0.0010368,4160.7,25.236,3449,9.9999,False,True
GAIA DR3 4688967289176997504,4688967289176997504,28,0,lin,False,0,14.346,0.1295,1.6841,0.11599,0.57256,0.0057817,0.02628,0.0022353,16442,25.236,3449,9.9999,False,True
GAIA DR3 4688967289176997504,4688967289176997504,28,0,lin,True,0,14.346,0.1295,1.6841,0.11599,0.57256,0.0057817,0.02628,0.0022353,16442,25.236,3449,9.9999,False,True
GAIA DR3 4688967289176997504,4688967289176997504,68,0,log,False,0,25.03,0.78069,1.5979,0.75746,2.1315,0.076246,0.048233,0.012218,7006.6,27.525,11218,3.3333,True,True
GAIA DR3 4688967289176997504,4688967289176997504,68,0,log,True,0,25.03,0.78069,1.5979,0.75746,2.1315,0.076246,0.048233,0.012218,7006.6,27.525,11218,3.3333,True,True
GAIA DR3 4688967289176997504,4688967289176997504,68,0,lin,False,0,41.834,0.48403,1.3689,0.81578,0.94438,0.018726,0.02728,0.035444,12492,27.525,11218,3.3333,True,True
GAIA DR3 4688967289176997504,4688967289176997504,68,0,lin,True,0,41.834,0.48403,1.3689,0.81578,0.94438,0.018726,0.02728,0.035444,12492,27.525,11218,3.3333,True,True
GAIA DR3 4688967362197739392,4688967362197739392,27,0,log,False,0,54.647,0.071031,1.3072,0.18903,30.662,0.036705,0.037907,0.0031429,5807.7,24.354,3351,10,False,True
GAIA DR3 4688967362197739392,4688967362197739392,27,0,log,True,0,54.647,0.071031,1.3072,0.18903,30.662,0.036705,0.037907,0.0031429,5807.7,24.354,3351,10,False,True
GAIA DR3 4688967362197739392,4688967362197739392,27,0,lin,False,0,6205.8,0.02,2.8656,0.38737,33772,0.039027,0.068384,0.008058,14626,24.354,3351,10,False,True
GAIA DR3 4688967362197739392,4688967362197739392,27,0,lin,True,40,28249,0.02,3.6493,0.32053,3.6398e+05,0.071295,0.060965,0.0059479,21681,24.354,3351,10,False,True
GAIA DR3 4688967362197739392,4688967362197739392,28,0,log,False,0,52.431,0.02,0.89954,0.19415,74.805,0.036516,0.046665,0.0090809,4565.5,25.236,3449,9.9999,False,True
GAIA DR3 4688967362197739392,4688967362197739392,28,0,log,True,2,92.587,0.02,0.95036,0.17772,126.93,0.032459,0.037535,0.0085999,6202.8,25.236,3449,9.9999,False,True
GAIA DR3 4688967362197739392,4688967362197739392,28,0,lin,False,0,3620.8,0.02,2.4429,0.45024,6405.6,0.015172,0.036128,0.0066698,21919,25.236,3449,9.9999,False,True
GAIA DR3 4688967362197739392,4688967362197739392,28,0,lin,True,8,3773.4,0.02,2.4601,0.43904,6519.1,0.014698,0.034611,0.0063868,22867,25.236,3449,9.9999,False,True
GAIA DR3 4688967362197739392,4688967362197739392,68,0,log,False,0,21.641,0.85849,1.664,0.82733,1.6948,0.076635,0.051426,0.011533,6761.3,27.525,11218,3.3333,True,True
GAIA DR3 4688967362197739392,4688967362197739392,68,0,log,True,0,21.641,0.85849,1.664,0.82733,1.6948,0.076635,0.051426,0.011533,6761.3,27.525,11218,3.3333,True,True
GAIA DR3 4688967362197739392,4688967362197739392,68,0,lin,False,0,35.529,0.52308,1.3199,0.80299,0.78215,0.020292,0.025898,0.032867,12981,27.525,11218,3.3333,True,True
GAIA DR3 4688967362197739392,4688967362197739392,68,0,lin,True,0,35.529,0.52308,1.3199,0.80299,0.78215,0.020292,0.025898,0.032867,12981,27.525,11218,3.3333,True,True
GAIA DR3 4688967568356557440,4688967568356557440,27,0,log,False,0,2.1781,0.22818,1.5421,0.14485,0.60004,0.069319,0.11116,0.0013972,1309.6,24.354,3351,10,True,True
GAIA DR3 4688967568356557440,4688967568356557440,27,0,log,True,1,2.1469,0.23905,1.6977,0.14623,0.55435,0.063768,0.12555,0.0012531,1231.5,24.354,3351,10,True,True
GAIA DR3 4688967568356557440,4688967568356557440,27,0,lin,False,0,6.6433,0.063436,1.1907,0.1675,1.1919,0.014537,0.038296,0.0018622,6726,24.354,3351,10,False,True
GAIA DR3 4688967568356557440,4688967568356557440,27,0,lin,True,1,4.3306,0.11572,1.403,0.17173,0.39173,0.013259,0.040821,0.0014568,7451.3,24.354,3351,10,False,True
GAIA DR3 4688967568356557440,4688967568356557440,28,0,log,False,0,3.8406,0.54321,1.838,0.16626,0.40328,0.058389,0.070002,0.0015461,4174.9,25.236,3449,9.9999,True,True
GAIA DR3 4688967568356557440,4688967568356557440,28,0,log,True,2,4.8133,0.40471,1.7459,0.16572,0.62199,0.052879,0.066327,0.0015585,3998.5,25.236,3449,9.9999,True,True
GAIA DR3 4688967568356557440,4688967568356557440,28,0,lin,False,0,19.542,0.086526,1.2306,0.17529,1.5227,0.0089608,0.022975,0.0040331,13406,25.236,3449,9.9999,False,True
GAIA DR3 4688967568356557440,4688967568356557440,28,0,lin,True,0,19.542,0.086526,1.2306,0.17529,1.5227,0.0089608,0.022975,0.0040331,13406,25.236,3449,9.9999,False,True
GAIA DR3 4688967568356557440,4688967568356557440,67,0,log,False,0,2.9583,0.38282,1.6638,0.1449,0.42615,0.059462,0.075299,0.0013701,3113.6,27.75,11490,3.3334,True,True
GAIA DR3 4688967568356557440,4688967568356557440,67,0,log,True,2,4.015,0.24983,1.5624,0.14512,0.81991,0.053439,0.072526,0.0013978,2853.4,27.75,11490,3.3334,True,True
GAIA DR3 4688967568356557440,4688967568356557440,67,0,lin,False,0,4.6654,0.23299,1.3836,0.16695,0.16587,0.01261,0.028461,0.0022249,11859,27.75,11490,3.3334,True,True
GAIA DR3 4688967568356557440,4688967568356557440,67,0,lin,True,2,4.2306,0.26796,1.6121,0.17474,0.1046,0.0093766,0.028969,0.0016703,13890,27.75,11490,3.3334,True,True
GAIA DR3 4688967568356557440,4688967568356557440,68,0,log,False,0,1.2257,1.1575,1.9626,0.152,0.088462,0.095876,0.094031,0.0014378,3504.7,27.525,11218,3.3333,True,True
GAIA DR3 4688967568356557440,4688967568356557440,68,0,log,True,2,1.3609,0.92106,1.7878,0.15193,0.11451,0.092719,0.086612,0.001517,3326.9,27.525,11218,3.3333,True,True
GAIA DR3 4688967568356557440,4688967568356557440,68,0,lin,False,0,1.8749,0.83561,1.4878,0.16418,0.045704,0.034488,0.042555,0.0030872,7975.5,27.525,11218,3.3333,True,True
GAIA DR3 4688967568356557440,4688967568356557440,68,0,lin,True,2,2.3185,0.52666,1.3252,0.16362,0.065809,0.026296,0.033729,0.0027819,9336.5,27.525,11218,3.3333,True,True
GAIA DR3 4688978838366817280,4688978838366817280,27,0,log,False,0,2.3242,0.72343,2.3735,0.11341,0.19915,0.05514,0.099502,0.00091802,3863.2,24.354,3351,10,True,True
GAIA DR3 4688978838366817280,4688978838366817280,27,0,log,True,1,2.6298,0.57674,2.168,0.1128,0.26652,0.053525,0.090645,0.00094161,3624,24.354,3351,10,True,True
GAIA DR3 4688978838366817280,4688978838366817280,27,0,lin,False,0,3.0668,0.64407,2.1318,0.13267,0.041853,0.012134,0.043629,0.0022208,11912,24.354,3351,10,True,True
GAIA DR3 4688978838366817280,4688978838366817280,27,0,lin,True,0,3.0668,0.64407,2.1318,0.13267,0.041853,0.012134,0.043629,0.0022208,11912,24.354,3351,10,True,True
GAIA DR3 4688978838366817280,4688978838366817280,28,0,log,False,0,2.3889,0.90604,2.4249,0.094567,0.16605,0.054748,0.081567,0.00077342,5583.3,25.236,3449,9.9999,True,True
GAIA DR3 4688978838366817280,4688978838366817280,28,0,log,True,2,3.7516,0.45771,1.8509,0.092505,0.4249,0.049178,0.059808,0.0008846,5073.4,25.236,3449,9.9999,True,True
GAIA DR3 4688978838366817280,4688978838366817280,28,0,lin,False,0,14.021,0.097083,1.1055,0.066789,1.185,0.012447,0.025141,0.0049816,11008,25.236,3449,9.9999,False,True
GAIA DR3 4688978838366817280,4688978838366817280,28,0,lin,True,2,13.651,0.10868,1.283,0.092968,0.71458,0.0076887,0.019943,0.0027068,16051,25.236,3449,9.9999,False,True
GAIA DR3 4688978838366817280,4688978838366817280,67,0,log,False,0,2.0954,0.87987,2.0969,0.094757,0.14936,0.060928,0.068298,0.00083849,5887,27.75,11490,3.3334,True,True
GAIA DR3 4688978838366817280,4688978838366817280,67,0,log,True,0,2.0954,0.87987,2.0969,0.094757,0.14936,0.060928,0.068298,0.00083849,5887,27.75,11490,3.3334,True,True
GAIA DR3 4688978838366817280,4688978838366817280,67,0,lin,False,0,5.5151,0.23533,1.1348,0.073718,0.21033,0.015798,0.022583,0.0034662,13310,27.75,11490,3.3334,True,True
GAIA DR3 4688978838366817280,4688978838366817280,67,0,lin,True,0,5.5151,0.23533,1.1348,0.073718,0.21033,0.015798,0.022583,0.0034662,13310,27.75,11490,3.3334,True,True
GAIA DR3 4688978838366817280,4688978838366817280,68,0,log,False,0,1.9625,1.1294,2.5961,0.13194,0.12049,0.061883,0.10165,0.0010127,4937.5,27.525,11218,3.3333,True,True
GAIA DR3 4688978838366817280,4688978838366817280,68,0,log,True,3,2.001,0.96454,2.6446,0.1315,0.13599,0.057233,0.11237,0.00098315,4295.4,27.525,11218,3.3333,True,True
GAIA DR3 4688978838366817280,4688978838366817280,68,0,lin,False,0,2.8817,0.89735,1.9758,0.14637,0.044882,0.02052,0.046784,0.0031749,10356,27.525,11218,3.3333,True,True
GAIA DR3 4688978838366817280,4688978838366817280,68,0,lin,True,2,4.097,0.42296,1.4576,0.13552,0.085366,0.014342,0.026402,0.0026436,13670,27.525,11218,3.3333,True,True
GAIA DR3 4688980414561766016,4688980414561766016,27,0,log,False,0,0.55054,0.61061,2.3888,0.089495,0.064672,0.0718,0.20375,0.00066838,1197.1,24.354,3350,10,True,True
GAIA DR3 4688980414561766016,4688980414561766016,27,0,log,True,0,0.55054,0.61061,2.3888,0.089495,0.064672,0.0718,0.20375,0.00066838,1197.1,24.354,3350,10,True,True
GAIA DR3 4688980414561766016,4688980414561766016,27,0,lin,False,0,3.0752,0.086884,1.2427,0.10132,0.46057,0.017146,0.044751,0.0012036,5557.6,24.354,3350,10,False,True
GAIA DR3 4688980414561766016,4688980414561766016,27,0,lin,True,0,3.0752,0.086884,1.2427,0.10132,0.46057,0.017146,0.044751,0.0012036,5557.6,24.354,3350,10,False,True
GAIA DR3 4688980414561766016,4688980414561766016,28,0,log,False,0,1.0166,0.81956,2.2587,0.095662,0.088202,0.070769,0.11941,0.00078065,2761.6,25.236,3445,9.9999,True,True
GAIA DR3 4688980414561766016,4688980414561766016,28,0,log,True,0,1.0166,0.81956,2.2587,0.095662,0.088202,0.070769,0.11941,0.00078065,2761.6,25.236,3445,9.9999,True,True
GAIA DR3 4688980414561766016,4688980414561766016,28,0,lin,False,0,1.9043,0.44188,1.6529,0.10997,0.041131,0.014529,0.035665,0.001334,10671,25.236,3445,9.9999,True,True
GAIA DR3 4688980414561766016,4688980414561766016,28,0,lin,True,0,1.9043,0.44188,1.6529,0.10997,0.041131,0.014529,0.035665,0.001334,10671,25.236,3445,9.9999,True,True
GAIA DR3 4688980414561766016,4688980414561766016,67,0,log,False,0,1.902,0.29161,1.7851,0.096111,0.3385,0.051603,0.094,0.00075554,2296.5,27.75,11490,3.3334,True,True
GAIA DR3 4688980414561766016,4688980414561766016,67,0,log,True,0,1.902,0.29161,1.7851,0.096111,0.3385,0.051603,0.094,0.00075554,2296.5,27.75,11490,3.3334,True,True
GAIA DR3 4688980414561766016,4688980414561766016,67,0,lin,False,0,3.6733,0.1507,1.4021,0.10867,0.18841,0.010515,0.029577,0.0011739,11701,27.75,11490,3.3334,True,True
GAIA DR3 4688980414561766016,4688980414561766016,67,0,lin,True,0,3.6733,0.1507,1.4021,0.10867,0.18841,0.010515,0.029577,0.0011739,11701,27.75,11490,3.3334,True,True
GAIA DR3 4688980414561766016,4688980414561766016,68,0,log,False,0,2.3329,0.76393,1.6386,0.097754,0.21371,0.080548,0.058066,0.0013837,5400.7,27.525,11215,3.3333,True,True
GAIA DR3 4688980414561766016,4688980414561766016,68,0,log,True,0,2.3329,0.76393,1.6386,0.097754,0.21371,0.080548,0.058066,0.0013837,5400.7,27.525,11215,3.3333,True,True
GAIA DR3 4688980414561766016,4688980414561766016,68,0,lin,False,0,6.9106,0.18395,1.0365,0.075411,0.38826,0.01877,0.025236,0.0051254,11044,27.525,11215,3.3333,True,True
GAIA DR3 4688980414561766016,4688980414561766016,68,0,lin,True,0,6.9106,0.18395,1.0365,0.075411,0.38826,0.01877,0.025236,0.0051254,11044,27.525,11215,3.3333,True,True
GAIA DR3 4688986534938381184,4688986534938381184,27,0,log,False,0,12.543,0.32652,1.7831,0.68661,4.5393,0.12112,0.21125,0.012718,435.42,4.9931,317,10,True,True
GAIA DR3 4688986534938381184,4688986534938381184,27,0,log,True,0,12.543,0.32652,1.7831,0.68661,4.5393,0.12112,0.21125,0.012718,435.42,4.9931,317,10,True,True
GAIA DR3 4688986534938381184,4688986534938381184,27,0,lin,False,0,11.057,0.39136,1.8693,0.82158,0.41843,0.020936,0.078577,0.012682,2527.3,4.9931,317,10,True,True
GAIA DR3 4688986534938381184,4688986534938381184,27,0,lin,True,0,11.057,0.39136,1.8693,0.82158,0.41843,0.020936,0.078577,0.012682,2527.3,4.9931,317,10,True,True
GAIA DR3 4688986534938381184,4688986534938381184,67,0,log,False,0,9.4444,0.44265,1.93,0.39884,1.1118,0.050411,0.07883,0.0032283,3663.8,27.713,10699,3.3334,True,True
GAIA DR3 4688986534938381184,4688986534938381184,67,0,log,True,0,9.4444,0.44265,1.93,0.39884,1.1118,0.050411,0.07883,0.0032283,3663.8,27.713,10699,3.3334,True,True
GAIA DR3 4688986534938381184,4688986534938381184,67,0,lin,False,0,16.042,0.3057,1.7508,0.46957,0.37726,0.0099376,0.035529,0.0074551,12133,27.713,10699,3.3334,True,True
GAIA DR3 4688986534938381184,4688986534938381184,67,0,lin,True,0,16.042,0.3057,1.7508,0.46957,0.37726,0.0099376,0.035529,0.0074551,12133,27.713,10699,3.3334,True,True
GAIA DR3 4688986534938381184,4688986534938381184,68,0,log,False,0,32.515,0.097712,1.2455,0.16641,13.039,0.039993,0.037361,0.0033812,6211.8,26.19,8438,3.3333,False,True
GAIA DR3 4688986534938381184,4688986534938381184,68,0,log,True,0,32.515,0.097712,1.2455,0.16641,13.039,0.039993,0.037361,0.0033812,6211.8,26.19,8438,3.3333,False,True
GAIA DR3 4688986534938381184,4688986534938381184,68,0,lin,False,0,20.483,0.21874,1.4615,0.23089,0.54199,0.0083644,0.022262,0.0063692,16179,26.19,8438,3.3333,True,True
GAIA DR3 4688986534938381184,4688986534938381184,68,0,lin,True,0,20.483,0.21874,1.4615,0.23089,0.54199,0.0083644,0.022262,0.0063692,16179,26.19,8438,3.3333,True,True
GAIA DR3 4689002851458876800,4689002851458876800,28,0,log,False,0,2.1489,0.52839,1.9973,0.33188,0.28313,0.076653,0.15484,0.0025285,1302.4,25.236,3449,9.9999,True,True
GAIA DR3 4689002851458876800,4689002851458876800,28,0,log,True,0,2.1489,0.52839,1.9973,0.33188,0.28313,0.076653,0.15484,0.0025285,1302.4,25.236,3449,9.9999,True,True
GAIA DR3 4689002851458876800,4689002851458876800,28,0,lin,False,0,74.711,0.02,1.3718,0.38949,55.207,0.012619,0.040768,0.0032078,8008.7,25.236,3449,9.9999,False,True
GAIA DR3 4689002851458876800,4689002851458876800,28,0,lin,True,0,74.711,0.02,1.3718,0.38949,55.207,0.012619,0.040768,0.0032078,8008.7,25.236,3449,9.9999,False,True
GAIA DR3 4689002851458876800,4689002851458876800,67,0,log,False,0,3.882,0.38654,1.6481,0.25478,0.58097,0.064678,0.085155,0.0023396,2534.9,27.75,11490,3.3334,True,True
GAIA DR3 4689002851458876800,4689002851458876800,67,0,log,True,0,3.882,0.38654,1.6481,0.25478,0.58097,0.064678,0.085155,0.0023396,2534.9,27.75,11490,3.3334,True,True
GAIA DR3 4689002851458876800,4689002851458876800,67,0,lin,False,0,4.4922,0.45821,1.8886,0.3059,0.088643,0.012825,0.043425,0.0030986,10447,27.75,11490,3.3334,True,True
GAIA DR3 4689002851458876800,4689002851458876800,67,0,lin,True,0,4.4922,0.45821,1.8886,0.3059,0.088643,0.012825,0.043425,0.0030986,10447,27.75,11490,3.3334,True,True
GAIA DR3 4689002851458876800,4689002851458876800,68,0,log,False,0,8.4786,0.74978,2.1283,0.47057,0.68751,0.059076,0.082033,0.0038422,4458.1,27.525,11212,3.3333,True,True
GAIA DR3 4689002851458876800,4689002851458876800,68,0,log,True,0,8.4786,0.74978,2.1283,0.47057,0.68751,0.059076,0.082033,0.0038422,4458.1,27.525,11212,3.3333,True,True
GAIA DR3 4689002851458876800,4689002851458876800,68,0,lin,False,0,19.576,0.2604,1.2779,0.46746,0.59185,0.01294,0.022874,0.0099832,14171,27.525,11212,3.3333,True,True
GAIA DR3 4689002851458876800,4689002851458876800,68,0,lin,True,0,19.576,0.2604,1.2779,0.46746,0.59185,0.01294,0.022874,0.0099832,14171,27.525,11212,3.3333,True,True
GAIA DR3 4689003027613801216,4689003027613801216,28,0,log,False,0,17.165,0.1208,1.7031,0.097548,6.4787,0.035088,0.054489,0.00090335,4250.3,25.236,3445,9.9999,False,True
GAIA DR3 4689003027613801216,4689003027613801216,28,0,log,True,0,17.165,0.1208,1.7031,0.097548,6.4787,0.035088,0.054489,0.00090335,4250.3,25.236,3445,9.9999,False,True
GAIA DR3 4689003027613801216,4689003027613801216,28,0,lin,False,0,10.843,0.22574,2.0309,0.12271,0.22348,0.0054318,0.033771,0.0028033,15506,25.236,3445,9.9999,True,True
GAIA DR3 4689003027613801216,4689003027613801216,28,0,lin,True,0,10.843,0.22574,2.0309,0.12271,0.22348,0.0054318,0.033771,0.0028033,15506,25.236,3445,9.9999,True,True
GAIA DR3 4689003027613801216,4689003027613801216,67,0,log,False,0,5.6282,0.36964,1.5855,0.12243,0.74815,0.051023,0.049504,0.0014282,5610.1,27.75,11490,3.3334,True,True
GAIA DR3 4689003027613801216,4689003027613801216,67,0,log,True,0,5.6282,0.36964,1.5855,0.12243,0.74815,0.051023,0.049504,0.0014282,5610.1,27.75,11490,3.3334,True,True
GAIA DR3 4689003027613801216,4689003027613801216,67,0,lin,False,0,26.868,0.054695,1.105,0.11486,2.5853,0.0070602,0.017206,0.0038189,17634,27.75,11490,3.3334,False,True
GAIA DR3 4689003027613801216,4689003027613801216,67,0,lin,True,0,26.868,0.054695,1.105,0.11486,2.5853,0.0070602,0.017206,0.0038189,17634,27.75,11490,3.3334,False,True
GAIA DR3 4689003027613801216,4689003027613801216,68,0,log,False,0,5.6464,0.29366,1.6503,0.095379,0.86736,0.043207,0.050317,0.00097224,5402.9,27.525,11218,3.3333,True,True
GAIA DR3 4689003027613801216,4689003027613801216,68,0,log,True,0,5.6464,0.29366,1.6503,0.095379,0.86736,0.043207,0.050317,0.00097224,5402.9,27.525,11218,3.3333,True,True
GAIA DR3 4689003027613801216,4689003027613801216,68,0,lin,False,0,5.0625,0.42298,2.1516,0.12521,0.057852,0.0062956,0.03189,0.0019538,17875,27.525,11218,3.3333,True,True
GAIA DR3 4689003027613801216,4689003027613801216,68,0,lin,True,0,5.0625,0.42298,2.1516,0.12521,0.057852,0.0062956,0.03189,0.0019538,17875,27.525,11218,3.3333,True,True
GAIA DR3 4689018661298288000,4689018661298288000,28,0,log,False,0,3.5727,0.1029,1.3046,0.189,2.2447,0.07185,0.11653,0.0020026,925.71,25.236,3449,9.9999,False,True
GAIA DR3 4689018661298288000,4689018661298288000,28,0,log,True,0,3.5727,0.1029,1.3046,0.189,2.2447,0.07185,0.11653,0.0020026,925.71,25.236,3449,9.9999,False,True
GAIA DR3 4689018661298288000,4689018661298288000,28,0,lin,False,0,3.0291,0.20491,1.7625,0.22964,0.18083,0.015264,0.067543,0.0018226,5009,25.236,3449,9.9999,True,True
GAIA DR3 4689018661298288000,4689018661298288000,28,0,lin,True,0,3.0291,0.20491,1.7625,0.22964,0.18083,0.015264,0.067543,0.0018226,5009,25.236,3449,9.9999,True,True
GAIA DR3 4689018661298288000,4689018661298288000,67,0,log,False,0,5.6285,0.053082,1.1296,0.097322,4.9846,0.052485,0.070377,0.0014436,2066.4,27.75,11490,3.3334,False,True
GAIA DR3 4689018661298288000,4689018661298288000,67,0,log,True,0,5.6285,0.053082,1.1296,0.097322,4.9846,0.052485,0.070377,0.0014436,2066.4,27.75,11490,3.3334,False,True
GAIA DR3 4689018661298288000,4689018661298288000,67,0,lin,False,0,15.093,0.02,1.0627,0.11372,6.122,0.0094966,0.027541,0.0014882,10098,27.75,11490,3.3334,False,True
GAIA DR3 4689018661298288000,4689018661298288000,67,0,lin,True,0,15.093,0.02,1.0627,0.11372,6.122,0.0094966,0.027541,0.0014882,10098,27.75,11490,3.3334,False,True
GAIA DR3 4689018661298288000,4689018661298288000,68,0,log,False,0,1.9392,0.65225,1.7676,0.11268,0.17628,0.065358,0.066788,0.0010595,4566.9,27.525,11218,3.3333,True,True
GAIA DR3 4689018661298288000,4689018661298288000,68,0,log,True,0,1.9392,0.65225,1.7676,0.11268,0.17628,0.065358,0.066788,0.0010595,4566.9,27.525,11218,3.3333,True,True
GAIA DR3 4689018661298288000,4689018661298288000,68,0,lin,False,0,4.3161,0.24661,1.2512,0.11713,0.15144,0.014297,0.024757,0.0023997,12710,27.525,11218,3.3333,True,True
GAIA DR3 4689018661298288000,4689018661298288000,68,0,lin,True,0,4.3161,0.24661,1.2512,0.11713,0.15144,0.014297,0.024757,0.0023997,12710,27.525,11218,3.3333,True,True
GAIA DR3 4689033539046230400,4689033539046230400,27,0,log,False,0,60.996,0.02,1.2966,0.10076,168.95,0.045827,0.052275,0.0013518,3414.5,24.354,3351,10,False,True
GAIA DR3 4689033539046230400,4689033539046230400,27,0,log,True,0,60.996,0.02,1.2966,0.10076,168.95,0.045827,0.052275,0.0013518,3414.5,24.354,3351,10,False,True
GAIA DR3 4689033539046230400,4689033539046230400,27,0,lin,False,0,1247.6,0.02,2.4123,0.14715,1290.6,0.0090003,0.021882,0.0015008,30183,24.354,3351,10,False,True
GAIA DR3 4689033539046230400,4689033539046230400,27,0,lin,True,0,1247.6,0.02,2.4123,0.14715,1290.6,0.0090003,0.021882,0.0015008,30183,24.354,3351,10,False,True
GAIA DR3 4689033539046230400,4689033539046230400,28,0,log,False,0,135.52,0.02,1.3895,0.11796,396.75,0.044518,0.044359,0.0014119,4526.2,25.236,3449,9.9999,False,True
GAIA DR3 4689033539046230400,4689033539046230400,28,0,log,True,0,135.52,0.02,1.3895,0.11796,396.75,0.044518,0.044359,0.0014119,4526.2,25.236,3449,9.9999,False,True
GAIA DR3 4689033539046230400,4689033539046230400,28,0,lin,False,0,221.9,0.02,1.5312,0.15139,74.557,0.005016,0.016468,0.0022473,24068,25.236,3449,9.9999,False,True
GAIA DR3 4689033539046230400,4689033539046230400,28,0,lin,True,0,221.9,0.02,1.5312,0.15139,74.557,0.005016,0.016468,0.0022473,24068,25.236,3449,9.9999,False,True
GAIA DR3 4689033539046230400,4689033539046230400,67,0,log,False,0,17.182,0.12734,1.2432,0.11696,5.2544,0.041615,0.036562,0.0023751,6715.5,27.75,11490,3.3334,False,True
GAIA DR3 4689033539046230400,4689033539046230400,67,0,log,True,0,17.182,0.12734,1.2432,0.11696,5.2544,0.041615,0.036562,0.0023751,6715.5,27.75,11490,3.3334,False,True
GAIA DR3 4689033539046230400,4689033539046230400,67,0,lin,False,0,150.01,0.02,1.257,0.16986,42.822,0.0054273,0.017021,0.0041008,20215,27.75,11490,3.3334,False,True
GAIA DR3 4689033539046230400,4689033539046230400,67,0,lin,True,0,150.01,0.02,1.257,0.16986,42.822,0.0054273,0.017021,0.0041008,20215,27.75,11490,3.3334,False,True
GAIA DR3 4689033539046230400,4689033539046230400,68,0,log,False,0,9.4701,0.71005,1.5381,0.25092,0.83838,0.073085,0.044736,0.0043209,7458.1,27.525,11218,3.3333,True,True
GAIA DR3 4689033539046230400,4689033539046230400,68,0,log,True,0,9.4701,0.71005,1.5381,0.25092,0.83838,0.073085,0.044736,0.0043209,7458.1,27.525,11218,3.3333,True,True
GAIA DR3 4689033539046230400,4689033539046230400,68,0,lin,False,0,113.33,0.02,0.88551,0.12495,27.102,0.0070379,0.0184,0.017282,14992,27.525,11218,3.3333,False,True
GAIA DR3 4689033539046230400,4689033539046230400,68,0,lin,True,0,113.33,0.02,0.88551,0.12495,27.102,0.0070379,0.0184,0.017282,14992,27.525,11218,3.3333,False,True
GAIA DR3 4689037181200454656,4689037181200454656,27,0,log,False,0,2.2229,0.23055,2.1595,0.072449,0.47979,0.040155,0.12476,0.00051672,1918.7,24.354,3351,10,True,True
GAIA DR3 4689037181200454656,4689037181200454656,27,0,log,True,0,2.2229,0.23055,2.1595,0.072449,0.47979,0.040155,0.12476,0.00051672,1918.7,24.354,3351,10,True,True
GAIA DR3 4689037181200454656,4689037181200454656,27,0,lin,False,0,2.7247,0.26479,17.249,0.092346,0.025514,0.001066,1.0192,0.0013891,8952,24.354,3351,10,True,True
GAIA DR3 4689037181200454656,4689037181200454656,27,0,lin,True,8,2.6504,0.27164,15.845,0.088642,0.023379,0.0010779,0.84419,0.0012827,9786.6,24.354,3351,10,True,True
GAIA DR3 4689037181200454656,4689037181200454656,28,0,log,False,0,1.6091,0.2856,3.0257,0.063892,0.26118,0.031807,0.2179,0.00043005,1638.9,25.236,3449,9.9999,True,True
GAIA DR3 4689037181200454656,4689037181200454656,28,0,log,True,0,1.6091,0.2856,3.0257,0.063892,0.26118,0.031807,0.2179,0.00043005,1638.9,25.236,3449,9.9999,True,True
GAIA DR3 4689037181200454656,4689037181200454656,28,0,lin,False,0,1.465,0.34152,4.447,0.076991,0.014245,0.0027982,0.10942,0.00061146,13283,25.236,3449,9.9999,True,True
GAIA DR3 4689037181200454656,4689037181200454656,28,0,lin,True,0,1.465,0.34152,4.447,0.076991,0.014245,0.0027982,0.10942,0.00061146,13283,25.236,3449,9.9999,True,True
GAIA DR3 4689037181200454656,4689037181200454656,67,0,log,False,0,18.815,0.24983,1.9303,0.11232,2.9201,0.029571,0.043551,0.00094872,7467.9,27.75,11490,3.3334,True,True
GAIA DR3 4689037181200454656,4689037181200454656,67,0,log,True,0,18.815,0.24983,1.9303,0.11232,2.9201,0.029571,0.043551,0.00094872,7467.9,27.75,11490,3.3334,True,True
GAIA DR3 4689037181200454656,4689037181200454656,67,0,lin,False,0,23.974,0.2382,2.0693,0.14406,0.44803,0.0052136,0.033294,0.0062493,16823,27.75,11490,3.3334,True,True
GAIA DR3 4689037181200454656,4689037181200454656,67,0,lin,True,0,23.974,0.2382,2.0693,0.14406,0.44803,0.0052136,0.033294,0.0062493,16823,27.75,11490,3.3334,True,True
GAIA DR3 4689037181200454656,4689037181200454656,68,0,log,False,0,1.408,0.35956,1.4926,0.093173,0.23177,0.07094,0.078697,0.00098644,2544.1,27.525,11216,3.3333,True,True
GAIA DR3 4689037181200454656,4689037181200454656,68,0,log,True,0,1.408,0.35956,1.4926,0.093173,0.23177,0.07094,0.078697,0.00098644,2544.1,27.525,11216,3.3333,True,True
GAIA DR3 4689037181200454656,4689037181200454656,68,0,lin,False,0,2.0104,0.2939,1.5613,0.11304,0.065384,0.014074,0.038112,0.0012072,9394.5,27.525,11216,3.3333,True,True
GAIA DR3 4689037181200454656,4689037181200454656,68,0,lin,True,0,2.0104,0.2939,1.5613,0.11304,0.065384,0.014074,0.038112,0.0012072,9394.5,27.525,11216,3.3333,True,True
GAIA DR3 4689054670286883968,4689054670286883968,27,0,log,False,0,0.37879,0.6678,3.6663,0.093608,0.039043,0.056141,0.47214,0.00064111,795.49,24.354,3351,10,True,True
GAIA DR3 4689054670286883968,4689054670286883968,27,0,log,True,0,0.37879,0.6678,3.6663,0.093608,0.039043,0.056141,0.47214,0.00064111,795.49,24.354,3351,10,True,True
GAIA DR3 4689054670286883968,4689054670286883968,27,0,lin,False,0,0.38363,0.75401,30,0.11243,0.0056386,0.0044232,4.5986,0.00067597,4082.1,24.354,3351,10,True,True
GAIA DR3 4689054670286883968,4689054670286883968,27,0,lin,True,0,0.38363,0.75401,30,0.11243,0.0056386,0.0044232,4.5986,0.00067597,4082.1,24.354,3351,10,True,True
GAIA DR3 4689054670286883968,4689054670286883968,28,0,log,False,0,3.8235,0.3961,1.5735,0.10213,0.52453,0.058225,0.055513,0.001267,4682.6,25.236,3446,9.9999,True,True
GAIA DR3 4689054670286883968,4689054670286883968,28,0,log,True,0,3.8235,0.3961,1.5735,0.10213,0.52453,0.058225,0.055513,0.001267,4682.6,25.236,3446,9.9999,True,True
GAIA DR3 4689054670286883968,4689054670286883968,28,0,lin,False,0,4.1039,0.47652,1.7668,0.12749,0.066016,0.011349,0.03144,0.0023731,13479,25.236,3446,9.9999,True,True
GAIA DR3 4689054670286883968,4689054670286883968,28,0,lin,True,0,4.1039,0.47652,1.7668,0.12749,0.066016,0.011349,0.03144,0.0023731,13479,25.236,3446,9.9999,True,True
GAIA DR3 4689054670286883968,4689054670286883968,67,0,log,False,0,0.49342,0.53385,2.6579,0.075265,0.054447,0.054307,0.22274,0.00048234,1328.9,27.75,11489,3.3334,True,True
GAIA DR3 4689054670286883968,4689054670286883968,67,0,log,True,0,0.49342,0.53385,2.6579,0.075265,0.054447,0.054307,0.22274,0.00048234,1328.9,27.75,11489,3.3334,True,True
GAIA DR3 4689054670286883968,4689054670286883968,67,0,lin,False,0,12.493,0.02,1.2485,0.084728,7.5231,0.011545,0.036112,0.00074858,8416.7,27.75,11489,3.3334,False,True
GAIA DR3 4689054670286883968,4689054670286883968,67,0,lin,True,0,12.493,0.02,1.2485,0.084728,7.5231,0.011545,0.036112,0.00074858,8416.7,27.75,11489,3.3334,False,True
GAIA DR3 4689054670286883968,4689054670286883968,68,0,log,False,0,0.95965,0.49055,1.5933,0.071791,0.12204,0.074262,0.078759,0.0007311,2908.1,27.525,11218,3.3333,True,True
GAIA DR3 4689054670286883968,4689054670286883968,68,0,log,True,0,0.95965,0.49055,1.5933,0.071791,0.12204,0.074262,0.078759,0.0007311,2908.1,27.525,11218,3.3333,True,True
GAIA DR3 4689054670286883968,4689054670286883968,68,0,lin,False,0,1.7104,0.24197,1.2238,0.078952,0.068174,0.016136,0.026836,0.001073,11319,27.525,11218,3.3333,True,True
GAIA DR3 4689054670286883968,4689054670286883968,68,0,lin,True,0,1.7104,0.24197,1.2238,0.078952,0.068174,0.016136,0.026836,0.001073,11319,27.525,11218,3.3333,True,True
GAIA DR3 4689054945164735616,4689054945164735616,27,0,log,False,0,3.781,0.58036,3.9853,0.30169,0.32285,0.033667,0.30135,0.0019456,2118.8,24.354,3350,10,True,True
GAIA DR3 4689054945164735616,4689054945164735616,27,0,log,True,0,3.781,0.58036,3.9853,0.30169,0.32285,0.033667,0.30135,0.0019456,2118.8,24.354,3350,10,True,True
GAIA DR3 4689054945164735616,4689054945164735616,27,0,lin,False,0,5.2358,0.46558,2.8001,0.34973,0.068738,0.0069901,0.066188,0.0030599,11246,24.354,3350,10,True,True
GAIA DR3 4689054945164735616,4689054945164735616,27,0,lin,True,0,5.2358,0.46558,2.8001,0.34973,0.068738,0.0069901,0.066188,0.0030599,11246,24.354,3350,10,True,True
GAIA DR3 4689054945164735616,4689054945164735616,28,0,log,False,0,42.836,0.30678,1.5432,0.86044,6.7518,0.049979,0.050808,0.010258,4978.7,25.236,3449,9.9999,True,True
GAIA DR3 4689054945164735616,4689054945164735616,28,0,log,True,0,42.836,0.30678,1.5432,0.86044,6.7518,0.049979,0.050808,0.010258,4978.7,25.236,3449,9.9999,True,True
GAIA DR3 4689054945164735616,4689054945164735616,28,0,lin,False,0,46.006,0.41094,2.1237,1.1613,0.67489,0.0078743,0.039319,0.021859,13546,25.236,3449,9.9999,True,True
GAIA DR3 4689054945164735616,4689054945164735616,28,0,lin,True,0,46.006,0.41094,2.1237,1.1613,0.67489,0.0078743,0.039319,0.021859,13546,25.236,3449,9.9999,True,True
GAIA DR3 4689054945164735616,4689054945164735616,67,0,log,False,0,4.5188,0.37094,1.6046,0.1884,0.66741,0.059651,0.06853,0.0019459,3450.8,27.75,11490,3.3334,True,True
GAIA DR3 4689054945164735616,4689054945164735616,67,0,log,True,0,4.5188,0.37094,1.6046,0.1884,0.66741,0.059651,0.06853,0.0019459,3450.8,27.75,11490,3.3334,True,True
GAIA DR3 4689054945164735616,4689054945164735616,67,0,lin,False,0,5.0184,0.41338,1.9111,0.23869,0.08262,0.0094436,0.035399,0.0025559,13673,27.75,11490,3.3334,True,True
GAIA DR3 4689054945164735616,4689054945164735616,67,0,lin,True,0,5.0184,0.41338,1.9111,0.23869,0.08262,0.0094436,0.035399,0.0025559,13673,27.75,11490,3.3334,True,True
GAIA DR3 4689054945164735616,4689054945164735616,68,0,log,False,0,9.5811,0.49473,1.5284,0.25687,1.0631,0.061796,0.047777,0.0035766,6178.7,27.525,11182,3.3333,True,True
GAIA DR3 4689054945164735616,4689054945164735616,68,0,log,True,0,9.5811,0.49473,1.5284,0.25687,1.0631,0.061796,0.047777,0.0035766,6178.7,27.525,11182,3.3333,True,True
GAIA DR3 4689054945164735616,4689054945164735616,68,0,lin,False,0,11.853,0.42151,1.3766,0.2816,0.23768,0.014223,0.022855,0.0074762,15243,27.525,11182,3.3333,True,True
GAIA DR3 4689054945164735616,4689054945164735616,68,0,lin,True,0,11.853,0.42151,1.3766,0.2816,0.23768,0.014223,0.022855,0.0074762,15243,27.525,11182,3.3333,True,True
GAIA DR3 4689057346006300544,4689057346006300544,27,0,log,False,0,1.4158,0.53174,2.4047,0.089187,0.15732,0.05248,0.13518,0.00068417,2356.4,24.354,3351,10,True,True
GAIA DR3 4689057346006300544,4689057346006300544,27,0,log,True,4,0.51078,0.33369,1.4536,0.087534,0.12859,0.11079,0.14965,0.0009218,738.83,24.354,3351,10,True,True
GAIA DR3 4689057346006300544,4689057346006300544,27,0,lin,False,0,2.0378,0.57961,3.1554,0.10882,0.037754,0.011883,0.12659,0.0022226,5916.9,24.354,3351,10,True,True
GAIA DR3 4689057346006300544,4689057346006300544,27,0,lin,True,0,2.0378,0.57961,3.1554,0.10882,0.037754,0.011883,0.12659,0.0022226,5916.9,24.354,3351,10,True,True
GAIA DR3 4689057346006300544,4689057346006300544,28,0,log,False,0,4.2961,0.40473,1.6157,0.09686,0.54395,0.053062,0.050845,0.0011447,5477.2,25.236,3449,9.9999,True,True
GAIA DR3 4689057346006300544,4689057346006300544,28,0,log,True,0,4.2961,0.40473,1.6157,0.09686,0.54395,0.053062,0.050845,0.0011447,5477.2,25.236,3449,9.9999,True,True
GAIA DR3 4689057346006300544,4689057346006300544,28,0,lin,False,0,4.797,0.43715,1.8024,0.12293,0.07896,0.010413,0.032219,0.0025691,13458,25.236,3449,9.9999,True,True
GAIA DR3 4689057346006300544,4689057346006300544,28,0,lin,True,0,4.797,0.43715,1.8024,0.12293,0.07896,0.010413,0.032219,0.0025691,13458,25.236,3449,9.9999,True,True
GAIA DR3 4689057346006300544,4689057346006300544,67,0,log,False,0,16.07,0.30328,1.9611,0.13097,2.1306,0.031724,0.046035,0.0010977,7308.3,27.75,11490,3.3334,True,True
GAIA DR3 4689057346006300544,4689057346006300544,67,0,log,True,0,16.07,0.30328,1.9611,0.13097,2.1306,0.031724,0.046035,0.0010977,7308.3,27.75,11490,3.3334,True,True
GAIA DR3 4689057346006300544,4689057346006300544,67,0,lin,False,0,21.899,0.27806,2.2611,0.17639,0.32439,0.0047674,0.036012,0.0062465,17275,27.75,11490,3.3334,True,True
GAIA DR3 4689057346006300544,4689057346006300544,67,0,lin,True,0,21.899,0.27806,2.2611,0.17639,0.32439,0.0047674,0.036012,0.0062465,17275,27.75,11490,3.3334,True,True
GAIA DR3 4689057346006300544,4689057346006300544,68,0,log,False,0,2.2928,0.59729,1.7568,0.10532,0.22947,0.064207,0.065545,0.001073,4539.5,27.525,11218,3.3333,True,True
GAIA DR3 4689057346006300544,4689057346006300544,68,0,log,True,1,1.2778,0.78355,1.9846,0.10515,0.11367,0.074303,0.092819,0.00093942,3313.8,27.525,11218,3.3333,True,True
GAIA DR3 4689057346006300544,4689057346006300544,68,0,lin,False,0,2.916,0.60937,2.0875,0.13384,0.05314,0.015419,0.054865,0.0026444,9019.6,27.525,11218,3.3333,True,True
GAIA DR3 4689057346006300544,4689057346006300544,68,0,lin,True,0,2.916,0.60937,2.0875,0.13384,0.05314,0.015419,0.054865,0.0026444,9019.6,27.525,11218,3.3333,True,True
GAIA DR3 4689058892200836096,4689058892200836096,27,0,log,False,0,1.1174,1.2587,2.1698,0.15789,0.084131,0.10343,0.12211,0.0014995,2667.3,24.354,3351,10,True,True
GAIA DR3 4689058892200836096,4689058892200836096,27,0,log,True,6,2.5228,0.14843,1.5239,0.15803,1.142,0.069572,0.13617,0.0014311,859.72,24.354,3351,10,False,True
GAIA DR3 4689058892200836096,4689058892200836096,27,0,lin,False,0,1.4951,1.5398,2.709,0.18973,0.037482,0.048958,0.14905,0.0043545,3356.5,24.354,3351,10,True,True
GAIA DR3 4689058892200836096,4689058892200836096,27,0,lin,True,5,2.3997,0.20352,1.7405,0.19151,0.14214,0.015148,0.065056,0.0014153,5146.7,24.354,3351,10,True,True
GAIA DR3 4689058892200836096,4689058892200836096,28,0,log,False,0,3.4471,0.34191,1.5617,0.14273,0.55652,0.06083,0.069443,0.0015307,3183.5,25.236,3449,9.9999,True,True
GAIA DR3 4689058892200836096,4689058892200836096,28,0,log,True,1,3.4126,0.34643,1.5631,0.14163,0.54605,0.061146,0.069365,0.0015258,3199,25.236,3449,9.9999,True,True
GAIA DR3 4689058892200836096,4689058892200836096,28,0,lin,False,0,6.3142,0.23794,1.5166,0.16828,0.25237,0.013656,0.038319,0.0033644,8772.2,25.236,3449,9.9999,True,True
GAIA DR3 4689058892200836096,4689058892200836096,28,0,lin,True,0,6.3142,0.23794,1.5166,0.16828,0.25237,0.013656,0.038319,0.0033644,8772.2,25.236,3449,9.9999,True,True
GAIA DR3 4689058892200836096,4689058892200836096,67,0,log,False,0,0.85493,0.99281,1.9679,0.12788,0.073121,0.09826,0.11444,0.0011633,2437.1,27.75,11490,3.3334,True,True
GAIA DR3 4689058892200836096,4689058892200836096,67,0,log,True,6,14.722,0.02,1.2897,0.12885,56.292,0.06572,0.11302,0.00122,936.79,27.75,11490,3.3334,False,True
GAIA DR3 4689058892200836096,4689058892200836096,67,0,lin,False,0,1.1378,1.4256,2.8169,0.15465,0.030109,0.046881,0.1676,0.0033428,3049.3,27.75,11490,3.3334,True,True
GAIA DR3 4689058892200836096,4689058892200836096,67,0,lin,True,5,1.98,0.18835,1.7296,0.15561,0.11875,0.013931,0.060566,0.0010158,5911.6,27.75,11490,3.3334,True,True
GAIA DR3 4689058892200836096,4689058892200836096,68,0,log,False,0,7.1722,0.93131,1.5644,0.22208,0.57803,0.089469,0.04851,0.0044042,7220.5,27.525,11213,3.3333,True,True
GAIA DR3 4689058892200836096,4689058892200836096,68,0,log,True,0,7.1722,0.93131,1.5644,0.22208,0.57803,0.089469,0.04851,0.0044042,7220.5,27.525,11213,3.3333,True,True
GAIA DR3 4689058892200836096,4689058892200836096,68,0,lin,False,0,37.436,0.089696,0.87088,0.003,3.9312,0.017888,0.025135,0.027252,10550,27.525,11213,3.3333,False,True
GAIA DR3 4689058892200836096,4689058892200836096,68,0,lin,True,0,37.436,0.089696,0.87088,0.003,3.9312,0.017888,0.025135,0.027252,10550,27.525,11213,3.3333,False,True
GAIA DR3 4689058999614762368,4689058999614762368,27,0,log,False,0,0.34472,1.4565,3.567,0.10069,0.023359,0.086262,0.34047,0.00073388,1449.5,24.354,3351,10,True,True
GAIA DR3 4689058999614762368,4689058999614762368,27,0,log,True,4,0.73102,0.29839,1.8229,0.10063,0.17146,0.075852,0.18128,0.00078786,749.38,24.354,3351,10,True,True
GAIA DR3 4689058999614762368,4689058999614762368,27,0,lin,False,0,0.55855,1.3432,2.9523,0.11825,0.013603,0.039668,0.16722,0.0014686,3360.5,24.354,3351,10,True,True
GAIA DR3 4689058999614762368,4689058999614762368,27,0,lin,True,3,0.55777,0.93262,8.9598,0.12257,0.0097548,0.011458,0.81466,0.0011454,3664.1,24.354,3351,10,True,True
GAIA DR3 4689058999614762368,4689058999614762368,28,0,log,False,0,2.5994,0.43653,1.7163,0.14245,0.35736,0.064794,0.0824,0.0013882,2820.4,25.236,3449,9.9999,True,True
GAIA DR3 4689058999614762368,4689058999614762368,28,0,log,True,1,4,0.23847,1.5235,0.14274,0.90777,0.057475,0.075672,0.0015079,2522.9,25.236,3449,9.9999,True,True
GAIA DR3 4689058999614762368,4689058999614762368,28,0,lin,False,0,4.3658,0.29895,1.5067,0.16495,0.14058,0.014549,0.035668,0.0026808,9479.7,25.236,3449,9.9999,True,True
GAIA DR3 4689058999614762368,4689058999614762368,28,0,lin,True,0,4.3658,0.29895,1.5067,0.16495,0.14058,0.014549,0.035668,0.0026808,9479.7,25.236,3449,9.9999,True,True
GAIA DR3 4689061920192649984,4689061920192649984,27,0,log,False,0,0.24039,0.82834,3.3187,0.085679,0.024876,0.077995,0.45778,0.00060205,653.22,24.354,3350,10,True,True
GAIA DR3 4689061920192649984,4689061920192649984,27,0,log,True,1,0.11843,1.4989,30,0.085837,0.0076732,0.030121,14.046,0.00058091,524.8,24.354,3350,10,True,True
GAIA DR3 4689061920192649984,4689061920192649984,27,0,lin,False,0,0.32609,0.86441,3.3748,0.102,0.0096165,0.028296,0.24676,0.00080008,2337.4,24.354,3350,10,True,True
GAIA DR3 4689061920192649984,4689061920192649984,27,0,lin,True,0,0.32609,0.86441,3.3748,0.102,0.0096165,0.028296,0.24676,0.00080008,2337.4,24.354,3350,10,True,True
GAIA DR3 4689061920192649984,4689061920192649984,28,0,log,False,0,1.4655,0.50086,1.5761,0.075465,0.18167,0.072162,0.067786,0.00088686,3628.1,25.236,3448,9.9999,True,True
GAIA DR3 4689061920192649984,4689061920192649984,28,0,log,True,0,1.4655,0.50086,1.5761,0.075465,0.18167,0.072162,0.067786,0.00088686,3628.1,25.236,3448,9.9999,True,True
GAIA DR3 4689061920192649984,4689061920192649984,28,0,lin,False,0,2.4848,0.31596,1.4211,0.087427,0.069389,0.013975,0.028717,0.0014592,11589,25.236,3448,9.9999,True,True
GAIA DR3 4689061920192649984,4689061920192649984,28,0,lin,True,0,2.4848,0.31596,1.4211,0.087427,0.069389,0.013975,0.028717,0.0014592,11589,25.236,3448,9.9999,True,True
GAIA DR3 4689061920192649984,4689061920192649984,67,0,log,False,0,2.3556,0.43633,1.7502,0.10548,0.29655,0.057293,0.072742,0.00097385,3610,27.75,11490,3.3334,True,True
GAIA DR3 4689061920192649984,4689061920192649984,67,0,log,True,0,2.3556,0.43633,1.7502,0.10548,0.29655,0.057293,0.072742,0.00097385,3610,27.75,11490,3.3334,True,True
GAIA DR3 4689061920192649984,4689061920192649984,67,0,lin,False,0,13.236,0.042826,1.0149,0.098426,2.1669,0.009878,0.023063,0.0027728,12133,27.75,11490,3.3334,False,True
GAIA DR3 4689061920192649984,4689061920192649984,67,0,lin,True,0,13.236,0.042826,1.0149,0.098426,2.1669,0.009878,0.023063,0.0027728,12133,27.75,11490,3.3334,False,True
GAIA DR3 4689061920192649984,4689061920192649984,68,0,log,False,0,7.9254,1.0051,1.6191,0.16655,0.52962,0.076104,0.038893,0.0033152,10124,27.525,11125,3.3333,True,True
GAIA DR3 4689061920192649984,4689061920192649984,68,0,log,True,0,7.9254,1.0051,1.6191,0.16655,0.52962,0.076104,0.038893,0.0033152,10124,27.525,11125,3.3333,True,True
GAIA DR3 4689061920192649984,4689061920192649984,68,0,lin,False,0,26.318,0.16101,0.94076,1.0001e-07,1.4835,0.017534,0.021021,0.019468,13475,27.525,11125,3.3333,True,True
GAIA DR3 4689061920192649984,4689061920192649984,68,0,lin,True,0,26.318,0.16101,0.94076,1.0001e-07,1.4835,0.017534,0.021021,0.019468,13475,27.525,11125,3.3333,True,True
GAIA DR3 4689062298150064640,4689062298150064640,27,0,log,False,0,0.943,1.0589,2.8431,0.082594,0.064481,0.062743,0.14481,0.00062809,3370.5,24.354,3351,10,True,True
GAIA DR3 4689062298150064640,4689062298150064640,27,0,log,True,4,1.3972,0.38045,1.8371,0.081507,0.21721,0.060306,0.10119,0.00071312,2165,24.354,3351,10,True,True
GAIA DR3 4689062298150064640,4689062298150064640,27,0,lin,False,0,1.0923,1.131,27.042,0.10819,0.010969,0.0048641,2.7364,0.0016463,7329.9,24.354,3351,10,True,True
GAIA DR3 4689062298150064640,4689062298150064640,27,0,lin,True,5,1.0829,1.139,27.54,0.10237,0.010117,0.0045193,2.6192,0.0015263,8090.2,24.354,3351,10,True,True
GAIA DR3 4689062298150064640,4689062298150064640,28,0,log,False,0,1.0259,1.2667,2.8193,0.10579,0.063156,0.069696,0.13953,0.00080572,3631.6,25.236,3446,9.9999,True,True
GAIA DR3 4689062298150064640,4689062298150064640,28,0,log,True,0,1.0259,1.2667,2.8193,0.10579,0.063156,0.069696,0.13953,0.00080572,3631.6,25.236,3446,9.9999,True,True
GAIA DR3 4689062298150064640,4689062298150064640,28,0,lin,False,0,2.3004,0.52006,1.4647,0.11025,0.0585,0.021961,0.035906,0.00234,9187.2,25.236,3446,9.9999,True,True
GAIA DR3 4689062298150064640,4689062298150064640,28,0,lin,True,1,2.4848,0.40497,1.5236,0.11532,0.060181,0.015467,0.03265,0.0017482,10741,25.236,3446,9.9999,True,True
GAIA DR3 4689062298150064640,4689062298150064640,67,0,log,False,0,1.8909,0.71746,1.9167,0.10942,0.16804,0.066723,0.075967,0.0010142,4234.9,27.75,11490,3.3334,True,True
GAIA DR3 4689062298150064640,4689062298150064640,67,0,log,True,4,4.1293,0.20715,1.4439,0.10654,0.95003,0.050699,0.059995,0.0011751,3515.6,27.75,11490,3.3334,True,True
GAIA DR3 4689062298150064640,4689062298150064640,67,0,lin,False,0,4.4854,0.27018,1.2004,0.10261,0.19658,0.020456,0.030765,0.0037069,9392.3,27.75,11490,3.3334,True,True
GAIA DR3 4689062298150064640,4689062298150064640,67,0,lin,True,3,5.9101,0.16377,1.3083,0.12008,0.27474,0.011179,0.025959,0.0021449,12613,27.75,11490,3.3334,True,True
GAIA DR3 4689062298150064640,4689062298150064640,68,0,log,False,0,0.64575,1.4404,2.83,0.086593,0.038157,0.078507,0.15055,0.00066099,3363.4,27.525,11216,3.3333,True,True
GAIA DR3 4689062298150064640,4689062298150064640,68,0,log,True,4,0.71672,0.89565,2.3915,0.08576,0.058547,0.072458,0.13777,0.00066022,2532.8,27.525,11216,3.3333,True,True
GAIA DR3 4689062298150064640,4689062298150064640,68,0,lin,False,0,1.0092,1.1984,17.76,0.11573,0.013019,0.0080621,1.8282,0.0019486,5401.6,27.525,11216,3.3333,True,True
GAIA DR3 4689062298150064640,4689062298150064640,68,0,lin,True,4,1.0127,1.202,18.014,0.11082,0.012383,0.007615,1.7721,0.0018591,5865.9,27.525,11216,3.3333,True,True
GAIA DR3 4689074598938187776,4689074598938187776,27,0,log,False,0,0.067791,2.139,2.4492,0.086797,0.0080965,0.31323,0.48113,0.00074376,278.52,24.354,3351,10,True,True
GAIA DR3 4689074598938187776,4689074598938187776,27,0,log,True,1,0.48918,0.02,0.68187,0.083159,1.8367,0.14904,0.29206,0.003161,129,24.354,3351,10,False,True
GAIA DR3 4689074598938187776,4689074598938187776,27,0,lin,False,0,0.10909,1.8513,2.6584,0.10234,0.0056559,0.12275,0.30381,0.00074745,870.62,24.354,3351,10,True,True
GAIA DR3 4689074598938187776,4689074598938187776,27,0,lin,True,1,0.89172,0.02,0.77492,0.098962,1.5525,0.060659,0.14647,0.0019337,470.56,24.354,3351,10,False,True
GAIA DR3 4689074598938187776,4689074598938187776,28,0,log,False,0,0.27796,0.89193,2.188,0.063104,0.028126,0.10114,0.18137,0.00051397,1286.6,25.236,3448,9.9999,True,True
GAIA DR3 4689074598938187776,4689074598938187776,28,0,log,True,5,0.32974,0.50153,2.9101,0.063059,0.043029,0.058234,0.33468,0.00043743,780.93,25.236,3448,9.9999,True,True
GAIA DR3 4689074598938187776,4689074598938187776,28,0,lin,False,0,0.2947,1.3286,3.0238,0.075936,0.007156,0.03864,0.17406,0.00077227,3342.8,25.236,3448,9.9999,True,True
GAIA DR3 4689074598938187776,4689074598938187776,28,0,lin,True,3,0.2865,1.1426,10.963,0.076322,0.0046309,0.011971,1.0596,0.0006346,3981.3,25.236,3448,9.9999,True,True
GAIA DR3 4690500047016009728,4690500047016009728,28,0,log,False,0,1.8781,0.35377,1.665,0.12029,0.31632,0.06532,0.093215,0.0011202,2126.2,25.236,3449,9.9999,True,True
GAIA DR3 4690500047016009728,4690500047016009728,28,0,log,True,0,1.8781,0.35377,1.665,0.12029,0.31632,0.06532,0.093215,0.0011202,2126.2,25.236,3449,9.9999,True,True
GAIA DR3 4690500047016009728,4690500047016009728,28,0,lin,False,0,3.7622,0.18526,1.4334,0.14047,0.17474,0.012126,0.033151,0.0015609,9948.7,25.236,3449,9.9999,True,True
GAIA DR3 4690500047016009728,4690500047016009728,28,0,lin,True,0,3.7622,0.18526,1.4334,0.14047,0.17474,0.012126,0.033151,0.0015609,9948.7,25.236,3449,9.9999,True,True
GAIA DR3 4690500047016009728,4690500047016009728,67,0,log,False,0,33.611,0.020001,1.2929,0.20375,112.21,0.056778,0.089359,0.0019541,1403.9,27.75,11490,3.3334,False,True
GAIA DR3 4690500047016009728,4690500047016009728,67,0,log,True,0,33.611,0.020001,1.2929,0.20375,112.21,0.056778,0.089359,0.0019541,1403.9,27.75,11490,3.3334,False,True
GAIA DR3 4690500047016009728,4690500047016009728,67,0,lin,False,0,73.7,0.02,1.5758,0.24889,68.276,0.013351,0.043726,0.0017163,9608.9,27.75,11490,3.3334,False,True
GAIA DR3 4690500047016009728,4690500047016009728,67,0,lin,True,0,73.7,0.02,1.5758,0.24889,68.276,0.013351,0.043726,0.0017163,9608.9,27.75,11490,3.3334,False,True
GAIA DR3 4690500047016009728,4690500047016009728,68,0,log,False,0,4.3738,0.60003,1.6521,0.17919,0.45396,0.069469,0.060287,0.0021645,4838.5,27.525,11218,3.3333,True,True
GAIA DR3 4690500047016009728,4690500047016009728,68,0,log,True,0,4.3738,0.60003,1.6521,0.17919,0.45396,0.069469,0.060287,0.0021645,4838.5,27.525,11218,3.3333,True,True
GAIA DR3 4690500047016009728,4690500047016009728,68,0,lin,False,0,6.476,0.45278,1.4282,0.1966,0.15609,0.018121,0.030432,0.0053031,11328,27.525,11218,3.3333,True,True
GAIA DR3 4690500047016009728,4690500047016009728,68,0,lin,True,0,6.476,0.45278,1.4282,0.1966,0.15609,0.018121,0.030432,0.0053031,11328,27.525,11218,3.3333,True,True
GAIA DR3 4690500184455105536,4690500184455105536,28,0,log,False,0,2.7793,0.57069,2.0433,0.18738,0.29868,0.061295,0.10103,0.0015421,2810,25.236,3449,9.9999,True,True
GAIA DR3 4690500184455105536,4690500184455105536,28,0,log,True,0,2.7793,0.57069,2.0433,0.18738,0.29868,0.061295,0.10103,0.0015421,2810,25.236,3449,9.9999,True,True
GAIA DR3 4690500184455105536,4690500184455105536,28,0,lin,False,0,11.411,0.10499,1.2413,0.20389,0.79907,0.01016,0.024923,0.0030142,12246,25.236,3449,9.9999,False,True
GAIA DR3 4690500184455105536,4690500184455105536,28,0,lin,True,0,11.411,0.10499,1.2413,0.20389,0.79907,0.01016,0.024923,0.0030142,12246,25.236,3449,9.9999,False,True
GAIA DR3 4690500184455105536,4690500184455105536,67,0,log,False,0,16.283,0.21101,1.9505,0.16373,3.1571,0.031575,0.059731,0.0012415,4887.5,27.75,11486,3.3334,True,True
GAIA DR3 4690500184455105536,4690500184455105536,67,0,log,True,0,16.283,0.21101,1.9505,0.16373,3.1571,0.031575,0.059731,0.0012415,4887.5,27.75,11486,3.3334,True,True
GAIA DR3 4690500184455105536,4690500184455105536,67,0,lin,False,0,12.786,0.31947,2.626,0.20712,0.14059,0.0038583,0.040519,0.0037514,18565,27.75,11486,3.3334,True,True
GAIA DR3 4690500184455105536,4690500184455105536,67,0,lin,True,0,12.786,0.31947,2.626,0.20712,0.14059,0.0038583,0.040519,0.0037514,18565,27.75,11486,3.3334,True,True
GAIA DR3 4690500184455105536,4690500184455105536,68,0,log,False,0,6.5377,0.27714,1.434,0.15529,1.1752,0.054982,0.052987,0.0020504,4468.5,27.525,11218,3.3333,True,True
GAIA DR3 4690500184455105536,4690500184455105536,68,0,log,True,0,6.5377,0.27714,1.434,0.15529,1.1752,0.054982,0.052987,0.0020504,4468.5,27.525,11218,3.3333,True,True
GAIA DR3 4690500184455105536,4690500184455105536,68,0,lin,False,0,9.0841,0.21778,1.3345,0.17897,0.30439,0.01124,0.02405,0.0037604,13915,27.525,11218,3.3333,True,True
GAIA DR3 4690500184455105536,4690500184455105536,68,0,lin,True,0,9.0841,0.21778,1.3345,0.17897,0.30439,0.01124,0.02405,0.0037604,13915,27.525,11218,3.3333,True,True
GAIA DR3 4690502280398443776,4690502280398443776,28,0,log,False,0,2.7593,0.40666,1.974,0.2052,0.39688,0.05862,0.11847,0.0016064,1921.3,25.236,3449,9.9999,True,True
GAIA DR3 4690502280398443776,4690502280398443776,28,0,log,True,0,2.7593,0.40666,1.974,0.2052,0.39688,0.05862,0.11847,0.0016064,1921.3,25.236,3449,9.9999,True,True
GAIA DR3 4690502280398443776,4690502280398443776,28,0,lin,False,0,8.1124,0.11777,1.3907,0.23635,0.52942,0.0098584,0.029602,0.002064,11310,25.236,3449,9.9999,False,True
GAIA DR3 4690502280398443776,4690502280398443776,28,0,lin,True,0,8.1124,0.11777,1.3907,0.23635,0.52942,0.0098584,0.029602,0.002064,11310,25.236,3449,9.9999,False,True
GAIA DR3 4690502280398446720,4690502280398446720,28,0,log,False,0,13.763,0.44705,1.8836,0.28987,1.388,0.041492,0.051587,0.0024453,6416,25.236,3449,9.9999,True,True
GAIA DR3 4690502280398446720,4690502280398446720,28,0,log,True,0,13.763,0.44705,1.8836,0.28987,1.388,0.041492,0.051587,0.0024453,6416,25.236,3449,9.9999,True,True
GAIA DR3 4690502280398446720,4690502280398446720,28,0,lin,False,0,45.836,0.11769,1.4095,0.31206,1.6204,0.005272,0.016309,0.0061909,20995,25.236,3449,9.9999,False,True
GAIA DR3 4690502280398446720,4690502280398446720,28,0,lin,True,0,45.836,0.11769,1.4095,0.31206,1.6204,0.005272,0.016309,0.0061909,20995,25.236,3449,9.9999,False,True
GAIA DR3 4690502280398446720,4690502280398446720,67,0,log,False,0,15.429,0.20661,1.5019,0.24522,3.3028,0.043794,0.050598,0.0027218,4688.3,27.75,11490,3.3334,True,True
GAIA DR3 4690502280398446720,4690502280398446720,67,0,log,True,0,15.429,0.20661,1.5019,0.24522,3.3028,0.043794,0.050598,0.0027218,4688.3,27.75,11490,3.3334,True,True
GAIA DR3 4690502280398446720,4690502280398446720,67,0,lin,False,0,73.29,0.049909,1.3397,0.2909,9.6982,0.0069794,0.022958,0.006191,15727,27.75,11490,3.3334,False,True
GAIA DR3 4690502280398446720,4690502280398446720,67,0,lin,True,0,73.29,0.049909,1.3397,0.2909,9.6982,0.0069794,0.022958,0.006191,15727,27.75,11490,3.3334,False,True
GAIA DR3 4690502280398446720,4690502280398446720,68,0,log,False,0,7.3032,0.77444,1.6712,0.59675,0.69532,0.088867,0.076343,0.0068045,3587.2,27.525,11216,3.3333,True,True
GAIA DR3 4690502280398446720,4690502280398446720,68,0,log,True,0,7.3032,0.77444,1.6712,0.59675,0.69532,0.088867,0.076343,0.0068045,3587.2,27.525,11216,3.3333,True,True
GAIA DR3 4690502280398446720,4690502280398446720,68,0,lin,False,0,171.25,0.02,1.1045,0.6967,61.38,0.0079989,0.02367,0.012095,12587,27.525,11216,3.3333,False,True
GAIA DR3 4690502280398446720,4690502280398446720,68,0,lin,True,0,171.25,0.02,1.1045,0.6967,61.38,0.0079989,0.02367,0.012095,12587,27.525,11216,3.3333,False,True
GAIA DR3 4690503306873686912,4690503306873686912,28,0,log,False,0,7.6694,0.021538,1.091,0.084169,18.742,0.05526,0.08897,0.0012695,1276.1,25.236,3449,9.9999,False,True
GAIA DR3 4690503306873686912,4690503306873686912,28,0,log,True,0,7.6694,0.021538,1.091,0.084169,18.742,0.05526,0.08897,0.0012695,1276.1,25.236,3449,9.9999,False,True
GAIA DR3 4690503306873686912,4690503306873686912,28,0,lin,False,0,1.6549,0.1944,1.5498,0.10514,0.089328,0.014133,0.045896,0.00083409,7152.1,25.236,3449,9.9999,True,True
GAIA DR3 4690503306873686912,4690503306873686912,28,0,lin,True,0,1.6549,0.1944,1.5498,0.10514,0.089328,0.014133,0.045896,0.00083409,7152.1,25.236,3449,9.9999,True,True
GAIA DR3 4690503306873686912,4690503306873686912,67,0,log,False,0,11.803,0.049368,1.4741,0.13778,15.131,0.051655,0.09363,0.0011232,1521.3,27.75,11487,3.3334,False,True
GAIA DR3 4690503306873686912,4690503306873686912,67,0,log,True,0,11.803,0.049368,1.4741,0.13778,15.131,0.051655,0.09363,0.0011232,1521.3,27.75,11487,3.3334,False,True
GAIA DR3 4690503306873686912,4690503306873686912,67,0,lin,False,0,3.9627,0.15993,1.8497,0.16492,0.17575,0.0079044,0.043048,0.0010608,11058,27.75,11487,3.3334,True,True
GAIA DR3 4690503306873686912,4690503306873686912,67,0,lin,True,0,3.9627,0.15993,1.8497,0.16492,0.17575,0.0079044,0.043048,0.0010608,11058,27.75,11487,3.3334,True,True
GAIA DR3 4690503826587160832,4690503826587160832,28,0,log,False,0,18.91,0.2267,1.8183,0.11591,3.4915,0.033193,0.045094,0.0011252,6380.3,25.236,3449,9.9999,True,True
GAIA DR3 4690503826587160832,4690503826587160832,28,0,log,True,4,16.024,0.28792,2.3426,0.12423,2.2752,0.028125,0.06613,0.00091162,5628.4,25.236,3449,9.9999,True,True
GAIA DR3 4690503826587160832,4690503826587160832,28,0,lin,False,0,13.37,0.41892,2.5155,0.16423,0.16583,0.0061915,0.047997,0.0061148,13931,25.236,3449,9.9999,True,True
GAIA DR3 4690503826587160832,4690503826587160832,28,0,lin,True,4,12.587,0.43928,3.4329,0.15815,0.10593,0.0037543,0.062743,0.0050558,16474,25.236,3449,9.9999,True,True
GAIA DR3 4690503826587160832,4690503826587160832,67,0,log,False,0,6.1535,0.54333,1.6578,0.15748,0.61266,0.057153,0.048444,0.0018935,6546.4,27.75,11490,3.3334,True,True
GAIA DR3 4690503826587160832,4690503826587160832,67,0,log,True,4,7.5222,0.39036,1.6806,0.1604,0.95843,0.049414,0.052239,0.0017294,5513.3,27.75,11490,3.3334,True,True
GAIA DR3 4690503826587160832,4690503826587160832,67,0,lin,False,0,7.1075,0.61703,1.8306,0.19905,0.11578,0.014998,0.037806,0.0056013,11923,27.75,11490,3.3334,True,True
GAIA DR3 4690503826587160832,4690503826587160832,67,0,lin,True,7,6.5673,0.64043,2.9711,0.22752,0.062969,0.0070919,0.059532,0.0039083,14846,27.75,11490,3.3334,True,True
GAIA DR3 4690503826587160832,4690503826587160832,68,0,log,False,0,18.546,0.22414,1.5367,0.12537,3.3824,0.037791,0.036402,0.0016894,7652.7,27.525,11218,3.3333,True,True
GAIA DR3 4690503826587160832,4690503826587160832,68,0,log,True,3,33.741,0.11103,1.4301,0.12375,11.629,0.033742,0.03461,0.0017536,7256.3,27.525,11218,3.3333,False,True
GAIA DR3 4690503826587160832,4690503826587160832,68,0,lin,False,0,14.907,0.40322,2.236,0.20054,0.18879,0.0064557,0.037505,0.0061499,15968,27.525,11218,3.3333,True,True
GAIA DR3 4690503826587160832,4690503826587160832,68,0,lin,True,5,14.076,0.42466,2.9242,0.20474,0.1247,0.0041352,0.047148,0.0051681,18297,27.525,11218,3.3333,True,True
GAIA DR3 4690506712804881792,4690506712804881792,67,0,log,False,0,1.506,0.30916,1.6119,0.049806,0.24186,0.051659,0.0643,0.00048091,3717.1,27.75,11490,3.3334,True,True
GAIA DR3 4690506712804881792,4690506712804881792,67,0,log,True,1,0.78515,0.35444,1.7173,0.050461,0.1226,0.059326,0.091014,0.00042233,2360.7,27.75,11490,3.3334,True,True
GAIA DR3 4690506712804881792,4690506712804881792,67,0,lin,False,0,1.7363,0.43014,7.9148,0.070697,0.021606,0.0036443,0.4257,0.001471,7150.5,27.75,11490,3.3334,True,True
GAIA DR3 4690506712804881792,4690506712804881792,67,0,lin,True,7,1.7116,0.43011,8.1577,0.069195,0.020701,0.0034948,0.43564,0.0014216,7380.1,27.75,11490,3.3334,True,True
GAIA DR3 4690506712804881792,4690506712804881792,68,0,log,False,0,1.9448,0.51495,1.7455,0.11987,0.22328,0.064796,0.077932,0.0011054,3335.7,27.525,11218,3.3333,True,True
GAIA DR3 4690506712804881792,4690506712804881792,68,0,log,True,1,1.0089,0.56078,1.6793,0.1184,0.12537,0.084349,0.10105,0.001098,2085.5,27.525,11218,3.3333,True,True
GAIA DR3 4690506712804881792,4690506712804881792,68,0,lin,False,0,2.6277,0.52393,2.5825,0.15421,0.054556,0.013222,0.092166,0.0026035,6425,27.525,11218,3.3333,True,True
GAIA DR3 4690506712804881792,4690506712804881792,68,0,lin,True,0,2.6277,0.52393,2.5825,0.15421,0.054556,0.013222,0.092166,0.0026035,6425,27.525,11218,3.3333,True,True
GAIA DR3 4690506914646214912,4690506914646214912,28,0,log,False,0,0.21083,1.6355,9.9347,0.14655,0.013991,0.059048,2.4955,0.00098443,609.34,25.236,3449,9.9999,True,True
GAIA DR3 4690506914646214912,4690506914646214912,28,0,log,True,1,0.72134,0.20467,1.4016,0.14416,0.32217,0.11697,0.2028,0.001392,364.68,25.236,3449,9.9999,True,True
GAIA DR3 4690506914646214912,4690506914646214912,28,0,lin,False,0,0.29514,1.3658,5.2472,0.17451,0.0085594,0.036244,0.56024,0.0011132,1766.7,25.236,3449,9.9999,True,True
GAIA DR3 4690506914646214912,4690506914646214912,28,0,lin,True,0,0.29514,1.3658,5.2472,0.17451,0.0085594,0.036244,0.56024,0.0011132,1766.7,25.236,3449,9.9999,True,True
GAIA DR3 4690506914646214912,4690506914646214912,67,0,log,False,0,4.2369,0.32446,1.8076,0.16632,0.64358,0.048002,0.07888,0.0013333,3151.4,27.75,11490,3.3334,True,True
GAIA DR3 4690506914646214912,4690506914646214912,67,0,log,True,0,4.2369,0.32446,1.8076,0.16632,0.64358,0.048002,0.07888,0.0013333,3151.4,27.75,11490,3.3334,True,True
GAIA DR3 4690506914646214912,4690506914646214912,67,0,lin,False,0,6.2079,0.27638,1.9192,0.20051,0.15442,0.0087818,0.042464,0.0026871,11270,27.75,11490,3.3334,True,True
GAIA DR3 4690506914646214912,4690506914646214912,67,0,lin,True,0,6.2079,0.27638,1.9192,0.20051,0.15442,0.0087818,0.042464,0.0026871,11270,27.75,11490,3.3334,True,True
GAIA DR3 4690506914646214912,4690506914646214912,68,0,log,False,0,3.5562,0.32337,1.3755,0.13323,0.59366,0.065271,0.057882,0.0018243,3916,27.525,11218,3.3333,True,True
GAIA DR3 4690506914646214912,4690506914646214912,68,0,log,True,0,3.5562,0.32337,1.3755,0.13323,0.59366,0.065271,0.057882,0.0018243,3916,27.525,11218,3.3333,True,True
GAIA DR3 4690506914646214912,4690506914646214912,68,0,lin,False,0,5.5041,0.24647,1.4089,0.16298,0.17386,0.011839,0.027159,0.0025235,12744,27.525,11218,3.3333,True,True
GAIA DR3 4690506914646214912,4690506914646214912,68,0,lin,True,0,5.5041,0.24647,1.4089,0.16298,0.17386,0.011839,0.027159,0.0025235,12744,27.525,11218,3.3333,True,True
GAIA DR3 4690507670561677696,4690507670561677696,28,0,log,False,0,12.872,0.19257,1.5075,0.63079,3.8062,0.060811,0.095437,0.005989,1637.5,25.236,3343,9.9999,True,True
GAIA DR3 4690507670561677696,4690507670561677696,28,0,log,True,0,12.872,0.19257,1.5075,0.63079,3.8062,0.060811,0.095437,0.005989,1637.5,25.236,3343,9.9999,True,True
GAIA DR3 4690507670561677696,4690507670561677696,28,0,lin,False,0,111.57,0.02,1.1861,0.72762,51.621,0.0094526,0.028985,0.0068727,10212,25.236,3343,9.9999,False,True
GAIA DR3 4690507670561677696,4690507670561677696,28,0,lin,True,0,111.57,0.02,1.1861,0.72762,51.621,0.0094526,0.028985,0.0068727,10212,25.236,3343,9.9999,False,True
GAIA DR3 4690507670561677696,4690507670561677696,67,0,log,False,0,13.214,0.32178,1.4901,0.27029,2.028,0.053007,0.048771,0.0035726,5338.4,27.75,11395,3.3334,True,True
GAIA DR3 4690507670561677696,4690507670561677696,67,0,log,True,0,13.214,0.32178,1.4901,0.27029,2.028,0.053007,0.048771,0.0035726,5338.4,27.75,11395,3.3334,True,True
GAIA DR3 4690507670561677696,4690507670561677696,67,0,lin,False,0,149.43,0.02,1.0908,0.27708,41.47,0.0062893,0.018491,0.008744,16472,27.75,11395,3.3334,False,True
GAIA DR3 4690507670561677696,4690507670561677696,67,0,lin,True,0,149.43,0.02,1.0908,0.27708,41.47,0.0062893,0.018491,0.008744,16472,27.75,11395,3.3334,False,True
GAIA DR3 4690507670561677696,4690507670561677696,68,0,log,False,0,1.4467,0.596,2.1405,0.23121,0.16326,0.071805,0.15746,0.001645,1508.8,27.525,11199,3.3333,True,True
GAIA DR3 4690507670561677696,4690507670561677696,68,0,log,True,0,1.4467,0.596,2.1405,0.23121,0.16326,0.071805,0.15746,0.001645,1508.8,27.525,11199,3.3333,True,True
GAIA DR3 4690507670561677696,4690507670561677696,68,0,lin,False,0,33.414,0.02,1.178,0.26127,18.416,0.011353,0.034657,0.0025408,8214.2,27.525,11199,3.3333,False,True
GAIA DR3 4690507670561677696,4690507670561677696,68,0,lin,True,0,33.414,0.02,1.178,0.26127,18.416,0.011353,0.034657,0.0025408,8214.2,27.525,11199,3.3333,False,True
GAIA DR3 4690507881037706112,4690507881037706112,28,0,log,False,0,0.37929,1.1748,3.4392,0.066445,0.026102,0.067878,0.26666,0.00048155,1987.5,25.236,3449,9.9999,True,True
GAIA DR3 4690507881037706112,4690507881037706112,28,0,log,True,7,0.28166,0.5146,4.7813,0.0664,0.031257,0.038815,0.7792,0.00044025,620.37,25.236,3449,9.9999,True,True
GAIA DR3 4690507881037706112,4690507881037706112,28,0,lin,False,0,0.72701,1.0507,3.4202,0.079088,0.01544,0.024892,0.18664,0.0014805,3976.7,25.236,3449,9.9999,True,True
GAIA DR3 4690507881037706112,4690507881037706112,28,0,lin,True,5,0.51389,0.34151,2.4856,0.079465,0.018144,0.01389,0.12039,0.00051144,3828,25.236,3449,9.9999,True,True
GAIA DR3 4690507881037706112,4690507881037706112,67,0,log,False,0,0.50315,1.0999,2.8317,0.069964,0.034877,0.069869,0.17267,0.00050751,2608.5,27.75,11490,3.3334,True,True
GAIA DR3 4690507881037706112,4690507881037706112,67,0,log,True,6,6.165,0.02,1.2332,0.067472,22.85,0.06732,0.11875,0.0007075,806.9,27.75,11490,3.3334,False,True
GAIA DR3 4690507881037706112,4690507881037706112,67,0,lin,False,0,0.77535,1.0734,2.796,0.08286,0.015567,0.026664,0.12118,0.0014069,5103.8,27.75,11490,3.3334,True,True
GAIA DR3 4690507881037706112,4690507881037706112,67,0,lin,True,0,0.77535,1.0734,2.796,0.08286,0.015567,0.026664,0.12118,0.0014069,5103.8,27.75,11490,3.3334,True,True
GAIA DR3 4690507881037706112,4690507881037706112,68,0,log,False,0,0.85413,1.021,2.1806,0.068766,0.063003,0.076405,0.094989,0.00061209,3921.3,27.525,11217,3.3333,True,True
GAIA DR3 4690507881037706112,4690507881037706112,68,0,log,True,7,0.46158,0.30679,1.508,0.068403,0.11171,0.093056,0.14008,0.00063765,882.53,27.525,11217,3.3333,True,True
GAIA DR3 4690507881037706112,4690507881037706112,68,0,lin,False,0,1.3869,0.99107,2.5887,0.084959,0.029827,0.027341,0.11077,0.0024706,4930.4,27.525,11217,3.3333,True,True
GAIA DR3 4690507881037706112,4690507881037706112,68,0,lin,True,5,3.7365,0.02,0.91702,0.075601,2.3418,0.01765,0.047107,0.0012466,4070.3,27.525,11217,3.3333,False,True
GAIA DR3 4690516677131714432,4690516677131714432,28,0,log,False,0,4.5353,0.61299,2.5178,0.10586,0.38447,0.040625,0.08191,0.00080529,5480.6,25.236,3449,9.9999,True,True
GAIA DR3 4690516677131714432,4690516677131714432,28,0,log,True,0,4.5353,0.61299,2.5178,0.10586,0.38447,0.040625,0.08191,0.00080529,5480.6,25.236,3449,9.9999,True,True
GAIA DR3 4690516677131714432,4690516677131714432,28,0,lin,False,0,4.8385,0.72701,3.7306,0.1358,0.040823,0.0063803,0.083039,0.0031238,14215,25.236,3449,9.9999,True,True
GAIA DR3 4690516677131714432,4690516677131714432,28,0,lin,True,0,4.8385,0.72701,3.7306,0.1358,0.040823,0.0063803,0.083039,0.0031238,14215,25.236,3449,9.9999,True,True
GAIA DR3 4690516677131714432,4690516677131714432,67,0,log,False,0,8.4122,0.40931,1.6715,0.14122,0.96166,0.045992,0.044132,0.0015714,7056,27.75,11490,3.3334,True,True
GAIA DR3 4690516677131714432,4690516677131714432,67,0,log,True,0,8.4122,0.40931,1.6715,0.14122,0.96166,0.045992,0.044132,0.0015714,7056,27.75,11490,3.3334,True,True
GAIA DR3 4690516677131714432,4690516677131714432,67,0,lin,False,0,8.442,0.53285,1.8585,0.17121,0.12071,0.011112,0.032416,0.0049983,14525,27.75,11490,3.3334,True,True
GAIA DR3 4690516677131714432,4690516677131714432,67,0,lin,True,0,8.442,0.53285,1.8585,0.17121,0.12071,0.011112,0.032416,0.0049983,14525,27.75,11490,3.3334,True,True
GAIA DR3 4690516677131714432,4690516677131714432,68,0,log,False,0,8.18,0.36335,1.6029,0.12757,1.0303,0.045745,0.042773,0.0015096,6957,27.525,11218,3.3333,True,True
GAIA DR3 4690516677131714432,4690516677131714432,68,0,log,True,0,8.18,0.36335,1.6029,0.12757,1.0303,0.045745,0.042773,0.0015096,6957,27.525,11218,3.3333,True,True
GAIA DR3 4690516677131714432,4690516677131714432,68,0,lin,False,0,6.6157,0.62615,2.3727,0.17765,0.066998,0.0082389,0.039873,0.0036285,16236,27.525,11218,3.3333,True,True
GAIA DR3 4690516677131714432,4690516677131714432,68,0,lin,True,1,6.6053,0.62746,2.3854,0.17671,0.06648,0.0081832,0.040079,0.003617,16272,27.525,11218,3.3333,True,True
GAIA DR3 4690519769509887488,4690519769509887488,28,0,log,False,0,3.5946,0.35829,1.848,0.12753,0.54666,0.052294,0.082543,0.00115,2979.6,25.236,3449,9.9999,True,True
GAIA DR3 4690519769509887488,4690519769509887488,28,0,log,True,0,3.5946,0.35829,1.848,0.12753,0.54666,0.052294,0.082543,0.00115,2979.6,25.236,3449,9.9999,True,True
GAIA DR3 4690519769509887488,4690519769509887488,28,0,lin,False,0,4.417,0.33267,1.8675,0.15477,0.076604,0.0078075,0.03161,0.001753,14487,25.236,3449,9.9999,True,True
GAIA DR3 4690519769509887488,4690519769509887488,28,0,lin,True,0,4.417,0.33267,1.8675,0.15477,0.076604,0.0078075,0.03161,0.001753,14487,25.236,3449,9.9999,True,True
GAIA DR3 4690519769509887488,4690519769509887488,67,0,log,False,0,5.5462,0.26371,1.472,0.12129,0.98141,0.049688,0.051161,0.001437,4749.6,27.75,11490,3.3334,True,True
GAIA DR3 4690519769509887488,4690519769509887488,67,0,log,True,0,5.5462,0.26371,1.472,0.12129,0.98141,0.049688,0.051161,0.001437,4749.6,27.75,11490,3.3334,True,True
GAIA DR3 4690519769509887488,4690519769509887488,67,0,lin,False,0,11.155,0.1402,1.3532,0.14205,0.49642,0.0085791,0.022849,0.0028109,15209,27.75,11490,3.3334,False,True
GAIA DR3 4690519769509887488,4690519769509887488,67,0,lin,True,0,11.155,0.1402,1.3532,0.14205,0.49642,0.0085791,0.022849,0.0028109,15209,27.75,11490,3.3334,False,True
GAIA DR3 4690519769509887488,4690519769509887488,68,0,log,False,0,5.4421,0.60471,1.5723,0.16114,0.52359,0.065807,0.047902,0.0022478,6571.2,27.525,11218,3.3333,True,True
GAIA DR3 4690519769509887488,4690519769509887488,68,0,log,True,0,5.4421,0.60471,1.5723,0.16114,0.52359,0.065807,0.047902,0.0022478,6571.2,27.525,11218,3.3333,True,True
GAIA DR3 4690519769509887488,4690519769509887488,68,0,lin,False,0,9.927,0.31428,1.2648,0.16133,0.29237,0.015792,0.024646,0.0065191,12956,27.525,11218,3.3333,True,True
GAIA DR3 4690519769509887488,4690519769509887488,68,0,lin,True,0,9.927,0.31428,1.2648,0.16133,0.29237,0.015792,0.024646,0.0065191,12956,27.525,11218,3.3333,True,True
GAIA DR3 4690520387983090432,4690520387983090432,28,0,log,False,0,6.9784,0.42787,2.1435,0.088558,0.74968,0.036559,0.057187,0.00073454,6423.8,25.236,3449,9.9999,True,True
GAIA DR3 4690520387983090432,4690520387983090432,28,0,log,True,0,6.9784,0.42787,2.1435,0.088558,0.74968,0.036559,0.057187,0.00073454,6423.8,25.236,3449,9.9999,True,True
GAIA DR3 4690520387983090432,4690520387983090432,28,0,lin,False,0,5.9379,0.64986,3.2048,0.1139,0.049964,0.0060805,0.060776,0.0032643,15585,25.236,3449,9.9999,True,True
GAIA DR3 4690520387983090432,4690520387983090432,28,0,lin,True,0,5.9379,0.64986,3.2048,0.1139,0.049964,0.0060805,0.060776,0.0032643,15585,25.236,3449,9.9999,True,True
GAIA DR3 4690520387983090432,4690520387983090432,67,0,log,False,0,11.702,0.2429,1.83,0.09331,1.9588,0.032967,0.046344,0.00083428,6477.1,27.75,11490,3.3334,True,True
GAIA DR3 4690520387983090432,4690520387983090432,67,0,log,True,0,11.702,0.2429,1.83,0.09331,1.9588,0.032967,0.046344,0.00083428,6477.1,27.75,11490,3.3334,True,True
GAIA DR3 4690520387983090432,4690520387983090432,67,0,lin,False,0,9.7066,0.36218,2.3791,0.12478,0.10585,0.0047223,0.034928,0.0031276,18780,27.75,11490,3.3334,True,True
GAIA DR3 4690520387983090432,4690520387983090432,67,0,lin,True,0,9.7066,0.36218,2.3791,0.12478,0.10585,0.0047223,0.034928,0.0031276,18780,27.75,11490,3.3334,True,True
GAIA DR3 4690520387983090432,4690520387983090432,68,0,log,False,0,14.666,0.18435,1.4544,0.11416,3.1929,0.0385,0.03799,0.001548,6859.2,27.525,11218,3.3333,True,True
GAIA DR3 4690520387983090432,4690520387983090432,68,0,log,True,0,14.666,0.18435,1.4544,0.11416,3.1929,0.0385,0.03799,0.001548,6859.2,27.525,11218,3.3333,True,True
GAIA DR3 4690520387983090432,4690520387983090432,68,0,lin,False,0,17.292,0.19977,1.5893,0.14868,0.43308,0.0066629,0.022776,0.0042053,17845,27.525,11218,3.3333,True,True
GAIA DR3 4690520387983090432,4690520387983090432,68,0,lin,True,0,17.292,0.19977,1.5893,0.14868,0.43308,0.0066629,0.022776,0.0042053,17845,27.525,11218,3.3333,True,True
GAIA DR3 4690521762372716160,4690521762372716160,28,0,log,False,0,0.82018,0.29699,2.1784,0.085062,0.16932,0.057405,0.20363,0.00061119,891.11,25.236,3448,9.9999,True,True
GAIA DR3 4690521762372716160,4690521762372716160,28,0,log,True,0,0.82018,0.29699,2.1784,0.085062,0.16932,0.057405,0.20363,0.00061119,891.11,25.236,3448,9.9999,True,True
GAIA DR3 4690521762372716160,4690521762372716160,28,0,lin,False,0,1.2634,0.24734,2.2267,0.10178,0.048821,0.010813,0.083084,0.00076187,5671.9,25.236,3448,9.9999,True,True
GAIA DR3 4690521762372716160,4690521762372716160,28,0,lin,True,0,1.2634,0.24734,2.2267,0.10178,0.048821,0.010813,0.083084,0.00076187,5671.9,25.236,3448,9.9999,True,True
GAIA DR3 4690521762372716160,4690521762372716160,67,0,log,False,0,5.5446,0.063845,1.6183,0.078328,5.8945,0.052484,0.11076,0.00059885,1314.3,27.75,11485,3.3334,False,True
GAIA DR3 4690521762372716160,4690521762372716160,67,0,log,True,0,5.5446,0.063845,1.6183,0.078328,5.8945,0.052484,0.11076,0.00059885,1314.3,27.75,11485,3.3334,False,True
GAIA DR3 4690521762372716160,4690521762372716160,67,0,lin,False,0,2.0431,0.19975,2.5853,0.095622,0.059464,0.0055569,0.069857,0.00066472,10161,27.75,11485,3.3334,True,True
GAIA DR3 4690521762372716160,4690521762372716160,67,0,lin,True,0,2.0431,0.19975,2.5853,0.095622,0.059464,0.0055569,0.069857,0.00066472,10161,27.75,11485,3.3334,True,True
GAIA DR3 4690521762372716160,4690521762372716160,68,0,log,False,0,0.47731,0.48138,1.6983,0.11521,0.082814,0.10591,0.17099,0.00096156,783.71,27.525,11216,3.3333,True,True
GAIA DR3 4690521762372716160,4690521762372716160,68,0,log,True,0,0.47731,0.48138,1.6983,0.11521,0.082814,0.10591,0.17099,0.00096156,783.71,27.525,11216,3.3333,True,True
GAIA DR3 4690521762372716160,4690521762372716160,68,0,lin,False,0,0.59902,0.50627,1.9496,0.13743,0.022732,0.027128,0.092998,0.00090333,3462.1,27.525,11216,3.3333,True,True
GAIA DR3 4690521762372716160,4690521762372716160,68,0,lin,True,0,0.59902,0.50627,1.9496,0.13743,0.022732,0.027128,0.092998,0.00090333,3462.1,27.525,11216,3.3333,True,True
GAIA DR3 4690522002890799488,4690522002890799488,28,0,log,False,0,0.60244,0.36627,2.5085,0.081786,0.099493,0.054879,0.25673,0.00056129,841.12,25.236,3449,9.9999,True,True
GAIA DR3 4690522002890799488,4690522002890799488,28,0,log,True,0,0.60244,0.36627,2.5085,0.081786,0.099493,0.054879,0.25673,0.00056129,841.12,25.236,3449,9.9999,True,True
GAIA DR3 4690522002890799488,4690522002890799488,28,0,lin,False,0,0.6841,0.36243,2.4501,0.096819,0.019488,0.012145,0.097287,0.00058914,5224.3,25.236,3449,9.9999,True,True
GAIA DR3 4690522002890799488,4690522002890799488,28,0,lin,True,0,0.6841,0.36243,2.4501,0.096819,0.019488,0.012145,0.097287,0.00058914,5224.3,25.236,3449,9.9999,True,True
GAIA DR3 4690522002890799488,4690522002890799488,67,0,log,False,0,5.7447,0.02,1.1715,0.10224,20.99,0.071167,0.1356,0.001087,606.37,27.75,11490,3.3334,False,True
GAIA DR3 4690522002890799488,4690522002890799488,67,0,log,True,0,5.7447,0.02,1.1715,0.10224,20.99,0.071167,0.1356,0.001087,606.37,27.75,11490,3.3334,False,True
GAIA DR3 4690522002890799488,4690522002890799488,67,0,lin,False,0,0.74393,0.27386,4.4806,0.12618,0.020656,0.0059606,0.28226,0.00067208,3486,27.75,11490,3.3334,True,True
GAIA DR3 4690522002890799488,4690522002890799488,67,0,lin,True,0,0.74393,0.27386,4.4806,0.12618,0.020656,0.0059606,0.28226,0.00067208,3486,27.75,11490,3.3334,True,True
GAIA DR3 4690522002890799488,4690522002890799488,68,0,log,False,0,0.76438,0.9119,1.8479,0.091446,0.068093,0.095507,0.098195,0.00090388,2807.5,27.525,11211,3.3333,True,True
GAIA DR3 4690522002890799488,4690522002890799488,68,0,log,True,0,0.76438,0.9119,1.8479,0.091446,0.068093,0.095507,0.098195,0.00090388,2807.5,27.525,11211,3.3333,True,True
GAIA DR3 4690522002890799488,4690522002890799488,68,0,lin,False,0,1.419,0.51554,1.4164,0.10291,0.040714,0.025008,0.03794,0.0016273,8451.9,27.525,11211,3.3333,True,True
GAIA DR3 4690522002890799488,4690522002890799488,68,0,lin,True,0,1.419,0.51554,1.4164,0.10291,0.040714,0.025008,0.03794,0.0016273,8451.9,27.525,11211,3.3333,True,True
GAIA DR3 4690522273449262592,4690522273449262592,28,0,log,False,0,6.56,0.10504,1.3325,0.091942,2.9586,0.047711,0.059327,0.0011754,3060.3,25.236,3449,9.9999,False,True
GAIA DR3 4690522273449262592,4690522273449262592,28,0,log,True,0,6.56,0.10504,1.3325,0.091942,2.9586,0.047711,0.059327,0.0011754,3060.3,25.236,3449,9.9999,False,True
GAIA DR3 4690522273449262592,4690522273449262592,28,0,lin,False,0,4.2342,0.2218,1.5424,0.11334,0.13071,0.0095627,0.028953,0.0015417,12733,25.236,3449,9.9999,True,True
GAIA DR3 4690522273449262592,4690522273449262592,28,0,lin,True,0,4.2342,0.2218,1.5424,0.11334,0.13071,0.0095627,0.028953,0.0015417,12733,25.236,3449,9.9999,True,True
GAIA DR3 4690522273449262592,4690522273449262592,68,0,log,False,0,4.2459,0.50106,1.4713,0.097016,0.46424,0.063113,0.043538,0.0015782,6950.6,27.525,11218,3.3333,True,True
GAIA DR3 4690522273449262592,4690522273449262592,68,0,log,True,1,3.4425,0.53273,1.4946,0.10027,0.37425,0.067478,0.04831,0.0015245,6100.5,27.525,11218,3.3333,True,True
GAIA DR3 4690522273449262592,4690522273449262592,68,0,lin,False,0,496.1,0.02,1.8966,0.18945,437.86,0.010173,0.031528,0.0032441,18832,27.525,11218,3.3333,False,True
GAIA DR3 4690522273449262592,4690522273449262592,68,0,lin,True,5,467.98,0.02,1.8674,0.18727,397.08,0.0099628,0.031144,0.003278,18648,27.525,11218,3.3333,False,True
GAIA DR3 4690525438865707904,4690525438865707904,28,0,log,False,0,1.2127,0.95151,2.0432,0.13087,0.10138,0.0866,0.10536,0.0012,2912.1,25.236,3449,9.9999,True,True
GAIA DR3 4690525438865707904,4690525438865707904,28,0,log,True,3,2.0034,0.41304,1.647,0.12834,0.30513,0.070716,0.088235,0.0013041,2362.7,25.236,3449,9.9999,True,True
GAIA DR3 4690525438865707904,4690525438865707904,28,0,lin,False,0,1.9936,0.6604,1.4567,0.13995,0.058553,0.032892,0.045362,0.0030906,6734.3,25.236,3449,9.9999,True,True
GAIA DR3 4690525438865707904,4690525438865707904,28,0,lin,True,2,2.5188,0.37656,1.4657,0.14856,0.070074,0.016732,0.033523,0.0018619,9923,25.236,3449,9.9999,True,True
GAIA DR3 4690525438865707904,4690525438865707904,68,0,log,False,0,2.5905,1.1309,2.8168,0.21785,0.15762,0.059861,0.12602,0.0015619,4246.9,27.525,11217,3.3333,True,True
GAIA DR3 4690525438865707904,4690525438865707904,68,0,log,True,0,2.5905,1.1309,2.8168,0.21785,0.15762,0.059861,0.12602,0.0015619,4246.9,27.525,11217,3.3333,True,True
GAIA DR3 4690525438865707904,4690525438865707904,68,0,lin,False,0,5.0939,0.53508,1.4982,0.22467,0.10999,0.018991,0.032173,0.0045226,11208,27.525,11217,3.3333,True,True
GAIA DR3 4690525438865707904,4690525438865707904,68,0,lin,True,0,5.0939,0.53508,1.4982,0.22467,0.10999,0.018991,0.032173,0.0045226,11208,27.525,11217,3.3333,True,True
