id,gaia,sector,noise_added,metric,prewhitened,n_pw,alpha0,nuchar,gamma,Cw,e_alpha0,e_nuchar,e_gamma,e_Cw,dBIC_vs_white,T_span,n_pts,dt_min,pass_nu,pass_bic
ALS_8294,-1,43,0,log,False,0,2.509,2.4426,1.2959,0.17969,0.16877,0.25687,0.068867,0.011032,5545.1,24.327,16268,2.0002,True,True
ALS_8294,-1,43,0,log,True,0,2.509,2.4426,1.2959,0.17969,0.16877,0.25687,0.068867,0.011032,5545.1,24.327,16268,2.0002,True,True
ALS_8294,-1,43,0,lin,False,0,4.3246,1.2432,0.87562,0.061918,0.16723,0.10034,0.036122,0.025756,8775.3,24.327,16268,2.0002,True,True
ALS_8294,-1,43,0,lin,True,0,4.3246,1.2432,0.87562,0.061918,0.16723,0.10034,0.036122,0.025756,8775.3,24.327,16268,2.0002,True,True
ALS_8294,-1,44,0,log,False,0,4.1982,1.1273,0.97888,0.13382,0.46968,0.23833,0.060466,0.018069,5578.2,24.249,16211,2.0002,True,True
ALS_8294,-1,44,0,log,True,0,4.1982,1.1273,0.97888,0.13382,0.46968,0.23833,0.060466,0.018069,5578.2,24.249,16211,2.0002,True,True
ALS_8294,-1,44,0,lin,False,0,6.8992,0.51684,0.76307,0.050096,0.36791,0.06746,0.030352,0.027697,9833.1,24.249,16211,2.0002,True,True
ALS_8294,-1,44,0,lin,True,0,6.8992,0.51684,0.76307,0.050096,0.36791,0.06746,0.030352,0.027697,9833.1,24.249,16211,2.0002,True,True
ALS_8294,-1,45,0,log,False,0,3.7449,1.2222,0.89755,0.092075,0.44668,0.29656,0.064995,0.023531,5454.9,24.59,16148,2,True,True
ALS_8294,-1,45,0,log,True,0,3.7449,1.2222,0.89755,0.092075,0.44668,0.29656,0.064995,0.023531,5454.9,24.59,16148,2,True,True
ALS_8294,-1,45,0,lin,False,0,16.894,0.054417,0.60204,1e-07,3.2528,0.027824,0.032354,0.038277,8906.8,24.59,16148,2,False,True
ALS_8294,-1,45,0,lin,True,0,16.894,0.054417,0.60204,1e-07,3.2528,0.027824,0.032354,0.038277,8906.8,24.59,16148,2,False,True
ALS_8294,-1,59,0,log,False,0,3.1177,1.965,1.0684,0.11118,0.25467,0.2862,0.062601,0.016801,6249.2,25.295,16734,2,True,True
ALS_8294,-1,59,0,log,True,0,3.1177,1.965,1.0684,0.11118,0.25467,0.2862,0.062601,0.016801,6249.2,25.295,16734,2,True,True
ALS_8294,-1,59,0,lin,False,0,5.3964,0.8662,0.77963,1.2956e-07,0.24815,0.092381,0.032972,0.030352,9729.2,25.295,16734,2,True,True
ALS_8294,-1,59,0,lin,True,0,5.3964,0.8662,0.77963,1.2956e-07,0.24815,0.092381,0.032972,0.030352,9729.2,25.295,16734,2,True,True
BD_+33_1025,-1,43,0,log,False,0,1.1503,2.299,1.9935,0.23236,0.071726,0.17452,0.11694,0.0031676,2925.6,24.327,16267,2.0002,True,True
BD_+33_1025,-1,43,0,log,True,2,0.90139,2.6162,1.9965,0.23251,0.055697,0.20018,0.12942,0.0032537,2563,24.327,16267,2.0002,True,True
BD_+33_1025,-1,43,0,lin,False,0,1.571,2.3049,2.5703,0.29396,0.03574,0.067694,0.12852,0.0055332,3964,24.327,16267,2.0002,True,True
BD_+33_1025,-1,43,0,lin,True,1,1.6247,1.4285,1.1622,0.22887,0.057435,0.093313,0.050198,0.0079175,5685.4,24.327,16267,2.0002,True,True
BD_+33_1025,-1,44,0,log,False,0,1.1678,1.7462,1.8332,0.24436,0.08732,0.16747,0.11703,0.003227,2396.8,24.249,16212,2.0002,True,True
BD_+33_1025,-1,44,0,log,True,3,1.013,1.5585,1.6993,0.24389,0.086916,0.18179,0.12233,0.0033688,1940.3,24.249,16212,2.0002,True,True
BD_+33_1025,-1,44,0,lin,False,0,1.4876,2.0686,2.8727,0.31018,0.033493,0.057312,0.15317,0.0048458,3741.5,24.249,16212,2.0002,True,True
BD_+33_1025,-1,44,0,lin,True,1,1.4411,1.4046,1.3077,0.26251,0.052144,0.089958,0.060649,0.006457,4466.4,24.249,16212,2.0002,True,True
BD_+33_1025,-1,45,0,log,False,0,0.78968,2.7825,2.0548,0.254,0.047923,0.20828,0.1427,0.003273,2289.6,24.59,16149,2,True,True
BD_+33_1025,-1,45,0,log,True,3,0.36507,5.2928,2.7955,0.25644,0.018828,0.28765,0.26345,0.0029353,1523.1,24.59,16149,2,True,True
BD_+33_1025,-1,45,0,lin,False,0,1.181,2.4286,2.8345,0.31833,0.028371,0.071919,0.16183,0.0045901,3355.8,24.59,16149,2,True,True
BD_+33_1025,-1,45,0,lin,True,2,0.50696,4.7003,2.7427,0.30233,0.01317,0.14337,0.17496,0.0035478,2973.6,24.59,16149,2,True,True
BD_+33_1025,-1,59,0,log,False,0,0.77945,1.8347,1.4837,0.22504,0.071214,0.25228,0.12286,0.0043463,1793.6,25.293,16733,2,True,True
BD_+33_1025,-1,59,0,log,True,5,0.84553,0.91833,1.2182,0.22504,0.13027,0.23961,0.12581,0.0047724,1181.1,25.293,16733,2,True,True
BD_+33_1025,-1,59,0,lin,False,0,0.99614,2.294,1.9366,0.27604,0.03174,0.10624,0.11145,0.0051019,2955.6,25.293,16733,2,True,True
BD_+33_1025,-1,59,0,lin,True,3,5.0987,0.02,0.54161,0.17879,3.0805,0.033051,0.063612,0.019047,3389.5,25.293,16733,2,False,True
BD_+36_4063,-1,14,0,log,False,0,1469.1,0.26116,1.4976,4.348,220.19,0.036175,0.026356,0.09415,11604,26.85,13812,2,True,True
BD_+36_4063,-1,14,0,log,True,1,480.11,0.55637,1.7139,3.3296,41.286,0.044527,0.0307,0.053132,11778,26.85,13812,2,True,True
BD_+36_4063,-1,14,0,lin,False,0,1051.9,0.62787,7.7643,14.694,9.1802,0.0039717,0.30801,0.81421,11108,26.85,13812,2,True,True
BD_+36_4063,-1,14,0,lin,True,40,1049.3,0.62365,8.0678,10.315,8.6858,0.0036753,0.31138,0.77422,11751,26.85,13812,2,True,True
BD_+36_4063,-1,15,0,log,False,0,1181,0.33137,1.461,7.7903,169.98,0.048528,0.034011,0.17085,8311.1,23.008,13197,2,True,True
BD_+36_4063,-1,15,0,log,True,1,454.13,0.57873,1.6571,3.2395,42.627,0.052537,0.033332,0.065206,9946.9,23.008,13197,2,True,True
BD_+36_4063,-1,15,0,lin,False,0,1027.2,0.64817,7.8688,20.688,11.561,0.0052757,0.40808,1.0512,7502.3,23.008,13197,2,True,True
BD_+36_4063,-1,15,0,lin,True,40,998.25,0.64326,8.7976,17.798,10.825,0.0047947,0.47347,1.0051,7677.3,23.008,13197,2,True,True
BD_+36_4063,-1,41,0,log,False,0,706.44,0.39197,1.6499,3.1535,70.936,0.035459,0.026253,0.04878,12878,26.589,18319,2,True,True
BD_+36_4063,-1,41,0,log,True,1,280.33,0.63002,1.5295,1.0396,23.013,0.053157,0.025708,0.040295,14132,26.589,18319,2,True,True
BD_+36_4063,-1,41,0,lin,False,0,895.64,0.50008,30,11.578,11.168,0.0023912,3.7449,1.0408,5454.6,26.589,18319,2,True,True
BD_+36_4063,-1,41,0,lin,True,40,871.82,0.5487,16.905,8.5312,10.319,0.0032753,1.4629,0.96548,6287.4,26.589,18319,2,True,True
BD_+36_4063,-1,55,0,log,False,0,2013.5,0.10975,1.2138,0.99843,506.42,0.027777,0.018258,0.083876,16197,27.162,18879,2,False,True
BD_+36_4063,-1,55,0,log,True,1,406.22,0.47556,1.4945,1.6746,38.978,0.04642,0.025657,0.049724,13458,27.162,18879,2,True,True
BD_+36_4063,-1,55,0,lin,False,0,916.3,0.51974,19.624,12.649,10.168,0.0027009,1.7248,0.93484,6840.4,27.162,18879,2,True,True
BD_+36_4063,-1,55,0,lin,True,40,922.7,0.54576,15.573,7.6652,9.4605,0.0029261,1.1112,0.87269,7904.1,27.162,18879,2,True,True
BD_+36_4145,-1,14,0,log,False,0,16.177,3.6319,1.7372,0.30707,0.60275,0.16511,0.045908,0.02341,12540,26.85,13812,2,True,True
BD_+36_4145,-1,14,0,log,True,0,16.177,3.6319,1.7372,0.30707,0.60275,0.16511,0.045908,0.02341,12540,26.85,13812,2,True,True
BD_+36_4145,-1,14,0,lin,False,0,21.92,2.9348,1.5032,0.19275,0.32508,0.065444,0.036863,0.075156,12493,26.85,13812,2,True,True
BD_+36_4145,-1,14,0,lin,True,0,21.92,2.9348,1.5032,0.19275,0.32508,0.065444,0.036863,0.075156,12493,26.85,13812,2,True,True
BD_+36_4145,-1,15,0,log,False,0,15.268,3.9492,1.7518,0.40225,0.60111,0.1909,0.053715,0.029076,10089,23.008,13207,2,True,True
BD_+36_4145,-1,15,0,log,True,0,15.268,3.9492,1.7518,0.40225,0.60111,0.1909,0.053715,0.029076,10089,23.008,13207,2,True,True
BD_+36_4145,-1,15,0,lin,False,0,18.12,3.8509,1.8547,0.62861,0.24554,0.070474,0.048349,0.064618,10726,23.008,13207,2,True,True
BD_+36_4145,-1,15,0,lin,True,0,18.12,3.8509,1.8547,0.62861,0.24554,0.070474,0.048349,0.064618,10726,23.008,13207,2,True,True
BD_+36_4145,-1,41,0,log,False,0,14.305,3.3626,1.6285,0.22771,0.5685,0.17071,0.044748,0.022551,12337,26.589,18319,2,True,True
BD_+36_4145,-1,41,0,log,True,0,14.305,3.3626,1.6285,0.22771,0.5685,0.17071,0.044748,0.022551,12337,26.589,18319,2,True,True
BD_+36_4145,-1,41,0,lin,False,0,17.153,3.301,1.9147,0.59189,0.21549,0.057528,0.045929,0.04831,12035,26.589,18319,2,True,True
BD_+36_4145,-1,41,0,lin,True,0,17.153,3.301,1.9147,0.59189,0.21549,0.057528,0.045929,0.04831,12035,26.589,18319,2,True,True
BD_+36_4145,-1,55,0,log,False,0,16.045,3.2113,1.6839,0.24257,0.6596,0.16286,0.044869,0.021196,12277,27.163,15647,2,True,True
BD_+36_4145,-1,55,0,log,True,0,16.045,3.2113,1.6839,0.24257,0.6596,0.16286,0.044869,0.021196,12277,27.163,15647,2,True,True
BD_+36_4145,-1,55,0,lin,False,0,18.523,3.3906,1.9267,0.52991,0.22905,0.057767,0.045842,0.052473,12314,27.163,15647,2,True,True
BD_+36_4145,-1,55,0,lin,True,0,18.523,3.3906,1.9267,0.52991,0.22905,0.057767,0.045842,0.052473,12314,27.163,15647,2,True,True
BD_+39_1328,-1,86,0,log,False,0,87.276,1.2575,2.4339,0.76281,4.4014,0.048453,0.039628,0.0083092,13617,26.566,11744,2,True,True
BD_+39_1328,-1,86,0,log,True,0,87.276,1.2575,2.4339,0.76281,4.4014,0.048453,0.039628,0.0083092,13617,26.566,11744,2,True,True
BD_+39_1328,-1,86,0,lin,False,0,108.44,1.171,2.231,0.76226,0.99366,0.014934,0.036591,0.090108,16362,26.566,11744,2,True,True
BD_+39_1328,-1,86,0,lin,True,0,108.44,1.171,2.231,0.76226,0.99366,0.014934,0.036591,0.090108,16362,26.566,11744,2,True,True
BD_+60_2522,-1,84,0,log,False,0,108.66,2.2709,2.4984,0.58672,3.8997,0.062519,0.031876,0.011297,18167,25.749,16716,2,True,True
BD_+60_2522,-1,84,0,log,True,0,108.66,2.2709,2.4984,0.58672,3.8997,0.062519,0.031876,0.011297,18167,25.749,16716,2,True,True
BD_+60_2522,-1,84,0,lin,False,0,150.23,1.7671,2.0086,0.15065,1.5244,0.026128,0.036027,0.19374,14885,25.749,16716,2,True,True
BD_+60_2522,-1,84,0,lin,True,0,150.23,1.7671,2.0086,0.15065,1.5244,0.026128,0.036027,0.19374,14885,25.749,16716,2,True,True
BD_+60_2522,-1,85,0,log,False,0,118.24,1.9927,2.3878,1.0349,4.9726,0.068039,0.037775,0.017746,14766,25.488,17721,2,True,True
BD_+60_2522,-1,85,0,log,True,0,118.24,1.9927,2.3878,1.0349,4.9726,0.068039,0.037775,0.017746,14766,25.488,17721,2,True,True
BD_+60_2522,-1,85,0,lin,False,0,140.05,2.0536,2.3256,1.0145,1.4955,0.029751,0.049995,0.21197,12606,25.488,17721,2,True,True
BD_+60_2522,-1,85,0,lin,True,0,140.05,2.0536,2.3256,1.0145,1.4955,0.029751,0.049995,0.21197,12606,25.488,17721,2,True,True
BD_+60_2635,-1,84,0,log,False,0,2.8466,3.8721,1.5336,0.15954,0.1311,0.24434,0.064685,0.010782,7798.6,25.75,16718,2,True,True
BD_+60_2635,-1,84,0,log,True,0,2.8466,3.8721,1.5336,0.15954,0.1311,0.24434,0.064685,0.010782,7798.6,25.75,16718,2,True,True
BD_+60_2635,-1,84,0,lin,False,0,4.2232,2.6056,1.2009,0.12224,0.090224,0.089574,0.037529,0.021783,10447,25.75,16718,2,True,True
BD_+60_2635,-1,84,0,lin,True,0,4.2232,2.6056,1.2009,0.12224,0.090224,0.089574,0.037529,0.021783,10447,25.75,16718,2,True,True
BD_+60_2635,-1,85,0,log,False,0,4.8476,2.7652,1.2934,0.11336,0.26491,0.23232,0.052707,0.016203,8970.2,25.489,12265,2,True,True
BD_+60_2635,-1,85,0,log,True,0,4.8476,2.7652,1.2934,0.11336,0.26491,0.23232,0.052707,0.016203,8970.2,25.489,12265,2,True,True
BD_+60_2635,-1,85,0,lin,False,0,8.2675,1.2873,0.93624,1e-07,0.23919,0.075469,0.029718,0.035828,11474,25.489,12265,2,True,True
BD_+60_2635,-1,85,0,lin,True,0,8.2675,1.2873,0.93624,1e-07,0.23919,0.075469,0.029718,0.035828,11474,25.489,12265,2,True,True
BD_+62_2078,-1,16,0,log,False,0,49.294,0.020001,0.77524,0.29965,64.023,0.040461,0.055657,0.023281,3862.6,23.766,14943,2,False,True
BD_+62_2078,-1,16,0,log,True,0,49.294,0.020001,0.77524,0.29965,64.023,0.040461,0.055657,0.023281,3862.6,23.766,14943,2,False,True
BD_+62_2078,-1,16,0,lin,False,0,39.62,0.046009,0.87556,0.44117,6.1276,0.012062,0.023009,0.015571,10942,23.766,14943,2,False,True
BD_+62_2078,-1,16,0,lin,True,0,39.62,0.046009,0.87556,0.44117,6.1276,0.012062,0.023009,0.015571,10942,23.766,14943,2,False,True
BD_+62_2078,-1,17,0,log,False,0,2.9873,1.8729,1.4008,0.46584,0.23775,0.22638,0.088178,0.012425,3235.3,23.66,15125,2,True,True
BD_+62_2078,-1,17,0,log,True,0,2.9873,1.8729,1.4008,0.46584,0.23775,0.22638,0.088178,0.012425,3235.3,23.66,15125,2,True,True
BD_+62_2078,-1,17,0,lin,False,0,2.9001,2.4838,1.952,0.62042,0.051341,0.06321,0.063605,0.0088293,7294.4,23.66,15125,2,True,True
BD_+62_2078,-1,17,0,lin,True,0,2.9001,2.4838,1.952,0.62042,0.051341,0.06321,0.063605,0.0088293,7294.4,23.66,15125,2,True,True
BD_+62_2078,-1,24,0,log,False,0,4.643,0.90459,1.0959,0.3679,0.54506,0.18394,0.067142,0.014934,4013.2,26.485,18207,2,True,True
BD_+62_2078,-1,24,0,log,True,0,4.643,0.90459,1.0959,0.3679,0.54506,0.18394,0.067142,0.014934,4013.2,26.485,18207,2,True,True
BD_+62_2078,-1,24,0,lin,False,0,4.5218,1.3331,1.5077,0.53899,0.088778,0.043806,0.040444,0.0095613,9250.6,26.485,18207,2,True,True
BD_+62_2078,-1,24,0,lin,True,0,4.5218,1.3331,1.5077,0.53899,0.088778,0.043806,0.040444,0.0095613,9250.6,26.485,18207,2,True,True
BN_Gem,-1,44,0,log,False,0,136.76,2.5346,2.4008,1.1683,5.1874,0.079907,0.037931,0.026314,15055,24.201,15816,2.0002,True,True
BN_Gem,-1,44,0,log,True,2,104.02,3.0159,2.4196,1.0388,3.6587,0.090543,0.039996,0.026698,14981,24.201,15816,2.0002,True,True
BN_Gem,-1,44,0,lin,False,0,201.31,2.2078,2.1528,0.63575,3.1234,0.047867,0.064291,0.473,8144.5,24.201,15816,2.0002,True,True
BN_Gem,-1,44,0,lin,True,1,243.86,1.3476,1.5155,1e-07,4.4518,0.041066,0.038043,0.4835,9915.2,24.201,15816,2.0002,True,True
BN_Gem,-1,45,0,log,False,0,342.8,1.1318,1.5864,2.3062,22.767,0.082971,0.032597,0.11147,12093,24.285,15455,2.0002,True,True
BN_Gem,-1,45,0,log,True,4,499.41,0.56529,1.357,1.7645,51.241,0.067103,0.02931,0.12657,11426,24.285,15455,2.0002,True,True
BN_Gem,-1,45,0,lin,False,0,5793.6,0.02,0.89008,1.0008e-07,1628.6,0.0082213,0.021588,1.0139,12096,24.285,15455,2.0002,False,True
BN_Gem,-1,45,0,lin,True,4,6494.2,0.02,0.94976,1.0021e-07,1648.2,0.0068412,0.018664,0.7325,14275,24.285,15455,2.0002,False,True
BN_Gem,-1,46,0,log,False,0,118.07,2.9161,2.6158,1.2499,4.0667,0.079937,0.041582,0.023288,15650,25.773,16543,2.0002,True,True
BN_Gem,-1,46,0,log,True,3,116.91,2.6505,2.3269,1.1592,4.207,0.082845,0.037111,0.027387,15800,25.773,16543,2.0002,True,True
BN_Gem,-1,46,0,lin,False,0,133.13,3.3471,3.7963,2.7628,1.4729,0.039476,0.12611,0.30747,9286.4,25.773,16543,2.0002,True,True
BN_Gem,-1,46,0,lin,True,1,124.75,3.3362,3.0795,2.165,1.2566,0.039282,0.080184,0.25657,11452,25.773,16543,2.0002,True,True
BN_Gem,-1,71,0,log,False,0,162.53,2.0729,2.0658,1.7844,7.1372,0.085981,0.037486,0.046392,13264,23.612,14785,2.0002,True,True
BN_Gem,-1,71,0,log,True,0,162.53,2.0729,2.0658,1.7844,7.1372,0.085981,0.037486,0.046392,13264,23.612,14785,2.0002,True,True
BN_Gem,-1,71,0,lin,False,0,190.12,2.2506,2.0554,1.4571,2.3173,0.039016,0.046872,0.36009,11318,23.612,14785,2.0002,True,True
BN_Gem,-1,71,0,lin,True,0,190.12,2.2506,2.0554,1.4571,2.3173,0.039016,0.046872,0.36009,11318,23.612,14785,2.0002,True,True
CPD-47_2963,-1,8,0,log,False,0,177.14,2.3729,2.7606,1.6876,6.3779,0.06308,0.041402,0.022268,15466,24.356,13169,2,True,True
CPD-47_2963,-1,8,0,log,True,0,177.14,2.3729,2.7606,1.6876,6.3779,0.06308,0.041402,0.022268,15466,24.356,13169,2,True,True
CPD-47_2963,-1,8,0,lin,False,0,220.14,2.2715,2.3381,0.68799,2.1616,0.03004,0.047015,0.33164,13452,24.356,13169,2,True,True
CPD-47_2963,-1,8,0,lin,True,1,220.21,2.2706,2.3361,0.67614,2.1632,0.030052,0.046964,0.33179,13453,24.356,13169,2,True,True
CPD-47_2963,-1,9,0,log,False,0,166,1.9475,2.3357,1.336,6.9148,0.066574,0.035562,0.024,15037,24.496,16407,2,True,True
CPD-47_2963,-1,9,0,log,True,0,166,1.9475,2.3357,1.336,6.9148,0.066574,0.035562,0.024,15037,24.496,16407,2,True,True
CPD-47_2963,-1,9,0,lin,False,0,213.7,1.6779,1.9558,0.59891,2.2135,0.025682,0.034803,0.27038,14548,24.496,16407,2,True,True
CPD-47_2963,-1,9,0,lin,True,0,213.7,1.6779,1.9558,0.59891,2.2135,0.025682,0.034803,0.27038,14548,24.496,16407,2,True,True
CPD_-47_2963,-1,8,0,log,False,0,177.14,2.3729,2.7606,1.6876,6.3779,0.06308,0.041402,0.022268,15466,24.356,13169,2,True,True
CPD_-47_2963,-1,8,0,log,True,0,177.14,2.3729,2.7606,1.6876,6.3779,0.06308,0.041402,0.022268,15466,24.356,13169,2,True,True
CPD_-47_2963,-1,8,0,lin,False,0,220.14,2.2715,2.3381,0.68799,2.1616,0.03004,0.047015,0.33164,13452,24.356,13169,2,True,True
CPD_-47_2963,-1,8,0,lin,True,1,220.21,2.2706,2.3361,0.67614,2.1632,0.030052,0.046964,0.33179,13453,24.356,13169,2,True,True
CPD_-47_2963,-1,9,0,log,False,0,166,1.9475,2.3357,1.336,6.9148,0.066574,0.035562,0.024,15037,24.496,16407,2,True,True
CPD_-47_2963,-1,9,0,log,True,0,166,1.9475,2.3357,1.336,6.9148,0.066574,0.035562,0.024,15037,24.496,16407,2,True,True
CPD_-47_2963,-1,9,0,lin,False,0,213.7,1.6779,1.9558,0.59891,2.2135,0.025682,0.034803,0.27038,14548,24.496,16407,2,True,True
CPD_-47_2963,-1,9,0,lin,True,0,213.7,1.6779,1.9558,0.59891,2.2135,0.025682,0.034803,0.27038,14548,24.496,16407,2,True,True
CYG_OB2-11,-1,41,0,log,False,0,105.11,1.8653,2.6378,0.51848,4.073,0.051339,0.032841,0.0071054,18135,26.588,18318,2,True,True
CYG_OB2-11,-1,41,0,log,True,2,102.79,1.9261,2.7084,0.52739,3.8884,0.050961,0.033776,0.0068614,18194,26.588,18318,2,True,True
CYG_OB2-11,-1,41,0,lin,False,0,114.13,2.053,2.7694,0.57176,0.87214,0.019642,0.048665,0.12482,16820,26.588,18318,2,True,True
CYG_OB2-11,-1,41,0,lin,True,2,114.15,2.0534,2.7691,0.55385,0.87192,0.01964,0.048636,0.12481,16828,26.588,18318,2,True,True
CYG_OB2-11,-1,55,0,log,False,0,73.785,2.2731,2.745,0.52162,2.5263,0.056129,0.035652,0.0068157,18382,27.163,18878,2,True,True
CYG_OB2-11,-1,55,0,log,True,2,72.531,2.3353,2.8207,0.52697,2.4272,0.055413,0.036584,0.0065461,18485,27.163,18878,2,True,True
CYG_OB2-11,-1,55,0,lin,False,0,76.748,2.6793,4.3456,1.1783,0.54332,0.019114,0.10124,0.10103,15527,27.163,18878,2,True,True
CYG_OB2-11,-1,55,0,lin,True,2,76.775,2.6798,4.3412,1.1565,0.54331,0.019119,0.10102,0.10102,15537,27.163,18878,2,True,True
CYG_OB2-11,-1,56,0,log,False,0,99.595,1.6942,2.2805,0.56152,4.1422,0.056699,0.030148,0.010065,17874,27.88,19612,2,True,True
CYG_OB2-11,-1,56,0,log,True,2,97.952,1.7379,2.3217,0.56758,4.0029,0.056511,0.03063,0.0097553,17917,27.88,19612,2,True,True
CYG_OB2-11,-1,56,0,lin,False,0,105.38,2.0225,2.7077,0.90008,0.89691,0.021789,0.051997,0.12662,15555,27.88,19612,2,True,True
CYG_OB2-11,-1,56,0,lin,True,2,105.4,2.0227,2.7066,0.88126,0.89682,0.02179,0.051946,0.12661,15563,27.88,19612,2,True,True
CYG_OB2-11,-1,75,0,log,False,0,87.905,2.0612,2.6553,0.50029,3.1669,0.053581,0.033029,0.0069093,18918,27.697,19472,2,True,True
CYG_OB2-11,-1,75,0,log,True,2,86.096,2.123,2.7229,0.50598,3.0503,0.053453,0.034055,0.0066936,18892,27.697,19472,2,True,True
CYG_OB2-11,-1,75,0,lin,False,0,99.76,2.1632,2.618,0.43285,0.77828,0.021658,0.045209,0.11501,17204,27.697,19472,2,True,True
CYG_OB2-11,-1,75,0,lin,True,1,99.773,2.1634,2.6175,0.42121,0.77819,0.021656,0.045183,0.115,17209,27.697,19472,2,True,True
CYG_OB2-9,-1,41,0,log,False,0,45.374,2.3569,2.6153,0.58664,1.6135,0.066191,0.041524,0.0076999,15553,26.588,18318,2,True,True
CYG_OB2-9,-1,41,0,log,True,0,45.374,2.3569,2.6153,0.58664,1.6135,0.066191,0.041524,0.0076999,15553,26.588,18318,2,True,True
CYG_OB2-9,-1,41,0,lin,False,0,69.108,1.5861,1.6493,1e-07,0.84431,0.030914,0.03046,0.1031,14716,26.588,18318,2,True,True
CYG_OB2-9,-1,41,0,lin,True,1,69.105,1.5862,1.6494,1e-07,0.84421,0.030912,0.030461,0.10309,14717,26.588,18318,2,True,True
CYG_OB2-9,-1,55,0,log,False,0,41.086,2.403,2.6022,0.35651,1.4156,0.063772,0.036351,0.0053663,17536,27.163,18881,2,True,True
CYG_OB2-9,-1,55,0,log,True,0,41.086,2.403,2.6022,0.35651,1.4156,0.063772,0.036351,0.0053663,17536,27.163,18881,2,True,True
CYG_OB2-9,-1,55,0,lin,False,0,52.752,2.1677,2.3872,0.33895,0.49531,0.027227,0.046316,0.073165,14705,27.163,18881,2,True,True
CYG_OB2-9,-1,55,0,lin,True,0,52.752,2.1677,2.3872,0.33895,0.49531,0.027227,0.046316,0.073165,14705,27.163,18881,2,True,True
CYG_OB2-9,-1,75,0,log,False,0,50.629,2.151,2.4756,0.39618,1.8582,0.062173,0.034321,0.0063189,17595,27.697,19474,2,True,True
CYG_OB2-9,-1,75,0,log,True,0,50.629,2.151,2.4756,0.39618,1.8582,0.062173,0.034321,0.0063189,17595,27.697,19474,2,True,True
CYG_OB2-9,-1,75,0,lin,False,0,63.226,1.9023,2.0769,0.18156,0.53962,0.023232,0.032492,0.072587,17933,27.697,19474,2,True,True
CYG_OB2-9,-1,75,0,lin,True,0,63.226,1.9023,2.0769,0.18156,0.53962,0.023232,0.032492,0.072587,17933,27.697,19474,2,True,True
Cyg_OB2-24,-1,41,0,log,False,0,1.9354,3.6141,2.0078,0.20861,0.078378,0.17122,0.075855,0.0042109,6966.4,26.589,18322,2,True,True
Cyg_OB2-24,-1,41,0,log,True,0,1.9354,3.6141,2.0078,0.20861,0.078378,0.17122,0.075855,0.0042109,6966.4,26.589,18322,2,True,True
Cyg_OB2-24,-1,41,0,lin,False,0,2.0956,3.9449,2.5861,0.28512,0.023841,0.055184,0.068607,0.0056228,10954,26.589,18322,2,True,True
Cyg_OB2-24,-1,41,0,lin,True,0,2.0956,3.9449,2.5861,0.28512,0.023841,0.055184,0.068607,0.0056228,10954,26.589,18322,2,True,True
Cyg_OB2-24,-1,55,0,log,False,0,1.7572,4.3294,2.099,0.21936,0.063303,0.17837,0.079126,0.0043963,7317.3,27.163,18882,2,True,True
Cyg_OB2-24,-1,55,0,log,True,1,1.7871,4.0917,1.9821,0.21484,0.067741,0.18384,0.076209,0.0047063,7215.4,27.163,18882,2,True,True
Cyg_OB2-24,-1,55,0,lin,False,0,2.2919,3.8671,1.9367,0.24818,0.036415,0.08219,0.06058,0.0093989,8942,27.163,18882,2,True,True
Cyg_OB2-24,-1,55,0,lin,True,1,2.3273,3.5672,1.8632,0.25059,0.035834,0.07548,0.054665,0.0087551,9643.6,27.163,18882,2,True,True
Cyg_OB2-24,-1,75,0,log,False,0,2.197,3.149,1.8785,0.17861,0.090814,0.15668,0.063862,0.0039391,8158.6,27.697,19473,2,True,True
Cyg_OB2-24,-1,75,0,log,True,0,2.197,3.149,1.8785,0.17861,0.090814,0.15668,0.063862,0.0039391,8158.6,27.697,19473,2,True,True
Cyg_OB2-24,-1,75,0,lin,False,0,2.4858,3.2527,1.8557,0.20573,0.030367,0.055733,0.042456,0.0068223,12989,27.697,19473,2,True,True
Cyg_OB2-24,-1,75,0,lin,True,0,2.4858,3.2527,1.8557,0.20573,0.030367,0.055733,0.042456,0.0068223,12989,27.697,19473,2,True,True
Cyg_OB2-5,-1,14,0,log,False,0,18071,0.14428,1.2633,33.418,4464.9,0.036235,0.025299,1.3152,11235,26.85,13810,2,False,True
Cyg_OB2-5,-1,14,0,log,True,1,17805,0.058344,1.0358,3.3597,8758.7,0.032729,0.023808,1.3073,12258,26.85,13810,2,False,True
Cyg_OB2-5,-1,14,0,lin,False,0,10288,0.49053,3.2053,129.76,130.33,0.0066628,0.08532,6.6443,10800,26.85,13810,2,True,True
Cyg_OB2-5,-1,14,0,lin,True,31,10010,0.49687,3.6417,121.27,114.57,0.0057167,0.099384,6.3618,11200,26.85,13810,2,True,True
Cyg_OB2-5,-1,15,0,log,False,0,6643.5,0.46808,1.8125,48.468,719.87,0.044217,0.038748,0.66051,8335.9,23.007,13187,2,True,True
Cyg_OB2-5,-1,15,0,log,True,1,2037.3,1.2433,1.8961,30.787,123.88,0.07421,0.041142,0.56871,10046,23.007,13187,2,True,True
Cyg_OB2-5,-1,15,0,lin,False,0,9420.4,0.49701,6.2145,116.17,105.21,0.0043181,0.25917,7.416,8388.3,23.007,13187,2,True,True
Cyg_OB2-5,-1,15,0,lin,True,40,9479,0.48611,6.8154,91.362,100.7,0.0038397,0.28832,7.1965,8692.8,23.007,13187,2,True,True
Cyg_OB2-5,-1,41,0,log,False,0,7660.8,0.30979,1.6018,11.059,977.71,0.033771,0.02271,0.29547,14158,26.588,18315,2,True,True
Cyg_OB2-5,-1,41,0,log,True,2,1013.9,1.9991,2.9245,11.737,32.107,0.044893,0.039651,0.096773,17918,26.588,18315,2,True,True
Cyg_OB2-5,-1,41,0,lin,False,0,9624.1,0.3479,30,86.383,74.873,0.00097764,2.1978,5.4451,10760,26.588,18315,2,True,True
Cyg_OB2-5,-1,41,0,lin,True,40,9589.1,0.34868,30,58.471,62.787,0.00082506,1.8506,4.5736,13234,26.588,18315,2,True,True
Cyg_OB2-5,-1,55,0,log,False,0,14699,0.15036,1.4559,25.474,3106.6,0.027646,0.022603,0.4713,12894,27.161,18873,2,True,True
Cyg_OB2-5,-1,55,0,log,True,5,423.35,3.0396,3.2359,7.2149,12.806,0.064798,0.054342,0.074028,15777,27.161,18873,2,True,True
Cyg_OB2-5,-1,55,0,lin,False,0,9182.9,0.44308,5.9327,83.246,104.91,0.0039433,0.23811,6.638,8934.8,27.161,18873,2,True,True
Cyg_OB2-5,-1,55,0,lin,True,40,9583.5,0.38085,30,72.432,68.477,0.0010007,2.0558,5.3144,12015,27.161,18873,2,True,True
Cyg_X-1,-1,14,0,log,False,0,1238.6,0.26049,1.3962,2.3131,181.86,0.037469,0.023152,0.087683,13425,26.85,13816,2,True,True
Cyg_X-1,-1,14,0,log,True,0,1238.6,0.26049,1.3962,2.3131,181.86,0.037469,0.023152,0.087683,13425,26.85,13816,2,True,True
Cyg_X-1,-1,14,0,lin,False,0,850.26,0.61129,2.4997,8.9965,10.885,0.0098627,0.055661,0.59203,11952,26.85,13816,2,True,True
Cyg_X-1,-1,14,0,lin,True,0,850.26,0.61129,2.4997,8.9965,10.885,0.0098627,0.055661,0.59203,11952,26.85,13816,2,True,True
Cyg_X-1,-1,54,0,log,False,0,751.43,0.38879,1.5786,2.2726,84.123,0.040109,0.02591,0.054696,12723,26.23,17895,2,True,True
Cyg_X-1,-1,54,0,log,True,1,300.85,0.88981,1.8893,1.5251,18.659,0.048548,0.027919,0.028917,14823,26.23,17895,2,True,True
Cyg_X-1,-1,54,0,lin,False,0,658.83,0.67076,2.6461,6.7462,9.7516,0.012251,0.073851,0.59371,9160.3,26.23,17895,2,True,True
Cyg_X-1,-1,54,0,lin,True,0,658.83,0.67076,2.6461,6.7462,9.7516,0.012251,0.073851,0.59371,9160.3,26.23,17895,2,True,True
Cyg_X-1,-1,55,0,log,False,0,467.8,0.67233,1.8835,1.2188,34.291,0.040444,0.025062,0.024615,15705,27.162,18880,2,True,True
Cyg_X-1,-1,55,0,log,True,1,239.6,1.1917,2.3281,0.97405,11.83,0.04367,0.029407,0.013242,17128,27.162,18880,2,True,True
Cyg_X-1,-1,55,0,lin,False,0,540.99,0.78801,2.4113,3.1744,8.2792,0.015842,0.065813,0.55463,9144.7,27.162,18880,2,True,True
Cyg_X-1,-1,55,0,lin,True,0,540.99,0.78801,2.4113,3.1744,8.2792,0.015842,0.065813,0.55463,9144.7,27.162,18880,2,True,True
Cyg_X-1,-1,74,0,log,False,0,565.49,0.5368,1.5863,1.7325,50.023,0.045483,0.024779,0.053574,14302,26.704,18786,2,True,True
Cyg_X-1,-1,74,0,log,True,1,245.3,1.0361,1.9245,1.4417,14.155,0.053143,0.029229,0.028096,14867,26.704,18786,2,True,True
Cyg_X-1,-1,74,0,lin,False,0,610.91,0.68818,2.0673,4.8199,11.812,0.018775,0.059207,0.6602,7926,26.704,18786,2,True,True
Cyg_X-1,-1,74,0,lin,True,0,610.91,0.68818,2.0673,4.8199,11.812,0.018775,0.059207,0.6602,7926,26.704,18786,2,True,True
HDE_227245,-1,41,0,log,False,0,5.7579,3.5064,1.7373,0.33994,0.23909,0.18355,0.059669,0.01259,8825,26.589,18321,2,True,True
HDE_227245,-1,41,0,log,True,1,5.734,3.3017,1.6122,0.31675,0.26054,0.19915,0.05959,0.014573,8391.9,26.589,18321,2,True,True
HDE_227245,-1,41,0,lin,False,0,7.7996,3.1445,1.5641,0.3105,0.14148,0.083669,0.048455,0.034045,9248.6,26.589,18321,2,True,True
HDE_227245,-1,41,0,lin,True,0,7.7996,3.1445,1.5641,0.3105,0.14148,0.083669,0.048455,0.034045,9248.6,26.589,18321,2,True,True
HDE_227245,-1,54,0,log,False,0,6.9564,3.4214,1.8613,0.29482,0.28845,0.16718,0.057507,0.010756,9437.5,26.23,17896,2,True,True
HDE_227245,-1,54,0,log,True,13,4.712,3.397,1.4014,0.20698,0.24909,0.26162,0.063588,0.019424,7506.4,26.23,17896,2,True,True
HDE_227245,-1,54,0,lin,False,0,9.58,3.3753,2.0317,0.39047,0.19249,0.092174,0.080836,0.042852,5975.6,26.23,17896,2,True,True
HDE_227245,-1,54,0,lin,True,1,7.051,4.5577,2.5925,0.4754,0.10799,0.08382,0.093989,0.028746,7325.5,26.23,17896,2,True,True
HDE_227245,-1,55,0,log,False,0,5.503,2.982,1.494,0.23209,0.26389,0.19912,0.054553,0.013957,9006.5,27.162,18882,2,True,True
HDE_227245,-1,55,0,log,True,0,5.503,2.982,1.494,0.23209,0.26389,0.19912,0.054553,0.013957,9006.5,27.162,18882,2,True,True
HDE_227245,-1,55,0,lin,False,0,6.0824,3.3837,1.8115,0.38133,0.091576,0.071283,0.050771,0.021624,10187,27.162,18882,2,True,True
HDE_227245,-1,55,0,lin,True,0,6.0824,3.3837,1.8115,0.38133,0.091576,0.071283,0.050771,0.021624,10187,27.162,18882,2,True,True
HDE_227245,-1,74,0,log,False,0,5.6975,3.2894,1.6541,0.24952,0.25651,0.19143,0.057428,0.012322,8926.9,26.704,18758,2,True,True
HDE_227245,-1,74,0,log,True,3,6.1329,2.665,1.4316,0.20646,0.32558,0.20188,0.053686,0.015144,8743.7,26.704,18758,2,True,True
HDE_227245,-1,74,0,lin,False,0,7.747,2.9407,1.443,0.18281,0.15213,0.087406,0.046004,0.036221,9184.8,26.704,18758,2,True,True
HDE_227245,-1,74,0,lin,True,0,7.747,2.9407,1.443,0.18281,0.15213,0.087406,0.046004,0.036221,9184.8,26.704,18758,2,True,True
HDE_229196,-1,41,0,log,False,0,261.9,0.89095,1.6668,1.1481,17.305,0.058384,0.026818,0.039919,14786,26.588,18318,2,True,True
HDE_229196,-1,41,0,log,True,2,61.42,3.1171,2.247,0.65453,2.0484,0.095889,0.037408,0.020726,16261,26.588,18318,2,True,True
HDE_229196,-1,41,0,lin,False,0,400.01,0.79281,8.8546,8.0675,6.0899,0.0084277,0.68637,0.64617,4733.9,26.588,18318,2,True,True
HDE_229196,-1,41,0,lin,True,40,406.06,0.77421,10.252,5.7344,5.7811,0.0071934,0.81513,0.62198,5092.3,26.588,18318,2,True,True
HDE_229196,-1,75,0,log,False,0,154.44,1.5016,1.6615,0.86365,7.9414,0.08414,0.029698,0.050142,15429,27.697,19469,2,True,True
HDE_229196,-1,75,0,log,True,1,72.943,2.7206,2.0476,0.5234,2.5454,0.092285,0.032398,0.023619,17597,27.697,19469,2,True,True
HDE_229196,-1,75,0,lin,False,0,350.37,0.73539,14.316,9.5328,5.8713,0.0068938,1.6384,0.64528,3668.3,27.697,19469,2,True,True
HDE_229196,-1,75,0,lin,True,40,355.99,0.751,12.93,6.8118,5.65,0.0069924,1.3203,0.61991,4095.7,27.697,19469,2,True,True
HDE_229196,-1,81,0,log,False,0,225.46,1.0157,1.5975,0.99863,14.439,0.068964,0.027807,0.04999,14571,26.624,18409,2,True,True
HDE_229196,-1,81,0,log,True,2,51.374,3.6812,2.4546,0.70765,1.605,0.10152,0.04282,0.019024,15662,26.624,18409,2,True,True
HDE_229196,-1,81,0,lin,False,0,369.23,0.83298,6.471,8.3545,6.0107,0.010957,0.43505,0.61064,4665.7,26.624,18409,2,True,True
HDE_229196,-1,81,0,lin,True,40,375.87,0.82362,7.0077,6.5025,5.6963,0.0097161,0.46337,0.58663,5098.9,26.624,18409,2,True,True
HDE_229196,-1,82,0,log,False,0,156.34,1.1822,1.5002,0.62063,9.945,0.087488,0.030002,0.058094,13706,25.853,18138,2,True,True
HDE_229196,-1,82,0,log,True,1,53.901,3.4049,2.2439,0.65974,1.7436,0.10377,0.039256,0.022286,15678,25.853,18138,2,True,True
HDE_229196,-1,82,0,lin,False,0,354.25,0.69499,17.828,8.6224,5.5959,0.0055356,2.1778,0.61065,3880,25.853,18138,2,True,True
HDE_229196,-1,82,0,lin,True,40,369.18,0.67792,20.714,6.5742,5.316,0.0045863,2.5086,0.58043,4438.2,25.853,18138,2,True,True
HDE_242926,-1,19,0,log,False,0,7.7181,0.16314,1.0846,0.32883,2.6632,0.079146,0.070121,0.0067694,2353.8,24.922,16695,2,True,True
HDE_242926,-1,19,0,log,True,0,7.7181,0.16314,1.0846,0.32883,2.6632,0.079146,0.070121,0.0067694,2353.8,24.922,16695,2,True,True
HDE_242926,-1,19,0,lin,False,0,4.5897,0.53086,1.5317,0.42319,0.12369,0.023215,0.041733,0.0050229,7881.4,24.922,16695,2,True,True
HDE_242926,-1,19,0,lin,True,0,4.5897,0.53086,1.5317,0.42319,0.12369,0.023215,0.041733,0.0050229,7881.4,24.922,16695,2,True,True
HDE_242926,-1,43,0,log,False,0,3.9847,0.68994,1.7035,0.31979,0.4157,0.084578,0.082212,0.0034659,3106.7,24.327,16265,2.0002,True,True
HDE_242926,-1,43,0,log,True,0,3.9847,0.68994,1.7035,0.31979,0.4157,0.084578,0.082212,0.0034659,3106.7,24.327,16265,2.0002,True,True
HDE_242926,-1,43,0,lin,False,0,4.3917,0.76415,1.8072,0.38046,0.08115,0.021547,0.044827,0.0048794,9084,24.327,16265,2.0002,True,True
HDE_242926,-1,43,0,lin,True,0,4.3917,0.76415,1.8072,0.38046,0.08115,0.021547,0.044827,0.0048794,9084,24.327,16265,2.0002,True,True
HDE_242926,-1,44,0,log,False,0,11.368,0.1965,1.3094,0.31838,2.9716,0.059745,0.061013,0.0045468,3132.8,24.249,16211,2.0002,True,True
HDE_242926,-1,44,0,log,True,0,11.368,0.1965,1.3094,0.31838,2.9716,0.059745,0.061013,0.0045468,3132.8,24.249,16211,2.0002,True,True
HDE_242926,-1,44,0,lin,False,0,10.021,0.29199,1.4979,0.39548,0.28671,0.012619,0.030888,0.0052893,11092,24.249,16211,2.0002,True,True
HDE_242926,-1,44,0,lin,True,0,10.021,0.29199,1.4979,0.39548,0.28671,0.012619,0.030888,0.0052893,11092,24.249,16211,2.0002,True,True
HDE_242926,-1,45,0,log,False,0,6.0789,0.38672,1.4608,0.32202,0.97012,0.074444,0.07156,0.0040605,2919.4,24.59,16149,2,True,True
HDE_242926,-1,45,0,log,True,0,6.0789,0.38672,1.4608,0.32202,0.97012,0.074444,0.07156,0.0040605,2919.4,24.59,16149,2,True,True
HDE_242926,-1,45,0,lin,False,0,6.9416,0.42458,1.5426,0.38727,0.17157,0.016536,0.034965,0.0052927,9918.5,24.59,16149,2,True,True
HDE_242926,-1,45,0,lin,True,0,6.9416,0.42458,1.5426,0.38727,0.17157,0.016536,0.034965,0.0052927,9918.5,24.59,16149,2,True,True
HDE_303308,-1,36,0,log,False,0,37.473,0.65166,1.2721,2.3212,4.7795,0.12086,0.065348,0.054772,3677.9,24.419,16329,2,True,True
HDE_303308,-1,36,0,log,True,0,37.473,0.65166,1.2721,2.3212,4.7795,0.12086,0.065348,0.054772,3677.9,24.419,16329,2,True,True
HDE_303308,-1,36,0,lin,False,0,290.56,0.02,0.75179,1.7964,84.655,0.010548,0.025,0.12208,10098,24.419,16329,2,False,True
HDE_303308,-1,36,0,lin,True,0,290.56,0.02,0.75179,1.7964,84.655,0.010548,0.025,0.12208,10098,24.419,16329,2,False,True
HDE_303308,-1,37,0,log,False,0,1426.2,0.02,0.98455,6.9996,2506.1,0.040561,0.054515,0.18958,3187.8,25.319,17325,2,False,True
HDE_303308,-1,37,0,log,True,0,1426.2,0.02,0.98455,6.9996,2506.1,0.040561,0.054515,0.18958,3187.8,25.319,17325,2,False,True
HDE_303308,-1,37,0,lin,False,0,816.73,0.070481,1.1723,9.2566,85.546,0.0098224,0.024502,0.17186,11998,25.319,17325,2,False,True
HDE_303308,-1,37,0,lin,True,0,816.73,0.070481,1.1723,9.2566,85.546,0.0098224,0.024502,0.17186,11998,25.319,17325,2,False,True
HDE_303308,-1,63,0,log,False,0,176.56,0.69277,1.5403,6.0883,17.031,0.079001,0.051899,0.098871,5906.7,26.531,18323,2,True,True
HDE_303308,-1,63,0,log,True,1,173.51,0.71075,1.5588,6.1171,16.387,0.078882,0.052332,0.096882,5917.5,26.531,18323,2,True,True
HDE_303308,-1,63,0,lin,False,0,468.71,0.204,1.1311,5.9663,20.371,0.015276,0.023314,0.27333,12511,26.531,18323,2,True,True
HDE_303308,-1,63,0,lin,True,0,468.71,0.204,1.1311,5.9663,20.371,0.015276,0.023314,0.27333,12511,26.531,18323,2,True,True
HDE_303308,-1,64,0,log,False,0,55.786,1.4537,1.5376,3.1752,3.7696,0.12937,0.056929,0.073269,6476.4,26.917,18849,2,True,True
HDE_303308,-1,64,0,log,True,0,55.786,1.4537,1.5376,3.1752,3.7696,0.12937,0.056929,0.073269,6476.4,26.917,18849,2,True,True
HDE_303308,-1,64,0,lin,False,0,135.02,0.39692,0.97089,2.1619,4.6612,0.028592,0.022512,0.18746,13191,26.917,18849,2,True,True
HDE_303308,-1,64,0,lin,True,0,135.02,0.39692,0.97089,2.1619,4.6612,0.028592,0.022512,0.18746,13191,26.917,18849,2,True,True
HDE_303311,-1,36,0,log,False,0,5.1648,0.98838,0.99549,0.34522,0.66039,0.23773,0.070889,0.024344,3931.4,24.437,16357,2,True,True
HDE_303311,-1,36,0,log,True,0,5.1648,0.98838,0.99549,0.34522,0.66039,0.23773,0.070889,0.024344,3931.4,24.437,16357,2,True,True
HDE_303311,-1,36,0,lin,False,0,8.1669,0.51847,0.8144,0.3154,0.454,0.067802,0.033827,0.031358,8273,24.437,16357,2,True,True
HDE_303311,-1,36,0,lin,True,0,8.1669,0.51847,0.8144,0.3154,0.454,0.067802,0.033827,0.031358,8273,24.437,16357,2,True,True
HDE_303311,-1,37,0,log,False,0,10.28,0.31321,0.87516,0.3058,2.2694,0.13018,0.057136,0.023643,4609.3,25.325,17338,2,True,True
HDE_303311,-1,37,0,log,True,0,10.28,0.31321,0.87516,0.3058,2.2694,0.13018,0.057136,0.023643,4609.3,25.325,17338,2,True,True
HDE_303311,-1,37,0,lin,False,0,13.823,0.20823,0.77863,0.29383,0.98979,0.034941,0.026668,0.026608,10377,25.325,17338,2,True,True
HDE_303311,-1,37,0,lin,True,0,13.823,0.20823,0.77863,0.29383,0.98979,0.034941,0.026668,0.026608,10377,25.325,17338,2,True,True
HDE_303311,-1,63,0,log,False,0,6.1658,0.93268,1.0863,0.32773,0.68669,0.17879,0.059944,0.017449,5022.2,26.531,18358,2,True,True
HDE_303311,-1,63,0,log,True,0,6.1658,0.93268,1.0863,0.32773,0.68669,0.17879,0.059944,0.017449,5022.2,26.531,18358,2,True,True
HDE_303311,-1,63,0,lin,False,0,6.5335,1.1421,1.2122,0.4463,0.15722,0.051036,0.033692,0.016657,9853.5,26.531,18358,2,True,True
HDE_303311,-1,63,0,lin,True,0,6.5335,1.1421,1.2122,0.4463,0.15722,0.051036,0.033692,0.016657,9853.5,26.531,18358,2,True,True
HDE_303311,-1,64,0,log,False,0,5.5225,0.81167,1.0765,0.35687,0.65377,0.16627,0.061138,0.015229,4607,26.916,18854,2,True,True
HDE_303311,-1,64,0,log,True,0,5.5225,0.81167,1.0765,0.35687,0.65377,0.16627,0.061138,0.015229,4607,26.916,18854,2,True,True
HDE_303311,-1,64,0,lin,False,0,5.489,1.1698,1.351,0.5021,0.11936,0.044965,0.036171,0.012,9624.6,26.916,18854,2,True,True
HDE_303311,-1,64,0,lin,True,0,5.489,1.1698,1.351,0.5021,0.11936,0.044965,0.036171,0.012,9624.6,26.916,18854,2,True,True
HDE_305438,-1,10,0,log,False,0,2.0893,0.84297,2.1133,0.37362,0.20424,0.091837,0.15043,0.0030485,1658.2,25.374,16454,2,True,True
HDE_305438,-1,10,0,log,True,0,2.0893,0.84297,2.1133,0.37362,0.20424,0.091837,0.15043,0.0030485,1658.2,25.374,16454,2,True,True
HDE_305438,-1,10,0,lin,False,0,2.1026,0.99862,2.3558,0.44682,0.041447,0.026522,0.084864,0.0033496,6016.5,25.374,16454,2,True,True
HDE_305438,-1,10,0,lin,True,0,2.1026,0.99862,2.3558,0.44682,0.041447,0.026522,0.084864,0.0033496,6016.5,25.374,16454,2,True,True
HDE_305438,-1,11,0,log,False,0,2.7111,0.49435,1.3549,0.34731,0.44386,0.11477,0.096474,0.0047306,1737.7,26.149,16880,2,True,True
HDE_305438,-1,11,0,log,True,0,2.7111,0.49435,1.3549,0.34731,0.44386,0.11477,0.096474,0.0047306,1737.7,26.149,16880,2,True,True
HDE_305438,-1,11,0,lin,False,0,2.1688,0.87772,2.3573,0.44466,0.044166,0.023924,0.085666,0.0032122,5942.6,26.149,16880,2,True,True
HDE_305438,-1,11,0,lin,True,0,2.1688,0.87772,2.3573,0.44466,0.044166,0.023924,0.085666,0.0032122,5942.6,26.149,16880,2,True,True
HDE_305438,-1,63,0,log,False,0,2.3763,0.22286,0.92103,0.31382,0.91199,0.15696,0.10927,0.0087726,1123.8,26.531,18358,2,True,True
HDE_305438,-1,63,0,log,True,0,2.3763,0.22286,0.92103,0.31382,0.91199,0.15696,0.10927,0.0087726,1123.8,26.531,18358,2,True,True
HDE_305438,-1,63,0,lin,False,0,1.5757,0.72465,1.5396,0.40999,0.066114,0.050313,0.074087,0.0038014,3372.5,26.531,18358,2,True,True
HDE_305438,-1,63,0,lin,True,0,1.5757,0.72465,1.5396,0.40999,0.066114,0.050313,0.074087,0.0038014,3372.5,26.531,18358,2,True,True
HDE_305438,-1,64,0,log,False,0,1.4698,0.48397,1.3179,0.34163,0.29211,0.14568,0.13198,0.0043171,922.77,26.917,18854,2,True,True
HDE_305438,-1,64,0,log,True,0,1.4698,0.48397,1.3179,0.34163,0.29211,0.14568,0.13198,0.0043171,922.77,26.917,18854,2,True,True
HDE_305438,-1,64,0,lin,False,0,13.248,0.02,0.88451,0.3893,9.0306,0.02009,0.052498,0.0057946,3332.2,26.917,18854,2,False,True
HDE_305438,-1,64,0,lin,True,0,13.248,0.02,0.88451,0.3893,9.0306,0.02009,0.052498,0.0057946,3332.2,26.917,18854,2,False,True
HDE_305524,-1,36,0,log,False,0,8.8513,4.0108,1.9825,0.33626,0.32531,0.16606,0.056917,0.012948,10189,24.437,16356,2,True,True
HDE_305524,-1,36,0,log,True,0,8.8513,4.0108,1.9825,0.33626,0.32531,0.16606,0.056917,0.012948,10189,24.437,16356,2,True,True
HDE_305524,-1,36,0,lin,False,0,20.816,1.0583,0.98519,1e-07,0.56024,0.058213,0.02753,0.065788,11974,24.437,16356,2,True,True
HDE_305524,-1,36,0,lin,True,0,20.816,1.0583,0.98519,1e-07,0.56024,0.058213,0.02753,0.065788,11974,24.437,16356,2,True,True
HDE_305524,-1,37,0,log,False,0,8.4832,3.9165,1.7534,0.29053,0.32714,0.18646,0.05428,0.016769,10308,25.325,17337,2,True,True
HDE_305524,-1,37,0,log,True,0,8.4832,3.9165,1.7534,0.29053,0.32714,0.18646,0.05428,0.016769,10308,25.325,17337,2,True,True
HDE_305524,-1,37,0,lin,False,0,13.207,2.5417,1.2387,1.0018e-07,0.25207,0.07832,0.034816,0.05814,11419,25.325,17337,2,True,True
HDE_305524,-1,37,0,lin,True,0,13.207,2.5417,1.2387,1.0018e-07,0.25207,0.07832,0.034816,0.05814,11419,25.325,17337,2,True,True
HDE_305524,-1,63,0,log,False,0,10.874,2.6141,1.5627,0.28506,0.49681,0.15694,0.045557,0.016152,10919,26.531,18358,2,True,True
HDE_305524,-1,63,0,log,True,0,10.874,2.6141,1.5627,0.28506,0.49681,0.15694,0.045557,0.016152,10919,26.531,18358,2,True,True
HDE_305524,-1,63,0,lin,False,0,49.12,0.17578,0.79362,1e-07,3.4177,0.027748,0.023925,0.072132,12145,26.531,18358,2,True,True
HDE_305524,-1,63,0,lin,True,0,49.12,0.17578,0.79362,1e-07,3.4177,0.027748,0.023925,0.072132,12145,26.531,18358,2,True,True
HDE_305524,-1,64,0,log,False,0,8.8908,3.106,1.6561,0.30044,0.39158,0.17467,0.052034,0.015603,9993.5,26.917,18854,2,True,True
HDE_305524,-1,64,0,log,True,0,8.8908,3.106,1.6561,0.30044,0.39158,0.17467,0.052034,0.015603,9993.5,26.917,18854,2,True,True
HDE_305524,-1,64,0,lin,False,0,10.806,3.0183,1.6584,0.37852,0.15932,0.065133,0.042627,0.035546,11357,26.917,18854,2,True,True
HDE_305524,-1,64,0,lin,True,0,10.806,3.0183,1.6584,0.37852,0.15932,0.065133,0.042627,0.035546,11357,26.917,18854,2,True,True
HDE_338_931,-1,41,0,log,False,0,42.369,2.7842,2.0862,0.37065,1.5474,0.098166,0.035681,0.015025,15933,26.587,18321,2,True,True
HDE_338_931,-1,41,0,log,True,0,42.369,2.7842,2.0862,0.37065,1.5474,0.098166,0.035681,0.015025,15933,26.587,18321,2,True,True
HDE_338_931,-1,41,0,lin,False,0,82.837,1.3221,1.5143,0.20107,1.1472,0.030599,0.028663,0.12228,14132,26.587,18321,2,True,True
HDE_338_931,-1,41,0,lin,True,0,82.837,1.3221,1.5143,0.20107,1.1472,0.030599,0.028663,0.12228,14132,26.587,18321,2,True,True
HDE_338_931,-1,54,0,log,False,0,49.548,2.732,2.0181,0.4176,1.8262,0.10003,0.034946,0.019035,15858,26.229,15583,2,True,True
HDE_338_931,-1,54,0,log,True,0,49.548,2.732,2.0181,0.4176,1.8262,0.10003,0.034946,0.019035,15858,26.229,15583,2,True,True
HDE_338_931,-1,54,0,lin,False,0,73.771,1.9041,1.5693,1.0001e-07,0.96259,0.039801,0.031396,0.14322,13952,26.229,15583,2,True,True
HDE_338_931,-1,54,0,lin,True,0,73.771,1.9041,1.5693,1.0001e-07,0.96259,0.039801,0.031396,0.14322,13952,26.229,15583,2,True,True
HDE_338_931,-1,81,0,log,False,0,58.844,2.4547,2.0544,0.55205,2.2608,0.090955,0.034872,0.018742,15697,26.624,16073,2,True,True
HDE_338_931,-1,81,0,log,True,2,40.682,3.3848,2.3333,0.57606,1.3116,0.099851,0.040975,0.015661,15587,26.624,16073,2,True,True
HDE_338_931,-1,81,0,lin,False,0,113.41,1.231,1.5166,0.20596,1.8391,0.033434,0.032982,0.18262,11905,26.624,16073,2,True,True
HDE_338_931,-1,81,0,lin,True,0,113.41,1.231,1.5166,0.20596,1.8391,0.033434,0.032982,0.18262,11905,26.624,16073,2,True,True
HDE_344777,-1,40,0,log,False,0,5.7852,2.3171,1.1891,0.14198,0.36281,0.2381,0.053064,0.021451,8624.1,28.201,19607,2,True,True
HDE_344777,-1,40,0,log,True,0,5.7852,2.3171,1.1891,0.14198,0.36281,0.2381,0.053064,0.021451,8624.1,28.201,19607,2,True,True
HDE_344777,-1,40,0,lin,False,0,7.2964,2.0904,1.2437,0.23918,0.13877,0.067378,0.033215,0.026438,11980,28.201,19607,2,True,True
HDE_344777,-1,40,0,lin,True,0,7.2964,2.0904,1.2437,0.23918,0.13877,0.067378,0.033215,0.026438,11980,28.201,19607,2,True,True
HDE_344777,-1,41,0,log,False,0,6.7445,1.8419,1.1585,0.16353,0.47628,0.21638,0.051488,0.021353,8165.9,26.589,18322,2,True,True
HDE_344777,-1,41,0,log,True,0,6.7445,1.8419,1.1585,0.16353,0.47628,0.21638,0.051488,0.021353,8165.9,26.589,18322,2,True,True
HDE_344777,-1,41,0,lin,False,0,7.6283,1.9879,1.4829,0.41728,0.12855,0.054438,0.037567,0.020616,10940,26.589,18322,2,True,True
HDE_344777,-1,41,0,lin,True,0,7.6283,1.9879,1.4829,0.41728,0.12855,0.054438,0.037567,0.020616,10940,26.589,18322,2,True,True
HDE_344777,-1,54,0,log,False,0,6.2078,2.4094,1.3873,0.28589,0.34282,0.19553,0.054275,0.016216,8144.5,26.229,15582,2,True,True
HDE_344777,-1,54,0,log,True,0,6.2078,2.4094,1.3873,0.28589,0.34282,0.19553,0.054275,0.016216,8144.5,26.229,15582,2,True,True
HDE_344777,-1,54,0,lin,False,0,7.2905,2.3557,1.4276,0.37344,0.11726,0.060531,0.035313,0.022726,11923,26.229,15582,2,True,True
HDE_344777,-1,54,0,lin,True,0,7.2905,2.3557,1.4276,0.37344,0.11726,0.060531,0.035313,0.022726,11923,26.229,15582,2,True,True
HDE_344777,-1,81,0,log,False,0,6.8786,1.6517,1.0724,0.13193,0.52139,0.22078,0.049999,0.024143,8412.7,26.624,16872,2,True,True
HDE_344777,-1,81,0,log,True,0,6.8786,1.6517,1.0724,0.13193,0.52139,0.22078,0.049999,0.024143,8412.7,26.624,16872,2,True,True
HDE_344777,-1,81,0,lin,False,0,8.7635,1.3693,1.0588,0.19069,0.21393,0.064233,0.030064,0.03054,11488,26.624,16872,2,True,True
HDE_344777,-1,81,0,lin,True,0,8.7635,1.3693,1.0588,0.19069,0.21393,0.064233,0.030064,0.03054,11488,26.624,16872,2,True,True
HDE_344783,-1,40,0,log,False,0,3.7062,0.17248,0.99993,0.26668,1.39,0.10263,0.085173,0.0061147,1699.2,28.201,19610,2,True,True
HDE_344783,-1,40,0,log,True,6,2.7424,0.30848,1.2633,0.27414,0.62109,0.097739,0.092309,0.0037397,1637.6,28.201,19610,2,True,True
HDE_344783,-1,40,0,lin,False,0,2.1877,0.61304,1.7123,0.3644,0.077565,0.033604,0.071978,0.0036909,4191,28.201,19610,2,True,True
HDE_344783,-1,40,0,lin,True,4,2.2186,0.61786,1.6636,0.34285,0.065528,0.028674,0.056871,0.0031412,5855.1,28.201,19610,2,True,True
HDE_344783,-1,41,0,log,False,0,2.3273,0.35593,1.0996,0.27109,0.54562,0.13552,0.093174,0.0056565,1607.3,26.589,18322,2,True,True
HDE_344783,-1,41,0,log,True,4,1.8077,0.5782,1.2993,0.27289,0.28102,0.13542,0.09749,0.0041968,1729.7,26.589,18322,2,True,True
HDE_344783,-1,41,0,lin,False,0,2.047,0.63715,1.2366,0.32996,0.10128,0.058322,0.057091,0.0055987,4033.2,26.589,18322,2,True,True
HDE_344783,-1,41,0,lin,True,3,1.9969,0.68984,1.2928,0.31908,0.076939,0.048147,0.049369,0.0045184,5360.6,26.589,18322,2,True,True
HDE_344783,-1,54,0,log,False,0,3.1456,0.54874,1.2214,0.28938,0.48255,0.1282,0.077468,0.0059688,2578.8,26.229,15582,2,True,True
HDE_344783,-1,54,0,log,True,3,2.9789,0.59654,1.3122,0.29149,0.41456,0.12043,0.079491,0.0050396,2565.7,26.229,15582,2,True,True
HDE_344783,-1,54,0,lin,False,0,4.0436,0.55689,1.3453,0.36481,0.13224,0.031906,0.040907,0.0059306,7154.8,26.229,15582,2,True,True
HDE_344783,-1,54,0,lin,True,2,4.0295,0.56619,1.3535,0.35457,0.12457,0.030594,0.039362,0.0056791,7618.8,26.229,15582,2,True,True
HD_101190,-1,37,0,log,False,0,40.31,4.3878,2.0638,0.50145,1.3166,0.15143,0.04617,0.038268,13667,25.321,17309,2,True,True
HD_101190,-1,37,0,log,True,0,40.31,4.3878,2.0638,0.50145,1.3166,0.15143,0.04617,0.038268,13667,25.321,17309,2,True,True
HD_101190,-1,37,0,lin,False,0,66.489,2.5436,1.4253,1e-07,1.0559,0.063522,0.03541,0.22062,12111,25.321,17309,2,True,True
HD_101190,-1,37,0,lin,True,0,66.489,2.5436,1.4253,1e-07,1.0559,0.063522,0.03541,0.22062,12111,25.321,17309,2,True,True
HD_101190,-1,38,0,log,False,0,44.945,3.9663,1.9003,0.2571,1.5021,0.14707,0.040249,0.040727,15215,26.695,18463,2,True,True
HD_101190,-1,38,0,log,True,0,44.945,3.9663,1.9003,0.2571,1.5021,0.14707,0.040249,0.040727,15215,26.695,18463,2,True,True
HD_101190,-1,38,0,lin,False,0,96.116,1.3399,1.168,1.0001e-07,1.9581,0.050738,0.028526,0.25184,12741,26.695,18463,2,True,True
HD_101190,-1,38,0,lin,True,0,96.116,1.3399,1.168,1.0001e-07,1.9581,0.050738,0.028526,0.25184,12741,26.695,18463,2,True,True
HD_101190,-1,64,0,log,False,0,42.075,3.8536,1.7449,1.0003e-07,1.4919,0.16199,0.039445,0.046951,15178,26.917,18853,2,True,True
HD_101190,-1,64,0,log,True,0,42.075,3.8536,1.7449,1.0003e-07,1.4919,0.16199,0.039445,0.046951,15178,26.917,18853,2,True,True
HD_101190,-1,64,0,lin,False,0,77.999,1.6998,1.2238,1e-07,1.3946,0.053796,0.028808,0.21957,13508,26.917,18853,2,True,True
HD_101190,-1,64,0,lin,True,0,77.999,1.6998,1.2238,1e-07,1.3946,0.053796,0.028808,0.21957,13508,26.917,18853,2,True,True
HD_101190,-1,99,0,log,False,0,40.953,5.086,2.3245,0.69321,1.1361,0.13785,0.047521,0.033695,15325,27.664,14076,2.0002,True,True
HD_101190,-1,99,0,log,True,0,40.953,5.086,2.3245,0.69321,1.1361,0.13785,0.047521,0.033695,15325,27.664,14076,2.0002,True,True
HD_101190,-1,99,0,lin,False,0,76.912,2.2567,1.3217,1e-07,1.2086,0.058253,0.030528,0.2372,14071,27.664,14076,2.0002,True,True
HD_101190,-1,99,0,lin,True,0,76.912,2.2567,1.3217,1e-07,1.2086,0.058253,0.030528,0.2372,14071,27.664,14076,2.0002,True,True
HD_101223,-1,37,0,log,False,0,16.198,1.1015,1.0832,0.0697,1.466,0.16605,0.042703,0.03047,9224.5,25.321,17336,2,True,True
HD_101223,-1,37,0,log,True,0,16.198,1.1015,1.0832,0.0697,1.466,0.16605,0.042703,0.03047,9224.5,25.321,17336,2,True,True
HD_101223,-1,37,0,lin,False,0,20.331,0.99991,1.1247,0.21223,0.45992,0.0438,0.027107,0.045077,12044,25.321,17336,2,True,True
HD_101223,-1,37,0,lin,True,0,20.331,0.99991,1.1247,0.21223,0.45992,0.0438,0.027107,0.045077,12044,25.321,17336,2,True,True
HD_101223,-1,38,0,log,False,0,16.086,0.94853,1.0341,0.084004,1.5888,0.16142,0.042769,0.031631,9132.6,26.695,18492,2,True,True
HD_101223,-1,38,0,log,True,0,16.086,0.94853,1.0341,0.084004,1.5888,0.16142,0.042769,0.031631,9132.6,26.695,18492,2,True,True
HD_101223,-1,38,0,lin,False,0,16.557,1.2388,1.214,0.33186,0.32096,0.044293,0.02796,0.036942,12658,26.695,18492,2,True,True
HD_101223,-1,38,0,lin,True,0,16.557,1.2388,1.214,0.33186,0.32096,0.044293,0.02796,0.036942,12658,26.695,18492,2,True,True
HD_101223,-1,64,0,log,False,0,11.915,1.3853,1.0126,1e-07,1.0189,0.21497,0.046378,0.03717,9332.6,26.917,18853,2,True,True
HD_101223,-1,64,0,log,True,0,11.915,1.3853,1.0126,1e-07,1.0189,0.21497,0.046378,0.03717,9332.6,26.917,18853,2,True,True
HD_101223,-1,64,0,lin,False,0,15.793,1.1048,0.96726,1.0003e-07,0.43863,0.06287,0.028178,0.054737,11919,26.917,18853,2,True,True
HD_101223,-1,64,0,lin,True,0,15.793,1.1048,0.96726,1.0003e-07,0.43863,0.06287,0.028178,0.054737,11919,26.917,18853,2,True,True
HD_101223,-1,99,0,log,False,0,11.476,2.0968,1.2712,0.15189,0.65631,0.18367,0.043856,0.024554,10733,27.664,14073,2.0002,True,True
HD_101223,-1,99,0,log,True,0,11.476,2.0968,1.2712,0.15189,0.65631,0.18367,0.043856,0.024554,10733,27.664,14073,2.0002,True,True
HD_101223,-1,99,0,lin,False,0,14.475,1.752,1.2042,0.18833,0.25447,0.054511,0.027929,0.041796,13827,27.664,14073,2.0002,True,True
HD_101223,-1,99,0,lin,True,0,14.475,1.752,1.2042,0.18833,0.25447,0.054511,0.027929,0.041796,13827,27.664,14073,2.0002,True,True
HD_102415,-1,100,0,log,False,0,3.3291,9.4071,2.8638,0.30337,0.081796,0.20696,0.10036,0.010683,9082.9,25.778,17273,2.0002,True,True
HD_102415,-1,100,0,log,True,4,3.2131,8.8167,2.8555,0.31702,0.078464,0.19534,0.097118,0.0093368,9240.3,25.778,17273,2.0002,True,True
HD_102415,-1,100,0,lin,False,0,4.7913,8.9229,1.9159,0.065446,0.1187,0.21292,0.094991,0.066016,6123.2,25.778,17273,2.0002,True,True
HD_102415,-1,100,0,lin,True,4,3.9652,8.7059,2.6894,0.34521,0.0571,0.12263,0.09537,0.026902,8685.4,25.778,17273,2.0002,True,True
HD_102415,-1,64,0,log,False,0,3.2531,8.9298,2.4262,0.25354,0.084555,0.22501,0.087545,0.013009,9487.9,26.917,18853,2,True,True
HD_102415,-1,64,0,log,True,4,3.3623,7.9177,2.2451,0.25308,0.093213,0.22586,0.080988,0.012987,9471.6,26.917,18853,2,True,True
HD_102415,-1,64,0,lin,False,0,4.367,8.8088,1.8632,0.087475,0.10737,0.2097,0.090346,0.059751,6470,26.917,18853,2,True,True
HD_102415,-1,64,0,lin,True,4,4.3059,7.3567,1.9146,0.21494,0.07302,0.13157,0.066465,0.03447,9523.8,26.917,18853,2,True,True
HD_102415,-1,99,0,log,False,0,4.2609,8.6926,2.5937,0.31785,0.10534,0.20371,0.085352,0.01309,10261,27.664,14076,2.0002,True,True
HD_102415,-1,99,0,log,True,3,4.1749,8.2605,2.5729,0.33343,0.10179,0.19335,0.081881,0.011872,10549,27.664,14076,2.0002,True,True
HD_102415,-1,99,0,lin,False,0,5.7288,8.407,2.153,0.21764,0.11864,0.17307,0.096575,0.059682,6662.8,27.664,14076,2.0002,True,True
HD_102415,-1,99,0,lin,True,3,5.0956,8.2674,2.4848,0.35436,0.070811,0.11535,0.081495,0.0329,9865.4,27.664,14076,2.0002,True,True
HD_108,-1,17,0,log,False,0,52.18,1.5837,1.9628,1.1822,2.8459,0.087012,0.046799,0.021206,9496.3,23.367,14598,2,True,True
HD_108,-1,17,0,log,True,1,35.884,2.2113,2.2042,1.1166,1.6252,0.096984,0.054376,0.01798,9522.3,23.367,14598,2,True,True
HD_108,-1,17,0,lin,False,0,284.34,0.15891,1.0595,0.33064,16.082,0.015637,0.023586,0.16472,11269,23.367,14598,2,True,True
HD_108,-1,17,0,lin,True,0,284.34,0.15891,1.0595,0.33064,16.082,0.015637,0.023586,0.16472,11269,23.367,14598,2,True,True
HD_108,-1,18,0,log,False,0,62.013,1.4456,1.9468,0.92727,3.486,0.079162,0.041444,0.018296,10614,23.721,15271,2,True,True
HD_108,-1,18,0,log,True,0,62.013,1.4456,1.9468,0.92727,3.486,0.079162,0.041444,0.018296,10614,23.721,15271,2,True,True
HD_108,-1,18,0,lin,False,0,347.62,0.13895,1.0557,1.0078e-07,18.484,0.012582,0.020055,0.15503,13566,23.721,15271,2,False,True
HD_108,-1,18,0,lin,True,0,347.62,0.13895,1.0557,1.0078e-07,18.484,0.012582,0.020055,0.15503,13566,23.721,15271,2,False,True
HD_108,-1,84,0,log,False,0,54.044,1.516,1.9087,0.59992,2.8032,0.076894,0.035896,0.014187,12859,25.75,16693,2,True,True
HD_108,-1,84,0,log,True,0,54.044,1.516,1.9087,0.59992,2.8032,0.076894,0.035896,0.014187,12859,25.75,16693,2,True,True
HD_108,-1,84,0,lin,False,0,121.48,0.50864,1.1951,1.0014e-07,2.4299,0.018956,0.019754,0.10575,16077,25.75,16693,2,True,True
HD_108,-1,84,0,lin,True,0,121.48,0.50864,1.1951,1.0014e-07,2.4299,0.018956,0.019754,0.10575,16077,25.75,16693,2,True,True
HD_108,-1,85,0,log,False,0,41.828,1.7907,1.8004,0.68983,2.1193,0.098086,0.0399,0.020108,11620,25.489,12572,2,True,True
HD_108,-1,85,0,log,True,0,41.828,1.7907,1.8004,0.68983,2.1193,0.098086,0.0399,0.020108,11620,25.489,12572,2,True,True
HD_108,-1,85,0,lin,False,0,63.532,1.2046,1.3541,0.10754,1.0542,0.03525,0.027963,0.10909,13006,25.489,12572,2,True,True
HD_108,-1,85,0,lin,True,0,63.532,1.2046,1.3541,0.10754,1.0542,0.03525,0.027963,0.10909,13006,25.489,12572,2,True,True
HD_110360,-1,11,0,log,False,0,12.134,0.44656,1.0549,0.31667,1.9403,0.11395,0.050771,0.016324,5277.2,23.623,13299,2,True,True
HD_110360,-1,11,0,log,True,2,56.801,0.02,0.74857,0.21937,68.857,0.039254,0.05199,0.028455,4641.6,23.623,13299,2,False,True
HD_110360,-1,11,0,lin,False,0,12.613,0.66351,1.1694,0.39135,0.42902,0.043118,0.036648,0.025973,7534.3,23.623,13299,2,True,True
HD_110360,-1,11,0,lin,True,2,14.689,0.39958,1.2376,0.53433,0.48731,0.023668,0.030706,0.01528,9288.8,23.623,13299,2,True,True
HD_110360,-1,37,0,log,False,0,4.3967,1.6992,1.4751,0.34311,0.31265,0.16975,0.067113,0.0095198,5112,24.52,15991,2,True,True
HD_110360,-1,37,0,log,True,3,5.7409,0.89047,1.1735,0.31403,0.63026,0.15638,0.060228,0.0124,4718.8,24.52,15991,2,True,True
HD_110360,-1,37,0,lin,False,0,4.9613,2.1652,1.5278,0.37392,0.12272,0.085157,0.058894,0.02098,6021.1,24.52,15991,2,True,True
HD_110360,-1,37,0,lin,True,2,5.8518,1.2367,1.3269,0.40112,0.14133,0.053064,0.039778,0.015225,8208.4,24.52,15991,2,True,True
HD_110360,-1,38,0,log,False,0,7.4335,0.38716,0.83904,0.19679,1.5144,0.1585,0.058538,0.023113,4961.6,26.696,18493,2,True,True
HD_110360,-1,38,0,log,True,3,5.3408,0.44856,0.75395,0.17125,1.1839,0.22706,0.070388,0.031563,4199.6,26.696,18493,2,True,True
HD_110360,-1,38,0,lin,False,0,7.7253,0.69794,1.1008,0.35257,0.3349,0.059769,0.043652,0.022624,5956.5,26.696,18493,2,True,True
HD_110360,-1,38,0,lin,True,2,7.4547,0.68416,1.3449,0.46581,0.24343,0.039609,0.044522,0.01384,6503.5,26.696,18493,2,True,True
HD_110360,-1,64,0,log,False,0,5.3288,0.97246,1.156,0.2769,0.525,0.15618,0.055543,0.011818,5672.2,26.917,18854,2,True,True
HD_110360,-1,64,0,log,True,4,4.1436,0.94719,1.0346,0.2632,0.47833,0.19811,0.063144,0.014914,4698.9,26.917,18854,2,True,True
HD_110360,-1,64,0,lin,False,0,12.642,0.30101,0.88159,0.2195,1.0428,0.054356,0.041734,0.034618,5564.9,26.917,18854,2,True,True
HD_110360,-1,64,0,lin,True,3,11.228,0.37241,1.1753,0.41917,0.4706,0.028561,0.034388,0.014045,8013.2,26.917,18854,2,True,True
HD_112244,-1,11,0,log,False,0,4731.3,0.82014,2.0584,31.029,305.78,0.04354,0.032744,0.39172,12811,24.579,14612,2,True,True
HD_112244,-1,11,0,log,True,0,4731.3,0.82014,2.0584,31.029,305.78,0.04354,0.032744,0.39172,12811,24.579,14612,2,True,True
HD_112244,-1,11,0,lin,False,0,6884.7,0.54671,1.4622,1e-07,107.24,0.014219,0.022415,4.5547,15685,24.579,14612,2,True,True
HD_112244,-1,11,0,lin,True,7,6884.3,0.54668,1.4621,1e-07,107.22,0.014217,0.02241,4.5538,15689,24.579,14612,2,True,True
HD_112244,-1,37,0,log,False,0,3341.8,1.3685,2.7501,12.233,136.24,0.036414,0.030738,0.1179,18316,24.52,15986,2,True,True
HD_112244,-1,37,0,log,True,0,3341.8,1.3685,2.7501,12.233,136.24,0.036414,0.030738,0.1179,18316,24.52,15986,2,True,True
HD_112244,-1,37,0,lin,False,0,4874.9,1.0099,2.3284,13.336,43.117,0.012113,0.037314,3.5051,16180,24.52,15986,2,True,True
HD_112244,-1,37,0,lin,True,0,4874.9,1.0099,2.3284,13.336,43.117,0.012113,0.037314,3.5051,16180,24.52,15986,2,True,True
HD_112244,-1,38,0,log,False,0,2729.5,1.2444,2.5144,9.3926,130.39,0.041069,0.030466,0.11452,17497,26.694,18439,2,True,True
HD_112244,-1,38,0,log,True,0,2729.5,1.2444,2.5144,9.3926,130.39,0.041069,0.030466,0.11452,17497,26.694,18439,2,True,True
HD_112244,-1,38,0,lin,False,0,5671.9,0.58277,1.6878,1.003e-07,78.766,0.012556,0.026904,3.5434,15580,26.694,18439,2,True,True
HD_112244,-1,38,0,lin,True,1,5671.8,0.58277,1.6878,1.0063e-07,78.765,0.012556,0.026904,3.5434,15581,26.694,18439,2,True,True
HD_112244,-1,64,0,log,False,0,3001.4,0.96728,1.8815,12.185,177.06,0.050306,0.02634,0.28237,16062,26.916,18800,2,True,True
HD_112244,-1,64,0,log,True,0,3001.4,0.96728,1.8815,12.185,177.06,0.050306,0.02634,0.28237,16062,26.916,18800,2,True,True
HD_112244,-1,64,0,lin,False,0,3108.5,1.2351,2.1676,18.141,30.093,0.016895,0.036984,2.8373,15738,26.916,18800,2,True,True
HD_112244,-1,64,0,lin,True,0,3108.5,1.2351,2.1676,18.141,30.093,0.016895,0.036984,2.8373,15738,26.916,18800,2,True,True
HD_117490,-1,100,0,log,False,0,5.5824,7.1826,2.5943,0.32324,0.14846,0.18309,0.077026,0.011124,10635,26.473,18313,2.0002,True,True
HD_117490,-1,100,0,log,True,3,5.7095,6.6948,2.563,0.33286,0.14876,0.16873,0.071605,0.0099805,11255,26.473,18313,2.0002,True,True
HD_117490,-1,100,0,lin,False,0,7.0719,7.0924,2.2638,0.28731,0.11349,0.12257,0.081768,0.04774,8324.8,26.473,18313,2.0002,True,True
HD_117490,-1,100,0,lin,True,3,7.0218,6.3815,2.4984,0.41007,0.086253,0.087214,0.072823,0.03143,10567,26.473,18313,2.0002,True,True
HD_117490,-1,101,0,log,False,0,6.6511,6.9459,2.5104,0.32277,0.18116,0.18429,0.07284,0.012672,10660,24.674,16443,2.0002,True,True
HD_117490,-1,101,0,log,True,3,6.7578,6.3716,2.5125,0.34358,0.18804,0.17284,0.070995,0.011243,10682,24.674,16443,2.0002,True,True
HD_117490,-1,101,0,lin,False,0,8.4866,6.7393,2.1042,0.21486,0.13819,0.12093,0.074062,0.057468,8481.2,24.674,16443,2.0002,True,True
HD_117490,-1,101,0,lin,True,3,8.4161,6.0804,2.2984,0.35037,0.10984,0.090644,0.067814,0.039722,10126,24.674,16443,2.0002,True,True
HD_117490,-1,65,0,log,False,0,5.2178,7.4113,2.3422,0.24942,0.14104,0.20302,0.072283,0.013338,11067,27.889,19512,2,True,True
HD_117490,-1,65,0,log,True,6,5.4148,6.2622,2.1047,0.2378,0.16633,0.20991,0.06759,0.014002,10562,27.889,19512,2,True,True
HD_117490,-1,65,0,lin,False,0,7.1874,7.0185,1.9202,0.10149,0.1425,0.15012,0.078219,0.064406,7560.3,27.889,19512,2,True,True
HD_117490,-1,65,0,lin,True,4,7.0002,6.2251,2.1909,0.30278,0.10358,0.10473,0.071481,0.039192,9428.9,27.889,19512,2,True,True
HD_117490,-1,99,0,log,False,0,8.5194,5.8063,2.1486,0.24093,0.24534,0.17852,0.056844,0.014543,12745,27.664,14077,2.0002,True,True
HD_117490,-1,99,0,log,True,3,8.8317,5.2151,2.1192,0.25796,0.26018,0.1652,0.053674,0.01293,13013,27.664,14077,2.0002,True,True
HD_117490,-1,99,0,lin,False,0,11.334,5.2652,1.6652,1e-07,0.20152,0.11439,0.056032,0.075703,9608.3,27.664,14077,2.0002,True,True
HD_117490,-1,99,0,lin,True,3,11.236,4.8045,1.8211,0.15273,0.15763,0.085295,0.05013,0.051626,11527,27.664,14077,2.0002,True,True
HD_123056,-1,11,0,log,False,0,33.345,2.3385,1.7135,0.43502,1.5759,0.12846,0.040943,0.025332,11888,24.961,15208,2,True,True
HD_123056,-1,11,0,log,True,3,22.487,3.2077,1.8023,0.3911,0.94013,0.15608,0.047231,0.024951,11360,24.961,15208,2,True,True
HD_123056,-1,11,0,lin,False,0,45.163,2.1791,1.7245,0.53217,0.80799,0.059462,0.051435,0.12999,8323.3,24.961,15208,2,True,True
HD_123056,-1,11,0,lin,True,0,45.163,2.1791,1.7245,0.53217,0.80799,0.059462,0.051435,0.12999,8323.3,24.961,15208,2,True,True
HD_135591,-1,12,0,log,False,0,200.51,3.7266,1.7866,1.3452,7.1478,0.15542,0.041074,0.21838,14698,27.936,18658,2,True,True
HD_135591,-1,12,0,log,True,0,200.51,3.7266,1.7866,1.3452,7.1478,0.15542,0.041074,0.21838,14698,27.936,18658,2,True,True
HD_135591,-1,12,0,lin,False,0,426.12,1.3119,1.1725,1.0002e-07,8.0619,0.046171,0.026449,1.0114,13957,27.936,18658,2,True,True
HD_135591,-1,12,0,lin,True,0,426.12,1.3119,1.1725,1.0002e-07,8.0619,0.046171,0.026449,1.0114,13957,27.936,18658,2,True,True
HD_135591,-1,38,0,log,False,0,251.79,3.0853,1.6742,0.12562,9.8694,0.14475,0.036177,0.22289,15269,26.696,18491,2,True,True
HD_135591,-1,38,0,log,True,0,251.79,3.0853,1.6742,0.12562,9.8694,0.14475,0.036177,0.22289,15269,26.696,18491,2,True,True
HD_135591,-1,38,0,lin,False,0,395.44,1.8028,1.3089,1e-07,6.313,0.049403,0.028817,1.0018,13889,26.696,18491,2,True,True
HD_135591,-1,38,0,lin,True,0,395.44,1.8028,1.3089,1e-07,6.313,0.049403,0.028817,1.0018,13889,26.696,18491,2,True,True
HD_135591,-1,39,0,log,False,0,219.04,3.3886,1.6975,1e-07,7.8832,0.14584,0.035791,0.20563,16325,27.944,19315,2,True,True
HD_135591,-1,39,0,log,True,0,219.04,3.3886,1.6975,1e-07,7.8832,0.14584,0.035791,0.20563,16325,27.944,19315,2,True,True
HD_135591,-1,39,0,lin,False,0,389.34,1.5222,1.2154,1e-07,6.4538,0.045493,0.025581,0.91478,15225,27.944,19315,2,True,True
HD_135591,-1,39,0,lin,True,0,389.34,1.5222,1.2154,1e-07,6.4538,0.045493,0.025581,0.91478,15225,27.944,19315,2,True,True
HD_135591,-1,65,0,log,False,0,212.86,3.7227,1.7564,1e-07,7.2225,0.148,0.036509,0.20321,16567,27.888,19501,2,True,True
HD_135591,-1,65,0,log,True,0,212.86,3.7227,1.7564,1e-07,7.2225,0.148,0.036509,0.20321,16567,27.888,19501,2,True,True
HD_135591,-1,65,0,lin,False,0,741.64,0.48916,0.97547,1e-07,21.232,0.029444,0.020827,1.0863,15375,27.888,19501,2,True,True
HD_135591,-1,65,0,lin,True,0,741.64,0.48916,0.97547,1e-07,21.232,0.029444,0.020827,1.0863,15375,27.888,19501,2,True,True
HD_14434,-1,18,0,log,False,0,22.901,6.2361,2.7876,0.65614,0.58157,0.13916,0.060936,0.019716,13079,23.406,14733,2,True,True
HD_14434,-1,18,0,log,True,1,20.551,6.7269,2.8665,0.58647,0.51068,0.14467,0.063863,0.018901,12955,23.406,14733,2,True,True
HD_14434,-1,18,0,lin,False,0,34.318,4.6743,1.918,0.086502,0.49321,0.085406,0.055368,0.15289,9933.7,23.406,14733,2,True,True
HD_14434,-1,18,0,lin,True,0,34.318,4.6743,1.918,0.086502,0.49321,0.085406,0.055368,0.15289,9933.7,23.406,14733,2,True,True
HD_14633,-1,18,0,log,False,0,50.382,1.5623,1.256,1e-07,3.2257,0.14712,0.0362,0.062016,11821,23.814,14830,2,True,True
HD_14633,-1,18,0,log,True,0,50.382,1.5623,1.256,1e-07,3.2257,0.14712,0.0362,0.062016,11821,23.814,14830,2,True,True
HD_14633,-1,18,0,lin,False,0,49.026,2.1075,1.5803,0.88258,0.64141,0.043528,0.032595,0.10474,13087,23.814,14830,2,True,True
HD_14633,-1,18,0,lin,True,0,49.026,2.1075,1.5803,0.88258,0.64141,0.043528,0.032595,0.10474,13087,23.814,14830,2,True,True
HD_149038,-1,103,0,log,False,0,3772.3,1.1427,2.0647,18.702,212.49,0.053628,0.030527,0.356,14470,24.754,16033,2.0002,True,True
HD_149038,-1,103,0,log,True,0,3772.3,1.1427,2.0647,18.702,212.49,0.053628,0.030527,0.356,14470,24.754,16033,2.0002,True,True
HD_149038,-1,103,0,lin,False,0,6782,0.58733,1.4664,1.0006e-07,111.43,0.01618,0.024502,5.1403,14478,24.754,16033,2.0002,True,True
HD_149038,-1,103,0,lin,True,0,6782,0.58733,1.4664,1.0006e-07,111.43,0.01618,0.024502,5.1403,14478,24.754,16033,2.0002,True,True
HD_149038,-1,39,0,log,False,0,4815.6,1.1074,2.298,32.873,252.39,0.044946,0.034218,0.37975,14907,27.928,18370,2,True,True
HD_149038,-1,39,0,log,True,0,4815.6,1.1074,2.298,32.873,252.39,0.044946,0.034218,0.37975,14907,27.928,18370,2,True,True
HD_149038,-1,39,0,lin,False,0,7357.2,0.77468,1.9028,28.951,79.665,0.012467,0.029111,4.8822,17020,27.928,18370,2,True,True
HD_149038,-1,39,0,lin,True,0,7357.2,0.77468,1.9028,28.951,79.665,0.012467,0.029111,4.8822,17020,27.928,18370,2,True,True
HD_149038,-1,66,0,log,False,0,2721.6,1.6709,2.377,18.631,117.52,0.056634,0.033912,0.2812,15563,24.751,15646,2,True,True
HD_149038,-1,66,0,log,True,0,2721.6,1.6709,2.377,18.631,117.52,0.056634,0.033912,0.2812,15563,24.751,15646,2,True,True
HD_149038,-1,66,0,lin,False,0,4669.8,0.98295,1.6423,1e-07,67.274,0.022887,0.031502,5.2122,12790,24.751,15646,2,True,True
HD_149038,-1,66,0,lin,True,0,4669.8,0.98295,1.6423,1e-07,67.274,0.022887,0.031502,5.2122,12790,24.751,15646,2,True,True
HD_149038,-1,93,0,log,False,0,2193.4,1.7501,2.438,7.9139,94.548,0.055762,0.030566,0.15241,17165,24.919,16297,2,True,True
HD_149038,-1,93,0,log,True,0,2193.4,1.7501,2.438,7.9139,94.548,0.055762,0.030566,0.15241,17165,24.919,16297,2,True,True
HD_149038,-1,93,0,lin,False,0,2519.4,1.8798,3.0749,21.883,21.571,0.019191,0.065276,2.9604,13908,24.919,16297,2,True,True
HD_149038,-1,93,0,lin,True,0,2519.4,1.8798,3.0749,21.883,21.571,0.019191,0.065276,2.9604,13908,24.919,16297,2,True,True
HD_150574,-1,12,0,log,False,0,63.415,2.6861,2.2685,1.3334,2.3703,0.093903,0.045131,0.025535,12765,24.599,14870,2,True,True
HD_150574,-1,12,0,log,True,0,63.415,2.6861,2.2685,1.3334,2.3703,0.093903,0.045131,0.025535,12765,24.599,14870,2,True,True
HD_150574,-1,12,0,lin,False,0,92.403,1.8867,1.6251,0.53448,1.1148,0.036028,0.030601,0.16142,14233,24.599,14870,2,True,True
HD_150574,-1,12,0,lin,True,0,92.403,1.8867,1.6251,0.53448,1.1148,0.036028,0.030601,0.16142,14233,24.599,14870,2,True,True
HD_151804,-1,12,0,log,False,0,6064.4,0.57655,2.1834,41.058,506.55,0.036653,0.041365,0.39706,9853.8,24.6,14742,2,True,True
HD_151804,-1,12,0,log,True,0,6064.4,0.57655,2.1834,41.058,506.55,0.036653,0.041365,0.39706,9853.8,24.6,14742,2,True,True
HD_151804,-1,12,0,lin,False,0,5406.7,0.8239,3.9991,68.423,35.453,0.0054859,0.074731,3.0537,17363,24.6,14742,2,True,True
HD_151804,-1,12,0,lin,True,1,5405,0.82413,4.0107,67.831,35.328,0.005462,0.074888,3.0469,17398,24.6,14742,2,True,True
HD_151804,-1,39,0,log,False,0,5230.9,0.57629,2.1924,30.615,383.08,0.031631,0.034952,0.26571,12734,27.928,18467,2,True,True
HD_151804,-1,39,0,log,True,0,5230.9,0.57629,2.1924,30.615,383.08,0.031631,0.034952,0.26571,12734,27.928,18467,2,True,True
HD_151804,-1,39,0,lin,False,0,4551.8,0.93263,3.8348,46.955,38.312,0.0082093,0.090134,3.5347,14343,27.928,18467,2,True,True
HD_151804,-1,39,0,lin,True,0,4551.8,0.93263,3.8348,46.955,38.312,0.0082093,0.090134,3.5347,14343,27.928,18467,2,True,True
HD_151804,-1,66,0,log,False,0,10373,0.33842,1.7256,13.179,1243.3,0.032262,0.023074,0.29473,13981,24.853,15278,2,True,True
HD_151804,-1,66,0,log,True,0,10373,0.33842,1.7256,13.179,1243.3,0.032262,0.023074,0.29473,13981,24.853,15278,2,True,True
HD_151804,-1,66,0,lin,False,0,5456,1.0178,4.0924,42.591,37.127,0.0070511,0.08282,3.7194,16448,24.853,15278,2,True,True
HD_151804,-1,66,0,lin,True,8,5433.7,1.0207,4.1776,40.165,36.592,0.0069284,0.085094,3.6991,16505,24.853,15278,2,True,True
HD_151804,-1,93,0,log,False,0,4944.4,0.52609,1.9586,11.449,431.66,0.035076,0.026965,0.17682,13744,24.922,16374,2,True,True
HD_151804,-1,93,0,log,True,0,4944.4,0.52609,1.9586,11.449,431.66,0.035076,0.026965,0.17682,13744,24.922,16374,2,True,True
HD_151804,-1,93,0,lin,False,0,3386,1.0926,3.7895,26.79,23.286,0.0079769,0.073281,2.3792,16641,24.922,16374,2,True,True
HD_151804,-1,93,0,lin,True,0,3386,1.0926,3.7895,26.79,23.286,0.0079769,0.073281,2.3792,16641,24.922,16374,2,True,True
HD_152003,-1,12,0,log,False,0,1115.6,1.0424,2.1094,9.3578,65.144,0.05112,0.03547,0.12621,12567,24.599,14871,2,True,True
HD_152003,-1,12,0,log,True,0,1115.6,1.0424,2.1094,9.3578,65.144,0.05112,0.03547,0.12621,12567,24.599,14871,2,True,True
HD_152003,-1,12,0,lin,False,0,1638.2,0.74642,1.6644,5.5013,21.108,0.015303,0.026544,1.2382,15137,24.599,14871,2,True,True
HD_152003,-1,12,0,lin,True,0,1638.2,0.74642,1.6644,5.5013,21.108,0.015303,0.026544,1.2382,15137,24.599,14871,2,True,True
HD_152147,-1,103,0,log,False,0,642.1,1.1016,1.9226,4.3907,37.296,0.057906,0.031264,0.088331,13569,24.754,16033,2.0002,True,True
HD_152147,-1,103,0,log,True,2,306.76,2.1647,2.6181,4.8007,11.826,0.066413,0.04624,0.057887,13418,24.754,16033,2.0002,True,True
HD_152147,-1,103,0,lin,False,0,2906.4,0.17276,1.1878,1.0026e-07,140.85,0.013451,0.02467,1.3646,11756,24.754,16033,2.0002,True,True
HD_152147,-1,103,0,lin,True,0,2906.4,0.17276,1.1878,1.0026e-07,140.85,0.013451,0.02467,1.3646,11756,24.754,16033,2.0002,True,True
HD_152147,-1,12,0,log,False,0,1032.9,0.99292,2.2795,6.883,61.906,0.045837,0.037158,0.081644,12543,24.599,14844,2,True,True
HD_152147,-1,12,0,log,True,0,1032.9,0.99292,2.2795,6.883,61.906,0.045837,0.037158,0.081644,12543,24.599,14844,2,True,True
HD_152147,-1,12,0,lin,False,0,1475.2,0.79243,2.1906,9.4264,15.896,0.011805,0.038409,1.0328,14390,24.599,14844,2,True,True
HD_152147,-1,12,0,lin,True,0,1475.2,0.79243,2.1906,9.4264,15.896,0.011805,0.038409,1.0328,14390,24.599,14844,2,True,True
HD_152147,-1,39,0,log,False,0,629.27,1.217,2.1445,3.6959,29.643,0.047004,0.028259,0.053839,17325,27.928,18780,2,True,True
HD_152147,-1,39,0,log,True,0,629.27,1.217,2.1445,3.6959,29.643,0.047004,0.028259,0.053839,17325,27.928,18780,2,True,True
HD_152147,-1,39,0,lin,False,0,782.72,1.0765,2.0048,3.8114,7.2985,0.014713,0.030003,0.60778,17875,27.928,18780,2,True,True
HD_152147,-1,39,0,lin,True,0,782.72,1.0765,2.0048,3.8114,7.2985,0.014713,0.030003,0.60778,17875,27.928,18780,2,True,True
HD_152247,-1,12,0,log,False,0,149.15,2.503,2.11,1.8259,6.0705,0.097378,0.039818,0.053602,13470,24.6,14863,2,True,True
HD_152247,-1,12,0,log,True,0,149.15,2.503,2.11,1.8259,6.0705,0.097378,0.039818,0.053602,13470,24.6,14863,2,True,True
HD_152247,-1,12,0,lin,False,0,275.78,1.3084,1.442,1e-07,4.7095,0.038169,0.032584,0.51004,11417,24.6,14863,2,True,True
HD_152247,-1,12,0,lin,True,0,275.78,1.3084,1.442,1e-07,4.7095,0.038169,0.032584,0.51004,11417,24.6,14863,2,True,True
HD_152247,-1,39,0,log,False,0,158.83,2.3345,2.053,1.4891,6.1254,0.086236,0.033964,0.046418,16294,27.928,18709,2,True,True
HD_152247,-1,39,0,log,True,0,158.83,2.3345,2.053,1.4891,6.1254,0.086236,0.033964,0.046418,16294,27.928,18709,2,True,True
HD_152247,-1,39,0,lin,False,0,253.3,1.465,1.6199,0.91634,2.996,0.02798,0.028079,0.34193,15863,27.928,18709,2,True,True
HD_152247,-1,39,0,lin,True,0,253.3,1.465,1.6199,0.91634,2.996,0.02798,0.028079,0.34193,15863,27.928,18709,2,True,True
HD_152247,-1,66,0,log,False,0,130.37,2.946,2.1428,0.74114,4.4947,0.094705,0.033207,0.038288,16796,24.853,15305,2,True,True
HD_152247,-1,66,0,log,True,0,130.37,2.946,2.1428,0.74114,4.4947,0.094705,0.033207,0.038288,16796,24.853,15305,2,True,True
HD_152247,-1,66,0,lin,False,0,176.52,2.3911,1.7954,1e-07,2.0596,0.041497,0.036425,0.35419,13507,24.853,15305,2,True,True
HD_152247,-1,66,0,lin,True,0,176.52,2.3911,1.7954,1e-07,2.0596,0.041497,0.036425,0.35419,13507,24.853,15305,2,True,True
HD_152247,-1,93,0,log,False,0,156.07,2.3268,2.0583,0.57972,6.2509,0.085615,0.030755,0.033634,16658,24.921,16400,2,True,True
HD_152247,-1,93,0,log,True,0,156.07,2.3268,2.0583,0.57972,6.2509,0.085615,0.030755,0.033634,16658,24.921,16400,2,True,True
HD_152247,-1,93,0,lin,False,0,211.9,1.7807,1.8065,0.70249,2.1307,0.027299,0.029889,0.27977,15932,24.921,16400,2,True,True
HD_152247,-1,93,0,lin,True,0,211.9,1.7807,1.8065,0.70249,2.1307,0.027299,0.029889,0.27977,15932,24.921,16400,2,True,True
HD_152249,-1,103,0,log,False,0,800.87,1.625,2.3252,6.2195,35.297,0.057646,0.034505,0.093067,15044,24.754,16031,2.0002,True,True
HD_152249,-1,103,0,log,True,0,800.87,1.625,2.3252,6.2195,35.297,0.057646,0.034505,0.093067,15044,24.754,16031,2.0002,True,True
HD_152249,-1,103,0,lin,False,0,927.55,1.6282,2.5526,9.921,8.4526,0.019372,0.048917,1.0109,14279,24.754,16031,2.0002,True,True
HD_152249,-1,103,0,lin,True,0,927.55,1.6282,2.5526,9.921,8.4526,0.019372,0.048917,1.0109,14279,24.754,16031,2.0002,True,True
HD_152249,-1,12,0,log,False,0,497.54,1.4642,2.3777,9.5725,23.829,0.059267,0.047971,0.10056,11071,24.599,14787,2,True,True
HD_152249,-1,12,0,log,True,0,497.54,1.4642,2.3777,9.5725,23.829,0.059267,0.047971,0.10056,11071,24.599,14787,2,True,True
HD_152249,-1,12,0,lin,False,0,645.58,1.2791,2.1981,10.901,6.9837,0.019426,0.042673,0.67883,13214,24.599,14787,2,True,True
HD_152249,-1,12,0,lin,True,0,645.58,1.2791,2.1981,10.901,6.9837,0.019426,0.042673,0.67883,13214,24.599,14787,2,True,True
HD_152249,-1,39,0,log,False,0,844.57,1.39,2.5737,9.5051,35.914,0.044646,0.040048,0.084679,15116,27.928,18708,2,True,True
HD_152249,-1,39,0,log,True,0,844.57,1.39,2.5737,9.5051,35.914,0.044646,0.040048,0.084679,15116,27.928,18708,2,True,True
HD_152249,-1,39,0,lin,False,0,1505.2,0.79193,1.7574,5.5695,16.535,0.013493,0.025522,1.0276,17804,27.928,18708,2,True,True
HD_152249,-1,39,0,lin,True,0,1505.2,0.79193,1.7574,5.5695,16.535,0.013493,0.025522,1.0276,17804,27.928,18708,2,True,True
HD_152424,-1,103,0,log,False,0,4831.5,0.31706,1.5931,5.8551,619.62,0.034825,0.022468,0.18595,13892,24.754,16030,2.0002,True,True
HD_152424,-1,103,0,log,True,0,4831.5,0.31706,1.5931,5.8551,619.62,0.034825,0.022468,0.18595,13892,24.754,16030,2.0002,True,True
HD_152424,-1,103,0,lin,False,0,2525.6,0.96355,2.8362,18.459,19.804,0.0092335,0.047912,1.6621,16588,24.754,16030,2.0002,True,True
HD_152424,-1,103,0,lin,True,0,2525.6,0.96355,2.8362,18.459,19.804,0.0092335,0.047912,1.6621,16588,24.754,16030,2.0002,True,True
HD_152424,-1,12,0,log,False,0,3412.4,0.6382,1.9149,17.618,280.11,0.043875,0.032549,0.26518,11552,24.599,14852,2,True,True
HD_152424,-1,12,0,log,True,0,3412.4,0.6382,1.9149,17.618,280.11,0.043875,0.032549,0.26518,11552,24.599,14852,2,True,True
HD_152424,-1,12,0,lin,False,0,3156.9,0.96914,3.4429,38.793,27.727,0.0094218,0.077424,2.5213,13471,24.599,14852,2,True,True
HD_152424,-1,12,0,lin,True,2,3155.7,0.96715,3.4971,38.659,27.461,0.0092412,0.078954,2.5087,13519,24.599,14852,2,True,True
HD_152424,-1,39,0,log,False,0,2169.1,0.83793,2.4495,11.981,130.65,0.035726,0.037549,0.10972,13785,27.928,18522,2,True,True
HD_152424,-1,39,0,log,True,0,2169.1,0.83793,2.4495,11.981,130.65,0.035726,0.037549,0.10972,13785,27.928,18522,2,True,True
HD_152424,-1,39,0,lin,False,0,2116.9,1.0738,3.8032,20.339,14.71,0.0078992,0.074395,1.4872,17450,27.928,18522,2,True,True
HD_152424,-1,39,0,lin,True,1,2115.4,1.0746,3.827,20.147,14.644,0.0078507,0.07497,1.4845,17477,27.928,18522,2,True,True
HD_154368,-1,12,0,log,False,0,2237.2,1.0644,1.9732,18.027,130.74,0.055334,0.032948,0.30005,13112,25.136,16111,2,True,True
HD_154368,-1,12,0,log,True,0,2237.2,1.0644,1.9732,18.027,130.74,0.055334,0.032948,0.30005,13112,25.136,16111,2,True,True
HD_154368,-1,12,0,lin,False,0,1893.5,1.759,3.9213,37.323,14.598,0.01436,0.090494,2.0427,14325,25.136,16111,2,True,True
HD_154368,-1,12,0,lin,True,0,1893.5,1.759,3.9213,37.323,14.598,0.01436,0.090494,2.0427,14325,25.136,16111,2,True,True
HD_154368,-1,66,0,log,False,0,3260.3,0.88227,2.1041,15.467,207.25,0.044487,0.031268,0.22251,13676,24.853,15275,2,True,True
HD_154368,-1,66,0,log,True,0,3260.3,0.88227,2.1041,15.467,207.25,0.044487,0.031268,0.22251,13676,24.853,15275,2,True,True
HD_154368,-1,66,0,lin,False,0,2897,1.2836,3.3542,32.156,20.316,0.010224,0.060666,2.2147,16837,24.853,15275,2,True,True
HD_154368,-1,66,0,lin,True,0,2897,1.2836,3.3542,32.156,20.316,0.010224,0.060666,2.2147,16837,24.853,15275,2,True,True
HD_154368,-1,93,0,log,False,0,2616.3,0.80595,1.9127,6.0803,177.8,0.045048,0.025193,0.15164,15512,24.921,16412,2,True,True
HD_154368,-1,93,0,log,True,0,2616.3,0.80595,1.9127,6.0803,177.8,0.045048,0.025193,0.15164,15512,24.921,16412,2,True,True
HD_154368,-1,93,0,lin,False,0,2185.3,1.3859,2.8433,14.963,17.985,0.014104,0.052879,1.963,15302,24.921,16412,2,True,True
HD_154368,-1,93,0,lin,True,0,2185.3,1.3859,2.8433,14.963,17.985,0.014104,0.052879,1.963,15302,24.921,16412,2,True,True
HD_154643,-1,12,0,log,False,0,83.451,2.7242,1.5844,0.3361,3.549,0.14545,0.037116,0.084082,13815,25.138,16185,2,True,True
HD_154643,-1,12,0,log,True,0,83.451,2.7242,1.5844,0.3361,3.549,0.14545,0.037116,0.084082,13815,25.138,16185,2,True,True
HD_154643,-1,12,0,lin,False,0,135.81,1.4918,1.2388,1e-07,2.4057,0.047445,0.02793,0.32942,13071,25.138,16185,2,True,True
HD_154643,-1,12,0,lin,True,0,135.81,1.4918,1.2388,1e-07,2.4057,0.047445,0.02793,0.32942,13071,25.138,16185,2,True,True
HD_155913,-1,104,0,log,False,0,23.197,5.7953,1.9969,0.38243,0.69813,0.19457,0.054413,0.045093,12517,25.435,16259,2,True,True
HD_155913,-1,104,0,log,True,1,20.748,6.424,2.0978,0.42901,0.58548,0.19584,0.057623,0.043091,12447,25.435,16259,2,True,True
HD_155913,-1,104,0,lin,False,0,27.69,5.54,2.1034,0.80582,0.37121,0.088389,0.06041,0.12852,10531,25.435,16259,2,True,True
HD_155913,-1,104,0,lin,True,0,27.69,5.54,2.1034,0.80582,0.37121,0.088389,0.06041,0.12852,10531,25.435,16259,2,True,True
HD_155913,-1,12,0,log,False,0,29.466,5.0821,1.8774,0.28616,0.9664,0.19295,0.050393,0.052052,12535,24.6,14587,2,True,True
HD_155913,-1,12,0,log,True,1,25.93,5.7119,1.9855,0.36343,0.77871,0.19175,0.052849,0.048127,12651,24.6,14587,2,True,True
HD_155913,-1,12,0,lin,False,0,35.58,4.8363,2.0011,0.79172,0.52312,0.088983,0.060635,0.16362,9491.6,24.6,14587,2,True,True
HD_155913,-1,12,0,lin,True,1,31.623,5.43,1.8753,0.30092,0.42023,0.087101,0.050206,0.15187,11654,24.6,14587,2,True,True
HD_155913,-1,39,0,log,False,0,23.267,5.7987,1.9591,0.30428,0.69265,0.19477,0.052629,0.045781,13424,27.838,18341,2,True,True
HD_155913,-1,39,0,log,True,0,23.267,5.7987,1.9591,0.30428,0.69265,0.19477,0.052629,0.045781,13424,27.838,18341,2,True,True
HD_155913,-1,39,0,lin,False,0,27.485,5.7368,2.0778,0.65617,0.34388,0.084438,0.055466,0.1238,12083,27.838,18341,2,True,True
HD_155913,-1,39,0,lin,True,0,27.485,5.7368,2.0778,0.65617,0.34388,0.084438,0.055466,0.1238,12083,27.838,18341,2,True,True
HD_156154,-1,12,0,log,False,0,198.57,2.408,2.762,3.3811,7.265,0.06843,0.049743,0.039561,13503,25.138,16194,2,True,True
HD_156154,-1,12,0,log,True,0,198.57,2.408,2.762,3.3811,7.265,0.06843,0.049743,0.039561,13503,25.138,16194,2,True,True
HD_156154,-1,12,0,lin,False,0,358.49,1.2361,1.5818,0.33793,4.6449,0.026312,0.028298,0.45499,14332,25.138,16194,2,True,True
HD_156154,-1,12,0,lin,True,3,358.59,1.2357,1.5806,0.30345,4.6484,0.026326,0.028272,0.45533,14336,25.138,16194,2,True,True
HD_15629,-1,18,0,log,False,0,30.549,4.0698,2.103,0.72421,1.0454,0.14669,0.050671,0.030103,11816,23.449,14761,2,True,True
HD_15629,-1,18,0,log,True,0,30.549,4.0698,2.103,0.72421,1.0454,0.14669,0.050671,0.030103,11816,23.449,14761,2,True,True
HD_15629,-1,18,0,lin,False,0,42.127,3.2787,1.5866,0.034169,0.60477,0.068127,0.039477,0.15007,11621,23.449,14761,2,True,True
HD_15629,-1,18,0,lin,True,0,42.127,3.2787,1.5866,0.034169,0.60477,0.068127,0.039477,0.15007,11621,23.449,14761,2,True,True
HD_156738,-1,12,0,log,False,0,23.572,3.7791,2.1467,0.54178,0.78152,0.12844,0.04709,0.018199,13041,25.138,15849,2,True,True
HD_156738,-1,12,0,log,True,0,23.572,3.7791,2.1467,0.54178,0.78152,0.12844,0.04709,0.018199,13041,25.138,15849,2,True,True
HD_156738,-1,12,0,lin,False,0,28.309,3.6372,2.0924,0.63748,0.31362,0.05359,0.047184,0.073764,12726,25.138,15849,2,True,True
HD_156738,-1,12,0,lin,True,0,28.309,3.6372,2.0924,0.63748,0.31362,0.05359,0.047184,0.073764,12726,25.138,15849,2,True,True
HD_156738,-1,39,0,log,False,0,16.078,5.2024,2.4979,0.42922,0.41906,0.12742,0.050995,0.012653,15107,27.858,18553,2,True,True
HD_156738,-1,39,0,log,True,0,16.078,5.2024,2.4979,0.42922,0.41906,0.12742,0.050995,0.012653,15107,27.858,18553,2,True,True
HD_156738,-1,39,0,lin,False,0,25.583,3.4046,1.5962,1e-07,0.36006,0.068577,0.039312,0.092228,12852,27.858,18553,2,True,True
HD_156738,-1,39,0,lin,True,0,25.583,3.4046,1.5962,1e-07,0.36006,0.068577,0.039312,0.092228,12852,27.858,18553,2,True,True
HD_156738,-1,66,0,log,False,0,15.969,5.394,2.4177,0.43702,0.45267,0.1482,0.055967,0.016251,12840,24.853,15320,2,True,True
HD_156738,-1,66,0,log,True,0,15.969,5.394,2.4177,0.43702,0.45267,0.1482,0.055967,0.016251,12840,24.853,15320,2,True,True
HD_156738,-1,66,0,lin,False,0,21.221,4.6477,2.1173,0.42578,0.25527,0.070168,0.053842,0.074748,11570,24.853,15320,2,True,True
HD_156738,-1,66,0,lin,True,0,21.221,4.6477,2.1173,0.42578,0.25527,0.070168,0.053842,0.074748,11570,24.853,15320,2,True,True
HD_156738,-1,93,0,log,False,0,18.383,4.6263,2.279,0.38817,0.54632,0.13634,0.048889,0.015278,13655,24.876,16333,2,True,True
HD_156738,-1,93,0,log,True,0,18.383,4.6263,2.279,0.38817,0.54632,0.13634,0.048889,0.015278,13655,24.876,16333,2,True,True
HD_156738,-1,93,0,lin,False,0,24.458,3.9912,1.8587,0.13739,0.31178,0.068045,0.045872,0.084753,11910,24.876,16333,2,True,True
HD_156738,-1,93,0,lin,True,0,24.458,3.9912,1.8587,0.13739,0.31178,0.068045,0.045872,0.084753,11910,24.876,16333,2,True,True
HD_188209,-1,14,0,log,False,0,2360,1.0969,2.3463,17.788,123.44,0.044018,0.035991,0.18986,14250,26.85,18367,2,True,True
HD_188209,-1,14,0,log,True,0,2360,1.0969,2.3463,17.788,123.44,0.044018,0.035991,0.18986,14250,26.85,18367,2,True,True
HD_188209,-1,14,0,lin,False,0,2788.6,1.01,2.1552,18.789,24.945,0.012745,0.032555,1.9887,17571,26.85,18367,2,True,True
HD_188209,-1,14,0,lin,True,0,2788.6,1.01,2.1552,18.789,24.945,0.012745,0.032555,1.9887,17571,26.85,18367,2,True,True
HD_188209,-1,15,0,log,False,0,1801.7,1.4731,2.6381,19.695,83.174,0.050534,0.04536,0.19723,13212,26.044,15063,2,True,True
HD_188209,-1,15,0,log,True,0,1801.7,1.4731,2.6381,19.695,83.174,0.050534,0.04536,0.19723,13212,26.044,15063,2,True,True
HD_188209,-1,15,0,lin,False,0,2135.8,1.4507,2.6153,23.211,18.565,0.016265,0.048108,2.0496,15322,26.044,15063,2,True,True
HD_188209,-1,15,0,lin,True,0,2135.8,1.4507,2.6153,23.211,18.565,0.016265,0.048108,2.0496,15322,26.044,15063,2,True,True
HD_188209,-1,41,0,log,False,0,1656,1.4941,2.8261,8.4786,68.447,0.040877,0.036328,0.081646,17311,26.589,18321,2,True,True
HD_188209,-1,41,0,log,True,0,1656,1.4941,2.8261,8.4786,68.447,0.040877,0.036328,0.081646,17311,26.589,18321,2,True,True
HD_188209,-1,41,0,lin,False,0,2607.9,1.0228,2.082,3.5548,30.29,0.017063,0.039691,2.4253,13570,26.589,18321,2,True,True
HD_188209,-1,41,0,lin,True,0,2607.9,1.0228,2.082,3.5548,30.29,0.017063,0.039691,2.4253,13570,26.589,18321,2,True,True
HD_188209,-1,54,0,log,False,0,1838.9,1.2459,2.4525,5.2592,88.556,0.041775,0.028487,0.072762,17906,26.228,17896,2,True,True
HD_188209,-1,54,0,log,True,0,1838.9,1.2459,2.4525,5.2592,88.556,0.041775,0.028487,0.072762,17906,26.228,17896,2,True,True
HD_188209,-1,54,0,lin,False,0,2017.7,1.4303,3.1601,12.114,16.672,0.013869,0.064696,1.9173,14877,26.228,17896,2,True,True
HD_188209,-1,54,0,lin,True,0,2017.7,1.4303,3.1601,12.114,16.672,0.013869,0.064696,1.9173,14877,26.228,17896,2,True,True
HD_189957,-1,41,0,log,False,0,38.228,2.2375,1.5551,0.13456,1.8231,0.13243,0.03549,0.030753,13951,26.589,18320,2,True,True
HD_189957,-1,41,0,log,True,0,38.228,2.2375,1.5551,0.13456,1.8231,0.13243,0.03549,0.030753,13951,26.589,18320,2,True,True
HD_189957,-1,41,0,lin,False,0,62.273,1.3119,1.2753,1.0012e-07,1.1348,0.043002,0.028798,0.13346,12673,26.589,18320,2,True,True
HD_189957,-1,41,0,lin,True,0,62.273,1.3119,1.2753,1.0012e-07,1.1348,0.043002,0.028798,0.13346,12673,26.589,18320,2,True,True
HD_189957,-1,54,0,log,False,0,42.892,2.2904,1.6934,0.31067,1.896,0.11661,0.03513,0.026286,14249,26.23,17894,2,True,True
HD_189957,-1,54,0,log,True,0,42.892,2.2904,1.6934,0.31067,1.896,0.11661,0.03513,0.026286,14249,26.23,17894,2,True,True
HD_189957,-1,54,0,lin,False,0,51.272,2.3576,2.102,1.1309,0.55665,0.035944,0.043653,0.089489,13283,26.23,17894,2,True,True
HD_189957,-1,54,0,lin,True,0,51.272,2.3576,2.102,1.1309,0.55665,0.035944,0.043653,0.089489,13283,26.23,17894,2,True,True
HD_189957,-1,55,0,log,False,0,40.187,2.2608,1.6185,0.27279,1.7972,0.12168,0.034895,0.028691,14442,27.162,18882,2,True,True
HD_189957,-1,55,0,log,True,0,40.187,2.2608,1.6185,0.27279,1.7972,0.12168,0.034895,0.028691,14442,27.162,18882,2,True,True
HD_189957,-1,55,0,lin,False,0,55.787,1.8747,1.6911,0.73559,0.76235,0.039957,0.036869,0.10763,12476,27.162,18882,2,True,True
HD_189957,-1,55,0,lin,True,0,55.787,1.8747,1.6911,0.73559,0.76235,0.039957,0.036869,0.10763,12476,27.162,18882,2,True,True
HD_189957,-1,74,0,log,False,0,38.682,2.2513,1.5976,0.16805,1.7653,0.12431,0.034407,0.027538,14507,26.702,18602,2,True,True
HD_189957,-1,74,0,log,True,0,38.682,2.2513,1.5976,0.16805,1.7653,0.12431,0.034407,0.027538,14507,26.702,18602,2,True,True
HD_189957,-1,74,0,lin,False,0,50.656,1.8721,1.4884,0.18412,0.69587,0.042065,0.030338,0.10506,13965,26.702,18602,2,True,True
HD_189957,-1,74,0,lin,True,0,50.656,1.8721,1.4884,0.18412,0.69587,0.042065,0.030338,0.10506,13965,26.702,18602,2,True,True
HD_190864,-1,41,0,log,False,0,45.59,4.3648,2.216,0.5454,1.3421,0.12692,0.042062,0.029763,15825,26.589,18318,2,True,True
HD_190864,-1,41,0,log,True,0,45.59,4.3648,2.216,0.5454,1.3421,0.12692,0.042062,0.029763,15825,26.589,18318,2,True,True
HD_190864,-1,41,0,lin,False,0,74.744,2.368,1.3922,1e-07,1.0815,0.05502,0.03066,0.21434,14285,26.589,18318,2,True,True
HD_190864,-1,41,0,lin,True,0,74.744,2.368,1.3922,1e-07,1.0815,0.05502,0.03066,0.21434,14285,26.589,18318,2,True,True
HD_190864,-1,54,0,log,False,0,56.54,3.2883,1.8616,0.33525,2.0092,0.12867,0.03672,0.038924,15528,26.23,17894,2,True,True
HD_190864,-1,54,0,log,True,0,56.54,3.2883,1.8616,0.33525,2.0092,0.12867,0.03672,0.038924,15528,26.23,17894,2,True,True
HD_190864,-1,54,0,lin,False,0,91.696,1.7865,1.3277,1e-07,1.4008,0.046696,0.028086,0.21805,14230,26.23,17894,2,True,True
HD_190864,-1,54,0,lin,True,0,91.696,1.7865,1.3277,1e-07,1.4008,0.046696,0.028086,0.21805,14230,26.23,17894,2,True,True
HD_190864,-1,55,0,log,False,0,46.502,3.8768,2.0232,0.32774,1.4539,0.12647,0.037658,0.030255,16599,27.162,18881,2,True,True
HD_190864,-1,55,0,log,True,1,43.178,4.1898,2.0941,0.36574,1.2996,0.12934,0.039471,0.029445,16423,27.162,18881,2,True,True
HD_190864,-1,55,0,lin,False,0,96.967,1.4315,1.2357,1e-07,1.8345,0.048901,0.029337,0.24134,12804,27.162,18881,2,True,True
HD_190864,-1,55,0,lin,True,0,96.967,1.4315,1.2357,1e-07,1.8345,0.048901,0.029337,0.24134,12804,27.162,18881,2,True,True
HD_190864,-1,74,0,log,False,0,49.242,3.4679,1.8604,0.22156,1.7063,0.13295,0.036727,0.035863,15907,26.704,18781,2,True,True
HD_190864,-1,74,0,log,True,0,49.242,3.4679,1.8604,0.22156,1.7063,0.13295,0.036727,0.035863,15907,26.704,18781,2,True,True
HD_190864,-1,74,0,lin,False,0,67.892,2.5612,1.5081,1e-07,0.89078,0.052071,0.031833,0.18038,14423,26.704,18781,2,True,True
HD_190864,-1,74,0,lin,True,0,67.892,2.5612,1.5081,1e-07,0.89078,0.052071,0.031833,0.18038,14423,26.704,18781,2,True,True
HD_191423,-1,41,0,log,False,0,34.553,5.9762,2.4585,0.41957,0.85927,0.13961,0.047234,0.027897,16270,26.589,18321,2,True,True
HD_191423,-1,41,0,log,True,1,35.122,5.7102,2.362,0.39342,0.9129,0.14328,0.046553,0.029803,15961,26.589,18321,2,True,True
HD_191423,-1,41,0,lin,False,0,42.105,5.8056,2.5149,0.67592,0.49083,0.077446,0.069485,0.16352,11087,26.589,18321,2,True,True
HD_191423,-1,41,0,lin,True,0,42.105,5.8056,2.5149,0.67592,0.49083,0.077446,0.069485,0.16352,11087,26.589,18321,2,True,True
HD_191423,-1,54,0,log,False,0,42.565,4.6861,2.1578,0.34195,1.2586,0.14028,0.042523,0.032745,15662,26.23,17898,2,True,True
HD_191423,-1,54,0,log,True,1,43.353,4.5121,2.1091,0.31035,1.3129,0.14025,0.041635,0.033278,15666,26.23,17898,2,True,True
HD_191423,-1,54,0,lin,False,0,55.717,4.1678,1.899,0.013125,0.71865,0.070802,0.048238,0.20106,11818,26.23,17898,2,True,True
HD_191423,-1,54,0,lin,True,1,55.465,4.0866,1.9575,0.25351,0.68476,0.066439,0.048219,0.18505,12108,26.23,17898,2,True,True
HD_191423,-1,55,0,log,False,0,36.932,5.0499,2.227,0.35802,1.0224,0.13949,0.043417,0.029495,16223,27.162,18877,2,True,True
HD_191423,-1,55,0,log,True,1,38.128,4.7733,2.142,0.31164,1.0892,0.13942,0.041755,0.03056,16313,27.162,18877,2,True,True
HD_191423,-1,55,0,lin,False,0,56.114,3.6321,1.7196,1e-07,0.82268,0.073995,0.046253,0.214,11232,27.162,18877,2,True,True
HD_191423,-1,55,0,lin,True,1,56.36,3.5633,1.7314,1.0001e-07,0.80539,0.07103,0.0454,0.20491,11469,27.162,18877,2,True,True
HD_191423,-1,81,0,log,False,0,40.668,5.0245,2.272,0.26943,1.1701,0.14029,0.043497,0.028518,16030,26.624,18408,2,True,True
HD_191423,-1,81,0,log,True,2,38.255,5.0855,2.2525,0.29578,1.1245,0.14701,0.045476,0.030125,15355,26.624,18408,2,True,True
HD_191423,-1,81,0,lin,False,0,54.013,4.3993,1.9701,1e-07,0.73715,0.077436,0.054353,0.21271,10793,26.624,18408,2,True,True
HD_191423,-1,81,0,lin,True,2,52.008,4.2052,1.8348,1.0001e-07,0.6539,0.069816,0.044696,0.18808,12740,26.624,18408,2,True,True
HD_191612,-1,14,0,log,False,0,48.074,2.0792,1.6262,0.45493,2.2009,0.11352,0.034808,0.03157,14063,26.85,13808,2,True,True
HD_191612,-1,14,0,log,True,0,48.074,2.0792,1.6262,0.45493,2.2009,0.11352,0.034808,0.03157,14063,26.85,13808,2,True,True
HD_191612,-1,14,0,lin,False,0,72.709,1.3982,1.4161,0.37806,1.0176,0.033545,0.026452,0.11896,14923,26.85,13808,2,True,True
HD_191612,-1,14,0,lin,True,0,72.709,1.3982,1.4161,0.37806,1.0176,0.033545,0.026452,0.11896,14923,26.85,13808,2,True,True
HD_191612,-1,15,0,log,False,0,29.516,3.1158,1.8939,0.66227,1.2545,0.1483,0.049993,0.029419,10382,23.008,13206,2,True,True
HD_191612,-1,15,0,log,True,0,29.516,3.1158,1.8939,0.66227,1.2545,0.1483,0.049993,0.029419,10382,23.008,13206,2,True,True
HD_191612,-1,15,0,lin,False,0,54.047,1.4888,1.2221,1e-07,1.0325,0.051332,0.029526,0.14261,11715,23.008,13206,2,True,True
HD_191612,-1,15,0,lin,True,0,54.047,1.4888,1.2221,1e-07,1.0325,0.051332,0.029526,0.14261,11715,23.008,13206,2,True,True
HD_191612,-1,41,0,log,False,0,28.742,3.084,1.9042,0.62515,1.0801,0.12883,0.043796,0.02418,12869,26.589,18319,2,True,True
HD_191612,-1,41,0,log,True,0,28.742,3.084,1.9042,0.62515,1.0801,0.12883,0.043796,0.02418,12869,26.589,18319,2,True,True
HD_191612,-1,41,0,lin,False,0,69.918,0.85323,1.0944,1e-07,1.4789,0.03566,0.022942,0.12531,14536,26.589,18319,2,True,True
HD_191612,-1,41,0,lin,True,0,69.918,0.85323,1.0944,1e-07,1.4789,0.03566,0.022942,0.12531,14536,26.589,18319,2,True,True
HD_191612,-1,54,0,log,False,0,41.266,2.1268,1.7362,0.49647,1.9072,0.11095,0.03739,0.024055,13127,26.23,17898,2,True,True
HD_191612,-1,54,0,log,True,0,41.266,2.1268,1.7362,0.49647,1.9072,0.11095,0.03739,0.024055,13127,26.23,17898,2,True,True
HD_191612,-1,54,0,lin,False,0,64.991,1.3402,1.436,0.39124,0.87615,0.030876,0.025728,0.097391,15232,26.23,17898,2,True,True
HD_191612,-1,54,0,lin,True,0,64.991,1.3402,1.436,0.39124,0.87615,0.030876,0.025728,0.097391,15232,26.23,17898,2,True,True
HD_191781,-1,41,0,log,False,0,324.96,0.43226,1.6658,0.65714,32.188,0.037147,0.023372,0.01647,14746,26.589,18322,2,True,True
HD_191781,-1,41,0,log,True,4,336.39,0.41281,1.6441,0.62312,33.923,0.036264,0.022639,0.016388,15066,26.589,18322,2,True,True
HD_191781,-1,41,0,lin,False,0,377.72,0.39715,1.4797,0.091928,6.3805,0.010733,0.021314,0.18145,17122,26.589,18322,2,True,True
HD_191781,-1,41,0,lin,True,12,378.21,0.39648,1.477,0.028297,6.4006,0.010744,0.021262,0.18169,17135,26.589,18322,2,True,True
HD_191781,-1,54,0,log,False,0,326.13,0.38644,1.4419,0.65697,35.908,0.042588,0.022994,0.029684,14320,26.228,17896,2,True,True
HD_191781,-1,54,0,log,True,0,326.13,0.38644,1.4419,0.65697,35.908,0.042588,0.022994,0.029684,14320,26.228,17896,2,True,True
HD_191781,-1,54,0,lin,False,0,353.75,0.39037,1.3067,1e-07,7.1532,0.013585,0.020218,0.20935,16288,26.228,17896,2,True,True
HD_191781,-1,54,0,lin,True,0,353.75,0.39037,1.3067,1e-07,7.1532,0.013585,0.020218,0.20935,16288,26.228,17896,2,True,True
HD_191781,-1,56,0,log,False,0,235.91,0.51493,1.7015,0.38421,20.037,0.037647,0.021647,0.011389,16825,27.88,19610,2,True,True
HD_191781,-1,56,0,log,True,0,235.91,0.51493,1.7015,0.38421,20.037,0.037647,0.021647,0.011389,16825,27.88,19610,2,True,True
HD_191781,-1,56,0,lin,False,0,245.58,0.58733,1.668,0.17301,2.8402,0.010613,0.021959,0.12876,19268,27.88,19610,2,True,True
HD_191781,-1,56,0,lin,True,0,245.58,0.58733,1.668,0.17301,2.8402,0.010613,0.021959,0.12876,19268,27.88,19610,2,True,True
HD_191781,-1,75,0,log,False,0,210.7,0.63677,1.6665,0.59285,16.575,0.046439,0.024517,0.018402,15365,27.696,19472,2,True,True
HD_191781,-1,75,0,log,True,0,210.7,0.63677,1.6665,0.59285,16.575,0.046439,0.024517,0.018402,15365,27.696,19472,2,True,True
HD_191781,-1,75,0,lin,False,0,280.24,0.4763,1.3803,1e-07,4.2842,0.012399,0.018603,0.15704,19055,27.696,19472,2,True,True
HD_191781,-1,75,0,lin,True,0,280.24,0.4763,1.3803,1e-07,4.2842,0.012399,0.018603,0.15704,19055,27.696,19472,2,True,True
HD_191978,-1,14,0,log,False,0,20.415,1.0308,1.1874,0.45164,1.7676,0.13793,0.044346,0.03041,8260.2,26.85,13813,2,True,True
HD_191978,-1,14,0,log,True,0,20.415,1.0308,1.1874,0.45164,1.7676,0.13793,0.044346,0.03041,8260.2,26.85,13813,2,True,True
HD_191978,-1,14,0,lin,False,0,20.523,1.3974,1.3667,0.68136,0.35933,0.04256,0.03132,0.042935,12038,26.85,13813,2,True,True
HD_191978,-1,14,0,lin,True,0,20.523,1.3974,1.3667,0.68136,0.35933,0.04256,0.03132,0.042935,12038,26.85,13813,2,True,True
HD_191978,-1,15,0,log,False,0,23.02,0.92539,1.1065,0.35012,2.3521,0.15357,0.046458,0.040236,7361.3,23.008,13210,2,True,True
HD_191978,-1,15,0,log,True,1,23.229,0.81289,1.0387,0.29136,2.6519,0.15812,0.047038,0.045419,7189.7,23.008,13210,2,True,True
HD_191978,-1,15,0,lin,False,0,21.76,1.5474,1.4566,0.73593,0.41911,0.050118,0.039151,0.053274,9186.5,23.008,13210,2,True,True
HD_191978,-1,15,0,lin,True,0,21.76,1.5474,1.4566,0.73593,0.41911,0.050118,0.039151,0.053274,9186.5,23.008,13210,2,True,True
HD_191978,-1,41,0,log,False,0,26.5,0.74388,1.2423,0.41644,2.5532,0.10031,0.039266,0.021181,8786.9,26.589,18321,2,True,True
HD_191978,-1,41,0,log,True,0,26.5,0.74388,1.2423,0.41644,2.5532,0.10031,0.039266,0.021181,8786.9,26.589,18321,2,True,True
HD_191978,-1,41,0,lin,False,0,25.562,1.0974,1.4973,0.67887,0.46624,0.033821,0.035117,0.041541,10692,26.589,18321,2,True,True
HD_191978,-1,41,0,lin,True,0,25.562,1.0974,1.4973,0.67887,0.46624,0.033821,0.035117,0.041541,10692,26.589,18321,2,True,True
HD_191978,-1,54,0,log,False,0,35.472,0.36142,0.97371,0.19596,5.7564,0.095418,0.038037,0.034565,8648.3,26.23,17895,2,True,True
HD_191978,-1,54,0,log,True,0,35.472,0.36142,0.97371,0.19596,5.7564,0.095418,0.038037,0.034565,8648.3,26.23,17895,2,True,True
HD_191978,-1,54,0,lin,False,0,25.822,0.93216,1.3866,0.68614,0.46321,0.029364,0.02886,0.036248,12384,26.23,17895,2,True,True
HD_191978,-1,54,0,lin,True,0,25.822,0.93216,1.3866,0.68614,0.46321,0.029364,0.02886,0.036248,12384,26.23,17895,2,True,True
HD_192001,-1,14,0,log,False,0,16.516,1.1167,1.1461,0.39275,1.42,0.15533,0.046219,0.031328,8055.9,26.85,13816,2,True,True
HD_192001,-1,14,0,log,True,0,16.516,1.1167,1.1461,0.39275,1.42,0.15533,0.046219,0.031328,8055.9,26.85,13816,2,True,True
HD_192001,-1,14,0,lin,False,0,17.517,1.4388,1.483,0.79669,0.28974,0.039941,0.033888,0.033923,11656,26.85,13816,2,True,True
HD_192001,-1,14,0,lin,True,0,17.517,1.4388,1.483,0.79669,0.28974,0.039941,0.033888,0.033923,11656,26.85,13816,2,True,True
HD_192001,-1,41,0,log,False,0,23.798,0.59327,1.0556,0.22974,2.8984,0.11565,0.040265,0.02814,8526.4,26.589,18318,2,True,True
HD_192001,-1,41,0,log,True,1,23.152,0.62909,1.0755,0.24279,2.7139,0.11669,0.04046,0.02712,8510.2,26.589,18318,2,True,True
HD_192001,-1,41,0,lin,False,0,19.941,1.2706,1.7329,0.79678,0.29326,0.029409,0.037788,0.028643,11599,26.589,18318,2,True,True
HD_192001,-1,41,0,lin,True,0,19.941,1.2706,1.7329,0.79678,0.29326,0.029409,0.037788,0.028643,11599,26.589,18318,2,True,True
HD_192001,-1,54,0,log,False,0,20.393,0.68436,1.0558,0.28124,2.275,0.12547,0.041688,0.02908,8341.6,26.23,17893,2,True,True
HD_192001,-1,54,0,log,True,0,20.393,0.68436,1.0558,0.28124,2.275,0.12547,0.041688,0.02908,8341.6,26.23,17893,2,True,True
HD_192001,-1,54,0,lin,False,0,15.996,1.5723,1.6882,0.75379,0.23259,0.03613,0.037591,0.027909,11642,26.23,17893,2,True,True
HD_192001,-1,54,0,lin,True,0,15.996,1.5723,1.6882,0.75379,0.23259,0.03613,0.037591,0.027909,11642,26.23,17893,2,True,True
HD_192001,-1,55,0,log,False,0,21.286,0.71642,1.0902,0.26005,2.2117,0.11844,0.039454,0.026197,9112.8,27.162,18878,2,True,True
HD_192001,-1,55,0,log,True,1,22.37,0.65123,1.0764,0.26136,2.4487,0.11351,0.039013,0.026216,9072.5,27.162,18878,2,True,True
HD_192001,-1,55,0,lin,False,0,38.934,0.26184,0.83727,1e-07,1.6739,0.025349,0.019209,0.051334,15584,27.162,18878,2,True,True
HD_192001,-1,55,0,lin,True,0,38.934,0.26184,0.83727,1e-07,1.6739,0.025349,0.019209,0.051334,15584,27.162,18878,2,True,True
HD_192281,-1,14,0,log,False,0,88.522,4.4347,2.2965,1.1441,2.5553,0.12296,0.042714,0.053239,15991,26.85,13816,2,True,True
HD_192281,-1,14,0,log,True,1,77.382,4.8782,2.3231,1.0409,2.1209,0.12897,0.043982,0.053208,16079,26.85,13816,2,True,True
HD_192281,-1,14,0,lin,False,0,115.62,3.8182,2.212,1.9438,1.421,0.060907,0.057494,0.34131,11103,26.85,13816,2,True,True
HD_192281,-1,14,0,lin,True,1,93.982,4.6096,2.2876,1.51,0.92991,0.056464,0.049881,0.26101,14126,26.85,13816,2,True,True
HD_192281,-1,15,0,log,False,0,83.204,4.3734,2.1622,0.97042,2.7127,0.14402,0.046169,0.06536,13268,23.007,13205,2,True,True
HD_192281,-1,15,0,log,True,1,68.978,5.1466,2.3172,0.88212,2.073,0.15038,0.049908,0.058409,13292,23.007,13205,2,True,True
HD_192281,-1,15,0,lin,False,0,121.03,3.2295,1.6518,1e-07,1.9225,0.073995,0.046241,0.45855,9889.8,23.007,13205,2,True,True
HD_192281,-1,15,0,lin,True,0,121.03,3.2295,1.6518,1e-07,1.9225,0.073995,0.046241,0.45855,9889.8,23.007,13205,2,True,True
HD_192281,-1,41,0,log,False,0,59.938,5.5654,2.4773,0.43899,1.4642,0.12384,0.041315,0.033887,18038,26.589,18317,2,True,True
HD_192281,-1,41,0,log,True,0,59.938,5.5654,2.4773,0.43899,1.4642,0.12384,0.041315,0.033887,18038,26.589,18317,2,True,True
HD_192281,-1,41,0,lin,False,0,77.782,4.7219,2.0501,1e-07,0.83631,0.063779,0.045887,0.25254,13957,26.589,18317,2,True,True
HD_192281,-1,41,0,lin,True,0,77.782,4.7219,2.0501,1e-07,0.83631,0.063779,0.045887,0.25254,13957,26.589,18317,2,True,True
HD_192281,-1,54,0,log,False,0,64.138,5.0399,2.3068,0.597,1.6996,0.12882,0.041606,0.042472,16838,26.23,17893,2,True,True
HD_192281,-1,54,0,log,True,0,64.138,5.0399,2.3068,0.597,1.6996,0.12882,0.041606,0.042472,16838,26.23,17893,2,True,True
HD_192281,-1,54,0,lin,False,0,98.27,3.3618,1.658,1e-07,1.3348,0.06516,0.040048,0.32991,12622,26.23,17893,2,True,True
HD_192281,-1,54,0,lin,True,0,98.27,3.3618,1.658,1e-07,1.3348,0.06516,0.040048,0.32991,12622,26.23,17893,2,True,True
HD_192639,-1,41,0,log,False,0,702.49,1.3572,2.4186,1.8448,31.902,0.043607,0.02681,0.029224,19007,26.588,18315,2,True,True
HD_192639,-1,41,0,log,True,0,702.49,1.3572,2.4186,1.8448,31.902,0.043607,0.02681,0.029224,19007,26.588,18315,2,True,True
HD_192639,-1,41,0,lin,False,0,1698.3,0.45573,1.441,1e-07,27.928,0.01239,0.021177,0.95427,17024,26.588,18315,2,True,True
HD_192639,-1,41,0,lin,True,0,1698.3,0.45573,1.441,1e-07,27.928,0.01239,0.021177,0.95427,17024,26.588,18315,2,True,True
HD_192639,-1,54,0,log,False,0,482.35,1.4231,2.1885,2.1405,22.749,0.054056,0.028965,0.04172,16870,26.23,17888,2,True,True
HD_192639,-1,54,0,log,True,0,482.35,1.4231,2.1885,2.1405,22.749,0.054056,0.028965,0.04172,16870,26.23,17888,2,True,True
HD_192639,-1,54,0,lin,False,0,852.63,0.78445,1.5323,1e-07,11.529,0.017656,0.024339,0.7221,15958,26.23,17888,2,True,True
HD_192639,-1,54,0,lin,True,0,852.63,0.78445,1.5323,1e-07,11.529,0.017656,0.024339,0.7221,15958,26.23,17888,2,True,True
HD_192639,-1,55,0,log,False,0,762.47,1.0474,1.999,3.1823,42.613,0.049218,0.027287,0.063116,16305,27.162,18879,2,True,True
HD_192639,-1,55,0,log,True,0,762.47,1.0474,1.999,3.1823,42.613,0.049218,0.027287,0.063116,16305,27.162,18879,2,True,True
HD_192639,-1,55,0,lin,False,0,1140.2,0.61253,1.3654,1e-07,16.606,0.015598,0.019468,0.82596,18360,27.162,18879,2,True,True
HD_192639,-1,55,0,lin,True,0,1140.2,0.61253,1.3654,1e-07,16.606,0.015598,0.019468,0.82596,18360,27.162,18879,2,True,True
HD_192639,-1,75,0,log,False,0,623.83,1.2324,2.1031,2.3069,28.654,0.045972,0.024598,0.043233,19226,27.696,18957,2,True,True
HD_192639,-1,75,0,log,True,0,623.83,1.2324,2.1031,2.3069,28.654,0.045972,0.024598,0.043233,19226,27.696,18957,2,True,True
HD_192639,-1,75,0,lin,False,0,849.24,0.92172,1.5992,1e-07,10.456,0.018565,0.025188,0.76429,16691,27.696,18957,2,True,True
HD_192639,-1,75,0,lin,True,0,849.24,0.92172,1.5992,1e-07,10.456,0.018565,0.025188,0.76429,16691,27.696,18957,2,True,True
HD_193443,-1,41,0,log,False,0,102.87,2.1971,1.8181,0.77564,4.369,0.099217,0.033312,0.042704,15238,26.589,18316,2,True,True
HD_193443,-1,41,0,log,True,1,86.881,2.5771,1.8854,0.63544,3.367,0.10483,0.034047,0.038762,15741,26.589,18316,2,True,True
HD_193443,-1,41,0,lin,False,0,1959.8,0.02,0.82293,1e-07,535.57,0.0088226,0.02208,0.49526,12371,26.589,18316,2,False,True
HD_193443,-1,41,0,lin,True,0,1959.8,0.02,0.82293,1e-07,535.57,0.0088226,0.02208,0.49526,12371,26.589,18316,2,False,True
HD_193443,-1,55,0,log,False,0,131.64,1.7721,1.7398,1.1005,5.8983,0.085802,0.030664,0.047289,15675,27.162,18878,2,True,True
HD_193443,-1,55,0,log,True,1,92.982,2.5384,1.9198,0.86733,3.4162,0.096698,0.033137,0.038346,16439,27.162,18878,2,True,True
HD_193443,-1,55,0,lin,False,0,1166.7,0.056726,0.87989,1.0003e-07,133.13,0.011287,0.019812,0.45624,14201,27.162,18878,2,False,True
HD_193443,-1,55,0,lin,True,0,1166.7,0.056726,0.87989,1.0003e-07,133.13,0.011287,0.019812,0.45624,14201,27.162,18878,2,False,True
HD_193443,-1,75,0,log,False,0,100.67,2.1879,1.7688,0.38879,4.0784,0.095221,0.029503,0.037935,17398,27.697,18955,2,True,True
HD_193443,-1,75,0,log,True,0,100.67,2.1879,1.7688,0.38879,4.0784,0.095221,0.029503,0.037935,17398,27.697,18955,2,True,True
HD_193443,-1,75,0,lin,False,0,199.26,0.88729,1.2491,1e-07,3.2793,0.027003,0.022019,0.26,16247,27.697,18955,2,True,True
HD_193443,-1,75,0,lin,True,0,199.26,0.88729,1.2491,1e-07,3.2793,0.027003,0.022019,0.26,16247,27.697,18955,2,True,True
HD_193443,-1,81,0,log,False,0,86.756,2.436,1.8006,0.81183,3.5586,0.10987,0.035384,0.046815,14746,26.624,18403,2,True,True
HD_193443,-1,81,0,log,True,1,68.209,3.1354,2.0279,0.96287,2.4088,0.11419,0.039758,0.03872,14688,26.624,18403,2,True,True
HD_193443,-1,81,0,lin,False,0,497.06,0.13504,0.88,1e-07,33.991,0.018472,0.021587,0.40559,13209,26.624,18403,2,False,True
HD_193443,-1,81,0,lin,True,0,497.06,0.13504,0.88,1e-07,33.991,0.018472,0.021587,0.40559,13209,26.624,18403,2,False,True
HD_193514,-1,41,0,log,False,0,255.54,2.2672,2.4482,2.2867,9.2955,0.066621,0.03552,0.038302,16783,26.589,18316,2,True,True
HD_193514,-1,41,0,log,True,0,255.54,2.2672,2.4482,2.2867,9.2955,0.066621,0.03552,0.038302,16783,26.589,18316,2,True,True
HD_193514,-1,41,0,lin,False,0,357.59,1.7631,1.8139,1e-07,4.0027,0.030054,0.033428,0.5201,14713,26.589,18316,2,True,True
HD_193514,-1,41,0,lin,True,2,357.57,1.7633,1.8141,1e-07,4.002,0.030052,0.03343,0.52004,14715,26.589,18316,2,True,True
HD_193514,-1,55,0,log,False,0,306.15,1.9279,2.4236,2.8044,10.572,0.053351,0.031443,0.035706,18512,27.162,18876,2,True,True
HD_193514,-1,55,0,log,True,0,306.15,1.9279,2.4236,2.8044,10.572,0.053351,0.031443,0.035706,18512,27.162,18876,2,True,True
HD_193514,-1,55,0,lin,False,0,396.47,1.6706,2.0419,1.5473,3.7356,0.022815,0.034076,0.45173,16395,27.162,18876,2,True,True
HD_193514,-1,55,0,lin,True,0,396.47,1.6706,2.0419,1.5473,3.7356,0.022815,0.034076,0.45173,16395,27.162,18876,2,True,True
HD_193514,-1,81,0,log,False,0,259.55,2.189,2.2446,1.5906,8.925,0.064001,0.028413,0.036646,19251,26.623,18407,2,True,True
HD_193514,-1,81,0,log,True,0,259.55,2.189,2.2446,1.5906,8.925,0.064001,0.028413,0.036646,19251,26.623,18407,2,True,True
HD_193514,-1,81,0,lin,False,0,296.2,2.3399,2.2489,1.1415,2.8491,0.030761,0.043268,0.44946,14646,26.623,18407,2,True,True
HD_193514,-1,81,0,lin,True,0,296.2,2.3399,2.2489,1.1415,2.8491,0.030761,0.043268,0.44946,14646,26.623,18407,2,True,True
HD_193514,-1,82,0,log,False,0,293.57,1.9924,2.3386,1.2087,11.74,0.062816,0.029965,0.029096,17852,25.853,18138,2,True,True
HD_193514,-1,82,0,log,True,0,293.57,1.9924,2.3386,1.2087,11.74,0.062816,0.029965,0.029096,17852,25.853,18138,2,True,True
HD_193514,-1,82,0,lin,False,0,374.13,1.6924,1.929,1e-07,3.5076,0.023581,0.030811,0.43269,16710,25.853,18138,2,True,True
HD_193514,-1,82,0,lin,True,2,374.13,1.6925,1.929,1e-07,3.5075,0.02358,0.030811,0.43268,16710,25.853,18138,2,True,True
HD_193595,-1,14,0,log,False,0,11.831,2.9292,1.279,0.10523,0.62333,0.23771,0.049901,0.038949,10150,26.85,13815,2,True,True
HD_193595,-1,14,0,log,True,0,11.831,2.9292,1.279,0.10523,0.62333,0.23771,0.049901,0.038949,10150,26.85,13815,2,True,True
HD_193595,-1,14,0,lin,False,0,12.961,3.1902,1.3711,0.25751,0.20487,0.074974,0.034963,0.054555,12921,26.85,13815,2,True,True
HD_193595,-1,14,0,lin,True,0,12.961,3.1902,1.3711,0.25751,0.20487,0.074974,0.034963,0.054555,12921,26.85,13815,2,True,True
HD_193595,-1,15,0,log,False,0,12.714,2.4857,1.1635,0.10478,0.84189,0.27242,0.055185,0.05309,8028,23.008,13208,2,True,True
HD_193595,-1,15,0,log,True,0,12.714,2.4857,1.1635,0.10478,0.84189,0.27242,0.055185,0.05309,8028,23.008,13208,2,True,True
HD_193595,-1,15,0,lin,False,0,16.559,2.073,1.059,1e-07,0.40142,0.088271,0.033848,0.085784,10408,23.008,13208,2,True,True
HD_193595,-1,15,0,lin,True,0,16.559,2.073,1.059,1e-07,0.40142,0.088271,0.033848,0.085784,10408,23.008,13208,2,True,True
HD_193595,-1,41,0,log,False,0,10.877,2.7975,1.2099,0.028027,0.60671,0.25,0.049542,0.039578,10157,26.589,18321,2,True,True
HD_193595,-1,41,0,log,True,0,10.877,2.7975,1.2099,0.028027,0.60671,0.25,0.049542,0.039578,10157,26.589,18321,2,True,True
HD_193595,-1,41,0,lin,False,0,18.794,1.1729,0.93231,1.0018e-07,0.54001,0.069468,0.028422,0.074079,12169,26.589,18321,2,True,True
HD_193595,-1,41,0,lin,True,0,18.794,1.1729,0.93231,1.0018e-07,0.54001,0.069468,0.028422,0.074079,12169,26.589,18321,2,True,True
HD_193595,-1,55,0,log,False,0,11.538,2.8886,1.2956,0.059014,0.59869,0.22806,0.047928,0.033872,10725,27.162,18881,2,True,True
HD_193595,-1,55,0,log,True,0,11.538,2.8886,1.2956,0.059014,0.59869,0.22806,0.047928,0.033872,10725,27.162,18881,2,True,True
HD_193595,-1,55,0,lin,False,0,16.569,1.9133,1.104,1.0002e-07,0.33494,0.068795,0.029203,0.064182,13097,27.162,18881,2,True,True
HD_193595,-1,55,0,lin,True,0,16.569,1.9133,1.104,1.0002e-07,0.33494,0.068795,0.029203,0.064182,13097,27.162,18881,2,True,True
HD_193682,-1,41,0,log,False,0,38.224,4.0716,2.0408,0.25449,1.2097,0.13419,0.039527,0.026954,15907,26.589,18316,2,True,True
HD_193682,-1,41,0,log,True,0,38.224,4.0716,2.0408,0.25449,1.2097,0.13419,0.039527,0.026954,15907,26.589,18316,2,True,True
HD_193682,-1,41,0,lin,False,0,55.807,2.8324,1.5491,1e-07,0.75365,0.057649,0.034832,0.16514,13618,26.589,18316,2,True,True
HD_193682,-1,41,0,lin,True,0,55.807,2.8324,1.5491,1e-07,0.75365,0.057649,0.034832,0.16514,13618,26.589,18316,2,True,True
HD_193682,-1,55,0,log,False,0,32.202,4.9422,2.2945,0.3682,0.89155,0.13303,0.043759,0.022899,16198,27.162,18880,2,True,True
HD_193682,-1,55,0,log,True,0,32.202,4.9422,2.2945,0.3682,0.89155,0.13303,0.043759,0.022899,16198,27.162,18880,2,True,True
HD_193682,-1,55,0,lin,False,0,48.562,3.4757,1.7205,1.0004e-07,0.63521,0.063894,0.040994,0.15844,12808,27.162,18880,2,True,True
HD_193682,-1,55,0,lin,True,0,48.562,3.4757,1.7205,1.0004e-07,0.63521,0.063894,0.040994,0.15844,12808,27.162,18880,2,True,True
HD_193682,-1,75,0,log,False,0,32.686,4.7697,2.1916,0.30337,0.91492,0.13399,0.041533,0.024174,16704,27.697,18958,2,True,True
HD_193682,-1,75,0,log,True,2,27.811,5.4993,2.3564,0.36053,0.70165,0.13409,0.044504,0.021906,16871,27.697,18958,2,True,True
HD_193682,-1,75,0,lin,False,0,51.361,3.1696,1.6327,1.0068e-07,0.80708,0.072327,0.044797,0.19041,10888,27.697,18958,2,True,True
HD_193682,-1,75,0,lin,True,0,51.361,3.1696,1.6327,1.0068e-07,0.80708,0.072327,0.044797,0.19041,10888,27.697,18958,2,True,True
HD_193682,-1,81,0,log,False,0,51.156,3.1545,1.9082,0.33815,1.9362,0.12761,0.038259,0.031662,14862,26.624,18407,2,True,True
HD_193682,-1,81,0,log,True,1,39.364,4.0361,2.1239,0.44615,1.2629,0.13137,0.042378,0.026947,15051,26.624,18407,2,True,True
HD_193682,-1,81,0,lin,False,0,82.521,2.1744,1.8296,0.99899,1.5823,0.062238,0.060557,0.24755,7235.1,26.624,18407,2,True,True
HD_193682,-1,81,0,lin,True,1,56.687,3.0986,1.7987,0.3242,0.72666,0.056693,0.042115,0.15865,12397,26.624,18407,2,True,True
HD_195592,-1,41,0,log,False,0,2227.5,0.56812,1.9154,3.449,177.9,0.034945,0.022992,0.07005,16425,26.589,18322,2,True,True
HD_195592,-1,41,0,log,True,0,2227.5,0.56812,1.9154,3.449,177.9,0.034945,0.022992,0.07005,16425,26.589,18322,2,True,True
HD_195592,-1,41,0,lin,False,0,3481.2,0.4737,2.8431,18.795,34.234,0.0052965,0.051428,1.5653,15853,26.589,18322,2,True,True
HD_195592,-1,41,0,lin,True,40,3433.8,0.47708,3.1275,14.384,31.092,0.004672,0.057566,1.5201,16193,26.589,18322,2,True,True
HD_195592,-1,55,0,log,False,0,65531,0.02,1.3063,5.594,1.2587e+05,0.0306,0.019848,0.22978,13473,27.161,18867,2,False,True
HD_195592,-1,55,0,log,True,0,65531,0.02,1.3063,5.594,1.2587e+05,0.0306,0.019848,0.22978,13473,27.161,18867,2,False,True
HD_195592,-1,55,0,lin,False,0,4773.9,0.42815,4.643,32.875,34.759,0.0027065,0.096239,1.9172,17085,27.161,18867,2,True,True
HD_195592,-1,55,0,lin,True,40,4699.7,0.43105,5.162,26.834,31.544,0.0023915,0.1081,1.8405,17725,27.161,18867,2,True,True
HD_195592,-1,56,0,log,False,0,45346,0.02,1.2077,3.1389,61576,0.023605,0.016378,0.23585,17049,27.88,19605,2,False,True
HD_195592,-1,56,0,log,True,0,45346,0.02,1.2077,3.1389,61576,0.023605,0.016378,0.23585,17049,27.88,19605,2,False,True
HD_195592,-1,56,0,lin,False,0,3230.4,0.53557,3.6699,28.729,21.906,0.0036767,0.060912,1.3045,19683,27.88,19605,2,True,True
HD_195592,-1,56,0,lin,True,40,3198.5,0.53852,3.5875,25.046,21.879,0.0037758,0.058898,1.2935,19705,27.88,19605,2,True,True
HD_195592,-1,76,0,log,False,0,3859.8,0.2876,1.4784,2.7612,421.02,0.028452,0.016498,0.13419,19326,27.078,19025,2,True,True
HD_195592,-1,76,0,log,True,0,3859.8,0.2876,1.4784,2.7612,421.02,0.028452,0.016498,0.13419,19326,27.078,19025,2,True,True
HD_195592,-1,76,0,lin,False,0,2912.5,0.53171,2.2152,17.528,23.457,0.005671,0.026184,1.0429,21957,27.078,19025,2,True,True
HD_195592,-1,76,0,lin,True,1,2909.7,0.53234,2.2211,17.502,23.371,0.0056551,0.026267,1.0418,21963,27.078,19025,2,True,True
HD_201345,-1,55,0,log,False,0,22.179,1.5597,1.158,0.093791,1.5557,0.17663,0.041631,0.044266,10613,27.163,15642,2,True,True
HD_201345,-1,55,0,log,True,0,22.179,1.5597,1.158,0.093791,1.5557,0.17663,0.041631,0.044266,10613,27.163,15642,2,True,True
HD_201345,-1,55,0,lin,False,0,22.514,2.1034,1.4588,0.56043,0.34847,0.052746,0.034137,0.059653,12421,27.163,15642,2,True,True
HD_201345,-1,55,0,lin,True,0,22.514,2.1034,1.4588,0.56043,0.34847,0.052746,0.034137,0.059653,12421,27.163,15642,2,True,True
HD_201345,-1,82,0,log,False,0,17.838,2.1799,1.3097,0.15757,1.0299,0.18724,0.044455,0.035375,10438,25.853,18136,2,True,True
HD_201345,-1,82,0,log,True,1,17.316,2.2345,1.3044,0.15087,0.98474,0.19012,0.044517,0.035774,10513,25.853,18136,2,True,True
HD_201345,-1,82,0,lin,False,0,18.334,2.7772,1.9171,0.82613,0.25633,0.055389,0.049753,0.049058,10423,25.853,18136,2,True,True
HD_201345,-1,82,0,lin,True,0,18.334,2.7772,1.9171,0.82613,0.25633,0.055389,0.049753,0.049058,10423,25.853,18136,2,True,True
HD_202124,-1,55,0,log,False,0,635.58,0.69412,1.8475,1.6122,45.581,0.04175,0.024423,0.036484,16073,27.163,18878,2,True,True
HD_202124,-1,55,0,log,True,0,635.58,0.69412,1.8475,1.6122,45.581,0.04175,0.024423,0.036484,16073,27.163,18878,2,True,True
HD_202124,-1,55,0,lin,False,0,1145,0.38465,1.5139,0.6248,17.979,0.0094885,0.020336,0.48789,18496,27.163,18878,2,True,True
HD_202124,-1,55,0,lin,True,0,1145,0.38465,1.5139,0.6248,17.979,0.0094885,0.020336,0.48789,18496,27.163,18878,2,True,True
HD_202124,-1,56,0,log,False,0,876.11,0.50614,1.6685,1.4459,61.228,0.031042,0.017516,0.037205,20539,27.88,19607,2,True,True
HD_202124,-1,56,0,log,True,0,876.11,0.50614,1.6685,1.4459,61.228,0.031042,0.017516,0.037205,20539,27.88,19607,2,True,True
HD_202124,-1,56,0,lin,False,0,1078,0.38661,1.3853,1e-07,14.01,0.008332,0.014314,0.39252,24030,27.88,19607,2,True,True
HD_202124,-1,56,0,lin,True,0,1078,0.38661,1.3853,1e-07,14.01,0.008332,0.014314,0.39252,24030,27.88,19607,2,True,True
HD_202124,-1,75,0,log,False,0,570.57,0.71552,1.9162,1.2107,41.191,0.041565,0.024794,0.027499,16244,27.697,19471,2,True,True
HD_202124,-1,75,0,log,True,0,570.57,0.71552,1.9162,1.2107,41.191,0.041565,0.024794,0.027499,16244,27.697,19471,2,True,True
HD_202124,-1,75,0,lin,False,0,695.92,0.59145,1.5835,1e-07,7.4209,0.010143,0.018377,0.33966,21604,27.697,19471,2,True,True
HD_202124,-1,75,0,lin,True,0,695.92,0.59145,1.5835,1e-07,7.4209,0.010143,0.018377,0.33966,21604,27.697,19471,2,True,True
HD_202124,-1,76,0,log,False,0,911.43,0.5499,1.8859,1.49,74.176,0.034948,0.022988,0.030314,16398,27.078,19021,2,True,True
HD_202124,-1,76,0,log,True,0,911.43,0.5499,1.8859,1.49,74.176,0.034948,0.022988,0.030314,16398,27.078,19021,2,True,True
HD_202124,-1,76,0,lin,False,0,1015.2,0.53675,1.6737,1e-07,11.908,0.0097357,0.021636,0.48776,19260,27.078,19021,2,True,True
HD_202124,-1,76,0,lin,True,17,1015.1,0.53682,1.674,1e-07,11.905,0.0097343,0.021638,0.48769,19263,27.078,19021,2,True,True
HD_203064,-1,15,0,log,False,0,788.1,3.8079,2.6358,14.996,23.958,0.098474,0.048165,0.29691,14745,26.043,12582,2,True,True
HD_203064,-1,15,0,log,True,1,693.11,4.1585,2.6571,15.155,20.211,0.10448,0.050254,0.30959,14552,26.043,12582,2,True,True
HD_203064,-1,15,0,lin,False,0,1821.1,1.2899,1.243,1e-07,41.49,0.053494,0.034475,4.8885,10255,26.043,12582,2,True,True
HD_203064,-1,15,0,lin,True,1,1999.5,1.023,1.175,1e-07,48.288,0.046831,0.031072,4.6733,10922,26.043,12582,2,True,True
HD_203064,-1,16,0,log,False,0,688.9,3.975,2.5627,7.9596,20.659,0.10131,0.042695,0.22908,15257,23.211,14357,2,True,True
HD_203064,-1,16,0,log,True,0,688.9,3.975,2.5627,7.9596,20.659,0.10131,0.042695,0.22908,15257,23.211,14357,2,True,True
HD_203064,-1,16,0,lin,False,0,917.34,3.4599,2.2957,7.1425,10.987,0.054021,0.058706,2.3913,10523,23.211,14357,2,True,True
HD_203064,-1,16,0,lin,True,0,917.34,3.4599,2.2957,7.1425,10.987,0.054021,0.058706,2.3913,10523,23.211,14357,2,True,True
HD_203064,-1,55,0,log,False,0,900.01,2.5847,1.9767,9.6587,33.631,0.098111,0.035202,0.36962,15711,27.162,18856,2,True,True
HD_203064,-1,55,0,log,True,0,900.01,2.5847,1.9767,9.6587,33.631,0.098111,0.035202,0.36962,15711,27.162,18856,2,True,True
HD_203064,-1,55,0,lin,False,0,2415,0.58887,1.062,1e-07,66.036,0.032369,0.024287,3.8092,13260,27.162,18856,2,True,True
HD_203064,-1,55,0,lin,True,1,2514.9,0.53514,1.0466,1e-07,69.868,0.030051,0.023138,3.6631,13793,27.162,18856,2,True,True
HD_203064,-1,56,0,log,False,0,844.82,3.1535,2.3199,4.7255,26.782,0.086917,0.032724,0.19195,18985,27.879,19597,2,True,True
HD_203064,-1,56,0,log,True,1,842.23,3.0639,2.2689,4.2741,27.206,0.087235,0.032012,0.19346,19017,27.879,19597,2,True,True
HD_203064,-1,56,0,lin,False,0,916.46,3.6837,3.0311,13.507,8.4754,0.039774,0.072136,1.8605,13165,27.879,19597,2,True,True
HD_203064,-1,56,0,lin,True,0,916.46,3.6837,3.0311,13.507,8.4754,0.039774,0.072136,1.8605,13165,27.879,19597,2,True,True
HD_206183,-1,84,0,log,False,0,2.9341,0.56032,2.4176,0.67211,0.38515,0.075273,0.25644,0.0047291,812.37,25.75,16711,2,True,True
HD_206183,-1,84,0,log,True,0,2.9341,0.56032,2.4176,0.67211,0.38515,0.075273,0.25644,0.0047291,812.37,25.75,16711,2,True,True
HD_206183,-1,84,0,lin,False,0,3.3397,0.66139,5.0038,0.80525,0.062605,0.011064,0.31103,0.0050324,4217,25.75,16711,2,True,True
HD_206183,-1,84,0,lin,True,0,3.3397,0.66139,5.0038,0.80525,0.062605,0.011064,0.31103,0.0050324,4217,25.75,16711,2,True,True
HD_207198,-1,16,0,log,False,0,819.12,2.0142,2.1468,7.3498,35.372,0.077973,0.035778,0.17587,14088,23.766,14916,2,True,True
HD_207198,-1,16,0,log,True,0,819.12,2.0142,2.1468,7.3498,35.372,0.077973,0.035778,0.17587,14088,23.766,14916,2,True,True
HD_207198,-1,16,0,lin,False,0,1475.4,1.0192,1.4252,1e-07,23.396,0.027988,0.027502,1.981,13036,23.766,14916,2,True,True
HD_207198,-1,16,0,lin,True,0,1475.4,1.0192,1.4252,1e-07,23.396,0.027988,0.027502,1.981,13036,23.766,14916,2,True,True
HD_207198,-1,17,0,log,False,0,679.62,2.4732,2.4488,10.409,26.217,0.080985,0.044634,0.17218,13031,23.573,14710,2,True,True
HD_207198,-1,17,0,log,True,0,679.62,2.4732,2.4488,10.409,26.217,0.080985,0.044634,0.17218,13031,23.573,14710,2,True,True
HD_207198,-1,17,0,lin,False,0,897.48,2.1503,2.371,14.098,9.1129,0.029309,0.04946,1.3383,12708,23.573,14710,2,True,True
HD_207198,-1,17,0,lin,True,0,897.48,2.1503,2.371,14.098,9.1129,0.029309,0.04946,1.3383,12708,23.573,14710,2,True,True
HD_207198,-1,24,0,log,False,0,614.77,2.6805,2.5194,7.4164,20.432,0.073172,0.038515,0.12186,16494,26.484,17994,2,True,True
HD_207198,-1,24,0,log,True,0,614.77,2.6805,2.5194,7.4164,20.432,0.073172,0.038515,0.12186,16494,26.484,17994,2,True,True
HD_207198,-1,24,0,lin,False,0,707.35,2.5978,2.493,9.7108,5.2858,0.025233,0.040577,0.89702,17836,26.484,17994,2,True,True
HD_207198,-1,24,0,lin,True,0,707.35,2.5978,2.493,9.7108,5.2858,0.025233,0.040577,0.89702,17836,26.484,17994,2,True,True
HD_207198,-1,56,0,log,False,0,626.56,2.3561,2.1168,2.1913,23.015,0.077159,0.028413,0.1106,19266,27.881,19610,2,True,True
HD_207198,-1,56,0,log,True,0,626.56,2.3561,2.1168,2.1913,23.015,0.077159,0.028413,0.1106,19266,27.881,19610,2,True,True
HD_207198,-1,56,0,lin,False,0,782.71,2.2129,2.0439,2.4112,7.6706,0.030951,0.037228,1.1762,15628,27.881,19610,2,True,True
HD_207198,-1,56,0,lin,True,0,782.71,2.2129,2.0439,2.4112,7.6706,0.030951,0.037228,1.1762,15628,27.881,19610,2,True,True
HD_207538,-1,84,0,log,False,0,33.229,0.73744,1.3862,0.74451,3.0407,0.085895,0.041646,0.02003,7928,25.75,16717,2,True,True
HD_207538,-1,84,0,log,True,0,33.229,0.73744,1.3862,0.74451,3.0407,0.085895,0.041646,0.02003,7928,25.75,16717,2,True,True
HD_207538,-1,84,0,lin,False,0,33.684,1.0751,1.8477,1.1507,0.5007,0.024395,0.041141,0.041581,10961,25.75,16717,2,True,True
HD_207538,-1,84,0,lin,True,0,33.684,1.0751,1.8477,1.1507,0.5007,0.024395,0.041141,0.041581,10961,25.75,16717,2,True,True
HD_209339,-1,56,0,log,False,0,49.29,1.4358,1.4262,0.69435,2.968,0.11361,0.036919,0.040228,11723,27.881,19601,2,True,True
HD_209339,-1,56,0,log,True,2,52.402,1.2405,1.3619,0.65947,3.4631,0.11044,0.036129,0.042371,11518,27.881,19601,2,True,True
HD_209339,-1,56,0,lin,False,0,58.118,1.5867,1.5669,1.0364,1.0035,0.044641,0.039624,0.12549,10374,27.881,19601,2,True,True
HD_209339,-1,56,0,lin,True,0,58.118,1.5867,1.5669,1.0364,1.0035,0.044641,0.039624,0.12549,10374,27.881,19601,2,True,True
HD_209339,-1,58,0,log,False,0,34.862,1.7302,1.3053,0.51272,2.1609,0.15774,0.04234,0.054681,10472,27.717,18991,2,True,True
HD_209339,-1,58,0,log,True,0,34.862,1.7302,1.3053,0.51272,2.1609,0.15774,0.04234,0.054681,10472,27.717,18991,2,True,True
HD_209339,-1,58,0,lin,False,0,38.149,2.1705,1.6931,1.2971,0.61345,0.053605,0.044873,0.099197,10137,27.717,18991,2,True,True
HD_209339,-1,58,0,lin,True,0,38.149,2.1705,1.6931,1.2971,0.61345,0.053605,0.044873,0.099197,10137,27.717,18991,2,True,True
HD_209339,-1,76,0,log,False,0,41.4,1.6395,1.4855,0.75594,2.3458,0.12032,0.039555,0.037112,11124,27.077,19023,2,True,True
HD_209339,-1,76,0,log,True,2,42.662,1.4519,1.3966,0.68897,2.6342,0.12111,0.03864,0.040653,10980,27.077,19023,2,True,True
HD_209339,-1,76,0,lin,False,0,47.094,1.7728,1.4389,0.64139,0.73956,0.046385,0.032481,0.10816,12554,27.077,19023,2,True,True
HD_209339,-1,76,0,lin,True,0,47.094,1.7728,1.4389,0.64139,0.73956,0.046385,0.032481,0.10816,12554,27.077,19023,2,True,True
HD_209339,-1,78,0,log,False,0,51.716,1.3903,1.3389,0.85999,4.3624,0.16464,0.051126,0.073224,6526.3,18.05,12670,2,True,True
HD_209339,-1,78,0,log,True,0,51.716,1.3903,1.3389,0.85999,4.3624,0.16464,0.051126,0.073224,6526.3,18.05,12670,2,True,True
HD_209339,-1,78,0,lin,False,0,59.303,1.6473,1.5604,1.4876,1.1195,0.050631,0.04349,0.14565,7871.4,18.05,12670,2,True,True
HD_209339,-1,78,0,lin,True,0,59.303,1.6473,1.5604,1.4876,1.1195,0.050631,0.04349,0.14565,7871.4,18.05,12670,2,True,True
HD_209975,-1,16,0,log,False,0,2413.3,1.5101,2.2257,22.356,113.53,0.059677,0.035725,0.33718,13701,23.766,14897,2,True,True
HD_209975,-1,16,0,log,True,0,2413.3,1.5101,2.2257,22.356,113.53,0.059677,0.035725,0.33718,13701,23.766,14897,2,True,True
HD_209975,-1,16,0,lin,False,0,3067.3,1.2757,1.9456,20.541,31.272,0.019378,0.032183,3.0177,15037,23.766,14897,2,True,True
HD_209975,-1,16,0,lin,True,0,3067.3,1.2757,1.9456,20.541,31.272,0.019378,0.032183,3.0177,15037,23.766,14897,2,True,True
HD_209975,-1,17,0,log,False,0,1703.9,1.4804,2.1894,18.841,88.676,0.066389,0.040327,0.29892,11868,23.658,15070,2,True,True
HD_209975,-1,17,0,log,True,0,1703.9,1.4804,2.1894,18.841,88.676,0.066389,0.040327,0.29892,11868,23.658,15070,2,True,True
HD_209975,-1,17,0,lin,False,0,2414.3,1.0745,1.6581,8.3137,28.314,0.020286,0.026738,2.3872,15127,23.658,15070,2,True,True
HD_209975,-1,17,0,lin,True,0,2414.3,1.0745,1.6581,8.3137,28.314,0.020286,0.026738,2.3872,15127,23.658,15070,2,True,True
HD_209975,-1,24,0,log,False,0,1627.2,2.007,2.5488,15.675,64.759,0.061893,0.039423,0.21384,15330,26.485,17946,2,True,True
HD_209975,-1,24,0,log,True,0,1627.2,2.007,2.5488,15.675,64.759,0.061893,0.039423,0.21384,15330,26.485,17946,2,True,True
HD_209975,-1,24,0,lin,False,0,2551.4,1.2988,1.7454,1.1263,26.982,0.021536,0.027657,2.685,16552,26.485,17946,2,True,True
HD_209975,-1,24,0,lin,True,9,2553.2,1.298,1.7424,0.53002,27.025,0.021561,0.027598,2.6889,16560,26.485,17946,2,True,True
HD_209975,-1,76,0,log,False,0,1380.1,2.2835,2.405,5.6882,49.16,0.063713,0.029235,0.14158,19531,27.077,19021,2,True,True
HD_209975,-1,76,0,log,True,0,1380.1,2.2835,2.405,5.6882,49.16,0.063713,0.029235,0.14158,19531,27.077,19021,2,True,True
HD_209975,-1,76,0,lin,False,0,2023.4,1.7109,1.9576,1e-07,21.642,0.027006,0.036118,2.6872,14710,27.077,19021,2,True,True
HD_209975,-1,76,0,lin,True,1,2023.4,1.711,1.9576,1e-07,21.642,0.027006,0.036119,2.6871,14711,27.077,19021,2,True,True
HD_210809,-1,84,0,log,False,0,364.94,1.0073,1.9739,1.2286,21.61,0.049913,0.026915,0.028148,15769,25.748,16715,2,True,True
HD_210809,-1,84,0,log,True,0,364.94,1.0073,1.9739,1.2286,21.61,0.049913,0.026915,0.028148,15769,25.748,16715,2,True,True
HD_210809,-1,84,0,lin,False,0,790.46,0.37086,1.282,1.0001e-07,18.257,0.014824,0.021748,0.50558,14868,25.748,16715,2,True,True
HD_210809,-1,84,0,lin,True,0,790.46,0.37086,1.282,1.0001e-07,18.257,0.014824,0.021748,0.50558,14868,25.748,16715,2,True,True
HD_210839,-1,16,0,log,False,0,2740.4,2.4482,2.8234,16.573,98.792,0.061961,0.038295,0.24998,16410,23.766,14875,2,True,True
HD_210839,-1,16,0,log,True,0,2740.4,2.4482,2.8234,16.573,98.792,0.061961,0.038295,0.24998,16410,23.766,14875,2,True,True
HD_210839,-1,16,0,lin,False,0,3399.3,2.1647,2.4253,12.623,27.381,0.023164,0.04084,4.0397,16001,23.766,14875,2,True,True
HD_210839,-1,16,0,lin,True,0,3399.3,2.1647,2.4253,12.623,27.381,0.023164,0.04084,4.0397,16001,23.766,14875,2,True,True
HD_210839,-1,17,0,log,False,0,1889,2.8644,2.9009,22.247,63.503,0.070864,0.04627,0.3031,14858,23.659,15020,2,True,True
HD_210839,-1,17,0,log,True,1,1713,2.9448,2.7932,20.942,56.269,0.073773,0.044139,0.30871,15107,23.659,15020,2,True,True
HD_210839,-1,17,0,lin,False,0,2782,2.1546,2.0644,4.38,34.26,0.037793,0.047368,5.1249,11182,23.659,15020,2,True,True
HD_210839,-1,17,0,lin,True,23,2786.7,2.1535,2.055,2.0982,34.371,0.037904,0.047078,5.1444,11199,23.659,15020,2,True,True
HD_210839,-1,24,0,log,False,0,1595.2,2.9798,3.083,19.16,48.732,0.064285,0.046187,0.22389,16887,26.484,18061,2,True,True
HD_210839,-1,24,0,log,True,0,1595.2,2.9798,3.083,19.16,48.732,0.064285,0.046187,0.22389,16887,26.484,18061,2,True,True
HD_210839,-1,24,0,lin,False,0,1860.4,3.0018,3.2923,25.973,14.834,0.027335,0.070739,2.826,14752,26.484,18061,2,True,True
HD_210839,-1,24,0,lin,True,0,1860.4,3.0018,3.2923,25.973,14.834,0.027335,0.070739,2.826,14752,26.484,18061,2,True,True
HD_210839,-1,56,0,log,False,0,2107,2.3429,2.4283,10.453,72.716,0.06364,0.029923,0.23271,19764,27.881,19594,2,True,True
HD_210839,-1,56,0,log,True,0,2107,2.3429,2.4283,10.453,72.716,0.06364,0.029923,0.23271,19764,27.881,19594,2,True,True
HD_210839,-1,56,0,lin,False,0,2478,2.426,2.4068,7.9806,22.488,0.029172,0.046033,3.6256,15296,27.881,19594,2,True,True
HD_210839,-1,56,0,lin,True,0,2478,2.426,2.4068,7.9806,22.488,0.029172,0.046033,3.6256,15296,27.881,19594,2,True,True
HD_214680,-1,16,0,log,False,0,382.77,0.12445,0.8674,13.313,169.65,0.094838,0.070006,0.60829,2606.5,23.222,14301,2,False,True
HD_214680,-1,16,0,log,True,0,382.77,0.12445,0.8674,13.313,169.65,0.094838,0.070006,0.60829,2606.5,23.222,14301,2,False,True
HD_214680,-1,16,0,lin,False,0,305.93,0.22935,0.93952,16.753,20.561,0.031289,0.031209,0.43702,7855.6,23.222,14301,2,True,True
HD_214680,-1,16,0,lin,True,0,305.93,0.22935,0.93952,16.753,20.561,0.031289,0.031209,0.43702,7855.6,23.222,14301,2,True,True
HD_216532,-1,17,0,log,False,0,6.9399,4.9855,2.5061,0.90977,0.25239,0.18558,0.10299,0.016595,6001.7,23.367,14597,2,True,True
HD_216532,-1,17,0,log,True,7,6.1899,4.0261,1.8465,0.82251,0.29664,0.24003,0.091831,0.024009,4935,23.367,14597,2,True,True
HD_216532,-1,17,0,lin,False,0,9.1326,4.8093,2.4349,1.0644,0.16519,0.10511,0.10098,0.047021,5868.2,23.367,14597,2,True,True
HD_216532,-1,17,0,lin,True,4,8.8835,3.5974,1.4032,0.68787,0.20935,0.12072,0.055083,0.061446,7219.3,23.367,14597,2,True,True
HD_216532,-1,24,0,log,False,0,5.3048,5.8141,2.5669,0.76112,0.16724,0.18499,0.10002,0.013989,7012,26.485,18206,2,True,True
HD_216532,-1,24,0,log,True,9,3.826,6.557,2.5718,0.75185,0.12338,0.21398,0.1168,0.014605,5835,26.485,18206,2,True,True
HD_216532,-1,24,0,lin,False,0,7.9347,5.1082,2.0139,0.72231,0.18276,0.14455,0.096451,0.059972,5080.1,26.485,18206,2,True,True
HD_216532,-1,24,0,lin,True,4,6.7798,4.7493,1.7443,0.69669,0.13637,0.12168,0.0673,0.045306,7330.9,26.485,18206,2,True,True
HD_216532,-1,84,0,log,False,0,6.849,4.6974,1.9986,0.54813,0.25633,0.2034,0.074131,0.017988,7845.2,25.75,16716,2,True,True
HD_216532,-1,84,0,log,True,14,4.8878,4.3049,1.3734,0.39667,0.26615,0.33592,0.079747,0.036356,5768.6,25.75,16716,2,True,True
HD_216532,-1,84,0,lin,False,0,8.4371,5.0804,2.3697,0.74032,0.15342,0.11085,0.097776,0.046363,6145,25.75,16716,2,True,True
HD_216532,-1,84,0,lin,True,5,7.9486,4.118,1.8233,0.65506,0.15608,0.10753,0.068945,0.044172,6996.6,25.75,16716,2,True,True
HD_216532,-1,85,0,log,False,0,5.3251,5.5085,2.3289,0.61045,0.18045,0.19799,0.089993,0.014446,7152.4,25.488,17728,2,True,True
HD_216532,-1,85,0,log,True,10,4.9141,4.0723,1.5054,0.48567,0.25386,0.29168,0.080259,0.027885,5653.2,25.488,17728,2,True,True
HD_216532,-1,85,0,lin,False,0,6.8402,5.6243,2.3742,0.70705,0.13333,0.12787,0.10599,0.044192,5581.7,25.488,17728,2,True,True
HD_216532,-1,85,0,lin,True,8,6.2468,4.2771,1.3541,0.41359,0.15147,0.13749,0.055192,0.053246,7712.2,25.488,17728,2,True,True
HD_217086,-1,17,0,log,False,0,49.372,4.9468,1.8198,0.7471,1.7157,0.20465,0.053547,0.10309,11234,23.367,14594,2,True,True
HD_217086,-1,17,0,log,True,0,49.372,4.9468,1.8198,0.7471,1.7157,0.20465,0.053547,0.10309,11234,23.367,14594,2,True,True
HD_217086,-1,17,0,lin,False,0,63.817,4.467,1.5922,1.0002e-07,1.0072,0.092174,0.045789,0.33383,10672,23.367,14594,2,True,True
HD_217086,-1,17,0,lin,True,0,63.817,4.467,1.5922,1.0002e-07,1.0072,0.092174,0.045789,0.33383,10672,23.367,14594,2,True,True
HD_217086,-1,18,0,log,False,0,40.759,5.7324,2.0673,0.6015,1.263,0.19273,0.05547,0.069684,11961,23.72,15261,2,True,True
HD_217086,-1,18,0,log,True,1,37.763,6.1067,2.1486,0.71327,1.121,0.19223,0.058036,0.066819,11840,23.72,15261,2,True,True
HD_217086,-1,18,0,lin,False,0,52.312,5.3279,2.2049,1.2997,0.7588,0.092659,0.07005,0.24742,8846.9,23.72,15261,2,True,True
HD_217086,-1,18,0,lin,True,0,52.312,5.3279,2.2049,1.2997,0.7588,0.092659,0.07005,0.24742,8846.9,23.72,15261,2,True,True
HD_217086,-1,24,0,log,False,0,50.626,4.1867,1.7109,0.25395,1.7797,0.1808,0.044009,0.0804,13728,26.485,18201,2,True,True
HD_217086,-1,24,0,log,True,0,50.626,4.1867,1.7109,0.25395,1.7797,0.1808,0.044009,0.0804,13728,26.485,18201,2,True,True
HD_217086,-1,24,0,lin,False,0,57.907,4.1981,1.7881,0.78506,0.73397,0.070534,0.043337,0.21393,12807,26.485,18201,2,True,True
HD_217086,-1,24,0,lin,True,0,57.907,4.1981,1.7881,0.78506,0.73397,0.070534,0.043337,0.21393,12807,26.485,18201,2,True,True
HD_217086,-1,84,0,log,False,0,52.974,4.5607,1.7894,1.0001e-07,1.7518,0.17819,0.042893,0.07484,14505,25.75,16716,2,True,True
HD_217086,-1,84,0,log,True,1,47.58,4.9922,1.819,1e-07,1.523,0.18758,0.045165,0.076263,14227,25.75,16716,2,True,True
HD_217086,-1,84,0,lin,False,0,71.979,3.6158,1.6196,0.046888,1.0596,0.074725,0.042456,0.28476,11550,25.75,16716,2,True,True
HD_217086,-1,84,0,lin,True,0,71.979,3.6158,1.6196,0.046888,1.0596,0.074725,0.042456,0.28476,11550,25.75,16716,2,True,True
HD_218195,-1,57,0,log,False,0,23.376,2.8171,1.5964,0.14972,0.96709,0.14666,0.037932,0.025031,14505,28.76,17989,2,True,True
HD_218195,-1,57,0,log,True,0,23.376,2.8171,1.5964,0.14972,0.96709,0.14666,0.037932,0.025031,14505,28.76,17989,2,True,True
HD_218195,-1,57,0,lin,False,0,41.368,1.37,1.1893,1e-07,0.73343,0.04472,0.025654,0.09506,14805,28.76,17989,2,True,True
HD_218195,-1,57,0,lin,True,0,41.368,1.37,1.1893,1e-07,0.73343,0.04472,0.025654,0.09506,14805,28.76,17989,2,True,True
HD_218195,-1,84,0,log,False,0,30.134,1.9535,1.3822,1e-07,1.6045,0.14226,0.034904,0.031285,13460,25.75,16718,2,True,True
HD_218195,-1,84,0,log,True,0,30.134,1.9535,1.3822,1e-07,1.6045,0.14226,0.034904,0.031285,13460,25.75,16718,2,True,True
HD_218195,-1,84,0,lin,False,0,34.564,1.9873,1.4035,0.08539,0.47916,0.045574,0.028461,0.079657,14392,25.75,16718,2,True,True
HD_218195,-1,84,0,lin,True,0,34.564,1.9873,1.4035,0.08539,0.47916,0.045574,0.028461,0.079657,14392,25.75,16718,2,True,True
HD_218195,-1,85,0,log,False,0,20.657,3.2497,1.7117,0.26301,0.83488,0.15919,0.043851,0.025,12400,25.487,17730,2,True,True
HD_218195,-1,85,0,log,True,0,20.657,3.2497,1.7117,0.26301,0.83488,0.15919,0.043851,0.025,12400,25.487,17730,2,True,True
HD_218195,-1,85,0,lin,False,0,47.298,1.0321,1.1058,1e-07,1.0901,0.046321,0.027279,0.11211,12183,25.487,17730,2,True,True
HD_218195,-1,85,0,lin,True,0,47.298,1.0321,1.1058,1e-07,1.0901,0.046321,0.027279,0.11211,12183,25.487,17730,2,True,True
HD_218915,-1,16,0,log,False,0,613.07,0.8607,1.8779,2.3625,40.178,0.048928,0.027298,0.052333,13945,22.834,13540,2,True,True
HD_218915,-1,16,0,log,True,0,613.07,0.8607,1.8779,2.3625,40.178,0.048928,0.027298,0.052333,13945,22.834,13540,2,True,True
HD_218915,-1,16,0,lin,False,0,744.91,0.7261,1.5102,1e-07,9.7582,0.015905,0.022374,0.56571,15849,22.834,13540,2,True,True
HD_218915,-1,16,0,lin,True,1,744.8,0.72629,1.5104,1e-07,9.7542,0.015904,0.022376,0.56561,15851,22.834,13540,2,True,True
HD_218915,-1,17,0,log,False,0,234.23,2.25,3.0443,3.3251,8.9594,0.060966,0.055511,0.034483,12767,23.262,13132,2,True,True
HD_218915,-1,17,0,log,True,0,234.23,2.25,3.0443,3.3251,8.9594,0.060966,0.055511,0.034483,12767,23.262,13132,2,True,True
HD_218915,-1,17,0,lin,False,0,353.82,1.6562,2.144,2.0301,3.9574,0.026266,0.044012,0.47368,12296,23.262,13132,2,True,True
HD_218915,-1,17,0,lin,True,0,353.82,1.6562,2.144,2.0301,3.9574,0.026266,0.044012,0.47368,12296,23.262,13132,2,True,True
HD_218915,-1,84,0,log,False,0,521.51,0.97056,1.8016,1.8481,32.766,0.055855,0.026751,0.058486,15165,25.749,16717,2,True,True
HD_218915,-1,84,0,log,True,0,521.51,0.97056,1.8016,1.8481,32.766,0.055855,0.026751,0.058486,15165,25.749,16717,2,True,True
HD_218915,-1,84,0,lin,False,0,547.38,1.155,2.0796,3.878,5.6112,0.017064,0.035823,0.49821,15046,25.749,16717,2,True,True
HD_218915,-1,84,0,lin,True,0,547.38,1.155,2.0796,3.878,5.6112,0.017064,0.035823,0.49821,15046,25.749,16717,2,True,True
HD_224990,-1,2,0,log,False,0,63.038,1.3718,2.8726,2.0926,3.1988,0.054406,0.080735,0.01672,8092.6,27.406,18288,2,True,True
HD_224990,-1,2,0,log,True,6,32.797,1.2823,2.3084,1.8711,1.869,0.069681,0.075171,0.016476,6368.6,27.406,18288,2,True,True
HD_224990,-1,2,0,lin,False,0,113.58,1.1704,5.2816,3.0887,1.6266,0.015194,0.27712,0.19296,6051.1,27.406,18288,2,True,True
HD_224990,-1,2,0,lin,True,4,68.351,1.4044,5.1223,2.5732,0.82776,0.015754,0.22469,0.10875,7769,27.406,18288,2,True,True
HD_224990,-1,29,0,log,False,0,116.36,0.92213,2.3254,3.2892,8.2206,0.056264,0.069111,0.030368,6359.2,23.821,14084,2,True,True
HD_224990,-1,29,0,log,True,1,100.85,1.0178,2.3681,3.1787,6.7196,0.058874,0.071204,0.02926,6404.8,23.821,14084,2,True,True
HD_224990,-1,29,0,lin,False,0,160.21,1.0424,6.0737,4.861,2.2326,0.012265,0.34052,0.25644,5841,23.821,14084,2,True,True
HD_224990,-1,29,0,lin,True,4,161.4,1.0233,6.5762,4.6494,2.1838,0.011257,0.37815,0.25314,5957.6,23.821,14084,2,True,True
HD_224990,-1,69,0,log,False,0,126.31,0.87299,1.5626,2.5905,10.476,0.083336,0.04372,0.058987,7811.7,23.876,14781,2,True,True
HD_224990,-1,69,0,log,True,4,77.756,0.61801,1.3993,2.5198,8.6183,0.086797,0.050931,0.052669,5503.5,23.876,14781,2,True,True
HD_224990,-1,69,0,lin,False,0,156.57,1.1649,4.2908,5.606,2.3748,0.017697,0.20345,0.26377,5848.6,23.876,14781,2,True,True
HD_224990,-1,69,0,lin,True,13,78.686,1.397,19.537,4.7138,0.74977,0.0066767,1.5766,0.12334,8025.6,23.876,14781,2,True,True
HD_224990,-1,96,0,log,False,0,135.19,1.01,2.8309,2.2755,7.8374,0.042307,0.068169,0.017799,8767.2,24.231,14656,2,True,True
HD_224990,-1,96,0,log,True,4,80.655,0.87355,2.1425,2.2636,5.6868,0.056097,0.05953,0.021457,6926.5,24.231,14656,2,True,True
HD_224990,-1,96,0,lin,False,0,160.01,1.1104,4.3592,3.1646,1.7536,0.012068,0.15062,0.18989,9223.5,24.231,14656,2,True,True
HD_224990,-1,96,0,lin,True,1,160.14,1.1035,4.5396,3.0844,1.723,0.011541,0.15888,0.18829,9304.2,24.231,14656,2,True,True
HD_225146,-1,17,0,log,False,0,278.55,0.84793,2.0531,2.2435,19.99,0.051061,0.038762,0.030926,10370,23.02,12871,2,True,True
HD_225146,-1,17,0,log,True,0,278.55,0.84793,2.0531,2.2435,19.99,0.051061,0.038762,0.030926,10370,23.02,12871,2,True,True
HD_225146,-1,17,0,lin,False,0,420.56,0.59712,1.763,2.3455,5.5572,0.011985,0.028168,0.2583,14510,23.02,12871,2,True,True
HD_225146,-1,17,0,lin,True,0,420.56,0.59712,1.763,2.3455,5.5572,0.011985,0.028168,0.2583,14510,23.02,12871,2,True,True
HD_225146,-1,18,0,log,False,0,379.85,0.70557,1.9529,2.0598,28.505,0.044199,0.032099,0.030185,11934,23.719,15272,2,True,True
HD_225146,-1,18,0,log,True,0,379.85,0.70557,1.9529,2.0598,28.505,0.044199,0.032099,0.030185,11934,23.719,15272,2,True,True
HD_225146,-1,18,0,lin,False,0,874.5,0.29136,1.4864,1.4343,21.162,0.0107,0.025719,0.39006,13397,23.719,15272,2,True,True
HD_225146,-1,18,0,lin,True,0,874.5,0.29136,1.4864,1.4343,21.162,0.0107,0.025719,0.39006,13397,23.719,15272,2,True,True
HD_225146,-1,57,0,log,False,0,496.82,0.39561,1.5393,0.71752,50.098,0.036803,0.020707,0.027993,16785,28.759,17988,2,True,True
HD_225146,-1,57,0,log,True,0,496.82,0.39561,1.5393,0.71752,50.098,0.036803,0.020707,0.027993,16785,28.759,17988,2,True,True
HD_225146,-1,57,0,lin,False,0,846.65,0.19752,1.2137,1e-07,22.287,0.0084293,0.015206,0.25917,21266,28.759,17988,2,True,True
HD_225146,-1,57,0,lin,True,0,846.65,0.19752,1.2137,1e-07,22.287,0.0084293,0.015206,0.25917,21266,28.759,17988,2,True,True
HD_225146,-1,58,0,log,False,0,276.64,0.67291,1.7675,0.83905,19.938,0.042745,0.024233,0.019662,16042,27.716,19061,2,True,True
HD_225146,-1,58,0,log,True,0,276.64,0.67291,1.7675,0.83905,19.938,0.042745,0.024233,0.019662,16042,27.716,19061,2,True,True
HD_225146,-1,58,0,lin,False,0,273.39,0.81117,1.8299,0.96274,2.5797,0.011639,0.023839,0.16448,19781,27.716,19061,2,True,True
HD_225146,-1,58,0,lin,True,0,273.39,0.81117,1.8299,0.96274,2.5797,0.011639,0.023839,0.16448,19781,27.716,19061,2,True,True
HD_225160,-1,84,0,log,False,0,294.33,0.95541,1.8207,1.0663,17.969,0.052776,0.026006,0.030218,15637,25.75,16717,2,True,True
HD_225160,-1,84,0,log,True,0,294.33,0.95541,1.8207,1.0663,17.969,0.052776,0.026006,0.030218,15637,25.75,16717,2,True,True
HD_225160,-1,84,0,lin,False,0,324.44,1.0752,1.8129,0.69751,3.8209,0.019513,0.031489,0.31772,14566,25.75,16717,2,True,True
HD_225160,-1,84,0,lin,True,0,324.44,1.0752,1.8129,0.69751,3.8209,0.019513,0.031489,0.31772,14566,25.75,16717,2,True,True
HD_225160,-1,85,0,log,False,0,286.28,1.385,2.24,2.247,13.967,0.05524,0.034619,0.032604,14380,25.489,12518,2,True,True
HD_225160,-1,85,0,log,True,0,286.28,1.385,2.24,2.247,13.967,0.05524,0.034619,0.032604,14380,25.489,12518,2,True,True
HD_225160,-1,85,0,lin,False,0,346.17,1.3196,2.1456,2.5014,3.4244,0.018547,0.037524,0.34054,14971,25.489,12518,2,True,True
HD_225160,-1,85,0,lin,True,0,346.17,1.3196,2.1456,2.5014,3.4244,0.018547,0.037524,0.34054,14971,25.489,12518,2,True,True
HD_228841,-1,14,0,log,False,0,16.64,4.3461,1.5919,0.053567,0.61174,0.20822,0.046851,0.037884,12909,26.85,13812,2,True,True
HD_228841,-1,14,0,log,True,0,16.64,4.3461,1.5919,0.053567,0.61174,0.20822,0.046851,0.037884,12909,26.85,13812,2,True,True
HD_228841,-1,14,0,lin,False,0,20.871,3.9192,1.5171,0.054314,0.34094,0.088056,0.043355,0.10305,11206,26.85,13812,2,True,True
HD_228841,-1,14,0,lin,True,0,20.871,3.9192,1.5171,0.054314,0.34094,0.088056,0.043355,0.10305,11206,26.85,13812,2,True,True
HD_228841,-1,15,0,log,False,0,15.77,5.2493,1.8475,0.22807,0.55224,0.21648,0.056617,0.035722,10746,23.008,13207,2,True,True
HD_228841,-1,15,0,log,True,1,13.171,6.2905,2.0342,0.28557,0.40967,0.216,0.062058,0.031804,10724,23.008,13207,2,True,True
HD_228841,-1,15,0,lin,False,0,20.496,4.5475,1.8363,0.44558,0.33226,0.094999,0.058295,0.10285,8819.5,23.008,13207,2,True,True
HD_228841,-1,15,0,lin,True,0,20.496,4.5475,1.8363,0.44558,0.33226,0.094999,0.058295,0.10285,8819.5,23.008,13207,2,True,True
HD_228841,-1,41,0,log,False,0,12.958,5.1557,1.8553,0.17784,0.40418,0.18864,0.049544,0.024583,13249,26.589,18322,2,True,True
HD_228841,-1,41,0,log,True,0,12.958,5.1557,1.8553,0.17784,0.40418,0.18864,0.049544,0.024583,13249,26.589,18322,2,True,True
HD_228841,-1,41,0,lin,False,0,14.853,5.2574,2.1076,0.45532,0.18567,0.079585,0.056259,0.06113,11561,26.589,18322,2,True,True
HD_228841,-1,41,0,lin,True,0,14.853,5.2574,2.1076,0.45532,0.18567,0.079585,0.056259,0.06113,11561,26.589,18322,2,True,True
HD_228841,-1,55,0,log,False,0,11.406,5.4984,1.8976,0.17507,0.35621,0.19852,0.053031,0.023692,12763,27.162,18882,2,True,True
HD_228841,-1,55,0,log,True,0,11.406,5.4984,1.8976,0.17507,0.35621,0.19852,0.053031,0.023692,12763,27.162,18882,2,True,True
HD_228841,-1,55,0,lin,False,0,13.499,5.4687,2.0222,0.35512,0.17932,0.087131,0.056307,0.062605,11300,27.162,18882,2,True,True
HD_228841,-1,55,0,lin,True,0,13.499,5.4687,2.0222,0.35512,0.17932,0.087131,0.056307,0.062605,11300,27.162,18882,2,True,True
HD_229232,-1,41,0,log,False,0,17.056,4.4057,1.8912,0.23307,0.56567,0.16724,0.046578,0.022883,13475,26.589,18321,2,True,True
HD_229232,-1,41,0,log,True,2,14.104,5.2133,2.0194,0.24677,0.42574,0.17355,0.050504,0.021168,13392,26.589,18321,2,True,True
HD_229232,-1,41,0,lin,False,0,24.763,3.5031,1.9458,0.56123,0.48012,0.092745,0.073358,0.1128,6620.7,26.589,18321,2,True,True
HD_229232,-1,41,0,lin,True,2,18.529,4.5829,1.6992,0.0045601,0.25775,0.082384,0.044576,0.084112,12222,26.589,18321,2,True,True
HD_229232,-1,55,0,log,False,0,16.094,4.1842,1.8547,0.20856,0.54688,0.16458,0.045416,0.020936,13656,27.161,18881,2,True,True
HD_229232,-1,55,0,log,True,2,12.352,5.4633,2.0886,0.2526,0.35366,0.16898,0.051142,0.018232,13756,27.161,18881,2,True,True
HD_229232,-1,55,0,lin,False,0,23.649,3.3298,2.0723,0.69182,0.46655,0.088968,0.081708,0.10175,6075.1,27.161,18881,2,True,True
HD_229232,-1,55,0,lin,True,2,16.985,4.5071,1.665,1.0004e-07,0.23699,0.081838,0.043294,0.077072,12529,27.161,18881,2,True,True
HD_229232,-1,75,0,log,False,0,10.986,6.3157,2.2548,0.23802,0.28581,0.16872,0.054006,0.016437,14245,27.697,19471,2,True,True
HD_229232,-1,75,0,log,True,2,9.2218,7.29,2.5003,0.29043,0.22224,0.16951,0.061852,0.014839,13665,27.697,19471,2,True,True
HD_229232,-1,75,0,lin,False,0,16.187,4.8687,1.8427,0.14055,0.28045,0.10616,0.063111,0.092382,8642.3,27.697,19471,2,True,True
HD_229232,-1,75,0,lin,True,1,14.701,5.2936,1.7488,1e-07,0.2326,0.10222,0.053692,0.085386,10576,27.697,19471,2,True,True
HD_229232,-1,81,0,log,False,0,15.818,4.6881,1.9458,0.18675,0.4939,0.16398,0.045741,0.020189,14188,26.624,18410,2,True,True
HD_229232,-1,81,0,log,True,1,14.425,5.0361,1.9599,0.17221,0.43959,0.17189,0.047478,0.020652,14015,26.624,18410,2,True,True
HD_229232,-1,81,0,lin,False,0,20.616,4.0248,1.8062,0.23409,0.2999,0.078479,0.050193,0.083508,10714,26.624,18410,2,True,True
HD_229232,-1,81,0,lin,True,1,19.874,3.9503,1.5821,1e-07,0.28612,0.077807,0.040682,0.084843,12499,26.624,18410,2,True,True
HD_24912,-1,59,0,log,False,0,1745.6,2.9711,2.1784,10.167,58.876,0.092082,0.032929,0.482,17138,25.004,16330,2,True,True
HD_24912,-1,59,0,log,True,0,1745.6,2.9711,2.1784,10.167,58.876,0.092082,0.032929,0.482,17138,25.004,16330,2,True,True
HD_24912,-1,59,0,lin,False,0,2510.8,2.1289,1.6554,1.0017e-07,33.453,0.044013,0.035746,5.3752,12677,25.004,16330,2,True,True
HD_24912,-1,59,0,lin,True,0,2510.8,2.1289,1.6554,1.0017e-07,33.453,0.044013,0.035746,5.3752,12677,25.004,16330,2,True,True
HD_24912,-1,86,0,log,False,0,2861.1,2.4875,2.1736,32.021,110.84,0.089046,0.037803,0.8459,14945,26.563,11338,2,True,True
HD_24912,-1,86,0,log,True,0,2861.1,2.4875,2.1736,32.021,110.84,0.089046,0.037803,0.8459,14945,26.563,11338,2,True,True
HD_24912,-1,86,0,lin,False,0,4534.5,1.6807,1.9141,48.494,52.613,0.029089,0.037579,6.4613,13564,26.563,11338,2,True,True
HD_24912,-1,86,0,lin,True,0,4534.5,1.6807,1.9141,48.494,52.613,0.029089,0.037579,6.4613,13564,26.563,11338,2,True,True
HD_26912,-1,5,0,log,False,0,4299.7,0.50461,2.7086,36.311,370.84,0.0289,0.065441,0.26044,7830.4,25.622,17218,2,True,True
HD_26912,-1,5,0,log,True,2,4583.5,0.315,1.9028,22.681,550.81,0.029544,0.034782,0.2114,9781.1,25.622,17218,2,True,True
HD_26912,-1,5,0,lin,False,0,4733.1,0.62571,30,60.597,35.437,0.0018411,2.3058,3.7997,10982,25.622,17218,2,True,True
HD_26912,-1,5,0,lin,True,40,4619.8,0.63465,30,55.336,32.307,0.0017465,2.1566,3.494,11921,25.622,17218,2,True,True
HD_26912,-1,32,0,log,False,0,10929,0.17396,1.6572,14.866,2354.2,0.028768,0.026596,0.23249,11032,25.997,17158,2,True,True
HD_26912,-1,32,0,log,True,2,8296.5,0.19134,1.8261,13.083,1635.7,0.0269,0.030039,0.15095,10301,25.997,17158,2,True,True
HD_26912,-1,32,0,lin,False,0,4833.1,0.67662,12.534,43.168,33.053,0.0027285,0.53595,3.3857,13340,25.997,17158,2,True,True
HD_26912,-1,32,0,lin,True,40,4816.2,0.67449,13.62,32.131,31.239,0.0024846,0.58094,3.234,13999,25.997,17158,2,True,True
HD_26912,-1,70,0,log,False,0,5398.6,0.45422,1.4938,9.2144,556.01,0.045822,0.023561,0.48657,13812,24.169,15693,2.0002,True,True
HD_26912,-1,70,0,log,True,1,4701.2,0.39281,1.4571,5.5174,522.77,0.042682,0.022123,0.36465,14358,24.169,15693,2.0002,True,True
HD_26912,-1,70,0,lin,False,0,5386.7,0.61949,30,98.056,44.104,0.0019918,2.5195,4.7008,9609.2,24.169,15693,2.0002,True,True
HD_26912,-1,70,0,lin,True,40,5119.8,0.61924,30,91.406,36.914,0.0017532,2.2186,3.9336,11229,24.169,15693,2.0002,True,True
HD_26912,-1,71,0,log,False,0,7828,0.20017,1.3746,10.942,1442.4,0.035202,0.023103,0.43407,12337,24,15181,2,True,True
HD_26912,-1,71,0,log,True,2,5799.4,0.20528,1.397,10.888,1118.1,0.037548,0.025802,0.36027,10883,24,15181,2,True,True
HD_26912,-1,71,0,lin,False,0,4407.8,0.74841,8.0509,58.239,45.584,0.0056152,0.39586,4.571,8402.6,24,15181,2,True,True
HD_26912,-1,71,0,lin,True,40,4342.5,0.78283,6.6225,43.984,45.539,0.0065325,0.28984,4.4762,8665.5,24,15181,2,True,True
HD_27563,-1,5,0,log,False,0,1624.5,0.13402,1.4119,3.1488,457.23,0.033593,0.027917,0.069585,9628.2,25.74,17364,2,False,True
HD_27563,-1,5,0,log,True,0,1624.5,0.13402,1.4119,3.1488,457.23,0.033593,0.027917,0.069585,9628.2,25.74,17364,2,False,True
HD_27563,-1,5,0,lin,False,0,905.03,0.50936,4.4462,8.6296,9.2218,0.0047415,0.12995,0.57905,11297,25.74,17364,2,True,True
HD_27563,-1,5,0,lin,True,40,901.83,0.50526,4.5662,6.703,8.9359,0.0045094,0.13251,0.56423,11554,25.74,17364,2,True,True
HD_27563,-1,32,0,log,False,0,1674.6,0.19306,1.6507,3.0138,305.1,0.027775,0.025646,0.042759,11634,25.95,17225,2,True,True
HD_27563,-1,32,0,log,True,1,890.44,0.23424,1.3538,1.4554,136.52,0.035787,0.02198,0.061541,13812,25.95,17225,2,True,True
HD_27563,-1,32,0,lin,False,0,1269.6,0.40417,11.636,9.6261,10.202,0.0018466,0.51742,0.72864,11466,25.95,17225,2,True,True
HD_27563,-1,32,0,lin,True,40,1282,0.39598,14.245,6.6557,9.3419,0.0014954,0.64977,0.68227,12460,25.95,17225,2,True,True
HD_28446,-1,19,0,log,False,0,286.89,3.1157,2.0542,4.5405,10.64,0.11825,0.042659,0.16944,13290,24.986,16787,2,True,True
HD_28446,-1,19,0,log,True,1,306.48,2.7011,1.9031,3.7788,12.437,0.117,0.039611,0.17794,13328,24.986,16787,2,True,True
HD_28446,-1,19,0,lin,False,0,485.8,1.7238,1.3265,1e-07,10.152,0.061967,0.037991,1.5266,9701.4,24.986,16787,2,True,True
HD_28446,-1,19,0,lin,True,1,514.08,1.4623,1.3088,1e-07,8.7988,0.044116,0.029077,1.1339,12748,24.986,16787,2,True,True
HD_28446,-1,59,0,log,False,0,294,3.3654,2.0582,1.2539,10.13,0.11469,0.035474,0.12843,16125,24.932,16248,2,True,True
HD_28446,-1,59,0,log,True,1,313.72,2.9074,1.9003,0.83772,11.941,0.1151,0.033763,0.14277,15841,24.932,16248,2,True,True
HD_28446,-1,59,0,lin,False,0,433.87,2.4716,1.6633,1.0007e-07,6.5107,0.056293,0.041874,1.2007,10856,24.932,16248,2,True,True
HD_28446,-1,59,0,lin,True,1,440.61,2.2533,1.7362,1.5388,5.3665,0.041597,0.03564,0.88771,13248,24.932,16248,2,True,True
HD_28446,-1,73,0,log,False,0,256.45,4.0736,2.178,1.9253,8.019,0.12476,0.039854,0.14242,16188,26.849,12109,2,True,True
HD_28446,-1,73,0,log,True,1,262.76,3.5747,1.9917,1.269,8.7746,0.12388,0.036453,0.15051,16470,26.849,12109,2,True,True
HD_28446,-1,73,0,lin,False,0,312.65,4.1272,1.9904,1.0007e-07,4.3248,0.074751,0.055495,1.1694,10536,26.849,12109,2,True,True
HD_28446,-1,73,0,lin,True,1,332.3,3.2506,1.8389,0.49331,3.7398,0.051435,0.038567,0.84378,14184,26.849,12109,2,True,True
HD_28446,-1,86,0,log,False,0,319.62,4.2016,2.5771,6.8259,9.5139,0.11049,0.050025,0.15789,14436,26.565,9687,2,True,True
HD_28446,-1,86,0,log,True,1,398.68,2.712,1.9696,5.5641,15.991,0.113,0.040615,0.21489,13535,26.565,9687,2,True,True
HD_28446,-1,86,0,lin,False,0,526.79,2.779,1.6893,1e-07,7.7171,0.060302,0.04286,1.5752,11211,26.565,9687,2,True,True
HD_28446,-1,86,0,lin,True,1,515.79,2.4085,2.0795,10.786,5.4987,0.036144,0.042248,0.90255,13724,26.565,9687,2,True,True
HD_303492,-1,10,0,log,False,0,451.97,0.44192,2.0924,1.3794,43.355,0.030608,0.032305,0.014546,11820,25.374,16455,2,True,True
HD_303492,-1,10,0,log,True,0,451.97,0.44192,2.0924,1.3794,43.355,0.030608,0.032305,0.014546,11820,25.374,16455,2,True,True
HD_303492,-1,10,0,lin,False,0,382.54,0.73588,4.7627,2.8894,2.8103,0.004992,0.11326,0.23907,15019,25.374,16455,2,True,True
HD_303492,-1,10,0,lin,True,18,381.92,0.73616,4.8786,2.4651,2.7672,0.004869,0.11662,0.2375,15119,25.374,16455,2,True,True
HD_326331,-1,12,0,log,False,0,145.21,2.6375,2.1358,2.8638,5.7703,0.10264,0.044592,0.06799,12321,24.6,14864,2,True,True
HD_326331,-1,12,0,log,True,0,145.21,2.6375,2.1358,2.8638,5.7703,0.10264,0.044592,0.06799,12321,24.6,14864,2,True,True
HD_326331,-1,12,0,lin,False,0,238.82,1.5786,1.4968,0.90012,3.2872,0.036083,0.029346,0.41931,13571,24.6,14864,2,True,True
HD_326331,-1,12,0,lin,True,0,238.82,1.5786,1.4968,0.90012,3.2872,0.036083,0.029346,0.41931,13571,24.6,14864,2,True,True
HD_34078,-1,19,0,log,False,0,1279.6,0.025372,1.2569,2.4672,2348.7,0.040502,0.045471,0.037381,4183.1,24.922,16703,2,False,True
HD_34078,-1,19,0,log,True,0,1279.6,0.025372,1.2569,2.4672,2348.7,0.040502,0.045471,0.037381,4183.1,24.922,16703,2,False,True
HD_34078,-1,19,0,lin,False,0,178.42,0.23603,1.6855,3.2699,3.6689,0.0064822,0.023975,0.047628,17079,24.922,16703,2,True,True
HD_34078,-1,19,0,lin,True,0,178.42,0.23603,1.6855,3.2699,3.6689,0.0064822,0.023975,0.047628,17079,24.922,16703,2,True,True
HD_34078,-1,43,0,log,False,0,3274.8,0.02,1.2726,1.5597,7151.8,0.036272,0.031264,0.03274,7209.1,24.327,16261,2.0002,False,True
HD_34078,-1,43,0,log,True,0,3274.8,0.02,1.2726,1.5597,7151.8,0.036272,0.031264,0.03274,7209.1,24.327,16261,2.0002,False,True
HD_34078,-1,43,0,lin,False,0,2579.6,0.056666,1.7575,2.8449,235.64,0.0041655,0.020708,0.091606,22242,24.327,16261,2.0002,False,True
HD_34078,-1,43,0,lin,True,0,2579.6,0.056666,1.7575,2.8449,235.64,0.0041655,0.020708,0.091606,22242,24.327,16261,2.0002,False,True
HD_34078,-1,44,0,log,False,0,495.48,0.037115,1.0729,1.2622,453.81,0.03661,0.036855,0.040176,5991.4,24.241,16236,2.0002,False,True
HD_34078,-1,44,0,log,True,0,495.48,0.037115,1.0729,1.2622,453.81,0.03661,0.036855,0.040176,5991.4,24.241,16236,2.0002,False,True
HD_34078,-1,44,0,lin,False,0,111.44,0.3619,1.8719,2.3877,1.7211,0.0076764,0.029709,0.044401,15149,24.241,16236,2.0002,True,True
HD_34078,-1,44,0,lin,True,0,111.44,0.3619,1.8719,2.3877,1.7211,0.0076764,0.029709,0.044401,15149,24.241,16236,2.0002,True,True
HD_34078,-1,45,0,log,False,0,133.58,0.20485,1.3092,2.6285,32.166,0.056318,0.052216,0.042518,4058.6,24.59,16148,2,True,True
HD_34078,-1,45,0,log,True,0,133.58,0.20485,1.3092,2.6285,32.166,0.056318,0.052216,0.042518,4058.6,24.59,16148,2,True,True
HD_34078,-1,45,0,lin,False,0,97.818,0.46175,9.0961,4.3186,0.74369,0.0022765,0.33398,0.055447,12452,24.59,16148,2,True,True
HD_34078,-1,45,0,lin,True,10,97.488,0.46334,10.021,3.9876,0.64727,0.0019128,0.34298,0.049483,14163,24.59,16148,2,True,True
HD_34656,-1,19,0,log,False,0,172.31,3.2752,2.2846,3.1605,5.7964,0.10386,0.043679,0.078718,13956,24.922,16697,2,True,True
HD_34656,-1,19,0,log,True,0,172.31,3.2752,2.2846,3.1605,5.7964,0.10386,0.043679,0.078718,13956,24.922,16697,2,True,True
HD_34656,-1,19,0,lin,False,0,255.88,2.3826,1.6955,0.59255,3.5199,0.049717,0.039237,0.62064,11748,24.922,16697,2,True,True
HD_34656,-1,19,0,lin,True,0,255.88,2.3826,1.6955,0.59255,3.5199,0.049717,0.039237,0.62064,11748,24.922,16697,2,True,True
HD_34656,-1,86,0,log,False,0,230.83,3.0106,2.3923,3.3682,7.2949,0.083998,0.038641,0.067024,16369,26.566,11790,2,True,True
HD_34656,-1,86,0,log,True,0,230.83,3.0106,2.3923,3.3682,7.2949,0.083998,0.038641,0.067024,16369,26.566,11790,2,True,True
HD_34656,-1,86,0,lin,False,0,264.1,3.1522,2.6102,4.6733,2.3537,0.035309,0.053382,0.46275,14503,26.566,11790,2,True,True
HD_34656,-1,86,0,lin,True,0,264.1,3.1522,2.6102,4.6733,2.3537,0.035309,0.053382,0.46275,14503,26.566,11790,2,True,True
HD_34816,-1,5,0,log,False,0,301.04,0.87859,1.8549,5.1391,22.28,0.063358,0.044083,0.074383,8791.8,25.727,17301,2,True,True
HD_34816,-1,5,0,log,True,2,169.55,0.62466,1.337,2.4463,16.861,0.078378,0.03715,0.081725,8846.2,25.727,17301,2,True,True
HD_34816,-1,5,0,lin,False,0,412.35,1.3766,5.5185,9.4252,8.4732,0.025282,0.43327,1.1222,3218.6,25.727,17301,2,True,True
HD_34816,-1,5,0,lin,True,2,426.8,0.18003,1.0315,1.7103,16.944,0.012989,0.017495,0.21882,16197,25.727,17301,2,True,True
HD_34816,-1,32,0,log,False,0,295.51,1.1337,2.2908,4.139,16.514,0.052409,0.044943,0.043769,11051,25.893,17589,2,True,True
HD_34816,-1,32,0,log,True,3,219.96,0.31417,1.2432,2.5055,34.978,0.061465,0.037337,0.074726,7492.2,25.893,17589,2,True,True
HD_34816,-1,32,0,lin,False,0,412.34,1.3971,5.2725,7.4082,8.5051,0.026328,0.40227,1.1227,3257.5,25.893,17589,2,True,True
HD_34816,-1,32,0,lin,True,3,537.44,0.12106,1.1317,3.0132,31.116,0.0109,0.02109,0.18144,13834,25.893,17589,2,False,True
HD_34816,-1,98,0,log,False,0,248.02,1.0562,1.6628,2.9022,11.222,0.051143,0.024075,0.051887,24625,57.372,28405,2,True,True
HD_34816,-1,98,0,log,True,3,215.97,0.28363,1.1841,1.7052,24.536,0.040553,0.023055,0.047166,18661,57.372,28405,2,True,True
HD_34816,-1,98,0,lin,False,0,309.12,1.5727,4.0012,7.5769,4.4116,0.023479,0.17241,0.57848,7772.7,57.372,28405,2,True,True
HD_34816,-1,98,0,lin,True,3,284.45,0.27269,1.2596,2.5166,6.3768,0.010212,0.016986,0.11565,27048,57.372,28405,2,True,True
HD_35468,-1,6,0,log,False,0,2062.7,0.70294,1.8336,51.259,197.75,0.067066,0.058076,0.67231,5428.6,21.772,14543,2,True,True
HD_35468,-1,6,0,log,True,0,2062.7,0.70294,1.8336,51.259,197.75,0.067066,0.058076,0.67231,5428.6,21.772,14543,2,True,True
HD_35468,-1,6,0,lin,False,0,3539.5,0.46565,1.8042,67.872,59.161,0.01136,0.033787,2.0838,11957,21.772,14543,2,True,True
HD_35468,-1,6,0,lin,True,0,3539.5,0.46565,1.8042,67.872,59.161,0.01136,0.033787,2.0838,11957,21.772,14543,2,True,True
HD_35468,-1,32,0,log,False,0,4489.1,0.19602,1.2455,61.252,1046.8,0.053338,0.043263,1.2475,5475.5,25.914,16946,2,True,True
HD_35468,-1,32,0,log,True,0,4489.1,0.19602,1.2455,61.252,1046.8,0.053338,0.043263,1.2475,5475.5,25.914,16946,2,True,True
HD_35468,-1,32,0,lin,False,0,3702.6,0.34921,1.5988,88.675,69.053,0.0097548,0.025461,1.6374,15236,25.914,16946,2,True,True
HD_35468,-1,32,0,lin,True,0,3702.6,0.34921,1.5988,88.675,69.053,0.0097548,0.025461,1.6374,15236,25.914,16946,2,True,True
HD_35468,-1,98,0,log,False,0,1738.1,0.66474,1.6927,59.929,112.64,0.04683,0.038227,0.51509,11804,52.717,27893,2,True,True
HD_35468,-1,98,0,log,True,0,1738.1,0.66474,1.6927,59.929,112.64,0.04683,0.038227,0.51509,11804,52.717,27893,2,True,True
HD_35468,-1,98,0,lin,False,0,3433.6,0.31805,1.3908,67.486,58.013,0.0086232,0.016688,1.2327,28978,52.717,27893,2,True,True
HD_35468,-1,98,0,lin,True,0,3433.6,0.31805,1.3908,67.486,58.013,0.0086232,0.016688,1.2327,28978,52.717,27893,2,True,True
HD_35912,-1,6,0,log,False,0,185.46,1.1541,2.3225,2.9605,11.911,0.061515,0.055105,0.034887,8240.8,21.772,14681,2,True,True
HD_35912,-1,6,0,log,True,13,126.68,1.1981,1.9172,1.3876,8.1265,0.072686,0.039876,0.028533,10066,21.772,14681,2,True,True
HD_35912,-1,6,0,lin,False,0,317.43,1.2661,18.138,5.9731,3.735,0.0077108,1.7275,0.57784,5852.2,21.772,14681,2,True,True
HD_35912,-1,6,0,lin,True,29,318.79,1.2686,18.038,4.786,3.6861,0.007612,1.683,0.57059,6006.2,21.772,14681,2,True,True
HD_35912,-1,32,0,log,False,0,236.37,0.89478,2.0387,1.5263,16.459,0.052002,0.035882,0.023875,11806,25.902,17155,2,True,True
HD_35912,-1,32,0,log,True,12,189.87,0.96705,2.046,1.2607,12.153,0.052032,0.034366,0.019711,12632,25.902,17155,2,True,True
HD_35912,-1,32,0,lin,False,0,275.56,1.2814,15.147,4.5324,2.2865,0.0059783,0.91705,0.34932,10174,25.902,17155,2,True,True
HD_35912,-1,32,0,lin,True,40,275.57,1.2855,15.832,3.4547,2.2246,0.0057185,0.95699,0.34217,10484,25.902,17155,2,True,True
HD_35912,-1,98,0,log,False,0,189.52,0.90214,1.6273,1.7801,9.6599,0.048638,0.023598,0.034195,23122,52.354,27210,2,True,True
HD_35912,-1,98,0,log,True,6,99.698,1.0875,1.7108,1.3227,4.6149,0.053003,0.026187,0.021695,21907,52.354,27210,2,True,True
HD_35912,-1,98,0,lin,False,0,226.45,1.2969,11.287,6.24,1.7447,0.0064208,0.53211,0.25801,14717,52.354,27210,2,True,True
HD_35912,-1,98,0,lin,True,40,226.01,1.321,10.163,5.6432,1.6912,0.006665,0.43635,0.24861,15622,52.354,27210,2,True,True
HD_36483,-1,86,0,log,False,0,18.19,2.8582,1.6683,0.46851,0.77911,0.15296,0.046199,0.024117,11252,26.566,11801,2,True,True
HD_36483,-1,86,0,log,True,0,18.19,2.8582,1.6683,0.46851,0.77911,0.15296,0.046199,0.024117,11252,26.566,11801,2,True,True
HD_36483,-1,86,0,lin,False,0,24.332,2.2896,1.4696,0.43803,0.34963,0.052434,0.032704,0.064651,13256,26.566,11801,2,True,True
HD_36483,-1,86,0,lin,True,0,24.332,2.2896,1.4696,0.43803,0.34963,0.052434,0.032704,0.064651,13256,26.566,11801,2,True,True
HD_36512,-1,6,0,log,False,0,63.015,0.30985,1.3948,3.1485,13.157,0.07871,0.078473,0.044319,2255.1,21.772,14607,2,True,True
HD_36512,-1,6,0,log,True,1,54.542,0.38525,1.4876,3.1314,9.3907,0.079357,0.08093,0.039915,2354.2,21.772,14607,2,True,True
HD_36512,-1,6,0,lin,False,0,56.175,0.46693,1.6967,3.9984,1.509,0.018957,0.048012,0.052644,7139.1,21.772,14607,2,True,True
HD_36512,-1,6,0,lin,True,1,56.451,0.46765,1.6844,3.8467,1.3091,0.016461,0.040878,0.045712,8730.7,21.772,14607,2,True,True
HD_36512,-1,32,0,log,False,0,44.9,0.41593,1.1863,2.0955,7.1027,0.095462,0.057686,0.048455,4027.9,25.895,17596,2,True,True
HD_36512,-1,32,0,log,True,1,42.114,0.46558,1.2285,2.1166,6.1441,0.097042,0.058808,0.045683,4011,25.895,17596,2,True,True
HD_36512,-1,32,0,lin,False,0,53.191,0.40001,1.1823,2.5057,1.6238,0.022434,0.026273,0.05289,11364,25.895,17596,2,True,True
HD_36512,-1,32,0,lin,True,1,52.874,0.40516,1.1898,2.4906,1.5673,0.022004,0.025938,0.051604,11592,25.895,17596,2,True,True
HD_36512,-1,98,0,log,False,0,42.316,0.64745,1.6744,1.8062,2.8554,0.048721,0.041496,0.014881,10547,57.373,28408,2,True,True
HD_36512,-1,98,0,log,True,1,39.571,0.71658,1.7543,1.8079,2.4254,0.047946,0.042494,0.013764,10944,57.373,28408,2,True,True
HD_36512,-1,98,0,lin,False,0,80.962,0.28339,1.2235,1.865,1.7016,0.010215,0.015583,0.033489,29283,57.373,28408,2,True,True
HD_36512,-1,98,0,lin,True,1,80.016,0.29041,1.2327,1.8168,1.5652,0.0097291,0.014899,0.031679,30957,57.373,28408,2,True,True
HD_36861,-1,6,0,log,False,0,1379.3,3.3278,1.7696,9.2731,56.802,0.15941,0.04328,1.4081,11885,21.772,14569,2,True,True
HD_36861,-1,6,0,log,True,0,1379.3,3.3278,1.7696,9.2731,56.802,0.15941,0.04328,1.4081,11885,21.772,14569,2,True,True
HD_36861,-1,6,0,lin,False,0,2574.3,1.4013,1.1939,1e-07,49.319,0.049236,0.028099,6.5286,11960,21.772,14569,2,True,True
HD_36861,-1,6,0,lin,True,0,2574.3,1.4013,1.1939,1e-07,49.319,0.049236,0.028099,6.5286,11960,21.772,14569,2,True,True
HD_36861,-1,98,0,log,False,0,805.31,2.6609,1.6361,28.168,27.201,0.11483,0.036357,0.87726,18987,52.716,27888,2,True,True
HD_36861,-1,98,0,log,True,0,805.31,2.6609,1.6361,28.168,27.201,0.11483,0.036357,0.87726,18987,52.716,27888,2,True,True
HD_36861,-1,98,0,lin,False,0,2865.8,0.30735,0.83628,1e-07,101.33,0.024759,0.017121,3.744,24580,52.716,27888,2,True,True
HD_36861,-1,98,0,lin,True,0,2865.8,0.30735,0.83628,1e-07,101.33,0.024759,0.017121,3.744,24580,52.716,27888,2,True,True
HD_36879,-1,43,0,log,False,0,131.42,1.8585,2.0168,1.0577,5.8955,0.07798,0.033473,0.029751,14457,24.358,16298,2.0002,True,True
HD_36879,-1,43,0,log,True,0,131.42,1.8585,2.0168,1.0577,5.8955,0.07798,0.033473,0.029751,14457,24.358,16298,2.0002,True,True
HD_36879,-1,43,0,lin,False,0,222.75,1.0638,1.4939,1e-07,3.2018,0.02588,0.027319,0.27692,13731,24.358,16298,2.0002,True,True
HD_36879,-1,43,0,lin,True,0,222.75,1.0638,1.4939,1e-07,3.2018,0.02588,0.027319,0.27692,13731,24.358,16298,2.0002,True,True
HD_36879,-1,44,0,log,False,0,107.69,2.453,2.2401,0.85799,4.0527,0.081151,0.034744,0.023283,15620,24.252,16245,2.0002,True,True
HD_36879,-1,44,0,log,True,0,107.69,2.453,2.2401,0.85799,4.0527,0.081151,0.034744,0.023283,15620,24.252,16245,2.0002,True,True
HD_36879,-1,44,0,lin,False,0,161.87,1.6697,1.68,1e-07,1.9448,0.031654,0.031248,0.24732,13967,24.252,16245,2.0002,True,True
HD_36879,-1,44,0,lin,True,0,161.87,1.6697,1.68,1e-07,1.9448,0.031654,0.031248,0.24732,13967,24.252,16245,2.0002,True,True
HD_36879,-1,45,0,log,False,0,129.44,1.9933,2.0195,0.69636,5.6279,0.080216,0.031537,0.027107,15495,24.44,15951,2,True,True
HD_36879,-1,45,0,log,True,0,129.44,1.9933,2.0195,0.69636,5.6279,0.080216,0.031537,0.027107,15495,24.44,15951,2,True,True
HD_36879,-1,45,0,lin,False,0,178.82,1.5407,1.7626,0.55031,2.1292,0.028486,0.032933,0.24716,13678,24.44,15951,2,True,True
HD_36879,-1,45,0,lin,True,0,178.82,1.5407,1.7626,0.55031,2.1292,0.028486,0.032933,0.24716,13678,24.44,15951,2,True,True
HD_36879,-1,71,0,log,False,0,96.29,2.5705,2.158,0.58732,3.5573,0.086096,0.032862,0.022779,16190,24.077,15054,2.0002,True,True
HD_36879,-1,71,0,log,True,0,96.29,2.5705,2.158,0.58732,3.5573,0.086096,0.032862,0.022779,16190,24.077,15054,2.0002,True,True
HD_36879,-1,71,0,lin,False,0,136.14,1.9406,1.8428,0.40959,1.7232,0.036925,0.039563,0.24281,11992,24.077,15054,2.0002,True,True
HD_36879,-1,71,0,lin,True,0,136.14,1.9406,1.8428,0.40959,1.7232,0.036925,0.039563,0.24281,11992,24.077,15054,2.0002,True,True
HD_36960,-1,6,0,log,False,0,92.6,0.73614,1.32,9.3507,12.12,0.14204,0.083057,0.18955,2480.4,21.772,14675,2,True,True
HD_36960,-1,6,0,log,True,0,92.6,0.73614,1.32,9.3507,12.12,0.14204,0.083057,0.18955,2480.4,21.772,14675,2,True,True
HD_36960,-1,6,0,lin,False,0,140.78,0.45511,1.131,10.619,5.8722,0.036284,0.035919,0.23477,7062.3,21.772,14675,2,True,True
HD_36960,-1,6,0,lin,True,0,140.78,0.45511,1.131,10.619,5.8722,0.036284,0.035919,0.23477,7062.3,21.772,14675,2,True,True
HD_36960,-1,32,0,log,False,0,48.826,1.3097,1.6387,6.3849,3.8453,0.13631,0.085061,0.091902,3386.5,25.902,17147,2,True,True
HD_36960,-1,32,0,log,True,2,36.876,1.5532,1.5421,6.272,2.9402,0.17574,0.091998,0.10829,2971.8,25.902,17147,2,True,True
HD_36960,-1,32,0,lin,False,0,58.784,1.4455,2.2424,8.2605,1.0725,0.036675,0.076137,0.11519,6651.9,25.902,17147,2,True,True
HD_36960,-1,32,0,lin,True,0,58.784,1.4455,2.2424,8.2605,1.0725,0.036675,0.076137,0.11519,6651.9,25.902,17147,2,True,True
HD_36960,-1,98,0,log,False,0,169.63,0.81743,1.5536,8.4078,10.54,0.062369,0.039949,0.090748,10969,52.341,27122,2,True,True
HD_36960,-1,98,0,log,True,4,90.202,1.5543,1.9739,8.705,3.792,0.074116,0.055239,0.069769,10105,52.341,27122,2,True,True
HD_36960,-1,98,0,lin,False,0,739.38,0.10539,0.97314,6.8247,46.576,0.011575,0.017957,0.30255,20829,52.341,27122,2,False,True
HD_36960,-1,98,0,lin,True,0,739.38,0.10539,0.97314,6.8247,46.576,0.011575,0.017957,0.30255,20829,52.341,27122,2,False,True
HD_37041,-1,6,0,log,False,0,50.102,2.5081,2.3993,9.6852,2.6956,0.14549,0.13122,0.10589,3224.9,21.772,14665,2,True,True
HD_37041,-1,6,0,log,True,1,50.048,2.5259,2.3995,9.5674,2.7198,0.14787,0.1323,0.1068,3183.5,21.772,14665,2,True,True
HD_37041,-1,6,0,lin,False,0,130.57,0.64252,1.0772,8.9768,5.0519,0.049671,0.036493,0.31793,7149.5,21.772,14665,2,True,True
HD_37041,-1,6,0,lin,True,0,130.57,0.64252,1.0772,8.9768,5.0519,0.049671,0.036493,0.31793,7149.5,21.772,14665,2,True,True
HD_37041,-1,32,0,log,False,0,114.54,0.69885,1.2916,8.8241,14.076,0.12591,0.069566,0.1888,3401.6,25.885,17126,2,True,True
HD_37041,-1,32,0,log,True,0,114.54,0.69885,1.2916,8.8241,14.076,0.12591,0.069566,0.1888,3401.6,25.885,17126,2,True,True
HD_37041,-1,32,0,lin,False,0,211.3,0.32106,1.0685,9.9068,9.2779,0.027044,0.028911,0.25299,9472.2,25.885,17126,2,True,True
HD_37041,-1,32,0,lin,True,0,211.3,0.32106,1.0685,9.9068,9.2779,0.027044,0.028911,0.25299,9472.2,25.885,17126,2,True,True
HD_37041,-1,98,0,log,False,0,471.75,0.13021,0.99117,5.8974,111.26,0.043608,0.031482,0.17344,10774,52.203,27084,2,False,True
HD_37041,-1,98,0,log,True,0,471.75,0.13021,0.99117,5.8974,111.26,0.043608,0.031482,0.17344,10774,52.203,27084,2,False,True
HD_37041,-1,98,0,lin,False,0,339.29,0.31725,1.2286,8.7769,7.6394,0.012425,0.018003,0.17566,23962,52.203,27084,2,True,True
HD_37041,-1,98,0,lin,True,0,339.29,0.31725,1.2286,8.7769,7.6394,0.012425,0.018003,0.17566,23962,52.203,27084,2,True,True
HD_37042,-1,6,0,log,False,0,768.43,0.02,0.86198,9.0163,1365.2,0.049136,0.074845,0.32171,1916.5,21.772,14680,2,False,True
HD_37042,-1,6,0,log,True,0,768.43,0.02,0.86198,9.0163,1365.2,0.049136,0.074845,0.32171,1916.5,21.772,14680,2,False,True
HD_37042,-1,6,0,lin,False,0,916.8,0.02,0.87547,10.879,360.03,0.011731,0.030539,0.24456,7342.4,21.772,14680,2,False,True
HD_37042,-1,6,0,lin,True,0,916.8,0.02,0.87547,10.879,360.03,0.011731,0.030539,0.24456,7342.4,21.772,14680,2,False,True
HD_37061,-1,6,0,log,False,0,52.417,1.4219,2.2293,1.4635,3.0242,0.075204,0.058825,0.017913,7733.1,21.772,14674,2,True,True
HD_37061,-1,6,0,log,True,8,63.36,0.42249,1.4707,1.2022,8.7883,0.065345,0.048541,0.021633,5326.1,21.772,14674,2,True,True
HD_37061,-1,6,0,lin,False,0,74.323,1.5522,6.0067,2.5195,1.1414,0.020553,0.37658,0.1658,4846.1,21.772,14674,2,True,True
HD_37061,-1,6,0,lin,True,3,53.466,1.5587,3.5446,1.7857,0.72951,0.02362,0.13263,0.091901,7082.9,21.772,14674,2,True,True
HD_37061,-1,32,0,log,False,0,68.654,1.1549,2.4111,1.3321,3.9329,0.054442,0.055284,0.012831,9335.8,25.902,17152,2,True,True
HD_37061,-1,32,0,log,True,9,57.881,0.71213,1.7459,1.2573,4.9295,0.062162,0.046738,0.01699,7434.3,25.902,17152,2,True,True
HD_37061,-1,32,0,lin,False,0,86.266,1.4398,6.3771,2.1784,1.0304,0.014389,0.32312,0.14525,7263.2,25.902,17152,2,True,True
HD_37061,-1,32,0,lin,True,12,87.036,1.357,8.443,2.1086,0.97519,0.011166,0.48311,0.14097,7434,25.902,17152,2,True,True
HD_37128,-1,6,0,log,False,0,47688,0.99991,2.6198,595.12,3054.4,0.047194,0.059584,5.5802,8561.4,21.772,14682,2,True,True
HD_37128,-1,6,0,log,True,0,47688,0.99991,2.6198,595.12,3054.4,0.047194,0.059584,5.5802,8561.4,21.772,14682,2,True,True
HD_37128,-1,6,0,lin,False,0,84707,0.57588,1.9068,601.23,1048.7,0.010345,0.030478,47.75,14259,21.772,14682,2,True,True
HD_37128,-1,6,0,lin,True,0,84707,0.57588,1.9068,601.23,1048.7,0.010345,0.030478,47.75,14259,21.772,14682,2,True,True
HD_37128,-1,32,0,log,False,0,16697,1.2773,2.4371,99.046,834.07,0.047229,0.0355,1.199,14820,25.902,17122,2,True,True
HD_37128,-1,32,0,log,True,0,16697,1.2773,2.4371,99.046,834.07,0.047229,0.0355,1.199,14820,25.902,17122,2,True,True
HD_37128,-1,32,0,lin,False,0,19838,1.2546,2.6587,159.33,157.52,0.012712,0.0445,15.706,16830,25.902,17122,2,True,True
HD_37128,-1,32,0,lin,True,0,19838,1.2546,2.6587,159.33,157.52,0.012712,0.0445,15.706,16830,25.902,17122,2,True,True
HD_37128,-1,98,0,log,False,0,32726,0.85393,1.9778,214.53,1510.6,0.033644,0.022641,2.2458,26346,52.356,26636,2,True,True
HD_37128,-1,98,0,log,True,0,32726,0.85393,1.9778,214.53,1510.6,0.033644,0.022641,2.2458,26346,52.356,26636,2,True,True
HD_37128,-1,98,0,lin,False,0,30227,1.1901,2.402,298.34,188.03,0.0099257,0.028575,17.514,32423,52.356,26636,2,True,True
HD_37128,-1,98,0,lin,True,0,30227,1.1901,2.402,298.34,188.03,0.0099257,0.028575,17.514,32423,52.356,26636,2,True,True
HD_37209,-1,6,0,log,False,0,75.967,0.02,0.60978,0.70363,114.23,0.064869,0.092922,0.18772,2228.7,21.772,14682,2,False,True
HD_37209,-1,6,0,log,True,18,62.41,0.10026,1.112,1.4878,34.311,0.068651,0.072934,0.031391,2022.4,21.772,14682,2,False,True
HD_37209,-1,6,0,lin,False,0,35.484,0.34866,0.99921,1.7846,3.28,0.065325,0.058446,0.10857,3107.9,21.772,14682,2,True,True
HD_37209,-1,6,0,lin,True,16,24.12,0.69044,3.6158,2.1716,0.33254,0.010014,0.12694,0.024162,7596.9,21.772,14682,2,True,True
HD_37209,-1,98,0,log,False,0,192.04,0.02,0.79765,0.76385,182.52,0.028327,0.037023,0.049765,8674.7,52.356,27212,2,False,True
HD_37209,-1,98,0,log,True,22,191.39,0.036125,1.0814,1.2076,148.67,0.030558,0.036598,0.017812,7047.7,52.356,27212,2,False,True
HD_37209,-1,98,0,lin,False,0,32.798,0.8013,12.072,2.4213,0.2663,0.0039532,0.60749,0.030046,13667,52.356,27212,2,True,True
HD_37209,-1,98,0,lin,True,26,32.803,0.79887,12.841,2.0232,0.21912,0.0031529,0.55198,0.02491,17813,52.356,27212,2,True,True
HD_37481,-1,6,0,log,False,0,31.059,0.32054,0.92155,0.98615,8.1785,0.15095,0.069955,0.074893,3059.5,21.772,14607,2,True,True
HD_37481,-1,6,0,log,True,14,32.784,0.23587,1.1014,1.3188,9.3464,0.097183,0.071008,0.035685,2437.1,21.772,14607,2,True,True
HD_37481,-1,6,0,lin,False,0,18.142,1.5064,30,2.4946,0.22424,0.0076586,3.9883,0.039672,5197.6,21.772,14607,2,True,True
HD_37481,-1,6,0,lin,True,14,18.56,1.5081,30,2.0778,0.17374,0.0058066,3.0205,0.030755,7714.4,21.772,14607,2,True,True
HD_37481,-1,32,0,log,False,0,26.672,0.49969,0.89483,0.52893,4.7959,0.17182,0.057885,0.076882,5138.5,25.895,17602,2,True,True
HD_37481,-1,32,0,log,True,17,29.08,0.21106,0.81229,0.68819,8.6222,0.12177,0.060112,0.068272,4259.2,25.895,17602,2,True,True
HD_37481,-1,32,0,lin,False,0,18.059,1.5658,7.6414,2.3075,0.25755,0.017233,0.52418,0.039627,5273.8,25.895,17602,2,True,True
HD_37481,-1,32,0,lin,True,16,18.683,1.5774,6.2807,1.8685,0.20202,0.014408,0.28613,0.029926,8360.8,25.895,17602,2,True,True
HD_37481,-1,98,0,log,False,0,29.267,0.22629,0.80192,0.37756,5.8983,0.089541,0.040132,0.047747,10226,57.373,28409,2,True,True
HD_37481,-1,98,0,log,True,27,25.599,0.23935,1.0836,0.825,4.2018,0.057047,0.038701,0.015487,8141.8,57.373,28409,2,True,True
HD_37481,-1,98,0,lin,False,0,17.781,1.186,1.3609,1.1244,0.40609,0.047674,0.038534,0.041121,10870,57.373,28409,2,True,True
HD_37481,-1,98,0,lin,True,23,14.188,1.4899,5.2206,1.3578,0.10037,0.009689,0.136,0.013723,20362,57.373,28409,2,True,True
HD_37711,-1,6,0,log,False,0,1469.4,0.58057,1.9184,12.281,136.98,0.046454,0.040624,0.15892,8465,21.772,14593,2,True,True
HD_37711,-1,6,0,log,True,2,976.79,0.65247,1.9409,6.5549,84.547,0.047748,0.037676,0.094735,9467.6,21.772,14593,2,True,True
HD_37711,-1,6,0,lin,False,0,1792.5,0.72393,5.5716,27.359,23.754,0.0082143,0.26933,2.1094,6502.6,21.772,14593,2,True,True
HD_37711,-1,6,0,lin,True,32,1788,0.71177,7.6884,20.056,20.455,0.0060059,0.40329,1.9657,7206.7,21.772,14593,2,True,True
HD_37711,-1,43,0,log,False,0,1420.6,0.5258,1.859,8.1743,132.04,0.041473,0.033779,0.11258,10476,24.356,16281,2.0002,True,True
HD_37711,-1,43,0,log,True,0,1420.6,0.5258,1.859,8.1743,132.04,0.041473,0.033779,0.11258,10476,24.356,16281,2.0002,True,True
HD_37711,-1,43,0,lin,False,0,1484.1,0.7602,2.6367,13.88,20.981,0.013434,0.071988,1.4184,9203.3,24.356,16281,2.0002,True,True
HD_37711,-1,43,0,lin,True,0,1484.1,0.7602,2.6367,13.88,20.981,0.013434,0.071988,1.4184,9203.3,24.356,16281,2.0002,True,True
HD_37711,-1,44,0,log,False,0,1981.2,0.33435,1.6304,5.1823,246.39,0.036129,0.02625,0.10416,11880,24.253,16245,2.0002,True,True
HD_37711,-1,44,0,log,True,2,2497.1,0.23873,1.583,5.3603,399.59,0.032509,0.025889,0.10106,11351,24.253,16245,2.0002,True,True
HD_37711,-1,44,0,lin,False,0,1703,0.55344,2.2169,11.173,22.4,0.0096848,0.043445,1.0397,12641,24.253,16245,2.0002,True,True
HD_37711,-1,44,0,lin,True,0,1703,0.55344,2.2169,11.173,22.4,0.0096848,0.043445,1.0397,12641,24.253,16245,2.0002,True,True
HD_37711,-1,45,0,log,False,0,1252,0.60143,1.8525,2.9826,101.99,0.040119,0.025547,0.062526,14193,24.439,15949,2.0002,True,True
HD_37711,-1,45,0,log,True,1,1272.9,0.54794,1.8296,2.8365,114.7,0.040326,0.026339,0.061598,13411,24.439,15949,2.0002,True,True
HD_37711,-1,45,0,lin,False,0,1260.7,0.87616,2.9997,9.7817,14.266,0.011704,0.075875,1.1409,10896,24.439,15949,2.0002,True,True
HD_37711,-1,45,0,lin,True,40,1256.8,0.78592,5.6365,10.469,10.358,0.0055547,0.17253,0.97436,12294,24.439,15949,2.0002,True,True
HD_37742,-1,6,0,log,False,0,34975,0.91616,2.0762,253.61,2377.1,0.051739,0.037209,3.676,10806,21.77,14663,2,True,True
HD_37742,-1,6,0,log,True,1,33855,0.95772,2.1275,258.27,2225,0.051665,0.038175,3.5649,10830,21.77,14663,2,True,True
HD_37742,-1,6,0,lin,False,0,43102,0.81549,1.923,280.13,465.35,0.013056,0.030077,30.048,14742,21.77,14663,2,True,True
HD_37742,-1,6,0,lin,True,1,43094,0.8159,1.9244,276.6,464.53,0.013038,0.030076,30.012,14755,21.77,14663,2,True,True
HD_37742,-1,98,0,log,False,0,1260.5,0.7118,1.7324,23.69,76.096,0.043787,0.031455,0.24209,15878,52.355,27134,2,True,True
HD_37742,-1,98,0,log,True,0,1260.5,0.7118,1.7324,23.69,76.096,0.043787,0.031455,0.24209,15878,52.355,27134,2,True,True
HD_37742,-1,98,0,lin,False,0,1488.6,0.70929,1.7313,28.688,16.126,0.011927,0.023584,0.8932,25333,52.355,27134,2,True,True
HD_37742,-1,98,0,lin,True,0,1488.6,0.70929,1.7313,28.688,16.126,0.011927,0.023584,0.8932,25333,52.355,27134,2,True,True
HD_38666,-1,5,0,log,False,0,32.704,3.3656,1.923,1.8101,1.3186,0.1577,0.059948,0.049813,9015.1,25.775,17391,2,True,True
HD_38666,-1,5,0,log,True,5,27.921,3.684,2.12,2.0151,1.0416,0.15129,0.066959,0.041966,8624.4,25.775,17391,2,True,True
HD_38666,-1,5,0,lin,False,0,52.018,2.3312,1.4733,1.4253,1.2237,0.087061,0.053967,0.22988,6873.9,25.775,17391,2,True,True
HD_38666,-1,5,0,lin,True,2,38.72,3.1378,1.5158,1.3062,0.70084,0.083799,0.046156,0.17177,9526.9,25.775,17391,2,True,True
HD_38666,-1,6,0,log,False,0,28.278,4.0831,2.171,2.1195,1.1234,0.17656,0.077184,0.051478,7106.2,21.772,14608,2,True,True
HD_38666,-1,6,0,log,True,3,29.442,3.6198,2.0146,2.062,1.2732,0.17845,0.073094,0.054542,6922.5,21.772,14608,2,True,True
HD_38666,-1,6,0,lin,False,0,33.172,4.4797,2.1745,2.3099,0.53585,0.09121,0.075033,0.1498,7394.9,21.772,14608,2,True,True
HD_38666,-1,6,0,lin,True,1,34.944,3.85,1.9039,2.1668,0.55707,0.082481,0.059189,0.1445,8389.3,21.772,14608,2,True,True
HD_38666,-1,32,0,log,False,0,39.271,2.2746,1.4728,1.397,2.1787,0.17453,0.05203,0.073864,8529.1,25.91,17621,2,True,True
HD_38666,-1,32,0,log,True,3,33.288,2.5132,1.4616,1.3831,1.8272,0.19416,0.055734,0.077738,8028.3,25.91,17621,2,True,True
HD_38666,-1,32,0,lin,False,0,49.6,2.1626,1.3831,1.374,1.0495,0.074936,0.043432,0.19136,8743.2,25.91,17621,2,True,True
HD_38666,-1,32,0,lin,True,2,48.511,2.1136,1.5145,1.9018,0.89952,0.062713,0.043316,0.15106,9309.9,25.91,17621,2,True,True
HD_38666,-1,33,0,log,False,0,32.713,3.1202,1.8889,1.7538,1.4183,0.15847,0.060742,0.048905,8531.9,25.838,17451,2,True,True
HD_38666,-1,33,0,log,True,6,34.504,2.4587,1.6559,1.6643,1.7555,0.15959,0.056169,0.05511,8144.4,25.838,17451,2,True,True
HD_38666,-1,33,0,lin,False,0,49.589,2.3227,1.4458,1.2836,1.0736,0.080295,0.048265,0.20352,7945.8,25.838,17451,2,True,True
HD_38666,-1,33,0,lin,True,2,48.179,2.3303,1.5848,1.7304,0.94034,0.070704,0.04995,0.16866,8177.8,25.838,17451,2,True,True
HD_38771,-1,6,0,log,False,0,619.79,0.16099,1.1652,4.6707,174.19,0.053735,0.039483,0.1531,5915.9,21.772,14609,2,True,True
HD_38771,-1,6,0,log,True,0,619.79,0.16099,1.1652,4.6707,174.19,0.053735,0.039483,0.1531,5915.9,21.772,14609,2,True,True
HD_38771,-1,6,0,lin,False,0,590.56,0.23789,1.306,6.5291,21.084,0.013535,0.026407,0.30595,11062,21.772,14609,2,True,True
HD_38771,-1,6,0,lin,True,0,590.56,0.23789,1.306,6.5291,21.084,0.013535,0.026407,0.30595,11062,21.772,14609,2,True,True
HD_38771,-1,33,0,log,False,0,84.841,0.56738,1.0302,2.4062,11.603,0.13093,0.050012,0.14864,5963.5,25.838,17442,2,True,True
HD_38771,-1,33,0,log,True,0,84.841,0.56738,1.0302,2.4062,11.603,0.13093,0.050012,0.14864,5963.5,25.838,17442,2,True,True
HD_38771,-1,33,0,lin,False,0,77.789,0.99104,1.3684,4.0401,1.597,0.035938,0.033009,0.13424,10454,25.838,17442,2,True,True
HD_38771,-1,33,0,lin,True,0,77.789,0.99104,1.3684,4.0401,1.597,0.035938,0.033009,0.13424,10454,25.838,17442,2,True,True
HD_38771,-1,98,0,log,False,0,377.13,0.42249,1.471,2.2003,29.053,0.033682,0.020343,0.038161,23498,57.372,28379,2,True,True
HD_38771,-1,98,0,log,True,0,377.13,0.42249,1.471,2.2003,29.053,0.033682,0.020343,0.038161,23498,57.372,28379,2,True,True
HD_38771,-1,98,0,lin,False,0,567.66,0.26749,1.1955,0.53503,12.007,0.0097721,0.014594,0.22255,30990,57.372,28379,2,True,True
HD_38771,-1,98,0,lin,True,0,567.66,0.26749,1.1955,0.53503,12.007,0.0097721,0.014594,0.22255,30990,57.372,28379,2,True,True
HD_39680,-1,6,0,log,False,0,46.743,3.1524,2.6412,1.1012,1.6917,0.096568,0.055962,0.017835,11267,21.772,14600,2,True,True
HD_39680,-1,6,0,log,True,0,46.743,3.1524,2.6412,1.1012,1.6917,0.096568,0.055962,0.017835,11267,21.772,14600,2,True,True
HD_39680,-1,6,0,lin,False,0,61.561,2.8905,2.4324,1.1412,0.73688,0.045066,0.063126,0.13641,9904.4,21.772,14600,2,True,True
HD_39680,-1,6,0,lin,True,0,61.561,2.8905,2.4324,1.1412,0.73688,0.045066,0.063126,0.13641,9904.4,21.772,14600,2,True,True
HD_39680,-1,33,0,log,False,0,43.937,2.9871,2.5877,0.61792,1.4781,0.082627,0.04353,0.010757,15098,25.836,17424,2,True,True
HD_39680,-1,33,0,log,True,1,39.159,2.9556,2.349,0.579,1.401,0.094731,0.04285,0.013206,14261,25.836,17424,2,True,True
HD_39680,-1,33,0,lin,False,0,55.78,3.1716,4.3059,1.4785,0.82424,0.047255,0.20888,0.16977,5853.1,25.836,17424,2,True,True
HD_39680,-1,33,0,lin,True,2,52.639,2.7284,2.0065,0.20598,0.71736,0.052353,0.051987,0.13271,10360,25.836,17424,2,True,True
HD_39680,-1,43,0,log,False,0,46.304,2.7196,2.3803,0.74685,1.7081,0.088486,0.043812,0.01428,13462,24.287,16199,2.0002,True,True
HD_39680,-1,43,0,log,True,1,39.36,2.9415,2.4215,0.72856,1.3825,0.091506,0.045408,0.013595,13437,24.287,16199,2.0002,True,True
HD_39680,-1,43,0,lin,False,0,54.015,2.9465,3.9467,1.7047,0.68896,0.039535,0.15483,0.13334,7422.6,24.287,16199,2.0002,True,True
HD_39680,-1,43,0,lin,True,1,49.017,2.8004,2.441,0.92963,0.57293,0.042686,0.061774,0.10335,10634,24.287,16199,2.0002,True,True
HD_39680,-1,45,0,log,False,0,39.499,3.3101,2.6922,0.96548,1.2808,0.090165,0.052689,0.014305,13062,24.439,15949,2.0002,True,True
HD_39680,-1,45,0,log,True,1,33.646,3.5882,2.6918,0.94971,1.0795,0.098568,0.055965,0.014912,12500,24.439,15949,2.0002,True,True
HD_39680,-1,45,0,lin,False,0,48.712,3.2988,3.7254,1.7214,0.56813,0.041392,0.12864,0.11716,8573.5,24.439,15949,2.0002,True,True
HD_39680,-1,45,0,lin,True,1,43.69,3.3153,2.4635,0.98397,0.45934,0.044566,0.057511,0.094819,11984,24.439,15949,2.0002,True,True
HD_39985,-1,6,0,log,False,0,28.661,0.19164,1.5705,1.7719,9.4729,0.066659,0.12168,0.016291,1123.1,21.772,14586,2,True,True
HD_39985,-1,6,0,log,True,0,28.661,0.19164,1.5705,1.7719,9.4729,0.066659,0.12168,0.016291,1123.1,21.772,14586,2,True,True
HD_39985,-1,6,0,lin,False,0,16.656,0.48272,5.7698,2.179,0.23878,0.0055453,0.29016,0.01603,6049.6,21.772,14586,2,True,True
HD_39985,-1,6,0,lin,True,0,16.656,0.48272,5.7698,2.179,0.23878,0.0055453,0.29016,0.01603,6049.6,21.772,14586,2,True,True
HD_39985,-1,33,0,log,False,0,8.5966,0.39415,2.0557,1.3268,1.4305,0.068849,0.18768,0.0094496,951.23,25.838,17437,2,True,True
HD_39985,-1,33,0,log,True,0,8.5966,0.39415,2.0557,1.3268,1.4305,0.068849,0.18768,0.0094496,951.23,25.838,17437,2,True,True
HD_39985,-1,33,0,lin,False,0,9.8782,0.50928,4.5484,1.5877,0.18141,0.0084501,0.24426,0.011509,4856.4,25.838,17437,2,True,True
HD_39985,-1,33,0,lin,True,0,9.8782,0.50928,4.5484,1.5877,0.18141,0.0084501,0.24426,0.011509,4856.4,25.838,17437,2,True,True
HD_39985,-1,87,0,log,False,0,10.75,0.57466,1.6941,1.1807,1.3726,0.087899,0.10395,0.011715,1980,23.695,15546,2,True,True
HD_39985,-1,87,0,log,True,0,10.75,0.57466,1.6941,1.1807,1.3726,0.087899,0.10395,0.011715,1980,23.695,15546,2,True,True
HD_39985,-1,87,0,lin,False,0,12.785,0.58822,1.8729,1.4176,0.31648,0.021374,0.059193,0.014652,6413.6,23.695,15546,2,True,True
HD_39985,-1,87,0,lin,True,0,12.785,0.58822,1.8729,1.4176,0.31648,0.021374,0.059193,0.014652,6413.6,23.695,15546,2,True,True
HD_41161,-1,19,0,log,False,0,64.705,4.6126,1.8313,0.19417,2.22,0.1842,0.046046,0.093984,13330,24.957,16751,2,True,True
HD_41161,-1,19,0,log,True,0,64.705,4.6126,1.8313,0.19417,2.22,0.1842,0.046046,0.093984,13330,24.957,16751,2,True,True
HD_41161,-1,19,0,lin,False,0,74.293,4.8314,1.9898,0.86475,0.92559,0.075403,0.050933,0.29009,11759,24.957,16751,2,True,True
HD_41161,-1,19,0,lin,True,0,74.293,4.8314,1.9898,0.86475,0.92559,0.075403,0.050933,0.29009,11759,24.957,16751,2,True,True
HD_41753,-1,6,0,log,False,0,1571.2,0.84335,2.2994,20.515,117.52,0.050534,0.054732,0.21568,7768.2,21.772,14599,2,True,True
HD_41753,-1,6,0,log,True,2,854.32,0.88055,1.9748,9.0558,62.161,0.056981,0.040936,0.13235,9361,21.772,14599,2,True,True
HD_41753,-1,6,0,lin,False,0,2392.1,0.93833,14.114,40.082,35.345,0.00794,1.4381,4.4827,4301,21.772,14599,2,True,True
HD_41753,-1,6,0,lin,True,40,1232.5,1.1595,8.3648,24.801,14.952,0.010313,0.51138,1.9702,6357.2,21.772,14599,2,True,True
HD_41753,-1,33,0,log,False,0,968.19,0.91802,2.2267,10.323,61.408,0.047209,0.0425,0.10977,10903,25.839,17430,2,True,True
HD_41753,-1,33,0,log,True,3,726.75,0.72632,1.6205,4.8944,55.304,0.056037,0.029407,0.12312,12589,25.839,17430,2,True,True
HD_41753,-1,33,0,lin,False,0,1476.8,1.0447,10.626,22.459,19.701,0.0091242,0.82737,2.5507,5498.9,25.839,17430,2,True,True
HD_41753,-1,33,0,lin,True,40,1001.9,1.1319,8.6141,15.525,11.692,0.0095433,0.51558,1.5275,7017.1,25.839,17430,2,True,True
HD_41753,-1,43,0,log,False,0,1034.7,0.85651,2.0296,14.459,72.916,0.05356,0.043973,0.17236,9285.8,24.286,16194,2.0002,True,True
HD_41753,-1,43,0,log,True,2,719.33,1.0219,2.3662,5.2234,43.165,0.046317,0.040513,0.058709,11916,24.286,16194,2.0002,True,True
HD_41753,-1,43,0,lin,False,0,2031.3,0.85556,25.928,35.238,33.028,0.0059932,4.0927,4.2186,3485.9,24.286,16194,2.0002,True,True
HD_41753,-1,43,0,lin,True,40,2113.2,0.82476,30,22.786,32.23,0.0050509,4.8014,4.0714,3833.3,24.286,16194,2.0002,True,True
HD_41753,-1,44,0,log,False,0,1581.1,0.75704,2.0802,9.8784,115.2,0.044397,0.035892,0.12626,11389,24.156,15773,2.0002,True,True
HD_41753,-1,44,0,log,True,2,864.14,0.89842,2.0896,7.2813,59.059,0.051241,0.038991,0.097424,10827,24.156,15773,2.0002,True,True
HD_41753,-1,44,0,lin,False,0,2003.6,1.0006,9.9505,27.165,23.475,0.007888,0.65132,2.9307,6667.5,24.156,15773,2.0002,True,True
HD_41753,-1,44,0,lin,True,40,2043.2,0.91227,27.171,20.92,20.859,0.0039405,2.774,2.7738,7158.1,24.156,15773,2.0002,True,True
HD_41997,-1,6,0,log,False,0,58.007,2.9191,2.2029,0.76887,2.2216,0.10529,0.042592,0.023375,12636,21.772,14599,2,True,True
HD_41997,-1,6,0,log,True,0,58.007,2.9191,2.2029,0.76887,2.2216,0.10529,0.042592,0.023375,12636,21.772,14599,2,True,True
HD_41997,-1,6,0,lin,False,0,76.854,2.5999,2.4271,1.5427,0.89914,0.039986,0.060716,0.15303,10222,21.772,14599,2,True,True
HD_41997,-1,6,0,lin,True,0,76.854,2.5999,2.4271,1.5427,0.89914,0.039986,0.060716,0.15303,10222,21.772,14599,2,True,True
HD_41997,-1,33,0,log,False,0,38.373,3.6824,2.2644,0.33246,1.2103,0.10815,0.038306,0.015447,16345,25.839,17445,2,True,True
HD_41997,-1,33,0,log,True,0,38.373,3.6824,2.2644,0.33246,1.2103,0.10815,0.038306,0.015447,16345,25.839,17445,2,True,True
HD_41997,-1,33,0,lin,False,0,63.962,2.218,1.6149,1.0041e-07,0.84079,0.045383,0.034248,0.14232,13285,25.839,17445,2,True,True
HD_41997,-1,33,0,lin,True,0,63.962,2.218,1.6149,1.0041e-07,0.84079,0.045383,0.034248,0.14232,13285,25.839,17445,2,True,True
HD_41997,-1,43,0,log,False,0,51.515,2.8626,2.0122,0.36605,1.9221,0.10657,0.035674,0.021113,15086,24.287,16199,2.0002,True,True
HD_41997,-1,43,0,log,True,0,51.515,2.8626,2.0122,0.36605,1.9221,0.10657,0.035674,0.021113,15086,24.287,16199,2.0002,True,True
HD_41997,-1,43,0,lin,False,0,64.546,2.5001,1.8465,0.37538,0.67437,0.038265,0.034387,0.11928,14630,24.287,16199,2.0002,True,True
HD_41997,-1,43,0,lin,True,0,64.546,2.5001,1.8465,0.37538,0.67437,0.038265,0.034387,0.11928,14630,24.287,16199,2.0002,True,True
HD_41997,-1,44,0,log,False,0,46.089,3.4546,2.2804,0.45441,1.4719,0.10154,0.037988,0.016809,15751,24.156,15777,2.0002,True,True
HD_41997,-1,44,0,log,True,0,46.089,3.4546,2.2804,0.45441,1.4719,0.10154,0.037988,0.016809,15751,24.156,15777,2.0002,True,True
HD_41997,-1,44,0,lin,False,0,54.626,3.2904,2.1925,0.51966,0.50042,0.04018,0.041433,0.1058,14843,24.156,15777,2.0002,True,True
HD_41997,-1,44,0,lin,True,0,54.626,3.2904,2.1925,0.51966,0.50042,0.04018,0.041433,0.1058,14843,24.156,15777,2.0002,True,True
HD_42088,-1,43,0,log,False,0,21.545,0.49185,1.1129,0.51138,3.0476,0.10572,0.047333,0.023659,5940.2,24.287,16194,2.0002,True,True
HD_42088,-1,43,0,log,True,1,20.74,0.53327,1.1637,0.54403,2.7458,0.10393,0.047936,0.021327,5855.4,24.287,16194,2.0002,True,True
HD_42088,-1,43,0,lin,False,0,20.122,0.8653,1.4587,0.80523,0.4228,0.031119,0.035893,0.029877,9490,24.287,16194,2.0002,True,True
HD_42088,-1,43,0,lin,True,1,19.847,0.88683,1.5004,0.81287,0.39801,0.030023,0.036254,0.02854,9654.4,24.287,16194,2.0002,True,True
HD_42088,-1,44,0,log,False,0,19.706,0.77834,1.4149,0.7031,1.9206,0.098199,0.051518,0.016095,5825.9,24.156,15778,2.0002,True,True
HD_42088,-1,44,0,log,True,1,18.482,0.86507,1.4967,0.72523,1.6619,0.097424,0.053578,0.014592,5784.5,24.156,15778,2.0002,True,True
HD_42088,-1,44,0,lin,False,0,34.767,0.43083,1.1931,0.72987,1.1318,0.025811,0.02955,0.040221,9669.9,24.156,15778,2.0002,True,True
HD_42088,-1,44,0,lin,True,1,34.419,0.44,1.2086,0.73218,1.0876,0.025435,0.029592,0.039265,9742.5,24.156,15778,2.0002,True,True
HD_42088,-1,45,0,log,False,0,11.553,1.2779,1.4936,0.81237,0.90765,0.13602,0.06435,0.017761,4951.6,24.551,16101,2.0002,True,True
HD_42088,-1,45,0,log,True,1,11.365,1.3194,1.5585,0.82998,0.85528,0.13056,0.06562,0.016259,4963.7,24.551,16101,2.0002,True,True
HD_42088,-1,45,0,lin,False,0,12.914,1.6052,2.1592,1.1602,0.19792,0.034791,0.060758,0.02309,8525.7,24.551,16101,2.0002,True,True
HD_42088,-1,45,0,lin,True,1,12.87,1.6128,2.2156,1.1554,0.19123,0.033482,0.061717,0.022398,8702.8,24.551,16101,2.0002,True,True
HD_42088,-1,71,0,log,False,0,25.259,0.31157,0.99361,0.52924,5.1955,0.10349,0.050786,0.031106,5053.9,24.321,15305,2.0002,True,True
HD_42088,-1,71,0,log,True,2,47.407,0.080756,0.8331,0.45652,23.955,0.067176,0.051514,0.040688,4642,24.321,15305,2.0002,False,True
HD_42088,-1,71,0,lin,False,0,27.011,0.52172,1.3337,0.92393,0.85424,0.028906,0.037859,0.035624,7697.1,24.321,15305,2.0002,True,True
HD_42088,-1,71,0,lin,True,2,26.233,0.51001,1.6575,1.1293,0.64115,0.019279,0.043317,0.024758,8244.3,24.321,15305,2.0002,True,True
HD_43112,-1,6,0,log,False,0,4.1063,0.52395,1.6225,1.702,0.90564,0.1594,0.24189,0.015892,362.21,21.772,14683,2,True,True
HD_43112,-1,6,0,log,True,0,4.1063,0.52395,1.6225,1.702,0.90564,0.1594,0.24189,0.015892,362.21,21.772,14683,2,True,True
HD_43112,-1,6,0,lin,False,0,4.2206,0.64229,2.1037,2.0137,0.24969,0.05283,0.18411,0.013157,1161.9,21.772,14683,2,True,True
HD_43112,-1,6,0,lin,True,0,4.2206,0.64229,2.1037,2.0137,0.24969,0.05283,0.18411,0.013157,1161.9,21.772,14683,2,True,True
HD_43112,-1,33,0,log,False,0,3.6536,0.33883,1.1479,1.2135,1.3095,0.2021,0.18534,0.018375,388.71,25.839,17432,2,True,True
HD_43112,-1,33,0,log,True,0,3.6536,0.33883,1.1479,1.2135,1.3095,0.2021,0.18534,0.018375,388.71,25.839,17432,2,True,True
HD_43112,-1,33,0,lin,False,0,3.6511,0.40709,1.0703,1.4266,0.5203,0.11376,0.10697,0.019162,1089.5,25.839,17432,2,True,True
HD_43112,-1,33,0,lin,True,0,3.6511,0.40709,1.0703,1.4266,0.5203,0.11376,0.10697,0.019162,1089.5,25.839,17432,2,True,True
HD_43112,-1,43,0,log,False,0,1.8202,1.6174,2.0051,1.2089,0.19779,0.23183,0.26049,0.011644,594.05,24.287,16191,2.0002,True,True
HD_43112,-1,43,0,log,True,0,1.8202,1.6174,2.0051,1.2089,0.19779,0.23183,0.26049,0.011644,594.05,24.287,16191,2.0002,True,True
HD_43112,-1,43,0,lin,False,0,2.3281,1.4055,1.5862,1.4027,0.13047,0.12863,0.12723,0.014449,1489,24.287,16191,2.0002,True,True
HD_43112,-1,43,0,lin,True,0,2.3281,1.4055,1.5862,1.4027,0.13047,0.12863,0.12723,0.014449,1489,24.287,16191,2.0002,True,True
HD_43112,-1,44,0,log,False,0,1.5842,0.25546,0.62031,1.4373,2.2461,1.0187,0.46185,0.10111,64.186,24.156,15773,2.0002,True,True
HD_43112,-1,44,0,log,True,0,1.5842,0.25546,0.62031,1.4373,2.2461,1.0187,0.46185,0.10111,64.186,24.156,15773,2.0002,True,True
HD_43112,-1,44,0,lin,False,0,2.1498,0.16003,0.63762,1.7159,2.3383,0.47609,0.31609,0.072562,126.79,24.156,15773,2.0002,True,True
HD_43112,-1,44,0,lin,True,0,2.1498,0.16003,0.63762,1.7159,2.3383,0.47609,0.31609,0.072562,126.79,24.156,15773,2.0002,True,True
HD_44743,-1,6,0,log,False,0,340.2,0.040413,0.79258,1.0229,271.95,0.051568,0.048969,0.19272,5015.5,21.771,14622,2,False,True
HD_44743,-1,6,0,log,True,2,527.84,0.02,0.80575,1.3991,691.5,0.038341,0.048299,0.16259,4744.8,21.771,14622,2,False,True
HD_44743,-1,6,0,lin,False,0,748.03,0.02,0.82152,2.0155,370.39,0.016028,0.040151,0.34676,4933.5,21.771,14622,2,False,True
HD_44743,-1,6,0,lin,True,1,935.16,0.02,0.92942,2.6817,246.32,0.0072979,0.019687,0.12291,12623,21.771,14622,2,False,True
HD_44743,-1,33,0,log,False,0,19.675,3.511,1.817,2.3873,0.93191,0.20914,0.082247,0.061224,5607.7,25.839,17458,2,True,True
HD_44743,-1,33,0,log,True,2,36.454,0.81158,0.9729,1.7133,4.7945,0.20046,0.062009,0.13348,4789.8,25.839,17458,2,True,True
HD_44743,-1,33,0,lin,False,0,21.103,4.6434,30,4.2083,0.41212,0.036774,6.2156,0.13242,2478.5,25.839,17458,2,True,True
HD_44743,-1,33,0,lin,True,2,39.396,1.1116,1.2266,2.725,1.03,0.053783,0.036907,0.10515,8645.6,25.839,17458,2,True,True
HD_44743,-1,87,0,log,False,0,188.84,1.0951,1.662,2.6236,12.038,0.075879,0.035838,0.063901,11411,26.893,18047,2,True,True
HD_44743,-1,87,0,log,True,2,235.7,0.76167,1.5491,2.5633,18.849,0.066801,0.033962,0.065649,10821,26.893,18047,2,True,True
HD_44743,-1,87,0,lin,False,0,258.08,0.8661,1.5245,3.2198,4.5855,0.025756,0.03276,0.3189,11535,26.893,18047,2,True,True
HD_44743,-1,87,0,lin,True,2,245.23,0.91144,1.8802,4.6014,2.7601,0.01546,0.030891,0.19697,15626,26.893,18047,2,True,True
HD_44811,-1,43,0,log,False,0,6.1112,0.30137,0.98203,0.41672,1.5241,0.12933,0.074996,0.013782,2444.6,24.287,16194,2.0002,True,True
HD_44811,-1,43,0,log,True,0,6.1112,0.30137,0.98203,0.41672,1.5241,0.12933,0.074996,0.013782,2444.6,24.287,16194,2.0002,True,True
HD_44811,-1,43,0,lin,False,0,7.6445,0.2641,0.98082,0.5018,0.48821,0.033669,0.033767,0.011624,7248.4,24.287,16194,2.0002,True,True
HD_44811,-1,43,0,lin,True,0,7.6445,0.2641,0.98082,0.5018,0.48821,0.033669,0.033767,0.011624,7248.4,24.287,16194,2.0002,True,True
HD_44811,-1,44,0,log,False,0,3.5582,0.8609,1.0905,0.44397,0.49371,0.21142,0.084579,0.015265,2530.5,24.148,15771,2.0002,True,True
HD_44811,-1,44,0,log,True,0,3.5582,0.8609,1.0905,0.44397,0.49371,0.21142,0.084579,0.015265,2530.5,24.148,15771,2.0002,True,True
HD_44811,-1,44,0,lin,False,0,5.0643,0.67954,1.1762,0.56715,0.19547,0.04998,0.042379,0.012097,6200.9,24.148,15771,2.0002,True,True
HD_44811,-1,44,0,lin,True,0,5.0643,0.67954,1.1762,0.56715,0.19547,0.04998,0.042379,0.012097,6200.9,24.148,15771,2.0002,True,True
HD_44811,-1,45,0,log,False,0,5.7214,0.40097,1.0761,0.46525,1.1373,0.13077,0.075788,0.012247,2465.5,24.551,16108,2.0002,True,True
HD_44811,-1,45,0,log,True,0,5.7214,0.40097,1.0761,0.46525,1.1373,0.13077,0.075788,0.012247,2465.5,24.551,16108,2.0002,True,True
HD_44811,-1,45,0,lin,False,0,25.791,0.034344,0.7787,0.4721,6.8,0.01687,0.03227,0.017838,7190,24.551,16108,2.0002,False,True
HD_44811,-1,45,0,lin,True,0,25.791,0.034344,0.7787,0.4721,6.8,0.01687,0.03227,0.017838,7190,24.551,16108,2.0002,False,True
HD_44811,-1,71,0,log,False,0,2.2029,1.7866,1.5884,0.4768,0.17471,0.20073,0.10607,0.0081616,2465,24.322,15306,2.0002,True,True
HD_44811,-1,71,0,log,True,0,2.2029,1.7866,1.5884,0.4768,0.17471,0.20073,0.10607,0.0081616,2465,24.322,15306,2.0002,True,True
HD_44811,-1,71,0,lin,False,0,2.7645,1.5531,1.3604,0.53709,0.079475,0.077072,0.052682,0.01059,5884.6,24.322,15306,2.0002,True,True
HD_44811,-1,71,0,lin,True,0,2.7645,1.5531,1.3604,0.53709,0.079475,0.077072,0.052682,0.01059,5884.6,24.322,15306,2.0002,True,True
HD_46056,-1,6,0,log,False,0,4.6082,8.3081,2.6177,0.6699,0.151,0.26143,0.12625,0.02232,5505.1,21.772,14648,2,True,True
HD_46056,-1,6,0,log,True,7,4.5781,7.5775,2.3674,0.64275,0.16027,0.27052,0.11615,0.023464,5455.5,21.772,14648,2,True,True
HD_46056,-1,6,0,lin,False,0,6.2747,8.2096,2.145,0.59623,0.14794,0.19465,0.10958,0.07299,5116.8,21.772,14648,2,True,True
HD_46056,-1,6,0,lin,True,3,6.7331,6.7741,1.7592,0.52022,0.16551,0.18167,0.084781,0.075735,5719,21.772,14648,2,True,True
HD_46056,-1,33,0,log,False,0,4.0342,9.3544,2.4722,0.4638,0.11241,0.24715,0.1043,0.020993,7631.9,25.839,17451,2,True,True
HD_46056,-1,33,0,log,True,3,4.1317,8.5611,2.137,0.41706,0.12867,0.27162,0.095862,0.025302,7432.8,25.839,17451,2,True,True
HD_46056,-1,33,0,lin,False,0,4.9335,9.5737,2.581,0.55422,0.095963,0.17411,0.11918,0.050161,6190.6,25.839,17451,2,True,True
HD_46056,-1,33,0,lin,True,2,5.1888,8.3783,1.997,0.43796,0.10128,0.16235,0.080783,0.052524,7853.7,25.839,17451,2,True,True
HD_46056,-1,87,0,log,False,0,5.3218,7.3282,1.9035,0.39029,0.18775,0.28818,0.086815,0.031496,7265.4,23.696,15554,2,True,True
HD_46056,-1,87,0,log,True,5,5.6263,6.1851,1.5959,0.31303,0.23888,0.32635,0.081097,0.039864,6881.6,23.696,15554,2,True,True
HD_46056,-1,87,0,lin,False,0,7.0252,7.1933,1.6428,0.23827,0.17883,0.19296,0.078702,0.088966,6329.7,23.696,15554,2,True,True
HD_46056,-1,87,0,lin,True,3,7.429,5.9069,1.3566,0.13067,0.19011,0.17129,0.059521,0.087874,7685.7,23.696,15554,2,True,True
HD_46150,-1,6,0,log,False,0,45.039,5.3843,1.8492,0.74468,1.5831,0.22303,0.058623,0.11031,10198,21.772,14648,2,True,True
HD_46150,-1,6,0,log,True,0,45.039,5.3843,1.8492,0.74468,1.5831,0.22303,0.058623,0.11031,10198,21.772,14648,2,True,True
HD_46150,-1,6,0,lin,False,0,72.515,3.1218,1.2937,1.0002e-07,1.42,0.091997,0.039712,0.3856,10042,21.772,14648,2,True,True
HD_46150,-1,6,0,lin,True,0,72.515,3.1218,1.2937,1.0002e-07,1.42,0.091997,0.039712,0.3856,10042,21.772,14648,2,True,True
HD_46150,-1,87,0,log,False,0,39.906,5.8,2.001,0.78086,1.2305,0.19966,0.056711,0.081843,11599,23.696,15556,2,True,True
HD_46150,-1,87,0,log,True,0,39.906,5.8,2.001,0.78086,1.2305,0.19966,0.056711,0.081843,11599,23.696,15556,2,True,True
HD_46150,-1,87,0,lin,False,0,48.79,5.5681,1.8411,0.47639,0.66718,0.091005,0.050332,0.2494,11355,23.696,15556,2,True,True
HD_46150,-1,87,0,lin,True,0,48.79,5.5681,1.8411,0.47639,0.66718,0.091005,0.050332,0.2494,11355,23.696,15556,2,True,True
HD_46223,-1,6,0,log,False,0,51.852,4.3,1.6981,0.42124,1.9946,0.20557,0.050249,0.1025,10959,21.772,14653,2,True,True
HD_46223,-1,6,0,log,True,0,51.852,4.3,1.6981,0.42124,1.9946,0.20557,0.050249,0.1025,10959,21.772,14653,2,True,True
HD_46223,-1,6,0,lin,False,0,118.68,1.053,0.96796,1e-07,3.7414,0.068399,0.031478,0.44484,9878.9,21.772,14653,2,True,True
HD_46223,-1,6,0,lin,True,0,118.68,1.053,0.96796,1e-07,3.7414,0.068399,0.031478,0.44484,9878.9,21.772,14653,2,True,True
HD_46223,-1,33,0,log,False,0,44.961,5.068,1.895,0.37042,1.4314,0.18505,0.04839,0.072651,13431,25.839,17448,2,True,True
HD_46223,-1,33,0,log,True,0,44.961,5.068,1.895,0.37042,1.4314,0.18505,0.04839,0.072651,13431,25.839,17448,2,True,True
HD_46223,-1,33,0,lin,False,0,73.109,2.8408,1.3235,1e-07,1.3293,0.079959,0.037347,0.32508,11453,25.839,17448,2,True,True
HD_46223,-1,33,0,lin,True,0,73.109,2.8408,1.3235,1e-07,1.3293,0.079959,0.037347,0.32508,11453,25.839,17448,2,True,True
HD_46223,-1,87,0,log,False,0,47.233,4.9856,1.8544,0.30252,1.5374,0.18887,0.048066,0.078955,12857,23.696,15549,2,True,True
HD_46223,-1,87,0,log,True,0,47.233,4.9856,1.8544,0.30252,1.5374,0.18887,0.048066,0.078955,12857,23.696,15549,2,True,True
HD_46223,-1,87,0,lin,False,0,75.94,2.7737,1.2933,1e-07,1.4353,0.081986,0.037375,0.34881,10935,23.696,15549,2,True,True
HD_46223,-1,87,0,lin,True,0,75.94,2.7737,1.2933,1e-07,1.4353,0.081986,0.037375,0.34881,10935,23.696,15549,2,True,True
HD_46328,-1,6,0,log,False,0,250,9.2004,5.406,50.79,6.6349,0.16301,0.28117,0.65032,5170.6,21.772,14639,2,True,True
HD_46328,-1,6,0,log,True,4,179.96,0.57,1.1256,4.2252,24.636,0.11923,0.049831,0.2242,5551.8,21.772,14639,2,True,True
HD_46328,-1,6,0,lin,False,0,772.89,5.854,30,94.408,32.293,0.097843,13.118,11.717,569.96,21.772,14639,2,True,True
HD_46328,-1,6,0,lin,True,6,774.02,0.058404,0.82892,3.1703,102.66,0.014517,0.023346,0.45198,10449,21.772,14639,2,False,True
HD_46328,-1,33,0,log,False,0,189.84,8.5369,4.1397,18.365,4.9147,0.16224,0.14829,0.3089,8067.7,25.839,17458,2,True,True
HD_46328,-1,33,0,log,True,9,93.883,0.8886,1.1068,1.3862,9.2215,0.14094,0.043428,0.14751,8290.4,25.839,17458,2,True,True
HD_46328,-1,33,0,lin,False,0,703.65,5.7827,30,50.802,28.829,0.094853,12.874,10.393,595.97,25.839,17458,2,True,True
HD_46328,-1,33,0,lin,True,7,250.2,0.15616,0.77193,1.0014e-07,18.551,0.0266,0.023436,0.36107,12153,25.839,17458,2,True,True
HD_46328,-1,87,0,log,False,0,580.95,7.6532,4.0071,39.148,13.387,0.12829,0.10925,0.57123,11224,26.892,15898,2,True,True
HD_46328,-1,87,0,log,True,4,1019.9,0.68124,1.3559,8.2828,91.439,0.074813,0.032052,0.38828,11162,26.892,15898,2,True,True
HD_46328,-1,87,0,lin,False,0,1027.5,6.4104,16.562,89.51,29.815,0.097845,3.6103,10.977,1252.5,26.892,15898,2,True,True
HD_46328,-1,87,0,lin,True,4,2775.3,0.16133,0.98502,1.0002e-07,129.43,0.013969,0.01819,1.5534,15704,26.892,15898,2,True,True
HD_46485,-1,6,0,log,False,0,129.33,1.2343,1.743,0.8185,8.3713,0.080629,0.034234,0.032216,11387,21.772,14654,2,True,True
HD_46485,-1,6,0,log,True,1,59.183,2.3786,1.98,0.69158,2.7327,0.1105,0.041998,0.026533,11463,21.772,14654,2,True,True
HD_46485,-1,6,0,lin,False,0,3374,0.02,0.99108,1e-07,1384,0.010485,0.029359,0.49251,8143,21.772,14654,2,False,True
HD_46485,-1,6,0,lin,True,2,3532.8,0.02,1.0138,2.2751e-07,1467,0.010318,0.029264,0.46267,8266.9,21.772,14654,2,False,True
HD_46485,-1,33,0,log,False,0,99.801,1.3461,1.7029,0.53654,5.7885,0.081272,0.031247,0.026781,13787,25.839,17454,2,True,True
HD_46485,-1,33,0,log,True,25,11.13,6.4692,2.1481,0.55861,0.33057,0.20715,0.069032,0.029522,10249,25.839,17454,2,True,True
HD_46485,-1,33,0,lin,False,0,2766,0.02,0.96825,1e-07,1182.4,0.011245,0.030999,0.47406,7942.2,25.839,17454,2,False,True
HD_46485,-1,33,0,lin,True,8,3468,0.02,1.0823,0.72213,1607.9,0.010613,0.031106,0.35453,8513.3,25.839,17454,2,False,True
HD_46485,-1,87,0,log,False,0,130.96,1.1925,1.6277,0.94045,8.6519,0.085494,0.034048,0.042779,11598,23.696,15549,2,True,True
HD_46485,-1,87,0,log,True,2,78.568,1.6971,1.7547,0.7898,4.328,0.1003,0.037915,0.033282,11558,23.696,15549,2,True,True
HD_46485,-1,87,0,lin,False,0,2426.7,0.02,0.8948,1e-07,919.06,0.011004,0.028994,0.55711,8311,23.696,15549,2,False,True
HD_46485,-1,87,0,lin,True,0,2426.7,0.02,0.8948,1e-07,919.06,0.011004,0.028994,0.55711,8311,23.696,15549,2,False,True
HD_46573,-1,6,0,log,False,0,51.946,2.0854,1.4171,0.18076,2.9495,0.16058,0.040469,0.063654,10772,21.772,14646,2,True,True
HD_46573,-1,6,0,log,True,0,51.946,2.0854,1.4171,0.18076,2.9495,0.16058,0.040469,0.063654,10772,21.772,14646,2,True,True
HD_46573,-1,6,0,lin,False,0,74.826,1.4353,1.3043,0.44677,1.347,0.045693,0.030268,0.17087,11237,21.772,14646,2,True,True
HD_46573,-1,6,0,lin,True,0,74.826,1.4353,1.3043,0.44677,1.347,0.045693,0.030268,0.17087,11237,21.772,14646,2,True,True
HD_46573,-1,33,0,log,False,0,40.709,2.9071,1.5701,0.12025,1.7181,0.15647,0.038438,0.047278,13740,25.839,17450,2,True,True
HD_46573,-1,33,0,log,True,0,40.709,2.9071,1.5701,0.12025,1.7181,0.15647,0.038438,0.047278,13740,25.839,17450,2,True,True
HD_46573,-1,33,0,lin,False,0,51.159,2.5811,1.5207,0.22186,0.75948,0.059161,0.036526,0.15412,12125,25.839,17450,2,True,True
HD_46573,-1,33,0,lin,True,0,51.159,2.5811,1.5207,0.22186,0.75948,0.059161,0.036526,0.15412,12125,25.839,17450,2,True,True
HD_46573,-1,87,0,log,False,0,33.841,3.7013,1.6332,0.11832,1.3493,0.18655,0.044476,0.053964,12266,23.642,15837,2,True,True
HD_46573,-1,87,0,log,True,0,33.841,3.7013,1.6332,0.11832,1.3493,0.18655,0.044476,0.053964,12266,23.642,15837,2,True,True
HD_46573,-1,87,0,lin,False,0,51.425,2.3215,1.308,1e-07,0.9252,0.068341,0.034685,0.1881,11258,23.642,15837,2,True,True
HD_46573,-1,87,0,lin,True,0,51.425,2.3215,1.308,1e-07,0.9252,0.068341,0.034685,0.1881,11258,23.642,15837,2,True,True
HD_46769,-1,6,0,log,False,0,50.374,0.2281,2.1996,1.984,12.607,0.046271,0.15915,0.015551,1303,21.772,14653,2,True,True
HD_46769,-1,6,0,log,True,0,50.374,0.2281,2.1996,1.984,12.607,0.046271,0.15915,0.015551,1303,21.772,14653,2,True,True
HD_46769,-1,6,0,lin,False,0,36.076,0.3675,3.7536,2.423,0.46424,0.0044233,0.10727,0.019447,9768.3,21.772,14653,2,True,True
HD_46769,-1,6,0,lin,True,0,36.076,0.3675,3.7536,2.423,0.46424,0.0044233,0.10727,0.019447,9768.3,21.772,14653,2,True,True
HD_46769,-1,87,0,log,False,0,264.01,0.02,1.1334,1.582,675.98,0.050452,0.073987,0.024324,1779.9,23.642,15829,2,False,True
HD_46769,-1,87,0,log,True,0,264.01,0.02,1.1334,1.582,675.98,0.050452,0.073987,0.024324,1779.9,23.642,15829,2,False,True
HD_46769,-1,87,0,lin,False,0,36.033,0.27631,16.243,2.2314,0.33074,0.0011353,0.92037,0.018516,9141.4,23.642,15829,2,True,True
HD_46769,-1,87,0,lin,True,4,35.747,0.27406,17.045,2.1851,0.31106,0.0010427,0.94076,0.017438,9708.2,23.642,15829,2,True,True
HD_47432,-1,33,0,log,False,0,2144.6,0.84079,1.9812,5.9782,133.58,0.042223,0.025065,0.11704,16359,25.839,17394,2,True,True
HD_47432,-1,33,0,log,True,0,2144.6,0.84079,1.9812,5.9782,133.58,0.042223,0.025065,0.11704,16359,25.839,17394,2,True,True
HD_47432,-1,33,0,lin,False,0,2727.7,0.72088,1.9255,8.9161,26.463,0.010284,0.026157,1.5168,18361,25.839,17394,2,True,True
HD_47432,-1,33,0,lin,True,0,2727.7,0.72088,1.9255,8.9161,26.463,0.010284,0.026157,1.5168,18361,25.839,17394,2,True,True
HD_47432,-1,87,0,log,False,0,1953.2,0.84371,2.0093,4.5958,125.36,0.042696,0.02531,0.095919,15543,23.642,15804,2,True,True
HD_47432,-1,87,0,log,True,0,1953.2,0.84371,2.0093,4.5958,125.36,0.042696,0.02531,0.095919,15543,23.642,15804,2,True,True
HD_47432,-1,87,0,lin,False,0,1990.5,0.9874,2.2105,7.6572,17.72,0.012233,0.033862,1.3949,16320,23.642,15804,2,True,True
HD_47432,-1,87,0,lin,True,0,1990.5,0.9874,2.2105,7.6572,17.72,0.012233,0.033862,1.3949,16320,23.642,15804,2,True,True
HD_47839,-1,6,0,log,False,0,118.82,2.2853,1.0236,1.0029e-07,10.598,0.37008,0.067287,0.81204,6038.1,21.772,14664,2,True,True
HD_47839,-1,6,0,log,True,4,130.94,1.6788,1.0369,1.3549,12.247,0.28372,0.060112,0.6049,6289,21.772,14664,2,True,True
HD_47839,-1,6,0,lin,False,0,160.85,1.7726,0.90721,1.0005e-07,9.5501,0.19926,0.064788,1.9892,4043.5,21.772,14664,2,True,True
HD_47839,-1,6,0,lin,True,3,168.71,1.4588,0.93833,1.0002e-07,5.7633,0.098444,0.03669,0.97311,8485.3,21.772,14664,2,True,True
HD_47839,-1,33,0,log,False,0,139.31,2.9883,1.0926,1.0054e-07,9.3157,0.34098,0.060653,0.90249,7940.1,25.839,17315,2,True,True
HD_47839,-1,33,0,log,True,4,163.03,1.8803,0.9946,0.39609,13.396,0.28817,0.054994,0.84411,7981.2,25.839,17315,2,True,True
HD_47839,-1,33,0,lin,False,0,178.39,2.6095,0.99963,1e-07,8.7831,0.20945,0.067257,2.4115,4413.4,25.839,17315,2,True,True
HD_47839,-1,33,0,lin,True,1,173.03,2.5783,1.1258,1.8577,4.3514,0.10543,0.040293,1.0893,9361.7,25.839,17315,2,True,True
HD_47839,-1,87,0,log,False,0,95.164,7.3459,1.7418,1.0001e-07,3.3525,0.30135,0.070348,0.49266,9536,23.694,15536,2,True,True
HD_47839,-1,87,0,log,True,6,122.48,4.2123,1.4061,1e-07,5.5801,0.27274,0.055156,0.47318,9876,23.694,15536,2,True,True
HD_47839,-1,87,0,lin,False,0,173.55,3.1922,1.0804,1.0089e-07,8.155,0.22413,0.074292,2.5415,4149.5,23.694,15536,2,True,True
HD_47839,-1,87,0,lin,True,2,174.25,2.9636,1.1834,1e-07,3.9672,0.10399,0.040294,1.0907,9748.9,23.694,15536,2,True,True
HD_48279,-1,6,0,log,False,0,24.265,3.3134,1.8458,0.89641,1.0799,0.17352,0.058702,0.036863,8462.8,21.772,14612,2,True,True
HD_48279,-1,6,0,log,True,1,23.911,3.39,1.8855,0.91426,1.0358,0.17036,0.059026,0.035238,8560.8,21.772,14612,2,True,True
HD_48279,-1,6,0,lin,False,0,33.015,2.6718,1.5458,0.76278,0.55203,0.068223,0.042476,0.11461,9637.9,21.772,14612,2,True,True
HD_48279,-1,6,0,lin,True,0,33.015,2.6718,1.5458,0.76278,0.55203,0.068223,0.042476,0.11461,9637.9,21.772,14612,2,True,True
HD_48279,-1,33,0,log,False,0,23.928,3.1093,1.7832,0.49902,0.95388,0.14607,0.045104,0.026139,12012,25.839,17398,2,True,True
HD_48279,-1,33,0,log,True,2,21.828,3.3768,1.814,0.49855,0.82508,0.14983,0.046073,0.025694,12131,25.839,17398,2,True,True
HD_48279,-1,33,0,lin,False,0,28.946,3.001,2.0935,1.0653,0.38889,0.055272,0.055686,0.077061,10180,25.839,17398,2,True,True
HD_48279,-1,33,0,lin,True,0,28.946,3.001,2.0935,1.0653,0.38889,0.055272,0.055686,0.077061,10180,25.839,17398,2,True,True
HD_48279,-1,87,0,log,False,0,29.025,3.3386,1.887,0.99593,1.1831,0.15681,0.053925,0.037419,9755.7,23.161,14362,2,True,True
HD_48279,-1,87,0,log,True,0,29.025,3.3386,1.887,0.99593,1.1831,0.15681,0.053925,0.037419,9755.7,23.161,14362,2,True,True
HD_48279,-1,87,0,lin,False,0,37.518,2.87,1.5851,0.72992,0.53523,0.06122,0.038178,0.11708,11614,23.161,14362,2,True,True
HD_48279,-1,87,0,lin,True,0,37.518,2.87,1.5851,0.72992,0.53523,0.06122,0.038178,0.11708,11614,23.161,14362,2,True,True
HD_48434,-1,6,0,log,False,0,1013.7,1.5362,2.2255,7.7828,49.348,0.062091,0.035532,0.13341,13118,21.772,14638,2,True,True
HD_48434,-1,6,0,log,True,0,1013.7,1.5362,2.2255,7.7828,49.348,0.062091,0.035532,0.13341,13118,21.772,14638,2,True,True
HD_48434,-1,6,0,lin,False,0,2117.6,0.66639,1.4762,1.0001e-07,31.296,0.016596,0.023475,1.6636,14369,21.772,14638,2,True,True
HD_48434,-1,6,0,lin,True,1,2117.5,0.66642,1.4762,1e-07,31.292,0.016596,0.023475,1.6635,14370,21.772,14638,2,True,True
HD_48434,-1,33,0,log,False,0,702.29,1.9941,2.433,8.7719,23.901,0.055736,0.034157,0.10308,17053,25.836,17400,2,True,True
HD_48434,-1,33,0,log,True,0,702.29,1.9941,2.433,8.7719,23.901,0.055736,0.034157,0.10308,17053,25.836,17400,2,True,True
HD_48434,-1,33,0,lin,False,0,3959.1,0.13688,0.98217,1e-07,201.56,0.012626,0.017713,1.9159,16133,25.836,17400,2,False,True
HD_48434,-1,33,0,lin,True,0,3959.1,0.13688,0.98217,1e-07,201.56,0.012626,0.017713,1.9159,16133,25.836,17400,2,False,True
HD_48434,-1,87,0,log,False,0,712.91,2.0095,2.2874,4.7109,29.994,0.070076,0.034246,0.10388,15020,23.44,14314,2,True,True
HD_48434,-1,87,0,log,True,0,712.91,2.0095,2.2874,4.7109,29.994,0.070076,0.034246,0.10388,15020,23.44,14314,2,True,True
HD_48434,-1,87,0,lin,False,0,1050.2,1.3926,1.8062,2.319,11.118,0.022721,0.029859,1.1705,15017,23.44,14314,2,True,True
HD_48434,-1,87,0,lin,True,0,1050.2,1.3926,1.8062,2.319,11.118,0.022721,0.029859,1.1705,15017,23.44,14314,2,True,True
HD_48977,-1,6,0,log,False,0,365.47,0.85517,1.9187,2.708,28.122,0.05824,0.037746,0.049108,9875.8,21.771,14674,2,True,True
HD_48977,-1,6,0,log,True,9,203.25,1.0203,1.8356,2.3406,14.855,0.072298,0.041231,0.048391,9087.8,21.771,14674,2,True,True
HD_48977,-1,6,0,lin,False,0,445.27,1.1547,6.4351,7.8176,5.1256,0.010984,0.31262,0.63572,7305.9,21.771,14674,2,True,True
HD_48977,-1,6,0,lin,True,40,449.25,1.1228,7.3563,6.1052,4.8751,0.0094566,0.3687,0.61358,7648,21.771,14674,2,True,True
HD_48977,-1,33,0,log,False,0,427.19,0.57741,1.6192,1.4906,38.038,0.048949,0.026853,0.044397,13156,25.839,17455,2,True,True
HD_48977,-1,33,0,log,True,6,266.56,0.73582,1.6919,1.4448,20.826,0.055232,0.029919,0.036609,12498,25.839,17455,2,True,True
HD_48977,-1,33,0,lin,False,0,369.06,1.1857,5.4944,6.1785,3.781,0.010816,0.2125,0.45714,9460.1,25.839,17455,2,True,True
HD_48977,-1,33,0,lin,True,40,369.43,1.1703,6.1249,4.8893,3.572,0.0095711,0.24153,0.44099,9885.1,25.839,17455,2,True,True
HD_48977,-1,87,0,log,False,0,470.77,0.52697,1.5401,1.6086,49.149,0.054519,0.029103,0.060507,11182,23.438,14440,2,True,True
HD_48977,-1,87,0,log,True,7,176.2,0.98245,1.5839,1.389,13.37,0.081303,0.03515,0.055253,10512,23.438,14440,2,True,True
HD_48977,-1,87,0,lin,False,0,368.38,1.2349,5.8814,6.9867,3.6213,0.010489,0.22987,0.457,9422.2,23.438,14440,2,True,True
HD_48977,-1,87,0,lin,True,38,367.98,1.2219,6.7014,5.2141,3.3936,0.0091612,0.26912,0.43951,9869.1,23.438,14440,2,True,True
HD_50707,-1,6,0,log,False,0,208.99,9.2266,5.3102,14.417,4.5371,0.12307,0.15881,0.19677,9994.1,21.773,14637,2,True,True
HD_50707,-1,6,0,log,True,14,131.99,9.5106,5.5072,6.6383,2.6307,0.11088,0.13985,0.089757,11865,21.773,14637,2,True,True
HD_50707,-1,6,0,lin,False,0,328.71,9.279,5.4331,17.007,8.8472,0.20552,0.54781,3.7766,1867,21.773,14637,2,True,True
HD_50707,-1,6,0,lin,True,8,1098.2,0.39576,0.87842,1e-07,59.815,0.048121,0.031645,2.76,8586.9,21.773,14637,2,True,True
HD_50707,-1,7,0,log,False,0,196.44,9.5261,5.4921,9.7093,3.9843,0.11304,0.14109,0.13468,12305,24.452,16336,2,True,True
HD_50707,-1,7,0,log,True,15,117.54,10.306,6.0336,4.8734,2.06,0.098467,0.13415,0.062554,14574,24.452,16336,2,True,True
HD_50707,-1,7,0,lin,False,0,311.71,9.4099,5.295,11.358,8.0654,0.20157,0.50449,3.4814,2058,24.452,16336,2,True,True
HD_50707,-1,7,0,lin,True,8,1031.6,0.39101,0.86505,1e-07,57.552,0.049172,0.031672,2.6755,9018,24.452,16336,2,True,True
HD_50707,-1,33,0,log,False,0,180.02,9.626,6.0308,6.1841,3.2658,0.093348,0.12848,0.077018,15476,25.839,17452,2,True,True
HD_50707,-1,33,0,log,True,14,142.94,8.452,4.1935,3.0737,2.8274,0.10888,0.074944,0.060251,16541,25.839,17452,2,True,True
HD_50707,-1,33,0,lin,False,0,295.9,9.2529,5.4836,7.0619,7.3982,0.18986,0.51667,3.151,2162.5,25.839,17452,2,True,True
HD_50707,-1,33,0,lin,True,14,481.49,1.8674,1.2825,1e-07,10.21,0.068016,0.037533,1.7028,10186,25.839,17452,2,True,True
HD_50707,-1,87,0,log,False,0,212.49,9.0792,4.9375,7.5392,4.0897,0.10613,0.10378,0.11022,14814,25.629,17058,2,True,True
HD_50707,-1,87,0,log,True,13,125.95,9.6237,5.2795,3.9487,2.2747,0.10036,0.10432,0.056641,15883,25.629,17058,2,True,True
HD_50707,-1,87,0,lin,False,0,306.28,9.3123,5.6441,10.083,6.9755,0.17199,0.4928,2.983,2525.9,25.629,17058,2,True,True
HD_50707,-1,87,0,lin,True,9,427.81,2.5028,1.384,1e-07,8.4235,0.07828,0.041913,1.7684,9887.3,25.629,17058,2,True,True
HD_51309,-1,6,0,log,False,0,4916.3,0.52718,1.8154,82.264,516.66,0.052214,0.050224,0.97472,6189,21.773,14602,2,True,True
HD_51309,-1,6,0,log,True,0,4916.3,0.52718,1.8154,82.264,516.66,0.052214,0.050224,0.97472,6189,21.773,14602,2,True,True
HD_51309,-1,6,0,lin,False,0,1e+05,0.028872,1.3695,112.52,32548,0.0085723,0.029037,4.9844,11523,21.773,14602,2,False,True
HD_51309,-1,6,0,lin,True,0,1e+05,0.028872,1.3695,112.52,32548,0.0085723,0.029037,4.9844,11523,21.773,14602,2,False,True
HD_51309,-1,7,0,log,False,0,10842,0.37131,1.8374,43.54,1155.4,0.031897,0.029842,0.50702,11289,24.454,16318,2,True,True
HD_51309,-1,7,0,log,True,0,10842,0.37131,1.8374,43.54,1155.4,0.031897,0.029842,0.50702,11289,24.454,16318,2,True,True
HD_51309,-1,7,0,lin,False,0,13821,0.31857,1.7259,46.624,196.27,0.0063641,0.021414,4.1197,18990,24.454,16318,2,True,True
HD_51309,-1,7,0,lin,True,0,13821,0.31857,1.7259,46.624,196.27,0.0063641,0.021414,4.1197,18990,24.454,16318,2,True,True
HD_51309,-1,33,0,log,False,0,7203.6,0.36717,1.7735,18.4,795.94,0.032807,0.026373,0.28388,12804,25.836,17415,2,True,True
HD_51309,-1,33,0,log,True,0,7203.6,0.36717,1.7735,18.4,795.94,0.032807,0.026373,0.28388,12804,25.836,17415,2,True,True
HD_51309,-1,33,0,lin,False,0,12760,0.21014,1.4326,5.1229,381.96,0.009137,0.023591,4.2417,14844,25.836,17415,2,True,True
HD_51309,-1,33,0,lin,True,0,12760,0.21014,1.4326,5.1229,381.96,0.009137,0.023591,4.2417,14844,25.836,17415,2,True,True
HD_51309,-1,87,0,log,False,0,4258.1,0.74787,2.0969,17.382,295.33,0.040145,0.030741,0.23298,13636,25.628,16836,2,True,True
HD_51309,-1,87,0,log,True,0,4258.1,0.74787,2.0969,17.382,295.33,0.040145,0.030741,0.23298,13636,25.628,16836,2,True,True
HD_51309,-1,87,0,lin,False,0,7779.6,0.38446,1.5794,8.45,92.687,0.0070182,0.016753,2.5065,22069,25.628,16836,2,True,True
HD_51309,-1,87,0,lin,True,0,7779.6,0.38446,1.5794,8.45,92.687,0.0070182,0.016753,2.5065,22069,25.628,16836,2,True,True
HD_52089,-1,6,0,log,False,0,10181,0.63104,1.2592,49.766,1096.1,0.08806,0.03428,4.9183,9419.9,21.771,14628,2,True,True
HD_52089,-1,6,0,log,True,4,9931.4,0.65811,1.273,50.861,1019.8,0.087138,0.033739,4.7174,9678.8,21.771,14628,2,True,True
HD_52089,-1,6,0,lin,False,0,12126,0.61221,1.2575,70.86,253.39,0.023417,0.024374,13.244,12328,21.771,14628,2,True,True
HD_52089,-1,6,0,lin,True,0,12126,0.61221,1.2575,70.86,253.39,0.023417,0.024374,13.244,12328,21.771,14628,2,True,True
HD_52089,-1,7,0,log,False,0,10092,1.1318,1.4749,1.6322,663.88,0.085371,0.027255,3.0899,14596,24.454,16328,2,True,True
HD_52089,-1,7,0,log,True,0,10092,1.1318,1.4749,1.6322,663.88,0.085371,0.027255,3.0899,14596,24.454,16328,2,True,True
HD_52089,-1,7,0,lin,False,0,12780,0.98404,1.4014,1e-07,196.44,0.026417,0.025632,16.18,13930,24.454,16328,2,True,True
HD_52089,-1,7,0,lin,True,0,12780,0.98404,1.4014,1e-07,196.44,0.026417,0.025632,16.18,13930,24.454,16328,2,True,True
HD_52089,-1,33,0,log,False,0,8120.1,1.2091,1.4947,20.182,509.18,0.088111,0.02904,2.9236,14276,25.839,17447,2,True,True
HD_52089,-1,33,0,log,True,2,8426.5,1.1336,1.4734,19.437,551.07,0.086542,0.028846,2.9664,14136,25.839,17447,2,True,True
HD_52089,-1,33,0,lin,False,0,12636,0.74778,1.264,1e-07,223.56,0.024307,0.022587,14.586,14926,25.839,17447,2,True,True
HD_52089,-1,33,0,lin,True,0,12636,0.74778,1.264,1e-07,223.56,0.024307,0.022587,14.586,14926,25.839,17447,2,True,True
HD_52089,-1,34,0,log,False,0,8912.7,1.453,1.6875,55.131,482.68,0.084176,0.031123,2.776,13904,24.962,16594,2,True,True
HD_52089,-1,34,0,log,True,0,8912.7,1.453,1.6875,55.131,482.68,0.084176,0.031123,2.776,13904,24.962,16594,2,True,True
HD_52089,-1,34,0,lin,False,0,11645,1.287,1.8216,134.55,138.28,0.023492,0.033398,13.535,13784,24.962,16594,2,True,True
HD_52089,-1,34,0,lin,True,0,11645,1.287,1.8216,134.55,138.28,0.023492,0.033398,13.535,13784,24.962,16594,2,True,True
HD_53138,-1,7,0,log,False,0,1e+05,0.070354,1.3243,65.669,47766,0.029152,0.022881,2.0307,11416,24.454,16322,2,False,True
HD_53138,-1,7,0,log,True,0,1e+05,0.070354,1.3243,65.669,47766,0.029152,0.022881,2.0307,11416,24.454,16322,2,False,True
HD_53138,-1,7,0,lin,False,0,1e+05,0.10314,1.3963,55.041,5244.5,0.0066638,0.020957,15.472,16427,24.454,16322,2,False,True
HD_53138,-1,7,0,lin,True,0,1e+05,0.10314,1.3963,55.041,5244.5,0.0066638,0.020957,15.472,16427,24.454,16322,2,False,True
HD_53138,-1,87,0,log,False,0,1e+05,0.1315,1.3229,110.14,26231,0.032413,0.023069,4.2696,12352,26.891,15821,2,False,True
HD_53138,-1,87,0,log,True,0,1e+05,0.1315,1.3229,110.14,26231,0.032413,0.023069,4.2696,12352,26.891,15821,2,False,True
HD_53138,-1,87,0,lin,False,0,53464,0.38975,2.3134,425.11,542.45,0.0048741,0.031785,17.308,19448,26.891,15821,2,True,True
HD_53138,-1,87,0,lin,True,4,52941,0.39323,2.3791,441.91,522.13,0.0047126,0.032935,17.162,19476,26.891,15821,2,True,True
HD_53244,-1,7,0,log,False,0,15418,0.02,1.5073,5.4504,53357,0.047769,0.038934,0.064185,5651.3,24.454,16336,2,False,True
HD_53244,-1,7,0,log,True,0,15418,0.02,1.5073,5.4504,53357,0.047769,0.038934,0.064185,5651.3,24.454,16336,2,False,True
HD_53244,-1,7,0,lin,False,0,1506.2,0.22659,5.1287,9.6859,12.863,0.0013118,0.099062,0.34361,17138,24.454,16336,2,True,True
HD_53244,-1,7,0,lin,True,40,1373.6,0.22131,8.8944,8.2806,6.5448,0.00055297,0.15467,0.24017,22089,24.454,16336,2,True,True
HD_53244,-1,33,0,log,False,0,10455,0.02,1.3114,5.0126,23580,0.036249,0.031186,0.086985,7410.6,25.839,17446,2,False,True
HD_53244,-1,33,0,log,True,1,8716.3,0.02,1.4556,4.8199,27528,0.045446,0.040994,0.055119,5206.3,25.839,17446,2,False,True
HD_53244,-1,33,0,lin,False,0,1991.6,0.22134,9.7011,11.925,14.24,0.00080069,0.27081,0.54309,15265,25.839,17446,2,True,True
HD_53244,-1,33,0,lin,True,39,1941,0.23011,7.0761,9.1982,14.546,0.0010151,0.1642,0.49932,16394,25.839,17446,2,True,True
HD_53244,-1,87,0,log,False,0,10465,0.02,1.189,4.37,19087,0.032624,0.027966,0.13911,8607.6,25.628,16957,2,False,True
HD_53244,-1,87,0,log,True,0,10465,0.02,1.189,4.37,19087,0.032624,0.027966,0.13911,8607.6,25.628,16957,2,False,True
HD_53244,-1,87,0,lin,False,0,2060,0.22563,9.145,16.215,18.754,0.0010754,0.31436,0.71518,11803,25.628,16957,2,True,True
HD_53244,-1,87,0,lin,True,40,1973.6,0.24423,5.3972,13.88,21.442,0.0018156,0.14788,0.67452,12433,25.628,16957,2,True,True
HD_53975,-1,7,0,log,False,0,77.458,1.2785,1.1041,1e-07,6.2717,0.1707,0.040855,0.14462,10099,24.454,16341,2,True,True
HD_53975,-1,7,0,log,True,1,49.579,2.3316,1.193,1.0023e-07,2.9671,0.22498,0.046072,0.14404,10202,24.454,16341,2,True,True
HD_53975,-1,7,0,lin,False,0,1232.6,0.02,0.83306,0.86702,364.51,0.0094021,0.023724,0.31752,10575,24.454,16341,2,False,True
HD_53975,-1,7,0,lin,True,0,1232.6,0.02,0.83306,0.86702,364.51,0.0094021,0.023724,0.31752,10575,24.454,16341,2,False,True
HD_53975,-1,33,0,log,False,0,94.636,0.98079,1.1137,0.13715,8.0345,0.13173,0.035837,0.11743,11190,25.839,17454,2,True,True
HD_53975,-1,33,0,log,True,1,47.673,2.548,1.4086,0.68853,2.4021,0.18214,0.045026,0.090639,10779,25.839,17454,2,True,True
HD_53975,-1,33,0,lin,False,0,800.48,0.026517,0.76016,1e-07,208.58,0.012794,0.026939,0.42259,9651.9,25.839,17454,2,False,True
HD_53975,-1,33,0,lin,True,0,800.48,0.026517,0.76016,1e-07,208.58,0.012794,0.026939,0.42259,9651.9,25.839,17454,2,False,True
HD_53975,-1,87,0,log,False,0,62.427,2.1176,1.3422,0.32526,3.564,0.17423,0.041984,0.10104,11089,25.629,17060,2,True,True
HD_53975,-1,87,0,log,True,0,62.427,2.1176,1.3422,0.32526,3.564,0.17423,0.041984,0.10104,11089,25.629,17060,2,True,True
HD_53975,-1,87,0,lin,False,0,162.68,0.38379,0.86347,1e-07,7.1692,0.038141,0.024734,0.327,12135,25.629,17060,2,True,True
HD_53975,-1,87,0,lin,True,0,162.68,0.38379,0.86347,1e-07,7.1692,0.038141,0.024734,0.327,12135,25.629,17060,2,True,True
HD_54764,-1,7,0,log,False,0,1009.3,0.99788,1.9648,4.7526,64,0.054149,0.030617,0.099535,13519,24.454,16337,2,True,True
HD_54764,-1,7,0,log,True,0,1009.3,0.99788,1.9648,4.7526,64,0.054149,0.030617,0.099535,13519,24.454,16337,2,True,True
HD_54764,-1,7,0,lin,False,0,1440.8,0.77214,1.8556,6.8172,17.625,0.014225,0.031316,1.0736,14360,24.454,16337,2,True,True
HD_54764,-1,7,0,lin,True,0,1440.8,0.77214,1.8556,6.8172,17.625,0.014225,0.031316,1.0736,14360,24.454,16337,2,True,True
HD_54764,-1,33,0,log,False,0,942.6,1.1098,2.1502,3.4876,49.341,0.045606,0.027263,0.058882,16727,25.839,17453,2,True,True
HD_54764,-1,33,0,log,True,0,942.6,1.1098,2.1502,3.4876,49.341,0.045606,0.027263,0.058882,16727,25.839,17453,2,True,True
HD_54764,-1,33,0,lin,False,0,1453.9,0.77004,2.0556,7.3689,15.624,0.011808,0.033556,0.9695,15576,25.839,17453,2,True,True
HD_54764,-1,33,0,lin,True,0,1453.9,0.77004,2.0556,7.3689,15.624,0.011808,0.033556,0.9695,15576,25.839,17453,2,True,True
HD_54764,-1,87,0,log,False,0,1711.1,0.54118,1.5352,4.4472,161.77,0.050534,0.025663,0.19121,13437,25.628,17061,2,True,True
HD_54764,-1,87,0,log,True,0,1711.1,0.54118,1.5352,4.4472,161.77,0.050534,0.025663,0.19121,13437,25.628,17061,2,True,True
HD_54764,-1,87,0,lin,False,0,1981.8,0.54968,1.5309,5.22,31.923,0.014417,0.025289,1.3502,14708,25.628,17061,2,True,True
HD_54764,-1,87,0,lin,True,0,1981.8,0.54968,1.5309,5.22,31.923,0.014417,0.025289,1.3502,14708,25.628,17061,2,True,True
HD_54879,-1,7,0,log,False,0,4.7432,0.89191,2.376,0.62302,0.40888,0.077233,0.14841,0.0049432,2169.1,24.454,16341,2,True,True
HD_54879,-1,7,0,log,True,1,5.7675,0.61837,1.8842,0.61734,0.66292,0.07931,0.11277,0.0054769,2067.4,24.454,16341,2,True,True
HD_54879,-1,7,0,lin,False,0,5.9755,0.89323,2.2384,0.73022,0.10554,0.021715,0.067438,0.007661,7501.8,24.454,16341,2,True,True
HD_54879,-1,7,0,lin,True,0,5.9755,0.89323,2.2384,0.73022,0.10554,0.021715,0.067438,0.007661,7501.8,24.454,16341,2,True,True
HD_54879,-1,33,0,log,False,0,9.3506,0.46061,1.9336,0.54977,1.1451,0.056618,0.093428,0.004458,2809.5,25.839,17452,2,True,True
HD_54879,-1,33,0,log,True,0,9.3506,0.46061,1.9336,0.54977,1.1451,0.056618,0.093428,0.004458,2809.5,25.839,17452,2,True,True
HD_54879,-1,33,0,lin,False,0,9.6127,0.5575,2.1669,0.65692,0.13763,0.01076,0.045216,0.0063621,11983,25.839,17452,2,True,True
HD_54879,-1,33,0,lin,True,0,9.6127,0.5575,2.1669,0.65692,0.13763,0.01076,0.045216,0.0063621,11983,25.839,17452,2,True,True
HD_55879,-1,7,0,log,False,0,89.941,1.4954,1.1936,1e-07,6.4836,0.16666,0.039981,0.14272,10622,24.454,16343,2,True,True
HD_55879,-1,7,0,log,True,0,89.941,1.4954,1.1936,1e-07,6.4836,0.16666,0.039981,0.14272,10622,24.454,16343,2,True,True
HD_55879,-1,7,0,lin,False,0,131.29,1.0124,1.1305,0.3928,2.6747,0.039818,0.024706,0.26451,13220,24.454,16343,2,True,True
HD_55879,-1,7,0,lin,True,0,131.29,1.0124,1.1305,0.3928,2.6747,0.039818,0.024706,0.26451,13220,24.454,16343,2,True,True
HD_55879,-1,33,0,log,False,0,68.128,2.3007,1.3206,1e-07,3.6807,0.18219,0.040729,0.11961,11980,25.839,17452,2,True,True
HD_55879,-1,33,0,log,True,0,68.128,2.3007,1.3206,1e-07,3.6807,0.18219,0.040729,0.11961,11980,25.839,17452,2,True,True
HD_55879,-1,33,0,lin,False,0,152.38,0.72829,1.0374,1e-07,4.0232,0.039202,0.024932,0.30191,12550,25.839,17452,2,True,True
HD_55879,-1,33,0,lin,True,0,152.38,0.72829,1.0374,1e-07,4.0232,0.039202,0.024932,0.30191,12550,25.839,17452,2,True,True
HD_55879,-1,87,0,log,False,0,91.394,1.5411,1.2302,1e-07,6.0862,0.15416,0.037476,0.12469,11715,25.63,17050,2,True,True
HD_55879,-1,87,0,log,True,0,91.394,1.5411,1.2302,1e-07,6.0862,0.15416,0.037476,0.12469,11715,25.63,17050,2,True,True
HD_55879,-1,87,0,lin,False,0,144.27,0.91964,1.1008,1e-07,3.3226,0.041607,0.025936,0.30359,12530,25.63,17050,2,True,True
HD_55879,-1,87,0,lin,True,0,144.27,0.91964,1.1008,1e-07,3.3226,0.041607,0.025936,0.30359,12530,25.63,17050,2,True,True
HD_5689,-1,18,0,log,False,0,15.095,4.1072,2.0769,0.28334,0.52247,0.15014,0.049347,0.014617,12136,23.629,15108,2,True,True
HD_5689,-1,18,0,log,True,0,15.095,4.1072,2.0769,0.28334,0.52247,0.15014,0.049347,0.014617,12136,23.629,15108,2,True,True
HD_5689,-1,18,0,lin,False,0,22.622,2.831,1.7164,0.30866,0.3096,0.056953,0.041173,0.063747,11389,23.629,15108,2,True,True
HD_5689,-1,18,0,lin,True,0,22.622,2.831,1.7164,0.30866,0.3096,0.056953,0.041173,0.063747,11389,23.629,15108,2,True,True
HD_5689,-1,24,0,log,False,0,18.583,3.9065,2.2792,0.37192,0.5808,0.11841,0.045657,0.011395,14365,26.484,15937,2,True,True
HD_5689,-1,24,0,log,True,0,18.583,3.9065,2.2792,0.37192,0.5808,0.11841,0.045657,0.011395,14365,26.484,15937,2,True,True
HD_5689,-1,24,0,lin,False,0,26.433,2.9211,1.7084,0.10665,0.30774,0.049755,0.034983,0.065415,14430,26.484,15937,2,True,True
HD_5689,-1,24,0,lin,True,0,26.433,2.9211,1.7084,0.10665,0.30774,0.049755,0.034983,0.065415,14430,26.484,15937,2,True,True
HD_5689,-1,25,0,log,False,0,15.295,4.2623,2.2197,0.33624,0.46315,0.12998,0.046873,0.012081,13958,25.664,16852,2,True,True
HD_5689,-1,25,0,log,True,0,15.295,4.2623,2.2197,0.33624,0.46315,0.12998,0.046873,0.012081,13958,25.664,16852,2,True,True
HD_5689,-1,25,0,lin,False,0,22.05,3.1567,1.5985,1e-07,0.29093,0.060793,0.036422,0.069295,13222,25.664,16852,2,True,True
HD_5689,-1,25,0,lin,True,0,22.05,3.1567,1.5985,1e-07,0.29093,0.060793,0.036422,0.069295,13222,25.664,16852,2,True,True
HD_57061,-1,7,0,log,False,0,471.37,2.267,2.9823,9.9746,18.934,0.06804,0.064041,0.10395,11166,24.454,16341,2,True,True
HD_57061,-1,7,0,log,True,5,401.59,1.4445,2.1059,6.0092,21.128,0.069132,0.041941,0.091654,11271,24.454,16341,2,True,True
HD_57061,-1,7,0,lin,False,0,683.21,2.4906,5.9809,18.284,14.298,0.045264,0.51605,2.7273,2920.7,24.454,16341,2,True,True
HD_57061,-1,7,0,lin,True,4,812.84,0.6185,1.2846,1e-07,18.131,0.024964,0.027037,0.94446,11737,24.454,16341,2,True,True
HD_57061,-1,33,0,log,False,0,451.07,1.7755,2.4218,7.7511,20.985,0.069203,0.048833,0.098626,11552,25.839,17452,2,True,True
HD_57061,-1,33,0,log,True,3,476.86,0.97147,1.9554,6.6534,31.876,0.060116,0.041545,0.094063,10067,25.839,17452,2,True,True
HD_57061,-1,33,0,lin,False,0,570.85,1.9568,22.327,21.387,9.2104,0.014964,3.3067,1.84,3579.9,25.839,17452,2,True,True
HD_57061,-1,33,0,lin,True,11,818.45,0.51994,1.3575,3.2864,15.325,0.016877,0.023065,0.63045,14664,25.839,17452,2,True,True
HD_57061,-1,34,0,log,False,0,752.66,1.9111,2.5992,18.549,33.766,0.07084,0.058969,0.204,10236,24.961,16809,2,True,True
HD_57061,-1,34,0,log,True,3,1005.2,0.71344,1.6384,13.555,86.279,0.064,0.038747,0.25895,8981.6,24.961,16809,2,True,True
HD_57061,-1,34,0,lin,False,0,1017.9,1.8674,28.847,43.663,16.145,0.012445,4.8319,3.1995,3586.1,24.961,16809,2,True,True
HD_57061,-1,34,0,lin,True,10,1153.9,0.71237,1.5927,16.264,15.874,0.015918,0.0257,0.89082,15051,24.961,16809,2,True,True
HD_57061,-1,61,0,log,False,0,166.27,1.9853,2.0165,6.7625,8.5175,0.10712,0.057896,0.11537,8096.4,24.359,15975,2,True,True
HD_57061,-1,61,0,log,True,3,155.5,1.2438,1.7504,5.6055,10.357,0.093208,0.052445,0.096158,7267.1,24.359,15975,2,True,True
HD_57061,-1,61,0,lin,False,0,213,2.6057,4.7954,11.744,4.5032,0.053026,0.35815,0.84123,3111.6,24.359,15975,2,True,True
HD_57061,-1,61,0,lin,True,3,163.96,1.5755,2.3206,7.9614,1.8375,0.024142,0.050412,0.21181,11944,24.359,15975,2,True,True
HD_57539,-1,7,0,log,False,0,113.53,1.7574,2.9582,2.1773,5.1972,0.058976,0.06644,0.02071,10263,24.454,16338,2,True,True
HD_57539,-1,7,0,log,True,8,89.54,1.3562,2.1944,1.5474,4.8366,0.064822,0.046041,0.019692,10435,24.454,16338,2,True,True
HD_57539,-1,7,0,lin,False,0,177.88,1.8777,30,4.3285,2.2935,0.0099863,4.1727,0.45689,4995.5,24.454,16338,2,True,True
HD_57539,-1,7,0,lin,True,28,769.43,0.10818,1.2249,1.1504,50.459,0.0099998,0.023648,0.20671,12652,24.454,16338,2,False,True
HD_57682,-1,7,0,log,False,0,67.003,0.59203,0.91666,1e-07,9.1335,0.14903,0.042958,0.13386,8500.5,24.454,16340,2,True,True
HD_57682,-1,7,0,log,True,0,67.003,0.59203,0.91666,1e-07,9.1335,0.14903,0.042958,0.13386,8500.5,24.454,16340,2,True,True
HD_57682,-1,7,0,lin,False,0,129.71,0.21454,0.81465,1.0375e-07,7.3681,0.027577,0.022264,0.18756,12516,24.454,16340,2,True,True
HD_57682,-1,7,0,lin,True,0,129.71,0.21454,0.81465,1.0375e-07,7.3681,0.027577,0.022264,0.18756,12516,24.454,16340,2,True,True
HD_57682,-1,34,0,log,False,0,62.996,0.6572,0.91214,1e-07,8.2735,0.16237,0.044443,0.1446,8415.5,25.019,16870,2,True,True
HD_57682,-1,34,0,log,True,0,62.996,0.6572,0.91214,1e-07,8.2735,0.16237,0.044443,0.1446,8415.5,25.019,16870,2,True,True
HD_57682,-1,34,0,lin,False,0,565.89,0.02,0.75379,0.24159,134.65,0.0085853,0.020377,0.19165,12982,25.019,16870,2,False,True
HD_57682,-1,34,0,lin,True,0,565.89,0.02,0.75379,0.24159,134.65,0.0085853,0.020377,0.19165,12982,25.019,16870,2,False,True
HD_61068,-1,7,0,log,False,0,58.267,8.9787,6.2155,9.2554,1.4292,0.13326,0.29469,0.10805,6489.2,24.454,16334,2,True,True
HD_61068,-1,7,0,log,True,20,28.328,8.854,4.0333,2.1096,0.62576,0.14324,0.1153,0.035929,10487,24.454,16334,2,True,True
HD_61068,-1,7,0,lin,False,0,160.7,7.2333,30,14.713,5.3018,0.093801,10.178,2.1499,914.41,24.454,16334,2,True,True
HD_61068,-1,7,0,lin,True,19,169.05,1.2434,1.4412,2.3338,3.8319,0.048282,0.042568,0.39454,7967.4,24.454,16334,2,True,True
HD_61068,-1,34,0,log,False,0,94.097,8.7027,4.9255,6.02,1.9563,0.11548,0.1319,0.078406,11687,25.019,16898,2,True,True
HD_61068,-1,34,0,log,True,23,113.87,1.834,1.4012,0.93617,6.8161,0.14964,0.040678,0.13321,10850,25.019,16898,2,True,True
HD_61068,-1,34,0,lin,False,0,201.45,7.3084,30,12.891,5.271,0.075088,8.064,2.1491,1432.3,25.019,16898,2,True,True
HD_61068,-1,34,0,lin,True,21,237.01,0.92052,1.3108,2.0565,5.0237,0.035224,0.031012,0.40115,10713,25.019,16898,2,True,True
HD_61068,-1,61,0,log,False,0,104.46,8.914,4.3618,5.4446,2.3114,0.13391,0.1143,0.094173,11346,24.112,15852,2,True,True
HD_61068,-1,61,0,log,True,21,32.029,8.8274,4.005,1.9988,0.70106,0.14043,0.10766,0.035891,11096,24.112,15852,2,True,True
HD_61068,-1,61,0,lin,False,0,221.51,7.5881,23.9,14.231,7.6734,0.11461,7.4999,3.1601,844.96,24.112,15852,2,True,True
HD_61068,-1,61,0,lin,True,16,146.48,1.4531,1.1572,1.0001e-07,3.6767,0.06734,0.035623,0.51742,9393.3,24.112,15852,2,True,True
HD_61068,-1,88,0,log,False,0,81.722,9.159,4.9549,6.3684,1.6865,0.12238,0.14258,0.0842,11357,27.771,19434,2,True,True
HD_61068,-1,88,0,log,True,28,25.547,9.0726,4.3442,1.6389,0.49252,0.121,0.1061,0.024105,13301,27.771,19434,2,True,True
HD_61068,-1,88,0,lin,False,0,179.41,7.7063,23.371,12.941,5.5497,0.10487,6.4596,2.3019,1063.9,27.771,19434,2,True,True
HD_61068,-1,88,0,lin,True,25,185.41,1.191,1.5706,2.3657,3.2388,0.03432,0.037306,0.3067,10669,27.771,19434,2,True,True
HD_64568,-1,34,0,log,False,0,3.2898,4.9391,1.5565,0.17493,0.1375,0.27331,0.068212,0.016228,8014.5,25.033,16911,2,True,True
HD_64568,-1,34,0,log,True,0,3.2898,4.9391,1.5565,0.17493,0.1375,0.27331,0.068212,0.016228,8014.5,25.033,16911,2,True,True
HD_64568,-1,34,0,lin,False,0,5.5979,2.6524,1.0111,1e-07,0.15757,0.12085,0.039186,0.04356,9638.8,25.033,16911,2,True,True
HD_64568,-1,34,0,lin,True,0,5.5979,2.6524,1.0111,1e-07,0.15757,0.12085,0.039186,0.04356,9638.8,25.033,16911,2,True,True
HD_64568,-1,61,0,log,False,0,3.449,4.6413,1.6454,0.18113,0.13928,0.24278,0.065268,0.012902,8353.2,24.361,16049,2,True,True
HD_64568,-1,61,0,log,True,0,3.449,4.6413,1.6454,0.18113,0.13928,0.24278,0.065268,0.012902,8353.2,24.361,16049,2,True,True
HD_64568,-1,61,0,lin,False,0,5.0548,3.4838,1.1657,1.0003e-07,0.1112,0.11046,0.039255,0.035696,10483,24.361,16049,2,True,True
HD_64568,-1,61,0,lin,True,0,5.0548,3.4838,1.1657,1.0003e-07,0.1112,0.11046,0.039255,0.035696,10483,24.361,16049,2,True,True
HD_64568,-1,88,0,log,False,0,2.3068,6.6385,2.0982,0.19468,0.071214,0.22474,0.078241,0.0084532,8887.4,27.771,19431,2,True,True
HD_64568,-1,88,0,log,True,0,2.3068,6.6385,2.0982,0.19468,0.071214,0.22474,0.078241,0.0084532,8887.4,27.771,19431,2,True,True
HD_64568,-1,88,0,lin,False,0,2.9998,6.0309,1.7607,0.16959,0.048864,0.11323,0.056239,0.020144,10431,27.771,19431,2,True,True
HD_64568,-1,88,0,lin,True,0,2.9998,6.0309,1.7607,0.16959,0.048864,0.11323,0.056239,0.020144,10431,27.771,19431,2,True,True
HD_68450,-1,34,0,log,False,0,182.64,2.4976,1.8888,0.5675,7.3876,0.10296,0.032031,0.065612,16001,25.084,16982,2,True,True
HD_68450,-1,34,0,log,True,0,182.64,2.4976,1.8888,0.5675,7.3876,0.10296,0.032031,0.065612,16001,25.084,16982,2,True,True
HD_68450,-1,34,0,lin,False,0,518.05,0.56766,1.1441,1.0001e-07,11.398,0.024023,0.021402,0.58691,14667,25.084,16982,2,True,True
HD_68450,-1,34,0,lin,True,0,518.05,0.56766,1.1441,1.0001e-07,11.398,0.024023,0.021402,0.58691,14667,25.084,16982,2,True,True
HD_68450,-1,35,0,log,False,0,157.67,3.2422,2.0817,1.2177,5.6397,0.11446,0.038089,0.072346,14827,24.311,13794,2,True,True
HD_68450,-1,35,0,log,True,0,157.67,3.2422,2.0817,1.2177,5.6397,0.11446,0.038089,0.072346,14827,24.311,13794,2,True,True
HD_68450,-1,35,0,lin,False,0,195.8,3.0806,2.1772,2.5391,2.1101,0.044755,0.047757,0.4223,12567,24.311,13794,2,True,True
HD_68450,-1,35,0,lin,True,0,195.8,3.0806,2.1772,2.5391,2.1101,0.044755,0.047757,0.4223,12567,24.311,13794,2,True,True
HD_68450,-1,61,0,log,False,0,184.46,2.563,1.8798,0.62342,7.505,0.10755,0.033086,0.07317,15439,24.56,16530,2,True,True
HD_68450,-1,61,0,log,True,0,184.46,2.563,1.8798,0.62342,7.505,0.10755,0.033086,0.07317,15439,24.56,16530,2,True,True
HD_68450,-1,61,0,lin,False,0,295.79,1.586,1.5173,1e-07,3.8577,0.034151,0.028445,0.49061,14200,24.56,16530,2,True,True
HD_68450,-1,61,0,lin,True,0,295.79,1.586,1.5173,1e-07,3.8577,0.034151,0.028445,0.49061,14200,24.56,16530,2,True,True
HD_68450,-1,62,0,log,False,0,156.13,2.873,1.9566,1.0135,5.5994,0.10558,0.033828,0.067545,16243,25.711,17987,2,True,True
HD_68450,-1,62,0,log,True,0,156.13,2.873,1.9566,1.0135,5.5994,0.10558,0.033828,0.067545,16243,25.711,17987,2,True,True
HD_68450,-1,62,0,lin,False,0,330.76,1.0176,1.2289,1e-07,6.0578,0.03461,0.025134,0.56284,13890,25.711,17987,2,True,True
HD_68450,-1,62,0,lin,True,0,330.76,1.0176,1.2289,1e-07,6.0578,0.03461,0.025134,0.56284,13890,25.711,17987,2,True,True
HD_69106,-1,61,0,log,False,0,33.319,9.068,3.7436,1.5093,0.73905,0.14997,0.094964,0.036486,11766,24.29,16011,2,True,True
HD_69106,-1,61,0,log,True,7,35.744,4.7551,1.7856,0.11003,1.2488,0.19815,0.048254,0.062651,12606,24.29,16011,2,True,True
HD_69106,-1,61,0,lin,False,0,50.313,8.7827,29.858,4.3115,1.3212,0.088915,7.8704,0.59348,1417.4,24.29,16011,2,True,True
HD_69106,-1,61,0,lin,True,5,899.7,0.02,0.74329,1.0004e-07,276.89,0.011304,0.026606,0.42171,9665,24.29,16011,2,False,True
HD_69106,-1,62,0,log,False,0,31.019,8.9167,3.3495,1.3418,0.7023,0.16185,0.086353,0.041107,12016,25.711,18023,2,True,True
HD_69106,-1,62,0,log,True,7,31.378,5.3058,1.9487,0.32483,0.95554,0.18209,0.049031,0.050487,13527,25.711,18023,2,True,True
HD_69106,-1,62,0,lin,False,0,43.363,8.9493,24.87,4.1518,1.2078,0.10462,6.2906,0.54416,1288.7,25.711,18023,2,True,True
HD_69106,-1,62,0,lin,True,5,655.56,0.02,0.69496,1.0123e-07,224.42,0.01369,0.030895,0.46868,8563.6,25.711,18023,2,False,True
HD_69106,-1,88,0,log,False,0,31.254,8.4342,3.6007,1.5507,0.67086,0.13889,0.086932,0.032463,13119,27.771,19433,2,True,True
HD_69106,-1,88,0,log,True,6,38.557,4.1417,1.8117,0.23656,1.2982,0.16288,0.042191,0.047124,14791,27.771,19433,2,True,True
HD_69106,-1,88,0,lin,False,0,43.37,8.7975,26.9,3.874,1.1353,0.093311,6.6842,0.50843,1449.3,27.771,19433,2,True,True
HD_69106,-1,88,0,lin,True,4,704.37,0.02,0.70015,1e-07,232.74,0.013088,0.029657,0.46908,9345.4,27.771,19433,2,False,True
HD_69106,-1,89,0,log,False,0,27.111,8.993,3.4785,1.2402,0.5722,0.14877,0.084515,0.032385,13445,28.805,20254,2,True,True
HD_69106,-1,89,0,log,True,9,27.878,5.2685,1.9639,0.43626,0.82669,0.17589,0.049117,0.044937,14219,28.805,20254,2,True,True
HD_69106,-1,89,0,lin,False,0,40.175,8.9192,25.6,3.6307,1.1073,0.10181,6.5109,0.49857,1320.6,28.805,20254,2,True,True
HD_69106,-1,89,0,lin,True,4,749.75,0.02,0.73119,1.0085e-07,253.28,0.012664,0.029471,0.41609,9050.6,28.805,20254,2,False,True
HD_69464,-1,8,0,log,False,0,76.672,2.2155,2.6337,0.90647,2.9581,0.066244,0.04342,0.012046,14036,24.043,12951,2,True,True
HD_69464,-1,8,0,log,True,0,76.672,2.2155,2.6337,0.90647,2.9581,0.066244,0.04342,0.012046,14036,24.043,12951,2,True,True
HD_69464,-1,8,0,lin,False,0,113.22,1.6527,1.9828,0.46509,1.2813,0.027484,0.038827,0.15415,13010,24.043,12951,2,True,True
HD_69464,-1,8,0,lin,True,0,113.22,1.6527,1.9828,0.46509,1.2813,0.027484,0.038827,0.15415,13010,24.043,12951,2,True,True
HD_69464,-1,35,0,log,False,0,72.939,2.3697,2.5632,0.41964,2.637,0.064852,0.033952,0.0078879,17070,24.312,13791,2,True,True
HD_69464,-1,35,0,log,True,0,72.939,2.3697,2.5632,0.41964,2.637,0.064852,0.033952,0.0078879,17070,24.312,13791,2,True,True
HD_69464,-1,35,0,lin,False,0,110.63,1.5457,1.7601,1e-07,1.2019,0.026087,0.03,0.13999,15135,24.312,13791,2,True,True
HD_69464,-1,35,0,lin,True,0,110.63,1.5457,1.7601,1e-07,1.2019,0.026087,0.03,0.13999,15135,24.312,13791,2,True,True
HD_69464,-1,61,0,log,False,0,91.629,1.7694,2.1295,0.55956,4.1181,0.068982,0.032066,0.013949,15215,24.29,16011,2,True,True
HD_69464,-1,61,0,log,True,0,91.629,1.7694,2.1295,0.55956,4.1181,0.068982,0.032066,0.013949,15215,24.29,16011,2,True,True
HD_69464,-1,61,0,lin,False,0,167.48,0.84306,1.406,1e-07,2.6058,0.022863,0.024744,0.18214,14287,24.29,16011,2,True,True
HD_69464,-1,61,0,lin,True,0,167.48,0.84306,1.406,1e-07,2.6058,0.022863,0.024744,0.18214,14287,24.29,16011,2,True,True
HD_69464,-1,62,0,log,False,0,51.32,2.7589,2.7621,0.40484,1.7035,0.067681,0.038473,0.0064887,16980,25.007,17516,2,True,True
HD_69464,-1,62,0,log,True,0,51.32,2.7589,2.7621,0.40484,1.7035,0.067681,0.038473,0.0064887,16980,25.007,17516,2,True,True
HD_69464,-1,62,0,lin,False,0,75.521,1.984,1.9678,1e-07,0.78598,0.030167,0.036424,0.11078,14411,25.007,17516,2,True,True
HD_69464,-1,62,0,lin,True,11,75.498,1.9851,1.9692,1e-07,0.78522,0.030153,0.036449,0.1107,14419,25.007,17516,2,True,True
HD_74920,-1,8,0,log,False,0,76.2,3.7391,2.2648,0.92145,2.5147,0.11678,0.042654,0.037399,14401,24.354,13170,2,True,True
HD_74920,-1,8,0,log,True,0,76.2,3.7391,2.2648,0.92145,2.5147,0.11678,0.042654,0.037399,14401,24.354,13170,2,True,True
HD_74920,-1,8,0,lin,False,0,92.072,3.545,2.4849,2.0205,0.93504,0.045525,0.056765,0.2036,12383,24.354,13170,2,True,True
HD_74920,-1,8,0,lin,True,0,92.072,3.545,2.4849,2.0205,0.93504,0.045525,0.056765,0.2036,12383,24.354,13170,2,True,True
HD_74920,-1,9,0,log,False,0,56.344,4.3458,2.3078,0.60483,1.7217,0.12571,0.043438,0.031698,14914,24.497,16407,2,True,True
HD_74920,-1,9,0,log,True,0,56.344,4.3458,2.3078,0.60483,1.7217,0.12571,0.043438,0.031698,14914,24.497,16407,2,True,True
HD_74920,-1,9,0,lin,False,0,80.727,3.2003,1.7356,1e-07,1.0134,0.057465,0.039295,0.23267,12727,24.497,16407,2,True,True
HD_74920,-1,9,0,lin,True,0,80.727,3.2003,1.7356,1e-07,1.0134,0.057465,0.039295,0.23267,12727,24.497,16407,2,True,True
HD_76556,-1,8,0,log,False,0,69.444,3.3604,2.2194,1.121,2.403,0.11205,0.043592,0.034957,13640,24.356,13173,2,True,True
HD_76556,-1,8,0,log,True,0,69.444,3.3604,2.2194,1.121,2.403,0.11205,0.043592,0.034957,13640,24.356,13173,2,True,True
HD_76556,-1,8,0,lin,False,0,130.55,1.6761,1.4293,1e-07,2.1812,0.047074,0.033705,0.30333,11413,24.356,13173,2,True,True
HD_76556,-1,8,0,lin,True,0,130.55,1.6761,1.4293,1e-07,2.1812,0.047074,0.033705,0.30333,11413,24.356,13173,2,True,True
HD_90273,-1,9,0,log,False,0,8.9815,3.1572,1.3623,0.085481,0.44411,0.22928,0.049966,0.026136,10077,24.592,16523,2,True,True
HD_90273,-1,9,0,log,True,0,8.9815,3.1572,1.3623,0.085481,0.44411,0.22928,0.049966,0.026136,10077,24.592,16523,2,True,True
HD_90273,-1,9,0,lin,False,0,13.208,2.2255,1.1741,1e-07,0.28507,0.081189,0.035358,0.060264,10541,24.592,16523,2,True,True
HD_90273,-1,9,0,lin,True,0,13.208,2.2255,1.1741,1e-07,0.28507,0.081189,0.035358,0.060264,10541,24.592,16523,2,True,True
HD_90273,-1,10,0,log,False,0,9.9967,3.1713,1.5163,0.16766,0.45209,0.19416,0.048337,0.020451,10666,25.239,16346,2,True,True
HD_90273,-1,10,0,log,True,0,9.9967,3.1713,1.5163,0.16766,0.45209,0.19416,0.048337,0.020451,10666,25.239,16346,2,True,True
HD_90273,-1,10,0,lin,False,0,17.648,1.38,1.0351,1e-07,0.40574,0.061379,0.027543,0.059544,12711,25.239,16346,2,True,True
HD_90273,-1,10,0,lin,True,0,17.648,1.38,1.0351,1e-07,0.40574,0.061379,0.027543,0.059544,12711,25.239,16346,2,True,True
HD_90273,-1,37,0,log,False,0,9.4217,3.1594,1.4157,0.0663,0.44774,0.21341,0.047652,0.022683,10839,25.325,17338,2,True,True
HD_90273,-1,37,0,log,True,0,9.4217,3.1594,1.4157,0.0663,0.44774,0.21341,0.047652,0.022683,10839,25.325,17338,2,True,True
HD_90273,-1,37,0,lin,False,0,11.241,3.0143,1.3392,0.030558,0.18349,0.074686,0.034522,0.047076,12458,25.325,17338,2,True,True
HD_90273,-1,37,0,lin,True,0,11.241,3.0143,1.3392,0.030558,0.18349,0.074686,0.034522,0.047076,12458,25.325,17338,2,True,True
HD_91572,-1,36,0,log,False,0,22.024,1.7968,1.19,1.0009e-07,1.4328,0.18522,0.041373,0.044285,10752,24.437,16357,2,True,True
HD_91572,-1,36,0,log,True,0,22.024,1.7968,1.19,1.0009e-07,1.4328,0.18522,0.041373,0.044285,10752,24.437,16357,2,True,True
HD_91572,-1,36,0,lin,False,0,42.368,0.57544,0.90083,1e-07,1.4564,0.043752,0.024503,0.098772,12427,24.437,16357,2,True,True
HD_91572,-1,36,0,lin,True,0,42.368,0.57544,0.90083,1e-07,1.4564,0.043752,0.024503,0.098772,12427,24.437,16357,2,True,True
HD_91572,-1,37,0,log,False,0,13.082,3.6187,1.5637,0.22699,0.57084,0.20985,0.051755,0.030162,10352,25.323,17336,2,True,True
HD_91572,-1,37,0,log,True,0,13.082,3.6187,1.5637,0.22699,0.57084,0.20985,0.051755,0.030162,10352,25.323,17336,2,True,True
HD_91572,-1,37,0,lin,False,0,18.681,2.5219,1.203,1e-07,0.34247,0.07513,0.032036,0.080082,12580,25.323,17336,2,True,True
HD_91572,-1,37,0,lin,True,0,18.681,2.5219,1.203,1e-07,0.34247,0.07513,0.032036,0.080082,12580,25.323,17336,2,True,True
HD_91572,-1,63,0,log,False,0,11.085,4.428,1.7327,0.27642,0.42598,0.21118,0.056245,0.026152,10501,26.531,18358,2,True,True
HD_91572,-1,63,0,log,True,0,11.085,4.428,1.7327,0.27642,0.42598,0.21118,0.056245,0.026152,10501,26.531,18358,2,True,True
HD_91572,-1,63,0,lin,False,0,19.612,2.153,1.1362,1e-07,0.41298,0.07779,0.032681,0.086687,11893,26.531,18358,2,True,True
HD_91572,-1,63,0,lin,True,0,19.612,2.153,1.1362,1e-07,0.41298,0.07779,0.032681,0.086687,11893,26.531,18358,2,True,True
HD_91572,-1,64,0,log,False,0,17.613,2.4543,1.2982,1.0034e-07,0.91348,0.19084,0.041211,0.035865,12248,26.916,18853,2,True,True
HD_91572,-1,64,0,log,True,0,17.613,2.4543,1.2982,1.0034e-07,0.91348,0.19084,0.041211,0.035865,12248,26.916,18853,2,True,True
HD_91572,-1,64,0,lin,False,0,27.403,1.3859,1.0971,1.001e-07,0.55675,0.053336,0.026362,0.078045,13649,26.916,18853,2,True,True
HD_91572,-1,64,0,lin,True,0,27.403,1.3859,1.0971,1.001e-07,0.55675,0.053336,0.026362,0.078045,13649,26.916,18853,2,True,True
HD_91837,-1,10,0,log,False,0,20.874,1.6408,1.642,0.74053,1.2837,0.12312,0.051509,0.019859,7900.1,25.374,16457,2,True,True
HD_91837,-1,10,0,log,True,3,11.254,3.3335,2.2385,0.79789,0.44928,0.13993,0.071966,0.014024,7912.8,25.374,16457,2,True,True
HD_91837,-1,10,0,lin,False,0,960.17,0.02,1.1461,1.3847,330.86,0.0073461,0.022167,0.053301,13553,25.374,16457,2,False,True
HD_91837,-1,10,0,lin,True,8,1397.4,0.02,1.3384,1.547,538.19,0.0067786,0.021751,0.036077,16313,25.374,16457,2,False,True
HD_91837,-1,36,0,log,False,0,14.932,2.3444,1.7024,0.28869,0.74853,0.13964,0.046068,0.014048,10256,24.437,16354,2,True,True
HD_91837,-1,36,0,log,True,2,10.609,3.3486,2.0106,0.34177,0.42235,0.14524,0.054149,0.01103,10231,24.437,16354,2,True,True
HD_91837,-1,36,0,lin,False,0,328.95,0.02,0.82675,1.0166e-07,86.008,0.0083933,0.021081,0.077831,12193,24.437,16354,2,False,True
HD_91837,-1,36,0,lin,True,1,333.35,0.02,0.83221,1.0004e-07,85.51,0.0081663,0.020593,0.074874,12535,24.437,16354,2,False,True
HD_91837,-1,37,0,log,False,0,26.354,0.83813,1.1651,0.17711,2.5927,0.12282,0.039075,0.027155,9302,25.325,17337,2,True,True
HD_91837,-1,37,0,log,True,6,6.6439,4.7755,2.2148,0.44419,0.22081,0.17003,0.069176,0.01178,9252.6,25.325,17337,2,True,True
HD_91837,-1,37,0,lin,False,0,8270.1,0.02,2.1837,1.8355,14412,0.01701,0.046995,0.037714,14854,25.325,17337,2,False,True
HD_91837,-1,37,0,lin,True,36,10750,0.02,2.3314,1.3753,18009,0.015158,0.038643,0.027817,19620,25.325,17337,2,False,True
HD_91837,-1,63,0,log,False,0,11.141,2.9492,1.8032,0.34379,0.47869,0.14944,0.050514,0.013315,10453,26.531,18350,2,True,True
HD_91837,-1,63,0,log,True,4,11.462,2.6833,1.7855,0.39431,0.50681,0.14066,0.050038,0.012971,10204,26.531,18350,2,True,True
HD_91837,-1,63,0,lin,False,0,226.13,0.02,0.76705,1.001e-07,59.8,0.0093316,0.022376,0.078164,11938,26.531,18350,2,False,True
HD_91837,-1,63,0,lin,True,3,235.6,0.02,0.78532,1.0035e-07,56.392,0.0081984,0.019944,0.065722,13535,26.531,18350,2,False,True
HD_92504,-1,36,0,log,False,0,4.3397,4.5969,1.8654,0.38694,0.16952,0.21789,0.074208,0.013897,7320.1,24.437,16351,2,True,True
HD_92504,-1,36,0,log,True,0,4.3397,4.5969,1.8654,0.38694,0.16952,0.21789,0.074208,0.013897,7320.1,24.437,16351,2,True,True
HD_92504,-1,36,0,lin,False,0,4.9101,4.9538,2.601,0.60322,0.067594,0.080507,0.085526,0.019316,8338.8,24.437,16351,2,True,True
HD_92504,-1,36,0,lin,True,0,4.9101,4.9538,2.601,0.60322,0.067594,0.080507,0.085526,0.019316,8338.8,24.437,16351,2,True,True
HD_92504,-1,37,0,log,False,0,5.8954,4.0821,1.9105,0.34792,0.22453,0.18345,0.063452,0.01211,8882.6,25.325,17337,2,True,True
HD_92504,-1,37,0,log,True,0,5.8954,4.0821,1.9105,0.34792,0.22453,0.18345,0.063452,0.01211,8882.6,25.325,17337,2,True,True
HD_92504,-1,37,0,lin,False,0,6.8638,4.2127,2.1268,0.47566,0.089233,0.070372,0.057914,0.023815,10489,25.325,17337,2,True,True
HD_92504,-1,37,0,lin,True,0,6.8638,4.2127,2.1268,0.47566,0.089233,0.070372,0.057914,0.023815,10489,25.325,17337,2,True,True
HD_92504,-1,63,0,log,False,0,6.844,3.2194,1.7412,0.29249,0.28681,0.16716,0.054035,0.011524,9755,26.531,18356,2,True,True
HD_92504,-1,63,0,log,True,0,6.844,3.2194,1.7412,0.29249,0.28681,0.16716,0.054035,0.011524,9755,26.531,18356,2,True,True
HD_92504,-1,63,0,lin,False,0,8.0351,3.3895,2.1388,0.48107,0.10889,0.061438,0.059157,0.023834,9994.7,26.531,18356,2,True,True
HD_92504,-1,63,0,lin,True,0,8.0351,3.3895,2.1388,0.48107,0.10889,0.061438,0.059157,0.023834,9994.7,26.531,18356,2,True,True
HD_92504,-1,64,0,log,False,0,6.1433,3.0659,1.6254,0.29767,0.27735,0.18149,0.055706,0.012882,9005.4,26.916,18854,2,True,True
HD_92504,-1,64,0,log,True,1,5.2128,3.6573,1.7148,0.30465,0.21519,0.1922,0.060147,0.012467,8857.6,26.916,18854,2,True,True
HD_92504,-1,64,0,lin,False,0,6.8686,3.6343,2.1186,0.47256,0.10107,0.07089,0.063896,0.02363,9090.2,26.916,18854,2,True,True
HD_92504,-1,64,0,lin,True,0,6.8686,3.6343,2.1186,0.47256,0.10107,0.07089,0.063896,0.02363,9090.2,26.916,18854,2,True,True
HD_92607,-1,10,0,log,False,0,175.37,2.0346,2.5794,7.8658,8.68,0.089088,0.079118,0.089766,7253.8,25.371,16456,2,True,True
HD_92607,-1,10,0,log,True,3,8.4818,3.1844,1.7947,0.59012,0.38306,0.17771,0.065233,0.017275,7525.7,25.371,16456,2,True,True
HD_92607,-1,10,0,lin,False,0,447.42,1.9125,30,14.125,10.446,0.01842,7.5565,2.1016,1800.2,25.371,16456,2,True,True
HD_92607,-1,10,0,lin,True,3,36.634,0.24988,0.76251,1e-07,2.3646,0.038969,0.026036,0.08162,11206,25.371,16456,2,True,True
HD_93190,-1,10,0,log,False,0,15.432,2.0917,2.4119,0.52192,0.69224,0.084952,0.06024,0.0064869,9423.2,25.374,16454,2,True,True
HD_93190,-1,10,0,log,True,2,17.167,1.7624,2.3172,0.52423,0.83626,0.078341,0.057209,0.0063448,9253.1,25.374,16454,2,True,True
HD_93190,-1,10,0,lin,False,0,41.673,0.55365,1.1113,1e-07,1.1047,0.028677,0.024418,0.056739,12432,25.374,16454,2,True,True
HD_93190,-1,10,0,lin,True,3,39.912,0.59758,1.1894,0.074748,0.88661,0.025032,0.023455,0.046898,13401,25.374,16454,2,True,True
HD_93190,-1,36,0,log,False,0,24.065,1.4837,2.0217,0.48427,1.3145,0.078356,0.045603,0.0078138,9998.3,24.437,16357,2,True,True
HD_93190,-1,36,0,log,True,1,24.611,1.4396,2.0331,0.48879,1.3539,0.075898,0.045518,0.0075822,9999,24.437,16357,2,True,True
HD_93190,-1,36,0,lin,False,0,35.533,1.115,1.7853,0.55401,0.50109,0.024421,0.037009,0.04316,11714,24.437,16357,2,True,True
HD_93190,-1,36,0,lin,True,1,35.292,1.1258,1.8272,0.55911,0.4824,0.023632,0.037485,0.041818,11877,24.437,16357,2,True,True
HD_93190,-1,37,0,log,False,0,29.657,1.1217,1.886,0.47826,1.8974,0.070338,0.041982,0.0080021,9902.7,25.325,17330,2,True,True
HD_93190,-1,37,0,log,True,3,16.539,1.8371,2.149,0.47868,0.8024,0.086139,0.051849,0.0070015,9723.8,25.325,17330,2,True,True
HD_93190,-1,37,0,lin,False,0,52.919,0.75505,1.8923,0.74228,1.0468,0.022233,0.052251,0.062563,8029.5,25.325,17330,2,True,True
HD_93190,-1,37,0,lin,True,1,52.822,0.75722,1.9122,0.73521,1.0329,0.021924,0.052762,0.062023,8058.4,25.325,17330,2,True,True
HD_93190,-1,63,0,log,False,0,21.407,1.7983,2.3269,0.49988,0.94387,0.070496,0.048319,0.0060064,11539,26.531,18355,2,True,True
HD_93190,-1,63,0,log,True,3,14.353,2.366,2.5928,0.47276,0.54637,0.077789,0.057766,0.0052281,11249,26.531,18355,2,True,True
HD_93190,-1,63,0,lin,False,0,39,1.0874,1.8452,0.53235,0.68495,0.029176,0.04862,0.057474,8920.4,26.531,18355,2,True,True
HD_93190,-1,63,0,lin,True,1,38.921,1.089,1.8664,0.53439,0.67562,0.028717,0.049081,0.056739,8955.5,26.531,18355,2,True,True
HD_93222,-1,36,0,log,False,0,19.201,2.8669,1.6096,0.31829,0.87154,0.16576,0.045742,0.026865,10956,24.437,16356,2,True,True
HD_93222,-1,36,0,log,True,0,19.201,2.8669,1.6096,0.31829,0.87154,0.16576,0.045742,0.026865,10956,24.437,16356,2,True,True
HD_93222,-1,36,0,lin,False,0,35.914,1.2372,1.1174,1e-07,0.782,0.051402,0.027899,0.096213,12042,24.437,16356,2,True,True
HD_93222,-1,36,0,lin,True,0,35.914,1.2372,1.1174,1e-07,0.782,0.051402,0.027899,0.096213,12042,24.437,16356,2,True,True
HD_93222,-1,37,0,log,False,0,17.226,3.1282,1.6762,0.36929,0.73716,0.16692,0.047762,0.024998,10966,25.325,17338,2,True,True
HD_93222,-1,37,0,log,True,0,17.226,3.1282,1.6762,0.36929,0.73716,0.16692,0.047762,0.024998,10966,25.325,17338,2,True,True
HD_93222,-1,37,0,lin,False,0,24.336,2.3659,1.3208,0.017408,0.40981,0.064768,0.033068,0.084251,12206,25.325,17338,2,True,True
HD_93222,-1,37,0,lin,True,0,24.336,2.3659,1.3208,0.017408,0.40981,0.064768,0.033068,0.084251,12206,25.325,17338,2,True,True
HD_93222,-1,63,0,log,False,0,19.79,2.6146,1.5494,0.28763,0.9,0.15494,0.042056,0.025846,12061,26.531,18357,2,True,True
HD_93222,-1,63,0,log,True,0,19.79,2.6146,1.5494,0.28763,0.9,0.15494,0.042056,0.025846,12061,26.531,18357,2,True,True
HD_93222,-1,63,0,lin,False,0,36.824,1.1206,1.0944,1.0007e-07,0.80353,0.047517,0.026231,0.09085,13095,26.531,18357,2,True,True
HD_93222,-1,63,0,lin,True,0,36.824,1.1206,1.0944,1.0007e-07,0.80353,0.047517,0.026231,0.09085,13095,26.531,18357,2,True,True
HD_93222,-1,64,0,log,False,0,16.277,3.305,1.6698,0.29636,0.64121,0.16297,0.044703,0.023371,12402,26.917,18851,2,True,True
HD_93222,-1,64,0,log,True,0,16.277,3.305,1.6698,0.29636,0.64121,0.16297,0.044703,0.023371,12402,26.917,18851,2,True,True
HD_93222,-1,64,0,lin,False,0,23.271,2.4342,1.3394,0.012451,0.38114,0.064186,0.033038,0.079721,12708,26.917,18851,2,True,True
HD_93222,-1,64,0,lin,True,0,23.271,2.4342,1.3394,0.012451,0.38114,0.064186,0.033038,0.079721,12708,26.917,18851,2,True,True
HD_93250,-1,36,0,log,False,0,43.547,5.0713,2.2844,0.58931,1.2553,0.14391,0.047449,0.036479,14285,24.437,16351,2,True,True
HD_93250,-1,36,0,log,True,0,43.547,5.0713,2.2844,0.58931,1.2553,0.14391,0.047449,0.036479,14285,24.437,16351,2,True,True
HD_93250,-1,36,0,lin,False,0,70.289,3.1255,1.5472,1.0001e-07,1.0793,0.070648,0.040323,0.26006,11385,24.437,16351,2,True,True
HD_93250,-1,36,0,lin,True,0,70.289,3.1255,1.5472,1.0001e-07,1.0793,0.070648,0.040323,0.26006,11385,24.437,16351,2,True,True
HD_93250,-1,37,0,log,False,0,43.55,5.0261,2.2331,0.55785,1.2312,0.14236,0.045583,0.037299,14959,25.325,17336,2,True,True
HD_93250,-1,37,0,log,True,1,44.153,4.9391,2.1891,0.5017,1.2675,0.14384,0.044786,0.03832,15005,25.325,17336,2,True,True
HD_93250,-1,37,0,lin,False,0,79.155,2.4878,1.3882,1e-07,1.3666,0.068278,0.036863,0.28467,11414,25.325,17336,2,True,True
HD_93250,-1,37,0,lin,True,0,79.155,2.4878,1.3882,1e-07,1.3666,0.068278,0.036863,0.28467,11414,25.325,17336,2,True,True
HD_93250,-1,63,0,log,False,0,38.477,5.494,2.4403,0.82431,0.97462,0.13275,0.048737,0.032102,15446,26.531,18357,2,True,True
HD_93250,-1,63,0,log,True,0,38.477,5.494,2.4403,0.82431,0.97462,0.13275,0.048737,0.032102,15446,26.531,18357,2,True,True
HD_93250,-1,63,0,lin,False,0,47.968,5.0738,2.1264,0.49072,0.5296,0.068518,0.050204,0.16793,13215,26.531,18357,2,True,True
HD_93250,-1,63,0,lin,True,0,47.968,5.0738,2.1264,0.49072,0.5296,0.068518,0.050204,0.16793,13215,26.531,18357,2,True,True
HD_93250,-1,64,0,log,False,0,40.091,5.3046,2.4323,0.62781,1.0659,0.13277,0.047318,0.029234,15718,26.916,18853,2,True,True
HD_93250,-1,64,0,log,True,0,40.091,5.3046,2.4323,0.62781,1.0659,0.13277,0.047318,0.029234,15718,26.916,18853,2,True,True
HD_93250,-1,64,0,lin,False,0,53.107,4.5467,1.9139,1e-07,0.63445,0.069672,0.045721,0.19181,13145,26.916,18853,2,True,True
HD_93250,-1,64,0,lin,True,0,53.107,4.5467,1.9139,1e-07,0.63445,0.069672,0.045721,0.19181,13145,26.916,18853,2,True,True
HD_93521,-1,48,0,log,False,0,66.635,5.9003,2.364,0.53198,1.8019,0.15346,0.048271,0.059198,15353,26.121,15503,2,True,True
HD_93521,-1,48,0,log,True,5,69.972,5.3207,2.2674,0.48305,1.9718,0.14722,0.04499,0.056497,15638,26.121,15503,2,True,True
HD_93521,-1,48,0,lin,False,0,86.561,5.4747,2.2247,0.57363,1.181,0.088689,0.066949,0.39325,9873.8,26.121,15503,2,True,True
HD_93521,-1,48,0,lin,True,4,85.076,5.263,2.5055,1.5163,1.0161,0.073874,0.070287,0.31023,10599,26.121,15503,2,True,True
HD_93843,-1,10,0,log,False,0,88.88,3.4441,2.3205,1.6945,2.9723,0.108,0.045499,0.043062,13797,25.371,16457,2,True,True
HD_93843,-1,10,0,log,True,1,66.345,4.5076,2.6632,1.5235,1.9061,0.11273,0.052338,0.034407,14077,25.371,16457,2,True,True
HD_93843,-1,10,0,lin,False,0,266.71,0.81994,1.2143,1e-07,7.3325,0.04231,0.034192,0.54517,9008.1,25.371,16457,2,True,True
HD_93843,-1,10,0,lin,True,0,266.71,0.81994,1.2143,1e-07,7.3325,0.04231,0.034192,0.54517,9008.1,25.371,16457,2,True,True
HD_93843,-1,11,0,log,False,0,121.75,2.8189,2.3143,2.4062,4.4257,0.094309,0.04498,0.047213,13477,26.148,16876,2,True,True
HD_93843,-1,11,0,log,True,1,96.848,3.3384,2.4071,1.8596,3.0675,0.095732,0.043652,0.038364,14880,26.148,16876,2,True,True
HD_93843,-1,11,0,lin,False,0,351.29,0.6749,1.1971,1e-07,8.9998,0.032626,0.028798,0.54458,10928,26.148,16876,2,True,True
HD_93843,-1,11,0,lin,True,0,351.29,0.6749,1.1971,1e-07,8.9998,0.032626,0.028798,0.54458,10928,26.148,16876,2,True,True
HD_93843,-1,63,0,log,False,0,127.57,2.3521,1.931,1.3539,5.4109,0.10222,0.03726,0.053968,14103,26.531,18355,2,True,True
HD_93843,-1,63,0,log,True,2,88.382,3.3894,2.3471,1.1543,2.8042,0.097448,0.039858,0.031738,16027,26.531,18355,2,True,True
HD_93843,-1,63,0,lin,False,0,350.17,0.62307,1.1827,1e-07,10.544,0.035547,0.032099,0.58789,9417.5,26.531,18355,2,True,True
HD_93843,-1,63,0,lin,True,0,350.17,0.62307,1.1827,1e-07,10.544,0.035547,0.032099,0.58789,9417.5,26.531,18355,2,True,True
HD_93843,-1,64,0,log,False,0,116.93,2.53,1.917,0.64125,4.4979,0.099181,0.032373,0.043275,16603,26.915,18851,2,True,True
HD_93843,-1,64,0,log,True,1,99.044,2.9577,2.0295,0.79176,3.4829,0.10386,0.035002,0.041014,16412,26.915,18851,2,True,True
HD_93843,-1,64,0,lin,False,0,257.74,1.02,1.3471,1e-07,6.9316,0.04879,0.042573,0.606,7524.2,26.915,18851,2,True,True
HD_93843,-1,64,0,lin,True,1,142.63,2.2247,1.6303,1e-07,1.8891,0.045701,0.035035,0.31895,13263,26.915,18851,2,True,True
HD_94963,-1,63,0,log,False,0,127.3,2.7711,2.3292,1.6194,4.5375,0.087587,0.039706,0.036237,15250,26.531,18351,2,True,True
HD_94963,-1,63,0,log,True,0,127.3,2.7711,2.3292,1.6194,4.5375,0.087587,0.039706,0.036237,15250,26.531,18351,2,True,True
HD_94963,-1,63,0,lin,False,0,400.95,0.54917,1.1427,1e-07,9.3649,0.024648,0.022327,0.46409,14376,26.531,18351,2,True,True
HD_94963,-1,63,0,lin,True,0,400.95,0.54917,1.1427,1e-07,9.3649,0.024648,0.022327,0.46409,14376,26.531,18351,2,True,True
HD_94963,-1,64,0,log,False,0,130.01,3.1487,2.4478,0.80717,3.9893,0.079994,0.032936,0.024315,19082,26.917,18851,2,True,True
HD_94963,-1,64,0,log,True,0,130.01,3.1487,2.4478,0.80717,3.9893,0.079994,0.032936,0.024315,19082,26.917,18851,2,True,True
HD_94963,-1,64,0,lin,False,0,204.32,1.966,1.6964,1e-07,2.3754,0.035453,0.031856,0.35003,14988,26.917,18851,2,True,True
HD_94963,-1,64,0,lin,True,0,204.32,1.966,1.6964,1e-07,2.3754,0.035453,0.031856,0.35003,14988,26.917,18851,2,True,True
HD_96715,-1,10,0,log,False,0,9.1647,7.0245,1.8305,0.22548,0.29397,0.25948,0.067674,0.039868,10108,25.374,16456,2,True,True
HD_96715,-1,10,0,log,True,0,9.1647,7.0245,1.8305,0.22548,0.29397,0.25948,0.067674,0.039868,10108,25.374,16456,2,True,True
HD_96715,-1,10,0,lin,False,0,12.425,5.7575,1.4669,1.0034e-07,0.23031,0.12373,0.048497,0.10036,10626,25.374,16456,2,True,True
HD_96715,-1,10,0,lin,True,0,12.425,5.7575,1.4669,1.0034e-07,0.23031,0.12373,0.048497,0.10036,10626,25.374,16456,2,True,True
HD_96715,-1,11,0,log,False,0,9.4294,6.6851,1.8295,0.29379,0.30445,0.25125,0.066789,0.038676,10149,26.15,16881,2,True,True
HD_96715,-1,11,0,log,True,0,9.4294,6.6851,1.8295,0.29379,0.30445,0.25125,0.066789,0.038676,10149,26.15,16881,2,True,True
HD_96715,-1,11,0,lin,False,0,13.6,5.3267,1.4377,1.001e-07,0.282,0.13272,0.052508,0.11618,9370.4,26.15,16881,2,True,True
HD_96715,-1,11,0,lin,True,0,13.6,5.3267,1.4377,1.001e-07,0.282,0.13272,0.052508,0.11618,9370.4,26.15,16881,2,True,True
HD_96715,-1,37,0,log,False,0,12.081,4.6701,1.519,0.12566,0.4972,0.25887,0.056959,0.044364,10132,25.321,17336,2,True,True
HD_96715,-1,37,0,log,True,1,12.071,4.6312,1.5367,0.15176,0.49553,0.2545,0.057068,0.042725,10081,25.321,17336,2,True,True
HD_96715,-1,37,0,lin,False,0,17.153,3.294,1.2257,1e-07,0.34942,0.099163,0.03865,0.10333,10915,25.321,17336,2,True,True
HD_96715,-1,37,0,lin,True,0,17.153,3.294,1.2257,1e-07,0.34942,0.099163,0.03865,0.10333,10915,25.321,17336,2,True,True
HD_96715,-1,63,0,log,False,0,9.5002,6.2028,1.6999,0.13702,0.3161,0.2522,0.06008,0.037623,11076,26.531,18353,2,True,True
HD_96715,-1,63,0,log,True,0,9.5002,6.2028,1.6999,0.13702,0.3161,0.2522,0.06008,0.037623,11076,26.531,18353,2,True,True
HD_96715,-1,63,0,lin,False,0,12.5,5.2434,1.4353,1e-07,0.23473,0.1192,0.047396,0.095487,10707,26.531,18353,2,True,True
HD_96715,-1,63,0,lin,True,0,12.5,5.2434,1.4353,1e-07,0.23473,0.1192,0.047396,0.095487,10707,26.531,18353,2,True,True
HD_97253,-1,10,0,log,False,0,172.36,2.689,2.4392,2.0355,6.2913,0.082809,0.040916,0.04042,14801,25.371,16451,2,True,True
HD_97253,-1,10,0,log,True,0,172.36,2.689,2.4392,2.0355,6.2913,0.082809,0.040916,0.04042,14801,25.371,16451,2,True,True
HD_97253,-1,10,0,lin,False,0,283.5,1.6753,1.7378,0.60268,3.2629,0.029991,0.031666,0.41073,14484,25.371,16451,2,True,True
HD_97253,-1,10,0,lin,True,0,283.5,1.6753,1.7378,0.60268,3.2629,0.029991,0.031666,0.41073,14484,25.371,16451,2,True,True
HD_97253,-1,37,0,log,False,0,150.28,3.1303,2.5687,0.92919,4.9604,0.081584,0.036288,0.025245,17297,25.321,17333,2,True,True
HD_97253,-1,37,0,log,True,0,150.28,3.1303,2.5687,0.92919,4.9604,0.081584,0.036288,0.025245,17297,25.321,17333,2,True,True
HD_97253,-1,37,0,lin,False,0,170.55,3.3681,3.426,2.7955,1.4246,0.031384,0.079835,0.2949,13491,25.321,17333,2,True,True
HD_97253,-1,37,0,lin,True,0,170.55,3.3681,3.426,2.7955,1.4246,0.031384,0.079835,0.2949,13491,25.321,17333,2,True,True
HD_97253,-1,64,0,log,False,0,114.09,3.8509,2.8801,1.2144,3.1462,0.080637,0.041412,0.022593,18226,26.917,18850,2,True,True
HD_97253,-1,64,0,log,True,0,114.09,3.8509,2.8801,1.2144,3.1462,0.080637,0.041412,0.022593,18226,26.917,18850,2,True,True
HD_97253,-1,64,0,lin,False,0,155.93,3.253,2.429,0.86217,1.491,0.040062,0.050996,0.30384,14035,26.917,18850,2,True,True
HD_97253,-1,64,0,lin,True,0,155.93,3.253,2.429,0.86217,1.491,0.040062,0.050996,0.30384,14035,26.917,18850,2,True,True
HD_97848,-1,10,0,log,False,0,17.526,0.71794,0.93419,1.0003e-07,2.0672,0.15667,0.04197,0.037401,9170.4,25.374,16454,2,True,True
HD_97848,-1,10,0,log,True,0,17.526,0.71794,0.93419,1.0003e-07,2.0672,0.15667,0.04197,0.037401,9170.4,25.374,16454,2,True,True
HD_97848,-1,10,0,lin,False,0,26.675,0.4904,1.0023,0.26821,0.87291,0.033188,0.02469,0.043402,11852,25.374,16454,2,True,True
HD_97848,-1,10,0,lin,True,0,26.675,0.4904,1.0023,0.26821,0.87291,0.033188,0.02469,0.043402,11852,25.374,16454,2,True,True
HD_97848,-1,11,0,log,False,0,13.322,1.399,1.1661,0.14562,0.96709,0.16249,0.041783,0.024484,9978.7,26.15,16877,2,True,True
HD_97848,-1,11,0,log,True,0,13.322,1.399,1.1661,0.14562,0.96709,0.16249,0.041783,0.024484,9978.7,26.15,16877,2,True,True
HD_97848,-1,11,0,lin,False,0,32.235,0.33712,0.86475,1e-07,1.4336,0.033548,0.023413,0.056146,12491,26.15,16877,2,True,True
HD_97848,-1,11,0,lin,True,0,32.235,0.33712,0.86475,1e-07,1.4336,0.033548,0.023413,0.056146,12491,26.15,16877,2,True,True
HD_97848,-1,37,0,log,False,0,15.577,1.1141,1.1871,0.14947,1.2705,0.13871,0.040072,0.02058,9672.5,25.321,17336,2,True,True
HD_97848,-1,37,0,log,True,0,15.577,1.1141,1.1871,0.14947,1.2705,0.13871,0.040072,0.02058,9672.5,25.321,17336,2,True,True
HD_97848,-1,37,0,lin,False,0,19.868,0.98248,1.1947,0.2437,0.39985,0.037261,0.02615,0.036586,12736,25.321,17336,2,True,True
HD_97848,-1,37,0,lin,True,0,19.868,0.98248,1.1947,0.2437,0.39985,0.037261,0.02615,0.036586,12736,25.321,17336,2,True,True
HD_97848,-1,64,0,log,False,0,14.556,0.92704,1.0622,0.077336,1.4051,0.14936,0.041012,0.024363,9514.2,26.917,18853,2,True,True
HD_97848,-1,64,0,log,True,1,14.842,0.89287,1.0472,0.0626,1.4691,0.14886,0.040771,0.024985,9572.5,26.917,18853,2,True,True
HD_97848,-1,64,0,lin,False,0,17.26,0.94219,1.1235,0.19857,0.39029,0.0414,0.026451,0.035934,12575,26.917,18853,2,True,True
HD_97848,-1,64,0,lin,True,0,17.26,0.94219,1.1235,0.19857,0.39029,0.0414,0.026451,0.035934,12575,26.917,18853,2,True,True
HD_99546,-1,10,0,log,False,0,11.84,3.3552,1.449,0.20159,0.55006,0.21942,0.051239,0.031889,10088,25.304,16387,2,True,True
HD_99546,-1,10,0,log,True,1,9.5126,4.5319,1.6733,0.27449,0.36184,0.21971,0.056776,0.026512,10179,25.304,16387,2,True,True
HD_99546,-1,10,0,lin,False,0,43.613,0.33523,0.81424,1e-07,2.4686,0.044328,0.028018,0.10579,10330,25.304,16387,2,True,True
HD_99546,-1,10,0,lin,True,0,43.613,0.33523,0.81424,1e-07,2.4686,0.044328,0.028018,0.10579,10330,25.304,16387,2,True,True
HD_99546,-1,11,0,log,False,0,18.548,1.6056,1.156,0.061211,1.2964,0.1818,0.042087,0.038505,10452,26.15,16879,2,True,True
HD_99546,-1,11,0,log,True,0,18.548,1.6056,1.156,0.061211,1.2964,0.1818,0.042087,0.038505,10452,26.15,16879,2,True,True
HD_99546,-1,11,0,lin,False,0,24.774,1.2435,1.0702,0.025047,0.53323,0.051911,0.026031,0.068429,13246,26.15,16879,2,True,True
HD_99546,-1,11,0,lin,True,0,24.774,1.2435,1.0702,0.025047,0.53323,0.051911,0.026031,0.068429,13246,26.15,16879,2,True,True
HD_99546,-1,37,0,log,False,0,12.238,3.0875,1.4858,0.17067,0.5821,0.2014,0.048944,0.025941,10395,25.321,17336,2,True,True
HD_99546,-1,37,0,log,True,0,12.238,3.0875,1.4858,0.17067,0.5821,0.2014,0.048944,0.025941,10395,25.321,17336,2,True,True
HD_99546,-1,37,0,lin,False,0,18.086,2.0114,1.1682,1e-07,0.34264,0.066118,0.030002,0.065963,12662,25.321,17336,2,True,True
HD_99546,-1,37,0,lin,True,0,18.086,2.0114,1.1682,1e-07,0.34264,0.066118,0.030002,0.065963,12662,25.321,17336,2,True,True
HD_99546,-1,64,0,log,False,0,11.678,3.5039,1.6215,0.24485,0.47575,0.18451,0.048536,0.021936,11403,26.917,18852,2,True,True
HD_99546,-1,64,0,log,True,0,11.678,3.5039,1.6215,0.24485,0.47575,0.18451,0.048536,0.021936,11403,26.917,18852,2,True,True
HD_99546,-1,64,0,lin,False,0,19.633,1.7827,1.1189,1e-07,0.38892,0.063608,0.02856,0.068856,13314,26.917,18852,2,True,True
HD_99546,-1,64,0,lin,True,0,19.633,1.7827,1.1189,1e-07,0.38892,0.063608,0.02856,0.068856,13314,26.917,18852,2,True,True
SS_215,-1,36,0,log,False,0,4.2817,2.5855,2.6547,0.15795,0.16502,0.086021,0.06408,0.0018431,10094,24.436,16356,2,True,True
SS_215,-1,36,0,log,True,0,4.2817,2.5855,2.6547,0.15795,0.16502,0.086021,0.06408,0.0018431,10094,24.436,16356,2,True,True
SS_215,-1,36,0,lin,False,0,9.8027,0.83865,1.1738,1.0002e-07,0.19807,0.03235,0.024091,0.015509,13367,24.436,16356,2,True,True
SS_215,-1,36,0,lin,True,0,9.8027,0.83865,1.1738,1.0002e-07,0.19807,0.03235,0.024091,0.015509,13367,24.436,16356,2,True,True
SS_215,-1,37,0,log,False,0,3.4729,3.3131,3.1719,0.1547,0.11495,0.086402,0.079638,0.001607,10422,25.325,17338,2,True,True
SS_215,-1,37,0,log,True,0,3.4729,3.3131,3.1719,0.1547,0.11495,0.086402,0.079638,0.001607,10422,25.325,17338,2,True,True
SS_215,-1,37,0,lin,False,0,7.4021,1.2913,1.2671,1e-07,0.13235,0.041697,0.027848,0.015392,12813,25.325,17338,2,True,True
SS_215,-1,37,0,lin,True,4,7.3753,1.3017,1.2724,1e-07,0.13092,0.041628,0.027889,0.015303,12845,25.325,17338,2,True,True
SS_215,-1,90,0,log,False,0,3.8273,2.7894,2.7497,0.14861,0.13227,0.081941,0.06249,0.0016014,11628,27.917,19274,2,True,True
SS_215,-1,90,0,log,True,0,3.8273,2.7894,2.7497,0.14861,0.13227,0.081941,0.06249,0.0016014,11628,27.917,19274,2,True,True
SS_215,-1,90,0,lin,False,0,8.3478,1.1027,1.3281,0.029287,0.14063,0.033178,0.026764,0.013451,13855,27.917,19274,2,True,True
SS_215,-1,90,0,lin,True,0,8.3478,1.1027,1.3281,0.029287,0.14063,0.033178,0.026764,0.013451,13855,27.917,19274,2,True,True
_theta__1__Ori,-1,6,0,log,False,0,482.2,0.17592,1.1368,4.5454,130.97,0.059581,0.042012,0.15912,5521.9,21.772,14683,2,True,True
_theta__1__Ori,-1,6,0,log,True,0,482.2,0.17592,1.1368,4.5454,130.97,0.059581,0.042012,0.15912,5521.9,21.772,14683,2,True,True
_theta__1__Ori,-1,6,0,lin,False,0,333.19,0.41626,1.362,6.2766,8.7076,0.018408,0.029098,0.27164,10374,21.772,14683,2,True,True
_theta__1__Ori,-1,6,0,lin,True,0,333.19,0.41626,1.362,6.2766,8.7076,0.018408,0.029098,0.27164,10374,21.772,14683,2,True,True
_theta__1__Ori,-1,32,0,log,False,0,1944.7,0.94711,1.5486,13.606,134.42,0.072345,0.030479,0.54566,12767,25.902,16879,2,True,True
_theta__1__Ori,-1,32,0,log,True,0,1944.7,0.94711,1.5486,13.606,134.42,0.072345,0.030479,0.54566,12767,25.902,16879,2,True,True
_theta__1__Ori,-1,32,0,lin,False,0,2195.7,0.96249,1.5587,17.2,25.883,0.018812,0.023364,1.991,16983,25.902,16879,2,True,True
_theta__1__Ori,-1,32,0,lin,True,0,2195.7,0.96249,1.5587,17.2,25.883,0.018812,0.023364,1.991,16983,25.902,16879,2,True,True
_theta__1__Ori,-1,98,0,log,False,0,335.34,0.31155,1.2072,3.302,38.076,0.044549,0.025478,0.084348,15992,52.356,27212,2,True,True
_theta__1__Ori,-1,98,0,log,True,0,335.34,0.31155,1.2072,3.302,38.076,0.044549,0.025478,0.084348,15992,52.356,27212,2,True,True
_theta__1__Ori,-1,98,0,lin,False,0,229.41,0.82177,2.0515,6.8489,2.1022,0.010789,0.028917,0.13798,25253,52.356,27212,2,True,True
_theta__1__Ori,-1,98,0,lin,True,0,229.41,0.82177,2.0515,6.8489,2.1022,0.010789,0.028917,0.13798,25253,52.356,27212,2,True,True
_theta__2__Ori,-1,6,0,log,False,0,50.102,2.5081,2.3993,9.6852,2.6956,0.14549,0.13122,0.10589,3224.9,21.772,14665,2,True,True
_theta__2__Ori,-1,6,0,log,True,1,50.048,2.5259,2.3995,9.5674,2.7198,0.14787,0.1323,0.1068,3183.5,21.772,14665,2,True,True
_theta__2__Ori,-1,6,0,lin,False,0,130.57,0.64252,1.0772,8.9768,5.0519,0.049671,0.036493,0.31793,7149.5,21.772,14665,2,True,True
_theta__2__Ori,-1,6,0,lin,True,0,130.57,0.64252,1.0772,8.9768,5.0519,0.049671,0.036493,0.31793,7149.5,21.772,14665,2,True,True
_theta__2__Ori,-1,32,0,log,False,0,114.54,0.69885,1.2916,8.8241,14.076,0.12591,0.069566,0.1888,3401.6,25.885,17126,2,True,True
_theta__2__Ori,-1,32,0,log,True,0,114.54,0.69885,1.2916,8.8241,14.076,0.12591,0.069566,0.1888,3401.6,25.885,17126,2,True,True
_theta__2__Ori,-1,32,0,lin,False,0,211.3,0.32106,1.0685,9.9068,9.2779,0.027044,0.028911,0.25299,9472.2,25.885,17126,2,True,True
_theta__2__Ori,-1,32,0,lin,True,0,211.3,0.32106,1.0685,9.9068,9.2779,0.027044,0.028911,0.25299,9472.2,25.885,17126,2,True,True
_theta__2__Ori,-1,98,0,log,False,0,471.75,0.13021,0.99117,5.8974,111.26,0.043608,0.031482,0.17344,10774,52.203,27084,2,False,True
_theta__2__Ori,-1,98,0,log,True,0,471.75,0.13021,0.99117,5.8974,111.26,0.043608,0.031482,0.17344,10774,52.203,27084,2,False,True
_theta__2__Ori,-1,98,0,lin,False,0,339.29,0.31725,1.2286,8.7769,7.6394,0.012425,0.018003,0.17566,23962,52.203,27084,2,True,True
_theta__2__Ori,-1,98,0,lin,True,0,339.29,0.31725,1.2286,8.7769,7.6394,0.012425,0.018003,0.17566,23962,52.203,27084,2,True,True
