gaia,sector,metric,prewhitened,n_pw,alpha0,nuchar,gamma,Cw,e_alpha0,e_nuchar,e_gamma,e_Cw,dBIC_vs_white,T_span,n_pts,dt_min,pass_nu,pass_bic
4685835884339219456,27,log,False,0,12.912,0.15008,1.5142,0.072064,2.0589,0.022183,0.031105,0.00053339,7947.9,24.354,3351,10,True,True
4685835884339219456,27,log,True,0,12.912,0.15008,1.5142,0.072064,2.0589,0.022183,0.031105,0.00053339,7947.9,24.354,3351,10,True,True
4685835884339219456,27,lin,False,0,24.107,0.077347,1.3477,0.082287,0.24058,0.0013232,0.0092871,0.0019006,36778,24.354,3351,10,False,True
4685835884339219456,27,lin,True,0,24.107,0.077347,1.3477,0.082287,0.24058,0.0013232,0.0092871,0.0019006,36778,24.354,3351,10,False,True
4685835884339219456,28,log,False,0,52.391,0.028366,1.4415,0.063674,25.226,0.011018,0.02992,0.00041218,6359.7,25.236,3449,9.9999,False,True
4685835884339219456,28,log,True,0,52.391,0.028366,1.4415,0.063674,25.226,0.011018,0.02992,0.00041218,6359.7,25.236,3449,9.9999,False,True
4685835884339219456,28,lin,False,0,16.55,0.14721,3.1062,0.088508,0.063609,0.00065958,0.026971,0.0014933,42815,25.236,3449,9.9999,False,True
4685835884339219456,28,lin,True,14,16.353,0.14889,3.2259,0.087171,0.059233,0.00061678,0.027409,0.0014294,44156,25.236,3449,9.9999,False,True
4685835884339219456,67,log,False,0,23.914,0.055279,1.3726,0.060563,6.1794,0.012659,0.022136,0.00019651,10295,27.75,11490,3.3334,False,True
4685835884339219456,67,log,True,0,23.914,0.055279,1.3726,0.060563,6.1794,0.012659,0.022136,0.00019651,10295,27.75,11490,3.3334,False,True
4685835884339219456,67,lin,False,0,18.22,0.11665,2.0823,0.076693,0.056459,0.00051977,0.00924,0.00051368,1.2752e+05,27.75,11490,3.3334,False,True
4685835884339219456,67,lin,True,14,18.429,0.11366,2.0197,0.076245,0.058806,0.00052917,0.0088412,0.00051279,1.2729e+05,27.75,11490,3.3334,False,True
4685835884339219456,68,log,False,0,11.772,0.14074,1.4742,0.067968,1.7798,0.019591,0.024958,0.00021888,10971,27.525,11218,3.3333,False,True
4685835884339219456,68,log,True,0,11.772,0.14074,1.4742,0.067968,1.7798,0.019591,0.024958,0.00021888,10971,27.525,11218,3.3333,False,True
4685835884339219456,68,lin,False,0,62.196,0.02,1.1667,0.077011,0.89008,0.00042175,0.0044491,0.00066702,1.1664e+05,27.525,11218,3.3333,False,True
4685835884339219456,68,lin,True,0,62.196,0.02,1.1667,0.077011,0.89008,0.00042175,0.0044491,0.00066702,1.1664e+05,27.525,11218,3.3333,False,True
4685854571724688768,27,log,False,0,11.158,0.19332,2.0088,0.29163,1.6894,0.026443,0.094065,0.0015471,2472.7,23.716,1000,10,True,True
4685854571724688768,27,log,True,0,11.158,0.19332,2.0088,0.29163,1.6894,0.026443,0.094065,0.0015471,2472.7,23.716,1000,10,True,True
4685854571724688768,27,lin,False,0,10.85,0.21758,2.2491,0.34836,0.06587,0.0018831,0.023278,0.0016982,31129,23.716,1000,10,True,True
4685854571724688768,27,lin,True,0,10.85,0.21758,2.2491,0.34836,0.06587,0.0018831,0.023278,0.0016982,31129,23.716,1000,10,True,True
4685854571724688768,28,log,False,0,16.265,0.063643,1.3244,0.084094,4.2978,0.016523,0.031453,0.00062307,5913.4,25.236,3449,9.9999,False,True
4685854571724688768,28,log,True,0,16.265,0.063643,1.3244,0.084094,4.2978,0.016523,0.031453,0.00062307,5913.4,25.236,3449,9.9999,False,True
4685854571724688768,28,lin,False,0,18.231,0.06451,1.3428,0.10068,0.21324,0.0012666,0.010068,0.0013846,34973,25.236,3449,9.9999,False,True
4685854571724688768,28,lin,True,0,18.231,0.06451,1.3428,0.10068,0.21324,0.0012666,0.010068,0.0013846,34973,25.236,3449,9.9999,False,True
4685854571724688768,67,log,False,0,5.8249,0.18654,1.5691,0.060771,0.76417,0.022994,0.032254,0.00018076,8603.5,27.75,11490,3.3334,True,True
4685854571724688768,67,log,True,0,5.8249,0.18654,1.5691,0.060771,0.76417,0.022994,0.032254,0.00018076,8603.5,27.75,11490,3.3334,True,True
4685854571724688768,67,lin,False,0,7.8669,0.13738,1.4402,0.071372,0.037153,0.0011616,0.0062974,0.00031493,1.0681e+05,27.75,11490,3.3334,False,True
4685854571724688768,67,lin,True,0,7.8669,0.13738,1.4402,0.071372,0.037153,0.0011616,0.0062974,0.00031493,1.0681e+05,27.75,11490,3.3334,False,True
4685943121123943680,27,log,False,0,3.7975,0.18729,1.5113,0.067931,0.5775,0.029639,0.046124,0.00045164,4528.5,24.354,3351,10,True,True
4685943121123943680,27,log,True,3,5.8837,0.099451,1.4896,0.068002,1.2832,0.0212,0.047962,0.0004249,3673.2,24.354,3351,10,False,True
4685943121123943680,27,lin,False,0,4.4075,0.18387,1.4974,0.081135,0.044398,0.0032794,0.015674,0.00084319,25590,24.354,3351,10,True,True
4685943121123943680,27,lin,True,4,3.9557,0.21883,2.2029,0.083983,0.023441,0.0018738,0.021849,0.00060323,32509,24.354,3351,10,True,True
4685943121123943680,28,log,False,0,2.4611,0.17954,1.6523,0.054459,0.37513,0.027334,0.05895,0.00030897,3530.1,25.236,3449,9.9999,True,True
4685943121123943680,28,log,True,5,8.2096,0.030551,1.5369,0.054631,4.3684,0.013783,0.069308,0.00028573,1799.3,25.236,3449,9.9999,False,True
4685943121123943680,28,lin,False,0,3.5026,0.15865,1.5173,0.063456,0.050475,0.0039879,0.022486,0.00085834,17371,25.236,3449,9.9999,True,True
4685943121123943680,28,lin,True,4,3.2492,0.17446,2.0978,0.06477,0.031496,0.0024816,0.031344,0.00067488,20980,25.236,3449,9.9999,True,True
4685943121123943680,67,log,False,0,1.5831,0.4019,1.6621,0.065386,0.15676,0.04286,0.050675,0.0001942,5295.1,27.75,11490,3.3334,True,True
4685943121123943680,67,log,True,6,10.664,0.02,1.1836,0.064236,6.6559,0.012571,0.037396,0.00021102,2917.1,27.75,11490,3.3334,False,True
4685943121123943680,67,lin,False,0,6.0657,0.059313,1.008,0.072366,0.1022,0.0019898,0.0074228,0.00038815,48833,27.75,11490,3.3334,False,True
4685943121123943680,67,lin,True,6,5.982,0.060342,1.5379,0.07762,0.054709,0.00085919,0.010719,0.00020512,70903,27.75,11490,3.3334,False,True
4685943121123943680,68,log,False,0,2.3637,0.22241,1.5821,0.066126,0.31183,0.03063,0.049262,0.00019366,4448.4,27.525,11218,3.3333,True,True
4685943121123943680,68,log,True,5,3.3756,0.065612,1.2183,0.065893,0.93131,0.020656,0.041039,0.00021753,2946.4,27.525,11218,3.3333,False,True
4685943121123943680,68,lin,False,0,2.5691,0.28582,1.5784,0.078028,0.021584,0.0042634,0.015588,0.00032886,43438,27.525,11218,3.3333,True,True
4685943121123943680,68,lin,True,5,1.9367,0.37891,10,0.080288,0.0075258,0.0010316,0.22777,0.00025767,53349,27.525,11218,3.3333,True,True
4685943254211136000,27,log,False,0,2.3395,0.32358,1.6554,0.17009,0.30121,0.048688,0.084912,0.00099702,2157.9,24.354,3351,10,True,True
4685943254211136000,27,log,True,0,2.3395,0.32358,1.6554,0.17009,0.30121,0.048688,0.084912,0.00099702,2157.9,24.354,3351,10,True,True
4685943254211136000,27,lin,False,0,3.7703,0.23045,1.5738,0.20062,0.061106,0.0065198,0.029361,0.0014085,12916,24.354,3351,10,True,True
4685943254211136000,27,lin,True,0,3.7703,0.23045,1.5738,0.20062,0.061106,0.0065198,0.029361,0.0014085,12916,24.354,3351,10,True,True
4685943254211136000,67,log,False,0,6.3256,0.18609,1.6157,0.18493,0.91784,0.027848,0.056718,0.00052261,3601.8,27.75,11464,3.3334,True,True
4685943254211136000,67,log,True,0,6.3256,0.18609,1.6157,0.18493,0.91784,0.027848,0.056718,0.00052261,3601.8,27.75,11464,3.3334,True,True
4685943254211136000,67,lin,False,0,7.4017,0.17804,1.4995,0.21733,0.058929,0.0025297,0.012297,0.00062669,53990,27.75,11464,3.3334,True,True
4685943254211136000,67,lin,True,0,7.4017,0.17804,1.4995,0.21733,0.058929,0.0025297,0.012297,0.00062669,53990,27.75,11464,3.3334,True,True
4685943254211136000,68,log,False,0,8.496,0.3599,1.481,0.22264,0.85617,0.039729,0.033707,0.00072795,8193.4,27.525,11218,3.3333,True,True
4685943254211136000,68,log,True,1,4.6545,0.44554,1.7198,0.21118,0.43141,0.04418,0.053312,0.00060937,5367.5,27.525,11218,3.3333,True,True
4685943254211136000,68,lin,False,0,95.517,0.02,1.1419,0.26504,1.7644,0.00055408,0.0055332,0.0013609,91540,27.525,11218,3.3333,False,True
4685943254211136000,68,lin,True,0,95.517,0.02,1.1419,0.26504,1.7644,0.00055408,0.0055332,0.0013609,91540,27.525,11218,3.3333,False,True
4685945010910000640,27,log,False,0,3.6961,0.57894,2.1348,0.31889,0.33502,0.0544,0.11046,0.0017196,2674.2,24.354,3351,10,True,True
4685945010910000640,27,log,True,3,8.0673,0.0989,1.3222,0.31558,2.0694,0.030449,0.07022,0.0020539,1590.8,24.354,3351,10,False,True
4685945010910000640,27,lin,False,0,4.9815,0.56823,1.9186,0.37038,0.067029,0.01228,0.040872,0.0030278,12521,24.354,3351,10,True,True
4685945010910000640,27,lin,True,1,4.801,0.57437,2.2301,0.37567,0.057878,0.010244,0.04947,0.0027597,13131,24.354,3351,10,True,True
4685945010910000640,68,log,False,0,3.9727,0.79852,2.2262,0.28423,0.27984,0.055474,0.085529,0.00079956,4960.1,27.525,11218,3.3333,True,True
4685945010910000640,68,log,True,4,8.5579,0.1643,1.4141,0.28194,1.4065,0.030509,0.049321,0.00086987,3293.9,27.525,11218,3.3333,True,True
4685945010910000640,68,lin,False,0,8.1485,0.4209,1.4873,0.33015,0.076769,0.0073553,0.01595,0.0014816,37034,27.525,11218,3.3333,True,True
4685945010910000640,68,lin,True,0,8.1485,0.4209,1.4873,0.33015,0.076769,0.0073553,0.01595,0.0014816,37034,27.525,11218,3.3333,True,True
4685947553531340800,27,log,False,0,1.6299,0.78942,2.4006,0.27774,0.1379,0.070532,0.16971,0.0014664,1773.9,24.354,3351,10,True,True
4685947553531340800,27,log,True,2,1.9488,0.32247,1.7433,0.27557,0.28385,0.057571,0.13615,0.0015257,1026.5,24.354,3351,10,True,True
4685947553531340800,27,lin,False,0,10.477,0.099229,10,0.35026,0.06705,0.00040401,0.33735,0.0018035,18849,24.354,3351,10,False,True
4685947553531340800,27,lin,True,12,8.9738,0.10642,10,0.34023,0.053929,0.00041067,0.32007,0.0015202,20253,24.354,3351,10,False,True
4685947553531340800,28,log,False,0,1.0586,0.85654,1.8727,0.097976,0.082089,0.076071,0.079256,0.00061126,3790.2,25.236,3449,9.9999,True,True
4685947553531340800,28,log,True,2,14.979,0.025395,1.3119,0.09619,9.1778,0.01476,0.05333,0.00060695,2087.3,25.236,3449,9.9999,False,True
4685947553531340800,28,lin,False,0,9.668,0.037477,0.89444,0.093554,0.58152,0.0045728,0.017983,0.0027215,10066,25.236,3449,9.9999,False,True
4685947553531340800,28,lin,True,3,6.0423,0.10468,2.0336,0.11855,0.047766,0.0011771,0.021267,0.00065011,30492,25.236,3449,9.9999,False,True
4685947553531340800,67,log,False,0,3.5045,0.43303,1.5537,0.10738,0.32769,0.043983,0.037349,0.00034519,7815.9,27.75,11490,3.3334,True,True
4685947553531340800,67,log,True,2,9.6247,0.10136,1.2962,0.10683,1.8805,0.020912,0.029403,0.00036598,6397.6,27.75,11490,3.3334,False,True
4685947553531340800,67,lin,False,0,53.566,0.02,1.2753,0.1339,1.0686,0.00054738,0.0072813,0.00072736,84740,27.75,11490,3.3334,False,True
4685947553531340800,67,lin,True,5,56.986,0.02,1.3964,0.13277,0.80087,0.00035762,0.0059905,0.00049803,1.1974e+05,27.75,11490,3.3334,False,True
4685959373284393728,28,log,False,0,6.9477,0.38985,2.2102,0.37769,0.71609,0.038257,0.10992,0.0019402,2748.4,25.236,3449,9.9999,True,True
4685959373284393728,28,log,True,1,6.9825,0.38677,2.3209,0.37843,0.71522,0.036654,0.12035,0.0019198,2659.4,25.236,3449,9.9999,True,True
4685959373284393728,28,lin,False,0,12.451,0.23723,1.5488,0.43091,0.18481,0.0062213,0.026235,0.0043695,14792,25.236,3449,9.9999,True,True
4685959373284393728,28,lin,True,0,12.451,0.23723,1.5488,0.43091,0.18481,0.0062213,0.026235,0.0043695,14792,25.236,3449,9.9999,True,True
4685959373284393728,67,log,False,0,7.2233,0.15801,1.5386,0.54909,1.3179,0.034172,0.091649,0.0015106,1348.9,27.75,11443,3.3334,True,True
4685959373284393728,67,log,True,0,7.2233,0.15801,1.5386,0.54909,1.3179,0.034172,0.091649,0.0015106,1348.9,27.75,11443,3.3334,True,True
4685959373284393728,67,lin,False,0,6.2315,0.30525,2.6767,0.65105,0.073387,0.0047709,0.067023,0.0014975,15962,27.75,11443,3.3334,True,True
4685959373284393728,67,lin,True,0,6.2315,0.30525,2.6767,0.65105,0.073387,0.0047709,0.067023,0.0014975,15962,27.75,11443,3.3334,True,True
4685959373284393728,68,log,False,0,45.23,0.070698,1.3724,0.68957,11.701,0.018818,0.046093,0.0020768,3048.2,27.525,11110,3.3333,False,True
4685959373284393728,68,log,True,0,45.23,0.070698,1.3724,0.68957,11.701,0.018818,0.046093,0.0020768,3048.2,27.525,11110,3.3333,False,True
4685959373284393728,68,lin,False,0,128.78,0.02,1.1232,0.80588,3.1708,0.00074873,0.007168,0.0025031,66490,27.525,11110,3.3333,False,True
4685959373284393728,68,lin,True,0,128.78,0.02,1.1232,0.80588,3.1708,0.00074873,0.007168,0.0025031,66490,27.525,11110,3.3333,False,True
4685972636146149504,28,log,False,0,3.1922,0.37694,1.5731,0.058011,0.32312,0.039962,0.037994,0.00043225,7668.7,25.236,3449,9.9999,True,True
4685972636146149504,28,log,True,0,3.1922,0.37694,1.5731,0.058011,0.32312,0.039962,0.037994,0.00043225,7668.7,25.236,3449,9.9999,True,True
4685972636146149504,28,lin,False,0,9.7034,0.064912,0.96753,0.044606,0.19826,0.0027393,0.0090866,0.0015652,26668,25.236,3449,9.9999,False,True
4685972636146149504,28,lin,True,0,9.7034,0.064912,0.96753,0.044606,0.19826,0.0027393,0.0090866,0.0015652,26668,25.236,3449,9.9999,False,True
4685972636146149504,67,log,False,0,4.27,0.35867,1.6571,0.054144,0.39831,0.031508,0.029891,0.00016673,12243,27.75,11490,3.3334,True,True
4685972636146149504,67,log,True,1,4.3781,0.32614,1.7097,0.053648,0.42653,0.029165,0.032656,0.00015942,11084,27.75,11490,3.3334,True,True
4685972636146149504,67,lin,False,0,8.103,0.13047,1.0883,0.054019,0.069897,0.0023317,0.0059169,0.00055558,74019,27.75,11490,3.3334,False,True
4685972636146149504,67,lin,True,1,7.9095,0.13101,1.1584,0.056395,0.052788,0.0017518,0.0052786,0.00041443,91794,27.75,11490,3.3334,False,True
4685976621875402368,28,log,False,0,3.5998,0.20122,1.4232,0.095618,0.54283,0.034484,0.04823,0.00066669,3979.7,25.236,3448,9.9999,True,True
4685976621875402368,28,log,True,0,3.5998,0.20122,1.4232,0.095618,0.54283,0.034484,0.04823,0.00066669,3979.7,25.236,3448,9.9999,True,True
4685976621875402368,28,lin,False,0,4.5226,0.17614,1.4319,0.11497,0.049614,0.0035047,0.015433,0.00090949,24699,25.236,3448,9.9999,True,True
4685976621875402368,28,lin,True,0,4.5226,0.17614,1.4319,0.11497,0.049614,0.0035047,0.015433,0.00090949,24699,25.236,3448,9.9999,True,True
4685976621875402368,67,log,False,0,15.107,0.023906,1.2235,0.12709,8.5146,0.013602,0.044109,0.00039706,2312.1,27.75,11490,3.3334,False,True
4685976621875402368,67,log,True,0,15.107,0.023906,1.2235,0.12709,8.5146,0.013602,0.044109,0.00039706,2312.1,27.75,11490,3.3334,False,True
4685976621875402368,67,lin,False,0,20.279,0.02,1.2602,0.15158,0.54061,0.00073866,0.0095329,0.00037279,60391,27.75,11490,3.3334,False,True
4685976621875402368,67,lin,True,0,20.279,0.02,1.2602,0.15158,0.54061,0.00073866,0.0095329,0.00037279,60391,27.75,11490,3.3334,False,True
4685976621875402368,68,log,False,0,6.1076,0.10833,1.3133,0.11456,1.1959,0.023353,0.037491,0.000368,4318.1,27.525,11218,3.3333,False,True
4685976621875402368,68,log,True,0,6.1076,0.10833,1.3133,0.11456,1.1959,0.023353,0.037491,0.000368,4318.1,27.525,11218,3.3333,False,True
4685976621875402368,68,lin,False,0,14.226,0.035823,1.0831,0.13264,0.22257,0.00098383,0.0062345,0.00043112,70450,27.525,11218,3.3333,False,True
4685976621875402368,68,lin,True,0,14.226,0.035823,1.0831,0.13264,0.22257,0.00098383,0.0062345,0.00043112,70450,27.525,11218,3.3333,False,True
4685983420730442624,27,log,False,0,5.532,0.25965,2.039,0.089766,0.66204,0.026625,0.066569,0.00048291,4626.1,24.354,3351,10,True,True
4685983420730442624,27,log,True,0,5.532,0.25965,2.039,0.089766,0.66204,0.026625,0.066569,0.00048291,4626.1,24.354,3351,10,True,True
4685983420730442624,27,lin,False,0,27.425,0.024425,1.0507,0.083707,0.79229,0.0011604,0.0083384,0.0015205,31189,24.354,3351,10,False,True
4685983420730442624,27,lin,True,0,27.425,0.024425,1.0507,0.083707,0.79229,0.0011604,0.0083384,0.0015205,31189,24.354,3351,10,False,True
4685983420730442624,28,log,False,0,11.895,0.10498,1.4561,0.074742,2.3929,0.02002,0.034956,0.00053241,5995.2,25.236,3449,9.9999,False,True
4685983420730442624,28,log,True,0,11.895,0.10498,1.4561,0.074742,2.3929,0.02002,0.034956,0.00053241,5995.2,25.236,3449,9.9999,False,True
4685983420730442624,28,lin,False,0,11.347,0.12602,1.4384,0.087697,0.08726,0.0017069,0.010027,0.0011881,37633,25.236,3449,9.9999,False,True
4685983420730442624,28,lin,True,0,11.347,0.12602,1.4384,0.087697,0.08726,0.0017069,0.010027,0.0011881,37633,25.236,3449,9.9999,False,True
4685983420730442624,67,log,False,0,7.9698,0.17107,1.6936,0.082854,1.1021,0.021139,0.04,0.00023479,6969.4,27.75,11490,3.3334,True,True
4685983420730442624,67,log,True,0,7.9698,0.17107,1.6936,0.082854,1.1021,0.021139,0.04,0.00023479,6969.4,27.75,11490,3.3334,True,True
4685983420730442624,67,lin,False,0,6.9194,0.30911,3.0602,0.10071,0.024484,0.0013501,0.026142,0.00053421,83650,27.75,11490,3.3334,True,True
4685983420730442624,67,lin,True,0,6.9194,0.30911,3.0602,0.10071,0.024484,0.0013501,0.026142,0.00053421,83650,27.75,11490,3.3334,True,True
4685983420730442624,68,log,False,0,11.812,0.14039,1.2396,0.082976,1.819,0.023074,0.01933,0.00034991,13656,27.525,11218,3.3333,False,True
4685983420730442624,68,log,True,0,11.812,0.14039,1.2396,0.082976,1.819,0.023074,0.01933,0.00034991,13656,27.525,11218,3.3333,False,True
4685983420730442624,68,lin,False,0,40.114,0.0269,1.011,0.090512,0.53545,0.00062908,0.0039251,0.00076163,1.039e+05,27.525,11218,3.3333,False,True
4685983420730442624,68,lin,True,0,40.114,0.0269,1.011,0.090512,0.53545,0.00062908,0.0039251,0.00076163,1.039e+05,27.525,11218,3.3333,False,True
4685987857514223744,28,log,False,0,5.4825,0.26796,1.8424,0.35019,0.74634,0.03905,0.10331,0.0018725,1879.3,25.236,3449,9.9999,True,True
4685987857514223744,28,log,True,4,17.047,0.02,1.3645,0.35239,16.949,0.019342,0.12406,0.0019144,522.34,25.236,3449,9.9999,False,True
4685987857514223744,28,lin,False,0,6.6987,0.34503,2.0212,0.4138,0.094597,0.0075389,0.04588,0.0031834,11778,25.236,3449,9.9999,True,True
4685987857514223744,28,lin,True,0,6.6987,0.34503,2.0212,0.4138,0.094597,0.0075389,0.04588,0.0031834,11778,25.236,3449,9.9999,True,True
4686408111398825728,27,log,False,0,0.89655,0.50942,1.9024,0.062933,0.08636,0.053044,0.086118,0.00035566,3063.5,24.354,3350,10,True,True
4686408111398825728,27,log,True,0,0.89655,0.50942,1.9024,0.062933,0.08636,0.053044,0.086118,0.00035566,3063.5,24.354,3350,10,True,True
4686408111398825728,27,lin,False,0,1.9328,0.21398,1.4886,0.073591,0.027225,0.0054031,0.022324,0.00058433,16807,24.354,3350,10,True,True
4686408111398825728,27,lin,True,0,1.9328,0.21398,1.4886,0.073591,0.027225,0.0054031,0.022324,0.00058433,16807,24.354,3350,10,True,True
4686408111398825728,28,log,False,0,1.4251,0.67884,2.5356,0.088779,0.11065,0.047618,0.11826,0.00046943,3646.7,25.236,3427,9.9999,True,True
4686408111398825728,28,log,True,0,1.4251,0.67884,2.5356,0.088779,0.11065,0.047618,0.11826,0.00046943,3646.7,25.236,3427,9.9999,True,True
4686408111398825728,28,lin,False,0,3.4176,0.24554,1.5666,0.10334,0.038754,0.0048964,0.020655,0.00094302,20548,25.236,3427,9.9999,True,True
4686408111398825728,28,lin,True,0,3.4176,0.24554,1.5666,0.10334,0.038754,0.0048964,0.020655,0.00094302,20548,25.236,3427,9.9999,True,True
4686408111398825728,68,log,False,0,4.6696,0.49391,1.2922,0.088405,0.39505,0.049598,0.02083,0.00040705,16556,27.525,11214,3.3333,True,True
4686408111398825728,68,log,True,0,4.6696,0.49391,1.2922,0.088405,0.39505,0.049598,0.02083,0.00040705,16556,27.525,11214,3.3333,True,True
4686408111398825728,68,lin,False,0,21.64,0.064878,0.95911,0.08882,0.27261,0.0016959,0.0051777,0.0011889,71288,27.525,11214,3.3333,False,True
4686408111398825728,68,lin,True,0,21.64,0.064878,0.95911,0.08882,0.27261,0.0016959,0.0051777,0.0011889,71288,27.525,11214,3.3333,False,True
4686410550940229888,27,log,False,0,2.453,0.23477,2.0082,0.23528,0.38498,0.039236,0.16338,0.0012197,1012.8,24.354,3351,10,True,True
4686410550940229888,27,log,True,1,2.8886,0.1846,1.9583,0.2355,0.51386,0.034494,0.16089,0.0012144,943.48,24.354,3351,10,True,True
4686410550940229888,27,lin,False,0,4.5144,0.13484,1.687,0.27904,0.096514,0.0046632,0.040297,0.0014677,9397.8,24.354,3351,10,False,True
4686410550940229888,27,lin,True,1,4.3859,0.14,1.9904,0.28038,0.080241,0.0037909,0.050247,0.0013837,9808.1,24.354,3351,10,False,True
4686410550940229888,28,log,False,0,0.32018,0.68354,2.5397,0.16169,0.037746,0.092776,0.3775,0.00078977,450.3,25.236,3449,9.9999,True,True
4686410550940229888,28,log,True,0,0.32018,0.68354,2.5397,0.16169,0.037746,0.092776,0.3775,0.00078977,450.3,25.236,3449,9.9999,True,True
4686410550940229888,28,lin,False,0,0.34957,0.70079,2.7045,0.19029,0.013403,0.035893,0.23151,0.00077037,1522.7,25.236,3449,9.9999,True,True
4686410550940229888,28,lin,True,0,0.34957,0.70079,2.7045,0.19029,0.013403,0.035893,0.23151,0.00077037,1522.7,25.236,3449,9.9999,True,True
4686410550940229888,68,log,False,0,7.7902,0.75343,1.7683,0.26131,0.52793,0.052386,0.038297,0.00079459,10870,27.525,11012,3.3333,True,True
4686410550940229888,68,log,True,0,7.7902,0.75343,1.7683,0.26131,0.52793,0.052386,0.038297,0.00079459,10870,27.525,11012,3.3333,True,True
4686410550940229888,68,lin,False,0,17.092,0.30088,1.3237,0.29786,0.11797,0.0040611,0.0086906,0.0017811,65879,27.525,11012,3.3333,True,True
4686410550940229888,68,lin,True,0,17.092,0.30088,1.3237,0.29786,0.11797,0.0040611,0.0086906,0.0017811,65879,27.525,11012,3.3333,True,True
4686410688379157888,27,log,False,0,1.16,0.13059,1.6399,0.085027,0.26271,0.033544,0.12839,0.00045348,869,24.354,3350,10,False,True
4686410688379157888,27,log,True,0,1.16,0.13059,1.6399,0.085027,0.26271,0.033544,0.12839,0.00045348,869,24.354,3350,10,False,True
4686410688379157888,27,lin,False,0,1.3131,0.1343,1.7431,0.10097,0.029481,0.0047878,0.04549,0.00045432,8389.6,24.354,3350,10,False,True
4686410688379157888,27,lin,True,0,1.3131,0.1343,1.7431,0.10097,0.029481,0.0047878,0.04549,0.00045432,8389.6,24.354,3350,10,False,True
4686410688379157888,28,log,False,0,1.6677,0.066068,1.2607,0.082853,0.59472,0.029262,0.087724,0.00052412,906.5,25.236,3449,9.9999,False,True
4686410688379157888,28,log,True,0,1.6677,0.066068,1.2607,0.082853,0.59472,0.029262,0.087724,0.00052412,906.5,25.236,3449,9.9999,False,True
4686410688379157888,28,lin,False,0,2.3271,0.043425,1.1288,0.097723,0.1211,0.0039542,0.025133,0.00050032,8522.5,25.236,3449,9.9999,False,True
4686410688379157888,28,lin,True,0,2.3271,0.043425,1.1288,0.097723,0.1211,0.0039542,0.025133,0.00050032,8522.5,25.236,3449,9.9999,False,True
4686410688379157888,68,log,False,0,0.78395,0.32946,1.4375,0.086215,0.10144,0.056283,0.070432,0.00025816,2043,27.525,11206,3.3333,True,True
4686410688379157888,68,log,True,0,0.78395,0.32946,1.4375,0.086215,0.10144,0.056283,0.070432,0.00025816,2043,27.525,11206,3.3333,True,True
4686410688379157888,68,lin,False,0,1.483,0.17092,1.2639,0.10134,0.026687,0.0059948,0.018513,0.0002616,19283,27.525,11206,3.3333,True,True
4686410688379157888,68,lin,True,0,1.483,0.17092,1.2639,0.10134,0.026687,0.0059948,0.018513,0.0002616,19283,27.525,11206,3.3333,True,True
4686410997616777984,27,log,False,0,1.338,0.78539,1.8195,0.27021,0.13073,0.097699,0.12418,0.0016445,1575.4,24.354,3351,10,True,True
4686410997616777984,27,log,True,4,1.8541,0.41348,2.3373,0.27205,0.21756,0.05059,0.20385,0.0013953,1099.8,24.354,3351,10,True,True
4686410997616777984,27,lin,False,0,2.5002,0.40548,1.2073,0.3072,0.082912,0.027644,0.038987,0.0030421,5232.3,24.354,3351,10,True,True
4686410997616777984,27,lin,True,3,2.4878,0.34102,2.238,0.32431,0.045033,0.0090126,0.072193,0.0015649,7343.3,24.354,3351,10,True,True
4686410997616777984,28,log,False,0,1.8738,0.42374,1.2712,0.27153,0.26179,0.09082,0.079406,0.002275,1661.9,25.236,3449,9.9999,True,True
4686410997616777984,28,log,True,3,3.4098,0.15338,1.3859,0.27821,0.72209,0.041926,0.092292,0.0016986,1140.3,25.236,3449,9.9999,True,True
4686410997616777984,28,lin,False,0,3.8473,0.20837,1.0495,0.31015,0.14304,0.016873,0.029082,0.0033212,6386.1,25.236,3449,9.9999,True,True
4686410997616777984,28,lin,True,3,3.5051,0.2458,1.9162,0.33391,0.061764,0.0068172,0.049384,0.0016199,9256.2,25.236,3449,9.9999,True,True
4686410997616777984,68,log,False,0,1.6022,0.87335,1.8078,0.27669,0.13002,0.088107,0.090672,0.00080044,2649.7,27.525,11192,3.3333,True,True
4686410997616777984,68,log,True,2,1.8695,0.52698,1.5611,0.27603,0.19823,0.073642,0.080034,0.00082217,2130.4,27.525,11192,3.3333,True,True
4686410997616777984,68,lin,False,0,1.8645,1.1009,1.9352,0.32692,0.02428,0.023273,0.040791,0.00089751,16005,27.525,11192,3.3333,True,True
4686410997616777984,68,lin,True,2,2.0322,0.71805,2.5163,0.32986,0.024074,0.011902,0.061975,0.00077557,15634,27.525,11192,3.3333,True,True
4686413230999834496,27,log,False,0,3.9015,0.11234,1.2657,0.23252,0.99056,0.037219,0.07748,0.0015781,1266.1,24.354,3350,10,False,True
4686413230999834496,27,log,True,0,3.9015,0.11234,1.2657,0.23252,0.99056,0.037219,0.07748,0.0015781,1266.1,24.354,3350,10,False,True
4686413230999834496,27,lin,False,0,5.2963,0.14136,2.6545,0.28772,0.077192,0.0025981,0.073758,0.0015975,10551,24.354,3350,10,False,True
4686413230999834496,27,lin,True,0,5.2963,0.14136,2.6545,0.28772,0.077192,0.0025981,0.073758,0.0015975,10551,24.354,3350,10,False,True
4686413437158238208,27,log,False,0,4.3856,0.53606,2.6254,0.070174,0.33481,0.03075,0.075068,0.00036221,7317.5,24.354,3351,10,True,True
4686413437158238208,27,log,True,2,4.249,0.56236,2.7725,0.070266,0.31208,0.030233,0.081721,0.00035661,7331.9,24.354,3351,10,True,True
4686413437158238208,27,lin,False,0,4.7214,0.60707,3.0488,0.084121,0.026663,0.0042846,0.042552,0.0014756,27951,24.354,3351,10,True,True
4686413437158238208,27,lin,True,2,4.7089,0.60922,3.0943,0.08356,0.026338,0.0042257,0.043341,0.0014686,28070,24.354,3351,10,True,True
4686413437158238208,28,log,False,0,6.2494,0.3345,1.8751,0.092302,0.62872,0.030332,0.04708,0.00052733,7026.6,25.236,3449,9.9999,True,True
4686413437158238208,28,log,True,0,6.2494,0.3345,1.8751,0.092302,0.62872,0.030332,0.04708,0.00052733,7026.6,25.236,3449,9.9999,True,True
4686413437158238208,28,lin,False,0,10.899,0.17177,1.4036,0.098585,0.11056,0.0031896,0.013585,0.0019782,27471,25.236,3449,9.9999,True,True
4686413437158238208,28,lin,True,0,10.899,0.17177,1.4036,0.098585,0.11056,0.0031896,0.013585,0.0019782,27471,25.236,3449,9.9999,True,True
4686413437158238208,68,log,False,0,8.5509,0.27069,1.3325,0.069641,0.92301,0.03058,0.01855,0.00029298,18100,27.525,11209,3.3333,True,True
4686413437158238208,68,log,True,0,8.5509,0.27069,1.3325,0.069641,0.92301,0.03058,0.01855,0.00029298,18100,27.525,11209,3.3333,True,True
4686413437158238208,68,lin,False,0,8.9416,0.33437,1.4028,0.084334,0.047862,0.003405,0.0077731,0.00078356,82758,27.525,11209,3.3333,True,True
4686413437158238208,68,lin,True,0,8.9416,0.33437,1.4028,0.084334,0.047862,0.003405,0.0077731,0.00078356,82758,27.525,11209,3.3333,True,True
4686413540237697408,28,log,False,0,11.309,0.14779,1.4603,0.47806,2.1585,0.032572,0.071298,0.0028639,1947,25.236,3449,9.9999,False,True
4686413540237697408,28,log,True,0,11.309,0.14779,1.4603,0.47806,2.1585,0.032572,0.071298,0.0028639,1947,25.236,3449,9.9999,False,True
4686413540237697408,28,lin,False,0,67.379,0.02,1.1791,0.55915,3.0231,0.0012901,0.013609,0.003601,22680,25.236,3449,9.9999,False,True
4686413540237697408,28,lin,True,0,67.379,0.02,1.1791,0.55915,3.0231,0.0012901,0.013609,0.003601,22680,25.236,3449,9.9999,False,True
4686413810818254464,27,log,False,0,2.2611,0.16835,1.6284,0.20746,0.45321,0.039957,0.12731,0.0011307,898.76,24.354,3350,10,True,True
4686413810818254464,27,log,True,0,2.2611,0.16835,1.6284,0.20746,0.45321,0.039957,0.12731,0.0011307,898.76,24.354,3350,10,True,True
4686413810818254464,27,lin,False,0,2.9071,0.14811,1.4976,0.24428,0.075109,0.0066666,0.038208,0.0011838,7733.5,24.354,3350,10,False,True
4686413810818254464,27,lin,True,0,2.9071,0.14811,1.4976,0.24428,0.075109,0.0066666,0.038208,0.0011838,7733.5,24.354,3350,10,False,True
4686413810818254464,28,log,False,0,1.4158,0.15171,1.4818,0.16786,0.3248,0.044878,0.13059,0.00094801,675.71,25.236,3449,9.9999,True,True
4686413810818254464,28,log,True,0,1.4158,0.15171,1.4818,0.16786,0.3248,0.044878,0.13059,0.00094801,675.71,25.236,3449,9.9999,True,True
4686413810818254464,28,lin,False,0,1.4097,0.21441,1.8392,0.20035,0.037096,0.0090237,0.06629,0.0008659,5104.5,25.236,3449,9.9999,True,True
4686413810818254464,28,lin,True,0,1.4097,0.21441,1.8392,0.20035,0.037096,0.0090237,0.06629,0.0008659,5104.5,25.236,3449,9.9999,True,True
4686413810818254464,68,log,False,0,9.7124,0.17072,1.3883,0.21394,1.4423,0.027779,0.036782,0.00066916,5393.8,27.525,11214,3.3333,True,True
4686413810818254464,68,log,True,0,9.7124,0.17072,1.3883,0.21394,1.4423,0.027779,0.036782,0.00066916,5393.8,27.525,11214,3.3333,True,True
4686413810818254464,68,lin,False,0,18.901,0.06367,1.105,0.24545,0.1953,0.0012498,0.0057215,0.00075402,78681,27.525,11214,3.3333,False,True
4686413810818254464,68,lin,True,0,18.901,0.06367,1.105,0.24545,0.1953,0.0012498,0.0057215,0.00075402,78681,27.525,11214,3.3333,False,True
4686414467950355072,27,log,False,0,13.182,0.14139,1.6327,0.23212,2.3024,0.024003,0.057977,0.0013119,3372.1,24.354,3350,10,False,True
4686414467950355072,27,log,True,0,13.182,0.14139,1.6327,0.23212,2.3024,0.024003,0.057977,0.0013119,3372.1,24.354,3350,10,False,True
4686414467950355072,27,lin,False,0,48.632,0.027036,1.1463,0.25181,1.4004,0.0012169,0.010274,0.0027557,28424,24.354,3350,10,False,True
4686414467950355072,27,lin,True,0,48.632,0.027036,1.1463,0.25181,1.4004,0.0012169,0.010274,0.0027557,28424,24.354,3350,10,False,True
4686414467950355072,68,log,False,0,11.789,0.22814,1.3998,0.19747,1.4563,0.030151,0.029273,0.00066021,8534.2,27.525,11210,3.3333,True,True
4686414467950355072,68,log,True,0,11.789,0.22814,1.3998,0.19747,1.4563,0.030151,0.029273,0.00066021,8534.2,27.525,11210,3.3333,True,True
4686414467950355072,68,lin,False,0,96.991,0.02,1.1656,0.235,1.1926,0.00036267,0.0038161,0.00089491,1.3245e+05,27.525,11210,3.3333,False,True
4686414467950355072,68,lin,True,0,96.991,0.02,1.1656,0.235,1.1926,0.00036267,0.0038161,0.00089491,1.3245e+05,27.525,11210,3.3333,False,True
4686417148009897344,27,log,False,0,3.4173,0.24011,1.8333,0.12264,0.46282,0.032447,0.080503,0.0006641,2739.2,24.354,3351,10,True,True
4686417148009897344,27,log,True,0,3.4173,0.24011,1.8333,0.12264,0.46282,0.032447,0.080503,0.0006641,2739.2,24.354,3351,10,True,True
4686417148009897344,27,lin,False,0,8.6387,0.1027,1.6667,0.14648,0.11155,0.0020959,0.021809,0.001296,21312,24.354,3351,10,False,True
4686417148009897344,27,lin,True,0,8.6387,0.1027,1.6667,0.14648,0.11155,0.0020959,0.021809,0.001296,21312,24.354,3351,10,False,True
4686417148009897344,28,log,False,0,6.0597,0.30616,1.5049,0.13745,0.69841,0.038657,0.041683,0.00099319,5982.8,25.236,3449,9.9999,True,True
4686417148009897344,28,log,True,0,6.0597,0.30616,1.5049,0.13745,0.69841,0.038657,0.041683,0.00099319,5982.8,25.236,3449,9.9999,True,True
4686417148009897344,28,lin,False,0,21.21,0.059647,1.1435,0.15313,0.40171,0.0020668,0.011124,0.002471,25716,25.236,3449,9.9999,False,True
4686417148009897344,28,lin,True,0,21.21,0.059647,1.1435,0.15313,0.40171,0.0020668,0.011124,0.002471,25716,25.236,3449,9.9999,False,True
4686417148009897344,68,log,False,0,4.038,0.49949,1.5298,0.14429,0.35363,0.049054,0.036546,0.00047126,8089.4,27.525,11218,3.3333,True,True
4686417148009897344,68,log,True,1,4.183,0.29167,1.5203,0.14094,0.48458,0.03721,0.043965,0.0004304,5221.4,27.525,11218,3.3333,True,True
4686417148009897344,68,lin,False,0,49.254,0.02,1.0339,0.16386,1.0329,0.00068272,0.0052984,0.00092763,80213,27.525,11218,3.3333,False,True
4686417148009897344,68,lin,True,0,49.254,0.02,1.0339,0.16386,1.0329,0.00068272,0.0052984,0.00092763,80213,27.525,11218,3.3333,False,True
4687158592506675328,27,log,False,0,19.079,0.041859,1.301,0.048669,6.9862,0.014309,0.028619,0.00040351,6325.4,24.354,3351,10,False,True
4687158592506675328,27,log,True,0,19.079,0.041859,1.301,0.048669,6.9862,0.014309,0.028619,0.00040351,6325.4,24.354,3351,10,False,True
4687158592506675328,27,lin,False,0,26.83,0.037289,1.5146,0.066417,0.2967,0.00056562,0.0085385,0.0008348,46573,24.354,3351,10,False,True
4687158592506675328,27,lin,True,0,26.83,0.037289,1.5146,0.066417,0.2967,0.00056562,0.0085385,0.0008348,46573,24.354,3351,10,False,True
4687158592506675328,68,log,False,0,5.3671,0.43168,1.4136,0.073926,0.46858,0.040217,0.021696,0.00028929,16557,27.525,11211,3.3333,True,True
4687158592506675328,68,log,True,0,5.3671,0.43168,1.4136,0.073926,0.46858,0.040217,0.021696,0.00028929,16557,27.525,11211,3.3333,True,True
4687158592506675328,68,lin,False,0,43.937,0.02,0.92919,0.071498,0.7491,0.00060668,0.0036162,0.00082358,1.0104e+05,27.525,11211,3.3333,False,True
4687158592506675328,68,lin,True,0,43.937,0.02,0.92919,0.071498,0.7491,0.00060668,0.0036162,0.00082358,1.0104e+05,27.525,11211,3.3333,False,True
4687159868124113152,27,log,False,0,9.57,0.02,0.99801,0.014968,5.3405,0.012787,0.021048,0.00028511,9372,24.354,3351,10,False,True
4687159868124113152,27,log,True,0,9.57,0.02,0.99801,0.014968,5.3405,0.012787,0.021048,0.00028511,9372,24.354,3351,10,False,True
4687159868124113152,27,lin,False,0,15.875,0.052259,4.762,0.036883,0.060631,0.00015281,0.044159,0.00067498,44123,24.354,3351,10,False,True
4687159868124113152,27,lin,True,40,15.248,0.05495,3.8077,0.031482,0.058705,0.00018475,0.02925,0.0005916,47809,24.354,3351,10,False,True
4687159868124113152,28,log,False,0,5.6688,0.31959,1.2196,0.021164,0.58783,0.038843,0.018671,0.00054576,17863,25.236,3449,9.9999,True,True
4687159868124113152,28,log,True,0,5.6688,0.31959,1.2196,0.021164,0.58783,0.038843,0.018671,0.00054576,17863,25.236,3449,9.9999,True,True
4687159868124113152,28,lin,False,0,9.0208,0.23404,1.2766,0.036404,0.10351,0.0052696,0.013478,0.0024075,24689,25.236,3449,9.9999,True,True
4687159868124113152,28,lin,True,0,9.0208,0.23404,1.2766,0.036404,0.10351,0.0052696,0.013478,0.0024075,24689,25.236,3449,9.9999,True,True
4687159868124113152,68,log,False,0,7.0445,0.079834,1.1677,0.025332,1.4298,0.017013,0.015915,0.00011947,16641,27.525,11217,3.3333,False,True
4687159868124113152,68,log,True,0,7.0445,0.079834,1.1677,0.025332,1.4298,0.017013,0.015915,0.00011947,16641,27.525,11217,3.3333,False,True
4687159868124113152,68,lin,False,0,11.857,0.055366,1.3095,0.034092,0.077707,0.0006105,0.0050325,0.00024811,1.1722e+05,27.525,11217,3.3333,False,True
4687159868124113152,68,lin,True,0,11.857,0.055366,1.3095,0.034092,0.077707,0.0006105,0.0050325,0.00024811,1.1722e+05,27.525,11217,3.3333,False,True
4687161895348646400,27,log,False,0,1.8342,0.87749,2.9904,0.23232,0.13165,0.056569,0.19708,0.001196,2447.8,24.354,3351,10,True,True
4687161895348646400,27,log,True,1,2.1944,0.57524,2.174,0.23099,0.20681,0.056963,0.12815,0.0012406,2162.6,24.354,3351,10,True,True
4687161895348646400,27,lin,False,0,3.9193,0.32468,1.3006,0.2577,0.075239,0.012237,0.024893,0.0022494,11757,24.354,3351,10,True,True
4687161895348646400,27,lin,True,1,4.3933,0.22104,1.2944,0.26309,0.079689,0.0077714,0.021531,0.0017493,13891,24.354,3351,10,True,True
4687161929708394752,27,log,False,0,0.47953,0.63524,1.6338,0.060941,0.048725,0.083104,0.088347,0.00040469,2253.5,24.354,3351,10,True,True
4687161929708394752,27,log,True,6,2.8707,0.050241,1.5081,0.06153,1.145,0.019718,0.092823,0.00033405,1097.1,24.354,3351,10,False,True
4687161929708394752,27,lin,False,0,5.3973,0.02,0.89294,0.066512,0.49777,0.0033769,0.018766,0.0010145,9309.2,24.354,3351,10,False,True
4687161929708394752,27,lin,True,6,3.6514,0.04964,1.6755,0.073607,0.078145,0.0014663,0.025377,0.00035973,18939,24.354,3351,10,False,True
4687161929708394752,68,log,False,0,4.3591,1.9077,1.9988,0.13188,0.18131,0.076189,0.031108,0.00043208,22489,27.525,11152,3.3333,True,True
4687161929708394752,68,log,True,4,2.3178,2.1982,2.0566,0.079884,0.089593,0.081627,0.032371,0.0002582,22972,27.525,11152,3.3333,True,True
4687161929708394752,68,lin,False,0,21.042,0.19274,1.0495,0.12185,0.17882,0.0035543,0.0059325,0.0020115,71081,27.525,11152,3.3333,True,True
4687161929708394752,68,lin,True,0,21.042,0.19274,1.0495,0.12185,0.17882,0.0035543,0.0059325,0.0020115,71081,27.525,11152,3.3333,True,True
4687162582543422080,27,log,False,0,13.464,0.02,1.1441,0.26397,11.772,0.0197,0.079908,0.0017972,819.27,24.354,3350,10,False,True
4687162582543422080,27,log,True,1,8.03,0.047342,1.4294,0.26645,3.627,0.022669,0.10834,0.0014733,753.95,24.354,3350,10,False,True
4687162582543422080,27,lin,False,0,10.322,0.032572,1.1745,0.31495,0.68252,0.0034383,0.028101,0.0017464,7901.2,24.354,3350,10,False,True
4687162582543422080,27,lin,True,1,8.1747,0.049504,1.3972,0.31584,0.3235,0.0030322,0.03147,0.0014301,9543.3,24.354,3350,10,False,True
4687162582543422080,68,log,False,0,10.399,1.3603,2.5272,0.48512,0.50765,0.058126,0.066323,0.0013512,11082,27.525,10628,3.3333,True,True
4687162582543422080,68,log,True,3,5.0761,1.82,2.8053,0.37099,0.21932,0.068731,0.085898,0.0010256,9848.5,27.525,10628,3.3333,True,True
4687162582543422080,68,lin,False,0,27.811,0.38807,1.307,0.53062,0.1906,0.0052784,0.0086804,0.0034348,65227,27.525,10628,3.3333,True,True
4687162582543422080,68,lin,True,0,27.811,0.38807,1.307,0.53062,0.1906,0.0052784,0.0086804,0.0034348,65227,27.525,10628,3.3333,True,True
4687164055705068288,27,log,False,0,5.6068,0.039363,1.6678,0.027381,2.409,0.013422,0.066027,0.00014496,2291,24.354,3351,10,False,True
4687164055705068288,27,log,True,0,5.6068,0.039363,1.6678,0.027381,2.409,0.013422,0.066027,0.00014496,2291,24.354,3351,10,False,True
4687164055705068288,27,lin,False,0,2.9597,0.09512,2.9177,0.033474,0.012455,0.00045653,0.023506,0.00019461,43084,24.354,3351,10,False,True
4687164055705068288,27,lin,True,0,2.9597,0.09512,2.9177,0.033474,0.012455,0.00045653,0.023506,0.00019461,43084,24.354,3351,10,False,True
4687164055705068288,28,log,False,0,18.472,0.26868,1.1653,0.04767,2.2164,0.038557,0.018616,0.0017826,17410,25.097,3429,9.9999,True,True
4687164055705068288,28,log,True,0,18.472,0.26868,1.1653,0.04767,2.2164,0.038557,0.018616,0.0017826,17410,25.097,3429,9.9999,True,True
4687164055705068288,28,lin,False,0,26.07,0.23815,1.2526,0.096046,0.30064,0.0054485,0.013075,0.007118,24906,25.097,3429,9.9999,True,True
4687164055705068288,28,lin,True,0,26.07,0.23815,1.2526,0.096046,0.30064,0.0054485,0.013075,0.007118,24906,25.097,3429,9.9999,True,True
4687164055705068288,68,log,False,0,1.5578,0.284,1.4062,0.030497,0.17618,0.035066,0.029621,0.00010568,8847.8,27.525,11218,3.3333,True,True
4687164055705068288,68,log,True,1,0.88681,0.31936,1.5402,0.029059,0.098643,0.038774,0.043336,9.0176e-05,5597.7,27.525,11218,3.3333,True,True
4687164055705068288,68,lin,False,0,16.656,0.02,1.2319,0.037762,0.25944,0.0004389,0.0053199,0.00018172,1.0843e+05,27.525,11218,3.3333,False,True
4687164055705068288,68,lin,True,0,16.656,0.02,1.2319,0.037762,0.25944,0.0004389,0.0053199,0.00018172,1.0843e+05,27.525,11218,3.3333,False,True
4687165125163949952,27,log,False,0,1.437,0.39656,1.919,0.092171,0.15796,0.046047,0.094183,0.00050928,2571.4,24.354,3351,10,True,True
4687165125163949952,27,log,True,0,1.437,0.39656,1.919,0.092171,0.15796,0.046047,0.094183,0.00050928,2571.4,24.354,3351,10,True,True
4687165125163949952,27,lin,False,0,9.0311,0.034915,1.1176,0.10421,0.27277,0.0017722,0.012284,0.00081476,22421,24.354,3351,10,False,True
4687165125163949952,27,lin,True,0,9.0311,0.034915,1.1176,0.10421,0.27277,0.0017722,0.012284,0.00081476,22421,24.354,3351,10,False,True
4687165125163949952,68,log,False,0,0.91563,0.59577,2.0461,0.096804,0.080312,0.056593,0.10277,0.0002686,2785.1,27.525,11216,3.3333,True,True
4687165125163949952,68,log,True,0,0.91563,0.59577,2.0461,0.096804,0.080312,0.056593,0.10277,0.0002686,2785.1,27.525,11216,3.3333,True,True
4687165125163949952,68,lin,False,0,4.4371,0.067916,1.1776,0.11363,0.074747,0.0021133,0.011086,0.00030445,37747,27.525,11216,3.3333,False,True
4687165125163949952,68,lin,True,0,4.4371,0.067916,1.1776,0.11363,0.074747,0.0021133,0.011086,0.00030445,37747,27.525,11216,3.3333,False,True
4687165709279578368,27,log,False,0,1.0774,0.20002,1.5807,0.080528,0.18777,0.041333,0.099092,0.00045977,1355.4,24.354,3351,10,True,True
4687165709279578368,27,log,True,0,1.0774,0.20002,1.5807,0.080528,0.18777,0.041333,0.099092,0.00045977,1355.4,24.354,3351,10,True,True
4687165709279578368,27,lin,False,0,2.1188,0.1325,3.8633,0.09938,0.025182,0.0016158,0.12394,0.00060551,11135,24.354,3351,10,False,True
4687165709279578368,27,lin,True,6,2.1341,0.11135,10,0.098021,0.017996,0.00060633,0.45191,0.00052262,13002,24.354,3351,10,False,True
4687165709279578368,28,log,False,0,4.844,0.25577,1.403,0.086639,0.61798,0.036561,0.03671,0.00071387,6475.8,25.236,3449,9.9999,True,True
4687165709279578368,28,log,True,0,4.844,0.25577,1.403,0.086639,0.61798,0.036561,0.03671,0.00071387,6475.8,25.236,3449,9.9999,True,True
4687165709279578368,28,lin,False,0,8.4292,0.17825,1.6115,0.11487,0.090343,0.0032506,0.019596,0.0017286,22825,25.236,3449,9.9999,True,True
4687165709279578368,28,lin,True,0,8.4292,0.17825,1.6115,0.11487,0.090343,0.0032506,0.019596,0.0017286,22825,25.236,3449,9.9999,True,True
4687165709279578368,68,log,False,0,2.3636,0.30855,1.54,0.064793,0.2579,0.035973,0.039503,0.00019853,6551.5,27.525,11217,3.3333,True,True
4687165709279578368,68,log,True,0,2.3636,0.30855,1.54,0.064793,0.2579,0.035973,0.039503,0.00019853,6551.5,27.525,11217,3.3333,True,True
4687165709279578368,68,lin,False,0,16.457,0.02,1.0178,0.073189,0.3147,0.0006307,0.0047056,0.00029038,88658,27.525,11217,3.3333,False,True
4687165709279578368,68,lin,True,0,16.457,0.02,1.0178,0.073189,0.3147,0.0006307,0.0047056,0.00029038,88658,27.525,11217,3.3333,False,True
4687167152388524032,27,log,False,0,1.945,0.5682,2.5818,0.17239,0.16948,0.046081,0.15528,0.00087528,2395.4,24.354,3351,10,True,True
4687167152388524032,27,log,True,0,1.945,0.5682,2.5818,0.17239,0.16948,0.046081,0.15528,0.00087528,2395.4,24.354,3351,10,True,True
4687167152388524032,27,lin,False,0,4.2709,0.2026,1.3968,0.19627,0.066575,0.0058433,0.021303,0.001355,15951,24.354,3351,10,True,True
4687167152388524032,27,lin,True,0,4.2709,0.2026,1.3968,0.19627,0.066575,0.0058433,0.021303,0.001355,15951,24.354,3351,10,True,True
4687167152388524032,28,log,False,0,11.711,0.43352,1.4979,0.18177,1.0794,0.043219,0.031545,0.0015979,9920.7,25.236,3449,9.9999,True,True
4687167152388524032,28,log,True,0,11.711,0.43352,1.4979,0.18177,1.0794,0.043219,0.031545,0.0015979,9920.7,25.236,3449,9.9999,True,True
4687167152388524032,28,lin,False,0,24.096,0.18657,1.2489,0.19759,0.28557,0.0043385,0.012629,0.0055123,25483,25.236,3449,9.9999,True,True
4687167152388524032,28,lin,True,0,24.096,0.18657,1.2489,0.19759,0.28557,0.0043385,0.012629,0.0055123,25483,25.236,3449,9.9999,True,True
4687167152388524032,68,log,False,0,7.8913,0.10028,1.2422,0.1631,1.6571,0.024274,0.036624,0.00055668,4040.7,27.525,11218,3.3333,False,True
4687167152388524032,68,log,True,0,7.8913,0.10028,1.2422,0.1631,1.6571,0.024274,0.036624,0.00055668,4040.7,27.525,11218,3.3333,False,True
4687167152388524032,68,lin,False,0,35.043,0.02,1.1931,0.19617,0.75869,0.00062638,0.0069965,0.00055247,77415,27.525,11218,3.3333,False,True
4687167152388524032,68,lin,True,0,35.043,0.02,1.1931,0.19617,0.75869,0.00062638,0.0069965,0.00055247,77415,27.525,11218,3.3333,False,True
4687426087389568768,28,log,False,0,1.7657,0.67491,2.3478,0.20397,0.1524,0.059355,0.1426,0.0010845,2225.3,25.236,3449,9.9999,True,True
4687426087389568768,28,log,True,5,5.755,0.12329,1.6529,0.20391,1.2131,0.026904,0.091483,0.0011151,1560.4,25.236,3449,9.9999,False,True
4687426087389568768,28,lin,False,0,26.101,0.02,1.0839,0.23632,1.3696,0.0016242,0.014054,0.0018849,18855,25.236,3449,9.9999,False,True
4687426087389568768,28,lin,True,3,28.117,0.02,1.2161,0.24133,1.2648,0.001259,0.014295,0.0014366,22647,25.236,3449,9.9999,False,True
4687426087389568768,67,log,False,0,2.143,0.5603,1.9808,0.22278,0.19146,0.055055,0.096968,0.00060906,2822.3,27.75,11490,3.3334,True,True
4687426087389568768,67,log,True,0,2.143,0.5603,1.9808,0.22278,0.19146,0.055055,0.096968,0.00060906,2822.3,27.75,11490,3.3334,True,True
4687426087389568768,67,lin,False,0,8.0186,0.084462,1.1134,0.25788,0.1421,0.0029361,0.011174,0.00074197,32656,27.75,11490,3.3334,False,True
4687426087389568768,67,lin,True,0,8.0186,0.084462,1.1134,0.25788,0.1421,0.0029361,0.011174,0.00074197,32656,27.75,11490,3.3334,False,True
4687426087389568768,68,log,False,0,2.9578,0.31575,1.7173,0.22,0.35278,0.04259,0.080956,0.00060961,2452.1,27.525,11217,3.3333,True,True
4687426087389568768,68,log,True,2,4.3209,0.16997,1.5503,0.2201,0.71055,0.03147,0.072242,0.00061616,2111.5,27.525,11217,3.3333,True,True
4687426087389568768,68,lin,False,0,7.5444,0.081048,1.1085,0.25445,0.14284,0.0030007,0.011613,0.00071335,30450,27.525,11217,3.3333,False,True
4687426087389568768,68,lin,True,0,7.5444,0.081048,1.1085,0.25445,0.14284,0.0030007,0.011613,0.00071335,30450,27.525,11217,3.3333,False,True
4687437254305162880,27,log,False,0,3.9184,0.46315,1.9011,0.12287,0.36874,0.042741,0.061628,0.00073082,5088.6,24.354,3351,10,True,True
4687437254305162880,27,log,True,0,3.9184,0.46315,1.9011,0.12287,0.36874,0.042741,0.061628,0.00073082,5088.6,24.354,3351,10,True,True
4687437254305162880,27,lin,False,0,16.45,0.094162,1.2752,0.13411,0.27877,0.0029007,0.015145,0.0027474,20865,24.354,3351,10,False,True
4687437254305162880,27,lin,True,0,16.45,0.094162,1.2752,0.13411,0.27877,0.0029007,0.015145,0.0027474,20865,24.354,3351,10,False,True
4687437254305162880,28,log,False,0,7.0118,0.42816,2.0476,0.1354,0.62228,0.033599,0.055816,0.00074061,6752.9,25.236,3449,9.9999,True,True
4687437254305162880,28,log,True,0,7.0118,0.42816,2.0476,0.1354,0.62228,0.033599,0.055816,0.00074061,6752.9,25.236,3449,9.9999,True,True
4687437254305162880,28,lin,False,0,51.83,0.02,0.93571,0.09213,2.197,0.0014955,0.0093027,0.0041143,24976,25.236,3449,9.9999,False,True
4687437254305162880,28,lin,True,0,51.83,0.02,0.93571,0.09213,2.197,0.0014955,0.0093027,0.0041143,24976,25.236,3449,9.9999,False,True
4687437254305162880,67,log,False,0,27.826,0.21955,1.7948,0.18338,3.2205,0.021083,0.033204,0.00052187,10994,27.75,11490,3.3334,True,True
4687437254305162880,67,log,True,0,27.826,0.21955,1.7948,0.18338,3.2205,0.021083,0.033204,0.00052187,10994,27.75,11490,3.3334,True,True
4687437254305162880,67,lin,False,0,28.211,0.29424,2.6312,0.22648,0.097488,0.0013605,0.018966,0.0019308,91691,27.75,11490,3.3334,True,True
4687437254305162880,67,lin,True,4,28.138,0.29519,2.6452,0.22634,0.096743,0.0013541,0.019073,0.0019245,91937,27.75,11490,3.3334,True,True
4687437254305162880,68,log,False,0,8.0294,0.40242,1.749,0.14498,0.72025,0.034235,0.037191,0.00042789,9806.1,27.525,11218,3.3333,True,True
4687437254305162880,68,log,True,0,8.0294,0.40242,1.749,0.14498,0.72025,0.034235,0.037191,0.00042789,9806.1,27.525,11218,3.3333,True,True
4687437254305162880,68,lin,False,0,30.895,0.051209,1.0302,0.15096,0.31217,0.00099477,0.0043552,0.00098207,94816,27.525,11218,3.3333,False,True
4687437254305162880,68,lin,True,0,30.895,0.051209,1.0302,0.15096,0.31217,0.00099477,0.0043552,0.00098207,94816,27.525,11218,3.3333,False,True
4687478138084449536,67,log,False,0,4.8137,0.54815,2.5886,0.19424,0.36482,0.034948,0.099745,0.00051713,5340.6,27.75,11490,3.3334,True,True
4687478138084449536,67,log,True,0,4.8137,0.54815,2.5886,0.19424,0.36482,0.034948,0.099745,0.00051713,5340.6,27.75,11490,3.3334,True,True
4687478138084449536,67,lin,False,0,7.5111,0.35687,1.8309,0.22718,0.04003,0.0031352,0.013999,0.00075038,68271,27.75,11490,3.3334,True,True
4687478138084449536,67,lin,True,0,7.5111,0.35687,1.8309,0.22718,0.04003,0.0031352,0.013999,0.00075038,68271,27.75,11490,3.3334,True,True
4687479173187523584,28,log,False,0,1.4055,0.23543,1.5031,0.026727,0.18585,0.033106,0.042589,0.00018598,5414.7,25.236,3449,9.9999,True,True
4687479173187523584,28,log,True,0,1.4055,0.23543,1.5031,0.026727,0.18585,0.033106,0.042589,0.00018598,5414.7,25.236,3449,9.9999,True,True
4687479173187523584,28,lin,False,0,2.8697,0.10869,1.4395,0.033086,0.030022,0.0019718,0.01305,0.00035408,29669,25.236,3449,9.9999,False,True
4687479173187523584,28,lin,True,0,2.8697,0.10869,1.4395,0.033086,0.030022,0.0019718,0.01305,0.00035408,29669,25.236,3449,9.9999,False,True
4687479173187523584,67,log,False,0,1.4173,0.1701,1.4518,0.027225,0.21045,0.026485,0.038379,8.3597e-05,5410,27.75,11490,3.3334,True,True
4687479173187523584,67,log,True,0,1.4173,0.1701,1.4518,0.027225,0.21045,0.026485,0.038379,8.3597e-05,5410,27.75,11490,3.3334,True,True
4687479173187523584,67,lin,False,0,2.2525,0.13914,2.1869,0.03356,0.013287,0.0011667,0.020291,0.00014402,61153,27.75,11490,3.3334,False,True
4687479173187523584,67,lin,True,0,2.2525,0.13914,2.1869,0.03356,0.013287,0.0011667,0.020291,0.00014402,61153,27.75,11490,3.3334,False,True
4687479173187523584,68,log,False,0,3.8845,0.34317,1.1764,0.040976,0.38639,0.041052,0.016391,0.00024539,21426,27.525,11218,3.3333,True,True
4687479173187523584,68,log,True,0,3.8845,0.34317,1.1764,0.040976,0.38639,0.041052,0.016391,0.00024539,21426,27.525,11218,3.3333,True,True
4687479173187523584,68,lin,False,0,8.9484,0.15726,1.0943,0.04737,0.083865,0.0030857,0.0068203,0.00078089,63180,27.525,11218,3.3333,True,True
4687479173187523584,68,lin,True,0,8.9484,0.15726,1.0943,0.04737,0.083865,0.0030857,0.0068203,0.00078089,63180,27.525,11218,3.3333,True,True
4687485387976612736,28,log,False,0,5.4355,0.12789,1.6249,0.10317,1.0383,0.023921,0.063625,0.00058803,2802.4,25.236,3449,9.9999,False,True
4687485387976612736,28,log,True,0,5.4355,0.12789,1.6249,0.10317,1.0383,0.023921,0.063625,0.00058803,2802.4,25.236,3449,9.9999,False,True
4687485387976612736,28,lin,False,0,25.379,0.0217,1.2109,0.11775,0.79722,0.00097637,0.010617,0.0010527,30601,25.236,3449,9.9999,False,True
4687485387976612736,28,lin,True,0,25.379,0.0217,1.2109,0.11775,0.79722,0.00097637,0.010617,0.0010527,30601,25.236,3449,9.9999,False,True
4687485387976612736,67,log,False,0,27.538,0.11232,1.4251,0.18341,4.7982,0.018541,0.027068,0.00058521,8731.6,27.75,11490,3.3334,False,True
4687485387976612736,67,log,True,0,27.538,0.11232,1.4251,0.18341,4.7982,0.018541,0.027068,0.00058521,8731.6,27.75,11490,3.3334,False,True
4687485387976612736,67,lin,False,0,75.507,0.033802,1.2108,0.21324,0.58757,0.00042374,0.0038002,0.00098014,1.3678e+05,27.75,11490,3.3334,False,True
4687485387976612736,67,lin,True,0,75.507,0.033802,1.2108,0.21324,0.58757,0.00042374,0.0038002,0.00098014,1.3678e+05,27.75,11490,3.3334,False,True
4687485387976612736,68,log,False,0,13.945,0.29624,1.4533,0.18789,1.4749,0.032239,0.025874,0.00064697,11803,27.525,11218,3.3333,True,True
4687485387976612736,68,log,True,1,6.2337,0.29671,1.6885,0.1725,0.68195,0.032786,0.048255,0.00049204,5639.6,27.525,11218,3.3333,True,True
4687485387976612736,68,lin,False,0,138.94,0.02,1.1678,0.22534,2.0089,0.00042578,0.0045025,0.0015036,1.156e+05,27.525,11218,3.3333,False,True
4687485387976612736,68,lin,True,0,138.94,0.02,1.1678,0.22534,2.0089,0.00042578,0.0045025,0.0015036,1.156e+05,27.525,11218,3.3333,False,True
4687485491055825536,27,log,False,0,9.0228,0.11057,1.48,0.055894,1.7167,0.019705,0.034188,0.00038238,6381.3,24.354,3351,10,False,True
4687485491055825536,27,log,True,1,11.518,0.08349,1.4575,0.056025,2.5939,0.017245,0.033624,0.00037952,6124.7,24.354,3351,10,False,True
4687485491055825536,27,lin,False,0,18.868,0.051793,1.3195,0.065111,0.30433,0.0013535,0.011654,0.0014415,29654,24.354,3351,10,False,True
4687485491055825536,27,lin,True,0,18.868,0.051793,1.3195,0.065111,0.30433,0.0013535,0.011654,0.0014415,29654,24.354,3351,10,False,True
4687485491055825536,28,log,False,0,19.186,0.092749,1.6155,0.05237,3.8939,0.015395,0.031649,0.00033294,7739.9,25.236,3449,9.9999,False,True
4687485491055825536,28,log,True,1,23.387,0.072888,1.5698,0.052099,5.5469,0.014097,0.030612,0.00033693,7556.9,25.236,3449,9.9999,False,True
4687485491055825536,28,lin,False,0,21.833,0.081558,1.4269,0.055394,0.17035,0.0010693,0.0085716,0.0014757,42652,25.236,3449,9.9999,False,True
4687485491055825536,28,lin,True,0,21.833,0.081558,1.4269,0.055394,0.17035,0.0010693,0.0085716,0.0014757,42652,25.236,3449,9.9999,False,True
4687485491055825536,67,log,False,0,12.81,0.22678,1.9925,0.071835,1.4415,0.019616,0.03897,0.00019881,10642,27.75,11490,3.3334,True,True
4687485491055825536,67,log,True,0,12.81,0.22678,1.9925,0.071835,1.4415,0.019616,0.03897,0.00019881,10642,27.75,11490,3.3334,True,True
4687485491055825536,67,lin,False,0,12.86,0.27059,2.216,0.085789,0.041793,0.0012906,0.012507,0.00072311,1.0599e+05,27.75,11490,3.3334,True,True
4687485491055825536,67,lin,True,0,12.86,0.27059,2.216,0.085789,0.041793,0.0012906,0.012507,0.00072311,1.0599e+05,27.75,11490,3.3334,True,True
4687485491055825536,68,log,False,0,4.7143,0.27988,1.4415,0.063864,0.51146,0.031381,0.025954,0.00021842,11482,27.525,11218,3.3333,True,True
4687485491055825536,68,log,True,0,4.7143,0.27988,1.4415,0.063864,0.51146,0.031381,0.025954,0.00021842,11482,27.525,11218,3.3333,True,True
4687485491055825536,68,lin,False,0,46.056,0.02,1.2138,0.078475,0.64156,0.00039735,0.0046373,0.0004574,1.1965e+05,27.525,11218,3.3333,False,True
4687485491055825536,68,lin,True,0,46.056,0.02,1.2138,0.078475,0.64156,0.00039735,0.0046373,0.0004574,1.1965e+05,27.525,11218,3.3333,False,True
4687487213367243392,27,log,False,0,1.9997,0.43767,1.5631,0.11373,0.21773,0.056921,0.061965,0.0007856,3547.5,24.354,3351,10,True,True
4687487213367243392,27,log,True,3,4.235,0.15016,1.4138,0.11397,0.77876,0.031087,0.054711,0.00076169,2960.9,24.354,3351,10,True,True
4687487213367243392,27,lin,False,0,8.0756,0.094148,1.2762,0.13611,0.17254,0.0036549,0.019126,0.0017001,15615,24.354,3351,10,False,True
4687487213367243392,27,lin,True,3,7.1291,0.12027,1.6581,0.14071,0.10105,0.0027522,0.024887,0.0013697,17905,24.354,3351,10,False,True
4687487213367243392,28,log,False,0,0.61332,1.3739,3.5886,0.075542,0.032717,0.059298,0.20628,0.00038312,3781.3,25.236,3449,9.9999,True,True
4687487213367243392,28,log,True,4,1.6526,0.29523,1.6662,0.074965,0.20841,0.040874,0.069777,0.00044346,3000.6,25.236,3449,9.9999,True,True
4687487213367243392,28,lin,False,0,5.0839,0.065224,0.97509,0.075152,0.17195,0.0045353,0.015282,0.0013522,14280,25.236,3449,9.9999,False,True
4687487213367243392,28,lin,True,3,4.2783,0.095162,1.2617,0.086795,0.079697,0.0032601,0.016527,0.00080949,18657,25.236,3449,9.9999,False,True
4687487213367243392,67,log,False,0,19.001,0.24283,1.902,0.1248,2.0837,0.021385,0.036256,0.00035124,10948,27.75,11490,3.3334,True,True
4687487213367243392,67,log,True,0,19.001,0.24283,1.902,0.1248,2.0837,0.021385,0.036256,0.00035124,10948,27.75,11490,3.3334,True,True
4687487213367243392,67,lin,False,0,23.855,0.24451,2.2584,0.15232,0.095351,0.0014131,0.015857,0.0015622,86119,27.75,11490,3.3334,True,True
4687487213367243392,67,lin,True,0,23.855,0.24451,2.2584,0.15232,0.095351,0.0014131,0.015857,0.0015622,86119,27.75,11490,3.3334,True,True
4687487213367243392,68,log,False,0,2.0553,0.33428,1.5607,0.085528,0.22814,0.041366,0.049052,0.00026011,4697.6,27.525,11218,3.3333,True,True
4687487213367243392,68,log,True,1,2.4075,0.26119,1.4959,0.085455,0.30193,0.036548,0.04637,0.00026279,4512.3,27.525,11218,3.3333,True,True
4687487213367243392,68,lin,False,0,16.525,0.02,0.99592,0.097093,0.43496,0.00088389,0.0062459,0.00041733,61772,27.525,11218,3.3333,False,True
4687487213367243392,68,lin,True,1,16.689,0.02,1.0102,0.097448,0.42913,0.00085338,0.006248,0.00040129,63441,27.525,11218,3.3333,False,True
4687487900566335744,27,log,False,0,0.48317,1.2563,2.7455,0.099097,0.032348,0.084301,0.18911,0.00052658,2188.7,24.354,3351,10,True,True
4687487900566335744,27,log,True,3,1.5326,0.16313,1.4259,0.097897,0.30435,0.039978,0.084075,0.00060869,1436,24.354,3351,10,True,True
4687487900566335744,27,lin,False,0,2.2249,0.13691,0.9332,0.10121,0.1017,0.014215,0.025402,0.0017794,6683.5,24.354,3351,10,False,True
4687487900566335744,27,lin,True,2,2.1419,0.14232,1.2743,0.11399,0.052668,0.0066413,0.025232,0.00078564,10535,24.354,3351,10,False,True
4687487900566335744,28,log,False,0,0.57261,0.88379,2.0623,0.090929,0.046366,0.082226,0.12005,0.00050983,2295,25.236,3449,9.9999,True,True
4687487900566335744,28,log,True,3,2.4579,0.10043,1.3314,0.090243,0.5963,0.028968,0.06631,0.00057116,1790.3,25.236,3449,9.9999,False,True
4687487900566335744,28,lin,False,0,7.0178,0.02,0.87808,0.09727,0.59891,0.0031903,0.017362,0.0013085,10293,25.236,3449,9.9999,False,True
4687487900566335744,28,lin,True,1,7.6918,0.02,1.0084,0.10314,0.44089,0.0018912,0.01387,0.00069965,17053,25.236,3449,9.9999,False,True
4687487900566335744,67,log,False,0,9.5477,0.31562,2.1621,0.11159,0.92245,0.024297,0.053579,0.00030381,8339.9,27.75,11490,3.3334,True,True
4687487900566335744,67,log,True,1,10.019,0.29517,2.1184,0.11165,1.0012,0.023619,0.051833,0.00030373,8294.4,27.75,11490,3.3334,True,True
4687487900566335744,67,lin,False,0,13.283,0.26617,2.2345,0.13357,0.052756,0.0015433,0.01553,0.00090722,86528,27.75,11490,3.3334,True,True
4687487900566335744,67,lin,True,1,13.218,0.26757,2.2725,0.13356,0.051598,0.0015107,0.015812,0.00089783,87305,27.75,11490,3.3334,True,True
4687487900566335744,68,log,False,0,1.8984,0.39551,1.5778,0.14448,0.20662,0.051553,0.063381,0.00042733,3175.4,27.525,11214,3.3333,True,True
4687487900566335744,68,log,True,2,3.3054,0.16769,1.3509,0.14407,0.55163,0.033636,0.050886,0.00044922,2859.7,27.525,11214,3.3333,True,True
4687487900566335744,68,lin,False,0,14.408,0.02,0.95721,0.16582,0.51981,0.0012522,0.0080235,0.00053793,40757,27.525,11214,3.3333,False,True
4687487900566335744,68,lin,True,1,14.695,0.02,0.98824,0.16698,0.51065,0.0011745,0.0081412,0.00049701,42674,27.525,11214,3.3333,False,True
4687499720314663296,28,log,False,0,2.2746,0.21061,1.5657,0.14268,0.36787,0.039916,0.085373,0.00082455,1751.9,25.236,3449,9.9999,True,True
4687499720314663296,28,log,True,0,2.2746,0.21061,1.5657,0.14268,0.36787,0.039916,0.085373,0.00082455,1751.9,25.236,3449,9.9999,True,True
4687499720314663296,28,lin,False,0,3.1966,0.17694,1.6373,0.17082,0.050494,0.0047119,0.029867,0.00096632,13759,25.236,3449,9.9999,True,True
4687499720314663296,28,lin,True,0,3.1966,0.17694,1.6373,0.17082,0.050494,0.0047119,0.029867,0.00096632,13759,25.236,3449,9.9999,True,True
4687499720314663296,67,log,False,0,25.241,0.14848,1.6655,0.19433,3.7338,0.019178,0.036171,0.00055691,7708.1,27.75,11490,3.3334,False,True
4687499720314663296,67,log,True,0,25.241,0.14848,1.6655,0.19433,3.7338,0.019178,0.036171,0.00055691,7708.1,27.75,11490,3.3334,False,True
4687499720314663296,67,lin,False,0,23.238,0.22925,2.1284,0.23357,0.096746,0.0014225,0.014496,0.0014737,85817,27.75,11490,3.3334,True,True
4687499720314663296,67,lin,True,0,23.238,0.22925,2.1284,0.23357,0.096746,0.0014225,0.014496,0.0014737,85817,27.75,11490,3.3334,True,True
4687499720314663296,68,log,False,0,5.423,0.15067,1.4175,0.16467,0.91246,0.028254,0.048531,0.00049551,3367.6,27.525,11218,3.3333,True,True
4687499720314663296,68,log,True,0,5.423,0.15067,1.4175,0.16467,0.91246,0.028254,0.048531,0.00049551,3367.6,27.525,11218,3.3333,True,True
4687499720314663296,68,lin,False,0,30.386,0.02,1.1742,0.19466,0.73737,0.0007114,0.0076281,0.000548,67781,27.525,11218,3.3333,False,True
4687499720314663296,68,lin,True,0,30.386,0.02,1.1742,0.19466,0.73737,0.0007114,0.0076281,0.000548,67781,27.525,11218,3.3333,False,True
4687501953697501568,27,log,False,0,5.2283,0.60366,1.9651,0.21141,0.43742,0.050351,0.065941,0.001267,5148.3,24.354,3351,10,True,True
4687501953697501568,27,log,True,2,1.8156,0.68244,1.8587,0.20772,0.16602,0.073149,0.096908,0.0012397,2514.5,24.354,3351,10,True,True
4687501953697501568,27,lin,False,0,6.7491,0.77228,7.0055,0.275,0.073246,0.0069697,0.35749,0.0059013,9224.2,24.354,3351,10,True,True
4687501953697501568,27,lin,True,2,4.1105,0.49114,2.3223,0.25361,0.050194,0.0086571,0.053807,0.0022133,12673,24.354,3351,10,True,True
4687501953697501568,28,log,False,0,5.5325,0.60644,2.358,0.21547,0.42482,0.041377,0.084706,0.0011231,5156.3,25.236,3449,9.9999,True,True
4687501953697501568,28,log,True,1,4.525,0.34431,1.7656,0.21077,0.51464,0.041765,0.07244,0.0012033,3258.6,25.236,3449,9.9999,True,True
4687501953697501568,28,lin,False,0,7.1233,0.65665,10,0.27499,0.063573,0.0041347,0.52741,0.0050343,11590,25.236,3449,9.9999,True,True
4687501953697501568,28,lin,True,7,7.0843,0.66339,10,0.26769,0.062095,0.0041031,0.51806,0.0049435,11902,25.236,3449,9.9999,True,True
4687501953697501568,67,log,False,0,6.0757,0.51612,1.9486,0.23902,0.5001,0.041662,0.058947,0.00066476,6241.4,27.75,11490,3.3334,True,True
4687501953697501568,67,log,True,1,6.0141,0.2666,1.6406,0.23492,0.73027,0.034567,0.057052,0.00066873,3909.4,27.75,11490,3.3334,True,True
4687501953697501568,67,lin,False,0,7.3627,0.66651,10,0.29173,0.037914,0.0024311,0.30547,0.0017465,35726,27.75,11490,3.3334,True,True
4687501953697501568,67,lin,True,22,7.3589,0.669,10,0.2892,0.036397,0.0023439,0.29342,0.0016798,37945,27.75,11490,3.3334,True,True
4687501953697501568,68,log,False,0,6.9025,0.45759,1.5709,0.19605,0.60662,0.043066,0.03506,0.0006174,9032.2,27.525,11218,3.3333,True,True
4687501953697501568,68,log,True,1,5.4274,0.34598,1.4294,0.19617,0.57779,0.042773,0.037365,0.00064105,6386.1,27.525,11218,3.3333,True,True
4687501953697501568,68,lin,False,0,7.8451,0.66421,10,0.24922,0.040341,0.0024189,0.30499,0.0018547,35732,27.525,11218,3.3333,True,True
4687501953697501568,68,lin,True,35,7.5799,0.71041,8.2974,0.24297,0.038337,0.0027731,0.22127,0.0017657,38014,27.525,11218,3.3333,True,True
4687503946562429184,28,log,False,0,1.4468,0.17052,1.6874,0.098504,0.26531,0.035009,0.1125,0.00052513,1224.5,25.236,3449,9.9999,True,True
4687503946562429184,28,log,True,0,1.4468,0.17052,1.6874,0.098504,0.26531,0.035009,0.1125,0.00052513,1224.5,25.236,3449,9.9999,True,True
4687503946562429184,28,lin,False,0,1.5335,0.22209,2.12,0.11772,0.022528,0.0048301,0.050299,0.00057804,11382,25.236,3449,9.9999,True,True
4687503946562429184,28,lin,True,0,1.5335,0.22209,2.12,0.11772,0.022528,0.0048301,0.050299,0.00057804,11382,25.236,3449,9.9999,True,True
4687503946562429184,67,log,False,0,3.6947,0.26568,2.2636,0.11744,0.41512,0.025968,0.098893,0.00031073,3418.7,27.75,11486,3.3334,True,True
4687503946562429184,67,log,True,0,3.6947,0.26568,2.2636,0.11744,0.41512,0.025968,0.098893,0.00031073,3418.7,27.75,11486,3.3334,True,True
4687503946562429184,67,lin,False,0,6.196,0.17589,1.9841,0.13867,0.037368,0.0016206,0.017474,0.00045595,60885,27.75,11486,3.3334,True,True
4687503946562429184,67,lin,True,0,6.196,0.17589,1.9841,0.13867,0.037368,0.0016206,0.017474,0.00045595,60885,27.75,11486,3.3334,True,True
4687503946562429184,68,log,False,0,0.52515,0.69913,3.5301,0.10647,0.041595,0.047717,0.34787,0.00028536,1432.8,27.525,11217,3.3333,True,True
4687503946562429184,68,log,True,1,0.38326,0.71182,2.4102,0.10593,0.035995,0.074406,0.22049,0.00028683,1109.6,27.525,11217,3.3333,True,True
4687503946562429184,68,lin,False,0,7.8804,0.02,1.0934,0.1249,0.40773,0.0016085,0.01438,0.0003348,22746,27.525,11217,3.3333,False,True
4687503946562429184,68,lin,True,0,7.8804,0.02,1.0934,0.1249,0.40773,0.0016085,0.01438,0.0003348,22746,27.525,11217,3.3333,False,True
4687504182822540416,67,log,False,0,82.937,0.069088,1.2354,0.16002,17.746,0.014203,0.014452,0.00070315,19850,27.75,11490,3.3334,False,True
4687504182822540416,67,log,True,0,82.937,0.069088,1.2354,0.16002,17.746,0.014203,0.014452,0.00070315,19850,27.75,11490,3.3334,False,True
4687504182822540416,67,lin,False,0,82.655,0.12907,2.1859,0.24057,0.43712,0.00096433,0.017914,0.004463,71120,27.75,11490,3.3334,False,True
4687504182822540416,67,lin,True,40,81.697,0.12974,2.169,0.23453,0.43487,0.00098038,0.017749,0.0044369,70893,27.75,11490,3.3334,False,True
4687504182822540416,68,log,False,0,70.481,0.074838,1.3504,0.16446,15.016,0.014396,0.018551,0.00059745,14188,27.525,11208,3.3333,False,True
4687504182822540416,68,log,True,0,70.481,0.074838,1.3504,0.16446,15.016,0.014396,0.018551,0.00059745,14188,27.525,11208,3.3333,False,True
4687504182822540416,68,lin,False,0,75.239,0.13032,3.234,0.23148,0.21961,0.00043295,0.022027,0.0028306,1.0586e+05,27.525,11208,3.3333,False,True
4687504182822540416,68,lin,True,40,73.51,0.134,3.0313,0.22895,0.21528,0.00046362,0.019554,0.0027365,1.0815e+05,27.525,11208,3.3333,False,True
4687505389671548672,28,log,False,0,0.67556,0.57123,2.419,0.084849,0.063909,0.054527,0.16927,0.00044068,1751,25.236,3449,9.9999,True,True
4687505389671548672,28,log,True,0,0.67556,0.57123,2.419,0.084849,0.063909,0.054527,0.16927,0.00044068,1751,25.236,3449,9.9999,True,True
4687505389671548672,28,lin,False,0,3.3164,0.056854,1.0222,0.093779,0.12855,0.0043084,0.017882,0.0008186,12057,25.236,3449,9.9999,False,True
4687505389671548672,28,lin,True,4,2.3707,0.095533,2.1862,0.10172,0.035821,0.0019468,0.046304,0.00046786,13854,25.236,3449,9.9999,False,True
4687505389671548672,68,log,False,0,6.109,0.38553,1.5012,0.10286,0.56217,0.036814,0.027009,0.0003444,12323,27.525,11218,3.3333,True,True
4687505389671548672,68,log,True,1,3.6678,0.43514,1.8772,0.091171,0.31898,0.035762,0.047693,0.00025719,7773.9,27.525,11218,3.3333,True,True
4687505389671548672,68,lin,False,0,59.857,0.02,1.0497,0.11449,0.9794,0.00052608,0.0042412,0.00085762,1.0325e+05,27.525,11218,3.3333,False,True
4687505389671548672,68,lin,True,0,59.857,0.02,1.0497,0.11449,0.9794,0.00052608,0.0042412,0.00085762,1.0325e+05,27.525,11218,3.3333,False,True
4687505801988031232,28,log,False,0,7.919,0.29545,2.1934,0.15424,0.87223,0.027372,0.077293,0.00080215,4420.6,25.236,3449,9.9999,True,True
4687505801988031232,28,log,True,2,9.1958,0.2437,2.2449,0.15412,1.1155,0.024007,0.083283,0.00078972,4003.7,25.236,3449,9.9999,True,True
4687505801988031232,28,lin,False,0,9.7793,0.302,2.4206,0.18666,0.081803,0.0035217,0.038801,0.0027394,21191,25.236,3449,9.9999,True,True
4687505801988031232,28,lin,True,10,9.1959,0.29428,10,0.18847,0.042681,0.00094589,0.26867,0.0022031,26702,25.236,3449,9.9999,True,True
4687505801988031232,67,log,False,0,9.8419,0.30857,1.8361,0.17925,1.0164,0.029234,0.046805,0.00050687,7129.2,27.75,11490,3.3334,True,True
4687505801988031232,67,log,True,1,13.825,0.18145,1.6438,0.17884,1.8883,0.023099,0.040333,0.00051495,6485.6,27.75,11490,3.3334,True,True
4687505801988031232,67,lin,False,0,15.987,0.21035,1.5406,0.20897,0.11394,0.002662,0.012038,0.001389,58581,27.75,11490,3.3334,True,True
4687505801988031232,67,lin,True,2,13.332,0.28367,2.4781,0.21663,0.064273,0.001889,0.02341,0.0012101,65229,27.75,11490,3.3334,True,True
4687505801988031232,68,log,False,0,4.5293,0.57101,1.6806,0.15083,0.35687,0.04729,0.039124,0.00045892,8949,27.525,11218,3.3333,True,True
4687505801988031232,68,log,True,4,1.3247,0.76765,2.1828,0.15057,0.099045,0.060667,0.10395,0.00040764,3370.9,27.525,11218,3.3333,True,True
4687505801988031232,68,lin,False,0,23.028,0.052181,0.95625,0.15375,0.4241,0.0019434,0.0068619,0.0014658,49673,27.525,11218,3.3333,False,True
4687505801988031232,68,lin,True,1,22.862,0.052794,1.0136,0.1608,0.38119,0.0017173,0.0070413,0.0012591,52935,27.525,11218,3.3333,False,True
4687507245097014144,27,log,False,0,11.801,0.36271,1.5438,0.13252,1.2084,0.037678,0.031612,0.0011293,9617,24.354,3351,10,True,True
4687507245097014144,27,log,True,0,11.801,0.36271,1.5438,0.13252,1.2084,0.037678,0.031612,0.0011293,9617,24.354,3351,10,True,True
4687507245097014144,27,lin,False,0,33.58,0.11805,1.3318,0.15917,0.46174,0.0029539,0.014658,0.0057469,23087,24.354,3351,10,False,True
4687507245097014144,27,lin,True,0,33.58,0.11805,1.3318,0.15917,0.46174,0.0029539,0.014658,0.0057469,23087,24.354,3351,10,False,True
4687507245097014144,28,log,False,0,17.798,0.02,1.2735,0.039186,12.085,0.012331,0.03471,0.00028703,4264.3,25.236,3449,9.9999,False,True
4687507245097014144,28,log,True,0,17.798,0.02,1.2735,0.039186,12.085,0.012331,0.03471,0.00028703,4264.3,25.236,3449,9.9999,False,True
4687507245097014144,28,lin,False,0,10.385,0.096327,3.6189,0.054076,0.041465,0.00039384,0.034737,0.00075907,41483,25.236,3449,9.9999,False,True
4687507245097014144,28,lin,True,14,10.401,0.095322,3.5716,0.05292,0.040517,0.00038224,0.032949,0.00072963,42577,25.236,3449,9.9999,False,True
4687507245097014144,67,log,False,0,30.097,0.15613,1.5972,0.39091,4.5223,0.022172,0.040872,0.0011348,5796.3,27.736,10229,3.3334,True,True
4687507245097014144,67,log,True,0,30.097,0.15613,1.5972,0.39091,4.5223,0.022172,0.040872,0.0011348,5796.3,27.736,10229,3.3334,True,True
4687507245097014144,67,lin,False,0,152.28,0.02,1.164,0.45182,2.2508,0.00043718,0.0046035,0.0017069,1.1315e+05,27.736,10229,3.3334,False,True
4687507245097014144,67,lin,True,0,152.28,0.02,1.164,0.45182,2.2508,0.00043718,0.0046035,0.0017069,1.1315e+05,27.736,10229,3.3334,False,True
4687507584364583040,28,log,False,0,53.247,0.032214,1.3825,0.040676,21.671,0.010849,0.021851,0.00032467,10074,25.236,3449,9.9999,False,True
4687507584364583040,28,log,True,0,53.247,0.032214,1.3825,0.040676,21.671,0.010849,0.021851,0.00032467,10074,25.236,3449,9.9999,False,True
4687507584364583040,28,lin,False,0,22.087,0.12172,4.8342,0.075496,0.088273,0.00044428,0.062492,0.0022162,36657,25.236,3449,9.9999,False,True
4687507584364583040,28,lin,True,40,21.709,0.12617,3.8764,0.063173,0.091301,0.00054276,0.044043,0.002139,37440,25.236,3449,9.9999,False,True
4687507584364583040,67,log,False,0,11.618,0.075444,1.2846,0.039876,2.4825,0.015522,0.019259,0.00015012,12678,27.75,11490,3.3334,False,True
4687507584364583040,67,log,True,0,11.618,0.075444,1.2846,0.039876,2.4825,0.015522,0.019259,0.00015012,12678,27.75,11490,3.3334,False,True
4687507584364583040,67,lin,False,0,8.8487,0.18489,3.1467,0.054488,0.024271,0.00060196,0.020544,0.00039208,1.1e+05,27.75,11490,3.3334,True,True
4687507584364583040,67,lin,True,40,8.7478,0.18605,2.8485,0.053212,0.024278,0.00064706,0.017129,0.00037522,1.1309e+05,27.75,11490,3.3334,True,True
4687507584364583040,68,log,False,0,10.759,0.10906,1.159,0.049352,1.8406,0.020279,0.015689,0.00024824,17950,27.525,11218,3.3333,False,True
4687507584364583040,68,log,True,0,10.759,0.10906,1.159,0.049352,1.8406,0.020279,0.015689,0.00024824,17950,27.525,11218,3.3333,False,True
4687507584364583040,68,lin,False,0,17.872,0.078684,1.2815,0.065831,0.14045,0.0011109,0.0066885,0.00067171,84605,27.525,11218,3.3333,False,True
4687507584364583040,68,lin,True,0,17.872,0.078684,1.2815,0.065831,0.14045,0.0011109,0.0066885,0.00067171,84605,27.525,11218,3.3333,False,True
4687508413319210368,27,log,False,0,0.39513,1.491,4.0934,0.14132,0.024785,0.079149,0.44535,0.00070899,1387.2,24.354,3350,10,True,True
4687508413319210368,27,log,True,3,0.14531,2.192,10,0.14126,0.0093359,0.081599,2.741,0.00069819,554.23,24.354,3350,10,True,True
4687508413319210368,27,lin,False,0,0.60942,1.3643,3.7769,0.16672,0.010802,0.027179,0.20177,0.00099981,5090.5,24.354,3350,10,True,True
4687508413319210368,27,lin,True,1,5.8297,0.02,0.9869,0.16301,0.64073,0.0036733,0.025269,0.0010302,6707,24.354,3350,10,False,True
4687508413319210368,28,log,False,0,1.0512,0.29551,1.6644,0.1405,0.1574,0.055301,0.12411,0.00077727,1083.1,25.236,3449,9.9999,True,True
4687508413319210368,28,log,True,2,2.3809,0.06398,1.2717,0.14031,0.88982,0.029953,0.098476,0.00084986,740.56,25.236,3449,9.9999,False,True
4687508413319210368,28,lin,False,0,2.0281,0.15238,1.3262,0.16488,0.061218,0.0086107,0.034681,0.00098224,6924.9,25.236,3449,9.9999,True,True
4687508413319210368,28,lin,True,1,2.0331,0.15078,1.5792,0.16729,0.051831,0.0065335,0.042959,0.00085543,7267.3,25.236,3449,9.9999,True,True
4687508413319210368,67,log,False,0,13.714,0.26622,2.0745,0.17407,1.4668,0.023355,0.05515,0.00047297,7077.1,27.75,11487,3.3334,True,True
4687508413319210368,67,log,True,1,15.144,0.22743,2.0345,0.17316,1.765,0.021663,0.054745,0.00047096,6654,27.75,11487,3.3334,True,True
4687508413319210368,67,lin,False,0,16.388,0.27323,2.2995,0.20758,0.067291,0.0016134,0.017072,0.0011933,82038,27.75,11487,3.3334,True,True
4687508413319210368,67,lin,True,1,16.136,0.27697,2.5008,0.20659,0.062113,0.0014639,0.019003,0.0011576,84181,27.75,11487,3.3334,True,True
4687508413319210368,68,log,False,0,0.51504,1.3206,2.4993,0.14537,0.034901,0.098229,0.17507,0.00039878,2004.4,27.525,11206,3.3333,True,True
4687508413319210368,68,log,True,2,0.78155,0.48759,1.4753,0.14455,0.093384,0.081516,0.086884,0.00044221,1559.1,27.525,11206,3.3333,True,True
4687508413319210368,68,lin,False,0,0.80164,1.0098,1.9563,0.17159,0.012231,0.024855,0.048688,0.00043202,11981,27.525,11206,3.3333,True,True
4687508413319210368,68,lin,True,0,0.80164,1.0098,1.9563,0.17159,0.012231,0.024855,0.048688,0.00043202,11981,27.525,11206,3.3333,True,True
4687509749039520768,27,log,False,0,3.7282,0.29672,1.6306,0.16653,0.48381,0.042789,0.068478,0.0010347,2952.9,24.354,3351,10,True,True
4687509749039520768,27,log,True,0,3.7282,0.29672,1.6306,0.16653,0.48381,0.042789,0.068478,0.0010347,2952.9,24.354,3351,10,True,True
4687509749039520768,27,lin,False,0,15.7,0.032299,0.96517,0.17544,0.57598,0.0021991,0.011124,0.0019024,20813,24.354,3351,10,False,True
4687509749039520768,27,lin,True,0,15.7,0.032299,0.96517,0.17544,0.57598,0.0021991,0.011124,0.0019024,20813,24.354,3351,10,False,True
4687509749039520768,28,log,False,0,1.6053,0.63497,1.8145,0.14149,0.14463,0.065914,0.082441,0.00085226,3125.3,25.236,3449,9.9999,True,True
4687509749039520768,28,log,True,0,1.6053,0.63497,1.8145,0.14149,0.14463,0.065914,0.082441,0.00085226,3125.3,25.236,3449,9.9999,True,True
4687509749039520768,28,lin,False,0,3.1552,0.30179,1.4666,0.16673,0.045579,0.0080102,0.023665,0.0012807,15537,25.236,3449,9.9999,True,True
4687509749039520768,28,lin,True,0,3.1552,0.30179,1.4666,0.16673,0.045579,0.0080102,0.023665,0.0012807,15537,25.236,3449,9.9999,True,True
4687509749039520768,67,log,False,0,4.7104,0.22161,1.5591,0.17823,0.63663,0.03268,0.055061,0.0005131,3571.8,27.75,11489,3.3334,True,True
4687509749039520768,67,log,True,0,4.7104,0.22161,1.5591,0.17823,0.63663,0.03268,0.055061,0.0005131,3571.8,27.75,11489,3.3334,True,True
4687509749039520768,67,lin,False,0,7.6383,0.1548,1.7574,0.21318,0.056765,0.0018644,0.016103,0.00058657,52945,27.75,11489,3.3334,True,True
4687509749039520768,67,lin,True,0,7.6383,0.1548,1.7574,0.21318,0.056765,0.0018644,0.016103,0.00058657,52945,27.75,11489,3.3334,True,True
4687509749039520768,68,log,False,0,2.0726,0.66273,1.9049,0.15444,0.16273,0.056219,0.069639,0.00043412,4639.4,27.525,11218,3.3333,True,True
4687509749039520768,68,log,True,0,2.0726,0.66273,1.9049,0.15444,0.16273,0.056219,0.069639,0.00043412,4639.4,27.525,11218,3.3333,True,True
4687509749039520768,68,lin,False,0,17.617,0.02,0.87926,0.16847,0.54744,0.0011587,0.0060566,0.00067934,51841,27.525,11218,3.3333,False,True
4687509749039520768,68,lin,True,0,17.617,0.02,0.87926,0.16847,0.54744,0.0011587,0.0060566,0.00067934,51841,27.525,11218,3.3333,False,True
4687512948804514176,28,log,False,0,29.33,0.10821,1.6724,0.20765,5.5861,0.017856,0.04562,0.0011699,4919.1,25.236,3449,9.9999,False,True
4687512948804514176,28,log,True,0,29.33,0.10821,1.6724,0.20765,5.5861,0.017856,0.04562,0.0011699,4919.1,25.236,3449,9.9999,False,True
4687512948804514176,28,lin,False,0,30.931,0.11896,1.6233,0.24207,0.28279,0.0017815,0.015403,0.0038119,29925,25.236,3449,9.9999,False,True
4687512948804514176,28,lin,True,0,30.931,0.11896,1.6233,0.24207,0.28279,0.0017815,0.015403,0.0038119,29925,25.236,3449,9.9999,False,True
4687512948804514176,67,log,False,0,9.4134,0.291,1.9709,0.20695,0.9998,0.027806,0.060303,0.00056362,5580.7,27.75,11490,3.3334,True,True
4687512948804514176,67,log,True,0,9.4134,0.291,1.9709,0.20695,0.9998,0.027806,0.060303,0.00056362,5580.7,27.75,11490,3.3334,True,True
4687512948804514176,67,lin,False,0,38.712,0.035405,1.0702,0.22833,0.46195,0.00074729,0.0046291,0.00089618,95666,27.75,11490,3.3334,False,True
4687512948804514176,67,lin,True,0,38.712,0.035405,1.0702,0.22833,0.46195,0.00074729,0.0046291,0.00089618,95666,27.75,11490,3.3334,False,True
4687512948804514176,68,log,False,0,11.208,0.37887,1.8098,0.20976,1.0406,0.032775,0.04181,0.00060574,8651,27.525,11218,3.3333,True,True
4687512948804514176,68,log,True,0,11.208,0.37887,1.8098,0.20976,1.0406,0.032775,0.04181,0.00060574,8651,27.525,11218,3.3333,True,True
4687512948804514176,68,lin,False,0,18.124,0.23864,1.7203,0.25111,0.080697,0.0017861,0.0098029,0.0011295,90444,27.525,11218,3.3333,True,True
4687512948804514176,68,lin,True,0,18.124,0.23864,1.7203,0.25111,0.080697,0.0017861,0.0098029,0.0011295,90444,27.525,11218,3.3333,True,True
4687513910877142528,27,log,False,0,2.6321,1.9504,2.814,0.24745,0.12851,0.086265,0.11161,0.0014757,5753,24.354,3351,10,True,True
4687513910877142528,27,log,True,14,2.1698,0.19018,1.4821,0.24707,0.45249,0.051383,0.12134,0.0015172,801.81,24.354,3351,10,True,True
4687513910877142528,27,lin,False,0,4.2187,1.9463,3.2698,0.30213,0.065695,0.036579,0.13736,0.0070828,6782.8,24.354,3351,10,True,True
4687513910877142528,27,lin,True,9,0.97672,1.8859,3.6698,0.29793,0.016821,0.036983,0.18696,0.0018405,5392.5,24.354,3351,10,True,True
4687513910877142528,28,log,False,0,2.7422,1.6648,2.7781,0.26773,0.14181,0.078791,0.11594,0.0015197,5237.4,25.236,3449,9.9999,True,True
4687513910877142528,28,log,True,14,0.58395,0.92275,3.4302,0.26688,0.053682,0.081395,0.50718,0.001339,631.84,25.236,3449,9.9999,True,True
4687513910877142528,28,lin,False,0,4.604,1.8012,3.3536,0.32307,0.072992,0.034058,0.14626,0.0075944,6541.6,25.236,3449,9.9999,True,True
4687513910877142528,28,lin,True,13,3.4096,0.16248,1.2647,0.30947,0.11527,0.010606,0.035698,0.0019657,5982.1,25.236,3449,9.9999,True,True
4687513910877142528,67,log,False,0,5.5798,0.9814,2.2086,0.35099,0.34291,0.058921,0.070439,0.00098565,6951.7,27.074,7339,3.3334,True,True
4687513910877142528,67,log,True,6,7.9869,0.30199,1.6296,0.32389,0.91337,0.037293,0.054285,0.00093534,4286.5,27.074,7339,3.3334,True,True
4687513910877142528,67,lin,False,0,23.396,0.084491,0.90388,0.35824,0.44266,0.0035387,0.0076033,0.0026733,40137,27.074,7339,3.3334,False,True
4687513910877142528,67,lin,True,5,28.045,0.043871,1.0294,0.36759,0.46114,0.0013522,0.0065187,0.0011953,60106,27.074,7339,3.3334,False,True
4687513910877142528,68,log,False,0,5.9445,1.5275,2.1987,0.24472,0.28014,0.0673,0.046566,0.00072346,14301,27.525,11105,3.3333,True,True
4687513910877142528,68,log,True,2,5.3659,1.4355,2.0749,0.24327,0.26654,0.069741,0.045255,0.00073099,13090,27.525,11105,3.3333,True,True
4687513910877142528,68,lin,False,0,7.3817,1.4262,2.0188,0.28704,0.039359,0.012064,0.018367,0.0017059,60280,27.525,11105,3.3333,True,True
4687513910877142528,68,lin,True,0,7.3817,1.4262,2.0188,0.28704,0.039359,0.012064,0.018367,0.0017059,60280,27.525,11105,3.3333,True,True
4688962517474878720,27,log,False,0,3.6794,0.18309,1.3848,0.27984,0.69433,0.04462,0.082621,0.0017803,1435.4,24.354,3351,10,True,True
4688962517474878720,27,log,True,1,5.3753,0.09995,1.3062,0.28014,1.4216,0.033,0.07891,0.001785,1263.3,24.354,3351,10,False,True
4688962517474878720,27,lin,False,0,8.0109,0.06094,1.0076,0.31591,0.35337,0.0053335,0.020207,0.0024292,9823.3,24.354,3351,10,False,True
4688962517474878720,27,lin,True,1,7.7884,0.064439,1.1197,0.32444,0.28248,0.0043618,0.020878,0.0018897,11031,24.354,3351,10,False,True
4688962517474878720,28,log,False,0,1.0899,1.405,3.0604,0.20295,0.066789,0.080171,0.20543,0.0010881,2530.4,25.236,3449,9.9999,True,True
4688962517474878720,28,log,True,6,1.8426,0.36554,1.7888,0.20233,0.23899,0.055721,0.11787,0.0011487,1464.5,25.236,3449,9.9999,True,True
4688962517474878720,28,lin,False,0,1.373,1.6298,4.4085,0.245,0.017799,0.021979,0.19464,0.0018954,8066.5,25.236,3449,9.9999,True,True
4688962517474878720,28,lin,True,4,1.4217,1.2832,10,0.24658,0.015398,0.0098503,0.64366,0.0017258,8555.5,25.236,3449,9.9999,True,True
4688962517474878720,67,log,False,0,2.6882,1.4091,2.7995,0.40021,0.14645,0.073196,0.13967,0.0010853,4191.2,27.75,11490,3.3334,True,True
4688962517474878720,67,log,True,7,16.073,0.085144,1.4868,0.39606,3.8052,0.020861,0.063821,0.0011137,2114.1,27.75,11490,3.3334,False,True
4688962517474878720,67,lin,False,0,24.886,0.049511,0.88184,0.43057,0.80901,0.0034169,0.010161,0.0029499,24166,27.75,11490,3.3334,False,True
4688962517474878720,67,lin,True,7,18.891,0.09294,1.6669,0.47129,0.19293,0.0015076,0.01725,0.0012305,43807,27.75,11490,3.3334,False,True
4688962517474878720,68,log,False,0,2.371,0.79616,1.9025,0.29791,0.18482,0.071884,0.085199,0.00083991,3342.5,27.525,11218,3.3333,True,True
4688962517474878720,68,log,True,6,1.6973,0.41689,1.7088,0.29775,0.20753,0.064811,0.11675,0.0008331,1289,27.525,11218,3.3333,True,True
4688962517474878720,68,lin,False,0,36.642,0.020744,0.99997,0.34194,1.2224,0.001166,0.0081643,0.0012275,43518,27.525,11218,3.3333,False,True
4688962517474878720,68,lin,True,1,27.987,0.035266,1.1675,0.34959,0.59505,0.0012469,0.0098233,0.0010682,46028,27.525,11218,3.3333,False,True
4688966292708802304,27,log,False,0,6.8984,0.059199,1.3993,0.052053,2.1416,0.017648,0.044873,0.00034364,3396.4,24.354,3350,10,False,True
4688966292708802304,27,log,True,0,6.8984,0.059199,1.3993,0.052053,2.1416,0.017648,0.044873,0.00034364,3396.4,24.354,3350,10,False,True
4688966292708802304,27,lin,False,0,5.1438,0.1169,1.8284,0.06497,0.040209,0.0013924,0.016968,0.00055987,31807,24.354,3350,10,False,True
4688966292708802304,27,lin,True,0,5.1438,0.1169,1.8284,0.06497,0.040209,0.0013924,0.016968,0.00055987,31807,24.354,3350,10,False,True
4688966292708802304,28,log,False,0,2.2884,0.24542,1.9173,0.052731,0.2814,0.027876,0.068193,0.00027597,3977,25.236,3449,9.9999,True,True
4688966292708802304,28,log,True,0,2.2884,0.24542,1.9173,0.052731,0.2814,0.027876,0.068193,0.00027597,3977,25.236,3449,9.9999,True,True
4688966292708802304,28,lin,False,0,2.3405,0.30265,2.8204,0.064341,0.014398,0.002387,0.038606,0.00051733,27601,25.236,3449,9.9999,True,True
4688966292708802304,28,lin,True,0,2.3405,0.30265,2.8204,0.064341,0.014398,0.002387,0.038606,0.00051733,27601,25.236,3449,9.9999,True,True
4688966292708802304,67,log,False,0,3.1532,0.09931,1.5697,0.054911,0.64188,0.019624,0.055854,0.00015287,3122.9,27.75,11489,3.3334,False,True
4688966292708802304,67,log,True,0,3.1532,0.09931,1.5697,0.054911,0.64188,0.019624,0.055854,0.00015287,3122.9,27.75,11489,3.3334,False,True
4688966292708802304,67,lin,False,0,1.9188,0.27645,4.6713,0.065802,0.0075451,0.0010752,0.062873,0.00018116,63681,27.75,11489,3.3334,True,True
4688966292708802304,67,lin,True,1,1.9129,0.27647,4.9046,0.06574,0.0073949,0.0010322,0.067371,0.00018035,64029,27.75,11489,3.3334,True,True
4688966292708802304,68,log,False,0,1.9877,0.35505,1.5967,0.057017,0.20072,0.037783,0.040728,0.00017209,6861,27.525,11218,3.3333,True,True
4688966292708802304,68,log,True,0,1.9877,0.35505,1.5967,0.057017,0.20072,0.037783,0.040728,0.00017209,6861,27.525,11218,3.3333,True,True
4688966292708802304,68,lin,False,0,12.879,0.030764,1.0457,0.063314,0.19268,0.00080573,0.0050847,0.00031512,83874,27.525,11218,3.3333,False,True
4688966292708802304,68,lin,True,0,12.879,0.030764,1.0457,0.063314,0.19268,0.00080573,0.0050847,0.00031512,83874,27.525,11218,3.3333,False,True
4688967289176997504,28,log,False,0,11.301,0.093947,1.4331,0.07317,2.4069,0.01914,0.035264,0.00051013,5716.7,25.236,3449,9.9999,False,True
4688967289176997504,28,log,True,0,11.301,0.093947,1.4331,0.07317,2.4069,0.01914,0.035264,0.00051013,5716.7,25.236,3449,9.9999,False,True
4688967289176997504,28,lin,False,0,9.3503,0.14869,1.5888,0.088471,0.073103,0.0019671,0.01331,0.0011949,33240,25.236,3449,9.9999,False,True
4688967289176997504,28,lin,True,0,9.3503,0.14869,1.5888,0.088471,0.073103,0.0019671,0.01331,0.0011949,33240,25.236,3449,9.9999,False,True
4688967289176997504,68,log,False,0,23.887,0.33758,1.429,0.29923,2.3543,0.034572,0.023194,0.001098,14195,27.525,11218,3.3333,True,True
4688967289176997504,68,log,True,1,19.193,0.25335,1.6315,0.24655,2.1825,0.027189,0.034131,0.00074068,8875.5,27.525,11218,3.3333,True,True
4688967289176997504,68,lin,False,0,263.13,0.02,1.1133,0.34895,4.5713,0.00053213,0.0049806,0.0036549,97301,27.525,11218,3.3333,False,True
4688967289176997504,68,lin,True,0,263.13,0.02,1.1133,0.34895,4.5713,0.00053213,0.0049806,0.0036549,97301,27.525,11218,3.3333,False,True
4688967362197739392,27,log,False,0,29.475,0.029118,1.3072,0.033237,13.622,0.01183,0.024014,0.00028394,8118.5,24.354,3351,10,False,True
4688967362197739392,27,log,True,0,29.475,0.029118,1.3072,0.033237,13.622,0.01183,0.024014,0.00028394,8118.5,24.354,3351,10,False,True
4688967362197739392,27,lin,False,0,14.182,0.10469,2.7037,0.054243,0.070349,0.00062631,0.02434,0.0011428,38503,24.354,3351,10,False,True
4688967362197739392,27,lin,True,40,12.266,0.12176,3.6768,0.049277,0.04904,0.00050752,0.037415,0.0010814,39227,24.354,3351,10,False,True
4688967362197739392,28,log,False,0,9.5628,0.02,0.97231,0.025084,5.4538,0.013663,0.024364,0.00043396,7393,25.236,3449,9.9999,False,True
4688967362197739392,28,log,True,5,0.9191,0.19293,1.9664,0.027053,0.13856,0.027014,0.094049,0.00014215,2390.2,25.236,3449,9.9999,True,True
4688967362197739392,28,lin,False,0,18.583,0.075263,2.4464,0.046858,0.098667,0.00048626,0.019001,0.0010806,42818,25.236,3449,9.9999,False,True
4688967362197739392,28,lin,True,9,18.509,0.075552,2.4331,0.045961,0.097887,0.00048807,0.018734,0.0010724,43023,25.236,3449,9.9999,False,True
4688967362197739392,68,log,False,0,8.1875,0.32079,1.3765,0.12138,0.83178,0.035308,0.023516,0.00045126,13108,27.525,11218,3.3333,True,True
4688967362197739392,68,log,True,2,4.2279,0.36465,1.6696,0.099306,0.40999,0.035455,0.039901,0.00029418,7808.8,27.525,11218,3.3333,True,True
4688967362197739392,68,lin,False,0,35.733,0.080881,1.5324,0.15927,0.29522,0.001091,0.010869,0.0015471,67655,27.525,11218,3.3333,False,True
4688967362197739392,68,lin,True,17,34.368,0.084762,1.5837,0.15818,0.27102,0.0010783,0.011411,0.0015196,67806,27.525,11218,3.3333,False,True
4688967568356557440,27,log,False,0,1.0617,0.078095,1.4728,0.020712,0.29724,0.022335,0.06854,0.00012358,1877.8,24.354,3351,10,False,True
4688967568356557440,27,log,True,1,0.99866,0.087498,1.5744,0.020787,0.25731,0.022299,0.076388,0.00011773,1806.4,24.354,3351,10,False,True
4688967568356557440,27,lin,False,0,1.1144,0.094692,1.9737,0.02555,0.01183,0.0014278,0.02554,0.00013999,23811,24.354,3351,10,False,True
4688967568356557440,27,lin,True,1,1.1002,0.096364,2.0382,0.025398,0.010786,0.0013209,0.025502,0.0001329,25094,24.354,3351,10,False,True
4688967568356557440,28,log,False,0,2.6762,0.10303,1.4138,0.020891,0.5234,0.01987,0.034515,0.00014295,5900.7,25.236,3449,9.9999,False,True
4688967568356557440,28,log,True,2,3.4082,0.078949,1.4042,0.02091,0.78397,0.01742,0.03432,0.0001409,5629.8,25.236,3449,9.9999,False,True
4688967568356557440,28,lin,False,0,13.741,0.02,1.2831,0.025352,0.35318,0.00068649,0.0088652,0.00037162,39218,25.236,3449,9.9999,False,True
4688967568356557440,28,lin,True,2,13.787,0.02,1.2893,0.025046,0.34839,0.00067211,0.0087806,0.00036421,39780,25.236,3449,9.9999,False,True
4688967568356557440,67,log,False,0,0.83853,0.20005,1.5553,0.020325,0.11502,0.028397,0.046105,5.9441e-05,4703,27.75,11490,3.3334,True,True
4688967568356557440,67,log,True,2,1.1318,0.1346,1.498,0.020322,0.19137,0.023051,0.044145,5.9528e-05,4362.6,27.75,11490,3.3334,False,True
4688967568356557440,67,lin,False,0,2.9797,0.042351,1.2313,0.023928,0.032941,0.00078019,0.0064182,7.4975e-05,85591,27.75,11490,3.3334,False,True
4688967568356557440,67,lin,True,2,2.8236,0.046881,1.2992,0.024023,0.026988,0.00073607,0.0066309,6.9904e-05,90281,27.75,11490,3.3334,False,True
4688967568356557440,68,log,False,0,0.37946,0.4375,1.4586,0.019792,0.037771,0.052451,0.043104,6.4754e-05,5416.3,27.525,11218,3.3333,True,True
4688967568356557440,68,log,True,4,0.241,0.28982,1.5461,0.019431,0.0317,0.046191,0.072953,5.6674e-05,2241.1,27.525,11218,3.3333,True,True
4688967568356557440,68,lin,False,0,7.0334,0.02,1.3262,0.024343,0.14027,0.00052859,0.0077301,9.0625e-05,85484,27.525,11218,3.3333,False,True
4688967568356557440,68,lin,True,4,7.0241,0.02,1.3417,0.02423,0.13298,0.00049698,0.007484,8.4918e-05,90366,27.525,11218,3.3333,False,True
4688978838366817280,27,log,False,0,1.6892,0.68459,2.2659,0.076557,0.12896,0.048527,0.083101,0.00042304,4916.9,24.354,3351,10,True,True
4688978838366817280,27,log,True,1,1.8296,0.56184,2.0958,0.076369,0.15612,0.045993,0.076288,0.00042933,4607.6,24.354,3351,10,True,True
4688978838366817280,27,lin,False,0,2.1033,0.65605,2.1571,0.090246,0.017634,0.0082979,0.032462,0.00090026,21232,24.354,3351,10,True,True
4688978838366817280,27,lin,True,0,2.1033,0.65605,2.1571,0.090246,0.017634,0.0082979,0.032462,0.00090026,21232,24.354,3351,10,True,True
4688978838366817280,28,log,False,0,1.571,0.98671,2.5787,0.069356,0.093968,0.050961,0.084642,0.0003706,6685.5,25.236,3449,9.9999,True,True
4688978838366817280,28,log,True,2,1.939,0.63087,2.0644,0.068803,0.15051,0.046681,0.064284,0.00039273,5956.7,25.236,3449,9.9999,True,True
4688978838366817280,28,lin,False,0,2.9958,0.52838,1.6604,0.076347,0.034859,0.010681,0.026352,0.0014658,17362,25.236,3449,9.9999,True,True
4688978838366817280,28,lin,True,2,3.0192,0.45673,2.0119,0.083515,0.025851,0.0061058,0.0282,0.0010366,22273,25.236,3449,9.9999,True,True
4688978838366817280,67,log,False,0,1.7409,0.79915,2.1263,0.068812,0.11193,0.048291,0.05662,0.00019105,8812.7,27.75,11490,3.3334,True,True
4688978838366817280,67,log,True,0,1.7409,0.79915,2.1263,0.068812,0.11193,0.048291,0.05662,0.00019105,8812.7,27.75,11490,3.3334,True,True
4688978838366817280,67,lin,False,0,10.824,0.044585,0.9544,0.070748,0.14637,0.0011957,0.004685,0.00042621,79427,27.75,11490,3.3334,False,True
4688978838366817280,67,lin,True,0,10.824,0.044585,0.9544,0.070748,0.14637,0.0011957,0.004685,0.00042621,79427,27.75,11490,3.3334,False,True
4688978838366817280,68,log,False,0,1.6054,0.98106,2.3211,0.090475,0.094854,0.054312,0.071849,0.00024782,7635.6,27.525,11218,3.3333,True,True
4688978838366817280,68,log,True,3,1.6039,0.85794,2.3991,0.090587,0.10091,0.049594,0.081528,0.00024539,6602.1,27.525,11218,3.3333,True,True
4688978838366817280,68,lin,False,0,2.073,0.89852,1.9829,0.10562,0.012675,0.0087918,0.019964,0.00042104,51597,27.525,11218,3.3333,True,True
4688978838366817280,68,lin,True,2,2.2637,0.64208,1.8249,0.10575,0.012922,0.0061221,0.015454,0.00034371,60375,27.525,11218,3.3333,True,True
4688980414561766016,27,log,False,0,2.0565,0.20697,1.7483,0.11067,0.32672,0.035254,0.098139,0.00060348,1718.4,24.354,3350,10,True,True
4688980414561766016,27,log,True,1,3.4442,0.095753,1.552,0.11064,0.86408,0.025239,0.086819,0.00061512,1439.6,24.354,3350,10,False,True
4688980414561766016,27,lin,False,0,3.1587,0.15226,1.7456,0.13225,0.047588,0.0036808,0.031571,0.00081913,14422,24.354,3350,10,True,True
4688980414561766016,27,lin,True,2,3.031,0.15379,3.2002,0.1346,0.028043,0.0016337,0.068902,0.00068462,17139,24.354,3350,10,True,True
4688980414561766016,28,log,False,0,2.4095,0.42133,1.7619,0.11613,0.24956,0.04711,0.068249,0.00069332,3723.1,25.236,3445,9.9999,True,True
4688980414561766016,28,log,True,0,2.4095,0.42133,1.7619,0.11613,0.24956,0.04711,0.068249,0.00069332,3723.1,25.236,3445,9.9999,True,True
4688980414561766016,28,lin,False,0,7.0453,0.10596,1.2058,0.13028,0.11409,0.0032776,0.01355,0.0013063,22132,25.236,3445,9.9999,False,True
4688980414561766016,28,lin,True,0,7.0453,0.10596,1.2058,0.13028,0.11409,0.0032776,0.01355,0.0013063,22132,25.236,3445,9.9999,False,True
4688980414561766016,67,log,False,0,7.0754,0.11225,1.5648,0.12362,1.3267,0.020568,0.052138,0.00034654,3518.3,27.75,11490,3.3334,False,True
4688980414561766016,67,log,True,0,7.0754,0.11225,1.5648,0.12362,1.3267,0.020568,0.052138,0.00034654,3518.3,27.75,11490,3.3334,False,True
4688980414561766016,67,lin,False,0,12.663,0.057078,1.3188,0.14486,0.12619,0.00095928,0.0079284,0.00042126,75376,27.75,11490,3.3334,False,True
4688980414561766016,67,lin,True,0,12.663,0.057078,1.3188,0.14486,0.12619,0.00095928,0.0079284,0.00042126,75376,27.75,11490,3.3334,False,True
4688980414561766016,68,log,False,0,4.5901,0.48761,1.4945,0.12081,0.39855,0.046567,0.030768,0.0004171,10360,27.525,11215,3.3333,True,True
4688980414561766016,68,log,True,0,4.5901,0.48761,1.4945,0.12081,0.39855,0.046567,0.030768,0.0004171,10360,27.525,11215,3.3333,True,True
4688980414561766016,68,lin,False,0,34.034,0.023055,0.89009,0.11969,0.68918,0.00088113,0.004366,0.0010001,78550,27.525,11215,3.3333,False,True
4688980414561766016,68,lin,True,0,34.034,0.023055,0.89009,0.11969,0.68918,0.00088113,0.004366,0.0010001,78550,27.525,11215,3.3333,False,True
4688986534938381184,27,log,False,0,15.894,0.17858,1.4132,0.51481,9.3134,0.11204,0.13919,0.0077176,553.39,4.9931,317,10,True,True
4688986534938381184,27,log,True,0,15.894,0.17858,1.4132,0.51481,9.3134,0.11204,0.13919,0.0077176,553.39,4.9931,317,10,True,True
4688986534938381184,27,lin,False,0,9.6608,0.36352,1.6933,0.61874,0.35517,0.019861,0.058346,0.0067564,3825.5,4.9931,317,10,True,True
4688986534938381184,27,lin,True,0,9.6608,0.36352,1.6933,0.61874,0.35517,0.019861,0.058346,0.0067564,3825.5,4.9931,317,10,True,True
4688986534938381184,67,log,False,0,12.42,0.34415,1.8689,0.38945,1.2664,0.034035,0.059654,0.00109,5125.1,27.713,10699,3.3334,True,True
4688986534938381184,67,log,True,0,12.42,0.34415,1.8689,0.38945,1.2664,0.034035,0.059654,0.00109,5125.1,27.713,10699,3.3334,True,True
4688986534938381184,67,lin,False,0,20.336,0.21967,1.577,0.45886,0.13197,0.0025045,0.011632,0.0016762,64022,27.713,10699,3.3334,True,True
4688986534938381184,67,lin,True,0,20.336,0.21967,1.577,0.45886,0.13197,0.0025045,0.011632,0.0016762,64022,27.713,10699,3.3334,True,True
4688986534938381184,68,log,False,0,20.095,0.17866,1.4125,0.16527,2.8185,0.024695,0.024937,0.00058612,10694,26.19,8438,3.3333,True,True
4688986534938381184,68,log,True,1,20.279,0.17857,1.4284,0.16523,2.8488,0.024502,0.025467,0.00057882,10505,26.19,8438,3.3333,True,True
4688986534938381184,68,lin,False,0,115.25,0.02,1.0813,0.18473,1.8288,0.00049284,0.0041789,0.0014503,1.0716e+05,26.19,8438,3.3333,False,True
4688986534938381184,68,lin,True,0,115.25,0.02,1.0813,0.18473,1.8288,0.00049284,0.0041789,0.0014503,1.0716e+05,26.19,8438,3.3333,False,True
4689002851458876800,28,log,False,0,16.002,0.02,1.2925,0.090358,11.769,0.013798,0.052852,0.00054983,2025.7,25.236,3449,9.9999,False,True
4689002851458876800,28,log,True,0,16.002,0.02,1.2925,0.090358,11.769,0.013798,0.052852,0.00054983,2025.7,25.236,3449,9.9999,False,True
4689002851458876800,28,lin,False,0,12.001,0.047478,2.1601,0.11228,0.12033,0.00055921,0.020704,0.00061931,35325,25.236,3449,9.9999,False,True
4689002851458876800,28,lin,True,0,12.001,0.047478,2.1601,0.11228,0.12033,0.00055921,0.020704,0.00061931,35325,25.236,3449,9.9999,False,True
4689002851458876800,67,log,False,0,9.9548,0.048507,1.317,0.076832,3.1041,0.014858,0.035392,0.00023782,4223.1,27.75,11490,3.3334,False,True
4689002851458876800,67,log,True,0,9.9548,0.048507,1.317,0.076832,3.1041,0.014858,0.035392,0.00023782,4223.1,27.75,11490,3.3334,False,True
4689002851458876800,67,lin,False,0,21.255,0.027357,1.3122,0.09139,0.29685,0.00055429,0.0069364,0.00034142,91518,27.75,11490,3.3334,False,True
4689002851458876800,67,lin,True,0,21.255,0.027357,1.3122,0.09139,0.29685,0.00055429,0.0069364,0.00034142,91518,27.75,11490,3.3334,False,True
4689002851458876800,68,log,False,0,5.2259,0.40074,1.7385,0.14835,0.49463,0.03802,0.04604,0.00043599,6855.3,27.525,11214,3.3333,True,True
4689002851458876800,68,log,True,0,5.2259,0.40074,1.7385,0.14835,0.49463,0.03802,0.04604,0.00043599,6855.3,27.525,11214,3.3333,True,True
4689002851458876800,68,lin,False,0,13.823,0.12201,1.3234,0.17404,0.10661,0.0017438,0.0081584,0.00078973,70689,27.525,11214,3.3333,False,True
4689002851458876800,68,lin,True,0,13.823,0.12201,1.3234,0.17404,0.10661,0.0017438,0.0081584,0.00078973,70689,27.525,11214,3.3333,False,True
4689003027613801216,28,log,False,0,11.237,0.15387,1.7222,0.089769,1.7661,0.021077,0.044612,0.00052713,5631,25.236,3445,9.9999,True,True
4689003027613801216,28,log,True,0,11.237,0.15387,1.7222,0.089769,1.7661,0.021077,0.044612,0.00052713,5631,25.236,3445,9.9999,True,True
4689003027613801216,28,lin,False,0,9.2849,0.23901,2.013,0.10937,0.056557,0.0022267,0.018878,0.0014886,33411,25.236,3445,9.9999,True,True
4689003027613801216,28,lin,True,0,9.2849,0.23901,2.013,0.10937,0.056557,0.0022267,0.018878,0.0014886,33411,25.236,3445,9.9999,True,True
4689003027613801216,67,log,False,0,15.907,0.11169,1.3646,0.1014,2.7355,0.018707,0.023917,0.00033917,10128,27.75,11490,3.3334,False,True
4689003027613801216,67,log,True,0,15.907,0.11169,1.3646,0.1014,2.7355,0.018707,0.023917,0.00033917,10128,27.75,11490,3.3334,False,True
4689003027613801216,67,lin,False,0,69.525,0.02,1.1789,0.12022,0.84622,0.0003563,0.0038769,0.00063166,1.3349e+05,27.75,11490,3.3334,False,True
4689003027613801216,67,lin,True,0,69.525,0.02,1.1789,0.12022,0.84622,0.0003563,0.0038769,0.00063166,1.3349e+05,27.75,11490,3.3334,False,True
4689003027613801216,68,log,False,0,6.3949,0.24038,1.6377,0.085091,0.73633,0.026119,0.035125,0.0002483,8524,27.525,11218,3.3333,True,True
4689003027613801216,68,log,True,0,6.3949,0.24038,1.6377,0.085091,0.73633,0.026119,0.035125,0.0002483,8524,27.525,11218,3.3333,True,True
4689003027613801216,68,lin,False,0,13.924,0.07678,1.1518,0.093552,0.098429,0.0010319,0.0046402,0.00045977,1.0348e+05,27.525,11218,3.3333,False,True
4689003027613801216,68,lin,True,0,13.924,0.07678,1.1518,0.093552,0.098429,0.0010319,0.0046402,0.00045977,1.0348e+05,27.525,11218,3.3333,False,True
4689018661298288000,28,log,False,0,4.5462,0.093017,1.4006,0.18642,1.1828,0.027955,0.080064,0.0010898,1372.5,25.236,3449,9.9999,False,True
4689018661298288000,28,log,True,0,4.5462,0.093017,1.4006,0.18642,1.1828,0.027955,0.080064,0.0010898,1372.5,25.236,3449,9.9999,False,True
4689018661298288000,28,lin,False,0,4.5391,0.16861,2.4685,0.22616,0.057081,0.0028341,0.056847,0.0013061,13320,25.236,3449,9.9999,True,True
4689018661298288000,28,lin,True,1,4.5112,0.16933,2.5399,0.22569,0.055162,0.002725,0.058633,0.0012862,13552,25.236,3449,9.9999,True,True
4689018661298288000,67,log,False,0,12.293,0.037153,1.2002,0.12584,4.7625,0.015314,0.037,0.00041454,3220.2,27.75,11490,3.3334,False,True
4689018661298288000,67,log,True,0,12.293,0.037153,1.2002,0.12584,4.7625,0.015314,0.037,0.00041454,3220.2,27.75,11490,3.3334,False,True
4689018661298288000,67,lin,False,0,25.749,0.02,1.2376,0.15083,0.5798,0.00063333,0.0078036,0.00040809,73892,27.75,11490,3.3334,False,True
4689018661298288000,67,lin,True,0,25.749,0.02,1.2376,0.15083,0.5798,0.00063333,0.0078036,0.00040809,73892,27.75,11490,3.3334,False,True
4689018661298288000,68,log,False,0,6.3554,0.23747,1.4541,0.13832,0.7832,0.031391,0.035074,0.00043532,6792.6,27.525,11218,3.3333,True,True
4689018661298288000,68,log,True,0,6.3554,0.23747,1.4541,0.13832,0.7832,0.031391,0.035074,0.00043532,6792.6,27.525,11218,3.3333,True,True
4689018661298288000,68,lin,False,0,51.682,0.02,1.1606,0.16344,0.92165,0.00052783,0.0054941,0.00069549,94905,27.525,11218,3.3333,False,True
4689018661298288000,68,lin,True,0,51.682,0.02,1.1606,0.16344,0.92165,0.00052783,0.0054941,0.00069549,94905,27.525,11218,3.3333,False,True
4689033539046230400,27,log,False,0,29.345,0.02,1.4216,0.031496,20.627,0.011198,0.033216,0.0002018,5119.5,24.354,3351,10,False,True
4689033539046230400,27,log,True,0,29.345,0.02,1.4216,0.031496,20.627,0.011198,0.033216,0.0002018,5119.5,24.354,3351,10,False,True
4689033539046230400,27,lin,False,0,9.6984,0.12703,4.4412,0.043022,0.015735,0.00019632,0.021768,0.00039051,66487,24.354,3351,10,False,True
4689033539046230400,27,lin,True,14,9.548,0.12985,4.4642,0.041495,0.014535,0.00018826,0.020687,0.00036715,68535,24.354,3351,10,False,True
4689033539046230400,28,log,False,0,7.3541,0.068852,1.3777,0.033256,1.8408,0.016307,0.031286,0.00023868,6340.9,25.236,3449,9.9999,False,True
4689033539046230400,28,log,True,0,7.3541,0.068852,1.3777,0.033256,1.8408,0.016307,0.031286,0.00023868,6340.9,25.236,3449,9.9999,False,True
4689033539046230400,28,lin,False,0,5.9058,0.16562,3.1431,0.04754,0.038532,0.0012641,0.047645,0.00098893,26022,25.236,3449,9.9999,True,True
4689033539046230400,28,lin,True,14,5.8359,0.16793,3.1284,0.04667,0.037539,0.0012682,0.046631,0.00097042,26432,25.236,3449,9.9999,True,True
4689033539046230400,67,log,False,0,15.473,0.054685,1.2826,0.036287,3.9521,0.013013,0.018391,0.00013305,12988,27.75,11490,3.3334,False,True
4689033539046230400,67,log,True,0,15.473,0.054685,1.2826,0.036287,3.9521,0.013013,0.018391,0.00013305,12988,27.75,11490,3.3334,False,True
4689033539046230400,67,lin,False,0,35.049,0.026161,1.2921,0.044702,0.24451,0.00026493,0.0032475,0.00026329,1.6871e+05,27.75,11490,3.3334,False,True
4689033539046230400,67,lin,True,0,35.049,0.026161,1.2921,0.044702,0.24451,0.00026493,0.0032475,0.00026329,1.6871e+05,27.75,11490,3.3334,False,True
4689033539046230400,68,log,False,0,12.114,0.10485,1.1436,0.056726,2.1129,0.020105,0.015614,0.00029007,17779,27.525,11218,3.3333,False,True
4689033539046230400,68,log,True,0,12.114,0.10485,1.1436,0.056726,2.1129,0.020105,0.015614,0.00029007,17779,27.525,11218,3.3333,False,True
4689033539046230400,68,lin,False,0,45.691,0.02,1.0208,0.066488,0.55068,0.00039654,0.0029802,0.00050554,1.3485e+05,27.525,11218,3.3333,False,True
4689033539046230400,68,lin,True,0,45.691,0.02,1.0208,0.066488,0.55068,0.00039654,0.0029802,0.00050554,1.3485e+05,27.525,11218,3.3333,False,True
4689037181200454656,27,log,False,0,4.8859,0.25701,2.2069,0.1848,0.61361,0.02912,0.1126,0.00093217,2455.6,24.354,3351,10,True,True
4689037181200454656,27,log,True,1,2.0189,0.32207,2.3379,0.18375,0.24621,0.038409,0.17445,0.00092003,1408.6,24.354,3351,10,True,True
4689037181200454656,27,lin,False,0,5.8979,0.28511,10,0.22659,0.042821,0.0014298,0.41907,0.0021684,15489,24.354,3351,10,True,True
4689037181200454656,27,lin,True,5,5.9136,0.28746,10,0.22305,0.040128,0.0013478,0.39181,0.0020413,16917,24.354,3351,10,True,True
4689037181200454656,28,log,False,0,3.3813,0.32007,3.1824,0.1638,0.36372,0.026211,0.22522,0.00081702,2001.7,25.236,3449,9.9999,True,True
4689037181200454656,28,log,True,0,3.3813,0.32007,3.1824,0.1638,0.36372,0.026211,0.22522,0.00081702,2001.7,25.236,3449,9.9999,True,True
4689037181200454656,28,lin,False,0,3.6944,0.34504,4.4671,0.19715,0.025553,0.0024209,0.10276,0.0011829,20243,25.236,3449,9.9999,True,True
4689037181200454656,28,lin,True,0,3.6944,0.34504,4.4671,0.19715,0.025553,0.0024209,0.10276,0.0011829,20243,25.236,3449,9.9999,True,True
4689037181200454656,67,log,False,0,69.113,0.12401,1.6092,0.22056,10.724,0.015845,0.024801,0.00065646,12826,27.75,11490,3.3334,False,True
4689037181200454656,67,log,True,0,69.113,0.12401,1.6092,0.22056,10.724,0.015845,0.024801,0.00065646,12826,27.75,11490,3.3334,False,True
4689037181200454656,67,lin,False,0,57.991,0.22099,2.2459,0.27422,0.22923,0.001261,0.015347,0.0035068,88298,27.75,11490,3.3334,True,True
4689037181200454656,67,lin,True,0,57.991,0.22099,2.2459,0.27422,0.22923,0.001261,0.015347,0.0035068,88298,27.75,11490,3.3334,True,True
4689037181200454656,68,log,False,0,8.3499,0.14437,1.3187,0.23915,1.4297,0.028661,0.041074,0.00076449,3915.8,27.525,11216,3.3333,False,True
4689037181200454656,68,log,True,0,8.3499,0.14437,1.3187,0.23915,1.4297,0.028661,0.041074,0.00076449,3915.8,27.525,11216,3.3333,False,True
4689037181200454656,68,lin,False,0,17.623,0.053502,1.1008,0.27832,0.26455,0.0014913,0.0076272,0.00083819,55605,27.525,11216,3.3333,False,True
4689037181200454656,68,lin,True,0,17.623,0.053502,1.1008,0.27832,0.26455,0.0014913,0.0076272,0.00083819,55605,27.525,11216,3.3333,False,True
4689054670286883968,27,log,False,0,0.7437,0.45255,2.5953,0.10812,0.081006,0.048415,0.23306,0.00055196,1162.7,24.354,3351,10,True,True
4689054670286883968,27,log,True,0,0.7437,0.45255,2.5953,0.10812,0.081006,0.048415,0.23306,0.00055196,1162.7,24.354,3351,10,True,True
4689054670286883968,27,lin,False,0,3.2874,0.064916,1.2408,0.12608,0.10782,0.0037311,0.023454,0.00069458,11250,24.354,3351,10,False,True
4689054670286883968,27,lin,True,0,3.2874,0.064916,1.2408,0.12608,0.10782,0.0037311,0.023454,0.00069458,11250,24.354,3351,10,False,True
4689054670286883968,28,log,False,0,7.8604,0.14998,1.2341,0.097481,1.3507,0.030223,0.031939,0.00099082,6564.7,25.236,3445,9.9999,False,True
4689054670286883968,28,log,True,0,7.8604,0.14998,1.2341,0.097481,1.3507,0.030223,0.031939,0.00099082,6564.7,25.236,3445,9.9999,False,True
4689054670286883968,28,lin,False,0,6.3622,0.29602,1.4726,0.12237,0.061524,0.0052446,0.015928,0.0017045,25247,25.236,3445,9.9999,True,True
4689054670286883968,28,lin,True,0,6.3622,0.29602,1.4726,0.12237,0.061524,0.0052446,0.015928,0.0017045,25247,25.236,3445,9.9999,True,True
4689054670286883968,67,log,False,0,1.6204,0.1983,1.8974,0.086525,0.23773,0.029531,0.10497,0.00023288,1866,27.75,11489,3.3334,True,True
4689054670286883968,67,log,True,0,1.6204,0.1983,1.8974,0.086525,0.23773,0.029531,0.10497,0.00023288,1866,27.75,11489,3.3334,True,True
4689054670286883968,67,lin,False,0,6.4548,0.03088,1.1406,0.10083,0.17159,0.0013535,0.010827,0.00026109,38313,27.75,11489,3.3334,False,True
4689054670286883968,67,lin,True,0,6.4548,0.03088,1.1406,0.10083,0.17159,0.0013535,0.010827,0.00026109,38313,27.75,11489,3.3334,False,True
4689054670286883968,68,log,False,0,3.4544,0.15324,1.3735,0.082879,0.55952,0.027536,0.039881,0.00026012,4469.9,27.525,11218,3.3333,True,True
4689054670286883968,68,log,True,0,3.4544,0.15324,1.3735,0.082879,0.55952,0.027536,0.039881,0.00026012,4469.9,27.525,11218,3.3333,True,True
4689054670286883968,68,lin,False,0,18.303,0.02,1.1071,0.096856,0.39179,0.00065869,0.0060778,0.00031582,78188,27.525,11218,3.3333,False,True
4689054670286883968,68,lin,True,0,18.303,0.02,1.1071,0.096856,0.39179,0.00065869,0.0060778,0.00031582,78188,27.525,11218,3.3333,False,True
4689054945164735616,27,log,False,0,4.0052,0.51642,3.5759,0.26605,0.31762,0.030553,0.23698,0.0012622,2679.9,24.354,3350,10,True,True
4689054945164735616,27,log,True,0,4.0052,0.51642,3.5759,0.26605,0.31762,0.030553,0.23698,0.0012622,2679.9,24.354,3350,10,True,True
4689054945164735616,27,lin,False,0,6.0871,0.34239,2.1512,0.30707,0.053866,0.0045222,0.032569,0.0018444,20774,24.354,3350,10,True,True
4689054945164735616,27,lin,True,0,6.0871,0.34239,2.1512,0.30707,0.053866,0.0045222,0.032569,0.0018444,20774,24.354,3350,10,True,True
4689054945164735616,28,log,False,0,36.172,0.28501,1.5509,0.70108,4.2685,0.035335,0.041888,0.0048501,6046.9,25.236,3449,9.9999,True,True
4689054945164735616,28,log,True,0,36.172,0.28501,1.5509,0.70108,4.2685,0.035335,0.041888,0.0048501,6046.9,25.236,3449,9.9999,True,True
4689054945164735616,28,lin,False,0,39.961,0.37043,2.0535,0.89071,0.31349,0.0044658,0.026495,0.011109,24632,25.236,3449,9.9999,True,True
4689054945164735616,28,lin,True,0,39.961,0.37043,2.0535,0.89071,0.31349,0.0044658,0.026495,0.011109,24632,25.236,3449,9.9999,True,True
4689054945164735616,67,log,False,0,8.5973,0.20093,1.5565,0.17833,1.1664,0.027715,0.043006,0.00052877,5287.9,27.75,11490,3.3334,True,True
4689054945164735616,67,log,True,0,8.5973,0.20093,1.5565,0.17833,1.1664,0.027715,0.043006,0.00052877,5287.9,27.75,11490,3.3334,True,True
4689054945164735616,67,lin,False,0,56.197,0.021195,1.1783,0.20915,0.91964,0.00051468,0.005448,0.00075695,98220,27.75,11490,3.3334,False,True
4689054945164735616,67,lin,True,0,56.197,0.021195,1.1783,0.20915,0.91964,0.00051468,0.005448,0.00075695,98220,27.75,11490,3.3334,False,True
4689054945164735616,68,log,False,0,14.328,0.23373,1.352,0.18782,1.7311,0.030281,0.024524,0.00068847,11127,27.525,11180,3.3333,True,True
4689054945164735616,68,log,True,0,14.328,0.23373,1.352,0.18782,1.7311,0.030281,0.024524,0.00068847,11127,27.525,11180,3.3333,True,True
4689054945164735616,68,lin,False,0,76.923,0.02,0.96493,0.2016,1.2724,0.0005703,0.0037268,0.0012962,1.0318e+05,27.525,11180,3.3333,False,True
4689054945164735616,68,lin,True,0,76.923,0.02,0.96493,0.2016,1.2724,0.0005703,0.0037268,0.0012962,1.0318e+05,27.525,11180,3.3333,False,True
4689057346006300544,27,log,False,0,0.84399,0.48368,2.2908,0.046843,0.080426,0.043267,0.11153,0.00025232,2989.8,24.354,3351,10,True,True
4689057346006300544,27,log,True,4,1.3692,0.051992,1.1669,0.045858,0.56619,0.026795,0.070728,0.00033637,1173.7,24.354,3351,10,False,True
4689057346006300544,27,lin,False,0,1.0488,0.5965,3.2206,0.056749,0.011925,0.0082324,0.094899,0.00066692,11542,24.354,3351,10,True,True
4689057346006300544,27,lin,True,0,1.0488,0.5965,3.2206,0.056749,0.011925,0.0082324,0.094899,0.00066692,11542,24.354,3351,10,True,True
4689057346006300544,28,log,False,0,2.3192,0.38925,1.633,0.049028,0.22758,0.039556,0.041476,0.00033245,7105.8,25.236,3449,9.9999,True,True
4689057346006300544,28,log,True,0,2.3192,0.38925,1.633,0.049028,0.22758,0.039556,0.041476,0.00033245,7105.8,25.236,3449,9.9999,True,True
4689057346006300544,28,lin,False,0,3.0329,0.33135,1.6131,0.058543,0.02696,0.0051532,0.017987,0.00082073,25429,25.236,3449,9.9999,True,True
4689057346006300544,28,lin,True,0,3.0329,0.33135,1.6131,0.058543,0.02696,0.0051532,0.017987,0.00082073,25429,25.236,3449,9.9999,True,True
4689057346006300544,67,log,False,0,11.527,0.19736,1.7202,0.061139,1.4116,0.020124,0.029135,0.00017916,12157,27.75,11490,3.3334,True,True
4689057346006300544,67,log,True,0,11.527,0.19736,1.7202,0.061139,1.4116,0.020124,0.029135,0.00017916,12157,27.75,11490,3.3334,True,True
4689057346006300544,67,lin,False,0,11.503,0.2732,2.3198,0.075577,0.042804,0.0014548,0.015752,0.00076237,90654,27.75,11490,3.3334,True,True
4689057346006300544,67,lin,True,0,11.503,0.2732,2.3198,0.075577,0.042804,0.0014548,0.015752,0.00076237,90654,27.75,11490,3.3334,True,True
4689057346006300544,68,log,False,0,1.7192,0.40088,1.6266,0.051095,0.16334,0.039965,0.040868,0.00015453,7259.9,27.525,11218,3.3333,True,True
4689057346006300544,68,log,True,0,1.7192,0.40088,1.6266,0.051095,0.16334,0.039965,0.040868,0.00015453,7259.9,27.525,11218,3.3333,True,True
4689057346006300544,68,lin,False,0,4.8173,0.09726,1.0904,0.056445,0.056005,0.0022767,0.0073183,0.00033756,56962,27.525,11218,3.3333,False,True
4689057346006300544,68,lin,True,0,4.8173,0.09726,1.0904,0.056445,0.056005,0.0022767,0.0073183,0.00033756,56962,27.525,11218,3.3333,False,True
4689058892200836096,27,log,False,0,1.5559,0.76358,1.7525,0.13863,0.13223,0.07702,0.075253,0.00092053,3541.9,24.354,3351,10,True,True
4689058892200836096,27,log,True,6,13.923,0.0285,1.3414,0.13955,8.413,0.016618,0.066757,0.00084435,1481.3,24.354,3351,10,False,True
4689058892200836096,27,lin,False,0,13.98,0.02,0.76378,0.11566,1.4265,0.0043278,0.017794,0.0044301,8985.1,24.354,3351,10,False,True
4689058892200836096,27,lin,True,5,8.0817,0.068889,1.6007,0.16857,0.13081,0.001696,0.021042,0.00094007,21169,24.354,3351,10,False,True
4689058892200836096,28,log,False,0,8.7564,0.095271,1.3173,0.10426,1.9019,0.022257,0.038398,0.00076136,4544.9,25.236,3449,9.9999,False,True
4689058892200836096,28,log,True,2,11.064,0.062764,1.2267,0.1028,3.1341,0.01942,0.036099,0.00082275,4366.7,25.236,3449,9.9999,False,True
4689058892200836096,28,lin,False,0,10.38,0.12114,1.5395,0.1289,0.13157,0.0025949,0.019039,0.0017635,21924,25.236,3449,9.9999,False,True
4689058892200836096,28,lin,True,0,10.38,0.12114,1.5395,0.1289,0.13157,0.0025949,0.019039,0.0017635,21924,25.236,3449,9.9999,False,True
4689058892200836096,67,log,False,0,1.0009,0.74967,1.88,0.11438,0.078703,0.067879,0.080646,0.00032059,3551.8,27.75,11490,3.3334,True,True
4689058892200836096,67,log,True,6,7.5795,0.032758,1.3445,0.11423,3.5621,0.015397,0.063674,0.00032162,1533.4,27.75,11490,3.3334,False,True
4689058892200836096,67,lin,False,0,9.7134,0.02,0.80165,0.12107,0.5776,0.0024041,0.010225,0.00090294,20391,27.75,11490,3.3334,False,True
4689058892200836096,67,lin,True,5,9.6736,0.025337,1.1871,0.13375,0.301,0.0012107,0.011998,0.00032834,37085,27.75,11490,3.3334,False,True
4689058892200836096,68,log,False,0,16.203,0.28858,1.1713,0.17796,1.7235,0.03682,0.016881,0.00097339,19520,27.525,11181,3.3333,True,True
4689058892200836096,68,log,True,0,16.203,0.28858,1.1713,0.17796,1.7235,0.03682,0.016881,0.00097339,19520,27.525,11181,3.3333,True,True
4689058892200836096,68,lin,False,0,27.383,0.17218,1.0512,0.19149,0.2412,0.0032655,0.0060064,0.0024686,69765,27.525,11181,3.3333,True,True
4689058892200836096,68,lin,True,0,27.383,0.17218,1.0512,0.19149,0.2412,0.0032655,0.0060064,0.0024686,69765,27.525,11181,3.3333,True,True
4689058999614762368,27,log,False,0,1.4159,1.0273,2.6887,0.28222,0.10614,0.077743,0.19975,0.0014984,1833.9,24.354,3351,10,True,True
4689058999614762368,27,log,True,4,6.8591,0.092098,1.4929,0.28161,1.8599,0.027581,0.094144,0.0016007,1149.9,24.354,3351,10,False,True
4689058999614762368,27,lin,False,0,19.155,0.02,0.85635,0.29604,1.7912,0.0035592,0.018174,0.0040646,9353.2,24.354,3351,10,False,True
4689058999614762368,27,lin,True,3,13.36,0.042262,1.1978,0.32874,0.50734,0.0026642,0.019871,0.0018765,13629,24.354,3351,10,False,True
4689058999614762368,28,log,False,0,10.375,0.19395,1.51,0.24685,1.5643,0.031413,0.051066,0.0015833,3885.9,25.236,3449,9.9999,True,True
4689058999614762368,28,log,True,1,14.929,0.11619,1.4153,0.24775,2.9991,0.024722,0.047614,0.0016315,3577.7,25.236,3449,9.9999,False,True
4689058999614762368,28,lin,False,0,21.87,0.091903,1.3005,0.28644,0.34755,0.0026289,0.014871,0.0033956,22242,25.236,3449,9.9999,False,True
4689058999614762368,28,lin,True,0,21.87,0.091903,1.3005,0.28644,0.34755,0.0026289,0.014871,0.0033956,22242,25.236,3449,9.9999,False,True
4689061920192649984,27,log,False,0,0.56645,0.50899,2.4123,0.11161,0.06322,0.060478,0.23257,0.00057879,963.24,24.354,3351,10,True,True
4689061920192649984,27,log,True,2,6.5629,0.020626,1.2255,0.11054,5.7073,0.018863,0.084621,0.00069067,800.93,24.354,3351,10,False,True
4689061920192649984,27,lin,False,0,7.2734,0.020874,1.0915,0.12967,0.5939,0.0026264,0.022248,0.00083263,10026,24.354,3351,10,False,True
4689061920192649984,27,lin,True,3,3.396,0.068766,2.8905,0.13519,0.053038,0.0011585,0.075484,0.00057869,12232,24.354,3351,10,False,True
4689061920192649984,28,log,False,0,3.4481,0.28062,1.4252,0.099579,0.43663,0.04139,0.044845,0.00075224,4862.3,25.236,3448,9.9999,True,True
4689061920192649984,28,log,True,0,3.4481,0.28062,1.4252,0.099579,0.43663,0.04139,0.044845,0.00075224,4862.3,25.236,3448,9.9999,True,True
4689061920192649984,28,lin,False,0,5.9188,0.1668,1.3226,0.11774,0.07619,0.0040523,0.015051,0.0013248,22561,25.236,3448,9.9999,True,True
4689061920192649984,28,lin,True,0,5.9188,0.1668,1.3226,0.11774,0.07619,0.0040523,0.015051,0.0013248,22561,25.236,3448,9.9999,True,True
4689061920192649984,67,log,False,0,3.6625,0.34061,1.7375,0.12387,0.37963,0.036027,0.053239,0.00035221,5240.7,27.75,11490,3.3334,True,True
4689061920192649984,67,log,True,0,3.6625,0.34061,1.7375,0.12387,0.37963,0.036027,0.053239,0.00035221,5240.7,27.75,11490,3.3334,True,True
4689061920192649984,67,lin,False,0,26.265,0.02,0.99522,0.13787,0.56768,0.0007273,0.0051488,0.00054942,77697,27.75,11490,3.3334,False,True
4689061920192649984,67,lin,True,0,26.265,0.02,0.99522,0.13787,0.56768,0.0007273,0.0051488,0.00054942,77697,27.75,11490,3.3334,False,True
4689061920192649984,68,log,False,0,10.321,0.91369,1.5583,0.22299,0.62003,0.05872,0.023332,0.00083826,19986,27.525,11158,3.3333,True,True
4689061920192649984,68,log,True,0,10.321,0.91369,1.5583,0.22299,0.62003,0.05872,0.023332,0.00083826,19986,27.525,11158,3.3333,True,True
4689061920192649984,68,lin,False,0,32.015,0.18612,1.075,0.2255,0.25682,0.0031909,0.0058467,0.0027737,74460,27.525,11158,3.3333,True,True
4689061920192649984,68,lin,True,0,32.015,0.18612,1.075,0.2255,0.25682,0.0031909,0.0058467,0.0027737,74460,27.525,11158,3.3333,True,True
4689062298150064640,27,log,False,0,1.6515,1.0387,2.8826,0.14126,0.10352,0.057078,0.13991,0.0007429,3999.7,24.354,3351,10,True,True
4689062298150064640,27,log,True,4,2.1458,0.43147,1.9905,0.1408,0.22561,0.047105,0.098408,0.0007756,2626.3,24.354,3351,10,True,True
4689062298150064640,27,lin,False,0,1.8792,1.2182,10,0.17419,0.015194,0.006978,0.48026,0.0016573,13178,24.354,3351,10,True,True
4689062298150064640,27,lin,True,3,1.8758,1.2118,10,0.1699,0.014548,0.0066584,0.46067,0.0015825,13965,24.354,3351,10,True,True
4689062298150064640,28,log,False,0,2.2511,0.95317,2.3278,0.18288,0.15298,0.063925,0.09913,0.0010121,4223.3,25.236,3443,9.9999,True,True
4689062298150064640,28,log,True,1,2.7036,0.60443,1.8903,0.17871,0.23963,0.058027,0.078073,0.0010624,3680.6,25.236,3443,9.9999,True,True
4689062298150064640,28,lin,False,0,4.0568,0.52415,1.5382,0.20649,0.052308,0.012236,0.025084,0.0021821,16230,25.236,3443,9.9999,True,True
4689062298150064640,28,lin,True,1,4.1585,0.44601,1.666,0.21086,0.047086,0.0087389,0.025358,0.0017681,18165,25.236,3443,9.9999,True,True
4689062298150064640,67,log,False,0,7.5431,0.27913,1.5529,0.17081,0.85594,0.032861,0.038422,0.00052177,6817.8,27.75,11490,3.3334,True,True
4689062298150064640,67,log,True,4,24.247,0.062632,1.3394,0.17004,6.2389,0.01569,0.031319,0.00053801,5598.2,27.75,11490,3.3334,False,True
4689062298150064640,67,lin,False,0,70.637,0.02,1.1418,0.20023,1.3253,0.00056385,0.0056538,0.0010318,89800,27.75,11490,3.3334,False,True
4689062298150064640,67,lin,True,3,73.53,0.02,1.2135,0.20124,1.1971,0.00046538,0.0054531,0.00086223,1.0367e+05,27.75,11490,3.3334,False,True
4689062298150064640,68,log,False,0,1.3992,1.2438,2.5675,0.16173,0.080164,0.069138,0.11264,0.00044504,4775.2,27.525,11213,3.3333,True,True
4689062298150064640,68,log,True,5,1.8881,0.61985,2.0608,0.16094,0.1567,0.054018,0.090996,0.00044866,3531.2,27.525,11213,3.3333,True,True
4689062298150064640,68,lin,False,0,3.564,0.46769,1.318,0.18415,0.04446,0.011578,0.016454,0.00090936,27098,27.525,11213,3.3333,True,True
4689062298150064640,68,lin,True,4,4.2981,0.25173,1.459,0.18966,0.041252,0.0044537,0.014678,0.00055994,39629,27.525,11213,3.3333,True,True
4689074598938187776,27,log,False,0,5.1977,0.02,0.77192,0.39762,4.9548,0.034414,0.092241,0.0055971,502.15,24.354,3351,10,False,True
4689074598938187776,27,log,True,1,5.4052,0.02,0.88299,0.40786,5.5362,0.032235,0.10813,0.0039659,359.97,24.354,3351,10,False,True
4689074598938187776,27,lin,False,0,5.208,0.057011,0.96222,0.47877,0.50201,0.011153,0.039446,0.003377,2913.2,24.354,3351,10,False,True
4689074598938187776,27,lin,True,1,3.7269,0.11591,10,0.50143,0.070546,0.0014233,1.0197,0.0021027,3430.8,24.354,3351,10,False,True
4689074598938187776,28,log,False,0,2.4275,0.48405,1.6507,0.31697,0.28141,0.071395,0.099855,0.001941,1742.6,25.236,3448,9.9999,True,True
4689074598938187776,28,log,True,5,2.8289,0.33457,2.3456,0.31966,0.35243,0.041847,0.19542,0.0016166,1169.4,25.236,3448,9.9999,True,True
4689074598938187776,28,lin,False,0,5.2719,0.16378,1.0043,0.34939,0.19475,0.013335,0.024887,0.0037786,7604.5,25.236,3448,9.9999,True,True
4689074598938187776,28,lin,True,4,5.0588,0.16672,1.5488,0.37812,0.10417,0.0059426,0.034005,0.0018598,10085,25.236,3448,9.9999,True,True
4690500047016009728,28,log,False,0,5.6625,0.080987,1.3984,0.078233,1.4151,0.020851,0.049482,0.00049481,3057.5,25.236,3449,9.9999,False,True
4690500047016009728,28,log,True,0,5.6625,0.080987,1.3984,0.078233,1.4151,0.020851,0.049482,0.00049481,3057.5,25.236,3449,9.9999,False,True
4690500047016009728,28,lin,False,0,21.149,0.02,1.2113,0.09135,0.699,0.00092823,0.010441,0.00079866,31266,25.236,3449,9.9999,False,True
4690500047016009728,28,lin,True,0,21.149,0.02,1.2113,0.09135,0.699,0.00092823,0.010441,0.00079866,31266,25.236,3449,9.9999,False,True
4690500047016009728,67,log,False,0,22.418,0.021352,1.3162,0.14166,14.062,0.012428,0.048682,0.00040788,2213.6,27.75,11490,3.3334,False,True
4690500047016009728,67,log,True,0,22.418,0.021352,1.3162,0.14166,14.062,0.012428,0.048682,0.00040788,2213.6,27.75,11490,3.3334,False,True
4690500047016009728,67,lin,False,0,30.48,0.02,1.4179,0.16792,0.69033,0.00056902,0.0099068,0.0004234,74403,27.75,11490,3.3334,False,True
4690500047016009728,67,lin,True,0,30.48,0.02,1.4179,0.16792,0.69033,0.00056902,0.0099068,0.0004234,74403,27.75,11490,3.3334,False,True
4690500047016009728,68,log,False,0,5.9833,0.37048,1.6261,0.14468,0.58657,0.037153,0.038628,0.00044246,7806.6,27.525,11218,3.3333,True,True
4690500047016009728,68,log,True,1,3.5781,0.41257,1.8887,0.13691,0.33701,0.038509,0.061593,0.00038434,5152.3,27.525,11218,3.3333,True,True
4690500047016009728,68,lin,False,0,60.441,0.020662,1.0666,0.16191,1.1989,0.00065451,0.0054067,0.0010754,82802,27.525,11218,3.3333,False,True
4690500047016009728,68,lin,True,0,60.441,0.020662,1.0666,0.16191,1.1989,0.00065451,0.0054067,0.0010754,82802,27.525,11218,3.3333,False,True
4690500184455105536,28,log,False,0,5.4374,0.13895,1.4668,0.089822,0.97751,0.025995,0.047315,0.00058637,3937.6,25.236,3449,9.9999,False,True
4690500184455105536,28,log,True,0,5.4374,0.13895,1.4668,0.089822,0.97751,0.025995,0.047315,0.00058637,3937.6,25.236,3449,9.9999,False,True
4690500184455105536,28,lin,False,0,6.7742,0.14677,2.1185,0.11648,0.058922,0.0018382,0.027829,0.0011094,24469,25.236,3449,9.9999,False,True
4690500184455105536,28,lin,True,0,6.7742,0.14677,2.1185,0.11648,0.058922,0.0018382,0.027829,0.0011094,24469,25.236,3449,9.9999,False,True
4690500184455105536,67,log,False,0,12.166,0.16946,1.8384,0.09377,1.6687,0.019191,0.042968,0.00026204,7352.5,27.75,11484,3.3334,True,True
4690500184455105536,67,log,True,0,12.166,0.16946,1.8384,0.09377,1.6687,0.019191,0.042968,0.00026204,7352.5,27.75,11484,3.3334,True,True
4690500184455105536,67,lin,False,0,12.376,0.18702,1.7948,0.11047,0.047803,0.0011716,0.0090547,0.00057658,1.0511e+05,27.75,11484,3.3334,True,True
4690500184455105536,67,lin,True,0,12.376,0.18702,1.7948,0.11047,0.047803,0.0011716,0.0090547,0.00057658,1.0511e+05,27.75,11484,3.3334,True,True
4690500184455105536,68,log,False,0,7.7198,0.14899,1.4291,0.088309,1.1909,0.023021,0.030949,0.00028202,7390.6,27.525,11218,3.3333,False,True
4690500184455105536,68,log,True,0,7.7198,0.14899,1.4291,0.088309,1.1909,0.023021,0.030949,0.00028202,7390.6,27.525,11218,3.3333,False,True
4690500184455105536,68,lin,False,0,38.207,0.02,1.1088,0.10145,0.54871,0.00044135,0.0040891,0.00044127,1.1615e+05,27.525,11218,3.3333,False,True
4690500184455105536,68,lin,True,0,38.207,0.02,1.1088,0.10145,0.54871,0.00044135,0.0040891,0.00044127,1.1615e+05,27.525,11218,3.3333,False,True
4690502280398443776,28,log,False,0,19.91,0.084885,1.5341,0.25475,4.8407,0.019797,0.056941,0.0014831,2800.3,25.236,3449,9.9999,False,True
4690502280398443776,28,log,True,0,19.91,0.084885,1.5341,0.25475,4.8407,0.019797,0.056941,0.0014831,2800.3,25.236,3449,9.9999,False,True
4690502280398443776,28,lin,False,0,55.888,0.029013,1.3563,0.30166,1.1932,0.00087046,0.01115,0.0023464,33909,25.236,3449,9.9999,False,True
4690502280398443776,28,lin,True,0,55.888,0.029013,1.3563,0.30166,1.1932,0.00087046,0.01115,0.0023464,33909,25.236,3449,9.9999,False,True
4690502280398446720,28,log,False,0,27.554,0.02,1.1216,0.030712,15.46,0.011263,0.020568,0.00038238,9748.9,25.236,3449,9.9999,False,True
4690502280398446720,28,log,True,0,27.554,0.02,1.1216,0.030712,15.46,0.011263,0.020568,0.00038238,9748.9,25.236,3449,9.9999,False,True
4690502280398446720,28,lin,False,0,35.255,0.029641,1.3218,0.04301,0.51615,0.00062517,0.0074117,0.0010707,45680,25.236,3449,9.9999,False,True
4690502280398446720,28,lin,True,0,35.255,0.029641,1.3218,0.04301,0.51615,0.00062517,0.0074117,0.0010707,45680,25.236,3449,9.9999,False,True
4690502280398446720,67,log,False,0,4.688,0.12736,1.4368,0.044958,0.78303,0.020776,0.030944,0.00014169,7266.7,27.75,11490,3.3334,False,True
4690502280398446720,67,log,True,0,4.688,0.12736,1.4368,0.044958,0.78303,0.020776,0.030944,0.00014169,7266.7,27.75,11490,3.3334,False,True
4690502280398446720,67,lin,False,0,8.9533,0.057994,1.2082,0.051798,0.075615,0.00087187,0.0055217,0.00025727,95135,27.75,11490,3.3334,False,True
4690502280398446720,67,lin,True,0,8.9533,0.057994,1.2082,0.051798,0.075615,0.00087187,0.0055217,0.00025727,95135,27.75,11490,3.3334,False,True
4690502280398446720,68,log,False,0,1.9361,0.52696,1.6215,0.10705,0.17054,0.05291,0.049128,0.00032331,5548.8,27.525,11215,3.3333,True,True
4690502280398446720,68,log,True,0,1.9361,0.52696,1.6215,0.10705,0.17054,0.05291,0.049128,0.00032331,5548.8,27.525,11215,3.3333,True,True
4690502280398446720,68,lin,False,0,5.9113,0.1546,1.4978,0.12881,0.046302,0.0021407,0.011729,0.00043911,57284,27.525,11215,3.3333,True,True
4690502280398446720,68,lin,True,0,5.9113,0.1546,1.4978,0.12881,0.046302,0.0021407,0.011729,0.00043911,57284,27.525,11215,3.3333,True,True
4690503306873686912,28,log,False,0,1.6902,0.13844,1.3287,0.090794,0.36168,0.037393,0.072362,0.00060375,1619.8,25.236,3449,9.9999,False,True
4690503306873686912,28,log,True,0,1.6902,0.13844,1.3287,0.090794,0.36168,0.037393,0.072362,0.00060375,1619.8,25.236,3449,9.9999,False,True
4690503306873686912,28,lin,False,0,1.8457,0.174,1.4991,0.10888,0.031045,0.0051726,0.026093,0.0005689,13901,25.236,3449,9.9999,True,True
4690503306873686912,28,lin,True,0,1.8457,0.174,1.4991,0.10888,0.031045,0.0051726,0.026093,0.0005689,13901,25.236,3449,9.9999,True,True
4690503306873686912,67,log,False,0,2.8199,0.15866,1.4886,0.14586,0.48328,0.03135,0.068632,0.00041091,2089.9,27.75,11487,3.3334,True,True
4690503306873686912,67,log,True,0,2.8199,0.15866,1.4886,0.14586,0.48328,0.03135,0.068632,0.00041091,2089.9,27.75,11487,3.3334,True,True
4690503306873686912,67,lin,False,0,2.1957,0.30597,2.5339,0.17335,0.019641,0.0037443,0.04566,0.00039121,26462,27.75,11487,3.3334,True,True
4690503306873686912,67,lin,True,0,2.1957,0.30597,2.5339,0.17335,0.019641,0.0037443,0.04566,0.00039121,26462,27.75,11487,3.3334,True,True
4690503826587160832,28,log,False,0,12.53,0.15424,1.6429,0.052006,1.8925,0.019854,0.031324,0.00034613,8850.2,25.236,3449,9.9999,True,True
4690503826587160832,28,log,True,4,12.268,0.16557,1.8998,0.054129,1.7621,0.01846,0.041356,0.00030527,7524.2,25.236,3449,9.9999,True,True
4690503826587160832,28,lin,False,0,32.502,0.037777,1.0625,0.028388,0.77136,0.0015975,0.0094376,0.0028063,28086,25.236,3449,9.9999,False,True
4690503826587160832,28,lin,True,3,29.657,0.045276,1.1383,0.035408,0.58214,0.0015577,0.009869,0.0025264,29114,25.236,3449,9.9999,False,True
4690503826587160832,67,log,False,0,5.0844,0.33273,1.5377,0.077348,0.50593,0.033296,0.028964,0.0002505,11067,27.75,11490,3.3334,True,True
4690503826587160832,67,log,True,4,7.0004,0.20669,1.5061,0.077209,0.88507,0.025436,0.029407,0.00024415,9479.4,27.75,11490,3.3334,True,True
4690503826587160832,67,lin,False,0,40.755,0.02,1.0341,0.085715,0.74075,0.00059257,0.0046176,0.00067033,93049,27.75,11490,3.3334,False,True
4690503826587160832,67,lin,True,3,41.707,0.02,1.0714,0.086425,0.69182,0.00052522,0.0044775,0.000591,1.0163e+05,27.75,11490,3.3334,False,True
4690503826587160832,68,log,False,0,7.07,0.29729,1.657,0.062943,0.7196,0.027367,0.028067,0.00019517,12845,27.525,11218,3.3333,True,True
4690503826587160832,68,log,True,3,8.5417,0.21491,1.5744,0.062786,1.0288,0.023566,0.026671,0.00019738,11953,27.525,11218,3.3333,True,True
4690503826587160832,68,lin,False,0,7.691,0.35815,1.9434,0.077306,0.029365,0.0021801,0.011392,0.00056642,94595,27.525,11218,3.3333,True,True
4690503826587160832,68,lin,True,4,7.1698,0.39302,2.5457,0.078577,0.021983,0.0016565,0.016025,0.00050792,1.0276e+05,27.525,11218,3.3333,True,True
4690506712804881792,67,log,False,0,11.222,0.33969,1.6657,0.38676,1.1632,0.036915,0.048949,0.0011104,5488.6,27.75,11490,3.3334,True,True
4690506712804881792,67,log,True,1,9.3488,0.23727,1.5915,0.38638,1.2217,0.033837,0.058087,0.0011,3465.1,27.75,11490,3.3334,True,True
4690506712804881792,67,lin,False,0,13.631,0.4334,7.3955,0.47321,0.067443,0.00173,0.17711,0.0023414,40609,27.75,11490,3.3334,True,True
4690506712804881792,67,lin,True,9,13.458,0.43166,7.7489,0.47092,0.064964,0.0016452,0.18675,0.0022729,41624,27.75,11490,3.3334,True,True
4690506712804881792,68,log,False,0,20.279,0.31621,1.6018,0.75428,2.2374,0.03772,0.049033,0.0022118,4953.6,27.525,11218,3.3333,True,True
4690506712804881792,68,log,True,1,24.325,0.1396,1.3638,0.74544,4.2631,0.027906,0.046113,0.0022749,3368.8,27.525,11218,3.3333,False,True
4690506712804881792,68,lin,False,0,124.35,0.02,0.92782,0.82336,4.1669,0.0011939,0.007091,0.0045954,45729,27.525,11218,3.3333,False,True
4690506712804881792,68,lin,True,1,137.97,0.02,1.2401,0.88937,3.3463,0.00067971,0.0083785,0.0023259,68116,27.525,11218,3.3333,False,True
4690506914646214912,28,log,False,0,1.8996,0.039858,1.1261,0.069916,0.94446,0.025171,0.075961,0.00049715,937.44,25.236,3449,9.9999,False,True
4690506914646214912,28,log,True,1,3.6287,0.02,1.2004,0.070511,3.1647,0.01886,0.086443,0.00043678,753.96,25.236,3449,9.9999,False,True
4690506914646214912,28,lin,False,0,2.602,0.031692,1.1197,0.083296,0.16928,0.0034175,0.025465,0.00045234,8346.4,25.236,3449,9.9999,False,True
4690506914646214912,28,lin,True,1,1.698,0.067226,1.6203,0.08493,0.050636,0.0030335,0.040071,0.00036438,9039.7,25.236,3449,9.9999,False,True
4690506914646214912,67,log,False,0,3.6279,0.1889,1.6154,0.0796,0.50351,0.026178,0.048524,0.00022589,4674.1,27.75,11490,3.3334,True,True
4690506914646214912,67,log,True,0,3.6279,0.1889,1.6154,0.0796,0.50351,0.026178,0.048524,0.00022589,4674.1,27.75,11490,3.3334,True,True
4690506914646214912,67,lin,False,0,6.2075,0.11787,1.452,0.0936,0.047687,0.0015924,0.010055,0.0003546,65937,27.75,11490,3.3334,False,True
4690506914646214912,67,lin,True,0,6.2075,0.11787,1.452,0.0936,0.047687,0.0015924,0.010055,0.0003546,65937,27.75,11490,3.3334,False,True
4690506914646214912,68,log,False,0,6.7423,0.092137,1.28,0.072039,1.3667,0.019764,0.028683,0.0002432,6459.3,27.525,11218,3.3333,False,True
4690506914646214912,68,log,True,0,6.7423,0.092137,1.28,0.072039,1.3667,0.019764,0.028683,0.0002432,6459.3,27.525,11218,3.3333,False,True
4690506914646214912,68,lin,False,0,11.906,0.063906,1.3605,0.086704,0.0986,0.00089185,0.0074479,0.00037744,84581,27.525,11218,3.3333,False,True
4690506914646214912,68,lin,True,0,11.906,0.063906,1.3605,0.086704,0.0986,0.00089185,0.0074479,0.00037744,84581,27.525,11218,3.3333,False,True
4690507670561677696,28,log,False,0,35.013,0.051741,1.3907,0.39671,12.065,0.017648,0.05484,0.0023956,2362.8,25.236,3343,9.9999,False,True
4690507670561677696,28,log,True,0,35.013,0.051741,1.3907,0.39671,12.065,0.017648,0.05484,0.0023956,2362.8,25.236,3343,9.9999,False,True
4690507670561677696,28,lin,False,0,27.003,0.091732,2.0914,0.49269,0.20344,0.00095039,0.020648,0.0024705,32741,25.236,3343,9.9999,False,True
4690507670561677696,28,lin,True,0,27.003,0.091732,2.0914,0.49269,0.20344,0.00095039,0.020648,0.0024705,32741,25.236,3343,9.9999,False,True
4690507670561677696,67,log,False,0,27.731,0.17699,1.4647,0.30786,3.8341,0.024171,0.029709,0.00097882,8526.7,27.75,11395,3.3334,True,True
4690507670561677696,67,log,True,0,27.731,0.17699,1.4647,0.30786,3.8341,0.024171,0.029709,0.00097882,8526.7,27.75,11395,3.3334,True,True
4690507670561677696,67,lin,False,0,169.44,0.02,1.134,0.35452,2.5052,0.00044682,0.0044024,0.0019687,1.1305e+05,27.75,11395,3.3334,False,True
4690507670561677696,67,lin,True,0,169.44,0.02,1.134,0.35452,2.5052,0.00044682,0.0044024,0.0019687,1.1305e+05,27.75,11395,3.3334,False,True
4690507670561677696,68,log,False,0,3.218,0.18826,1.5561,0.17358,0.5066,0.033633,0.072203,0.00049261,2149.6,27.525,11197,3.3333,True,True
4690507670561677696,68,log,True,0,3.218,0.18826,1.5561,0.17358,0.5066,0.033633,0.072203,0.00049261,2149.6,27.525,11197,3.3333,True,True
4690507670561677696,68,lin,False,0,5.2006,0.14571,1.9851,0.20736,0.04909,0.0020713,0.026501,0.00051872,34157,27.525,11197,3.3333,False,True
4690507670561677696,68,lin,True,0,5.2006,0.14571,1.9851,0.20736,0.04909,0.0020713,0.026501,0.00051872,34157,27.525,11197,3.3333,False,True
4690507881037706112,28,log,False,0,0.83507,0.96055,2.9466,0.10969,0.058067,0.060835,0.1889,0.0005719,2559.7,25.236,3449,9.9999,True,True
4690507881037706112,28,log,True,8,0.53433,0.43895,3.7005,0.10913,0.056694,0.038808,0.50404,0.00053708,758.98,25.236,3449,9.9999,True,True
4690507881037706112,28,lin,False,0,15.467,0.02,0.94661,0.11369,1.1597,0.0026179,0.016697,0.0021143,12008,25.236,3449,9.9999,False,True
4690507881037706112,28,lin,True,10,7.1211,0.066645,9.3327,0.13281,0.027997,0.00016104,0.17165,0.00055692,33566,25.236,3449,9.9999,False,True
4690507881037706112,67,log,False,0,1.2483,0.82206,2.3098,0.12452,0.088494,0.058733,0.10547,0.00034157,3850.2,27.75,11490,3.3334,True,True
4690507881037706112,67,log,True,6,6.4479,0.035051,1.2674,0.12276,2.9489,0.017147,0.061101,0.00036683,1450.2,27.75,11490,3.3334,False,True
4690507881037706112,67,lin,False,0,1.9782,0.70848,1.8926,0.14651,0.019407,0.011392,0.028806,0.00055394,26832,27.75,11490,3.3334,True,True
4690507881037706112,67,lin,True,7,2.9198,0.15353,4.55,0.14777,0.019991,0.0010195,0.099987,0.00033507,30604,27.75,11490,3.3334,True,True
4690507881037706112,68,log,False,0,1.6159,0.96979,2.173,0.12137,0.10301,0.06233,0.075642,0.00034246,5911.2,27.525,11218,3.3333,True,True
4690507881037706112,68,log,True,7,3.567,0.063564,1.2851,0.12086,1.1008,0.02272,0.063448,0.00036323,1475.5,27.525,11218,3.3333,False,True
4690507881037706112,68,lin,False,0,2.4756,0.9811,2.5382,0.14473,0.020912,0.011575,0.045328,0.00080103,27225,27.525,11218,3.3333,True,True
4690507881037706112,68,lin,True,6,9.2199,0.02,1.0687,0.14224,0.43832,0.001506,0.012706,0.00037283,26162,27.525,11218,3.3333,False,True
4690516677131714432,28,log,False,0,3.4255,0.57857,2.5066,0.072464,0.25498,0.034352,0.074003,0.00037575,6987.4,25.236,3449,9.9999,True,True
4690516677131714432,28,log,True,0,3.4255,0.57857,2.5066,0.072464,0.25498,0.034352,0.074003,0.00037575,6987.4,25.236,3449,9.9999,True,True
4690516677131714432,28,lin,False,0,3.784,0.66228,3.2808,0.088626,0.022714,0.0047883,0.052082,0.0013568,25943,25.236,3449,9.9999,True,True
4690516677131714432,28,lin,True,0,3.784,0.66228,3.2808,0.088626,0.022714,0.0047883,0.052082,0.0013568,25943,25.236,3449,9.9999,True,True
4690516677131714432,67,log,False,0,8.2261,0.2804,1.5548,0.091044,0.87032,0.028535,0.027419,0.00028924,11933,27.75,11490,3.3334,True,True
4690516677131714432,67,log,True,0,8.2261,0.2804,1.5548,0.091044,0.87032,0.028535,0.027419,0.00028924,11933,27.75,11490,3.3334,True,True
4690516677131714432,67,lin,False,0,51.502,0.02,0.97997,0.090481,0.92359,0.00061122,0.0041641,0.00091985,94968,27.75,11490,3.3334,False,True
4690516677131714432,67,lin,True,0,51.502,0.02,0.97997,0.090481,0.92359,0.00061122,0.0041641,0.00091985,94968,27.75,11490,3.3334,False,True
4690516677131714432,68,log,False,0,6.9757,0.29842,1.5779,0.085981,0.72212,0.029794,0.029002,0.00027084,11305,27.525,11218,3.3333,True,True
4690516677131714432,68,log,True,0,6.9757,0.29842,1.5779,0.085981,0.72212,0.029794,0.029002,0.00027084,11305,27.525,11218,3.3333,True,True
4690516677131714432,68,lin,False,0,14.712,0.087717,1.0494,0.087001,0.12323,0.0014955,0.0046736,0.00068297,90174,27.525,11218,3.3333,False,True
4690516677131714432,68,lin,True,0,14.712,0.087717,1.0494,0.087001,0.12323,0.0014955,0.0046736,0.00068297,90174,27.525,11218,3.3333,False,True
4690519769509887488,28,log,False,0,3.4071,0.1886,1.7696,0.053455,0.49845,0.025458,0.057728,0.00030315,4111.3,25.236,3449,9.9999,True,True
4690519769509887488,28,log,True,0,3.4071,0.1886,1.7696,0.053455,0.49845,0.025458,0.057728,0.00030315,4111.3,25.236,3449,9.9999,True,True
4690519769509887488,28,lin,False,0,5.9551,0.11883,1.8662,0.066519,0.054114,0.001636,0.020951,0.00078634,27107,25.236,3449,9.9999,False,True
4690519769509887488,28,lin,True,0,5.9551,0.11883,1.8662,0.066519,0.054114,0.001636,0.020951,0.00078634,27107,25.236,3449,9.9999,False,True
4690519769509887488,67,log,False,0,4.4274,0.14577,1.3972,0.051056,0.68994,0.023114,0.029793,0.00016609,7564.2,27.75,11490,3.3334,False,True
4690519769509887488,67,log,True,0,4.4274,0.14577,1.3972,0.051056,0.68994,0.023114,0.029793,0.00016609,7564.2,27.75,11490,3.3334,False,True
4690519769509887488,67,lin,False,0,18.62,0.02,1.0269,0.056573,0.30843,0.00054313,0.0041594,0.0002824,1.0205e+05,27.75,11490,3.3334,False,True
4690519769509887488,67,lin,True,0,18.62,0.02,1.0269,0.056573,0.30843,0.00054313,0.0041594,0.0002824,1.0205e+05,27.75,11490,3.3334,False,True
4690519769509887488,68,log,False,0,5.043,0.24604,1.3823,0.059458,0.5865,0.029944,0.023897,0.00021554,12055,27.525,11218,3.3333,True,True
4690519769509887488,68,log,True,0,5.043,0.24604,1.3823,0.059458,0.5865,0.029944,0.023897,0.00021554,12055,27.525,11218,3.3333,True,True
4690519769509887488,68,lin,False,0,40.461,0.02,1.0827,0.067777,0.71065,0.00055048,0.0047997,0.00059236,96278,27.525,11218,3.3333,False,True
4690519769509887488,68,lin,True,0,40.461,0.02,1.0827,0.067777,0.71065,0.00055048,0.0047997,0.00059236,96278,27.525,11218,3.3333,False,True
4690520387983090432,28,log,False,0,9.3076,0.28005,1.8401,0.075093,1.0193,0.026182,0.039099,0.00045463,8553.8,25.236,3449,9.9999,True,True
4690520387983090432,28,log,True,0,9.3076,0.28005,1.8401,0.075093,1.0193,0.026182,0.039099,0.00045463,8553.8,25.236,3449,9.9999,True,True
4690520387983090432,28,lin,False,0,10.973,0.24326,1.4682,0.072929,0.089742,0.0036232,0.012954,0.0021421,30836,25.236,3449,9.9999,True,True
4690520387983090432,28,lin,True,0,10.973,0.24326,1.4682,0.072929,0.089742,0.0036232,0.012954,0.0021421,30836,25.236,3449,9.9999,True,True
4690520387983090432,67,log,False,0,15.816,0.16619,1.6805,0.083711,2.1288,0.018818,0.029711,0.00024364,10949,27.75,11490,3.3334,True,True
4690520387983090432,67,log,True,0,15.816,0.16619,1.6805,0.083711,2.1288,0.018818,0.029711,0.00024364,10949,27.75,11490,3.3334,True,True
4690520387983090432,67,lin,False,0,18.107,0.14296,1.4275,0.094365,0.078386,0.0011169,0.0057042,0.00068486,1.153e+05,27.75,11490,3.3334,False,True
4690520387983090432,67,lin,True,0,18.107,0.14296,1.4275,0.094365,0.078386,0.0011169,0.0057042,0.00068486,1.153e+05,27.75,11490,3.3334,False,True
4690520387983090432,68,log,False,0,10.849,0.20254,1.4304,0.094713,1.3683,0.025201,0.024081,0.00032421,12056,27.525,11218,3.3333,True,True
4690520387983090432,68,log,True,0,10.849,0.20254,1.4304,0.094713,1.3683,0.025201,0.024081,0.00032421,12056,27.525,11218,3.3333,True,True
4690520387983090432,68,lin,False,0,11.843,0.27114,1.8123,0.1179,0.055176,0.0020743,0.011672,0.00086306,82091,27.525,11218,3.3333,True,True
4690520387983090432,68,lin,True,0,11.843,0.27114,1.8123,0.1179,0.055176,0.0020743,0.011672,0.00086306,82091,27.525,11218,3.3333,True,True
4690521762372716160,28,log,False,0,1.5573,0.2311,2.0635,0.11817,0.23128,0.034965,0.14976,0.00060031,1270.6,25.236,3449,9.9999,True,True
4690521762372716160,28,log,True,0,1.5573,0.2311,2.0635,0.11817,0.23128,0.034965,0.14976,0.00060031,1270.6,25.236,3449,9.9999,True,True
4690521762372716160,28,lin,False,0,1.9967,0.22736,2.3455,0.14111,0.026683,0.0042569,0.056578,0.00073234,12023,25.236,3449,9.9999,True,True
4690521762372716160,28,lin,True,0,1.9967,0.22736,2.3455,0.14111,0.026683,0.0042569,0.056578,0.00073234,12023,25.236,3449,9.9999,True,True
4690521762372716160,67,log,False,0,3.2532,0.14845,1.8074,0.13121,0.55641,0.025364,0.095554,0.00035503,1869.3,27.75,11485,3.3334,False,True
4690521762372716160,67,log,True,0,3.2532,0.14845,1.8074,0.13121,0.55641,0.025364,0.095554,0.00035503,1869.3,27.75,11485,3.3334,False,True
4690521762372716160,67,lin,False,0,2.9255,0.21809,2.6013,0.15614,0.022818,0.0022608,0.040839,0.00037348,33482,27.75,11485,3.3334,True,True
4690521762372716160,67,lin,True,0,2.9255,0.21809,2.6013,0.15614,0.022818,0.0022608,0.040839,0.00037348,33482,27.75,11485,3.3334,True,True
4690521762372716160,68,log,False,0,2.8778,0.10958,1.34,0.17924,0.67143,0.031658,0.075173,0.00053294,1284.2,27.525,11216,3.3333,False,True
4690521762372716160,68,log,True,0,2.8778,0.10958,1.34,0.17924,0.67143,0.031658,0.075173,0.00053294,1284.2,27.525,11216,3.3333,False,True
4690521762372716160,68,lin,False,0,7.0334,0.039837,1.1371,0.2113,0.24753,0.0024282,0.016504,0.00053301,18902,27.525,11216,3.3333,False,True
4690521762372716160,68,lin,True,0,7.0334,0.039837,1.1371,0.2113,0.24753,0.0024282,0.016504,0.00053301,18902,27.525,11216,3.3333,False,True
4690522002890799488,28,log,False,0,1.3857,0.15836,1.9676,0.06756,0.2424,0.027122,0.12927,0.00033679,1368.9,25.236,3449,9.9999,True,True
4690522002890799488,28,log,True,0,1.3857,0.15836,1.9676,0.06756,0.2424,0.027122,0.12927,0.00033679,1368.9,25.236,3449,9.9999,True,True
4690522002890799488,28,lin,False,0,1.987,0.1169,1.9064,0.080161,0.026669,0.0023448,0.032303,0.0003867,16979,25.236,3449,9.9999,False,True
4690522002890799488,28,lin,True,0,1.987,0.1169,1.9064,0.080161,0.026669,0.0023448,0.032303,0.0003867,16979,25.236,3449,9.9999,False,True
4690522002890799488,67,log,False,0,1.7221,0.055134,1.2397,0.082928,0.62297,0.024355,0.076187,0.00024698,972.19,27.75,11490,3.3334,False,True
4690522002890799488,67,log,True,0,1.7221,0.055134,1.2397,0.082928,0.62297,0.024355,0.076187,0.00024698,972.19,27.75,11490,3.3334,False,True
4690522002890799488,67,lin,False,0,1.2607,0.10288,1.3787,0.098113,0.034388,0.0050059,0.030366,0.00022078,10285,27.75,11490,3.3334,False,True
4690522002890799488,67,lin,True,0,1.2607,0.10288,1.3787,0.098113,0.034388,0.0050059,0.030366,0.00022078,10285,27.75,11490,3.3334,False,True
4690522002890799488,68,log,False,0,1.0539,0.5134,1.5525,0.075516,0.09899,0.058253,0.052958,0.00023254,4420.6,27.525,11216,3.3333,True,True
4690522002890799488,68,log,True,1,1.0307,0.46005,1.6075,0.074714,0.10138,0.053451,0.059198,0.00022037,3850.6,27.525,11216,3.3333,True,True
4690522002890799488,68,lin,False,0,10.147,0.02,0.93274,0.084925,0.30881,0.0010795,0.0064939,0.00033682,52057,27.525,11216,3.3333,False,True
4690522002890799488,68,lin,True,0,10.147,0.02,0.93274,0.084925,0.30881,0.0010795,0.0064939,0.00033682,52057,27.525,11216,3.3333,False,True
4690522273449262592,28,log,False,0,30.26,0.02,1.2221,0.068662,19.79,0.012361,0.031943,0.00054796,4684.6,25.236,3449,9.9999,False,True
4690522273449262592,28,log,True,0,30.26,0.02,1.2221,0.068662,19.79,0.012361,0.031943,0.00054796,4684.6,25.236,3449,9.9999,False,True
4690522273449262592,28,lin,False,0,24.254,0.061637,4.6739,0.1031,0.085456,0.00017866,0.043468,0.0011819,45291,25.236,3449,9.9999,False,True
4690522273449262592,28,lin,True,26,23.335,0.062791,4.4227,0.092529,0.065498,0.00014972,0.031372,0.00089361,53783,25.236,3449,9.9999,False,True
4690522273449262592,68,log,False,0,8.8284,0.17653,1.3004,0.072385,1.2014,0.025201,0.020618,0.00028422,13370,27.525,11218,3.3333,True,True
4690522273449262592,68,log,True,0,8.8284,0.17653,1.3004,0.072385,1.2014,0.025201,0.020618,0.00028422,13370,27.525,11218,3.3333,True,True
4690522273449262592,68,lin,False,0,15.593,0.15991,3.174,0.10197,0.062106,0.00074475,0.029816,0.00091448,75657,27.525,11218,3.3333,True,True
4690522273449262592,68,lin,True,40,14.771,0.16514,2.8696,0.097727,0.061679,0.00085351,0.025766,0.00088236,75175,27.525,11218,3.3333,True,True
4690525438865707904,28,log,False,0,2.0888,0.51057,1.6844,0.126,0.20347,0.057169,0.066025,0.00080463,3773.9,25.236,3449,9.9999,True,True
4690525438865707904,28,log,True,4,3.8475,0.19544,1.4816,0.12484,0.60634,0.034665,0.057835,0.00080497,3076.4,25.236,3449,9.9999,True,True
4690525438865707904,28,lin,False,0,5.9488,0.14131,1.1699,0.14064,0.12711,0.006026,0.018437,0.0019468,14455,25.236,3449,9.9999,False,True
4690525438865707904,28,lin,True,3,5.5474,0.16102,1.4601,0.14966,0.081056,0.0041957,0.021013,0.0013816,17669,25.236,3449,9.9999,True,True
4690525438865707904,68,log,False,0,3.8052,0.80703,2.3209,0.21438,0.25044,0.049666,0.079463,0.00058618,6273.4,27.525,11217,3.3333,True,True
4690525438865707904,68,log,True,1,1.9141,1.2493,3.16,0.21376,0.10297,0.057713,0.15617,0.00057562,4718.3,27.525,11217,3.3333,True,True
4690525438865707904,68,lin,False,0,56.373,0.02,1.0566,0.2442,1.1505,0.00065263,0.0053502,0.00099665,82490,27.525,11217,3.3333,False,True
4690525438865707904,68,lin,True,3,57.474,0.02,1.105,0.24743,1.0661,0.00057168,0.0052506,0.00086171,91102,27.525,11217,3.3333,False,True
