id,gaia,sector,noise_added,metric,prewhitened,n_pw,alpha0,nuchar,gamma,Cw,e_alpha0,e_nuchar,e_gamma,e_Cw,dBIC_vs_white,T_span,n_pts,dt_min,pass_nu,pass_bic
ALS_8294,-1,43,0,log,False,0,19.647,0.137,0.9089,0.13528,6.3082,0.068643,0.041991,0.013373,6402.6,24.327,16268,2.0002,False,True
ALS_8294,-1,43,0,log,True,0,19.647,0.137,0.9089,0.13528,6.3082,0.068643,0.041991,0.013373,6402.6,24.327,16268,2.0002,False,True
ALS_8294,-1,43,0,lin,False,0,109.34,0.02,0.93083,0.25979,29.716,0.0075132,0.020257,0.014673,12895,24.327,16268,2.0002,False,True
ALS_8294,-1,43,0,lin,True,0,109.34,0.02,0.93083,0.25979,29.716,0.0075132,0.020257,0.014673,12895,24.327,16268,2.0002,False,True
ALS_8294,-1,44,0,log,False,0,21.956,0.19294,0.958,0.11514,5.4602,0.072918,0.03868,0.013926,7369.4,24.249,16211,2.0002,True,True
ALS_8294,-1,44,0,log,True,0,21.956,0.19294,0.958,0.11514,5.4602,0.072918,0.03868,0.013926,7369.4,24.249,16211,2.0002,True,True
ALS_8294,-1,44,0,lin,False,0,109.02,0.02,0.8258,0.087627,27.145,0.0080042,0.020092,0.024708,12795,24.249,16211,2.0002,False,True
ALS_8294,-1,44,0,lin,True,0,109.02,0.02,0.8258,0.087627,27.145,0.0080042,0.020092,0.024708,12795,24.249,16211,2.0002,False,True
ALS_8294,-1,45,0,log,False,0,110.14,0.02,0.86161,0.10202,127.38,0.030716,0.034675,0.015345,7692.4,24.59,16148,2,False,True
ALS_8294,-1,45,0,log,True,0,110.14,0.02,0.86161,0.10202,127.38,0.030716,0.034675,0.015345,7692.4,24.59,16148,2,False,True
ALS_8294,-1,45,0,lin,False,0,200.66,0.02,1.005,0.28598,47.959,0.0060017,0.016909,0.015793,16145,24.59,16148,2,False,True
ALS_8294,-1,45,0,lin,True,0,200.66,0.02,1.005,0.28598,47.959,0.0060017,0.016909,0.015793,16145,24.59,16148,2,False,True
ALS_8294,-1,59,0,log,False,0,12.074,0.098589,0.67538,0.010154,5.207,0.0925,0.054097,0.027592,6091.1,25.295,16734,2,False,True
ALS_8294,-1,59,0,log,True,0,12.074,0.098589,0.67538,0.010154,5.207,0.0925,0.054097,0.027592,6091.1,25.295,16734,2,False,True
ALS_8294,-1,59,0,lin,False,0,34.694,0.02,0.67301,0.076616,8.9522,0.010747,0.023775,0.021675,11490,25.295,16734,2,False,True
ALS_8294,-1,59,0,lin,True,0,34.694,0.02,0.67301,0.076616,8.9522,0.010747,0.023775,0.021675,11490,25.295,16734,2,False,True
BD_+33_1025,-1,43,0,log,False,0,200.64,0.02,1.0468,0.22054,332.1,0.034649,0.036058,0.0092696,6157.7,24.327,16267,2.0002,False,True
BD_+33_1025,-1,43,0,log,True,0,200.64,0.02,1.0468,0.22054,332.1,0.034649,0.036058,0.0092696,6157.7,24.327,16267,2.0002,False,True
BD_+33_1025,-1,43,0,lin,False,0,433.91,0.02,1.221,0.3903,184.9,0.0084002,0.026101,0.02095,11812,24.327,16267,2.0002,False,True
BD_+33_1025,-1,43,0,lin,True,0,433.91,0.02,1.221,0.3903,184.9,0.0084002,0.026101,0.02095,11812,24.327,16267,2.0002,False,True
BD_+33_1025,-1,44,0,log,False,0,3.7709,0.93625,1.6111,0.20555,0.32921,0.099391,0.063369,0.0032851,4793.4,24.249,16212,2.0002,True,True
BD_+33_1025,-1,44,0,log,True,1,4.6427,0.58584,1.3767,0.19871,0.56487,0.093004,0.057812,0.0038969,4441.2,24.249,16212,2.0002,True,True
BD_+33_1025,-1,44,0,lin,False,0,19.174,0.098265,0.95116,0.15629,2.085,0.018853,0.029187,0.013028,8359.8,24.249,16212,2.0002,False,True
BD_+33_1025,-1,44,0,lin,True,1,20.492,0.092235,1.0258,0.19936,2.0764,0.015112,0.027294,0.0096454,9362.7,24.249,16212,2.0002,False,True
BD_+33_1025,-1,45,0,log,False,0,48.512,0.15172,1.2312,0.22775,12.734,0.043277,0.032631,0.006601,7859.8,24.59,16149,2,True,True
BD_+33_1025,-1,45,0,log,True,0,48.512,0.15172,1.2312,0.22775,12.734,0.043277,0.032631,0.006601,7859.8,24.59,16149,2,True,True
BD_+33_1025,-1,45,0,lin,False,0,327.17,0.02,1.0955,0.25228,84.133,0.0057987,0.017117,0.017385,16792,24.59,16149,2,False,True
BD_+33_1025,-1,45,0,lin,True,0,327.17,0.02,1.0955,0.25228,84.133,0.0057987,0.017117,0.017385,16792,24.59,16149,2,False,True
BD_+33_1025,-1,59,0,log,False,0,27.242,0.24603,1.2582,0.19171,5.0155,0.052048,0.034101,0.0058543,8048.9,25.295,16734,2,True,True
BD_+33_1025,-1,59,0,log,True,0,27.242,0.24603,1.2582,0.19171,5.0155,0.052048,0.034101,0.0058543,8048.9,25.295,16734,2,True,True
BD_+33_1025,-1,59,0,lin,False,0,79.111,0.078168,1.1314,0.21737,6.3031,0.0088045,0.020016,0.016969,14565,25.295,16734,2,False,True
BD_+33_1025,-1,59,0,lin,True,0,79.111,0.078168,1.1314,0.21737,6.3031,0.0088045,0.020016,0.016969,14565,25.295,16734,2,False,True
BD_+36_4063,-1,14,0,log,False,0,1397.6,0.2551,1.4905,4.0657,214.24,0.03618,0.026391,0.089252,11532,26.85,13812,2,True,True
BD_+36_4063,-1,14,0,log,True,1,449.87,0.55123,1.7094,3.1448,38.467,0.04395,0.030377,0.04949,11896,26.85,13812,2,True,True
BD_+36_4063,-1,14,0,lin,False,0,980.16,0.62913,7.7056,13.732,8.5665,0.004,0.30462,0.75934,11108,26.85,13812,2,True,True
BD_+36_4063,-1,14,0,lin,True,40,977.42,0.62492,8.0146,9.64,8.1043,0.0037007,0.30853,0.7222,11744,26.85,13812,2,True,True
BD_+36_4063,-1,15,0,log,False,0,1123,0.30778,1.4314,6.9645,169.16,0.047555,0.033195,0.15908,8426.5,23.008,13197,2,True,True
BD_+36_4063,-1,15,0,log,True,1,459.23,0.49658,1.5793,2.8557,47.828,0.051032,0.03196,0.063994,9939.1,23.008,13197,2,True,True
BD_+36_4063,-1,15,0,lin,False,0,928.67,0.64821,7.8405,18.811,10.47,0.0052939,0.40633,0.95119,7491.5,23.008,13197,2,True,True
BD_+36_4063,-1,15,0,lin,True,40,902.55,0.6456,8.6789,15.455,9.8002,0.0048499,0.46371,0.9094,7686.5,23.008,13197,2,True,True
BD_+36_4063,-1,41,0,log,False,0,651.74,0.3842,1.6399,2.8935,65.886,0.035101,0.025979,0.04477,12961,26.589,18319,2,True,True
BD_+36_4063,-1,41,0,log,True,1,245.88,0.65934,1.5472,0.98483,19.667,0.054042,0.026134,0.036305,14043,26.589,18319,2,True,True
BD_+36_4063,-1,41,0,lin,False,0,814.87,0.50025,30,10.583,10.177,0.002396,3.7512,0.9487,5440.6,26.589,18319,2,True,True
BD_+36_4063,-1,41,0,lin,True,40,793.33,0.54878,16.903,7.8134,9.4057,0.0032815,1.4651,0.88011,6271.6,26.589,18319,2,True,True
BD_+36_4063,-1,55,0,log,False,0,1918.9,0.10515,1.2081,0.90097,498.68,0.027498,0.018179,0.077935,16236,27.162,18879,2,False,True
BD_+36_4063,-1,55,0,log,True,1,373.27,0.47806,1.4968,1.5502,35.712,0.046499,0.025711,0.04578,13443,27.162,18879,2,True,True
BD_+36_4063,-1,55,0,lin,False,0,843.75,0.5196,19.643,11.679,9.3582,0.0026975,1.7266,0.86034,6844.7,27.162,18879,2,True,True
BD_+36_4063,-1,55,0,lin,True,40,848.96,0.5468,15.427,7.1399,8.7023,0.0029441,1.0945,0.8027,7917.3,27.162,18879,2,True,True
BD_+36_4145,-1,14,0,log,False,0,19.674,2.4316,1.4962,0.5007,0.99031,0.166,0.047038,0.032246,10187,26.85,13812,2,True,True
BD_+36_4145,-1,14,0,log,True,0,19.674,2.4316,1.4962,0.5007,0.99031,0.166,0.047038,0.032246,10187,26.85,13812,2,True,True
BD_+36_4145,-1,14,0,lin,False,0,39.096,0.91159,0.99128,1.0001e-07,1.0274,0.049481,0.025593,0.10268,12950,26.85,13812,2,True,True
BD_+36_4145,-1,14,0,lin,True,0,39.096,0.91159,0.99128,1.0001e-07,1.0274,0.049481,0.025593,0.10268,12950,26.85,13812,2,True,True
BD_+36_4145,-1,15,0,log,False,0,17.095,2.9364,1.5426,0.71838,0.87278,0.20352,0.058385,0.041301,7792.4,23.008,13205,2,True,True
BD_+36_4145,-1,15,0,log,True,0,17.095,2.9364,1.5426,0.71838,0.87278,0.20352,0.058385,0.041301,7792.4,23.008,13205,2,True,True
BD_+36_4145,-1,15,0,lin,False,0,20.812,2.7634,1.545,0.91571,0.33702,0.067858,0.041396,0.072275,10247,23.008,13205,2,True,True
BD_+36_4145,-1,15,0,lin,True,0,20.812,2.7634,1.545,0.91571,0.33702,0.067858,0.041396,0.072275,10247,23.008,13205,2,True,True
BD_+36_4145,-1,41,0,log,False,0,15.255,2.8413,1.5275,0.1858,0.67533,0.16689,0.042617,0.022964,12210,26.589,18319,2,True,True
BD_+36_4145,-1,41,0,log,True,0,15.255,2.8413,1.5275,0.1858,0.67533,0.16689,0.042617,0.022964,12210,26.589,18319,2,True,True
BD_+36_4145,-1,41,0,lin,False,0,18.518,2.7614,1.692,0.44594,0.24423,0.053985,0.038631,0.049507,12665,26.589,18319,2,True,True
BD_+36_4145,-1,41,0,lin,True,0,18.518,2.7614,1.692,0.44594,0.24423,0.053985,0.038631,0.049507,12665,26.589,18319,2,True,True
BD_+36_4145,-1,55,0,log,False,0,17.519,2.6881,1.5852,0.25966,0.80249,0.15759,0.043464,0.02253,11838,27.163,15647,2,True,True
BD_+36_4145,-1,55,0,log,True,0,17.519,2.6881,1.5852,0.25966,0.80249,0.15759,0.043464,0.02253,11838,27.163,15647,2,True,True
BD_+36_4145,-1,55,0,lin,False,0,21.251,2.6432,1.5823,0.32461,0.30134,0.057021,0.037205,0.060994,12533,27.163,15647,2,True,True
BD_+36_4145,-1,55,0,lin,True,0,21.251,2.6432,1.5823,0.32461,0.30134,0.057021,0.037205,0.060994,12533,27.163,15647,2,True,True
BD_+39_1328,-1,86,0,log,False,0,78.67,1.2635,2.4501,0.74491,3.9051,0.04803,0.040341,0.0077947,13526,26.566,11744,2,True,True
BD_+39_1328,-1,86,0,log,True,0,78.67,1.2635,2.4501,0.74491,3.9051,0.04803,0.040341,0.0077947,13526,26.566,11744,2,True,True
BD_+39_1328,-1,86,0,lin,False,0,99.878,1.1384,2.1438,0.67123,0.97163,0.015716,0.035875,0.085542,15837,26.566,11744,2,True,True
BD_+39_1328,-1,86,0,lin,True,0,99.878,1.1384,2.1438,0.67123,0.97163,0.015716,0.035875,0.085542,15837,26.566,11744,2,True,True
BD_+60_2522,-1,84,0,log,False,0,105.02,2.2079,2.4487,0.551,3.8449,0.062806,0.031368,0.011118,18084,25.749,16716,2,True,True
BD_+60_2522,-1,84,0,log,True,0,105.02,2.2079,2.4487,0.551,3.8449,0.062806,0.031368,0.011118,18084,25.749,16716,2,True,True
BD_+60_2522,-1,84,0,lin,False,0,144.29,1.7274,1.9752,0.099227,1.4677,0.025818,0.034945,0.18346,15047,25.749,16716,2,True,True
BD_+60_2522,-1,84,0,lin,True,0,144.29,1.7274,1.9752,0.099227,1.4677,0.025818,0.034945,0.18346,15047,25.749,16716,2,True,True
BD_+60_2522,-1,85,0,log,False,0,109.02,2.0123,2.41,0.8825,4.5359,0.067131,0.037163,0.015277,15097,25.488,17721,2,True,True
BD_+60_2522,-1,85,0,log,True,0,109.02,2.0123,2.41,0.8825,4.5359,0.067131,0.037163,0.015277,15097,25.488,17721,2,True,True
BD_+60_2522,-1,85,0,lin,False,0,129.91,2.0521,2.3316,0.84187,1.3935,0.029829,0.050437,0.19737,12522,25.488,17721,2,True,True
BD_+60_2522,-1,85,0,lin,True,0,129.91,2.0521,2.3316,0.84187,1.3935,0.029829,0.050437,0.19737,12522,25.488,17721,2,True,True
BD_+60_2635,-1,84,0,log,False,0,6.7136,0.91161,0.98538,0.057684,0.72924,0.1796,0.047105,0.017042,7956.8,25.75,16718,2,True,True
BD_+60_2635,-1,84,0,log,True,0,6.7136,0.91161,0.98538,0.057684,0.72924,0.1796,0.047105,0.017042,7956.8,25.75,16718,2,True,True
BD_+60_2635,-1,84,0,lin,False,0,50.75,0.020123,0.67064,1e-07,12.633,0.010485,0.02307,0.03131,12252,25.75,16718,2,False,True
BD_+60_2635,-1,84,0,lin,True,0,50.75,0.020123,0.67064,1e-07,12.633,0.010485,0.02307,0.03131,12252,25.75,16718,2,False,True
BD_+60_2635,-1,85,0,log,False,0,6.0079,1.7748,1.1383,0.077917,0.41717,0.20618,0.047115,0.01705,9146.6,25.489,12265,2,True,True
BD_+60_2635,-1,85,0,log,True,0,6.0079,1.7748,1.1383,0.077917,0.41717,0.20618,0.047115,0.01705,9146.6,25.489,12265,2,True,True
BD_+60_2635,-1,85,0,lin,False,0,23.381,0.13752,0.73364,1e-07,1.9593,0.027389,0.024006,0.036979,12037,25.489,12265,2,False,True
BD_+60_2635,-1,85,0,lin,True,0,23.381,0.13752,0.73364,1e-07,1.9593,0.027389,0.024006,0.036979,12037,25.489,12265,2,False,True
BD_+62_2078,-1,16,0,log,False,0,84.047,0.02,0.90355,0.44138,130.1,0.039672,0.053448,0.017283,3491.6,23.766,14945,2,False,True
BD_+62_2078,-1,16,0,log,True,0,84.047,0.02,0.90355,0.44138,130.1,0.039672,0.053448,0.017283,3491.6,23.766,14945,2,False,True
BD_+62_2078,-1,16,0,lin,False,0,199.46,0.02,1.1456,0.67794,68.701,0.0073482,0.022193,0.011117,13130,23.766,14945,2,False,True
BD_+62_2078,-1,16,0,lin,True,0,199.46,0.02,1.1456,0.67794,68.701,0.0073482,0.022193,0.011117,13130,23.766,14945,2,False,True
BD_+62_2078,-1,17,0,log,False,0,8.7473,0.68458,1.4487,0.66566,1.0396,0.10796,0.074623,0.010708,3108.1,23.66,15118,2,True,True
BD_+62_2078,-1,17,0,log,True,0,8.7473,0.68458,1.4487,0.66566,1.0396,0.10796,0.074623,0.010708,3108.1,23.66,15118,2,True,True
BD_+62_2078,-1,17,0,lin,False,0,80.569,0.02,0.80781,0.57225,25.864,0.010612,0.02629,0.02628,9204,23.66,15118,2,False,True
BD_+62_2078,-1,17,0,lin,True,0,80.569,0.02,0.80781,0.57225,25.864,0.010612,0.02629,0.02628,9204,23.66,15118,2,False,True
BD_+62_2078,-1,24,0,log,False,0,59.79,0.02,0.80854,0.56807,89.433,0.044561,0.064859,0.028477,2804.2,26.485,18207,2,False,True
BD_+62_2078,-1,24,0,log,True,0,59.79,0.02,0.80854,0.56807,89.433,0.044561,0.064859,0.028477,2804.2,26.485,18207,2,False,True
BD_+62_2078,-1,24,0,lin,False,0,234.09,0.02,1.2177,0.96302,111.46,0.0094151,0.029178,0.012787,10644,26.485,18207,2,False,True
BD_+62_2078,-1,24,0,lin,True,0,234.09,0.02,1.2177,0.96302,111.46,0.0094151,0.029178,0.012787,10644,26.485,18207,2,False,True
BN_Gem,-1,44,0,log,False,0,169.08,1.9433,2.0748,1.6374,7.5863,0.080709,0.036209,0.041103,13690,24.201,15816,2.0002,True,True
BN_Gem,-1,44,0,log,True,2,165.27,1.7812,1.9717,1.4957,7.8638,0.081087,0.035021,0.04206,13512,24.201,15816,2.0002,True,True
BN_Gem,-1,44,0,lin,False,0,628.1,0.2594,0.98522,1e-07,35.588,0.02918,0.029801,0.82192,8989.2,24.201,15816,2.0002,True,True
BN_Gem,-1,44,0,lin,True,1,1049.4,0.10054,0.91498,1e-07,91.09,0.016066,0.023113,0.65194,11595,24.201,15816,2.0002,False,True
BN_Gem,-1,45,0,log,False,0,327.31,1.1542,1.604,2.3516,21.606,0.083578,0.033212,0.10706,11928,24.285,15455,2.0002,True,True
BN_Gem,-1,45,0,log,True,4,461.54,0.60278,1.3816,1.9009,45.505,0.068323,0.029908,0.11995,11304,24.285,15455,2.0002,True,True
BN_Gem,-1,45,0,lin,False,0,5575.8,0.02,0.8889,1.076e-07,1565.6,0.0082257,0.021582,0.98135,12100,24.285,15455,2.0002,False,True
BN_Gem,-1,45,0,lin,True,4,6243.6,0.02,0.94816,1.0081e-07,1583.8,0.0068523,0.018676,0.71014,14259,24.285,15455,2.0002,False,True
BN_Gem,-1,46,0,log,False,0,117.22,2.8558,2.5843,1.157,4.0135,0.078049,0.039833,0.021972,16073,25.773,16543,2.0002,True,True
BN_Gem,-1,46,0,log,True,3,115.2,2.628,2.333,1.0768,4.1849,0.082329,0.03691,0.025832,15846,25.773,16543,2.0002,True,True
BN_Gem,-1,46,0,lin,False,0,132.99,3.2763,3.6939,2.5921,1.4715,0.03916,0.12024,0.30172,9395.2,25.773,16543,2.0002,True,True
BN_Gem,-1,46,0,lin,True,1,126.43,3.2088,2.912,1.8847,1.3039,0.039716,0.074435,0.25852,11446,25.773,16543,2.0002,True,True
BN_Gem,-1,71,0,log,False,0,211.48,1.6053,1.8437,1.4383,11.104,0.083734,0.033475,0.055809,13191,23.612,14785,2.0002,True,True
BN_Gem,-1,71,0,log,True,0,211.48,1.6053,1.8437,1.4383,11.104,0.083734,0.033475,0.055809,13191,23.612,14785,2.0002,True,True
BN_Gem,-1,71,0,lin,False,0,459.6,0.51353,1.1145,1e-07,12.762,0.027714,0.024802,0.59841,12042,23.612,14785,2.0002,True,True
BN_Gem,-1,71,0,lin,True,0,459.6,0.51353,1.1145,1e-07,12.762,0.027714,0.024802,0.59841,12042,23.612,14785,2.0002,True,True
CPD-47_2963,-1,8,0,log,False,0,167.45,2.3277,2.7025,1.7305,6.2971,0.066044,0.042799,0.023669,14687,24.356,13169,2,True,True
CPD-47_2963,-1,8,0,log,True,0,167.45,2.3277,2.7025,1.7305,6.2971,0.066044,0.042799,0.023669,14687,24.356,13169,2,True,True
CPD-47_2963,-1,8,0,lin,False,0,213.58,2.1681,2.1914,0.46517,2.249,0.0317,0.044845,0.33461,12990,24.356,13169,2,True,True
CPD-47_2963,-1,8,0,lin,True,40,216.31,2.1324,2.1297,0.056452,2.3134,0.032085,0.043282,0.34099,13019,24.356,13169,2,True,True
CPD-47_2963,-1,9,0,log,False,0,156.37,1.8911,2.2633,1.3274,6.6969,0.068364,0.035507,0.025008,14683,24.496,16407,2,True,True
CPD-47_2963,-1,9,0,log,True,0,156.37,1.8911,2.2633,1.3274,6.6969,0.068364,0.035507,0.025008,14683,24.496,16407,2,True,True
CPD-47_2963,-1,9,0,lin,False,0,197.78,1.6912,1.9544,0.71847,2.0933,0.026449,0.035571,0.25747,14221,24.496,16407,2,True,True
CPD-47_2963,-1,9,0,lin,True,0,197.78,1.6912,1.9544,0.71847,2.0933,0.026449,0.035571,0.25747,14221,24.496,16407,2,True,True
CPD_-47_2963,-1,8,0,log,False,0,167.45,2.3277,2.7025,1.7305,6.2971,0.066044,0.042799,0.023669,14687,24.356,13169,2,True,True
CPD_-47_2963,-1,8,0,log,True,0,167.45,2.3277,2.7025,1.7305,6.2971,0.066044,0.042799,0.023669,14687,24.356,13169,2,True,True
CPD_-47_2963,-1,8,0,lin,False,0,213.58,2.1681,2.1914,0.46517,2.249,0.0317,0.044845,0.33461,12990,24.356,13169,2,True,True
CPD_-47_2963,-1,8,0,lin,True,40,216.31,2.1324,2.1297,0.056452,2.3134,0.032085,0.043282,0.34099,13019,24.356,13169,2,True,True
CPD_-47_2963,-1,9,0,log,False,0,156.37,1.8911,2.2633,1.3274,6.6969,0.068364,0.035507,0.025008,14683,24.496,16407,2,True,True
CPD_-47_2963,-1,9,0,log,True,0,156.37,1.8911,2.2633,1.3274,6.6969,0.068364,0.035507,0.025008,14683,24.496,16407,2,True,True
CPD_-47_2963,-1,9,0,lin,False,0,197.78,1.6912,1.9544,0.71847,2.0933,0.026449,0.035571,0.25747,14221,24.496,16407,2,True,True
CPD_-47_2963,-1,9,0,lin,True,0,197.78,1.6912,1.9544,0.71847,2.0933,0.026449,0.035571,0.25747,14221,24.496,16407,2,True,True
CYG_OB2-11,-1,41,0,log,False,0,97.129,1.8261,2.5921,0.52689,3.7057,0.050446,0.032193,0.0069764,18259,26.588,18318,2,True,True
CYG_OB2-11,-1,41,0,log,True,2,94.661,1.8953,2.6716,0.53646,3.5389,0.050412,0.033482,0.0067524,18195,26.588,18318,2,True,True
CYG_OB2-11,-1,41,0,lin,False,0,105.31,2.0181,2.7008,0.54977,0.82479,0.020031,0.047622,0.11623,16607,26.588,18318,2,True,True
CYG_OB2-11,-1,41,0,lin,True,2,105.32,2.0186,2.7006,0.53325,0.82457,0.020029,0.047599,0.11622,16614,26.588,18318,2,True,True
CYG_OB2-11,-1,55,0,log,False,0,66.894,2.2648,2.7333,0.49699,2.3615,0.058062,0.036996,0.0066223,17709,27.163,18878,2,True,True
CYG_OB2-11,-1,55,0,log,True,2,65.693,2.3305,2.8133,0.50243,2.2838,0.057795,0.038367,0.0064066,17658,27.163,18878,2,True,True
CYG_OB2-11,-1,55,0,lin,False,0,69.281,2.681,4.3571,1.1074,0.4902,0.019091,0.10165,0.091241,15524,27.163,18878,2,True,True
CYG_OB2-11,-1,55,0,lin,True,2,69.304,2.6814,4.3529,1.0886,0.49019,0.019096,0.10145,0.09123,15534,27.163,18878,2,True,True
CYG_OB2-11,-1,56,0,log,False,0,92.178,1.66,2.2523,0.48258,3.9144,0.056958,0.029693,0.0091731,17872,27.88,19612,2,True,True
CYG_OB2-11,-1,56,0,log,True,2,90.511,1.7073,2.2968,0.48957,3.7828,0.056949,0.030313,0.0088928,17854,27.88,19612,2,True,True
CYG_OB2-11,-1,56,0,lin,False,0,98.081,1.9703,2.5999,0.71928,0.8505,0.022054,0.04915,0.11727,15579,27.88,19612,2,True,True
CYG_OB2-11,-1,56,0,lin,True,2,98.098,1.9707,2.5992,0.70243,0.85035,0.022053,0.049111,0.11726,15586,27.88,19612,2,True,True
CYG_OB2-11,-1,75,0,log,False,0,81.833,2.0528,2.6985,0.41802,3.0562,0.054127,0.033913,0.0059292,18584,27.697,19472,2,True,True
CYG_OB2-11,-1,75,0,log,True,2,79.981,2.119,2.773,0.42393,2.9501,0.054292,0.03528,0.0057691,18452,27.697,19472,2,True,True
CYG_OB2-11,-1,75,0,lin,False,0,100.74,1.876,2.1845,1e-07,0.87684,0.022862,0.036077,0.11597,17090,27.697,19472,2,True,True
CYG_OB2-11,-1,75,0,lin,True,40,100.66,1.8787,2.1895,1e-07,0.8745,0.02283,0.036161,0.11578,17110,27.697,19472,2,True,True
CYG_OB2-9,-1,41,0,log,False,0,41.431,2.3925,2.668,0.58734,1.4615,0.066208,0.043479,0.0073107,15236,26.588,18318,2,True,True
CYG_OB2-9,-1,41,0,log,True,0,41.431,2.3925,2.668,0.58734,1.4615,0.066208,0.043479,0.0073107,15236,26.588,18318,2,True,True
CYG_OB2-9,-1,41,0,lin,False,0,65.251,1.5193,1.6064,1e-07,0.80752,0.03041,0.029248,0.095766,14943,26.588,18318,2,True,True
CYG_OB2-9,-1,41,0,lin,True,2,65.238,1.5199,1.6068,1e-07,0.80708,0.030406,0.029253,0.095735,14946,26.588,18318,2,True,True
CYG_OB2-9,-1,55,0,log,False,0,38.066,2.3986,2.634,0.38348,1.3177,0.064018,0.038392,0.0053486,16922,27.163,18881,2,True,True
CYG_OB2-9,-1,55,0,log,True,0,38.066,2.3986,2.634,0.38348,1.3177,0.064018,0.038392,0.0053486,16922,27.163,18881,2,True,True
CYG_OB2-9,-1,55,0,lin,False,0,49.458,2.1268,2.3621,0.35201,0.46807,0.027076,0.045726,0.068144,14681,27.163,18881,2,True,True
CYG_OB2-9,-1,55,0,lin,True,0,49.458,2.1268,2.3621,0.35201,0.46807,0.027076,0.045726,0.068144,14681,27.163,18881,2,True,True
CYG_OB2-9,-1,75,0,log,False,0,49.072,2.0149,2.3598,0.38329,1.8422,0.061632,0.032603,0.0064321,17665,27.697,19474,2,True,True
CYG_OB2-9,-1,75,0,log,True,0,49.072,2.0149,2.3598,0.38329,1.8422,0.061632,0.032603,0.0064321,17665,27.697,19474,2,True,True
CYG_OB2-9,-1,75,0,lin,False,0,62.162,1.7299,1.906,0.062788,0.5738,0.023831,0.029844,0.07232,17656,27.697,19474,2,True,True
CYG_OB2-9,-1,75,0,lin,True,7,62.194,1.7294,1.9038,0.051241,0.57438,0.023848,0.029799,0.072394,17661,27.697,19474,2,True,True
Cyg_OB2-24,-1,41,0,log,False,0,3.4942,1.7905,1.5286,0.1735,0.20923,0.14313,0.053686,0.0051254,7572.8,26.589,18322,2,True,True
Cyg_OB2-24,-1,41,0,log,True,2,2.2351,2.8885,1.8277,0.18916,0.10235,0.16234,0.067054,0.0042351,7149.3,26.589,18322,2,True,True
Cyg_OB2-24,-1,41,0,lin,False,0,96.956,0.02,0.96271,0.23809,28.093,0.0076771,0.021085,0.011603,12977,26.589,18322,2,False,True
Cyg_OB2-24,-1,41,0,lin,True,0,96.956,0.02,0.96271,0.23809,28.093,0.0076771,0.021085,0.011603,12977,26.589,18322,2,False,True
Cyg_OB2-24,-1,55,0,log,False,0,3.1514,1.7168,1.4052,0.14462,0.19589,0.1521,0.050975,0.0054307,7930.3,27.163,18882,2,True,True
Cyg_OB2-24,-1,55,0,log,True,1,3.5552,1.3678,1.2973,0.13618,0.2554,0.14647,0.048479,0.0059709,7841.8,27.163,18882,2,True,True
Cyg_OB2-24,-1,55,0,lin,False,0,65.023,0.02,0.87892,0.17902,16.261,0.0074293,0.019339,0.010777,14087,27.163,18882,2,False,True
Cyg_OB2-24,-1,55,0,lin,True,1,67.562,0.02,0.89692,0.18865,16.295,0.0069846,0.018402,0.0097315,14931,27.163,18882,2,False,True
Cyg_OB2-24,-1,75,0,log,False,0,4.5888,1.0873,1.3273,0.12557,0.35111,0.11681,0.043378,0.0049136,8591,27.697,19474,2,True,True
Cyg_OB2-24,-1,75,0,log,True,0,4.5888,1.0873,1.3273,0.12557,0.35111,0.11681,0.043378,0.0049136,8591,27.697,19474,2,True,True
Cyg_OB2-24,-1,75,0,lin,False,0,50.35,0.02,0.75974,0.017406,10.678,0.0075742,0.01805,0.01461,15504,27.697,19474,2,False,True
Cyg_OB2-24,-1,75,0,lin,True,0,50.35,0.02,0.75974,0.017406,10.678,0.0075742,0.01805,0.01461,15504,27.697,19474,2,False,True
Cyg_OB2-5,-1,14,0,log,False,0,16734,0.13111,1.3242,37.18,4645.4,0.034845,0.027318,0.98288,9995.6,26.85,13810,2,False,True
Cyg_OB2-5,-1,14,0,log,True,2,10138,0.048227,1.2078,6.0324,7003.8,0.031067,0.024706,0.26409,10668,26.85,13810,2,False,True
Cyg_OB2-5,-1,14,0,lin,False,0,7986,0.54327,5.0886,113.44,85.207,0.0050096,0.17647,5.9647,10056,26.85,13810,2,True,True
Cyg_OB2-5,-1,14,0,lin,True,40,7716.6,0.5513,5.3041,99.541,78.658,0.0047724,0.18212,5.6579,10457,26.85,13810,2,True,True
Cyg_OB2-5,-1,15,0,log,False,0,14803,0.095315,1.3637,33.545,6332.6,0.036472,0.03341,0.69364,7010.1,23.007,13187,2,False,True
Cyg_OB2-5,-1,15,0,log,True,2,27350,0.02,1.3458,14.084,71843,0.041083,0.035975,0.23036,5875.9,23.007,13187,2,False,True
Cyg_OB2-5,-1,15,0,lin,False,0,7560.1,0.47243,7.6376,79.209,83.098,0.0036524,0.36089,6.0168,8041.3,23.007,13187,2,True,True
Cyg_OB2-5,-1,15,0,lin,True,40,7533.8,0.47288,7.4774,69.642,81.222,0.0036204,0.34142,5.849,8304,23.007,13187,2,True,True
Cyg_OB2-5,-1,41,0,log,False,0,62845,0.02,1.2596,8.0434,1.1567e+05,0.030594,0.021489,0.33826,12204,26.588,18315,2,False,True
Cyg_OB2-5,-1,41,0,log,True,2,6685.1,0.061798,1.2861,5.3828,3551.2,0.029211,0.023711,0.15453,11190,26.588,18315,2,False,True
Cyg_OB2-5,-1,41,0,lin,False,0,7148.1,0.36704,28.931,56.55,74.406,0.0014186,2.8102,5.6082,7258.2,26.588,18315,2,True,True
Cyg_OB2-5,-1,41,0,lin,True,40,6936.9,0.37906,30,57.559,63.867,0.0012823,2.6468,4.9406,8595.4,26.588,18315,2,True,True
Cyg_OB2-5,-1,55,0,log,False,0,75661,0.02,1.2993,11.601,1.4179e+05,0.03013,0.021182,0.33257,12460,27.161,18873,2,False,True
Cyg_OB2-5,-1,55,0,log,True,4,289.12,0.74218,1.9623,1.5259,19.349,0.04143,0.029167,0.021251,14267,27.161,18873,2,True,True
Cyg_OB2-5,-1,55,0,lin,False,0,7234.1,0.3716,28.703,60.283,74.385,0.0014273,2.7484,5.6521,7434.3,27.161,18873,2,True,True
Cyg_OB2-5,-1,55,0,lin,True,40,7131.3,0.38069,30,45.473,62.654,0.0012298,2.5276,4.861,9223,27.161,18873,2,True,True
Cyg_X-1,-1,14,0,log,False,0,1108.3,0.26497,1.4024,2.2192,160.4,0.037555,0.023344,0.079805,13334,26.85,13816,2,True,True
Cyg_X-1,-1,14,0,log,True,0,1108.3,0.26497,1.4024,2.2192,160.4,0.037555,0.023344,0.079805,13334,26.85,13816,2,True,True
Cyg_X-1,-1,14,0,lin,False,0,767.19,0.61012,2.4694,8.1448,9.8072,0.0098918,0.05419,0.52905,12096,26.85,13816,2,True,True
Cyg_X-1,-1,14,0,lin,True,0,767.19,0.61012,2.4694,8.1448,9.8072,0.0098918,0.05419,0.52905,12096,26.85,13816,2,True,True
Cyg_X-1,-1,54,0,log,False,0,674.56,0.39485,1.5833,2.0729,74.113,0.039962,0.025782,0.049145,12843,26.23,17895,2,True,True
Cyg_X-1,-1,54,0,log,True,1,271.58,0.89263,1.8844,1.3878,16.766,0.048642,0.02782,0.026444,14873,26.23,17895,2,True,True
Cyg_X-1,-1,54,0,lin,False,0,598.15,0.67141,2.63,6.0916,8.9258,0.012405,0.073572,0.54223,9102.6,26.23,17895,2,True,True
Cyg_X-1,-1,54,0,lin,True,0,598.15,0.67141,2.63,6.0916,8.9258,0.012405,0.073572,0.54223,9102.6,26.23,17895,2,True,True
Cyg_X-1,-1,55,0,log,False,0,428.56,0.67162,1.876,1.1338,31.405,0.040574,0.025037,0.023021,15693,27.162,18880,2,True,True
Cyg_X-1,-1,55,0,log,True,1,222.54,1.1677,2.2973,0.88866,11.096,0.04356,0.028901,0.012356,17177,27.162,18880,2,True,True
Cyg_X-1,-1,55,0,lin,False,0,496.68,0.78689,2.4113,2.9651,7.6283,0.015874,0.066028,0.5104,9104,27.162,18880,2,True,True
Cyg_X-1,-1,55,0,lin,True,0,496.68,0.78689,2.4113,2.9651,7.6283,0.015874,0.066028,0.5104,9104,27.162,18880,2,True,True
Cyg_X-1,-1,74,0,log,False,0,513.25,0.54301,1.5954,1.5675,45.721,0.046116,0.025172,0.048632,14102,26.704,18786,2,True,True
Cyg_X-1,-1,74,0,log,True,1,238.02,0.99933,1.9373,1.2646,13.934,0.051121,0.028688,0.02428,15066,26.704,18786,2,True,True
Cyg_X-1,-1,74,0,lin,False,0,572.5,0.66459,2.0483,4.4043,11.167,0.018329,0.058049,0.60151,8009,26.704,18786,2,True,True
Cyg_X-1,-1,74,0,lin,True,0,572.5,0.66459,2.0483,4.4043,11.167,0.018329,0.058049,0.60151,8009,26.704,18786,2,True,True
HDE_227245,-1,41,0,log,False,0,13.905,1.117,1.2531,0.21708,1.0656,0.12497,0.039778,0.015725,9760.9,26.589,18321,2,True,True
HDE_227245,-1,41,0,log,True,0,13.905,1.117,1.2531,0.21708,1.0656,0.12497,0.039778,0.015725,9760.9,26.589,18321,2,True,True
HDE_227245,-1,41,0,lin,False,0,146.88,0.02,0.75079,1.0007e-07,33.129,0.0081781,0.019354,0.048021,14264,26.589,18321,2,False,True
HDE_227245,-1,41,0,lin,True,0,146.88,0.02,0.75079,1.0007e-07,33.129,0.0081781,0.019354,0.048021,14264,26.589,18321,2,False,True
HDE_227245,-1,54,0,log,False,0,10.769,2.1771,1.6057,0.28885,0.55318,0.14112,0.046559,0.012363,9975,26.23,17896,2,True,True
HDE_227245,-1,54,0,log,True,6,11.344,1.4787,1.2847,0.21656,0.79612,0.15349,0.044531,0.017503,9104,26.23,17896,2,True,True
HDE_227245,-1,54,0,lin,False,0,18.889,1.3205,1.175,1.0004e-07,0.55058,0.071495,0.040969,0.069437,7710.7,26.23,17896,2,True,True
HDE_227245,-1,54,0,lin,True,1,19.062,1.2861,1.1739,1.0011e-07,0.54984,0.069124,0.040137,0.067549,7868.5,26.23,17896,2,True,True
HDE_227245,-1,55,0,log,False,0,13.924,0.81635,1.1714,0.21385,1.3375,0.11812,0.040739,0.01556,8782.2,27.162,18882,2,True,True
HDE_227245,-1,55,0,log,True,0,13.924,0.81635,1.1714,0.21385,1.3375,0.11812,0.040739,0.01556,8782.2,27.162,18882,2,True,True
HDE_227245,-1,55,0,lin,False,0,148.45,0.02,0.79229,0.074966,35.757,0.0081582,0.019949,0.039891,13628,27.162,18882,2,False,True
HDE_227245,-1,55,0,lin,True,0,148.45,0.02,0.79229,0.074966,35.757,0.0081582,0.019949,0.039891,13628,27.162,18882,2,False,True
HDE_227245,-1,74,0,log,False,0,12.044,1.4157,1.4866,0.25435,0.75891,0.11418,0.041436,0.010024,9943.7,26.697,18725,2,True,True
HDE_227245,-1,74,0,log,True,0,12.044,1.4157,1.4866,0.25435,0.75891,0.11418,0.041436,0.010024,9943.7,26.697,18725,2,True,True
HDE_227245,-1,74,0,lin,False,0,52.363,0.11712,0.83152,1e-07,3.5231,0.016303,0.018721,0.039868,15241,26.697,18725,2,False,True
HDE_227245,-1,74,0,lin,True,0,52.363,0.11712,0.83152,1e-07,3.5231,0.016303,0.018721,0.039868,15241,26.697,18725,2,False,True
HDE_229196,-1,41,0,log,False,0,245.24,0.87965,1.6569,1.0566,16.385,0.058504,0.026781,0.037665,14742,26.588,18318,2,True,True
HDE_229196,-1,41,0,log,True,2,57.332,3.1098,2.2676,0.66011,1.8933,0.094261,0.037709,0.019158,16237,26.588,18318,2,True,True
HDE_229196,-1,41,0,lin,False,0,373.43,0.79257,8.8394,7.5156,5.7173,0.0084792,0.68827,0.6063,4693,26.588,18318,2,True,True
HDE_229196,-1,41,0,lin,True,40,379.3,0.77354,10.276,5.2961,5.4254,0.0072127,0.82202,0.58364,5052,26.588,18318,2,True,True
HDE_229196,-1,75,0,log,False,0,145.09,1.4817,1.6604,0.80832,7.5767,0.084191,0.029882,0.046774,15269,27.697,19469,2,True,True
HDE_229196,-1,75,0,log,True,1,66.829,2.7872,2.095,0.5967,2.3326,0.093621,0.034289,0.022524,16957,27.697,19469,2,True,True
HDE_229196,-1,75,0,lin,False,0,327.17,0.73339,14.407,8.8465,5.4481,0.0068111,1.6442,0.5983,3704.2,27.697,19469,2,True,True
HDE_229196,-1,75,0,lin,True,40,332.23,0.74803,13.068,6.3358,5.2451,0.0068927,1.3355,0.575,4124.6,27.697,19469,2,True,True
HDE_229196,-1,81,0,log,False,0,213.54,1.0054,1.5819,1.011,13.754,0.069471,0.027979,0.049779,14424,26.624,18409,2,True,True
HDE_229196,-1,81,0,log,True,2,51.445,3.4028,2.3019,0.66354,1.6822,0.10263,0.0406,0.020247,15580,26.624,18409,2,True,True
HDE_229196,-1,81,0,lin,False,0,341.71,0.85833,5.9174,7.8463,5.693,0.012069,0.38287,0.57501,4634.8,26.624,18409,2,True,True
HDE_229196,-1,81,0,lin,True,40,349.02,0.83313,6.8951,6.3189,5.3399,0.010005,0.4556,0.55164,5044.8,26.624,18409,2,True,True
HDE_229196,-1,82,0,log,False,0,141.85,1.2569,1.5619,0.64997,8.7339,0.087196,0.03071,0.049252,13612,25.853,18138,2,True,True
HDE_229196,-1,82,0,log,True,1,50.095,3.4723,2.3092,0.56807,1.6501,0.10481,0.040512,0.019329,15447,25.853,18138,2,True,True
HDE_229196,-1,82,0,lin,False,0,333.52,0.69383,18.038,7.9119,5.2358,0.005462,2.2044,0.57152,3914.4,25.853,18138,2,True,True
HDE_229196,-1,82,0,lin,True,40,342.9,0.69478,17.667,5.6935,5.024,0.0051539,1.9912,0.54759,4400.6,25.853,18138,2,True,True
HDE_242926,-1,19,0,log,False,0,11.258,0.21612,1.222,0.41582,2.9305,0.072136,0.064988,0.0071181,2829.9,24.922,16696,2,True,True
HDE_242926,-1,19,0,log,True,0,11.258,0.21612,1.222,0.41582,2.9305,0.072136,0.064988,0.0071181,2829.9,24.922,16696,2,True,True
HDE_242926,-1,19,0,lin,False,0,8.844,0.42379,1.4723,0.51764,0.23783,0.018448,0.034781,0.0073739,9497.6,24.922,16696,2,True,True
HDE_242926,-1,19,0,lin,True,0,8.844,0.42379,1.4723,0.51764,0.23783,0.018448,0.034781,0.0073739,9497.6,24.922,16696,2,True,True
HDE_242926,-1,43,0,log,False,0,5.0525,0.52018,1.6545,0.34486,0.63528,0.075436,0.081694,0.0036384,2839.6,24.327,16264,2.0002,True,True
HDE_242926,-1,43,0,log,True,0,5.0525,0.52018,1.6545,0.34486,0.63528,0.075436,0.081694,0.0036384,2839.6,24.327,16264,2.0002,True,True
HDE_242926,-1,43,0,lin,False,0,9.1238,0.27483,1.2948,0.37949,0.35928,0.017799,0.031564,0.0065072,9251.4,24.327,16264,2.0002,True,True
HDE_242926,-1,43,0,lin,True,0,9.1238,0.27483,1.2948,0.37949,0.35928,0.017799,0.031564,0.0065072,9251.4,24.327,16264,2.0002,True,True
HDE_242926,-1,44,0,log,False,0,12.792,0.28854,1.32,0.31453,2.3008,0.062318,0.05032,0.005315,4612.9,24.249,16212,2.0002,True,True
HDE_242926,-1,44,0,log,True,0,12.792,0.28854,1.32,0.31453,2.3008,0.062318,0.05032,0.005315,4612.9,24.249,16212,2.0002,True,True
HDE_242926,-1,44,0,lin,False,0,27.12,0.14001,1.229,0.37014,1.4698,0.011327,0.024476,0.0095245,12076,24.249,16212,2.0002,False,True
HDE_242926,-1,44,0,lin,True,0,27.12,0.14001,1.229,0.37014,1.4698,0.011327,0.024476,0.0095245,12076,24.249,16212,2.0002,False,True
HDE_242926,-1,45,0,log,False,0,12.442,0.18823,1.3844,0.31295,3.3799,0.055705,0.063497,0.0039834,2985.8,24.59,16148,2,True,True
HDE_242926,-1,45,0,log,True,0,12.442,0.18823,1.3844,0.31295,3.3799,0.055705,0.063497,0.0039834,2985.8,24.59,16148,2,True,True
HDE_242926,-1,45,0,lin,False,0,25.417,0.084046,1.1881,0.35501,1.9869,0.0089846,0.021779,0.0054119,13618,24.59,16148,2,False,True
HDE_242926,-1,45,0,lin,True,0,25.417,0.084046,1.1881,0.35501,1.9869,0.0089846,0.021779,0.0054119,13618,24.59,16148,2,False,True
HDE_303308,-1,36,0,log,False,0,92.878,0.76878,1.4712,1.1162,7.6941,0.074092,0.035022,0.033755,9956.6,24.338,16255,2,True,True
HDE_303308,-1,36,0,log,True,0,92.878,0.76878,1.4712,1.1162,7.6941,0.074092,0.035022,0.033755,9956.6,24.338,16255,2,True,True
HDE_303308,-1,36,0,lin,False,0,207.23,0.27334,1.1005,0.38844,6.7811,0.016473,0.020426,0.14378,13933,24.338,16255,2,True,True
HDE_303308,-1,36,0,lin,True,0,207.23,0.27334,1.1005,0.38844,6.7811,0.016473,0.020426,0.14378,13933,24.338,16255,2,True,True
HDE_303308,-1,37,0,log,False,0,1716.4,0.21233,1.2778,8.0363,340.81,0.045894,0.03115,0.25202,8871.5,25.324,17331,2,True,True
HDE_303308,-1,37,0,log,True,0,1716.4,0.21233,1.2778,8.0363,340.81,0.045894,0.03115,0.25202,8871.5,25.324,17331,2,True,True
HDE_303308,-1,37,0,lin,False,0,1545.3,0.32019,1.48,13.055,33.722,0.010812,0.024388,0.71362,14543,25.324,17331,2,True,True
HDE_303308,-1,37,0,lin,True,0,1545.3,0.32019,1.48,13.055,33.722,0.010812,0.024388,0.71362,14543,25.324,17331,2,True,True
HDE_303308,-1,63,0,log,False,0,1000.1,0.42219,1.26,16.331,135.04,0.073232,0.040582,0.48593,7147.3,26.531,18334,2,True,True
HDE_303308,-1,63,0,log,True,0,1000.1,0.42219,1.26,16.331,135.04,0.073232,0.040582,0.48593,7147.3,26.531,18334,2,True,True
HDE_303308,-1,63,0,lin,False,0,10277,0.02,0.93006,13.07,2503.4,0.0067401,0.018146,1.2392,15125,26.531,18334,2,False,True
HDE_303308,-1,63,0,lin,True,0,10277,0.02,0.93006,13.07,2503.4,0.0067401,0.018146,1.2392,15125,26.531,18334,2,False,True
HDE_303308,-1,64,0,log,False,0,1294.3,0.24809,1.3484,6.2636,216.95,0.043624,0.029792,0.16492,9827.5,26.917,18851,2,True,True
HDE_303308,-1,64,0,log,True,0,1294.3,0.24809,1.3484,6.2636,216.95,0.043624,0.029792,0.16492,9827.5,26.917,18851,2,True,True
HDE_303308,-1,64,0,lin,False,0,1740.2,0.19497,1.2784,7.1023,57.06,0.0099352,0.020274,0.61341,15993,26.917,18851,2,True,True
HDE_303308,-1,64,0,lin,True,0,1740.2,0.19497,1.2784,7.1023,57.06,0.0099352,0.020274,0.61341,15993,26.917,18851,2,True,True
HDE_303311,-1,36,0,log,False,0,168.18,0.02,0.97859,0.40446,261.89,0.035717,0.042463,0.0156,4917.8,24.437,16357,2,False,True
HDE_303311,-1,36,0,log,True,0,168.18,0.02,0.97859,0.40446,261.89,0.035717,0.042463,0.0156,4917.8,24.437,16357,2,False,True
HDE_303311,-1,36,0,lin,False,0,280.22,0.02,1.1023,0.60427,80.068,0.006394,0.018936,0.015999,15221,24.437,16357,2,False,True
HDE_303311,-1,36,0,lin,True,0,280.22,0.02,1.1023,0.60427,80.068,0.006394,0.018936,0.015999,15221,24.437,16357,2,False,True
HDE_303311,-1,37,0,log,False,0,47.339,0.14429,1.1127,0.32782,13.417,0.050296,0.036281,0.011827,6987.6,25.325,17338,2,False,True
HDE_303311,-1,37,0,log,True,0,47.339,0.14429,1.1127,0.32782,13.417,0.050296,0.036281,0.011827,6987.6,25.325,17338,2,False,True
HDE_303311,-1,37,0,lin,False,0,103.85,0.062041,1.0287,0.34878,10.186,0.009071,0.019126,0.02399,14492,25.325,17338,2,False,True
HDE_303311,-1,37,0,lin,True,0,103.85,0.062041,1.0287,0.34878,10.186,0.009071,0.019126,0.02399,14492,25.325,17338,2,False,True
HDE_303311,-1,63,0,log,False,0,20.196,0.64193,1.287,0.53425,2.1467,0.092816,0.044685,0.015742,6910.9,26.531,18358,2,True,True
HDE_303311,-1,63,0,log,True,0,20.196,0.64193,1.287,0.53425,2.1467,0.092816,0.044685,0.015742,6910.9,26.531,18358,2,True,True
HDE_303311,-1,63,0,lin,False,0,328.74,0.02,0.99169,0.66113,88.181,0.0068479,0.01913,0.031125,14657,26.531,18358,2,False,True
HDE_303311,-1,63,0,lin,True,0,328.74,0.02,0.99169,0.66113,88.181,0.0068479,0.01913,0.031125,14657,26.531,18358,2,False,True
HDE_303311,-1,64,0,log,False,0,28.072,0.25806,1.1705,0.31343,5.2162,0.06131,0.037852,0.010456,7226.6,26.916,18854,2,True,True
HDE_303311,-1,64,0,log,True,0,28.072,0.25806,1.1705,0.31343,5.2162,0.06131,0.037852,0.010456,7226.6,26.916,18854,2,True,True
HDE_303311,-1,64,0,lin,False,0,204.91,0.02,0.94056,0.28135,45.919,0.0061134,0.016564,0.021428,16802,26.916,18854,2,False,True
HDE_303311,-1,64,0,lin,True,0,204.91,0.02,0.94056,0.28135,45.919,0.0061134,0.016564,0.021428,16802,26.916,18854,2,False,True
HDE_305438,-1,10,0,log,False,0,23.24,0.19717,1.309,0.43593,5.4489,0.052362,0.049085,0.0066544,4512.1,25.374,16456,2,True,True
HDE_305438,-1,10,0,log,True,0,23.24,0.19717,1.309,0.43593,5.4489,0.052362,0.049085,0.0066544,4512.1,25.374,16456,2,True,True
HDE_305438,-1,10,0,lin,False,0,17.426,0.38237,1.6154,0.55379,0.335,0.011106,0.028177,0.0089964,13681,25.374,16456,2,True,True
HDE_305438,-1,10,0,lin,True,0,17.426,0.38237,1.6154,0.55379,0.335,0.011106,0.028177,0.0089964,13681,25.374,16456,2,True,True
HDE_305438,-1,11,0,log,False,0,132.11,0.02,1.1962,0.40036,317.72,0.043962,0.056246,0.0058063,2951.7,26.149,16881,2,False,True
HDE_305438,-1,11,0,log,True,0,132.11,0.02,1.1962,0.40036,317.72,0.043962,0.056246,0.0058063,2951.7,26.149,16881,2,False,True
HDE_305438,-1,11,0,lin,False,0,16.699,0.28712,2.3728,0.5549,0.29135,0.0056826,0.048196,0.0061215,13122,26.149,16881,2,True,True
HDE_305438,-1,11,0,lin,True,0,16.699,0.28712,2.3728,0.5549,0.29135,0.0056826,0.048196,0.0061215,13122,26.149,16881,2,True,True
HDE_305438,-1,63,0,log,False,0,107.3,0.02,1.1946,0.31499,250.74,0.042752,0.054258,0.0045377,3158.6,26.531,18358,2,False,True
HDE_305438,-1,63,0,log,True,0,107.3,0.02,1.1946,0.31499,250.74,0.042752,0.054258,0.0045377,3158.6,26.531,18358,2,False,True
HDE_305438,-1,63,0,lin,False,0,25.136,0.12964,1.5414,0.40559,0.96874,0.0060231,0.022193,0.0040754,17843,26.531,18358,2,False,True
HDE_305438,-1,63,0,lin,True,0,25.136,0.12964,1.5414,0.40559,0.96874,0.0060231,0.022193,0.0040754,17843,26.531,18358,2,False,True
HDE_305438,-1,64,0,log,False,0,11.182,0.35341,1.6127,0.35101,1.66,0.055164,0.062114,0.0037347,3966,26.917,18854,2,True,True
HDE_305438,-1,64,0,log,True,0,11.182,0.35341,1.6127,0.35101,1.66,0.055164,0.062114,0.0037347,3966,26.917,18854,2,True,True
HDE_305438,-1,64,0,lin,False,0,225.3,0.02,1.2915,0.42722,80.991,0.0066105,0.020948,0.0066533,16749,26.917,18854,2,False,True
HDE_305438,-1,64,0,lin,True,0,225.3,0.02,1.2915,0.42722,80.991,0.0066105,0.020948,0.0066533,16749,26.917,18854,2,False,True
HDE_305524,-1,36,0,log,False,0,9.529,3.0984,1.7443,0.31511,0.42049,0.16704,0.05317,0.014321,9553.4,24.437,16356,2,True,True
HDE_305524,-1,36,0,log,True,0,9.529,3.0984,1.7443,0.31511,0.42049,0.16704,0.05317,0.014321,9553.4,24.437,16356,2,True,True
HDE_305524,-1,36,0,lin,False,0,35.01,0.33433,0.85104,1e-07,1.5889,0.034333,0.023421,0.063246,12378,24.437,16356,2,True,True
HDE_305524,-1,36,0,lin,True,0,35.01,0.33433,0.85104,1e-07,1.5889,0.034333,0.023421,0.063246,12378,24.437,16356,2,True,True
HDE_305524,-1,37,0,log,False,0,12.104,2.1988,1.4325,0.23414,0.64533,0.16269,0.044571,0.018947,10289,25.325,17337,2,True,True
HDE_305524,-1,37,0,log,True,1,9.2584,3.0867,1.6215,0.28769,0.40736,0.17594,0.050655,0.016604,10049,25.325,17337,2,True,True
HDE_305524,-1,37,0,lin,False,0,52.128,0.17087,0.81179,1e-07,3.6221,0.026329,0.023893,0.070345,11698,25.325,17337,2,True,True
HDE_305524,-1,37,0,lin,True,0,52.128,0.17087,0.81179,1e-07,3.6221,0.026329,0.023893,0.070345,11698,25.325,17337,2,True,True
HDE_305524,-1,63,0,log,False,0,15.177,1.5542,1.4169,0.28326,0.94219,0.13022,0.041487,0.016108,10175,26.531,18358,2,True,True
HDE_305524,-1,63,0,log,True,0,15.177,1.5542,1.4169,0.28326,0.94219,0.13022,0.041487,0.016108,10175,26.531,18358,2,True,True
HDE_305524,-1,63,0,lin,False,0,88.718,0.076344,0.79937,1e-07,9.1641,0.015991,0.02153,0.065454,12928,26.531,18358,2,False,True
HDE_305524,-1,63,0,lin,True,0,88.718,0.076344,0.79937,1e-07,9.1641,0.015991,0.02153,0.065454,12928,26.531,18358,2,False,True
HDE_305524,-1,64,0,log,False,0,19.806,0.84589,1.1176,0.15994,1.9133,0.12813,0.03928,0.024677,9565,26.917,18854,2,True,True
HDE_305524,-1,64,0,log,True,0,19.806,0.84589,1.1176,0.15994,1.9133,0.12813,0.03928,0.024677,9565,26.917,18854,2,True,True
HDE_305524,-1,64,0,lin,False,0,42.424,0.22985,0.83467,1e-07,2.0584,0.024892,0.020141,0.054291,14752,26.917,18854,2,True,True
HDE_305524,-1,64,0,lin,True,0,42.424,0.22985,0.83467,1e-07,2.0584,0.024892,0.020141,0.054291,14752,26.917,18854,2,True,True
HDE_338_931,-1,41,0,log,False,0,41.677,2.4992,1.9758,0.31985,1.6145,0.096507,0.033934,0.014814,15912,26.587,18321,2,True,True
HDE_338_931,-1,41,0,log,True,0,41.677,2.4992,1.9758,0.31985,1.6145,0.096507,0.033934,0.014814,15912,26.587,18321,2,True,True
HDE_338_931,-1,41,0,lin,False,0,77.955,1.2475,1.4846,0.16288,1.0755,0.02909,0.0272,0.10934,14614,26.587,18321,2,True,True
HDE_338_931,-1,41,0,lin,True,0,77.955,1.2475,1.4846,0.16288,1.0755,0.02909,0.0272,0.10934,14614,26.587,18321,2,True,True
HDE_338_931,-1,54,0,log,False,0,54.644,2.1182,1.7577,0.38724,2.4588,0.10417,0.033943,0.025136,14559,26.229,15583,2,True,True
HDE_338_931,-1,54,0,log,True,0,54.644,2.1182,1.7577,0.38724,2.4588,0.10417,0.033943,0.025136,14559,26.229,15583,2,True,True
HDE_338_931,-1,54,0,lin,False,0,80.384,1.4442,1.3917,1e-07,1.1726,0.036283,0.027092,0.14313,14416,26.229,15583,2,True,True
HDE_338_931,-1,54,0,lin,True,0,80.384,1.4442,1.3917,1e-07,1.1726,0.036283,0.027092,0.14313,14416,26.229,15583,2,True,True
HDE_338_931,-1,81,0,log,False,0,53.074,2.4831,2.072,0.55886,2.0199,0.091062,0.03565,0.01743,15489,26.624,16073,2,True,True
HDE_338_931,-1,81,0,log,True,2,36.502,3.424,2.363,0.57818,1.1907,0.10185,0.043062,0.014783,15007,26.624,16073,2,True,True
HDE_338_931,-1,81,0,lin,False,0,101.43,1.2589,1.5459,0.32942,1.6035,0.03302,0.03339,0.16138,11973,26.624,16073,2,True,True
HDE_338_931,-1,81,0,lin,True,0,101.43,1.2589,1.5459,0.32942,1.6035,0.03302,0.03339,0.16138,11973,26.624,16073,2,True,True
HDE_344777,-1,40,0,log,False,0,15.268,0.46436,0.9369,0.14891,2.2528,0.12176,0.042607,0.024613,8111.6,28.201,19606,2,True,True
HDE_344777,-1,40,0,log,True,0,15.268,0.46436,0.9369,0.14891,2.2528,0.12176,0.042607,0.024613,8111.6,28.201,19606,2,True,True
HDE_344777,-1,40,0,lin,False,0,90.036,0.02,0.69527,1.0031e-07,20.322,0.0090196,0.020348,0.042301,14229,28.201,19606,2,False,True
HDE_344777,-1,40,0,lin,True,0,90.036,0.02,0.69527,1.0031e-07,20.322,0.0090196,0.020348,0.042301,14229,28.201,19606,2,False,True
HDE_344777,-1,41,0,log,False,0,12.756,0.56913,0.93909,0.091081,1.7134,0.13832,0.043205,0.023854,8256.3,26.589,18322,2,True,True
HDE_344777,-1,41,0,log,True,0,12.756,0.56913,0.93909,0.091081,1.7134,0.13832,0.043205,0.023854,8256.3,26.589,18322,2,True,True
HDE_344777,-1,41,0,lin,False,0,10.284,1.1464,1.2492,0.33685,0.18138,0.037046,0.025855,0.018855,13776,26.589,18322,2,True,True
HDE_344777,-1,41,0,lin,True,0,10.284,1.1464,1.2492,0.33685,0.18138,0.037046,0.025855,0.018855,13776,26.589,18322,2,True,True
HDE_344777,-1,54,0,log,False,0,6.5253,1.7431,1.276,0.33754,0.44729,0.18599,0.055092,0.017031,6987,26.229,15582,2,True,True
HDE_344777,-1,54,0,log,True,0,6.5253,1.7431,1.276,0.33754,0.44729,0.18599,0.055092,0.017031,6987,26.229,15582,2,True,True
HDE_344777,-1,54,0,lin,False,0,6.8515,2.064,1.4329,0.46219,0.11215,0.055202,0.034989,0.019075,11702,26.229,15582,2,True,True
HDE_344777,-1,54,0,lin,True,0,6.8515,2.064,1.4329,0.46219,0.11215,0.055202,0.034989,0.019075,11702,26.229,15582,2,True,True
HDE_344777,-1,81,0,log,False,0,98.593,0.020001,0.75448,0.073135,98.873,0.031716,0.038558,0.032109,7823.2,26.624,16866,2,False,True
HDE_344777,-1,81,0,log,True,0,98.593,0.020001,0.75448,0.073135,98.873,0.031716,0.038558,0.032109,7823.2,26.624,16866,2,False,True
HDE_344777,-1,81,0,lin,False,0,91.051,0.031873,0.79658,0.18556,14.359,0.0090133,0.018192,0.030792,15030,26.624,16866,2,False,True
HDE_344777,-1,81,0,lin,True,0,91.051,0.031873,0.79658,0.18556,14.359,0.0090133,0.018192,0.030792,15030,26.624,16866,2,False,True
HDE_344783,-1,40,0,log,False,0,119.13,0.049672,1.2216,0.32717,88.773,0.035234,0.0358,0.0062074,6379.4,28.201,19610,2,False,True
HDE_344783,-1,40,0,log,True,2,62.684,0.098068,1.2809,0.33081,24.253,0.037622,0.036681,0.005703,6499.8,28.201,19610,2,False,True
HDE_344783,-1,40,0,lin,False,0,511.45,0.02,1.3516,0.48809,148.95,0.0050632,0.016259,0.0093976,22841,28.201,19610,2,False,True
HDE_344783,-1,40,0,lin,True,2,510.04,0.02,1.35,0.47687,145.9,0.0049808,0.015989,0.0092717,23140,28.201,19610,2,False,True
HDE_344783,-1,41,0,log,False,0,71.416,0.051865,1.1124,0.23001,47.418,0.036815,0.035337,0.0063752,6581.2,26.589,18322,2,False,True
HDE_344783,-1,41,0,log,True,1,41.37,0.099222,1.1659,0.23555,15.686,0.041581,0.036201,0.0058756,6624.4,26.589,18322,2,False,True
HDE_344783,-1,41,0,lin,False,0,425.01,0.02,1.3798,0.41815,179.36,0.0071541,0.023122,0.010053,16290,26.589,18322,2,False,True
HDE_344783,-1,41,0,lin,True,1,423.52,0.02,1.3779,0.41112,176.92,0.0070939,0.02292,0.0099992,16407,26.589,18322,2,False,True
HDE_344783,-1,54,0,log,False,0,13.327,0.085172,0.94596,0.30177,6.8852,0.064248,0.059657,0.0092018,3118.7,26.229,15580,2,False,True
HDE_344783,-1,54,0,log,True,2,7.3666,0.23653,1.1143,0.31756,1.8038,0.083081,0.062469,0.0068867,3113.8,26.229,15580,2,True,True
HDE_344783,-1,54,0,lin,False,0,5.737,0.48335,1.4154,0.421,0.15699,0.022233,0.035087,0.0058053,9211.8,26.229,15580,2,True,True
HDE_344783,-1,54,0,lin,True,1,5.7392,0.48524,1.4141,0.41423,0.15398,0.021904,0.034408,0.0057235,9447.1,26.229,15580,2,True,True
HD_101190,-1,37,0,log,False,0,41.258,3.8102,1.8846,0.49652,1.4546,0.1515,0.043641,0.042515,13450,25.321,17309,2,True,True
HD_101190,-1,37,0,log,True,0,41.258,3.8102,1.8846,0.49652,1.4546,0.1515,0.043641,0.042515,13450,25.321,17309,2,True,True
HD_101190,-1,37,0,lin,False,0,101.79,0.98806,1.0654,1e-07,2.4779,0.047779,0.02693,0.25169,12384,25.321,17309,2,True,True
HD_101190,-1,37,0,lin,True,0,101.79,0.98806,1.0654,1e-07,2.4779,0.047779,0.02693,0.25169,12384,25.321,17309,2,True,True
HD_101190,-1,38,0,log,False,0,51.362,3.1115,1.6758,0.24982,2.0258,0.14862,0.038516,0.051651,14346,26.695,18463,2,True,True
HD_101190,-1,38,0,log,True,0,51.362,3.1115,1.6758,0.24982,2.0258,0.14862,0.038516,0.051651,14346,26.695,18463,2,True,True
HD_101190,-1,38,0,lin,False,0,193.17,0.32704,0.90525,1e-07,8.0456,0.029433,0.022645,0.28308,13287,26.695,18463,2,True,True
HD_101190,-1,38,0,lin,True,0,193.17,0.32704,0.90525,1e-07,8.0456,0.029433,0.022645,0.28308,13287,26.695,18463,2,True,True
HD_101190,-1,64,0,log,False,0,42.34,3.4895,1.7409,0.29829,1.5258,0.14966,0.039438,0.044888,14695,26.917,18853,2,True,True
HD_101190,-1,64,0,log,True,1,36.991,4.0673,1.8553,0.37013,1.2258,0.15479,0.042334,0.04199,14556,26.917,18853,2,True,True
HD_101190,-1,64,0,lin,False,0,130.06,0.58161,0.9744,1e-07,4.2204,0.03987,0.025568,0.2636,12329,26.917,18853,2,True,True
HD_101190,-1,64,0,lin,True,0,130.06,0.58161,0.9744,1e-07,4.2204,0.03987,0.025568,0.2636,12329,26.917,18853,2,True,True
HD_101190,-1,99,0,log,False,0,47.52,4.1396,2.1513,1.3117,1.4503,0.13162,0.04755,0.042985,13922,27.664,14075,2.0002,True,True
HD_101190,-1,99,0,log,True,2,47.748,4.0106,2.0233,0.93507,1.5245,0.13823,0.044591,0.044777,14313,27.664,14075,2.0002,True,True
HD_101190,-1,99,0,lin,False,0,242.52,0.23528,0.84034,1e-07,12.273,0.026485,0.021399,0.3287,14272,27.664,14075,2.0002,True,True
HD_101190,-1,99,0,lin,True,0,242.52,0.23528,0.84034,1e-07,12.273,0.026485,0.021399,0.3287,14272,27.664,14075,2.0002,True,True
HD_101223,-1,37,0,log,False,0,47.165,0.16429,0.86966,1.0301e-07,12.411,0.071327,0.035639,0.034052,9110.5,25.321,17336,2,True,True
HD_101223,-1,37,0,log,True,0,47.165,0.16429,0.86966,1.0301e-07,12.411,0.071327,0.035639,0.034052,9110.5,25.321,17336,2,True,True
HD_101223,-1,37,0,lin,False,0,73.642,0.098193,0.83171,1e-07,5.7291,0.015416,0.019365,0.051226,14057,25.321,17336,2,False,True
HD_101223,-1,37,0,lin,True,0,73.642,0.098193,0.83171,1e-07,5.7291,0.015416,0.019365,0.051226,14057,25.321,17336,2,False,True
HD_101223,-1,38,0,log,False,0,62.545,0.10007,0.83731,0.066156,21.871,0.057098,0.035525,0.037039,8971.3,26.695,18492,2,False,True
HD_101223,-1,38,0,log,True,0,62.545,0.10007,0.83731,0.066156,21.871,0.057098,0.035525,0.037039,8971.3,26.695,18492,2,False,True
HD_101223,-1,38,0,lin,False,0,109.71,0.043642,0.77173,1e-07,12.658,0.0098049,0.016612,0.047817,16784,26.695,18492,2,False,True
HD_101223,-1,38,0,lin,True,0,109.71,0.043642,0.77173,1e-07,12.658,0.0098049,0.016612,0.047817,16784,26.695,18492,2,False,True
HD_101223,-1,64,0,log,False,0,16.7,0.67391,0.91558,1.0025e-07,2.1073,0.15975,0.043351,0.03764,8925.2,26.917,18853,2,True,True
HD_101223,-1,64,0,log,True,0,16.7,0.67391,0.91558,1.0025e-07,2.1073,0.15975,0.043351,0.03764,8925.2,26.917,18853,2,True,True
HD_101223,-1,64,0,lin,False,0,40.881,0.15778,0.77746,1e-07,3.0332,0.026748,0.023685,0.058787,12158,26.917,18853,2,True,True
HD_101223,-1,64,0,lin,True,0,40.881,0.15778,0.77746,1e-07,3.0332,0.026748,0.023685,0.058787,12158,26.917,18853,2,True,True
HD_101223,-1,99,0,log,False,0,49.484,0.27039,0.97124,0.25163,8.8743,0.075865,0.034572,0.034686,9470.8,27.664,14072,2.0002,True,True
HD_101223,-1,99,0,log,True,0,49.484,0.27039,0.97124,0.25163,8.8743,0.075865,0.034572,0.034686,9470.8,27.664,14072,2.0002,True,True
HD_101223,-1,99,0,lin,False,0,284.22,0.02,0.80219,0.10525,62.878,0.0073758,0.01817,0.065966,15218,27.664,14072,2.0002,False,True
HD_101223,-1,99,0,lin,True,0,284.22,0.02,0.80219,0.10525,62.878,0.0073758,0.01817,0.065966,15218,27.664,14072,2.0002,False,True
HD_102415,-1,100,0,log,False,0,3.8662,7.0829,2.1494,0.28695,0.12428,0.24401,0.084496,0.015156,8170.9,25.778,17273,2.0002,True,True
HD_102415,-1,100,0,log,True,4,3.6744,6.8114,2.1876,0.3073,0.11524,0.22862,0.083152,0.013111,8301.1,25.778,17273,2.0002,True,True
HD_102415,-1,100,0,lin,False,0,8.3205,2.7898,1.0243,1e-07,0.29504,0.15673,0.050773,0.084539,7123.4,25.778,17273,2.0002,True,True
HD_102415,-1,100,0,lin,True,3,8.4135,2.6233,1.0521,1e-07,0.2473,0.12518,0.04309,0.065916,8716.7,25.778,17273,2.0002,True,True
HD_102415,-1,64,0,log,False,0,3.5282,7.4167,1.9723,0.19857,0.11021,0.25488,0.076928,0.01641,9173.5,26.917,18853,2,True,True
HD_102415,-1,64,0,log,True,5,3.4856,6.868,1.9436,0.21441,0.1107,0.24579,0.074424,0.01497,9182,26.917,18853,2,True,True
HD_102415,-1,64,0,lin,False,0,6.5409,3.8153,1.1208,1e-07,0.2211,0.1774,0.057814,0.078535,6744.8,26.917,18853,2,True,True
HD_102415,-1,64,0,lin,True,4,7.0053,3.012,1.0757,1e-07,0.19438,0.12813,0.043136,0.057728,9255.8,26.917,18853,2,True,True
HD_102415,-1,99,0,log,False,0,19.058,0.86645,0.95845,1e-07,2.1216,0.17724,0.044554,0.046057,9001.8,27.664,14076,2.0002,True,True
HD_102415,-1,99,0,log,True,5,22.948,0.58148,0.91831,1.0056e-07,3.0373,0.14149,0.041172,0.042992,9337,27.664,14076,2.0002,True,True
HD_102415,-1,99,0,lin,False,0,258.61,0.02,0.83857,0.44497,74.017,0.0090219,0.022829,0.062243,11637,27.664,14076,2.0002,False,True
HD_102415,-1,99,0,lin,True,3,275.84,0.02,0.86908,0.48578,72.566,0.0079269,0.020493,0.050923,13273,27.664,14076,2.0002,False,True
HD_108,-1,17,0,log,False,0,74.312,1.0425,1.77,1.6553,5.1887,0.076758,0.045457,0.028162,8250.3,23.367,14598,2,True,True
HD_108,-1,17,0,log,True,1,47.1,1.526,1.9317,1.6079,2.7051,0.092134,0.05344,0.025599,7942,23.367,14598,2,True,True
HD_108,-1,17,0,lin,False,0,352.41,0.16203,1.2214,1.6688,16.313,0.011627,0.023319,0.13698,12449,23.367,14598,2,True,True
HD_108,-1,17,0,lin,True,0,352.41,0.16203,1.2214,1.6688,16.313,0.011627,0.023319,0.13698,12449,23.367,14598,2,True,True
HD_108,-1,18,0,log,False,0,77.383,1.0756,1.7351,1.3567,5.2642,0.077404,0.041397,0.027217,9266.8,23.721,15271,2,True,True
HD_108,-1,18,0,log,True,0,77.383,1.0756,1.7351,1.3567,5.2642,0.077404,0.041397,0.027217,9266.8,23.721,15271,2,True,True
HD_108,-1,18,0,lin,False,0,315.28,0.16045,1.0831,0.62769,13.899,0.012097,0.018971,0.13884,14528,23.721,15271,2,True,True
HD_108,-1,18,0,lin,True,0,315.28,0.16045,1.0831,0.62769,13.899,0.012097,0.018971,0.13884,14528,23.721,15271,2,True,True
HD_108,-1,84,0,log,False,0,68.879,1.0884,1.6785,0.79615,4.478,0.075279,0.03527,0.020913,11418,25.75,16693,2,True,True
HD_108,-1,84,0,log,True,0,68.879,1.0884,1.6785,0.79615,4.478,0.075279,0.03527,0.020913,11418,25.75,16693,2,True,True
HD_108,-1,84,0,lin,False,0,167.2,0.32116,1.103,1.0001e-07,4.8245,0.017393,0.019854,0.12671,14946,25.75,16693,2,True,True
HD_108,-1,84,0,lin,True,0,167.2,0.32116,1.103,1.0001e-07,4.8245,0.017393,0.019854,0.12671,14946,25.75,16693,2,True,True
HD_108,-1,85,0,log,False,0,68.181,1.1873,1.5692,0.87105,4.3503,0.087664,0.035616,0.030259,11297,25.489,12572,2,True,True
HD_108,-1,85,0,log,True,0,68.181,1.1873,1.5692,0.87105,4.3503,0.087664,0.035616,0.030259,11297,25.489,12572,2,True,True
HD_108,-1,85,0,lin,False,0,147.71,0.36388,1.0327,1e-07,3.7864,0.01855,0.017281,0.12649,17076,25.489,12572,2,True,True
HD_108,-1,85,0,lin,True,0,147.71,0.36388,1.0327,1e-07,3.7864,0.01855,0.017281,0.12649,17076,25.489,12572,2,True,True
HD_110360,-1,11,0,log,False,0,23.404,0.20345,1.0231,0.29049,5.8213,0.073341,0.043868,0.014793,5710.7,23.623,13299,2,True,True
HD_110360,-1,11,0,log,True,2,94.238,0.02,0.857,0.25482,122.82,0.035256,0.04369,0.018927,5264.4,23.623,13299,2,False,True
HD_110360,-1,11,0,lin,False,0,49.255,0.068487,0.83558,0.16808,6.5396,0.017305,0.026086,0.035098,9467.8,23.623,13299,2,False,True
HD_110360,-1,11,0,lin,True,2,48.725,0.080494,0.98906,0.39653,4.529,0.012235,0.021998,0.018621,11845,23.623,13299,2,False,True
HD_110360,-1,37,0,log,False,0,7.8586,0.75892,1.238,0.28351,0.86371,0.12222,0.052605,0.010105,5563.2,24.52,15991,2,True,True
HD_110360,-1,37,0,log,True,3,12.402,0.31554,1.0683,0.2725,2.3939,0.091167,0.049034,0.01145,5124.6,24.52,15991,2,True,True
HD_110360,-1,37,0,lin,False,0,11.558,0.48271,0.97847,0.21183,0.51285,0.044933,0.032222,0.02577,8335.9,24.52,15991,2,True,True
HD_110360,-1,37,0,lin,True,2,10.916,0.50391,1.1695,0.35465,0.30381,0.026455,0.026469,0.01332,11196,24.52,15991,2,True,True
HD_110360,-1,38,0,log,False,0,54.327,0.02,0.76277,0.17061,63.899,0.037054,0.048043,0.022466,5330.6,26.696,18493,2,False,True
HD_110360,-1,38,0,log,True,3,42.488,0.02,0.73064,0.17649,50.388,0.03969,0.053099,0.024659,4748.3,26.696,18493,2,False,True
HD_110360,-1,38,0,lin,False,0,29.156,0.14416,1.08,0.41039,2.2539,0.018721,0.030636,0.019123,8562,26.696,18493,2,False,True
HD_110360,-1,38,0,lin,True,2,23.483,0.21391,1.2771,0.48211,1.1447,0.016528,0.032205,0.014298,9173.2,26.696,18493,2,True,True
HD_110360,-1,64,0,log,False,0,11.708,0.27056,0.95391,0.21665,2.4699,0.09437,0.046985,0.013743,5847.8,26.917,18854,2,True,True
HD_110360,-1,64,0,log,True,4,12.404,0.1478,0.84305,0.20687,4.1188,0.086783,0.052009,0.016579,4952.4,26.917,18854,2,False,True
HD_110360,-1,64,0,lin,False,0,36.984,0.062179,0.84633,0.2142,6.2637,0.019462,0.031177,0.028038,7742.4,26.917,18854,2,False,True
HD_110360,-1,64,0,lin,True,2,24.044,0.14892,1.0646,0.35745,1.6633,0.017631,0.027641,0.01525,9789.9,26.917,18854,2,False,True
HD_112244,-1,11,0,log,False,0,4528.6,0.83601,2.0718,30.1,291.11,0.044032,0.033177,0.37983,12737,24.579,14612,2,True,True
HD_112244,-1,11,0,log,True,0,4528.6,0.83601,2.0718,30.1,291.11,0.044032,0.033177,0.37983,12737,24.579,14612,2,True,True
HD_112244,-1,11,0,lin,False,0,6736.6,0.53891,1.453,1e-07,106.2,0.014218,0.022284,4.443,15689,24.579,14612,2,True,True
HD_112244,-1,11,0,lin,True,5,6736.4,0.53889,1.4529,1e-07,106.19,0.014217,0.022281,4.4425,15692,24.579,14612,2,True,True
HD_112244,-1,37,0,log,False,0,4859,0.94876,2.4707,6.4966,269.06,0.033673,0.025202,0.088646,18192,24.52,15986,2,True,True
HD_112244,-1,37,0,log,True,0,4859,0.94876,2.4707,6.4966,269.06,0.033673,0.025202,0.088646,18192,24.52,15986,2,True,True
HD_112244,-1,37,0,lin,False,0,7069.2,0.67869,1.952,1.0001e-07,67.341,0.0093974,0.025925,3.651,18251,24.52,15986,2,True,True
HD_112244,-1,37,0,lin,True,27,7068.7,0.67875,1.9521,1.0227e-07,67.33,0.0093969,0.025926,3.6508,18253,24.52,15986,2,True,True
HD_112244,-1,38,0,log,False,0,2830.1,1.1582,2.4015,10.716,144.63,0.042456,0.030741,0.13758,16578,26.694,18439,2,True,True
HD_112244,-1,38,0,log,True,0,2830.1,1.1582,2.4015,10.716,144.63,0.042456,0.030741,0.13758,16578,26.694,18439,2,True,True
HD_112244,-1,38,0,lin,False,0,6555.3,0.47741,1.6064,3.4988e-06,105.19,0.011965,0.025961,3.7461,15240,26.694,18439,2,True,True
HD_112244,-1,38,0,lin,True,2,6555.2,0.47742,1.6065,2.7671e-06,105.19,0.011965,0.025961,3.746,15240,26.694,18439,2,True,True
HD_112244,-1,64,0,log,False,0,3948.6,0.77093,1.8594,12.251,259.7,0.043275,0.024665,0.2646,16271,26.916,18800,2,True,True
HD_112244,-1,64,0,log,True,0,3948.6,0.77093,1.8594,12.251,259.7,0.043275,0.024665,0.2646,16271,26.916,18800,2,True,True
HD_112244,-1,64,0,lin,False,0,8171.3,0.29592,1.2447,1e-07,220.13,0.013625,0.021182,4.5708,15198,26.916,18800,2,True,True
HD_112244,-1,64,0,lin,True,0,8171.3,0.29592,1.2447,1e-07,220.13,0.013625,0.021182,4.5708,15198,26.916,18800,2,True,True
HD_117490,-1,100,0,log,False,0,5.5741,5.9957,2.3762,0.3609,0.1645,0.18074,0.073248,0.011088,9962,26.473,18313,2.0002,True,True
HD_117490,-1,100,0,log,True,3,5.9187,5.2845,2.2478,0.35845,0.18037,0.1703,0.066416,0.010594,10356,26.473,18313,2.0002,True,True
HD_117490,-1,100,0,lin,False,0,8.9179,4.3756,1.4036,1.0025e-07,0.19659,0.12685,0.053012,0.069023,8537,26.473,18313,2.0002,True,True
HD_117490,-1,100,0,lin,True,3,8.5566,4.2596,1.6015,0.16147,0.14308,0.094801,0.048629,0.045197,10266,26.473,18313,2.0002,True,True
HD_117490,-1,101,0,log,False,0,6.0015,6.1848,2.3232,0.28056,0.17381,0.18364,0.067637,0.011393,10625,24.674,16443,2.0002,True,True
HD_117490,-1,101,0,log,True,3,6.1704,5.6052,2.3004,0.29595,0.18302,0.17157,0.06489,0.01024,10721,24.674,16443,2.0002,True,True
HD_117490,-1,101,0,lin,False,0,8.4949,5.1817,1.5732,1.0003e-07,0.16261,0.12173,0.055348,0.062204,8963.1,24.674,16443,2.0002,True,True
HD_117490,-1,101,0,lin,True,3,8.3909,4.7923,1.7008,0.11111,0.12903,0.09363,0.049598,0.043887,10575,24.674,16443,2.0002,True,True
HD_117490,-1,65,0,log,False,0,5.853,5.272,1.9931,0.30769,0.1932,0.1987,0.064517,0.014138,10171,27.889,19504,2,True,True
HD_117490,-1,65,0,log,True,6,5.9203,4.6972,1.9938,0.32435,0.20576,0.18675,0.063712,0.012388,9871,27.889,19504,2,True,True
HD_117490,-1,65,0,lin,False,0,98.752,0.02,0.63361,1.0001e-07,33.226,0.015121,0.032188,0.1054,8849.1,27.889,19504,2,False,True
HD_117490,-1,65,0,lin,True,6,103.82,0.02,0.65631,1.0052e-07,29.538,0.01223,0.026619,0.080054,10997,27.889,19504,2,False,True
HD_117490,-1,99,0,log,False,0,8.5047,4.8108,1.8408,0.2023,0.28959,0.19449,0.053786,0.017351,11882,27.664,14077,2.0002,True,True
HD_117490,-1,99,0,log,True,3,8.9289,4.2438,1.8064,0.21852,0.31048,0.17712,0.049977,0.015433,12295,27.664,14077,2.0002,True,True
HD_117490,-1,99,0,lin,False,0,12.533,3.4811,1.338,1e-07,0.25972,0.10416,0.044976,0.076265,9836,27.664,14077,2.0002,True,True
HD_117490,-1,99,0,lin,True,3,12.647,3.2783,1.3932,1e-07,0.21877,0.083446,0.039358,0.059125,11569,27.664,14077,2.0002,True,True
HD_123056,-1,11,0,log,False,0,29.802,2.2693,1.6972,0.55328,1.4537,0.13116,0.043602,0.025693,10923,24.961,15208,2,True,True
HD_123056,-1,11,0,log,True,4,18.32,3.4388,1.8649,0.54599,0.73424,0.15981,0.052262,0.023898,10469,24.961,15208,2,True,True
HD_123056,-1,11,0,lin,False,0,40.099,2.1717,1.7539,0.7057,0.71789,0.058965,0.052832,0.11423,8171.4,24.961,15208,2,True,True
HD_123056,-1,11,0,lin,True,0,40.099,2.1717,1.7539,0.7057,0.71789,0.058965,0.052832,0.11423,8171.4,24.961,15208,2,True,True
HD_135591,-1,12,0,log,False,0,263.2,2.4336,1.529,1.3429,12.521,0.14876,0.038517,0.27853,13356,27.936,18658,2,True,True
HD_135591,-1,12,0,log,True,0,263.2,2.4336,1.529,1.3429,12.521,0.14876,0.038517,0.27853,13356,27.936,18658,2,True,True
HD_135591,-1,12,0,lin,False,0,932.26,0.31172,0.92356,1e-07,34.439,0.024431,0.020004,1.108,15309,27.936,18658,2,True,True
HD_135591,-1,12,0,lin,True,0,932.26,0.31172,0.92356,1e-07,34.439,0.024431,0.020004,1.108,15309,27.936,18658,2,True,True
HD_135591,-1,38,0,log,False,0,241.71,3.1082,1.7163,1.434,9.5069,0.1449,0.03879,0.22536,14277,26.696,18491,2,True,True
HD_135591,-1,38,0,log,True,0,241.71,3.1082,1.7163,1.434,9.5069,0.1449,0.03879,0.22536,14277,26.696,18491,2,True,True
HD_135591,-1,38,0,lin,False,0,430.77,1.456,1.2174,1e-07,7.6356,0.046768,0.027046,1.0338,13858,26.696,18491,2,True,True
HD_135591,-1,38,0,lin,True,0,430.77,1.456,1.2174,1e-07,7.6356,0.046768,0.027046,1.0338,13858,26.696,18491,2,True,True
HD_135591,-1,39,0,log,False,0,256.33,2.4936,1.5014,0.40481,11.312,0.1434,0.035191,0.26367,14903,27.944,19315,2,True,True
HD_135591,-1,39,0,log,True,0,256.33,2.4936,1.5014,0.40481,11.312,0.1434,0.035191,0.26367,14903,27.944,19315,2,True,True
HD_135591,-1,39,0,lin,False,0,910.7,0.25998,0.86468,1e-07,44.492,0.027873,0.022399,1.2775,13638,27.944,19315,2,True,True
HD_135591,-1,39,0,lin,True,0,910.7,0.25998,0.86468,1e-07,44.492,0.027873,0.022399,1.2775,13638,27.944,19315,2,True,True
HD_135591,-1,65,0,log,False,0,240.9,3.0151,1.6224,1.0091e-07,9.317,0.14356,0.035015,0.22625,16009,27.888,19501,2,True,True
HD_135591,-1,65,0,log,True,0,240.9,3.0151,1.6224,1.0091e-07,9.317,0.14356,0.035015,0.22625,16009,27.888,19501,2,True,True
HD_135591,-1,65,0,lin,False,0,1176.2,0.23345,0.92206,1e-07,45.436,0.018611,0.017753,1.0187,16953,27.888,19501,2,True,True
HD_135591,-1,65,0,lin,True,0,1176.2,0.23345,0.92206,1e-07,45.436,0.018611,0.017753,1.0187,16953,27.888,19501,2,True,True
HD_14434,-1,18,0,log,False,0,23.638,5.5832,2.664,0.90904,0.6742,0.14587,0.065994,0.023803,11339,23.406,14733,2,True,True
HD_14434,-1,18,0,log,True,1,19.687,6.4947,2.9844,0.89842,0.50663,0.14357,0.074281,0.020363,11424,23.406,14733,2,True,True
HD_14434,-1,18,0,lin,False,0,40.479,3.3473,1.5438,1e-07,0.63237,0.075569,0.041423,0.16289,10864,23.406,14733,2,True,True
HD_14434,-1,18,0,lin,True,0,40.479,3.3473,1.5438,1e-07,0.63237,0.075569,0.041423,0.16289,10864,23.406,14733,2,True,True
HD_14633,-1,18,0,log,False,0,59.379,1.166,1.2227,0.4449,4.7449,0.13796,0.039678,0.07116,9666.7,23.814,14830,2,True,True
HD_14633,-1,18,0,log,True,0,59.379,1.166,1.2227,0.4449,4.7449,0.13796,0.039678,0.07116,9666.7,23.814,14830,2,True,True
HD_14633,-1,18,0,lin,False,0,70.512,1.2604,1.2917,0.66954,1.339,0.042959,0.030209,0.14986,11360,23.814,14830,2,True,True
HD_14633,-1,18,0,lin,True,0,70.512,1.2604,1.2917,0.66954,1.339,0.042959,0.030209,0.14986,11360,23.814,14830,2,True,True
HD_149038,-1,103,0,log,False,0,4491.5,0.93818,1.9499,26.684,292.69,0.053076,0.032024,0.48585,12867,24.754,16033,2.0002,True,True
HD_149038,-1,103,0,log,True,0,4491.5,0.93818,1.9499,26.684,292.69,0.053076,0.032024,0.48585,12867,24.754,16033,2.0002,True,True
HD_149038,-1,103,0,lin,False,0,10082,0.33484,1.2906,1e-07,215.1,0.012144,0.019182,5.1676,16446,24.754,16033,2.0002,True,True
HD_149038,-1,103,0,lin,True,0,10082,0.33484,1.2906,1e-07,215.1,0.012144,0.019182,5.1676,16446,24.754,16033,2.0002,True,True
HD_149038,-1,39,0,log,False,0,6999.5,0.6774,1.8666,31.178,528.78,0.043728,0.02886,0.53337,13822,27.928,18370,2,True,True
HD_149038,-1,39,0,log,True,0,6999.5,0.6774,1.8666,31.178,528.78,0.043728,0.02886,0.53337,13822,27.928,18370,2,True,True
HD_149038,-1,39,0,lin,False,0,10596,0.44413,1.441,1e-07,185.06,0.012784,0.022202,6.1177,16503,27.928,18370,2,True,True
HD_149038,-1,39,0,lin,True,8,10585,0.44482,1.442,1e-07,184.59,0.012781,0.022214,6.113,16507,27.928,18370,2,True,True
HD_149038,-1,66,0,log,False,0,2989.8,1.4078,2.1495,19.765,150.69,0.059522,0.033107,0.36057,14342,24.751,15646,2,True,True
HD_149038,-1,66,0,log,True,0,2989.8,1.4078,2.1495,19.765,150.69,0.059522,0.033107,0.36057,14342,24.751,15646,2,True,True
HD_149038,-1,66,0,lin,False,0,5252.5,0.82284,1.553,1.0077e-07,93.607,0.024283,0.033399,6.1436,11079,24.751,15646,2,True,True
HD_149038,-1,66,0,lin,True,0,5252.5,0.82284,1.553,1.0077e-07,93.607,0.024283,0.033399,6.1436,11079,24.751,15646,2,True,True
HD_149038,-1,93,0,log,False,0,3062.2,1.3246,2.1097,18.279,154.55,0.056254,0.031015,0.33628,14954,24.919,16297,2,True,True
HD_149038,-1,93,0,log,True,0,3062.2,1.3246,2.1097,18.279,154.55,0.056254,0.031015,0.33628,14954,24.919,16297,2,True,True
HD_149038,-1,93,0,lin,False,0,3136.8,1.6556,2.8285,37.091,25.783,0.016901,0.053275,3.1833,15166,24.919,16297,2,True,True
HD_149038,-1,93,0,lin,True,0,3136.8,1.6556,2.8285,37.091,25.783,0.016901,0.053275,3.1833,15166,24.919,16297,2,True,True
HD_150574,-1,12,0,log,False,0,59.895,2.4764,2.1311,1.2853,2.4279,0.09834,0.044906,0.027262,12052,24.599,14870,2,True,True
HD_150574,-1,12,0,log,True,0,59.895,2.4764,2.1311,1.2853,2.4279,0.09834,0.044906,0.027262,12052,24.599,14870,2,True,True
HD_150574,-1,12,0,lin,False,0,82.858,1.8526,1.6188,0.7127,0.99081,0.035179,0.030018,0.1413,14435,24.599,14870,2,True,True
HD_150574,-1,12,0,lin,True,0,82.858,1.8526,1.6188,0.7127,0.99081,0.035179,0.030018,0.1413,14435,24.599,14870,2,True,True
HD_151804,-1,12,0,log,False,0,7971.1,0.4186,2.042,53.694,877.02,0.035825,0.043835,0.53157,8146.9,24.6,14742,2,True,True
HD_151804,-1,12,0,log,True,0,7971.1,0.4186,2.042,53.694,877.02,0.035825,0.043835,0.53157,8146.9,24.6,14742,2,True,True
HD_151804,-1,12,0,lin,False,0,5843.8,0.76415,3.4845,78.409,41.793,0.0059111,0.062414,3.2212,16966,24.6,14742,2,True,True
HD_151804,-1,12,0,lin,True,1,5842,0.76465,3.4851,77.62,41.704,0.0059041,0.062327,3.2161,16993,24.6,14742,2,True,True
HD_151804,-1,39,0,log,False,0,4384.1,0.6936,2.46,28.659,288.2,0.032201,0.041389,0.22912,12393,27.928,18467,2,True,True
HD_151804,-1,39,0,log,True,0,4384.1,0.6936,2.46,28.659,288.2,0.032201,0.041389,0.22912,12393,27.928,18467,2,True,True
HD_151804,-1,39,0,lin,False,0,4362.3,0.93552,3.816,42.109,37.011,0.0083227,0.090073,3.4155,14239,27.928,18467,2,True,True
HD_151804,-1,39,0,lin,True,0,4362.3,0.93552,3.816,42.109,37.011,0.0083227,0.090073,3.4155,14239,27.928,18467,2,True,True
HD_151804,-1,66,0,log,False,0,10014,0.34921,1.7919,13.454,1142.8,0.030712,0.023318,0.25148,14145,24.853,15278,2,True,True
HD_151804,-1,66,0,log,True,0,10014,0.34921,1.7919,13.454,1142.8,0.030712,0.023318,0.25148,14145,24.853,15278,2,True,True
HD_151804,-1,66,0,lin,False,0,5539.8,0.96436,3.6377,35.237,40.114,0.0075152,0.070649,3.7126,16185,24.853,15278,2,True,True
HD_151804,-1,66,0,lin,True,2,5515.6,0.96749,3.7135,35.37,39.594,0.007399,0.072781,3.7014,16197,24.853,15278,2,True,True
HD_151804,-1,93,0,log,False,0,5478,0.49722,1.9376,20.592,531.66,0.038131,0.032491,0.28545,11192,24.922,16374,2,True,True
HD_151804,-1,93,0,log,True,0,5478,0.49722,1.9376,20.592,531.66,0.038131,0.032491,0.28545,11192,24.922,16374,2,True,True
HD_151804,-1,93,0,lin,False,0,3863.9,0.96619,3.0542,35.377,28.002,0.0082379,0.050993,2.4241,17360,24.922,16374,2,True,True
HD_151804,-1,93,0,lin,True,0,3863.9,0.96619,3.0542,35.377,28.002,0.0082379,0.050993,2.4241,17360,24.922,16374,2,True,True
HD_152003,-1,12,0,log,False,0,1637.9,0.61473,1.7042,8.9999,139.69,0.048926,0.030096,0.18471,11764,24.599,14871,2,True,True
HD_152003,-1,12,0,log,True,0,1637.9,0.61473,1.7042,8.9999,139.69,0.048926,0.030096,0.18471,11764,24.599,14871,2,True,True
HD_152003,-1,12,0,lin,False,0,2825.4,0.30382,1.2296,1e-07,69.265,0.012889,0.019224,1.5102,15842,24.599,14871,2,True,True
HD_152003,-1,12,0,lin,True,0,2825.4,0.30382,1.2296,1e-07,69.265,0.012889,0.019224,1.5102,15842,24.599,14871,2,True,True
HD_152147,-1,103,0,log,False,0,656.36,1.1361,2.1522,9.1869,36.373,0.054684,0.040954,0.10723,11308,24.754,16033,2.0002,True,True
HD_152147,-1,103,0,log,True,1,433.41,1.6728,2.4098,5.8414,18.046,0.057059,0.039766,0.066809,13865,24.754,16033,2.0002,True,True
HD_152147,-1,103,0,lin,False,0,13292,0.033345,1.1106,1.8451,2430.8,0.0073694,0.020317,1.3369,14218,24.754,16033,2.0002,False,True
HD_152147,-1,103,0,lin,True,0,13292,0.033345,1.1106,1.8451,2430.8,0.0073694,0.020317,1.3369,14218,24.754,16033,2.0002,False,True
HD_152147,-1,12,0,log,False,0,974.42,0.98447,2.2791,7.1128,58.625,0.045935,0.038147,0.081919,12230,24.599,14844,2,True,True
HD_152147,-1,12,0,log,True,0,974.42,0.98447,2.2791,7.1128,58.625,0.045935,0.038147,0.081919,12230,24.599,14844,2,True,True
HD_152147,-1,12,0,lin,False,0,1384.1,0.79241,2.2017,9.6693,14.815,0.011695,0.038535,0.9642,14439,24.599,14844,2,True,True
HD_152147,-1,12,0,lin,True,0,1384.1,0.79241,2.2017,9.6693,14.815,0.011695,0.038535,0.9642,14439,24.599,14844,2,True,True
HD_152147,-1,39,0,log,False,0,645.78,1.0916,1.9855,3.9067,35.777,0.052627,0.029697,0.070714,15347,27.928,18780,2,True,True
HD_152147,-1,39,0,log,True,0,645.78,1.0916,1.9855,3.9067,35.777,0.052627,0.029697,0.070714,15347,27.928,18780,2,True,True
HD_152147,-1,39,0,lin,False,0,1233,0.48429,1.3011,1e-07,24.464,0.016962,0.021966,0.94351,15661,27.928,18780,2,True,True
HD_152147,-1,39,0,lin,True,0,1233,0.48429,1.3011,1e-07,24.464,0.016962,0.021966,0.94351,15661,27.928,18780,2,True,True
HD_152247,-1,12,0,log,False,0,181.64,1.928,1.9865,3.2068,8.5108,0.09035,0.041626,0.070579,11716,24.6,14863,2,True,True
HD_152247,-1,12,0,log,True,0,181.64,1.928,1.9865,3.2068,8.5108,0.09035,0.041626,0.070579,11716,24.6,14863,2,True,True
HD_152247,-1,12,0,lin,False,0,384.78,0.73649,1.2105,1e-07,8.1848,0.029438,0.02523,0.54195,12685,24.6,14863,2,True,True
HD_152247,-1,12,0,lin,True,0,384.78,0.73649,1.2105,1e-07,8.1848,0.029438,0.02523,0.54195,12685,24.6,14863,2,True,True
HD_152247,-1,39,0,log,False,0,185.63,1.7846,1.8756,2.4435,8.5687,0.084514,0.035534,0.064249,14000,27.928,18709,2,True,True
HD_152247,-1,39,0,log,True,0,185.63,1.7846,1.8756,2.4435,8.5687,0.084514,0.035534,0.064249,14000,27.928,18709,2,True,True
HD_152247,-1,39,0,lin,False,0,339.41,0.8709,1.3073,0.056363,5.2351,0.024287,0.022015,0.39438,16431,27.928,18709,2,True,True
HD_152247,-1,39,0,lin,True,0,339.41,0.8709,1.3073,0.056363,5.2351,0.024287,0.022015,0.39438,16431,27.928,18709,2,True,True
HD_152247,-1,66,0,log,False,0,148.61,2.4696,2.0214,0.86724,5.7486,0.091862,0.032593,0.043167,16005,24.853,15305,2,True,True
HD_152247,-1,66,0,log,True,0,148.61,2.4696,2.0214,0.86724,5.7486,0.091862,0.032593,0.043167,16005,24.853,15305,2,True,True
HD_152247,-1,66,0,lin,False,0,319.66,0.8319,1.2052,1e-07,6.1776,0.030288,0.023896,0.46942,13996,24.853,15305,2,True,True
HD_152247,-1,66,0,lin,True,0,319.66,0.8319,1.2052,1e-07,6.1776,0.030288,0.023896,0.46942,13996,24.853,15305,2,True,True
HD_152247,-1,93,0,log,False,0,187.34,1.792,1.889,0.88982,8.7271,0.081039,0.030371,0.042992,15431,24.921,16400,2,True,True
HD_152247,-1,93,0,log,True,0,187.34,1.792,1.889,0.88982,8.7271,0.081039,0.030371,0.042992,15431,24.921,16400,2,True,True
HD_152247,-1,93,0,lin,False,0,288.59,1.0997,1.4768,1e-07,3.2851,0.02129,0.021439,0.29526,17658,24.921,16400,2,True,True
HD_152247,-1,93,0,lin,True,0,288.59,1.0997,1.4768,1e-07,3.2851,0.02129,0.021439,0.29526,17658,24.921,16400,2,True,True
HD_152249,-1,103,0,log,False,0,1378.3,0.85446,1.8075,9.5624,91.952,0.053076,0.030439,0.18356,12852,24.754,16031,2.0002,True,True
HD_152249,-1,103,0,log,True,0,1378.3,0.85446,1.8075,9.5624,91.952,0.053076,0.030439,0.18356,12852,24.754,16031,2.0002,True,True
HD_152249,-1,103,0,lin,False,0,6193.3,0.1191,1.0996,1.0001e-07,325.81,0.009974,0.018382,1.962,15512,24.754,16031,2.0002,False,True
HD_152249,-1,103,0,lin,True,0,6193.3,0.1191,1.0996,1.0001e-07,325.81,0.009974,0.018382,1.962,15512,24.754,16031,2.0002,False,True
HD_152249,-1,12,0,log,False,0,1441.8,0.42876,1.4985,23.398,172.08,0.055535,0.041075,0.37504,7095.8,24.599,14787,2,True,True
HD_152249,-1,12,0,log,True,0,1441.8,0.42876,1.4985,23.398,172.08,0.055535,0.041075,0.37504,7095.8,24.599,14787,2,True,True
HD_152249,-1,12,0,lin,False,0,8785,0.043571,1.0323,16.353,1257.4,0.0086448,0.020534,1.5585,13300,24.599,14787,2,False,True
HD_152249,-1,12,0,lin,True,0,8785,0.043571,1.0323,16.353,1257.4,0.0086448,0.020534,1.5585,13300,24.599,14787,2,False,True
HD_152249,-1,39,0,log,False,0,1182.6,0.79957,1.8288,8.6413,81.175,0.050311,0.031076,0.14659,13168,27.928,18708,2,True,True
HD_152249,-1,39,0,log,True,0,1182.6,0.79957,1.8288,8.6413,81.175,0.050311,0.031076,0.14659,13168,27.928,18708,2,True,True
HD_152249,-1,39,0,lin,False,0,1484.5,0.71926,1.6689,7.7982,19.067,0.014645,0.026254,1.0751,16290,27.928,18708,2,True,True
HD_152249,-1,39,0,lin,True,0,1484.5,0.71926,1.6689,7.7982,19.067,0.014645,0.026254,1.0751,16290,27.928,18708,2,True,True
HD_152424,-1,103,0,log,False,0,4321.3,0.33501,1.5783,9.5277,549.09,0.037949,0.025385,0.24372,12325,24.754,16030,2.0002,True,True
HD_152424,-1,103,0,log,True,0,4321.3,0.33501,1.5783,9.5277,549.09,0.037949,0.025385,0.24372,12325,24.754,16030,2.0002,True,True
HD_152424,-1,103,0,lin,False,0,2518.3,0.94428,2.9235,24.108,20.557,0.0092634,0.05269,1.7199,15754,24.754,16030,2.0002,True,True
HD_152424,-1,103,0,lin,True,0,2518.3,0.94428,2.9235,24.108,20.557,0.0092634,0.05269,1.7199,15754,24.754,16030,2.0002,True,True
HD_152424,-1,12,0,log,False,0,4589.4,0.39277,1.7067,20.614,518.68,0.038758,0.030647,0.32323,10624,24.599,14852,2,True,True
HD_152424,-1,12,0,log,True,0,4589.4,0.39277,1.7067,20.614,518.68,0.038758,0.030647,0.32323,10624,24.599,14852,2,True,True
HD_152424,-1,12,0,lin,False,0,3139.6,0.95829,3.7682,40.689,25.1,0.0080976,0.083176,2.3443,14374,24.599,14852,2,True,True
HD_152424,-1,12,0,lin,True,0,3139.6,0.95829,3.7682,40.689,25.1,0.0080976,0.083176,2.3443,14374,24.599,14852,2,True,True
HD_152424,-1,39,0,log,False,0,2598.7,0.66676,2.2147,15.204,186.32,0.035995,0.036364,0.14911,12450,27.928,18522,2,True,True
HD_152424,-1,39,0,log,True,0,2598.7,0.66676,2.2147,15.204,186.32,0.035995,0.036364,0.14911,12450,27.928,18522,2,True,True
HD_152424,-1,39,0,lin,False,0,2166.3,1.0374,3.4686,23.231,15.445,0.0081854,0.064209,1.4754,17642,27.928,18522,2,True,True
HD_152424,-1,39,0,lin,True,0,2166.3,1.0374,3.4686,23.231,15.445,0.0081854,0.064209,1.4754,17642,27.928,18522,2,True,True
HD_154368,-1,12,0,log,False,0,3051.7,0.7334,1.6937,23.76,232.13,0.05466,0.031423,0.48571,11777,25.136,16111,2,True,True
HD_154368,-1,12,0,log,True,0,3051.7,0.7334,1.6937,23.76,232.13,0.05466,0.031423,0.48571,11777,25.136,16111,2,True,True
HD_154368,-1,12,0,lin,False,0,2416.3,1.3875,2.7273,42.425,21.769,0.015781,0.053597,2.351,14258,25.136,16111,2,True,True
HD_154368,-1,12,0,lin,True,0,2416.3,1.3875,2.7273,42.425,21.769,0.015781,0.053597,2.351,14258,25.136,16111,2,True,True
HD_154368,-1,66,0,log,False,0,3092.9,0.86114,1.997,16.631,201.38,0.046856,0.030871,0.2608,13361,24.853,15275,2,True,True
HD_154368,-1,66,0,log,True,0,3092.9,0.86114,1.997,16.631,201.38,0.046856,0.030871,0.2608,13361,24.853,15275,2,True,True
HD_154368,-1,66,0,lin,False,0,2727.6,1.306,3.3501,35.44,20.069,0.010927,0.063608,2.2122,16054,24.853,15275,2,True,True
HD_154368,-1,66,0,lin,True,0,2727.6,1.306,3.3501,35.44,20.069,0.010927,0.063608,2.2122,16054,24.853,15275,2,True,True
HD_154368,-1,93,0,log,False,0,3021.3,0.6648,1.7665,8.6202,221.81,0.042847,0.024247,0.20904,15171,24.921,16412,2,True,True
HD_154368,-1,93,0,log,True,0,3021.3,0.6648,1.7665,8.6202,221.81,0.042847,0.024247,0.20904,15171,24.921,16412,2,True,True
HD_154368,-1,93,0,lin,False,0,2371.5,1.2184,2.5813,18.831,20.447,0.013597,0.045547,1.9788,15468,24.921,16412,2,True,True
HD_154368,-1,93,0,lin,True,0,2371.5,1.2184,2.5813,18.831,20.447,0.013597,0.045547,1.9788,15468,24.921,16412,2,True,True
HD_154643,-1,12,0,log,False,0,86.896,2.1084,1.4764,1.54,4.7281,0.15372,0.044127,0.11462,10268,25.138,16185,2,True,True
HD_154643,-1,12,0,log,True,0,86.896,2.1084,1.4764,1.54,4.7281,0.15372,0.044127,0.11462,10268,25.138,16185,2,True,True
HD_154643,-1,12,0,lin,False,0,224.25,0.46616,0.92768,1e-07,7.6685,0.034539,0.022875,0.39568,13080,25.138,16185,2,True,True
HD_154643,-1,12,0,lin,True,0,224.25,0.46616,0.92768,1e-07,7.6685,0.034539,0.022875,0.39568,13080,25.138,16185,2,True,True
HD_155913,-1,104,0,log,False,0,29.522,3.7458,1.468,0.014932,1.2309,0.21574,0.046175,0.071635,12066,25.435,16259,2,True,True
HD_155913,-1,104,0,log,True,0,29.522,3.7458,1.468,0.014932,1.2309,0.21574,0.046175,0.071635,12066,25.435,16259,2,True,True
HD_155913,-1,104,0,lin,False,0,42.4,2.5262,1.2248,1e-07,0.87282,0.084246,0.036907,0.20179,10814,25.435,16259,2,True,True
HD_155913,-1,104,0,lin,True,0,42.4,2.5262,1.2248,1e-07,0.87282,0.084246,0.036907,0.20179,10814,25.435,16259,2,True,True
HD_155913,-1,12,0,log,False,0,26.723,4.7617,1.936,0.99587,0.91536,0.18839,0.058264,0.052896,10453,24.6,14587,2,True,True
HD_155913,-1,12,0,log,True,1,23.76,5.2676,2.0061,1.0135,0.75905,0.19033,0.060517,0.050729,10548,24.6,14587,2,True,True
HD_155913,-1,12,0,lin,False,0,33.428,4.3935,1.9115,1.2717,0.51065,0.086996,0.05811,0.1496,9330.5,24.6,14587,2,True,True
HD_155913,-1,12,0,lin,True,1,31.499,4.5939,1.6218,0.4918,0.49203,0.092767,0.046723,0.16552,10840,24.6,14587,2,True,True
HD_155913,-1,39,0,log,False,0,25.652,4.0897,1.6414,0.84969,1.0098,0.20872,0.055191,0.066591,10416,27.838,18340,2,True,True
HD_155913,-1,39,0,log,True,0,25.652,4.0897,1.6414,0.84969,1.0098,0.20872,0.055191,0.066591,10416,27.838,18340,2,True,True
HD_155913,-1,39,0,lin,False,0,53.064,1.413,0.97039,1e-07,1.5349,0.080435,0.032082,0.24381,11209,27.838,18340,2,True,True
HD_155913,-1,39,0,lin,True,0,53.064,1.413,0.97039,1e-07,1.5349,0.080435,0.032082,0.24381,11209,27.838,18340,2,True,True
HD_156154,-1,12,0,log,False,0,171.98,2.3949,2.7318,3.2167,6.496,0.071413,0.05195,0.038343,12781,25.138,16194,2,True,True
HD_156154,-1,12,0,log,True,0,171.98,2.3949,2.7318,3.2167,6.496,0.071413,0.05195,0.038343,12781,25.138,16194,2,True,True
HD_156154,-1,12,0,lin,False,0,334.74,1.1306,1.5049,0.014548,5.1257,0.029167,0.030004,0.46958,12733,25.138,16194,2,True,True
HD_156154,-1,12,0,lin,True,6,334.71,1.1307,1.5048,1.0001e-07,5.1236,0.029163,0.029991,0.46948,12742,25.138,16194,2,True,True
HD_15629,-1,18,0,log,False,0,28.533,4.148,2.2304,1.0328,0.97951,0.146,0.057926,0.029955,10620,23.449,14758,2,True,True
HD_15629,-1,18,0,log,True,0,28.533,4.148,2.2304,1.0328,0.97951,0.146,0.057926,0.029955,10620,23.449,14758,2,True,True
HD_15629,-1,18,0,lin,False,0,44.824,2.7901,1.5005,0.24103,0.68081,0.064531,0.037264,0.15018,11493,23.449,14758,2,True,True
HD_15629,-1,18,0,lin,True,0,44.824,2.7901,1.5005,0.24103,0.68081,0.064531,0.037264,0.15018,11493,23.449,14758,2,True,True
HD_156738,-1,12,0,log,False,0,20.377,3.5342,2.2298,1.0194,0.73565,0.13182,0.060593,0.02055,9923.4,25.138,15849,2,True,True
HD_156738,-1,12,0,log,True,0,20.377,3.5342,2.2298,1.0194,0.73565,0.13182,0.060593,0.02055,9923.4,25.138,15849,2,True,True
HD_156738,-1,12,0,lin,False,0,27.202,2.902,1.8043,0.95729,0.33167,0.051068,0.039781,0.068022,12780,25.138,15849,2,True,True
HD_156738,-1,12,0,lin,True,0,27.202,2.902,1.8043,0.95729,0.33167,0.051068,0.039781,0.068022,12780,25.138,15849,2,True,True
HD_156738,-1,39,0,log,False,0,16.039,3.9154,2.1467,0.75208,0.52941,0.13792,0.055596,0.018261,11512,27.858,18552,2,True,True
HD_156738,-1,39,0,log,True,1,13.962,4.5076,2.3316,0.78633,0.42537,0.14021,0.061635,0.016942,11293,27.858,18552,2,True,True
HD_156738,-1,39,0,lin,False,0,53.196,0.56669,0.90885,1e-07,1.8466,0.043282,0.024816,0.1217,12960,27.858,18552,2,True,True
HD_156738,-1,39,0,lin,True,0,53.196,0.56669,0.90885,1e-07,1.8466,0.043282,0.024816,0.1217,12960,27.858,18552,2,True,True
HD_156738,-1,66,0,log,False,0,20.028,3.2981,1.8309,0.49646,0.80458,0.15439,0.049037,0.023983,11045,24.853,15320,2,True,True
HD_156738,-1,66,0,log,True,0,20.028,3.2981,1.8309,0.49646,0.80458,0.15439,0.049037,0.023983,11045,24.853,15320,2,True,True
HD_156738,-1,66,0,lin,False,0,84.572,0.22734,0.80171,1e-07,5.089,0.031525,0.024027,0.14317,12185,24.853,15320,2,True,True
HD_156738,-1,66,0,lin,True,0,84.572,0.22734,0.80171,1e-07,5.089,0.031525,0.024027,0.14317,12185,24.853,15320,2,True,True
HD_156738,-1,93,0,log,False,0,18.138,3.6127,1.9074,0.35338,0.66959,0.14997,0.046874,0.019257,12176,24.876,16328,2,True,True
HD_156738,-1,93,0,log,True,0,18.138,3.6127,1.9074,0.35338,0.66959,0.14997,0.046874,0.019257,12176,24.876,16328,2,True,True
HD_156738,-1,93,0,lin,False,0,25.989,2.6998,1.4323,1e-07,0.40457,0.065111,0.035427,0.089223,12158,24.876,16328,2,True,True
HD_156738,-1,93,0,lin,True,0,25.989,2.6998,1.4323,1e-07,0.40457,0.065111,0.035427,0.089223,12158,24.876,16328,2,True,True
HD_188209,-1,14,0,log,False,0,2590.5,0.9763,2.2499,16.837,146.24,0.042745,0.033963,0.19039,14206,26.85,18367,2,True,True
HD_188209,-1,14,0,log,True,0,2590.5,0.9763,2.2499,16.837,146.24,0.042745,0.033963,0.19039,14206,26.85,18367,2,True,True
HD_188209,-1,14,0,lin,False,0,3121.4,0.84532,1.9262,14.065,29.27,0.011762,0.026432,1.9526,18682,26.85,18367,2,True,True
HD_188209,-1,14,0,lin,True,0,3121.4,0.84532,1.9262,14.065,29.27,0.011762,0.026432,1.9526,18682,26.85,18367,2,True,True
HD_188209,-1,15,0,log,False,0,2233.4,1.1214,2.3735,22.939,121.35,0.047678,0.041809,0.23751,12316,26.044,15063,2,True,True
HD_188209,-1,15,0,log,True,0,2233.4,1.1214,2.3735,22.939,121.35,0.047678,0.041809,0.23751,12316,26.044,15063,2,True,True
HD_188209,-1,15,0,lin,False,0,2739.9,1.0616,2.1342,21.775,27.058,0.014887,0.035635,2.2458,15644,26.044,15063,2,True,True
HD_188209,-1,15,0,lin,True,0,2739.9,1.0616,2.1342,21.775,27.058,0.014887,0.035635,2.2458,15644,26.044,15063,2,True,True
HD_188209,-1,41,0,log,False,0,2181,1.0333,2.2209,7.2422,114.9,0.040885,0.026872,0.10502,17344,26.589,18321,2,True,True
HD_188209,-1,41,0,log,True,0,2181,1.0333,2.2209,7.2422,114.9,0.040885,0.026872,0.10502,17344,26.589,18321,2,True,True
HD_188209,-1,41,0,lin,False,0,3339.8,0.71854,1.7318,1.0008e-07,46.39,0.015516,0.030454,2.6132,14149,26.589,18321,2,True,True
HD_188209,-1,41,0,lin,True,3,3339.8,0.71854,1.7318,1.0004e-07,46.389,0.015516,0.030454,2.6131,14149,26.589,18321,2,True,True
HD_188209,-1,54,0,log,False,0,2474,0.8994,2.1391,9.8714,145.69,0.041,0.028501,0.13719,15620,26.228,17896,2,True,True
HD_188209,-1,54,0,log,True,0,2474,0.8994,2.1391,9.8714,145.69,0.041,0.028501,0.13719,15620,26.228,17896,2,True,True
HD_188209,-1,54,0,lin,False,0,2269.9,1.2618,2.877,17.738,18.427,0.012563,0.052759,1.8888,15949,26.228,17896,2,True,True
HD_188209,-1,54,0,lin,True,0,2269.9,1.2618,2.877,17.738,18.427,0.012563,0.052759,1.8888,15949,26.228,17896,2,True,True
HD_189957,-1,41,0,log,False,0,39.912,1.9554,1.5043,0.13424,2.0645,0.12731,0.034766,0.030487,13666,26.589,18320,2,True,True
HD_189957,-1,41,0,log,True,0,39.912,1.9554,1.5043,0.13424,2.0645,0.12731,0.034766,0.030487,13666,26.589,18320,2,True,True
HD_189957,-1,41,0,lin,False,0,66.978,1.0822,1.2294,1.0001e-07,1.2672,0.037906,0.026547,0.12554,13214,26.589,18320,2,True,True
HD_189957,-1,41,0,lin,True,0,66.978,1.0822,1.2294,1.0001e-07,1.2672,0.037906,0.026547,0.12554,13214,26.589,18320,2,True,True
HD_189957,-1,54,0,log,False,0,47.447,1.9602,1.6348,0.37091,2.2883,0.11052,0.034511,0.027528,13781,26.23,17894,2,True,True
HD_189957,-1,54,0,log,True,0,47.447,1.9602,1.6348,0.37091,2.2883,0.11052,0.034511,0.027528,13781,26.23,17894,2,True,True
HD_189957,-1,54,0,lin,False,0,51.799,2.2297,2.1175,1.2405,0.52638,0.031857,0.041009,0.080609,14263,26.23,17894,2,True,True
HD_189957,-1,54,0,lin,True,0,51.799,2.2297,2.1175,1.2405,0.52638,0.031857,0.041009,0.080609,14263,26.23,17894,2,True,True
HD_189957,-1,55,0,log,False,0,41.688,2.0097,1.5924,0.34506,1.9826,0.1155,0.034723,0.028046,13978,27.162,18882,2,True,True
HD_189957,-1,55,0,log,True,0,41.688,2.0097,1.5924,0.34506,1.9826,0.1155,0.034723,0.028046,13978,27.162,18882,2,True,True
HD_189957,-1,55,0,lin,False,0,56.365,1.6759,1.5801,0.60372,0.77843,0.037431,0.032563,0.10215,13301,27.162,18882,2,True,True
HD_189957,-1,55,0,lin,True,0,56.365,1.6759,1.5801,0.60372,0.77843,0.037431,0.032563,0.10215,13301,27.162,18882,2,True,True
HD_189957,-1,74,0,log,False,0,44.184,1.7626,1.4967,0.15164,2.3635,0.11735,0.03329,0.029142,13907,26.702,18602,2,True,True
HD_189957,-1,74,0,log,True,0,44.184,1.7626,1.4967,0.15164,2.3635,0.11735,0.03329,0.029142,13907,26.702,18602,2,True,True
HD_189957,-1,74,0,lin,False,0,57.77,1.417,1.3415,0.0060074,0.84812,0.03642,0.025635,0.10406,14967,26.702,18602,2,True,True
HD_189957,-1,74,0,lin,True,0,57.77,1.417,1.3415,0.0060074,0.84812,0.03642,0.025635,0.10406,14967,26.702,18602,2,True,True
HD_190864,-1,41,0,log,False,0,44.442,4.0547,2.1445,0.6399,1.3919,0.12883,0.043039,0.031266,14941,26.589,18318,2,True,True
HD_190864,-1,41,0,log,True,1,42.408,4.1958,2.1832,0.74061,1.2986,0.12977,0.044731,0.031597,14660,26.589,18318,2,True,True
HD_190864,-1,41,0,lin,False,0,107.94,1.0394,1.0958,1e-07,2.3351,0.043945,0.025348,0.24385,13758,26.589,18318,2,True,True
HD_190864,-1,41,0,lin,True,0,107.94,1.0394,1.0958,1e-07,2.3351,0.043945,0.025348,0.24385,13758,26.589,18318,2,True,True
HD_190864,-1,54,0,log,False,0,50.762,3.3569,1.9074,0.43107,1.8043,0.12963,0.038611,0.035657,14957,26.23,17894,2,True,True
HD_190864,-1,54,0,log,True,0,50.762,3.3569,1.9074,0.43107,1.8043,0.12963,0.038611,0.035657,14957,26.23,17894,2,True,True
HD_190864,-1,54,0,lin,False,0,87.867,1.6458,1.2905,1e-07,1.4136,0.046265,0.02772,0.20708,14026,26.23,17894,2,True,True
HD_190864,-1,54,0,lin,True,0,87.867,1.6458,1.2905,1e-07,1.4136,0.046265,0.02772,0.20708,14026,26.23,17894,2,True,True
HD_190864,-1,55,0,log,False,0,41.141,4.006,2.1085,0.48779,1.2855,0.12792,0.041199,0.028057,15593,27.162,18881,2,True,True
HD_190864,-1,55,0,log,True,1,37.422,4.4156,2.221,0.55806,1.0938,0.12841,0.043491,0.026498,15580,27.162,18881,2,True,True
HD_190864,-1,55,0,lin,False,0,107.4,0.99024,1.1201,1e-07,2.3982,0.042919,0.026497,0.23341,13055,27.162,18881,2,True,True
HD_190864,-1,55,0,lin,True,0,107.4,0.99024,1.1201,1e-07,2.3982,0.042919,0.026497,0.23341,13055,27.162,18881,2,True,True
HD_190864,-1,74,0,log,False,0,49.419,3.1023,1.8251,0.30288,1.8075,0.12638,0.036147,0.033575,15564,26.704,18781,2,True,True
HD_190864,-1,74,0,log,True,0,49.419,3.1023,1.8251,0.30288,1.8075,0.12638,0.036147,0.033575,15564,26.704,18781,2,True,True
HD_190864,-1,74,0,lin,False,0,90.264,1.3519,1.2162,1e-07,1.6076,0.044014,0.026504,0.20205,14031,26.704,18781,2,True,True
HD_190864,-1,74,0,lin,True,0,90.264,1.3519,1.2162,1e-07,1.6076,0.044014,0.026504,0.20205,14031,26.704,18781,2,True,True
HD_191423,-1,41,0,log,False,0,32.802,5.9394,2.4712,0.44427,0.80669,0.13691,0.047176,0.026142,16331,26.589,18321,2,True,True
HD_191423,-1,41,0,log,True,1,33.436,5.6522,2.3651,0.41538,0.86354,0.14095,0.046417,0.028112,15991,26.589,18321,2,True,True
HD_191423,-1,41,0,lin,False,0,40.114,5.729,2.4918,0.65328,0.4675,0.07682,0.068412,0.15444,11148,26.589,18321,2,True,True
HD_191423,-1,41,0,lin,True,0,40.114,5.729,2.4918,0.65328,0.4675,0.07682,0.068412,0.15444,11148,26.589,18321,2,True,True
HD_191423,-1,54,0,log,False,0,41.382,4.5576,2.1298,0.3204,1.2718,0.14287,0.04295,0.032288,15279,26.23,17898,2,True,True
HD_191423,-1,54,0,log,True,1,42.169,4.3805,2.0814,0.29423,1.3213,0.14196,0.041859,0.032681,15354,26.23,17898,2,True,True
HD_191423,-1,54,0,lin,False,0,54.457,4.0058,1.8559,1.0003e-07,0.71436,0.070225,0.047121,0.19501,11795,26.23,17898,2,True,True
HD_191423,-1,54,0,lin,True,1,54.258,3.9364,1.9071,0.18217,0.68249,0.066151,0.046966,0.18057,12080,26.23,17898,2,True,True
HD_191423,-1,55,0,log,False,0,34.487,5.0982,2.2707,0.39957,0.94633,0.13795,0.044423,0.027222,16054,27.162,18877,2,True,True
HD_191423,-1,55,0,log,True,1,35.66,4.8061,2.1782,0.35283,1.0142,0.13832,0.0427,0.028321,16104,27.162,18877,2,True,True
HD_191423,-1,55,0,lin,False,0,54.077,3.4926,1.6815,1e-07,0.80984,0.073718,0.04539,0.20576,11182,27.162,18877,2,True,True
HD_191423,-1,55,0,lin,True,1,54.314,3.4273,1.6932,1e-07,0.79309,0.070792,0.044574,0.19709,11413,27.162,18877,2,True,True
HD_191423,-1,81,0,log,False,0,39.275,4.9123,2.2404,0.29151,1.1417,0.14027,0.043443,0.028406,15871,26.624,18408,2,True,True
HD_191423,-1,81,0,log,True,2,36.954,4.9805,2.216,0.2964,1.0912,0.14651,0.044905,0.029756,15365,26.624,18408,2,True,True
HD_191423,-1,81,0,lin,False,0,51.874,4.3242,1.9418,1.0028e-07,0.70809,0.076674,0.053066,0.20261,10913,26.624,18408,2,True,True
HD_191423,-1,81,0,lin,True,2,50.26,4.0971,1.8039,1e-07,0.62995,0.06849,0.043276,0.17853,12955,26.624,18408,2,True,True
HD_191612,-1,14,0,log,False,0,153.52,0.41497,1.1627,0.84596,19.171,0.069475,0.030771,0.064281,10808,26.85,13808,2,True,True
HD_191612,-1,14,0,log,True,0,153.52,0.41497,1.1627,0.84596,19.171,0.069475,0.030771,0.064281,10808,26.85,13808,2,True,True
HD_191612,-1,14,0,lin,False,0,1568,0.02,0.92426,0.54434,317.72,0.0056506,0.015155,0.16243,18230,26.85,13808,2,False,True
HD_191612,-1,14,0,lin,True,0,1568,0.02,0.92426,0.54434,317.72,0.0056506,0.015155,0.16243,18230,26.85,13808,2,False,True
HD_191612,-1,15,0,log,False,0,70.41,0.84391,1.2969,1.8603,6.7965,0.11353,0.046987,0.070639,6698,23.008,13206,2,True,True
HD_191612,-1,15,0,log,True,0,70.41,0.84391,1.2969,1.8603,6.7965,0.11353,0.046987,0.070639,6698,23.008,13206,2,True,True
HD_191612,-1,15,0,lin,False,0,157.13,0.24775,0.93216,1.1053,7.0999,0.02307,0.021771,0.16904,12255,23.008,13206,2,True,True
HD_191612,-1,15,0,lin,True,0,157.13,0.24775,0.93216,1.1053,7.0999,0.02307,0.021771,0.16904,12255,23.008,13206,2,True,True
HD_191612,-1,41,0,log,False,0,104.37,0.51398,1.1492,0.26437,11.301,0.07703,0.029116,0.049894,12246,26.589,18319,2,True,True
HD_191612,-1,41,0,log,True,0,104.37,0.51398,1.1492,0.26437,11.301,0.07703,0.029116,0.049894,12246,26.589,18319,2,True,True
HD_191612,-1,41,0,lin,False,0,1367.3,0.02,0.96418,0.74008,309.62,0.0059882,0.016461,0.12685,16948,26.589,18319,2,False,True
HD_191612,-1,41,0,lin,True,0,1367.3,0.02,0.96418,0.74008,309.62,0.0059882,0.016461,0.12685,16948,26.589,18319,2,False,True
HD_191612,-1,54,0,log,False,0,88.831,0.81736,1.3775,0.47777,7.1295,0.079954,0.030511,0.033897,12297,26.23,17898,2,True,True
HD_191612,-1,54,0,log,True,0,88.831,0.81736,1.3775,0.47777,7.1295,0.079954,0.030511,0.033897,12297,26.23,17898,2,True,True
HD_191612,-1,54,0,lin,False,0,240.57,0.19783,1.0077,1e-07,9.0441,0.013983,0.017169,0.13915,16765,26.23,17898,2,True,True
HD_191612,-1,54,0,lin,True,0,240.57,0.19783,1.0077,1e-07,9.0441,0.013983,0.017169,0.13915,16765,26.23,17898,2,True,True
HD_191781,-1,41,0,log,False,0,261.61,0.50564,1.7367,0.58362,21.397,0.035229,0.022033,0.012411,16331,26.589,18322,2,True,True
HD_191781,-1,41,0,log,True,0,261.61,0.50564,1.7367,0.58362,21.397,0.035229,0.022033,0.012411,16331,26.589,18322,2,True,True
HD_191781,-1,41,0,lin,False,0,340.35,0.40199,1.4924,0.030813,5.6216,0.010587,0.021314,0.16215,17258,26.589,18322,2,True,True
HD_191781,-1,41,0,lin,True,0,340.35,0.40199,1.4924,0.030813,5.6216,0.010587,0.021314,0.16215,17258,26.589,18322,2,True,True
HD_191781,-1,54,0,log,False,0,318.78,0.36094,1.4203,0.58217,37.008,0.042134,0.022845,0.028488,14248,26.228,17896,2,True,True
HD_191781,-1,54,0,log,True,0,318.78,0.36094,1.4203,0.58217,37.008,0.042134,0.022845,0.028488,14248,26.228,17896,2,True,True
HD_191781,-1,54,0,lin,False,0,329.66,0.38925,1.3075,1e-07,6.6331,0.01347,0.020107,0.19333,16380,26.228,17896,2,True,True
HD_191781,-1,54,0,lin,True,0,329.66,0.38925,1.3075,1e-07,6.6331,0.01347,0.020107,0.19333,16380,26.228,17896,2,True,True
HD_191781,-1,56,0,log,False,0,211.49,0.52613,1.7104,0.35675,17.917,0.038322,0.022043,0.010465,16607,27.88,19610,2,True,True
HD_191781,-1,56,0,log,True,0,211.49,0.52613,1.7104,0.35675,17.917,0.038322,0.022043,0.010465,16607,27.88,19610,2,True,True
HD_191781,-1,56,0,lin,False,0,227.6,0.57585,1.6511,0.12368,2.6518,0.010522,0.021523,0.11756,19432,27.88,19610,2,True,True
HD_191781,-1,56,0,lin,True,1,227.62,0.57581,1.651,0.12112,2.6522,0.010523,0.02152,0.11757,19433,27.88,19610,2,True,True
HD_191781,-1,75,0,log,False,0,192.58,0.61824,1.6419,0.5285,15.665,0.047124,0.024662,0.01748,15117,27.696,19472,2,True,True
HD_191781,-1,75,0,log,True,0,192.58,0.61824,1.6419,0.5285,15.665,0.047124,0.024662,0.01748,15117,27.696,19472,2,True,True
HD_191781,-1,75,0,lin,False,0,239.89,0.51139,1.4041,1.0003e-07,3.4905,0.012632,0.018873,0.13861,19071,27.696,19472,2,True,True
HD_191781,-1,75,0,lin,True,1,239.88,0.51143,1.4042,1.0004e-07,3.4901,0.012632,0.018873,0.1386,19072,27.696,19472,2,True,True
HD_191978,-1,14,0,log,False,0,28.932,0.70165,1.1846,0.74635,3.023,0.10937,0.044085,0.031969,7352.7,26.85,13811,2,True,True
HD_191978,-1,14,0,log,True,0,28.932,0.70165,1.1846,0.74635,3.023,0.10937,0.044085,0.031969,7352.7,26.85,13811,2,True,True
HD_191978,-1,14,0,lin,False,0,40.831,0.46089,1.0099,0.64288,1.2441,0.028817,0.022517,0.056953,13414,26.85,13811,2,True,True
HD_191978,-1,14,0,lin,True,0,40.831,0.46089,1.0099,0.64288,1.2441,0.028817,0.022517,0.056953,13414,26.85,13811,2,True,True
HD_191978,-1,15,0,log,False,0,36.04,0.37923,0.97202,0.91286,7.0513,0.12663,0.055538,0.062547,4595.3,23.008,13202,2,True,True
HD_191978,-1,15,0,log,True,0,36.04,0.37923,0.97202,0.91286,7.0513,0.12663,0.055538,0.062547,4595.3,23.008,13202,2,True,True
HD_191978,-1,15,0,lin,False,0,37.245,0.52288,1.0156,1.0667,1.4601,0.042161,0.031049,0.077124,8674.7,23.008,13202,2,True,True
HD_191978,-1,15,0,lin,True,0,37.245,0.52288,1.0156,1.0667,1.4601,0.042161,0.031049,0.077124,8674.7,23.008,13202,2,True,True
HD_191978,-1,41,0,log,False,0,29.805,0.57905,1.1991,0.40383,3.356,0.091178,0.038438,0.020947,8521.3,26.589,18321,2,True,True
HD_191978,-1,41,0,log,True,0,29.805,0.57905,1.1991,0.40383,3.356,0.091178,0.038438,0.020947,8521.3,26.589,18321,2,True,True
HD_191978,-1,41,0,lin,False,0,34.107,0.6346,1.2414,0.51431,0.85,0.029193,0.028883,0.04664,10997,26.589,18321,2,True,True
HD_191978,-1,41,0,lin,True,0,34.107,0.6346,1.2414,0.51431,0.85,0.029193,0.028883,0.04664,10997,26.589,18321,2,True,True
HD_191978,-1,54,0,log,False,0,38.257,0.2899,0.95666,0.2572,7.1092,0.087151,0.038531,0.034431,8174.5,26.23,17895,2,True,True
HD_191978,-1,54,0,log,True,0,38.257,0.2899,0.95666,0.2572,7.1092,0.087151,0.038531,0.034431,8174.5,26.23,17895,2,True,True
HD_191978,-1,54,0,lin,False,0,67.913,0.17986,0.95885,0.34606,4.3841,0.022432,0.026329,0.064645,10092,26.23,17895,2,True,True
HD_191978,-1,54,0,lin,True,0,67.913,0.17986,0.95885,0.34606,4.3841,0.022432,0.026329,0.064645,10092,26.23,17895,2,True,True
HD_192001,-1,14,0,log,False,0,31.795,0.45288,1.0941,0.72817,4.5419,0.098921,0.045122,0.032972,6452.5,26.85,13813,2,True,True
HD_192001,-1,14,0,log,True,0,31.795,0.45288,1.0941,0.72817,4.5419,0.098921,0.045122,0.032972,6452.5,26.85,13813,2,True,True
HD_192001,-1,14,0,lin,False,0,28.868,0.7095,1.275,1.053,0.57152,0.025655,0.025089,0.034948,13446,26.85,13813,2,True,True
HD_192001,-1,14,0,lin,True,0,28.868,0.7095,1.275,1.053,0.57152,0.025655,0.025089,0.034948,13446,26.85,13813,2,True,True
HD_192001,-1,41,0,log,False,0,26.198,0.49486,1.0566,0.243,3.4391,0.10125,0.038573,0.02526,8632.9,26.589,18318,2,True,True
HD_192001,-1,41,0,log,True,1,25.453,0.52456,1.0735,0.25285,3.2035,0.10203,0.038576,0.024393,8676.9,26.589,18318,2,True,True
HD_192001,-1,41,0,lin,False,0,20.58,1.1396,1.6492,0.73061,0.30528,0.027274,0.034026,0.027258,12288,26.589,18318,2,True,True
HD_192001,-1,41,0,lin,True,0,20.58,1.1396,1.6492,0.73061,0.30528,0.027274,0.034026,0.027258,12288,26.589,18318,2,True,True
HD_192001,-1,54,0,log,False,0,19.521,0.70734,1.0918,0.36186,2.1311,0.12392,0.043137,0.027078,7840.9,26.23,17893,2,True,True
HD_192001,-1,54,0,log,True,0,19.521,0.70734,1.0918,0.36186,2.1311,0.12392,0.043137,0.027078,7840.9,26.23,17893,2,True,True
HD_192001,-1,54,0,lin,False,0,17.568,1.3001,1.5399,0.73654,0.29607,0.036372,0.035684,0.030803,10995,26.23,17893,2,True,True
HD_192001,-1,54,0,lin,True,0,17.568,1.3001,1.5399,0.73654,0.29607,0.036372,0.035684,0.030803,10995,26.23,17893,2,True,True
HD_192001,-1,55,0,log,False,0,22.713,0.60351,1.1219,0.38312,2.5165,0.10189,0.039533,0.022627,8488.2,27.162,18877,2,True,True
HD_192001,-1,55,0,log,True,1,23.589,0.5649,1.1193,0.39115,2.7197,0.098597,0.039465,0.022344,8366.1,27.162,18877,2,True,True
HD_192001,-1,55,0,lin,False,0,77.682,0.075763,0.78766,0.044219,7.8574,0.015768,0.020894,0.058098,13341,27.162,18877,2,False,True
HD_192001,-1,55,0,lin,True,0,77.682,0.075763,0.78766,0.044219,7.8574,0.015768,0.020894,0.058098,13341,27.162,18877,2,False,True
HD_192281,-1,14,0,log,False,0,78.274,4.7621,2.4525,1.7567,2.1853,0.1246,0.049309,0.053762,14755,26.85,13816,2,True,True
HD_192281,-1,14,0,log,True,1,68.164,5.252,2.5205,1.6947,1.8169,0.13026,0.052028,0.052826,14618,26.85,13816,2,True,True
HD_192281,-1,14,0,lin,False,0,105.97,3.8897,2.2451,2.4809,1.3204,0.062429,0.059805,0.32063,10800,26.85,13816,2,True,True
HD_192281,-1,14,0,lin,True,1,85.434,4.7231,2.3486,2.1268,0.84635,0.057253,0.052167,0.24028,13882,26.85,13816,2,True,True
HD_192281,-1,15,0,log,False,0,78.821,4.2414,2.1646,1.7064,2.719,0.1504,0.052412,0.075226,11570,23.007,13205,2,True,True
HD_192281,-1,15,0,log,True,1,64.668,5.0314,2.3557,1.776,2.0015,0.15321,0.05751,0.067141,11595,23.007,13205,2,True,True
HD_192281,-1,15,0,lin,False,0,123.97,2.818,1.5013,1e-07,2.2256,0.076851,0.044176,0.49552,9394.3,23.007,13205,2,True,True
HD_192281,-1,15,0,lin,True,0,123.97,2.818,1.5013,1e-07,2.2256,0.076851,0.044176,0.49552,9394.3,23.007,13205,2,True,True
HD_192281,-1,41,0,log,False,0,58.69,5.388,2.4482,0.482,1.4503,0.12234,0.041017,0.033213,17934,26.589,18317,2,True,True
HD_192281,-1,41,0,log,True,0,58.69,5.388,2.4482,0.482,1.4503,0.12234,0.041017,0.033213,17934,26.589,18317,2,True,True
HD_192281,-1,41,0,lin,False,0,77.06,4.4387,1.9612,1e-07,0.8258,0.061241,0.042436,0.24085,14454,26.589,18317,2,True,True
HD_192281,-1,41,0,lin,True,0,77.06,4.4387,1.9612,1e-07,0.8258,0.061241,0.042436,0.24085,14454,26.589,18317,2,True,True
HD_192281,-1,54,0,log,False,0,62.179,4.9237,2.3049,0.6708,1.699,0.12996,0.042805,0.041878,16277,26.23,17893,2,True,True
HD_192281,-1,54,0,log,True,0,62.179,4.9237,2.3049,0.6708,1.699,0.12996,0.042805,0.041878,16277,26.23,17893,2,True,True
HD_192281,-1,54,0,lin,False,0,94.805,3.2944,1.6421,1e-07,1.2785,0.063837,0.039053,0.31184,12830,26.23,17893,2,True,True
HD_192281,-1,54,0,lin,True,0,94.805,3.2944,1.6421,1e-07,1.2785,0.063837,0.039053,0.31184,12830,26.23,17893,2,True,True
HD_192639,-1,41,0,log,False,0,674.98,1.3289,2.3975,1.8397,31.72,0.044526,0.027483,0.029572,18430,26.588,18315,2,True,True
HD_192639,-1,41,0,log,True,0,674.98,1.3289,2.3975,1.8397,31.72,0.044526,0.027483,0.029572,18430,26.588,18315,2,True,True
HD_192639,-1,41,0,lin,False,0,1610.8,0.4527,1.4379,1e-07,26.692,0.012407,0.021186,0.90502,16980,26.588,18315,2,True,True
HD_192639,-1,41,0,lin,True,0,1610.8,0.4527,1.4379,1e-07,26.692,0.012407,0.021186,0.90502,16980,26.588,18315,2,True,True
HD_192639,-1,54,0,log,False,0,434.87,1.5112,2.2623,2.1693,19.422,0.053511,0.029755,0.037723,17049,26.23,17888,2,True,True
HD_192639,-1,54,0,log,True,0,434.87,1.5112,2.2623,2.1693,19.422,0.053511,0.029755,0.037723,17049,26.23,17888,2,True,True
HD_192639,-1,54,0,lin,False,0,788.2,0.80848,1.5496,1e-07,10.426,0.017717,0.02454,0.67198,16010,26.23,17888,2,True,True
HD_192639,-1,54,0,lin,True,0,788.2,0.80848,1.5496,1e-07,10.426,0.017717,0.02454,0.67198,16010,26.23,17888,2,True,True
HD_192639,-1,55,0,log,False,0,708.62,1.0668,2.0184,3.1107,40.026,0.050468,0.028336,0.060694,15846,27.162,18879,2,True,True
HD_192639,-1,55,0,log,True,0,708.62,1.0668,2.0184,3.1107,40.026,0.050468,0.028336,0.060694,15846,27.162,18879,2,True,True
HD_192639,-1,55,0,lin,False,0,1172.7,0.52904,1.3101,1e-07,18.954,0.015147,0.018875,0.81093,18277,27.162,18879,2,True,True
HD_192639,-1,55,0,lin,True,0,1172.7,0.52904,1.3101,1e-07,18.954,0.015147,0.018875,0.81093,18277,27.162,18879,2,True,True
HD_192639,-1,75,0,log,False,0,610.35,1.1612,2.0321,2.2168,28.694,0.04543,0.023751,0.043974,19310,27.696,18957,2,True,True
HD_192639,-1,75,0,log,True,0,610.35,1.1612,2.0321,2.2168,28.694,0.04543,0.023751,0.043974,19310,27.696,18957,2,True,True
HD_192639,-1,75,0,lin,False,0,814.8,0.88885,1.5679,1e-07,10.273,0.018503,0.024627,0.72757,16734,27.696,18957,2,True,True
HD_192639,-1,75,0,lin,True,0,814.8,0.88885,1.5679,1e-07,10.273,0.018503,0.024627,0.72757,16734,27.696,18957,2,True,True
HD_193443,-1,41,0,log,False,0,110.42,1.9037,1.6993,0.51909,5.1963,0.098606,0.031454,0.045019,15257,26.589,18316,2,True,True
HD_193443,-1,41,0,log,True,1,84.063,2.5127,1.8356,0.4575,3.3987,0.10829,0.033671,0.038522,15648,26.589,18316,2,True,True
HD_193443,-1,41,0,lin,False,0,1997.7,0.02,0.8348,1.0003e-07,555.12,0.0088099,0.02224,0.47781,12220,26.589,18316,2,False,True
HD_193443,-1,41,0,lin,True,0,1997.7,0.02,0.8348,1.0003e-07,555.12,0.0088099,0.02224,0.47781,12220,26.589,18316,2,False,True
HD_193443,-1,55,0,log,False,0,133.06,1.6114,1.6605,1.0078,6.5676,0.088632,0.030995,0.051505,14933,27.162,18878,2,True,True
HD_193443,-1,55,0,log,True,1,87.783,2.5312,1.9117,0.93949,3.3576,0.10133,0.035093,0.039866,15482,27.162,18878,2,True,True
HD_193443,-1,55,0,lin,False,0,1243.7,0.046918,0.86658,1e-07,166.32,0.010793,0.020153,0.4515,13893,27.162,18878,2,False,True
HD_193443,-1,55,0,lin,True,0,1243.7,0.046918,0.86658,1e-07,166.32,0.010793,0.020153,0.4515,13893,27.162,18878,2,False,True
HD_193443,-1,75,0,log,False,0,102.27,2.0292,1.7774,0.69485,4.4432,0.094432,0.031734,0.039566,15882,27.697,18955,2,True,True
HD_193443,-1,75,0,log,True,1,77.504,2.7213,1.9416,0.80618,2.8606,0.10452,0.035537,0.036531,15820,27.697,18955,2,True,True
HD_193443,-1,75,0,lin,False,0,2045.3,0.02,0.84893,1.0002e-07,569.23,0.0086381,0.022019,0.44994,12509,27.697,18955,2,False,True
HD_193443,-1,75,0,lin,True,0,2045.3,0.02,0.84893,1.0002e-07,569.23,0.0086381,0.022019,0.44994,12509,27.697,18955,2,False,True
HD_193443,-1,81,0,log,False,0,86.093,2.3148,1.7594,0.57949,3.6006,0.10707,0.03338,0.043062,15329,26.624,18403,2,True,True
HD_193443,-1,81,0,log,True,1,67.445,2.9656,1.9424,0.69376,2.4405,0.11303,0.036874,0.036709,15326,26.624,18403,2,True,True
HD_193443,-1,81,0,lin,False,0,639.29,0.085125,0.86245,1e-07,57.526,0.014575,0.020701,0.38086,13616,26.624,18403,2,False,True
HD_193443,-1,81,0,lin,True,0,639.29,0.085125,0.86245,1e-07,57.526,0.014575,0.020701,0.38086,13616,26.624,18403,2,False,True
HD_193514,-1,41,0,log,False,0,241.65,2.2545,2.4443,2.3028,8.6921,0.065855,0.035518,0.037063,16800,26.589,18316,2,True,True
HD_193514,-1,41,0,log,True,0,241.65,2.2545,2.4443,2.3028,8.6921,0.065855,0.035518,0.037063,16800,26.589,18316,2,True,True
HD_193514,-1,41,0,lin,False,0,344.05,1.6986,1.7718,1.0002e-07,3.9124,0.029773,0.032404,0.49531,14793,26.589,18316,2,True,True
HD_193514,-1,41,0,lin,True,0,344.05,1.6986,1.7718,1.0002e-07,3.9124,0.029773,0.032404,0.49531,14793,26.589,18316,2,True,True
HD_193514,-1,55,0,log,False,0,285.06,1.9575,2.4492,2.7189,10.059,0.055128,0.033023,0.034787,17882,27.162,18876,2,True,True
HD_193514,-1,55,0,log,True,0,285.06,1.9575,2.4492,2.7189,10.059,0.055128,0.033023,0.034787,17882,27.162,18876,2,True,True
HD_193514,-1,55,0,lin,False,0,373.21,1.6741,2.0395,1.5046,3.4886,0.022693,0.03375,0.42268,16539,27.162,18876,2,True,True
HD_193514,-1,55,0,lin,True,0,373.21,1.6741,2.0395,1.5046,3.4886,0.022693,0.03375,0.42268,16539,27.162,18876,2,True,True
HD_193514,-1,81,0,log,False,0,259.16,2.0715,2.1804,1.6225,9.9134,0.068815,0.03025,0.041176,17683,26.623,18407,2,True,True
HD_193514,-1,81,0,log,True,0,259.16,2.0715,2.1804,1.6225,9.9134,0.068815,0.03025,0.041176,17683,26.623,18407,2,True,True
HD_193514,-1,81,0,lin,False,0,318.75,1.9544,1.8807,1e-07,3.5022,0.031995,0.03556,0.49322,14486,26.623,18407,2,True,True
HD_193514,-1,81,0,lin,True,0,318.75,1.9544,1.8807,1e-07,3.5022,0.031995,0.03556,0.49322,14486,26.623,18407,2,True,True
HD_193514,-1,82,0,log,False,0,279.12,1.9796,2.3455,1.2236,11.018,0.061593,0.029901,0.027594,17944,25.853,18138,2,True,True
HD_193514,-1,82,0,log,True,0,279.12,1.9796,2.3455,1.2236,11.018,0.061593,0.029901,0.027594,17944,25.853,18138,2,True,True
HD_193514,-1,82,0,lin,False,0,373.4,1.5625,1.8385,1e-07,3.725,0.023741,0.029726,0.43287,16389,25.853,18138,2,True,True
HD_193514,-1,82,0,lin,True,0,373.4,1.5625,1.8385,1e-07,3.725,0.023741,0.029726,0.43287,16389,25.853,18138,2,True,True
HD_193595,-1,14,0,log,False,0,16.924,1.5306,1.116,0.24704,1.2885,0.19685,0.047243,0.045281,8851.6,26.85,13815,2,True,True
HD_193595,-1,14,0,log,True,0,16.924,1.5306,1.116,0.24704,1.2885,0.19685,0.047243,0.045281,8851.6,26.85,13815,2,True,True
HD_193595,-1,14,0,lin,False,0,27.243,0.75379,0.87546,1e-07,0.91917,0.056575,0.026108,0.085922,12468,26.85,13815,2,True,True
HD_193595,-1,14,0,lin,True,0,27.243,0.75379,0.87546,1e-07,0.91917,0.056575,0.026108,0.085922,12468,26.85,13815,2,True,True
HD_193595,-1,15,0,log,False,0,20.287,0.80294,0.82335,0.044273,2.9827,0.25263,0.058539,0.10334,6190.7,23.008,13202,2,True,True
HD_193595,-1,15,0,log,True,0,20.287,0.80294,0.82335,0.044273,2.9827,0.25263,0.058539,0.10334,6190.7,23.008,13202,2,True,True
HD_193595,-1,15,0,lin,False,0,35.629,0.30585,0.71611,1e-07,2.4425,0.053644,0.029111,0.11785,9915.3,23.008,13202,2,True,True
HD_193595,-1,15,0,lin,True,0,35.629,0.30585,0.71611,1e-07,2.4425,0.053644,0.029111,0.11785,9915.3,23.008,13202,2,True,True
HD_193595,-1,41,0,log,False,0,12.026,2.1177,1.1279,1.0136e-07,0.79865,0.23702,0.047822,0.039848,9845.2,26.589,18321,2,True,True
HD_193595,-1,41,0,log,True,0,12.026,2.1177,1.1279,1.0136e-07,0.79865,0.23702,0.047822,0.039848,9845.2,26.589,18321,2,True,True
HD_193595,-1,41,0,lin,False,0,140.67,0.02,0.68248,1.0008e-07,32.573,0.0094742,0.021136,0.073927,13563,26.589,18321,2,False,True
HD_193595,-1,41,0,lin,True,0,140.67,0.02,0.68248,1.0008e-07,32.573,0.0094742,0.021136,0.073927,13563,26.589,18321,2,False,True
HD_193595,-1,55,0,log,False,0,11.276,2.5198,1.285,0.15588,0.61571,0.21108,0.047622,0.030496,10218,27.162,18881,2,True,True
HD_193595,-1,55,0,log,True,0,11.276,2.5198,1.285,0.15588,0.61571,0.21108,0.047622,0.030496,10218,27.162,18881,2,True,True
HD_193595,-1,55,0,lin,False,0,17.685,1.426,1.0214,1e-07,0.41282,0.064328,0.027769,0.063298,12894,27.162,18881,2,True,True
HD_193595,-1,55,0,lin,True,0,17.685,1.426,1.0214,1e-07,0.41282,0.064328,0.027769,0.063298,12894,27.162,18881,2,True,True
HD_193682,-1,41,0,log,False,0,34.984,4.1041,2.0489,0.26042,1.108,0.13532,0.040219,0.025304,15699,26.589,18316,2,True,True
HD_193682,-1,41,0,log,True,0,34.984,4.1041,2.0489,0.26042,1.108,0.13532,0.040219,0.025304,15699,26.589,18316,2,True,True
HD_193682,-1,41,0,lin,False,0,51.3,2.8795,1.5626,1e-07,0.69996,0.058885,0.035767,0.15495,13327,26.589,18316,2,True,True
HD_193682,-1,41,0,lin,True,0,51.3,2.8795,1.5626,1e-07,0.69996,0.058885,0.035767,0.15495,13327,26.589,18316,2,True,True
HD_193682,-1,55,0,log,False,0,30.415,4.7783,2.266,0.40861,0.86823,0.13418,0.044703,0.022609,15632,27.162,18880,2,True,True
HD_193682,-1,55,0,log,True,0,30.415,4.7783,2.266,0.40861,0.86823,0.13418,0.044703,0.022609,15632,27.162,18880,2,True,True
HD_193682,-1,55,0,lin,False,0,48.985,3.0258,1.5993,1e-07,0.67589,0.061557,0.037809,0.15457,12902,27.162,18880,2,True,True
HD_193682,-1,55,0,lin,True,0,48.985,3.0258,1.5993,1e-07,0.67589,0.061557,0.037809,0.15457,12902,27.162,18880,2,True,True
HD_193682,-1,75,0,log,False,0,32.09,4.3845,2.1031,0.34896,0.97538,0.13789,0.042478,0.025597,15664,27.697,18958,2,True,True
HD_193682,-1,75,0,log,True,2,26.603,5.1987,2.2876,0.40388,0.73496,0.14215,0.047104,0.023285,15444,27.697,18958,2,True,True
HD_193682,-1,75,0,lin,False,0,55.366,2.4797,1.4722,1.0018e-07,0.90277,0.06344,0.037898,0.18004,11682,27.697,18958,2,True,True
HD_193682,-1,75,0,lin,True,0,55.366,2.4797,1.4722,1.0018e-07,0.90277,0.06344,0.037898,0.18004,11682,27.697,18958,2,True,True
HD_193682,-1,81,0,log,False,0,50.844,2.9111,1.8348,0.31579,1.9741,0.12396,0.036569,0.031401,15050,26.624,18407,2,True,True
HD_193682,-1,81,0,log,True,1,37.539,3.9006,2.066,0.44821,1.2243,0.13205,0.041953,0.027165,14903,26.624,18407,2,True,True
HD_193682,-1,81,0,lin,False,0,80.463,2.049,1.7813,0.92497,1.5498,0.059855,0.057579,0.23225,7427.3,26.624,18407,2,True,True
HD_193682,-1,81,0,lin,True,1,54.989,2.9326,1.7276,0.25077,0.73336,0.057012,0.040789,0.15549,12265,26.624,18407,2,True,True
HD_195592,-1,41,0,log,False,0,9517.5,0.20576,2.2931,10.831,1169.1,0.01477,0.026167,0.059833,15372,26.589,18322,2,True,True
HD_195592,-1,41,0,log,True,0,9517.5,0.20576,2.2931,10.831,1169.1,0.01477,0.026167,0.059833,15372,26.589,18322,2,True,True
HD_195592,-1,41,0,lin,False,0,5855.3,0.35198,2.9596,13.485,31.707,0.0020028,0.027171,1.0601,28625,26.589,18322,2,True,True
HD_195592,-1,41,0,lin,True,0,5855.3,0.35198,2.9596,13.485,31.707,0.0020028,0.027171,1.0601,28625,26.589,18322,2,True,True
HD_195592,-1,55,0,log,False,0,64188,0.02,1.3087,5.5551,1.2252e+05,0.030349,0.019683,0.22056,13597,27.161,18867,2,False,True
HD_195592,-1,55,0,log,True,0,64188,0.02,1.3087,5.5551,1.2252e+05,0.030349,0.019683,0.22056,13597,27.161,18867,2,False,True
HD_195592,-1,55,0,lin,False,0,4627.6,0.42697,4.5932,31.851,33.661,0.002709,0.094153,1.842,17193,27.161,18867,2,True,True
HD_195592,-1,55,0,lin,True,40,4553.9,0.43,5.0957,26.626,30.531,0.0023963,0.10538,1.7672,17840,27.161,18867,2,True,True
HD_195592,-1,56,0,log,False,0,42842,0.02,1.2032,3.0102,57391,0.023389,0.016321,0.22919,17124,27.88,19605,2,False,True
HD_195592,-1,56,0,log,True,0,42842,0.02,1.2032,3.0102,57391,0.023389,0.016321,0.22919,17124,27.88,19605,2,False,True
HD_195592,-1,56,0,lin,False,0,3095.5,0.53705,3.6832,27.801,21.042,0.0036905,0.061526,1.2583,19595,27.88,19605,2,True,True
HD_195592,-1,56,0,lin,True,40,3063.8,0.54008,3.6037,24.295,20.995,0.0037862,0.059557,1.2473,19621,27.88,19605,2,True,True
HD_195592,-1,76,0,log,False,0,15991,0.063777,1.2766,4.6914,9278.3,0.032824,0.023518,0.32843,11491,27.078,19025,2,False,True
HD_195592,-1,76,0,log,True,0,15991,0.063777,1.2766,4.6914,9278.3,0.032824,0.023518,0.32843,11491,27.078,19025,2,False,True
HD_195592,-1,76,0,lin,False,0,53654,0.02,1.1804,4.1398,12965,0.0049659,0.015176,1.77,20916,27.078,19025,2,False,True
HD_195592,-1,76,0,lin,True,0,53654,0.02,1.1804,4.1398,12965,0.0049659,0.015176,1.77,20916,27.078,19025,2,False,True
HD_201345,-1,55,0,log,False,0,27.458,1.2213,1.2072,0.26667,2.0932,0.14124,0.039802,0.03695,10244,27.163,15642,2,True,True
HD_201345,-1,55,0,log,True,0,27.458,1.2213,1.2072,0.26667,2.0932,0.14124,0.039802,0.03695,10244,27.163,15642,2,True,True
HD_201345,-1,55,0,lin,False,0,28.801,1.4882,1.3694,0.59877,0.44218,0.0395,0.02806,0.056196,13935,27.163,15642,2,True,True
HD_201345,-1,55,0,lin,True,0,28.801,1.4882,1.3694,0.59877,0.44218,0.0395,0.02806,0.056196,13935,27.163,15642,2,True,True
HD_201345,-1,82,0,log,False,0,28.412,1.0163,1.1131,0.13025,2.4726,0.14166,0.038782,0.040736,10177,25.853,18136,2,True,True
HD_201345,-1,82,0,log,True,1,28.382,0.97199,1.0901,0.1134,2.564,0.14292,0.039013,0.042317,10065,25.853,18136,2,True,True
HD_201345,-1,82,0,lin,False,0,34.616,0.9677,1.0599,1e-07,0.86361,0.04814,0.027185,0.08622,11935,25.853,18136,2,True,True
HD_201345,-1,82,0,lin,True,0,34.616,0.9677,1.0599,1e-07,0.86361,0.04814,0.027185,0.08622,11935,25.853,18136,2,True,True
HD_202124,-1,55,0,log,False,0,612.78,0.67175,1.8259,1.559,44.872,0.041578,0.02433,0.03574,15964,27.163,18878,2,True,True
HD_202124,-1,55,0,log,True,0,612.78,0.67175,1.8259,1.559,44.872,0.041578,0.02433,0.03574,15964,27.163,18878,2,True,True
HD_202124,-1,55,0,lin,False,0,1068.3,0.38538,1.5072,0.60017,16.766,0.0095301,0.020175,0.45645,18563,27.163,18878,2,True,True
HD_202124,-1,55,0,lin,True,0,1068.3,0.38538,1.5072,0.60017,16.766,0.0095301,0.020175,0.45645,18563,27.163,18878,2,True,True
HD_202124,-1,56,0,log,False,0,823.69,0.50573,1.6669,1.3859,58.496,0.03157,0.017835,0.035914,20199,27.88,19607,2,True,True
HD_202124,-1,56,0,log,True,0,823.69,0.50573,1.6669,1.3859,58.496,0.03157,0.017835,0.035914,20199,27.88,19607,2,True,True
HD_202124,-1,56,0,lin,False,0,1001.7,0.39283,1.3896,1e-07,12.764,0.0083027,0.014233,0.36475,24194,27.88,19607,2,True,True
HD_202124,-1,56,0,lin,True,0,1001.7,0.39283,1.3896,1e-07,12.764,0.0083027,0.014233,0.36475,24194,27.88,19607,2,True,True
HD_202124,-1,75,0,log,False,0,545.41,0.6845,1.8794,1.1062,40.56,0.041434,0.024415,0.026615,16209,27.697,19471,2,True,True
HD_202124,-1,75,0,log,True,0,545.41,0.6845,1.8794,1.1062,40.56,0.041434,0.024415,0.026615,16209,27.697,19471,2,True,True
HD_202124,-1,75,0,lin,False,0,662.76,0.56807,1.5508,1.0007e-07,7.4924,0.010411,0.018426,0.32833,21165,27.697,19471,2,True,True
HD_202124,-1,75,0,lin,True,0,662.76,0.56807,1.5508,1.0007e-07,7.4924,0.010411,0.018426,0.32833,21165,27.697,19471,2,True,True
HD_202124,-1,76,0,log,False,0,850.48,0.5451,1.875,1.4135,70.382,0.03542,0.023234,0.029272,16159,27.078,19021,2,True,True
HD_202124,-1,76,0,log,True,0,850.48,0.5451,1.875,1.4135,70.382,0.03542,0.023234,0.029272,16159,27.078,19021,2,True,True
HD_202124,-1,76,0,lin,False,0,941.52,0.53836,1.676,1.786e-07,11.091,0.0098017,0.021811,0.4559,19136,27.078,19021,2,True,True
HD_202124,-1,76,0,lin,True,21,941.41,0.53845,1.6763,1e-07,11.087,0.0097999,0.021814,0.45581,19140,27.078,19021,2,True,True
HD_203064,-1,15,0,log,False,0,824.47,3.5522,2.552,16.634,25.662,0.096264,0.047016,0.31679,14569,26.043,12582,2,True,True
HD_203064,-1,15,0,log,True,1,716.4,3.9178,2.5824,15.921,21.643,0.10384,0.049509,0.32349,14277,26.043,12582,2,True,True
HD_203064,-1,15,0,lin,False,0,7575.6,0.089543,0.84294,1e-07,814.71,0.018909,0.025351,6.184,10757,26.043,12582,2,False,True
HD_203064,-1,15,0,lin,True,3,9079.9,0.06699,0.85571,1e-07,1056.9,0.014407,0.022638,5.0851,12099,26.043,12582,2,False,True
HD_203064,-1,16,0,log,False,0,760.33,3.4968,2.3883,8.5547,24.864,0.1016,0.041089,0.26398,14731,23.211,14357,2,True,True
HD_203064,-1,16,0,log,True,0,760.33,3.4968,2.3883,8.5547,24.864,0.1016,0.041089,0.26398,14731,23.211,14357,2,True,True
HD_203064,-1,16,0,lin,False,0,1074.4,2.7366,1.8455,1.0001e-07,14.098,0.051966,0.043872,2.7089,11168,23.211,14357,2,True,True
HD_203064,-1,16,0,lin,True,0,1074.4,2.7366,1.8455,1.0001e-07,14.098,0.051966,0.043872,2.7089,11168,23.211,14357,2,True,True
HD_203064,-1,55,0,log,False,0,904.71,2.4849,1.9324,9.0556,34.381,0.097235,0.034237,0.37069,15846,27.162,18856,2,True,True
HD_203064,-1,55,0,log,True,0,904.71,2.4849,1.9324,9.0556,34.381,0.097235,0.034237,0.37069,15846,27.162,18856,2,True,True
HD_203064,-1,55,0,lin,False,0,2440.6,0.555,1.052,1e-07,69.013,0.031666,0.024125,3.7544,13240,27.162,18856,2,True,True
HD_203064,-1,55,0,lin,True,1,2540.6,0.50533,1.0377,1e-07,72.991,0.029427,0.023017,3.6116,13763,27.162,18856,2,True,True
HD_203064,-1,56,0,log,False,0,821.56,3.1426,2.3142,4.2002,26.263,0.087193,0.032477,0.18282,19038,27.879,19597,2,True,True
HD_203064,-1,56,0,log,True,1,817.72,3.06,2.2675,3.7562,26.656,0.08763,0.031853,0.18351,19050,27.879,19597,2,True,True
HD_203064,-1,56,0,lin,False,0,888.27,3.6922,3.0585,12.964,8.2458,0.039863,0.073525,1.8129,13051,27.879,19597,2,True,True
HD_203064,-1,56,0,lin,True,0,888.27,3.6922,3.0585,12.964,8.2458,0.039863,0.073525,1.8129,13051,27.879,19597,2,True,True
HD_206183,-1,84,0,log,False,0,45.443,0.18379,1.4086,0.72983,11.03,0.046192,0.050054,0.0091183,4441.6,25.75,16700,2,True,True
HD_206183,-1,84,0,log,True,0,45.443,0.18379,1.4086,0.72983,11.03,0.046192,0.050054,0.0091183,4441.6,25.75,16700,2,True,True
HD_206183,-1,84,0,lin,False,0,39.98,0.25244,1.5915,0.91371,0.79048,0.0070325,0.021675,0.011494,17902,25.75,16700,2,True,True
HD_206183,-1,84,0,lin,True,0,39.98,0.25244,1.5915,0.91371,0.79048,0.0070325,0.021675,0.011494,17902,25.75,16700,2,True,True
HD_207198,-1,16,0,log,False,0,811.31,1.9998,2.1368,6.3089,36.008,0.079166,0.035464,0.16711,14080,23.766,14916,2,True,True
HD_207198,-1,16,0,log,True,0,811.31,1.9998,2.1368,6.3089,36.008,0.079166,0.035464,0.16711,14080,23.766,14916,2,True,True
HD_207198,-1,16,0,lin,False,0,1565.4,0.90069,1.3809,1.0006e-07,25.754,0.026078,0.025992,1.9491,13373,23.766,14916,2,True,True
HD_207198,-1,16,0,lin,True,0,1565.4,0.90069,1.3809,1.0006e-07,25.754,0.026078,0.025992,1.9491,13373,23.766,14916,2,True,True
HD_207198,-1,17,0,log,False,0,784,2.1527,2.3773,13.275,31.816,0.075519,0.044292,0.19586,12557,23.573,14710,2,True,True
HD_207198,-1,17,0,log,True,0,784,2.1527,2.3773,13.275,31.816,0.075519,0.044292,0.19586,12557,23.573,14710,2,True,True
HD_207198,-1,17,0,lin,False,0,1030.1,1.8194,2.0927,13.787,10.408,0.026275,0.038698,1.3483,13920,23.573,14710,2,True,True
HD_207198,-1,17,0,lin,True,0,1030.1,1.8194,2.0927,13.787,10.408,0.026275,0.038698,1.3483,13920,23.573,14710,2,True,True
HD_207198,-1,24,0,log,False,0,649.37,2.482,2.391,7.329,23.479,0.076056,0.037982,0.13626,15791,26.484,17994,2,True,True
HD_207198,-1,24,0,log,True,0,649.37,2.482,2.391,7.329,23.479,0.076056,0.037982,0.13626,15791,26.484,17994,2,True,True
HD_207198,-1,24,0,lin,False,0,781.46,2.2548,2.1501,7.1168,6.523,0.026276,0.03462,1.0054,17397,26.484,17994,2,True,True
HD_207198,-1,24,0,lin,True,0,781.46,2.2548,2.1501,7.1168,6.523,0.026276,0.03462,1.0054,17397,26.484,17994,2,True,True
HD_207198,-1,56,0,log,False,0,619.03,2.3202,2.0968,1.9881,22.917,0.076934,0.027998,0.10845,19367,27.881,19610,2,True,True
HD_207198,-1,56,0,log,True,0,619.03,2.3202,2.0968,1.9881,22.917,0.076934,0.027998,0.10845,19367,27.881,19610,2,True,True
HD_207198,-1,56,0,lin,False,0,755.99,2.2403,2.0643,2.5694,7.3195,0.030804,0.037468,1.1315,15719,27.881,19610,2,True,True
HD_207198,-1,56,0,lin,True,0,755.99,2.2403,2.0643,2.5694,7.3195,0.030804,0.037468,1.1315,15719,27.881,19610,2,True,True
HD_207538,-1,84,0,log,False,0,75.115,0.29647,1.2656,0.82107,12.091,0.057056,0.036531,0.021909,7613.8,25.75,16717,2,True,True
HD_207538,-1,84,0,log,True,0,75.115,0.29647,1.2656,0.82107,12.091,0.057056,0.036531,0.021909,7613.8,25.75,16717,2,True,True
HD_207538,-1,84,0,lin,False,0,119.59,0.17631,1.0865,0.66636,5.03,0.012864,0.019397,0.057638,14817,25.75,16717,2,True,True
HD_207538,-1,84,0,lin,True,0,119.59,0.17631,1.0865,0.66636,5.03,0.012864,0.019397,0.057638,14817,25.75,16717,2,True,True
HD_209339,-1,56,0,log,False,0,44.345,1.5823,1.4726,0.82621,2.6204,0.12172,0.040397,0.040571,10809,27.881,19601,2,True,True
HD_209339,-1,56,0,log,True,2,47.238,1.3677,1.4052,0.79082,3.039,0.11742,0.039102,0.042231,10719,27.881,19601,2,True,True
HD_209339,-1,56,0,lin,False,0,59.393,1.4594,1.4886,1.0118,1.0891,0.044799,0.037937,0.12902,10310,27.881,19601,2,True,True
HD_209339,-1,56,0,lin,True,0,59.393,1.4594,1.4886,1.0118,1.0891,0.044799,0.037937,0.12902,10310,27.881,19601,2,True,True
HD_209339,-1,58,0,log,False,0,60.248,0.73124,1.0713,0.32413,5.9787,0.11631,0.035971,0.069245,10655,27.717,18991,2,True,True
HD_209339,-1,58,0,log,True,0,60.248,0.73124,1.0713,0.32413,5.9787,0.11631,0.035971,0.069245,10655,27.717,18991,2,True,True
HD_209339,-1,58,0,lin,False,0,66.245,0.89884,1.1432,0.48215,1.6034,0.042002,0.028506,0.13825,11574,27.717,18991,2,True,True
HD_209339,-1,58,0,lin,True,0,66.245,0.89884,1.1432,0.48215,1.6034,0.042002,0.028506,0.13825,11574,27.717,18991,2,True,True
HD_209339,-1,76,0,log,False,0,41.199,1.5173,1.4998,1.1022,2.5279,0.12047,0.043974,0.039536,9464.4,27.077,19023,2,True,True
HD_209339,-1,76,0,log,True,2,42.984,1.3168,1.4027,1.0366,2.9001,0.12006,0.042543,0.043222,9358.3,27.077,19023,2,True,True
HD_209339,-1,76,0,lin,False,0,53.455,1.2976,1.2554,0.66327,1.0348,0.045515,0.029777,0.12174,12088,27.077,19023,2,True,True
HD_209339,-1,76,0,lin,True,0,53.455,1.2976,1.2554,0.66327,1.0348,0.045515,0.029777,0.12174,12088,27.077,19023,2,True,True
HD_209339,-1,78,0,log,False,0,3360.9,0.02,1.0498,1.0462,5241.6,0.032165,0.029034,0.10194,7667.2,18.05,12670,2,False,True
HD_209339,-1,78,0,log,True,0,3360.9,0.02,1.0498,1.0462,5241.6,0.032165,0.029034,0.10194,7667.2,18.05,12670,2,False,True
HD_209339,-1,78,0,lin,False,0,458.24,0.31398,1.6178,4.0084,6.8811,0.0068903,0.019782,0.14117,16000,18.05,12670,2,True,True
HD_209339,-1,78,0,lin,True,0,458.24,0.31398,1.6178,4.0084,6.8811,0.0068903,0.019782,0.14117,16000,18.05,12670,2,True,True
HD_209975,-1,16,0,log,False,0,2392.6,1.4724,2.1821,21.196,114.63,0.059914,0.034894,0.33564,13741,23.766,14897,2,True,True
HD_209975,-1,16,0,log,True,0,2392.6,1.4724,2.1821,21.196,114.63,0.059914,0.034894,0.33564,13741,23.766,14897,2,True,True
HD_209975,-1,16,0,lin,False,0,3038.9,1.2475,1.9164,19.108,31.601,0.019471,0.031797,2.9929,14941,23.766,14897,2,True,True
HD_209975,-1,16,0,lin,True,0,3038.9,1.2475,1.9164,19.108,31.601,0.019471,0.031797,2.9929,14941,23.766,14897,2,True,True
HD_209975,-1,17,0,log,False,0,1784,1.3787,2.1171,22.394,98.485,0.067653,0.041512,0.35442,11081,23.658,15070,2,True,True
HD_209975,-1,17,0,log,True,0,1784,1.3787,2.1171,22.394,98.485,0.067653,0.041512,0.35442,11081,23.658,15070,2,True,True
HD_209975,-1,17,0,lin,False,0,3033.4,0.72602,1.3674,1.0011e-07,44.429,0.018734,0.021035,2.6779,15930,23.658,15070,2,True,True
HD_209975,-1,17,0,lin,True,1,3033,0.72618,1.3675,1.0004e-07,44.411,0.018732,0.021035,2.6773,15933,23.658,15070,2,True,True
HD_209975,-1,24,0,log,False,0,1737.8,1.8219,2.3956,15.629,73.101,0.06156,0.036852,0.23158,15271,26.485,17946,2,True,True
HD_209975,-1,24,0,log,True,0,1737.8,1.8219,2.3956,15.629,73.101,0.06156,0.036852,0.23158,15271,26.485,17946,2,True,True
HD_209975,-1,24,0,lin,False,0,2712.9,1.1707,1.6687,0.05988,29.798,0.020625,0.025899,2.7213,16772,26.485,17946,2,True,True
HD_209975,-1,24,0,lin,True,8,2712.5,1.171,1.669,8.9723e-07,29.783,0.02062,0.025899,2.7202,16779,26.485,17946,2,True,True
HD_209975,-1,76,0,log,False,0,1700.4,1.8631,2.2634,7.8957,68.756,0.061109,0.02928,0.18026,18193,27.077,19021,2,True,True
HD_209975,-1,76,0,log,True,0,1700.4,1.8631,2.2634,7.8957,68.756,0.061109,0.02928,0.18026,18193,27.077,19021,2,True,True
HD_209975,-1,76,0,lin,False,0,4073.1,0.56745,1.2655,1e-07,77.759,0.019668,0.021729,3.6956,15694,27.077,19021,2,True,True
HD_209975,-1,76,0,lin,True,0,4073.1,0.56745,1.2655,1e-07,77.759,0.019668,0.021729,3.6956,15694,27.077,19021,2,True,True
HD_210809,-1,84,0,log,False,0,336.26,1.0349,1.9949,1.2269,19.714,0.050646,0.027649,0.026888,15542,25.748,16715,2,True,True
HD_210809,-1,84,0,log,True,0,336.26,1.0349,1.9949,1.2269,19.714,0.050646,0.027649,0.026888,15542,25.748,16715,2,True,True
HD_210809,-1,84,0,lin,False,0,745.81,0.37036,1.2836,1e-07,17.218,0.014783,0.021766,0.47555,14859,25.748,16715,2,True,True
HD_210809,-1,84,0,lin,True,0,745.81,0.37036,1.2836,1e-07,17.218,0.014783,0.021766,0.47555,14859,25.748,16715,2,True,True
HD_210839,-1,16,0,log,False,0,3018.7,2.1874,2.6238,19.301,111.98,0.060043,0.03532,0.29643,16451,23.766,14875,2,True,True
HD_210839,-1,16,0,log,True,0,3018.7,2.1874,2.6238,19.301,111.98,0.060043,0.03532,0.29643,16451,23.766,14875,2,True,True
HD_210839,-1,16,0,lin,False,0,3852,1.8076,2.0546,3.2144,34.038,0.023022,0.032752,4.3955,16178,23.766,14875,2,True,True
HD_210839,-1,16,0,lin,True,2,3852.3,1.8075,2.0541,3.0516,34.044,0.023025,0.03274,4.3962,16179,23.766,14875,2,True,True
HD_210839,-1,17,0,log,False,0,1916.4,2.8066,2.9108,24.888,63.947,0.069173,0.047056,0.31695,14722,23.659,15020,2,True,True
HD_210839,-1,17,0,log,True,1,1765.7,2.8492,2.7673,23.15,58.506,0.072704,0.04434,0.32737,14906,23.659,15020,2,True,True
HD_210839,-1,17,0,lin,False,0,2895.4,2.0006,1.9665,3.6402,36.126,0.036461,0.043688,5.1298,11471,23.659,15020,2,True,True
HD_210839,-1,17,0,lin,True,22,2899.9,1.9997,1.9582,1.4286,36.239,0.036566,0.043444,5.1493,11488,23.659,15020,2,True,True
HD_210839,-1,24,0,log,False,0,1628.6,2.8516,2.949,23.726,51.574,0.066796,0.047117,0.27805,15914,26.484,18061,2,True,True
HD_210839,-1,24,0,log,True,0,1628.6,2.8516,2.949,23.726,51.574,0.066796,0.047117,0.27805,15914,26.484,18061,2,True,True
HD_210839,-1,24,0,lin,False,0,1896.2,2.8992,3.1123,29.895,15.588,0.027955,0.066027,2.8823,14611,26.484,18061,2,True,True
HD_210839,-1,24,0,lin,True,0,1896.2,2.8992,3.1123,29.895,15.588,0.027955,0.066027,2.8823,14611,26.484,18061,2,True,True
HD_210839,-1,56,0,log,False,0,2026.2,2.3605,2.4246,10.038,69.686,0.064055,0.029898,0.22704,19786,27.881,19594,2,True,True
HD_210839,-1,56,0,log,True,0,2026.2,2.3605,2.4246,10.038,69.686,0.064055,0.029898,0.22704,19786,27.881,19594,2,True,True
HD_210839,-1,56,0,lin,False,0,2416.6,2.4395,2.4305,8.3282,22.642,0.03015,0.048366,3.6641,14684,27.881,19594,2,True,True
HD_210839,-1,56,0,lin,True,0,2416.6,2.4395,2.4305,8.3282,22.642,0.03015,0.048366,3.6641,14684,27.881,19594,2,True,True
HD_214680,-1,16,0,log,False,0,10283,0.02,1.0181,27.555,18123,0.038644,0.046716,0.8626,4069.3,23.222,14323,2,False,True
HD_214680,-1,16,0,log,True,3,11139,0.02,1.0393,27.725,20059,0.038495,0.045945,0.80807,4134.5,23.222,14323,2,False,True
HD_214680,-1,16,0,lin,False,0,1489.5,0.34047,1.566,42.957,34.374,0.01187,0.029841,0.78838,11911,23.222,14323,2,True,True
HD_214680,-1,16,0,lin,True,1,1486,0.34192,1.5695,42.648,33.819,0.011749,0.029628,0.78022,12037,23.222,14323,2,True,True
HD_216532,-1,17,0,log,False,0,13.665,1.9668,1.5407,1.4315,0.92737,0.18561,0.07604,0.035801,4446.9,23.367,14583,2,True,True
HD_216532,-1,17,0,log,True,6,40.303,0.21516,0.92768,1.2289,11.585,0.10461,0.060694,0.061833,3542.1,23.367,14583,2,True,True
HD_216532,-1,17,0,lin,False,0,53.875,0.1818,0.71119,0.41524,5.9909,0.05065,0.036373,0.16706,6973.3,23.367,14583,2,True,True
HD_216532,-1,17,0,lin,True,3,45.401,0.26778,0.89806,1.2563,2.8599,0.03606,0.030507,0.079945,8269.8,23.367,14583,2,True,True
HD_216532,-1,24,0,log,False,0,23.31,0.33637,0.71224,0.43894,6.0885,0.2068,0.069019,0.13073,4462.5,26.485,18192,2,True,True
HD_216532,-1,24,0,log,True,2,71.376,0.02,0.57167,0.27716,78.766,0.051605,0.07133,0.17196,4221.2,26.485,18192,2,False,True
HD_216532,-1,24,0,lin,False,0,154.64,0.02,0.73007,1.0627,63.935,0.015532,0.03613,0.10592,6312.2,26.485,18192,2,False,True
HD_216532,-1,24,0,lin,True,2,199.63,0.02,0.84828,1.4458,74.396,0.011579,0.029515,0.05908,8172.9,26.485,18192,2,False,True
HD_216532,-1,84,0,log,False,0,11.107,2.5392,1.5201,0.55267,0.61066,0.19161,0.059053,0.025313,7462.2,25.75,16716,2,True,True
HD_216532,-1,84,0,log,True,11,60.049,0.092013,0.81412,0.27434,25.25,0.065694,0.044192,0.05023,6440.9,25.75,16716,2,False,True
HD_216532,-1,84,0,lin,False,0,44.736,0.24234,0.76431,1e-07,3.8178,0.049774,0.033945,0.12671,8012.5,25.75,16716,2,True,True
HD_216532,-1,84,0,lin,True,6,92.43,0.047813,0.70451,1e-07,15.526,0.017598,0.025871,0.092214,10490,25.75,16716,2,False,True
HD_216532,-1,85,0,log,False,0,13.049,1.849,1.4456,0.5999,0.82511,0.16352,0.054806,0.023633,7248.7,25.488,17727,2,True,True
HD_216532,-1,85,0,log,True,9,151.08,0.02,0.77345,0.30155,175.15,0.035687,0.04465,0.052189,5900.4,25.488,17727,2,False,True
HD_216532,-1,85,0,lin,False,0,161.27,0.02,0.68673,1.0001e-07,48.333,0.012167,0.027258,0.10667,9690.1,25.488,17727,2,False,True
HD_216532,-1,85,0,lin,True,5,176.94,0.02,0.73195,0.13307,46.256,0.0097896,0.022815,0.075746,11600,25.488,17727,2,False,True
HD_217086,-1,17,0,log,False,0,52.457,4.097,1.7674,1.6782,2.0851,0.19979,0.057282,0.11124,9540.2,23.367,14594,2,True,True
HD_217086,-1,17,0,log,True,0,52.457,4.097,1.7674,1.6782,2.0851,0.19979,0.057282,0.11124,9540.2,23.367,14594,2,True,True
HD_217086,-1,17,0,lin,False,0,75.678,3.1008,1.3163,1e-07,1.3781,0.085059,0.037796,0.36746,10868,23.367,14594,2,True,True
HD_217086,-1,17,0,lin,True,0,75.678,3.1008,1.3163,1e-07,1.3781,0.085059,0.037796,0.36746,10868,23.367,14594,2,True,True
HD_217086,-1,18,0,log,False,0,67.401,3.1593,1.6429,0.6844,2.93,0.17164,0.044997,0.091855,11462,23.72,15261,2,True,True
HD_217086,-1,18,0,log,True,0,67.401,3.1593,1.6429,0.6844,2.93,0.17164,0.044997,0.091855,11462,23.72,15261,2,True,True
HD_217086,-1,18,0,lin,False,0,108.96,1.7458,1.1951,1e-07,2.2415,0.063754,0.032314,0.36921,11129,23.72,15261,2,True,True
HD_217086,-1,18,0,lin,True,0,108.96,1.7458,1.1951,1e-07,2.2415,0.063754,0.032314,0.36921,11129,23.72,15261,2,True,True
HD_217086,-1,24,0,log,False,0,54.463,3.4773,1.548,0.72592,2.2535,0.1918,0.046599,0.10921,11797,26.485,18200,2,True,True
HD_217086,-1,24,0,log,True,0,54.463,3.4773,1.548,0.72592,2.2535,0.1918,0.046599,0.10921,11797,26.485,18200,2,True,True
HD_217086,-1,24,0,lin,False,0,66.684,3.2095,1.3854,0.15258,1.0525,0.075095,0.035476,0.27991,12715,26.485,18200,2,True,True
HD_217086,-1,24,0,lin,True,0,66.684,3.2095,1.3854,0.15258,1.0525,0.075095,0.035476,0.27991,12715,26.485,18200,2,True,True
HD_217086,-1,84,0,log,False,0,56.886,3.9805,1.6875,1e-07,1.9968,0.17171,0.040436,0.077915,14590,25.75,16716,2,True,True
HD_217086,-1,84,0,log,True,0,56.886,3.9805,1.6875,1e-07,1.9968,0.17171,0.040436,0.077915,14590,25.75,16716,2,True,True
HD_217086,-1,84,0,lin,False,0,78.251,3.0118,1.4891,1.0008e-07,1.1894,0.068488,0.037459,0.28364,12103,25.75,16716,2,True,True
HD_217086,-1,84,0,lin,True,0,78.251,3.0118,1.4891,1.0008e-07,1.1894,0.068488,0.037459,0.28364,12103,25.75,16716,2,True,True
HD_218195,-1,57,0,log,False,0,28.48,2.1991,1.4774,0.1454,1.332,0.13503,0.03513,0.02786,14500,28.76,17989,2,True,True
HD_218195,-1,57,0,log,True,0,28.48,2.1991,1.4774,0.1454,1.332,0.13503,0.03513,0.02786,14500,28.76,17989,2,True,True
HD_218195,-1,57,0,lin,False,0,43.409,1.3336,1.2028,1e-07,0.72165,0.040761,0.024234,0.090202,15671,28.76,17989,2,True,True
HD_218195,-1,57,0,lin,True,0,43.409,1.3336,1.2028,1e-07,0.72165,0.040761,0.024234,0.090202,15671,28.76,17989,2,True,True
HD_218195,-1,84,0,log,False,0,30.563,1.749,1.3483,1.0001e-07,1.7247,0.13642,0.034119,0.030156,13390,25.75,16718,2,True,True
HD_218195,-1,84,0,log,True,0,30.563,1.749,1.3483,1.0001e-07,1.7247,0.13642,0.034119,0.030156,13390,25.75,16718,2,True,True
HD_218195,-1,84,0,lin,False,0,40.406,1.344,1.2181,1e-07,0.67323,0.040937,0.024806,0.084018,14615,25.75,16718,2,True,True
HD_218195,-1,84,0,lin,True,0,40.406,1.344,1.2181,1e-07,0.67323,0.040937,0.024806,0.084018,14615,25.75,16718,2,True,True
HD_218195,-1,85,0,log,False,0,21.111,2.8031,1.6116,0.26241,0.95764,0.16031,0.043662,0.026439,11705,25.487,17730,2,True,True
HD_218195,-1,85,0,log,True,0,21.111,2.8031,1.6116,0.26241,0.95764,0.16031,0.043662,0.026439,11705,25.487,17730,2,True,True
HD_218195,-1,85,0,lin,False,0,107.71,0.21463,0.89572,1e-07,5.1253,0.021371,0.020251,0.10879,14030,25.487,17730,2,True,True
HD_218195,-1,85,0,lin,True,0,107.71,0.21463,0.89572,1e-07,5.1253,0.021371,0.020251,0.10879,14030,25.487,17730,2,True,True
HD_218915,-1,16,0,log,False,0,591.38,0.82638,1.8285,2.4106,41.963,0.052108,0.028729,0.058078,12982,22.834,13540,2,True,True
HD_218915,-1,16,0,log,True,0,591.38,0.82638,1.8285,2.4106,41.963,0.052108,0.028729,0.058078,12982,22.834,13540,2,True,True
HD_218915,-1,16,0,lin,False,0,679.15,0.76644,1.5288,1e-07,8.7753,0.016493,0.022993,0.53717,15628,22.834,13540,2,True,True
HD_218915,-1,16,0,lin,True,4,678.95,0.76684,1.5293,1e-07,8.7671,0.016488,0.022997,0.53691,15633,22.834,13540,2,True,True
HD_218915,-1,17,0,log,False,0,269.51,1.8674,2.8422,4.5931,11.522,0.059647,0.056814,0.045759,11350,23.262,13132,2,True,True
HD_218915,-1,17,0,log,True,1,260.46,1.7742,2.4599,3.3559,11.884,0.065342,0.044987,0.044099,12105,23.262,13132,2,True,True
HD_218915,-1,17,0,lin,False,0,1257.2,0.20179,1.0602,1e-07,56.775,0.016501,0.022182,0.82765,12395,23.262,13132,2,True,True
HD_218915,-1,17,0,lin,True,0,1257.2,0.20179,1.0602,1e-07,56.775,0.016501,0.022182,0.82765,12395,23.262,13132,2,True,True
HD_218915,-1,84,0,log,False,0,505.41,0.95813,1.8074,1.7673,31.839,0.054962,0.026614,0.054578,15218,25.749,16717,2,True,True
HD_218915,-1,84,0,log,True,0,505.41,0.95813,1.8074,1.7673,31.839,0.054962,0.026614,0.054578,15218,25.749,16717,2,True,True
HD_218915,-1,84,0,lin,False,0,529.32,1.1372,2.0782,3.6695,5.4077,0.016745,0.035548,0.47383,15139,25.749,16717,2,True,True
HD_218915,-1,84,0,lin,True,0,529.32,1.1372,2.0782,3.6695,5.4077,0.016745,0.035548,0.47383,15139,25.749,16717,2,True,True
HD_224990,-1,2,0,log,False,0,164.31,0.66157,1.9902,3.1493,13.244,0.048337,0.049614,0.030713,7853.2,27.406,18288,2,True,True
HD_224990,-1,2,0,log,True,3,99.632,0.71641,1.8159,2.8341,8.3564,0.061103,0.052593,0.032393,6721.1,27.406,18288,2,True,True
HD_224990,-1,2,0,lin,False,0,159.38,1.0131,5.416,4.8186,1.7055,0.0096407,0.21401,0.1864,9233.6,27.406,18288,2,True,True
HD_224990,-1,2,0,lin,True,6,159.07,1.0048,5.8429,4.6935,1.6599,0.0089932,0.23783,0.1844,9324.7,27.406,18288,2,True,True
HD_224990,-1,29,0,log,False,0,266.79,0.45251,1.6621,4.6923,32.617,0.055449,0.049589,0.062846,5805.2,23.821,14083,2,True,True
HD_224990,-1,29,0,log,True,1,238.62,0.50264,1.7112,4.6475,26.718,0.056131,0.050739,0.059037,5902.8,23.821,14083,2,True,True
HD_224990,-1,29,0,lin,False,0,219.51,0.9446,5.504,7.5617,2.6681,0.010092,0.24859,0.28047,7409.3,23.821,14083,2,True,True
HD_224990,-1,29,0,lin,True,7,219.33,0.93907,5.9945,7.223,2.5746,0.0093066,0.27815,0.27629,7561.1,23.821,14083,2,True,True
HD_224990,-1,69,0,log,False,0,721.62,0.141,1.2592,2.9995,209.84,0.042853,0.033718,0.083314,7365.9,23.876,14781,2,False,True
HD_224990,-1,69,0,log,True,4,793.4,0.097904,1.355,3.1831,324.19,0.036927,0.037106,0.052082,6171.2,23.876,14781,2,False,True
HD_224990,-1,69,0,lin,False,0,247.33,0.93067,4.4993,6.7436,2.6415,0.0096093,0.15283,0.25793,9499.9,23.876,14781,2,True,True
HD_224990,-1,69,0,lin,True,3,247.33,0.93131,4.5618,6.5384,2.6035,0.0094151,0.15441,0.25553,9623.3,23.876,14781,2,True,True
HD_224990,-1,96,0,log,False,0,253.93,0.50504,1.8315,3.2478,26.184,0.047418,0.045263,0.038159,7327.3,24.231,14656,2,True,True
HD_224990,-1,96,0,log,True,2,183.86,0.52257,1.6514,3.1161,19.776,0.057349,0.04548,0.044921,6763.2,24.231,14656,2,True,True
HD_224990,-1,96,0,lin,False,0,216.12,0.93175,3.8524,4.9955,2.1984,0.009891,0.10987,0.20313,10815,24.231,14656,2,True,True
HD_224990,-1,96,0,lin,True,1,215.87,0.93196,3.9705,4.8959,2.1589,0.0095817,0.11416,0.20178,10897,24.231,14656,2,True,True
HD_225146,-1,17,0,log,False,0,249.16,0.89094,2.1024,2.2199,16.948,0.050507,0.039612,0.028432,10478,23.02,12871,2,True,True
HD_225146,-1,17,0,log,True,0,249.16,0.89094,2.1024,2.2199,16.948,0.050507,0.039612,0.028432,10478,23.02,12871,2,True,True
HD_225146,-1,17,0,lin,False,0,384.76,0.60839,1.7691,2.2671,5.077,0.012192,0.028512,0.24091,14396,23.02,12871,2,True,True
HD_225146,-1,17,0,lin,True,0,384.76,0.60839,1.7691,2.2671,5.077,0.012192,0.028512,0.24091,14396,23.02,12871,2,True,True
HD_225146,-1,18,0,log,False,0,370.34,0.68628,1.9631,2.0544,28.069,0.043167,0.032446,0.028713,11796,23.719,15272,2,True,True
HD_225146,-1,18,0,log,True,0,370.34,0.68628,1.9631,2.0544,28.069,0.043167,0.032446,0.028713,11796,23.719,15272,2,True,True
HD_225146,-1,18,0,lin,False,0,825.76,0.29211,1.495,1.4643,19.38,0.010371,0.025257,0.35808,13740,23.719,15272,2,True,True
HD_225146,-1,18,0,lin,True,0,825.76,0.29211,1.495,1.4643,19.38,0.010371,0.025257,0.35808,13740,23.719,15272,2,True,True
HD_225146,-1,57,0,log,False,0,462.84,0.39723,1.5412,0.68188,46.92,0.037143,0.020934,0.02641,16610,28.759,17988,2,True,True
HD_225146,-1,57,0,log,True,0,462.84,0.39723,1.5412,0.68188,46.92,0.037143,0.020934,0.02641,16610,28.759,17988,2,True,True
HD_225146,-1,57,0,lin,False,0,762.5,0.20833,1.2232,1.0029e-07,19.198,0.0085408,0.015279,0.24048,21268,28.759,17988,2,True,True
HD_225146,-1,57,0,lin,True,0,762.5,0.20833,1.2232,1.0029e-07,19.198,0.0085408,0.015279,0.24048,21268,28.759,17988,2,True,True
HD_225146,-1,58,0,log,False,0,272.4,0.65079,1.7375,0.73245,19.879,0.042171,0.023339,0.018835,16439,27.716,19061,2,True,True
HD_225146,-1,58,0,log,True,0,272.4,0.65079,1.7375,0.73245,19.879,0.042171,0.023339,0.018835,16439,27.716,19061,2,True,True
HD_225146,-1,58,0,lin,False,0,261.27,0.8246,1.8848,1.0539,2.3617,0.011171,0.024276,0.15344,20075,27.716,19061,2,True,True
HD_225146,-1,58,0,lin,True,0,261.27,0.8246,1.8848,1.0539,2.3617,0.011171,0.024276,0.15344,20075,27.716,19061,2,True,True
HD_225160,-1,84,0,log,False,0,275.64,0.95281,1.8359,0.92767,16.95,0.052356,0.025941,0.026594,15688,25.75,16717,2,True,True
HD_225160,-1,84,0,log,True,0,275.64,0.95281,1.8359,0.92767,16.95,0.052356,0.025941,0.026594,15688,25.75,16717,2,True,True
HD_225160,-1,84,0,lin,False,0,312.17,1.0277,1.7747,0.40946,3.7591,0.01926,0.030628,0.30026,14598,25.75,16717,2,True,True
HD_225160,-1,84,0,lin,True,0,312.17,1.0277,1.7747,0.40946,3.7591,0.01926,0.030628,0.30026,14598,25.75,16717,2,True,True
HD_225160,-1,85,0,log,False,0,395.32,1.0203,2.0705,2.9726,23.62,0.051474,0.034247,0.043257,12940,25.489,12518,2,True,True
HD_225160,-1,85,0,log,True,0,395.32,1.0203,2.0705,2.9726,23.62,0.051474,0.034247,0.043257,12940,25.489,12518,2,True,True
HD_225160,-1,85,0,lin,False,0,662.41,0.54198,1.4073,1.035e-07,9.6243,0.013421,0.019435,0.40969,17813,25.489,12518,2,True,True
HD_225160,-1,85,0,lin,True,0,662.41,0.54198,1.4073,1.035e-07,9.6243,0.013421,0.019435,0.40969,17813,25.489,12518,2,True,True
HD_228841,-1,14,0,log,False,0,16.575,3.8084,1.593,0.34809,0.65299,0.19735,0.049544,0.037181,11419,26.85,13812,2,True,True
HD_228841,-1,14,0,log,True,0,16.575,3.8084,1.593,0.34809,0.65299,0.19735,0.049544,0.037181,11419,26.85,13812,2,True,True
HD_228841,-1,14,0,lin,False,0,23.659,2.8137,1.2674,1.0009e-07,0.45534,0.084516,0.037096,0.11374,11246,26.85,13812,2,True,True
HD_228841,-1,14,0,lin,True,0,23.659,2.8137,1.2674,1.0009e-07,0.45534,0.084516,0.037096,0.11374,11246,26.85,13812,2,True,True
HD_228841,-1,15,0,log,False,0,16.484,4.4697,1.809,0.65201,0.6183,0.20352,0.05969,0.038766,9389.5,23.008,13207,2,True,True
HD_228841,-1,15,0,log,True,0,16.484,4.4697,1.809,0.65201,0.6183,0.20352,0.05969,0.038766,9389.5,23.008,13207,2,True,True
HD_228841,-1,15,0,lin,False,0,22.573,3.5517,1.5998,0.67576,0.3843,0.085475,0.048076,0.10235,9357.2,23.008,13207,2,True,True
HD_228841,-1,15,0,lin,True,0,22.573,3.5517,1.5998,0.67576,0.3843,0.085475,0.048076,0.10235,9357.2,23.008,13207,2,True,True
HD_228841,-1,41,0,log,False,0,12.473,4.883,1.8081,0.16584,0.40458,0.18914,0.048904,0.023629,13081,26.589,18322,2,True,True
HD_228841,-1,41,0,log,True,0,12.473,4.883,1.8081,0.16584,0.40458,0.18914,0.048904,0.023629,13081,26.589,18322,2,True,True
HD_228841,-1,41,0,lin,False,0,14.723,4.8661,1.9487,0.34598,0.19157,0.079319,0.051573,0.061129,11681,26.589,18322,2,True,True
HD_228841,-1,41,0,lin,True,0,14.723,4.8661,1.9487,0.34598,0.19157,0.079319,0.051573,0.061129,11681,26.589,18322,2,True,True
HD_228841,-1,55,0,log,False,0,11.422,4.8901,1.8086,0.17904,0.38233,0.19581,0.051178,0.022993,12529,27.162,18882,2,True,True
HD_228841,-1,55,0,log,True,0,11.422,4.8901,1.8086,0.17904,0.38233,0.19581,0.051178,0.022993,12529,27.162,18882,2,True,True
HD_228841,-1,55,0,lin,False,0,13.59,4.888,1.7724,0.18997,0.19313,0.087477,0.048848,0.065311,11616,27.162,18882,2,True,True
HD_228841,-1,55,0,lin,True,0,13.59,4.888,1.7724,0.18997,0.19313,0.087477,0.048848,0.065311,11616,27.162,18882,2,True,True
HD_229232,-1,41,0,log,False,0,15.985,4.119,1.7878,0.14253,0.55351,0.16925,0.044116,0.021853,13760,26.589,18321,2,True,True
HD_229232,-1,41,0,log,True,2,12.889,5.0392,1.9564,0.17992,0.39913,0.17547,0.048902,0.019446,13551,26.589,18321,2,True,True
HD_229232,-1,41,0,lin,False,0,23.01,3.3157,1.8473,0.41844,0.44981,0.090666,0.067685,0.10312,6898.2,26.589,18321,2,True,True
HD_229232,-1,41,0,lin,True,2,17.495,4.1256,1.5975,1e-07,0.25174,0.079941,0.041508,0.077287,12443,26.589,18321,2,True,True
HD_229232,-1,55,0,log,False,0,15.414,3.9622,1.8638,0.23473,0.54112,0.16003,0.045799,0.018835,13290,27.161,18881,2,True,True
HD_229232,-1,55,0,log,True,2,10.905,5.5747,2.1701,0.28639,0.31412,0.16961,0.054811,0.016205,13048,27.161,18881,2,True,True
HD_229232,-1,55,0,lin,False,0,23.066,3.0797,1.9919,0.61909,0.44669,0.082775,0.074464,0.092323,6494.8,27.161,18881,2,True,True
HD_229232,-1,55,0,lin,True,2,16.984,3.8648,1.5325,1e-07,0.26045,0.081871,0.041213,0.0772,12090,27.161,18881,2,True,True
HD_229232,-1,75,0,log,False,0,11.437,5.3221,2.0385,0.18806,0.33123,0.16872,0.049075,0.016499,14243,27.697,19471,2,True,True
HD_229232,-1,75,0,log,True,2,9.0688,6.5486,2.3151,0.2463,0.23757,0.17383,0.058291,0.014661,13447,27.697,19471,2,True,True
HD_229232,-1,75,0,lin,False,0,18.983,3.2437,1.4501,1.0003e-07,0.37537,0.094313,0.047569,0.097778,9315.4,27.697,19471,2,True,True
HD_229232,-1,75,0,lin,True,1,19.138,2.7022,1.2657,1e-07,0.3889,0.086794,0.038742,0.093589,10950,27.697,19471,2,True,True
HD_229232,-1,81,0,log,False,0,14.681,4.5086,1.8883,0.17498,0.47813,0.16821,0.046004,0.019908,13780,26.624,18410,2,True,True
HD_229232,-1,81,0,log,True,1,13.244,4.9144,1.9216,0.17053,0.41528,0.17533,0.04799,0.020007,13645,26.624,18410,2,True,True
HD_229232,-1,81,0,lin,False,0,19.364,3.8413,1.732,0.17797,0.2928,0.079382,0.048651,0.07996,10604,26.624,18410,2,True,True
HD_229232,-1,81,0,lin,True,1,18.806,3.6749,1.5133,1.0002e-07,0.28721,0.078957,0.039976,0.081849,12184,26.624,18410,2,True,True
HD_24912,-1,59,0,log,False,0,1797.4,2.8228,2.0967,11.369,62.802,0.093715,0.032929,0.55083,16706,25.004,16330,2,True,True
HD_24912,-1,59,0,log,True,0,1797.4,2.8228,2.0967,11.369,62.802,0.093715,0.032929,0.55083,16706,25.004,16330,2,True,True
HD_24912,-1,59,0,lin,False,0,2689.2,1.8739,1.5504,1e-07,37.568,0.042195,0.032862,5.5429,12925,25.004,16330,2,True,True
HD_24912,-1,59,0,lin,True,0,2689.2,1.8739,1.5504,1e-07,37.568,0.042195,0.032862,5.5429,12925,25.004,16330,2,True,True
HD_24912,-1,86,0,log,False,0,3606.7,2.101,2.1369,73.826,150.34,0.0838,0.042495,1.2783,12741,26.563,11338,2,True,True
HD_24912,-1,86,0,log,True,0,3606.7,2.101,2.1369,73.826,150.34,0.0838,0.042495,1.2783,12741,26.563,11338,2,True,True
HD_24912,-1,86,0,lin,False,0,6186.1,1.2528,1.7378,83.948,74.39,0.023686,0.030946,7.1676,14611,26.563,11338,2,True,True
HD_24912,-1,86,0,lin,True,0,6186.1,1.2528,1.7378,83.948,74.39,0.023686,0.030946,7.1676,14611,26.563,11338,2,True,True
HD_26912,-1,5,0,log,False,0,6345.5,0.31517,2.1112,36.291,866.99,0.031359,0.049199,0.32079,7102.9,25.622,17218,2,True,True
HD_26912,-1,5,0,log,True,2,6872.6,0.22397,1.7977,23.578,1162,0.029125,0.034099,0.24451,9006.4,25.622,17218,2,True,True
HD_26912,-1,5,0,lin,False,0,4794.7,0.62583,30,63.393,36.274,0.0018608,2.33,3.8899,10843,25.622,17218,2,True,True
HD_26912,-1,5,0,lin,True,33,4637.1,0.65936,18.015,56.084,35.567,0.0025262,1.0699,3.7631,11106,25.622,17218,2,True,True
HD_26912,-1,32,0,log,False,0,11331,0.16691,1.6418,14.696,2476.5,0.028074,0.02571,0.23021,11390,25.997,17158,2,True,True
HD_26912,-1,32,0,log,True,2,6815.8,0.22957,1.8733,12.176,1074.1,0.025909,0.028688,0.13219,11332,25.997,17158,2,True,True
HD_26912,-1,32,0,lin,False,0,4827.7,0.67508,12.608,42.824,32.168,0.0026448,0.52709,3.2934,13724,25.997,17158,2,True,True
HD_26912,-1,32,0,lin,True,40,4808,0.67306,13.715,31.859,30.402,0.002409,0.57252,3.1463,14383,25.997,17158,2,True,True
HD_26912,-1,70,0,log,False,0,9005.1,0.19291,1.2159,8.4719,1917.6,0.044871,0.025686,0.99643,11196,24.169,15693,2.0002,True,True
HD_26912,-1,70,0,log,True,2,23041,0.044875,1.1733,4.4731,15881,0.029376,0.021498,0.508,12267,24.169,15693,2.0002,False,True
HD_26912,-1,70,0,lin,False,0,5377.4,0.62763,30,108.49,46.48,0.002133,2.6632,4.9937,8960.1,24.169,15693,2.0002,True,True
HD_26912,-1,70,0,lin,True,40,5177.4,0.62708,30,104.63,39.455,0.0018787,2.3478,4.2367,10505,24.169,15693,2.0002,True,True
HD_26912,-1,71,0,log,False,0,7904.8,0.19224,1.3106,10.96,1539.7,0.037572,0.02372,0.5581,11979,24,15181,2,True,True
HD_26912,-1,71,0,log,True,2,7191.1,0.15768,1.2974,6.9051,1632.6,0.035124,0.022798,0.39797,12250,24,15181,2,True,True
HD_26912,-1,71,0,lin,False,0,4403.4,0.72484,10.23,68.617,44.889,0.0048014,0.57826,4.6363,8140.5,24,15181,2,True,True
HD_26912,-1,71,0,lin,True,40,4298.6,0.76409,7.9771,53.645,44.168,0.0057295,0.38808,4.4778,8484.8,24,15181,2,True,True
HD_27563,-1,5,0,log,False,0,1535.7,0.13576,1.4068,3.0228,419.7,0.033239,0.027417,0.066854,9868.2,25.74,17364,2,False,True
HD_27563,-1,5,0,log,True,0,1535.7,0.13576,1.4068,3.0228,419.7,0.033239,0.027417,0.066854,9868.2,25.74,17364,2,False,True
HD_27563,-1,5,0,lin,False,0,874.03,0.50625,4.4382,8.3668,9.029,0.0047774,0.13112,0.56361,11133,25.74,17364,2,True,True
HD_27563,-1,5,0,lin,True,40,873.16,0.5014,4.554,6.465,8.7622,0.0045326,0.1333,0.54912,11411,25.74,17364,2,True,True
HD_27563,-1,32,0,log,False,0,6848.7,0.038931,1.3248,2.8321,6596.8,0.030797,0.024497,0.07469,10410,25.95,17225,2,False,True
HD_27563,-1,32,0,log,True,1,1528.9,0.13532,1.5464,1.8444,402.36,0.028361,0.024934,0.03231,11270,25.95,17225,2,False,True
HD_27563,-1,32,0,lin,False,0,1248.7,0.41505,9.8037,10.591,11.832,0.0024219,0.46186,0.8299,9652.6,25.95,17225,2,True,True
HD_27563,-1,32,0,lin,True,40,1232.1,0.42041,10.544,8.603,10.989,0.0022421,0.49206,0.79138,10246,25.95,17225,2,True,True
HD_28446,-1,19,0,log,False,0,282.81,3.0359,1.9903,4.314,10.618,0.11952,0.041604,0.17573,13360,24.986,16787,2,True,True
HD_28446,-1,19,0,log,True,1,304.11,2.6166,1.8321,3.2479,12.679,0.1197,0.038576,0.18659,13401,24.986,16787,2,True,True
HD_28446,-1,19,0,lin,False,0,576.79,1.168,1.1677,1e-07,14.753,0.056283,0.034188,1.6487,9695,24.986,16787,2,True,True
HD_28446,-1,19,0,lin,True,1,612.35,0.99472,1.1619,1e-07,13.004,0.040306,0.026612,1.2333,12628,24.986,16787,2,True,True
HD_28446,-1,59,0,log,False,0,315.99,3.0082,1.9501,1.2874,11.454,0.11176,0.033923,0.1404,16068,24.932,16248,2,True,True
HD_28446,-1,59,0,log,True,1,340.79,2.5572,1.799,0.81039,13.904,0.11234,0.032566,0.15723,15644,24.932,16248,2,True,True
HD_28446,-1,59,0,lin,False,0,494.59,1.9783,1.5289,1.0166e-07,8.0961,0.052122,0.038186,1.2686,10797,24.932,16248,2,True,True
HD_28446,-1,59,0,lin,True,1,501.06,1.8416,1.5932,0.77042,6.7709,0.039782,0.033032,0.9681,12914,24.932,16248,2,True,True
HD_28446,-1,73,0,log,False,0,264.42,3.8604,2.0833,1.9896,8.6357,0.1279,0.039596,0.16108,15781,26.849,12109,2,True,True
HD_28446,-1,73,0,log,True,1,277.9,3.2506,1.8834,1.3526,10.037,0.12703,0.036457,0.17502,15766,26.849,12109,2,True,True
HD_28446,-1,73,0,lin,False,0,354.4,3.3545,1.7275,1e-07,5.4585,0.073184,0.048268,1.3135,10479,26.849,12109,2,True,True
HD_28446,-1,73,0,lin,True,1,378.37,2.6563,1.6337,1e-07,4.8711,0.051539,0.035478,0.97154,13574,26.849,12109,2,True,True
HD_28446,-1,86,0,log,False,0,369.6,3.5577,2.3235,7.4882,12.309,0.11181,0.046779,0.19403,13817,26.565,9687,2,True,True
HD_28446,-1,86,0,log,True,1,473.19,2.2418,1.861,6.7327,20.66,0.10472,0.038546,0.24017,13266,26.565,9687,2,True,True
HD_28446,-1,86,0,lin,False,0,606.17,2.2381,1.5302,1e-07,9.4236,0.055014,0.037387,1.6611,11637,26.565,9687,2,True,True
HD_28446,-1,86,0,lin,True,1,581.86,2.0821,1.8983,10.425,6.5166,0.034448,0.037249,0.96779,13978,26.565,9687,2,True,True
HD_303492,-1,10,0,log,False,0,1832.5,0.088517,1.5447,1.6825,768.61,0.028036,0.026363,0.025196,10132,25.374,16455,2,False,True
HD_303492,-1,10,0,log,True,0,1832.5,0.088517,1.5447,1.6825,768.61,0.028036,0.026363,0.025196,10132,25.374,16455,2,False,True
HD_303492,-1,10,0,lin,False,0,415.02,0.61873,4.0743,3.3116,3.004,0.0043833,0.081687,0.21162,16444,25.374,16455,2,True,True
HD_303492,-1,10,0,lin,True,1,414.81,0.61906,4.0939,3.2724,2.9947,0.0043642,0.082211,0.2115,16454,25.374,16455,2,True,True
HD_326331,-1,12,0,log,False,0,140.83,2.4157,2.0504,2.8706,5.8309,0.10075,0.043446,0.067798,12111,24.6,14864,2,True,True
HD_326331,-1,12,0,log,True,1,142.21,2.3827,2.029,2.8253,5.915,0.10044,0.042767,0.068329,12202,24.6,14864,2,True,True
HD_326331,-1,12,0,lin,False,0,212.93,1.6139,1.5239,1.3603,2.8568,0.035639,0.029594,0.36864,13675,24.6,14864,2,True,True
HD_326331,-1,12,0,lin,True,1,213.03,1.6131,1.5219,1.3246,2.8605,0.035668,0.029554,0.36919,13681,24.6,14864,2,True,True
HD_34078,-1,19,0,log,False,0,2762.8,0.02,1.0318,4.3947,4226.4,0.032737,0.036178,0.14962,6184,24.922,16705,2,False,True
HD_34078,-1,19,0,log,True,0,2762.8,0.02,1.0318,4.3947,4226.4,0.032737,0.036178,0.14962,6184,24.922,16705,2,False,True
HD_34078,-1,19,0,lin,False,0,576.04,0.18119,1.2767,6.4205,18.65,0.0089884,0.018917,0.17825,16501,24.922,16705,2,True,True
HD_34078,-1,19,0,lin,True,0,576.04,0.18119,1.2767,6.4205,18.65,0.0089884,0.018917,0.17825,16501,24.922,16705,2,True,True
HD_34078,-1,43,0,log,False,0,3325,0.02,1.2937,1.5022,7599.3,0.037259,0.031721,0.030021,7065.3,24.327,16261,2.0002,False,True
HD_34078,-1,43,0,log,True,0,3325,0.02,1.2937,1.5022,7599.3,0.037259,0.031721,0.030021,7065.3,24.327,16261,2.0002,False,True
HD_34078,-1,43,0,lin,False,0,11474,0.02,1.6789,2.6375,5337.6,0.0062101,0.02025,0.090357,22148,24.327,16261,2.0002,False,True
HD_34078,-1,43,0,lin,True,0,11474,0.02,1.6789,2.6375,5337.6,0.0062101,0.02025,0.090357,22148,24.327,16261,2.0002,False,True
HD_34078,-1,44,0,log,False,0,2733.8,0.02,1.0058,2.1862,3795,0.030363,0.030833,0.13074,7966.8,24.249,16244,2.0002,False,True
HD_34078,-1,44,0,log,True,0,2733.8,0.02,1.0058,2.1862,3795,0.030363,0.030833,0.13074,7966.8,24.249,16244,2.0002,False,True
HD_34078,-1,44,0,lin,False,0,1471.8,0.068377,1.1654,3.76,123.85,0.0076519,0.019071,0.23885,15373,24.249,16244,2.0002,False,True
HD_34078,-1,44,0,lin,True,0,1471.8,0.068377,1.1654,3.76,123.85,0.0076519,0.019071,0.23885,15373,24.249,16244,2.0002,False,True
HD_34078,-1,45,0,log,False,0,1414.8,0.0592,1.1778,2.6055,806.43,0.033697,0.02954,0.077346,8264.6,24.59,16148,2,False,True
HD_34078,-1,45,0,log,True,0,1414.8,0.0592,1.1778,2.6055,806.43,0.033697,0.02954,0.077346,8264.6,24.59,16148,2,False,True
HD_34078,-1,45,0,lin,False,0,3092.7,0.031511,1.186,3.4603,438.79,0.0049377,0.01467,0.1602,20325,24.59,16148,2,False,True
HD_34078,-1,45,0,lin,True,0,3092.7,0.031511,1.186,3.4603,438.79,0.0049377,0.01467,0.1602,20325,24.59,16148,2,False,True
HD_34656,-1,19,0,log,False,0,164.6,3.2333,2.2573,3.1895,5.562,0.10427,0.043722,0.078492,13820,24.922,16697,2,True,True
HD_34656,-1,19,0,log,True,0,164.6,3.2333,2.2573,3.1895,5.562,0.10427,0.043722,0.078492,13820,24.922,16697,2,True,True
HD_34656,-1,19,0,lin,False,0,238.78,2.4092,1.7013,0.90588,3.2136,0.049053,0.038679,0.57152,12010,24.922,16697,2,True,True
HD_34656,-1,19,0,lin,True,0,238.78,2.4092,1.7013,0.90588,3.2136,0.049053,0.038679,0.57152,12010,24.922,16697,2,True,True
HD_34656,-1,86,0,log,False,0,255.82,2.587,2.2805,4.9421,9.035,0.084209,0.041248,0.086366,14479,26.566,11790,2,True,True
HD_34656,-1,86,0,log,True,0,255.82,2.587,2.2805,4.9421,9.035,0.084209,0.041248,0.086366,14479,26.566,11790,2,True,True
HD_34656,-1,86,0,lin,False,0,310.3,2.5178,2.0734,4.1616,3.0918,0.035211,0.039572,0.52761,14791,26.566,11790,2,True,True
HD_34656,-1,86,0,lin,True,0,310.3,2.5178,2.0734,4.1616,3.0918,0.035211,0.039572,0.52761,14791,26.566,11790,2,True,True
HD_34816,-1,5,0,log,False,0,315.94,0.94072,1.784,6.1942,21.68,0.066227,0.041753,0.093822,9346.6,25.727,17301,2,True,True
HD_34816,-1,5,0,log,True,2,186.28,0.68755,1.487,3.6538,16.402,0.070824,0.039458,0.075213,8490,25.727,17301,2,True,True
HD_34816,-1,5,0,lin,False,0,409.47,1.4436,5.1401,11.208,8.2956,0.027072,0.37875,1.1092,3385.2,25.727,17301,2,True,True
HD_34816,-1,5,0,lin,True,3,299.01,0.39799,1.2735,3.7572,6.0928,0.014215,0.019711,0.18599,16250,25.727,17301,2,True,True
HD_34816,-1,32,0,log,False,0,300.09,1.1391,2.0986,4.7809,17.357,0.059069,0.042997,0.058949,10692,25.893,17589,2,True,True
HD_34816,-1,32,0,log,True,3,357.24,0.21758,1.2943,3.3286,72.665,0.049242,0.03757,0.072519,6868.8,25.893,17589,2,True,True
HD_34816,-1,32,0,lin,False,0,417.51,1.4288,5.0755,8.8752,8.3692,0.026662,0.3664,1.1083,3471.4,25.893,17589,2,True,True
HD_34816,-1,32,0,lin,True,3,561.02,0.16956,1.3641,4.6581,23.62,0.010228,0.025785,0.18783,12891,25.893,17589,2,True,True
HD_34816,-1,98,0,log,False,0,273.21,0.91515,1.5733,2.7044,13.538,0.049872,0.02291,0.05625,24736,57.372,28405,2,True,True
HD_34816,-1,98,0,log,True,4,292.24,0.21228,1.2773,2.1237,39.996,0.032246,0.023341,0.035748,17057,57.372,28405,2,True,True
HD_34816,-1,98,0,lin,False,0,315.17,1.5169,3.8459,7.6823,4.519,0.023178,0.16099,0.57251,7899.3,57.372,28405,2,True,True
HD_34816,-1,98,0,lin,True,4,286.74,0.31284,1.5723,3.4616,4.7226,0.0076296,0.020249,0.094852,27582,57.372,28405,2,True,True
HD_35468,-1,6,0,log,False,0,11218,0.30646,1.4217,96.883,1737.3,0.049913,0.03655,1.9732,7285.6,21.772,14544,2,True,True
HD_35468,-1,6,0,log,True,0,11218,0.30646,1.4217,96.883,1737.3,0.049913,0.03655,1.9732,7285.6,21.772,14544,2,True,True
HD_35468,-1,6,0,lin,False,0,16028,0.22888,1.3788,116.18,414.64,0.0090115,0.020389,5.4439,15168,21.772,14544,2,True,True
HD_35468,-1,6,0,lin,True,0,16028,0.22888,1.3788,116.18,414.64,0.0090115,0.020389,5.4439,15168,21.772,14544,2,True,True
HD_35468,-1,32,0,log,False,0,10861,0.12604,1.1144,63.098,3368.8,0.046884,0.035122,2.2546,7247.1,25.917,16966,2,False,True
HD_35468,-1,32,0,log,True,0,10861,0.12604,1.1144,63.098,3368.8,0.046884,0.035122,2.2546,7247.1,25.917,16966,2,False,True
HD_35468,-1,32,0,lin,False,0,9813.6,0.18406,1.1822,81.986,389.78,0.011937,0.021038,4.2017,14264,25.917,16966,2,True,True
HD_35468,-1,32,0,lin,True,0,9813.6,0.18406,1.1822,81.986,389.78,0.011937,0.021038,4.2017,14264,25.917,16966,2,True,True
HD_35468,-1,98,0,log,False,0,2785,0.40242,1.3476,74.231,278.67,0.049604,0.034409,0.97603,10751,52.717,27902,2,True,True
HD_35468,-1,98,0,log,True,0,2785,0.40242,1.3476,74.231,278.67,0.049604,0.034409,0.97603,10751,52.717,27902,2,True,True
HD_35468,-1,98,0,lin,False,0,8380.6,0.10839,1.1029,80.641,409.23,0.0082221,0.015755,2.0675,25882,52.717,27902,2,False,True
HD_35468,-1,98,0,lin,True,0,8380.6,0.10839,1.1029,80.641,409.23,0.0082221,0.015755,2.0675,25882,52.717,27902,2,False,True
HD_35912,-1,6,0,log,False,0,202.42,1.0203,2.1743,3.128,13.939,0.060514,0.051414,0.038442,8140,21.772,14681,2,True,True
HD_35912,-1,6,0,log,True,9,171.42,0.96599,1.8704,1.6036,12.466,0.065569,0.038764,0.031697,9721,21.772,14681,2,True,True
HD_35912,-1,6,0,lin,False,0,308.36,1.2627,18.582,6.1536,3.4867,0.0073078,1.7244,0.53989,6183.4,21.772,14681,2,True,True
HD_35912,-1,6,0,lin,True,31,308.93,1.2656,18.886,5.0424,3.4365,0.0071522,1.7402,0.5336,6319,21.772,14681,2,True,True
HD_35912,-1,32,0,log,False,0,270.29,0.86602,2.0957,1.779,18.403,0.047976,0.036002,0.024283,11994,25.902,17155,2,True,True
HD_35912,-1,32,0,log,True,6,251.87,0.82277,2.0659,1.6945,17.527,0.046989,0.035694,0.02275,11878,25.902,17155,2,True,True
HD_35912,-1,32,0,lin,False,0,286.59,1.2624,12.352,4.7277,2.1745,0.0059059,0.6054,0.32103,11654,25.902,17155,2,True,True
HD_35912,-1,32,0,lin,True,40,286.68,1.2623,13.074,3.6828,2.1141,0.0055937,0.64441,0.3145,11971,25.902,17155,2,True,True
HD_35912,-1,98,0,log,False,0,249.98,0.71143,1.5594,1.9656,14.709,0.044376,0.022643,0.038974,22635,52.354,27210,2,True,True
HD_35912,-1,98,0,log,True,4,198.76,0.64686,1.5178,1.5961,12.76,0.044747,0.02322,0.032588,21329,52.354,27210,2,True,True
HD_35912,-1,98,0,lin,False,0,239.95,1.2698,10.178,6.6864,1.6533,0.005887,0.40213,0.23768,17523,52.354,27210,2,True,True
HD_35912,-1,98,0,lin,True,40,239.38,1.29,9.281,6.2042,1.6083,0.0060841,0.33754,0.22966,18426,52.354,27210,2,True,True
HD_36483,-1,86,0,log,False,0,239.7,0.14132,1.0696,0.76224,65.848,0.048755,0.031176,0.0536,9068.3,26.566,11801,2,False,True
HD_36483,-1,86,0,log,True,0,239.7,0.14132,1.0696,0.76224,65.848,0.048755,0.031176,0.0536,9068.3,26.566,11801,2,False,True
HD_36483,-1,86,0,lin,False,0,188.3,0.27599,1.2802,1.656,4.659,0.011323,0.019499,0.085538,16561,26.566,11801,2,True,True
HD_36483,-1,86,0,lin,True,0,188.3,0.27599,1.2802,1.656,4.659,0.011323,0.019499,0.085538,16561,26.566,11801,2,True,True
HD_36512,-1,6,0,log,False,0,141.67,0.26459,1.6924,4.1898,28.959,0.052626,0.079216,0.041172,2625.6,21.772,14606,2,True,True
HD_36512,-1,6,0,log,True,1,131,0.29332,1.7455,4.1431,24.071,0.052181,0.080274,0.039218,2724,21.772,14606,2,True,True
HD_36512,-1,6,0,lin,False,0,108.38,0.48298,2.7399,5.3307,1.4834,0.007697,0.066896,0.067743,10236,21.772,14606,2,True,True
HD_36512,-1,6,0,lin,True,1,108.86,0.48213,2.6986,5.1809,1.4201,0.0073812,0.061759,0.064119,10957,21.772,14606,2,True,True
HD_36512,-1,32,0,log,False,0,388.27,0.14458,1.3209,3.0164,115.76,0.044166,0.041283,0.053903,5598.3,25.895,17602,2,False,True
HD_36512,-1,32,0,log,True,1,352.92,0.16207,1.3421,3.0265,95.743,0.045197,0.041906,0.052711,5577.9,25.895,17602,2,True,True
HD_36512,-1,32,0,lin,False,0,1782.7,0.030578,1.159,3.3575,296.52,0.0057429,0.016736,0.11249,18282,25.895,17602,2,False,True
HD_36512,-1,32,0,lin,True,1,1774,0.030749,1.1593,3.3338,292.66,0.0057319,0.016697,0.11219,18325,25.895,17602,2,False,True
HD_36512,-1,98,0,log,False,0,80.826,0.72088,1.502,1.9264,4.9473,0.052092,0.029627,0.025997,16497,57.373,28408,2,True,True
HD_36512,-1,98,0,log,True,1,75.066,0.8136,1.585,1.9764,4.1925,0.052134,0.030723,0.02375,16596,57.373,28408,2,True,True
HD_36512,-1,98,0,lin,False,0,340.68,0.076402,0.88392,0.47236,22.586,0.0092178,0.014213,0.11797,28119,57.373,28408,2,False,True
HD_36512,-1,98,0,lin,True,1,331.39,0.080561,0.89053,0.46372,20.954,0.009278,0.014117,0.11571,28378,57.373,28408,2,False,True
HD_36861,-1,6,0,log,False,0,1415.8,3.1126,1.7591,13.545,59.504,0.15269,0.043142,1.396,11666,21.772,14569,2,True,True
HD_36861,-1,6,0,log,True,0,1415.8,3.1126,1.7591,13.545,59.504,0.15269,0.043142,1.396,11666,21.772,14569,2,True,True
HD_36861,-1,6,0,lin,False,0,3797.2,0.67146,1.0306,1.0002e-07,101.56,0.03678,0.024201,7.0211,12109,21.772,14569,2,True,True
HD_36861,-1,6,0,lin,True,0,3797.2,0.67146,1.0306,1.0002e-07,101.56,0.03678,0.024201,7.0211,12109,21.772,14569,2,True,True
HD_36861,-1,98,0,log,False,0,10445,0.14847,0.98864,21.944,1959.7,0.038614,0.022229,2.4579,19195,52.716,27907,2,False,True
HD_36861,-1,98,0,log,True,0,10445,0.14847,0.98864,21.944,1959.7,0.038614,0.022229,2.4579,19195,52.716,27907,2,False,True
HD_36861,-1,98,0,lin,False,0,9826.6,0.21915,1.0451,34.957,264.14,0.010908,0.013608,4.3908,30101,52.716,27907,2,True,True
HD_36861,-1,98,0,lin,True,0,9826.6,0.21915,1.0451,34.957,264.14,0.010908,0.013608,4.3908,30101,52.716,27907,2,True,True
HD_36879,-1,43,0,log,False,0,132.16,1.7041,1.9404,1.053,6.2092,0.076795,0.032653,0.030719,14280,24.358,16298,2.0002,True,True
HD_36879,-1,43,0,log,True,0,132.16,1.7041,1.9404,1.053,6.2092,0.076795,0.032653,0.030719,14280,24.358,16298,2.0002,True,True
HD_36879,-1,43,0,lin,False,0,215.46,1.0274,1.4736,1e-07,3.1727,0.025781,0.027062,0.26651,13661,24.358,16298,2.0002,True,True
HD_36879,-1,43,0,lin,True,0,215.46,1.0274,1.4736,1e-07,3.1727,0.025781,0.027062,0.26651,13661,24.358,16298,2.0002,True,True
HD_36879,-1,44,0,log,False,0,103.06,2.441,2.2417,0.87921,3.9634,0.082726,0.035897,0.023271,15142,24.252,16245,2.0002,True,True
HD_36879,-1,44,0,log,True,0,103.06,2.441,2.2417,0.87921,3.9634,0.082726,0.035897,0.023271,15142,24.252,16245,2.0002,True,True
HD_36879,-1,44,0,lin,False,0,155.15,1.6498,1.6651,1e-07,1.8658,0.03145,0.030743,0.23552,14072,24.252,16245,2.0002,True,True
HD_36879,-1,44,0,lin,True,0,155.15,1.6498,1.6651,1e-07,1.8658,0.03145,0.030743,0.23552,14072,24.252,16245,2.0002,True,True
HD_36879,-1,45,0,log,False,0,123.05,1.9844,2.0271,0.75603,5.3058,0.079314,0.031909,0.026301,15371,24.44,15951,2,True,True
HD_36879,-1,45,0,log,True,0,123.05,1.9844,2.0271,0.75603,5.3058,0.079314,0.031909,0.026301,15371,24.44,15951,2,True,True
HD_36879,-1,45,0,lin,False,0,171.32,1.5263,1.7631,0.60533,2.0369,0.028185,0.032833,0.2344,13710,24.44,15951,2,True,True
HD_36879,-1,45,0,lin,True,0,171.32,1.5263,1.7631,0.60533,2.0369,0.028185,0.032833,0.2344,13710,24.44,15951,2,True,True
HD_36879,-1,71,0,log,False,0,96.626,2.4086,2.0914,0.81911,3.7816,0.08863,0.034811,0.02729,14978,24.077,15054,2.0002,True,True
HD_36879,-1,71,0,log,True,0,96.626,2.4086,2.0914,0.81911,3.7816,0.08863,0.034811,0.02729,14978,24.077,15054,2.0002,True,True
HD_36879,-1,71,0,lin,False,0,153.37,1.553,1.598,1e-07,2.3504,0.038528,0.036117,0.28538,11177,24.077,15054,2.0002,True,True
HD_36879,-1,71,0,lin,True,0,153.37,1.553,1.598,1e-07,2.3504,0.038528,0.036117,0.28538,11177,24.077,15054,2.0002,True,True
HD_36960,-1,6,0,log,False,0,1852.5,0.28956,1.1885,11.929,325.49,0.063481,0.035089,0.59539,7741.4,21.772,14680,2,True,True
HD_36960,-1,6,0,log,True,0,1852.5,0.28956,1.1885,11.929,325.49,0.063481,0.035089,0.59539,7741.4,21.772,14680,2,True,True
HD_36960,-1,6,0,lin,False,0,1995.5,0.35971,1.331,19.216,50.183,0.015238,0.024861,1.3065,12084,21.772,14680,2,True,True
HD_36960,-1,6,0,lin,True,0,1995.5,0.35971,1.331,19.216,50.183,0.015238,0.024861,1.3065,12084,21.772,14680,2,True,True
HD_36960,-1,32,0,log,False,0,1640.8,0.21431,1.242,6.195,296.28,0.043201,0.027337,0.23276,10671,25.902,17155,2,True,True
HD_36960,-1,32,0,log,True,0,1640.8,0.21431,1.242,6.195,296.28,0.043201,0.027337,0.23276,10671,25.902,17155,2,True,True
HD_36960,-1,32,0,lin,False,0,4379.6,0.06934,1.1107,6.2064,321.29,0.0071412,0.016354,0.7298,17874,25.902,17155,2,False,True
HD_36960,-1,32,0,lin,True,0,4379.6,0.06934,1.1107,6.2064,321.29,0.0071412,0.016354,0.7298,17874,25.902,17155,2,False,True
HD_36960,-1,98,0,log,False,0,4734.8,0.063284,1.0375,4.8277,1654.5,0.02567,0.019565,0.33671,20023,52.354,27168,2,False,True
HD_36960,-1,98,0,log,True,0,4734.8,0.063284,1.0375,4.8277,1654.5,0.02567,0.019565,0.33671,20023,52.354,27168,2,False,True
HD_36960,-1,98,0,lin,False,0,2248.1,0.22556,1.2217,10.933,46.874,0.0077683,0.013288,0.65999,33069,52.354,27168,2,True,True
HD_36960,-1,98,0,lin,True,0,2248.1,0.22556,1.2217,10.933,46.874,0.0077683,0.013288,0.65999,33069,52.354,27168,2,True,True
HD_37041,-1,6,0,log,False,0,2948,0.22029,1.204,21.461,638.65,0.05683,0.037235,0.76812,6724.2,21.772,14683,2,True,True
HD_37041,-1,6,0,log,True,0,2948,0.22029,1.204,21.461,638.65,0.05683,0.037235,0.76812,6724.2,21.772,14683,2,True,True
HD_37041,-1,6,0,lin,False,0,12119,0.03959,1.0094,18.258,1715.9,0.0078404,0.018679,1.9587,13711,21.772,14683,2,False,True
HD_37041,-1,6,0,lin,True,0,12119,0.03959,1.0094,18.258,1715.9,0.0078404,0.018679,1.9587,13711,21.772,14683,2,False,True
HD_37041,-1,32,0,log,False,0,14905,0.037656,1.2117,13.797,13985,0.032421,0.028739,0.38616,8466,25.9,17146,2,False,True
HD_37041,-1,32,0,log,True,0,14905,0.037656,1.2117,13.797,13985,0.032421,0.028739,0.38616,8466,25.9,17146,2,False,True
HD_37041,-1,32,0,lin,False,0,9160.2,0.079574,1.3304,20.451,590.13,0.0061633,0.0187,1.1004,18160,25.9,17146,2,False,True
HD_37041,-1,32,0,lin,True,0,9160.2,0.079574,1.3304,20.451,590.13,0.0061633,0.0187,1.1004,18160,25.9,17146,2,False,True
HD_37041,-1,98,0,log,False,0,3045,0.28591,1.1793,9.042,337.02,0.038843,0.019832,0.50621,22325,52.353,27207,2,True,True
HD_37041,-1,98,0,log,True,0,3045,0.28591,1.1793,9.042,337.02,0.038843,0.019832,0.50621,22325,52.353,27207,2,True,True
HD_37041,-1,98,0,lin,False,0,5782.4,0.13892,1.06,5.5908,216.57,0.008809,0.014086,1.7824,28687,52.353,27207,2,False,True
HD_37041,-1,98,0,lin,True,0,5782.4,0.13892,1.06,5.5908,216.57,0.008809,0.014086,1.7824,28687,52.353,27207,2,False,True
HD_37042,-1,6,0,log,False,0,8161.9,0.09193,1.1434,23.251,3410.4,0.042083,0.033309,0.94501,7092.8,21.772,14682,2,False,True
HD_37042,-1,6,0,log,True,0,8161.9,0.09193,1.1434,23.251,3410.4,0.042083,0.033309,0.94501,7092.8,21.772,14682,2,False,True
HD_37042,-1,6,0,lin,False,0,11128,0.079434,1.1497,28.811,861.31,0.0085857,0.020005,2.299,13694,21.772,14682,2,False,True
HD_37042,-1,6,0,lin,True,0,11128,0.079434,1.1497,28.811,861.31,0.0085857,0.020005,2.299,13694,21.772,14682,2,False,True
HD_37061,-1,6,0,log,False,0,488,0.22079,1.3013,2.7286,101.98,0.049876,0.03503,0.080152,7238.6,21.772,14674,2,True,True
HD_37061,-1,6,0,log,True,1,991.59,0.080774,1.1929,2.3729,481.3,0.040091,0.033625,0.08038,6815.7,21.772,14674,2,False,True
HD_37061,-1,6,0,lin,False,0,768.94,0.13288,1.1008,1.48,48.387,0.013602,0.024008,0.34885,10887,21.772,14674,2,False,True
HD_37061,-1,6,0,lin,True,1,834.02,0.12247,1.2324,2.8458,45.029,0.0095508,0.021898,0.22963,13045,21.772,14674,2,False,True
HD_37061,-1,32,0,log,False,0,96.501,0.88634,2.6824,2.3266,6.5683,0.046514,0.080173,0.018786,6662.2,25.902,17152,2,True,True
HD_37061,-1,32,0,log,True,8,1961.6,0.030893,1.4257,2.2549,3390,0.040554,0.042373,0.027627,4925.5,25.902,17152,2,False,True
HD_37061,-1,32,0,lin,False,0,1204.2,0.039032,1.0135,0.16106,287.41,0.012927,0.031002,0.31333,8048.4,25.902,17152,2,False,True
HD_37061,-1,32,0,lin,True,22,369.6,0.20445,3.7051,3.4294,5.1158,0.0021807,0.073296,0.082079,15849,25.902,17152,2,True,True
HD_37128,-1,6,0,log,False,0,60346,0.7933,2.3047,719.9,4400.4,0.045666,0.051263,7.0462,8372.9,21.772,14682,2,True,True
HD_37128,-1,6,0,log,True,0,60346,0.7933,2.3047,719.9,4400.4,0.045666,0.051263,7.0462,8372.9,21.772,14682,2,True,True
HD_37128,-1,6,0,lin,False,0,1e+05,0.46729,1.6679,621.21,1499.4,0.010692,0.025909,52.248,14485,21.772,14682,2,True,True
HD_37128,-1,6,0,lin,True,0,1e+05,0.46729,1.6679,621.21,1499.4,0.010692,0.025909,52.248,14485,21.772,14682,2,True,True
HD_37128,-1,32,0,log,False,0,22017,0.94751,2.2419,103.72,1280.4,0.041694,0.031656,1.2864,14675,25.902,17122,2,True,True
HD_37128,-1,32,0,log,True,0,22017,0.94751,2.2419,103.72,1280.4,0.041694,0.031656,1.2864,14675,25.902,17122,2,True,True
HD_37128,-1,32,0,lin,False,0,27794,0.87259,2.2165,134.92,279.46,0.012122,0.037475,19.821,15429,25.902,17122,2,True,True
HD_37128,-1,32,0,lin,True,0,27794,0.87259,2.2165,134.92,279.46,0.012122,0.037475,19.821,15429,25.902,17122,2,True,True
HD_37128,-1,98,0,log,False,0,34419,0.80426,1.8861,218.87,1682.3,0.034717,0.022093,2.5785,25879,52.356,26636,2,True,True
HD_37128,-1,98,0,log,True,0,34419,0.80426,1.8861,218.87,1682.3,0.034717,0.022093,2.5785,25879,52.356,26636,2,True,True
HD_37128,-1,98,0,lin,False,0,32979,1.0592,2.0777,256.43,235.55,0.010881,0.024457,19.388,31287,52.356,26636,2,True,True
HD_37128,-1,98,0,lin,True,0,32979,1.0592,2.0777,256.43,235.55,0.010881,0.024457,19.388,31287,52.356,26636,2,True,True
HD_37209,-1,6,0,log,False,0,248.61,0.02,0.84409,1.9466,424.15,0.047964,0.068331,0.098342,2385.1,21.772,14682,2,False,True
HD_37209,-1,6,0,log,True,12,52.265,0.36411,1.5903,2.4625,8.904,0.068668,0.0806,0.028024,2520.4,21.772,14682,2,True,True
HD_37209,-1,6,0,lin,False,0,47.034,0.59213,3.3048,3.7702,0.89204,0.012166,0.14262,0.054863,5315.8,21.772,14682,2,True,True
HD_37209,-1,6,0,lin,True,11,47.288,0.59613,3.4767,3.2899,0.69201,0.0092138,0.12155,0.043931,7410.9,21.772,14682,2,True,True
HD_37209,-1,98,0,log,False,0,581.72,0.02,0.94144,1.0679,596.65,0.024541,0.028179,0.042438,11568,52.356,27209,2,False,True
HD_37209,-1,98,0,log,True,16,222.81,0.074947,1.0948,1.3236,79.719,0.030885,0.028254,0.026558,11310,52.356,27209,2,False,True
HD_37209,-1,98,0,lin,False,0,127.74,0.27826,1.3187,1.9628,3.5012,0.012392,0.022698,0.063162,18968,52.356,27209,2,True,True
HD_37209,-1,98,0,lin,True,13,115.77,0.33141,1.4348,1.8602,2.4927,0.011303,0.02307,0.055465,20348,52.356,27209,2,True,True
HD_37481,-1,6,0,log,False,0,206.83,0.054595,0.94216,1.3212,151.24,0.053375,0.050304,0.070747,4002.8,21.772,14607,2,False,True
HD_37481,-1,6,0,log,True,8,90.657,0.21824,1.2502,1.7025,22.934,0.066322,0.054258,0.036968,3764.3,21.772,14607,2,True,True
HD_37481,-1,6,0,lin,False,0,81.08,0.30585,1.1105,1.8047,3.7329,0.02616,0.031144,0.091343,8172,21.772,14607,2,True,True
HD_37481,-1,6,0,lin,True,5,63.92,0.48018,1.3743,2.0342,1.6991,0.02182,0.032281,0.063202,9304.7,21.772,14607,2,True,True
HD_37481,-1,32,0,log,False,0,295.29,0.02,0.82081,1.1232,392.05,0.038131,0.049479,0.087909,4570.6,25.895,17592,2,False,True
HD_37481,-1,32,0,log,True,8,455.08,0.02,0.9579,1.4504,708.76,0.036828,0.045831,0.053933,4457.4,25.895,17592,2,False,True
HD_37481,-1,32,0,lin,False,0,873.99,0.02,1.0742,2.2634,357.89,0.0094611,0.027621,0.082191,9906.3,25.895,17592,2,False,True
HD_37481,-1,32,0,lin,True,3,898.43,0.02,1.0862,2.1311,342.91,0.0086977,0.02554,0.074144,11039,25.895,17592,2,False,True
HD_37481,-1,98,0,log,False,0,354.06,0.046975,0.92123,0.78288,157.64,0.027695,0.024363,0.050581,16005,57.373,28409,2,False,True
HD_37481,-1,98,0,log,True,5,248.23,0.089496,1.0223,1.069,68.722,0.031294,0.024021,0.03786,15864,57.373,28409,2,False,True
HD_37481,-1,98,0,lin,False,0,314.67,0.081934,0.99102,1.2455,21.535,0.0091614,0.01631,0.089527,24369,57.373,28409,2,False,True
HD_37481,-1,98,0,lin,True,3,279.81,0.10113,1.0344,1.2949,15.53,0.0091457,0.016043,0.081161,25343,57.373,28409,2,False,True
HD_37711,-1,6,0,log,False,0,1404.2,0.55,1.7289,11.815,139.44,0.051035,0.037382,0.19405,8594.3,21.772,14593,2,True,True
HD_37711,-1,6,0,log,True,4,1189.2,0.47854,1.7476,5.7711,121.48,0.042916,0.031825,0.09715,10080,21.772,14593,2,True,True
HD_37711,-1,6,0,lin,False,0,1731.5,0.73317,5.373,28.926,23.749,0.0087683,0.26195,2.1021,6272.2,21.772,14593,2,True,True
HD_37711,-1,6,0,lin,True,38,1728.3,0.71956,7.648,20.452,20.176,0.0062167,0.40838,1.9499,7014.8,21.772,14593,2,True,True
HD_37711,-1,43,0,log,False,0,1337.3,0.52235,1.8212,5.9342,123.52,0.040944,0.030609,0.093352,11472,24.356,16281,2.0002,True,True
HD_37711,-1,43,0,log,True,0,1337.3,0.52235,1.8212,5.9342,123.52,0.040944,0.030609,0.093352,11472,24.356,16281,2.0002,True,True
HD_37711,-1,43,0,lin,False,0,1438.7,0.76208,2.692,11.623,20.675,0.013542,0.076256,1.4139,8868.5,24.356,16281,2.0002,True,True
HD_37711,-1,43,0,lin,True,0,1438.7,0.76208,2.692,11.623,20.675,0.013542,0.076256,1.4139,8868.5,24.356,16281,2.0002,True,True
HD_37711,-1,44,0,log,False,0,1876,0.34425,1.6462,4.9137,236.64,0.037505,0.027286,0.10094,11447,24.253,16245,2.0002,True,True
HD_37711,-1,44,0,log,True,2,2278.8,0.25824,1.6136,5.1289,350.25,0.033526,0.026777,0.095486,11100,24.253,16245,2.0002,True,True
HD_37711,-1,44,0,lin,False,0,1650.2,0.55573,2.2298,10.749,21.669,0.0096833,0.043956,1.0131,12584,24.253,16245,2.0002,True,True
HD_37711,-1,44,0,lin,True,0,1650.2,0.55573,2.2298,10.749,21.669,0.0096833,0.043956,1.0131,12584,24.253,16245,2.0002,True,True
HD_37711,-1,45,0,log,False,0,1444.5,0.46037,1.6035,3.4208,148.8,0.04349,0.025395,0.10657,12965,24.439,15949,2.0002,True,True
HD_37711,-1,45,0,log,True,1,1496.5,0.41528,1.5872,3.5415,166.8,0.042322,0.02572,0.10551,12515,24.439,15949,2.0002,True,True
HD_37711,-1,45,0,lin,False,0,1240.1,0.88669,2.9313,12.291,14.565,0.012451,0.075486,1.164,10535,24.439,15949,2.0002,True,True
HD_37711,-1,45,0,lin,True,0,1240.1,0.88669,2.9313,12.291,14.565,0.012451,0.075486,1.164,10535,24.439,15949,2.0002,True,True
HD_37742,-1,6,0,log,False,0,33547,0.92455,2.0951,230.8,2239.7,0.050738,0.036566,3.3107,11096,21.77,14663,2,True,True
HD_37742,-1,6,0,log,True,1,32360,0.97178,2.1535,234.76,2083.7,0.05072,0.037658,3.197,11117,21.77,14663,2,True,True
HD_37742,-1,6,0,lin,False,0,42019,0.83817,1.9881,264.77,481.35,0.014014,0.034272,32.073,13487,21.77,14663,2,True,True
HD_37742,-1,6,0,lin,True,1,42016,0.83847,1.989,260.44,480.71,0.013999,0.034262,32.045,13499,21.77,14663,2,True,True
HD_37742,-1,98,0,log,False,0,1646,0.57885,1.4457,27.457,122.46,0.050167,0.02884,0.44407,15523,52.355,27136,2,True,True
HD_37742,-1,98,0,log,True,1,1641,0.5817,1.4478,27.47,121.38,0.050089,0.028797,0.44193,15580,52.355,27136,2,True,True
HD_37742,-1,98,0,lin,False,0,2459.7,0.39888,1.2595,26.656,45.512,0.013011,0.017525,1.3956,25468,52.355,27136,2,True,True
HD_37742,-1,98,0,lin,True,0,2459.7,0.39888,1.2595,26.656,45.512,0.013011,0.017525,1.3956,25468,52.355,27136,2,True,True
HD_38666,-1,5,0,log,False,0,36.891,2.7344,1.698,1.8692,1.7387,0.16257,0.056516,0.061539,8482.3,25.775,17391,2,True,True
HD_38666,-1,5,0,log,True,4,31.164,3.0336,1.8146,2.0635,1.3647,0.16207,0.061558,0.054576,8107.1,25.775,17391,2,True,True
HD_38666,-1,5,0,lin,False,0,67.324,1.4742,1.1712,0.83491,2.0773,0.083462,0.044738,0.29367,6930.7,25.775,17391,2,True,True
HD_38666,-1,5,0,lin,True,2,70.754,0.9349,0.90199,1e-07,2.5886,0.073619,0.031958,0.29229,9927.2,25.775,17391,2,True,True
HD_38666,-1,6,0,log,False,0,56.315,1.7803,1.4863,2.3256,3.8148,0.16333,0.057266,0.092157,6463.9,21.772,14608,2,True,True
HD_38666,-1,6,0,log,True,2,67.453,1.297,1.3321,2.1298,5.4901,0.1515,0.052205,0.10305,6519.8,21.772,14608,2,True,True
HD_38666,-1,6,0,lin,False,0,288.8,0.093212,0.73759,1.0001e-07,32.615,0.023845,0.026033,0.38181,9903.4,21.772,14608,2,False,True
HD_38666,-1,6,0,lin,True,1,318.49,0.077089,0.73643,1e-07,36.297,0.019473,0.023474,0.33779,11023,21.772,14608,2,False,True
HD_38666,-1,32,0,log,False,0,57.05,1.5303,1.425,2.154,3.7744,0.13985,0.049556,0.079264,7850.7,25.91,17621,2,True,True
HD_38666,-1,32,0,log,True,2,65.282,1.1993,1.3462,2.1225,4.9435,0.12819,0.047042,0.081354,7741.7,25.91,17621,2,True,True
HD_38666,-1,32,0,lin,False,0,780.09,0.02,0.75354,0.46872,196.05,0.0090708,0.021519,0.27932,12386,25.91,17621,2,False,True
HD_38666,-1,32,0,lin,True,2,808.33,0.02,0.77027,0.67426,196.11,0.0085165,0.020478,0.25126,13034,25.91,17621,2,False,True
HD_38666,-1,33,0,log,False,0,38.391,2.5706,1.7768,2.0065,1.9205,0.15599,0.060397,0.056337,7740.4,25.838,17451,2,True,True
HD_38666,-1,33,0,log,True,5,43.309,1.8394,1.5194,1.8759,2.6887,0.15248,0.054603,0.065523,7396.3,25.838,17451,2,True,True
HD_38666,-1,33,0,lin,False,0,94.195,0.72623,0.93588,1e-07,3.7819,0.062779,0.03315,0.3155,8855.5,25.838,17451,2,True,True
HD_38666,-1,33,0,lin,True,3,110.69,0.45206,0.87012,1e-07,5.2399,0.048266,0.029006,0.28451,9888.9,25.838,17451,2,True,True
HD_38771,-1,6,0,log,False,0,2474.5,0.023783,0.9268,1.4807,2712.1,0.031842,0.031779,0.22763,7955.2,21.772,14593,2,False,True
HD_38771,-1,6,0,log,True,0,2474.5,0.023783,0.9268,1.4807,2712.1,0.031842,0.031779,0.22763,7955.2,21.772,14593,2,False,True
HD_38771,-1,6,0,lin,False,0,643.43,0.2195,1.1898,4.4862,23.023,0.013198,0.021693,0.3242,12787,21.772,14593,2,True,True
HD_38771,-1,6,0,lin,True,0,643.43,0.2195,1.1898,4.4862,23.023,0.013198,0.021693,0.3242,12787,21.772,14593,2,True,True
HD_38771,-1,33,0,log,False,0,3449.9,0.02,0.98563,2.3009,4516.5,0.029295,0.029535,0.17516,8773.2,25.838,17442,2,False,True
HD_38771,-1,33,0,log,True,0,3449.9,0.02,0.98563,2.3009,4516.5,0.029295,0.029535,0.17516,8773.2,25.838,17442,2,False,True
HD_38771,-1,33,0,lin,False,0,3999.4,0.02,0.99387,3.1065,862.42,0.0054902,0.015361,0.30104,18080,25.838,17442,2,False,True
HD_38771,-1,33,0,lin,True,0,3999.4,0.02,0.99387,3.1065,862.42,0.0054902,0.015361,0.30104,18080,25.838,17442,2,False,True
HD_38771,-1,98,0,log,False,0,620.48,0.25555,1.2267,1.9003,69.692,0.033082,0.018568,0.072058,24238,57.372,28379,2,True,True
HD_38771,-1,98,0,log,True,0,620.48,0.25555,1.2267,1.9003,69.692,0.033082,0.018568,0.072058,24238,57.372,28379,2,True,True
HD_38771,-1,98,0,lin,False,0,665.74,0.31195,1.2905,2.579,13.024,0.010248,0.016771,0.28115,28061,57.372,28379,2,True,True
HD_38771,-1,98,0,lin,True,0,665.74,0.31195,1.2905,2.579,13.024,0.010248,0.016771,0.28115,28061,57.372,28379,2,True,True
HD_39680,-1,6,0,log,False,0,373.43,0.38182,1.3284,2.6964,51.385,0.06043,0.034091,0.094116,8316.2,21.772,14600,2,True,True
HD_39680,-1,6,0,log,True,0,373.43,0.38182,1.3284,2.6964,51.385,0.06043,0.034091,0.094116,8316.2,21.772,14600,2,True,True
HD_39680,-1,6,0,lin,False,0,2130.7,0.040006,0.9922,1.0704,279.72,0.0075107,0.017482,0.3485,14533,21.772,14600,2,False,True
HD_39680,-1,6,0,lin,True,0,2130.7,0.040006,0.9922,1.0704,279.72,0.0075107,0.017482,0.3485,14533,21.772,14600,2,False,True
HD_39680,-1,33,0,log,False,0,370.94,0.38946,1.2634,1.4717,44.371,0.055575,0.027119,0.084983,11983,25.836,17424,2,True,True
HD_39680,-1,33,0,log,True,1,513.79,0.23335,1.1864,1.3494,88.605,0.047488,0.026484,0.090101,11443,25.836,17424,2,True,True
HD_39680,-1,33,0,lin,False,0,1503.4,0.060174,0.97482,1e-07,154.05,0.0096934,0.019104,0.4103,14387,25.836,17424,2,False,True
HD_39680,-1,33,0,lin,True,1,1232.2,0.086633,1.071,1.1441,78.892,0.0084787,0.016896,0.2946,16913,25.836,17424,2,False,True
HD_39680,-1,43,0,log,False,0,74.084,1.6529,1.8146,1.0444,3.7943,0.089119,0.03764,0.028826,11929,24.287,16199,2.0002,True,True
HD_39680,-1,43,0,log,True,2,58.37,1.8795,1.8709,0.98082,2.8432,0.096144,0.040465,0.026182,11565,24.287,16199,2.0002,True,True
HD_39680,-1,43,0,lin,False,0,734.49,0.041898,0.84029,1e-07,145.08,0.0145,0.027453,0.37423,9204.4,24.287,16199,2.0002,False,True
HD_39680,-1,43,0,lin,True,1,1235.6,0.02,0.84845,1.0187e-07,327.87,0.008244,0.021035,0.26052,12453,24.287,16199,2.0002,False,True
HD_39680,-1,45,0,log,False,0,66.285,1.9055,1.9474,1.1172,3.228,0.094079,0.041923,0.027102,11408,24.439,15949,2.0002,True,True
HD_39680,-1,45,0,log,True,4,37.752,2.909,2.308,1.1867,1.4686,0.10831,0.054778,0.021764,10683,24.439,15949,2.0002,True,True
HD_39680,-1,45,0,lin,False,0,1526.6,0.02,0.87739,1.0014e-07,438.99,0.0085636,0.022293,0.29413,11599,24.439,15949,2.0002,False,True
HD_39680,-1,45,0,lin,True,1,1617.8,0.02,0.91225,1.0136e-07,387.74,0.0067957,0.018105,0.21259,14514,24.439,15949,2.0002,False,True
HD_39985,-1,6,0,log,False,0,67.571,0.31059,1.5989,1.8331,12.185,0.057705,0.067276,0.021563,3265.4,21.772,14590,2,True,True
HD_39985,-1,6,0,log,True,0,67.571,0.31059,1.5989,1.8331,12.185,0.057705,0.067276,0.021563,3265.4,21.772,14590,2,True,True
HD_39985,-1,6,0,lin,False,0,48.924,0.6424,2.9023,2.4361,0.61712,0.0094837,0.074912,0.037998,9893.8,21.772,14590,2,True,True
HD_39985,-1,6,0,lin,True,0,48.924,0.6424,2.9023,2.4361,0.61712,0.0094837,0.074912,0.037998,9893.8,21.772,14590,2,True,True
HD_39985,-1,33,0,log,False,0,112.09,0.19717,1.3934,1.4444,25.467,0.046606,0.04543,0.020893,5167,25.838,17439,2,True,True
HD_39985,-1,33,0,log,True,0,112.09,0.19717,1.3934,1.4444,25.467,0.046606,0.04543,0.020893,5167,25.838,17439,2,True,True
HD_39985,-1,33,0,lin,False,0,106.13,0.27015,1.6349,1.9185,2.3385,0.0083667,0.02671,0.037873,14952,25.838,17439,2,True,True
HD_39985,-1,33,0,lin,True,0,106.13,0.27015,1.6349,1.9185,2.3385,0.0083667,0.02671,0.037873,14952,25.838,17439,2,True,True
HD_39985,-1,87,0,log,False,0,151.65,0.28906,1.5865,2.2784,25.397,0.047417,0.049851,0.027834,5056.6,23.695,15486,2,True,True
HD_39985,-1,87,0,log,True,0,151.65,0.28906,1.5865,2.2784,25.397,0.047417,0.049851,0.027834,5056.6,23.695,15486,2,True,True
HD_39985,-1,87,0,lin,False,0,188.23,0.28068,1.7113,2.9086,3.9824,0.0081804,0.028881,0.068896,13943,23.695,15486,2,True,True
HD_39985,-1,87,0,lin,True,0,188.23,0.28068,1.7113,2.9086,3.9824,0.0081804,0.028881,0.068896,13943,23.695,15486,2,True,True
HD_41161,-1,19,0,log,False,0,69.127,4.0662,1.7864,0.64614,2.4864,0.17358,0.045491,0.096389,12861,24.957,16751,2,True,True
HD_41161,-1,19,0,log,True,0,69.127,4.0662,1.7864,0.64614,2.4864,0.17358,0.045491,0.096389,12861,24.957,16751,2,True,True
HD_41161,-1,19,0,lin,False,0,82.555,4.0494,1.7055,0.28783,1.1141,0.073656,0.042776,0.32282,12107,24.957,16751,2,True,True
HD_41161,-1,19,0,lin,True,0,82.555,4.0494,1.7055,0.28783,1.1141,0.073656,0.042776,0.32282,12107,24.957,16751,2,True,True
HD_41753,-1,6,0,log,False,0,1577.1,0.75005,2.0486,21.172,133.36,0.055026,0.05063,0.25969,7316.8,21.772,14599,2,True,True
HD_41753,-1,6,0,log,True,2,807.42,0.8554,2.0284,9.1462,57.644,0.053256,0.04188,0.11731,9336.1,21.772,14599,2,True,True
HD_41753,-1,6,0,lin,False,0,2303.7,0.95758,13.277,41.913,34.968,0.0085674,1.3415,4.4511,4159.7,21.772,14599,2,True,True
HD_41753,-1,6,0,lin,True,40,1188.4,1.1579,8.4637,22.903,14.646,0.010407,0.5297,1.9328,6198.6,21.772,14599,2,True,True
HD_41753,-1,33,0,log,False,0,1057.9,0.79477,2.0812,12.317,70.879,0.04529,0.040035,0.12893,10726,25.839,17430,2,True,True
HD_41753,-1,33,0,log,True,3,819.42,0.58467,1.5351,7.6155,73.758,0.055813,0.032111,0.16791,10702,25.839,17430,2,True,True
HD_41753,-1,33,0,lin,False,0,1506.9,1.0178,10.851,24.584,19.507,0.0085323,0.82936,2.4959,5742.5,25.839,17430,2,True,True
HD_41753,-1,33,0,lin,True,40,1019.5,1.1004,8.6866,18.727,11.598,0.0089984,0.50883,1.4929,7273.7,25.839,17430,2,True,True
HD_41753,-1,43,0,log,False,0,1054.5,0.84038,1.9556,13.747,74.008,0.053534,0.040636,0.17494,9816.5,24.286,16194,2.0002,True,True
HD_41753,-1,43,0,log,True,3,702.03,1.069,2.4625,4.496,39.593,0.043877,0.039444,0.048154,12795,24.286,16194,2.0002,True,True
HD_41753,-1,43,0,lin,False,0,1969.3,0.882,21.624,34.507,32.374,0.0068078,3.1247,4.147,3484.2,24.286,16194,2.0002,True,True
HD_41753,-1,43,0,lin,True,40,2044.9,0.83381,30,23.794,31.621,0.0051808,4.8714,4.0198,3745.7,24.286,16194,2.0002,True,True
HD_41753,-1,44,0,log,False,0,1548.6,0.73871,2.0799,7.72,117.45,0.044236,0.034869,0.10668,11586,24.156,15773,2.0002,True,True
HD_41753,-1,44,0,log,True,2,745.41,1.0623,2.4315,4.7062,42.281,0.044197,0.038715,0.051547,12855,24.156,15773,2.0002,True,True
HD_41753,-1,44,0,lin,False,0,1980.9,1.0287,8.9073,22.928,23.706,0.00872,0.5557,2.9472,6612.8,24.156,15773,2.0002,True,True
HD_41753,-1,44,0,lin,True,40,1983.2,1.0097,9.8411,20.811,23.182,0.0079851,0.63853,2.9039,6702.9,24.156,15773,2.0002,True,True
HD_41997,-1,6,0,log,False,0,62.667,2.5172,2.0474,0.77185,2.7012,0.10684,0.041627,0.02658,11966,21.772,14599,2,True,True
HD_41997,-1,6,0,log,True,0,62.667,2.5172,2.0474,0.77185,2.7012,0.10684,0.041627,0.02658,11966,21.772,14599,2,True,True
HD_41997,-1,6,0,lin,False,0,79.134,2.3895,2.2895,1.5052,0.94414,0.038625,0.055491,0.15119,10392,21.772,14599,2,True,True
HD_41997,-1,6,0,lin,True,0,79.134,2.3895,2.2895,1.5052,0.94414,0.038625,0.055491,0.15119,10392,21.772,14599,2,True,True
HD_41997,-1,33,0,log,False,0,37.865,3.5072,2.2323,0.4125,1.2695,0.11121,0.040561,0.016716,15193,25.839,17445,2,True,True
HD_41997,-1,33,0,log,True,0,37.865,3.5072,2.2323,0.4125,1.2695,0.11121,0.040561,0.016716,15193,25.839,17445,2,True,True
HD_41997,-1,33,0,lin,False,0,67.312,1.9174,1.5278,1.0001e-07,0.94799,0.04364,0.032568,0.14419,13087,25.839,17445,2,True,True
HD_41997,-1,33,0,lin,True,0,67.312,1.9174,1.5278,1.0001e-07,0.94799,0.04364,0.032568,0.14419,13087,25.839,17445,2,True,True
HD_41997,-1,43,0,log,False,0,48.44,2.8122,1.9989,0.37229,1.8699,0.10903,0.03676,0.020793,14541,24.287,16199,2.0002,True,True
HD_41997,-1,43,0,log,True,0,48.44,2.8122,1.9989,0.37229,1.8699,0.10903,0.03676,0.020793,14541,24.287,16199,2.0002,True,True
HD_41997,-1,43,0,lin,False,0,60.661,2.4736,1.8373,0.37494,0.64359,0.038562,0.034574,0.11299,14457,24.287,16199,2.0002,True,True
HD_41997,-1,43,0,lin,True,0,60.661,2.4736,1.8373,0.37494,0.64359,0.038562,0.034574,0.11299,14457,24.287,16199,2.0002,True,True
HD_41997,-1,44,0,log,False,0,44.876,3.3187,2.2391,0.47398,1.4989,0.10351,0.038833,0.017274,15145,24.156,15777,2.0002,True,True
HD_41997,-1,44,0,log,True,0,44.876,3.3187,2.2391,0.47398,1.4989,0.10351,0.038833,0.017274,15145,24.156,15777,2.0002,True,True
HD_41997,-1,44,0,lin,False,0,53.865,3.1068,2.0679,0.41129,0.52961,0.041845,0.040171,0.10869,14318,24.156,15777,2.0002,True,True
HD_41997,-1,44,0,lin,True,0,53.865,3.1068,2.0679,0.41129,0.52961,0.041845,0.040171,0.10869,14318,24.156,15777,2.0002,True,True
HD_42088,-1,43,0,log,False,0,20.893,0.53031,1.2071,0.68588,2.7396,0.099804,0.050468,0.020706,5326,24.287,16194,2.0002,True,True
HD_42088,-1,43,0,log,True,1,20.286,0.56204,1.2486,0.70615,2.5278,0.09825,0.05109,0.019204,5291,24.287,16194,2.0002,True,True
HD_42088,-1,43,0,lin,False,0,19.504,0.88003,1.537,0.9579,0.38354,0.028859,0.036986,0.027064,9634.7,24.287,16194,2.0002,True,True
HD_42088,-1,43,0,lin,True,1,19.31,0.89555,1.57,0.9609,0.36666,0.028066,0.037283,0.026177,9773.9,24.287,16194,2.0002,True,True
HD_42088,-1,44,0,log,False,0,75.571,0.16225,1.1476,0.64701,20.401,0.053252,0.038951,0.020361,6229.2,24.156,15778,2.0002,True,True
HD_42088,-1,44,0,log,True,1,68.162,0.19052,1.1866,0.67017,16.238,0.054622,0.039475,0.018973,6204,24.156,15778,2.0002,True,True
HD_42088,-1,44,0,lin,False,0,74.427,0.23088,1.2927,0.92294,2.3484,0.011622,0.022455,0.032749,13743,24.156,15778,2.0002,True,True
HD_42088,-1,44,0,lin,True,0,74.427,0.23088,1.2927,0.92294,2.3484,0.011622,0.022455,0.032749,13743,24.156,15778,2.0002,True,True
HD_42088,-1,45,0,log,False,0,38.065,0.26872,1.1779,0.8837,7.7564,0.072666,0.049787,0.022122,4629.1,24.551,16102,2.0002,True,True
HD_42088,-1,45,0,log,True,1,33.564,0.33056,1.2442,0.90934,5.828,0.07469,0.051006,0.019949,4636.6,24.551,16102,2.0002,True,True
HD_42088,-1,45,0,lin,False,0,97.12,0.063325,0.87655,0.68794,11.115,0.012926,0.021533,0.045583,12053,24.551,16102,2.0002,False,True
HD_42088,-1,45,0,lin,True,0,97.12,0.063325,0.87655,0.68794,11.115,0.012926,0.021533,0.045583,12053,24.551,16102,2.0002,False,True
HD_42088,-1,71,0,log,False,0,45.384,0.22702,1.2044,0.98073,10.813,0.068396,0.052753,0.022164,4043.3,24.321,15301,2.0002,True,True
HD_42088,-1,71,0,log,True,2,69.378,0.11816,1.1338,0.97779,27.592,0.056939,0.051957,0.0229,3755.4,24.321,15301,2.0002,False,True
HD_42088,-1,71,0,lin,False,0,37.435,0.41578,1.5431,1.3884,0.86022,0.01501,0.032189,0.025834,10935,24.321,15301,2.0002,True,True
HD_42088,-1,71,0,lin,True,2,34.426,0.45791,2.0434,1.5313,0.52803,0.0095357,0.039803,0.019108,12410,24.321,15301,2.0002,True,True
HD_43112,-1,6,0,log,False,0,138.23,0.27869,1.5481,2.0705,25.002,0.050218,0.051242,0.027537,4650.8,21.772,14683,2,True,True
HD_43112,-1,6,0,log,True,0,138.23,0.27869,1.5481,2.0705,25.002,0.050218,0.051242,0.027537,4650.8,21.772,14683,2,True,True
HD_43112,-1,6,0,lin,False,0,124.77,0.38199,1.7335,2.574,2.0675,0.0091803,0.028027,0.05611,13870,21.772,14683,2,True,True
HD_43112,-1,6,0,lin,True,0,124.77,0.38199,1.7335,2.574,2.0675,0.0091803,0.028027,0.05611,13870,21.772,14683,2,True,True
HD_43112,-1,33,0,log,False,0,556.47,0.027394,1.2231,1.4538,897.77,0.040061,0.046752,0.022527,4032.8,25.839,17430,2,False,True
HD_43112,-1,33,0,log,True,0,556.47,0.027394,1.2231,1.4538,897.77,0.040061,0.046752,0.022527,4032.8,25.839,17430,2,False,True
HD_43112,-1,33,0,lin,False,0,91.033,0.26897,1.8975,2.0137,1.8431,0.0069609,0.033126,0.030582,14398,25.839,17430,2,True,True
HD_43112,-1,33,0,lin,True,0,91.033,0.26897,1.8975,2.0137,1.8431,0.0069609,0.033126,0.030582,14398,25.839,17430,2,True,True
HD_43112,-1,43,0,log,False,0,38.846,0.32144,1.7033,1.7048,6.5465,0.055688,0.082017,0.015497,2658.5,24.287,16193,2.0002,True,True
HD_43112,-1,43,0,log,True,0,38.846,0.32144,1.7033,1.7048,6.5465,0.055688,0.082017,0.015497,2658.5,24.287,16193,2.0002,True,True
HD_43112,-1,43,0,lin,False,0,49.53,0.26906,1.5937,1.993,1.2768,0.0099041,0.029671,0.020586,12567,24.287,16193,2.0002,True,True
HD_43112,-1,43,0,lin,True,0,49.53,0.26906,1.5937,1.993,1.2768,0.0099041,0.029671,0.020586,12567,24.287,16193,2.0002,True,True
HD_43112,-1,44,0,log,False,0,78.007,0.21742,1.35,1.5329,17.399,0.05416,0.051423,0.022882,4238.1,24.156,15774,2.0002,True,True
HD_43112,-1,44,0,log,True,0,78.007,0.21742,1.35,1.5329,17.399,0.05416,0.051423,0.022882,4238.1,24.156,15774,2.0002,True,True
HD_43112,-1,44,0,lin,False,0,98.969,0.19418,1.3665,1.8556,3.2205,0.0093342,0.022305,0.032387,14574,24.156,15774,2.0002,True,True
HD_43112,-1,44,0,lin,True,0,98.969,0.19418,1.3665,1.8556,3.2205,0.0093342,0.022305,0.032387,14574,24.156,15774,2.0002,True,True
HD_44743,-1,6,0,log,False,0,879.91,0.02,0.80978,0.83824,1058.7,0.034658,0.040758,0.20646,6275.5,21.771,14622,2,False,True
HD_44743,-1,6,0,log,True,1,951.14,0.02,0.84449,1.1976,1193.1,0.034275,0.039964,0.17554,6134.6,21.771,14622,2,False,True
HD_44743,-1,6,0,lin,False,0,1628.5,0.02,0.97518,3.4902,566.3,0.0090707,0.025164,0.21957,9748.2,21.771,14622,2,False,True
HD_44743,-1,6,0,lin,True,1,1805.5,0.02,1.0236,3.5072,419.7,0.005707,0.016273,0.12571,15840,21.771,14622,2,False,True
HD_44743,-1,33,0,log,False,0,200.43,0.18437,1.0158,1.4112,51.099,0.066527,0.038911,0.098488,7002.9,25.839,17458,2,True,True
HD_44743,-1,33,0,log,True,2,916.17,0.02,0.9033,1.3641,1165.7,0.031966,0.036521,0.1068,6841.6,25.839,17458,2,False,True
HD_44743,-1,33,0,lin,False,0,1083.5,0.02,0.87525,1.6129,444.48,0.012253,0.031833,0.30123,7310.6,25.839,17458,2,False,True
HD_44743,-1,33,0,lin,True,2,1359.3,0.02,0.98442,2.3432,328.87,0.0062341,0.017348,0.12078,15981,25.839,17458,2,False,True
HD_44743,-1,87,0,log,False,0,1147,0.213,1.2175,2.5191,208.63,0.04354,0.025508,0.15219,11898,26.893,18047,2,True,True
HD_44743,-1,87,0,log,True,1,1395,0.16298,1.1878,2.4924,303.61,0.039399,0.024667,0.15295,12025,26.893,18047,2,True,True
HD_44743,-1,87,0,lin,False,0,943.84,0.35998,1.4136,5.7023,18.32,0.011332,0.021324,0.46277,16506,26.893,18047,2,True,True
HD_44743,-1,87,0,lin,True,1,908.01,0.38451,1.4959,6.3125,14.795,0.0099129,0.020623,0.40215,17955,26.893,18047,2,True,True
HD_44811,-1,43,0,log,False,0,187.28,0.035882,1.1346,0.46409,195.93,0.037743,0.039139,0.011587,5334.9,24.287,16198,2.0002,False,True
HD_44811,-1,43,0,log,True,0,187.28,0.035882,1.1346,0.46409,195.93,0.037743,0.039139,0.011587,5334.9,24.287,16198,2.0002,False,True
HD_44811,-1,43,0,lin,False,0,577.1,0.02,1.259,0.68429,231.48,0.0076136,0.02395,0.022067,13462,24.287,16198,2.0002,False,True
HD_44811,-1,43,0,lin,True,0,577.1,0.02,1.259,0.68429,231.48,0.0076136,0.02395,0.022067,13462,24.287,16198,2.0002,False,True
HD_44811,-1,44,0,log,False,0,77.335,0.21137,1.2013,0.42218,15.567,0.049923,0.031978,0.015896,8526.8,24.155,15776,2.0002,True,True
HD_44811,-1,44,0,log,True,0,77.335,0.21137,1.2013,0.42218,15.567,0.049923,0.031978,0.015896,8526.8,24.155,15776,2.0002,True,True
HD_44811,-1,44,0,lin,False,0,79.319,0.26899,1.3478,0.6778,2.0753,0.011223,0.022131,0.035421,14441,24.155,15776,2.0002,True,True
HD_44811,-1,44,0,lin,True,0,79.319,0.26899,1.3478,0.6778,2.0753,0.011223,0.022131,0.035421,14441,24.155,15776,2.0002,True,True
HD_44811,-1,45,0,log,False,0,127.19,0.033214,1.1212,0.45536,149.06,0.039781,0.044963,0.0098897,4286.6,24.551,16108,2.0002,False,True
HD_44811,-1,45,0,log,True,0,127.19,0.033214,1.1212,0.45536,149.06,0.039781,0.044963,0.0098897,4286.6,24.551,16108,2.0002,False,True
HD_44811,-1,45,0,lin,False,0,320.62,0.02,1.2208,0.61937,116.67,0.0071751,0.022289,0.013231,14127,24.551,16108,2.0002,False,True
HD_44811,-1,45,0,lin,True,0,320.62,0.02,1.2208,0.61937,116.67,0.0071751,0.022289,0.013231,14127,24.551,16108,2.0002,False,True
HD_44811,-1,71,0,log,False,0,187.32,0.02,1.0975,0.44463,354.22,0.037925,0.045025,0.0097713,4205.5,24.322,15306,2.0002,False,True
HD_44811,-1,71,0,log,True,0,187.32,0.02,1.0975,0.44463,354.22,0.037925,0.045025,0.0097713,4205.5,24.322,15306,2.0002,False,True
HD_44811,-1,71,0,lin,False,0,272.38,0.02,1.1715,0.56554,78.067,0.0059472,0.018145,0.011152,16634,24.322,15306,2.0002,False,True
HD_44811,-1,71,0,lin,True,0,272.38,0.02,1.1715,0.56554,78.067,0.0059472,0.018145,0.011152,16634,24.322,15306,2.0002,False,True
HD_46056,-1,6,0,log,False,0,13.581,1.8942,1.1245,0.29606,1.1386,0.27074,0.061254,0.057163,6145,21.772,14648,2,True,True
HD_46056,-1,6,0,log,True,5,16.224,1.286,1.0551,0.30147,1.6571,0.2317,0.057586,0.055726,6017,21.772,14648,2,True,True
HD_46056,-1,6,0,lin,False,0,52.649,0.12554,0.67387,1e-07,6.7849,0.041329,0.033943,0.14267,7776.8,21.772,14648,2,False,True
HD_46056,-1,6,0,lin,True,3,54.491,0.11764,0.68359,1e-07,6.4864,0.035077,0.030458,0.12236,8746.6,21.772,14648,2,False,True
HD_46056,-1,33,0,log,False,0,104.27,0.068803,0.78398,1.0004e-07,48.505,0.054312,0.038588,0.067637,8223.5,25.839,17451,2,False,True
HD_46056,-1,33,0,log,True,3,217.35,0.02,0.75243,1.0023e-07,219.24,0.031886,0.037783,0.068264,8132.8,25.839,17451,2,False,True
HD_46056,-1,33,0,lin,False,0,428.62,0.02,0.91388,0.78652,112.5,0.0074248,0.01979,0.061042,13528,25.839,17451,2,False,True
HD_46056,-1,33,0,lin,True,2,441.06,0.02,0.92701,0.77541,107.69,0.0067836,0.018233,0.054253,14846,25.839,17451,2,False,True
HD_46056,-1,87,0,log,False,0,60.684,0.17953,0.81798,1.0002e-07,16.952,0.090953,0.042544,0.073911,7498.5,23.696,15553,2,True,True
HD_46056,-1,87,0,log,True,5,145.52,0.040784,0.77175,1.0001e-07,99.417,0.045542,0.040329,0.072168,7331.7,23.696,15553,2,False,True
HD_46056,-1,87,0,lin,False,0,201.37,0.03866,0.81755,0.37158,36.715,0.012604,0.024002,0.093748,10397,23.696,15553,2,False,True
HD_46056,-1,87,0,lin,True,2,149.09,0.07009,0.89312,0.56551,16.707,0.013961,0.022826,0.075137,11121,23.696,15553,2,False,True
HD_46150,-1,6,0,log,False,0,44.598,4.7653,1.7681,1.0181,1.7382,0.22694,0.060052,0.11408,9308.7,21.772,14648,2,True,True
HD_46150,-1,6,0,log,True,0,44.598,4.7653,1.7681,1.0181,1.7382,0.22694,0.060052,0.11408,9308.7,21.772,14648,2,True,True
HD_46150,-1,6,0,lin,False,0,85.389,1.9967,1.1172,1e-07,1.9975,0.082011,0.034774,0.3954,10004,21.772,14648,2,True,True
HD_46150,-1,6,0,lin,True,0,85.389,1.9967,1.1172,1e-07,1.9975,0.082011,0.034774,0.3954,10004,21.772,14648,2,True,True
HD_46150,-1,87,0,log,False,0,47.496,4.2394,1.8155,1.6615,1.7908,0.19278,0.056988,0.097068,9877.4,23.696,15555,2,True,True
HD_46150,-1,87,0,log,True,1,41.537,4.9493,1.9835,1.8276,1.4251,0.19373,0.062299,0.088022,9747,23.696,15555,2,True,True
HD_46150,-1,87,0,lin,False,0,93.142,1.62,1.043,1e-07,2.3713,0.077274,0.032442,0.40501,10661,23.696,15555,2,True,True
HD_46150,-1,87,0,lin,True,0,93.142,1.62,1.043,1e-07,2.3713,0.077274,0.032442,0.40501,10661,23.696,15555,2,True,True
HD_46223,-1,6,0,log,False,0,55.136,3.6251,1.5393,0.20427,2.4526,0.21447,0.048884,0.11715,10492,21.772,14653,2,True,True
HD_46223,-1,6,0,log,True,0,55.136,3.6251,1.5393,0.20427,2.4526,0.21447,0.048884,0.11715,10492,21.772,14653,2,True,True
HD_46223,-1,6,0,lin,False,0,340.86,0.11129,0.74874,1e-07,34.218,0.025456,0.02579,0.47735,10312,21.772,14653,2,False,True
HD_46223,-1,6,0,lin,True,0,340.86,0.11129,0.74874,1e-07,34.218,0.025456,0.02579,0.47735,10312,21.772,14653,2,False,True
HD_46223,-1,33,0,log,False,0,44.639,4.6763,1.8508,0.67701,1.5117,0.18566,0.050102,0.076246,12461,25.839,17448,2,True,True
HD_46223,-1,33,0,log,True,0,44.639,4.6763,1.8508,0.67701,1.5117,0.18566,0.050102,0.076246,12461,25.839,17448,2,True,True
HD_46223,-1,33,0,lin,False,0,83.318,2.01,1.167,1e-07,1.7418,0.072933,0.033051,0.33533,11594,25.839,17448,2,True,True
HD_46223,-1,33,0,lin,True,0,83.318,2.01,1.167,1e-07,1.7418,0.072933,0.033051,0.33533,11594,25.839,17448,2,True,True
HD_46223,-1,87,0,log,False,0,51.652,4.1175,1.6972,0.51973,1.9838,0.19653,0.049015,0.095496,11501,23.696,15548,2,True,True
HD_46223,-1,87,0,log,True,0,51.652,4.1175,1.6972,0.51973,1.9838,0.19653,0.049015,0.095496,11501,23.696,15548,2,True,True
HD_46223,-1,87,0,lin,False,0,196.03,0.3489,0.82323,1e-07,9.5626,0.039525,0.0249,0.42149,11829,23.696,15548,2,True,True
HD_46223,-1,87,0,lin,True,0,196.03,0.3489,0.82323,1e-07,9.5626,0.039525,0.0249,0.42149,11829,23.696,15548,2,True,True
HD_46328,-1,6,0,log,False,0,235.31,9.3693,5.4676,49.975,6.2762,0.16632,0.29229,0.64524,4996.7,21.772,14639,2,True,True
HD_46328,-1,6,0,log,True,5,157.45,0.45212,1.0697,3.407,25.34,0.11368,0.050064,0.19469,5295.3,21.772,14639,2,True,True
HD_46328,-1,6,0,lin,False,0,750.13,5.8647,30,93.016,31.722,0.099196,13.275,11.521,556.21,21.772,14639,2,True,True
HD_46328,-1,6,0,lin,True,7,245.15,0.27894,0.9666,3.5337,12.156,0.028092,0.026627,0.31814,9566.4,21.772,14639,2,True,True
HD_46328,-1,33,0,log,False,0,183.42,8.5845,4.1834,18.424,4.7482,0.16256,0.15225,0.3056,7931.1,25.839,17458,2,True,True
HD_46328,-1,33,0,log,True,10,75.211,1.1147,1.1583,1.5665,6.6262,0.15661,0.046656,0.13652,7869.8,25.839,17458,2,True,True
HD_46328,-1,33,0,lin,False,0,689.47,5.7834,30,50.092,28.29,0.095005,12.893,10.2,594.18,25.839,17458,2,True,True
HD_46328,-1,33,0,lin,True,8,597.23,0.022345,0.67751,1.0001e-07,140.14,0.010969,0.023042,0.37787,12278,25.839,17458,2,False,True
HD_46328,-1,87,0,log,False,0,366.53,9.4751,4.2254,40.709,8.4589,0.15992,0.14697,0.67406,8721.8,26.892,15898,2,True,True
HD_46328,-1,87,0,log,True,8,245.47,0.17611,0.88513,2.0909,65.856,0.079081,0.042594,0.2337,6849.3,26.892,15898,2,True,True
HD_46328,-1,87,0,lin,False,0,841.58,6.8999,14.001,88.503,29.237,0.13553,3.3034,11.068,901.35,26.892,15898,2,True,True
HD_46328,-1,87,0,lin,True,8,571.46,0.054317,0.77543,1.1492,75.082,0.014255,0.021846,0.37481,12525,26.892,15898,2,False,True
HD_46485,-1,6,0,log,False,0,119.31,1.2591,1.74,0.8092,7.7032,0.08269,0.034909,0.031698,11206,21.772,14654,2,True,True
HD_46485,-1,6,0,log,True,1,52.722,2.5503,2.0404,0.73186,2.3474,0.11309,0.044231,0.025185,11239,21.772,14654,2,True,True
HD_46485,-1,6,0,lin,False,0,3205.1,0.02,0.99141,1.2716e-07,1339.8,0.010681,0.029913,0.47592,7939.4,21.772,14654,2,False,True
HD_46485,-1,6,0,lin,True,2,3359.8,0.02,1.0147,0.0084106,1423.5,0.010516,0.029841,0.44686,8056.2,21.772,14654,2,False,True
HD_46485,-1,33,0,log,False,0,92.551,1.3863,1.723,0.58153,5.2784,0.082156,0.0321,0.025846,13555,25.839,17454,2,True,True
HD_46485,-1,33,0,log,True,25,11.084,6.218,2.0846,0.56149,0.34376,0.21228,0.069021,0.030597,9924,25.839,17454,2,True,True
HD_46485,-1,33,0,lin,False,0,2594.8,0.02,0.96408,1.0062e-07,1110.4,0.011319,0.031124,0.45546,7879.2,25.839,17454,2,False,True
HD_46485,-1,33,0,lin,True,8,3272.3,0.02,1.0811,0.75048,1522.8,0.010667,0.031247,0.33782,8452,25.839,17454,2,False,True
HD_46485,-1,87,0,log,False,0,121.96,1.2905,1.6694,0.85188,7.6403,0.08632,0.033974,0.038791,11936,23.696,15549,2,True,True
HD_46485,-1,87,0,log,True,18,21.745,3.6592,1.7914,0.65063,0.90757,0.184,0.055592,0.037093,9579.4,23.696,15549,2,True,True
HD_46485,-1,87,0,lin,False,0,2520.4,0.02,0.91125,1.0003e-07,990.66,0.011161,0.029728,0.54662,8043.2,23.696,15549,2,False,True
HD_46485,-1,87,0,lin,True,0,2520.4,0.02,0.91125,1.0003e-07,990.66,0.011161,0.029728,0.54662,8043.2,23.696,15549,2,False,True
HD_46573,-1,6,0,log,False,0,58.25,1.6088,1.324,0.14799,3.8344,0.14854,0.038617,0.065786,10549,21.772,14646,2,True,True
HD_46573,-1,6,0,log,True,0,58.25,1.6088,1.324,0.14799,3.8344,0.14854,0.038617,0.065786,10549,21.772,14646,2,True,True
HD_46573,-1,6,0,lin,False,0,82.074,1.1577,1.257,0.47233,1.5594,0.040175,0.028222,0.16316,11479,21.772,14646,2,True,True
HD_46573,-1,6,0,lin,True,0,82.074,1.1577,1.257,0.47233,1.5594,0.040175,0.028222,0.16316,11479,21.772,14646,2,True,True
HD_46573,-1,33,0,log,False,0,41.902,2.6275,1.5177,0.11673,1.886,0.15394,0.037848,0.048074,13493,25.839,17450,2,True,True
HD_46573,-1,33,0,log,True,0,41.902,2.6275,1.5177,0.11673,1.886,0.15394,0.037848,0.048074,13493,25.839,17450,2,True,True
HD_46573,-1,33,0,lin,False,0,55.671,2.0923,1.371,1.0111e-07,0.88243,0.054775,0.031856,0.15678,12713,25.839,17450,2,True,True
HD_46573,-1,33,0,lin,True,0,55.671,2.0923,1.371,1.0111e-07,0.88243,0.054775,0.031856,0.15678,12713,25.839,17450,2,True,True
HD_46573,-1,87,0,log,False,0,40.899,2.7073,1.5012,0.32713,1.891,0.16694,0.041639,0.058634,11760,23.642,15837,2,True,True
HD_46573,-1,87,0,log,True,0,40.899,2.7073,1.5012,0.32713,1.891,0.16694,0.041639,0.058634,11760,23.642,15837,2,True,True
HD_46573,-1,87,0,lin,False,0,167.34,0.23597,0.85529,1e-07,8.5199,0.026364,0.02193,0.22203,12739,23.642,15837,2,True,True
HD_46573,-1,87,0,lin,True,0,167.34,0.23597,0.85529,1e-07,8.5199,0.026364,0.02193,0.22203,12739,23.642,15837,2,True,True
HD_46769,-1,6,0,log,False,0,206.81,0.12669,1.2387,2.2379,76.517,0.051413,0.049246,0.044276,4004.4,21.772,14655,2,False,True
HD_46769,-1,6,0,log,True,0,206.81,0.12669,1.2387,2.2379,76.517,0.051413,0.049246,0.044276,4004.4,21.772,14655,2,False,True
HD_46769,-1,6,0,lin,False,0,315.45,0.091967,1.1979,2.6143,25.431,0.010278,0.024618,0.08084,11310,21.772,14655,2,False,True
HD_46769,-1,6,0,lin,True,0,315.45,0.091967,1.1979,2.6143,25.431,0.010278,0.024618,0.08084,11310,21.772,14655,2,False,True
HD_46769,-1,87,0,log,False,0,192.3,0.23736,1.4663,2.3738,37.791,0.047205,0.045457,0.033906,5322.8,23.642,15808,2,True,True
HD_46769,-1,87,0,log,True,0,192.3,0.23736,1.4663,2.3738,37.791,0.047205,0.045457,0.033906,5322.8,23.642,15808,2,True,True
HD_46769,-1,87,0,lin,False,0,183.24,0.32425,1.7628,3.2145,3.6996,0.0091258,0.032159,0.080133,12809,23.642,15808,2,True,True
HD_46769,-1,87,0,lin,True,0,183.24,0.32425,1.7628,3.2145,3.6996,0.0091258,0.032159,0.080133,12809,23.642,15808,2,True,True
HD_47432,-1,33,0,log,False,0,2721.4,0.66746,2.0186,7.1381,191.29,0.036047,0.025616,0.10795,15596,25.839,17394,2,True,True
HD_47432,-1,33,0,log,True,0,2721.4,0.66746,2.0186,7.1381,191.29,0.036047,0.025616,0.10795,15596,25.839,17394,2,True,True
HD_47432,-1,33,0,lin,False,0,5927,0.25457,1.3931,1e-07,101.81,0.0067462,0.014818,1.5653,22328,25.839,17394,2,True,True
HD_47432,-1,33,0,lin,True,0,5927,0.25457,1.3931,1e-07,101.81,0.0067462,0.014818,1.5653,22328,25.839,17394,2,True,True
HD_47432,-1,87,0,log,False,0,2354.3,0.63449,1.7766,5.0946,183.32,0.042304,0.023963,0.13804,14781,23.642,15804,2,True,True
HD_47432,-1,87,0,log,True,0,2354.3,0.63449,1.7766,5.0946,183.32,0.042304,0.023963,0.13804,14781,23.642,15804,2,True,True
HD_47432,-1,87,0,lin,False,0,2520.5,0.69077,1.7115,1.9778,30.397,0.013003,0.025532,1.6448,15795,23.642,15804,2,True,True
HD_47432,-1,87,0,lin,True,0,2520.5,0.69077,1.7115,1.9778,30.397,0.013003,0.025532,1.6448,15795,23.642,15804,2,True,True
HD_47839,-1,6,0,log,False,0,14661,0.02,0.9749,14.013,22132,0.034355,0.036199,1.0217,6257.4,21.772,14669,2,False,True
HD_47839,-1,6,0,log,True,1,11420,0.031546,1.0271,15.533,12049,0.036866,0.035331,0.87933,6365.8,21.772,14669,2,False,True
HD_47839,-1,6,0,lin,False,0,9566.1,0.055332,1.1139,25.319,1090.1,0.008412,0.020739,1.6127,12994,21.772,14669,2,False,True
HD_47839,-1,6,0,lin,True,1,9350.3,0.057102,1.1174,23.848,1008.6,0.0082441,0.020243,1.5684,13344,21.772,14669,2,False,True
HD_47839,-1,33,0,log,False,0,810.23,0.11846,0.73476,1.0002e-07,301.28,0.087354,0.047682,1.293,6899.2,25.839,17315,2,False,True
HD_47839,-1,33,0,log,True,2,2095.3,0.02,0.68969,1e-07,2093,0.035632,0.044695,1.2475,7047.8,25.839,17315,2,False,True
HD_47839,-1,33,0,lin,False,0,3564.5,0.02,0.80816,10.822,1261.3,0.011688,0.028941,1.2769,8353.4,25.839,17315,2,False,True
HD_47839,-1,33,0,lin,True,2,3754.7,0.02,0.82974,9.7267,928.54,0.0079017,0.01988,0.82442,13320,25.839,17315,2,False,True
HD_47839,-1,87,0,log,False,0,123.04,5.1127,1.5082,1e-07,5.3862,0.29947,0.062481,0.54486,9214.1,23.694,15534,2,True,True
HD_47839,-1,87,0,log,True,4,174.98,2.5913,1.2585,1.0032e-07,10.424,0.23883,0.049467,0.50713,9519.5,23.694,15534,2,True,True
HD_47839,-1,87,0,lin,False,0,1899,0.02,0.63463,1.0236e-07,822.32,0.019426,0.041434,2.5947,5804.4,23.694,15534,2,False,True
HD_47839,-1,87,0,lin,True,2,2053,0.02,0.66861,1.0086e-07,528.18,0.010806,0.023818,1.3187,11606,23.694,15534,2,False,True
HD_48279,-1,6,0,log,False,0,913.6,0.10003,1.1482,3.4624,358.97,0.043637,0.034965,0.12385,6654.7,21.772,14630,2,False,True
HD_48279,-1,6,0,log,True,0,913.6,0.10003,1.1482,3.4624,358.97,0.043637,0.034965,0.12385,6654.7,21.772,14630,2,False,True
HD_48279,-1,6,0,lin,False,0,1678.2,0.060313,1.1329,4.3289,162.83,0.0078059,0.01928,0.26906,14137,21.772,14630,2,False,True
HD_48279,-1,6,0,lin,True,0,1678.2,0.060313,1.1329,4.3289,162.83,0.0078059,0.01928,0.26906,14137,21.772,14630,2,False,True
HD_48279,-1,33,0,log,False,0,296.53,0.26126,1.1158,0.59654,49.173,0.05581,0.02756,0.079405,11449,25.839,17398,2,True,True
HD_48279,-1,33,0,log,True,0,296.53,0.26126,1.1158,0.59654,49.173,0.05581,0.02756,0.079405,11449,25.839,17398,2,True,True
HD_48279,-1,33,0,lin,False,0,2444.6,0.02,0.95764,0.37864,574.55,0.0062692,0.017172,0.24414,15969,25.839,17398,2,False,True
HD_48279,-1,33,0,lin,True,0,2444.6,0.02,0.95764,0.37864,574.55,0.0062692,0.017172,0.24414,15969,25.839,17398,2,False,True
HD_48279,-1,87,0,log,False,0,287.37,0.48988,1.3266,1.5377,32.62,0.06551,0.031122,0.079168,10108,23.194,14392,2,True,True
HD_48279,-1,87,0,log,True,0,287.37,0.48988,1.3266,1.5377,32.62,0.06551,0.031122,0.079168,10108,23.194,14392,2,True,True
HD_48279,-1,87,0,lin,False,0,3681.2,0.02,0.97692,0.29537,984.98,0.0069627,0.019319,0.3777,13517,23.194,14392,2,False,True
HD_48279,-1,87,0,lin,True,0,3681.2,0.02,0.97692,0.29537,984.98,0.0069627,0.019319,0.3777,13517,23.194,14392,2,False,True
HD_48434,-1,6,0,log,False,0,1005.1,1.4908,2.1854,7.2148,50.499,0.06268,0.035016,0.13178,13033,21.772,14638,2,True,True
HD_48434,-1,6,0,log,True,0,1005.1,1.4908,2.1854,7.2148,50.499,0.06268,0.035016,0.13178,13033,21.772,14638,2,True,True
HD_48434,-1,6,0,lin,False,0,2056,0.6559,1.4616,1e-07,30.981,0.016729,0.023372,1.6232,14315,21.772,14638,2,True,True
HD_48434,-1,6,0,lin,True,1,2055.8,0.65595,1.4617,1e-07,30.977,0.016729,0.023372,1.623,14316,21.772,14638,2,True,True
HD_48434,-1,33,0,log,False,0,698,1.9458,2.4021,8.1628,24.538,0.056337,0.033875,0.10067,16892,25.836,17400,2,True,True
HD_48434,-1,33,0,log,True,0,698,1.9458,2.4021,8.1628,24.538,0.056337,0.033875,0.10067,16892,25.836,17400,2,True,True
HD_48434,-1,33,0,lin,False,0,4121.5,0.12357,0.97573,1e-07,221.45,0.011893,0.017304,1.8345,16455,25.836,17400,2,False,True
HD_48434,-1,33,0,lin,True,0,4121.5,0.12357,0.97573,1e-07,221.45,0.011893,0.017304,1.8345,16455,25.836,17400,2,False,True
HD_48434,-1,87,0,log,False,0,999.46,1.3265,1.9133,5.5391,53.477,0.065348,0.030149,0.15526,14169,23.44,14314,2,True,True
HD_48434,-1,87,0,log,True,0,999.46,1.3265,1.9133,5.5391,53.477,0.065348,0.030149,0.15526,14169,23.44,14314,2,True,True
HD_48434,-1,87,0,lin,False,0,2006,0.52502,1.2765,1.0024e-07,34.486,0.016224,0.019173,1.4876,16343,23.44,14314,2,True,True
HD_48434,-1,87,0,lin,True,0,2006,0.52502,1.2765,1.0024e-07,34.486,0.016224,0.019173,1.4876,16343,23.44,14314,2,True,True
HD_48977,-1,6,0,log,False,0,423,0.70686,1.8792,2.6877,36.757,0.053663,0.037095,0.04783,9531.7,21.771,14674,2,True,True
HD_48977,-1,6,0,log,True,9,194.45,1.0241,1.8808,2.4387,13.931,0.070051,0.042336,0.045014,8980.1,21.771,14674,2,True,True
HD_48977,-1,6,0,lin,False,0,446.75,1.1171,6.8905,7.488,4.8765,0.0097492,0.33215,0.60282,7714.9,21.771,14674,2,True,True
HD_48977,-1,6,0,lin,True,28,450.11,1.0992,7.5561,6.0326,4.6683,0.0087322,0.36809,0.58365,8073.6,21.771,14674,2,True,True
HD_48977,-1,33,0,log,False,0,414.54,0.54588,1.5436,1.4556,38.448,0.050352,0.026531,0.050144,13062,25.839,17455,2,True,True
HD_48977,-1,33,0,log,True,6,250.45,0.74008,1.6952,1.5125,20.119,0.057396,0.031579,0.037349,11782,25.839,17455,2,True,True
HD_48977,-1,33,0,lin,False,0,354.81,1.1951,5.4753,6.3153,3.677,0.01105,0.21378,0.44631,9324.2,25.839,17455,2,True,True
HD_48977,-1,33,0,lin,True,40,354.91,1.1794,6.1086,5.115,3.4729,0.0097772,0.24344,0.43047,9737.1,25.839,17455,2,True,True
HD_48977,-1,87,0,log,False,0,434.67,0.68774,1.6487,3.5507,37.026,0.058635,0.033767,0.078985,10254,23.438,14439,2,True,True
HD_48977,-1,87,0,log,True,4,293.6,0.88891,1.7314,3.1992,21.636,0.065733,0.03664,0.066574,10122,23.438,14439,2,True,True
HD_48977,-1,87,0,lin,False,0,389.26,1.2467,5.3344,9.3033,3.7828,0.010963,0.19216,0.46777,9828.2,23.438,14439,2,True,True
HD_48977,-1,87,0,lin,True,26,386.36,1.2288,6.1279,8.3464,3.5547,0.0095817,0.23073,0.45198,10120,23.438,14439,2,True,True
HD_50707,-1,6,0,log,False,0,197.5,9.4891,5.852,14.208,4.0809,0.11414,0.17677,0.17796,10262,21.773,14637,2,True,True
HD_50707,-1,6,0,log,True,14,127.27,9.6042,5.5347,6.0026,2.4613,0.10774,0.13429,0.080529,12412,21.773,14637,2,True,True
HD_50707,-1,6,0,lin,False,0,319.86,9.3125,5.448,16.059,8.6281,0.20636,0.55126,3.6925,1857.8,21.773,14637,2,True,True
HD_50707,-1,6,0,lin,True,8,1181,0.31667,0.85363,1e-07,74.83,0.045162,0.031921,2.7857,8352.4,21.773,14637,2,True,True
HD_50707,-1,7,0,log,False,0,193.08,9.4664,5.3594,9.2832,3.926,0.11404,0.13546,0.13141,12411,24.452,16336,2,True,True
HD_50707,-1,7,0,log,True,15,114.95,10.343,6.0235,4.1274,2.0074,0.097349,0.12773,0.054553,15109,24.452,16336,2,True,True
HD_50707,-1,7,0,lin,False,0,304.77,9.4057,5.2917,10.984,7.8801,0.20139,0.50363,3.4003,2061.3,24.452,16336,2,True,True
HD_50707,-1,7,0,lin,True,8,1036.9,0.37312,0.86439,1e-07,58.237,0.047168,0.031128,2.5688,9173.4,24.452,16336,2,True,True
HD_50707,-1,33,0,log,False,0,177.88,9.5477,5.8491,6.254,3.2895,0.096358,0.12616,0.08012,15151,25.839,17452,2,True,True
HD_50707,-1,33,0,log,True,14,139.17,8.5365,4.3104,3.0723,2.7238,0.10694,0.077144,0.057172,16576,25.839,17452,2,True,True
HD_50707,-1,33,0,lin,False,0,292.95,9.1966,5.4469,7.3197,7.3313,0.18959,0.51187,3.1094,2164.5,25.839,17452,2,True,True
HD_50707,-1,33,0,lin,True,14,763.96,0.697,0.99606,1e-07,26.896,0.051165,0.030915,2.0056,10087,25.839,17452,2,True,True
HD_50707,-1,87,0,log,False,0,201.93,9.2589,5.1483,8.508,3.7984,0.10456,0.11337,0.11518,14435,25.629,17058,2,True,True
HD_50707,-1,87,0,log,True,15,116.21,9.8176,5.3881,4.4391,2.0809,0.10196,0.11336,0.061077,15199,25.629,17058,2,True,True
HD_50707,-1,87,0,lin,False,0,297.71,9.3428,5.6588,10.837,6.8285,0.17349,0.49823,2.9268,2491.9,25.629,17058,2,True,True
HD_50707,-1,87,0,lin,True,10,410.55,2.5879,1.4055,1e-07,7.9662,0.078888,0.042562,1.7087,9831.8,25.629,17058,2,True,True
HD_51309,-1,6,0,log,False,0,4532.5,0.55679,1.8404,82.63,465.15,0.053955,0.052363,0.97028,6000.9,21.773,14602,2,True,True
HD_51309,-1,6,0,log,True,1,2712.1,0.85881,1.8105,60.688,220.87,0.070994,0.050512,0.90169,6823.4,21.773,14602,2,True,True
HD_51309,-1,6,0,lin,False,0,1e+05,0.029237,1.3936,116.06,33827,0.0088539,0.030433,4.9228,11198,21.773,14602,2,False,True
HD_51309,-1,6,0,lin,True,0,1e+05,0.029237,1.3936,116.06,33827,0.0088539,0.030433,4.9228,11198,21.773,14602,2,False,True
HD_51309,-1,7,0,log,False,0,11185,0.37304,2.0401,71.214,1051.3,0.02687,0.03521,0.53598,10587,24.454,16318,2,True,True
HD_51309,-1,7,0,log,True,0,11185,0.37304,2.0401,71.214,1051.3,0.02687,0.03521,0.53598,10587,24.454,16318,2,True,True
HD_51309,-1,7,0,lin,False,0,1e+05,0.03962,1.3127,44.063,13030,0.0052934,0.017241,5.2137,19184,24.454,16318,2,False,True
HD_51309,-1,7,0,lin,True,0,1e+05,0.03962,1.3127,44.063,13030,0.0052934,0.017241,5.2137,19184,24.454,16318,2,False,True
HD_51309,-1,33,0,log,False,0,15613,0.17552,1.4767,18.317,3026.5,0.029312,0.021748,0.46669,13423,25.836,17415,2,True,True
HD_51309,-1,33,0,log,True,0,15613,0.17552,1.4767,18.317,3026.5,0.029312,0.021748,0.46669,13423,25.836,17415,2,True,True
HD_51309,-1,33,0,lin,False,0,1e+05,0.026486,1.2229,8.0205,18442,0.005032,0.015549,3.9499,20471,25.836,17415,2,False,True
HD_51309,-1,33,0,lin,True,0,1e+05,0.026486,1.2229,8.0205,18442,0.005032,0.015549,3.9499,20471,25.836,17415,2,False,True
HD_51309,-1,87,0,log,False,0,14441,0.19252,1.5362,21.894,2797.6,0.03143,0.024795,0.4724,11738,25.628,16836,2,True,True
HD_51309,-1,87,0,log,True,0,14441,0.19252,1.5362,21.894,2797.6,0.03143,0.024795,0.4724,11738,25.628,16836,2,True,True
HD_51309,-1,87,0,lin,False,0,29464,0.084079,1.2355,1.0002e-07,1600.7,0.0060035,0.015636,3.9685,19875,25.628,16836,2,False,True
HD_51309,-1,87,0,lin,True,3,29449,0.084137,1.2357,1.0001e-07,1598.6,0.0060033,0.015636,3.9677,19877,25.628,16836,2,False,True
HD_52089,-1,6,0,log,False,0,13230,0.48723,1.2466,73.637,1730.7,0.080685,0.035738,5.5129,8400.2,21.771,14628,2,True,True
HD_52089,-1,6,0,log,True,1,12968,0.50276,1.2552,74.637,1658.3,0.081203,0.035794,5.4362,8430.7,21.771,14628,2,True,True
HD_52089,-1,6,0,lin,False,0,25915,0.22187,1.0893,64.143,1073,0.016536,0.022401,17.233,11822,21.771,14628,2,True,True
HD_52089,-1,6,0,lin,True,0,25915,0.22187,1.0893,64.143,1073,0.016536,0.022401,17.233,11822,21.771,14628,2,True,True
HD_52089,-1,7,0,log,False,0,11225,0.98043,1.4319,1.6705,788.29,0.079702,0.026299,3.206,14654,24.454,16328,2,True,True
HD_52089,-1,7,0,log,True,0,11225,0.98043,1.4319,1.6705,788.29,0.079702,0.026299,3.206,14654,24.454,16328,2,True,True
HD_52089,-1,7,0,lin,False,0,18616,0.52352,1.194,1.0017e-07,378.62,0.01989,0.020337,17.081,15284,24.454,16328,2,True,True
HD_52089,-1,7,0,lin,True,0,18616,0.52352,1.194,1.0017e-07,378.62,0.01989,0.020337,17.081,15284,24.454,16328,2,True,True
HD_52089,-1,33,0,log,False,0,9199.5,1.0236,1.429,19.554,642.6,0.084935,0.028654,3.272,13887,25.839,17447,2,True,True
HD_52089,-1,33,0,log,True,2,9734.7,0.93022,1.3998,18.344,718.09,0.082036,0.028187,3.3329,13819,25.839,17447,2,True,True
HD_52089,-1,33,0,lin,False,0,16646,0.47343,1.1453,1.0002e-07,380.41,0.020574,0.02042,15.746,15237,25.839,17447,2,True,True
HD_52089,-1,33,0,lin,True,0,16646,0.47343,1.1453,1.0002e-07,380.41,0.020574,0.02042,15.746,15237,25.839,17447,2,True,True
HD_52089,-1,34,0,log,False,0,13261,0.99505,1.608,160.09,938,0.07742,0.036019,4.4917,10582,24.962,16594,2,True,True
HD_52089,-1,34,0,log,True,0,13261,0.99505,1.608,160.09,938,0.07742,0.036019,4.4917,10582,24.962,16594,2,True,True
HD_52089,-1,34,0,lin,False,0,16007,0.9296,1.6218,217.52,190.96,0.01802,0.025094,14.04,16010,24.962,16594,2,True,True
HD_52089,-1,34,0,lin,True,0,16007,0.9296,1.6218,217.52,190.96,0.01802,0.025094,14.04,16010,24.962,16594,2,True,True
HD_53138,-1,7,0,log,False,0,1e+05,0.027746,1.1699,55.169,1.1887e+05,0.030666,0.026396,1.9926,9306.1,24.454,16322,2,False,True
HD_53138,-1,7,0,log,True,0,1e+05,0.027746,1.1699,55.169,1.1887e+05,0.030666,0.026396,1.9926,9306.1,24.454,16322,2,False,True
HD_53138,-1,7,0,lin,False,0,1e+05,0.052911,1.49,133.94,12049,0.0060642,0.02334,6.329,16652,24.454,16322,2,False,True
HD_53138,-1,7,0,lin,True,0,1e+05,0.052911,1.49,133.94,12049,0.0060642,0.02334,6.329,16652,24.454,16322,2,False,True
HD_53138,-1,87,0,log,False,0,1e+05,0.11544,1.1258,105.93,29584,0.038393,0.025125,10.104,11592,26.891,15821,2,False,True
HD_53138,-1,87,0,log,True,0,1e+05,0.11544,1.1258,105.93,29584,0.038393,0.025125,10.104,11592,26.891,15821,2,False,True
HD_53138,-1,87,0,lin,False,0,1e+05,0.17918,1.3336,358.52,3192.3,0.0084475,0.019734,28.548,17100,26.891,15821,2,True,True
HD_53138,-1,87,0,lin,True,0,1e+05,0.17918,1.3336,358.52,3192.3,0.0084475,0.019734,28.548,17100,26.891,15821,2,True,True
HD_53244,-1,7,0,log,False,0,7691.3,0.02,1.2662,4.0814,17469,0.037977,0.033455,0.08752,6587.2,24.454,16336,2,False,True
HD_53244,-1,7,0,log,True,0,7691.3,0.02,1.2662,4.0814,17469,0.037977,0.033455,0.08752,6587.2,24.454,16336,2,False,True
HD_53244,-1,7,0,lin,False,0,1504,0.23362,4.8759,9.7764,13.846,0.0015169,0.098972,0.37474,16132,24.454,16336,2,True,True
HD_53244,-1,7,0,lin,True,40,1458.1,0.23465,5.2435,8.1853,11.769,0.0012911,0.10075,0.33999,17374,24.454,16336,2,True,True
HD_53244,-1,33,0,log,False,0,7464,0.02,1.2365,3.4993,14097,0.032372,0.027942,0.079369,8614.5,25.839,17446,2,False,True
HD_53244,-1,33,0,log,True,1,6968.7,0.02,1.3994,3.5362,19374,0.041685,0.036491,0.047284,5995.7,25.839,17446,2,False,True
HD_53244,-1,33,0,lin,False,0,2061.4,0.21184,11.423,10.323,14.213,0.00067536,0.33793,0.54578,15235,25.839,17446,2,True,True
HD_53244,-1,33,0,lin,True,40,1946.1,0.21994,9.3094,9.6001,12.647,0.00073287,0.22781,0.46957,17111,25.839,17446,2,True,True
HD_53244,-1,87,0,log,False,0,14258,0.02,1.3102,4.8566,31938,0.035914,0.028849,0.099582,8150.4,25.628,16957,2,False,True
HD_53244,-1,87,0,log,True,1,333.19,0.30367,1.532,3.1185,50.26,0.044994,0.038653,0.047074,7299.9,25.628,16957,2,True,True
HD_53244,-1,87,0,lin,False,0,2591.4,0.19541,30,15.319,17.445,0.00038809,1.5435,0.7587,13099,25.628,16957,2,True,True
HD_53244,-1,87,0,lin,True,40,2344,0.19856,30,18.976,13.753,0.0003468,1.3579,0.6091,15178,25.628,16957,2,True,True
HD_53975,-1,7,0,log,False,0,70.453,1.3277,1.0896,1e-07,5.8928,0.18651,0.04349,0.15257,9479.1,24.454,16341,2,True,True
HD_53975,-1,7,0,log,True,1,45.246,2.4349,1.1928,1e-07,2.789,0.24244,0.048975,0.14622,9582,24.454,16341,2,True,True
HD_53975,-1,7,0,lin,False,0,1532.1,0.02,0.91394,2.0094,515.7,0.009522,0.025396,0.28004,9832.7,24.454,16341,2,False,True
HD_53975,-1,7,0,lin,True,0,1532.1,0.02,0.91394,2.0094,515.7,0.009522,0.025396,0.28004,9832.7,24.454,16341,2,False,True
HD_53975,-1,33,0,log,False,0,100.59,0.90045,1.1341,0.26583,8.8229,0.12123,0.035126,0.10607,11116,25.839,17454,2,True,True
HD_53975,-1,33,0,log,True,1,48.951,2.3779,1.4109,0.70592,2.5582,0.17503,0.044537,0.084982,10667,25.839,17454,2,True,True
HD_53975,-1,33,0,lin,False,0,698.37,0.040282,0.80404,1.0001e-07,137.51,0.01455,0.026722,0.39723,9591.6,25.839,17454,2,False,True
HD_53975,-1,33,0,lin,True,0,698.37,0.040282,0.80404,1.0001e-07,137.51,0.01455,0.026722,0.39723,9591.6,25.839,17454,2,False,True
HD_53975,-1,87,0,log,False,0,62.259,1.8578,1.2929,0.63563,3.9234,0.17396,0.043782,0.10888,10062,25.629,17060,2,True,True
HD_53975,-1,87,0,log,True,1,42.404,3.231,1.5266,0.77424,1.9255,0.19797,0.049629,0.089621,10445,25.629,17060,2,True,True
HD_53975,-1,87,0,lin,False,0,1613.1,0.02,0.90407,1.7444,628.21,0.011167,0.029578,0.3605,8145.2,25.629,17060,2,False,True
HD_53975,-1,87,0,lin,True,0,1613.1,0.02,0.90407,1.7444,628.21,0.011167,0.029578,0.3605,8145.2,25.629,17060,2,False,True
HD_54764,-1,7,0,log,False,0,985.79,0.98916,1.9624,4.2615,62.637,0.053516,0.029975,0.092154,13756,24.454,16337,2,True,True
HD_54764,-1,7,0,log,True,0,985.79,0.98916,1.9624,4.2615,62.637,0.053516,0.029975,0.092154,13756,24.454,16337,2,True,True
HD_54764,-1,7,0,lin,False,0,1395.7,0.77328,1.8623,6.255,17.025,0.014179,0.03146,1.039,14354,24.454,16337,2,True,True
HD_54764,-1,7,0,lin,True,0,1395.7,0.77328,1.8623,6.255,17.025,0.014179,0.03146,1.039,14354,24.454,16337,2,True,True
HD_54764,-1,33,0,log,False,0,897.39,1.1429,2.193,3.6476,45.645,0.045254,0.027927,0.056724,16699,25.839,17453,2,True,True
HD_54764,-1,33,0,log,True,0,897.39,1.1429,2.193,3.6476,45.645,0.045254,0.027927,0.056724,16699,25.839,17453,2,True,True
HD_54764,-1,33,0,lin,False,0,1427.4,0.76072,2.0487,7.2341,15.16,0.011539,0.032839,0.9292,15851,25.839,17453,2,True,True
HD_54764,-1,33,0,lin,True,0,1427.4,0.76072,2.0487,7.2341,15.16,0.011539,0.032839,0.9292,15851,25.839,17453,2,True,True
HD_54764,-1,87,0,log,False,0,1842.2,0.47195,1.481,3.47,189.14,0.048348,0.024346,0.19008,13802,25.628,17061,2,True,True
HD_54764,-1,87,0,log,True,0,1842.2,0.47195,1.481,3.47,189.14,0.048348,0.024346,0.19008,13802,25.628,17061,2,True,True
HD_54764,-1,87,0,lin,False,0,2020,0.51464,1.5021,4.3109,33.284,0.013869,0.024261,1.3069,15049,25.628,17061,2,True,True
HD_54764,-1,87,0,lin,True,0,2020,0.51464,1.5021,4.3109,33.284,0.013869,0.024261,1.3069,15049,25.628,17061,2,True,True
HD_54879,-1,7,0,log,False,0,14.433,0.57905,1.9599,0.66867,1.4887,0.059108,0.079663,0.0060187,3778.5,24.454,16341,2,True,True
HD_54879,-1,7,0,log,True,0,14.433,0.57905,1.9599,0.66867,1.4887,0.059108,0.079663,0.0060187,3778.5,24.454,16341,2,True,True
HD_54879,-1,7,0,lin,False,0,20.236,0.43315,1.6287,0.75541,0.38148,0.012503,0.029949,0.012058,12700,24.454,16341,2,True,True
HD_54879,-1,7,0,lin,True,0,20.236,0.43315,1.6287,0.75541,0.38148,0.012503,0.029949,0.012058,12700,24.454,16341,2,True,True
HD_54879,-1,33,0,log,False,0,12.12,0.48202,2.1097,0.5776,1.3336,0.049287,0.092494,0.0043869,3337.7,25.839,17452,2,True,True
HD_54879,-1,33,0,log,True,0,12.12,0.48202,2.1097,0.5776,1.3336,0.049287,0.092494,0.0043869,3337.7,25.839,17452,2,True,True
HD_54879,-1,33,0,lin,False,0,22.125,0.27063,1.6622,0.66305,0.60986,0.010379,0.034574,0.0099114,11402,25.839,17452,2,True,True
HD_54879,-1,33,0,lin,True,0,22.125,0.27063,1.6622,0.66305,0.60986,0.010379,0.034574,0.0099114,11402,25.839,17452,2,True,True
HD_55879,-1,7,0,log,False,0,108.76,1.1241,1.146,1e-07,9.0101,0.14484,0.037666,0.14249,10640,24.454,16343,2,True,True
HD_55879,-1,7,0,log,True,0,108.76,1.1241,1.146,1e-07,9.0101,0.14484,0.037666,0.14249,10640,24.454,16343,2,True,True
HD_55879,-1,7,0,lin,False,0,199.88,0.47556,0.96977,1.0005e-07,5.9323,0.02976,0.02116,0.29617,13948,24.454,16343,2,True,True
HD_55879,-1,7,0,lin,True,0,199.88,0.47556,0.96977,1.0005e-07,5.9323,0.02976,0.02116,0.29617,13948,24.454,16343,2,True,True
HD_55879,-1,33,0,log,False,0,87.252,1.495,1.2011,1e-07,5.9971,0.15778,0.038051,0.12856,11524,25.839,17452,2,True,True
HD_55879,-1,33,0,log,True,1,77.621,1.7085,1.2101,1.0001e-07,5.0288,0.17146,0.039557,0.13297,11411,25.839,17452,2,True,True
HD_55879,-1,33,0,lin,False,0,1115.6,0.02,0.76031,1.0001e-07,289.44,0.0092586,0.022086,0.39501,12235,25.839,17452,2,False,True
HD_55879,-1,33,0,lin,True,0,1115.6,0.02,0.76031,1.0001e-07,289.44,0.0092586,0.022086,0.39501,12235,25.839,17452,2,False,True
HD_55879,-1,87,0,log,False,0,262.22,0.27232,0.94572,1.0628e-07,49.334,0.081399,0.034019,0.18797,9853.8,25.63,17050,2,True,True
HD_55879,-1,87,0,log,True,0,262.22,0.27232,0.94572,1.0628e-07,49.334,0.081399,0.034019,0.18797,9853.8,25.63,17050,2,True,True
HD_55879,-1,87,0,lin,False,0,530.57,0.11377,0.87858,1e-07,38.19,0.015996,0.020315,0.36161,13400,25.63,17050,2,False,True
HD_55879,-1,87,0,lin,True,0,530.57,0.11377,0.87858,1e-07,38.19,0.015996,0.020315,0.36161,13400,25.63,17050,2,False,True
HD_5689,-1,18,0,log,False,0,16.868,3.4495,1.9648,0.3652,0.63702,0.14254,0.047884,0.015883,11599,23.629,15108,2,True,True
HD_5689,-1,18,0,log,True,0,16.868,3.4495,1.9648,0.3652,0.63702,0.14254,0.047884,0.015883,11599,23.629,15108,2,True,True
HD_5689,-1,18,0,lin,False,0,26.914,2.1318,1.5012,0.24395,0.39719,0.050419,0.034097,0.067644,11991,23.629,15108,2,True,True
HD_5689,-1,18,0,lin,True,0,26.914,2.1318,1.5012,0.24395,0.39719,0.050419,0.034097,0.067644,11991,23.629,15108,2,True,True
HD_5689,-1,24,0,log,False,0,18.77,3.1895,1.969,0.41593,0.7038,0.12961,0.045508,0.015249,12601,26.484,15937,2,True,True
HD_5689,-1,24,0,log,True,0,18.77,3.1895,1.969,0.41593,0.7038,0.12961,0.045508,0.015249,12601,26.484,15937,2,True,True
HD_5689,-1,24,0,lin,False,0,29.246,1.9791,1.3458,1e-07,0.43715,0.049597,0.028818,0.074525,14130,26.484,15937,2,True,True
HD_5689,-1,24,0,lin,True,0,29.246,1.9791,1.3458,1e-07,0.43715,0.049597,0.028818,0.074525,14130,26.484,15937,2,True,True
HD_5689,-1,25,0,log,False,0,14.364,4.2957,2.3073,0.4343,0.45546,0.13497,0.053757,0.012478,12368,25.664,16852,2,True,True
HD_5689,-1,25,0,log,True,0,14.364,4.2957,2.3073,0.4343,0.45546,0.13497,0.053757,0.012478,12368,25.664,16852,2,True,True
HD_5689,-1,25,0,lin,False,0,22.629,2.8072,1.4835,1e-07,0.31994,0.060489,0.034154,0.071519,13180,25.664,16852,2,True,True
HD_5689,-1,25,0,lin,True,0,22.629,2.8072,1.4835,1e-07,0.31994,0.060489,0.034154,0.071519,13180,25.664,16852,2,True,True
HD_57061,-1,7,0,log,False,0,406.25,2.2898,3.0537,9.2195,15.968,0.06667,0.066545,0.091725,11112,24.454,16341,2,True,True
HD_57061,-1,7,0,log,True,7,355.8,1.4031,2.1076,5.7139,19.65,0.070647,0.044443,0.085864,10498,24.454,16341,2,True,True
HD_57061,-1,7,0,lin,False,0,595.59,2.4775,6.0571,16.423,12.391,0.044503,0.52406,2.3627,2938.7,24.454,16341,2,True,True
HD_57061,-1,7,0,lin,True,6,753.55,0.56185,1.2593,2.1622e-06,17.661,0.023963,0.026359,0.83303,11809,24.454,16341,2,True,True
HD_57061,-1,33,0,log,False,0,417.83,1.6896,2.4265,6.8473,20.085,0.067376,0.049145,0.085708,11370,25.839,17452,2,True,True
HD_57061,-1,33,0,log,True,4,546.18,0.70405,1.7252,4.9349,46.519,0.058012,0.036317,0.094408,10031,25.839,17452,2,True,True
HD_57061,-1,33,0,lin,False,0,511.79,1.935,23.778,18.551,8.0019,0.013923,3.5331,1.5962,3753.7,25.839,17452,2,True,True
HD_57061,-1,33,0,lin,True,14,844.12,0.4157,1.2631,1.4203,18.484,0.016114,0.021381,0.6002,14937,25.839,17452,2,True,True
HD_57061,-1,34,0,log,False,0,1624.4,0.89425,1.6606,27.467,126.21,0.074761,0.041548,0.56051,8770.4,24.961,16809,2,True,True
HD_57061,-1,34,0,log,True,4,3964.7,0.21069,1.2754,23.087,813.35,0.047541,0.033368,0.65722,8034.2,24.961,16809,2,True,True
HD_57061,-1,34,0,lin,False,0,18954,0.02,0.81976,1e-07,9249.2,0.015833,0.039556,8.7288,5421.3,24.961,16809,2,False,True
HD_57061,-1,34,0,lin,True,3,26748,0.02,1.0084,17.319,6696.3,0.0062598,0.017666,2.165,15599,24.961,16809,2,False,True
HD_57061,-1,61,0,log,False,0,390.14,0.83198,1.5413,6.9853,33.661,0.08248,0.042598,0.17208,8011.6,24.359,15975,2,True,True
HD_57061,-1,61,0,log,True,3,1544.9,0.108,1.1821,5.5297,582.3,0.044009,0.034949,0.19167,6915.4,24.359,15975,2,False,True
HD_57061,-1,61,0,lin,False,0,4067.7,0.02,0.79289,1.0443e-07,2090.2,0.017391,0.042586,2.3272,4830,24.359,15975,2,False,True
HD_57061,-1,61,0,lin,True,3,6200.8,0.02,1.0165,5.4255,1393.8,0.0055652,0.015781,0.43211,17260,24.359,15975,2,False,True
HD_57539,-1,7,0,log,False,0,142.89,1.3381,2.2921,2.0408,8.0371,0.06321,0.047784,0.02601,10310,24.454,16338,2,True,True
HD_57539,-1,7,0,log,True,7,164.82,0.66455,1.5698,1.4018,14.508,0.06134,0.033399,0.0353,10322,24.454,16338,2,True,True
HD_57539,-1,7,0,lin,False,0,177.24,1.8727,30,4.5772,2.2232,0.0096892,4.0594,0.44227,5215.2,24.454,16338,2,True,True
HD_57539,-1,7,0,lin,True,31,630.99,0.15065,1.2708,1.5849,29.663,0.010451,0.023565,0.20809,13010,24.454,16338,2,True,True
HD_57682,-1,7,0,log,False,0,155.05,0.16723,0.84924,1e-07,41.734,0.076881,0.037753,0.1342,8531.2,24.454,16340,2,True,True
HD_57682,-1,7,0,log,True,0,155.05,0.16723,0.84924,1e-07,41.734,0.076881,0.037753,0.1342,8531.2,24.454,16340,2,True,True
HD_57682,-1,7,0,lin,False,0,224.3,0.11772,0.84353,0.229,15.345,0.016447,0.019269,0.16879,13937,24.454,16340,2,False,True
HD_57682,-1,7,0,lin,True,0,224.3,0.11772,0.84353,0.229,15.345,0.016447,0.019269,0.16879,13937,24.454,16340,2,False,True
HD_57682,-1,34,0,log,False,0,402.33,0.02,0.6781,0.056123,413.34,0.037547,0.047676,0.27981,6455.8,25.019,16870,2,False,True
HD_57682,-1,34,0,log,True,0,402.33,0.02,0.6781,0.056123,413.34,0.037547,0.047676,0.27981,6455.8,25.019,16870,2,False,True
HD_57682,-1,34,0,lin,False,0,1073.4,0.02,0.90478,2.4117,300.97,0.008033,0.021292,0.17211,12246,25.019,16870,2,False,True
HD_57682,-1,34,0,lin,True,0,1073.4,0.02,0.90478,2.4117,300.97,0.008033,0.021292,0.17211,12246,25.019,16870,2,False,True
HD_61068,-1,7,0,log,False,0,56.353,8.961,6.2034,8.769,1.3724,0.13194,0.28967,0.10195,6618.5,24.454,16334,2,True,True
HD_61068,-1,7,0,log,True,21,26.531,9.2234,4.2904,1.7095,0.54592,0.13244,0.11256,0.028024,11615,24.454,16334,2,True,True
HD_61068,-1,7,0,lin,False,0,155.68,7.2322,30,13.977,5.1241,0.093569,10.155,2.0777,918.62,24.454,16334,2,True,True
HD_61068,-1,7,0,lin,True,18,173.89,1.146,1.3882,1.6277,4.0861,0.047069,0.040544,0.39578,8126.6,24.454,16334,2,True,True
HD_61068,-1,34,0,log,False,0,87.637,8.9008,4.9318,6.7966,1.8669,0.123,0.1448,0.089572,10626,25.019,16898,2,True,True
HD_61068,-1,34,0,log,True,22,168.67,1.014,1.2357,0.839,14.631,0.12533,0.038094,0.15746,9964,25.019,16898,2,True,True
HD_61068,-1,34,0,lin,False,0,191.66,7.3265,30,13.905,5.1073,0.076643,8.2106,2.0851,1383.4,25.019,16898,2,True,True
HD_61068,-1,34,0,lin,True,17,260.6,0.70457,1.125,0.75279,7.0975,0.037473,0.028419,0.47529,10667,25.019,16898,2,True,True
HD_61068,-1,61,0,log,False,0,97.725,9.0932,4.1267,5.5256,2.1921,0.14456,0.11246,0.10599,10875,24.112,15852,2,True,True
HD_61068,-1,61,0,log,True,25,25.903,9.4266,4.4226,1.8115,0.53525,0.13421,0.12106,0.029058,11106,24.112,15852,2,True,True
HD_61068,-1,61,0,lin,False,0,209.78,7.7393,21.641,14.161,7.426,0.12495,6.5619,3.0756,817.04,24.112,15852,2,True,True
HD_61068,-1,61,0,lin,True,21,183.44,0.88641,1.1223,1.0018e-07,4.6908,0.044185,0.029188,0.40518,10636,24.112,15852,2,True,True
HD_61068,-1,88,0,log,False,0,79.249,9.1393,5.0995,6.2804,1.6267,0.11952,0.14809,0.080122,11344,27.771,19434,2,True,True
HD_61068,-1,88,0,log,True,28,25.925,8.7192,4.0742,1.7182,0.51967,0.12612,0.10165,0.026467,12874,27.771,19434,2,True,True
HD_61068,-1,88,0,lin,False,0,174.11,7.6939,23.503,12.51,5.3696,0.10413,6.4976,2.2259,1069.6,27.771,19434,2,True,True
HD_61068,-1,88,0,lin,True,23,186.89,1.1305,1.539,2.3686,3.3492,0.033776,0.036442,0.30377,10686,27.771,19434,2,True,True
HD_64568,-1,34,0,log,False,0,79.786,0.023638,0.72938,1e-07,71.274,0.035367,0.040044,0.035566,7737.6,25.033,16911,2,False,True
HD_64568,-1,34,0,log,True,0,79.786,0.023638,0.72938,1e-07,71.274,0.035367,0.040044,0.035566,7737.6,25.033,16911,2,False,True
HD_64568,-1,34,0,lin,False,0,61.394,0.081171,0.94722,0.37431,5.5903,0.012659,0.021174,0.026328,12545,25.033,16911,2,False,True
HD_64568,-1,34,0,lin,True,0,61.394,0.081171,0.94722,0.37431,5.5903,0.012659,0.021174,0.026328,12545,25.033,16911,2,False,True
HD_64568,-1,61,0,log,False,0,7.8535,1.0856,0.97083,0.070314,0.80904,0.2092,0.049994,0.025761,7616.2,24.361,16048,2,True,True
HD_64568,-1,61,0,log,True,0,7.8535,1.0856,0.97083,0.070314,0.80904,0.2092,0.049994,0.025761,7616.2,24.361,16048,2,True,True
HD_64568,-1,61,0,lin,False,0,65.129,0.02,0.66709,1.0737e-07,15.459,0.0099978,0.022001,0.038983,12455,24.361,16048,2,False,True
HD_64568,-1,61,0,lin,True,0,65.129,0.02,0.66709,1.0737e-07,15.459,0.0099978,0.022001,0.038983,12455,24.361,16048,2,False,True
HD_64568,-1,88,0,log,False,0,5.6787,1.7428,1.0601,0.070789,0.43202,0.23567,0.050552,0.0214,8670.8,27.771,19429,2,True,True
HD_64568,-1,88,0,log,True,2,3.659,3.6705,1.4355,0.15617,0.16908,0.24226,0.058745,0.013987,8858.9,27.771,19429,2,True,True
HD_64568,-1,88,0,lin,False,0,82.136,0.02,0.75532,0.16296,20.798,0.0091109,0.021634,0.029268,12661,27.771,19429,2,False,True
HD_64568,-1,88,0,lin,True,0,82.136,0.02,0.75532,0.16296,20.798,0.0091109,0.021634,0.029268,12661,27.771,19429,2,False,True
HD_68450,-1,34,0,log,False,0,187.35,2.2569,1.81,0.80748,8.2399,0.10481,0.033092,0.075501,14945,25.084,16982,2,True,True
HD_68450,-1,34,0,log,True,0,187.35,2.2569,1.81,0.80748,8.2399,0.10481,0.033092,0.075501,14945,25.084,16982,2,True,True
HD_68450,-1,34,0,lin,False,0,545.36,0.48428,1.1092,1.0003e-07,13.015,0.022445,0.020572,0.57113,14890,25.084,16982,2,True,True
HD_68450,-1,34,0,lin,True,0,545.36,0.48428,1.1092,1.0003e-07,13.015,0.022445,0.020572,0.57113,14890,25.084,16982,2,True,True
HD_68450,-1,35,0,log,False,0,209.26,2.481,1.9241,1.3472,8.3934,0.10119,0.033932,0.079757,15015,24.311,13794,2,True,True
HD_68450,-1,35,0,log,True,0,209.26,2.481,1.9241,1.3472,8.3934,0.10119,0.033932,0.079757,15015,24.311,13794,2,True,True
HD_68450,-1,35,0,lin,False,0,281.34,2.0254,1.6524,0.039587,3.4276,0.038534,0.032237,0.52614,13739,24.311,13794,2,True,True
HD_68450,-1,35,0,lin,True,0,281.34,2.0254,1.6524,0.039587,3.4276,0.038534,0.032237,0.52614,13739,24.311,13794,2,True,True
HD_68450,-1,61,0,log,False,0,186.64,2.3735,1.8029,0.57197,7.8252,0.10578,0.031953,0.076633,15504,24.56,16530,2,True,True
HD_68450,-1,61,0,log,True,0,186.64,2.3735,1.8029,0.57197,7.8252,0.10578,0.031953,0.076633,15504,24.56,16530,2,True,True
HD_68450,-1,61,0,lin,False,0,284.03,1.5857,1.5122,1.0009e-07,3.7573,0.034678,0.028694,0.47862,14024,24.56,16530,2,True,True
HD_68450,-1,61,0,lin,True,0,284.03,1.5857,1.5122,1.0009e-07,3.7573,0.034678,0.028694,0.47862,14024,24.56,16530,2,True,True
HD_68450,-1,62,0,log,False,0,153.98,2.785,1.9682,1.0014,5.803,0.10633,0.034795,0.064072,15670,25.711,17987,2,True,True
HD_68450,-1,62,0,log,True,1,144.11,2.9366,1.9775,0.78656,5.3716,0.11081,0.035146,0.062384,15733,25.711,17987,2,True,True
HD_68450,-1,62,0,lin,False,0,623.09,0.30325,0.9802,1e-07,23.286,0.022972,0.021353,0.66271,13810,25.711,17987,2,True,True
HD_68450,-1,62,0,lin,True,0,623.09,0.30325,0.9802,1e-07,23.286,0.022972,0.021353,0.66271,13810,25.711,17987,2,True,True
HD_69106,-1,61,0,log,False,0,31.834,9.0579,3.7509,1.5065,0.70461,0.14966,0.095916,0.035492,11682,24.29,16011,2,True,True
HD_69106,-1,61,0,log,True,7,34.41,4.6547,1.7845,0.22333,1.2099,0.1958,0.048799,0.060897,12351,24.29,16011,2,True,True
HD_69106,-1,61,0,lin,False,0,47.879,8.7679,30,4.1807,1.2486,0.087968,7.8748,0.56046,1435.7,24.29,16011,2,True,True
HD_69106,-1,61,0,lin,True,5,930.25,0.02,0.7584,1.0217e-07,268.08,0.010318,0.024589,0.37068,10503,24.29,16011,2,False,True
HD_69106,-1,62,0,log,False,0,29.722,8.8304,3.3584,1.3441,0.67357,0.16043,0.086897,0.039238,11948,25.711,18023,2,True,True
HD_69106,-1,62,0,log,True,6,35.068,4.4716,1.8208,0.33691,1.1738,0.17622,0.045955,0.052609,13395,25.711,18023,2,True,True
HD_69106,-1,62,0,lin,False,0,41.539,8.9131,25.465,3.9869,1.1412,0.10168,6.438,0.51355,1320.5,25.711,18023,2,True,True
HD_69106,-1,62,0,lin,True,5,667.11,0.02,0.70485,1.0002e-07,217.39,0.0128,0.029142,0.42512,9144.4,25.711,18023,2,False,True
HD_69106,-1,88,0,log,False,0,30.066,8.3496,3.5136,1.4707,0.65179,0.14102,0.085009,0.032098,13092,27.771,19433,2,True,True
HD_69106,-1,88,0,log,True,5,38.807,3.9427,1.7703,0.21475,1.3358,0.16088,0.041132,0.046846,14874,27.771,19433,2,True,True
HD_69106,-1,88,0,lin,False,0,41.171,8.8159,26.274,3.7164,1.08,0.094741,6.4587,0.48379,1446,27.771,19433,2,True,True
HD_69106,-1,88,0,lin,True,4,747.5,0.02,0.72328,1.0003e-07,238.18,0.012112,0.028003,0.41217,9735.5,27.771,19433,2,False,True
HD_69106,-1,89,0,log,False,0,26.026,8.9041,3.3967,1.2819,0.55783,0.15248,0.085047,0.033803,13061,28.805,20254,2,True,True
HD_69106,-1,89,0,log,True,9,28.893,4.6944,1.8612,0.5119,0.91955,0.17486,0.047995,0.047396,13742,28.805,20254,2,True,True
HD_69106,-1,89,0,lin,False,0,579.19,0.02,0.60331,1.0511e-07,709.47,0.058552,0.1208,2.7876,1001.1,28.805,20254,2,False,True
HD_69106,-1,89,0,lin,True,4,835.7,0.02,0.76364,1.0003e-07,280.06,0.011891,0.028417,0.37361,9157.1,28.805,20254,2,False,True
HD_69464,-1,8,0,log,False,0,138.93,1.0942,1.6672,1.0306,7.91,0.065203,0.028346,0.031385,14063,24.043,12892,2,True,True
HD_69464,-1,8,0,log,True,0,138.93,1.0942,1.6672,1.0306,7.91,0.065203,0.028346,0.031385,14063,24.043,12892,2,True,True
HD_69464,-1,8,0,lin,False,0,160.98,1.0789,1.5217,0.38679,2.1773,0.024478,0.026629,0.18951,14243,24.043,12892,2,True,True
HD_69464,-1,8,0,lin,True,0,160.98,1.0789,1.5217,0.38679,2.1773,0.024478,0.026629,0.18951,14243,24.043,12892,2,True,True
HD_69464,-1,35,0,log,False,0,75.294,2.0644,2.3376,0.49627,2.9621,0.066202,0.032987,0.01002,16181,24.312,13791,2,True,True
HD_69464,-1,35,0,log,True,0,75.294,2.0644,2.3376,0.49627,2.9621,0.066202,0.032987,0.01002,16181,24.312,13791,2,True,True
HD_69464,-1,35,0,lin,False,0,113.3,1.3334,1.6343,1e-07,1.311,0.024917,0.027232,0.13643,15335,24.312,13791,2,True,True
HD_69464,-1,35,0,lin,True,0,113.3,1.3334,1.6343,1e-07,1.311,0.024917,0.027232,0.13643,15335,24.312,13791,2,True,True
HD_69464,-1,61,0,log,False,0,83.393,1.8146,2.1494,0.5752,3.7112,0.070177,0.033171,0.013522,14919,24.29,16011,2,True,True
HD_69464,-1,61,0,log,True,0,83.393,1.8146,2.1494,0.5752,3.7112,0.070177,0.033171,0.013522,14919,24.29,16011,2,True,True
HD_69464,-1,61,0,lin,False,0,159.94,0.81338,1.3919,1e-07,2.6321,0.023436,0.025406,0.17793,13732,24.29,16011,2,True,True
HD_69464,-1,61,0,lin,True,0,159.94,0.81338,1.3919,1e-07,2.6321,0.023436,0.025406,0.17793,13732,24.29,16011,2,True,True
HD_69464,-1,62,0,log,False,0,48.716,2.6801,2.7232,0.43263,1.6588,0.068621,0.039571,0.0067547,16369,25.007,17516,2,True,True
HD_69464,-1,62,0,log,True,0,48.716,2.6801,2.7232,0.43263,1.6588,0.068621,0.039571,0.0067547,16369,25.007,17516,2,True,True
HD_69464,-1,62,0,lin,False,0,72.661,1.882,1.8889,1.0013e-07,0.78408,0.030283,0.034929,0.10668,14343,25.007,17516,2,True,True
HD_69464,-1,62,0,lin,True,7,72.643,1.8828,1.89,1.0014e-07,0.78345,0.030272,0.034946,0.10662,14349,25.007,17516,2,True,True
HD_74920,-1,8,0,log,False,0,107.12,2.4596,1.8044,1.1252,4.6325,0.11736,0.038144,0.063717,13097,24.354,13170,2,True,True
HD_74920,-1,8,0,log,True,0,107.12,2.4596,1.8044,1.1252,4.6325,0.11736,0.038144,0.063717,13097,24.354,13170,2,True,True
HD_74920,-1,8,0,lin,False,0,151.83,1.7516,1.4032,1.0005e-07,2.2123,0.042971,0.02893,0.32514,13522,24.354,13170,2,True,True
HD_74920,-1,8,0,lin,True,0,151.83,1.7516,1.4032,1.0005e-07,2.2123,0.042971,0.02893,0.32514,13522,24.354,13170,2,True,True
HD_74920,-1,9,0,log,False,0,54.626,4.1846,2.2885,0.67761,1.6829,0.12299,0.043393,0.030856,14757,24.497,16407,2,True,True
HD_74920,-1,9,0,log,True,0,54.626,4.1846,2.2885,0.67761,1.6829,0.12299,0.043393,0.030856,14757,24.497,16407,2,True,True
HD_74920,-1,9,0,lin,False,0,82.131,2.8316,1.6333,1e-07,1.0712,0.054987,0.036403,0.22706,12894,24.497,16407,2,True,True
HD_74920,-1,9,0,lin,True,0,82.131,2.8316,1.6333,1e-07,1.0712,0.054987,0.036403,0.22706,12894,24.497,16407,2,True,True
HD_76556,-1,8,0,log,False,0,68.23,3.1122,2.1756,1.24,2.5446,0.1135,0.04547,0.036118,12656,24.356,13173,2,True,True
HD_76556,-1,8,0,log,True,0,68.23,3.1122,2.1756,1.24,2.5446,0.1135,0.04547,0.036118,12656,24.356,13173,2,True,True
HD_76556,-1,8,0,lin,False,0,150.15,1.15,1.2545,1e-07,2.9449,0.041245,0.028972,0.30628,11854,24.356,13173,2,True,True
HD_76556,-1,8,0,lin,True,0,150.15,1.15,1.2545,1e-07,2.9449,0.041245,0.028972,0.30628,11854,24.356,13173,2,True,True
HD_90273,-1,9,0,log,False,0,8.6517,2.7804,1.297,0.13408,0.47576,0.23367,0.051719,0.027458,9158.8,24.592,16523,2,True,True
HD_90273,-1,9,0,log,True,0,8.6517,2.7804,1.297,0.13408,0.47576,0.23367,0.051719,0.027458,9158.8,24.592,16523,2,True,True
HD_90273,-1,9,0,lin,False,0,12.996,1.8514,1.1402,0.1004,0.30433,0.077091,0.035038,0.055091,10041,24.592,16523,2,True,True
HD_90273,-1,9,0,lin,True,0,12.996,1.8514,1.1402,0.1004,0.30433,0.077091,0.035038,0.055091,10041,24.592,16523,2,True,True
HD_90273,-1,10,0,log,False,0,9.7267,2.6232,1.454,0.21371,0.49699,0.18677,0.048803,0.019351,9753.3,25.239,16346,2,True,True
HD_90273,-1,10,0,log,True,0,9.7267,2.6232,1.454,0.21371,0.49699,0.18677,0.048803,0.019351,9753.3,25.239,16346,2,True,True
HD_90273,-1,10,0,lin,False,0,19.391,0.97238,0.99365,1e-07,0.5407,0.05566,0.027934,0.057692,11481,25.239,16346,2,True,True
HD_90273,-1,10,0,lin,True,0,19.391,0.97238,0.99365,1e-07,0.5407,0.05566,0.027934,0.057692,11481,25.239,16346,2,True,True
HD_90273,-1,37,0,log,False,0,12.094,1.7725,1.1642,1e-07,0.8154,0.19326,0.042605,0.026756,10511,25.325,17338,2,True,True
HD_90273,-1,37,0,log,True,0,12.094,1.7725,1.1642,1e-07,0.8154,0.19326,0.042605,0.026756,10511,25.325,17338,2,True,True
HD_90273,-1,37,0,lin,False,0,22.391,0.65329,0.915,1e-07,0.80775,0.051549,0.027699,0.061706,11092,25.325,17338,2,True,True
HD_90273,-1,37,0,lin,True,0,22.391,0.65329,0.915,1e-07,0.80775,0.051549,0.027699,0.061706,11092,25.325,17338,2,True,True
HD_91572,-1,36,0,log,False,0,36.355,0.69632,1.0127,0.11114,4.1311,0.13371,0.039561,0.053627,9196.2,24.437,16357,2,True,True
HD_91572,-1,36,0,log,True,0,36.355,0.69632,1.0127,0.11114,4.1311,0.13371,0.039561,0.053627,9196.2,24.437,16357,2,True,True
HD_91572,-1,36,0,lin,False,0,67.799,0.24894,0.84231,1e-07,3.348,0.02744,0.021601,0.095706,13035,24.437,16357,2,True,True
HD_91572,-1,36,0,lin,True,0,67.799,0.24894,0.84231,1e-07,3.348,0.02744,0.021601,0.095706,13035,24.437,16357,2,True,True
HD_91572,-1,37,0,log,False,0,25.915,1.2539,1.1575,0.11227,2.0588,0.15696,0.040546,0.040813,10032,25.323,17336,2,True,True
HD_91572,-1,37,0,log,True,0,25.915,1.2539,1.1575,0.11227,2.0588,0.15696,0.040546,0.040813,10032,25.323,17336,2,True,True
HD_91572,-1,37,0,lin,False,0,90.506,0.14174,0.80678,1e-07,6.1258,0.020938,0.020787,0.09554,13578,25.323,17336,2,False,True
HD_91572,-1,37,0,lin,True,0,90.506,0.14174,0.80678,1e-07,6.1258,0.020938,0.020787,0.09554,13578,25.323,17336,2,False,True
HD_91572,-1,63,0,log,False,0,54.198,0.46321,0.99222,0.14571,7.3015,0.10194,0.035735,0.054734,9955,26.531,18358,2,True,True
HD_91572,-1,63,0,log,True,0,54.198,0.46321,0.99222,0.14571,7.3015,0.10194,0.035735,0.054734,9955,26.531,18358,2,True,True
HD_91572,-1,63,0,lin,False,0,872.58,0.02,1.0558,1.461,262.23,0.0070941,0.020515,0.066111,14091,26.531,18358,2,False,True
HD_91572,-1,63,0,lin,True,0,872.58,0.02,1.0558,1.461,262.23,0.0070941,0.020515,0.066111,14091,26.531,18358,2,False,True
HD_91572,-1,64,0,log,False,0,36.986,0.67259,1.0091,0.05552,4.1372,0.12662,0.037516,0.050152,10186,26.916,18853,2,True,True
HD_91572,-1,64,0,log,True,0,36.986,0.67259,1.0091,0.05552,4.1372,0.12662,0.037516,0.050152,10186,26.916,18853,2,True,True
HD_91572,-1,64,0,lin,False,0,418.02,0.02,0.85212,0.49414,91.177,0.0067381,0.01722,0.07075,15865,26.916,18853,2,False,True
HD_91572,-1,64,0,lin,True,0,418.02,0.02,0.85212,0.49414,91.177,0.0067381,0.01722,0.07075,15865,26.916,18853,2,False,True
HD_91837,-1,10,0,log,False,0,25.573,0.86795,1.2873,0.51271,2.3766,0.1121,0.043516,0.023718,7798,25.374,16457,2,True,True
HD_91837,-1,10,0,log,True,3,8.9106,3.0317,1.888,0.50741,0.38906,0.15537,0.06111,0.013234,8336,25.374,16457,2,True,True
HD_91837,-1,10,0,lin,False,0,2456.2,0.02,1.6813,1.8175,2583.7,0.014017,0.045642,0.04325,9920.1,25.374,16457,2,False,True
HD_91837,-1,10,0,lin,True,40,58695,0.02,3.4144,1.5308,7.2753e+05,0.073564,0.07903,0.026301,16284,25.374,16457,2,False,True
HD_91837,-1,36,0,log,False,0,18.658,1.1567,1.301,0.2648,1.49,0.12988,0.042119,0.01985,8859.7,24.437,16354,2,True,True
HD_91837,-1,36,0,log,True,3,7.7864,3.3192,1.8186,0.34153,0.33305,0.17037,0.057873,0.012709,8932,24.437,16354,2,True,True
HD_91837,-1,36,0,lin,False,0,3409.6,0.02,1.8589,1.501,3845.6,0.01332,0.041885,0.03298,12868,24.437,16354,2,False,True
HD_91837,-1,36,0,lin,True,28,4889.1,0.02,2.0497,1.2435,6415.9,0.013799,0.040601,0.027304,15448,24.437,16354,2,False,True
HD_91837,-1,37,0,log,False,0,16.354,1.3065,1.2902,0.21333,1.2128,0.13918,0.041727,0.019774,9467.1,25.325,17337,2,True,True
HD_91837,-1,37,0,log,True,5,4.5653,5.5787,2.3807,0.36773,0.13766,0.17327,0.075588,0.0090344,9231.8,25.325,17337,2,True,True
HD_91837,-1,37,0,lin,False,0,20988,0.02,2.8612,1.6316,1.2757e+05,0.043662,0.076638,0.030807,13137,25.325,17337,2,False,True
HD_91837,-1,37,0,lin,True,40,18661,0.02,2.7919,1.1868,74552,0.029486,0.05469,0.022896,17951,25.325,17337,2,False,True
HD_91837,-1,63,0,log,False,0,16.578,1.4843,1.3777,0.32258,1.097,0.13575,0.042923,0.01937,9581.6,26.531,18350,2,True,True
HD_91837,-1,63,0,log,True,5,6.6616,3.6163,1.8726,0.31831,0.26098,0.16754,0.057649,0.01105,9680.6,26.531,18350,2,True,True
HD_91837,-1,63,0,lin,False,0,27276,0.02,2.8938,1.8201,1.6008e+05,0.041635,0.071017,0.034402,14827,26.531,18350,2,False,True
HD_91837,-1,63,0,lin,True,40,16547,0.02,2.6236,1.3727,50945,0.024353,0.051168,0.02802,18075,26.531,18350,2,False,True
HD_92504,-1,36,0,log,False,0,7.0934,2.2231,1.3885,0.4056,0.45209,0.20887,0.062072,0.020312,6344.1,24.437,16351,2,True,True
HD_92504,-1,36,0,log,True,1,5.6516,2.9381,1.5378,0.43566,0.30853,0.22241,0.069289,0.018216,6143.9,24.437,16351,2,True,True
HD_92504,-1,36,0,lin,False,0,39.321,0.081628,0.66379,1.0001e-07,6.1974,0.032017,0.032885,0.083966,8239.3,24.437,16351,2,False,True
HD_92504,-1,36,0,lin,True,0,39.321,0.081628,0.66379,1.0001e-07,6.1974,0.032017,0.032885,0.083966,8239.3,24.437,16351,2,False,True
HD_92504,-1,37,0,log,False,0,9.771,1.9064,1.394,0.29277,0.59256,0.16456,0.048827,0.016945,8616.8,25.325,17337,2,True,True
HD_92504,-1,37,0,log,True,1,8.1839,2.3774,1.4988,0.31689,0.43597,0.17361,0.052396,0.015521,8544.1,25.325,17337,2,True,True
HD_92504,-1,37,0,lin,False,0,58.718,0.078668,0.74534,1e-07,7.9717,0.023426,0.028343,0.073234,9348.8,25.325,17337,2,False,True
HD_92504,-1,37,0,lin,True,0,58.718,0.078668,0.74534,1e-07,7.9717,0.023426,0.028343,0.073234,9348.8,25.325,17337,2,False,True
HD_92504,-1,63,0,log,False,0,11.065,1.5581,1.3813,0.32442,0.70868,0.14049,0.04559,0.015221,8935.8,26.531,18356,2,True,True
HD_92504,-1,63,0,log,True,0,11.065,1.5581,1.3813,0.32442,0.70868,0.14049,0.04559,0.015221,8935.8,26.531,18356,2,True,True
HD_92504,-1,63,0,lin,False,0,83.829,0.040796,0.72478,1e-07,15.02,0.015183,0.024925,0.065772,11088,26.531,18356,2,False,True
HD_92504,-1,63,0,lin,True,0,83.829,0.040796,0.72478,1e-07,15.02,0.015183,0.024925,0.065772,11088,26.531,18356,2,False,True
HD_92504,-1,64,0,log,False,0,13.478,1.0256,1.2494,0.29275,1.1211,0.12509,0.042938,0.016129,8554.6,26.916,18853,2,True,True
HD_92504,-1,64,0,log,True,0,13.478,1.0256,1.2494,0.29275,1.1211,0.12509,0.042938,0.016129,8554.6,26.916,18853,2,True,True
HD_92504,-1,64,0,lin,False,0,114.99,0.027741,0.74721,1.0001e-07,26.465,0.012147,0.024705,0.061471,10853,26.916,18853,2,False,True
HD_92504,-1,64,0,lin,True,0,114.99,0.027741,0.74721,1.0001e-07,26.465,0.012147,0.024705,0.061471,10853,26.916,18853,2,False,True
HD_92607,-1,10,0,log,False,0,166.39,2.0136,2.5503,7.3544,8.3045,0.089436,0.077918,0.085022,7265.2,25.371,16456,2,True,True
HD_92607,-1,10,0,log,True,4,7.5365,3.2949,1.8802,0.69334,0.33878,0.17957,0.073147,0.016655,6660.7,25.371,16456,2,True,True
HD_92607,-1,10,0,lin,False,0,418.35,1.9122,30,13.263,9.7474,0.01838,7.5414,1.9609,1806.9,25.371,16456,2,True,True
HD_92607,-1,10,0,lin,True,3,42.877,0.13908,0.69683,1e-07,4.08,0.033039,0.026777,0.088369,10851,25.371,16456,2,False,True
HD_93190,-1,10,0,log,False,0,22.107,1.1543,1.8541,0.78558,1.5065,0.08372,0.055341,0.011284,6994,25.374,16454,2,True,True
HD_93190,-1,10,0,log,True,3,28.452,0.82694,1.6248,0.78906,2.2757,0.074681,0.046081,0.012811,7479.7,25.374,16454,2,True,True
HD_93190,-1,10,0,lin,False,0,1202.1,0.02,1.3001,1.2651,482.99,0.0073294,0.023304,0.038277,14689,25.374,16454,2,False,True
HD_93190,-1,10,0,lin,True,4,1482.7,0.02,1.4065,1.273,603.53,0.0067411,0.021902,0.03028,17189,25.374,16454,2,False,True
HD_93190,-1,36,0,log,False,0,40.95,0.7251,1.6321,0.62157,3.6094,0.067725,0.041144,0.011961,8259.9,24.437,16357,2,True,True
HD_93190,-1,36,0,log,True,1,40.754,0.734,1.6666,0.63397,3.5222,0.066153,0.041634,0.011386,8255.7,24.437,16357,2,True,True
HD_93190,-1,36,0,lin,False,0,61.825,0.5446,1.4898,0.68629,1.263,0.018378,0.030377,0.05315,11412,24.437,16357,2,True,True
HD_93190,-1,36,0,lin,True,1,61.386,0.55147,1.5089,0.68619,1.2256,0.01808,0.030563,0.052194,11487,24.437,16357,2,True,True
HD_93190,-1,37,0,log,False,0,29.572,1.0036,1.8272,0.56993,2.0711,0.071001,0.044632,0.0091105,8770.4,25.325,17330,2,True,True
HD_93190,-1,37,0,log,True,3,16.67,1.6138,2.0423,0.57149,0.89681,0.087688,0.054414,0.0081957,8507.6,25.325,17330,2,True,True
HD_93190,-1,37,0,lin,False,0,47.771,0.79149,2.0127,0.87837,0.92673,0.022191,0.05854,0.05867,7611.2,25.325,17330,2,True,True
HD_93190,-1,37,0,lin,True,1,47.714,0.79302,2.0316,0.86715,0.91667,0.021914,0.059073,0.058271,7637.7,25.325,17330,2,True,True
HD_93190,-1,63,0,log,False,0,25.246,1.3445,2.1362,0.51755,1.3978,0.068263,0.047813,0.0066683,10033,26.531,18355,2,True,True
HD_93190,-1,63,0,log,True,3,16.211,1.8149,2.283,0.51522,0.74888,0.077836,0.054353,0.0061862,9952.1,26.531,18355,2,True,True
HD_93190,-1,63,0,lin,False,0,52.935,0.67333,1.6083,0.50868,1.0977,0.022482,0.038652,0.057893,9635.5,26.531,18355,2,True,True
HD_93190,-1,63,0,lin,True,1,52.765,0.6768,1.6227,0.50923,1.0808,0.022224,0.038899,0.057272,9666.3,26.531,18355,2,True,True
HD_93222,-1,36,0,log,False,0,24.478,1.7818,1.3446,0.31925,1.5527,0.16156,0.043836,0.036385,9676.1,24.437,16356,2,True,True
HD_93222,-1,36,0,log,True,0,24.478,1.7818,1.3446,0.31925,1.5527,0.16156,0.043836,0.036385,9676.1,24.437,16356,2,True,True
HD_93222,-1,36,0,lin,False,0,48.298,0.65887,0.97762,1e-07,1.4446,0.041551,0.025029,0.10336,12094,24.437,16356,2,True,True
HD_93222,-1,36,0,lin,True,0,48.298,0.65887,0.97762,1e-07,1.4446,0.041551,0.025029,0.10336,12094,24.437,16356,2,True,True
HD_93222,-1,37,0,log,False,0,19.079,2.4003,1.4831,0.37204,0.97295,0.16591,0.045563,0.029706,10347,25.325,17338,2,True,True
HD_93222,-1,37,0,log,True,0,19.079,2.4003,1.4831,0.37204,0.97295,0.16591,0.045563,0.029706,10347,25.325,17338,2,True,True
HD_93222,-1,37,0,lin,False,0,43.426,0.65143,0.93491,1e-07,1.3925,0.045152,0.025242,0.10344,12351,25.325,17338,2,True,True
HD_93222,-1,37,0,lin,True,0,43.426,0.65143,0.93491,1e-07,1.3925,0.045152,0.025242,0.10344,12351,25.325,17338,2,True,True
HD_93222,-1,63,0,log,False,0,20.265,2.3831,1.5527,0.39823,0.99384,0.15177,0.044205,0.025907,10978,26.531,18357,2,True,True
HD_93222,-1,63,0,log,True,1,16.847,3.0341,1.7133,0.45547,0.69678,0.15425,0.047182,0.022464,11284,26.531,18357,2,True,True
HD_93222,-1,63,0,lin,False,0,53.834,0.54162,0.96674,1e-07,1.8779,0.04006,0.026338,0.10923,11459,26.531,18357,2,True,True
HD_93222,-1,63,0,lin,True,0,53.834,0.54162,0.96674,1e-07,1.8779,0.04006,0.026338,0.10923,11459,26.531,18357,2,True,True
HD_93222,-1,64,0,log,False,0,15.135,3.3195,1.6613,0.34625,0.61899,0.1717,0.047771,0.024481,11445,26.917,18851,2,True,True
HD_93222,-1,64,0,log,True,0,15.135,3.3195,1.6613,0.34625,0.61899,0.1717,0.047771,0.024481,11445,26.917,18851,2,True,True
HD_93222,-1,64,0,lin,False,0,22.614,2.3281,1.3112,0.062226,0.39371,0.066239,0.033696,0.080099,12151,26.917,18851,2,True,True
HD_93222,-1,64,0,lin,True,0,22.614,2.3281,1.3112,0.062226,0.39371,0.066239,0.033696,0.080099,12151,26.917,18851,2,True,True
HD_93250,-1,36,0,log,False,0,46.336,4.3353,2.0726,0.65014,1.4975,0.14776,0.045979,0.043144,13491,24.437,16351,2,True,True
HD_93250,-1,36,0,log,True,0,46.336,4.3353,2.0726,0.65014,1.4975,0.14776,0.045979,0.043144,13491,24.437,16351,2,True,True
HD_93250,-1,36,0,lin,False,0,87.167,1.91,1.2654,1e-07,1.6045,0.060391,0.03216,0.2764,11862,24.437,16351,2,True,True
HD_93250,-1,36,0,lin,True,0,87.167,1.91,1.2654,1e-07,1.6045,0.060391,0.03216,0.2764,11862,24.437,16351,2,True,True
HD_93250,-1,37,0,log,False,0,43.747,4.6605,2.1556,0.84332,1.316,0.14544,0.047809,0.042869,13755,25.325,17336,2,True,True
HD_93250,-1,37,0,log,True,0,43.747,4.6605,2.1556,0.84332,1.316,0.14544,0.047809,0.042869,13755,25.325,17336,2,True,True
HD_93250,-1,37,0,lin,False,0,107.7,1.2938,1.1204,1e-07,2.4425,0.055645,0.029611,0.31382,11780,25.325,17336,2,True,True
HD_93250,-1,37,0,lin,True,0,107.7,1.2938,1.1204,1e-07,2.4425,0.055645,0.029611,0.31382,11780,25.325,17336,2,True,True
HD_93250,-1,63,0,log,False,0,43.856,4.5392,2.1125,1.055,1.3121,0.14407,0.047888,0.046452,13811,26.531,18357,2,True,True
HD_93250,-1,63,0,log,True,0,43.856,4.5392,2.1125,1.055,1.3121,0.14407,0.047888,0.046452,13811,26.531,18357,2,True,True
HD_93250,-1,63,0,lin,False,0,63.568,3.3352,1.5251,1e-07,0.89538,0.06807,0.036659,0.23164,13152,26.531,18357,2,True,True
HD_93250,-1,63,0,lin,True,0,63.568,3.3352,1.5251,1e-07,0.89538,0.06807,0.036659,0.23164,13152,26.531,18357,2,True,True
HD_93250,-1,64,0,log,False,0,44.465,4.6258,2.25,0.8345,1.3228,0.13732,0.047684,0.036772,14415,26.916,18853,2,True,True
HD_93250,-1,64,0,log,True,0,44.465,4.6258,2.25,0.8345,1.3228,0.13732,0.047684,0.036772,14415,26.916,18853,2,True,True
HD_93250,-1,64,0,lin,False,0,73.634,2.6611,1.4311,1e-07,1.1546,0.064875,0.035525,0.25122,12587,26.916,18853,2,True,True
HD_93250,-1,64,0,lin,True,0,73.634,2.6611,1.4311,1e-07,1.1546,0.064875,0.035525,0.25122,12587,26.916,18853,2,True,True
HD_93521,-1,48,0,log,False,0,66.806,5.6519,2.2913,0.54367,1.8363,0.15285,0.047045,0.060867,15354,26.121,15503,2,True,True
HD_93521,-1,48,0,log,True,4,71.025,5.0068,2.1646,0.45998,2.0603,0.14744,0.043448,0.059892,15619,26.121,15503,2,True,True
HD_93521,-1,48,0,lin,False,0,90.106,5.0489,2.0173,1.0159e-07,1.285,0.088792,0.059803,0.41671,10075,26.121,15503,2,True,True
HD_93521,-1,48,0,lin,True,3,88.379,4.8982,2.2411,0.96365,1.1112,0.075429,0.061778,0.33262,10739,26.121,15503,2,True,True
HD_93843,-1,10,0,log,False,0,84.006,3.48,2.3341,1.6918,2.782,0.108,0.046049,0.041541,13734,25.371,16457,2,True,True
HD_93843,-1,10,0,log,True,1,64.354,4.4193,2.5958,1.4362,1.8611,0.11319,0.050745,0.034023,14191,25.371,16457,2,True,True
HD_93843,-1,10,0,lin,False,0,259.32,0.78157,1.1943,1e-07,7.2938,0.041616,0.033467,0.52118,9126.7,25.371,16457,2,True,True
HD_93843,-1,10,0,lin,True,0,259.32,0.78157,1.1943,1e-07,7.2938,0.041616,0.033467,0.52118,9126.7,25.371,16457,2,True,True
HD_93843,-1,11,0,log,False,0,115.44,2.8072,2.3094,2.4136,4.2583,0.095811,0.046102,0.046867,13104,26.148,16876,2,True,True
HD_93843,-1,11,0,log,True,1,92.062,3.3412,2.4294,1.8812,2.9145,0.095417,0.044632,0.036925,14669,26.148,16876,2,True,True
HD_93843,-1,11,0,lin,False,0,347.33,0.64192,1.1874,1e-07,9.1041,0.031844,0.028481,0.52368,10951,26.148,16876,2,True,True
HD_93843,-1,11,0,lin,True,0,347.33,0.64192,1.1874,1e-07,9.1041,0.031844,0.028481,0.52368,10951,26.148,16876,2,True,True
HD_93843,-1,63,0,log,False,0,121.25,2.3417,1.9515,1.4001,5.2613,0.10339,0.038745,0.051896,13567,26.531,18355,2,True,True
HD_93843,-1,63,0,log,True,2,83.999,3.3782,2.3552,1.0737,2.7339,0.099155,0.040722,0.030122,15681,26.531,18355,2,True,True
HD_93843,-1,63,0,lin,False,0,357.71,0.5566,1.1644,1e-07,11.121,0.032915,0.030762,0.55075,9731.4,26.531,18355,2,True,True
HD_93843,-1,63,0,lin,True,0,357.71,0.5566,1.1644,1e-07,11.121,0.032915,0.030762,0.55075,9731.4,26.531,18355,2,True,True
HD_93843,-1,64,0,log,False,0,110.23,2.5688,1.9337,0.87912,4.2853,0.10237,0.034656,0.045593,15667,26.915,18851,2,True,True
HD_93843,-1,64,0,log,True,1,94.167,2.9504,2.001,0.8041,3.4081,0.10837,0.036139,0.042972,15806,26.915,18851,2,True,True
HD_93843,-1,64,0,lin,False,0,249.83,1.004,1.3332,1.0002e-07,6.8847,0.049469,0.042683,0.59582,7400.6,26.915,18851,2,True,True
HD_93843,-1,64,0,lin,True,1,136.56,2.2254,1.6228,1e-07,1.8655,0.04722,0.035883,0.31586,12834,26.915,18851,2,True,True
HD_94963,-1,63,0,log,False,0,123.3,2.6898,2.2706,1.3777,4.4697,0.087435,0.037965,0.034162,15543,26.531,18351,2,True,True
HD_94963,-1,63,0,log,True,0,123.3,2.6898,2.2706,1.3777,4.4697,0.087435,0.037965,0.034162,15543,26.531,18351,2,True,True
HD_94963,-1,63,0,lin,False,0,371.99,0.56615,1.1495,1.0005e-07,8.5339,0.024908,0.022439,0.43602,14383,26.531,18351,2,True,True
HD_94963,-1,63,0,lin,True,0,371.99,0.56615,1.1495,1.0005e-07,8.5339,0.024908,0.022439,0.43602,14383,26.531,18351,2,True,True
HD_94963,-1,64,0,log,False,0,124.66,3.1247,2.446,0.93254,3.8092,0.079773,0.033736,0.024922,18744,26.917,18851,2,True,True
HD_94963,-1,64,0,log,True,0,124.66,3.1247,2.446,0.93254,3.8092,0.079773,0.033736,0.024922,18744,26.917,18851,2,True,True
HD_94963,-1,64,0,lin,False,0,196.67,1.948,1.6854,1.0002e-07,2.3042,0.035519,0.03171,0.33766,14941,26.917,18851,2,True,True
HD_94963,-1,64,0,lin,True,0,196.67,1.948,1.6854,1.0002e-07,2.3042,0.035519,0.03171,0.33766,14941,26.917,18851,2,True,True
HD_96715,-1,10,0,log,False,0,11.587,4.1907,1.3335,0.16863,0.54305,0.2881,0.058517,0.058564,9199.7,25.374,16456,2,True,True
HD_96715,-1,10,0,log,True,0,11.587,4.1907,1.3335,0.16863,0.54305,0.2881,0.058517,0.058564,9199.7,25.374,16456,2,True,True
HD_96715,-1,10,0,lin,False,0,17.911,2.4725,1.052,1e-07,0.45784,0.10492,0.036967,0.11569,10271,25.374,16456,2,True,True
HD_96715,-1,10,0,lin,True,0,17.911,2.4725,1.052,1e-07,0.45784,0.10492,0.036967,0.11569,10271,25.374,16456,2,True,True
HD_96715,-1,11,0,log,False,0,11.035,4.9863,1.4825,0.17689,0.45601,0.2791,0.060661,0.051347,9626.8,26.15,16881,2,True,True
HD_96715,-1,11,0,log,True,0,11.035,4.9863,1.4825,0.17689,0.45601,0.2791,0.060661,0.051347,9626.8,26.15,16881,2,True,True
HD_96715,-1,11,0,lin,False,0,20.474,2.0203,0.98925,1e-07,0.61756,0.10912,0.038182,0.13563,9598.3,26.15,16881,2,True,True
HD_96715,-1,11,0,lin,True,0,20.474,2.0203,0.98925,1e-07,0.61756,0.10912,0.038182,0.13563,9598.3,26.15,16881,2,True,True
HD_96715,-1,37,0,log,False,0,12.08,4.0568,1.4206,0.13373,0.55274,0.26337,0.056258,0.046061,9645.9,25.321,17336,2,True,True
HD_96715,-1,37,0,log,True,1,12.043,4.0457,1.4385,0.15739,0.54698,0.25879,0.056303,0.044351,9625.6,25.321,17336,2,True,True
HD_96715,-1,37,0,lin,False,0,17.04,2.8581,1.1582,1e-07,0.36485,0.0957,0.036498,0.098447,11033,25.321,17336,2,True,True
HD_96715,-1,37,0,lin,True,0,17.04,2.8581,1.1582,1e-07,0.36485,0.0957,0.036498,0.098447,11033,25.321,17336,2,True,True
HD_96715,-1,63,0,log,False,0,11.958,3.8631,1.3149,1.0008e-07,0.56061,0.27017,0.052636,0.049518,10531,26.531,18353,2,True,True
HD_96715,-1,63,0,log,True,0,11.958,3.8631,1.3149,1.0008e-07,0.56061,0.27017,0.052636,0.049518,10531,26.531,18353,2,True,True
HD_96715,-1,63,0,lin,False,0,23.857,1.1104,0.88549,1e-07,0.76857,0.075853,0.029323,0.10494,11881,26.531,18353,2,True,True
HD_96715,-1,63,0,lin,True,0,23.857,1.1104,0.88549,1e-07,0.76857,0.075853,0.029323,0.10494,11881,26.531,18353,2,True,True
HD_97253,-1,10,0,log,False,0,160.44,2.6403,2.4412,2.2268,5.9401,0.083181,0.042814,0.040735,14176,25.371,16451,2,True,True
HD_97253,-1,10,0,log,True,0,160.44,2.6403,2.4412,2.2268,5.9401,0.083181,0.042814,0.040735,14176,25.371,16451,2,True,True
HD_97253,-1,10,0,lin,False,0,260.28,1.6732,1.7564,1.0824,2.9698,0.029563,0.031943,0.372,14494,25.371,16451,2,True,True
HD_97253,-1,10,0,lin,True,0,260.28,1.6732,1.7564,1.0824,2.9698,0.029563,0.031943,0.372,14494,25.371,16451,2,True,True
HD_97253,-1,37,0,log,False,0,134.8,3.1529,2.5997,0.86157,4.3053,0.07886,0.035763,0.021714,17722,25.321,17333,2,True,True
HD_97253,-1,37,0,log,True,0,134.8,3.1529,2.5997,0.86157,4.3053,0.07886,0.035763,0.021714,17722,25.321,17333,2,True,True
HD_97253,-1,37,0,lin,False,0,153.87,3.349,3.4057,2.4832,1.2807,0.031186,0.078725,0.26393,13577,25.321,17333,2,True,True
HD_97253,-1,37,0,lin,True,0,153.87,3.349,3.4057,2.4832,1.2807,0.031186,0.078725,0.26393,13577,25.321,17333,2,True,True
HD_97253,-1,64,0,log,False,0,111.91,3.5818,2.6934,1.2233,3.2311,0.082566,0.039738,0.02475,17813,26.917,18850,2,True,True
HD_97253,-1,64,0,log,True,0,111.91,3.5818,2.6934,1.2233,3.2311,0.082566,0.039738,0.02475,17813,26.917,18850,2,True,True
HD_97253,-1,64,0,lin,False,0,158.22,2.852,2.0517,1.1818e-07,1.6421,0.041127,0.041325,0.31336,14300,26.917,18850,2,True,True
HD_97253,-1,64,0,lin,True,7,158.18,2.8533,2.0532,1.0345e-07,1.6408,0.041109,0.041351,0.31314,14306,26.917,18850,2,True,True
HD_97848,-1,10,0,log,False,0,30.378,0.26847,0.87967,0.097959,6.1531,0.095668,0.039808,0.036092,8261.3,25.374,16454,2,True,True
HD_97848,-1,10,0,log,True,0,30.378,0.26847,0.87967,0.097959,6.1531,0.095668,0.039808,0.036092,8261.3,25.374,16454,2,True,True
HD_97848,-1,10,0,lin,False,0,27.337,0.51289,1.1489,0.52155,0.67525,0.024176,0.023057,0.030708,13254,25.374,16454,2,True,True
HD_97848,-1,10,0,lin,True,0,27.337,0.51289,1.1489,0.52155,0.67525,0.024176,0.023057,0.030708,13254,25.374,16454,2,True,True
HD_97848,-1,11,0,log,False,0,18.267,0.7112,1.0633,0.2168,2.0221,0.12854,0.041744,0.025873,8419.7,26.15,16877,2,True,True
HD_97848,-1,11,0,log,True,0,18.267,0.7112,1.0633,0.2168,2.0221,0.12854,0.041744,0.025873,8419.7,26.15,16877,2,True,True
HD_97848,-1,11,0,lin,False,0,34.916,0.27741,0.90247,0.17354,1.5221,0.025837,0.021621,0.044038,13239,26.15,16877,2,True,True
HD_97848,-1,11,0,lin,True,0,34.916,0.27741,0.90247,0.17354,1.5221,0.025837,0.021621,0.044038,13239,26.15,16877,2,True,True
HD_97848,-1,37,0,log,False,0,33.847,0.27145,0.95228,0.068351,6.3474,0.080785,0.034902,0.02495,9335.8,25.321,17336,2,True,True
HD_97848,-1,37,0,log,True,0,33.847,0.27145,0.95228,0.068351,6.3474,0.080785,0.034902,0.02495,9335.8,25.321,17336,2,True,True
HD_97848,-1,37,0,lin,False,0,50.288,0.16887,0.87737,1e-07,2.7161,0.018862,0.019563,0.044,14118,25.321,17336,2,True,True
HD_97848,-1,37,0,lin,True,0,50.288,0.16887,0.87737,1e-07,2.7161,0.018862,0.019563,0.044,14118,25.321,17336,2,True,True
HD_97848,-1,64,0,log,False,0,39.429,0.19462,0.91544,0.074311,8.9503,0.07029,0.034357,0.025807,9481.8,26.917,18853,2,True,True
HD_97848,-1,64,0,log,True,0,39.429,0.19462,0.91544,0.074311,8.9503,0.07029,0.034357,0.025807,9481.8,26.917,18853,2,True,True
HD_97848,-1,64,0,lin,False,0,48.353,0.19048,0.94723,0.1808,2.4376,0.018896,0.02106,0.039782,13405,26.917,18853,2,True,True
HD_97848,-1,64,0,lin,True,0,48.353,0.19048,0.94723,0.1808,2.4376,0.018896,0.02106,0.039782,13405,26.917,18853,2,True,True
HD_99546,-1,10,0,log,False,0,44.385,0.38322,0.91381,0.083716,7.1393,0.10823,0.038636,0.057394,8990.8,25.304,16387,2,True,True
HD_99546,-1,10,0,log,True,0,44.385,0.38322,0.91381,0.083716,7.1393,0.10823,0.038636,0.057394,8990.8,25.304,16387,2,True,True
HD_99546,-1,10,0,lin,False,0,84.152,0.1787,0.89424,0.29667,4.8876,0.021267,0.022127,0.082011,12307,25.304,16387,2,True,True
HD_99546,-1,10,0,lin,True,0,84.152,0.1787,0.89424,0.29667,4.8876,0.021267,0.022127,0.082011,12307,25.304,16387,2,True,True
HD_99546,-1,11,0,log,False,0,26.067,0.84917,1.048,0.16373,2.5884,0.14155,0.040205,0.041925,9479.3,26.15,16879,2,True,True
HD_99546,-1,11,0,log,True,0,26.067,0.84917,1.048,0.16373,2.5884,0.14155,0.040205,0.041925,9479.3,26.15,16879,2,True,True
HD_99546,-1,11,0,lin,False,0,238.65,0.02,0.73933,1.0005e-07,59.501,0.0092185,0.021613,0.092857,12532,26.15,16879,2,False,True
HD_99546,-1,11,0,lin,True,0,238.65,0.02,0.73933,1.0005e-07,59.501,0.0092185,0.021613,0.092857,12532,26.15,16879,2,False,True
HD_99546,-1,37,0,log,False,0,13.301,2.3349,1.29,0.084786,0.76413,0.20291,0.045759,0.030337,10273,25.321,17336,2,True,True
HD_99546,-1,37,0,log,True,0,13.301,2.3349,1.29,0.084786,0.76413,0.20291,0.045759,0.030337,10273,25.321,17336,2,True,True
HD_99546,-1,37,0,lin,False,0,19.348,1.4462,1.0538,1e-07,0.4219,0.060173,0.027171,0.063879,13000,25.321,17336,2,True,True
HD_99546,-1,37,0,lin,True,0,19.348,1.4462,1.0538,1e-07,0.4219,0.060173,0.027171,0.063879,13000,25.321,17336,2,True,True
HD_99546,-1,64,0,log,False,0,14.76,2.1058,1.2793,0.12894,0.85738,0.18542,0.043587,0.030058,10781,26.917,18852,2,True,True
HD_99546,-1,64,0,log,True,0,14.76,2.1058,1.2793,0.12894,0.85738,0.18542,0.043587,0.030058,10781,26.917,18852,2,True,True
HD_99546,-1,64,0,lin,False,0,99.921,0.054742,0.71847,1e-07,12.077,0.014421,0.020173,0.079218,14621,26.917,18852,2,False,True
HD_99546,-1,64,0,lin,True,0,99.921,0.054742,0.71847,1e-07,12.077,0.014421,0.020173,0.079218,14621,26.917,18852,2,False,True
SS_215,-1,36,0,log,False,0,3.6889,2.44,2.6292,0.13213,0.1456,0.083167,0.06317,0.001508,10042,24.436,16356,2,True,True
SS_215,-1,36,0,log,True,1,3.3225,2.6203,2.7195,0.12965,0.12648,0.085159,0.06678,0.0014517,9949.5,24.436,16356,2,True,True
SS_215,-1,36,0,lin,False,0,31.822,0.080115,0.87682,1e-07,3.2315,0.015073,0.02258,0.01871,11670,24.436,16356,2,False,True
SS_215,-1,36,0,lin,True,0,31.822,0.080115,0.87682,1e-07,3.2315,0.015073,0.02258,0.01871,11670,24.436,16356,2,False,True
SS_215,-1,37,0,log,False,0,3.0379,2.4534,2.4215,0.1133,0.12226,0.090994,0.058797,0.0014764,10128,25.325,17338,2,True,True
SS_215,-1,37,0,log,True,1,2.5109,2.8558,2.7638,0.11466,0.090256,0.088412,0.069311,0.00126,10066,25.325,17338,2,True,True
SS_215,-1,37,0,lin,False,0,46.299,0.042972,0.88255,1e-07,6.3621,0.0098053,0.019399,0.014096,13763,25.325,17338,2,False,True
SS_215,-1,37,0,lin,True,0,46.299,0.042972,0.88255,1e-07,6.3621,0.0098053,0.019399,0.014096,13763,25.325,17338,2,False,True
SS_215,-1,90,0,log,False,0,2.8205,2.6525,2.6321,0.10996,0.10355,0.085174,0.061848,0.0012551,11055,27.917,19274,2,True,True
SS_215,-1,90,0,log,True,1,2.457,2.9958,2.8319,0.11121,0.082772,0.085617,0.067807,0.0011779,11147,27.917,19274,2,True,True
SS_215,-1,90,0,lin,False,0,12.538,0.30041,0.99236,1e-07,0.46752,0.022479,0.021498,0.012903,13955,27.917,19274,2,True,True
SS_215,-1,90,0,lin,True,0,12.538,0.30041,0.99236,1e-07,0.46752,0.022479,0.021498,0.012903,13955,27.917,19274,2,True,True
_theta__1__Ori,-1,6,0,log,False,0,320.03,0.51475,1.2402,4.3028,38.974,0.083201,0.03916,0.18127,7480.7,21.772,14648,2,True,True
_theta__1__Ori,-1,6,0,log,True,0,320.03,0.51475,1.2402,4.3028,38.974,0.083201,0.03916,0.18127,7480.7,21.772,14648,2,True,True
_theta__1__Ori,-1,6,0,lin,False,0,491.67,0.32151,1.1318,4.494,14.131,0.017051,0.020563,0.36188,13361,21.772,14648,2,True,True
_theta__1__Ori,-1,6,0,lin,True,0,491.67,0.32151,1.1318,4.494,14.131,0.017051,0.020563,0.36188,13361,21.772,14648,2,True,True
_theta__1__Ori,-1,32,0,log,False,0,5334.6,0.45842,1.6764,20.277,498.19,0.038349,0.025892,0.37267,13337,25.902,17147,2,True,True
_theta__1__Ori,-1,32,0,log,True,0,5334.6,0.45842,1.6764,20.277,498.19,0.038349,0.025892,0.37267,13337,25.902,17147,2,True,True
_theta__1__Ori,-1,32,0,lin,False,0,3042.1,1.2399,3.8913,44.139,15.506,0.0066581,0.057633,1.7357,21911,25.902,17147,2,True,True
_theta__1__Ori,-1,32,0,lin,True,0,3042.1,1.2399,3.8913,44.139,15.506,0.0066581,0.057633,1.7357,21911,25.902,17147,2,True,True
_theta__1__Ori,-1,98,0,log,False,0,713.66,0.26423,1.1845,3.1873,83.899,0.037918,0.020926,0.12044,20439,52.356,27212,2,True,True
_theta__1__Ori,-1,98,0,log,True,0,713.66,0.26423,1.1845,3.1873,83.899,0.037918,0.020926,0.12044,20439,52.356,27212,2,True,True
_theta__1__Ori,-1,98,0,lin,False,0,779.1,0.30831,1.2577,4.8011,14.866,0.010032,0.015573,0.3221,28722,52.356,27212,2,True,True
_theta__1__Ori,-1,98,0,lin,True,0,779.1,0.30831,1.2577,4.8011,14.866,0.010032,0.015573,0.3221,28722,52.356,27212,2,True,True
_theta__2__Ori,-1,6,0,log,False,0,2948,0.22029,1.204,21.461,638.65,0.05683,0.037235,0.76812,6724.2,21.772,14683,2,True,True
_theta__2__Ori,-1,6,0,log,True,0,2948,0.22029,1.204,21.461,638.65,0.05683,0.037235,0.76812,6724.2,21.772,14683,2,True,True
_theta__2__Ori,-1,6,0,lin,False,0,12119,0.03959,1.0094,18.258,1715.9,0.0078404,0.018679,1.9587,13711,21.772,14683,2,False,True
_theta__2__Ori,-1,6,0,lin,True,0,12119,0.03959,1.0094,18.258,1715.9,0.0078404,0.018679,1.9587,13711,21.772,14683,2,False,True
_theta__2__Ori,-1,32,0,log,False,0,14905,0.037656,1.2117,13.797,13985,0.032421,0.028739,0.38616,8466,25.9,17146,2,False,True
_theta__2__Ori,-1,32,0,log,True,0,14905,0.037656,1.2117,13.797,13985,0.032421,0.028739,0.38616,8466,25.9,17146,2,False,True
_theta__2__Ori,-1,32,0,lin,False,0,9160.2,0.079574,1.3304,20.451,590.13,0.0061633,0.0187,1.1004,18160,25.9,17146,2,False,True
_theta__2__Ori,-1,32,0,lin,True,0,9160.2,0.079574,1.3304,20.451,590.13,0.0061633,0.0187,1.1004,18160,25.9,17146,2,False,True
_theta__2__Ori,-1,98,0,log,False,0,3045,0.28591,1.1793,9.042,337.02,0.038843,0.019832,0.50621,22325,52.353,27207,2,True,True
_theta__2__Ori,-1,98,0,log,True,0,3045,0.28591,1.1793,9.042,337.02,0.038843,0.019832,0.50621,22325,52.353,27207,2,True,True
_theta__2__Ori,-1,98,0,lin,False,0,5782.4,0.13892,1.06,5.5908,216.57,0.008809,0.014086,1.7824,28687,52.353,27207,2,False,True
_theta__2__Ori,-1,98,0,lin,True,0,5782.4,0.13892,1.06,5.5908,216.57,0.008809,0.014086,1.7824,28687,52.353,27207,2,False,True
