id,gaia,sector,noise_added,metric,prewhitened,n_pw,alpha0,nuchar,gamma,Cw,e_alpha0,e_nuchar,e_gamma,e_Cw,dBIC_vs_white,T_span,n_pts,dt_min,pass_nu,pass_bic
ALS_8294,-1,43,13.509,log,False,0,2.2644,2.8195,1.4933,0.25113,0.13592,0.24232,0.07845,0.0092751,4876.9,24.327,16268,2.0002,True,True
ALS_8294,-1,43,13.509,log,True,0,2.2644,2.8195,1.4933,0.25113,0.13592,0.24232,0.07845,0.0092751,4876.9,24.327,16268,2.0002,True,True
ALS_8294,-1,43,13.509,lin,False,0,4.0967,1.3117,0.91623,0.14239,0.15348,0.099967,0.037694,0.023881,8302.1,24.327,16268,2.0002,True,True
ALS_8294,-1,43,13.509,lin,True,0,4.0967,1.3117,0.91623,0.14239,0.15348,0.099967,0.037694,0.023881,8302.1,24.327,16268,2.0002,True,True
ALS_8294,-1,44,22.365,log,False,0,4.2811,0.92283,0.99088,0.27402,0.5449,0.22077,0.06755,0.018442,4169.2,24.249,16211,2.0002,True,True
ALS_8294,-1,44,22.365,log,True,0,4.2811,0.92283,0.99088,0.27402,0.5449,0.22077,0.06755,0.018442,4169.2,24.249,16211,2.0002,True,True
ALS_8294,-1,44,22.365,lin,False,0,6.2582,0.58653,0.8536,0.26186,0.31081,0.066465,0.033577,0.023017,8343.5,24.249,16211,2.0002,True,True
ALS_8294,-1,44,22.365,lin,True,0,6.2582,0.58653,0.8536,0.26186,0.31081,0.066465,0.033577,0.023017,8343.5,24.249,16211,2.0002,True,True
ALS_8294,-1,45,55.364,log,False,0,12.994,0.046971,0.65336,0.54139,12.425,0.098529,0.10032,0.04793,1678.9,24.59,16148,2,False,True
ALS_8294,-1,45,55.364,log,True,0,12.994,0.046971,0.65336,0.54139,12.425,0.098529,0.10032,0.04793,1678.9,24.59,16148,2,False,True
ALS_8294,-1,45,55.364,lin,False,0,24.252,0.02,0.63685,0.63333,11.512,0.021201,0.04531,0.035752,4838.4,24.59,16148,2,False,True
ALS_8294,-1,45,55.364,lin,True,0,24.252,0.02,0.63685,0.63333,11.512,0.021201,0.04531,0.035752,4838.4,24.59,16148,2,False,True
ALS_8294,-1,59,18.002,log,False,0,3.1274,1.7381,1.0666,0.20805,0.27925,0.27964,0.068344,0.017807,5051.8,25.295,16734,2,True,True
ALS_8294,-1,59,18.002,log,True,0,3.1274,1.7381,1.0666,0.20805,0.27925,0.27964,0.068344,0.017807,5051.8,25.295,16734,2,True,True
ALS_8294,-1,59,18.002,lin,False,0,5.1661,0.8647,0.8094,0.13058,0.24224,0.092479,0.035025,0.028393,8816,25.295,16734,2,True,True
ALS_8294,-1,59,18.002,lin,True,0,5.1661,0.8647,0.8094,0.13058,0.24224,0.092479,0.035025,0.028393,8816,25.295,16734,2,True,True
BD_+33_1025,-1,43,0,log,False,0,1.1503,2.299,1.9935,0.23236,0.071726,0.17452,0.11694,0.0031676,2925.6,24.327,16267,2.0002,True,True
BD_+33_1025,-1,43,0,log,True,2,0.90139,2.6162,1.9965,0.23251,0.055697,0.20018,0.12942,0.0032537,2563,24.327,16267,2.0002,True,True
BD_+33_1025,-1,43,0,lin,False,0,1.571,2.3049,2.5703,0.29396,0.03574,0.067694,0.12852,0.0055332,3964,24.327,16267,2.0002,True,True
BD_+33_1025,-1,43,0,lin,True,1,1.6247,1.4285,1.1622,0.22887,0.057435,0.093313,0.050198,0.0079175,5685.4,24.327,16267,2.0002,True,True
BD_+33_1025,-1,44,0,log,False,0,1.1678,1.7462,1.8332,0.24436,0.08732,0.16747,0.11703,0.003227,2396.8,24.249,16212,2.0002,True,True
BD_+33_1025,-1,44,0,log,True,3,1.013,1.5585,1.6993,0.24389,0.086916,0.18179,0.12233,0.0033688,1940.3,24.249,16212,2.0002,True,True
BD_+33_1025,-1,44,0,lin,False,0,1.4876,2.0686,2.8727,0.31018,0.033493,0.057312,0.15317,0.0048458,3741.5,24.249,16212,2.0002,True,True
BD_+33_1025,-1,44,0,lin,True,1,1.4411,1.4046,1.3077,0.26251,0.052144,0.089958,0.060649,0.006457,4466.4,24.249,16212,2.0002,True,True
BD_+33_1025,-1,45,0,log,False,0,0.78968,2.7825,2.0548,0.254,0.047923,0.20828,0.1427,0.003273,2289.6,24.59,16149,2,True,True
BD_+33_1025,-1,45,0,log,True,3,0.36507,5.2928,2.7955,0.25644,0.018828,0.28765,0.26345,0.0029353,1523.1,24.59,16149,2,True,True
BD_+33_1025,-1,45,0,lin,False,0,1.181,2.4286,2.8345,0.31833,0.028371,0.071919,0.16183,0.0045901,3355.8,24.59,16149,2,True,True
BD_+33_1025,-1,45,0,lin,True,2,0.50696,4.7003,2.7427,0.30233,0.01317,0.14337,0.17496,0.0035478,2973.6,24.59,16149,2,True,True
BD_+33_1025,-1,59,0,log,False,0,0.77945,1.8347,1.4837,0.22504,0.071214,0.25228,0.12286,0.0043463,1793.6,25.293,16733,2,True,True
BD_+33_1025,-1,59,0,log,True,5,0.84553,0.91833,1.2182,0.22504,0.13027,0.23961,0.12581,0.0047724,1181.1,25.293,16733,2,True,True
BD_+33_1025,-1,59,0,lin,False,0,0.99614,2.294,1.9366,0.27604,0.03174,0.10624,0.11145,0.0051019,2955.6,25.293,16733,2,True,True
BD_+33_1025,-1,59,0,lin,True,3,5.0987,0.02,0.54161,0.17879,3.0805,0.033051,0.063612,0.019047,3389.5,25.293,16733,2,False,True
BD_+36_4063,-1,14,3035.6,log,False,0,948.51,0.4774,2.1531,40.58,99.258,0.045235,0.087665,0.2937,3786,26.85,13812,2,True,True
BD_+36_4063,-1,14,3035.6,log,True,1,596.39,0.37205,1.8202,39.941,88.092,0.057045,0.098263,0.31433,2284,26.85,13812,2,True,True
BD_+36_4063,-1,14,3035.6,lin,False,0,1024.7,0.61886,8.8133,52.295,9.1991,0.0037987,0.39114,0.83282,10409,26.85,13812,2,True,True
BD_+36_4063,-1,14,3035.6,lin,True,0,1024.7,0.61886,8.8133,52.295,9.1991,0.0037987,0.39114,0.83282,10409,26.85,13812,2,True,True
BD_+36_4063,-1,15,2731.9,log,False,0,951.03,0.44462,1.9358,35.869,122.42,0.054652,0.083561,0.32679,3222.3,23.008,13197,2,True,True
BD_+36_4063,-1,15,2731.9,log,True,1,1167.3,0.17857,1.5677,33.956,363.92,0.054551,0.086493,0.34203,1951.9,23.008,13197,2,True,True
BD_+36_4063,-1,15,2731.9,lin,False,0,1008.3,0.62302,9.3461,48.911,11.436,0.0047122,0.54548,1.0538,7128.7,23.008,13197,2,True,True
BD_+36_4063,-1,15,2731.9,lin,True,5,996.18,0.62989,9.2241,47.393,11.2,0.0047555,0.52973,1.0365,7234.2,23.008,13197,2,True,True
BD_+36_4063,-1,41,2998.5,log,False,0,551.47,0.54497,2.5835,32.375,55.202,0.04607,0.13693,0.2297,2750.3,26.589,18319,2,True,True
BD_+36_4063,-1,41,2998.5,log,True,1,369.67,0.34291,1.6302,31.349,69.128,0.073081,0.10818,0.29226,1594.5,26.589,18319,2,True,True
BD_+36_4063,-1,41,2998.5,lin,False,0,875.18,0.4969,30,42.663,11.229,0.0024429,3.8504,1.0423,5214.7,26.589,18319,2,True,True
BD_+36_4063,-1,41,2998.5,lin,True,11,877.67,0.4987,30,41.346,10.196,0.002221,3.488,0.9486,6086.3,26.589,18319,2,True,True
BD_+36_4063,-1,55,3095.2,log,False,0,742.12,0.45088,2.2214,32.836,87.902,0.04731,0.10466,0.25006,2988.2,27.162,18879,2,True,True
BD_+36_4063,-1,55,3095.2,log,True,1,405.16,0.42008,1.7825,32.195,60.121,0.067681,0.10558,0.28132,1984.5,27.162,18879,2,True,True
BD_+36_4063,-1,55,3095.2,lin,False,0,913.6,0.49235,30,44.352,10.246,0.0021132,3.3614,0.94539,6456.3,27.162,18879,2,True,True
BD_+36_4063,-1,55,3095.2,lin,True,12,942.52,0.49309,30,42.335,9.4558,0.0018935,3.0075,0.87329,7610.9,27.162,18879,2,True,True
BD_+36_4145,-1,14,65.192,log,False,0,16.499,3.2268,1.7422,0.78135,0.6945,0.16892,0.055424,0.029107,9490.6,26.85,13812,2,True,True
BD_+36_4145,-1,14,65.192,log,True,0,16.499,3.2268,1.7422,0.78135,0.6945,0.16892,0.055424,0.029107,9490.6,26.85,13812,2,True,True
BD_+36_4145,-1,14,65.192,lin,False,0,21.467,2.8162,1.5543,0.76627,0.3227,0.063836,0.038919,0.070174,11849,26.85,13812,2,True,True
BD_+36_4145,-1,14,65.192,lin,True,0,21.467,2.8162,1.5543,0.76627,0.3227,0.063836,0.038919,0.070174,11849,26.85,13812,2,True,True
BD_+36_4145,-1,15,34.967,log,False,0,14.677,4.0852,1.8945,0.60625,0.55987,0.18263,0.059118,0.026791,9356.9,23.008,13207,2,True,True
BD_+36_4145,-1,15,34.967,log,True,0,14.677,4.0852,1.8945,0.60625,0.55987,0.18263,0.059118,0.026791,9356.9,23.008,13207,2,True,True
BD_+36_4145,-1,15,34.967,lin,False,0,17.954,3.8218,1.8939,0.7856,0.24306,0.069729,0.049808,0.062792,10536,23.008,13207,2,True,True
BD_+36_4145,-1,15,34.967,lin,True,0,17.954,3.8218,1.8939,0.7856,0.24306,0.069729,0.049808,0.062792,10536,23.008,13207,2,True,True
BD_+36_4145,-1,41,39.264,log,False,0,14.539,3.1578,1.6167,0.39448,0.6147,0.17296,0.048394,0.025269,10919,26.589,18319,2,True,True
BD_+36_4145,-1,41,39.264,log,True,0,14.539,3.1578,1.6167,0.39448,0.6147,0.17296,0.048394,0.025269,10919,26.589,18319,2,True,True
BD_+36_4145,-1,41,39.264,lin,False,0,16.944,3.2678,1.9541,0.78097,0.21419,0.057094,0.047619,0.047117,11742,26.589,18319,2,True,True
BD_+36_4145,-1,41,39.264,lin,True,0,16.944,3.2678,1.9541,0.78097,0.21419,0.057094,0.047619,0.047117,11742,26.589,18319,2,True,True
BD_+36_4145,-1,55,46.602,log,False,0,16.192,3.0656,1.7117,0.45675,0.70986,0.16572,0.050656,0.023696,10435,27.163,15647,2,True,True
BD_+36_4145,-1,55,46.602,log,True,0,16.192,3.0656,1.7117,0.45675,0.70986,0.16572,0.050656,0.023696,10435,27.163,15647,2,True,True
BD_+36_4145,-1,55,46.602,lin,False,0,18.289,3.3597,1.9916,0.78122,0.22442,0.056394,0.047819,0.050191,12091,27.163,15647,2,True,True
BD_+36_4145,-1,55,46.602,lin,True,0,18.289,3.3597,1.9916,0.78122,0.22442,0.056394,0.047819,0.050191,12091,27.163,15647,2,True,True
BD_+39_1328,-1,86,299.44,log,False,0,71.903,1.4159,3.3508,4.3758,3.6111,0.054175,0.13,0.031426,5816.4,26.566,11744,2,True,True
BD_+39_1328,-1,86,299.44,log,True,0,71.903,1.4159,3.3508,4.3758,3.6111,0.054175,0.13,0.031426,5816.4,26.566,11744,2,True,True
BD_+39_1328,-1,86,299.44,lin,False,0,100.67,1.1459,2.4879,4.9609,0.98597,0.014776,0.047844,0.090163,14320,26.566,11744,2,True,True
BD_+39_1328,-1,86,299.44,lin,True,0,100.67,1.1459,2.4879,4.9609,0.98597,0.014776,0.047844,0.090163,14320,26.566,11744,2,True,True
BD_+60_2522,-1,84,500.77,log,False,0,96.468,2.4041,3.1667,5.8532,3.6618,0.073289,0.095174,0.048596,8286.5,25.749,16716,2,True,True
BD_+60_2522,-1,84,500.77,log,True,0,96.468,2.4041,3.1667,5.8532,3.6618,0.073289,0.095174,0.048596,8286.5,25.749,16716,2,True,True
BD_+60_2522,-1,84,500.77,lin,False,0,145.97,1.6819,2.2119,6.3734,1.5305,0.024637,0.043701,0.18535,13529,25.749,16716,2,True,True
BD_+60_2522,-1,84,500.77,lin,True,0,145.97,1.6819,2.2119,6.3734,1.5305,0.024637,0.043701,0.18535,13529,25.749,16716,2,True,True
BD_+60_2522,-1,85,474.71,log,False,0,110.99,1.9926,2.7329,5.4799,4.9239,0.075831,0.079473,0.051108,7956.8,25.488,17721,2,True,True
BD_+60_2522,-1,85,474.71,log,True,0,110.99,1.9926,2.7329,5.4799,4.9239,0.075831,0.079473,0.051108,7956.8,25.488,17721,2,True,True
BD_+60_2522,-1,85,474.71,lin,False,0,133.08,2.0046,2.5054,6.1518,1.4782,0.02923,0.059079,0.20587,11526,25.488,17721,2,True,True
BD_+60_2522,-1,85,474.71,lin,True,0,133.08,2.0046,2.5054,6.1518,1.4782,0.02923,0.059079,0.20587,11526,25.488,17721,2,True,True
BD_+60_2635,-1,84,10.899,log,False,0,2.9023,3.6931,1.507,0.18405,0.1406,0.24894,0.066705,0.01157,7258.3,25.75,16718,2,True,True
BD_+60_2635,-1,84,10.899,log,True,0,2.9023,3.6931,1.507,0.18405,0.1406,0.24894,0.066705,0.01157,7258.3,25.75,16718,2,True,True
BD_+60_2635,-1,84,10.899,lin,False,0,4.1424,2.6272,1.2317,0.16997,0.087288,0.088571,0.038421,0.020858,10250,25.75,16718,2,True,True
BD_+60_2635,-1,84,10.899,lin,True,0,4.1424,2.6272,1.2317,0.16997,0.087288,0.088571,0.038421,0.020858,10250,25.75,16718,2,True,True
BD_+60_2635,-1,85,23.612,log,False,0,5.041,2.3288,1.2917,0.28315,0.32161,0.23166,0.061245,0.01842,6629.6,25.489,12265,2,True,True
BD_+60_2635,-1,85,23.612,log,True,0,5.041,2.3288,1.2917,0.28315,0.32161,0.23166,0.061245,0.01842,6629.6,25.489,12265,2,True,True
BD_+60_2635,-1,85,23.612,lin,False,0,9.7632,0.83106,0.79594,1e-07,0.41131,0.080865,0.030422,0.047239,10612,25.489,12265,2,True,True
BD_+60_2635,-1,85,23.612,lin,True,0,9.7632,0.83106,0.79594,1e-07,0.41131,0.080865,0.030422,0.047239,10612,25.489,12265,2,True,True
BD_+62_2078,-1,16,121.14,log,False,0,70.49,0.02,1.0381,1.5123,219.03,0.06994,0.129,0.02355,619.55,23.766,14943,2,False,True
BD_+62_2078,-1,16,121.14,log,True,0,70.49,0.02,1.0381,1.5123,219.03,0.06994,0.129,0.02355,619.55,23.766,14943,2,False,True
BD_+62_2078,-1,16,121.14,lin,False,0,15.929,0.18348,1.4796,1.8653,1.6115,0.025493,0.075629,0.013882,2953.5,23.766,14943,2,True,True
BD_+62_2078,-1,16,121.14,lin,True,0,15.929,0.18348,1.4796,1.8653,1.6115,0.025493,0.075629,0.013882,2953.5,23.766,14943,2,True,True
BD_+62_2078,-1,17,0,log,False,0,2.9873,1.8729,1.4008,0.46584,0.23775,0.22638,0.088178,0.012425,3235.3,23.66,15125,2,True,True
BD_+62_2078,-1,17,0,log,True,0,2.9873,1.8729,1.4008,0.46584,0.23775,0.22638,0.088178,0.012425,3235.3,23.66,15125,2,True,True
BD_+62_2078,-1,17,0,lin,False,0,2.9001,2.4838,1.952,0.62042,0.051341,0.06321,0.063605,0.0088293,7294.4,23.66,15125,2,True,True
BD_+62_2078,-1,17,0,lin,True,0,2.9001,2.4838,1.952,0.62042,0.051341,0.06321,0.063605,0.0088293,7294.4,23.66,15125,2,True,True
BD_+62_2078,-1,24,0,log,False,0,4.643,0.90459,1.0959,0.3679,0.54506,0.18394,0.067142,0.014934,4013.2,26.485,18207,2,True,True
BD_+62_2078,-1,24,0,log,True,0,4.643,0.90459,1.0959,0.3679,0.54506,0.18394,0.067142,0.014934,4013.2,26.485,18207,2,True,True
BD_+62_2078,-1,24,0,lin,False,0,4.5218,1.3331,1.5077,0.53899,0.088778,0.043806,0.040444,0.0095613,9250.6,26.485,18207,2,True,True
BD_+62_2078,-1,24,0,lin,True,0,4.5218,1.3331,1.5077,0.53899,0.088778,0.043806,0.040444,0.0095613,9250.6,26.485,18207,2,True,True
BN_Gem,-1,44,651.31,log,False,0,128.2,2.5008,2.7755,7.6744,5.3034,0.09058,0.084826,0.078805,7636.5,24.201,15816,2.0002,True,True
BN_Gem,-1,44,651.31,log,True,3,79.25,3.4806,3.2429,7.8327,2.7576,0.10201,0.11384,0.074678,7058.6,24.201,15816,2.0002,True,True
BN_Gem,-1,44,651.31,lin,False,0,189.03,2.1928,2.3854,8.2957,2.9444,0.045684,0.076855,0.43893,7496.2,24.201,15816,2.0002,True,True
BN_Gem,-1,44,651.31,lin,True,1,280.04,0.95687,1.2688,3.7485,6.8439,0.042863,0.034455,0.58221,9148.8,24.201,15816,2.0002,True,True
BN_Gem,-1,45,18574,log,False,0,3484.6,0.02,1.0026,230.16,15712,0.10888,0.23979,3.1164,166.02,24.285,15455,2.0002,False,True
BN_Gem,-1,45,18574,log,True,0,3484.6,0.02,1.0026,230.16,15712,0.10888,0.23979,3.1164,166.02,24.285,15455,2.0002,False,True
BN_Gem,-1,45,18574,lin,False,0,4524.3,0.02,1.0425,270.06,9329.2,0.049467,0.14224,2.5252,559.91,24.285,15455,2.0002,False,True
BN_Gem,-1,45,18574,lin,True,0,4524.3,0.02,1.0425,270.06,9329.2,0.049467,0.14224,2.5252,559.91,24.285,15455,2.0002,False,True
BN_Gem,-1,46,393.43,log,False,0,108.83,3.1128,3.0233,4.6146,3.6172,0.083532,0.072436,0.047619,10902,25.773,16543,2.0002,True,True
BN_Gem,-1,46,393.43,log,True,2,104.24,2.9784,2.7582,4.5476,3.6563,0.089946,0.067259,0.05188,10518,25.773,16543,2.0002,True,True
BN_Gem,-1,46,393.43,lin,False,0,129.68,3.3022,4.0261,6.3373,1.4554,0.03849,0.14149,0.30394,8906.9,25.773,16543,2.0002,True,True
BN_Gem,-1,46,393.43,lin,True,1,120.84,3.3026,3.2694,5.7909,1.2351,0.038481,0.090076,0.2512,10949,25.773,16543,2.0002,True,True
BN_Gem,-1,71,587.72,log,False,0,136.64,2.3908,2.6535,7.6801,5.9209,0.09273,0.080704,0.083476,7500.2,23.612,14785,2.0002,True,True
BN_Gem,-1,71,587.72,log,True,0,136.64,2.3908,2.6535,7.6801,5.9209,0.09273,0.080704,0.083476,7500.2,23.612,14785,2.0002,True,True
BN_Gem,-1,71,587.72,lin,False,0,181.82,2.1654,2.1711,7.9047,2.278,0.037823,0.052514,0.33906,10556,23.612,14785,2.0002,True,True
BN_Gem,-1,71,587.72,lin,True,0,181.82,2.1654,2.1711,7.9047,2.278,0.037823,0.052514,0.33906,10556,23.612,14785,2.0002,True,True
CPD-47_2963,-1,8,649.96,log,False,0,161.32,2.4909,3.2404,8.2189,6.1566,0.073956,0.094059,0.072045,8506.2,24.356,13169,2,True,True
CPD-47_2963,-1,8,649.96,log,True,0,161.32,2.4909,3.2404,8.2189,6.1566,0.073956,0.094059,0.072045,8506.2,24.356,13169,2,True,True
CPD-47_2963,-1,8,649.96,lin,False,0,209.64,2.2639,2.5011,8.3883,2.1499,0.030365,0.055145,0.32822,12341,24.356,13169,2,True,True
CPD-47_2963,-1,8,649.96,lin,True,0,209.64,2.2639,2.5011,8.3883,2.1499,0.030365,0.055145,0.32822,12341,24.356,13169,2,True,True
CPD-47_2963,-1,9,704.57,log,False,0,142.14,2.2042,3.0351,8.1587,5.9614,0.075576,0.09504,0.071626,7503.1,24.496,16407,2,True,True
CPD-47_2963,-1,9,704.57,log,True,0,142.14,2.2042,3.0351,8.1587,5.9614,0.075576,0.09504,0.071626,7503.1,24.496,16407,2,True,True
CPD-47_2963,-1,9,704.57,lin,False,0,199.79,1.6803,2.1324,8.5244,2.1442,0.025624,0.041925,0.25973,13205,24.496,16407,2,True,True
CPD-47_2963,-1,9,704.57,lin,True,0,199.79,1.6803,2.1324,8.5244,2.1442,0.025624,0.041925,0.25973,13205,24.496,16407,2,True,True
CPD_-47_2963,-1,8,649.96,log,False,0,161.32,2.4909,3.2404,8.2189,6.1566,0.073956,0.094059,0.072045,8506.2,24.356,13169,2,True,True
CPD_-47_2963,-1,8,649.96,log,True,0,161.32,2.4909,3.2404,8.2189,6.1566,0.073956,0.094059,0.072045,8506.2,24.356,13169,2,True,True
CPD_-47_2963,-1,8,649.96,lin,False,0,209.64,2.2639,2.5011,8.3883,2.1499,0.030365,0.055145,0.32822,12341,24.356,13169,2,True,True
CPD_-47_2963,-1,8,649.96,lin,True,0,209.64,2.2639,2.5011,8.3883,2.1499,0.030365,0.055145,0.32822,12341,24.356,13169,2,True,True
CPD_-47_2963,-1,9,704.57,log,False,0,142.14,2.2042,3.0351,8.1587,5.9614,0.075576,0.09504,0.071626,7503.1,24.496,16407,2,True,True
CPD_-47_2963,-1,9,704.57,log,True,0,142.14,2.2042,3.0351,8.1587,5.9614,0.075576,0.09504,0.071626,7503.1,24.496,16407,2,True,True
CPD_-47_2963,-1,9,704.57,lin,False,0,199.79,1.6803,2.1324,8.5244,2.1442,0.025624,0.041925,0.25973,13205,24.496,16407,2,True,True
CPD_-47_2963,-1,9,704.57,lin,True,0,199.79,1.6803,2.1324,8.5244,2.1442,0.025624,0.041925,0.25973,13205,24.496,16407,2,True,True
CYG_OB2-11,-1,41,395.96,log,False,0,92.815,2.0626,3.468,4.2386,3.7008,0.060205,0.10328,0.032931,8586.4,26.588,18318,2,True,True
CYG_OB2-11,-1,41,395.96,log,True,0,92.815,2.0626,3.468,4.2386,3.7008,0.060205,0.10328,0.032931,8586.4,26.588,18318,2,True,True
CYG_OB2-11,-1,41,395.96,lin,False,0,109.63,1.9959,3.0125,4.8337,0.86906,0.019042,0.058528,0.12368,15649,26.588,18318,2,True,True
CYG_OB2-11,-1,41,395.96,lin,True,0,109.63,1.9959,3.0125,4.8337,0.86906,0.019042,0.058528,0.12368,15649,26.588,18318,2,True,True
CYG_OB2-11,-1,55,256.14,log,False,0,67.483,2.4225,3.2642,2.7298,2.4598,0.066648,0.083697,0.023056,10195,27.163,18878,2,True,True
CYG_OB2-11,-1,55,256.14,log,True,0,67.483,2.4225,3.2642,2.7298,2.4598,0.066648,0.083697,0.023056,10195,27.163,18878,2,True,True
CYG_OB2-11,-1,55,256.14,lin,False,0,74.073,2.6255,4.6417,3.6207,0.5454,0.018891,0.11794,0.10162,14619,27.163,18878,2,True,True
CYG_OB2-11,-1,55,256.14,lin,True,0,74.073,2.6255,4.6417,3.6207,0.5454,0.018891,0.11794,0.10162,14619,27.163,18878,2,True,True
CYG_OB2-11,-1,56,373.86,log,False,0,82.529,2.0149,3.0798,4.1054,3.3374,0.06475,0.088091,0.032732,8736.9,27.88,19612,2,True,True
CYG_OB2-11,-1,56,373.86,log,True,0,82.529,2.0149,3.0798,4.1054,3.3374,0.06475,0.088091,0.032732,8736.9,27.88,19612,2,True,True
CYG_OB2-11,-1,56,373.86,lin,False,0,98.526,2.0014,2.9943,4.7813,0.86982,0.021326,0.064486,0.12387,14263,27.88,19612,2,True,True
CYG_OB2-11,-1,56,373.86,lin,True,0,98.526,2.0014,2.9943,4.7813,0.86982,0.021326,0.064486,0.12387,14263,27.88,19612,2,True,True
CYG_OB2-11,-1,75,357.37,log,False,0,76.26,2.3059,3.4919,4.0315,2.8104,0.063181,0.10294,0.030897,9000.1,27.697,19472,2,True,True
CYG_OB2-11,-1,75,357.37,log,True,0,76.26,2.3059,3.4919,4.0315,2.8104,0.063181,0.10294,0.030897,9000.1,27.697,19472,2,True,True
CYG_OB2-11,-1,75,357.37,lin,False,0,94.69,2.1272,2.8197,4.458,0.78491,0.021874,0.054681,0.11548,15614,27.697,19472,2,True,True
CYG_OB2-11,-1,75,357.37,lin,True,0,94.69,2.1272,2.8197,4.458,0.78491,0.021874,0.054681,0.11548,15614,27.697,19472,2,True,True
CYG_OB2-9,-1,41,241.21,log,False,0,42.349,2.3701,2.9085,2.5586,1.7242,0.081776,0.088887,0.023641,7927.2,26.588,18318,2,True,True
CYG_OB2-9,-1,41,241.21,log,True,0,42.349,2.3701,2.9085,2.5586,1.7242,0.081776,0.088887,0.023641,7927.2,26.588,18318,2,True,True
CYG_OB2-9,-1,41,241.21,lin,False,0,72.989,1.312,1.485,1.8023,1.0879,0.032973,0.029825,0.11623,13296,26.588,18318,2,True,True
CYG_OB2-9,-1,41,241.21,lin,True,0,72.989,1.312,1.485,1.8023,1.0879,0.032973,0.029825,0.11623,13296,26.588,18318,2,True,True
CYG_OB2-9,-1,55,185.07,log,False,0,39.584,2.3687,3.0274,1.9354,1.524,0.073642,0.083284,0.017137,9171.9,27.163,18881,2,True,True
CYG_OB2-9,-1,55,185.07,log,True,0,39.584,2.3687,3.0274,1.9354,1.524,0.073642,0.083284,0.017137,9171.9,27.163,18881,2,True,True
CYG_OB2-9,-1,55,185.07,lin,False,0,50.512,2.1301,2.6027,2.1934,0.47904,0.026007,0.054306,0.069965,13882,27.163,18881,2,True,True
CYG_OB2-9,-1,55,185.07,lin,True,0,50.512,2.1301,2.6027,2.1934,0.47904,0.026007,0.054306,0.069965,13882,27.163,18881,2,True,True
CYG_OB2-9,-1,75,227.09,log,False,0,48.341,2.0463,2.73,2.5505,1.9653,0.071999,0.074738,0.022066,8951.2,27.697,19474,2,True,True
CYG_OB2-9,-1,75,227.09,log,True,0,48.341,2.0463,2.73,2.5505,1.9653,0.071999,0.074738,0.022066,8951.2,27.697,19474,2,True,True
CYG_OB2-9,-1,75,227.09,lin,False,0,59.895,1.8285,2.1955,2.7073,0.55554,0.023715,0.038633,0.071945,15958,27.697,19474,2,True,True
CYG_OB2-9,-1,75,227.09,lin,True,0,59.895,1.8285,2.1955,2.7073,0.55554,0.023715,0.038633,0.071945,15958,27.697,19474,2,True,True
Cyg_OB2-24,-1,41,0,log,False,0,1.9354,3.6141,2.0078,0.20861,0.078378,0.17122,0.075855,0.0042109,6966.4,26.589,18322,2,True,True
Cyg_OB2-24,-1,41,0,log,True,0,1.9354,3.6141,2.0078,0.20861,0.078378,0.17122,0.075855,0.0042109,6966.4,26.589,18322,2,True,True
Cyg_OB2-24,-1,41,0,lin,False,0,2.0956,3.9449,2.5861,0.28512,0.023841,0.055184,0.068607,0.0056228,10954,26.589,18322,2,True,True
Cyg_OB2-24,-1,41,0,lin,True,0,2.0956,3.9449,2.5861,0.28512,0.023841,0.055184,0.068607,0.0056228,10954,26.589,18322,2,True,True
Cyg_OB2-24,-1,55,0,log,False,0,1.7572,4.3294,2.099,0.21936,0.063303,0.17837,0.079126,0.0043963,7317.3,27.163,18882,2,True,True
Cyg_OB2-24,-1,55,0,log,True,1,1.7871,4.0917,1.9821,0.21484,0.067741,0.18384,0.076209,0.0047063,7215.4,27.163,18882,2,True,True
Cyg_OB2-24,-1,55,0,lin,False,0,2.2919,3.8671,1.9367,0.24818,0.036415,0.08219,0.06058,0.0093989,8942,27.163,18882,2,True,True
Cyg_OB2-24,-1,55,0,lin,True,1,2.3273,3.5672,1.8632,0.25059,0.035834,0.07548,0.054665,0.0087551,9643.6,27.163,18882,2,True,True
Cyg_OB2-24,-1,75,0,log,False,0,2.197,3.149,1.8785,0.17861,0.090814,0.15668,0.063862,0.0039391,8158.6,27.697,19473,2,True,True
Cyg_OB2-24,-1,75,0,log,True,0,2.197,3.149,1.8785,0.17861,0.090814,0.15668,0.063862,0.0039391,8158.6,27.697,19473,2,True,True
Cyg_OB2-24,-1,75,0,lin,False,0,2.4858,3.2527,1.8557,0.20573,0.030367,0.055733,0.042456,0.0068223,12989,27.697,19473,2,True,True
Cyg_OB2-24,-1,75,0,lin,True,0,2.4858,3.2527,1.8557,0.20573,0.030367,0.055733,0.042456,0.0068223,12989,27.697,19473,2,True,True
Cyg_OB2-5,-1,14,29967,log,False,0,9885.4,0.32074,1.9215,400.79,1502,0.045522,0.088413,3.0001,2890.7,26.85,13810,2,True,True
Cyg_OB2-5,-1,14,29967,log,True,0,9885.4,0.32074,1.9215,400.79,1502,0.045522,0.088413,3.0001,2890.7,26.85,13810,2,True,True
Cyg_OB2-5,-1,14,29967,lin,False,0,9343.8,0.48649,4.5502,501.84,112.03,0.0052308,0.15788,6.8422,9303.7,26.85,13810,2,True,True
Cyg_OB2-5,-1,14,29967,lin,True,0,9343.8,0.48649,4.5502,501.84,112.03,0.0052308,0.15788,6.8422,9303.7,26.85,13810,2,True,True
Cyg_OB2-5,-1,15,26863,log,False,0,8533.2,0.33523,2.0559,346.47,1401.8,0.049379,0.11034,2.8392,2207.1,23.007,13187,2,True,True
Cyg_OB2-5,-1,15,26863,log,True,1,3783,0.38295,1.4679,335.93,696.21,0.088525,0.096883,3.9376,1716.6,23.007,13187,2,True,True
Cyg_OB2-5,-1,15,26863,lin,False,0,9225.8,0.46636,8.4493,448.05,103.76,0.0035202,0.43731,7.6505,7577.3,23.007,13187,2,True,True
Cyg_OB2-5,-1,15,26863,lin,True,0,9225.8,0.46636,8.4493,448.05,103.76,0.0035202,0.43731,7.6505,7577.3,23.007,13187,2,True,True
Cyg_OB2-5,-1,41,32935,log,False,0,15976,0.15073,1.7916,351.04,5495.1,0.043299,0.095839,2.736,2034.2,26.588,18315,2,True,True
Cyg_OB2-5,-1,41,32935,log,True,1,38406,0.03923,1.3899,344.94,63614,0.054535,0.089516,3.3077,1497.1,26.588,18315,2,False,True
Cyg_OB2-5,-1,41,32935,lin,False,0,9481.9,0.34604,30,456.47,79.865,0.0010516,2.3767,5.7853,9717.4,26.588,18315,2,True,True
Cyg_OB2-5,-1,41,32935,lin,True,5,9485.1,0.34612,30,442.9,73.528,0.00096811,2.1875,5.3271,10810,26.588,18315,2,True,True
Cyg_OB2-5,-1,55,31887,log,False,0,10142,0.24568,2.0223,341.75,2037.3,0.042195,0.10696,2.5007,2236.9,27.161,18873,2,True,True
Cyg_OB2-5,-1,55,31887,log,True,1,66144,0.02,1.3685,333.1,2.7025e+05,0.065023,0.10103,3.1211,1196.8,27.161,18873,2,False,True
Cyg_OB2-5,-1,55,31887,lin,False,0,9170.1,0.37187,28.431,442.87,87.088,0.0013252,2.5014,6.6154,8332.8,27.161,18873,2,True,True
Cyg_OB2-5,-1,55,31887,lin,True,8,9120.3,0.37668,30,425.43,75.242,0.0011404,2.3686,5.7941,10030,27.161,18873,2,True,True
Cyg_X-1,-1,14,2507.3,log,False,0,739.16,0.49553,2.0557,33.024,77.648,0.048999,0.08306,0.25269,3815.4,26.85,13816,2,True,True
Cyg_X-1,-1,14,2507.3,log,True,0,739.16,0.49553,2.0557,33.024,77.648,0.048999,0.08306,0.25269,3815.4,26.85,13816,2,True,True
Cyg_X-1,-1,14,2507.3,lin,False,0,786.29,0.58226,4.358,42.791,8.4594,0.0058868,0.13595,0.58562,10564,26.85,13816,2,True,True
Cyg_X-1,-1,14,2507.3,lin,True,5,781.59,0.54771,8.1782,42.378,6.5687,0.0032071,0.31765,0.53808,11603,26.85,13816,2,True,True
Cyg_X-1,-1,54,2215,log,False,0,477.91,0.67419,2.2332,24,42.224,0.055037,0.091475,0.19236,3958.1,26.23,17895,2,True,True
Cyg_X-1,-1,54,2215,log,True,1,240.35,1.0434,2.5813,24.135,16.708,0.067688,0.12966,0.1826,3329,26.23,17895,2,True,True
Cyg_X-1,-1,54,2215,lin,False,0,636.79,0.6289,4.1311,31.963,8.0499,0.0077418,0.14679,0.57763,8584.3,26.23,17895,2,True,True
Cyg_X-1,-1,54,2215,lin,True,2,635.72,0.6278,4.2552,31.836,7.8873,0.0074735,0.15212,0.57248,8673.5,26.23,17895,2,True,True
Cyg_X-1,-1,55,1901.1,log,False,0,333.09,0.9464,2.9527,20.02,22.95,0.052636,0.1345,0.1491,4054.5,27.162,18880,2,True,True
Cyg_X-1,-1,55,1901.1,log,True,1,194.24,1.2994,3.3114,20.009,11.408,0.06196,0.1779,0.14634,3574,27.162,18880,2,True,True
Cyg_X-1,-1,55,1901.1,lin,False,0,511.62,0.7529,2.85,24.727,7.8363,0.013823,0.090622,0.54453,8099.1,27.162,18880,2,True,True
Cyg_X-1,-1,55,1901.1,lin,True,0,511.62,0.7529,2.85,24.727,7.8363,0.013823,0.090622,0.54453,8099.1,27.162,18880,2,True,True
Cyg_X-1,-1,74,2126.9,log,False,0,327.78,1.0212,2.5074,23.43,21.654,0.061663,0.10339,0.17842,4432.3,26.704,18786,2,True,True
Cyg_X-1,-1,74,2126.9,log,True,1,167.66,1.3775,2.869,23.663,9.7169,0.07332,0.15308,0.16902,3367.6,26.704,18786,2,True,True
Cyg_X-1,-1,74,2126.9,lin,False,0,583.83,0.66727,2.4387,28.938,11.277,0.016605,0.081746,0.65648,6806.1,26.704,18786,2,True,True
Cyg_X-1,-1,74,2126.9,lin,True,0,583.83,0.66727,2.4387,28.938,11.277,0.016605,0.081746,0.65648,6806.1,26.704,18786,2,True,True
HDE_227245,-1,41,13.379,log,False,0,5.5431,3.6415,1.8407,0.38495,0.22412,0.17922,0.063756,0.011732,8414.4,26.589,18321,2,True,True
HDE_227245,-1,41,13.379,log,True,1,5.4939,3.4767,1.7239,0.36706,0.23769,0.19152,0.063062,0.01321,8114.9,26.589,18321,2,True,True
HDE_227245,-1,41,13.379,lin,False,0,7.7057,3.1753,1.5964,0.34808,0.13831,0.083085,0.049508,0.033155,9160.3,26.589,18321,2,True,True
HDE_227245,-1,41,13.379,lin,True,0,7.7057,3.1753,1.5964,0.34808,0.13831,0.083085,0.049508,0.033155,9160.3,26.589,18321,2,True,True
HDE_227245,-1,54,14.959,log,False,0,7.1347,3.2766,1.7873,0.30497,0.30449,0.16984,0.056439,0.01177,9341.1,26.23,17896,2,True,True
HDE_227245,-1,54,14.959,log,True,13,5.0714,3.0253,1.2805,0.18653,0.29705,0.27496,0.062012,0.023367,7398.8,26.23,17896,2,True,True
HDE_227245,-1,54,14.959,lin,False,0,9.6074,3.3507,2.0172,0.41338,0.19435,0.092433,0.080394,0.043116,5955.6,26.23,17896,2,True,True
HDE_227245,-1,54,14.959,lin,True,1,7.0358,4.5522,2.5918,0.502,0.10844,0.084268,0.094522,0.028836,7261,26.23,17896,2,True,True
HDE_227245,-1,55,0,log,False,0,5.503,2.982,1.494,0.23209,0.26389,0.19912,0.054553,0.013957,9006.5,27.162,18882,2,True,True
HDE_227245,-1,55,0,log,True,0,5.503,2.982,1.494,0.23209,0.26389,0.19912,0.054553,0.013957,9006.5,27.162,18882,2,True,True
HDE_227245,-1,55,0,lin,False,0,6.0824,3.3837,1.8115,0.38133,0.091576,0.071283,0.050771,0.021624,10187,27.162,18882,2,True,True
HDE_227245,-1,55,0,lin,True,0,6.0824,3.3837,1.8115,0.38133,0.091576,0.071283,0.050771,0.021624,10187,27.162,18882,2,True,True
HDE_227245,-1,74,23.434,log,False,0,5.3714,3.4348,1.7306,0.35844,0.231,0.18751,0.06242,0.012478,8217.8,26.704,18758,2,True,True
HDE_227245,-1,74,23.434,log,True,3,5.9841,2.6097,1.4357,0.30684,0.32192,0.20195,0.057224,0.01627,7865.7,26.704,18758,2,True,True
HDE_227245,-1,74,23.434,lin,False,0,7.6053,2.8962,1.4486,0.29234,0.15327,0.088645,0.047328,0.03587,8820.4,26.704,18758,2,True,True
HDE_227245,-1,74,23.434,lin,True,0,7.6053,2.8962,1.4486,0.29234,0.15327,0.088645,0.047328,0.03587,8820.4,26.704,18758,2,True,True
HDE_229196,-1,41,1252.9,log,False,0,270.55,0.77251,1.9112,13.091,23.19,0.068583,0.070236,0.13271,4758.6,26.588,18318,2,True,True
HDE_229196,-1,41,1252.9,log,True,1,89.22,1.4261,1.8921,12.903,6.4416,0.12431,0.099301,0.14833,3174.7,26.588,18318,2,True,True
HDE_229196,-1,41,1252.9,lin,False,0,394.08,0.76546,10.401,19.948,6.0715,0.0076398,0.9023,0.65038,4469.1,26.588,18318,2,True,True
HDE_229196,-1,41,1252.9,lin,True,7,173.93,0.58935,1.3571,14.821,5.35,0.031726,0.040034,0.25527,7516.7,26.588,18318,2,True,True
HDE_229196,-1,75,1013,log,False,0,149.17,1.3859,1.9613,10.972,9.142,0.093749,0.070853,0.12508,5670.4,27.697,19469,2,True,True
HDE_229196,-1,75,1013,log,True,1,52.421,3.1549,3.5413,11.407,2.0006,0.10386,0.18462,0.087809,4335.3,27.697,19469,2,True,True
HDE_229196,-1,75,1013,lin,False,0,343.38,0.72812,15.15,18.711,5.8456,0.0067539,1.8202,0.6434,3536.6,27.697,19469,2,True,True
HDE_229196,-1,75,1013,lin,True,6,118.61,0.96461,1.1151,9.8204,3.3513,0.053085,0.032991,0.3184,9653.6,27.697,19469,2,True,True
HDE_229196,-1,81,1122.5,log,False,0,233.8,0.85901,1.8288,12.57,18.925,0.075838,0.066522,0.13791,5020.2,26.624,18409,2,True,True
HDE_229196,-1,81,1122.5,log,True,2,43.049,2.8145,2.654,12.725,2.1446,0.14756,0.16508,0.11598,2804.6,26.624,18409,2,True,True
HDE_229196,-1,81,1122.5,lin,False,0,365.35,0.77889,8.4892,19.529,5.8735,0.0088978,0.67473,0.6109,4386.9,26.624,18409,2,True,True
HDE_229196,-1,81,1122.5,lin,True,3,143.36,0.68615,1.2333,13.283,4.7466,0.042201,0.039252,0.28607,7327.6,26.624,18409,2,True,True
HDE_229196,-1,82,1041.4,log,False,0,174.51,0.83013,1.5886,11.09,15.778,0.092554,0.064534,0.15422,4520,25.853,18138,2,True,True
HDE_229196,-1,82,1041.4,log,True,1,44.322,2.8484,2.4143,11.467,2.205,0.15615,0.13795,0.11783,3187.6,25.853,18138,2,True,True
HDE_229196,-1,82,1041.4,lin,False,0,350.1,0.68048,20.17,18.101,5.5815,0.0051612,2.6648,0.60921,3759.8,25.853,18138,2,True,True
HDE_229196,-1,82,1041.4,lin,True,7,108.24,0.67469,1.0028,10.762,4.5609,0.059086,0.036808,0.32577,7455.3,25.853,18138,2,True,True
HDE_242926,-1,19,0,log,False,0,7.7181,0.16314,1.0846,0.32883,2.6632,0.079146,0.070121,0.0067694,2353.8,24.922,16695,2,True,True
HDE_242926,-1,19,0,log,True,0,7.7181,0.16314,1.0846,0.32883,2.6632,0.079146,0.070121,0.0067694,2353.8,24.922,16695,2,True,True
HDE_242926,-1,19,0,lin,False,0,4.5897,0.53086,1.5317,0.42319,0.12369,0.023215,0.041733,0.0050229,7881.4,24.922,16695,2,True,True
HDE_242926,-1,19,0,lin,True,0,4.5897,0.53086,1.5317,0.42319,0.12369,0.023215,0.041733,0.0050229,7881.4,24.922,16695,2,True,True
HDE_242926,-1,43,0,log,False,0,3.9847,0.68994,1.7035,0.31979,0.4157,0.084578,0.082212,0.0034659,3106.7,24.327,16265,2.0002,True,True
HDE_242926,-1,43,0,log,True,0,3.9847,0.68994,1.7035,0.31979,0.4157,0.084578,0.082212,0.0034659,3106.7,24.327,16265,2.0002,True,True
HDE_242926,-1,43,0,lin,False,0,4.3917,0.76415,1.8072,0.38046,0.08115,0.021547,0.044827,0.0048794,9084,24.327,16265,2.0002,True,True
HDE_242926,-1,43,0,lin,True,0,4.3917,0.76415,1.8072,0.38046,0.08115,0.021547,0.044827,0.0048794,9084,24.327,16265,2.0002,True,True
HDE_242926,-1,44,16.599,log,False,0,9.2844,0.25609,1.4475,0.37849,2.018,0.062996,0.073167,0.0043903,2567.1,24.249,16211,2.0002,True,True
HDE_242926,-1,44,16.599,log,True,0,9.2844,0.25609,1.4475,0.37849,2.018,0.062996,0.073167,0.0043903,2567.1,24.249,16211,2.0002,True,True
HDE_242926,-1,44,16.599,lin,False,0,9.6995,0.29997,1.5845,0.46191,0.27534,0.012478,0.034736,0.0052481,10315,24.249,16211,2.0002,True,True
HDE_242926,-1,44,16.599,lin,True,0,9.6995,0.29997,1.5845,0.46191,0.27534,0.012478,0.034736,0.0052481,10315,24.249,16211,2.0002,True,True
HDE_242926,-1,45,0,log,False,0,6.0789,0.38672,1.4608,0.32202,0.97012,0.074444,0.07156,0.0040605,2919.4,24.59,16149,2,True,True
HDE_242926,-1,45,0,log,True,0,6.0789,0.38672,1.4608,0.32202,0.97012,0.074444,0.07156,0.0040605,2919.4,24.59,16149,2,True,True
HDE_242926,-1,45,0,lin,False,0,6.9416,0.42458,1.5426,0.38727,0.17157,0.016536,0.034965,0.0052927,9918.5,24.59,16149,2,True,True
HDE_242926,-1,45,0,lin,True,0,6.9416,0.42458,1.5426,0.38727,0.17157,0.016536,0.034965,0.0052927,9918.5,24.59,16149,2,True,True
HDE_303308,-1,36,948.7,log,False,0,440.34,0.02,1.1351,11.279,1849.4,0.085607,0.17272,0.1338,363.19,24.419,16329,2,False,True
HDE_303308,-1,36,948.7,log,True,0,440.34,0.02,1.1351,11.279,1849.4,0.085607,0.17272,0.1338,363.19,24.419,16329,2,False,True
HDE_303308,-1,36,948.7,lin,False,0,607.07,0.02,1.2232,13.543,930.19,0.030138,0.093709,0.10434,1627.1,24.419,16329,2,False,True
HDE_303308,-1,36,948.7,lin,True,0,607.07,0.02,1.2232,13.543,930.19,0.030138,0.093709,0.10434,1627.1,24.419,16329,2,False,True
HDE_303308,-1,37,2685.7,log,False,0,1591.3,0.030378,1.255,31.244,3988,0.071487,0.13341,0.31981,660.31,25.319,17325,2,False,True
HDE_303308,-1,37,2685.7,log,True,0,1591.3,0.030378,1.255,31.244,3988,0.071487,0.13341,0.31981,660.31,25.319,17325,2,False,True
HDE_303308,-1,37,2685.7,lin,False,0,317.01,0.21694,1.7631,37.744,21.951,0.019041,0.082347,0.246,3598.6,25.319,17325,2,True,True
HDE_303308,-1,37,2685.7,lin,True,0,317.01,0.21694,1.7631,37.744,21.951,0.019041,0.082347,0.246,3598.6,25.319,17325,2,True,True
HDE_303308,-1,63,1571.4,log,False,0,218.86,0.4432,1.5272,18.481,32.904,0.082038,0.08751,0.2015,2245.4,26.531,18323,2,True,True
HDE_303308,-1,63,1571.4,log,True,0,218.86,0.4432,1.5272,18.481,32.904,0.082038,0.08751,0.2015,2245.4,26.531,18323,2,True,True
HDE_303308,-1,63,1571.4,lin,False,0,432.97,0.21937,1.3025,21.591,21.222,0.016884,0.034018,0.27091,8674.2,26.531,18323,2,True,True
HDE_303308,-1,63,1571.4,lin,True,0,432.97,0.21937,1.3025,21.591,21.222,0.016884,0.034018,0.27091,8674.2,26.531,18323,2,True,True
HDE_303308,-1,64,447.75,log,False,0,75.077,0.82039,1.355,5.5882,7.6792,0.11947,0.064319,0.11069,4172.6,26.917,18849,2,True,True
HDE_303308,-1,64,447.75,log,True,0,75.077,0.82039,1.355,5.5882,7.6792,0.11947,0.064319,0.11069,4172.6,26.917,18849,2,True,True
HDE_303308,-1,64,447.75,lin,False,0,135.25,0.37612,1.0527,5.808,4.9043,0.026851,0.025515,0.16673,11388,26.917,18849,2,True,True
HDE_303308,-1,64,447.75,lin,True,0,135.25,0.37612,1.0527,5.808,4.9043,0.026851,0.025515,0.16673,11388,26.917,18849,2,True,True
HDE_303311,-1,36,14.408,log,False,0,5.8894,0.73897,0.94289,0.36532,0.90362,0.21955,0.070913,0.026285,3687.1,24.437,16357,2,True,True
HDE_303311,-1,36,14.408,log,True,0,5.8894,0.73897,0.94289,0.36532,0.90362,0.21955,0.070913,0.026285,3687.1,24.437,16357,2,True,True
HDE_303311,-1,36,14.408,lin,False,0,8.0258,0.54211,0.85795,0.38901,0.41579,0.063979,0.03401,0.028109,8093.5,24.437,16357,2,True,True
HDE_303311,-1,36,14.408,lin,True,0,8.0258,0.54211,0.85795,0.38901,0.41579,0.063979,0.03401,0.028109,8093.5,24.437,16357,2,True,True
HDE_303311,-1,37,41.553,log,False,0,10.426,0.3086,0.98397,0.58488,2.3599,0.11906,0.066282,0.020269,3112.9,25.325,17338,2,True,True
HDE_303311,-1,37,41.553,log,True,0,10.426,0.3086,0.98397,0.58488,2.3599,0.11906,0.066282,0.020269,3112.9,25.325,17338,2,True,True
HDE_303311,-1,37,41.553,lin,False,0,12.669,0.24842,0.88371,0.63291,0.82186,0.034626,0.029634,0.0215,8796.2,25.325,17338,2,True,True
HDE_303311,-1,37,41.553,lin,True,0,12.669,0.24842,0.88371,0.63291,0.82186,0.034626,0.029634,0.0215,8796.2,25.325,17338,2,True,True
HDE_303311,-1,63,0,log,False,0,6.1658,0.93268,1.0863,0.32773,0.68669,0.17879,0.059944,0.017449,5022.2,26.531,18358,2,True,True
HDE_303311,-1,63,0,log,True,0,6.1658,0.93268,1.0863,0.32773,0.68669,0.17879,0.059944,0.017449,5022.2,26.531,18358,2,True,True
HDE_303311,-1,63,0,lin,False,0,6.5335,1.1421,1.2122,0.4463,0.15722,0.051036,0.033692,0.016657,9853.5,26.531,18358,2,True,True
HDE_303311,-1,63,0,lin,True,0,6.5335,1.1421,1.2122,0.4463,0.15722,0.051036,0.033692,0.016657,9853.5,26.531,18358,2,True,True
HDE_303311,-1,64,0,log,False,0,5.5225,0.81167,1.0765,0.35687,0.65377,0.16627,0.061138,0.015229,4607,26.916,18854,2,True,True
HDE_303311,-1,64,0,log,True,0,5.5225,0.81167,1.0765,0.35687,0.65377,0.16627,0.061138,0.015229,4607,26.916,18854,2,True,True
HDE_303311,-1,64,0,lin,False,0,5.489,1.1698,1.351,0.5021,0.11936,0.044965,0.036171,0.012,9624.6,26.916,18854,2,True,True
HDE_303311,-1,64,0,lin,True,0,5.489,1.1698,1.351,0.5021,0.11936,0.044965,0.036171,0.012,9624.6,26.916,18854,2,True,True
HDE_305438,-1,10,0,log,False,0,2.0893,0.84297,2.1133,0.37362,0.20424,0.091837,0.15043,0.0030485,1658.2,25.374,16454,2,True,True
HDE_305438,-1,10,0,log,True,0,2.0893,0.84297,2.1133,0.37362,0.20424,0.091837,0.15043,0.0030485,1658.2,25.374,16454,2,True,True
HDE_305438,-1,10,0,lin,False,0,2.1026,0.99862,2.3558,0.44682,0.041447,0.026522,0.084864,0.0033496,6016.5,25.374,16454,2,True,True
HDE_305438,-1,10,0,lin,True,0,2.1026,0.99862,2.3558,0.44682,0.041447,0.026522,0.084864,0.0033496,6016.5,25.374,16454,2,True,True
HDE_305438,-1,11,0,log,False,0,2.7111,0.49435,1.3549,0.34731,0.44386,0.11477,0.096474,0.0047306,1737.7,26.149,16880,2,True,True
HDE_305438,-1,11,0,log,True,0,2.7111,0.49435,1.3549,0.34731,0.44386,0.11477,0.096474,0.0047306,1737.7,26.149,16880,2,True,True
HDE_305438,-1,11,0,lin,False,0,2.1688,0.87772,2.3573,0.44466,0.044166,0.023924,0.085666,0.0032122,5942.6,26.149,16880,2,True,True
HDE_305438,-1,11,0,lin,True,0,2.1688,0.87772,2.3573,0.44466,0.044166,0.023924,0.085666,0.0032122,5942.6,26.149,16880,2,True,True
HDE_305438,-1,63,0,log,False,0,2.3763,0.22286,0.92103,0.31382,0.91199,0.15696,0.10927,0.0087726,1123.8,26.531,18358,2,True,True
HDE_305438,-1,63,0,log,True,0,2.3763,0.22286,0.92103,0.31382,0.91199,0.15696,0.10927,0.0087726,1123.8,26.531,18358,2,True,True
HDE_305438,-1,63,0,lin,False,0,1.5757,0.72465,1.5396,0.40999,0.066114,0.050313,0.074087,0.0038014,3372.5,26.531,18358,2,True,True
HDE_305438,-1,63,0,lin,True,0,1.5757,0.72465,1.5396,0.40999,0.066114,0.050313,0.074087,0.0038014,3372.5,26.531,18358,2,True,True
HDE_305438,-1,64,35.934,log,False,0,4.4726,0.096661,1.1524,0.53055,3.6948,0.10425,0.16255,0.0062052,437.6,26.917,18854,2,False,True
HDE_305438,-1,64,35.934,log,True,0,4.4726,0.096661,1.1524,0.53055,3.6948,0.10425,0.16255,0.0062052,437.6,26.917,18854,2,False,True
HDE_305438,-1,64,35.934,lin,False,0,19.241,0.02,1.0513,0.62496,22.529,0.027785,0.08015,0.00581,1745.7,26.917,18854,2,False,True
HDE_305438,-1,64,35.934,lin,True,0,19.241,0.02,1.0513,0.62496,22.529,0.027785,0.08015,0.00581,1745.7,26.917,18854,2,False,True
HDE_305524,-1,36,68.652,log,False,0,9.7744,3.0112,1.7006,0.73762,0.47293,0.18774,0.06643,0.022916,6895.8,24.437,16356,2,True,True
HDE_305524,-1,36,68.652,log,True,0,9.7744,3.0112,1.7006,0.73762,0.47293,0.18774,0.06643,0.022916,6895.8,24.437,16356,2,True,True
HDE_305524,-1,36,68.652,lin,False,0,27.479,0.53262,0.79314,1e-07,1.2624,0.058458,0.027532,0.092974,11025,24.437,16356,2,True,True
HDE_305524,-1,36,68.652,lin,True,0,27.479,0.53262,0.79314,1e-07,1.2624,0.058458,0.027532,0.092974,11025,24.437,16356,2,True,True
HDE_305524,-1,37,44.844,log,False,0,7.9557,3.9552,1.9061,0.56494,0.30588,0.18098,0.065305,0.01706,8442.3,25.325,17337,2,True,True
HDE_305524,-1,37,44.844,log,True,0,7.9557,3.9552,1.9061,0.56494,0.30588,0.18098,0.065305,0.01706,8442.3,25.325,17337,2,True,True
HDE_305524,-1,37,44.844,lin,False,0,12.602,2.5275,1.2957,0.33085,0.23852,0.076784,0.03674,0.052976,10863,25.325,17337,2,True,True
HDE_305524,-1,37,44.844,lin,True,0,12.602,2.5275,1.2957,0.33085,0.23852,0.076784,0.03674,0.052976,10863,25.325,17337,2,True,True
HDE_305524,-1,63,171.63,log,False,0,12.208,1.4584,1.6458,1.923,0.91765,0.1473,0.089364,0.027313,3250.9,26.531,18358,2,True,True
HDE_305524,-1,63,171.63,log,True,0,12.208,1.4584,1.6458,1.923,0.91765,0.1473,0.089364,0.027313,3250.9,26.531,18358,2,True,True
HDE_305524,-1,63,171.63,lin,False,0,85.496,0.049961,0.74995,1.5689,16.247,0.019474,0.029942,0.081658,8408.3,26.531,18358,2,False,True
HDE_305524,-1,63,171.63,lin,True,0,85.496,0.049961,0.74995,1.5689,16.247,0.019474,0.029942,0.081658,8408.3,26.531,18358,2,False,True
HDE_305524,-1,64,24.584,log,False,0,9.1455,2.8597,1.6185,0.37891,0.42054,0.17148,0.052898,0.016692,9399.4,26.917,18854,2,True,True
HDE_305524,-1,64,24.584,log,True,0,9.1455,2.8597,1.6185,0.37891,0.42054,0.17148,0.052898,0.016692,9399.4,26.917,18854,2,True,True
HDE_305524,-1,64,24.584,lin,False,0,10.652,3.0041,1.7106,0.49224,0.15551,0.063787,0.044189,0.033914,11141,26.917,18854,2,True,True
HDE_305524,-1,64,24.584,lin,True,0,10.652,3.0041,1.7106,0.49224,0.15551,0.063787,0.044189,0.033914,11141,26.917,18854,2,True,True
HDE_338_931,-1,41,288.74,log,False,0,59.354,1.4725,1.6087,2.4986,3.7764,0.11648,0.051939,0.057675,7567.8,26.587,18321,2,True,True
HDE_338_931,-1,41,288.74,log,True,0,59.354,1.4725,1.6087,2.4986,3.7764,0.11648,0.051939,0.057675,7567.8,26.587,18321,2,True,True
HDE_338_931,-1,41,288.74,lin,False,0,78.334,1.2713,1.704,3.4815,1.0787,0.027769,0.034375,0.10587,12745,26.587,18321,2,True,True
HDE_338_931,-1,41,288.74,lin,True,0,78.334,1.2713,1.704,3.4815,1.0787,0.027769,0.034375,0.10587,12745,26.587,18321,2,True,True
HDE_338_931,-1,54,237.49,log,False,0,45.582,2.7357,2.343,2.771,1.7495,0.10427,0.064696,0.035507,9165.8,26.229,15583,2,True,True
HDE_338_931,-1,54,237.49,log,True,0,45.582,2.7357,2.343,2.771,1.7495,0.10427,0.064696,0.035507,9165.8,26.229,15583,2,True,True
HDE_338_931,-1,54,237.49,lin,False,0,73.011,1.7376,1.6106,2.4639,1.0009,0.038119,0.033619,0.13466,12922,26.229,15583,2,True,True
HDE_338_931,-1,54,237.49,lin,True,0,73.011,1.7376,1.6106,2.4639,1.0009,0.038119,0.033619,0.13466,12922,26.229,15583,2,True,True
HDE_338_931,-1,81,370.48,log,False,0,64.084,1.8921,2.1494,4.3221,3.1623,0.097466,0.068682,0.050648,7064.7,26.624,16073,2,True,True
HDE_338_931,-1,81,370.48,log,True,2,36.484,3.116,2.8141,4.4407,1.3874,0.11114,0.10565,0.043369,6334.2,26.624,16073,2,True,True
HDE_338_931,-1,81,370.48,lin,False,0,108.16,1.1691,1.7536,5.0088,1.6938,0.028679,0.040262,0.15278,10766,26.624,16073,2,True,True
HDE_338_931,-1,81,370.48,lin,True,0,108.16,1.1691,1.7536,5.0088,1.6938,0.028679,0.040262,0.15278,10766,26.624,16073,2,True,True
HDE_344777,-1,40,18.361,log,False,0,5.6941,2.2848,1.2367,0.22435,0.3544,0.22752,0.055363,0.020153,7938.2,28.201,19607,2,True,True
HDE_344777,-1,40,18.361,log,True,0,5.6941,2.2848,1.2367,0.22435,0.3544,0.22752,0.055363,0.020153,7938.2,28.201,19607,2,True,True
HDE_344777,-1,40,18.361,lin,False,0,7.2717,2.0331,1.2723,0.31946,0.13814,0.065459,0.034015,0.025185,11653,28.201,19607,2,True,True
HDE_344777,-1,40,18.361,lin,True,0,7.2717,2.0331,1.2723,0.31946,0.13814,0.065459,0.034015,0.025185,11653,28.201,19607,2,True,True
HDE_344777,-1,41,0,log,False,0,6.7445,1.8419,1.1585,0.16353,0.47628,0.21638,0.051488,0.021353,8165.9,26.589,18322,2,True,True
HDE_344777,-1,41,0,log,True,0,6.7445,1.8419,1.1585,0.16353,0.47628,0.21638,0.051488,0.021353,8165.9,26.589,18322,2,True,True
HDE_344777,-1,41,0,lin,False,0,7.6283,1.9879,1.4829,0.41728,0.12855,0.054438,0.037567,0.020616,10940,26.589,18322,2,True,True
HDE_344777,-1,41,0,lin,True,0,7.6283,1.9879,1.4829,0.41728,0.12855,0.054438,0.037567,0.020616,10940,26.589,18322,2,True,True
HDE_344777,-1,54,0,log,False,0,6.2078,2.4094,1.3873,0.28589,0.34282,0.19553,0.054275,0.016216,8144.5,26.229,15582,2,True,True
HDE_344777,-1,54,0,log,True,0,6.2078,2.4094,1.3873,0.28589,0.34282,0.19553,0.054275,0.016216,8144.5,26.229,15582,2,True,True
HDE_344777,-1,54,0,lin,False,0,7.2905,2.3557,1.4276,0.37344,0.11726,0.060531,0.035313,0.022726,11923,26.229,15582,2,True,True
HDE_344777,-1,54,0,lin,True,0,7.2905,2.3557,1.4276,0.37344,0.11726,0.060531,0.035313,0.022726,11923,26.229,15582,2,True,True
HDE_344777,-1,81,25.816,log,False,0,6.4918,1.7444,1.1845,0.31161,0.46234,0.2052,0.054763,0.02095,7141.5,26.624,16872,2,True,True
HDE_344777,-1,81,25.816,log,True,0,6.4918,1.7444,1.1845,0.31161,0.46234,0.2052,0.054763,0.02095,7141.5,26.624,16872,2,True,True
HDE_344777,-1,81,25.816,lin,False,0,8.4915,1.3902,1.1427,0.38366,0.19642,0.059993,0.031789,0.026698,10892,26.624,16872,2,True,True
HDE_344777,-1,81,25.816,lin,True,0,8.4915,1.3902,1.1427,0.38366,0.19642,0.059993,0.031789,0.026698,10892,26.624,16872,2,True,True
HDE_344783,-1,40,0,log,False,0,3.7062,0.17248,0.99993,0.26668,1.39,0.10263,0.085173,0.0061147,1699.2,28.201,19610,2,True,True
HDE_344783,-1,40,0,log,True,6,2.7424,0.30848,1.2633,0.27414,0.62109,0.097739,0.092309,0.0037397,1637.6,28.201,19610,2,True,True
HDE_344783,-1,40,0,lin,False,0,2.1877,0.61304,1.7123,0.3644,0.077565,0.033604,0.071978,0.0036909,4191,28.201,19610,2,True,True
HDE_344783,-1,40,0,lin,True,4,2.2186,0.61786,1.6636,0.34285,0.065528,0.028674,0.056871,0.0031412,5855.1,28.201,19610,2,True,True
HDE_344783,-1,41,0,log,False,0,2.3273,0.35593,1.0996,0.27109,0.54562,0.13552,0.093174,0.0056565,1607.3,26.589,18322,2,True,True
HDE_344783,-1,41,0,log,True,4,1.8077,0.5782,1.2993,0.27289,0.28102,0.13542,0.09749,0.0041968,1729.7,26.589,18322,2,True,True
HDE_344783,-1,41,0,lin,False,0,2.047,0.63715,1.2366,0.32996,0.10128,0.058322,0.057091,0.0055987,4033.2,26.589,18322,2,True,True
HDE_344783,-1,41,0,lin,True,3,1.9969,0.68984,1.2928,0.31908,0.076939,0.048147,0.049369,0.0045184,5360.6,26.589,18322,2,True,True
HDE_344783,-1,54,0,log,False,0,3.1456,0.54874,1.2214,0.28938,0.48255,0.1282,0.077468,0.0059688,2578.8,26.229,15582,2,True,True
HDE_344783,-1,54,0,log,True,3,2.9789,0.59654,1.3122,0.29149,0.41456,0.12043,0.079491,0.0050396,2565.7,26.229,15582,2,True,True
HDE_344783,-1,54,0,lin,False,0,4.0436,0.55689,1.3453,0.36481,0.13224,0.031906,0.040907,0.0059306,7154.8,26.229,15582,2,True,True
HDE_344783,-1,54,0,lin,True,2,4.0295,0.56619,1.3535,0.35457,0.12457,0.030594,0.039362,0.0056791,7618.8,26.229,15582,2,True,True
HD_101190,-1,37,225.59,log,False,0,41.666,3.6874,1.9917,2.2286,1.5592,0.15657,0.059456,0.061808,9549.2,25.321,17309,2,True,True
HD_101190,-1,37,225.59,log,True,0,41.666,3.6874,1.9917,2.2286,1.5592,0.15657,0.059456,0.061808,9549.2,25.321,17309,2,True,True
HD_101190,-1,37,225.59,lin,False,0,69.33,2.2361,1.2901,0.72007,1.2838,0.068542,0.034672,0.25419,11256,25.321,17309,2,True,True
HD_101190,-1,37,225.59,lin,True,0,69.33,2.2361,1.2901,0.72007,1.2838,0.068542,0.034672,0.25419,11256,25.321,17309,2,True,True
HD_101190,-1,38,336.8,log,False,0,43.103,3.4872,2.0093,3.1447,1.6953,0.15679,0.065799,0.070485,8410.8,26.695,18463,2,True,True
HD_101190,-1,38,336.8,log,True,0,43.103,3.4872,2.0093,3.1447,1.6953,0.15679,0.065799,0.070485,8410.8,26.695,18463,2,True,True
HD_101190,-1,38,336.8,lin,False,0,110.61,0.92423,0.96137,0.28814,3.2784,0.057334,0.0279,0.34274,11599,26.695,18463,2,True,True
HD_101190,-1,38,336.8,lin,True,0,110.61,0.92423,0.96137,0.28814,3.2784,0.057334,0.0279,0.34274,11599,26.695,18463,2,True,True
HD_101190,-1,64,276.19,log,False,0,40.757,3.4152,1.875,2.5321,1.6569,0.16556,0.06133,0.071602,8786.1,26.917,18853,2,True,True
HD_101190,-1,64,276.19,log,True,0,40.757,3.4152,1.875,2.5321,1.6569,0.16556,0.06133,0.071602,8786.1,26.917,18853,2,True,True
HD_101190,-1,64,276.19,lin,False,0,94.184,1.0986,0.97332,1e-07,2.5101,0.059878,0.0272,0.30961,12484,26.917,18853,2,True,True
HD_101190,-1,64,276.19,lin,True,0,94.184,1.0986,0.97332,1e-07,2.5101,0.059878,0.0272,0.30961,12484,26.917,18853,2,True,True
HD_101190,-1,99,235.32,log,False,0,44.834,4.0966,2.1838,2.606,1.4784,0.14436,0.060615,0.058914,10621,27.664,14076,2.0002,True,True
HD_101190,-1,99,235.32,log,True,0,44.834,4.0966,2.1838,2.606,1.4784,0.14436,0.060615,0.058914,10621,27.664,14076,2.0002,True,True
HD_101190,-1,99,235.32,lin,False,0,84.426,1.9093,1.1441,1.0004e-07,1.6171,0.06453,0.029041,0.30074,13354,27.664,14076,2.0002,True,True
HD_101190,-1,99,235.32,lin,True,0,84.426,1.9093,1.1441,1.0004e-07,1.6171,0.06453,0.029041,0.30074,13354,27.664,14076,2.0002,True,True
HD_101223,-1,37,67.208,log,False,0,14.705,1.1684,1.2492,0.67357,1.2649,0.15416,0.054161,0.028161,6157.8,25.321,17336,2,True,True
HD_101223,-1,37,67.208,log,True,0,14.705,1.1684,1.2492,0.67357,1.2649,0.15416,0.054161,0.028161,6157.8,25.321,17336,2,True,True
HD_101223,-1,37,67.208,lin,False,0,18.474,1.0639,1.2495,0.82789,0.39837,0.042199,0.030823,0.038311,10833,25.321,17336,2,True,True
HD_101223,-1,37,67.208,lin,True,0,18.474,1.0639,1.2495,0.82789,0.39837,0.042199,0.030823,0.038311,10833,25.321,17336,2,True,True
HD_101223,-1,38,52.185,log,False,0,16.51,0.78655,1.0211,0.38101,1.8799,0.1569,0.048737,0.036544,6989,26.695,18492,2,True,True
HD_101223,-1,38,52.185,log,True,0,16.51,0.78655,1.0211,0.38101,1.8799,0.1569,0.048737,0.036544,6989,26.695,18492,2,True,True
HD_101223,-1,38,52.185,lin,False,0,16.09,1.1854,1.2689,0.70152,0.32527,0.043516,0.030679,0.034602,11440,26.695,18492,2,True,True
HD_101223,-1,38,52.185,lin,True,0,16.09,1.1854,1.2689,0.70152,0.32527,0.043516,0.030679,0.034602,11440,26.695,18492,2,True,True
HD_101223,-1,64,55.92,log,False,0,11.995,1.2018,1.1185,0.48021,1.1099,0.18811,0.055221,0.033446,6295.4,26.917,18853,2,True,True
HD_101223,-1,64,55.92,log,True,0,11.995,1.2018,1.1185,0.48021,1.1099,0.18811,0.055221,0.033446,6295.4,26.917,18853,2,True,True
HD_101223,-1,64,55.92,lin,False,0,14.181,1.2164,1.122,0.58315,0.34758,0.056891,0.031393,0.041863,10732,26.917,18853,2,True,True
HD_101223,-1,64,55.92,lin,True,0,14.181,1.2164,1.122,0.58315,0.34758,0.056891,0.031393,0.041863,10732,26.917,18853,2,True,True
HD_101223,-1,99,42.452,log,False,0,10.414,2.2365,1.4877,0.55117,0.55939,0.16709,0.053798,0.020725,8217.8,27.664,14073,2.0002,True,True
HD_101223,-1,99,42.452,log,True,0,10.414,2.2365,1.4877,0.55117,0.55939,0.16709,0.053798,0.020725,8217.8,27.664,14073,2.0002,True,True
HD_101223,-1,99,42.452,lin,False,0,13.606,1.7776,1.3406,0.61706,0.22718,0.050657,0.03109,0.034945,12798,27.664,14073,2.0002,True,True
HD_101223,-1,99,42.452,lin,True,0,13.606,1.7776,1.3406,0.61706,0.22718,0.050657,0.03109,0.034945,12798,27.664,14073,2.0002,True,True
HD_102415,-1,100,15.497,log,False,0,3.2293,9.4768,2.9205,0.35425,0.078924,0.20591,0.10589,0.010956,8661.3,25.778,17273,2.0002,True,True
HD_102415,-1,100,15.497,log,True,4,3.1421,8.7834,2.8886,0.36616,0.077379,0.19602,0.10235,0.0096851,8728.2,25.778,17273,2.0002,True,True
HD_102415,-1,100,15.497,lin,False,0,4.6792,8.8674,1.9504,0.14207,0.11564,0.21171,0.097622,0.063528,5957.9,25.778,17273,2.0002,True,True
HD_102415,-1,100,15.497,lin,True,4,3.8667,8.6946,2.7625,0.40827,0.055923,0.12292,0.099976,0.026029,8415.2,25.778,17273,2.0002,True,True
HD_102415,-1,64,13.899,log,False,0,3.3014,8.7585,2.3949,0.27368,0.087471,0.2272,0.088072,0.013546,9248.4,26.917,18853,2,True,True
HD_102415,-1,64,13.899,log,True,4,3.4159,7.7581,2.2133,0.27328,0.095476,0.22548,0.080499,0.013428,9376.5,26.917,18853,2,True,True
HD_102415,-1,64,13.899,lin,False,0,4.363,8.7274,1.8828,0.1279,0.10567,0.20552,0.090663,0.058125,6470.7,26.917,18853,2,True,True
HD_102415,-1,64,13.899,lin,True,3,4.1979,7.594,2.1498,0.30643,0.068708,0.12976,0.076777,0.031561,8836.5,26.917,18853,2,True,True
HD_102415,-1,99,9.7468,log,False,0,4.2445,8.6136,2.5883,0.34733,0.10525,0.2032,0.086372,0.01336,10061,27.664,14076,2.0002,True,True
HD_102415,-1,99,9.7468,log,True,3,4.149,8.1929,2.5817,0.36262,0.10223,0.194,0.083973,0.012087,10215,27.664,14076,2.0002,True,True
HD_102415,-1,99,9.7468,lin,False,0,5.7118,8.3115,2.155,0.2553,0.11842,0.17227,0.09695,0.05895,6600.3,27.664,14076,2.0002,True,True
HD_102415,-1,99,9.7468,lin,True,3,5.0793,8.1928,2.4827,0.3849,0.071016,0.11549,0.081934,0.032732,9759.7,27.664,14076,2.0002,True,True
HD_108,-1,17,885.67,log,False,0,69.942,0.8418,2.2409,11.269,6.7505,0.086291,0.15889,0.091788,1681.2,23.367,14598,2,True,True
HD_108,-1,17,885.67,log,True,0,69.942,0.8418,2.2409,11.269,6.7505,0.086291,0.15889,0.091788,1681.2,23.367,14598,2,True,True
HD_108,-1,17,885.67,lin,False,0,192.63,0.278,1.5123,13.104,7.9917,0.017154,0.04418,0.13668,6964.3,23.367,14598,2,True,True
HD_108,-1,17,885.67,lin,True,0,192.63,0.278,1.5123,13.104,7.9917,0.017154,0.04418,0.13668,6964.3,23.367,14598,2,True,True
HD_108,-1,18,1107.8,log,False,0,131.55,0.36465,1.5582,13.417,25.576,0.085653,0.11418,0.13773,1358.4,23.721,15271,2,True,True
HD_108,-1,18,1107.8,log,True,0,131.55,0.36465,1.5582,13.417,25.576,0.085653,0.11418,0.13773,1358.4,23.721,15271,2,True,True
HD_108,-1,18,1107.8,lin,False,0,258.62,0.19767,1.4112,15.94,15.038,0.016648,0.042637,0.15222,6767,23.721,15271,2,True,True
HD_108,-1,18,1107.8,lin,True,0,258.62,0.19767,1.4112,15.94,15.038,0.016648,0.042637,0.15222,6767,23.721,15271,2,True,True
HD_108,-1,84,404.77,log,False,0,57.565,1.2114,2.0454,4.7274,3.8514,0.086986,0.081873,0.047154,4595.1,25.75,16693,2,True,True
HD_108,-1,84,404.77,log,True,0,57.565,1.2114,2.0454,4.7274,3.8514,0.086986,0.081873,0.047154,4595.1,25.75,16693,2,True,True
HD_108,-1,84,404.77,lin,False,0,119.1,0.46434,1.2408,4.6415,2.9199,0.020595,0.024591,0.11042,12744,25.75,16693,2,True,True
HD_108,-1,84,404.77,lin,True,0,119.1,0.46434,1.2408,4.6415,2.9199,0.020595,0.024591,0.11042,12744,25.75,16693,2,True,True
HD_108,-1,85,183.58,log,False,0,36.403,2.0349,2.2077,2.4675,1.8094,0.10404,0.073295,0.030424,6685,25.489,12572,2,True,True
HD_108,-1,85,183.58,log,True,0,36.403,2.0349,2.2077,2.4675,1.8094,0.10404,0.073295,0.030424,6685,25.489,12572,2,True,True
HD_108,-1,85,183.58,lin,False,0,62.854,1.1145,1.4145,2.2055,1.0841,0.033344,0.030398,0.10097,11999,25.489,12572,2,True,True
HD_108,-1,85,183.58,lin,True,0,62.854,1.1145,1.4145,2.2055,1.0841,0.033344,0.030398,0.10097,11999,25.489,12572,2,True,True
HD_110360,-1,11,27.546,log,False,0,10.388,0.57435,1.1888,0.50826,1.4682,0.12215,0.061309,0.01527,3941.8,23.623,13299,2,True,True
HD_110360,-1,11,27.546,log,True,2,41.995,0.038008,0.8181,0.42139,37.674,0.05306,0.058159,0.026385,3479.1,23.623,13299,2,False,True
HD_110360,-1,11,27.546,lin,False,0,12.119,0.68841,1.2429,0.59516,0.3979,0.041821,0.039482,0.023959,7055.8,23.623,13299,2,True,True
HD_110360,-1,11,27.546,lin,True,2,13.624,0.44739,1.3858,0.74096,0.40458,0.022431,0.035341,0.013716,8576,23.623,13299,2,True,True
HD_110360,-1,37,0,log,False,0,4.3967,1.6992,1.4751,0.34311,0.31265,0.16975,0.067113,0.0095198,5112,24.52,15991,2,True,True
HD_110360,-1,37,0,log,True,3,5.7409,0.89047,1.1735,0.31403,0.63026,0.15638,0.060228,0.0124,4718.8,24.52,15991,2,True,True
HD_110360,-1,37,0,lin,False,0,4.9613,2.1652,1.5278,0.37392,0.12272,0.085157,0.058894,0.02098,6021.1,24.52,15991,2,True,True
HD_110360,-1,37,0,lin,True,2,5.8518,1.2367,1.3269,0.40112,0.14133,0.053064,0.039778,0.015225,8208.4,24.52,15991,2,True,True
HD_110360,-1,38,1.5002,log,False,0,7.5278,0.376,0.83321,0.19358,1.5741,0.15861,0.058952,0.023593,4911.4,26.696,18493,2,True,True
HD_110360,-1,38,1.5002,log,True,3,5.4719,0.42222,0.74469,0.16705,1.2632,0.22425,0.07075,0.032398,4171.9,26.696,18493,2,True,True
HD_110360,-1,38,1.5002,lin,False,0,7.7219,0.69827,1.1016,0.35309,0.33454,0.059738,0.043677,0.022597,5953,26.696,18493,2,True,True
HD_110360,-1,38,1.5002,lin,True,2,7.452,0.68438,1.3459,0.46614,0.24316,0.039577,0.04455,0.013824,6502.1,26.696,18493,2,True,True
HD_110360,-1,64,41.411,log,False,0,4.6513,1.067,1.3372,0.52585,0.45557,0.15791,0.075816,0.011375,3408.9,26.917,18854,2,True,True
HD_110360,-1,64,41.411,log,True,3,2.8741,1.4942,1.4025,0.5405,0.25796,0.20463,0.094796,0.011162,2621.1,26.917,18854,2,True,True
HD_110360,-1,64,41.411,lin,False,0,12.978,0.27273,0.94497,0.52566,1.1023,0.047717,0.043823,0.028966,5028.9,26.917,18854,2,True,True
HD_110360,-1,64,41.411,lin,True,1,11.615,0.33797,1.225,0.67353,0.54285,0.027806,0.038755,0.01373,6893,26.917,18854,2,True,True
HD_112244,-1,11,21462,log,False,0,2955,1.2707,3.4395,265.66,168.98,0.056763,0.1763,1.9044,3861.1,24.579,14612,2,True,True
HD_112244,-1,11,21462,log,True,0,2955,1.2707,3.4395,265.66,168.98,0.056763,0.1763,1.9044,3861.1,24.579,14612,2,True,True
HD_112244,-1,11,21462,lin,False,0,6196.7,0.54829,1.6201,282.37,108.67,0.015173,0.030644,4.5618,12396,24.579,14612,2,True,True
HD_112244,-1,11,21462,lin,True,0,6196.7,0.54829,1.6201,282.37,108.67,0.015173,0.030644,4.5618,12396,24.579,14612,2,True,True
HD_112244,-1,37,15867,log,False,0,3780.6,1.0484,2.7878,187.66,240.17,0.054756,0.10592,1.4452,5065.2,24.52,15986,2,True,True
HD_112244,-1,37,15867,log,True,0,3780.6,1.0484,2.7878,187.66,240.17,0.054756,0.10592,1.4452,5065.2,24.52,15986,2,True,True
HD_112244,-1,37,15867,lin,False,0,4543.6,0.97022,2.629,223.13,43.04,0.011686,0.050105,3.5283,14161,24.52,15986,2,True,True
HD_112244,-1,37,15867,lin,True,0,4543.6,0.97022,2.629,223.13,43.04,0.011686,0.050105,3.5283,14161,24.52,15986,2,True,True
HD_112244,-1,38,19862,log,False,0,3282.4,0.86849,2.3,210.25,242.34,0.060668,0.092713,1.6537,4328.3,26.694,18439,2,True,True
HD_112244,-1,38,19862,log,True,0,3282.4,0.86849,2.3,210.25,242.34,0.060668,0.092713,1.6537,4328.3,26.694,18439,2,True,True
HD_112244,-1,38,19862,lin,False,0,5354.1,0.57037,1.8868,244.51,80.522,0.012499,0.036075,3.6102,12920,26.694,18439,2,True,True
HD_112244,-1,38,19862,lin,True,0,5354.1,0.57037,1.8868,244.51,80.522,0.012499,0.036075,3.6102,12920,26.694,18439,2,True,True
HD_112244,-1,64,10901,log,False,0,2175.8,1.4009,2.7919,120.63,112.31,0.060936,0.093717,0.93286,6474.3,26.916,18800,2,True,True
HD_112244,-1,64,10901,log,True,0,2175.8,1.4009,2.7919,120.63,112.31,0.060936,0.093717,0.93286,6474.3,26.916,18800,2,True,True
HD_112244,-1,64,10901,lin,False,0,2932.2,1.2219,2.4472,138.39,29.35,0.016264,0.047855,2.8067,14092,26.916,18800,2,True,True
HD_112244,-1,64,10901,lin,True,0,2932.2,1.2219,2.4472,138.39,29.35,0.016264,0.047855,2.8067,14092,26.916,18800,2,True,True
HD_117490,-1,100,11.31,log,False,0,5.5303,7.1426,2.5888,0.34817,0.14838,0.18448,0.078646,0.011468,10340,26.473,18313,2.0002,True,True
HD_117490,-1,100,11.31,log,True,3,5.6405,6.6696,2.5886,0.3618,0.14904,0.17,0.074531,0.010164,10804,26.473,18313,2.0002,True,True
HD_117490,-1,100,11.31,lin,False,0,7.0296,7.0427,2.2701,0.32113,0.11314,0.12242,0.082359,0.047217,8249.3,26.473,18313,2.0002,True,True
HD_117490,-1,100,11.31,lin,True,3,6.9752,6.3338,2.5186,0.44544,0.085721,0.08672,0.073756,0.030916,10480,26.473,18313,2.0002,True,True
HD_117490,-1,101,23.366,log,False,0,6.6578,6.8386,2.483,0.38043,0.18507,0.1875,0.075362,0.013787,10120,24.674,16443,2.0002,True,True
HD_117490,-1,101,23.366,log,True,3,6.8001,6.2207,2.4756,0.40243,0.1931,0.17497,0.072912,0.012226,10179,24.674,16443,2.0002,True,True
HD_117490,-1,101,23.366,lin,False,0,8.3672,6.7178,2.1351,0.3064,0.13587,0.12036,0.075536,0.055925,8374.1,24.674,16443,2.0002,True,True
HD_117490,-1,101,23.366,lin,True,3,8.3001,6.0676,2.3366,0.43581,0.10843,0.090445,0.069625,0.038837,9970.2,24.674,16443,2.0002,True,True
HD_117490,-1,65,24.624,log,False,0,5.0023,7.4127,2.5181,0.37672,0.13481,0.19611,0.082125,0.012888,9922.7,27.889,19512,2,True,True
HD_117490,-1,65,24.624,log,True,6,5.1561,6.3527,2.3008,0.37425,0.15295,0.19684,0.076181,0.012953,9632.6,27.889,19512,2,True,True
HD_117490,-1,65,24.624,lin,False,0,7.0294,6.9029,1.9593,0.2351,0.13904,0.14861,0.08054,0.061284,7340.5,27.889,19512,2,True,True
HD_117490,-1,65,24.624,lin,True,4,6.8592,6.1278,2.2397,0.42276,0.10169,0.10374,0.074046,0.037504,9170.7,27.889,19512,2,True,True
HD_117490,-1,99,34.679,log,False,0,8.2193,5.7637,2.241,0.46669,0.24455,0.18131,0.067277,0.016487,10659,27.664,14077,2.0002,True,True
HD_117490,-1,99,34.679,log,True,4,7.586,5.7611,2.3642,0.50752,0.21519,0.16775,0.069001,0.013842,10738,27.664,14077,2.0002,True,True
HD_117490,-1,99,34.679,lin,False,0,11.268,5.1153,1.6432,0.18259,0.20628,0.11581,0.056428,0.076045,9282,27.664,14077,2.0002,True,True
HD_117490,-1,99,34.679,lin,True,3,10.995,4.681,1.8674,0.42224,0.15573,0.084483,0.052411,0.049058,11062,27.664,14077,2.0002,True,True
HD_123056,-1,11,138.78,log,False,0,31.1,2.3814,1.9631,1.673,1.502,0.12829,0.061722,0.03227,7760.3,24.961,15208,2,True,True
HD_123056,-1,11,138.78,log,True,2,22.175,3.1363,2.1631,1.7201,0.92762,0.14194,0.072819,0.029858,7368.9,24.961,15208,2,True,True
HD_123056,-1,11,138.78,lin,False,0,42.991,2.2033,1.8741,1.8546,0.75783,0.057381,0.058025,0.1189,7803.1,24.961,15208,2,True,True
HD_123056,-1,11,138.78,lin,True,0,42.991,2.2033,1.8741,1.8546,0.75783,0.057381,0.058025,0.1189,7803.1,24.961,15208,2,True,True
HD_135591,-1,12,1501,log,False,0,255.08,2.0772,1.5418,14.418,14.225,0.15622,0.05569,0.44527,7698.4,27.936,18658,2,True,True
HD_135591,-1,12,1501,log,True,0,255.08,2.0772,1.5418,14.418,14.225,0.15622,0.05569,0.44527,7698.4,27.936,18658,2,True,True
HD_135591,-1,12,1501,lin,False,0,410.53,1.229,1.209,13.407,8.3667,0.046307,0.029138,0.95803,12236,27.936,18658,2,True,True
HD_135591,-1,12,1501,lin,True,0,410.53,1.229,1.209,13.407,8.3667,0.046307,0.029138,0.95803,12236,27.936,18658,2,True,True
HD_135591,-1,38,1386.7,log,False,0,238.66,2.9241,1.8132,11.74,10.346,0.15208,0.055938,0.34148,9197,26.696,18491,2,True,True
HD_135591,-1,38,1386.7,log,True,0,238.66,2.9241,1.8132,11.74,10.346,0.15208,0.055938,0.34148,9197,26.696,18491,2,True,True
HD_135591,-1,38,1386.7,lin,False,0,420.53,1.5144,1.1489,3.2696,8.3854,0.05556,0.028376,1.2368,12773,26.696,18491,2,True,True
HD_135591,-1,38,1386.7,lin,True,0,420.53,1.5144,1.1489,3.2696,8.3854,0.05556,0.028376,1.2368,12773,26.696,18491,2,True,True
HD_135591,-1,39,1395.4,log,False,0,222.5,2.7276,1.7494,12.692,10.141,0.154,0.057148,0.3509,8679.1,27.944,19315,2,True,True
HD_135591,-1,39,1395.4,log,True,0,222.5,2.7276,1.7494,12.692,10.141,0.154,0.057148,0.3509,8679.1,27.944,19315,2,True,True
HD_135591,-1,39,1395.4,lin,False,0,423.55,1.1548,1.0362,3.6248,9.767,0.052774,0.026012,1.1958,13405,27.944,19315,2,True,True
HD_135591,-1,39,1395.4,lin,True,0,423.55,1.1548,1.0362,3.6248,9.767,0.052774,0.026012,1.1958,13405,27.944,19315,2,True,True
HD_135591,-1,65,2670.8,log,False,0,325.65,1.3408,1.4062,25.287,24.507,0.14514,0.061312,0.60959,5446.2,27.888,19501,2,True,True
HD_135591,-1,65,2670.8,log,True,0,325.65,1.3408,1.4062,25.287,24.507,0.14514,0.061312,0.60959,5446.2,27.888,19501,2,True,True
HD_135591,-1,65,2670.8,lin,False,0,924.28,0.24903,0.85436,18.175,49.975,0.029714,0.023941,1.3911,12078,27.888,19501,2,True,True
HD_135591,-1,65,2670.8,lin,True,0,924.28,0.24903,0.85436,18.175,49.975,0.029714,0.023941,1.3911,12078,27.888,19501,2,True,True
HD_14434,-1,18,107.26,log,False,0,22.456,5.9027,2.8665,1.4972,0.60473,0.14316,0.078597,0.027744,10217,23.406,14733,2,True,True
HD_14434,-1,18,107.26,log,True,1,19.926,6.422,3.0273,1.4793,0.50971,0.14391,0.084487,0.026144,10145,23.406,14733,2,True,True
HD_14434,-1,18,107.26,lin,False,0,33.015,4.5115,2.0269,1.2171,0.47085,0.082028,0.059504,0.13707,9497.7,23.406,14733,2,True,True
HD_14434,-1,18,107.26,lin,True,0,33.015,4.5115,2.0269,1.2171,0.47085,0.082028,0.059504,0.13707,9497.7,23.406,14733,2,True,True
HD_14633,-1,18,141.52,log,False,0,46.525,1.6931,1.4531,1.4384,2.8977,0.14312,0.047937,0.061885,8323.1,23.814,14830,2,True,True
HD_14633,-1,18,141.52,log,True,0,46.525,1.6931,1.4531,1.4384,2.8977,0.14312,0.047937,0.061885,8323.1,23.814,14830,2,True,True
HD_14633,-1,18,141.52,lin,False,0,46.475,2.1508,1.7292,2.1818,0.60248,0.042549,0.037334,0.095653,12177,23.814,14830,2,True,True
HD_14633,-1,18,141.52,lin,True,0,46.475,2.1508,1.7292,2.1818,0.60248,0.042549,0.037334,0.095653,12177,23.814,14830,2,True,True
HD_149038,-1,103,22146,log,False,0,2744.7,1.4178,2.8746,258.38,159.19,0.072212,0.13374,2.0487,4054.8,24.754,16033,2.0002,True,True
HD_149038,-1,103,22146,log,True,0,2744.7,1.4178,2.8746,258.38,159.19,0.072212,0.13374,2.0487,4054.8,24.754,16033,2.0002,True,True
HD_149038,-1,103,22146,lin,False,0,6460.7,0.55226,1.6274,287.13,116.98,0.01575,0.032008,4.9509,11890,24.754,16033,2.0002,True,True
HD_149038,-1,103,22146,lin,True,0,6460.7,0.55226,1.6274,287.13,116.98,0.01575,0.032008,4.9509,11890,24.754,16033,2.0002,True,True
HD_149038,-1,39,25620,log,False,0,4995.8,0.93535,2.6407,300.57,314.43,0.050857,0.10008,2.0617,5142.5,27.928,18370,2,True,True
HD_149038,-1,39,25620,log,True,0,4995.8,0.93535,2.6407,300.57,314.43,0.050857,0.10008,2.0617,5142.5,27.928,18370,2,True,True
HD_149038,-1,39,25620,lin,False,0,6970.5,0.74294,2.0625,334.56,84.726,0.01283,0.037832,5.087,14228,27.928,18370,2,True,True
HD_149038,-1,39,25620,lin,True,0,6970.5,0.74294,2.0625,334.56,84.726,0.01283,0.037832,5.087,14228,27.928,18370,2,True,True
HD_149038,-1,66,15064,log,False,0,2682.9,1.4862,2.489,171.34,148.95,0.076275,0.088442,1.5512,5679.4,24.751,15646,2,True,True
HD_149038,-1,66,15064,log,True,0,2682.9,1.4862,2.489,171.34,148.95,0.076275,0.088442,1.5512,5679.4,24.751,15646,2,True,True
HD_149038,-1,66,15064,lin,False,0,4653.1,0.89246,1.7335,182.22,72.273,0.02176,0.03644,5.0566,11337,24.751,15646,2,True,True
HD_149038,-1,66,15064,lin,True,0,4653.1,0.89246,1.7335,182.22,72.273,0.02176,0.03644,5.0566,11337,24.751,15646,2,True,True
HD_149038,-1,93,8143,log,False,0,1955.6,1.9392,3.1518,95.241,82.327,0.063699,0.094091,0.76103,7999.9,24.919,16297,2,True,True
HD_149038,-1,93,8143,log,True,0,1955.6,1.9392,3.1518,95.241,82.327,0.063699,0.094091,0.76103,7999.9,24.919,16297,2,True,True
HD_149038,-1,93,8143,lin,False,0,2416.3,1.8371,3.3706,117.16,21.39,0.018544,0.079474,2.9552,12929,24.919,16297,2,True,True
HD_149038,-1,93,8143,lin,True,0,2416.3,1.8371,3.3706,117.16,21.39,0.018544,0.079474,2.9552,12929,24.919,16297,2,True,True
HD_150574,-1,12,288.25,log,False,0,61.393,2.5981,2.5384,3.9042,2.526,0.10032,0.07661,0.044755,7827.9,24.599,14870,2,True,True
HD_150574,-1,12,288.25,log,True,0,61.393,2.5981,2.5384,3.9042,2.526,0.10032,0.07661,0.044755,7827.9,24.599,14870,2,True,True
HD_150574,-1,12,288.25,lin,False,0,90.259,1.7862,1.7379,3.7499,1.0972,0.033633,0.033926,0.1465,13383,24.599,14870,2,True,True
HD_150574,-1,12,288.25,lin,True,0,90.259,1.7862,1.7379,3.7499,1.0972,0.033633,0.033926,0.1465,13383,24.599,14870,2,True,True
HD_151804,-1,12,16267,log,False,0,5226.8,0.68792,3.1229,208.75,403.7,0.038944,0.13835,1.4461,4086.4,24.6,14742,2,True,True
HD_151804,-1,12,16267,log,True,0,5226.8,0.68792,3.1229,208.75,403.7,0.038944,0.13835,1.4461,4086.4,24.6,14742,2,True,True
HD_151804,-1,12,16267,lin,False,0,5235.5,0.80495,4.9442,256.03,36.265,0.0050967,0.11544,3.3221,15419,24.6,14742,2,True,True
HD_151804,-1,12,16267,lin,True,0,5235.5,0.80495,4.9442,256.03,36.265,0.0050967,0.11544,3.3221,15419,24.6,14742,2,True,True
HD_151804,-1,39,15540,log,False,0,3612.2,0.88125,3.798,183.12,220.49,0.036601,0.17727,1.1802,4647.6,27.928,18467,2,True,True
HD_151804,-1,39,15540,log,True,0,3612.2,0.88125,3.798,183.12,220.49,0.036601,0.17727,1.1802,4647.6,27.928,18467,2,True,True
HD_151804,-1,39,15540,lin,False,0,4336.3,0.91397,4.2381,216.53,38.439,0.0080532,0.11365,3.6299,13009,27.928,18467,2,True,True
HD_151804,-1,39,15540,lin,True,0,4336.3,0.91397,4.2381,216.53,38.439,0.0080532,0.11365,3.6299,13009,27.928,18467,2,True,True
HD_151804,-1,66,17136,log,False,0,5122.4,0.85864,3.2576,206.54,343.25,0.041672,0.13455,1.4585,4795.2,24.853,15278,2,True,True
HD_151804,-1,66,17136,log,True,0,5122.4,0.85864,3.2576,206.54,343.25,0.041672,0.13455,1.4585,4795.2,24.853,15278,2,True,True
HD_151804,-1,66,17136,lin,False,0,5241.3,0.992,4.663,251.38,37.791,0.006823,0.11064,3.8918,14925,24.853,15278,2,True,True
HD_151804,-1,66,17136,lin,True,0,5241.3,0.992,4.663,251.38,37.791,0.006823,0.11064,3.8918,14925,24.853,15278,2,True,True
HD_151804,-1,93,11005,log,False,0,3102.9,0.94613,3.1858,128.62,199.24,0.04493,0.12644,0.93105,5054.7,24.922,16374,2,True,True
HD_151804,-1,93,11005,log,True,0,3102.9,0.94613,3.1858,128.62,199.24,0.04493,0.12644,0.93105,5054.7,24.922,16374,2,True,True
HD_151804,-1,93,11005,lin,False,0,3241.6,1.0632,4.3809,157.59,23.563,0.0076284,0.10041,2.4856,15042,24.922,16374,2,True,True
HD_151804,-1,93,11005,lin,True,0,3241.6,1.0632,4.3809,157.59,23.563,0.0076284,0.10041,2.4856,15042,24.922,16374,2,True,True
HD_152003,-1,12,5137.8,log,False,0,875.8,1.2584,2.8498,64.797,52.026,0.063938,0.12184,0.50207,4478.7,24.599,14871,2,True,True
HD_152003,-1,12,5137.8,log,True,0,875.8,1.2584,2.8498,64.797,52.026,0.063938,0.12184,0.50207,4478.7,24.599,14871,2,True,True
HD_152003,-1,12,5137.8,lin,False,0,1478,0.7635,1.8992,72.705,19.89,0.015277,0.035919,1.2026,12766,24.599,14871,2,True,True
HD_152003,-1,12,5137.8,lin,True,0,1478,0.7635,1.8992,72.705,19.89,0.015277,0.035919,1.2026,12766,24.599,14871,2,True,True
HD_152147,-1,103,9490.4,log,False,0,811.58,0.69235,2.2965,110.48,84.874,0.073479,0.16288,0.85804,1650.5,24.754,16033,2.0002,True,True
HD_152147,-1,103,9490.4,log,True,0,811.58,0.69235,2.2965,110.48,84.874,0.073479,0.16288,0.85804,1650.5,24.754,16033,2.0002,True,True
HD_152147,-1,103,9490.4,lin,False,0,1969.5,0.27493,1.5915,129.89,80.557,0.016144,0.047641,1.3432,6871.6,24.754,16033,2.0002,True,True
HD_152147,-1,103,9490.4,lin,True,0,1969.5,0.27493,1.5915,129.89,80.557,0.016144,0.047641,1.3432,6871.6,24.754,16033,2.0002,True,True
HD_152147,-1,12,4589.6,log,False,0,990.01,0.94958,2.6517,56.082,71.981,0.059139,0.11432,0.45385,4048.4,24.599,14844,2,True,True
HD_152147,-1,12,4589.6,log,True,0,990.01,0.94958,2.6517,56.082,71.981,0.059139,0.11432,0.45385,4048.4,24.599,14844,2,True,True
HD_152147,-1,12,4589.6,lin,False,0,1359.3,0.79685,2.463,67.564,15.87,0.012097,0.052491,1.0832,12126,24.599,14844,2,True,True
HD_152147,-1,12,4589.6,lin,True,0,1359.3,0.79685,2.463,67.564,15.87,0.012097,0.052491,1.0832,12126,24.599,14844,2,True,True
HD_152147,-1,39,2750.4,log,False,0,596.19,1.2067,2.5743,30.749,33.07,0.058521,0.083425,0.23708,6524.5,27.928,18780,2,True,True
HD_152147,-1,39,2750.4,log,True,0,596.19,1.2067,2.5743,30.749,33.07,0.058521,0.083425,0.23708,6524.5,27.928,18780,2,True,True
HD_152147,-1,39,2750.4,lin,False,0,716.6,1.1125,2.3457,35.755,6.9427,0.014607,0.04214,0.61069,15423,27.928,18780,2,True,True
HD_152147,-1,39,2750.4,lin,True,0,716.6,1.1125,2.3457,35.755,6.9427,0.014607,0.04214,0.61069,15423,27.928,18780,2,True,True
HD_152247,-1,12,867.06,log,False,0,146.43,2.1986,2.4557,11.042,6.8115,0.098967,0.083715,0.11855,6455.4,24.6,14863,2,True,True
HD_152247,-1,12,867.06,log,True,0,146.43,2.1986,2.4557,11.042,6.8115,0.098967,0.083715,0.11855,6455.4,24.6,14863,2,True,True
HD_152247,-1,12,867.06,lin,False,0,244.27,1.4024,1.6739,10.887,4.0094,0.036713,0.040721,0.43386,10015,24.6,14863,2,True,True
HD_152247,-1,12,867.06,lin,True,0,244.27,1.4024,1.6739,10.887,4.0094,0.036713,0.040721,0.43386,10015,24.6,14863,2,True,True
HD_152247,-1,39,890.66,log,False,0,175.04,1.8244,2.0007,9.2358,8.8949,0.099726,0.059462,0.12954,7969.7,27.928,18709,2,True,True
HD_152247,-1,39,890.66,log,True,0,175.04,1.8244,2.0007,9.2358,8.8949,0.099726,0.059462,0.12954,7969.7,27.928,18709,2,True,True
HD_152247,-1,39,890.66,lin,False,0,245.06,1.3861,1.7603,10.869,2.9973,0.026436,0.032952,0.31589,14302,27.928,18709,2,True,True
HD_152247,-1,39,890.66,lin,True,0,245.06,1.3861,1.7603,10.869,2.9973,0.026436,0.032952,0.31589,14302,27.928,18709,2,True,True
HD_152247,-1,66,563.15,log,False,0,113.28,3.2427,2.7022,6.4844,3.9842,0.10267,0.07326,0.07819,9355.2,24.853,15305,2,True,True
HD_152247,-1,66,563.15,log,True,0,113.28,3.2427,2.7022,6.4844,3.9842,0.10267,0.07326,0.07819,9355.2,24.853,15305,2,True,True
HD_152247,-1,66,563.15,lin,False,0,170.86,2.2991,1.8644,5.8076,2.1018,0.041689,0.040476,0.34324,12322,24.853,15305,2,True,True
HD_152247,-1,66,563.15,lin,True,0,170.86,2.2991,1.8644,5.8076,2.1018,0.041689,0.040476,0.34324,12322,24.853,15305,2,True,True
HD_152247,-1,93,697.97,log,False,0,154.72,2.1089,2.2071,7.8848,6.8584,0.093963,0.060521,0.098886,8612.4,24.921,16400,2,True,True
HD_152247,-1,93,697.97,log,True,0,154.72,2.1089,2.2071,7.8848,6.8584,0.093963,0.060521,0.098886,8612.4,24.921,16400,2,True,True
HD_152247,-1,93,697.97,lin,False,0,202.13,1.7124,1.978,9.2353,2.091,0.026023,0.035571,0.25939,14550,24.921,16400,2,True,True
HD_152247,-1,93,697.97,lin,True,0,202.13,1.7124,1.978,9.2353,2.091,0.026023,0.035571,0.25939,14550,24.921,16400,2,True,True
HD_152249,-1,103,2944.5,log,False,0,719.92,1.7827,3.0106,35.128,33.288,0.065988,0.09462,0.29319,7235.3,24.754,16031,2.0002,True,True
HD_152249,-1,103,2944.5,log,True,0,719.92,1.7827,3.0106,35.128,33.288,0.065988,0.09462,0.29319,7235.3,24.754,16031,2.0002,True,True
HD_152249,-1,103,2944.5,lin,False,0,884.17,1.6231,2.8511,42.236,8.1145,0.018428,0.060235,0.98991,13419,24.754,16031,2.0002,True,True
HD_152249,-1,103,2944.5,lin,True,0,884.17,1.6231,2.8511,42.236,8.1145,0.018428,0.060235,0.98991,13419,24.754,16031,2.0002,True,True
HD_152249,-1,12,1881.3,log,False,0,478.92,1.4377,2.7596,25.691,25.359,0.064474,0.093566,0.2104,6184.9,24.599,14787,2,True,True
HD_152249,-1,12,1881.3,log,True,0,478.92,1.4377,2.7596,25.691,25.359,0.064474,0.093566,0.2104,6184.9,24.599,14787,2,True,True
HD_152249,-1,12,1881.3,lin,False,0,619.2,1.2587,2.4146,29.762,6.8942,0.018774,0.052151,0.67256,12064,24.599,14787,2,True,True
HD_152249,-1,12,1881.3,lin,True,0,619.2,1.2587,2.4146,29.762,6.8942,0.018774,0.052151,0.67256,12064,24.599,14787,2,True,True
HD_152249,-1,39,5291.9,log,False,0,997.72,1.0329,2.482,59.224,62.918,0.058739,0.090992,0.45174,5296.3,27.928,18708,2,True,True
HD_152249,-1,39,5291.9,log,True,0,997.72,1.0329,2.482,59.224,62.918,0.058739,0.090992,0.45174,5296.3,27.928,18708,2,True,True
HD_152249,-1,39,5291.9,lin,False,0,1473.8,0.74251,1.8916,66.329,18.062,0.013531,0.032179,1.0613,15167,27.928,18708,2,True,True
HD_152249,-1,39,5291.9,lin,True,0,1473.8,0.74251,1.8916,66.329,18.062,0.013531,0.032179,1.0613,15167,27.928,18708,2,True,True
HD_152424,-1,103,8140,log,False,0,2077.9,0.98244,3.0964,95.898,135.07,0.048709,0.12673,0.71457,4769.4,24.754,16030,2.0002,True,True
HD_152424,-1,103,8140,log,True,0,2077.9,0.98244,3.0964,95.898,135.07,0.048709,0.12673,0.71457,4769.4,24.754,16030,2.0002,True,True
HD_152424,-1,103,8140,lin,False,0,2429.7,0.9454,3.0289,115.04,20.603,0.0094602,0.058559,1.7499,14902,24.754,16030,2.0002,True,True
HD_152424,-1,103,8140,lin,True,0,2429.7,0.9454,3.0289,115.04,20.603,0.0094602,0.058559,1.7499,14902,24.754,16030,2.0002,True,True
HD_152424,-1,12,9556.3,log,False,0,2545.3,0.92819,2.889,120.96,171.67,0.049814,0.11605,0.90004,4685.5,24.599,14852,2,True,True
HD_152424,-1,12,9556.3,log,True,0,2545.3,0.92819,2.889,120.96,171.67,0.049814,0.11605,0.90004,4685.5,24.599,14852,2,True,True
HD_152424,-1,12,9556.3,lin,False,0,3046.5,0.93352,3.9912,151.86,27.653,0.0086894,0.10462,2.5924,12257,24.599,14852,2,True,True
HD_152424,-1,12,9556.3,lin,True,0,3046.5,0.93352,3.9912,151.86,27.653,0.0086894,0.10462,2.5924,12257,24.599,14852,2,True,True
HD_152424,-1,39,7263.7,log,False,0,1965.7,0.90451,3.2887,85.051,115.62,0.038717,0.12402,0.54281,5768.4,27.928,18522,2,True,True
HD_152424,-1,39,7263.7,log,True,0,1965.7,0.90451,3.2887,85.051,115.62,0.038717,0.12402,0.54281,5768.4,27.928,18522,2,True,True
HD_152424,-1,39,7263.7,lin,False,0,1963.5,1.0808,5.0385,101.94,13.662,0.0069442,0.12328,1.5216,15937,27.928,18522,2,True,True
HD_152424,-1,39,7263.7,lin,True,0,1963.5,1.0808,5.0385,101.94,13.662,0.0069442,0.12328,1.5216,15937,27.928,18522,2,True,True
HD_154368,-1,12,5591.9,log,False,0,1654.8,1.6148,3.3181,73.646,73.785,0.053527,0.10311,0.53895,7679.2,25.136,16111,2,True,True
HD_154368,-1,12,5591.9,log,True,0,1654.8,1.6148,3.3181,73.646,73.785,0.053527,0.10311,0.53895,7679.2,25.136,16111,2,True,True
HD_154368,-1,12,5591.9,lin,False,0,1834,1.7255,4.3227,90.42,14.524,0.013799,0.11035,2.0629,13503,25.136,16111,2,True,True
HD_154368,-1,12,5591.9,lin,True,0,1834,1.7255,4.3227,90.42,14.524,0.013799,0.11035,2.0629,13503,25.136,16111,2,True,True
HD_154368,-1,66,8957.2,log,False,0,2871,1.0454,2.7545,109.27,172.12,0.050389,0.089087,0.82618,6291.3,24.853,15275,2,True,True
HD_154368,-1,66,8957.2,log,True,0,2871,1.0454,2.7545,109.27,172.12,0.050389,0.089087,0.82618,6291.3,24.853,15275,2,True,True
HD_154368,-1,66,8957.2,lin,False,0,2816.3,1.2705,3.9299,135.06,20.009,0.0094728,0.08194,2.2826,15749,24.853,15275,2,True,True
HD_154368,-1,66,8957.2,lin,True,0,2816.3,1.2705,3.9299,135.06,20.009,0.0094728,0.08194,2.2826,15749,24.853,15275,2,True,True
HD_154368,-1,93,7138.3,log,False,0,1792.9,1.3471,3.1111,83.774,93.877,0.054445,0.10758,0.63324,6312.4,24.921,16412,2,True,True
HD_154368,-1,93,7138.3,log,True,0,1792.9,1.3471,3.1111,83.774,93.877,0.054445,0.10758,0.63324,6312.4,24.921,16412,2,True,True
HD_154368,-1,93,7138.3,lin,False,0,2099.1,1.3473,2.9882,98.222,18.386,0.014224,0.061518,1.9963,14047,24.921,16412,2,True,True
HD_154368,-1,93,7138.3,lin,True,0,2099.1,1.3473,2.9882,98.222,18.386,0.014224,0.061518,1.9963,14047,24.921,16412,2,True,True
HD_154643,-1,12,445.56,log,False,0,78.729,2.5603,1.7834,4.8422,3.7844,0.15021,0.060347,0.11849,7697.5,25.138,16185,2,True,True
HD_154643,-1,12,445.56,log,True,0,78.729,2.5603,1.7834,4.8422,3.7844,0.15021,0.060347,0.11849,7697.5,25.138,16185,2,True,True
HD_154643,-1,12,445.56,lin,False,0,132.29,1.4192,1.2656,3.8885,2.4987,0.048012,0.030255,0.32015,11765,25.138,16185,2,True,True
HD_154643,-1,12,445.56,lin,True,0,132.29,1.4192,1.2656,3.8885,2.4987,0.048012,0.030255,0.32015,11765,25.138,16185,2,True,True
HD_155913,-1,104,70.215,log,False,0,22.915,5.6889,2.0061,0.72448,0.71209,0.19852,0.059507,0.050646,11227,25.435,16259,2,True,True
HD_155913,-1,104,70.215,log,True,1,20.447,6.3052,2.1174,0.77858,0.60758,0.20311,0.064571,0.048879,10868,25.435,16259,2,True,True
HD_155913,-1,104,70.215,lin,False,0,27.166,5.4837,2.1539,1.2418,0.36416,0.087582,0.062597,0.12339,10292,25.435,16259,2,True,True
HD_155913,-1,104,70.215,lin,True,0,27.166,5.4837,2.1539,1.2418,0.36416,0.087582,0.062597,0.12339,10292,25.435,16259,2,True,True
HD_155913,-1,12,96.799,log,False,0,27.524,5.2378,2.1473,1.195,0.87029,0.17862,0.062218,0.048659,10536,24.6,14587,2,True,True
HD_155913,-1,12,96.799,log,True,1,24.643,5.7627,2.2417,1.1936,0.73826,0.18154,0.065719,0.046576,10481,24.6,14587,2,True,True
HD_155913,-1,12,96.799,lin,False,0,34.865,4.7259,2.0745,1.5221,0.50819,0.086356,0.063349,0.15268,9258.5,24.6,14587,2,True,True
HD_155913,-1,12,96.799,lin,True,1,30.812,5.2986,1.9556,1.0912,0.40319,0.084316,0.05258,0.13914,11355,24.6,14587,2,True,True
HD_155913,-1,39,81.859,log,False,0,22.231,5.8847,2.1258,0.90354,0.63622,0.1827,0.059888,0.044832,12038,27.838,18341,2,True,True
HD_155913,-1,39,81.859,log,True,0,22.231,5.8847,2.1258,0.90354,0.63622,0.1827,0.059888,0.044832,12038,27.838,18341,2,True,True
HD_155913,-1,39,81.859,lin,False,0,26.857,5.6906,2.1422,1.1817,0.3342,0.083351,0.057779,0.11755,11816,27.838,18341,2,True,True
HD_155913,-1,39,81.859,lin,True,0,26.857,5.6906,2.1422,1.1817,0.3342,0.083351,0.057779,0.11755,11816,27.838,18341,2,True,True
HD_156154,-1,12,1176.2,log,False,0,216.1,1.9354,2.7406,14.201,9.7947,0.077293,0.089359,0.12416,6881.4,25.138,16194,2,True,True
HD_156154,-1,12,1176.2,log,True,0,216.1,1.9354,2.7406,14.201,9.7947,0.077293,0.089359,0.12416,6881.4,25.138,16194,2,True,True
HD_156154,-1,12,1176.2,lin,False,0,333.58,1.2389,1.7698,14.422,4.3682,0.025292,0.034702,0.41508,12785,25.138,16194,2,True,True
HD_156154,-1,12,1176.2,lin,True,0,333.58,1.2389,1.7698,14.422,4.3682,0.025292,0.034702,0.41508,12785,25.138,16194,2,True,True
HD_15629,-1,18,131.97,log,False,0,25.905,4.7203,2.6937,1.8373,0.821,0.14004,0.079972,0.03072,8908.9,23.449,14761,2,True,True
HD_15629,-1,18,131.97,log,True,0,25.905,4.7203,2.6937,1.8373,0.821,0.14004,0.079972,0.03072,8908.9,23.449,14761,2,True,True
HD_15629,-1,18,131.97,lin,False,0,40.137,3.2399,1.6789,1.2705,0.57386,0.066548,0.042669,0.13593,11037,23.449,14761,2,True,True
HD_15629,-1,18,131.97,lin,True,0,40.137,3.2399,1.6789,1.2705,0.57386,0.066548,0.042669,0.13593,11037,23.449,14761,2,True,True
HD_156738,-1,12,79.981,log,False,0,21.5,4.1189,2.499,1.119,0.69326,0.12746,0.065259,0.019937,10439,25.138,15849,2,True,True
HD_156738,-1,12,79.981,log,True,0,21.5,4.1189,2.499,1.119,0.69326,0.12746,0.065259,0.019937,10439,25.138,15849,2,True,True
HD_156738,-1,12,79.981,lin,False,0,27.815,3.5576,2.1213,1.1798,0.31729,0.05398,0.04949,0.072743,12178,25.138,15849,2,True,True
HD_156738,-1,12,79.981,lin,True,0,27.815,3.5576,2.1213,1.1798,0.31729,0.05398,0.04949,0.072743,12178,25.138,15849,2,True,True
HD_156738,-1,39,89.863,log,False,0,15.467,4.9499,2.644,1.1012,0.42662,0.12976,0.069716,0.01772,11211,27.858,18553,2,True,True
HD_156738,-1,39,89.863,log,True,0,15.467,4.9499,2.644,1.1012,0.42662,0.12976,0.069716,0.01772,11211,27.858,18553,2,True,True
HD_156738,-1,39,89.863,lin,False,0,25.841,3.147,1.5399,0.50396,0.39299,0.070375,0.039706,0.095585,12004,27.858,18553,2,True,True
HD_156738,-1,39,89.863,lin,True,0,25.841,3.147,1.5399,0.50396,0.39299,0.070375,0.039706,0.095585,12004,27.858,18553,2,True,True
HD_156738,-1,66,60.862,log,False,0,15.395,5.3666,2.6673,0.85853,0.42294,0.13757,0.068193,0.017036,11233,24.853,15320,2,True,True
HD_156738,-1,66,60.862,log,True,0,15.395,5.3666,2.6673,0.85853,0.42294,0.13757,0.068193,0.017036,11233,24.853,15320,2,True,True
HD_156738,-1,66,60.862,lin,False,0,20.885,4.5236,2.1998,0.85537,0.2513,0.068276,0.056964,0.070511,11200,24.853,15320,2,True,True
HD_156738,-1,66,60.862,lin,True,0,20.885,4.5236,2.1998,0.85537,0.2513,0.068276,0.056964,0.070511,11200,24.853,15320,2,True,True
HD_156738,-1,93,79.998,log,False,0,16.872,4.7391,2.6113,1.027,0.51213,0.13622,0.071227,0.018499,10150,24.876,16333,2,True,True
HD_156738,-1,93,79.998,log,True,0,16.872,4.7391,2.6113,1.027,0.51213,0.13622,0.071227,0.018499,10150,24.876,16333,2,True,True
HD_156738,-1,93,79.998,lin,False,0,23.551,3.8587,1.9531,0.86348,0.30394,0.066531,0.049832,0.077954,11220,24.876,16333,2,True,True
HD_156738,-1,93,79.998,lin,True,0,23.551,3.8587,1.9531,0.86348,0.30394,0.066531,0.049832,0.077954,11220,24.876,16333,2,True,True
HD_188209,-1,14,9639.6,log,False,0,2178.3,1.1356,2.8229,112.06,121.39,0.05203,0.097359,0.79864,6107.9,26.85,18367,2,True,True
HD_188209,-1,14,9639.6,log,True,0,2178.3,1.1356,2.8229,112.06,121.39,0.05203,0.097359,0.79864,6107.9,26.85,18367,2,True,True
HD_188209,-1,14,9639.6,lin,False,0,2598.3,1.02,2.5208,129.65,23.563,0.012045,0.0446,1.9777,15747,26.85,18367,2,True,True
HD_188209,-1,14,9639.6,lin,True,0,2598.3,1.02,2.5208,129.65,23.563,0.012045,0.0446,1.9777,15747,26.85,18367,2,True,True
HD_188209,-1,15,6566,log,False,0,1663.5,1.4853,3.0068,80.652,82.219,0.058331,0.098127,0.62247,6874.2,26.044,15063,2,True,True
HD_188209,-1,15,6566,log,True,0,1663.5,1.4853,3.0068,80.652,82.219,0.058331,0.098127,0.62247,6874.2,26.044,15063,2,True,True
HD_188209,-1,15,6566,lin,False,0,2052.7,1.4054,2.789,94.466,19.293,0.016495,0.058357,2.1151,13668,26.044,15063,2,True,True
HD_188209,-1,15,6566,lin,True,0,2052.7,1.4054,2.789,94.466,19.293,0.016495,0.058357,2.1151,13668,26.044,15063,2,True,True
HD_188209,-1,41,9099.1,log,False,0,1818.5,1.1801,2.6838,95.874,107.51,0.059474,0.095888,0.75663,5661,26.589,18321,2,True,True
HD_188209,-1,41,9099.1,log,True,0,1818.5,1.1801,2.6838,95.874,107.51,0.059474,0.095888,0.75663,5661,26.589,18321,2,True,True
HD_188209,-1,41,9099.1,lin,False,0,2458.7,0.9851,2.2179,109.77,30.914,0.017203,0.048093,2.4295,11873,26.589,18321,2,True,True
HD_188209,-1,41,9099.1,lin,True,0,2458.7,0.9851,2.2179,109.77,30.914,0.017203,0.048093,2.4295,11873,26.589,18321,2,True,True
HD_188209,-1,54,6900.6,log,False,0,1682.7,1.2981,2.9406,74.434,90.95,0.055632,0.098121,0.5769,6480.3,26.228,17896,2,True,True
HD_188209,-1,54,6900.6,log,True,0,1682.7,1.2981,2.9406,74.434,90.95,0.055632,0.098121,0.5769,6480.3,26.228,17896,2,True,True
HD_188209,-1,54,6900.6,lin,False,0,1936.1,1.3813,3.4453,91.589,16.957,0.013587,0.080084,1.957,13497,26.228,17896,2,True,True
HD_188209,-1,54,6900.6,lin,True,0,1936.1,1.3813,3.4453,91.589,16.957,0.013587,0.080084,1.957,13497,26.228,17896,2,True,True
HD_189957,-1,41,217.36,log,False,0,45.541,1.471,1.4441,1.8336,3.0324,0.13364,0.049881,0.059631,7737.4,26.589,18320,2,True,True
HD_189957,-1,41,217.36,log,True,0,45.541,1.471,1.4441,1.8336,3.0324,0.13364,0.049881,0.059631,7737.4,26.589,18320,2,True,True
HD_189957,-1,41,217.36,lin,False,0,60.554,1.2187,1.3177,1.9603,1.1514,0.041328,0.030833,0.12273,11644,26.589,18320,2,True,True
HD_189957,-1,41,217.36,lin,True,0,60.554,1.2187,1.3177,1.9603,1.1514,0.041328,0.030833,0.12273,11644,26.589,18320,2,True,True
HD_189957,-1,54,154.92,log,False,0,42.442,2.1633,1.8231,1.5469,2.0626,0.12042,0.050576,0.036975,9430.2,26.23,17894,2,True,True
HD_189957,-1,54,154.92,log,True,0,42.442,2.1633,1.8231,1.5469,2.0626,0.12042,0.050576,0.036975,9430.2,26.23,17894,2,True,True
HD_189957,-1,54,154.92,lin,False,0,49.839,2.3069,2.2676,2.4095,0.54857,0.034616,0.050118,0.085462,12440,26.23,17894,2,True,True
HD_189957,-1,54,154.92,lin,True,0,49.839,2.3069,2.2676,2.4095,0.54857,0.034616,0.050118,0.085462,12440,26.23,17894,2,True,True
HD_189957,-1,55,189.29,log,False,0,39.083,2.1281,1.7462,1.815,1.9328,0.12678,0.052312,0.042414,8892,27.162,18882,2,True,True
HD_189957,-1,55,189.29,log,True,0,39.083,2.1281,1.7462,1.815,1.9328,0.12678,0.052312,0.042414,8892,27.162,18882,2,True,True
HD_189957,-1,55,189.29,lin,False,0,53.61,1.8328,1.8184,2.4187,0.73583,0.038175,0.041483,0.09892,11631,27.162,18882,2,True,True
HD_189957,-1,55,189.29,lin,True,0,53.61,1.8328,1.8184,2.4187,0.73583,0.038175,0.041483,0.09892,11631,27.162,18882,2,True,True
HD_189957,-1,74,177.61,log,False,0,35.014,2.2728,1.8581,1.8324,1.6506,0.12423,0.055736,0.036744,8618.4,26.702,18602,2,True,True
HD_189957,-1,74,177.61,log,True,0,35.014,2.2728,1.8581,1.8324,1.6506,0.12423,0.055736,0.036744,8618.4,26.702,18602,2,True,True
HD_189957,-1,74,177.61,lin,False,0,47.512,1.8107,1.6109,1.9734,0.66318,0.040296,0.034578,0.092759,12700,26.702,18602,2,True,True
HD_189957,-1,74,177.61,lin,True,0,47.512,1.8107,1.6109,1.9734,0.66318,0.040296,0.034578,0.092759,12700,26.702,18602,2,True,True
HD_190864,-1,41,260.88,log,False,0,44.249,4.0237,2.3593,2.5992,1.5105,0.13853,0.066784,0.050263,9796.4,26.589,18318,2,True,True
HD_190864,-1,41,260.88,log,True,0,44.249,4.0237,2.3593,2.5992,1.5105,0.13853,0.066784,0.050263,9796.4,26.589,18318,2,True,True
HD_190864,-1,41,260.88,lin,False,0,82.864,1.9183,1.1743,1e-07,1.5183,0.061553,0.028844,0.278,13330,26.589,18318,2,True,True
HD_190864,-1,41,260.88,lin,True,0,82.864,1.9183,1.1743,1e-07,1.5183,0.061553,0.028844,0.278,13330,26.589,18318,2,True,True
HD_190864,-1,54,316.32,log,False,0,56.668,2.8557,1.9391,3.0379,2.3293,0.13391,0.056285,0.066249,9375.2,26.23,17894,2,True,True
HD_190864,-1,54,316.32,log,True,0,56.668,2.8557,1.9391,3.0379,2.3293,0.13391,0.056285,0.066249,9375.2,26.23,17894,2,True,True
HD_190864,-1,54,316.32,lin,False,0,97.102,1.4737,1.1869,1.2316,1.8136,0.050264,0.02759,0.25357,13128,26.23,17894,2,True,True
HD_190864,-1,54,316.32,lin,True,0,97.102,1.4737,1.1869,1.2316,1.8136,0.050264,0.02759,0.25357,13128,26.23,17894,2,True,True
HD_190864,-1,55,343.6,log,False,0,49.298,3.0889,1.9021,3.0128,2.0572,0.15117,0.060284,0.073293,8780.6,27.162,18881,2,True,True
HD_190864,-1,55,343.6,log,True,0,49.298,3.0889,1.9021,3.0128,2.0572,0.15117,0.060284,0.073293,8780.6,27.162,18881,2,True,True
HD_190864,-1,55,343.6,lin,False,0,101.79,1.2292,1.1041,1.1716,2.3845,0.055237,0.029444,0.29429,11656,27.162,18881,2,True,True
HD_190864,-1,55,343.6,lin,True,0,101.79,1.2292,1.1041,1.1716,2.3845,0.055237,0.029444,0.29429,11656,27.162,18881,2,True,True
HD_190864,-1,74,239.94,log,False,0,49.879,3.069,1.9155,2.2177,2.0233,0.1426,0.054582,0.060173,9947.1,26.704,18781,2,True,True
HD_190864,-1,74,239.94,log,True,0,49.879,3.069,1.9155,2.2177,2.0233,0.1426,0.054582,0.060173,9947.1,26.704,18781,2,True,True
HD_190864,-1,74,239.94,lin,False,0,69.812,2.2698,1.4482,1.5766,0.99513,0.051858,0.031678,0.18427,13625,26.704,18781,2,True,True
HD_190864,-1,74,239.94,lin,True,0,69.812,2.2698,1.4482,1.5766,0.99513,0.051858,0.031678,0.18427,13625,26.704,18781,2,True,True
HD_191423,-1,41,137.61,log,False,0,32.837,6.0252,2.7029,1.2851,0.84535,0.14142,0.063251,0.033669,12998,26.589,18321,2,True,True
HD_191423,-1,41,137.61,log,True,1,33.546,5.7178,2.5753,1.2552,0.91062,0.14593,0.061724,0.035939,12670,26.589,18321,2,True,True
HD_191423,-1,41,137.61,lin,False,0,41.155,5.6733,2.5734,1.5296,0.48177,0.07614,0.07223,0.15582,10817,26.589,18321,2,True,True
HD_191423,-1,41,137.61,lin,True,0,41.155,5.6733,2.5734,1.5296,0.48177,0.07614,0.07223,0.15582,10817,26.589,18321,2,True,True
HD_191423,-1,54,192.22,log,False,0,40.783,4.5927,2.3177,1.8321,1.2989,0.1483,0.061402,0.048139,11026,26.23,17898,2,True,True
HD_191423,-1,54,192.22,log,True,1,41.935,4.3474,2.2412,1.8037,1.3866,0.14869,0.059709,0.049457,10935,26.23,17898,2,True,True
HD_191423,-1,54,192.22,lin,False,0,53.94,4.0004,2.0038,1.849,0.69814,0.068215,0.05224,0.18276,11195,26.23,17898,2,True,True
HD_191423,-1,54,192.22,lin,True,1,53.626,3.9247,2.0854,2.0929,0.65887,0.063223,0.052603,0.16629,11533,26.23,17898,2,True,True
HD_191423,-1,55,198.82,log,False,0,37.142,4.6825,2.2377,1.6893,1.1824,0.15551,0.06063,0.049533,11150,27.162,18877,2,True,True
HD_191423,-1,55,198.82,log,True,1,38.825,4.33,2.1251,1.6394,1.3045,0.15665,0.05809,0.052114,11058,27.162,18877,2,True,True
HD_191423,-1,55,198.82,lin,False,0,54.979,3.5664,1.7066,1.1853,0.84051,0.07623,0.047542,0.21588,10639,27.162,18877,2,True,True
HD_191423,-1,55,198.82,lin,True,1,54.565,3.5153,1.77,1.4527,0.79612,0.071491,0.047808,0.19742,10869,27.162,18877,2,True,True
HD_191423,-1,81,188.99,log,False,0,40.003,4.5448,2.3872,1.9966,1.2393,0.14033,0.062349,0.044623,11130,26.624,18408,2,True,True
HD_191423,-1,81,188.99,log,True,2,38.298,4.5239,2.3348,1.9875,1.2054,0.14457,0.062618,0.046121,10877,26.624,18408,2,True,True
HD_191423,-1,81,188.99,lin,False,0,51.298,4.2611,2.1222,1.9994,0.70179,0.07474,0.060826,0.18946,10038,26.624,18408,2,True,True
HD_191423,-1,81,188.99,lin,True,2,49.985,4.0741,1.9063,1.6415,0.64178,0.069272,0.048145,0.1754,11892,26.624,18408,2,True,True
HD_191612,-1,14,218.9,log,False,0,47.873,1.8458,1.7438,2.7205,2.5366,0.1182,0.055235,0.051088,7854.7,26.85,13808,2,True,True
HD_191612,-1,14,218.9,log,True,0,47.873,1.8458,1.7438,2.7205,2.5366,0.1182,0.055235,0.051088,7854.7,26.85,13808,2,True,True
HD_191612,-1,14,218.9,lin,False,0,68.02,1.3892,1.5533,3.0541,0.96785,0.03259,0.03111,0.10695,13317,26.85,13808,2,True,True
HD_191612,-1,14,218.9,lin,True,0,68.02,1.3892,1.5533,3.0541,0.96785,0.03259,0.03111,0.10695,13317,26.85,13808,2,True,True
HD_191612,-1,15,160.17,log,False,0,31.142,2.5236,1.8476,1.9261,1.6115,0.15492,0.066556,0.045925,6645.9,23.008,13206,2,True,True
HD_191612,-1,15,160.17,log,True,0,31.142,2.5236,1.8476,1.9261,1.6115,0.15492,0.066556,0.045925,6645.9,23.008,13206,2,True,True
HD_191612,-1,15,160.17,lin,False,0,57.308,1.1993,1.1358,1.0217,1.3217,0.052597,0.029916,0.15539,10702,23.008,13206,2,True,True
HD_191612,-1,15,160.17,lin,True,0,57.308,1.1993,1.1358,1.0217,1.3217,0.052597,0.029916,0.15539,10702,23.008,13206,2,True,True
HD_191612,-1,41,244.04,log,False,0,38.954,1.5778,1.4269,2.1469,2.5879,0.14782,0.054664,0.066058,6898.7,26.589,18319,2,True,True
HD_191612,-1,41,244.04,log,True,0,38.954,1.5778,1.4269,2.1469,2.5879,0.14782,0.054664,0.066058,6898.7,26.589,18319,2,True,True
HD_191612,-1,41,244.04,lin,False,0,70.459,0.71501,1.0578,1.8143,1.868,0.038257,0.025508,0.1347,12328,26.589,18319,2,True,True
HD_191612,-1,41,244.04,lin,True,0,70.459,0.71501,1.0578,1.8143,1.868,0.038257,0.025508,0.1347,12328,26.589,18319,2,True,True
HD_191612,-1,54,222.27,log,False,0,47.287,1.5452,1.6627,2.2472,2.8355,0.11339,0.052994,0.045541,7579.7,26.23,17898,2,True,True
HD_191612,-1,54,222.27,log,True,0,47.287,1.5452,1.6627,2.2472,2.8355,0.11339,0.052994,0.045541,7579.7,26.23,17898,2,True,True
HD_191612,-1,54,222.27,lin,False,0,60.911,1.3233,1.5905,2.7046,0.82012,0.029133,0.030216,0.085593,13800,26.23,17898,2,True,True
HD_191612,-1,54,222.27,lin,True,0,60.911,1.3233,1.5905,2.7046,0.82012,0.029133,0.030216,0.085593,13800,26.23,17898,2,True,True
HD_191781,-1,41,1318.5,log,False,0,225.49,0.57831,2.0777,13.836,23.706,0.059541,0.09884,0.11415,3021.3,26.589,18322,2,True,True
HD_191781,-1,41,1318.5,log,True,0,225.49,0.57831,2.0777,13.836,23.706,0.059541,0.09884,0.11415,3021.3,26.589,18322,2,True,True
HD_191781,-1,41,1318.5,lin,False,0,360.42,0.37433,1.6639,16.132,7.5991,0.011677,0.032395,0.19867,12351,26.589,18322,2,True,True
HD_191781,-1,41,1318.5,lin,True,0,360.42,0.37433,1.6639,16.132,7.5991,0.011677,0.032395,0.19867,12351,26.589,18322,2,True,True
HD_191781,-1,54,1220.4,log,False,0,167.54,0.85073,2.1328,13.047,13.566,0.069903,0.095311,0.11045,3613.8,26.228,17896,2,True,True
HD_191781,-1,54,1220.4,log,True,0,167.54,0.85073,2.1328,13.047,13.566,0.069903,0.095311,0.11045,3613.8,26.228,17896,2,True,True
HD_191781,-1,54,1220.4,lin,False,0,356.6,0.33439,1.3687,14.208,9.6398,0.014794,0.026866,0.22311,12283,26.228,17896,2,True,True
HD_191781,-1,54,1220.4,lin,True,0,356.6,0.33439,1.3687,14.208,9.6398,0.014794,0.026866,0.22311,12283,26.228,17896,2,True,True
HD_191781,-1,56,886.76,log,False,0,158.53,0.84021,2.6997,9.7029,11.083,0.049873,0.11442,0.067466,4311.6,27.88,19610,2,True,True
HD_191781,-1,56,886.76,log,True,0,158.53,0.84021,2.6997,9.7029,11.083,0.049873,0.11442,0.067466,4311.6,27.88,19610,2,True,True
HD_191781,-1,56,886.76,lin,False,0,217.5,0.64132,1.9546,10.823,2.5949,0.011058,0.031966,0.13284,15840,27.88,19610,2,True,True
HD_191781,-1,56,886.76,lin,True,0,217.5,0.64132,1.9546,10.823,2.5949,0.011058,0.031966,0.13284,15840,27.88,19610,2,True,True
HD_191781,-1,75,1008.5,log,False,0,144.22,0.90937,2.5298,11.343,10.415,0.059971,0.11639,0.084163,3726.6,27.696,19472,2,True,True
HD_191781,-1,75,1008.5,log,True,0,144.22,0.90937,2.5298,11.343,10.415,0.059971,0.11639,0.084163,3726.6,27.696,19472,2,True,True
HD_191781,-1,75,1008.5,lin,False,0,276.94,0.41733,1.4894,12.25,5.4682,0.013218,0.025871,0.1656,14328,27.696,19472,2,True,True
HD_191781,-1,75,1008.5,lin,True,0,276.94,0.41733,1.4894,12.25,5.4682,0.013218,0.025871,0.1656,14328,27.696,19472,2,True,True
HD_191978,-1,14,42.757,log,False,0,17.824,1.2868,1.3633,0.76683,1.2924,0.13293,0.049715,0.025308,7369.9,26.85,13813,2,True,True
HD_191978,-1,14,42.757,log,True,0,17.824,1.2868,1.3633,0.76683,1.2924,0.13293,0.049715,0.025308,7369.9,26.85,13813,2,True,True
HD_191978,-1,14,42.757,lin,False,0,20.069,1.3921,1.4,0.91378,0.35282,0.042164,0.032599,0.041354,11639,26.85,13813,2,True,True
HD_191978,-1,14,42.757,lin,True,0,20.069,1.3921,1.4,0.91378,0.35282,0.042164,0.032599,0.041354,11639,26.85,13813,2,True,True
HD_191978,-1,15,43.387,log,False,0,19.117,1.2621,1.2822,0.6864,1.5354,0.15122,0.051048,0.0324,6758.2,23.008,13210,2,True,True
HD_191978,-1,15,43.387,log,True,0,19.117,1.2621,1.2822,0.6864,1.5354,0.15122,0.051048,0.0324,6758.2,23.008,13210,2,True,True
HD_191978,-1,15,43.387,lin,False,0,21.312,1.5294,1.4554,0.91286,0.42026,0.050784,0.039904,0.052839,8938.6,23.008,13210,2,True,True
HD_191978,-1,15,43.387,lin,True,0,21.312,1.5294,1.4554,0.91286,0.42026,0.050784,0.039904,0.052839,8938.6,23.008,13210,2,True,True
HD_191978,-1,41,72.62,log,False,0,19.969,1.182,1.5753,0.90639,1.3923,0.10279,0.051706,0.017433,7049.9,26.589,18321,2,True,True
HD_191978,-1,41,72.62,log,True,0,19.969,1.182,1.5753,0.90639,1.3923,0.10279,0.051706,0.017433,7049.9,26.589,18321,2,True,True
HD_191978,-1,41,72.62,lin,False,0,24.779,1.109,1.5456,1.064,0.4581,0.034122,0.03766,0.040704,10098,26.589,18321,2,True,True
HD_191978,-1,41,72.62,lin,True,0,24.779,1.109,1.5456,1.064,0.4581,0.034122,0.03766,0.040704,10098,26.589,18321,2,True,True
HD_191978,-1,54,72.482,log,False,0,35.288,0.36413,1.0234,0.63868,5.9402,0.097126,0.044618,0.037671,6441.3,26.23,17895,2,True,True
HD_191978,-1,54,72.482,log,True,0,35.288,0.36413,1.0234,0.63868,5.9402,0.097126,0.044618,0.037671,6441.3,26.23,17895,2,True,True
HD_191978,-1,54,72.482,lin,False,0,24.716,0.96385,1.5002,1.1801,0.42416,0.027947,0.031853,0.03312,11794,26.23,17895,2,True,True
HD_191978,-1,54,72.482,lin,True,0,24.716,0.96385,1.5002,1.1801,0.42416,0.027947,0.031853,0.03312,11794,26.23,17895,2,True,True
HD_192001,-1,14,5.3021,log,False,0,16.259,1.149,1.1631,0.41565,1.3724,0.15542,0.046722,0.030658,7960.2,26.85,13816,2,True,True
HD_192001,-1,14,5.3021,log,True,0,16.259,1.149,1.1631,0.41565,1.3724,0.15542,0.046722,0.030658,7960.2,26.85,13816,2,True,True
HD_192001,-1,14,5.3021,lin,False,0,17.507,1.4372,1.4848,0.807,0.29015,0.039959,0.034009,0.033912,11614,26.85,13816,2,True,True
HD_192001,-1,14,5.3021,lin,True,0,17.507,1.4372,1.4848,0.807,0.29015,0.039959,0.034009,0.033912,11614,26.85,13816,2,True,True
HD_192001,-1,41,33.8,log,False,0,24.453,0.5572,1.0404,0.31869,3.1619,0.11711,0.042378,0.031408,7805.8,26.589,18318,2,True,True
HD_192001,-1,41,33.8,log,True,1,23.7,0.59626,1.0627,0.33327,2.9363,0.11854,0.042669,0.030176,7771,26.589,18318,2,True,True
HD_192001,-1,41,33.8,lin,False,0,19.724,1.2783,1.7647,0.92703,0.29052,0.029379,0.039119,0.028419,11365,26.589,18318,2,True,True
HD_192001,-1,41,33.8,lin,True,0,19.724,1.2783,1.7647,0.92703,0.29052,0.029379,0.039119,0.028419,11365,26.589,18318,2,True,True
HD_192001,-1,54,0,log,False,0,20.393,0.68436,1.0558,0.28124,2.275,0.12547,0.041688,0.02908,8341.6,26.23,17893,2,True,True
HD_192001,-1,54,0,log,True,0,20.393,0.68436,1.0558,0.28124,2.275,0.12547,0.041688,0.02908,8341.6,26.23,17893,2,True,True
HD_192001,-1,54,0,lin,False,0,15.996,1.5723,1.6882,0.75379,0.23259,0.03613,0.037591,0.027909,11642,26.23,17893,2,True,True
HD_192001,-1,54,0,lin,True,0,15.996,1.5723,1.6882,0.75379,0.23259,0.03613,0.037591,0.027909,11642,26.23,17893,2,True,True
HD_192001,-1,55,137.95,log,False,0,27.592,0.37572,1.0396,1.2666,5.0655,0.11252,0.058647,0.043752,4015.6,27.162,18878,2,True,True
HD_192001,-1,55,137.95,log,True,0,27.592,0.37572,1.0396,1.2666,5.0655,0.11252,0.058647,0.043752,4015.6,27.162,18878,2,True,True
HD_192001,-1,55,137.95,lin,False,0,39.118,0.22628,0.88028,1.29,2.2919,0.0283,0.025282,0.05369,10998,27.162,18878,2,True,True
HD_192001,-1,55,137.95,lin,True,0,39.118,0.22628,0.88028,1.29,2.2919,0.0283,0.025282,0.05369,10998,27.162,18878,2,True,True
HD_192281,-1,14,325.89,log,False,0,85.85,4.2414,2.4875,4.1552,2.6505,0.12571,0.061827,0.077032,11443,26.85,13816,2,True,True
HD_192281,-1,14,325.89,log,True,1,73.898,4.723,2.5724,4.1432,2.1801,0.13263,0.066639,0.076676,11137,26.85,13816,2,True,True
HD_192281,-1,14,325.89,lin,False,0,111.15,3.7129,2.3675,5.2996,1.3695,0.058437,0.064005,0.3138,10527,26.85,13816,2,True,True
HD_192281,-1,14,325.89,lin,True,1,89.385,4.4702,2.468,4.995,0.88528,0.054113,0.05609,0.23515,13408,26.85,13816,2,True,True
HD_192281,-1,15,358.65,log,False,0,78.472,4.2463,2.3995,4.4502,2.785,0.15021,0.07166,0.095466,8744.6,23.007,13205,2,True,True
HD_192281,-1,15,358.65,log,True,1,63.09,5.0663,2.646,4.533,2.0268,0.15483,0.082311,0.087626,8516.1,23.007,13205,2,True,True
HD_192281,-1,15,358.65,lin,False,0,121.17,2.9882,1.6328,2.9495,2.04,0.074059,0.047469,0.45523,9212.2,23.007,13205,2,True,True
HD_192281,-1,15,358.65,lin,True,0,121.17,2.9882,1.6328,2.9495,2.04,0.074059,0.047469,0.45523,9212.2,23.007,13205,2,True,True
HD_192281,-1,41,271.48,log,False,0,58.721,5.2972,2.5829,2.448,1.5507,0.1313,0.058963,0.055635,13142,26.589,18317,2,True,True
HD_192281,-1,41,271.48,log,True,0,58.721,5.2972,2.5829,2.448,1.5507,0.1313,0.058963,0.055635,13142,26.589,18317,2,True,True
HD_192281,-1,41,271.48,lin,False,0,75.17,4.5895,2.1587,2.3369,0.81129,0.062147,0.049702,0.23264,13288,26.589,18317,2,True,True
HD_192281,-1,41,271.48,lin,True,0,75.17,4.5895,2.1587,2.3369,0.81129,0.062147,0.049702,0.23264,13288,26.589,18317,2,True,True
HD_192281,-1,54,338.99,log,False,0,64.617,4.5651,2.3589,3.2876,1.9508,0.13879,0.060573,0.073349,11385,26.23,17893,2,True,True
HD_192281,-1,54,338.99,log,True,0,64.617,4.5651,2.3589,3.2876,1.9508,0.13879,0.060573,0.073349,11385,26.23,17893,2,True,True
HD_192281,-1,54,338.99,lin,False,0,103.15,3.0207,1.5121,1.1569,1.5651,0.068338,0.038266,0.37051,11973,26.23,17893,2,True,True
HD_192281,-1,54,338.99,lin,True,0,103.15,3.0207,1.5121,1.1569,1.5651,0.068338,0.038266,0.37051,11973,26.23,17893,2,True,True
HD_192639,-1,41,5927.1,log,False,0,896.23,0.8126,2.1062,61.844,73.882,0.067469,0.090122,0.53018,3827.1,26.588,18315,2,True,True
HD_192639,-1,41,5927.1,log,True,0,896.23,0.8126,2.1062,61.844,73.882,0.067469,0.090122,0.53018,3827.1,26.588,18315,2,True,True
HD_192639,-1,41,5927.1,lin,False,0,1607.8,0.43007,1.5716,70.7,32.018,0.01337,0.029375,1.0017,12916,26.588,18315,2,True,True
HD_192639,-1,41,5927.1,lin,True,0,1607.8,0.43007,1.5716,70.7,32.018,0.01337,0.029375,1.0017,12916,26.588,18315,2,True,True
HD_192639,-1,54,2940.8,log,False,0,472.86,1.282,2.405,31.177,28.828,0.073613,0.090209,0.27597,5155.4,26.23,17888,2,True,True
HD_192639,-1,54,2940.8,log,True,0,472.86,1.282,2.405,31.177,28.828,0.073613,0.090209,0.27597,5155.4,26.23,17888,2,True,True
HD_192639,-1,54,2940.8,lin,False,0,778.52,0.79978,1.6969,33.953,10.912,0.017716,0.030593,0.68569,13749,26.23,17888,2,True,True
HD_192639,-1,54,2940.8,lin,True,0,778.52,0.79978,1.6969,33.953,10.912,0.017716,0.030593,0.68569,13749,26.23,17888,2,True,True
HD_192639,-1,55,4040.2,log,False,0,577.21,1.3219,2.634,41.671,33.925,0.069762,0.10501,0.3418,4928.4,27.162,18879,2,True,True
HD_192639,-1,55,4040.2,log,True,0,577.21,1.3219,2.634,41.671,33.925,0.069762,0.10501,0.3418,4928.4,27.162,18879,2,True,True
HD_192639,-1,55,4040.2,lin,False,0,1178.2,0.50082,1.3137,39.495,23.303,0.017439,0.022621,0.93148,14939,27.162,18879,2,True,True
HD_192639,-1,55,4040.2,lin,True,0,1178.2,0.50082,1.3137,39.495,23.303,0.017439,0.022621,0.93148,14939,27.162,18879,2,True,True
HD_192639,-1,75,3015.4,log,False,0,461.64,1.5965,3.0639,34.238,22.158,0.06328,0.11541,0.25285,5951.6,27.696,18957,2,True,True
HD_192639,-1,75,3015.4,log,True,0,461.64,1.5965,3.0639,34.238,22.158,0.06328,0.11541,0.25285,5951.6,27.696,18957,2,True,True
HD_192639,-1,75,3015.4,lin,False,0,837.94,0.83307,1.6094,33.558,12.337,0.019947,0.029523,0.81292,13893,27.696,18957,2,True,True
HD_192639,-1,75,3015.4,lin,True,0,837.94,0.83307,1.6094,33.558,12.337,0.019947,0.029523,0.81292,13893,27.696,18957,2,True,True
HD_193443,-1,41,6839.9,log,False,0,692.16,0.02,0.75005,68.988,2156.9,0.1084,0.21228,2.0905,243.58,26.589,18316,2,False,True
HD_193443,-1,41,6839.9,log,True,0,692.16,0.02,0.75005,68.988,2156.9,0.1084,0.21228,2.0905,243.58,26.589,18316,2,False,True
HD_193443,-1,41,6839.9,lin,False,0,1495.6,0.02,0.96367,85.461,2353.1,0.041636,0.11442,0.96673,806.28,26.589,18316,2,False,True
HD_193443,-1,41,6839.9,lin,True,0,1495.6,0.02,0.96367,85.461,2353.1,0.041636,0.11442,0.96673,806.28,26.589,18316,2,False,True
HD_193443,-1,55,4133.9,log,False,0,1346.9,0.032983,0.99608,41.286,2251.1,0.069025,0.10994,0.73428,859.74,27.162,18878,2,False,True
HD_193443,-1,55,4133.9,log,True,0,1346.9,0.032983,0.99608,41.286,2251.1,0.069025,0.10994,0.73428,859.74,27.162,18878,2,False,True
HD_193443,-1,55,4133.9,lin,False,0,2532.1,0.02,0.99627,49.944,1753.9,0.01758,0.049222,0.60373,3962,27.162,18878,2,False,True
HD_193443,-1,55,4133.9,lin,True,0,2532.1,0.02,0.99627,49.944,1753.9,0.01758,0.049222,0.60373,3962,27.162,18878,2,False,True
HD_193443,-1,75,707.46,log,False,0,135.22,1.1415,1.5129,6.9474,9.9546,0.10915,0.053572,0.13959,6554,27.697,18955,2,True,True
HD_193443,-1,75,707.46,log,True,0,135.22,1.1415,1.5129,6.9474,9.9546,0.10915,0.053572,0.13959,6554,27.697,18955,2,True,True
HD_193443,-1,75,707.46,lin,False,0,207.27,0.70167,1.1914,6.5618,4.4121,0.028277,0.024141,0.27992,13764,27.697,18955,2,True,True
HD_193443,-1,75,707.46,lin,True,0,207.27,0.70167,1.1914,6.5618,4.4121,0.028277,0.024141,0.27992,13764,27.697,18955,2,True,True
HD_193443,-1,81,1738.9,log,False,0,131.77,0.80899,1.455,18.951,14.673,0.1272,0.090038,0.25969,2384.1,26.624,18403,2,True,True
HD_193443,-1,81,1738.9,log,True,0,131.77,0.80899,1.455,18.951,14.673,0.1272,0.090038,0.25969,2384.1,26.624,18403,2,True,True
HD_193443,-1,81,1738.9,lin,False,0,1395.1,0.02,0.81505,19.004,527.3,0.012351,0.030731,0.51155,7744.6,26.624,18403,2,False,True
HD_193443,-1,81,1738.9,lin,True,0,1395.1,0.02,0.81505,19.004,527.3,0.012351,0.030731,0.51155,7744.6,26.624,18403,2,False,True
HD_193514,-1,41,1248,log,False,0,227.53,2.3799,3.0028,13.454,8.9016,0.077122,0.089179,0.11797,8326.1,26.589,18316,2,True,True
HD_193514,-1,41,1248,log,True,0,227.53,2.3799,3.0028,13.454,8.9016,0.077122,0.089179,0.11797,8326.1,26.589,18316,2,True,True
HD_193514,-1,41,1248,lin,False,0,339.1,1.7146,1.9086,12.638,4.0532,0.030581,0.038668,0.50679,13125,26.589,18316,2,True,True
HD_193514,-1,41,1248,lin,True,0,339.1,1.7146,1.9086,12.638,4.0532,0.030581,0.038668,0.50679,13125,26.589,18316,2,True,True
HD_193514,-1,55,1399.6,log,False,0,291.26,1.8936,2.7161,14.702,13.038,0.072994,0.079212,0.13197,8041.7,27.162,18876,2,True,True
HD_193514,-1,55,1399.6,log,True,0,291.26,1.8936,2.7161,14.702,13.038,0.072994,0.079212,0.13197,8041.7,27.162,18876,2,True,True
HD_193514,-1,55,1399.6,lin,False,0,377.88,1.6323,2.2321,16.272,3.6734,0.022086,0.040984,0.43435,15014,27.162,18876,2,True,True
HD_193514,-1,55,1399.6,lin,True,0,377.88,1.6323,2.2321,16.272,3.6734,0.022086,0.040984,0.43435,15014,27.162,18876,2,True,True
HD_193514,-1,81,1032.7,log,False,0,221.35,2.5646,3.1567,11.956,7.9618,0.073509,0.08714,0.10178,9337.8,26.623,18407,2,True,True
HD_193514,-1,81,1032.7,log,True,0,221.35,2.5646,3.1567,11.956,7.9618,0.073509,0.08714,0.10178,9337.8,26.623,18407,2,True,True
HD_193514,-1,81,1032.7,lin,False,0,285.21,2.2699,2.4462,12.524,2.811,0.029543,0.051007,0.43007,13587,26.623,18407,2,True,True
HD_193514,-1,81,1032.7,lin,True,0,285.21,2.2699,2.4462,12.524,2.811,0.029543,0.051007,0.43007,13587,26.623,18407,2,True,True
HD_193514,-1,82,1299.4,log,False,0,268.81,2.027,2.8418,14.42,11.205,0.071301,0.081894,0.12287,8250.9,25.853,18138,2,True,True
HD_193514,-1,82,1299.4,log,True,0,268.81,2.027,2.8418,14.42,11.205,0.071301,0.081894,0.12287,8250.9,25.853,18138,2,True,True
HD_193514,-1,82,1299.4,lin,False,0,343.08,1.7447,2.1793,15.118,3.335,0.023833,0.039686,0.41605,14814,25.853,18138,2,True,True
HD_193514,-1,82,1299.4,lin,True,0,343.08,1.7447,2.1793,15.118,3.335,0.023833,0.039686,0.41605,14814,25.853,18138,2,True,True
HD_193595,-1,14,35.381,log,False,0,11.044,3.0957,1.4263,0.42022,0.5469,0.22066,0.055723,0.03384,8800,26.85,13815,2,True,True
HD_193595,-1,14,35.381,log,True,0,11.044,3.0957,1.4263,0.42022,0.5469,0.22066,0.055723,0.03384,8800,26.85,13815,2,True,True
HD_193595,-1,14,35.381,lin,False,0,12.692,3.123,1.4191,0.51351,0.19905,0.073042,0.036303,0.050751,12506,26.85,13815,2,True,True
HD_193595,-1,14,35.381,lin,True,0,12.692,3.123,1.4191,0.51351,0.19905,0.073042,0.036303,0.050751,12506,26.85,13815,2,True,True
HD_193595,-1,15,49.078,log,False,0,12.435,2.3678,1.2038,0.42888,0.85932,0.26667,0.061311,0.053901,6603.4,23.008,13208,2,True,True
HD_193595,-1,15,49.078,log,True,0,12.435,2.3678,1.2038,0.42888,0.85932,0.26667,0.061311,0.053901,6603.4,23.008,13208,2,True,True
HD_193595,-1,15,49.078,lin,False,0,16.1,1.9914,1.0972,0.39222,0.39201,0.085517,0.035282,0.078475,9823.6,23.008,13208,2,True,True
HD_193595,-1,15,49.078,lin,True,0,16.1,1.9914,1.0972,0.39222,0.39201,0.085517,0.035282,0.078475,9823.6,23.008,13208,2,True,True
HD_193595,-1,41,65.603,log,False,0,10.775,2.4572,1.2444,0.44905,0.69895,0.25408,0.060758,0.044159,7010.9,26.589,18321,2,True,True
HD_193595,-1,41,65.603,log,True,0,10.775,2.4572,1.2444,0.44905,0.69895,0.25408,0.060758,0.044159,7010.9,26.589,18321,2,True,True
HD_193595,-1,41,65.603,lin,False,0,20.744,0.87824,0.81328,1e-07,0.83025,0.079844,0.03023,0.098265,10936,26.589,18321,2,True,True
HD_193595,-1,41,65.603,lin,True,0,20.744,0.87824,0.81328,1e-07,0.83025,0.079844,0.03023,0.098265,10936,26.589,18321,2,True,True
HD_193595,-1,55,58.714,log,False,0,12.424,2.1886,1.1894,0.32192,0.82382,0.23774,0.054411,0.044984,8053.1,27.162,18881,2,True,True
HD_193595,-1,55,58.714,log,True,0,12.424,2.1886,1.1894,0.32192,0.82382,0.23774,0.054411,0.044984,8053.1,27.162,18881,2,True,True
HD_193595,-1,55,58.714,lin,False,0,16.15,1.7959,1.12,0.37525,0.34511,0.068999,0.030917,0.06149,12036,27.162,18881,2,True,True
HD_193595,-1,55,58.714,lin,True,0,16.15,1.7959,1.12,0.37525,0.34511,0.068999,0.030917,0.06149,12036,27.162,18881,2,True,True
HD_193682,-1,41,194.77,log,False,0,35.93,4.0145,2.1535,1.7996,1.2198,0.14585,0.058972,0.04498,10625,26.589,18316,2,True,True
HD_193682,-1,41,194.77,log,True,0,35.93,4.0145,2.1535,1.7996,1.2198,0.14585,0.058972,0.04498,10625,26.589,18316,2,True,True
HD_193682,-1,41,194.77,lin,False,0,56.73,2.6292,1.4163,0.70067,0.87253,0.063191,0.034233,0.18901,12730,26.589,18316,2,True,True
HD_193682,-1,41,194.77,lin,True,0,56.73,2.6292,1.4163,0.70067,0.87253,0.063191,0.034233,0.18901,12730,26.589,18316,2,True,True
HD_193682,-1,55,172.08,log,False,0,32.542,4.4422,2.2862,1.5123,1.0567,0.14775,0.061305,0.038814,10979,27.162,18880,2,True,True
HD_193682,-1,55,172.08,log,True,0,32.542,4.4422,2.2862,1.5123,1.0567,0.14775,0.061305,0.038814,10979,27.162,18880,2,True,True
HD_193682,-1,55,172.08,lin,False,0,47.358,3.3506,1.7601,1.2938,0.63954,0.063857,0.043522,0.15206,12001,27.162,18880,2,True,True
HD_193682,-1,55,172.08,lin,True,0,47.358,3.3506,1.7601,1.2938,0.63954,0.063857,0.043522,0.15206,12001,27.162,18880,2,True,True
HD_193682,-1,75,182.37,log,False,0,35.206,3.9139,2.014,1.6456,1.2015,0.14977,0.054847,0.048115,11219,27.697,18958,2,True,True
HD_193682,-1,75,182.37,log,True,1,30.044,4.5944,2.2011,1.7284,0.93028,0.15182,0.0607,0.043798,11075,27.697,18958,2,True,True
HD_193682,-1,75,182.37,lin,False,0,51.228,2.9872,1.6423,1.4215,0.82879,0.071053,0.046002,0.18417,10305,27.697,18958,2,True,True
HD_193682,-1,75,182.37,lin,True,0,51.228,2.9872,1.6423,1.4215,0.82879,0.071053,0.046002,0.18417,10305,27.697,18958,2,True,True
HD_193682,-1,81,278.41,log,False,0,50.494,2.8164,2.0151,2.8711,2.1726,0.13451,0.061449,0.057616,8572.9,26.624,18407,2,True,True
HD_193682,-1,81,278.41,log,True,1,38.363,3.5422,2.1929,2.9369,1.4574,0.14482,0.070251,0.053756,8303.1,26.624,18407,2,True,True
HD_193682,-1,81,278.41,lin,False,0,79.706,2.0562,1.9911,3.9168,1.5308,0.057273,0.06898,0.22184,6655.8,26.624,18407,2,True,True
HD_193682,-1,81,278.41,lin,True,1,52.922,2.9186,1.9689,3.4246,0.7058,0.05466,0.049916,0.13968,10924,26.624,18407,2,True,True
HD_195592,-1,41,12067,log,False,0,4029.8,0.27249,1.9201,128.04,741.36,0.044836,0.091694,1.0156,2615.7,26.589,18322,2,True,True
HD_195592,-1,41,12067,log,True,0,4029.8,0.27249,1.9201,128.04,741.36,0.044836,0.091694,1.0156,2615.7,26.589,18322,2,True,True
HD_195592,-1,41,12067,lin,False,0,3292.7,0.45946,3.774,162.11,32.333,0.0043971,0.089374,1.7045,13396,26.589,18322,2,True,True
HD_195592,-1,41,12067,lin,True,0,3292.7,0.45946,3.774,162.11,32.333,0.0043971,0.089374,1.7045,13396,26.589,18322,2,True,True
HD_195592,-1,55,16717,log,False,0,5962.9,0.25328,2.1847,176.63,1124.4,0.038416,0.11308,1.2524,2356,27.161,18867,2,True,True
HD_195592,-1,55,16717,log,True,0,5962.9,0.25328,2.1847,176.63,1124.4,0.038416,0.11308,1.2524,2356,27.161,18867,2,True,True
HD_195592,-1,55,16717,lin,False,0,4537.2,0.4138,6.4161,221.45,34.822,0.0023567,0.18072,2.145,14349,27.161,18867,2,True,True
HD_195592,-1,55,16717,lin,True,0,4537.2,0.4138,6.4161,221.45,34.822,0.0023567,0.18072,2.145,14349,27.161,18867,2,True,True
HD_195592,-1,56,11442,log,False,0,3545.8,0.36582,2.2759,125.54,443.59,0.038187,0.10029,0.84903,3288.4,27.88,19605,2,True,True
HD_195592,-1,56,11442,log,True,0,3545.8,0.36582,2.2759,125.54,443.59,0.038187,0.10029,0.84903,3288.4,27.88,19605,2,True,True
HD_195592,-1,56,11442,lin,False,0,3053.4,0.51963,4.814,155.12,22.496,0.0033752,0.10919,1.4865,16257,27.88,19605,2,True,True
HD_195592,-1,56,11442,lin,True,0,3053.4,0.51963,4.814,155.12,22.496,0.0033752,0.10919,1.4865,16257,27.88,19605,2,True,True
HD_195592,-1,76,10270,log,False,0,4147.3,0.26523,1.7877,107.51,745.24,0.043927,0.072902,0.90063,3356.7,27.078,19025,2,True,True
HD_195592,-1,76,10270,log,True,0,4147.3,0.26523,1.7877,107.51,745.24,0.043927,0.072902,0.90063,3356.7,27.078,19025,2,True,True
HD_195592,-1,76,10270,lin,False,0,2528.6,0.57135,3.107,134.98,20.806,0.005234,0.054316,1.1985,17231,27.078,19025,2,True,True
HD_195592,-1,76,10270,lin,True,0,2528.6,0.57135,3.107,134.98,20.806,0.005234,0.054316,1.1985,17231,27.078,19025,2,True,True
HD_201345,-1,55,60.901,log,False,0,19.746,1.8168,1.2991,0.55596,1.2436,0.17255,0.047686,0.040028,8941.6,27.163,15642,2,True,True
HD_201345,-1,55,60.901,log,True,0,19.746,1.8168,1.2991,0.55596,1.2436,0.17255,0.047686,0.040028,8941.6,27.163,15642,2,True,True
HD_201345,-1,55,60.901,lin,False,0,21.834,2.0845,1.5155,0.94196,0.34036,0.052085,0.03633,0.056372,11812,27.163,15642,2,True,True
HD_201345,-1,55,60.901,lin,True,0,21.834,2.0845,1.5155,0.94196,0.34036,0.052085,0.03633,0.056372,11812,27.163,15642,2,True,True
HD_201345,-1,82,10.694,log,False,0,17.779,2.1927,1.31,0.15613,1.0476,0.19222,0.045537,0.036292,10145,25.853,18136,2,True,True
HD_201345,-1,82,10.694,log,True,1,17.209,2.2574,1.3087,0.15529,0.98662,0.19326,0.045292,0.036206,10318,25.853,18136,2,True,True
HD_201345,-1,82,10.694,lin,False,0,18.328,2.7706,1.9169,0.83725,0.25689,0.055417,0.049846,0.049063,10392,25.853,18136,2,True,True
HD_201345,-1,82,10.694,lin,True,0,18.328,2.7706,1.9169,0.83725,0.25689,0.055417,0.049846,0.049063,10392,25.853,18136,2,True,True
HD_202124,-1,55,4056.8,log,False,0,828.5,0.44803,1.8873,42.409,102.84,0.055811,0.085773,0.35648,3091.8,27.163,18878,2,True,True
HD_202124,-1,55,4056.8,log,True,0,828.5,0.44803,1.8873,42.409,102.84,0.055811,0.085773,0.35648,3091.8,27.163,18878,2,True,True
HD_202124,-1,55,4056.8,lin,False,0,983.33,0.42764,1.8512,50.644,16.255,0.010041,0.033816,0.51854,13649,27.163,18878,2,True,True
HD_202124,-1,55,4056.8,lin,True,0,983.33,0.42764,1.8512,50.644,16.255,0.010041,0.033816,0.51854,13649,27.163,18878,2,True,True
HD_202124,-1,56,3892.7,log,False,0,583.42,0.74402,2.3574,42.295,46.768,0.055774,0.10638,0.30552,3629.6,27.88,19607,2,True,True
HD_202124,-1,56,3892.7,log,True,0,583.42,0.74402,2.3574,42.295,46.768,0.055774,0.10638,0.30552,3629.6,27.88,19607,2,True,True
HD_202124,-1,56,3892.7,lin,False,0,1090.4,0.33301,1.4916,46.552,20.553,0.0097274,0.021868,0.4585,17194,27.88,19607,2,True,True
HD_202124,-1,56,3892.7,lin,True,0,1090.4,0.33301,1.4916,46.552,20.553,0.0097274,0.021868,0.4585,17194,27.88,19607,2,True,True
HD_202124,-1,75,2504.3,log,False,0,399.19,0.974,2.7115,27.949,26.308,0.055607,0.11677,0.20097,4301.7,27.697,19471,2,True,True
HD_202124,-1,75,2504.3,log,True,0,399.19,0.974,2.7115,27.949,26.308,0.055607,0.11677,0.20097,4301.7,27.697,19471,2,True,True
HD_202124,-1,75,2504.3,lin,False,0,648.72,0.55945,1.7325,31.104,8.4902,0.011155,0.026266,0.36573,16709,27.697,19471,2,True,True
HD_202124,-1,75,2504.3,lin,True,0,648.72,0.55945,1.7325,31.104,8.4902,0.011155,0.026266,0.36573,16709,27.697,19471,2,True,True
HD_202124,-1,76,3610.6,log,False,0,607.33,0.7995,2.6122,38.324,44.659,0.050973,0.11354,0.26963,4035.1,27.078,19021,2,True,True
HD_202124,-1,76,3610.6,log,True,0,607.33,0.7995,2.6122,38.324,44.659,0.050973,0.11354,0.26963,4035.1,27.078,19021,2,True,True
HD_202124,-1,76,3610.6,lin,False,0,970.4,0.49254,1.8005,43.181,14.121,0.010541,0.029962,0.52987,15026,27.078,19021,2,True,True
HD_202124,-1,76,3610.6,lin,True,0,970.4,0.49254,1.8005,43.181,14.121,0.010541,0.029962,0.52987,15026,27.078,19021,2,True,True
HD_203064,-1,15,5267.9,log,False,0,752.42,3.3879,2.8189,70.47,26.991,0.1114,0.09355,0.75953,7516.9,26.043,12582,2,True,True
HD_203064,-1,15,5267.9,log,True,1,616.26,3.9397,3.0718,70.991,20.758,0.11777,0.1099,0.74183,7080.7,26.043,12582,2,True,True
HD_203064,-1,15,5267.9,lin,False,0,2778.3,0.46737,0.86439,1e-07,139.8,0.053304,0.031097,7.9496,9188.5,26.043,12582,2,True,True
HD_203064,-1,15,5267.9,lin,True,1,3027.6,0.37435,0.8421,1e-07,162.95,0.046178,0.029075,7.5016,9794.1,26.043,12582,2,True,True
HD_203064,-1,16,2793.1,log,False,0,682.43,3.634,2.7798,34.734,23.147,0.10834,0.073161,0.46285,9581.1,23.211,14357,2,True,True
HD_203064,-1,16,2793.1,log,True,0,682.43,3.634,2.7798,34.734,23.147,0.10834,0.073161,0.46285,9581.1,23.211,14357,2,True,True
HD_203064,-1,16,2793.1,lin,False,0,875.5,3.3687,2.4975,38.063,10.606,0.051821,0.0679,2.2125,9826.4,23.211,14357,2,True,True
HD_203064,-1,16,2793.1,lin,True,0,875.5,3.3687,2.4975,38.063,10.606,0.051821,0.0679,2.2125,9826.4,23.211,14357,2,True,True
HD_203064,-1,55,8551.8,log,False,0,859.85,2.2546,2.1913,88.679,41.177,0.11658,0.082227,1.0415,5916.8,27.162,18856,2,True,True
HD_203064,-1,55,8551.8,log,True,0,859.85,2.2546,2.1913,88.679,41.177,0.11658,0.082227,1.0415,5916.8,27.162,18856,2,True,True
HD_203064,-1,55,8551.8,lin,False,0,4317,0.14509,0.76465,21.841,355.27,0.027454,0.024812,6.4669,11412,27.162,18856,2,False,True
HD_203064,-1,55,8551.8,lin,True,0,4317,0.14509,0.76465,21.841,355.27,0.027454,0.024812,6.4669,11412,27.162,18856,2,False,True
HD_203064,-1,56,3131.8,log,False,0,757.15,3.4385,2.8594,33.525,23.532,0.090609,0.065416,0.38253,12011,27.879,19597,2,True,True
HD_203064,-1,56,3131.8,log,True,1,754.7,3.3319,2.7776,33.277,24.052,0.091702,0.063952,0.38975,11851,27.879,19597,2,True,True
HD_203064,-1,56,3131.8,lin,False,0,884.77,3.6016,3.2652,42.579,8.2809,0.038231,0.082682,1.79,12553,27.879,19597,2,True,True
HD_203064,-1,56,3131.8,lin,True,0,884.77,3.6016,3.2652,42.579,8.2809,0.038231,0.082682,1.79,12553,27.879,19597,2,True,True
HD_206183,-1,84,0,log,False,0,2.9341,0.56032,2.4176,0.67211,0.38515,0.075273,0.25644,0.0047291,812.37,25.75,16711,2,True,True
HD_206183,-1,84,0,log,True,0,2.9341,0.56032,2.4176,0.67211,0.38515,0.075273,0.25644,0.0047291,812.37,25.75,16711,2,True,True
HD_206183,-1,84,0,lin,False,0,3.3397,0.66139,5.0038,0.80525,0.062605,0.011064,0.31103,0.0050324,4217,25.75,16711,2,True,True
HD_206183,-1,84,0,lin,True,0,3.3397,0.66139,5.0038,0.80525,0.062605,0.011064,0.31103,0.0050324,4217,25.75,16711,2,True,True
HD_207198,-1,16,4647,log,False,0,839.8,1.7285,2.2598,54.435,45.454,0.09334,0.077575,0.6038,6006.1,23.766,14916,2,True,True
HD_207198,-1,16,4647,log,True,0,839.8,1.7285,2.2598,54.435,45.454,0.09334,0.077575,0.6038,6006.1,23.766,14916,2,True,True
HD_207198,-1,16,4647,lin,False,0,1459.1,0.92307,1.4461,51.408,26.007,0.028303,0.030665,1.9738,11414,23.766,14916,2,True,True
HD_207198,-1,16,4647,lin,True,0,1459.1,0.92307,1.4461,51.408,26.007,0.028303,0.030665,1.9738,11414,23.766,14916,2,True,True
HD_207198,-1,17,2636.1,log,False,0,671.85,2.3397,2.6536,33.561,29.309,0.090196,0.077787,0.36929,7785.8,23.573,14710,2,True,True
HD_207198,-1,17,2636.1,log,True,0,671.85,2.3397,2.6536,33.561,29.309,0.090196,0.077787,0.36929,7785.8,23.573,14710,2,True,True
HD_207198,-1,17,2636.1,lin,False,0,847.23,2.1412,2.6345,41.906,8.6407,0.027956,0.059704,1.2683,11938,23.573,14710,2,True,True
HD_207198,-1,17,2636.1,lin,True,0,847.23,2.1412,2.6345,41.906,8.6407,0.027956,0.059704,1.2683,11938,23.573,14710,2,True,True
HD_207198,-1,24,2334,log,False,0,604.76,2.5532,2.763,26.168,21.871,0.078612,0.066581,0.25941,10556,26.484,17994,2,True,True
HD_207198,-1,24,2334,log,True,0,604.76,2.5532,2.763,26.168,21.871,0.078612,0.066581,0.25941,10556,26.484,17994,2,True,True
HD_207198,-1,24,2334,lin,False,0,685.42,2.5304,2.713,31.124,5.2753,0.024439,0.048207,0.87678,16675,26.484,17994,2,True,True
HD_207198,-1,24,2334,lin,True,0,685.42,2.5304,2.713,31.124,5.2753,0.024439,0.048207,0.87678,16675,26.484,17994,2,True,True
HD_207198,-1,56,2820.2,log,False,0,570.26,2.4131,2.6498,30.881,21.713,0.082059,0.070071,0.30086,9561.7,27.881,19610,2,True,True
HD_207198,-1,56,2820.2,log,True,0,570.26,2.4131,2.6498,30.881,21.713,0.082059,0.070071,0.30086,9561.7,27.881,19610,2,True,True
HD_207198,-1,56,2820.2,lin,False,0,741.38,2.1462,2.2709,33.828,7.3469,0.029096,0.044784,1.0797,14444,27.881,19610,2,True,True
HD_207198,-1,56,2820.2,lin,True,0,741.38,2.1462,2.2709,33.828,7.3469,0.029096,0.044784,1.0797,14444,27.881,19610,2,True,True
HD_207538,-1,84,74.625,log,False,0,30.146,0.85572,1.5757,1.1941,2.4675,0.083837,0.051138,0.019131,6463,25.75,16717,2,True,True
HD_207538,-1,84,74.625,log,True,0,30.146,0.85572,1.5757,1.1941,2.4675,0.083837,0.051138,0.019131,6463,25.75,16717,2,True,True
HD_207538,-1,84,74.625,lin,False,0,33.079,1.0734,1.9256,1.5504,0.48801,0.023685,0.044031,0.04046,10656,25.75,16717,2,True,True
HD_207538,-1,84,74.625,lin,True,0,33.079,1.0734,1.9256,1.5504,0.48801,0.023685,0.044031,0.04046,10656,25.75,16717,2,True,True
HD_209339,-1,56,193.2,log,False,0,40.849,1.7856,1.8492,2.3442,2.1977,0.11053,0.058736,0.037895,7528.2,27.881,19601,2,True,True
HD_209339,-1,56,193.2,log,True,3,33.299,2.0164,1.8779,2.3621,1.7147,0.12102,0.063529,0.037941,7089,27.881,19601,2,True,True
HD_209339,-1,56,193.2,lin,False,0,56.944,1.5275,1.6507,2.5255,1.0031,0.043001,0.043579,0.11817,9577.4,27.881,19601,2,True,True
HD_209339,-1,56,193.2,lin,True,0,56.944,1.5275,1.6507,2.5255,1.0031,0.043001,0.043579,0.11817,9577.4,27.881,19601,2,True,True
HD_209339,-1,58,90.613,log,False,0,33.62,1.7747,1.3765,0.9938,2.0654,0.15593,0.047108,0.054691,9062.2,27.717,18991,2,True,True
HD_209339,-1,58,90.613,log,True,0,33.62,1.7747,1.3765,0.9938,2.0654,0.15593,0.047108,0.054691,9062.2,27.717,18991,2,True,True
HD_209339,-1,58,90.613,lin,False,0,37.309,2.1886,1.7424,1.7156,0.59986,0.053444,0.047025,0.096404,9839.6,27.717,18991,2,True,True
HD_209339,-1,58,90.613,lin,True,0,37.309,2.1886,1.7424,1.7156,0.59986,0.053444,0.047025,0.096404,9839.6,27.717,18991,2,True,True
HD_209339,-1,76,159.9,log,False,0,37.211,1.8427,1.6729,1.8173,2.0479,0.12555,0.053258,0.041679,8082.3,27.077,19023,2,True,True
HD_209339,-1,76,159.9,log,True,1,38.287,1.6465,1.5588,1.747,2.3159,0.1292,0.051782,0.046275,7839.2,27.077,19023,2,True,True
HD_209339,-1,76,159.9,lin,False,0,45.566,1.7237,1.4752,1.7664,0.73718,0.046187,0.034506,0.10328,11810,27.077,19023,2,True,True
HD_209339,-1,76,159.9,lin,True,0,45.566,1.7237,1.4752,1.7664,0.73718,0.046187,0.034506,0.10328,11810,27.077,19023,2,True,True
HD_209339,-1,78,143.9,log,False,0,45.591,1.6801,1.5756,2.0398,3.4476,0.1634,0.065612,0.068386,5026.5,18.05,12670,2,True,True
HD_209339,-1,78,143.9,log,True,0,45.591,1.6801,1.5756,2.0398,3.4476,0.1634,0.065612,0.068386,5026.5,18.05,12670,2,True,True
HD_209339,-1,78,143.9,lin,False,0,57.848,1.6411,1.604,2.4739,1.1052,0.050499,0.04595,0.14132,7536.5,18.05,12670,2,True,True
HD_209339,-1,78,143.9,lin,True,0,57.848,1.6411,1.604,2.4739,1.1052,0.050499,0.04595,0.14132,7536.5,18.05,12670,2,True,True
HD_209975,-1,16,9550.4,log,False,0,2194.7,1.5711,2.6364,117.66,112.12,0.070302,0.084969,1.0276,6548.1,23.766,14897,2,True,True
HD_209975,-1,16,9550.4,log,True,0,2194.7,1.5711,2.6364,117.66,112.12,0.070302,0.084969,1.0276,6548.1,23.766,14897,2,True,True
HD_209975,-1,16,9550.4,lin,False,0,2902.1,1.2688,2.1497,132.54,30.912,0.019183,0.040276,2.9781,13436,23.766,14897,2,True,True
HD_209975,-1,16,9550.4,lin,True,0,2902.1,1.2688,2.1497,132.54,30.912,0.019183,0.040276,2.9781,13436,23.766,14897,2,True,True
HD_209975,-1,17,7621.5,log,False,0,1613.2,1.3958,2.462,96.272,95.816,0.076404,0.08972,0.90081,5319.9,23.658,15070,2,True,True
HD_209975,-1,17,7621.5,log,True,0,1613.2,1.3958,2.462,96.272,95.816,0.076404,0.08972,0.90081,5319.9,23.658,15070,2,True,True
HD_209975,-1,17,7621.5,lin,False,0,2295.7,1.0175,1.7758,102.41,29.837,0.020575,0.033021,2.362,12940,23.658,15070,2,True,True
HD_209975,-1,17,7621.5,lin,True,0,2295.7,1.0175,1.7758,102.41,29.837,0.020575,0.033021,2.362,12940,23.658,15070,2,True,True
HD_209975,-1,24,8814,log,False,0,1823.3,1.5758,2.4391,96.966,91.716,0.073099,0.073853,0.88742,7254.4,26.485,17946,2,True,True
HD_209975,-1,24,8814,log,True,0,1823.3,1.5758,2.4391,96.966,91.716,0.073099,0.073853,0.88742,7254.4,26.485,17946,2,True,True
HD_209975,-1,24,8814,lin,False,0,2445,1.249,1.8785,102.25,27.315,0.021143,0.032961,2.5925,14829,26.485,17946,2,True,True
HD_209975,-1,24,8814,lin,True,0,2445,1.249,1.8785,102.25,27.315,0.021143,0.032961,2.5925,14829,26.485,17946,2,True,True
HD_209975,-1,76,7196.7,log,False,0,1388.2,2.0806,2.6231,74.028,58.983,0.078758,0.074067,0.70171,8463.1,27.077,19021,2,True,True
HD_209975,-1,76,7196.7,log,True,0,1388.2,2.0806,2.6231,74.028,58.983,0.078758,0.074067,0.70171,8463.1,27.077,19021,2,True,True
HD_209975,-1,76,7196.7,lin,False,0,1891.2,1.7153,2.1652,81.734,20.352,0.026028,0.043316,2.5046,13601,27.077,19021,2,True,True
HD_209975,-1,76,7196.7,lin,True,0,1891.2,1.7153,2.1652,81.734,20.352,0.026028,0.043316,2.5046,13601,27.077,19021,2,True,True
HD_210809,-1,84,2635.5,log,False,0,295.36,1.1314,2.4952,30.476,19.71,0.072461,0.12004,0.23709,3543.3,25.748,16715,2,True,True
HD_210809,-1,84,2635.5,log,True,0,295.36,1.1314,2.4952,30.476,19.71,0.072461,0.12004,0.23709,3543.3,25.748,16715,2,True,True
HD_210809,-1,84,2635.5,lin,False,0,845.54,0.2914,1.2773,31.813,28.373,0.016386,0.027272,0.56474,11233,25.748,16715,2,True,True
HD_210809,-1,84,2635.5,lin,True,0,845.54,0.2914,1.2773,31.813,28.373,0.016386,0.027272,0.56474,11233,25.748,16715,2,True,True
HD_210839,-1,16,10656,log,False,0,2719.1,2.2982,3.1378,126.9,109.64,0.072669,0.090433,1.1305,8297.1,23.766,14875,2,True,True
HD_210839,-1,16,10656,log,True,0,2719.1,2.2982,3.1378,126.9,109.64,0.072669,0.090433,1.1305,8297.1,23.766,14875,2,True,True
HD_210839,-1,16,10656,lin,False,0,3250.5,2.0993,2.6188,142.72,27.116,0.022494,0.048226,3.9206,14918,23.766,14875,2,True,True
HD_210839,-1,16,10656,lin,True,0,3250.5,2.0993,2.6188,142.72,27.116,0.022494,0.048226,3.9206,14918,23.766,14875,2,True,True
HD_210839,-1,17,8787.3,log,False,0,1729.4,2.859,3.4274,112.29,62.087,0.079484,0.10742,0.97578,8003.9,23.659,15020,2,True,True
HD_210839,-1,17,8787.3,log,True,1,1486,3.1441,3.6407,112.11,51.3,0.082502,0.12149,0.96697,7684.6,23.659,15020,2,True,True
HD_210839,-1,17,8787.3,lin,False,0,2611.1,2.1226,2.2117,111.31,33.61,0.037834,0.055519,4.9096,10102,23.659,15020,2,True,True
HD_210839,-1,17,8787.3,lin,True,0,2611.1,2.1226,2.2117,111.31,33.61,0.037834,0.055519,4.9096,10102,23.659,15020,2,True,True
HD_210839,-1,24,6139.5,log,False,0,1504.7,3.0331,3.5189,69.117,47.807,0.070916,0.088923,0.58491,10841,26.484,18061,2,True,True
HD_210839,-1,24,6139.5,log,True,0,1504.7,3.0331,3.5189,69.117,47.807,0.070916,0.088923,0.58491,10841,26.484,18061,2,True,True
HD_210839,-1,24,6139.5,lin,False,0,1792.8,2.9613,3.5681,83.263,14.567,0.026511,0.082817,2.78,14030,26.484,18061,2,True,True
HD_210839,-1,24,6139.5,lin,True,0,1792.8,2.9613,3.5681,83.263,14.567,0.026511,0.082817,2.78,14030,26.484,18061,2,True,True
HD_210839,-1,56,8922.8,log,False,0,1778.1,2.6139,3.2175,96.969,61.399,0.07118,0.086777,0.79618,9875.9,27.881,19594,2,True,True
HD_210839,-1,56,8922.8,log,True,0,1778.1,2.6139,3.2175,96.969,61.399,0.07118,0.086777,0.79618,9875.9,27.881,19594,2,True,True
HD_210839,-1,56,8922.8,lin,False,0,2325.7,2.3454,2.5986,104.13,22.219,0.028762,0.055108,3.4854,13870,27.881,19594,2,True,True
HD_210839,-1,56,8922.8,lin,True,0,2325.7,2.3454,2.5986,104.13,22.219,0.028762,0.055108,3.4854,13870,27.881,19594,2,True,True
HD_214680,-1,16,0,log,False,0,382.77,0.12445,0.8674,13.313,169.65,0.094838,0.070006,0.60829,2606.5,23.222,14301,2,False,True
HD_214680,-1,16,0,log,True,0,382.77,0.12445,0.8674,13.313,169.65,0.094838,0.070006,0.60829,2606.5,23.222,14301,2,False,True
HD_214680,-1,16,0,lin,False,0,305.93,0.22935,0.93952,16.753,20.561,0.031289,0.031209,0.43702,7855.6,23.222,14301,2,True,True
HD_214680,-1,16,0,lin,True,0,305.93,0.22935,0.93952,16.753,20.561,0.031289,0.031209,0.43702,7855.6,23.222,14301,2,True,True
HD_216532,-1,17,0,log,False,0,6.9399,4.9855,2.5061,0.90977,0.25239,0.18558,0.10299,0.016595,6001.7,23.367,14597,2,True,True
HD_216532,-1,17,0,log,True,7,6.1899,4.0261,1.8465,0.82251,0.29664,0.24003,0.091831,0.024009,4935,23.367,14597,2,True,True
HD_216532,-1,17,0,lin,False,0,9.1326,4.8093,2.4349,1.0644,0.16519,0.10511,0.10098,0.047021,5868.2,23.367,14597,2,True,True
HD_216532,-1,17,0,lin,True,4,8.8835,3.5974,1.4032,0.68787,0.20935,0.12072,0.055083,0.061446,7219.3,23.367,14597,2,True,True
HD_216532,-1,24,0,log,False,0,5.3048,5.8141,2.5669,0.76112,0.16724,0.18499,0.10002,0.013989,7012,26.485,18206,2,True,True
HD_216532,-1,24,0,log,True,9,3.826,6.557,2.5718,0.75185,0.12338,0.21398,0.1168,0.014605,5835,26.485,18206,2,True,True
HD_216532,-1,24,0,lin,False,0,7.9347,5.1082,2.0139,0.72231,0.18276,0.14455,0.096451,0.059972,5080.1,26.485,18206,2,True,True
HD_216532,-1,24,0,lin,True,4,6.7798,4.7493,1.7443,0.69669,0.13637,0.12168,0.0673,0.045306,7330.9,26.485,18206,2,True,True
HD_216532,-1,84,0,log,False,0,6.849,4.6974,1.9986,0.54813,0.25633,0.2034,0.074131,0.017988,7845.2,25.75,16716,2,True,True
HD_216532,-1,84,0,log,True,14,4.8878,4.3049,1.3734,0.39667,0.26615,0.33592,0.079747,0.036356,5768.6,25.75,16716,2,True,True
HD_216532,-1,84,0,lin,False,0,8.4371,5.0804,2.3697,0.74032,0.15342,0.11085,0.097776,0.046363,6145,25.75,16716,2,True,True
HD_216532,-1,84,0,lin,True,5,7.9486,4.118,1.8233,0.65506,0.15608,0.10753,0.068945,0.044172,6996.6,25.75,16716,2,True,True
HD_216532,-1,85,0,log,False,0,5.3251,5.5085,2.3289,0.61045,0.18045,0.19799,0.089993,0.014446,7152.4,25.488,17728,2,True,True
HD_216532,-1,85,0,log,True,10,4.9141,4.0723,1.5054,0.48567,0.25386,0.29168,0.080259,0.027885,5653.2,25.488,17728,2,True,True
HD_216532,-1,85,0,lin,False,0,6.8402,5.6243,2.3742,0.70705,0.13333,0.12787,0.10599,0.044192,5581.7,25.488,17728,2,True,True
HD_216532,-1,85,0,lin,True,8,6.2468,4.2771,1.3541,0.41359,0.15147,0.13749,0.055192,0.053246,7712.2,25.488,17728,2,True,True
HD_217086,-1,17,198.82,log,False,0,44.928,5.2123,2.1164,2.5677,1.5125,0.19295,0.06892,0.096975,9028.3,23.367,14594,2,True,True
HD_217086,-1,17,198.82,log,True,0,44.928,5.2123,2.1164,2.5677,1.5125,0.19295,0.06892,0.096975,9028.3,23.367,14594,2,True,True
HD_217086,-1,17,198.82,lin,False,0,62.64,4.2953,1.6043,1.4519,1.0142,0.092274,0.047266,0.32257,10187,23.367,14594,2,True,True
HD_217086,-1,17,198.82,lin,True,0,62.64,4.2953,1.6043,1.4519,1.0142,0.092274,0.047266,0.32257,10187,23.367,14594,2,True,True
HD_217086,-1,18,139.89,log,False,0,39.198,5.6563,2.2746,1.8102,1.2177,0.18257,0.067352,0.07012,10034,23.72,15261,2,True,True
HD_217086,-1,18,139.89,log,True,1,36.702,5.9596,2.3464,1.8624,1.0966,0.18179,0.069633,0.067464,10029,23.72,15261,2,True,True
HD_217086,-1,18,139.89,lin,False,0,51.207,5.23,2.3047,2.3824,0.73836,0.090271,0.074445,0.23187,8563.6,23.72,15261,2,True,True
HD_217086,-1,18,139.89,lin,True,0,51.207,5.23,2.3047,2.3824,0.73836,0.090271,0.074445,0.23187,8563.6,23.72,15261,2,True,True
HD_217086,-1,24,192.4,log,False,0,50.059,3.9435,1.7296,1.3978,1.8893,0.18481,0.05158,0.096097,11151,26.485,18201,2,True,True
HD_217086,-1,24,192.4,log,True,0,50.059,3.9435,1.7296,1.3978,1.8893,0.18481,0.05158,0.096097,11151,26.485,18201,2,True,True
HD_217086,-1,24,192.4,lin,False,0,56.738,4.0374,1.8347,2.111,0.72739,0.069153,0.045311,0.20134,12297,26.485,18201,2,True,True
HD_217086,-1,24,192.4,lin,True,0,56.738,4.0374,1.8347,2.111,0.72739,0.069153,0.045311,0.20134,12297,26.485,18201,2,True,True
HD_217086,-1,84,239.97,log,False,0,54.972,3.8594,1.8171,2.0927,2.1296,0.18001,0.055874,0.099869,10072,25.75,16716,2,True,True
HD_217086,-1,84,239.97,log,True,1,46.868,4.5128,1.9447,2.2215,1.6856,0.18799,0.061679,0.094926,9722.5,25.75,16716,2,True,True
HD_217086,-1,84,239.97,lin,False,0,69.499,3.4424,1.744,2.6335,1.004,0.069878,0.046133,0.24621,10931,25.75,16716,2,True,True
HD_217086,-1,84,239.97,lin,True,0,69.499,3.4424,1.744,2.6335,1.004,0.069878,0.046133,0.24621,10931,25.75,16716,2,True,True
HD_218195,-1,57,143.08,log,False,0,24.91,2.1943,1.5989,1.3376,1.2856,0.14837,0.053709,0.038973,8462.6,28.76,17989,2,True,True
HD_218195,-1,57,143.08,log,True,0,24.91,2.1943,1.5989,1.3376,1.2856,0.14837,0.053709,0.038973,8462.6,28.76,17989,2,True,True
HD_218195,-1,57,143.08,lin,False,0,41.358,1.2322,1.1545,0.93263,0.83968,0.047124,0.027184,0.10003,13268,28.76,17989,2,True,True
HD_218195,-1,57,143.08,lin,True,0,41.358,1.2322,1.1545,0.93263,0.83968,0.047124,0.027184,0.10003,13268,28.76,17989,2,True,True
HD_218195,-1,84,115.08,log,False,0,27.648,2.0469,1.6415,1.2054,1.4539,0.13569,0.051415,0.034029,8570.1,25.75,16718,2,True,True
HD_218195,-1,84,115.08,log,True,0,27.648,2.0469,1.6415,1.2054,1.4539,0.13569,0.051415,0.034029,8570.1,25.75,16718,2,True,True
HD_218195,-1,84,115.08,lin,False,0,33.004,1.9521,1.5344,1.3028,0.44974,0.042832,0.03186,0.069419,13402,25.75,16718,2,True,True
HD_218195,-1,84,115.08,lin,True,0,33.004,1.9521,1.5344,1.3028,0.44974,0.042832,0.03186,0.069419,13402,25.75,16718,2,True,True
HD_218195,-1,85,162.41,log,False,0,24.301,2.1063,1.5146,1.5178,1.4798,0.17653,0.061813,0.051451,6433.7,25.487,17730,2,True,True
HD_218195,-1,85,162.41,log,True,0,24.301,2.1063,1.5146,1.5178,1.4798,0.17653,0.061813,0.051451,6433.7,25.487,17730,2,True,True
HD_218195,-1,85,162.41,lin,False,0,47.088,0.92279,1.0858,1.2382,1.2481,0.048357,0.029321,0.11589,10748,25.487,17730,2,True,True
HD_218195,-1,85,162.41,lin,True,0,47.088,0.92279,1.0858,1.2382,1.2481,0.048357,0.029321,0.11589,10748,25.487,17730,2,True,True
HD_218915,-1,16,2235.3,log,False,0,451.04,1.2436,2.7166,29.063,26.973,0.064492,0.10723,0.23302,4819.5,22.834,13540,2,True,True
HD_218915,-1,16,2235.3,log,True,0,451.04,1.2436,2.7166,29.063,26.973,0.064492,0.10723,0.23302,4819.5,22.834,13540,2,True,True
HD_218915,-1,16,2235.3,lin,False,0,732.23,0.69954,1.5664,28.905,11.348,0.017749,0.027907,0.62671,13004,22.834,13540,2,True,True
HD_218915,-1,16,2235.3,lin,True,0,732.23,0.69954,1.5664,28.905,11.348,0.017749,0.027907,0.62671,13004,22.834,13540,2,True,True
HD_218915,-1,17,1037.3,log,False,0,229.99,2.1305,3.2747,14.194,9.6861,0.070396,0.11035,0.11642,6927.3,23.262,13132,2,True,True
HD_218915,-1,17,1037.3,log,True,1,231.81,2.1113,3.2255,14.054,9.9153,0.07136,0.10847,0.11715,6881.6,23.262,13132,2,True,True
HD_218915,-1,17,1037.3,lin,False,0,336.6,1.6637,2.3506,15.254,3.9008,0.026184,0.053758,0.46956,11123,23.262,13132,2,True,True
HD_218915,-1,17,1037.3,lin,True,0,336.6,1.6637,2.3506,15.254,3.9008,0.026184,0.053758,0.46956,11123,23.262,13132,2,True,True
HD_218915,-1,84,1803.1,log,False,0,401.45,1.3059,2.4998,21.102,22.519,0.065693,0.082057,0.17848,6263.9,25.749,16717,2,True,True
HD_218915,-1,84,1803.1,log,True,0,401.45,1.3059,2.4998,21.102,22.519,0.065693,0.082057,0.17848,6263.9,25.749,16717,2,True,True
HD_218915,-1,84,1803.1,lin,False,0,525.39,1.1249,2.3209,25.05,5.6037,0.016355,0.045562,0.49618,13443,25.749,16717,2,True,True
HD_218915,-1,84,1803.1,lin,True,0,525.39,1.1249,2.3209,25.05,5.6037,0.016355,0.045562,0.49618,13443,25.749,16717,2,True,True
HD_224990,-1,2,318.39,log,False,0,63.017,1.3043,2.9915,4.1924,3.3614,0.057153,0.11533,0.030189,5518.5,27.406,18288,2,True,True
HD_224990,-1,2,318.39,log,True,6,28.124,1.3416,2.8099,4.0918,1.6552,0.073618,0.15093,0.028975,3295.5,27.406,18288,2,True,True
HD_224990,-1,2,318.39,lin,False,0,112.04,1.141,5.6191,5.4513,1.6277,0.014577,0.31243,0.19341,5792.4,27.406,18288,2,True,True
HD_224990,-1,2,318.39,lin,True,2,66.257,1.3591,5.6348,5.059,0.83355,0.015126,0.27475,0.11015,7126,27.406,18288,2,True,True
HD_224990,-1,29,366.71,log,False,0,108.32,1.024,3.0226,5.8244,7.2587,0.054132,0.13266,0.04533,4239.8,23.821,14084,2,True,True
HD_224990,-1,29,366.71,log,True,1,93.99,1.0804,2.8063,5.7918,6.1399,0.0593,0.11954,0.045366,4318.9,23.821,14084,2,True,True
HD_224990,-1,29,366.71,lin,False,0,158.09,1.025,6.3825,7.5914,2.2164,0.011846,0.37242,0.25524,5701.2,23.821,14084,2,True,True
HD_224990,-1,29,366.71,lin,True,3,158.84,1.0152,6.6719,7.4048,2.1833,0.011265,0.39346,0.25278,5795.6,23.821,14084,2,True,True
HD_224990,-1,69,305.13,log,False,0,116.16,0.97442,1.7878,4.6766,8.9573,0.082056,0.058632,0.063891,5892.1,23.876,14781,2,True,True
HD_224990,-1,69,305.13,log,True,4,70.491,0.67275,1.6124,4.6233,7.4271,0.085056,0.071585,0.057016,3616.8,23.876,14781,2,True,True
HD_224990,-1,69,305.13,lin,False,0,154.64,1.1458,4.5292,7.4152,2.3479,0.01696,0.22397,0.26257,5708.4,23.876,14781,2,True,True
HD_224990,-1,69,305.13,lin,True,3,76.424,1.3693,24.612,6.8195,0.75572,0.0060978,2.3435,0.12527,7482.6,23.876,14781,2,True,True
HD_224990,-1,96,450.37,log,False,0,123.09,1.0873,3.2764,5.814,7.4122,0.048632,0.13296,0.042892,5033,24.231,14656,2,True,True
HD_224990,-1,96,450.37,log,True,3,82.841,0.96691,2.886,5.9008,5.8508,0.057045,0.14093,0.044729,3548.9,24.231,14656,2,True,True
HD_224990,-1,96,450.37,lin,False,0,154.96,1.0957,4.6228,7.2908,1.7644,0.012016,0.17354,0.19305,8585.9,24.231,14656,2,True,True
HD_224990,-1,96,450.37,lin,True,1,155.13,1.0892,4.8001,7.2011,1.737,0.011533,0.18232,0.1916,8659.7,24.231,14656,2,True,True
HD_225146,-1,17,1221.3,log,False,0,304.41,0.66668,2.0512,15.854,29.448,0.063303,0.08734,0.14411,3564,23.02,12871,2,True,True
HD_225146,-1,17,1221.3,log,True,1,315.05,0.63724,1.9883,15.573,31.933,0.064206,0.084282,0.14732,3546.2,23.02,12871,2,True,True
HD_225146,-1,17,1221.3,lin,False,0,407.65,0.55587,1.9099,18.807,6.2662,0.01234,0.037472,0.27464,11795,23.02,12871,2,True,True
HD_225146,-1,17,1221.3,lin,True,0,407.65,0.55587,1.9099,18.807,6.2662,0.01234,0.037472,0.27464,11795,23.02,12871,2,True,True
HD_225146,-1,18,2785.2,log,False,0,551.85,0.34338,1.8528,34.074,93.322,0.058525,0.10948,0.28385,1890.2,23.719,15272,2,True,True
HD_225146,-1,18,2785.2,log,True,0,551.85,0.34338,1.8528,34.074,93.322,0.058525,0.10948,0.28385,1890.2,23.719,15272,2,True,True
HD_225146,-1,18,2785.2,lin,False,0,782.34,0.2911,1.8887,40.741,21.795,0.010598,0.047779,0.41058,8885,23.719,15272,2,True,True
HD_225146,-1,18,2785.2,lin,True,0,782.34,0.2911,1.8887,40.741,21.795,0.010598,0.047779,0.41058,8885,23.719,15272,2,True,True
HD_225146,-1,57,2928.3,log,False,0,454.67,0.35962,1.8353,32.698,67.154,0.054998,0.10075,0.24164,2242,28.759,17988,2,True,True
HD_225146,-1,57,2928.3,log,True,0,454.67,0.35962,1.8353,32.698,67.154,0.054998,0.10075,0.24164,2242,28.759,17988,2,True,True
HD_225146,-1,57,2928.3,lin,False,0,859.92,0.16377,1.3402,36.726,42.088,0.011542,0.02831,0.31967,11811,28.759,17988,2,True,True
HD_225146,-1,57,2928.3,lin,True,0,859.92,0.16377,1.3402,36.726,42.088,0.011542,0.02831,0.31967,11811,28.759,17988,2,True,True
HD_225146,-1,58,970.48,log,False,0,196.73,0.96818,2.5034,10.467,12.63,0.054879,0.089417,0.078245,5438.5,27.716,19061,2,True,True
HD_225146,-1,58,970.48,log,True,0,196.73,0.96818,2.5034,10.467,12.63,0.054879,0.089417,0.078245,5438.5,27.716,19061,2,True,True
HD_225146,-1,58,970.48,lin,False,0,255.46,0.79368,2.0113,11.825,2.6495,0.011901,0.031266,0.16805,16881,27.716,19061,2,True,True
HD_225146,-1,58,970.48,lin,True,0,255.46,0.79368,2.0113,11.825,2.6495,0.011901,0.031266,0.16805,16881,27.716,19061,2,True,True
HD_225160,-1,84,1080.6,log,False,0,194.79,1.5196,2.8585,12.532,10.24,0.067657,0.10598,0.10188,5676.9,25.75,16717,2,True,True
HD_225160,-1,84,1080.6,log,True,0,194.79,1.5196,2.8585,12.532,10.24,0.067657,0.10598,0.10188,5676.9,25.75,16717,2,True,True
HD_225160,-1,84,1080.6,lin,False,0,314.96,0.99176,1.9053,13.572,4.0589,0.019183,0.037029,0.3133,12838,25.75,16717,2,True,True
HD_225160,-1,84,1080.6,lin,True,0,314.96,0.99176,1.9053,13.572,4.0589,0.019183,0.037029,0.3133,12838,25.75,16717,2,True,True
HD_225160,-1,85,986.24,log,False,0,277.04,1.317,2.4508,13.273,15.442,0.066085,0.076623,0.11606,6643.1,25.489,12518,2,True,True
HD_225160,-1,85,986.24,log,True,0,277.04,1.317,2.4508,13.273,15.442,0.066085,0.076623,0.11606,6643.1,25.489,12518,2,True,True
HD_225160,-1,85,986.24,lin,False,0,335.23,1.2475,2.2927,15.379,3.5398,0.018106,0.044843,0.33937,13459,25.489,12518,2,True,True
HD_225160,-1,85,986.24,lin,True,0,335.23,1.2475,2.2927,15.379,3.5398,0.018106,0.044843,0.33937,13459,25.489,12518,2,True,True
HD_228841,-1,14,63.151,log,False,0,16.682,3.9349,1.5969,0.52566,0.666,0.20757,0.053631,0.043653,10433,26.85,13812,2,True,True
HD_228841,-1,14,63.151,log,True,0,16.682,3.9349,1.5969,0.52566,0.666,0.20757,0.053631,0.043653,10433,26.85,13812,2,True,True
HD_228841,-1,14,63.151,lin,False,0,20.018,3.8358,1.6118,0.67413,0.31922,0.084368,0.046102,0.090993,10746,26.85,13812,2,True,True
HD_228841,-1,14,63.151,lin,True,0,20.018,3.8358,1.6118,0.67413,0.31922,0.084368,0.046102,0.090993,10746,26.85,13812,2,True,True
HD_228841,-1,15,53.433,log,False,0,15.687,5.0569,1.9114,0.60538,0.5578,0.20983,0.062933,0.037852,9428.6,23.008,13207,2,True,True
HD_228841,-1,15,53.433,log,True,1,12.778,6.176,2.1529,0.6847,0.39837,0.20815,0.071065,0.032989,9307.9,23.008,13207,2,True,True
HD_228841,-1,15,53.433,lin,False,0,20.307,4.4156,1.8661,0.8201,0.32896,0.092876,0.059462,0.098135,8652.5,23.008,13207,2,True,True
HD_228841,-1,15,53.433,lin,True,0,20.307,4.4156,1.8661,0.8201,0.32896,0.092876,0.059462,0.098135,8652.5,23.008,13207,2,True,True
HD_228841,-1,41,38.459,log,False,0,12.827,4.9828,1.8901,0.38041,0.41129,0.18691,0.053896,0.025909,11931,26.589,18322,2,True,True
HD_228841,-1,41,38.459,log,True,0,12.827,4.9828,1.8901,0.38041,0.41129,0.18691,0.053896,0.025909,11931,26.589,18322,2,True,True
HD_228841,-1,41,38.459,lin,False,0,14.532,5.2171,2.1847,0.67452,0.18054,0.078312,0.059041,0.057978,11286,26.589,18322,2,True,True
HD_228841,-1,41,38.459,lin,True,0,14.532,5.2171,2.1847,0.67452,0.18054,0.078312,0.059041,0.057978,11286,26.589,18322,2,True,True
HD_228841,-1,55,39.121,log,False,0,11.242,5.4442,1.946,0.33323,0.35163,0.19513,0.056762,0.024423,11838,27.162,18882,2,True,True
HD_228841,-1,55,39.121,log,True,0,11.242,5.4442,1.946,0.33323,0.35163,0.19513,0.056762,0.024423,11838,27.162,18882,2,True,True
HD_228841,-1,55,39.121,lin,False,0,13.402,5.3644,2.0418,0.51286,0.17904,0.086482,0.057382,0.061073,11081,27.162,18882,2,True,True
HD_228841,-1,55,39.121,lin,True,0,13.402,5.3644,2.0418,0.51286,0.17904,0.086482,0.057382,0.061073,11081,27.162,18882,2,True,True
HD_229232,-1,41,75.065,log,False,0,16.548,4.2582,2.0108,0.68108,0.58232,0.16805,0.057865,0.025681,10612,26.589,18321,2,True,True
HD_229232,-1,41,75.065,log,True,2,13.697,4.9814,2.1079,0.68865,0.43544,0.17378,0.061583,0.024612,10697,26.589,18321,2,True,True
HD_229232,-1,41,75.065,lin,False,0,24.265,3.4297,2.0274,1.0203,0.46688,0.089489,0.077335,0.10554,6419.2,26.589,18321,2,True,True
HD_229232,-1,41,75.065,lin,True,2,17.93,4.4371,1.7697,0.54674,0.25357,0.081802,0.047961,0.078349,11441,26.589,18321,2,True,True
HD_229232,-1,55,64.389,log,False,0,16.105,3.9232,1.8529,0.57524,0.58743,0.16945,0.053116,0.026309,11106,27.161,18881,2,True,True
HD_229232,-1,55,64.389,log,True,2,11.961,5.2635,2.0964,0.61891,0.36698,0.17816,0.061626,0.02354,10968,27.161,18881,2,True,True
HD_229232,-1,55,64.389,lin,False,0,23.232,3.2239,2.1541,1.1349,0.4563,0.08514,0.086101,0.095321,5892.5,27.161,18881,2,True,True
HD_229232,-1,55,64.389,lin,True,2,16.581,4.3054,1.6619,0.4263,0.24132,0.082922,0.044773,0.075264,11846,27.161,18881,2,True,True
HD_229232,-1,75,57.186,log,False,0,10.571,6.1447,2.3169,0.58062,0.3016,0.18099,0.068277,0.020976,10954,27.697,19471,2,True,True
HD_229232,-1,75,57.186,log,True,2,8.7381,7.1966,2.6037,0.6338,0.22584,0.17921,0.078762,0.018676,10606,27.697,19471,2,True,True
HD_229232,-1,75,57.186,lin,False,0,15.649,4.7303,1.9085,0.58857,0.27267,0.10444,0.066709,0.085697,8207.5,27.697,19471,2,True,True
HD_229232,-1,75,57.186,lin,True,1,14.402,5.115,1.745,0.35177,0.23694,0.10415,0.055487,0.084353,9960.7,27.697,19471,2,True,True
HD_229232,-1,81,69.875,log,False,0,16.881,3.922,1.8045,0.58602,0.61696,0.17314,0.052282,0.029407,11122,26.624,18410,2,True,True
HD_229232,-1,81,69.875,log,True,1,15.322,4.2301,1.815,0.57475,0.5475,0.18267,0.054494,0.030236,10897,26.624,18410,2,True,True
HD_229232,-1,81,69.875,lin,False,0,19.824,3.9494,1.9332,0.84973,0.283,0.075064,0.054443,0.074561,10267,26.624,18410,2,True,True
HD_229232,-1,81,69.875,lin,True,1,19.446,3.8537,1.6039,0.45214,0.28742,0.078484,0.042455,0.082543,11834,26.624,18410,2,True,True
HD_24912,-1,59,8274.3,log,False,0,1478.9,3.2637,2.8622,94.632,51.758,0.09985,0.081638,1.0395,8877.8,25.004,16330,2,True,True
HD_24912,-1,59,8274.3,log,True,0,1478.9,3.2637,2.8622,94.632,51.758,0.09985,0.081638,1.0395,8877.8,25.004,16330,2,True,True
HD_24912,-1,59,8274.3,lin,False,0,2443.6,1.9956,1.6746,75.216,34.715,0.044124,0.038266,5.2198,11567,25.004,16330,2,True,True
HD_24912,-1,59,8274.3,lin,True,0,2443.6,1.9956,1.6746,75.216,34.715,0.044124,0.038266,5.2198,11567,25.004,16330,2,True,True
HD_24912,-1,86,12106,log,False,0,3302.7,1.8678,2.0508,162.42,165.4,0.098284,0.059537,2.2697,8058.2,26.563,11338,2,True,True
HD_24912,-1,86,12106,log,True,0,3302.7,1.8678,2.0508,162.42,165.4,0.098284,0.059537,2.2697,8058.2,26.563,11338,2,True,True
HD_24912,-1,86,12106,lin,False,0,4224.8,1.7035,2.1807,213.71,48.591,0.027541,0.046834,5.9455,12437,26.563,11338,2,True,True
HD_24912,-1,86,12106,lin,True,0,4224.8,1.7035,2.1807,213.71,48.591,0.027541,0.046834,5.9455,12437,26.563,11338,2,True,True
HD_26912,-1,5,15375,log,False,0,3498.6,0.61606,4.1927,178.83,279.95,0.031073,0.2678,1.1966,2876.3,25.622,17218,2,True,True
HD_26912,-1,5,15375,log,True,0,3498.6,0.61606,4.1927,178.83,279.95,0.031073,0.2678,1.1966,2876.3,25.622,17218,2,True,True
HD_26912,-1,5,15375,lin,False,0,4630.3,0.62348,30,222.73,36.615,0.001937,2.4346,3.9175,10260,25.622,17218,2,True,True
HD_26912,-1,5,15375,lin,True,5,4575.2,0.62718,30,218.52,34.685,0.001869,2.3353,3.7243,10815,25.622,17218,2,True,True
HD_26912,-1,32,16011,log,False,0,3957,0.64456,4.2696,184.85,284.26,0.028682,0.2425,1.1593,3561.5,25.997,17158,2,True,True
HD_26912,-1,32,16011,log,True,0,3957,0.64456,4.2696,184.85,284.26,0.028682,0.2425,1.1593,3561.5,25.997,17158,2,True,True
HD_26912,-1,32,16011,lin,False,0,4647,0.66251,14.942,225.15,33.022,0.0025604,0.73684,3.4248,12492,25.997,17158,2,True,True
HD_26912,-1,32,16011,lin,True,2,4638.5,0.66218,15.313,223.17,32.56,0.0025,0.75684,3.3867,12635,25.997,17158,2,True,True
HD_26912,-1,70,15962,log,False,0,4369.3,0.58524,1.9383,189.42,451.14,0.059916,0.076802,1.7702,3906.4,24.169,15693,2.0002,True,True
HD_26912,-1,70,15962,log,True,1,4558.5,0.374,1.7393,189.4,689.4,0.057918,0.079607,1.822,2913.5,24.169,15693,2.0002,True,True
HD_26912,-1,70,15962,lin,False,0,5232.1,0.61735,30,275.06,43.625,0.0020206,2.5649,4.6399,9389.6,24.169,15693,2.0002,True,True
HD_26912,-1,70,15962,lin,True,24,5026.4,0.61586,30,261.61,38.336,0.0018435,2.3456,4.0715,10497,24.169,15693,2.0002,True,True
HD_26912,-1,71,13408,log,False,0,3286.9,0.6716,2.8501,165.07,282.25,0.04574,0.13967,1.214,3300.3,24,15181,2,True,True
HD_26912,-1,71,13408,log,True,1,2388.2,0.69759,2.9585,163.53,208.14,0.048963,0.17106,1.2043,2646.2,24,15181,2,True,True
HD_26912,-1,71,13408,lin,False,0,4287.7,0.70062,11.955,214.32,44.225,0.0043666,0.75158,4.5953,7796.1,24,15181,2,True,True
HD_26912,-1,71,13408,lin,True,12,4355.7,0.63671,29.278,213.47,39.072,0.0022743,2.6651,4.2276,8524.8,24,15181,2,True,True
HD_27563,-1,5,3007.8,log,False,0,726.21,0.43658,2.6547,34.459,81.94,0.039225,0.14302,0.23469,2622.9,25.74,17364,2,True,True
HD_27563,-1,5,3007.8,log,True,0,726.21,0.43658,2.6547,34.459,81.94,0.039225,0.14302,0.23469,2622.9,25.74,17364,2,True,True
HD_27563,-1,5,3007.8,lin,False,0,894.14,0.48501,4.9624,42.19,9.5194,0.0044404,0.16432,0.6031,10250,25.74,17364,2,True,True
HD_27563,-1,5,3007.8,lin,True,0,894.14,0.48501,4.9624,42.19,9.5194,0.0044404,0.16432,0.6031,10250,25.74,17364,2,True,True
HD_27563,-1,32,4237.7,log,False,0,1084.7,0.34643,3.0826,48.125,141.49,0.031852,0.20286,0.31427,2013,25.95,17225,2,True,True
HD_27563,-1,32,4237.7,log,True,0,1084.7,0.34643,3.0826,48.125,141.49,0.031852,0.20286,0.31427,2013,25.95,17225,2,True,True
HD_27563,-1,32,4237.7,lin,False,0,1225.8,0.39219,15.801,59.062,10.452,0.0016525,0.89695,0.77071,10132,25.95,17225,2,True,True
HD_27563,-1,32,4237.7,lin,True,2,1223.5,0.39437,15.335,58.01,10.142,0.0016386,0.83187,0.7474,10545,25.95,17225,2,True,True
HD_28446,-1,19,1623.2,log,False,0,275.79,2.9026,2.2972,19.04,11.159,0.12001,0.070652,0.27336,7990.9,24.986,16787,2,True,True
HD_28446,-1,19,1623.2,log,True,1,298.88,2.4802,2.1098,18.651,13.172,0.11692,0.064191,0.28501,7975.2,24.986,16787,2,True,True
HD_28446,-1,19,1623.2,lin,False,0,611.17,1.0352,1.0151,1.1278e-06,19.576,0.067049,0.03379,2.184,9064.7,24.986,16787,2,True,True
HD_28446,-1,19,1623.2,lin,True,1,585.45,1.0564,1.1279,6.9254,13.352,0.04643,0.027997,1.3834,11659,24.986,16787,2,True,True
HD_28446,-1,59,1426.2,log,False,0,290.52,3.0525,2.207,15.011,11.654,0.12649,0.063041,0.27335,8950.1,24.932,16248,2,True,True
HD_28446,-1,59,1426.2,log,True,1,322.06,2.517,1.9763,14.477,14.404,0.12385,0.056208,0.29784,8951.4,24.932,16248,2,True,True
HD_28446,-1,59,1426.2,lin,False,0,419.54,2.3675,1.6806,12.916,6.6662,0.057277,0.044649,1.174,9940.8,24.932,16248,2,True,True
HD_28446,-1,59,1426.2,lin,True,1,418.27,2.1838,1.8587,17.272,5.2127,0.040369,0.040412,0.81383,12215,24.932,16248,2,True,True
HD_28446,-1,73,887.24,log,False,0,242.44,3.9538,2.3573,11.565,8.0125,0.12994,0.060722,0.23074,10956,26.849,12109,2,True,True
HD_28446,-1,73,887.24,log,True,1,261.17,3.1939,2.041,10.76,10.057,0.13363,0.054494,0.26355,10509,26.849,12109,2,True,True
HD_28446,-1,73,887.24,lin,False,0,300.42,3.9954,2.0133,9.0951,4.3502,0.076168,0.058861,1.1349,9747.1,26.849,12109,2,True,True
HD_28446,-1,73,887.24,lin,True,1,313.84,3.1421,1.9694,12.13,3.5624,0.049513,0.043013,0.7535,13295,26.849,12109,2,True,True
HD_28446,-1,86,1337.1,log,False,0,332.31,3.6311,2.4415,20.029,11.523,0.1233,0.067698,0.31516,9686.5,26.565,9687,2,True,True
HD_28446,-1,86,1337.1,log,True,1,427.43,2.226,1.8773,18.944,20.219,0.1195,0.053601,0.39066,9042.9,26.565,9687,2,True,True
HD_28446,-1,86,1337.1,lin,False,0,509.92,2.665,1.7174,15.971,7.7536,0.060183,0.045248,1.5076,10494,26.565,9687,2,True,True
HD_28446,-1,86,1337.1,lin,True,1,492.36,2.3626,2.2386,27.243,5.275,0.034638,0.047886,0.8393,13000,26.565,9687,2,True,True
HD_303492,-1,10,1248.1,log,False,0,339.53,0.62353,3.2951,14.578,28.48,0.03722,0.1681,0.10144,3402.5,25.374,16455,2,True,True
HD_303492,-1,10,1248.1,log,True,0,339.53,0.62353,3.2951,14.578,28.48,0.03722,0.1681,0.10144,3402.5,25.374,16455,2,True,True
HD_303492,-1,10,1248.1,lin,False,0,365.65,0.70163,5.3626,17.849,2.8985,0.0048323,0.14997,0.24871,13376,25.374,16455,2,True,True
HD_303492,-1,10,1248.1,lin,True,0,365.65,0.70163,5.3626,17.849,2.8985,0.0048323,0.14997,0.24871,13376,25.374,16455,2,True,True
HD_326331,-1,12,748.31,log,False,0,153.7,2.1416,2.1227,9.4283,7.5964,0.11146,0.068455,0.13418,7015.2,24.6,14864,2,True,True
HD_326331,-1,12,748.31,log,True,0,153.7,2.1416,2.1227,9.4283,7.5964,0.11146,0.068455,0.13418,7015.2,24.6,14864,2,True,True
HD_326331,-1,12,748.31,lin,False,0,223.71,1.5495,1.6484,9.7521,3.1235,0.034569,0.034591,0.37329,12186,24.6,14864,2,True,True
HD_326331,-1,12,748.31,lin,True,0,223.71,1.5495,1.6484,9.7521,3.1235,0.034569,0.034591,0.37329,12186,24.6,14864,2,True,True
HD_34078,-1,19,544.76,log,False,0,344.64,0.10053,1.5331,6.885,187.73,0.048819,0.088189,0.060378,1800.8,24.922,16703,2,False,True
HD_34078,-1,19,544.76,log,True,0,344.64,0.10053,1.5331,6.885,187.73,0.048819,0.088189,0.060378,1800.8,24.922,16703,2,False,True
HD_34078,-1,19,544.76,lin,False,0,150.97,0.27867,2.0328,8.3213,3.4531,0.0078788,0.044413,0.062722,11190,24.922,16703,2,True,True
HD_34078,-1,19,544.76,lin,True,0,150.97,0.27867,2.0328,8.3213,3.4531,0.0078788,0.044413,0.062722,11190,24.922,16703,2,True,True
HD_34078,-1,43,8480.6,log,False,0,11324,0.02,1.8965,98.498,2.3596e+05,0.234,0.48058,0.67905,130.01,24.327,16261,2.0002,False,True
HD_34078,-1,43,8480.6,log,True,0,11324,0.02,1.8965,98.498,2.3596e+05,0.234,0.48058,0.67905,130.01,24.327,16261,2.0002,False,True
HD_34078,-1,43,8480.6,lin,False,0,20730,0.02,2.0879,116.66,1.761e+05,0.087404,0.25303,0.65265,951.48,24.327,16261,2.0002,False,True
HD_34078,-1,43,8480.6,lin,True,0,20730,0.02,2.0879,116.66,1.761e+05,0.087404,0.25303,0.65265,951.48,24.327,16261,2.0002,False,True
HD_34078,-1,44,323.48,log,False,0,178.88,0.15157,1.4515,4.0852,61.527,0.052433,0.07238,0.045303,2410.6,24.241,16236,2.0002,True,True
HD_34078,-1,44,323.48,log,True,0,178.88,0.15157,1.4515,4.0852,61.527,0.052433,0.07238,0.045303,2410.6,24.241,16236,2.0002,True,True
HD_34078,-1,44,323.48,lin,False,0,100.23,0.3921,2.2765,5.237,1.5403,0.0075063,0.046706,0.04908,12172,24.241,16236,2.0002,True,True
HD_34078,-1,44,323.48,lin,True,0,100.23,0.3921,2.2765,5.237,1.5403,0.0075063,0.046706,0.04908,12172,24.241,16236,2.0002,True,True
HD_34078,-1,45,83.01,log,False,0,136.04,0.20046,1.3129,2.8155,33.499,0.056238,0.053601,0.0439,3883.8,24.59,16148,2,True,True
HD_34078,-1,45,83.01,log,True,0,136.04,0.20046,1.3129,2.8155,33.499,0.056238,0.053601,0.0439,3883.8,24.59,16148,2,True,True
HD_34078,-1,45,83.01,lin,False,0,97.363,0.46186,9.1524,4.5162,0.74521,0.0022863,0.33974,0.055654,12340,24.59,16148,2,True,True
HD_34078,-1,45,83.01,lin,True,9,97.047,0.46323,10.066,4.2098,0.65359,0.0019359,0.3505,0.050007,13939,24.59,16148,2,True,True
HD_34656,-1,19,851.57,log,False,0,155.66,3.403,2.6716,10.123,5.4959,0.11056,0.076521,0.12699,8862.6,24.922,16697,2,True,True
HD_34656,-1,19,851.57,log,True,0,155.66,3.403,2.6716,10.123,5.4959,0.11056,0.076521,0.12699,8862.6,24.922,16697,2,True,True
HD_34656,-1,19,851.57,lin,False,0,241.15,2.3465,1.8311,9.3119,3.3288,0.04795,0.044298,0.5578,10921,24.922,16697,2,True,True
HD_34656,-1,19,851.57,lin,True,0,241.15,2.3465,1.8311,9.3119,3.3288,0.04795,0.044298,0.5578,10921,24.922,16697,2,True,True
HD_34656,-1,86,681.84,log,False,0,211.93,3.2262,2.8339,10.161,7.0457,0.091834,0.069597,0.11385,10752,26.566,11790,2,True,True
HD_34656,-1,86,681.84,log,True,0,211.93,3.2262,2.8339,10.161,7.0457,0.091834,0.069597,0.11385,10752,26.566,11790,2,True,True
HD_34656,-1,86,681.84,lin,False,0,256.54,3.1171,2.7229,11.868,2.3437,0.035218,0.058694,0.45537,13815,26.566,11790,2,True,True
HD_34656,-1,86,681.84,lin,True,0,256.54,3.1171,2.7229,11.868,2.3437,0.035218,0.058694,0.45537,13815,26.566,11790,2,True,True
HD_34816,-1,5,1211.3,log,False,0,243.1,1.2009,2.7097,15.153,14.54,0.062052,0.10493,0.11891,5068.8,25.727,17301,2,True,True
HD_34816,-1,5,1211.3,log,True,2,303.63,0.24357,1.3064,13.577,68.084,0.067719,0.067026,0.18187,2793.1,25.727,17301,2,True,True
HD_34816,-1,5,1211.3,lin,False,0,404.02,1.3349,5.976,19.659,8.3781,0.02381,0.50044,1.1119,3077.9,25.727,17301,2,True,True
HD_34816,-1,5,1211.3,lin,True,2,312.81,0.27787,1.3396,16.097,10.396,0.014868,0.028394,0.18673,11149,25.727,17301,2,True,True
HD_34816,-1,32,1296.8,log,False,0,248.51,1.3411,3.2221,15.153,13.509,0.056762,0.13052,0.11372,5251.9,25.893,17589,2,True,True
HD_34816,-1,32,1296.8,log,True,2,521.69,0.094347,1.2156,14.264,289.26,0.059258,0.076454,0.19233,1884.1,25.893,17589,2,False,True
HD_34816,-1,32,1296.8,lin,False,0,401.73,1.3406,5.774,19.487,8.473,0.024717,0.48,1.1176,3029.7,25.893,17589,2,True,True
HD_34816,-1,32,1296.8,lin,True,2,378.93,0.18573,1.4175,17.508,19.777,0.013783,0.036629,0.17878,8673.6,25.893,17589,2,True,True
HD_34816,-1,98,1134,log,False,0,194.2,1.5258,2.5542,11.028,7.0863,0.050019,0.058456,0.067591,13613,57.372,28405,2,True,True
HD_34816,-1,98,1134,log,True,3,168.75,0.405,1.6209,10.417,16.936,0.04595,0.055473,0.070145,5786.6,57.372,28405,2,True,True
HD_34816,-1,98,1134,lin,False,0,305.05,1.5281,4.2819,14.903,4.3754,0.02217,0.19514,0.57483,7462.2,57.372,28405,2,True,True
HD_34816,-1,98,1134,lin,True,3,248.32,0.3203,1.56,12.374,5.1177,0.0098656,0.025324,0.10646,20679,57.372,28405,2,True,True
HD_35468,-1,6,9992.2,log,False,0,3768.3,0.30868,1.5426,127.56,700.04,0.061981,0.070458,1.5197,2920.7,21.772,14543,2,True,True
HD_35468,-1,6,9992.2,log,True,0,3768.3,0.30868,1.5426,127.56,700.04,0.061981,0.070458,1.5197,2920.7,21.772,14543,2,True,True
HD_35468,-1,6,9992.2,lin,False,0,3419.7,0.4648,2.07,162.9,56.508,0.010379,0.04438,2.0973,10644,21.772,14543,2,True,True
HD_35468,-1,6,9992.2,lin,True,0,3419.7,0.4648,2.07,162.9,56.508,0.010379,0.04438,2.0973,10644,21.772,14543,2,True,True
HD_35468,-1,32,10587,log,False,0,3632.1,0.28323,1.4739,136.49,669.32,0.058502,0.065113,1.5162,3267.9,25.914,16946,2,True,True
HD_35468,-1,32,10587,log,True,0,3632.1,0.28323,1.4739,136.49,669.32,0.058502,0.065113,1.5162,3267.9,25.914,16946,2,True,True
HD_35468,-1,32,10587,lin,False,0,3501.6,0.37254,1.8157,170.88,63.561,0.0095004,0.033268,1.6851,13305,25.914,16946,2,True,True
HD_35468,-1,32,10587,lin,True,0,3501.6,0.37254,1.8157,170.88,63.561,0.0095004,0.033268,1.6851,13305,25.914,16946,2,True,True
HD_35468,-1,98,13351,log,False,0,2290.6,0.42184,1.6121,131.34,232.57,0.048499,0.055275,0.96701,5726,52.717,27893,2,True,True
HD_35468,-1,98,13351,log,True,0,2290.6,0.42184,1.6121,131.34,232.57,0.048499,0.055275,0.96701,5726,52.717,27893,2,True,True
HD_35468,-1,98,13351,lin,False,0,3332.8,0.3114,1.5242,157.11,63.567,0.0089605,0.022033,1.2734,23210,52.717,27893,2,True,True
HD_35468,-1,98,13351,lin,True,0,3332.8,0.3114,1.5242,157.11,63.567,0.0089605,0.022033,1.2734,23210,52.717,27893,2,True,True
HD_35912,-1,6,903.92,log,False,0,175.88,1.2525,2.8115,11.541,11.203,0.06788,0.12219,0.097814,4178.1,21.772,14681,2,True,True
HD_35912,-1,6,903.92,log,True,4,139.68,1.3098,2.9901,11.583,8.422,0.066551,0.141,0.091342,3905.8,21.772,14681,2,True,True
HD_35912,-1,6,903.92,lin,False,0,311.6,1.2522,20.604,15.357,3.7646,0.0073804,2.1651,0.58567,5556.3,21.772,14681,2,True,True
HD_35912,-1,6,903.92,lin,True,4,312.32,1.2525,20.407,14.938,3.7448,0.007359,2.1169,0.58218,5624.2,21.772,14681,2,True,True
HD_35912,-1,32,868.4,log,False,0,220.01,0.97559,2.6338,10.04,14.845,0.055346,0.097534,0.079879,5126.5,25.902,17155,2,True,True
HD_35912,-1,32,868.4,log,True,3,197.71,0.97038,2.6887,10.027,13.25,0.054602,0.10424,0.077132,4869.8,25.902,17155,2,True,True
HD_35912,-1,32,868.4,lin,False,0,268.56,1.2783,15.881,13.262,2.2951,0.0060104,1.0178,0.35202,9744.9,25.902,17155,2,True,True
HD_35912,-1,32,868.4,lin,True,2,268.65,1.2786,15.969,13.035,2.2844,0.0059668,1.0216,0.35064,9802.5,25.902,17155,2,True,True
HD_35912,-1,98,768.54,log,False,0,153.79,1.2663,2.296,7.3577,6.5428,0.050577,0.05226,0.049933,12613,52.354,27210,2,True,True
HD_35912,-1,98,768.54,log,True,5,80.724,1.3352,2.4689,7.2656,3.4555,0.054815,0.074195,0.043043,8793.9,52.354,27210,2,True,True
HD_35912,-1,98,768.54,lin,False,0,221.2,1.2893,11.832,11.197,1.7431,0.0063894,0.58704,0.2587,14136,52.354,27210,2,True,True
HD_35912,-1,98,768.54,lin,True,19,164.58,1.3189,10.502,10.117,1.0344,0.0055064,0.38652,0.15272,19671,52.354,27210,2,True,True
HD_36483,-1,86,62.655,log,False,0,19.018,2.4852,1.6528,0.89107,0.93056,0.15528,0.053935,0.029465,8713.1,26.566,11801,2,True,True
HD_36483,-1,86,62.655,log,True,0,19.018,2.4852,1.6528,0.89107,0.93056,0.15528,0.053935,0.029465,8713.1,26.566,11801,2,True,True
HD_36483,-1,86,62.655,lin,False,0,23.844,2.2112,1.5686,1.0564,0.33879,0.049387,0.035378,0.058152,12568,26.566,11801,2,True,True
HD_36483,-1,86,62.655,lin,True,0,23.844,2.2112,1.5686,1.0564,0.33879,0.049387,0.035378,0.058152,12568,26.566,11801,2,True,True
HD_36512,-1,6,0,log,False,0,63.015,0.30985,1.3948,3.1485,13.157,0.07871,0.078473,0.044319,2255.1,21.772,14607,2,True,True
HD_36512,-1,6,0,log,True,1,54.542,0.38525,1.4876,3.1314,9.3907,0.079357,0.08093,0.039915,2354.2,21.772,14607,2,True,True
HD_36512,-1,6,0,lin,False,0,56.175,0.46693,1.6967,3.9984,1.509,0.018957,0.048012,0.052644,7139.1,21.772,14607,2,True,True
HD_36512,-1,6,0,lin,True,1,56.451,0.46765,1.6844,3.8467,1.3091,0.016461,0.040878,0.045712,8730.7,21.772,14607,2,True,True
HD_36512,-1,32,0,log,False,0,44.9,0.41593,1.1863,2.0955,7.1027,0.095462,0.057686,0.048455,4027.9,25.895,17596,2,True,True
HD_36512,-1,32,0,log,True,1,42.114,0.46558,1.2285,2.1166,6.1441,0.097042,0.058808,0.045683,4011,25.895,17596,2,True,True
HD_36512,-1,32,0,lin,False,0,53.191,0.40001,1.1823,2.5057,1.6238,0.022434,0.026273,0.05289,11364,25.895,17596,2,True,True
HD_36512,-1,32,0,lin,True,1,52.874,0.40516,1.1898,2.4906,1.5673,0.022004,0.025938,0.051604,11592,25.895,17596,2,True,True
HD_36512,-1,98,303.95,log,False,0,33.612,0.8362,2.1722,3.4147,1.9001,0.048697,0.074895,0.01842,6476,57.373,28408,2,True,True
HD_36512,-1,98,303.95,log,True,1,32.62,0.87468,2.2337,3.384,1.7934,0.048887,0.077761,0.018147,6466.2,57.373,28408,2,True,True
HD_36512,-1,98,303.95,lin,False,0,73.208,0.31489,1.3325,3.7238,1.5874,0.011245,0.019738,0.034002,23729,57.373,28408,2,True,True
HD_36512,-1,98,303.95,lin,True,1,72.733,0.31945,1.3381,3.677,1.511,0.010924,0.019214,0.032948,24635,57.373,28408,2,True,True
HD_36861,-1,6,8013.1,log,False,0,1420.3,2.6727,1.7057,77.009,72.901,0.17277,0.061888,2.5398,7050.3,21.772,14569,2,True,True
HD_36861,-1,6,8013.1,log,True,0,1420.3,2.6727,1.7057,77.009,72.901,0.17277,0.061888,2.5398,7050.3,21.772,14569,2,True,True
HD_36861,-1,6,8013.1,lin,False,0,2729.1,1.124,1.0494,26.395,68.756,0.056003,0.028646,8.1048,10728,21.772,14569,2,True,True
HD_36861,-1,6,8013.1,lin,True,0,2729.1,1.124,1.0494,26.395,68.756,0.056003,0.028646,8.1048,10728,21.772,14569,2,True,True
HD_36861,-1,98,12342,log,False,0,724.65,2.2894,1.9032,117.08,28.345,0.11058,0.064832,1.1597,8443.3,52.716,27888,2,True,True
HD_36861,-1,98,12342,log,True,0,724.65,2.2894,1.9032,117.08,28.345,0.11058,0.064832,1.1597,8443.3,52.716,27888,2,True,True
HD_36861,-1,98,12342,lin,False,0,6473.1,0.041645,0.67564,59.98,934.98,0.013592,0.020543,5.428,18600,52.716,27888,2,False,True
HD_36861,-1,98,12342,lin,True,0,6473.1,0.041645,0.67564,59.98,934.98,0.013592,0.020543,5.428,18600,52.716,27888,2,False,True
HD_36879,-1,43,733.34,log,False,0,135.75,1.6041,2.2796,8.4137,7.4201,0.086172,0.076685,0.087552,6119.8,24.358,16298,2.0002,True,True
HD_36879,-1,43,733.34,log,True,0,135.75,1.6041,2.2796,8.4137,7.4201,0.086172,0.076685,0.087552,6119.8,24.358,16298,2.0002,True,True
HD_36879,-1,43,733.34,lin,False,0,202.42,1.1158,1.755,9.1712,2.8086,0.024246,0.035325,0.24265,12104,24.358,16298,2.0002,True,True
HD_36879,-1,43,733.34,lin,True,0,202.42,1.1158,1.755,9.1712,2.8086,0.024246,0.035325,0.24265,12104,24.358,16298,2.0002,True,True
HD_36879,-1,44,532.06,log,False,0,111.08,2.0817,2.2686,6.0062,5.1717,0.095869,0.066714,0.073473,7725.6,24.252,16245,2.0002,True,True
HD_36879,-1,44,532.06,log,True,0,111.08,2.0817,2.2686,6.0062,5.1717,0.095869,0.066714,0.073473,7725.6,24.252,16245,2.0002,True,True
HD_36879,-1,44,532.06,lin,False,0,151.52,1.6448,1.8392,6.3146,1.8482,0.030485,0.03676,0.22484,12739,24.252,16245,2.0002,True,True
HD_36879,-1,44,532.06,lin,True,0,151.52,1.6448,1.8392,6.3146,1.8482,0.030485,0.03676,0.22484,12739,24.252,16245,2.0002,True,True
HD_36879,-1,45,581.1,log,False,0,126.06,1.7911,2.2088,6.8126,6.5705,0.093254,0.068986,0.081813,6930.6,24.44,15951,2,True,True
HD_36879,-1,45,581.1,log,True,0,126.06,1.7911,2.2088,6.8126,6.5705,0.093254,0.068986,0.081813,6930.6,24.44,15951,2,True,True
HD_36879,-1,45,581.1,lin,False,0,168.61,1.4734,1.9912,8.0388,2.0287,0.026083,0.040711,0.22122,12342,24.44,15951,2,True,True
HD_36879,-1,45,581.1,lin,True,0,168.61,1.4734,1.9912,8.0388,2.0287,0.026083,0.040711,0.22122,12342,24.44,15951,2,True,True
HD_36879,-1,71,429.83,log,False,0,86.628,2.6399,2.5855,5.1079,3.5185,0.09871,0.076003,0.058779,8044.2,24.077,15054,2.0002,True,True
HD_36879,-1,71,429.83,log,True,0,86.628,2.6399,2.5855,5.1079,3.5185,0.09871,0.076003,0.058779,8044.2,24.077,15054,2.0002,True,True
HD_36879,-1,71,429.83,lin,False,0,125.78,1.934,2.0213,5.6134,1.6179,0.035991,0.046897,0.22179,10941,24.077,15054,2.0002,True,True
HD_36879,-1,71,429.83,lin,True,0,125.78,1.934,2.0213,5.6134,1.6179,0.035991,0.046897,0.22179,10941,24.077,15054,2.0002,True,True
HD_36960,-1,6,0,log,False,0,92.6,0.73614,1.32,9.3507,12.12,0.14204,0.083057,0.18955,2480.4,21.772,14675,2,True,True
HD_36960,-1,6,0,log,True,0,92.6,0.73614,1.32,9.3507,12.12,0.14204,0.083057,0.18955,2480.4,21.772,14675,2,True,True
HD_36960,-1,6,0,lin,False,0,140.78,0.45511,1.131,10.619,5.8722,0.036284,0.035919,0.23477,7062.3,21.772,14675,2,True,True
HD_36960,-1,6,0,lin,True,0,140.78,0.45511,1.131,10.619,5.8722,0.036284,0.035919,0.23477,7062.3,21.772,14675,2,True,True
HD_36960,-1,32,0,log,False,0,48.826,1.3097,1.6387,6.3849,3.8453,0.13631,0.085061,0.091902,3386.5,25.902,17147,2,True,True
HD_36960,-1,32,0,log,True,2,36.876,1.5532,1.5421,6.272,2.9402,0.17574,0.091998,0.10829,2971.8,25.902,17147,2,True,True
HD_36960,-1,32,0,lin,False,0,58.784,1.4455,2.2424,8.2605,1.0725,0.036675,0.076137,0.11519,6651.9,25.902,17147,2,True,True
HD_36960,-1,32,0,lin,True,0,58.784,1.4455,2.2424,8.2605,1.0725,0.036675,0.076137,0.11519,6651.9,25.902,17147,2,True,True
HD_36960,-1,98,3075.5,log,False,0,186,0.55149,1.6688,28.753,18.621,0.068789,0.087398,0.19198,2873.1,52.341,27122,2,True,True
HD_36960,-1,98,3075.5,log,True,0,186,0.55149,1.6688,28.753,18.621,0.068789,0.087398,0.19198,2873.1,52.341,27122,2,True,True
HD_36960,-1,98,3075.5,lin,False,0,607.2,0.13989,1.1837,32.808,42.253,0.014973,0.029745,0.28708,11587,52.341,27122,2,False,True
HD_36960,-1,98,3075.5,lin,True,0,607.2,0.13989,1.1837,32.808,42.253,0.014973,0.029745,0.28708,11587,52.341,27122,2,False,True
HD_37041,-1,6,0,log,False,0,50.102,2.5081,2.3993,9.6852,2.6956,0.14549,0.13122,0.10589,3224.9,21.772,14665,2,True,True
HD_37041,-1,6,0,log,True,1,50.048,2.5259,2.3995,9.5674,2.7198,0.14787,0.1323,0.1068,3183.5,21.772,14665,2,True,True
HD_37041,-1,6,0,lin,False,0,130.57,0.64252,1.0772,8.9768,5.0519,0.049671,0.036493,0.31793,7149.5,21.772,14665,2,True,True
HD_37041,-1,6,0,lin,True,0,130.57,0.64252,1.0772,8.9768,5.0519,0.049671,0.036493,0.31793,7149.5,21.772,14665,2,True,True
HD_37041,-1,32,0,log,False,0,114.54,0.69885,1.2916,8.8241,14.076,0.12591,0.069566,0.1888,3401.6,25.885,17126,2,True,True
HD_37041,-1,32,0,log,True,0,114.54,0.69885,1.2916,8.8241,14.076,0.12591,0.069566,0.1888,3401.6,25.885,17126,2,True,True
HD_37041,-1,32,0,lin,False,0,211.3,0.32106,1.0685,9.9068,9.2779,0.027044,0.028911,0.25299,9472.2,25.885,17126,2,True,True
HD_37041,-1,32,0,lin,True,0,211.3,0.32106,1.0685,9.9068,9.2779,0.027044,0.028911,0.25299,9472.2,25.885,17126,2,True,True
HD_37041,-1,98,1187.2,log,False,0,316.96,0.26313,1.2081,12.403,47.985,0.053116,0.042183,0.15936,6879,52.203,27084,2,True,True
HD_37041,-1,98,1187.2,log,True,0,316.96,0.26313,1.2081,12.403,47.985,0.053116,0.042183,0.15936,6879,52.203,27084,2,True,True
HD_37041,-1,98,1187.2,lin,False,0,305.19,0.37464,1.3782,15.523,6.2574,0.012708,0.021909,0.16753,20847,52.203,27084,2,True,True
HD_37041,-1,98,1187.2,lin,True,0,305.19,0.37464,1.3782,15.523,6.2574,0.012708,0.021909,0.16753,20847,52.203,27084,2,True,True
HD_37042,-1,6,2766.4,log,False,0,251.03,0.12801,1.3455,35.218,184.4,0.11212,0.21308,0.35918,299.97,21.772,14680,2,False,True
HD_37042,-1,6,2766.4,log,True,0,251.03,0.12801,1.3455,35.218,184.4,0.11212,0.21308,0.35918,299.97,21.772,14680,2,False,True
HD_37042,-1,6,2766.4,lin,False,0,1361.3,0.02,1.0995,41.17,1908.9,0.031491,0.093316,0.38824,1364.7,21.772,14680,2,False,True
HD_37042,-1,6,2766.4,lin,True,0,1361.3,0.02,1.0995,41.17,1908.9,0.031491,0.093316,0.38824,1364.7,21.772,14680,2,False,True
HD_37061,-1,6,155.75,log,False,0,50.056,1.4711,2.4135,2.3483,2.9976,0.080471,0.081718,0.024875,5717.9,21.772,14674,2,True,True
HD_37061,-1,6,155.75,log,True,9,50.784,0.54366,1.7368,2.2604,6.0215,0.069055,0.073218,0.025289,3502.2,21.772,14674,2,True,True
HD_37061,-1,6,155.75,lin,False,0,72.983,1.546,6.104,3.4649,1.1404,0.020671,0.39372,0.1659,4694.8,21.772,14674,2,True,True
HD_37061,-1,6,155.75,lin,True,4,51.724,1.5672,3.7501,2.8327,0.71769,0.023494,0.14935,0.092244,6738.9,21.772,14674,2,True,True
HD_37061,-1,32,242.86,log,False,0,64.661,1.1706,2.7614,3.0637,3.8134,0.057097,0.096721,0.024125,5825.3,25.902,17152,2,True,True
HD_37061,-1,32,242.86,log,True,7,95.021,0.34466,1.5041,2.8711,14.773,0.059344,0.057923,0.035661,4138.9,25.902,17152,2,True,True
HD_37061,-1,32,242.86,lin,False,0,84.364,1.4144,6.9397,4.0424,1.0204,0.013759,0.37703,0.14512,6971.9,25.902,17152,2,True,True
HD_37061,-1,32,242.86,lin,True,3,85.02,1.3454,8.9623,3.9901,0.97073,0.010976,0.54291,0.14119,7144.3,25.902,17152,2,True,True
HD_37128,-1,6,2.6148e+05,log,False,0,64781,0.58226,2.0443,3172.7,6869.9,0.059727,0.08985,28.231,3280.4,21.772,14682,2,True,True
HD_37128,-1,6,2.6148e+05,log,True,0,64781,0.58226,2.0443,3172.7,6869.9,0.059727,0.08985,28.231,3280.4,21.772,14682,2,True,True
HD_37128,-1,6,2.6148e+05,lin,False,0,76185,0.57858,2.093,3764.6,1056.2,0.01107,0.041326,50.023,11719,21.772,14682,2,True,True
HD_37128,-1,6,2.6148e+05,lin,True,0,76185,0.57858,2.093,3764.6,1056.2,0.01107,0.041326,50.023,11719,21.772,14682,2,True,True
HD_37128,-1,32,65902,log,False,0,17126,1.14,2.6203,743.42,978.75,0.055101,0.082616,5.7501,6575.8,25.902,17122,2,True,True
HD_37128,-1,32,65902,log,True,0,17126,1.14,2.6203,743.42,978.75,0.055101,0.082616,5.7501,6575.8,25.902,17122,2,True,True
HD_37128,-1,32,65902,lin,False,0,19024,1.2089,2.9705,902.16,156.84,0.012011,0.056594,15.761,15434,25.902,17122,2,True,True
HD_37128,-1,32,65902,lin,True,0,19024,1.2089,2.9705,902.16,156.84,0.012011,0.056594,15.761,15434,25.902,17122,2,True,True
HD_37128,-1,98,1.2422e+05,log,False,0,24587,1.1947,2.7495,1165.8,994.54,0.040107,0.06602,6.4029,12226,52.356,26636,2,True,True
HD_37128,-1,98,1.2422e+05,log,True,0,24587,1.1947,2.7495,1165.8,994.54,0.040107,0.06602,6.4029,12226,52.356,26636,2,True,True
HD_37128,-1,98,1.2422e+05,lin,False,0,28127,1.2176,2.8015,1382.3,179.95,0.0096684,0.039359,17.81,28932,52.356,26636,2,True,True
HD_37128,-1,98,1.2422e+05,lin,True,0,28127,1.2176,2.8015,1382.3,179.95,0.0096684,0.039359,17.81,28932,52.356,26636,2,True,True
HD_37209,-1,6,0,log,False,0,75.967,0.02,0.60978,0.70363,114.23,0.064869,0.092922,0.18772,2228.7,21.772,14682,2,False,True
HD_37209,-1,6,0,log,True,18,62.41,0.10026,1.112,1.4878,34.311,0.068651,0.072934,0.031391,2022.4,21.772,14682,2,False,True
HD_37209,-1,6,0,lin,False,0,35.484,0.34866,0.99921,1.7846,3.28,0.065325,0.058446,0.10857,3107.9,21.772,14682,2,True,True
HD_37209,-1,6,0,lin,True,16,24.12,0.69044,3.6158,2.1716,0.33254,0.010014,0.12694,0.024162,7596.9,21.772,14682,2,True,True
HD_37209,-1,98,0,log,False,0,192.04,0.02,0.79765,0.76385,182.52,0.028327,0.037023,0.049765,8674.7,52.356,27212,2,False,True
HD_37209,-1,98,0,log,True,22,191.39,0.036125,1.0814,1.2076,148.67,0.030558,0.036598,0.017812,7047.7,52.356,27212,2,False,True
HD_37209,-1,98,0,lin,False,0,32.798,0.8013,12.072,2.4213,0.2663,0.0039532,0.60749,0.030046,13667,52.356,27212,2,True,True
HD_37209,-1,98,0,lin,True,26,32.803,0.79887,12.841,2.0232,0.21912,0.0031529,0.55198,0.02491,17813,52.356,27212,2,True,True
HD_37481,-1,6,0,log,False,0,31.059,0.32054,0.92155,0.98615,8.1785,0.15095,0.069955,0.074893,3059.5,21.772,14607,2,True,True
HD_37481,-1,6,0,log,True,14,32.784,0.23587,1.1014,1.3188,9.3464,0.097183,0.071008,0.035685,2437.1,21.772,14607,2,True,True
HD_37481,-1,6,0,lin,False,0,18.142,1.5064,30,2.4946,0.22424,0.0076586,3.9883,0.039672,5197.6,21.772,14607,2,True,True
HD_37481,-1,6,0,lin,True,14,18.56,1.5081,30,2.0778,0.17374,0.0058066,3.0205,0.030755,7714.4,21.772,14607,2,True,True
HD_37481,-1,32,0,log,False,0,26.672,0.49969,0.89483,0.52893,4.7959,0.17182,0.057885,0.076882,5138.5,25.895,17602,2,True,True
HD_37481,-1,32,0,log,True,17,29.08,0.21106,0.81229,0.68819,8.6222,0.12177,0.060112,0.068272,4259.2,25.895,17602,2,True,True
HD_37481,-1,32,0,lin,False,0,18.059,1.5658,7.6414,2.3075,0.25755,0.017233,0.52418,0.039627,5273.8,25.895,17602,2,True,True
HD_37481,-1,32,0,lin,True,16,18.683,1.5774,6.2807,1.8685,0.20202,0.014408,0.28613,0.029926,8360.8,25.895,17602,2,True,True
HD_37481,-1,98,0,log,False,0,29.267,0.22629,0.80192,0.37756,5.8983,0.089541,0.040132,0.047747,10226,57.373,28409,2,True,True
HD_37481,-1,98,0,log,True,27,25.599,0.23935,1.0836,0.825,4.2018,0.057047,0.038701,0.015487,8141.8,57.373,28409,2,True,True
HD_37481,-1,98,0,lin,False,0,17.781,1.186,1.3609,1.1244,0.40609,0.047674,0.038534,0.041121,10870,57.373,28409,2,True,True
HD_37481,-1,98,0,lin,True,23,14.188,1.4899,5.2206,1.3578,0.10037,0.009689,0.136,0.013723,20362,57.373,28409,2,True,True
HD_37711,-1,6,5263.7,log,False,0,1407.1,0.59384,2.294,66.52,142.88,0.053904,0.1049,0.54737,3180.9,21.772,14593,2,True,True
HD_37711,-1,6,5263.7,log,True,3,987.11,0.61485,2.6648,65.698,96.817,0.051144,0.1528,0.49476,2445.1,21.772,14593,2,True,True
HD_37711,-1,6,5263.7,lin,False,0,1732.2,0.70836,6.5259,86.881,23.215,0.0075399,0.35734,2.1306,6061.8,21.772,14593,2,True,True
HD_37711,-1,6,5263.7,lin,True,3,1731.9,0.70265,7.588,83.182,21.488,0.0064607,0.4272,2.0413,6467.4,21.772,14593,2,True,True
HD_37711,-1,43,4780,log,False,0,943.09,0.84977,2.9913,56.386,67.838,0.048675,0.14145,0.4049,3752.3,24.356,16281,2.0002,True,True
HD_37711,-1,43,4780,log,True,0,943.09,0.84977,2.9913,56.386,67.838,0.048675,0.14145,0.4049,3752.3,24.356,16281,2.0002,True,True
HD_37711,-1,43,4780,lin,False,0,1421.5,0.73861,2.9168,67.169,20.902,0.012843,0.090719,1.4467,8178.6,24.356,16281,2.0002,True,True
HD_37711,-1,43,4780,lin,True,0,1421.5,0.73861,2.9168,67.169,20.902,0.012843,0.090719,1.4467,8178.6,24.356,16281,2.0002,True,True
HD_37711,-1,44,5539.7,log,False,0,1188.6,0.60313,2.4096,65.172,113.04,0.050573,0.11381,0.48887,3170.5,24.253,16245,2.0002,True,True
HD_37711,-1,44,5539.7,log,True,1,1328.2,0.51363,2.3579,65.33,141.71,0.047808,0.11353,0.4887,2966.3,24.253,16245,2.0002,True,True
HD_37711,-1,44,5539.7,lin,False,0,1615.1,0.52941,2.4256,78.359,23.579,0.0097375,0.057208,1.0977,10552,24.253,16245,2.0002,True,True
HD_37711,-1,44,5539.7,lin,True,0,1615.1,0.52941,2.4256,78.359,23.579,0.0097375,0.057208,1.0977,10552,24.253,16245,2.0002,True,True
HD_37711,-1,45,4046.1,log,False,0,1058.7,0.72396,2.5089,49.429,88.123,0.051492,0.10529,0.38469,3948.4,24.439,15949,2.0002,True,True
HD_37711,-1,45,4046.1,log,True,1,1140.7,0.6395,2.505,49.615,103.01,0.048619,0.10837,0.38214,3693.8,24.439,15949,2.0002,True,True
HD_37711,-1,45,4046.1,lin,False,0,1201.3,0.8414,3.4293,61.325,14.014,0.010786,0.10022,1.1511,9807.9,24.439,15949,2.0002,True,True
HD_37711,-1,45,4046.1,lin,True,1,1204.9,0.80641,4.2404,62.346,12.629,0.0083238,0.13259,1.0962,10194,24.439,15949,2.0002,True,True
HD_37742,-1,6,1.3323e+05,log,False,0,35186,0.81934,2.1581,1612.5,2888.1,0.06382,0.081354,14.944,4398.4,21.77,14663,2,True,True
HD_37742,-1,6,1.3323e+05,log,True,0,35186,0.81934,2.1581,1612.5,2888.1,0.06382,0.081354,14.944,4398.4,21.77,14663,2,True,True
HD_37742,-1,6,1.3323e+05,lin,False,0,41164,0.78649,2.0753,1891.2,493.53,0.013409,0.038378,31.344,12636,21.77,14663,2,True,True
HD_37742,-1,6,1.3323e+05,lin,True,0,41164,0.78649,2.0753,1891.2,493.53,0.013409,0.038378,31.344,12636,21.77,14663,2,True,True
HD_37742,-1,98,5733.9,log,False,0,1050.9,0.85723,2.1051,58.266,57.845,0.0466,0.056449,0.36862,9246.8,52.355,27134,2,True,True
HD_37742,-1,98,5733.9,log,True,0,1050.9,0.85723,2.1051,58.266,57.845,0.0466,0.056449,0.36862,9246.8,52.355,27134,2,True,True
HD_37742,-1,98,5733.9,lin,False,0,1455.4,0.68073,1.849,67.821,16.533,0.011559,0.027725,0.88437,22727,52.355,27134,2,True,True
HD_37742,-1,98,5733.9,lin,True,0,1455.4,0.68073,1.849,67.821,16.533,0.011559,0.027725,0.88437,22727,52.355,27134,2,True,True
HD_38666,-1,5,141.6,log,False,0,32.469,3.2941,2.008,2.4252,1.3408,0.15541,0.067632,0.051977,7853.9,25.775,17391,2,True,True
HD_38666,-1,5,141.6,log,True,6,26.825,3.7781,2.4037,2.6623,0.97901,0.14198,0.08203,0.039619,7488.7,25.775,17391,2,True,True
HD_38666,-1,5,141.6,lin,False,0,51.449,2.298,1.5345,2.233,1.1796,0.082885,0.055707,0.21291,6765.5,25.775,17391,2,True,True
HD_38666,-1,5,141.6,lin,True,2,38.19,3.0688,1.5734,2.0894,0.67941,0.080488,0.047714,0.15913,9317.6,25.775,17391,2,True,True
HD_38666,-1,6,0,log,False,0,28.278,4.0831,2.171,2.1195,1.1234,0.17656,0.077184,0.051478,7106.2,21.772,14608,2,True,True
HD_38666,-1,6,0,log,True,3,29.442,3.6198,2.0146,2.062,1.2732,0.17845,0.073094,0.054542,6922.5,21.772,14608,2,True,True
HD_38666,-1,6,0,lin,False,0,33.172,4.4797,2.1745,2.3099,0.53585,0.09121,0.075033,0.1498,7394.9,21.772,14608,2,True,True
HD_38666,-1,6,0,lin,True,1,34.944,3.85,1.9039,2.1668,0.55707,0.082481,0.059189,0.1445,8389.3,21.772,14608,2,True,True
HD_38666,-1,32,135.06,log,False,0,38.282,2.2671,1.5254,1.9235,2.117,0.17059,0.056049,0.073616,7703.4,25.91,17621,2,True,True
HD_38666,-1,32,135.06,log,True,3,31.792,2.5736,1.5514,1.9599,1.6894,0.18634,0.060578,0.073681,7257.6,25.91,17621,2,True,True
HD_38666,-1,32,135.06,lin,False,0,48.36,2.1648,1.4314,1.9991,1.0124,0.073492,0.045208,0.18048,8474.1,25.91,17621,2,True,True
HD_38666,-1,32,135.06,lin,True,2,47.27,2.121,1.5765,2.4958,0.86655,0.061375,0.045564,0.14252,9016.2,25.91,17621,2,True,True
HD_38666,-1,33,139.24,log,False,0,32.242,2.9322,1.9497,2.4298,1.4746,0.15587,0.069381,0.051598,7112.4,25.838,17451,2,True,True
HD_38666,-1,33,139.24,log,True,6,33.562,2.3596,1.766,2.4087,1.7468,0.15173,0.064824,0.053882,6770.4,25.838,17451,2,True,True
HD_38666,-1,33,139.24,lin,False,0,48.403,2.2561,1.5111,2.1953,1.0389,0.076759,0.050746,0.18603,7603.6,25.838,17451,2,True,True
HD_38666,-1,33,139.24,lin,True,2,46.898,2.284,1.6712,2.5918,0.90458,0.067532,0.05332,0.15448,7826,25.838,17451,2,True,True
HD_38771,-1,6,1786.1,log,False,0,508.17,0.20619,1.3773,22.012,147.89,0.069276,0.083662,0.27857,1861.3,21.772,14609,2,True,True
HD_38771,-1,6,1786.1,log,True,0,508.17,0.20619,1.3773,22.012,147.89,0.069276,0.083662,0.27857,1861.3,21.772,14609,2,True,True
HD_38771,-1,6,1786.1,lin,False,0,570.01,0.24465,1.547,26.935,23.045,0.014113,0.041139,0.32099,7795,21.772,14609,2,True,True
HD_38771,-1,6,1786.1,lin,True,0,570.01,0.24465,1.547,26.935,23.045,0.014113,0.041139,0.32099,7795,21.772,14609,2,True,True
HD_38771,-1,33,0,log,False,0,84.841,0.56738,1.0302,2.4062,11.603,0.13093,0.050012,0.14864,5963.5,25.838,17442,2,True,True
HD_38771,-1,33,0,log,True,0,84.841,0.56738,1.0302,2.4062,11.603,0.13093,0.050012,0.14864,5963.5,25.838,17442,2,True,True
HD_38771,-1,33,0,lin,False,0,77.789,0.99104,1.3684,4.0401,1.597,0.035938,0.033009,0.13424,10454,25.838,17442,2,True,True
HD_38771,-1,33,0,lin,True,0,77.789,0.99104,1.3684,4.0401,1.597,0.035938,0.033009,0.13424,10454,25.838,17442,2,True,True
HD_38771,-1,98,2465.6,log,False,0,202.46,0.84305,2.4398,22.614,11.032,0.044424,0.091831,0.11158,5874.5,57.372,28379,2,True,True
HD_38771,-1,98,2465.6,log,True,0,202.46,0.84305,2.4398,22.614,11.032,0.044424,0.091831,0.11158,5874.5,57.372,28379,2,True,True
HD_38771,-1,98,2465.6,lin,False,0,522.1,0.26377,1.3578,24.703,13.418,0.010692,0.021586,0.21903,21553,57.372,28379,2,True,True
HD_38771,-1,98,2465.6,lin,True,0,522.1,0.26377,1.3578,24.703,13.418,0.010692,0.021586,0.21903,21553,57.372,28379,2,True,True
HD_39680,-1,6,175.34,log,False,0,46.636,3.0225,2.7481,2.3782,1.7761,0.10091,0.076641,0.028906,8444.7,21.772,14600,2,True,True
HD_39680,-1,6,175.34,log,True,0,46.636,3.0225,2.7481,2.3782,1.7761,0.10091,0.076641,0.028906,8444.7,21.772,14600,2,True,True
HD_39680,-1,6,175.34,lin,False,0,58.321,2.9575,2.7925,2.8156,0.68055,0.042396,0.077909,0.12703,9436.5,21.772,14600,2,True,True
HD_39680,-1,6,175.34,lin,True,0,58.321,2.9575,2.7925,2.8156,0.68055,0.042396,0.077909,0.12703,9436.5,21.772,14600,2,True,True
HD_39680,-1,33,154.69,log,False,0,39.513,3.2721,3.3259,1.9828,1.2767,0.081654,0.086478,0.018676,10263,25.836,17424,2,True,True
HD_39680,-1,33,154.69,log,True,1,33.154,3.4385,3.1903,1.994,1.07,0.08988,0.087092,0.019623,9711.8,25.836,17424,2,True,True
HD_39680,-1,33,154.69,lin,False,0,54.539,3.1165,4.5762,2.7832,0.81379,0.045609,0.23408,0.16774,5631.9,25.836,17424,2,True,True
HD_39680,-1,33,154.69,lin,True,1,50.619,2.692,2.1225,1.7099,0.69859,0.05134,0.057542,0.12543,9748.9,25.836,17424,2,True,True
HD_39680,-1,43,128.25,log,False,0,46.162,2.6309,2.4722,1.6503,1.7651,0.091409,0.057881,0.021839,10502,24.287,16199,2.0002,True,True
HD_39680,-1,43,128.25,log,True,1,39.549,2.7891,2.4871,1.6271,1.5013,0.097374,0.061525,0.021824,9996.2,24.287,16199,2.0002,True,True
HD_39680,-1,43,128.25,lin,False,0,53.376,2.8815,4.3649,2.7083,0.67083,0.036373,0.18147,0.13057,7292.7,24.287,16199,2.0002,True,True
HD_39680,-1,43,128.25,lin,True,1,48.067,2.7563,2.6133,2.021,0.55945,0.040719,0.06893,0.099147,10268,24.287,16199,2.0002,True,True
HD_39680,-1,45,100.62,log,False,0,39.491,3.2736,2.8143,1.5388,1.3334,0.093406,0.065982,0.018983,10881,24.439,15949,2.0002,True,True
HD_39680,-1,45,100.62,log,True,1,33.332,3.5641,2.8237,1.5152,1.1106,0.10207,0.070358,0.019562,10348,24.439,15949,2.0002,True,True
HD_39680,-1,45,100.62,lin,False,0,48.29,3.2731,3.9513,2.3615,0.55716,0.03957,0.14079,0.11534,8496.8,24.439,15949,2.0002,True,True
HD_39680,-1,45,100.62,lin,True,1,42.662,3.3376,2.6347,1.7105,0.44076,0.042951,0.063215,0.090547,11769,24.439,15949,2.0002,True,True
HD_39985,-1,6,0,log,False,0,28.661,0.19164,1.5705,1.7719,9.4729,0.066659,0.12168,0.016291,1123.1,21.772,14586,2,True,True
HD_39985,-1,6,0,log,True,0,28.661,0.19164,1.5705,1.7719,9.4729,0.066659,0.12168,0.016291,1123.1,21.772,14586,2,True,True
HD_39985,-1,6,0,lin,False,0,16.656,0.48272,5.7698,2.179,0.23878,0.0055453,0.29016,0.01603,6049.6,21.772,14586,2,True,True
HD_39985,-1,6,0,lin,True,0,16.656,0.48272,5.7698,2.179,0.23878,0.0055453,0.29016,0.01603,6049.6,21.772,14586,2,True,True
HD_39985,-1,33,0,log,False,0,8.5966,0.39415,2.0557,1.3268,1.4305,0.068849,0.18768,0.0094496,951.23,25.838,17437,2,True,True
HD_39985,-1,33,0,log,True,0,8.5966,0.39415,2.0557,1.3268,1.4305,0.068849,0.18768,0.0094496,951.23,25.838,17437,2,True,True
HD_39985,-1,33,0,lin,False,0,9.8782,0.50928,4.5484,1.5877,0.18141,0.0084501,0.24426,0.011509,4856.4,25.838,17437,2,True,True
HD_39985,-1,33,0,lin,True,0,9.8782,0.50928,4.5484,1.5877,0.18141,0.0084501,0.24426,0.011509,4856.4,25.838,17437,2,True,True
HD_39985,-1,87,0,log,False,0,10.75,0.57466,1.6941,1.1807,1.3726,0.087899,0.10395,0.011715,1980,23.695,15546,2,True,True
HD_39985,-1,87,0,log,True,0,10.75,0.57466,1.6941,1.1807,1.3726,0.087899,0.10395,0.011715,1980,23.695,15546,2,True,True
HD_39985,-1,87,0,lin,False,0,12.785,0.58822,1.8729,1.4176,0.31648,0.021374,0.059193,0.014652,6413.6,23.695,15546,2,True,True
HD_39985,-1,87,0,lin,True,0,12.785,0.58822,1.8729,1.4176,0.31648,0.021374,0.059193,0.014652,6413.6,23.695,15546,2,True,True
HD_41161,-1,19,239.79,log,False,0,60.001,4.7278,2.0894,2.5017,2.0115,0.17357,0.060336,0.097806,10430,24.957,16751,2,True,True
HD_41161,-1,19,239.79,log,True,0,60.001,4.7278,2.0894,2.5017,2.0115,0.17357,0.060336,0.097806,10430,24.957,16751,2,True,True
HD_41161,-1,19,239.79,lin,False,0,71.908,4.7058,2.1366,3.1616,0.88624,0.072433,0.056019,0.26137,11191,24.957,16751,2,True,True
HD_41161,-1,19,239.79,lin,True,0,71.908,4.7058,2.1366,3.1616,0.88624,0.072433,0.056019,0.26137,11191,24.957,16751,2,True,True
HD_41753,-1,6,6934.9,log,False,0,1320.5,1.0166,3.4536,89.59,89.859,0.051768,0.18682,0.6819,3348.2,21.772,14599,2,True,True
HD_41753,-1,6,6934.9,log,True,2,678.61,1.0063,2.8037,85.495,53.151,0.071607,0.18284,0.67014,2203,21.772,14599,2,True,True
HD_41753,-1,6,6934.9,lin,False,0,2304.7,0.91907,15.74,115.14,35.337,0.0076717,1.7727,4.4883,3989.4,21.772,14599,2,True,True
HD_41753,-1,6,6934.9,lin,True,3,740.77,1.0626,5.4207,104.8,8.3871,0.010725,0.22771,0.94483,7900.3,21.772,14599,2,True,True
HD_41753,-1,33,4741.4,log,False,0,814.97,1.0932,3.3427,57.699,49.625,0.051172,0.1611,0.41041,4099.7,25.839,17430,2,True,True
HD_41753,-1,33,4741.4,log,True,3,497.96,1.0803,2.7692,56.309,34.371,0.067634,0.15311,0.41954,2970.2,25.839,17430,2,True,True
HD_41753,-1,33,4741.4,lin,False,0,1415.7,1.0184,11.51,73.698,19.624,0.0089021,0.97709,2.5352,5101.6,25.839,17430,2,True,True
HD_41753,-1,33,4741.4,lin,True,2,949.15,1.0821,9.8242,70.719,11.879,0.009201,0.68446,1.5489,6155.8,25.839,17430,2,True,True
HD_41753,-1,43,6167.6,log,False,0,838.63,1.1513,4.0553,74.408,49.726,0.048192,0.24286,0.525,3375.8,24.286,16194,2.0002,True,True
HD_41753,-1,43,6167.6,log,True,2,485.19,1.3763,4.9453,72.844,26.156,0.049846,0.38329,0.49648,2699.8,24.286,16194,2.0002,True,True
HD_41753,-1,43,6167.6,lin,False,0,2000.2,0.83685,30,97.599,33.166,0.0055771,5.225,4.2252,3329.3,24.286,16194,2.0002,True,True
HD_41753,-1,43,6167.6,lin,True,8,635.21,1.0341,7.2257,88.243,8.0601,0.010224,0.41611,0.96177,6402.9,24.286,16194,2.0002,True,True
HD_41753,-1,44,6197.1,log,False,0,1251.8,1.101,3.5526,75.177,73.276,0.046928,0.1634,0.52832,4501.1,24.156,15773,2.0002,True,True
HD_41753,-1,44,6197.1,log,True,2,609.19,1.3306,3.9814,74.41,34.28,0.055663,0.25282,0.52117,3108,24.156,15773,2.0002,True,True
HD_41753,-1,44,6197.1,lin,False,0,2009.7,0.90063,20.969,100.5,22.767,0.0048647,2.0547,2.9437,6300.9,24.156,15773,2.0002,True,True
HD_41753,-1,44,6197.1,lin,True,10,1993.1,0.9073,25.875,94.059,21.494,0.0042339,2.7155,2.8393,6643.2,24.156,15773,2.0002,True,True
HD_41997,-1,6,215.15,log,False,0,58.309,2.7015,2.2956,2.4919,2.5228,0.11437,0.063999,0.041338,8346.7,21.772,14599,2,True,True
HD_41997,-1,6,215.15,log,True,0,58.309,2.7015,2.2956,2.4919,2.5228,0.11437,0.063999,0.041338,8346.7,21.772,14599,2,True,True
HD_41997,-1,6,215.15,lin,False,0,74.145,2.5581,2.5762,3.4533,0.87499,0.038734,0.067684,0.14658,9777,21.772,14599,2,True,True
HD_41997,-1,6,215.15,lin,True,0,74.145,2.5581,2.5762,3.4533,0.87499,0.038734,0.067684,0.14658,9777,21.772,14599,2,True,True
HD_41997,-1,33,217.86,log,False,0,36.947,3.3555,2.5641,2.5486,1.3342,0.11529,0.075408,0.033345,8686.7,25.839,17445,2,True,True
HD_41997,-1,33,217.86,log,True,0,36.947,3.3555,2.5641,2.5486,1.3342,0.11529,0.075408,0.033345,8686.7,25.839,17445,2,True,True
HD_41997,-1,33,217.86,lin,False,0,62.62,2.0668,1.7074,2.3639,0.85195,0.043293,0.038076,0.13112,12090,25.839,17445,2,True,True
HD_41997,-1,33,217.86,lin,True,0,62.62,2.0668,1.7074,2.3639,0.85195,0.043293,0.038076,0.13112,12090,25.839,17445,2,True,True
HD_41997,-1,43,210.13,log,False,0,52.05,2.5722,2.1321,2.2854,2.1894,0.11199,0.056943,0.039291,9314.2,24.287,16199,2.0002,True,True
HD_41997,-1,43,210.13,log,True,0,52.05,2.5722,2.1321,2.2854,2.1894,0.11199,0.056943,0.039291,9314.2,24.287,16199,2.0002,True,True
HD_41997,-1,43,210.13,lin,False,0,62.564,2.3784,2.0351,2.7349,0.65323,0.035294,0.039856,0.10671,13688,24.287,16199,2.0002,True,True
HD_41997,-1,43,210.13,lin,True,0,62.564,2.3784,2.0351,2.7349,0.65323,0.035294,0.039856,0.10671,13688,24.287,16199,2.0002,True,True
HD_41997,-1,44,173.07,log,False,0,43.916,3.432,2.5242,2.0121,1.5173,0.11046,0.063287,0.0304,10263,24.156,15777,2.0002,True,True
HD_41997,-1,44,173.07,log,True,0,43.916,3.432,2.5242,2.0121,1.5173,0.11046,0.063287,0.0304,10263,24.156,15777,2.0002,True,True
HD_41997,-1,44,173.07,lin,False,0,52.612,3.2211,2.3702,2.3289,0.48419,0.038568,0.047096,0.098382,14116,24.156,15777,2.0002,True,True
HD_41997,-1,44,173.07,lin,True,0,52.612,3.2211,2.3702,2.3289,0.48419,0.038568,0.047096,0.098382,14116,24.156,15777,2.0002,True,True
HD_42088,-1,43,31.912,log,False,0,23.602,0.41025,1.0914,0.59974,3.7739,0.099835,0.048671,0.025113,5449.7,24.287,16194,2.0002,True,True
HD_42088,-1,43,31.912,log,True,1,22.175,0.46683,1.1556,0.63948,3.2139,0.099212,0.049625,0.022189,5345.6,24.287,16194,2.0002,True,True
HD_42088,-1,43,31.912,lin,False,0,19.575,0.89369,1.5237,0.93174,0.39868,0.030496,0.037918,0.028661,9267.2,24.287,16194,2.0002,True,True
HD_42088,-1,43,31.912,lin,True,1,19.308,0.91557,1.5701,0.93731,0.37467,0.029335,0.03837,0.027354,9448.9,24.287,16194,2.0002,True,True
HD_42088,-1,44,100.04,log,False,0,16.845,0.93936,1.7,1.3983,1.4894,0.10045,0.077806,0.017715,3646.4,24.156,15778,2.0002,True,True
HD_42088,-1,44,100.04,log,True,0,16.845,0.93936,1.7,1.3983,1.4894,0.10045,0.077806,0.017715,3646.4,24.156,15778,2.0002,True,True
HD_42088,-1,44,100.04,lin,False,0,32.8,0.45839,1.2915,1.5212,1.0667,0.026302,0.034651,0.038658,8337.7,24.156,15778,2.0002,True,True
HD_42088,-1,44,100.04,lin,True,0,32.8,0.45839,1.2915,1.5212,1.0667,0.026302,0.034651,0.038658,8337.7,24.156,15778,2.0002,True,True
HD_42088,-1,45,0,log,False,0,11.553,1.2779,1.4936,0.81237,0.90765,0.13602,0.06435,0.017761,4951.6,24.551,16101,2.0002,True,True
HD_42088,-1,45,0,log,True,1,11.365,1.3194,1.5585,0.82998,0.85528,0.13056,0.06562,0.016259,4963.7,24.551,16101,2.0002,True,True
HD_42088,-1,45,0,lin,False,0,12.914,1.6052,2.1592,1.1602,0.19792,0.034791,0.060758,0.02309,8525.7,24.551,16101,2.0002,True,True
HD_42088,-1,45,0,lin,True,1,12.87,1.6128,2.2156,1.1554,0.19123,0.033482,0.061717,0.022398,8702.8,24.551,16101,2.0002,True,True
HD_42088,-1,71,57.16,log,False,0,21.739,0.36824,1.0497,0.87764,4.1571,0.11275,0.059158,0.032377,3866,24.321,15305,2.0002,True,True
HD_42088,-1,71,57.16,log,True,2,45.921,0.077286,0.85072,0.80446,25.667,0.070128,0.059661,0.043827,3405.6,24.321,15305,2.0002,False,True
HD_42088,-1,71,57.16,lin,False,0,25.905,0.53236,1.3729,1.265,0.82935,0.029418,0.040678,0.034934,7166.4,24.321,15305,2.0002,True,True
HD_42088,-1,71,57.16,lin,True,2,25.003,0.52018,1.8038,1.4837,0.59378,0.018272,0.050241,0.023769,7646.5,24.321,15305,2.0002,True,True
HD_43112,-1,6,0,log,False,0,4.1063,0.52395,1.6225,1.702,0.90564,0.1594,0.24189,0.015892,362.21,21.772,14683,2,True,True
HD_43112,-1,6,0,log,True,0,4.1063,0.52395,1.6225,1.702,0.90564,0.1594,0.24189,0.015892,362.21,21.772,14683,2,True,True
HD_43112,-1,6,0,lin,False,0,4.2206,0.64229,2.1037,2.0137,0.24969,0.05283,0.18411,0.013157,1161.9,21.772,14683,2,True,True
HD_43112,-1,6,0,lin,True,0,4.2206,0.64229,2.1037,2.0137,0.24969,0.05283,0.18411,0.013157,1161.9,21.772,14683,2,True,True
HD_43112,-1,33,0,log,False,0,3.6536,0.33883,1.1479,1.2135,1.3095,0.2021,0.18534,0.018375,388.71,25.839,17432,2,True,True
HD_43112,-1,33,0,log,True,0,3.6536,0.33883,1.1479,1.2135,1.3095,0.2021,0.18534,0.018375,388.71,25.839,17432,2,True,True
HD_43112,-1,33,0,lin,False,0,3.6511,0.40709,1.0703,1.4266,0.5203,0.11376,0.10697,0.019162,1089.5,25.839,17432,2,True,True
HD_43112,-1,33,0,lin,True,0,3.6511,0.40709,1.0703,1.4266,0.5203,0.11376,0.10697,0.019162,1089.5,25.839,17432,2,True,True
HD_43112,-1,43,0,log,False,0,1.8202,1.6174,2.0051,1.2089,0.19779,0.23183,0.26049,0.011644,594.05,24.287,16191,2.0002,True,True
HD_43112,-1,43,0,log,True,0,1.8202,1.6174,2.0051,1.2089,0.19779,0.23183,0.26049,0.011644,594.05,24.287,16191,2.0002,True,True
HD_43112,-1,43,0,lin,False,0,2.3281,1.4055,1.5862,1.4027,0.13047,0.12863,0.12723,0.014449,1489,24.287,16191,2.0002,True,True
HD_43112,-1,43,0,lin,True,0,2.3281,1.4055,1.5862,1.4027,0.13047,0.12863,0.12723,0.014449,1489,24.287,16191,2.0002,True,True
HD_43112,-1,44,0,log,False,0,1.5842,0.25546,0.62031,1.4373,2.2461,1.0187,0.46185,0.10111,64.186,24.156,15773,2.0002,True,True
HD_43112,-1,44,0,log,True,0,1.5842,0.25546,0.62031,1.4373,2.2461,1.0187,0.46185,0.10111,64.186,24.156,15773,2.0002,True,True
HD_43112,-1,44,0,lin,False,0,2.1498,0.16003,0.63762,1.7159,2.3383,0.47609,0.31609,0.072562,126.79,24.156,15773,2.0002,True,True
HD_43112,-1,44,0,lin,True,0,2.1498,0.16003,0.63762,1.7159,2.3383,0.47609,0.31609,0.072562,126.79,24.156,15773,2.0002,True,True
HD_44743,-1,6,2328.6,log,False,0,607.7,0.02,0.99981,28.512,2445.2,0.096674,0.20152,0.43862,254.89,21.771,14622,2,False,True
HD_44743,-1,6,2328.6,log,True,1,1625.3,0.02,1.3791,29.025,11551,0.11511,0.24439,0.25795,243.51,21.771,14622,2,False,True
HD_44743,-1,6,2328.6,lin,False,0,166.51,0.22674,4.0277,35.238,10.036,0.010536,0.42633,0.21843,1238.7,21.771,14622,2,True,True
HD_44743,-1,6,2328.6,lin,True,1,167.04,0.22615,3.9727,34.734,9.2418,0.0097091,0.37927,0.19764,1494.4,21.771,14622,2,True,True
HD_44743,-1,33,0,log,False,0,19.675,3.511,1.817,2.3873,0.93191,0.20914,0.082247,0.061224,5607.7,25.839,17458,2,True,True
HD_44743,-1,33,0,log,True,2,36.454,0.81158,0.9729,1.7133,4.7945,0.20046,0.062009,0.13348,4789.8,25.839,17458,2,True,True
HD_44743,-1,33,0,lin,False,0,21.103,4.6434,30,4.2083,0.41212,0.036774,6.2156,0.13242,2478.5,25.839,17458,2,True,True
HD_44743,-1,33,0,lin,True,2,39.396,1.1116,1.2266,2.725,1.03,0.053783,0.036907,0.10515,8645.6,25.839,17458,2,True,True
HD_44743,-1,87,860.13,log,False,0,181.71,1.0512,1.8417,9.8346,13.246,0.084502,0.06463,0.11934,5555.8,26.893,18047,2,True,True
HD_44743,-1,87,860.13,log,True,2,199.29,0.90799,1.9367,10.073,15.266,0.072548,0.06809,0.10476,5271.6,26.893,18047,2,True,True
HD_44743,-1,87,860.13,lin,False,0,238.28,0.89021,1.7619,12.196,4.1631,0.024209,0.042201,0.29018,9943.5,26.893,18047,2,True,True
HD_44743,-1,87,860.13,lin,True,1,228.27,0.92839,2.1766,12.791,2.6179,0.014895,0.041806,0.19475,13623,26.893,18047,2,True,True
HD_44811,-1,43,0,log,False,0,6.1112,0.30137,0.98203,0.41672,1.5241,0.12933,0.074996,0.013782,2444.6,24.287,16194,2.0002,True,True
HD_44811,-1,43,0,log,True,0,6.1112,0.30137,0.98203,0.41672,1.5241,0.12933,0.074996,0.013782,2444.6,24.287,16194,2.0002,True,True
HD_44811,-1,43,0,lin,False,0,7.6445,0.2641,0.98082,0.5018,0.48821,0.033669,0.033767,0.011624,7248.4,24.287,16194,2.0002,True,True
HD_44811,-1,43,0,lin,True,0,7.6445,0.2641,0.98082,0.5018,0.48821,0.033669,0.033767,0.011624,7248.4,24.287,16194,2.0002,True,True
HD_44811,-1,44,0,log,False,0,3.5582,0.8609,1.0905,0.44397,0.49371,0.21142,0.084579,0.015265,2530.5,24.148,15771,2.0002,True,True
HD_44811,-1,44,0,log,True,0,3.5582,0.8609,1.0905,0.44397,0.49371,0.21142,0.084579,0.015265,2530.5,24.148,15771,2.0002,True,True
HD_44811,-1,44,0,lin,False,0,5.0643,0.67954,1.1762,0.56715,0.19547,0.04998,0.042379,0.012097,6200.9,24.148,15771,2.0002,True,True
HD_44811,-1,44,0,lin,True,0,5.0643,0.67954,1.1762,0.56715,0.19547,0.04998,0.042379,0.012097,6200.9,24.148,15771,2.0002,True,True
HD_44811,-1,45,77.348,log,False,0,5.5257,0.38684,1.3282,1.0694,1.2954,0.13162,0.13576,0.013312,833.21,24.551,16108,2.0002,True,True
HD_44811,-1,45,77.348,log,True,0,5.5257,0.38684,1.3282,1.0694,1.2954,0.13162,0.13576,0.013312,833.21,24.551,16108,2.0002,True,True
HD_44811,-1,45,77.348,lin,False,0,11.813,0.14425,1.0632,1.242,1.7631,0.03668,0.058252,0.015446,3041.9,24.551,16108,2.0002,False,True
HD_44811,-1,45,77.348,lin,True,0,11.813,0.14425,1.0632,1.242,1.7631,0.03668,0.058252,0.015446,3041.9,24.551,16108,2.0002,False,True
HD_44811,-1,71,0,log,False,0,2.2029,1.7866,1.5884,0.4768,0.17471,0.20073,0.10607,0.0081616,2465,24.322,15306,2.0002,True,True
HD_44811,-1,71,0,log,True,0,2.2029,1.7866,1.5884,0.4768,0.17471,0.20073,0.10607,0.0081616,2465,24.322,15306,2.0002,True,True
HD_44811,-1,71,0,lin,False,0,2.7645,1.5531,1.3604,0.53709,0.079475,0.077072,0.052682,0.01059,5884.6,24.322,15306,2.0002,True,True
HD_44811,-1,71,0,lin,True,0,2.7645,1.5531,1.3604,0.53709,0.079475,0.077072,0.052682,0.01059,5884.6,24.322,15306,2.0002,True,True
HD_46056,-1,6,0,log,False,0,4.6082,8.3081,2.6177,0.6699,0.151,0.26143,0.12625,0.02232,5505.1,21.772,14648,2,True,True
HD_46056,-1,6,0,log,True,7,4.5781,7.5775,2.3674,0.64275,0.16027,0.27052,0.11615,0.023464,5455.5,21.772,14648,2,True,True
HD_46056,-1,6,0,lin,False,0,6.2747,8.2096,2.145,0.59623,0.14794,0.19465,0.10958,0.07299,5116.8,21.772,14648,2,True,True
HD_46056,-1,6,0,lin,True,3,6.7331,6.7741,1.7592,0.52022,0.16551,0.18167,0.084781,0.075735,5719,21.772,14648,2,True,True
HD_46056,-1,33,0,log,False,0,4.0342,9.3544,2.4722,0.4638,0.11241,0.24715,0.1043,0.020993,7631.9,25.839,17451,2,True,True
HD_46056,-1,33,0,log,True,3,4.1317,8.5611,2.137,0.41706,0.12867,0.27162,0.095862,0.025302,7432.8,25.839,17451,2,True,True
HD_46056,-1,33,0,lin,False,0,4.9335,9.5737,2.581,0.55422,0.095963,0.17411,0.11918,0.050161,6190.6,25.839,17451,2,True,True
HD_46056,-1,33,0,lin,True,2,5.1888,8.3783,1.997,0.43796,0.10128,0.16235,0.080783,0.052524,7853.7,25.839,17451,2,True,True
HD_46056,-1,87,15.147,log,False,0,5.3055,7.2849,1.9169,0.4196,0.19195,0.29347,0.089994,0.032024,6903.2,23.696,15554,2,True,True
HD_46056,-1,87,15.147,log,True,5,5.5785,6.1653,1.6137,0.34872,0.24135,0.3303,0.084009,0.040054,6539.4,23.696,15554,2,True,True
HD_46056,-1,87,15.147,lin,False,0,6.937,7.2214,1.6726,0.29338,0.17515,0.19207,0.080253,0.086711,6248.1,23.696,15554,2,True,True
HD_46056,-1,87,15.147,lin,True,3,7.3224,5.9359,1.3793,0.18877,0.18623,0.17104,0.060648,0.085763,7568.5,23.696,15554,2,True,True
HD_46150,-1,6,226.33,log,False,0,43.093,5.2304,1.9427,2.3439,1.5445,0.21785,0.069035,0.11993,8397.3,21.772,14648,2,True,True
HD_46150,-1,6,226.33,log,True,0,43.093,5.2304,1.9427,2.3439,1.5445,0.21785,0.069035,0.11993,8397.3,21.772,14648,2,True,True
HD_46150,-1,6,226.33,lin,False,0,74.236,2.9728,1.1915,1.0001e-07,1.6453,0.1014,0.039631,0.4516,9541.4,21.772,14648,2,True,True
HD_46150,-1,6,226.33,lin,True,0,74.236,2.9728,1.1915,1.0001e-07,1.6453,0.1014,0.039631,0.4516,9541.4,21.772,14648,2,True,True
HD_46150,-1,87,153.31,log,False,0,38.335,5.7799,2.1289,1.8069,1.2123,0.19888,0.067027,0.08648,9799.4,23.696,15556,2,True,True
HD_46150,-1,87,153.31,log,True,0,38.335,5.7799,2.1289,1.8069,1.2123,0.19888,0.067027,0.08648,9799.4,23.696,15556,2,True,True
HD_46150,-1,87,153.31,lin,False,0,48.013,5.3394,1.8739,1.6178,0.65976,0.089153,0.051788,0.23481,11003,23.696,15556,2,True,True
HD_46150,-1,87,153.31,lin,True,0,48.013,5.3394,1.8739,1.6178,0.65976,0.089153,0.051788,0.23481,11003,23.696,15556,2,True,True
HD_46223,-1,6,370.47,log,False,0,50.039,3.6304,1.7153,3.7676,2.3712,0.22078,0.072153,0.14963,6412,21.772,14653,2,True,True
HD_46223,-1,6,370.47,log,True,0,50.039,3.6304,1.7153,3.7676,2.3712,0.22078,0.072153,0.14963,6412,21.772,14653,2,True,True
HD_46223,-1,6,370.47,lin,False,0,147.68,0.56164,0.77617,1e-07,8.0243,0.073709,0.032614,0.64311,8832.2,21.772,14653,2,True,True
HD_46223,-1,6,370.47,lin,True,0,147.68,0.56164,0.77617,1e-07,8.0243,0.073709,0.032614,0.64311,8832.2,21.772,14653,2,True,True
HD_46223,-1,33,249.04,log,False,0,40.472,5.137,2.2013,2.6813,1.2975,0.17727,0.068994,0.07911,9556.6,25.839,17448,2,True,True
HD_46223,-1,33,249.04,log,True,1,35.362,5.872,2.4159,2.8248,1.0468,0.17718,0.077085,0.072597,9334.5,25.839,17448,2,True,True
HD_46223,-1,33,249.04,lin,False,0,77.937,2.4682,1.1609,1e-07,1.6957,0.088265,0.036,0.39871,10800,25.839,17448,2,True,True
HD_46223,-1,33,249.04,lin,True,0,77.937,2.4682,1.1609,1e-07,1.6957,0.088265,0.036,0.39871,10800,25.839,17448,2,True,True
HD_46223,-1,87,244.2,log,False,0,40.024,5.626,2.3203,2.8042,1.2322,0.18036,0.073546,0.080808,9164.7,23.696,15549,2,True,True
HD_46223,-1,87,244.2,log,True,0,40.024,5.626,2.3203,2.8042,1.2322,0.18036,0.073546,0.080808,9164.7,23.696,15549,2,True,True
HD_46223,-1,87,244.2,lin,False,0,83.33,2.3005,1.1152,1e-07,1.9257,0.089789,0.035564,0.43655,10403,23.696,15549,2,True,True
HD_46223,-1,87,244.2,lin,True,0,83.33,2.3005,1.1152,1e-07,1.9257,0.089789,0.035564,0.43655,10403,23.696,15549,2,True,True
HD_46328,-1,6,0,log,False,0,250,9.2004,5.406,50.79,6.6349,0.16301,0.28117,0.65032,5170.6,21.772,14639,2,True,True
HD_46328,-1,6,0,log,True,4,179.96,0.57,1.1256,4.2252,24.636,0.11923,0.049831,0.2242,5551.8,21.772,14639,2,True,True
HD_46328,-1,6,0,lin,False,0,772.89,5.854,30,94.408,32.293,0.097843,13.118,11.717,569.96,21.772,14639,2,True,True
HD_46328,-1,6,0,lin,True,6,774.02,0.058404,0.82892,3.1703,102.66,0.014517,0.023346,0.45198,10449,21.772,14639,2,False,True
HD_46328,-1,33,0,log,False,0,189.84,8.5369,4.1397,18.365,4.9147,0.16224,0.14829,0.3089,8067.7,25.839,17458,2,True,True
HD_46328,-1,33,0,log,True,9,93.883,0.8886,1.1068,1.3862,9.2215,0.14094,0.043428,0.14751,8290.4,25.839,17458,2,True,True
HD_46328,-1,33,0,lin,False,0,703.65,5.7827,30,50.802,28.829,0.094853,12.874,10.393,595.97,25.839,17458,2,True,True
HD_46328,-1,33,0,lin,True,7,250.2,0.15616,0.77193,1.0014e-07,18.551,0.0266,0.023436,0.36107,12153,25.839,17458,2,True,True
HD_46328,-1,87,0,log,False,0,580.95,7.6532,4.0071,39.148,13.387,0.12829,0.10925,0.57123,11224,26.892,15898,2,True,True
HD_46328,-1,87,0,log,True,4,1019.9,0.68124,1.3559,8.2828,91.439,0.074813,0.032052,0.38828,11162,26.892,15898,2,True,True
HD_46328,-1,87,0,lin,False,0,1027.5,6.4104,16.562,89.51,29.815,0.097845,3.6103,10.977,1252.5,26.892,15898,2,True,True
HD_46328,-1,87,0,lin,True,4,2775.3,0.16133,0.98502,1.0002e-07,129.43,0.013969,0.01819,1.5534,15704,26.892,15898,2,True,True
HD_46485,-1,6,10533,log,False,0,1437.3,0.02,0.96529,127.11,7645.7,0.13539,0.30384,2.0202,96.244,21.772,14654,2,False,True
HD_46485,-1,6,10533,log,True,0,1437.3,0.02,0.96529,127.11,7645.7,0.13539,0.30384,2.0202,96.244,21.772,14654,2,False,True
HD_46485,-1,6,10533,lin,False,0,568.61,0.17604,30,155.46,23.184,0.0019844,8.7375,0.88846,690.1,21.772,14654,2,True,True
HD_46485,-1,6,10533,lin,True,0,568.61,0.17604,30,155.46,23.184,0.0019844,8.7375,0.88846,690.1,21.772,14654,2,True,True
HD_46485,-1,33,9423.8,log,False,0,263.72,0.1983,1.5763,110.33,170.32,0.15637,0.41323,0.88003,95.916,25.839,17454,2,True,True
HD_46485,-1,33,9423.8,log,True,0,263.72,0.1983,1.5763,110.33,170.32,0.15637,0.41323,0.88003,95.916,25.839,17454,2,True,True
HD_46485,-1,33,9423.8,lin,False,0,971.5,0.074572,1.4842,131.48,666.73,0.053981,0.20337,0.83877,504.35,25.839,17454,2,False,True
HD_46485,-1,33,9423.8,lin,True,0,971.5,0.074572,1.4842,131.48,666.73,0.053981,0.20337,0.83877,504.35,25.839,17454,2,False,True
HD_46485,-1,87,7803.6,log,False,0,421.84,0.1867,22.029,96.9,83.71,0.0083928,12.877,0.63871,113.79,23.696,15549,2,True,True
HD_46485,-1,87,7803.6,log,True,0,421.84,0.1867,22.029,96.9,83.71,0.0083928,12.877,0.63871,113.79,23.696,15549,2,True,True
HD_46485,-1,87,7803.6,lin,False,0,444.77,0.18262,25.538,114.35,15.518,0.0019336,5.9202,0.60679,969.63,23.696,15549,2,True,True
HD_46485,-1,87,7803.6,lin,True,0,444.77,0.18262,25.538,114.35,15.518,0.0019336,5.9202,0.60679,969.63,23.696,15549,2,True,True
HD_46573,-1,6,231.53,log,False,0,55.468,1.6213,1.4305,2.2078,3.8792,0.15731,0.054688,0.089431,6611.7,21.772,14646,2,True,True
HD_46573,-1,6,231.53,log,True,0,55.468,1.6213,1.4305,2.2078,3.8792,0.15731,0.054688,0.089431,6611.7,21.772,14646,2,True,True
HD_46573,-1,6,231.53,lin,False,0,69.86,1.417,1.4825,3.109,1.1904,0.040578,0.034764,0.13744,10353,21.772,14646,2,True,True
HD_46573,-1,6,231.53,lin,True,0,69.86,1.417,1.4825,3.109,1.1904,0.040578,0.034764,0.13744,10353,21.772,14646,2,True,True
HD_46573,-1,33,173.49,log,False,0,38.249,2.8655,1.8252,1.9403,1.6295,0.14574,0.055031,0.052063,9260.7,25.839,17450,2,True,True
HD_46573,-1,33,173.49,log,True,0,38.249,2.8655,1.8252,1.9403,1.6295,0.14574,0.055031,0.052063,9260.7,25.839,17450,2,True,True
HD_46573,-1,33,173.49,lin,False,0,49.215,2.4764,1.6896,2.1941,0.70074,0.053244,0.040714,0.12835,11466,25.839,17450,2,True,True
HD_46573,-1,33,173.49,lin,True,0,49.215,2.4764,1.6896,2.1941,0.70074,0.053244,0.040714,0.12835,11466,25.839,17450,2,True,True
HD_46573,-1,87,166.89,log,False,0,32.187,3.5138,1.7996,1.7272,1.3571,0.18128,0.060901,0.063406,8400.1,23.642,15837,2,True,True
HD_46573,-1,87,166.89,log,True,0,32.187,3.5138,1.7996,1.7272,1.3571,0.18128,0.060901,0.063406,8400.1,23.642,15837,2,True,True
HD_46573,-1,87,166.89,lin,False,0,52.495,2.1352,1.2282,0.68413,1.0674,0.073449,0.035095,0.20966,10463,23.642,15837,2,True,True
HD_46573,-1,87,166.89,lin,True,0,52.495,2.1352,1.2282,0.68413,1.0674,0.073449,0.035095,0.20966,10463,23.642,15837,2,True,True
HD_46769,-1,6,0,log,False,0,50.374,0.2281,2.1996,1.984,12.607,0.046271,0.15915,0.015551,1303,21.772,14653,2,True,True
HD_46769,-1,6,0,log,True,0,50.374,0.2281,2.1996,1.984,12.607,0.046271,0.15915,0.015551,1303,21.772,14653,2,True,True
HD_46769,-1,6,0,lin,False,0,36.076,0.3675,3.7536,2.423,0.46424,0.0044233,0.10727,0.019447,9768.3,21.772,14653,2,True,True
HD_46769,-1,6,0,lin,True,0,36.076,0.3675,3.7536,2.423,0.46424,0.0044233,0.10727,0.019447,9768.3,21.772,14653,2,True,True
HD_46769,-1,87,0,log,False,0,264.01,0.02,1.1334,1.582,675.98,0.050452,0.073987,0.024324,1779.9,23.642,15829,2,False,True
HD_46769,-1,87,0,log,True,0,264.01,0.02,1.1334,1.582,675.98,0.050452,0.073987,0.024324,1779.9,23.642,15829,2,False,True
HD_46769,-1,87,0,lin,False,0,36.033,0.27631,16.243,2.2314,0.33074,0.0011353,0.92037,0.018516,9141.4,23.642,15829,2,True,True
HD_46769,-1,87,0,lin,True,4,35.747,0.27406,17.045,2.1851,0.31106,0.0010427,0.94076,0.017438,9708.2,23.642,15829,2,True,True
HD_47432,-1,33,9253.6,log,False,0,2220.7,0.7447,2.3882,109.16,178.09,0.053052,0.094967,0.8445,4289.2,25.839,17394,2,True,True
HD_47432,-1,33,9253.6,log,True,0,2220.7,0.7447,2.3882,109.16,178.09,0.053052,0.094967,0.8445,4289.2,25.839,17394,2,True,True
HD_47432,-1,33,9253.6,lin,False,0,2464.3,0.7444,2.3436,129.3,25.074,0.01006,0.040844,1.5809,15142,25.839,17394,2,True,True
HD_47432,-1,33,9253.6,lin,True,0,2464.3,0.7444,2.3436,129.3,25.074,0.01006,0.040844,1.5809,15142,25.839,17394,2,True,True
HD_47432,-1,87,6430.3,log,False,0,1653.9,0.9616,2.6246,77.214,114.75,0.056323,0.10024,0.62299,4767.9,23.642,15804,2,True,True
HD_47432,-1,87,6430.3,log,True,0,1653.9,0.9616,2.6246,77.214,114.75,0.056323,0.10024,0.62299,4767.9,23.642,15804,2,True,True
HD_47432,-1,87,6430.3,lin,False,0,1847.2,0.97738,2.713,92.734,16.643,0.01102,0.050683,1.3883,14400,23.642,15804,2,True,True
HD_47432,-1,87,6430.3,lin,True,0,1847.2,0.97738,2.713,92.734,16.643,0.01102,0.050683,1.3883,14400,23.642,15804,2,True,True
HD_47839,-1,6,502.3,log,False,0,136.82,1.5515,0.90514,1.6363,16.236,0.37059,0.071809,1.0783,4970.4,21.772,14664,2,True,True
HD_47839,-1,6,502.3,log,True,4,124.01,1.6795,1.113,5.3034,11.452,0.26847,0.066895,0.56436,5043.4,21.772,14664,2,True,True
HD_47839,-1,6,502.3,lin,False,0,179.04,1.3337,0.80189,1.0011e-07,13.499,0.21236,0.064844,2.4042,3848,21.772,14664,2,True,True
HD_47839,-1,6,502.3,lin,True,2,178.82,1.1918,0.88279,2.1422,7.2666,0.1016,0.037801,1.067,7855.4,21.772,14664,2,True,True
HD_47839,-1,33,605.35,log,False,0,150.91,2.3464,1.0292,2.597,12.354,0.34748,0.065779,1.0612,6417.3,25.839,17315,2,True,True
HD_47839,-1,33,605.35,log,True,4,161.18,1.7572,1.0522,4.8837,13.86,0.27229,0.060667,0.79237,6388.1,25.839,17315,2,True,True
HD_47839,-1,33,605.35,lin,False,0,188.14,2.3339,0.92098,1.002e-07,10.515,0.22345,0.066747,2.7657,4272.5,25.839,17315,2,True,True
HD_47839,-1,33,605.35,lin,True,1,167.21,2.5071,1.2019,7.078,4.0108,0.097907,0.041805,0.93328,8990.8,25.839,17315,2,True,True
HD_47839,-1,87,557.85,log,False,0,123.41,4.5302,1.2553,1.0047e-07,6.8275,0.37301,0.068703,0.91577,7530.9,23.694,15536,2,True,True
HD_47839,-1,87,557.85,log,True,5,142.28,2.8514,1.2284,2.7143,8.7546,0.27946,0.058864,0.63378,7664.9,23.694,15536,2,True,True
HD_47839,-1,87,557.85,lin,False,0,181.12,2.8501,0.98931,1e-07,9.7188,0.23993,0.073604,2.9002,3946.9,23.694,15536,2,True,True
HD_47839,-1,87,557.85,lin,True,1,182.94,2.621,1.0649,1e-07,4.914,0.11427,0.040027,1.2982,9193.9,23.694,15536,2,True,True
HD_48279,-1,6,88.802,log,False,0,23.391,3.3045,1.9453,1.4144,1.0657,0.17407,0.069108,0.039803,7045.8,21.772,14612,2,True,True
HD_48279,-1,6,88.802,log,True,0,23.391,3.3045,1.9453,1.4144,1.0657,0.17407,0.069108,0.039803,7045.8,21.772,14612,2,True,True
HD_48279,-1,6,88.802,lin,False,0,32.389,2.5977,1.5924,1.3859,0.54649,0.066799,0.044541,0.10842,9238,21.772,14612,2,True,True
HD_48279,-1,6,88.802,lin,True,0,32.389,2.5977,1.5924,1.3859,0.54649,0.066799,0.044541,0.10842,9238,21.772,14612,2,True,True
HD_48279,-1,33,58.389,log,False,0,23.926,3.0067,1.8254,0.8344,0.97328,0.14379,0.049847,0.028418,10651,25.839,17398,2,True,True
HD_48279,-1,33,58.389,log,True,1,21.904,3.2397,1.8481,0.82996,0.86025,0.14949,0.051421,0.028475,10581,25.839,17398,2,True,True
HD_48279,-1,33,58.389,lin,False,0,28.634,2.9615,2.1418,1.4001,0.38619,0.05442,0.057878,0.075075,9952.4,25.839,17398,2,True,True
HD_48279,-1,33,58.389,lin,True,0,28.634,2.9615,2.1418,1.4001,0.38619,0.05442,0.057878,0.075075,9952.4,25.839,17398,2,True,True
HD_48279,-1,87,104.92,log,False,0,29.732,3.072,1.8366,1.46,1.3087,0.16107,0.058793,0.045188,8404.2,23.161,14362,2,True,True
HD_48279,-1,87,104.92,log,True,0,29.732,3.072,1.8366,1.46,1.3087,0.16107,0.058793,0.045188,8404.2,23.161,14362,2,True,True
HD_48279,-1,87,104.92,lin,False,0,37.617,2.7305,1.5837,1.3143,0.55226,0.060584,0.03884,0.11526,11246,23.161,14362,2,True,True
HD_48279,-1,87,104.92,lin,True,0,37.617,2.7305,1.5837,1.3143,0.55226,0.060584,0.03884,0.11526,11246,23.161,14362,2,True,True
HD_48434,-1,6,6607,log,False,0,1389.9,0.89327,1.9497,78.707,114.85,0.077401,0.076675,0.83545,4235.8,21.772,14638,2,True,True
HD_48434,-1,6,6607,log,True,0,1389.9,0.89327,1.9497,78.707,114.85,0.077401,0.076675,0.83545,4235.8,21.772,14638,2,True,True
HD_48434,-1,6,6607,lin,False,0,1996.8,0.6539,1.6239,87.409,32.366,0.016953,0.030478,1.6552,11943,21.772,14638,2,True,True
HD_48434,-1,6,6607,lin,True,0,1996.8,0.6539,1.6239,87.409,32.366,0.016953,0.030478,1.6552,11943,21.772,14638,2,True,True
HD_48434,-1,33,13468,log,False,0,661.46,1.4658,2.9215,158.32,43.403,0.092642,0.21637,1.1738,1971.4,25.836,17400,2,True,True
HD_48434,-1,33,13468,log,True,0,661.46,1.4658,2.9215,158.32,43.403,0.092642,0.21637,1.1738,1971.4,25.836,17400,2,True,True
HD_48434,-1,33,13468,lin,False,0,13544,0.02,0.93144,166.41,5538.9,0.011295,0.030444,2.7221,7923,25.836,17400,2,False,True
HD_48434,-1,33,13468,lin,True,0,13544,0.02,0.93144,166.41,5538.9,0.011295,0.030444,2.7221,7923,25.836,17400,2,False,True
HD_48434,-1,87,3236.5,log,False,0,743.54,1.7028,2.4961,40.835,37.922,0.079437,0.079761,0.39714,6590.7,23.44,14314,2,True,True
HD_48434,-1,87,3236.5,log,True,0,743.54,1.7028,2.4961,40.835,37.922,0.079437,0.079761,0.39714,6590.7,23.44,14314,2,True,True
HD_48434,-1,87,3236.5,lin,False,0,994.17,1.3621,2.0146,45.306,10.94,0.021954,0.037461,1.1154,13365,23.44,14314,2,True,True
HD_48434,-1,87,3236.5,lin,True,0,994.17,1.3621,2.0146,45.306,10.94,0.021954,0.037461,1.1154,13365,23.44,14314,2,True,True
HD_48977,-1,6,1284.3,log,False,0,309.48,1.106,2.7193,16.367,20.129,0.060656,0.10699,0.13428,4657.3,21.771,14674,2,True,True
HD_48977,-1,6,1284.3,log,True,3,184.91,1.2318,2.777,16.596,11.848,0.070037,0.1341,0.13262,3604.8,21.771,14674,2,True,True
HD_48977,-1,6,1284.3,lin,False,0,434.49,1.1338,7.0252,21.72,5.0944,0.010543,0.36895,0.63822,6963.2,21.771,14674,2,True,True
HD_48977,-1,6,1284.3,lin,True,2,435.94,1.1183,7.5165,21.49,5.0034,0.0098627,0.40418,0.63123,7053.6,21.771,14674,2,True,True
HD_48977,-1,33,1170,log,False,0,308.31,0.99414,2.6758,14.333,19.865,0.053488,0.096735,0.10967,5364.3,25.839,17455,2,True,True
HD_48977,-1,33,1170,log,True,4,207.45,1.0012,2.5093,14.172,14.088,0.061748,0.10438,0.11008,4311.9,25.839,17455,2,True,True
HD_48977,-1,33,1170,lin,False,0,361.12,1.1568,6.1897,18.789,3.7429,0.010087,0.26341,0.46012,9001.7,25.839,17455,2,True,True
HD_48977,-1,33,1170,lin,True,2,361.45,1.148,6.5213,18.563,3.668,0.0095634,0.28172,0.45469,9128.6,25.839,17455,2,True,True
HD_48977,-1,87,1038.7,log,False,0,327.36,0.93913,2.365,13.441,23.991,0.061205,0.084064,0.12061,5038.7,23.438,14440,2,True,True
HD_48977,-1,87,1038.7,log,True,1,284.01,0.92307,2.1967,13.426,21.497,0.066237,0.080294,0.12556,4795.8,23.438,14440,2,True,True
HD_48977,-1,87,1038.7,lin,False,0,359.35,1.1979,6.421,18.29,3.6143,0.0099817,0.27271,0.4579,8947.6,23.438,14440,2,True,True
HD_48977,-1,87,1038.7,lin,True,3,358.83,1.188,6.87,18.074,3.5341,0.0093928,0.29925,0.45275,9038.9,23.438,14440,2,True,True
HD_50707,-1,6,0,log,False,0,208.99,9.2266,5.3102,14.417,4.5371,0.12307,0.15881,0.19677,9994.1,21.773,14637,2,True,True
HD_50707,-1,6,0,log,True,14,131.99,9.5106,5.5072,6.6383,2.6307,0.11088,0.13985,0.089757,11865,21.773,14637,2,True,True
HD_50707,-1,6,0,lin,False,0,328.71,9.279,5.4331,17.007,8.8472,0.20552,0.54781,3.7766,1867,21.773,14637,2,True,True
HD_50707,-1,6,0,lin,True,8,1098.2,0.39576,0.87842,1e-07,59.815,0.048121,0.031645,2.76,8586.9,21.773,14637,2,True,True
HD_50707,-1,7,620.27,log,False,0,191,9.6791,5.8892,12.351,3.7646,0.10961,0.16513,0.1537,11657,24.452,16336,2,True,True
HD_50707,-1,7,620.27,log,True,15,112.07,10.476,7.3247,8.8306,1.9779,0.095396,0.2204,0.094336,11931,24.452,16336,2,True,True
HD_50707,-1,7,620.27,lin,False,0,309.46,9.351,5.337,14.251,8.0619,0.20141,0.51478,3.4628,2023.3,24.452,16336,2,True,True
HD_50707,-1,7,620.27,lin,True,8,1164.9,0.29356,0.8202,1e-07,77.871,0.04527,0.03115,2.8338,9017.6,24.452,16336,2,True,True
HD_50707,-1,33,859.74,log,False,0,169.32,9.7501,6.9808,11.968,3.1832,0.096141,0.20837,0.13009,12054,25.839,17452,2,True,True
HD_50707,-1,33,859.74,log,True,11,125.4,9.0829,5.9901,11.095,2.4661,0.10449,0.18459,0.11953,11055,25.839,17452,2,True,True
HD_50707,-1,33,859.74,lin,False,0,289.31,9.1494,5.6169,13.747,7.3581,0.18973,0.54699,3.1077,2071.2,25.839,17452,2,True,True
HD_50707,-1,33,859.74,lin,True,11,530.84,1.5021,1.1173,1.0029e-07,13.95,0.073409,0.035891,2.0883,9643.6,25.839,17452,2,True,True
HD_50707,-1,87,715.63,log,False,0,204.51,9.2894,5.5128,11.356,3.9056,0.10453,0.13753,0.1396,13134,25.629,17058,2,True,True
HD_50707,-1,87,715.63,log,True,12,114.54,10.111,7.1808,9.4761,2.0534,0.09501,0.21964,0.098817,11926,25.629,17058,2,True,True
HD_50707,-1,87,715.63,lin,False,0,302.85,9.2413,5.7364,14.19,6.958,0.17141,0.51072,2.959,2467.8,25.629,17058,2,True,True
HD_50707,-1,87,715.63,lin,True,6,440.61,2.3766,1.2745,1e-07,9.8389,0.086816,0.04172,2.0846,9337.2,25.629,17058,2,True,True
HD_51309,-1,6,3.1153e+05,log,False,0,3518.1,0.020003,0.31599,3524.4,43133,1.2352,1.5755,1621.7,-4.96,21.773,14602,2,False,False
HD_51309,-1,6,3.1153e+05,log,True,1,399.04,9.9165,28.316,3830.1,67.907,0.64112,44.964,30.085,12.003,21.773,14602,2,True,True
HD_51309,-1,6,3.1153e+05,lin,False,0,22138,0.13302,22.492,4601.4,1266.9,0.0016998,5.3117,25.419,522.43,21.773,14602,2,False,True
HD_51309,-1,6,3.1153e+05,lin,True,0,22138,0.13302,22.492,4601.4,1266.9,0.0016998,5.3117,25.419,522.43,21.773,14602,2,False,True
HD_51309,-1,7,45407,log,False,0,14364,0.2561,2.0159,518.56,2967.1,0.045915,0.11433,4.058,1950.5,24.454,16318,2,True,True
HD_51309,-1,7,45407,log,True,0,14364,0.2561,2.0159,518.56,2967.1,0.045915,0.11433,4.058,1950.5,24.454,16318,2,True,True
HD_51309,-1,7,45407,lin,False,0,12561,0.33194,2.1684,621.87,208.66,0.0068323,0.041565,5.1476,13050,24.454,16318,2,True,True
HD_51309,-1,7,45407,lin,True,0,12561,0.33194,2.1684,621.87,208.66,0.0068323,0.041565,5.1476,13050,24.454,16318,2,True,True
HD_51309,-1,33,43422,log,False,0,5380,0.43173,2.3148,504.9,743.96,0.055709,0.17025,3.6923,1455.4,25.836,17415,2,True,True
HD_51309,-1,33,43422,log,True,0,5380,0.43173,2.3148,504.9,743.96,0.055709,0.17025,3.6923,1455.4,25.836,17415,2,True,True
HD_51309,-1,33,43422,lin,False,0,11068,0.2285,1.6942,592.44,436.21,0.011887,0.045222,5.3494,8395.6,25.836,17415,2,True,True
HD_51309,-1,33,43422,lin,True,0,11068,0.2285,1.6942,592.44,436.21,0.011887,0.045222,5.3494,8395.6,25.836,17415,2,True,True
HD_51309,-1,87,26024,log,False,0,4789.6,0.59372,2.4887,307.74,448.96,0.048892,0.12566,2.1726,2950.6,25.628,16836,2,True,True
HD_51309,-1,87,26024,log,True,0,4789.6,0.59372,2.4887,307.74,448.96,0.048892,0.12566,2.1726,2950.6,25.628,16836,2,True,True
HD_51309,-1,87,26024,lin,False,0,7128.5,0.38693,1.8379,353.32,109.26,0.0083272,0.029401,3.0601,15354,25.628,16836,2,True,True
HD_51309,-1,87,26024,lin,True,0,7128.5,0.38693,1.8379,353.32,109.26,0.0083272,0.029401,3.0601,15354,25.628,16836,2,True,True
HD_52089,-1,6,37512,log,False,0,8143.9,0.81648,1.6313,456.19,768.04,0.091808,0.066518,6.5052,4224.2,21.771,14628,2,True,True
HD_52089,-1,6,37512,log,True,0,8143.9,0.81648,1.6313,456.19,768.04,0.091808,0.066518,6.5052,4224.2,21.771,14628,2,True,True
HD_52089,-1,6,37512,lin,False,0,11040,0.64833,1.503,526.82,213.98,0.020938,0.031471,10.978,10647,21.771,14628,2,True,True
HD_52089,-1,6,37512,lin,True,0,11040,0.64833,1.503,526.82,213.98,0.020938,0.031471,10.978,10647,21.771,14628,2,True,True
HD_52089,-1,7,42114,log,False,0,8727.8,1.2616,1.79,443.15,597.08,0.098193,0.061167,6.657,6006.5,24.454,16328,2,True,True
HD_52089,-1,7,42114,log,True,0,8727.8,1.2616,1.79,443.15,597.08,0.098193,0.061167,6.657,6006.5,24.454,16328,2,True,True
HD_52089,-1,7,42114,lin,False,0,12139,0.96514,1.5587,497.97,193.01,0.025448,0.031545,14.893,12007,24.454,16328,2,True,True
HD_52089,-1,7,42114,lin,True,0,12139,0.96514,1.5587,497.97,193.01,0.025448,0.031545,14.893,12007,24.454,16328,2,True,True
HD_52089,-1,33,43042,log,False,0,7454.8,1.1741,1.9087,505.87,517.52,0.090096,0.071765,5.8236,5060.4,25.839,17447,2,True,True
HD_52089,-1,33,43042,log,True,0,7454.8,1.1741,1.9087,505.87,517.52,0.090096,0.071765,5.8236,5060.4,25.839,17447,2,True,True
HD_52089,-1,33,43042,lin,False,0,11821,0.72957,1.456,544.89,212.68,0.022374,0.028831,12.529,12437,25.839,17447,2,True,True
HD_52089,-1,33,43042,lin,True,0,11821,0.72957,1.456,544.89,212.68,0.022374,0.028831,12.529,12437,25.839,17447,2,True,True
HD_52089,-1,34,37430,log,False,0,10082,1.1,1.7537,413.98,710.65,0.087072,0.055049,6.1268,6632.2,24.962,16594,2,True,True
HD_52089,-1,34,37430,log,True,0,10082,1.1,1.7537,413.98,710.65,0.087072,0.055049,6.1268,6632.2,24.962,16594,2,True,True
HD_52089,-1,34,37430,lin,False,0,10908,1.279,2.1109,547.68,125.86,0.021135,0.042253,12.185,12727,24.962,16594,2,True,True
HD_52089,-1,34,37430,lin,True,0,10908,1.279,2.1109,547.68,125.86,0.021135,0.042253,12.185,12727,24.962,16594,2,True,True
HD_53138,-1,7,3.2944e+05,log,False,0,21065,0.40566,3.2691,3761.8,3157.1,0.049,0.44542,26.155,605.14,24.454,16322,2,True,True
HD_53138,-1,7,3.2944e+05,log,True,0,21065,0.40566,3.2691,3761.8,3157.1,0.049,0.44542,26.155,605.14,24.454,16322,2,True,True
HD_53138,-1,7,3.2944e+05,lin,False,0,1e+05,0.087344,1.535,4433,18477,0.017277,0.068334,31.925,4126.2,24.454,16322,2,False,True
HD_53138,-1,7,3.2944e+05,lin,True,0,1e+05,0.087344,1.535,4433,18477,0.017277,0.068334,31.925,4126.2,24.454,16322,2,False,True
HD_53138,-1,87,1.7078e+05,log,False,0,64178,0.25725,2.024,2067.1,12019,0.041254,0.10059,15.05,2462.2,26.891,15821,2,True,True
HD_53138,-1,87,1.7078e+05,log,True,0,64178,0.25725,2.024,2067.1,12019,0.041254,0.10059,15.05,2462.2,26.891,15821,2,True,True
HD_53138,-1,87,1.7078e+05,lin,False,0,48440,0.40291,3.386,2548,470.75,0.0039386,0.068293,20.332,15239,26.891,15821,2,True,True
HD_53138,-1,87,1.7078e+05,lin,True,0,48440,0.40291,3.386,2548,470.75,0.0039386,0.068293,20.332,15239,26.891,15821,2,True,True
HD_53244,-1,7,4915,log,False,0,2429,0.13593,2.6329,57.833,1104.7,0.037535,0.23303,0.38421,976.69,24.454,16336,2,False,True
HD_53244,-1,7,4915,log,True,0,2429,0.13593,2.6329,57.833,1104.7,0.037535,0.23303,0.38421,976.69,24.454,16336,2,False,True
HD_53244,-1,7,4915,lin,False,0,1461.1,0.21435,10.365,70.062,13.17,0.0009357,0.37595,0.49498,11365,24.454,16336,2,True,True
HD_53244,-1,7,4915,lin,True,1,1444.5,0.21534,9.9236,69.707,13.086,0.000964,0.351,0.48592,11478,24.454,16336,2,True,True
HD_53244,-1,33,6725.3,log,False,0,2481.8,0.16089,3.1482,79.574,852.41,0.031748,0.31802,0.51566,874.3,25.839,17446,2,True,True
HD_53244,-1,33,6725.3,log,True,0,2481.8,0.16089,3.1482,79.574,852.41,0.031748,0.31802,0.51566,874.3,25.839,17446,2,True,True
HD_53244,-1,33,6725.3,lin,False,0,1928.1,0.21421,11.961,95.832,17.701,0.0008981,0.49063,0.70115,10775,25.839,17446,2,True,True
HD_53244,-1,33,6725.3,lin,True,1,1898.4,0.21452,11.993,95.603,17.042,0.00087925,0.48242,0.67694,11061,25.839,17446,2,True,True
HD_53244,-1,87,6814.3,log,False,0,2436.7,0.13759,2.1856,81.575,1068,0.043618,0.18229,0.53606,1028.4,25.628,16957,2,False,True
HD_53244,-1,87,6814.3,log,True,0,2436.7,0.13759,2.1856,81.575,1068,0.043618,0.18229,0.53606,1028.4,25.628,16957,2,False,True
HD_53244,-1,87,6814.3,lin,False,0,2100.5,0.19917,30,99.603,18.686,0.00052833,2.0624,0.83045,9294.4,25.628,16957,2,True,True
HD_53244,-1,87,6814.3,lin,True,4,1984.3,0.20142,30,99.162,16.121,0.00049097,1.8956,0.7255,10428,25.628,16957,2,True,True
HD_53975,-1,7,4063,log,False,0,857.5,0.02,1.1083,46.96,4811,0.11977,0.27316,0.53196,135.12,24.454,16341,2,False,True
HD_53975,-1,7,4063,log,True,0,857.5,0.02,1.1083,46.96,4811,0.11977,0.27316,0.53196,135.12,24.454,16341,2,False,True
HD_53975,-1,7,4063,lin,False,0,159.67,0.23163,12.973,56.84,7,0.0046687,2.8146,0.3125,716.37,24.454,16341,2,True,True
HD_53975,-1,7,4063,lin,True,0,159.67,0.23163,12.973,56.84,7,0.0046687,2.8146,0.3125,716.37,24.454,16341,2,True,True
HD_53975,-1,33,2727.2,log,False,0,25.305,2.781,3.7861,32.178,2.1546,0.22947,0.74125,0.23938,393.24,25.839,17454,2,True,True
HD_53975,-1,33,2727.2,log,True,1,14.783,3.7702,5.779,32.201,1.3495,0.277,1.8057,0.23209,218.17,25.839,17454,2,True,True
HD_53975,-1,33,2727.2,lin,False,0,1306.9,0.02,1.0606,37.816,1579.1,0.028364,0.082253,0.38865,1674.7,25.839,17454,2,False,True
HD_53975,-1,33,2727.2,lin,True,0,1306.9,0.02,1.0606,37.816,1579.1,0.028364,0.082253,0.38865,1674.7,25.839,17454,2,False,True
HD_53975,-1,87,547.97,log,False,0,55.988,1.8205,1.6029,6.0614,3.6994,0.16214,0.074914,0.12199,4613.2,25.629,17060,2,True,True
HD_53975,-1,87,547.97,log,True,0,55.988,1.8205,1.6029,6.0614,3.6994,0.16214,0.074914,0.12199,4613.2,25.629,17060,2,True,True
HD_53975,-1,87,547.97,lin,False,0,514.15,0.023091,0.62166,1.4833,140.43,0.014746,0.028686,0.57151,9732.8,25.629,17060,2,False,True
HD_53975,-1,87,547.97,lin,True,0,514.15,0.023091,0.62166,1.4833,140.43,0.014746,0.028686,0.57151,9732.8,25.629,17060,2,False,True
HD_54764,-1,7,4723.5,log,False,0,1187.6,0.71619,1.9033,51.908,107.37,0.066192,0.069609,0.53042,4616.2,24.454,16337,2,True,True
HD_54764,-1,7,4723.5,log,True,0,1187.6,0.71619,1.9033,51.908,107.37,0.066192,0.069609,0.53042,4616.2,24.454,16337,2,True,True
HD_54764,-1,7,4723.5,lin,False,0,1344.3,0.7576,2.1205,64.4,17.022,0.013452,0.041872,1.0506,12463,24.454,16337,2,True,True
HD_54764,-1,7,4723.5,lin,True,0,1344.3,0.7576,2.1205,64.4,17.022,0.013452,0.041872,1.0506,12463,24.454,16337,2,True,True
HD_54764,-1,33,4922.7,log,False,0,1071.5,0.81927,2.1915,57.462,82.025,0.059888,0.08214,0.47474,4656.6,25.839,17453,2,True,True
HD_54764,-1,33,4922.7,log,True,0,1071.5,0.81927,2.1915,57.462,82.025,0.059888,0.08214,0.47474,4656.6,25.839,17453,2,True,True
HD_54764,-1,33,4922.7,lin,False,0,1359.5,0.74434,2.5921,72.192,14.555,0.010033,0.052472,0.95909,13404,25.839,17453,2,True,True
HD_54764,-1,33,4922.7,lin,True,0,1359.5,0.74434,2.5921,72.192,14.555,0.010033,0.052472,0.95909,13404,25.839,17453,2,True,True
HD_54764,-1,87,6664.6,log,False,0,1125,0.84264,2.3111,78.329,87.241,0.062091,0.1005,0.61846,3813.5,25.628,17061,2,True,True
HD_54764,-1,87,6664.6,log,True,0,1125,0.84264,2.3111,78.329,87.241,0.062091,0.1005,0.61846,3813.5,25.628,17061,2,True,True
HD_54764,-1,87,6664.6,lin,False,0,1837.4,0.53594,1.7454,88.448,32.184,0.014184,0.035094,1.3233,11797,25.628,17061,2,True,True
HD_54764,-1,87,6664.6,lin,True,0,1837.4,0.53594,1.7454,88.448,32.184,0.014184,0.035094,1.3233,11797,25.628,17061,2,True,True
HD_54879,-1,7,0,log,False,0,4.7432,0.89191,2.376,0.62302,0.40888,0.077233,0.14841,0.0049432,2169.1,24.454,16341,2,True,True
HD_54879,-1,7,0,log,True,1,5.7675,0.61837,1.8842,0.61734,0.66292,0.07931,0.11277,0.0054769,2067.4,24.454,16341,2,True,True
HD_54879,-1,7,0,lin,False,0,5.9755,0.89323,2.2384,0.73022,0.10554,0.021715,0.067438,0.007661,7501.8,24.454,16341,2,True,True
HD_54879,-1,7,0,lin,True,0,5.9755,0.89323,2.2384,0.73022,0.10554,0.021715,0.067438,0.007661,7501.8,24.454,16341,2,True,True
HD_54879,-1,33,0,log,False,0,9.3506,0.46061,1.9336,0.54977,1.1451,0.056618,0.093428,0.004458,2809.5,25.839,17452,2,True,True
HD_54879,-1,33,0,log,True,0,9.3506,0.46061,1.9336,0.54977,1.1451,0.056618,0.093428,0.004458,2809.5,25.839,17452,2,True,True
HD_54879,-1,33,0,lin,False,0,9.6127,0.5575,2.1669,0.65692,0.13763,0.01076,0.045216,0.0063621,11983,25.839,17452,2,True,True
HD_54879,-1,33,0,lin,True,0,9.6127,0.5575,2.1669,0.65692,0.13763,0.01076,0.045216,0.0063621,11983,25.839,17452,2,True,True
HD_55879,-1,7,431.89,log,False,0,107.37,0.96254,1.1765,3.5563,10.679,0.15047,0.051947,0.19362,6196.4,24.454,16343,2,True,True
HD_55879,-1,7,431.89,log,True,0,107.37,0.96254,1.1765,3.5563,10.679,0.15047,0.051947,0.19362,6196.4,24.454,16343,2,True,True
HD_55879,-1,7,431.89,lin,False,0,120.93,1.0238,1.234,4.7652,2.486,0.039003,0.028457,0.2318,11609,24.454,16343,2,True,True
HD_55879,-1,7,431.89,lin,True,0,120.93,1.0238,1.234,4.7652,2.486,0.039003,0.028457,0.2318,11609,24.454,16343,2,True,True
HD_55879,-1,33,519.15,log,False,0,99.089,1.0188,1.3231,5.6787,8.7956,0.1317,0.056657,0.15451,5468.5,25.839,17452,2,True,True
HD_55879,-1,33,519.15,log,True,0,99.089,1.0188,1.3231,5.6787,8.7956,0.1317,0.056657,0.15451,5468.5,25.839,17452,2,True,True
HD_55879,-1,33,519.15,lin,False,0,129.39,0.87438,1.3046,6.8535,2.8088,0.034357,0.030935,0.2129,10761,25.839,17452,2,True,True
HD_55879,-1,33,519.15,lin,True,0,129.39,0.87438,1.3046,6.8535,2.8088,0.034357,0.030935,0.2129,10761,25.839,17452,2,True,True
HD_55879,-1,87,485.81,log,False,0,75.406,1.7798,1.6255,5.472,4.5495,0.13931,0.061921,0.1153,6219.4,25.63,17050,2,True,True
HD_55879,-1,87,485.81,log,True,0,75.406,1.7798,1.6255,5.472,4.5495,0.13931,0.061921,0.1153,6219.4,25.63,17050,2,True,True
HD_55879,-1,87,485.81,lin,False,0,134.49,0.91874,1.2103,5.1635,3.1065,0.039829,0.02985,0.26191,10869,25.63,17050,2,True,True
HD_55879,-1,87,485.81,lin,True,0,134.49,0.91874,1.2103,5.1635,3.1065,0.039829,0.02985,0.26191,10869,25.63,17050,2,True,True
HD_5689,-1,18,68.438,log,False,0,16.012,3.4514,1.964,0.76756,0.64435,0.15783,0.059641,0.02254,8976.3,23.629,15108,2,True,True
HD_5689,-1,18,68.438,log,True,0,16.012,3.4514,1.964,0.76756,0.64435,0.15783,0.059641,0.02254,8976.3,23.629,15108,2,True,True
HD_5689,-1,18,68.438,lin,False,0,21.957,2.7138,1.8288,0.99321,0.30198,0.054235,0.045267,0.057832,10703,23.629,15108,2,True,True
HD_5689,-1,18,68.438,lin,True,0,21.957,2.7138,1.8288,0.99321,0.30198,0.054235,0.045267,0.057832,10703,23.629,15108,2,True,True
HD_5689,-1,24,85.72,log,False,0,18.948,3.393,2.2265,0.98677,0.69169,0.12809,0.060687,0.018653,9970.7,26.484,15937,2,True,True
HD_5689,-1,24,85.72,log,True,0,18.948,3.393,2.2265,0.98677,0.69169,0.12809,0.060687,0.018653,9970.7,26.484,15937,2,True,True
HD_5689,-1,24,85.72,lin,False,0,25.525,2.7664,1.765,0.90705,0.3096,0.049135,0.037917,0.061429,13404,26.484,15937,2,True,True
HD_5689,-1,24,85.72,lin,True,0,25.525,2.7664,1.765,0.90705,0.3096,0.049135,0.037917,0.061429,13404,26.484,15937,2,True,True
HD_5689,-1,25,73.819,log,False,0,14.674,4.2369,2.4228,0.86278,0.46902,0.13432,0.065672,0.016053,10270,25.664,16852,2,True,True
HD_5689,-1,25,73.819,log,True,0,14.674,4.2369,2.4228,0.86278,0.46902,0.13432,0.065672,0.016053,10270,25.664,16852,2,True,True
HD_5689,-1,25,73.819,lin,False,0,21.634,3.0704,1.6303,0.5485,0.29438,0.06115,0.038476,0.067455,12478,25.664,16852,2,True,True
HD_5689,-1,25,73.819,lin,True,0,21.634,3.0704,1.6303,0.5485,0.29438,0.06115,0.038476,0.067455,12478,25.664,16852,2,True,True
HD_57061,-1,7,1825.9,log,False,0,426.96,2.4582,3.4709,23.125,17.12,0.073908,0.11271,0.20265,7585.6,24.454,16341,2,True,True
HD_57061,-1,7,1825.9,log,True,3,366.66,1.4879,2.3102,21.068,21.053,0.082193,0.078664,0.21498,5919.7,24.454,16341,2,True,True
HD_57061,-1,7,1825.9,lin,False,0,711.99,1.9817,19.812,40.567,13.152,0.018344,3.1428,2.6204,2847.4,24.454,16341,2,True,True
HD_57061,-1,7,1825.9,lin,True,3,794.46,0.59779,1.3248,18.054,18.57,0.02481,0.02939,0.91296,10796,24.454,16341,2,True,True
HD_57061,-1,33,1114.1,log,False,0,398,2.0635,3.0191,15.668,17.037,0.069408,0.083678,0.1417,8665.3,25.839,17452,2,True,True
HD_57061,-1,33,1114.1,log,True,3,413.27,1.1308,2.262,14.834,25.826,0.064636,0.066409,0.14356,6907.4,25.839,17452,2,True,True
HD_57061,-1,33,1114.1,lin,False,0,564.77,1.9514,23.075,28.633,9.1822,0.014807,3.5071,1.836,3522.5,25.839,17452,2,True,True
HD_57061,-1,33,1114.1,lin,True,3,794.61,0.53005,1.4025,12.625,14.759,0.016781,0.024448,0.61257,14139,25.839,17452,2,True,True
HD_57061,-1,34,1175.6,log,False,0,717.69,2.04,2.8451,23.417,30.909,0.070369,0.071873,0.22731,9343.2,24.961,16809,2,True,True
HD_57061,-1,34,1175.6,log,True,3,915.22,0.81432,1.771,19.314,71.649,0.065256,0.045602,0.2763,7939.3,24.961,16809,2,True,True
HD_57061,-1,34,1175.6,lin,False,0,1014.7,1.8676,28.628,48.13,16.174,0.012553,4.7993,3.2041,3558.2,24.961,16809,2,True,True
HD_57061,-1,34,1175.6,lin,True,8,1142.9,0.71649,1.6261,21.84,15.575,0.015691,0.026511,0.8771,14876,24.961,16809,2,True,True
HD_57061,-1,61,0,log,False,0,166.27,1.9853,2.0165,6.7625,8.5175,0.10712,0.057896,0.11537,8096.4,24.359,15975,2,True,True
HD_57061,-1,61,0,log,True,3,155.5,1.2438,1.7504,5.6055,10.357,0.093208,0.052445,0.096158,7267.1,24.359,15975,2,True,True
HD_57061,-1,61,0,lin,False,0,213,2.6057,4.7954,11.744,4.5032,0.053026,0.35815,0.84123,3111.6,24.359,15975,2,True,True
HD_57061,-1,61,0,lin,True,3,163.96,1.5755,2.3206,7.9614,1.8375,0.024142,0.050412,0.21181,11944,24.359,15975,2,True,True
HD_57539,-1,7,496.35,log,False,0,99.725,1.9915,4.3986,6.2118,4.267,0.056061,0.18622,0.047442,6093.7,24.454,16338,2,True,True
HD_57539,-1,7,496.35,log,True,8,94.919,1.1554,2.2632,5.7185,6.481,0.076233,0.086898,0.05497,4739.5,24.454,16338,2,True,True
HD_57539,-1,7,496.35,lin,False,0,174.55,1.8723,30,8.4755,2.2888,0.010127,4.2436,0.45525,4864.4,24.454,16338,2,True,True
HD_57539,-1,7,496.35,lin,True,10,808.64,0.099664,1.2152,5.8763,64.142,0.01101,0.026358,0.22915,11102,24.454,16338,2,False,True
HD_57682,-1,7,427.58,log,False,0,92.119,0.28661,0.98338,4.2611,21.868,0.11396,0.064293,0.15973,3242.4,24.454,16340,2,True,True
HD_57682,-1,7,427.58,log,True,0,92.119,0.28661,0.98338,4.2611,21.868,0.11396,0.064293,0.15973,3242.4,24.454,16340,2,True,True
HD_57682,-1,7,427.58,lin,False,0,91.142,0.37747,1.0153,5.098,4.1975,0.035082,0.030974,0.15,8519.3,24.454,16340,2,True,True
HD_57682,-1,7,427.58,lin,True,0,91.142,0.37747,1.0153,5.098,4.1975,0.035082,0.030974,0.15,8519.3,24.454,16340,2,True,True
HD_57682,-1,34,1895.4,log,False,0,726.61,0.02,1.133,21.728,3241.5,0.091481,0.18998,0.25299,301.97,25.019,16870,2,False,True
HD_57682,-1,34,1895.4,log,True,0,726.61,0.02,1.133,21.728,3241.5,0.091481,0.18998,0.25299,301.97,25.019,16870,2,False,True
HD_57682,-1,34,1895.4,lin,False,0,173.71,0.15541,1.6056,26.222,28.351,0.031252,0.12043,0.1693,1545.1,25.019,16870,2,True,True
HD_57682,-1,34,1895.4,lin,True,0,173.71,0.15541,1.6056,26.222,28.351,0.031252,0.12043,0.1693,1545.1,25.019,16870,2,True,True
HD_61068,-1,7,0,log,False,0,58.267,8.9787,6.2155,9.2554,1.4292,0.13326,0.29469,0.10805,6489.2,24.454,16334,2,True,True
HD_61068,-1,7,0,log,True,20,28.328,8.854,4.0333,2.1096,0.62576,0.14324,0.1153,0.035929,10487,24.454,16334,2,True,True
HD_61068,-1,7,0,lin,False,0,160.7,7.2333,30,14.713,5.3018,0.093801,10.178,2.1499,914.41,24.454,16334,2,True,True
HD_61068,-1,7,0,lin,True,19,169.05,1.2434,1.4412,2.3338,3.8319,0.048282,0.042568,0.39454,7967.4,24.454,16334,2,True,True
HD_61068,-1,34,0,log,False,0,94.097,8.7027,4.9255,6.02,1.9563,0.11548,0.1319,0.078406,11687,25.019,16898,2,True,True
HD_61068,-1,34,0,log,True,23,113.87,1.834,1.4012,0.93617,6.8161,0.14964,0.040678,0.13321,10850,25.019,16898,2,True,True
HD_61068,-1,34,0,lin,False,0,201.45,7.3084,30,12.891,5.271,0.075088,8.064,2.1491,1432.3,25.019,16898,2,True,True
HD_61068,-1,34,0,lin,True,21,237.01,0.92052,1.3108,2.0565,5.0237,0.035224,0.031012,0.40115,10713,25.019,16898,2,True,True
HD_61068,-1,61,0,log,False,0,104.46,8.914,4.3618,5.4446,2.3114,0.13391,0.1143,0.094173,11346,24.112,15852,2,True,True
HD_61068,-1,61,0,log,True,21,32.029,8.8274,4.005,1.9988,0.70106,0.14043,0.10766,0.035891,11096,24.112,15852,2,True,True
HD_61068,-1,61,0,lin,False,0,221.51,7.5881,23.9,14.231,7.6734,0.11461,7.4999,3.1601,844.96,24.112,15852,2,True,True
HD_61068,-1,61,0,lin,True,16,146.48,1.4531,1.1572,1.0001e-07,3.6767,0.06734,0.035623,0.51742,9393.3,24.112,15852,2,True,True
HD_61068,-1,88,0,log,False,0,81.722,9.159,4.9549,6.3684,1.6865,0.12238,0.14258,0.0842,11357,27.771,19434,2,True,True
HD_61068,-1,88,0,log,True,28,25.547,9.0726,4.3442,1.6389,0.49252,0.121,0.1061,0.024105,13301,27.771,19434,2,True,True
HD_61068,-1,88,0,lin,False,0,179.41,7.7063,23.371,12.941,5.5497,0.10487,6.4596,2.3019,1063.9,27.771,19434,2,True,True
HD_61068,-1,88,0,lin,True,25,185.41,1.191,1.5706,2.3657,3.2388,0.03432,0.037306,0.3067,10669,27.771,19434,2,True,True
HD_64568,-1,34,18.773,log,False,0,3.2212,4.8898,1.5596,0.23515,0.14221,0.28598,0.074466,0.017749,6996.9,25.033,16911,2,True,True
HD_64568,-1,34,18.773,log,True,0,3.2212,4.8898,1.5596,0.23515,0.14221,0.28598,0.074466,0.017749,6996.9,25.033,16911,2,True,True
HD_64568,-1,34,18.773,lin,False,0,5.6284,2.6211,0.9589,1e-07,0.17622,0.13364,0.040478,0.049903,9185.3,25.033,16911,2,True,True
HD_64568,-1,34,18.773,lin,True,0,5.6284,2.6211,0.9589,1e-07,0.17622,0.13364,0.040478,0.049903,9185.3,25.033,16911,2,True,True
HD_64568,-1,61,16.514,log,False,0,3.6093,4.1772,1.5214,0.21133,0.16715,0.26493,0.068175,0.01606,7328.7,24.361,16049,2,True,True
HD_64568,-1,61,16.514,log,True,0,3.6093,4.1772,1.5214,0.21133,0.16715,0.26493,0.068175,0.01606,7328.7,24.361,16049,2,True,True
HD_64568,-1,61,16.514,lin,False,0,4.9088,3.4392,1.2084,0.10824,0.10681,0.10863,0.040767,0.033145,10054,24.361,16049,2,True,True
HD_64568,-1,61,16.514,lin,True,0,4.9088,3.4392,1.2084,0.10824,0.10681,0.10863,0.040767,0.033145,10054,24.361,16049,2,True,True
HD_64568,-1,88,0,log,False,0,2.3068,6.6385,2.0982,0.19468,0.071214,0.22474,0.078241,0.0084532,8887.4,27.771,19431,2,True,True
HD_64568,-1,88,0,log,True,0,2.3068,6.6385,2.0982,0.19468,0.071214,0.22474,0.078241,0.0084532,8887.4,27.771,19431,2,True,True
HD_64568,-1,88,0,lin,False,0,2.9998,6.0309,1.7607,0.16959,0.048864,0.11323,0.056239,0.020144,10431,27.771,19431,2,True,True
HD_64568,-1,88,0,lin,True,0,2.9998,6.0309,1.7607,0.16959,0.048864,0.11323,0.056239,0.020144,10431,27.771,19431,2,True,True
HD_68450,-1,34,1741,log,False,0,258.63,1.2189,1.6822,18.229,19.132,0.11052,0.067025,0.28021,4957,25.084,16982,2,True,True
HD_68450,-1,34,1741,log,True,0,258.63,1.2189,1.6822,18.229,19.132,0.11052,0.067025,0.28021,4957,25.084,16982,2,True,True
HD_68450,-1,34,1741,lin,False,0,492.07,0.54413,1.2305,19.007,11.789,0.023989,0.025576,0.54402,12160,25.084,16982,2,True,True
HD_68450,-1,34,1741,lin,True,0,492.07,0.54413,1.2305,19.007,11.789,0.023989,0.025576,0.54402,12160,25.084,16982,2,True,True
HD_68450,-1,35,568.66,log,False,0,145.99,3.3782,2.5261,7.2359,5.3834,0.1166,0.068746,0.11107,9288.4,24.311,13794,2,True,True
HD_68450,-1,35,568.66,log,True,0,145.99,3.3782,2.5261,7.2359,5.3834,0.1166,0.068746,0.11107,9288.4,24.311,13794,2,True,True
HD_68450,-1,35,568.66,lin,False,0,189.32,2.9929,2.3618,8.8597,2.0416,0.042381,0.054376,0.39069,11925,24.311,13794,2,True,True
HD_68450,-1,35,568.66,lin,True,0,189.32,2.9929,2.3618,8.8597,2.0416,0.042381,0.054376,0.39069,11925,24.311,13794,2,True,True
HD_68450,-1,61,980.72,log,False,0,198.84,2.0278,1.9623,10.342,10.226,0.11467,0.061018,0.17441,7471,24.56,16530,2,True,True
HD_68450,-1,61,980.72,log,True,0,198.84,2.0278,1.9623,10.342,10.226,0.11467,0.061018,0.17441,7471,24.56,16530,2,True,True
HD_68450,-1,61,980.72,lin,False,0,279.61,1.5488,1.6845,11.484,3.6621,0.032115,0.033623,0.43374,12833,24.56,16530,2,True,True
HD_68450,-1,61,980.72,lin,True,0,279.61,1.5488,1.6845,11.484,3.6621,0.032115,0.033623,0.43374,12833,24.56,16530,2,True,True
HD_68450,-1,62,1144,log,False,0,149.61,2.5545,2.2087,12.2,6.6402,0.12002,0.074455,0.16432,6971.7,25.711,17987,2,True,True
HD_68450,-1,62,1144,log,True,0,149.61,2.5545,2.2087,12.2,6.6402,0.12002,0.074455,0.16432,6971.7,25.711,17987,2,True,True
HD_68450,-1,62,1144,lin,False,0,355.78,0.76875,1.0864,7.0836,9.1018,0.039104,0.026335,0.69312,11893,25.711,17987,2,True,True
HD_68450,-1,62,1144,lin,True,0,355.78,0.76875,1.0864,7.0836,9.1018,0.039104,0.026335,0.69312,11893,25.711,17987,2,True,True
HD_69106,-1,61,0,log,False,0,33.319,9.068,3.7436,1.5093,0.73905,0.14997,0.094964,0.036486,11766,24.29,16011,2,True,True
HD_69106,-1,61,0,log,True,7,35.744,4.7551,1.7856,0.11003,1.2488,0.19815,0.048254,0.062651,12606,24.29,16011,2,True,True
HD_69106,-1,61,0,lin,False,0,50.313,8.7827,29.858,4.3115,1.3212,0.088915,7.8704,0.59348,1417.4,24.29,16011,2,True,True
HD_69106,-1,61,0,lin,True,5,899.7,0.02,0.74329,1.0004e-07,276.89,0.011304,0.026606,0.42171,9665,24.29,16011,2,False,True
HD_69106,-1,62,0,log,False,0,31.019,8.9167,3.3495,1.3418,0.7023,0.16185,0.086353,0.041107,12016,25.711,18023,2,True,True
HD_69106,-1,62,0,log,True,7,31.378,5.3058,1.9487,0.32483,0.95554,0.18209,0.049031,0.050487,13527,25.711,18023,2,True,True
HD_69106,-1,62,0,lin,False,0,43.363,8.9493,24.87,4.1518,1.2078,0.10462,6.2906,0.54416,1288.7,25.711,18023,2,True,True
HD_69106,-1,62,0,lin,True,5,655.56,0.02,0.69496,1.0123e-07,224.42,0.01369,0.030895,0.46868,8563.6,25.711,18023,2,False,True
HD_69106,-1,88,0,log,False,0,31.254,8.4342,3.6007,1.5507,0.67086,0.13889,0.086932,0.032463,13119,27.771,19433,2,True,True
HD_69106,-1,88,0,log,True,6,38.557,4.1417,1.8117,0.23656,1.2982,0.16288,0.042191,0.047124,14791,27.771,19433,2,True,True
HD_69106,-1,88,0,lin,False,0,43.37,8.7975,26.9,3.874,1.1353,0.093311,6.6842,0.50843,1449.3,27.771,19433,2,True,True
HD_69106,-1,88,0,lin,True,4,704.37,0.02,0.70015,1e-07,232.74,0.013088,0.029657,0.46908,9345.4,27.771,19433,2,False,True
HD_69106,-1,89,0,log,False,0,27.111,8.993,3.4785,1.2402,0.5722,0.14877,0.084515,0.032385,13445,28.805,20254,2,True,True
HD_69106,-1,89,0,log,True,9,27.878,5.2685,1.9639,0.43626,0.82669,0.17589,0.049117,0.044937,14219,28.805,20254,2,True,True
HD_69106,-1,89,0,lin,False,0,40.175,8.9192,25.6,3.6307,1.1073,0.10181,6.5109,0.49857,1320.6,28.805,20254,2,True,True
HD_69106,-1,89,0,lin,True,4,749.75,0.02,0.73119,1.0085e-07,253.28,0.012664,0.029471,0.41609,9050.6,28.805,20254,2,False,True
HD_69464,-1,8,330.93,log,False,0,72.336,2.192,3.0042,4.1609,3.0881,0.077004,0.095139,0.037189,7309.7,24.043,12951,2,True,True
HD_69464,-1,8,330.93,log,True,0,72.336,2.192,3.0042,4.1609,3.0881,0.077004,0.095139,0.037189,7309.7,24.043,12951,2,True,True
HD_69464,-1,8,330.93,lin,False,0,108.7,1.6223,2.1169,4.3607,1.3032,0.027755,0.045975,0.15343,11652,24.043,12951,2,True,True
HD_69464,-1,8,330.93,lin,True,0,108.7,1.6223,2.1169,4.3607,1.3032,0.027755,0.045975,0.15343,11652,24.043,12951,2,True,True
HD_69464,-1,35,335.05,log,False,0,69.274,2.266,2.9259,4.2502,2.8744,0.079351,0.091165,0.038152,7495.3,24.312,13791,2,True,True
HD_69464,-1,35,335.05,log,True,0,69.274,2.266,2.9259,4.2502,2.8744,0.079351,0.091165,0.038152,7495.3,24.312,13791,2,True,True
HD_69464,-1,35,335.05,lin,False,0,106.09,1.4836,1.8188,4.0812,1.2618,0.027059,0.034419,0.14038,13372,24.312,13791,2,True,True
HD_69464,-1,35,335.05,lin,True,0,106.09,1.4836,1.8188,4.0812,1.2618,0.027059,0.034419,0.14038,13372,24.312,13791,2,True,True
HD_69464,-1,61,546.51,log,False,0,67.3,2.2319,3.2673,6.5912,2.9164,0.080029,0.13372,0.05339,5494.5,24.29,16011,2,True,True
HD_69464,-1,61,546.51,log,True,0,67.3,2.2319,3.2673,6.5912,2.9164,0.080029,0.13372,0.05339,5494.5,24.29,16011,2,True,True
HD_69464,-1,61,546.51,lin,False,0,159.58,0.78714,1.4837,6.4432,2.7476,0.022944,0.029317,0.17455,12172,24.29,16011,2,True,True
HD_69464,-1,61,546.51,lin,True,0,159.58,0.78714,1.4837,6.4432,2.7476,0.022944,0.029317,0.17455,12172,24.29,16011,2,True,True
HD_69464,-1,62,257.76,log,False,0,51.657,2.5642,3.1799,2.8583,1.9548,0.077157,0.093511,0.025383,8438.8,25.007,17516,2,True,True
HD_69464,-1,62,257.76,log,True,0,51.657,2.5642,3.1799,2.8583,1.9548,0.077157,0.093511,0.025383,8438.8,25.007,17516,2,True,True
HD_69464,-1,62,257.76,lin,False,0,73.52,1.8945,2.0725,2.8141,0.7896,0.02915,0.040719,0.10591,13453,25.007,17516,2,True,True
HD_69464,-1,62,257.76,lin,True,0,73.52,1.8945,2.0725,2.8141,0.7896,0.02915,0.040719,0.10591,13453,25.007,17516,2,True,True
HD_74920,-1,8,239.03,log,False,0,75.357,3.551,2.3547,2.8082,2.6225,0.11994,0.057026,0.055576,10937,24.354,13170,2,True,True
HD_74920,-1,8,239.03,log,True,0,75.357,3.551,2.3547,2.8082,2.6225,0.11994,0.057026,0.055576,10937,24.354,13170,2,True,True
HD_74920,-1,8,239.03,lin,False,0,89.153,3.4951,2.6571,4.1454,0.90627,0.043906,0.063357,0.1929,11914,24.354,13170,2,True,True
HD_74920,-1,8,239.03,lin,True,0,89.153,3.4951,2.6571,4.1454,0.90627,0.043906,0.063357,0.1929,11914,24.354,13170,2,True,True
HD_74920,-1,9,266.66,log,False,0,55.288,4.0287,2.3897,2.8572,1.8594,0.13421,0.064436,0.056135,10022,24.497,16407,2,True,True
HD_74920,-1,9,266.66,log,True,0,55.288,4.0287,2.3897,2.8572,1.8594,0.13421,0.064436,0.056135,10022,24.497,16407,2,True,True
HD_74920,-1,9,266.66,lin,False,0,78.705,3.0651,1.7685,2.3129,1.0194,0.057035,0.041392,0.22237,12004,24.497,16407,2,True,True
HD_74920,-1,9,266.66,lin,True,0,78.705,3.0651,1.7685,2.3129,1.0194,0.057035,0.041392,0.22237,12004,24.497,16407,2,True,True
HD_76556,-1,8,386.39,log,False,0,71.315,2.9707,2.3234,4.6386,2.878,0.12106,0.070725,0.068625,8030.6,24.356,13173,2,True,True
HD_76556,-1,8,386.39,log,True,0,71.315,2.9707,2.3234,4.6386,2.878,0.12106,0.070725,0.068625,8030.6,24.356,13173,2,True,True
HD_76556,-1,8,386.39,lin,False,0,129.4,1.6021,1.4456,3.4834,2.2987,0.04785,0.036023,0.30365,10431,24.356,13173,2,True,True
HD_76556,-1,8,386.39,lin,True,0,129.4,1.6021,1.4456,3.4834,2.2987,0.04785,0.036023,0.30365,10431,24.356,13173,2,True,True
HD_90273,-1,9,43.784,log,False,0,8.6602,3.1302,1.4413,0.36638,0.44433,0.22984,0.059177,0.027977,7912,24.592,16523,2,True,True
HD_90273,-1,9,43.784,log,True,0,8.6602,3.1302,1.4413,0.36638,0.44433,0.22984,0.059177,0.027977,7912,24.592,16523,2,True,True
HD_90273,-1,9,43.784,lin,False,0,12.887,2.1919,1.1979,0.27233,0.28516,0.081978,0.03713,0.058521,9898.5,24.592,16523,2,True,True
HD_90273,-1,9,43.784,lin,True,0,12.887,2.1919,1.1979,0.27233,0.28516,0.081978,0.03713,0.058521,9898.5,24.592,16523,2,True,True
HD_90273,-1,10,58.188,log,False,0,11.775,2.0836,1.3016,0.48485,0.75869,0.20591,0.055725,0.033109,7335.5,25.239,16346,2,True,True
HD_90273,-1,10,58.188,log,True,0,11.775,2.0836,1.3016,0.48485,0.75869,0.20591,0.055725,0.033109,7335.5,25.239,16346,2,True,True
HD_90273,-1,10,58.188,lin,False,0,20.773,0.90909,0.86246,1e-07,0.713,0.068742,0.028114,0.082027,11498,25.239,16346,2,True,True
HD_90273,-1,10,58.188,lin,True,0,20.773,0.90909,0.86246,1e-07,0.713,0.068742,0.028114,0.082027,11498,25.239,16346,2,True,True
HD_90273,-1,37,38.102,log,False,0,8.9626,3.2435,1.5083,0.32069,0.41146,0.20543,0.053996,0.023274,9263.1,25.325,17338,2,True,True
HD_90273,-1,37,38.102,log,True,0,8.9626,3.2435,1.5083,0.32069,0.41146,0.20543,0.053996,0.023274,9263.1,25.325,17338,2,True,True
HD_90273,-1,37,38.102,lin,False,0,11.032,2.9319,1.3804,0.30238,0.18157,0.073589,0.036144,0.044438,11887,25.325,17338,2,True,True
HD_90273,-1,37,38.102,lin,True,0,11.032,2.9319,1.3804,0.30238,0.18157,0.073589,0.036144,0.044438,11887,25.325,17338,2,True,True
HD_91572,-1,36,139.74,log,False,0,25.186,1.114,1.179,1.3186,2.3075,0.16529,0.056037,0.059065,5712.8,24.437,16357,2,True,True
HD_91572,-1,36,139.74,log,True,0,25.186,1.114,1.179,1.3186,2.3075,0.16529,0.056037,0.059065,5712.8,24.437,16357,2,True,True
HD_91572,-1,36,139.74,lin,False,0,53.989,0.27856,0.7664,0.59625,3.3694,0.042101,0.026709,0.13016,10614,24.437,16357,2,True,True
HD_91572,-1,36,139.74,lin,True,0,53.989,0.27856,0.7664,0.59625,3.3694,0.042101,0.026709,0.13016,10614,24.437,16357,2,True,True
HD_91572,-1,37,63.431,log,False,0,13.746,3.0447,1.4512,0.54927,0.67877,0.21382,0.055741,0.039518,8591.2,25.323,17336,2,True,True
HD_91572,-1,37,63.431,log,True,0,13.746,3.0447,1.4512,0.54927,0.67877,0.21382,0.055741,0.039518,8591.2,25.323,17336,2,True,True
HD_91572,-1,37,63.431,lin,False,0,20.19,2.0953,1.061,0.031636,0.45144,0.08201,0.031386,0.097277,11868,25.323,17336,2,True,True
HD_91572,-1,37,63.431,lin,True,0,20.19,2.0953,1.061,0.031636,0.45144,0.08201,0.031386,0.097277,11868,25.323,17336,2,True,True
HD_91572,-1,63,68.526,log,False,0,11.39,3.9161,1.7082,0.68399,0.45952,0.20182,0.061307,0.030362,8820.8,26.531,18358,2,True,True
HD_91572,-1,63,68.526,log,True,0,11.39,3.9161,1.7082,0.68399,0.45952,0.20182,0.061307,0.030362,8820.8,26.531,18358,2,True,True
HD_91572,-1,63,68.526,lin,False,0,20.998,1.8537,1.0132,1e-07,0.531,0.085677,0.032261,0.10564,11335,26.531,18358,2,True,True
HD_91572,-1,63,68.526,lin,True,0,20.998,1.8537,1.0132,1e-07,0.531,0.085677,0.032261,0.10564,11335,26.531,18358,2,True,True
HD_91572,-1,64,97.032,log,False,0,16.862,2.2936,1.4404,0.85108,0.94525,0.1835,0.055422,0.038794,7847,26.916,18853,2,True,True
HD_91572,-1,64,97.032,log,True,0,16.862,2.2936,1.4404,0.85108,0.94525,0.1835,0.055422,0.038794,7847,26.916,18853,2,True,True
HD_91572,-1,64,97.032,lin,False,0,25.869,1.3978,1.156,0.78011,0.53076,0.053242,0.028709,0.071856,12437,26.916,18853,2,True,True
HD_91572,-1,64,97.032,lin,True,0,25.869,1.3978,1.156,0.78011,0.53076,0.053242,0.028709,0.071856,12437,26.916,18853,2,True,True
HD_91837,-1,10,3174.9,log,False,0,1918,0.02,1.5363,36.627,21566,0.16145,0.36773,0.28279,127.53,25.374,16457,2,False,True
HD_91837,-1,10,3174.9,log,True,0,1918,0.02,1.5363,36.627,21566,0.16145,0.36773,0.28279,127.53,25.374,16457,2,False,True
HD_91837,-1,10,3174.9,lin,False,0,4340,0.02,1.8944,43.894,32177,0.085592,0.26608,0.24144,651.44,25.374,16457,2,False,True
HD_91837,-1,10,3174.9,lin,True,0,4340,0.02,1.8944,43.894,32177,0.085592,0.26608,0.24144,651.44,25.374,16457,2,False,True
HD_91837,-1,36,1084.8,log,False,0,40.767,0.36255,2.0587,12.774,9.7405,0.096228,0.32733,0.093012,323.05,24.437,16354,2,True,True
HD_91837,-1,36,1084.8,log,True,0,40.767,0.36255,2.0587,12.774,9.7405,0.096228,0.32733,0.093012,323.05,24.437,16354,2,True,True
HD_91837,-1,36,1084.8,lin,False,0,568.37,0.02,1.1817,14.915,879.4,0.031761,0.09728,0.11968,1425,24.437,16354,2,False,True
HD_91837,-1,36,1084.8,lin,True,0,568.37,0.02,1.1817,14.915,879.4,0.031761,0.09728,0.11968,1425,24.437,16354,2,False,True
HD_91837,-1,37,28081,log,False,0,75.822,0.23005,11.598,321.91,59.076,0.081016,37.296,2.0686,-24.52,25.325,17337,2,True,False
HD_91837,-1,37,28081,log,True,0,75.822,0.23005,11.598,321.91,59.076,0.081016,37.296,2.0686,-24.52,25.325,17337,2,True,False
HD_91837,-1,37,28081,lin,False,0,42.902,49.975,3.3531,342.59,603.72,331.02,11.358,601.78,-23.41,25.325,17337,2,True,False
HD_91837,-1,37,28081,lin,True,0,42.902,49.975,3.3531,342.59,603.72,331.02,11.358,601.78,-23.41,25.325,17337,2,True,False
HD_91837,-1,63,789.97,log,False,0,321.06,0.02,1.1546,8.8405,1381.3,0.086138,0.17805,0.094184,349.54,26.531,18350,2,False,True
HD_91837,-1,63,789.97,log,True,0,321.06,0.02,1.1546,8.8405,1381.3,0.086138,0.17805,0.094184,349.54,26.531,18350,2,False,True
HD_91837,-1,63,789.97,lin,False,0,636.99,0.02,1.4041,10.604,1290.9,0.033629,0.10912,0.065328,1650,26.531,18350,2,False,True
HD_91837,-1,63,789.97,lin,True,0,636.99,0.02,1.4041,10.604,1290.9,0.033629,0.10912,0.065328,1650,26.531,18350,2,False,True
HD_92504,-1,36,0,log,False,0,4.3397,4.5969,1.8654,0.38694,0.16952,0.21789,0.074208,0.013897,7320.1,24.437,16351,2,True,True
HD_92504,-1,36,0,log,True,0,4.3397,4.5969,1.8654,0.38694,0.16952,0.21789,0.074208,0.013897,7320.1,24.437,16351,2,True,True
HD_92504,-1,36,0,lin,False,0,4.9101,4.9538,2.601,0.60322,0.067594,0.080507,0.085526,0.019316,8338.8,24.437,16351,2,True,True
HD_92504,-1,36,0,lin,True,0,4.9101,4.9538,2.601,0.60322,0.067594,0.080507,0.085526,0.019316,8338.8,24.437,16351,2,True,True
HD_92504,-1,37,0,log,False,0,5.8954,4.0821,1.9105,0.34792,0.22453,0.18345,0.063452,0.01211,8882.6,25.325,17337,2,True,True
HD_92504,-1,37,0,log,True,0,5.8954,4.0821,1.9105,0.34792,0.22453,0.18345,0.063452,0.01211,8882.6,25.325,17337,2,True,True
HD_92504,-1,37,0,lin,False,0,6.8638,4.2127,2.1268,0.47566,0.089233,0.070372,0.057914,0.023815,10489,25.325,17337,2,True,True
HD_92504,-1,37,0,lin,True,0,6.8638,4.2127,2.1268,0.47566,0.089233,0.070372,0.057914,0.023815,10489,25.325,17337,2,True,True
HD_92504,-1,63,0,log,False,0,6.844,3.2194,1.7412,0.29249,0.28681,0.16716,0.054035,0.011524,9755,26.531,18356,2,True,True
HD_92504,-1,63,0,log,True,0,6.844,3.2194,1.7412,0.29249,0.28681,0.16716,0.054035,0.011524,9755,26.531,18356,2,True,True
HD_92504,-1,63,0,lin,False,0,8.0351,3.3895,2.1388,0.48107,0.10889,0.061438,0.059157,0.023834,9994.7,26.531,18356,2,True,True
HD_92504,-1,63,0,lin,True,0,8.0351,3.3895,2.1388,0.48107,0.10889,0.061438,0.059157,0.023834,9994.7,26.531,18356,2,True,True
HD_92504,-1,64,0,log,False,0,6.1433,3.0659,1.6254,0.29767,0.27735,0.18149,0.055706,0.012882,9005.4,26.916,18854,2,True,True
HD_92504,-1,64,0,log,True,1,5.2128,3.6573,1.7148,0.30465,0.21519,0.1922,0.060147,0.012467,8857.6,26.916,18854,2,True,True
HD_92504,-1,64,0,lin,False,0,6.8686,3.6343,2.1186,0.47256,0.10107,0.07089,0.063896,0.02363,9090.2,26.916,18854,2,True,True
HD_92504,-1,64,0,lin,True,0,6.8686,3.6343,2.1186,0.47256,0.10107,0.07089,0.063896,0.02363,9090.2,26.916,18854,2,True,True
HD_92607,-1,10,1070.4,log,False,0,161.81,2.3873,5.7507,15.682,6.1952,0.054385,0.31242,0.11581,5358.2,25.371,16456,2,True,True
HD_92607,-1,10,1070.4,log,True,3,53.45,0.13873,1.9237,12.41,46.848,0.11255,0.51679,0.088886,100.96,25.371,16456,2,False,True
HD_92607,-1,10,1070.4,lin,False,0,439.64,1.9086,30,21.02,10.43,0.01868,7.679,2.0962,1747.1,25.371,16456,2,True,True
HD_92607,-1,10,1070.4,lin,True,2,18.719,0.95312,27.816,14.866,0.63548,0.013571,9.5877,0.086782,891.61,25.371,16456,2,True,True
HD_93190,-1,10,137.85,log,False,0,21.055,1.2054,1.9552,1.622,1.4924,0.094092,0.079503,0.018273,4483.4,25.374,16454,2,True,True
HD_93190,-1,10,137.85,log,True,2,20.029,1.2758,2.2192,1.661,1.301,0.084394,0.091396,0.015665,4430.9,25.374,16454,2,True,True
HD_93190,-1,10,137.85,lin,False,0,39.075,0.5613,1.2204,1.5206,1.0514,0.027977,0.028754,0.050647,10602,25.374,16454,2,True,True
HD_93190,-1,10,137.85,lin,True,1,37.22,0.61401,1.2932,1.5771,0.8794,0.026143,0.028859,0.04522,11045,25.374,16454,2,True,True
HD_93190,-1,36,110.17,log,False,0,27.372,1.1183,1.9247,1.3538,1.8939,0.082191,0.064466,0.016081,5806.4,24.437,16357,2,True,True
HD_93190,-1,36,110.17,log,True,1,26.58,1.1725,2.0422,1.3745,1.7468,0.078908,0.068326,0.014863,5808.7,24.437,16357,2,True,True
HD_93190,-1,36,110.17,lin,False,0,34.192,1.0711,1.8956,1.6026,0.50043,0.02363,0.042425,0.041408,10697,24.437,16357,2,True,True
HD_93190,-1,36,110.17,lin,True,1,33.933,1.0832,1.9461,1.5992,0.4797,0.022786,0.043118,0.040113,10880,24.437,16357,2,True,True
HD_93190,-1,37,170.99,log,False,0,35.542,0.80314,1.7606,1.9103,3.1254,0.078868,0.067112,0.022362,4615,25.325,17330,2,True,True
HD_93190,-1,37,170.99,log,True,2,15.265,1.7474,2.218,1.9603,0.88455,0.10944,0.10146,0.019711,4047.8,25.325,17330,2,True,True
HD_93190,-1,37,170.99,lin,False,0,50.872,0.73962,2.1521,2.5099,0.98102,0.01981,0.065249,0.059516,7329.5,25.325,17330,2,True,True
HD_93190,-1,37,170.99,lin,True,0,50.872,0.73962,2.1521,2.5099,0.98102,0.01981,0.065249,0.059516,7329.5,25.325,17330,2,True,True
HD_93190,-1,63,130.04,log,False,0,22.462,1.5237,2.4635,1.551,1.2166,0.077556,0.087621,0.013873,5806.2,26.531,18355,2,True,True
HD_93190,-1,63,130.04,log,True,3,13.386,2.2445,3.3262,1.5669,0.57277,0.080157,0.14494,0.012118,5212.1,26.531,18355,2,True,True
HD_93190,-1,63,130.04,lin,False,0,37.825,1.0506,1.9959,1.7815,0.6719,0.027402,0.056395,0.05477,8180.9,26.531,18355,2,True,True
HD_93190,-1,63,130.04,lin,True,1,37.756,1.0521,2.0176,1.7784,0.66326,0.026993,0.056925,0.054193,8220.1,26.531,18355,2,True,True
HD_93222,-1,36,118.45,log,False,0,21.666,2.0316,1.4946,1.1913,1.293,0.16732,0.057429,0.041833,6967.5,24.437,16356,2,True,True
HD_93222,-1,36,118.45,log,True,0,21.666,2.0316,1.4946,1.1913,1.293,0.16732,0.057429,0.041833,6967.5,24.437,16356,2,True,True
HD_93222,-1,36,118.45,lin,False,0,35.047,1.1519,1.14,0.9803,0.82432,0.051627,0.030239,0.092638,10747,24.437,16356,2,True,True
HD_93222,-1,36,118.45,lin,True,0,35.047,1.1519,1.14,0.9803,0.82432,0.051627,0.030239,0.092638,10747,24.437,16356,2,True,True
HD_93222,-1,37,82.625,log,False,0,17.803,2.7195,1.5975,0.80916,0.87583,0.17644,0.055516,0.034355,8431.6,25.325,17338,2,True,True
HD_93222,-1,37,82.625,log,True,0,17.803,2.7195,1.5975,0.80916,0.87583,0.17644,0.055516,0.034355,8431.6,25.325,17338,2,True,True
HD_93222,-1,37,82.625,lin,False,0,23.39,2.2855,1.3783,0.71209,0.39854,0.063153,0.035282,0.07687,11446,25.325,17338,2,True,True
HD_93222,-1,37,82.625,lin,True,0,23.39,2.2855,1.3783,0.71209,0.39854,0.063153,0.035282,0.07687,11446,25.325,17338,2,True,True
HD_93222,-1,63,128.66,log,False,0,22.242,1.8376,1.4452,1.2289,1.338,0.1559,0.053893,0.040897,7466.7,26.531,18357,2,True,True
HD_93222,-1,63,128.66,log,True,0,22.242,1.8376,1.4452,1.2289,1.338,0.1559,0.053893,0.040897,7466.7,26.531,18357,2,True,True
HD_93222,-1,63,128.66,lin,False,0,37.455,0.9677,1.0858,0.96496,0.92862,0.047307,0.027928,0.090672,11695,26.531,18357,2,True,True
HD_93222,-1,63,128.66,lin,True,0,37.455,0.9677,1.0858,0.96496,0.92862,0.047307,0.027928,0.090672,11695,26.531,18357,2,True,True
HD_93222,-1,64,82.389,log,False,0,15.38,3.3205,1.8455,0.86924,0.61373,0.15901,0.057447,0.025215,9409.4,26.917,18851,2,True,True
HD_93222,-1,64,82.389,log,True,0,15.38,3.3205,1.8455,0.86924,0.61373,0.15901,0.057447,0.025215,9409.4,26.917,18851,2,True,True
HD_93222,-1,64,82.389,lin,False,0,22.139,2.4259,1.429,0.69008,0.35754,0.062203,0.035749,0.071241,11966,26.917,18851,2,True,True
HD_93222,-1,64,82.389,lin,True,0,22.139,2.4259,1.429,0.69008,0.35754,0.062203,0.035749,0.071241,11966,26.917,18851,2,True,True
HD_93250,-1,36,231.78,log,False,0,45.456,4.2692,2.1396,2.3481,1.5716,0.15952,0.06221,0.066164,9786.3,24.437,16351,2,True,True
HD_93250,-1,36,231.78,log,True,0,45.456,4.2692,2.1396,2.3481,1.5716,0.15952,0.06221,0.066164,9786.3,24.437,16351,2,True,True
HD_93250,-1,36,231.78,lin,False,0,73.719,2.7386,1.3697,0.59014,1.312,0.07585,0.03809,0.30252,10758,24.437,16351,2,True,True
HD_93250,-1,36,231.78,lin,True,0,73.719,2.7386,1.3697,0.59014,1.312,0.07585,0.03809,0.30252,10758,24.437,16351,2,True,True
HD_93250,-1,37,268.77,log,False,0,37.37,5.4073,2.8419,3.0709,1.0672,0.14146,0.084163,0.049243,9459.4,25.325,17336,2,True,True
HD_93250,-1,37,268.77,log,True,0,37.37,5.4073,2.8419,3.0709,1.0672,0.14146,0.084163,0.049243,9459.4,25.325,17336,2,True,True
HD_93250,-1,37,268.77,lin,False,0,86.089,2.093,1.1789,1.002e-07,1.8502,0.077158,0.034839,0.36759,10680,25.325,17336,2,True,True
HD_93250,-1,37,268.77,lin,True,0,86.089,2.093,1.1789,1.002e-07,1.8502,0.077158,0.034839,0.36759,10680,25.325,17336,2,True,True
HD_93250,-1,63,163.35,log,False,0,37.146,5.3986,2.6952,1.9676,1.0128,0.13593,0.067637,0.039201,11748,26.531,18357,2,True,True
HD_93250,-1,63,163.35,log,True,0,37.146,5.3986,2.6952,1.9676,1.0128,0.13593,0.067637,0.039201,11748,26.531,18357,2,True,True
HD_93250,-1,63,163.35,lin,False,0,46.384,4.9974,2.2755,1.8505,0.50812,0.0665,0.055221,0.15389,12641,26.531,18357,2,True,True
HD_93250,-1,63,163.35,lin,True,0,46.384,4.9974,2.2755,1.8505,0.50812,0.0665,0.055221,0.15389,12641,26.531,18357,2,True,True
HD_93250,-1,64,188.05,log,False,0,36.882,5.5117,2.8012,2.0714,0.97419,0.1314,0.069697,0.037527,11910,26.916,18853,2,True,True
HD_93250,-1,64,188.05,log,True,0,36.882,5.5117,2.8012,2.0714,0.97419,0.1314,0.069697,0.037527,11910,26.916,18853,2,True,True
HD_93250,-1,64,188.05,lin,False,0,52.358,4.3491,1.9124,1.2955,0.64552,0.069701,0.046867,0.18725,12572,26.916,18853,2,True,True
HD_93250,-1,64,188.05,lin,True,0,52.358,4.3491,1.9124,1.2955,0.64552,0.069701,0.046867,0.18725,12572,26.916,18853,2,True,True
HD_93521,-1,48,275.01,log,False,0,63.435,5.903,2.5191,2.5423,1.7489,0.15637,0.063895,0.080102,12034,26.121,15503,2,True,True
HD_93521,-1,48,275.01,log,True,4,66.283,5.3499,2.4676,2.6232,1.9065,0.14921,0.061661,0.075475,11976,26.121,15503,2,True,True
HD_93521,-1,48,275.01,lin,False,0,83.116,5.4015,2.3435,2.9915,1.1325,0.087049,0.072389,0.36368,9444.4,26.121,15503,2,True,True
HD_93521,-1,48,275.01,lin,True,4,81.687,5.213,2.6649,3.7995,0.97401,0.07213,0.077289,0.28884,10171,26.121,15503,2,True,True
HD_93843,-1,10,882.34,log,False,0,113.68,1.9574,1.9317,9.5809,6.3015,0.12524,0.073322,0.14221,5696.8,25.371,16457,2,True,True
HD_93843,-1,10,882.34,log,True,1,62.524,3.6427,2.8032,10.052,2.4361,0.13728,0.1221,0.1092,5188.9,25.371,16457,2,True,True
HD_93843,-1,10,882.34,lin,False,0,258.28,0.76783,1.3293,10.015,7.241,0.038546,0.039232,0.47118,7757.8,25.371,16457,2,True,True
HD_93843,-1,10,882.34,lin,True,0,258.28,0.76783,1.3293,10.015,7.241,0.038546,0.039232,0.47118,7757.8,25.371,16457,2,True,True
HD_93843,-1,11,1176.9,log,False,0,141.18,1.8865,2.0637,13.14,7.2844,0.10773,0.07531,0.15255,5909.5,26.148,16876,2,True,True
HD_93843,-1,11,1176.9,log,True,1,92.962,2.7806,2.5243,13.326,3.9234,0.11951,0.10309,0.13397,5414.1,26.148,16876,2,True,True
HD_93843,-1,11,1176.9,lin,False,0,339.26,0.63809,1.3358,13.809,8.5299,0.028456,0.032944,0.4498,9719.5,26.148,16876,2,True,True
HD_93843,-1,11,1176.9,lin,True,0,339.26,0.63809,1.3358,13.809,8.5299,0.028456,0.032944,0.4498,9719.5,26.148,16876,2,True,True
HD_93843,-1,63,1223.4,log,False,0,114.56,2.2044,2.2537,13.719,5.4347,0.11214,0.088085,0.14371,5506.2,26.531,18355,2,True,True
HD_93843,-1,63,1223.4,log,True,2,74.783,3.2675,3.1042,13.978,2.8197,0.11332,0.14117,0.11879,4994.9,26.531,18355,2,True,True
HD_93843,-1,63,1223.4,lin,False,0,333.45,0.59531,1.2882,13.983,10.352,0.033317,0.037169,0.51461,7994.1,26.531,18355,2,True,True
HD_93843,-1,63,1223.4,lin,True,0,333.45,0.59531,1.2882,13.983,10.352,0.033317,0.037169,0.51461,7994.1,26.531,18355,2,True,True
HD_93843,-1,64,912.6,log,False,0,106.13,2.3171,2.2104,9.5251,4.9939,0.11573,0.078881,0.11739,6355.5,26.915,18851,2,True,True
HD_93843,-1,64,912.6,log,True,1,84.924,2.9019,2.4771,9.6725,3.4784,0.12022,0.091591,0.10801,6326.4,26.915,18851,2,True,True
HD_93843,-1,64,912.6,lin,False,0,249.37,0.93164,1.4552,10.01,6.8705,0.044014,0.048027,0.5246,6593.2,26.915,18851,2,True,True
HD_93843,-1,64,912.6,lin,True,1,135.32,1.9195,1.6815,9.8865,2.1038,0.04655,0.041784,0.30441,10646,26.915,18851,2,True,True
HD_94963,-1,63,1400.7,log,False,0,139.8,1.9161,2.2574,15.679,7.1778,0.10412,0.090223,0.15685,5142.7,26.531,18351,2,True,True
HD_94963,-1,63,1400.7,log,True,0,139.8,1.9161,2.2574,15.679,7.1778,0.10412,0.090223,0.15685,5142.7,26.531,18351,2,True,True
HD_94963,-1,63,1400.7,lin,False,0,453.03,0.35698,1.0433,12.876,16.778,0.026064,0.025038,0.54001,11508,26.531,18351,2,True,True
HD_94963,-1,63,1400.7,lin,True,0,453.03,0.35698,1.0433,12.876,16.778,0.026064,0.025038,0.54001,11508,26.531,18351,2,True,True
HD_94963,-1,64,723.44,log,False,0,120.1,3.101,2.8465,7.6564,4.0868,0.092331,0.077662,0.077826,9573.7,26.917,18851,2,True,True
HD_94963,-1,64,723.44,log,True,0,120.1,3.101,2.8465,7.6564,4.0868,0.092331,0.077662,0.077826,9573.7,26.917,18851,2,True,True
HD_94963,-1,64,723.44,lin,False,0,203.36,1.8085,1.6585,6.1636,2.6244,0.036794,0.033476,0.3615,13569,26.917,18851,2,True,True
HD_94963,-1,64,723.44,lin,True,0,203.36,1.8085,1.6585,6.1636,2.6244,0.036794,0.033476,0.3615,13569,26.917,18851,2,True,True
HD_96715,-1,10,41.103,log,False,0,8.9178,6.9167,1.8551,0.41083,0.28593,0.2544,0.070964,0.040627,9446.9,25.374,16456,2,True,True
HD_96715,-1,10,41.103,log,True,0,8.9178,6.9167,1.8551,0.41083,0.28593,0.2544,0.070964,0.040627,9446.9,25.374,16456,2,True,True
HD_96715,-1,10,41.103,lin,False,0,12.151,5.7231,1.472,0.17326,0.23161,0.12689,0.050122,0.10023,10186,25.374,16456,2,True,True
HD_96715,-1,10,41.103,lin,True,0,12.151,5.7231,1.472,0.17326,0.23161,0.12689,0.050122,0.10023,10186,25.374,16456,2,True,True
HD_96715,-1,11,45.568,log,False,0,9.0222,6.7187,1.9457,0.54073,0.29393,0.24764,0.075043,0.037719,8917.1,26.15,16881,2,True,True
HD_96715,-1,11,45.568,log,True,0,9.0222,6.7187,1.9457,0.54073,0.29393,0.24764,0.075043,0.037719,8917.1,26.15,16881,2,True,True
HD_96715,-1,11,45.568,lin,False,0,13.728,5.2439,1.3744,0.020117,0.30293,0.13935,0.05222,0.1261,9116.3,26.15,16881,2,True,True
HD_96715,-1,11,45.568,lin,True,0,13.728,5.2439,1.3744,0.020117,0.30293,0.13935,0.05222,0.1261,9116.3,26.15,16881,2,True,True
HD_96715,-1,37,58.243,log,False,0,12.2,4.1801,1.5122,0.45621,0.5527,0.25935,0.063113,0.048494,8330.3,25.321,17336,2,True,True
HD_96715,-1,37,58.243,log,True,1,12.079,4.2014,1.5523,0.49586,0.54149,0.25392,0.064053,0.045765,8217.8,25.321,17336,2,True,True
HD_96715,-1,37,58.243,lin,False,0,17.437,3.1515,1.1572,0.046581,0.39047,0.1062,0.03887,0.11518,10415,25.321,17336,2,True,True
HD_96715,-1,37,58.243,lin,True,0,17.437,3.1515,1.1572,0.046581,0.39047,0.1062,0.03887,0.11518,10415,25.321,17336,2,True,True
HD_96715,-1,63,43.671,log,False,0,9.4877,5.9644,1.6828,0.29685,0.33745,0.26211,0.065119,0.04206,9741.4,26.531,18353,2,True,True
HD_96715,-1,63,43.671,log,True,0,9.4877,5.9644,1.6828,0.29685,0.33745,0.26211,0.065119,0.04206,9741.4,26.531,18353,2,True,True
HD_96715,-1,63,43.671,lin,False,0,12.723,5.1397,1.3626,1.1225e-07,0.25562,0.12545,0.046892,0.10508,10434,26.531,18353,2,True,True
HD_96715,-1,63,43.671,lin,True,0,12.723,5.1397,1.3626,1.1225e-07,0.25562,0.12545,0.046892,0.10508,10434,26.531,18353,2,True,True
HD_97253,-1,10,936.7,log,False,0,203.95,1.9483,2.2617,10.452,9.805,0.091993,0.066152,0.12499,7770.8,25.371,16451,2,True,True
HD_97253,-1,10,936.7,log,True,0,203.95,1.9483,2.2617,10.452,9.805,0.091993,0.066152,0.12499,7770.8,25.371,16451,2,True,True
HD_97253,-1,10,936.7,lin,False,0,267.66,1.6501,1.8867,11.195,3.1559,0.02923,0.037126,0.3826,13225,25.371,16451,2,True,True
HD_97253,-1,10,936.7,lin,True,0,267.66,1.6501,1.8867,11.195,3.1559,0.02923,0.037126,0.3826,13225,25.371,16451,2,True,True
HD_97253,-1,37,540.55,log,False,0,144.79,3.044,2.8472,5.9797,4.9967,0.0881,0.068271,0.067137,10675,25.321,17333,2,True,True
HD_97253,-1,37,540.55,log,True,0,144.79,3.044,2.8472,5.9797,4.9967,0.0881,0.068271,0.067137,10675,25.321,17333,2,True,True
HD_97253,-1,37,540.55,lin,False,0,165.69,3.2688,3.6964,8.1803,1.4161,0.030173,0.092975,0.28995,12796,25.321,17333,2,True,True
HD_97253,-1,37,540.55,lin,True,0,165.69,3.2688,3.6964,8.1803,1.4161,0.030173,0.092975,0.28995,12796,25.321,17333,2,True,True
HD_97253,-1,64,548.03,log,False,0,114.79,3.5717,3.1215,5.9792,3.4912,0.08818,0.07658,0.060739,11158,26.917,18850,2,True,True
HD_97253,-1,64,548.03,log,True,0,114.79,3.5717,3.1215,5.9792,3.4912,0.08818,0.07658,0.060739,11158,26.917,18850,2,True,True
HD_97253,-1,64,548.03,lin,False,0,149.72,3.1983,2.6746,6.5255,1.4439,0.038341,0.060263,0.28647,13179,26.917,18850,2,True,True
HD_97253,-1,64,548.03,lin,True,0,149.72,3.1983,2.6746,6.5255,1.4439,0.038341,0.060263,0.28647,13179,26.917,18850,2,True,True
HD_97848,-1,10,86.078,log,False,0,27.862,0.29079,0.91741,0.68358,6.1736,0.11342,0.053588,0.047133,4859.9,25.374,16454,2,True,True
HD_97848,-1,10,86.078,log,True,0,27.862,0.29079,0.91741,0.68358,6.1736,0.11342,0.053588,0.047133,4859.9,25.374,16454,2,True,True
HD_97848,-1,10,86.078,lin,False,0,23.669,0.5815,1.1962,1.1558,0.64564,0.029777,0.028706,0.032929,10559,25.374,16454,2,True,True
HD_97848,-1,10,86.078,lin,True,0,23.669,0.5815,1.1962,1.1558,0.64564,0.029777,0.028706,0.032929,10559,25.374,16454,2,True,True
HD_97848,-1,11,108,log,False,0,17.567,0.73029,1.2162,1.1757,2.0421,0.13056,0.061817,0.031072,4217.5,26.15,16877,2,True,True
HD_97848,-1,11,108,log,True,0,17.567,0.73029,1.2162,1.1757,2.0421,0.13056,0.061817,0.031072,4217.5,26.15,16877,2,True,True
HD_97848,-1,11,108,lin,False,0,28.113,0.41638,1.0689,1.3341,1.0495,0.030562,0.028297,0.039803,10028,26.15,16877,2,True,True
HD_97848,-1,11,108,lin,True,0,28.113,0.41638,1.0689,1.3341,1.0495,0.030562,0.028297,0.039803,10028,26.15,16877,2,True,True
HD_97848,-1,37,64.986,log,False,0,16.11,0.97433,1.2212,0.62379,1.5512,0.14342,0.052839,0.027063,6044.2,25.321,17336,2,True,True
HD_97848,-1,37,64.986,log,True,0,16.11,0.97433,1.2212,0.62379,1.5512,0.14342,0.052839,0.027063,6044.2,25.321,17336,2,True,True
HD_97848,-1,37,64.986,lin,False,0,19.056,0.97131,1.2804,0.83237,0.38342,0.035651,0.028917,0.032921,11659,25.321,17336,2,True,True
HD_97848,-1,37,64.986,lin,True,0,19.056,0.97131,1.2804,0.83237,0.38342,0.035651,0.028917,0.032921,11659,25.321,17336,2,True,True
HD_97848,-1,64,59.149,log,False,0,14.688,0.83173,1.1417,0.54017,1.5146,0.13737,0.050062,0.025495,6415.7,26.917,18853,2,True,True
HD_97848,-1,64,59.149,log,True,0,14.688,0.83173,1.1417,0.54017,1.5146,0.13737,0.050062,0.025495,6415.7,26.917,18853,2,True,True
HD_97848,-1,64,59.149,lin,False,0,15.938,0.98689,1.2458,0.72049,0.34392,0.039339,0.029897,0.030616,11344,26.917,18853,2,True,True
HD_97848,-1,64,59.149,lin,True,0,15.938,0.98689,1.2458,0.72049,0.34392,0.039339,0.029897,0.030616,11344,26.917,18853,2,True,True
HD_99546,-1,10,143.98,log,False,0,15.717,1.5397,1.0788,1.1655,1.4891,0.26124,0.069491,0.0812,4647.8,25.304,16387,2,True,True
HD_99546,-1,10,143.98,log,True,0,15.717,1.5397,1.0788,1.1655,1.4891,0.26124,0.069491,0.0812,4647.8,25.304,16387,2,True,True
HD_99546,-1,10,143.98,lin,False,0,96.979,0.039633,0.6109,0.43232,22.587,0.023355,0.033086,0.17984,8332.4,25.304,16387,2,False,True
HD_99546,-1,10,143.98,lin,True,0,96.979,0.039633,0.6109,0.43232,22.587,0.023355,0.033086,0.17984,8332.4,25.304,16387,2,False,True
HD_99546,-1,11,82.984,log,False,0,19.662,1.3035,1.2007,0.67968,1.6003,0.16845,0.050988,0.042226,7164.3,26.15,16879,2,True,True
HD_99546,-1,11,82.984,log,True,0,19.662,1.3035,1.2007,0.67968,1.6003,0.16845,0.050988,0.042226,7164.3,26.15,16879,2,True,True
HD_99546,-1,11,82.984,lin,False,0,24.076,1.1714,1.1684,0.82795,0.49477,0.045327,0.027516,0.055419,12487,26.15,16879,2,True,True
HD_99546,-1,11,82.984,lin,True,0,24.076,1.1714,1.1684,0.82795,0.49477,0.045327,0.027516,0.055419,12487,26.15,16879,2,True,True
HD_99546,-1,37,61.412,log,False,0,12.486,2.6936,1.4896,0.58912,0.64569,0.19442,0.0563,0.030329,8086.4,25.321,17336,2,True,True
HD_99546,-1,37,61.412,log,True,0,12.486,2.6936,1.4896,0.58912,0.64569,0.19442,0.0563,0.030329,8086.4,25.321,17336,2,True,True
HD_99546,-1,37,61.412,lin,False,0,17.894,1.9434,1.1512,0.30822,0.3666,0.06987,0.031491,0.069035,11739,25.321,17336,2,True,True
HD_99546,-1,37,61.412,lin,True,0,17.894,1.9434,1.1512,0.30822,0.3666,0.06987,0.031491,0.069035,11739,25.321,17336,2,True,True
HD_99546,-1,64,69.518,log,False,0,11.478,3.332,1.6232,0.62919,0.51418,0.19715,0.059211,0.02862,8550.2,26.917,18852,2,True,True
HD_99546,-1,64,69.518,log,True,0,11.478,3.332,1.6232,0.62919,0.51418,0.19715,0.059211,0.02862,8550.2,26.917,18852,2,True,True
HD_99546,-1,64,69.518,lin,False,0,20.896,1.5221,0.97433,1.0008e-07,0.53352,0.075229,0.029159,0.090781,12284,26.917,18852,2,True,True
HD_99546,-1,64,69.518,lin,True,0,20.896,1.5221,0.97433,1.0008e-07,0.53352,0.075229,0.029159,0.090781,12284,26.917,18852,2,True,True
SS_215,-1,36,32.33,log,False,0,3.9324,2.465,3.0217,0.40893,0.16802,0.092321,0.1201,0.0035963,5602.2,24.436,16356,2,True,True
SS_215,-1,36,32.33,log,True,0,3.9324,2.465,3.0217,0.40893,0.16802,0.092321,0.1201,0.0035963,5602.2,24.436,16356,2,True,True
SS_215,-1,36,32.33,lin,False,0,10.144,0.6817,1.1634,0.29839,0.25136,0.03238,0.026794,0.015754,11412,24.436,16356,2,True,True
SS_215,-1,36,32.33,lin,True,0,10.144,0.6817,1.1634,0.29839,0.25136,0.03238,0.026794,0.015754,11412,24.436,16356,2,True,True
SS_215,-1,37,25.135,log,False,0,3.2962,3.1922,3.2286,0.32356,0.11585,0.09447,0.11218,0.0028852,7199.6,25.325,17338,2,True,True
SS_215,-1,37,25.135,log,True,0,3.2962,3.1922,3.2286,0.32356,0.11585,0.09447,0.11218,0.0028852,7199.6,25.325,17338,2,True,True
SS_215,-1,37,25.135,lin,False,0,8.5195,0.88517,1.0997,0.13984,0.2128,0.043528,0.027676,0.018683,11439,25.325,17338,2,True,True
SS_215,-1,37,25.135,lin,True,0,8.5195,0.88517,1.0997,0.13984,0.2128,0.043528,0.027676,0.018683,11439,25.325,17338,2,True,True
SS_215,-1,90,29.799,log,False,0,4.4863,2.0927,2.2929,0.33854,0.20483,0.096757,0.073803,0.0036494,7212.8,27.917,19274,2,True,True
SS_215,-1,90,29.799,log,True,0,4.4863,2.0927,2.2929,0.33854,0.20483,0.096757,0.073803,0.0036494,7212.8,27.917,19274,2,True,True
SS_215,-1,90,29.799,lin,False,0,7.6012,1.1749,1.4323,0.30224,0.1279,0.034036,0.030747,0.012476,12507,27.917,19274,2,True,True
SS_215,-1,90,29.799,lin,True,0,7.6012,1.1749,1.4323,0.30224,0.1279,0.034036,0.030747,0.012476,12507,27.917,19274,2,True,True
_theta__1__Ori,-1,6,948.65,log,False,0,267.99,0.40615,1.4439,11.93,43.28,0.079169,0.069297,0.17657,3026.4,21.772,14683,2,True,True
_theta__1__Ori,-1,6,948.65,log,True,0,267.99,0.40615,1.4439,11.93,43.28,0.079169,0.069297,0.17657,3026.4,21.772,14683,2,True,True
_theta__1__Ori,-1,6,948.65,lin,False,0,329.2,0.39015,1.4111,14.058,9.7413,0.018969,0.033933,0.27515,8881,21.772,14683,2,True,True
_theta__1__Ori,-1,6,948.65,lin,True,0,329.2,0.39015,1.4111,14.058,9.7413,0.018969,0.033933,0.27515,8881,21.772,14683,2,True,True
_theta__1__Ori,-1,32,7247.7,log,False,0,1617.2,1.1508,1.8998,80.936,105.78,0.081021,0.06067,0.95243,6402.5,25.902,16879,2,True,True
_theta__1__Ori,-1,32,7247.7,log,True,0,1617.2,1.1508,1.8998,80.936,105.78,0.081021,0.06067,0.95243,6402.5,25.902,16879,2,True,True
_theta__1__Ori,-1,32,7247.7,lin,False,0,2016.5,0.99602,1.7328,92.562,24.386,0.01896,0.029214,1.8958,14963,25.902,16879,2,True,True
_theta__1__Ori,-1,32,7247.7,lin,True,0,2016.5,0.99602,1.7328,92.562,24.386,0.01896,0.029214,1.8958,14963,25.902,16879,2,True,True
_theta__1__Ori,-1,98,739.02,log,False,0,260.91,0.4604,1.4371,7.7029,22.662,0.047512,0.034788,0.084869,11168,52.356,27212,2,True,True
_theta__1__Ori,-1,98,739.02,log,True,0,260.91,0.4604,1.4371,7.7029,22.662,0.047512,0.034788,0.084869,11168,52.356,27212,2,True,True
_theta__1__Ori,-1,98,739.02,lin,False,0,221.59,0.81963,2.246,10.895,2.0026,0.01012,0.034031,0.13476,23879,52.356,27212,2,True,True
_theta__1__Ori,-1,98,739.02,lin,True,0,221.59,0.81963,2.246,10.895,2.0026,0.01012,0.034031,0.13476,23879,52.356,27212,2,True,True
_theta__2__Ori,-1,6,0,log,False,0,50.102,2.5081,2.3993,9.6852,2.6956,0.14549,0.13122,0.10589,3224.9,21.772,14665,2,True,True
_theta__2__Ori,-1,6,0,log,True,1,50.048,2.5259,2.3995,9.5674,2.7198,0.14787,0.1323,0.1068,3183.5,21.772,14665,2,True,True
_theta__2__Ori,-1,6,0,lin,False,0,130.57,0.64252,1.0772,8.9768,5.0519,0.049671,0.036493,0.31793,7149.5,21.772,14665,2,True,True
_theta__2__Ori,-1,6,0,lin,True,0,130.57,0.64252,1.0772,8.9768,5.0519,0.049671,0.036493,0.31793,7149.5,21.772,14665,2,True,True
_theta__2__Ori,-1,32,0,log,False,0,114.54,0.69885,1.2916,8.8241,14.076,0.12591,0.069566,0.1888,3401.6,25.885,17126,2,True,True
_theta__2__Ori,-1,32,0,log,True,0,114.54,0.69885,1.2916,8.8241,14.076,0.12591,0.069566,0.1888,3401.6,25.885,17126,2,True,True
_theta__2__Ori,-1,32,0,lin,False,0,211.3,0.32106,1.0685,9.9068,9.2779,0.027044,0.028911,0.25299,9472.2,25.885,17126,2,True,True
_theta__2__Ori,-1,32,0,lin,True,0,211.3,0.32106,1.0685,9.9068,9.2779,0.027044,0.028911,0.25299,9472.2,25.885,17126,2,True,True
_theta__2__Ori,-1,98,1187.2,log,False,0,316.96,0.26313,1.2081,12.403,47.985,0.053116,0.042183,0.15936,6879,52.203,27084,2,True,True
_theta__2__Ori,-1,98,1187.2,log,True,0,316.96,0.26313,1.2081,12.403,47.985,0.053116,0.042183,0.15936,6879,52.203,27084,2,True,True
_theta__2__Ori,-1,98,1187.2,lin,False,0,305.19,0.37464,1.3782,15.523,6.2574,0.012708,0.021909,0.16753,20847,52.203,27084,2,True,True
_theta__2__Ori,-1,98,1187.2,lin,True,0,305.19,0.37464,1.3782,15.523,6.2574,0.012708,0.021909,0.16753,20847,52.203,27084,2,True,True
