key,vmac,vsini,vmac_src,SpType,logTeff_sp,logL_sp,logg_sp,ev_tau,ev_logM,ev_logR,ev_phase,ev_Mini,ev_dist,ev_R,f_rot
HD10125,28.0,167.0,SimonDiaz2017,O9.7 II,4.51,3.89,,0.8563136565781536,1.4652487324952028,1.1811782962877786,0.0,31.31809561843866,0.1526979896615957,15.176733087823957,0.21749538472960908
HD10293,22.0,64.0,SimonDiaz2017,B7 III,4.1,2.71,,1.0015883610376382,0.7933027273869929,1.0767993449368256,2.0,6.218053456913263,0.07744458171855714,11.934365791028593,0.10599673788996952
HD10362,20.0,33.0,SimonDiaz2017,B7 II,4.12,2.87,,1.001587951039029,0.8570520322470405,1.148031574743057,2.0,7.201088334610032,0.09514003104713663,14.06149752468167,0.04638678101060018
HD104337,58.0,99.0,SimonDiaz2017,B1 V,4.36,2.93,,0.7055718064468744,0.9954017549274257,0.7745767003528267,0.0,10.0,0.21575227671186517,5.950818443414329,0.32882919176287023
HD106625,20.0,33.0,SimonDiaz2017,B8 III,4.11,2.23,,0.9854167729749161,0.6303915177841224,0.7332327921490407,0.0,4.275084850508131,0.029920994342915678,5.410442577949788,0.12055716273874083
HD10756,36.0,33.0,SimonDiaz2017,B8 Ia,4.09,3.69,,1.0022961671149093,1.2193338633928432,1.799747061185275,2.0,17.184090299589933,0.07600581200472324,63.05899736205158,0.010343767481958647
HD11415,26.0,42.0,SimonDiaz2017,B3 Vp,4.17,2.82,,1.0008427239137805,0.8422215109086089,1.0173478188873681,2.0,6.959265180378926,0.1486434430191428,10.407533533779466,0.0797651786597258
HD114376,36.0,117.0,SimonDiaz2017,B7 III,4.13,2.4,,0.9849213387532723,0.7082776621086713,0.818579687917878,0.0,5.112406088928192,0.11054250468054473,6.585362524976608,0.351170515069667
HD11529,27.0,29.0,SimonDiaz2017,B5 III,4.13,2.45,,0.9914807371273664,0.7215588293981067,0.8410673836302098,0.6788682082071307,5.271091537373606,0.3086006582500755,6.9353340391410745,0.08264992903857706
HD11857,29.0,18.0,SimonDiaz2017,B7 I,4.12,2.43,,0.9962217667113523,0.7032657944796,0.8422883426502611,1.2207895914188363,5.053647971924096,0.058641494671535066,6.954859207282682,0.05115593574754905
HD119608,71.0,45.0,SimonDiaz2017,B1 Ib,4.33,3.81,,1.0011502473888916,1.306921294986786,1.4232885270501152,2.0,21.173597586575482,0.3797541034284132,26.502602757015534,0.03356107454831236
HD120086,41.0,94.0,SimonDiaz2017,B2 V,4.27,2.8,,0.8818027598621806,0.8929275823263774,0.8293923463273156,0.0,7.8186715056381875,0.08787627332536169,6.751376789474271,0.2751993336775922
HD120315,50.0,161.0,SimonDiaz2017,B3 V,4.25,2.36,,0.5407844729187201,0.7766378440286706,0.5902656980236065,0.0,5.98064927656187,0.10751034893665201,3.892832326442766,0.8174704237867321
HD12301,41.0,32.0,SimonDiaz2017,B8 Ib,4.08,3.45,,1.004220867497538,1.1245318329537053,1.653061189942528,2.0443772430610307,13.72452770399589,0.24974831686580415,44.9843231112803,0.014060496581279707
HD12303,23.0,74.0,SimonDiaz2017,B8 III,4.07,2.46,,1.0013600471928203,0.6994295914662455,0.9623568916613165,2.0,5.009311487168139,0.0816541914057007,9.169737252187744,0.15950955330779829
HD12323,34.0,130.0,SimonDiaz2017,ON9.2 V,4.54,3.63,,0.5696321183677927,1.3765836376671567,0.9445828983737841,0.0,24.292534057150906,0.2528409800928215,8.802031093152355,0.2919256962578433
HD125924,25.0,68.0,SimonDiaz2017,B2 IV,4.32,2.89,,0.805887311553991,0.9540190770595166,0.8070555661653294,0.0,8.999999999999998,0.2126317164075633,6.412916219213375,0.20958742276602058
HD1279,20.0,28.0,SimonDiaz2017,B8 III,4.12,2.77,,1.001422925797701,0.8175453213305911,1.0784927463749072,2.0,6.574966580579739,0.09737763853672042,11.98099112264908,0.04619310501836861
HD12993,80.0,79.0,SimonDiaz2017,O6.5 V((f)) Nstr,4.59,3.94,,0.660786579411164,1.5645136398888284,1.0958133845718803,0.0,39.59085389344613,0.15151294150911776,12.468476313048797,0.12523495887127872
HD13022,86.0,111.0,SimonDiaz2017,O9.7 II-III,4.51,3.89,,0.8563136565781536,1.4652487324952028,1.1811782962877786,0.0,31.31809561843866,0.1526979896615957,15.176733087823957,0.1445628006286623
HD13267,57.0,37.0,SimonDiaz2017,B5 Ia,4.15,3.96,,1.0018476578780235,1.3844707955809317,1.8921139920724153,2.0,25.57735671806097,0.056078722483301195,78.0034824424783,0.009375611493531376
HD135485,17.0,19.0,SimonDiaz2017,B3 V,4.25,2.18,,0.19250398134559538,0.7481608039138251,0.48510852596393517,0.0,5.599999999999999,0.17950539849978395,3.055684603657867,0.12290143273707388
HD13745,14.0,196.0,SimonDiaz2017,O9.7 II(n),4.51,3.99,,0.8714202804131984,1.527807748416766,1.2643199672548728,0.0,37.43995916241501,0.18735727163800464,18.37891914898023,0.21078901521168364
HD13841,80.0,48.0,SimonDiaz2017,B2 Ib,4.34,3.85,,1.0011148531793894,1.3306086976485423,1.4336777562087397,2.0,22.35827318620565,0.15104783430269694,27.144244354684947,0.03495226721285605
HD13854,67.0,48.0,SimonDiaz2017,B1 Iab,4.35,4.04,,1.000198631186248,1.457312814425906,1.5730873558349843,2.0,31.21298966903246,0.26346824566597654,37.41858460318659,0.025355124787248398
HD13866,77.0,43.0,SimonDiaz2017,B2 Ib,4.3,3.82,,1.001310573217766,1.31037764615076,1.489522824628958,2.0,21.343585859240836,0.3117020897645373,30.869018755565396,0.0275332514940061
HD14052,64.0,36.0,SimonDiaz2017,B1 Ib,4.35,3.76,,1.0010038322310593,1.2739290911459262,1.338898273551639,2.0,19.579701976586584,0.19502564488716964,21.822187025871898,0.03260739451267604
HD140873,52.0,64.0,SimonDiaz2017,B8 III,4.15,2.19,,0.8021591054304831,0.6651761585692918,0.6468380851565797,0.0,4.62803619245904,0.3516579698868578,4.4344328738318515,0.28526846129515776
HD14134,58.0,39.0,SimonDiaz2017,B3 Ia,4.19,4.01,,1.0007721113277779,1.425269960811458,1.861484164624294,2.0,28.58481925382087,0.08539954768918627,72.69158937054745,0.010604551685835571
HD14143,69.0,42.0,SimonDiaz2017,B2 Ia,4.26,3.97,,1.0009560805787645,1.4059210489791838,1.6925535869882027,2.0,27.106493095949617,0.2860615527639227,49.26671291067973,0.016850297547434914
HD142096,10.0,137.0,SimonDiaz2017,B2.5 V,4.23,2.41,,0.722236968404233,0.7697133277237279,0.6578754690105445,0.0,5.887265577548533,0.19660548929882127,4.548576141208981,0.5953289043810781
HD142669,40.0,113.0,SimonDiaz2017,B2 IV-V,4.27,2.72,,0.8333330845613205,0.8702254980597519,0.7776914112603592,0.0,7.420092599314005,0.110667652736867,5.99365044984176,0.37264809290151696
HD142763,15.0,91.0,SimonDiaz2017,B8 III,4.12,2.59,,1.0008050684605911,0.7479017624472093,0.9508471712414942,2.0,5.600774920883077,0.07960682141008796,8.929911837472575,0.20142162335784705
HD142990,28.0,120.0,SimonDiaz2017,B5 V,4.18,2.73,,1.0004148998872546,0.8113524392733791,0.9336950837717807,2.0,6.481654624176644,0.212042355705402,8.584106235952374,0.2763109099239692
HD14302,53.0,65.0,SimonDiaz2017,B1 II-III,4.36,3.57,,0.9988066688158813,1.1902452775769075,1.1798287328884416,1.7001545846378554,16.0,0.11557411799087697,15.129644824918149,0.08491736207580101
HD14322,46.0,34.0,SimonDiaz2017,B8 Ib,4.07,4.01,,1.0013892410232925,1.4223609330269134,2.107578888246852,2.0,28.375163486108075,0.17990150532482072,128.10877790276732,0.00524580206291356
HD14331,73.0,58.0,SimonDiaz2017,B0 III,4.48,3.83,,0.8879398899850752,1.4083982588936461,1.1800544022253794,0.0,26.99755716854682,0.2480409765986572,15.137508577015097,0.07573305253999277
HD14357,59.0,143.0,SimonDiaz2017,B2 II,4.32,3.78,,1.0011956889692315,1.2793145595282385,1.4088676469431158,2.0,19.837067139379364,0.046959573292155055,25.63702618375101,0.1102504222068593
HD144206,12.0,18.0,SimonDiaz2017,B9 III,4.06,2.05,,0.9430350834788525,0.6018145348589068,0.7316165557058293,0.0,4.0,0.0885695156799155,5.390344917324085,0.06600362986003926
HD144217,59.0,96.0,SimonDiaz2017,B0.5 V,4.47,3.06,,0.08651921377971758,1.1459634542053667,0.6867355078599936,0.0,14.0,0.08961590083281713,4.861110662725706,0.39034407887518685
HD144218,36.0,59.0,SimonDiaz2017,B2 IV-V,4.26,2.44,,0.6094850306305746,0.7967056547732675,0.6211315469613601,0.0,6.264069258818111,0.17317138200100052,4.179569458285365,0.27901807328912215
HD14443,58.0,36.0,SimonDiaz2017,BC2 Ib,4.34,3.78,,1.0010738823880028,1.2795246296599678,1.3683350562787908,2.0,19.845702162255225,0.08151968858403168,23.3525900951427,0.030470481372000355
HD144470,21.0,106.0,SimonDiaz2017,B1 V,4.4,3.06,,0.6253116066465971,1.0695476618528381,0.787004623965179,0.0,11.783469213807226,0.5927975672640242,6.1235691149898255,0.3421472959674701
HD14476,61.0,33.0,SimonDiaz2017,B0.5 III,4.4,3.58,,0.9711160558964684,1.22485611576027,1.1281977883719867,0.1495248186913439,17.264914501528906,0.12286079088962366,13.43376628548924,0.04855433632659409
HD14542,46.0,38.0,SimonDiaz2017,B8 Ia,4.1,3.98,,1.0017966669967482,1.3981106947635722,2.0128228160645394,2.0,26.54426779592898,0.16352197937927135,102.99658281320998,0.007292436419240175
HD145482,47.0,170.0,SimonDiaz2017,B2 V,4.29,2.75,,0.7964726605861311,0.8919393560199469,0.7647864661089293,0.0,7.799999999999999,0.019231309872819985,5.818170796372419,0.5775297038535541
HD14633,84.0,123.0,SimonDiaz2017,ON8.5 V,4.54,3.84,,0.7607458978263043,1.465457675468944,1.0950199239840555,0.0,30.936443059474417,0.24056460702224067,12.445717072655611,0.19534264244243862
HD147165,53.0,24.0,SimonDiaz2017,B1 III,4.39,3.31,,0.867869058266442,1.1341563500331504,0.9709819901492109,0.0,13.773612611742118,0.4654622239005651,9.353668844138124,0.05071554797295309
HD148605,83.0,186.0,SimonDiaz2017,B2.5 V,4.28,2.6,,0.7116956033992105,0.8470949608576898,0.6929635260876572,0.0,7.034739739656384,0.12623152222825354,4.931323868439383,0.7455234163763218
HD149438,10.0,7.0,SimonDiaz2017,B0 V,4.51,3.11,,0.002400839388243271,1.2013830788195143,0.6921345499991528,0.0,15.904312552059238,0.5249851061916331,4.921919994550858,0.028110939519811022
HD14956,84.0,50.0,SimonDiaz2017,B2 Ia,4.28,3.99,,1.0004687262201784,1.4230389067772928,1.6747041791740107,2.0,28.39699431326478,0.0711367080996527,47.282908047864936,0.02090151162144874
HD154445,27.0,122.0,SimonDiaz2017,B1.5 V,4.34,3.15,,0.9431325855620759,1.0150717314232982,0.9303283434173708,0.0,10.56772398056414,0.13485704257787015,8.517817747769447,0.2831022741304634
HD155763,23.0,42.0,SimonDiaz2017,B6 III,4.12,2.47,,1.000289794882741,0.7104632150817227,0.8728716643993378,2.0,5.138202895727625,0.2390092881799921,7.462282126717867,0.11124730446155551
HD155806,95.0,47.0,SimonDiaz2017,O7.5 V((f))z(e),4.53,4.02,,0.8437331106555639,1.5504972387366185,1.243283512702174,0.0,39.66038814887346,0.15040150055566454,17.509893826957974,0.05305498743256717
HD15629,71.0,80.0,SimonDiaz2017,O4.5 V((fc)),4.63,4.07,,0.614995885948913,1.705090304491453,1.1511322068802594,0.0,57.30811650768947,0.2911324426137191,14.162248380973985,0.11165280827990941
HD156633,64.0,128.0,SimonDiaz2017,B1.5 Vp,4.27,2.87,,0.9997991559395841,0.8737601366251537,0.8693753840596157,0.0,7.4828888844022945,0.26048194508865646,7.402448320056255,0.3417798511898461
HD157056,22.0,19.0,SimonDiaz2017,OB,4.36,2.81,,0.5324974195351179,0.9541573932462035,0.6836883802478788,0.0,9.0,0.3644095254007379,4.827123166983105,0.07779955115934667
HD157857,64.0,114.0,SimonDiaz2017,O6.5 II(f),4.56,4.18,,0.8273411937002805,1.6856886195619845,1.3358044097271404,0.0,59.51276424124428,0.05774335443355119,21.66728070362855,0.10399496482803523
HD161480,16.0,18.0,SimonDiaz2017,B6,4.14,2.26,,0.8768175203407492,0.6810375611408043,0.7105231551727689,0.0,4.800000000000001,0.15745805371679525,5.134795538370513,0.06928850975318629
HD161573,21.0,47.0,SimonDiaz2017,B4,4.22,2.55,,0.8596757965590496,0.7948630799229928,0.7541086037376791,0.0,6.238542404010119,0.17205124938070215,5.676865486647443,0.16364439127893934
HD162094,98.0,95.0,SimonDiaz2017,B3 V,4.19,2.39,,0.8376572850800816,0.7444872560502002,0.7132741874416267,0.0,5.555441643012631,0.2985700736338214,5.1674250648003826,0.36338022426327826
HD162978,102.0,58.0,SimonDiaz2017,O8 II((f)),4.54,4.09,,0.8395000127700191,1.6196859985925458,1.2962802601668189,0.0,48.24437697679419,0.14001793936554777,19.78245835592977,0.057950822479251714
HD163472,13.0,67.0,SimonDiaz2017,B2 IV-V,4.32,2.86,,0.786806603500742,0.9540363981552945,0.7948688479944683,0.0,9.0,0.529053749881665,6.235465030782699,0.2123820583100834
HD163800,105.0,59.0,SimonDiaz2017,O7.5 III((f)),4.55,4.16,,0.8392338731603765,1.6720141404519335,1.3411201082342732,0.0,57.08686034967203,0.25837578929617905,21.934114600991986,0.05316719815880333
HD164353,52.0,25.0,SimonDiaz2017,B5 Ib,4.16,3.57,,1.0019246008344325,1.1823970215303663,1.5952334782033848,2.177177821577474,15.72591362311961,0.585102660953018,39.376170620808836,0.01254926820557901
HD164438,85.0,76.0,SimonDiaz2017,O9.2 IV,4.51,3.91,,0.8610419047457065,1.4801744126995684,1.1985066947181187,0.0,32.62654695255263,0.11176475102504177,15.79452955067977,0.09510837649887627
HD164492,52.0,33.0,SimonDiaz2017,O7.5 Vz,4.59,3.65,,0.25635462276423965,1.4715381770437015,0.9031073980660256,0.0,30.0,0.04929867006691383,8.000320730266147,0.08153018214518583
HD164794,94.0,56.0,SimonDiaz2017,O4 V((f))z,4.65,4.11,,0.5889153220938705,1.7464560437304102,1.150526943856636,0.0,63.72188490597684,0.15606718776133008,14.14252463310428,0.07826596672240567
HD16582,19.0,9.0,SimonDiaz2017,B2 IV,4.34,2.94,,0.7916616933603504,0.994389862056794,0.8201875774171401,0.0,9.999999999999998,0.6959218479852753,6.609788717080047,0.0269132907245312
HD166182,16.0,41.0,SimonDiaz2017,B2 IV,4.31,3.27,,0.9955494672485142,1.0556458417079417,1.0587414599906693,1.4433873663335803,11.655624448870602,0.52746608929353,11.448312086523234,0.07078712395007306
HD166546,69.0,42.0,SimonDiaz2017,O9.5 IV,4.49,3.86,,0.8817205672421063,1.4342471379078305,1.1917879174072215,0.0,28.91272070595999,0.25371554897124327,15.552059796220654,0.05337934541190136
HD167264,83.0,59.0,SimonDiaz2017,O9.7 Iab,4.48,4.02,,0.9742550354072832,1.490795582666909,1.3193559490067197,0.0,34.24590483902396,0.09230085920099855,20.862000381401295,0.055899501299429596
HD167633,111.0,139.0,SimonDiaz2017,O6.5 V((f)),4.58,4.01,,0.73839672367491,1.6113055436781885,1.1770420812060605,0.0,45.74349605742036,0.0649362637577693,15.032876209257735,0.1827614478079871
HD167659,98.0,59.0,SimonDiaz2017,O7 II-III(f),4.57,4.07,,0.7761640705090529,1.6312907112257489,1.2305015470315326,0.0,48.880053987569,0.06817807596878275,17.00206010057381,0.06859024203716847
HD167838,45.0,40.0,SimonDiaz2017,B5 Ia,4.18,3.82,,1.0018529330749173,1.2967702815743167,1.719851662542356,2.0,20.688139592623536,0.3429031940452363,52.46282378230712,0.015070241070655233
HD168075,94.0,81.0,SimonDiaz2017,O7 V(n)((f))z,4.57,3.84,,0.6640972979912567,1.5011268735874408,1.0575430435580568,0.0,33.5050279550664,0.15724071730697245,11.4167645222611,0.1402341692528339
HD169454,68.0,54.0,SimonDiaz2017,B1 Ia,4.26,4.24,,1.0000470103632795,1.621439129533933,1.9361661538318753,2.0,52.49375655104751,0.23886570573023752,86.33087721441778,0.012363444304777142
HD170740,19.0,42.0,SimonDiaz2017,B2 IV-V,4.28,2.75,,0.8265717501004326,0.8851545786278646,0.7811225921762668,0.0,7.679912434989248,0.21814811948738386,6.041191354057564,0.13741640068584
HD17081,24.0,18.0,SimonDiaz2017,B7 V,4.12,2.4,,0.9899169652216688,0.7062936567262695,0.8272812540739838,0.34036296959482254,5.089148670425625,0.2776341541860684,6.718638187601995,0.05295453048767135
HD171301,23.0,33.0,SimonDiaz2017,B8 IV,4.07,2.08,,0.9538937772371457,0.601806549512947,0.7273871482628202,0.0,4.0,0.4192546966939642,5.338105444920647,0.12219084337855401
HD171589,94.0,93.0,SimonDiaz2017,O7.5 II(f),4.56,4.1,,0.8071417418892658,1.6470224330332552,1.2772425265413316,0.0,51.81360629883837,0.23741885885783445,18.934006703497214,0.0970850352814646
HD172028,16.0,91.0,SimonDiaz2017,B2 V,4.36,2.81,,0.5324974195351179,0.9541573932462035,0.6836883802478788,0.0,9.0,0.3644095254007379,4.827123166983105,0.37261890292108146
HD173936,25.0,120.0,SimonDiaz2017,B7 III,4.08,1.99,,0.8830629575731629,0.6018473955304237,0.6736337213315196,0.0,4.0,0.5316331459005497,4.716650768955855,0.5028742472415637
HD174298,16.0,31.0,SimonDiaz2017,B1.5 IV,4.37,2.87,,0.5455073270826701,0.9968970814559338,0.7132083223437338,0.0,9.999999999999996,0.383270074518833,5.166641432577848,0.11859468946550301
HD175156,22.0,22.0,SimonDiaz2017,B5 II,4.15,3.24,,1.0014894955808484,1.0204302871126694,1.3544220660094024,2.0,10.741057596851359,0.32883114769739147,22.616326541758127,0.01922704246875746
HD175426,58.0,77.0,SimonDiaz2017,B2.5 V,4.24,2.63,,0.8599725067904838,0.8323266576774202,0.7756083721811339,0.0,6.8,0.09576238423726749,5.964971488774549,0.25514920750820186
HD175754,97.0,193.0,SimonDiaz2017,O8 II(n)((f))p,4.48,4.42,,1.0724814189503866,0.8283319688778726,1.186210561304534,4.110191720293359,39.92515763470779,0.06256593836580726,15.35361199713478,0.24846122291335046
HD17603,115.0,109.0,SimonDiaz2017,O7.5 Ib(f),4.53,4.21,,0.8746258110881661,1.6820417784907056,1.4106754439061973,0.0,60.505486295393716,0.12194362526116058,25.743965450059903,0.08368794907165983
HD176162,24.0,18.0,SimonDiaz2017,B5 IV,4.15,2.39,,0.9994357739723261,0.6854212931029111,0.7649918846404319,0.0,4.850282748447688,0.04349972283336509,5.8209234051366865,0.06112128711864546
HD176502,18.0,13.0,SimonDiaz2017,B4 IV,4.26,2.64,,0.8089121311386568,0.8449373576289804,0.7455315225792634,0.0,7.0,0.03406424189273413,5.56585031637882,0.04616615448299455
HD176853,45.0,153.0,SimonDiaz2017,B2 V,4.22,2.5,,0.8264695982387433,0.7849681303165812,0.7260942124763418,0.0,6.0981716597503475,0.3781866554734117,5.322237032266202,0.5682102831881662
HD177003,18.0,17.0,SimonDiaz2017,B2.5 IV,4.26,2.51,,0.7018329839528019,0.8136389866637722,0.6702297562501411,0.0,6.513523327500048,0.2894758660331118,4.679826542258051,0.07180108977665345
HD17743,22.0,48.0,SimonDiaz2017,B8 III,4.13,2.21,,0.8695165023975594,0.6625555438043853,0.6946437714083457,0.0,4.6,0.19115978283647866,4.950439660731089,0.19165022644390622
HD178065,4.0,17.0,SimonDiaz2017,B9 II,4.08,2.29,,0.9987396352571064,0.6451138045164033,0.8245970299524878,1.2686849286372852,4.420122977209499,0.0509681146689519,6.677240670259085,0.050322680025070614
HD178125,64.0,70.0,SimonDiaz2017,B8 III,4.13,1.93,,0.6359257591295686,0.6019388757352081,0.5295888307667294,0.0,4.0,0.13635391632449742,3.385235065186118,0.40871547359019456
HD178849,22.0,40.0,SimonDiaz2017,B3 V,4.22,2.55,,0.8596757965590496,0.7948630799229928,0.7541086037376791,0.0,6.238542404010119,0.17205124938070215,5.676865486647443,0.13927182236505478
HD179406,38.0,192.0,SimonDiaz2017,B3 V,4.19,2.94,,1.00087214526271,0.8909844126435009,1.0610155443326446,2.0,7.78671194513431,0.11974380536982131,11.508415793001392,0.3297596816246324
HD179761,21.0,19.0,SimonDiaz2017,B8 II-III,4.07,2.36,,1.0008240678776428,0.6653692674895063,0.8983891083780835,2.0,4.63130140119456,0.08441357402199912,7.913873580370686,0.04745438652364459
HD180163,34.0,21.0,SimonDiaz2017,B2.5 IV,4.22,3.15,,1.0009874272384043,0.981367371475398,1.1491084695935032,2.0,9.742661365379622,0.28549290644760084,14.096408270127695,0.029445755110833152
HD182255,25.0,30.0,SimonDiaz2017,B6 III,4.12,2.01,,0.7484982216049293,0.6019036931987869,0.5815190954203024,0.0,4.0,0.4508115227183428,3.815215689677119,0.15542254998568314
HD183143,55.0,37.0,SimonDiaz2017,B7 Ia,4.16,4.22,,1.0002356956045142,1.6015185857582048,2.113432612043176,2.0,48.605019122213236,0.03948482685938266,129.84720688243914,0.005632237797654771
HD183227,35.0,53.0,SimonDiaz2017,B7 III,4.11,2.6,,1.0010467684434827,0.7505556380429719,0.978588545555829,2.0,5.6350144133331765,0.12533832468837225,9.518939039590222,0.11005231810234793
HD18409,88.0,131.0,SimonDiaz2017,O9.7 Ib,4.51,3.99,,0.8714202804131984,1.527807748416766,1.2643199672548728,0.0,37.43995916241501,0.18735727163800464,18.37891914898023,0.14088449486087018
HD184930,32.0,63.0,SimonDiaz2017,B5 III,4.13,2.34,,0.9901694113323658,0.6788887267431606,0.7732454088638263,0.0,4.778646230587168,0.08207491331161719,5.932604664153662,0.20989737696792138
HD185418,10.0,132.0,SimonDiaz2017,B0.5 V,4.39,3.13,,0.7493399121966109,1.0760155146696613,0.8483880625223299,0.0,12.0,0.23612767513677688,7.05323026736608,0.36991142023331924
HD185423,32.0,154.0,SimonDiaz2017,B3 III,4.22,3.26,,1.0010958935704146,1.0329521739636995,1.2351553438557932,2.0,11.060411874836154,0.11974314797978361,17.18522979922732,0.1771239332788294
HD18604,50.0,131.0,SimonDiaz2017,B6 III,4.11,2.44,,1.0003438770464455,0.6981136423878993,0.8725569383069239,2.0,4.993960614267543,0.006356406643330571,7.456876292173052,0.3472371860467447
HD186568,22.0,20.0,SimonDiaz2017,B5 III,4.08,2.29,,0.9987396352571064,0.6451138045164033,0.8245970299524878,1.2686849286372852,4.420122977209499,0.0509681146689519,6.677240670259085,0.05920315297067131
HD186980,78.0,51.0,SimonDiaz2017,O7.5 III((f)),4.56,4.11,,0.8103645562809783,1.6519997695174504,1.2838105647940077,0.0,52.709198337593655,0.27521635484838847,19.222530771378594,0.052441062474481506
HD187459,76.0,150.0,SimonDiaz2017,B0.5 II,4.42,3.93,,0.9981089092126025,1.3967182509498257,1.3400918765150083,1.6006254979301289,26.39937450206987,0.08719391755291188,21.882245015247772,0.13549125119973218
HD187879,66.0,100.0,SimonDiaz2017,B1 III,4.3,3.58,,1.0010303031661978,1.1629211481060833,1.2866148252360772,2.0,14.999999999999998,0.21208692978045754,19.347053171769428,0.10216380172050309
HD188001,91.0,82.0,SimonDiaz2017,O7.5 Iabf,4.52,4.19,,0.8821929420882025,1.6682673557797334,1.4138790337614364,0.0,57.64052348683069,0.29495534163748194,25.934568928417566,0.06249520390522929
HD188209,76.0,52.0,SimonDiaz2017,O9.5 Iab,4.52,4.09,,0.8711831818175897,1.6086507730440731,1.3319052821330448,0.0,47.18837415482768,0.19064006244592077,21.4736209208405,0.04786410386630058
HD188252,46.0,94.0,SimonDiaz2017,B2 III,4.32,3.26,,0.9809466874782248,1.0646945638649437,1.0374115630579548,0.12374550354081741,11.880395698841328,0.3013618584138641,10.899625168108686,0.17046222830725827
HD188665,20.0,107.0,SimonDiaz2017,B5 V,4.13,2.25,,0.9042935813282068,0.6795038691171359,0.7319539751060952,0.0,4.783918840962384,0.13515277101638346,5.394534502403251,0.3920501942220696
HD189775,16.0,61.0,SimonDiaz2017,B5 III,4.12,2.67,,1.0011113418406752,0.7761825772784503,1.0045027406074138,2.0,5.977867283041706,0.08079639442329035,10.10421876756935,0.11932706676750017
HD189957,73.0,90.0,SimonDiaz2017,O9.7 III,4.49,3.86,,0.8817205672421063,1.4342471379078305,1.1917879174072215,0.0,28.91272070595999,0.25371554897124327,15.552059796220654,0.11438431159693149
HD190603,67.0,47.0,SimonDiaz2017,B1.5 Ia +,4.33,4.08,,1.0002636053117475,1.4779815957880065,1.6392332947639379,2.0,33.06377380023658,0.048158243730163156,43.574588525696015,0.021319471471016076
HD190864,82.0,55.0,SimonDiaz2017,O6.5 III(f),4.58,4.11,,0.7740027595443737,1.6668056064739702,1.2506463447619245,0.0,54.39104447057202,0.048082199320293686,17.809279292944336,0.06104192423411915
HD190919,77.0,48.0,SimonDiaz2017,B0.7 Ib,4.39,4.12,,0.9997310036013038,1.5239310404768223,1.5658184324323552,0.0,37.83048040393075,0.0713575929562059,36.797510037234865,0.025783072849656898
HD191139,59.0,41.0,SimonDiaz2017,B0.5 III,4.42,3.94,,0.9991921989189388,1.3970603190986646,1.3457254757521837,1.5725417477143462,26.427458252285653,0.19548904658581345,22.167947066617188,0.03655697499874557
HD191243,40.0,27.0,SimonDiaz2017,B5 Ib,4.16,3.58,,1.0019322799828867,1.1861800180190478,1.5995598789614967,2.1376669779824917,15.862333022017511,0.4601026713049232,39.77039266819005,0.013418864142580056
HD191746,20.0,78.0,SimonDiaz2017,B2 IV,4.25,3.1,,1.0006305999125216,0.9644695010605469,1.0557417999961123,2.0,9.29030028850935,0.38035410558672006,11.369511361547486,0.1356015561429696
HD191877,95.0,171.0,SimonDiaz2017,B1 Ib,4.33,3.82,,1.0011601548224731,1.3145443839350448,1.4347723692023302,2.0,21.544026040599462,0.2553792121048096,27.212746072983958,0.12420400840748032
HD191978,81.0,62.0,SimonDiaz2017,O8 Vz,4.55,3.87,,0.7498365575244285,1.4913392913902679,1.1043704781260508,0.0,33.06111075056087,0.20430098164869562,12.716584402986422,0.09636805243588421
HD192001,69.0,41.0,SimonDiaz2017,O9.5 IV,4.52,3.56,,0.5847788764404668,1.3357776630601188,0.9291073867684897,0.0,22.000000000000004,0.08633714962986666,8.49390475453191,0.09540877960227372
HD192276,24.0,19.0,SimonDiaz2017,B8 III,4.11,2.01,,0.7887732471125957,0.6018887780237907,0.6045658408146268,0.0,4.0,0.23011942461479054,4.02314643916323,0.09334684219455841
HD192422,87.0,49.0,SimonDiaz2017,B0.5 Ib,4.45,4.23,,0.9748655259758897,1.6370638589890625,1.5618545640401518,0.0,54.3834653603518,0.2220379680972396,36.46318190579922,0.026561548290527495
HD192639,96.0,104.0,SimonDiaz2017,O7.5 Iabf,4.54,4.21,,0.8639067254797148,1.6870882388675852,1.392738601647802,0.0,61.25396047375986,0.17479922562335048,24.702368817836213,0.08321595630930309
HD193183,64.0,51.0,SimonDiaz2017,B1.5 Ib,4.31,3.93,,1.0012595222013603,1.3814603936743939,1.5590905548476668,2.0,25.363069991194358,0.1713229399274501,36.2318537667163,0.02782220152438167
HD193514,98.0,62.0,SimonDiaz2017,O7 Ib(f),4.54,4.16,,0.8526361381167205,1.6657963681973782,1.3560373586639973,0.0,56.25472347342379,0.1618090269046072,22.700601174679658,0.05398414179088966
HD194279,59.0,50.0,SimonDiaz2017,B1.5 Ia,4.25,4.29,,1.0286638296465636,1.3794977895942948,1.861322884458904,2.6035369254486396,49.1442140565861,0.36963798963237815,72.66459953888345,0.013600628893984364
HD194280,56.0,120.0,SimonDiaz2017,OC9.7 Iab,4.44,3.99,,0.9876531268796381,1.4701490713481102,1.3738549070035235,0.0,32.3230354126661,0.048244112187723974,23.65129401830948,0.10028551516478731
HD194839,91.0,67.0,SimonDiaz2017,B0.5 Iae,4.39,4.29,,1.0028255122321492,1.5688307613481063,1.6701529413001006,0.28565122906148244,56.5820221607484,0.032665245845899304,46.789988806880984,0.028303082166230908
HD195556,11.0,158.0,SimonDiaz2017,B2.5 IV,4.23,3.19,,1.000969049029378,0.9978993365757433,1.1552533319169809,2.0,10.173973984537167,0.27815978706583255,14.29727701644774,0.21843167988643225
HD195810,35.0,49.0,SimonDiaz2017,B6 III,4.13,2.42,,0.9944884122727417,0.7091810756326922,0.8269860396715484,0.10515397960296594,5.123094341774292,0.050322893021302974,6.7140727029698,0.14425202255983535
HD195986,18.0,35.0,SimonDiaz2017,B4 III,4.19,2.73,,0.998373456129897,0.8161445291493004,0.9114032446535585,1.7005978914721136,6.55335738333383,0.16471554916114925,8.15461092422318,0.08483531377148328
HD196025,16.0,38.0,SimonDiaz2017,B2 IV-V,4.28,2.71,,0.7979290975056088,0.8760947995969297,0.757106927776552,0.0,7.521202032089219,0.21382669833068008,5.716193579237121,0.13139793485870363
HD197226,39.0,95.0,SimonDiaz2017,B6 III,4.13,2.23,,0.8879516238470158,0.6737844994833851,0.7164171944384197,0.0,4.721586265011593,0.37041328449201383,5.204957580524179,0.3607599197228703
HD197392,28.0,28.0,SimonDiaz2017,B8 II-III,4.14,2.72,,1.0009680694340468,0.7986795443525707,1.0049782022383285,2.0,6.295310530057824,0.15825239621129172,10.115286831462381,0.05471314757296502
HD197511,45.0,36.0,SimonDiaz2017,B2 V,4.22,2.71,,0.9838986609881707,0.823364284555558,0.8502243200438822,0.0,6.665788817363551,0.042708826419845074,7.083115441534431,0.1004592777507884
HD197512,20.0,13.0,SimonDiaz2017,B1 V,4.35,2.9,,0.7144115939013757,0.9777267625590725,0.7684375213781677,0.0,9.573982126843566,0.7767035597873021,5.867289553445253,0.04379431135868967
HD198183,53.0,150.0,SimonDiaz2017,B5 V,4.17,2.6,,0.9969198163844303,0.7723096803086436,0.8626711241554429,0.9114744816438979,5.924343424443504,0.13894232067093318,7.289053269931688,0.40675416221821764
HD19820,54.0,144.0,SimonDiaz2017,O8.5 III(n)((f)),4.51,3.91,,0.8610419047457065,1.4801744126995684,1.1985066947181187,0.0,32.62654695255263,0.11176475102504177,15.79452955067977,0.18020534494523924
HD198478,54.0,38.0,SimonDiaz2017,B2.5 Ia,4.2,4.11,,1.0005493399262428,1.4979127776347194,1.9278868772299285,2.0,35.08777884981838,0.24284174004595804,84.7006761484393,0.008867650952963248
HD198820,31.0,34.0,SimonDiaz2017,B3 III,4.17,2.6,,0.9969198163844303,0.7723096803086436,0.8626711241554429,0.9114744816438979,5.924343424443504,0.13894232067093318,7.289053269931688,0.092197610102796
HD199140,37.0,21.0,SimonDiaz2017,B2 III,4.36,3.59,,1.0006182367451366,1.1945081039893217,1.1966234994204137,2.0,16.17624855960428,0.15226545894885574,15.72618931265375,0.02639414912362261
HD199216,60.0,36.0,SimonDiaz2017,B1 II,4.38,3.93,,1.0009044989132534,1.3861521129393952,1.41870582760953,2.0,25.66721204042222,0.038255456798228865,26.2244161256289,0.027133670319797874
HD199478,46.0,43.0,SimonDiaz2017,B8 Ia,4.09,3.97,,1.0020965594904734,1.3841808299080123,2.015828915644675,2.0,25.562298977663595,0.058121220224309815,103.71197762213093,0.00819504628353369
HD199578,29.0,25.0,SimonDiaz2017,B7 III,4.15,2.39,,0.9994357739723261,0.6854212931029111,0.7649918846404319,0.0,4.850282748447688,0.04349972283336509,5.8209234051366865,0.08489067655367424
HD199579,70.0,66.0,SimonDiaz2017,O6.5 V((f))z,4.6,3.83,,0.4972362978610299,1.5406011930933505,1.0071601392407852,0.0,36.285507193061356,0.050548648803266524,10.166234876441472,0.12832038887278216
HD200340,45.0,116.0,SimonDiaz2017,B8 III,4.14,2.62,,1.000602967211795,0.7650732114350887,0.9412687583659223,2.0,5.826799638091794,0.12321432422743211,8.73511764314649,0.26248295196966015
HD201345,70.0,93.0,SimonDiaz2017,ON9.2 IV,4.52,3.79,,0.7858589025348415,1.424205338531323,1.0909873275508017,0.0,27.843928166686357,0.11861024202373814,12.330688525037944,0.1490759177880424
HD201795,10.0,8.0,SimonDiaz2017,B1 V,4.43,2.81,,0.002715168732778492,1.04136180616357,0.6036643980439274,0.0,11.0,0.24905738565637028,4.014804461046145,0.0393855994391646
HD201912,13.0,19.0,SimonDiaz2017,B5 III,4.21,2.71,,0.9936210273376124,0.8228635963561222,0.8701045342211012,0.419456357096886,6.655531595364397,0.02876495556602359,7.414886953656186,0.05064784104321263
HD202124,122.0,84.0,SimonDiaz2017,O9 Iab,4.51,4.19,,0.8939254860764425,1.6646841316326224,1.4331070318558536,0.0,57.22366439672648,0.26248052322260507,27.108596408106376,0.0612469018485045
HD202214,25.0,21.0,SimonDiaz2017,O9.5 IV,4.49,3.36,,0.49978797078958126,1.2369360319491212,0.840019292257627,0.0,17.355413311102268,0.3173456486941219,6.918617041617845,0.059994560093102264
HD202753,24.0,38.0,SimonDiaz2017,B7 III,4.11,2.12,,0.8749944644963454,0.639096945289527,0.6866557406900353,0.0,4.358927527861646,0.3668541325643428,4.860217901134314,0.15453957967379256
HD202850,37.0,40.0,SimonDiaz2017,B9 Iab,4.07,3.75,,1.0023858488223076,1.2463613631427752,1.8821011512052714,2.0,18.349013427929428,0.22734055889001567,76.22565259534635,0.01037219590422951
HD20365,19.0,128.0,SimonDiaz2017,B3 V,4.2,2.59,,0.9703596691389007,0.7816222610069896,0.816888932427884,0.0,6.056277827804847,0.20168763831583664,6.559774835041161,0.3856851414707862
HD204172,85.0,52.0,SimonDiaz2017,B0 Ib,4.46,4.05,,0.9809433312008965,1.4978270045878161,1.3775121744806738,0.0,35.033505606976824,0.06469023231761947,23.85130656365462,0.04309263391494422
HD204536,16.0,74.0,SimonDiaz2017,B3 III,4.18,2.76,,1.0005170432348829,0.8217341236134538,0.9555457969649476,2.0,6.638422784467494,0.06941819962084822,9.027048939549042,0.16203088105994182
HD205021,23.0,32.0,SimonDiaz2017,B1 III,4.44,3.14,,0.5078861590931402,1.1132476634974435,0.7710178313295445,0.0,12.999999999999996,0.36985832566826116,5.902253132359264,0.10716279141767561
HD205139,63.0,35.0,SimonDiaz2017,B1 Ib,4.41,3.91,,1.0007068304304183,1.3779493347844258,1.3461550704885688,2.0,25.113562152938794,0.24010917485359756,22.189885970783084,0.031176319578735765
HD206165,59.0,39.0,SimonDiaz2017,B2 Ib,4.28,4.03,,1.0004366878378188,1.4425476779881428,1.6969213790337627,2.0,29.97999410549261,0.12963679573145398,49.76469870608548,0.01549013129082285
HD206183,27.0,15.0,SimonDiaz2017,O9.5 IV-V,4.52,3.36,,0.28191246917882945,1.277140350468017,0.803664593684561,0.0,19.000000000000007,0.1562511639422701,6.363039125790716,0.04659491632163412
HD207198,83.0,71.0,SimonDiaz2017,O8.5 II((f)),4.52,4.15,,0.8771337162520881,1.646839401290764,1.3798207961297835,0.0,53.25876510743389,0.16747442116576147,23.978432876011514,0.058526078212842524
HD207330,47.0,37.0,SimonDiaz2017,B2.5 III,4.23,3.24,,1.0010076176042828,1.0230333548782855,1.196732737065471,2.0,10.806200462014079,0.31387595896436127,15.730145402417122,0.04649228140070434
HD207538,42.0,37.0,SimonDiaz2017,O9.7 IV,4.51,3.51,,0.5720739911992433,1.296312097575737,0.9013461530191108,0.0,20.0,0.26906534066302346,7.967941796259696,0.09178409747752836
HD207840,21.0,19.0,SimonDiaz2017,B8 III,4.11,2.09,,0.8479573022945053,0.6230537569278841,0.6561327016456259,0.0,4.199999999999999,0.16645934890424297,4.530359869974586,0.08289584636998744
HD208218,39.0,21.0,SimonDiaz2017,B1 III,4.33,3.42,,0.9993795962791882,1.1149501566010056,1.1265660750148034,1.7990553361184305,13.392136484653326,0.43091816957536144,13.383388190086118,0.031014521881086703
HD208266,2.0,135.0,SimonDiaz2017,B1 V,4.33,3.2,,0.9986503114427684,1.0308241884683047,0.9918788018121619,0.5792864437222041,11.0,0.21938116712916675,9.814740056907318,0.27187347449712684
HD2083,34.0,26.0,SimonDiaz2017,B0.2 V,4.47,3.28,,0.5021001106318589,1.202416288168251,0.82099497221529,0.0,16.0,0.29479581616520323,6.622088373304902,0.07760509707813823
HD208440,21.0,95.0,SimonDiaz2017,B1 V,4.31,3.12,,0.9985008654672214,0.9910468934267028,0.9618825924893091,0.5488828078117004,9.999999999999998,0.07680404669081733,9.159728318340305,0.20499953859451203
HD208501,52.0,34.0,SimonDiaz2017,B8 Ib,4.13,3.97,,1.0017937240950296,1.391900608567133,1.943703443198032,2.0,26.101184833703634,0.11099096535524271,87.84224835925794,0.007650456402836876
HD208947,66.0,148.0,SimonDiaz2017,B2 V,4.27,2.71,,0.8274550925875173,0.8690642193310865,0.7728743657259073,0.0,7.4,0.01983876134818788,5.927538258106917,0.4935137081724972
HD209008,22.0,19.0,SimonDiaz2017,B3 III,4.16,2.59,,0.9943067325786767,0.7686018388072096,0.8736533974940609,1.0044834606988162,5.873984848289058,0.18888420619771554,7.4757263828099765,0.050235655580669954
HD209339,67.0,102.0,SimonDiaz2017,O9.7 IV,4.51,3.61,,0.6960786831900174,1.3338674032087667,0.9801962119422035,0.0,22.0,0.1505592007355298,9.554241440843123,0.21101621585366837
HD209419,21.0,16.0,SimonDiaz2017,B5 III,4.15,2.36,,0.9303544060046116,0.708384249529395,0.7614750174203044,0.0,5.115001506338726,0.03985929920090537,5.773976572381063,0.05477177759456237
HD209975,92.0,52.0,SimonDiaz2017,O9 Ib,4.52,4.09,,0.8711831818175897,1.6086507730440731,1.3319052821330448,0.0,47.18837415482768,0.19064006244592077,21.4736209208405,0.04786410386630058
HD210191,25.0,12.0,SimonDiaz2017,B2.5 IV,4.28,3.21,,1.0006370062779484,1.0193790337419357,1.081886363412007,2.0,10.713999411123943,0.43044820528907424,12.074978424015509,0.019642951909733135
HD210424,20.0,19.0,SimonDiaz2017,B7 III,4.11,2.16,,0.8887471209719914,0.6432395058544982,0.7009765939484396,0.0,4.4,0.11155046767765817,5.023155167867077,0.07476337147308036
HD21071,18.0,67.0,SimonDiaz2017,B7 V,4.14,2.22,,0.8610043517766458,0.6774791758261487,0.6954210293611229,0.0,4.761419307503873,0.3175106600012369,4.959307408289985,0.26703343606901114
HD210809,112.0,65.0,SimonDiaz2017,O9 Iab,4.52,4.09,,0.8711831818175897,1.6086507730440731,1.3319052821330448,0.0,47.18837415482768,0.19064006244592077,21.4736209208405,0.05983012983287572
HD212222,25.0,34.0,SimonDiaz2017,B5 V,4.13,2.21,,0.8695165023975594,0.6625555438043853,0.6946437714083457,0.0,4.6,0.19115978283647866,4.950439660731089,0.13575224373110023
HD212593,33.0,25.0,SimonDiaz2017,B9 Iab,4.09,3.77,,1.0023947824870363,1.2612353800837675,1.8621719100298733,2.0,18.99837361233987,0.11544022997289878,72.80679440793654,0.0067870331340299335
HD21278,30.0,50.0,SimonDiaz2017,B4 V,4.19,2.52,,0.9149274772864991,0.7755460092573491,0.7922767792791827,0.0,5.9681133500249155,0.001582352852849129,6.198359755549877,0.1594428673123487
HD212883,12.0,9.0,SimonDiaz2017,B2 V,4.29,2.8,,0.8299932430892852,0.9029191041403091,0.7937056983488378,0.0,8.0,0.07355927556498947,6.218787233743392,0.028605443261550532
HD21291,29.0,41.0,SimonDiaz2017,B9 Ia,4.05,4.09,,1.0026930605715414,1.4716425524270769,2.2088523917500793,2.7190583303425977,32.561883339314804,0.08643656706490178,161.75301771491675,0.005010064715553717
HD212978,32.0,125.0,SimonDiaz2017,B1.5 V,4.25,3.07,,0.9999498242979321,0.9544422195996444,1.0338453427808518,1.9096543390164429,9.021889947895108,0.04873704235904926,10.810489088946671,0.2285475346968403
HD212986,22.0,27.0,SimonDiaz2017,B7 III,4.16,2.27,,0.8388770026928921,0.6987857779231385,0.6898844395289695,0.0,5.000000000000001,0.11710524328301657,4.896485125284302,0.10899114006407153
HD213087,91.0,56.0,SimonDiaz2017,B0.5 Ib,4.44,4.0,,0.9906224019210255,1.4709887879304853,1.37955613033698,0.0,32.41189569803939,0.07463756664736856,23.963824498870043,0.046189553856795025
HD213420,33.0,56.0,SimonDiaz2017,B2 IV,4.3,3.38,,1.0007556863622475,1.0922549561255759,1.1630948241237993,2.0,12.698700889615223,0.3775949962413864,14.557769011064522,0.0760335159504226
HD214263,5.0,83.0,SimonDiaz2017,B2 V,4.31,2.82,,0.7723360516182768,0.9029427700633692,0.7565739000089445,0.0,8.0,0.8110150760213768,5.709182159551397,0.28735321672513486
HD214432,83.0,136.0,SimonDiaz2017,B3 V,4.25,2.46,,0.6934538468841219,0.7933691552061736,0.6540426186850964,0.0,6.216010037978383,0.01658621905125725,4.508609467750716,0.5962222243524145
HD214680,41.0,16.0,SimonDiaz2017,O9 V,4.55,3.67,,0.567912972445372,1.4053403405714944,0.959191273980727,0.0,26.057860944113877,0.07843794479296638,9.10314109099225,0.034740861148643096
HD21483,45.0,129.0,SimonDiaz2017,B3 III,4.23,3.06,,1.000738648176973,0.9532359551831967,1.0793613961741917,2.0,8.999638657588408,0.3167931625920589,12.004978764502946,0.21239299296803804
HD216411,72.0,52.0,SimonDiaz2017,B0.7 Ia,4.33,4.44,,1.074013499507722,0.7948434399115679,1.4805725442846114,4.19878013867763,38.62281957301965,0.11550485498058567,30.23935644686953,0.03398933518795429
HD216538,21.0,18.0,SimonDiaz2017,B7 III,4.11,2.34,,0.989525174297445,0.6842479746692163,0.8089936411818608,0.0,4.838043114952928,0.175690861459249,6.441598338382996,0.055231995546979905
HD216831,17.0,67.0,SimonDiaz2017,B7 III,4.09,2.17,,0.9660256633778312,0.6274927587674259,0.7418133153355108,0.0,4.247708215214103,0.07558039098510803,5.518401757476025,0.23997906567134
HD216898,47.0,44.0,SimonDiaz2017,O9 V,4.56,3.4,,0.0009070310107310367,1.3423246409903122,0.7727693362314094,0.0,22.0,0.04548982541740577,5.926104919443055,0.14675577864947337
HD217348,43.0,168.0,SimonDiaz2017,B7 III,4.08,2.52,,1.001376738325282,0.7211002395173736,0.9857471412729537,2.0,5.265592533021182,0.16946095275348927,9.6771426115591,0.3431421050827144
HD218195A,67.0,52.0,SimonDiaz2017,O8.5 III Nstr,4.54,3.97,,0.8114587918479027,1.5372507080453643,1.1974357701201754,0.0,37.9559680321197,0.08032640052638214,15.755629879960638,0.06523481637810867
HD218376,54.0,30.0,SimonDiaz2017,B0.5 III,4.43,3.52,,0.8613729393038669,1.2375836766409152,1.0415001796046244,0.0,17.500471490556556,0.3425570674014239,11.00272300318676,0.053893072747833455
HD218407,2.0,156.0,SimonDiaz2017,B2 V,4.26,2.78,,0.8931479724051669,0.8824448156917639,0.8340541572671166,0.0,7.632403623094312,0.11112445842988501,6.8242378825326195,0.4518375413486746
HD218440,17.0,13.0,SimonDiaz2017,B2.5 IV,4.22,2.68,,0.9882002621673608,0.8004580433597274,0.8257442494668297,0.0,6.323591329100295,0.011473325037891977,6.694902389651818,0.03838053052608166
HD218915,93.0,51.0,SimonDiaz2017,O9.2 Iab,4.52,4.09,,0.8711831818175897,1.6086507730440731,1.3319052821330448,0.0,47.18837415482768,0.19064006244592077,21.4736209208405,0.04694364033041019
HD220222,21.0,122.0,SimonDiaz2017,B6 III,4.15,2.37,,0.9575635253645368,0.6980476275868799,0.7624823892165795,0.0,4.996265265044402,0.11374519472272408,5.787385198368492,0.41666719811602454
HD223128,20.0,11.0,SimonDiaz2017,B2 IV,4.35,2.99,,0.7822251289680419,0.9945103863179068,0.8144469521129837,0.0,9.999999999999998,0.10150840730591765,6.522993595433641,0.033331710704888565
HD223987,81.0,45.0,SimonDiaz2017,B1 Ib,4.32,3.97,,1.0005925746933664,1.4100058675248832,1.5771800993273926,2.0,27.400521778347613,0.2497524706113849,37.77288003278175,0.023547471786122206
HD224055,60.0,33.0,SimonDiaz2017,B3 Ia,4.21,4.02,,1.0006744884443137,1.4315815753798882,1.8266452336265244,2.0,29.087365660780986,0.06384951439929776,67.08806002424105,0.0097225587701123
HD224572,47.0,186.0,SimonDiaz2017,B1 V,4.33,3.42,,0.9993795962791882,1.1149501566010056,1.1265660750148034,1.7990553361184305,13.392136484653326,0.43091816957536144,13.383388190086118,0.27470005094676797
HD224990,40.0,22.0,SimonDiaz2017,B4 III,4.13,2.33,,0.9771805042646201,0.676249475485519,0.7642216986865754,0.0,4.751686798318964,0.059125858978921,5.810609618774831,0.07483639401632308
HD225094,57.0,34.0,SimonDiaz2017,B3 Iab,4.2,4.06,,1.0007869373916443,1.4690227502320723,1.8959178349079107,2.0,32.269502073850205,0.20880948777517236,78.68969009213278,0.008540296582853874
HD225160,107.0,85.0,SimonDiaz2017,O8 Iabf,4.52,4.2,,0.8823448000906292,1.6726145551505245,1.4191176824550837,0.0,58.62057731904391,0.19214510789832545,26.249297343831614,0.0640048838828818
HD226868,81.0,112.0,SimonDiaz2017,O9.7 Iabp var,4.47,4.14,,0.9742412756192133,1.5736387753573682,1.435281071013913,0.0,43.75477508338561,0.10182607210304434,27.244639832692258,0.08125476197172123
HD23300,21.0,19.0,SimonDiaz2017,B6 V,4.14,2.42,,0.9817214343432102,0.7203255201329944,0.8161920549964018,0.0,5.257027926882446,0.14042773682430532,6.549257332417263,0.05734207662345109
HD23302,54.0,180.0,SimonDiaz2017,B6 III,4.13,2.83,,1.0014084447493876,0.8412631644090285,1.0994106088193163,2.0,6.943845245236307,0.14494513989820446,12.572180535361381,0.2829917449405892
HD23338,24.0,107.0,SimonDiaz2017,B6 IV,4.11,2.61,,1.00109035502238,0.7543296668580513,0.9876256071306031,2.0,5.6842519759478645,0.24988591137380578,9.719090075300658,0.21760558684187575
HD23408,22.0,30.0,SimonDiaz2017,B8 III,4.08,2.69,,1.0018579409446235,0.7825923493609246,1.0976381488376719,2.0,6.066957207163994,0.30016363029077575,12.520975012220733,0.04735817703144148
HD23630,48.0,160.0,SimonDiaz2017,B7 III,4.12,2.87,,1.001587951039029,0.8570520322470405,1.148031574743057,2.0,7.201088334610032,0.09514003104713663,14.06149752468167,0.22490560489987968
HD23675,77.0,51.0,SimonDiaz2017,B0.5 III,4.43,3.88,,0.9931990655861261,1.3838798517257689,1.294347427057937,0.8728631967414118,25.529879340354256,0.04803299111188413,19.694611899588438,0.05118404679609723
HD237211,86.0,48.0,SimonDiaz2017,O9 Ib,4.52,4.09,,0.8711831818175897,1.6086507730440731,1.3319052821330448,0.0,47.18837415482768,0.19064006244592077,21.4736209208405,0.044182249722739
HD24398,59.0,40.0,SimonDiaz2017,B1 Ib,4.38,3.83,,1.00084082872404,1.3227883295222582,1.3422556400372023,2.0,21.93958416353403,0.08918890578068331,21.991539863424556,0.03595143434960698
HD24431,51.0,65.0,SimonDiaz2017,O9 III,4.54,3.91,,0.7932573499799671,1.5039737698308284,1.1501352000706875,0.0,34.44268444696322,0.10428931809804494,14.12977349670101,0.09092640642652967
HD24432,49.0,32.0,SimonDiaz2017,B3 II,4.15,3.68,,1.0020038742163524,1.2197939864113898,1.6737983973984982,2.0,17.202583175322676,0.11408662855356579,47.18439570811357,0.013404896085350877
HD24587,19.0,31.0,SimonDiaz2017,B5 V,4.14,2.15,,0.8158982137263667,0.6625792890473435,0.654515944079837,0.0,4.6,0.3154144513874165,4.513525953643323,0.13575555841914902
HD24640,78.0,128.0,SimonDiaz2017,B1.5 V,4.26,2.6,,0.7760318578624187,0.8323595120745845,0.7184191891356737,0.0,6.800000000000001,0.06082883853364444,5.229006589687622,0.4838409823883
HD250289,48.0,101.0,SimonDiaz2017,B2 III:e,4.32,3.76,,1.001198095819827,1.2726077914876144,1.3997238326021493,2.0,19.51912085078576,0.22341566124855713,25.102896333617327,0.07952605000740078
HD250290,34.0,41.0,SimonDiaz2017,B3 Ib,4.2,3.79,,1.0017786206094623,1.2782021068548557,1.6536084743919253,2.0,19.789850495426336,0.024498110622646393,45.0410466945618,0.017992323583938503
HD25204,54.0,71.0,SimonDiaz2017,B3 IV,4.2,2.79,,0.9998971014583297,0.839538254178213,0.9379115672678467,1.9200057941922752,6.916073645113192,0.22843133668555451,8.667853595799746,0.16190440025462402
HD25443,70.0,39.0,SimonDiaz2017,B0.5 III,4.44,3.64,,0.8894066189370737,1.2920214009408095,1.1071869409632822,0.0,20.0,0.1072819329518468,12.799321291519846,0.06022676507982015
HD256725,27.0,68.0,SimonDiaz2017,O5.5,4.51,4.04,,0.8864205096423495,1.5476666637604477,1.2935849849985261,0.0,39.767432696294165,0.19020804589914175,19.66006661329486,0.06836531173757249
HD25914,33.0,33.0,SimonDiaz2017,B6 Ia,4.16,4.16,,1.0004533882852589,1.5290406789865942,2.0433743208788084,2.0,38.44424313916886,0.04528499231975615,110.50306417483897,0.005902710582997783
HD26398,51.0,142.0,SimonDiaz2017,B7 III,4.2,2.72,,0.9888301499962935,0.827461204201871,0.8916349509877322,0.5235311376500834,6.726071550608141,0.0783708270222892,7.791748947336321,0.3602178785297226
HD27192,79.0,153.0,SimonDiaz2017,B1.5 IV,4.33,3.17,,0.9678140837918996,1.0091629309935604,0.944252809399554,0.0,10.434613501926256,0.1820653612904368,8.795343581201584,0.3438353241551681
HD2729,49.0,106.0,SimonDiaz2017,B6 V,4.15,2.57,,0.9965640012767663,0.7528777449750554,0.8760215666496955,1.443945991615784,5.665139611308505,0.13951905010316779,7.516602198209196,0.27873799345971084
HD27396,45.0,22.0,SimonDiaz2017,B4 IV,4.21,2.58,,0.9014551703169921,0.801342422158873,0.7950048657949215,0.0,6.332792726111268,0.18007958981072086,6.237418237885643,0.06971555446842598
HD27563,26.0,33.0,SimonDiaz2017,B5 III,4.16,2.61,,0.9992358279510868,0.7681664228417239,0.8921865613432267,1.8208685687189694,5.868124892838594,0.10814865134902395,7.801651767327889,0.08360634719561581
HD28114,24.0,21.0,SimonDiaz2017,B6 IV,4.17,2.66,,0.9989009249942445,0.7862287547318393,0.9038191077723241,1.7756273552294513,6.117220492451681,0.3443116428211808,8.01344218175022,0.051797888653867544
HD28446B,24.0,12.0,SimonDiaz2017,B1 IV:,4.47,3.3,,0.5363374536006841,1.202261420835704,0.8324010307042278,0.0,16.0,0.13394884161212064,6.798311038854519,0.03488928634456344
HD28503,19.0,62.0,SimonDiaz2017,B7 III,4.12,2.43,,0.9962217667113523,0.7032657944796,0.8422883426502611,1.2207895914188363,5.053647971924096,0.058641494671535066,6.954859207282682,0.1762037786860023
HD28843,60.0,113.0,SimonDiaz2017,B9 III,4.09,2.45,,1.0008004323710171,0.6964609029483708,0.9148373244670089,2.0,4.975102635601531,0.06251780123843262,8.21934716692715,0.2717396362863288
HD2905,82.0,59.0,SimonDiaz2017,B0.7 Ia,4.4,4.06,,0.9999626177703883,1.4738858307987108,1.493105689099163,0.7104656598889649,32.66934018663934,0.09549349039473796,31.124736907695226,0.037467799997387904
HD29227,20.0,19.0,SimonDiaz2017,B7 III,4.12,2.32,,0.9836336240640909,0.6796801608808338,0.7850582863173737,0.0,4.788648108190165,0.1501389165891479,6.096187081926456,0.06160375505790624
HD29248,40.0,32.0,SimonDiaz2017,B2 III,4.37,3.04,,0.7529144038698539,1.0363023003920189,0.82451353768369,0.0,10.999999999999998,0.39109717345610234,6.675957107122592,0.09474325720914545
HD30122,20.0,17.0,SimonDiaz2017,B5 III,4.17,2.68,,1.0004039119557713,0.7936872131359103,0.9247720026829325,2.0,6.2232747129704435,0.1088303718175335,8.40953539238548,0.039956624239204284
HD30211,33.0,132.0,SimonDiaz2017,B4 IV,4.18,2.82,,1.0007082762223378,0.8432390656989549,0.9974498938083373,2.0,6.975496649754484,0.10735168295432632,9.941453690369714,0.262443552693046
HD30614,119.0,99.0,SimonDiaz2017,O9 Ia,4.51,4.19,,0.8939254860764425,1.6646841316326224,1.4331070318558536,0.0,57.22366439672648,0.26248052322260507,27.108596408106376,0.07218384860716602
HD30677,36.0,167.0,SimonDiaz2017,B1 II-III((n)),4.33,3.94,,1.0010966246946438,1.3894882502830144,1.5276011330120032,2.0,25.911056712875606,0.027036299826534875,33.69776777096781,0.0979551353166696
HD30836,30.0,39.0,SimonDiaz2017,B2 III,4.29,3.16,,0.9961463679239605,0.9910949860028953,0.9982109285935836,1.0780627822219992,10.000000000000002,0.35429772731198833,9.958889843052853,0.07740438229098856
HD31327,53.0,35.0,SimonDiaz2017,B2.5 Ib,4.26,3.59,,1.0014206500210634,1.1874405119256084,1.402101303210917,2.1265798085761762,15.909489250663665,0.3165188909690243,25.240694664030773,0.02740807991416679
HD3240,33.0,68.0,SimonDiaz2017,B7 III,4.09,2.34,,0.9997349062503902,0.6635768324308978,0.843942468110818,1.6786004926933351,4.6118981683370635,0.03144037358037051,6.981399139112984,0.19252109154872257
HD32612,20.0,56.0,SimonDiaz2017,B2.5 IV,4.28,2.7,,0.7862990003661927,0.8697491168291781,0.7464158334093891,0.0,7.411557624464841,0.14727045878308245,5.577195052158303,0.19846506208833314
HD3360,17.0,23.0,SimonDiaz2017,B2 IV,4.29,2.91,,0.968441276206891,0.9162945403354401,0.8859672204197578,0.0,8.269552065849904,0.6692883351064661,7.690723902247408,0.059111568914077005
HD3369,19.0,18.0,SimonDiaz2017,B5 V,4.17,2.56,,0.9814043853139917,0.7720408432465378,0.8526142825820742,0.0,5.9205429937955945,0.08182604667889729,7.1222019278841096,0.04995397973035285
HD3379,57.0,47.0,SimonDiaz2017,B2.5 IV,4.22,2.47,,0.7985740566674073,0.7779882104726975,0.7060511558971366,0.0,5.999999999999999,0.048592013403273904,5.082193025963721,0.1827925842621217
HD34078,31.0,17.0,SimonDiaz2017,O9.5 V,4.53,3.53,,0.493503279662772,1.3371678881300904,0.8958049861414058,0.0,21.999999999999996,0.030201410694165834,7.866924571344018,0.04271258007529485
HD34085,51.0,38.0,SimonDiaz2017,B8 Ia,4.1,4.1,,1.0013181889280367,1.475523237579137,2.1107287187465484,2.0,32.877903317075976,0.06978276983652605,129.04129677119067,0.005820586512673875
HD34503,32.0,34.0,SimonDiaz2017,B5 III,4.13,2.79,,1.001314785105384,0.8234414588653038,1.0692879783083427,2.0,6.664753519005634,0.16686803590113647,11.729728996789964,0.057293164367530146
HD34656,87.0,44.0,SimonDiaz2017,O7.5 II(f),4.57,4.17,,0.8084940989103968,1.6879494686722716,1.3116567932849013,0.0,59.30135216412804,0.0461165699477545,20.49541862255897,0.04243339244869517
HD34759,30.0,58.0,SimonDiaz2017,B5 V,4.16,2.4,,0.930908749616944,0.7247699047654771,0.7702028079732143,0.0,5.311528656879788,0.06662284490823121,5.891186993214786,0.19459741028557753
HD34989,12.0,48.0,SimonDiaz2017,B1 V,4.43,3.03,,0.40576350003141953,1.0788190628953767,0.7214268142357668,0.0,11.999999999999998,0.36310525816913247,5.265344776964201,0.18018817801386644
HD35039,20.0,11.0,SimonDiaz2017,B2 IV-V,4.3,2.87,,0.8642487411382672,0.9539508417953793,0.8509228222978614,0.0,9.0,0.9148562618199071,7.094516813603566,0.03064656003576347
HD35299,15.0,8.0,SimonDiaz2017,B1.5 V,4.37,2.69,,0.22478279660688594,0.9542128092451555,0.6053987784064714,0.0,9.0,0.020069375299533773,4.030869874730969,0.03922862440204382
HD35468,27.0,53.0,SimonDiaz2017,B2 III,4.29,2.99,,0.9286252286936396,0.9510157359202099,0.9081110029621103,0.0,8.944627149809653,0.25521549422659134,8.093027254768039,0.12944245388085834
HD35497,18.0,58.0,SimonDiaz2017,B7 III,4.1,2.54,,1.0009968830895173,0.727734646055296,0.9560348009654772,2.0,5.3465368459367095,0.11362224796379253,9.037218880298187,0.12685426208796763
HD35600,32.0,24.0,SimonDiaz2017,B9 Ib,4.08,3.13,,1.0018909568780316,0.9745209037661925,1.4144547808221888,2.0,9.559678693192405,0.3848487981260426,25.968973357649805,0.018267046388580642
HD35619,62.0,43.0,SimonDiaz2017,O7.5 V((f))z,4.58,3.8,,0.5694521730788182,1.49843278620412,1.0106867397646724,0.0,32.88988328647836,0.22288745499867957,10.249123817066561,0.08292654786303805
HD35633,123.0,176.0,SimonDiaz2017,B0.5 IV,4.53,4.24,,0.8882580646851169,1.6909758484933868,1.4309021635018127,0.0,63.289047839961654,0.24866840969778997,26.97131762619884,0.12898000073478924
HD35912,21.0,10.0,SimonDiaz2017,B2 V,4.28,2.47,,0.527186105523233,0.8199394441436657,0.6069595984302031,0.0,6.607380299026298,0.06072966092784496,4.045382565408009,0.0488598660858007
HD36267,46.0,136.0,SimonDiaz2017,B5 V,4.18,2.2,,0.7169479601502233,0.6911979258659494,0.6133443425543539,0.0,4.91389996811415,0.3850984380594502,4.105294737813544,0.6547966314911585
HD36285,19.0,11.0,SimonDiaz2017,B2 IV-V,4.31,2.65,,0.6060668819111851,0.8842996704291077,0.6698118964457335,0.0,7.663559105318441,0.14531295384821472,4.675325976325329,0.046504251586693184
HD36351,17.0,30.0,SimonDiaz2017,B1.5 V,4.34,2.74,,0.5234611392746783,0.9502909481896946,0.678651258893881,0.0,8.92436135266973,0.9610177288761896,4.771459686699732,0.12427445481471597
HD36371,45.0,35.0,SimonDiaz2017,B5 Iab,4.16,3.97,,1.0015499640997403,1.398318001185092,1.8890112373721508,2.0,26.554518770642357,0.1567713934811827,77.44818372651325,0.008932410589301032
HD36408,29.0,52.0,SimonDiaz2017,B7 II,4.06,2.45,,1.0015771688400277,0.6941339965698075,0.9739120338523997,2.0,4.94858087135079,0.10581189891201852,9.416988365380169,0.1091448329615921
HD36430,30.0,13.0,SimonDiaz2017,B2 V,4.28,2.4,,0.40856695238702606,0.80612007339349,0.5656759939791755,0.0,6.399999999999999,0.10158477232214608,3.6785443291748376,0.06985206172377648
HD36483,72.0,174.0,SimonDiaz2017,O9.5 IV(n),4.51,3.64,,0.7110800605693444,1.3447737235239698,0.9944509514100226,0.0,22.64056720989076,0.46820582638552155,9.87304124751693,0.3483454703511943
HD36486,96.0,128.0,SimonDiaz2017,O9.5 II Nwk,4.51,3.99,,0.8714202804131984,1.527807748416766,1.2643199672548728,0.0,37.43995916241501,0.18735727163800464,18.37891914898023,0.13765813238314034
HD36512,25.0,15.0,SimonDiaz2017,O9.7 V,4.53,3.3,,0.04364520325406247,1.2784734881850575,0.7520777688132793,0.0,19.000000000000004,0.0726736677095658,5.650381467447879,0.052471727320636374
HD36591,19.0,9.0,SimonDiaz2017,B1 IV,4.43,3.03,,0.40576350003141953,1.0788190628953767,0.7214268142357668,0.0,11.999999999999998,0.36310525816913247,5.265344776964201,0.03378528337759996
HD36629,18.0,10.0,SimonDiaz2017,B2 Vv,4.29,2.47,,0.45750168186058787,0.8324404437169198,0.5930724824909581,0.0,6.8,0.08801806536008734,3.9180726314848657,0.05044746971338316
HD36822,38.0,18.0,SimonDiaz2017,B0.2 IV,4.46,3.34,,0.6493804044779175,1.2016986747602882,0.87757549263959,0.0,16.0,0.13162099542481986,7.543545125584565,0.04716381022688354
HD36861,75.0,51.0,SimonDiaz2017,O8 III((f)),4.55,4.06,,0.8203213267769675,1.6097798221497925,1.2601107910519302,0.0,46.63747794243677,0.14646508078946988,18.201651341152406,0.05538233417428405
HD36862,5.0,75.0,SimonDiaz2017,B0.5 V,4.4,2.9,,0.3476224882243657,1.04105986809758,0.6849604544172466,0.0,10.999999999999996,0.4685039431673768,4.841282822744209,0.3062052832615179
HD36959,14.0,12.0,SimonDiaz2017,B1 V,4.39,2.86,,0.41160232366112504,0.9978896313159868,0.6750117800829328,0.0,10.000000000000002,0.3584905291483077,4.7316409319469415,0.05012811071367695
HD36960,37.0,22.0,SimonDiaz2017,B0.5 V,4.46,3.33,,0.6398032292680396,1.200503456513488,0.8725133323549098,0.0,15.954651415439368,0.2152990549537243,7.456127611543706,0.058320497389614874
HD37020,15.0,55.0,SimonDiaz2017,B0.5 V,4.48,3.13,,0.14358028369309808,1.1757582434673588,0.7164441982485389,0.0,15.0,0.04493622793622034,5.205281227408596,0.2088480198802601
HD37022,56.0,26.0,SimonDiaz2017,O7 Vp,4.59,3.58,,0.11659505094677829,1.4451051087071471,0.8596115163141546,0.0,28.000000000000007,0.21822345833876458,7.237882297248329,0.07100251012174001
HD37041,47.0,133.0,SimonDiaz2017,O9.5 IVp,4.54,3.31,,0.011491859426219359,1.300887383586861,0.7517961148043832,0.0,20.000000000000004,0.10027270339241522,5.646718200435034,0.46555114265710246
HD37042,13.0,33.0,SimonDiaz2017,B2-B5,4.47,3.08,,0.14402013993069443,1.14587475086355,0.6993984767241325,0.0,14.000000000000002,0.23594827661185752,5.004935404888575,0.13032488006166917
HD37043,84.0,104.0,SimonDiaz2017,O9 III var,4.52,3.96,,0.8486428511154458,1.516428185166831,1.222977335777895,0.0,36.078372761351346,0.06072875025108293,16.710034085501363,0.12301777684971567
HD37061,93.0,191.0,SimonDiaz2017,O9 V,4.45,3.01,,0.16089995800457646,1.1137382978947152,0.6850915531713566,0.0,13.000000000000004,0.018212487709716212,4.842744462202094,0.7795674275875755
HD37128,85.0,42.0,SimonDiaz2017,B0 Ia,4.47,4.05,,0.9722600497694462,1.506525772480786,1.3581011402951342,0.0,35.84917081867049,0.12162546636381978,22.808731893353603,0.036396533380749344
HD37209,15.0,50.0,SimonDiaz2017,B2 IV,4.38,2.76,,0.2153089258405136,0.999023744017334,0.6310609134771409,0.0,10.000000000000004,0.6871149095991871,4.276228596712424,0.23111118353638455
HD37320,26.0,27.0,SimonDiaz2017,B8 III,4.09,2.34,,0.9997349062503902,0.6635768324308978,0.843942468110818,1.6786004926933351,4.6118981683370635,0.03144037358037051,6.981399139112984,0.07644219811493397
HD37366,39.0,18.0,SimonDiaz2017,O9.5 IV,4.52,3.26,,0.050350270087758296,1.2550080355789548,0.740627028907905,0.0,17.999999999999996,0.094432207383875,5.503348670967968,0.06464833540674524
HD37468D,48.0,197.0,SimonDiaz2017,B2 V,4.3,2.79,,0.7911613810552749,0.9029358485368139,0.7678272626754434,0.0,8.0,0.22218822283841955,5.859050788775595,0.664585458205865
HD37481,21.0,73.0,SimonDiaz2017,B1.5 IV,4.34,2.78,,0.5954796470377064,0.9541379175170233,0.7057471647606521,0.0,9.000000000000002,0.6466123758942515,5.078636911112172,0.2841106842759503
HD37711,51.0,71.0,SimonDiaz2017,B3 IV,4.21,2.61,,0.9347248166993628,0.7985493570714742,0.8096843517866301,0.0,6.294307848381883,0.17336224037919723,6.4518513359641725,0.2175133252218875
HD37742,100.0,116.0,SimonDiaz2017,O9.2 Ib var Nwk,4.52,4.3,,0.9806375245149028,1.4015380266143973,1.3374145366041799,1.0368286895557532,59.0623783051321,0.2173263304630648,21.747760248208454,0.10542784353916308
HD37744,11.0,37.0,SimonDiaz2017,B1.5 V,4.37,2.81,,0.4660837293518024,0.9716491394632476,0.6741469539568019,0.0,9.399977050700517,0.7683531255609142,4.7222280214647006,0.15486976554265047
HD3827,22.0,177.0,SimonDiaz2017,B0.7 V((n)),4.36,3.42,,0.987442151980337,1.1348828966507458,1.0839732200430867,0.3042627696406743,14.0,0.14835165355805038,12.133140314178727,0.28834466277441523
HD38771,83.0,43.0,SimonDiaz2017,B0.5 Ia,4.47,4.06,,0.9738601528018225,1.5173941383016065,1.3738673476064622,0.0,36.98285474936768,0.12157363404738537,23.651971532264756,0.03593461355264831
HD3901,19.0,129.0,SimonDiaz2017,B2 V,4.21,2.73,,0.9839926134221818,0.8380156638761228,0.889024637700403,0.10833436077082095,6.89179877925419,0.03299091973764417,7.745057345776526,0.3292129749950712
HD3950,55.0,46.0,SimonDiaz2017,B1 III,4.38,3.53,,0.9894767474666054,1.1911360707529008,1.129030685840165,0.4248056321044689,16.0,0.157330178086841,13.459554515450623,0.06755212520963835
HD40111,58.0,145.0,SimonDiaz2017,B1 Ib,4.43,3.79,,0.978545006146843,1.3423212117046042,1.229063576039181,0.4946840375813994,22.951590615346802,0.015174217490510929,16.945858514259456,0.1691283052173197
HD41117,67.0,43.0,SimonDiaz2017,B2 Ia,4.27,4.21,,1.0000461708275068,1.5977151023561946,1.8863566965002265,1.909057328691759,47.850340107837525,0.15228486944131822,76.97624050987227,0.011041386941483195
HD4142,29.0,189.0,SimonDiaz2017,B5 V,4.19,2.65,,0.9948289516897705,0.7989408272178077,0.8693902931962607,0.38323794130321887,6.298806640981533,0.08626061195099914,7.402702447180839,0.5046419870898899
HD41692,20.0,30.0,SimonDiaz2017,B5 IV,4.12,2.71,,1.0012658876948612,0.7940428428413328,1.0383299552313416,2.0,6.228445993539247,0.0692480745272201,10.922698733215618,0.05428791599202475
HD42087,56.0,39.0,SimonDiaz2017,B2.5 Ib,4.27,3.9,,1.0014554779840774,1.3641950670542464,1.6186701056575412,2.0,24.212251841571007,0.021965441370417123,41.55948006816584,0.01854839654733743
HD42088,67.0,40.0,SimonDiaz2017,O6 V((f))z,4.6,3.96,,0.6472562723285393,1.6028711524858743,1.1091268201500595,0.0,43.76669132884657,0.3109999865604514,12.856620366877042,0.061495741422340953
HD42352,47.0,163.0,SimonDiaz2017,B1 III,4.37,3.37,,0.9632754472132509,1.1215588073296918,1.0346447969229378,0.3635011962797327,13.53075483627411,0.12477825284174994,10.830407485611188,0.2974778803097247
HD42400,34.0,25.0,SimonDiaz2017,B5 II,4.17,3.46,,1.001648094730516,1.1227199810472333,1.4753030743457178,2.0,13.6437572710827,0.35222206851014254,29.874667086358645,0.016540506530190104
HD42401,59.0,129.0,SimonDiaz2017,B2.5 V,4.28,2.99,,0.9505406458544081,0.9493448047607757,0.9294117411606588,0.0,8.912841592091409,0.0665662165132063,8.499859385271275,0.29997830019739125
HD4253,24.0,145.0,SimonDiaz2017,B9 II,4.09,2.66,,1.0016183290079326,0.7715366692073817,1.057467434377196,2.0,5.913906792167998,0.0863532446513531,11.41477707569479,0.2510801842176792
HD43384,52.0,30.0,SimonDiaz2017,B3 Iab,4.18,4.02,,1.000780399226732,1.4299436308047972,1.887216921368934,2.0,28.959178424240232,0.09975921085621693,77.12886160387121,0.007688050087922503
HD43818,71.0,62.0,SimonDiaz2017,B0 II,4.48,4.15,,0.9700099966039107,1.5815619337177527,1.4269660460063593,0.0,44.72270079511787,0.1862233681798305,26.727974359533007,0.045849807249431766
HD44743,40.0,26.0,SimonDiaz2017,B1 II-III,4.37,3.2,,0.8570278710433393,1.073236256610726,0.9195959754525002,0.0,12.0,0.04789825530977229,8.309903403350473,0.061842814064858406
HD44811,48.0,26.0,SimonDiaz2017,O7 V(n)z,4.57,3.77,,0.5880771301160881,1.4700040617891978,1.0021625472027942,0.0,30.682219812984247,0.21562344042454792,10.049918670111243,0.05113551939467077
HD46064,29.0,59.0,SimonDiaz2017,B1.5 V,4.27,2.83,,0.8972742634757108,0.9020420231895463,0.8494628636835284,0.0,7.984779699275112,0.04631626356601062,7.070707368107457,0.16493051638495126
HD46075,18.0,53.0,SimonDiaz2017,B6 III,4.11,2.19,,0.9601501402509087,0.6422226038919622,0.7342324962783366,0.0,4.394690765856635,0.33001492832875673,5.422911241744473,0.19317692296303368
HD46149,60.0,31.0,SimonDiaz2017,O8.5 V,4.56,3.61,,0.4163074630427733,1.408054756611078,0.9095392718260946,0.0,26.000000000000004,0.09902256725324056,8.119686692806383,0.0754630393336511
HD46150,94.0,66.0,SimonDiaz2017,O5 V((f))z,4.61,3.98,,0.6172088958871761,1.6280625054277396,1.1078150647079756,0.0,46.44534158380335,0.1518341615965398,12.8178464503649,0.10177491342002093
HD46202,34.0,20.0,SimonDiaz2017,O9.2 V,4.54,3.46,,0.2964141175358579,1.3396350557268772,0.8418569293641244,0.0,22.000000000000004,0.0859874222319644,6.947953918298172,0.05689641950304765
HD46223,91.0,58.0,SimonDiaz2017,O4 V((f)),4.64,4.11,,0.6254439253617636,1.7352032275111509,1.1678101416360986,0.0,62.698099822309196,0.3291805761852221,14.716689995496393,0.0778986125778623
HD46328,20.0,9.0,SimonDiaz2017,B0.7 IV,4.39,3.22,,0.8206418212106631,1.1103046860459351,0.9163662324135154,0.0,12.999999999999998,0.45682299861416475,8.248333883849703,0.021566921014050312
HD4636,23.0,98.0,SimonDiaz2017,B9 III,4.07,2.28,,1.0003067475235443,0.6390947555461646,0.8441691656060403,1.8047909140450227,4.359661654842781,0.21424473844965625,6.985044312846203,0.27731207523937124
HD46573,109.0,88.0,SimonDiaz2017,O7 V((f))z,4.56,4.0,,0.7789321999083468,1.5700254179783761,1.1859565954514195,0.0,41.29005719479073,0.28805091377122205,15.344636167499655,0.11335428645136167
HD46769,23.0,69.0,SimonDiaz2017,B8 Ib,4.1,3.23,,1.0017208986813997,1.0198591992294042,1.4495885827208432,2.0,10.726821847574314,0.3401400316122204,28.15714275701658,0.04843645818788387
HD46966,66.0,38.0,SimonDiaz2017,O8.5 IV,4.55,3.75,,0.6641643838910211,1.4347617500387932,1.0192972032072785,0.0,28.27205162890029,0.10222514392575083,10.454354032219133,0.07184528372097851
HD47240,74.0,111.0,SimonDiaz2017,B1 II,4.29,4.08,,1.0004246779820936,1.4769235756441494,1.7199608630772676,2.0,32.97400990701761,0.06892261686425959,52.47601687817898,0.04180940494517298
HD47417,123.0,107.0,SimonDiaz2017,B0 IV,4.47,3.67,,0.8440583702787949,1.3309733222242313,1.0841447490521756,0.0,21.999999999999996,0.04378174559110185,12.13793336743808,0.17424121844979626
HD47432,68.0,97.0,SimonDiaz2017,O9.7 Ib,4.51,4.09,,0.8872100096498642,1.6024527761251601,1.351519212305464,0.0,46.553943359123075,0.09789195676371287,22.465661573157792,0.08534230976237787
HD47839,65.0,39.0,SimonDiaz2017,O7 V((f))z var,4.58,3.74,,0.49595582749930595,1.4738464336895567,0.9689319030727881,0.0,30.70786141579875,0.24201229444095235,9.309618901579574,0.08280271456382743
HD47964,17.0,52.0,SimonDiaz2017,B8 III,4.09,2.54,,1.0012185829970401,0.7279270867340711,0.9768897379584578,2.0,5.34919082159113,0.14998362321018033,9.481777020516025,0.1083990500848899
HD48038,52.0,150.0,SimonDiaz2017,B2 III,4.28,3.51,,1.0010830256595897,1.1414965689480272,1.2873284726537795,2.0480658618376255,14.260455970194375,0.18627503698928546,19.37887104045651,0.15299409083147394
HD48279,90.0,140.0,SimonDiaz2017,O8.5 Vz Nstr var?,4.56,3.74,,0.6015782331219777,1.445038112455645,0.9944971217051046,0.0,28.859365592922803,0.2755728703827343,9.874090916527441,0.2802481695941821
HD4841,59.0,37.0,SimonDiaz2017,B5 Ia,4.12,3.99,,1.0014615151560105,1.4062687190021044,1.9838346828770526,2.0,27.144699209617148,0.32097519143169256,96.34622054274497,0.007590649040547578
HD48434,82.0,42.0,SimonDiaz2017,B0 III,4.48,3.93,,0.9684979306275829,1.4310940322866765,1.2452680863768848,0.0,29.001541814778815,0.042256660293365916,17.590091006025975,0.04719468315681894
HD48691,58.0,52.0,SimonDiaz2017,B0.5 IV,4.44,3.56,,0.8586994421884795,1.2609741131175245,1.0541304678286856,0.0,18.520032309473326,0.2757084016148265,11.327406024436875,0.09073706900974013
HD48807,35.0,33.0,SimonDiaz2017,B7 Iab,4.07,3.68,,1.0024221792425887,1.217779750512549,1.8393981020639238,2.0,17.117698105955764,0.13858099656245423,69.08728118189474,0.009441211105720002
HD49340,28.0,190.0,SimonDiaz2017,B7 III,4.12,2.86,,1.0015841515125932,0.8547248912252975,1.1442587813307206,2.0,7.162590786527482,0.1716781597646872,13.939871851385613,0.2694056443171968
HD49606,25.0,19.0,SimonDiaz2017,B7 III,4.13,2.51,,1.0003223883507375,0.7259613380383118,0.8830272909218165,2.0,5.324890753575999,0.2657193765612768,7.638837842742312,0.04916297786566829
HD5005A,86.0,65.0,SimonDiaz2017,O4 V((fc)),4.62,4.03,,0.6208544186741815,1.6718919124634068,1.1371974205929751,0.0,52.34222149765742,0.33830380892545625,13.715050801264614,0.09367588544093323
HD50707,46.0,24.0,SimonDiaz2017,B1 Ib,4.38,3.31,,0.8885349540277346,1.1056187437626959,0.9665356808222548,0.0,12.93964202778364,0.3501480124127984,9.25839447233359,0.051237441049369815
HD51309,43.0,27.0,SimonDiaz2017,B3 II,4.2,3.64,,1.0017714519902252,1.20222027716509,1.5447746100535722,2.0,16.488165005770103,0.29881158438074007,35.05698881371537,0.015223027252777474
HD51688,19.0,33.0,SimonDiaz2017,B8 III,4.1,2.26,,0.997852015056982,0.6475865025022866,0.7766123968832418,0.0,4.4457301760069114,0.1104519991730683,5.978777574568925,0.1090971520889091
HD52273,25.0,86.0,SimonDiaz2017,B2 III,4.29,3.18,,0.9991075015481479,1.0041075395997765,1.0251406656587574,1.6146942933790966,10.328974582962728,0.5938418520698229,10.595968673587135,0.16042411655836686
HD53138,56.0,38.0,SimonDiaz2017,B3 Iab,4.23,4.13,,1.0003502727612903,1.5168025352029704,1.8912568925695614,2.0,37.093829342898964,0.07240474324492958,77.84969090286437,0.00964802843599606
HD53244,21.0,36.0,SimonDiaz2017,B8 II,4.14,2.74,,1.0010221505933696,0.8049780232159301,1.0155164788049182,2.0,6.387373278545928,0.022837013825971756,10.363739277024314,0.06865906623678722
HD53929,26.0,25.0,SimonDiaz2017,B9 III,4.09,2.44,,1.0007505887734138,0.6936249933541547,0.9086074983766856,2.0,4.9428285923113044,0.1684760033718608,8.102284679824585,0.06098799851597769
HD53975,77.0,186.0,SimonDiaz2017,O7.5 Vz,4.55,4.0,,0.7991484533749311,1.555093553010276,1.1959465895989372,0.0,39.760682539016976,0.1397644259677964,15.701696898607192,0.23414140786166512
HD54764,87.0,123.0,SimonDiaz2017,B1 II,4.3,4.16,,1.0000883219885717,1.5354309092538534,1.7662349832083308,1.8797609287463668,39.21861910473389,0.11797404669497735,58.37608736539855,0.04164683468499398
HD54879,10.0,8.0,SimonDiaz2017,O9.7 V,4.52,3.16,,0.002406274996500217,1.228136919215209,0.7070137235884227,0.0,16.914571575939405,0.5177824829591731,5.09346966029562,0.031044747662275687
HD55213,12.0,184.0,SimonDiaz2017,B7 III,4.11,2.62,,1.001109783438033,0.7588939833893582,0.99367039216128,2.0,5.744928064444519,0.28310263263452934,9.8553123270017,0.36902798479661697
HD55879,60.0,29.0,SimonDiaz2017,O9.7 III,4.51,3.71,,0.7591207084386157,1.3673901984142156,1.036898296637794,0.0,23.999999999999996,0.27505732523304777,10.886751168374749,0.05265159985092319
HD57061,93.0,56.0,SimonDiaz2017,O9 II,4.51,4.01,,0.8815057611323537,1.5339906100574732,1.2775144334184354,0.0,38.17738410326435,0.10172243614787725,18.94586478327234,0.058423216621002465
HD57236,34.0,29.0,SimonDiaz2017,O8.5 V,4.58,3.51,,0.03876299833365562,1.414352115465884,0.8251772672443728,0.0,26.000000000000004,0.06823895964625239,6.68616773135587,0.08572995611607236
HD57539,13.0,171.0,SimonDiaz2017,B5 III,4.13,2.64,,1.000821814076301,0.7687955225210421,0.9690416532044428,2.0,5.876683215431834,0.07493988531374725,9.311971823511561,0.3629663197117523
HD57682,38.0,16.0,SimonDiaz2017,O9.2 IV,4.54,3.62,,0.5504040255009541,1.372203916043905,0.9351554638179933,0.0,24.000000000000004,0.15287912903777442,8.61302016143914,0.0367177778213661
HD58350,64.0,41.0,SimonDiaz2017,B5 Ia,4.16,4.29,,1.0158461436043644,1.4962691077363408,2.0984660369526265,2.3306293953396797,52.46853145037504,0.3510599802989058,125.44866296466041,0.0064599579424464
HD60308,54.0,44.0,SimonDiaz2017,B2 Iab,4.22,4.05,,1.0006976094794235,1.4570813741179338,1.8401531887023261,2.0,31.213375085643577,0.29094124650421244,69.20750435161355,0.012566413858717094
HD60325,54.0,117.0,SimonDiaz2017,B2 IIIp,4.27,3.42,,1.0010086968365821,1.1033897903637793,1.2471668783285752,2.0,13.031896239500027,0.04610273438469341,17.66716553852946,0.13089734993273902
HD61068,23.0,11.0,SimonDiaz2017,B2 III,4.39,3.08,,0.7150018986929697,1.0369236698203836,0.8052112538579399,0.0,10.999999999999998,0.6094334980860701,6.3857403221133175,0.034048132947078646
HD61347,78.0,115.0,SimonDiaz2017,O9 Ib,4.49,4.23,,0.9163907144453365,1.6714594074206846,1.4929641870989339,0.0,59.52134356392915,0.11426395546209375,31.114597485484452,0.07305425631151445
HD62747,29.0,100.0,SimonDiaz2017,B2 II,4.34,3.36,,0.9886017172095909,1.1032168136372758,1.072373528923521,0.23256369490997697,13.0,0.03723080720901097,11.813362450305563,0.1673163345687033
HD63975,20.0,27.0,SimonDiaz2017,B8 II,4.08,2.81,,1.002015612946617,0.8336063538360582,1.1844005729993943,2.0,6.8226163945711935,0.09788625615654005,15.289756639890822,0.034903988904516334
HD6675,61.0,35.0,SimonDiaz2017,B0.2 III,4.48,3.68,,0.8197607757592092,1.3314614591372853,1.0625013086374346,0.0,22.000000000000004,0.2513758814257618,11.54785464340418,0.059907142738064814
HD66834,17.0,176.0,SimonDiaz2017,B3 III,4.24,3.42,,1.0012028464081106,1.1032558241350001,1.3078237246405173,2.0,13.028676205169331,0.06588419018617918,20.315322669394973,0.1712382630518644
HD68099,26.0,56.0,SimonDiaz2017,B6 III,4.12,2.52,,1.0005274230338153,0.7259193446067538,0.9074952342902637,2.0,5.324380926553591,0.2528080186843456,8.081560608019789,0.13696344258148904
HD69686,42.0,173.0,SimonDiaz2017,B8,4.18,2.31,,0.8058825049719162,0.715832403980697,0.6764813721464723,0.0,5.200000000000001,0.026643992092426034,4.747679266555288,0.7202389462595008
HD71833,20.0,32.0,SimonDiaz2017,B8 II,4.1,2.65,,1.0014049113003451,0.7694207374251172,1.0338205159298797,2.0,5.885180204475546,0.094885699917767,10.809871114872667,0.05851151365228731
HD7374,20.0,19.0,SimonDiaz2017,B8 III,4.07,2.06,,0.9201327308301144,0.6018278609786829,0.708272798297824,0.0,4.0,0.17655937148204245,5.108257699805618,0.07351782894517248
HD77770,8.0,27.0,SimonDiaz2017,B2 IV,4.23,3.08,,1.0007640045019792,0.9563010097094362,1.0866361499125574,2.0,9.071696284898575,0.09873420520923017,12.2077647022846,0.0437159061569749
HD7902,55.0,35.0,SimonDiaz2017,B6 Ib,4.12,3.93,,1.0020419455396765,1.3668358101901381,1.9327180311612386,2.0,24.40036232293046,0.06894415183238828,85.64815877968927,0.008077219479058935
HD829,21.0,12.0,SimonDiaz2017,B2 V,4.23,2.76,,0.9953322281600054,0.8365561160502321,0.8605114698817404,0.291294928272836,6.868797484882486,0.03434997146867372,7.252896330121868,0.032702552152708966
HD886,16.0,8.0,SimonDiaz2017,B2 IV,4.33,2.95,,0.8051063410320981,0.954019742404834,0.8065758363266569,0.0,8.999999999999998,0.6887722767094964,6.40583630257822,0.024684595868566334
HD90994,54.0,77.0,SimonDiaz2017,B6 V,4.14,2.0,,0.6798591473526949,0.6231157835451853,0.559570961538015,0.0,4.200000000000001,0.17021119134881738,3.627195479563649,0.41959628499342316
HD91316,70.0,45.0,SimonDiaz2017,B1 Iab,4.37,4.0,,1.0000669850471802,1.4284521683666882,1.4957552840909027,1.7351666467136924,28.81552601041632,0.1922224411389979,31.31520680298286,0.02840331959001413
HD9311,55.0,30.0,SimonDiaz2017,B5 Ib,4.12,3.57,,1.0020931112055624,1.1818369258630157,1.6734985695049638,2.297641987887287,15.702358012112713,0.1998095723873779,47.15183182296213,0.01257576913366573
HD97991,9.0,140.0,SimonDiaz2017,B1 V,4.36,2.97,,0.7292081201945135,0.9951440609422219,0.7857042989844114,0.0,10.000000000000002,0.18143738191688386,6.105261902670577,0.4532476984407372
BD+001617A,8.0,36.0,deBurgos2024,O9.2V,4.52244423350632,3.460718026680018,4.02,0.4480771041814962,1.297637784286681,0.8589589851847516,0.0,20.0,0.3058329237493001,7.227015483711296,0.09845899224732187
BD+001617C,121.0,3.0,deBurgos2024,O9.5IV,4.507855871695831,3.5023645794380625,3.92,0.5793652250577302,1.2955816024513631,0.90348126070928,0.0,19.969628920269773,0.1263114663492959,8.007210775984776,0.007405457003997469
BD+353955,67.0,52.0,deBurgos2024,B0.7Iab,4.3979400086720375,4.062701127342887,2.92,0.9999815136942896,1.4733468926324378,1.4979626367652055,1.0506113817003506,32.62059575194793,0.10426983545075204,31.474775185806184,0.03265521726757803
BD+453341,91.0,84.0,deBurgos2024,B1II,4.394451680826216,4.108747815959601,2.86,0.9997266620180731,1.5160426708996027,1.5490788021368918,0.0,36.97113456440656,0.11235452295897441,35.406157924226335,0.046893468277786676
BD+483437,54.0,37.0,deBurgos2024,B1Ib,4.3979400086720375,3.832701127342887,3.15,1.000678144312804,1.3251761892873535,1.3086256549645823,2.0,22.058409953654934,0.05012174579231381,20.35286982792564,0.03593254183347319
BD+552770,59.0,43.0,deBurgos2024,B1.5III,4.437750562820388,3.471943343936289,3.67,0.823987495300263,1.2260742143384842,0.9984929014942618,0.0,17.000000000000004,0.06660931406394585,9.965357917103418,0.08528790072973283
BD+56508,51.0,40.0,deBurgos2024,B2.0V,4.401400540781544,3.386543255780912,3.61,0.8724469138909507,1.1722439224478702,1.0041789250384296,0.0,15.000000000000004,0.2429356801914795,10.096687739656081,0.07830562081675349
BD+56525,63.0,136.0,deBurgos2024,B0.5V,4.350248018334163,3.49193316599139,3.3,1.0005813668236907,1.1629681781561918,1.1589720604534495,2.0,14.999999999999996,0.3263252216885911,14.420225786377058,0.18641408292914496
BD+56527,58.0,97.0,deBurgos2024,B1.5II,4.357934847000454,3.892680480656553,2.93,1.001039095064329,1.364603578051409,1.4373310834540522,2.0,24.22934972430827,0.02916976642986058,27.373547475091296,0.07004102960121676
BD+56553,34.0,36.0,deBurgos2024,B1IV,4.378397900948138,3.4745326964472887,3.43,0.9997421006466585,1.160936731870279,1.0938537042102505,1.3567512468364349,14.927053836794785,0.2573195368873009,12.412341168922879,0.057327191687541565
BD+56576,30.0,15.0,deBurgos2024,B1III,4.3747483460101035,3.339934476695152,3.55,0.9962365994369508,1.0715910391075043,0.9872778644853663,0.15377928031652074,12.089297275576122,0.13067004980546307,9.711311046318485,0.03052989181413343
BD+56578,49.0,55.0,deBurgos2024,BN2II-III,4.354108439147401,3.5773748492443422,3.23,1.00064049607164,1.188282919045324,1.1992288238331368,2.0,15.93442553501768,0.11347670576797116,15.820813967967299,0.06871408003818721
BD+56640,53.0,176.0,deBurgos2024,B2III:,4.451786435524291,3.4380868347519,3.76,0.7625066515754054,1.2265470484129424,0.9537220762764081,0.0,17.0,0.12337185433061543,8.989221384736137,0.38699242329845834
BD+57247,28.0,22.0,deBurgos2024,O9.5IV,4.513217600067939,3.433811492926495,4.01,0.45627656948373185,1.291429858215867,0.8575603153269047,0.0,19.71674249533672,0.26581318221560346,7.203777912037106,0.060363475417401266
BD+57252,72.0,25.0,deBurgos2024,B1IV,4.376576957056512,3.4372489208807866,3.46,0.9743063226781266,1.1482746507122976,1.0658621002001814,0.3952499721088416,14.422088175465426,0.0318369637141797,11.637564477806464,0.0424609570990158
BD+57520,40.0,25.0,deBurgos2024,B1III,4.414973347970818,3.5208344845380104,3.53,0.9082657732387396,1.2161470410384025,1.063319825063803,0.09937928249940194,16.699439961515612,0.09569647296031482,11.569639450533598,0.04271024418192915
BD+59387,93.0,64.0,deBurgos2024,B2.5IIN-weak,4.3222192947339195,3.709818271590415,2.97,1.0010954534531045,1.2449331819563143,1.357881010436367,2.0,18.27920682440189,0.078692180151883,22.79717381262106,0.05548950291085381
BD+59388,38.0,13.0,deBurgos2024,BN2.5III,4.311753861055754,3.457956536877754,3.18,1.0007817148934652,1.1248377269502914,1.1932943071277935,2.0,13.709246324327175,0.3496576162245444,15.606097185927046,0.01646496894603985
BD+59451,34.0,130.0,deBurgos2024,B1Ib-II,4.4031205211758175,3.963423177358007,3.04,1.0002155994447135,1.4095413687390599,1.4056148372945232,0.7536812882805912,27.359929734173644,0.29882275507001405,25.445725467770533,0.10098116709646404
BD+59461,52.0,26.0,deBurgos2024,B1II,4.372912002970106,3.4525891045351624,3.43,0.9749415543491184,1.150374944077482,1.0756430365236185,0.24256542931466732,14.495340898371133,0.050852283142507636,11.902632823066691,0.04317597784537303
BD+602525,44.0,24.0,deBurgos2024,B0.5III,4.439332693830263,3.708271867975789,3.44,0.9793137907110858,1.2784998954974747,1.1379897558456724,0.48397150081866736,19.738449080549294,0.012829071096094147,13.740095644417595,0.03452497371666668
BD+602615,75.0,127.0,deBurgos2024,B0.5Ib(n),4.421603926869831,4.227356800134061,2.85,0.9936011894767788,1.6216519543836696,1.6008108921256048,0.0,51.97666427871276,0.1686114637203157,39.885118998982485,0.06293680608780998
BD+602631,52.0,126.0,deBurgos2024,B0.5III,4.419955748489758,3.9107640866137694,3.16,0.9973360089328622,1.3893961482319221,1.3293314435934582,1.5425203511321928,25.913229814342113,0.19202180682259112,21.3467342547209,0.1166677902797353
BD+602644,36.0,15.0,deBurgos2024,B1III,4.376576957056512,3.377248920880786,3.52,0.9529117423056553,1.1238037863565993,1.0241516970712383,0.3259515358710505,13.583034130101574,0.08417392848468414,10.571867152012217,0.028044740948250584
BD+60279,31.0,42.0,deBurgos2024,B2II,4.357934847000454,3.5226804806565535,3.3,1.0005455582837264,1.1629715939886915,1.1461214718191834,2.0,14.999999999999998,0.1572300452106813,13.999788407782829,0.05929795133671454
BD+60333,50.0,25.0,deBurgos2024,B5Ib,4.17897694729317,3.766848881827416,2.34,1.0018935311225814,1.2683882535341242,1.682568654703054,2.0,19.32517736500136,0.1461614939237161,48.14693602477255,0.010263210223282426
BD+60339,56.0,21.0,deBurgos2024,B6Iabe,4.167317334748176,3.820210431647439,2.24,1.001908018756211,1.2931873065080854,1.7420270913275042,2.0,20.51441131857691,0.318950075248638,55.211187899353845,0.007518030342349527
BD+60343A,33.0,30.0,deBurgos2024,B6Ia,4.2878017299302265,3.612148012375642,2.93,1.0012257597139518,1.1866585164035337,1.3447795387782338,2.0403008326259755,15.879985027459494,0.06531115360757678,22.1197155983531,0.02680733161321268
BD+60345,64.0,32.0,deBurgos2024,B0II:,4.45484486000851,3.9203205326887782,3.29,0.9842591788060793,1.4177264960180955,1.282691301229478,0.6337124815041859,27.95400136634573,0.0595288201695547,19.173054255599727,0.0329891061113859
BD+60351,38.0,16.0,deBurgos2024,B6Iab,4.232996110392154,3.5929255342233533,2.73,1.001581082400872,1.187992605064629,1.4578295665844627,2.105574514222436,15.930533346854373,0.286384469725071,28.69654201268088,0.011020525069498589
BD+60369,64.0,94.0,deBurgos2024,B2II,4.324282455297693,3.688070913845509,3.0,1.0010503359400624,1.2283063722997116,1.3327644147371738,2.0,17.56327771134809,0.21911042130678451,21.516142639412493,0.08635257838764793
BD+60493,106.0,57.0,deBurgos2024,B0.5Ia,4.416640507338281,4.207503122007861,2.85,0.9921413768867163,1.6188507139827442,1.604659285644914,0.0,51.21922075287479,0.030338843478134543,40.2401217128634,0.02799802782371702
BD+60499,30.0,25.0,deBurgos2024,O9.5V,4.513217600067939,3.673811492926495,3.77,0.7291547355989932,1.3681566541554313,1.0179962124621462,0.0,24.000000000000004,0.05448096013082867,10.423083392490142,0.04740844023038338
BD+6073,62.0,140.0,deBurgos2024,B1Ib,4.392696953259666,4.0417289056934,2.92,1.0000117276615355,1.4633929418324365,1.4941243671445232,1.4216546121795195,31.73236992951984,0.16865458943636596,31.19782855714903,0.08869834965258337
BD+61175,51.0,13.0,deBurgos2024,B3II,4.238046103128795,3.6931255051699177,2.65,1.0015614513732523,1.228685694335897,1.5074111169677404,2.0,17.583044399723832,0.22624102343605915,32.16704132259058,0.00798811127695206
BD+612509,103.0,49.0,deBurgos2024,B0.5Ib,4.451786435524291,3.948086834751899,3.25,0.9871017527383923,1.4409393696089945,1.3162710151226815,0.0,29.80074063464083,0.07390146983284114,20.714335933985588,0.04675595539744751
BD+612526,56.0,11.0,deBurgos2024,B1.5II,4.365487984890899,3.542893032218335,3.31,0.9911260171215921,1.1910106077417288,1.1514282154861624,0.5646460007957457,16.0,0.21270403701022197,14.171904447425401,0.015341800832726757
BD+612529,83.0,45.0,deBurgos2024,B1Ib,4.371067862271736,4.04521254174168,2.83,1.0001237598327453,1.4635352416099294,1.539642269563781,1.8829518042758338,31.750774527079653,0.1576830663131998,34.64513592513404,0.025673324785752464
BD+622296A,67.0,38.0,deBurgos2024,B2.5Iae,4.238046103128795,4.2431255051699175,2.1,1.0000837053876468,1.6224461790548355,1.9810696467060416,2.0,52.701238746659705,0.23231803562832082,95.7347586392673,0.007845593828616642
BD+6312,43.0,59.0,deBurgos2024,O9Ib,4.503790683057181,3.956103824883461,3.45,0.8781523247138399,1.5006052855957381,1.2435615517468572,0.0,34.65069824031336,0.18926276979342913,17.52110739999266,0.06655831682358908
BD+631962,25.0,6.0,deBurgos2024,B0.7IV,4.439332693830263,3.2582718679757887,3.89,0.6658659564146263,1.1447193497758161,0.8504593633068349,0.0,14.000000000000002,0.27711421577924283,7.086949911524638,0.016734153864153303
BD+631964,100.0,61.0,deBurgos2024,B0Iab,4.423245873936808,4.223924588401969,2.86,0.9914947698168175,1.6218170349826013,1.596591968363951,0.0,51.84834471609529,0.15530199363978278,39.49953366740299,0.030524582838459845
BD+6370,66.0,62.0,deBurgos2024,B0Ib,4.432969290874405,4.0428182561523585,3.08,0.985895215878428,1.4974585706575514,1.4302390259403344,0.0,35.010190333394384,0.13985870629117841,26.930165720324972,0.04550556744726764
BD+6389,55.0,80.0,deBurgos2024,B1Ib,4.4048337166199385,3.920275959134491,3.09,1.0007486888777417,1.383256559092826,1.364359032798974,2.0,25.46907845335148,0.11665158778154856,23.139769726887362,0.06833494118379231
BD+6476,74.0,128.0,deBurgos2024,B1Ib,4.367355921026019,3.8703647767588127,2.99,1.0009735041125998,1.3486874733786633,1.399205606933394,2.0,23.32746459238184,0.23690446671191295,25.072959948658017,0.10090582406106252
BD-124970,87.0,63.0,deBurgos2024,B0.5Ia,4.390935107103379,4.164681521068254,2.79,0.9968237238709554,1.5885792339584532,1.62087096924352,0.0,46.21877619795346,0.22482416967149402,41.770624588883926,0.029811336791092533
BD-134930,27.0,11.0,deBurgos2024,O9.7V,4.509202522331103,3.457751181979149,3.97,0.5162683012253587,1.2915452914666876,0.8770911410556925,0.0,19.749564502684716,0.22753146589394335,7.535136795501072,0.028854490814639137
BD-175190,39.0,57.0,deBurgos2024,B1Ia,4.389166084364533,3.907605430112868,3.04,1.00085099225662,1.3736069360955983,1.3842776107818127,2.0,24.826415817004307,0.26558256579999595,24.22577117577868,0.04650601374758075
CD-324967,49.0,35.0,deBurgos2024,B2.5Iab,4.247973266361806,4.192834158101963,2.19,1.0001194774982198,1.5834267177610417,1.9161957789442705,2.0,45.491462490536506,0.05006613418545179,82.45097183147553,0.008390428409441084
CD-573344,52.0,23.0,deBurgos2024,B1III,4.390935107103379,3.5046815210682545,3.45,0.9999960274430889,1.1630272468548666,1.074970331739794,1.369711575082846,14.999999999999998,0.035005136158836575,11.884210392330736,0.03825334127711269
CD-573348B,32.0,55.0,deBurgos2024,B2.5V,4.416640507338281,3.41750312200786,3.64,0.8489354384512774,1.192024560479613,0.9972962246930567,0.0,15.686342868962601,0.37457068327874277,9.937936666295212,0.10939017964877439
CPD-546791,40.0,33.0,deBurgos2024,O9.5V,4.528916700277655,3.5266078937653575,3.98,0.493871889119831,1.337161985302925,0.8959469415403746,0.0,21.999999999999996,0.05236413329390284,7.869496409108272,0.08288555867482966
CPD-573507,75.0,63.0,deBurgos2024,B0Iab,4.4281347940287885,4.263480268769891,2.84,0.9890565465035207,1.6435132569161643,1.6183813096369815,0.0,56.34962557246512,0.07492013987230173,41.53185313933185,0.029982725630276142
CPD-573517,12.0,179.0,deBurgos2024,B1V,4.382017042574868,3.46900926295421,3.45,0.9998122951903088,1.1420686704043224,1.0610142600066197,0.84272064932966,14.276348048851183,0.2030899199075087,11.50838175955941,0.30743311234266124
HD100943,42.0,44.0,deBurgos2024,B1Iab/b,4.193124598354461,4.083439486072582,2.08,1.000778828352588,1.47466673665324,1.9160240122531205,2.0,32.78064132688454,0.07508023666835767,82.41836830801537,0.010552139767692547
HD101545A,71.0,57.0,deBurgos2024,O9.2II,4.506505032404872,4.1969612222742265,3.22,0.8972431441385283,1.6655813901419267,1.4419829145353993,0.0,57.5257028723008,0.3019339454164293,27.668327940316058,0.040719628948190034
HD101545B,80.0,52.0,deBurgos2024,B0.5Iab,4.429752280002408,4.089950212664368,3.02,0.9947485710004954,1.5228054973815193,1.4697676914073292,0.0,37.69168940836536,0.10467801078239312,29.496310165843795,0.03484556598305869
HD102997,58.0,46.0,deBurgos2024,B5Ia,4.20682587603185,4.238244596782137,1.98,1.000131674666126,1.6202903121036962,2.0402009674282726,2.0,52.273980279919684,0.21605791756080012,109.69857029263784,0.008288362459676414
HD103338,37.0,34.0,deBurgos2024,B3Ib,4.243038048686294,3.683093287399915,2.68,1.0015505586693534,1.2239671701048689,1.4908709039238317,2.0,17.379845872057185,0.23918299811074628,30.964987136012958,0.02170300567049429
HD103779,76.0,49.0,deBurgos2024,B0/1II,4.421603926869831,4.057356800134061,3.02,0.9903957554790537,1.5027382681906087,1.460022978292227,0.0,35.577135298573296,0.05242944760813891,28.841840997508356,0.03358033098860938
HD106343,65.0,50.0,deBurgos2024,B1.5Ia,4.3560258571931225,4.035044521427228,2.78,1.0001611227556553,1.4556048405501876,1.5584103498769575,2.0,31.064727938051046,0.23539623734261342,36.17515077325635,0.02731942316572077
HD108002,71.0,44.0,deBurgos2024,B2Ia/ab,4.344392273685111,4.068510187395181,2.7,1.0002267375023426,1.4742578364148373,1.6058434011194365,2.0,32.71830876834458,0.09405147449422935,40.34998718421719,0.021553665874558633
HD108639,71.0,117.0,deBurgos2024,B1III,4.444044795918076,3.9771202763270423,3.19,0.9862698259161011,1.4629060407980636,1.3557231385360446,0.0,31.670337884689058,0.05141089516479483,22.684182808107767,0.1019470337273933
HD10898,50.0,40.0,deBurgos2024,B2.5Ib,4.271841606536499,3.9183075188007312,2.56,1.001435271662132,1.3715277513333795,1.6240732475858586,2.0,24.70256621598157,0.22052059129877988,42.07975936167064,0.018788781438869986
HD109867,82.0,47.0,deBurgos2024,B0.5/1Iab,4.378397900948138,4.104532696447289,2.8,0.9998260772101352,1.5093555339053455,1.5747658463340675,0.107588790731161,36.25455013746822,0.14557270686505097,37.563482288353526,0.02473112555975331
HD111123,51.0,37.0,deBurgos2024,B1IV,4.4281347940287885,3.4734802687698916,3.63,0.8493405754978043,1.2245644842019847,1.019864552669157,0.0,16.948166430069875,0.2325867406934283,10.468020215623717,0.06986329138261008
HD111822,46.0,149.0,deBurgos2024,B0.5/1Ib,4.459392487759231,3.908511043691659,3.32,0.9790630188220402,1.41355024826204,1.265610411931836,0.8425370426427777,27.640966190378894,0.025312212120503757,18.43361072376185,0.15976723796914574
HD111973,63.0,31.0,deBurgos2024,B5I,4.2455126678141495,3.862991763911335,2.51,1.001570653513054,1.330892033080798,1.6295060324280937,2.0,22.38068931293887,0.14716047330579185,42.609460207197884,0.014380286286111266
HD111990,51.0,39.0,deBurgos2024,B1.5I+,4.269512944217916,3.9289928695264016,2.54,1.0014360799072581,1.3778554664795164,1.6378482353629262,2.0,25.126092240371264,0.2289521469303844,43.43584106703824,0.01774713457063648
HD112481,44.0,19.0,deBurgos2024,B2II/III,4.394451680826216,3.6287478159596014,3.34,0.9859398895562248,1.2508423047412798,1.1794890021415205,0.0,18.440703342312094,0.10303483794256625,15.117814152718621,0.024841422972158658
HD113904B,92.0,87.0,deBurgos2024,O9III,4.511883360978874,4.038474536570235,3.4,0.8769885564537298,1.553471200705198,1.291547030161483,0.0,40.33827198890148,0.16046884940716116,19.568026604783313,0.08787879500128856
HD115842,73.0,66.0,deBurgos2024,B0.5Ia/ab,4.3979400086720375,4.2927011273428874,2.69,1.005078087364743,1.5489794567758361,1.649690722628633,0.3545720248265919,56.14110666080052,0.06449687207347198,44.636560526865665,0.029225710881819446
HD116084,51.0,49.0,deBurgos2024,B2Ib,4.2878017299302265,4.072148012375643,2.47,1.0004554764986853,1.4739276683673128,1.7218204982459089,2.0,32.69910601379435,0.07727334229390294,52.70119928252867,0.01837754320969038
HD117024,48.0,58.0,deBurgos2024,B2Ib,4.342422680822207,3.750631815943564,3.01,1.0010572090983967,1.2703427967219756,1.3497648807590041,2.0,19.410288890052037,0.19022891263448477,22.37509463127202,0.05123597246312529
HD11744,48.0,22.0,deBurgos2024,B2III,4.247973266361806,3.2328341581019626,3.15,1.0008824169367516,1.0225965281566518,1.1581905252658753,2.0,10.795115809403482,0.3454839031539809,14.394299185832795,0.030209534017026318
HD117460,36.0,98.0,deBurgos2024,B0/1(III),4.307496037913213,3.560925244307587,3.06,1.000960322245039,1.1629287327062192,1.2700450038535924,2.0,15.000000000000004,0.014387088668971825,18.62280105817369,0.10401427411394529
HD118198,68.0,36.0,deBurgos2024,O9.7III,4.481442628502305,3.9767116066639567,3.34,0.9749074827483981,1.459516766125301,1.2786072651653861,0.0,31.361722481123117,0.03340425191805437,18.993599017016088,0.0374633928432692
HD119159,53.0,146.0,deBurgos2024,B1/2II,4.4031205211758175,3.773423177358008,3.23,0.9923191350902619,1.3082734035359185,1.2457794327833371,0.8134178618941139,21.186582138105887,0.2599748423779201,17.610814104064865,0.1638646571906218
HD119646,54.0,41.0,deBurgos2024,B1Ib/II,4.320146286111054,3.951526237098954,2.72,1.0009699832571026,1.3981677388692673,1.5592882271439275,2.0,26.528097199898124,0.1170681459397712,36.24834871243534,0.022356689765838263
HD120680,38.0,150.0,deBurgos2024,B2II,4.252853030979893,3.4523532165743105,2.95,1.0011795622854724,1.1154191681858006,1.3031940236069475,2.0,13.410516643027368,0.3837573642376036,20.09990587134268,0.14750580301981137
HD121228,69.0,69.0,deBurgos2024,B1Ib,4.371067862271736,3.94521254174168,2.93,1.000725990482473,1.3984005667426764,1.4555205331083054,2.0,26.537562624674294,0.15322874043686896,28.5443746619924,0.047779371031606094
HD122879,101.0,72.0,deBurgos2024,B0Ia,4.437750562820388,4.171943343936289,2.97,0.9841377415077475,1.5996666901510281,1.5312034998270516,0.0,47.32551517769908,0.11865067692632321,33.97844500198714,0.04188329756940858
HD123008,85.0,82.0,deBurgos2024,ON9.2Iab,4.495544337546448,4.183118442840531,3.19,0.9083097603861215,1.6547334449488247,1.451070523432986,0.0,55.53603342441133,0.07674478411920224,28.253387337028684,0.057366083366984066
HD12509,55.0,35.0,deBurgos2024,B1III,4.376576957056512,3.727248920880786,3.17,1.0007815607924764,1.2608097999215477,1.2663704369221058,2.0,18.962996385185313,0.08038292920426553,18.465898195648606,0.03746359744384693
HD125545,78.0,72.0,deBurgos2024,B1Iab/b,4.352182518111363,4.099671165100188,2.7,1.0000279437839572,1.498525052430021,1.6176167959992995,1.2428430748369437,35.12015019182135,0.2434494702472731,41.45880653457383,0.03432634564087651
HD12567,65.0,162.0,deBurgos2024,B0.5III,4.413299764081252,3.844140148979745,3.2,0.9954802569191521,1.3409546722287902,1.2766174506491574,1.1019244504354215,22.898075549564574,0.29263888983846403,18.90677477085359,0.16935945001075725
HD12740,85.0,66.0,deBurgos2024,B1.5II,4.361727836017593,3.6978524367251095,3.14,1.0007705496929113,1.2437245123267513,1.2746568968771053,2.0,18.224460104363448,0.03677511548844376,18.821615489189373,0.06931048046679628
HD129056,27.0,10.0,deBurgos2024,B1.5III,4.365487984890899,3.352893032218335,3.5,0.9999132460880942,1.0740935473792181,0.9951223463064934,0.48089663998215143,12.16558959826573,0.26532298541640537,9.888316219294138,0.019988928956984512
HD13036,79.0,51.0,deBurgos2024,B0.2III,4.440909082065217,3.8945774209156063,3.26,0.9849132032502205,1.4007613626557303,1.2877100468729366,0.5671219556859234,26.694226341919165,0.11547475058692017,19.395904936270348,0.05197230757789775
HD134959,49.0,46.0,deBurgos2024,B2Ia,4.27415784926368,4.237572489709455,2.25,1.000021867618582,1.6221901243046384,1.9084537247895013,1.8410306451294167,52.64108305718547,0.22190429733103825,80.99416356872433,0.011225765806226156
HD13621,55.0,155.0,deBurgos2024,B1V,4.4281347940287885,3.6334802687698913,3.47,0.9664509050753777,1.2443011389358074,1.110854927168089,0.36933411930461413,18.13784816686675,0.11506016495531622,12.907880234794321,0.23734967521022055
HD13659,55.0,32.0,deBurgos2024,B1Ib,4.385606273598312,3.893366187047986,3.04,1.0008775017860427,1.3667012020813198,1.383874401231534,2.0,24.365228126958808,0.10005127377931734,24.20328981887098,0.026132890447983025
HD13969,81.0,36.0,deBurgos2024,B0.7III,4.4031205211758175,3.713423177358007,3.29,0.9982953329712142,1.2717487427224565,1.2075235855203352,1.0750718592549169,19.46246407037254,0.042096637742080216,16.12588600885369,0.044125616483418714
HD14014,79.0,36.0,deBurgos2024,B0.5V,4.419955748489758,3.4407640866137696,3.63,0.8500556903964137,1.2005434659649818,1.0039583402211487,0.0,16.0,0.04604749260833279,10.091560779493513,0.07051086318856997
HD14053,47.0,23.0,deBurgos2024,B0.7II,4.399673721481038,3.689635978578891,3.3,0.9832008801255944,1.2844202000471439,1.2124397628314119,0.0,19.946609510794396,0.08412928659380532,16.30946679266971,0.027874041605772282
HD141318,45.0,33.0,deBurgos2024,B2III,4.344392273685111,3.3985101873951815,3.37,0.9884487740191168,1.1195790782455073,1.0828561997591761,0.38164331269163454,13.515505871715245,0.3277740669597634,12.10197355983986,0.05389762282435
HD14162,77.0,157.0,deBurgos2024,B0.5V,4.389166084364533,3.547605430112868,3.4,0.9799158351891516,1.2026700720799444,1.121602971329666,0.3690708709041148,16.408894669968237,0.028517418109361554,13.231313856025299,0.23453548039373615
HD142758,62.0,54.0,deBurgos2024,B1Ia,4.334453751150931,3.99875609725846,2.73,1.0002399224422547,1.427146394782067,1.5672542560842273,2.0,28.71778428210052,0.13400793993896978,36.919367837409084,0.028910218531464228
HD14520,54.0,88.0,deBurgos2024,B1.5II,4.361727836017593,3.5278524367251096,3.31,0.9981623805200589,1.1675408579778601,1.139068888877244,1.6803385420860675,15.159830728956965,0.27064167681740486,13.774279426323934,0.12627740659148834
HD145794,12.0,164.0,deBurgos2024,B2II/III,4.3692158574101425,3.397804522295307,3.47,0.9797535626699262,1.1140246092743895,1.0344540160177713,0.26448047440092026,13.323185969785495,0.1369637976718484,10.825650848678102,0.2994344074146065
HD14661,59.0,38.0,deBurgos2024,B1.5I,4.390935107103379,3.654681521068255,3.3,0.9898872447653966,1.2556165344848256,1.194742132197645,0.47593470438349017,18.67086694173954,0.01690453672171137,15.658210681130408,0.047968190418428806
HD14818,64.0,45.0,deBurgos2024,B2Ia,4.307496037913213,4.100925244307588,2.52,1.0002401262118334,1.4944103341820578,1.704784474546734,2.0,34.7143802141893,0.20898120359159156,50.6739168598491,0.017552537517723583
HD148379,58.0,39.0,deBurgos2024,B2Iab,4.267171728403014,4.269628006266792,2.19,1.000038191332964,1.6296807834590021,1.9321882004025408,2.0,54.14904039575395,0.11935438447054109,85.54373341550159,0.00901131720381304
HD148546,107.0,117.0,deBurgos2024,O9Iab,4.488550716500444,4.2651439586565125,3.08,0.9438616751359994,1.6009525017408186,1.4813217784228334,0.2763374519559317,60.37501367677182,0.283805278344597,30.291569664977114,0.07634418339470575
HD148688,66.0,55.0,deBurgos2024,B1Iaeqp,4.354108439147401,4.187374849244342,2.62,0.9998501165921289,1.586557819751573,1.703712540150991,0.0,45.927910754941955,0.03451401426156655,50.54899670529487,0.021506117789085677
HD14870,74.0,123.0,deBurgos2024,B1III,4.396199347095736,3.3557384810376827,3.62,0.866037524375223,1.1417862820447051,0.9746956822456591,0.0,13.999999999999998,0.18302741743332193,9.433995880007492,0.25770408329472244
HD148878,70.0,44.0,deBurgos2024,B1/2Ia,4.301029995663981,4.145061075310663,2.45,1.0001051823073694,1.5242708983943334,1.7529663103245288,2.0,37.90239046451362,0.0793086705078697,56.619536566646296,0.015360248326787989
HD149038,79.0,69.0,deBurgos2024,O9.7Iab,4.451786435524291,4.1980868347519,3.0,0.973424374516426,1.6214399320621733,1.5285401139037225,0.0,51.04913054747776,0.10593760784543019,33.77070397407801,0.040385070707657504
HD149363,62.0,88.0,deBurgos2024,B1/2Ib,4.4361626470407565,3.875591680817763,3.26,0.9922192988300736,1.3846953178413368,1.2813290618915332,0.7878453458861708,25.57893119263907,0.01670973802457947,19.11300889383579,0.09100504757174338
HD149881,63.0,92.0,deBurgos2024,B0.5III,4.413299764081252,3.894140148979745,3.15,1.0006773594531129,1.3682429508168266,1.3276697825438992,2.0,24.464188092811405,0.15793422931443973,21.265215224125043,0.08551256145878802
HD150041,60.0,30.0,deBurgos2024,B1/2Ib,4.474216264076255,3.8978061489597584,3.39,0.9792774459374207,1.4050647448205074,1.2280243766893597,0.529422762962525,26.998178864131088,0.040581573665953725,16.905358177440146,0.03507589398645879
HD150168,86.0,114.0,deBurgos2024,B1Iab/Ib,4.3979400086720375,4.0427011273428874,2.94,0.999980320715923,1.4646669455618575,1.4868375263302613,1.0366515613966436,31.848198568675663,0.1492239889511209,30.6787405300334,0.0734478683206414
HD150898,73.0,99.0,deBurgos2024,B0Ia/ab,4.437750562820388,4.121943343936289,3.02,0.9886119418233041,1.556001021766428,1.4853573906380866,0.0,41.537319971243924,0.051029433320563915,30.574361107762044,0.0640014295696512
HD151018,125.0,58.0,deBurgos2024,O9Ib,4.4996870826184034,4.249689423128351,3.14,0.9163965641472978,1.6825114585500354,1.489908993282252,0.0,62.41141452867851,0.30850241702818987,30.896479267515183,0.037104866300835135
HD152003,78.0,74.0,deBurgos2024,O9.7IabNwk,4.460897842756548,4.2045324636809305,3.03,0.966171223658371,1.621881110304618,1.5048879065889353,0.0,50.97294290686763,0.12709714012994697,31.980695666360194,0.045735737218027005
HD152076,39.0,18.0,deBurgos2024,B0/1III,4.478566495593843,3.71520707503011,3.59,0.8532802754774432,1.3648989911532707,1.113229416514342,0.0,24.000000000000004,0.2596963954681866,12.978646883109874,0.027412898582209685
HD152147,100.0,73.0,deBurgos2024,O9.7IbNwk,4.457881896733992,4.212468679590707,3.01,0.9564433630078589,1.6394267197688412,1.5292318883524763,0.0,54.03130695243874,0.23582060539694424,33.82453916439482,0.04265823108460948
HD152234,88.0,54.0,deBurgos2024,B0.5Ia,4.416640507338281,4.247503122007861,2.81,0.9914747789018986,1.641997831918202,1.6381361984899818,0.0,56.065456141512975,0.05199994160743777,43.46465116895396,0.0245566676257003
HD152235,75.0,55.0,deBurgos2024,B0.5Ia,4.380211241711606,4.181786059501163,2.73,0.9995049711479989,1.5839052120256496,1.6461254320207537,0.0,45.484222403838714,0.03042115287372577,44.27162182686197,0.024555519594824635
HD152247,130.0,95.0,deBurgos2024,O9.2III,4.495544337546448,4.143118442840531,3.23,0.9047549490039996,1.6298705811741234,1.4175811478369766,0.0,50.90657594939334,0.18687615158690368,26.15659137866914,0.07178840896073929
HD152249,89.0,76.0,deBurgos2024,OC9Iab,4.509202522331103,4.267751181979149,3.16,0.9282637914840507,1.615174926511991,1.4478151397977654,0.24867881155530208,61.60598903159338,0.10248939101168321,28.042397414334097,0.05356860331637768
HD152405,89.0,48.0,deBurgos2024,O9.7II,4.472756449317212,4.131966889923587,3.15,0.9815454659054859,1.559114496148904,1.4188217579337599,0.0,41.93472469192025,0.10912223408546809,26.231417390904667,0.036168570986368914
HD152685,34.0,14.0,deBurgos2024,B1.5III,4.359835482339888,3.420283022014291,3.41,0.9870753418115276,1.1349114701954368,1.0852126276913727,0.17949254142112864,14.000000000000004,0.1416697397977981,12.167815830123901,0.022741927921957852
HD15325,71.0,89.0,deBurgos2024,B1IV,4.371067862271736,3.5752125417416805,3.3,0.9921915926442169,1.2049537814392128,1.1623452170270576,0.895854772345477,16.552072613827267,0.17573587346417918,14.532663477681394,0.12104773301641944
HD154090,74.0,58.0,deBurgos2024,B2Iab,4.3692158574101425,4.107804522295307,2.76,0.9998516171491065,1.5130197017210996,1.5985139949538443,0.4120963304077647,36.65502870475707,0.17156809953676583,39.674731373807774,0.02889521094891409
HD154368,75.0,65.0,deBurgos2024,O9.5Iab,4.498310553789601,4.22418330781314,3.16,0.9074377659796339,1.6727312231427198,1.4733076470608675,0.0,59.51360232664295,0.05513123701810145,29.737718568080084,0.043203365609051504
HD154385,61.0,23.0,deBurgos2024,B1Ib,4.414973347970818,3.7308344845380104,3.32,0.9817793511210553,1.3029200360188464,1.21066587381818,0.7752257441438236,20.870908725467334,0.03661295119350593,16.242986143315274,0.027988126809671006
HD154643,88.0,111.0,deBurgos2024,O9.7III,4.47567118832443,3.9536258459524576,3.34,0.9762573275995016,1.4424881070945197,1.2694332411878586,0.0,29.944686835997885,0.10337219230451032,18.59658678524618,0.11797815722346132
HD154811,78.0,121.0,deBurgos2024,OC9.7Ib,4.44870631990508,4.2557663722750565,2.93,0.9809492154345385,1.6448947815124804,1.5810676849831506,0.0,56.36075516628457,0.11967152151259605,38.11252172955976,0.06275228668813701
HD155450,77.0,84.0,deBurgos2024,B1Ib,4.372912002970106,3.852589104535163,3.03,1.0009087747750598,1.3329766712293356,1.3673896251440603,2.0,22.481878535740673,0.20184481935383705,23.301808303941996,0.07125273377075782
HD15571,60.0,49.0,deBurgos2024,B1Ib,4.392696953259666,3.9617289056934006,3.0,1.000321318051605,1.4072525483530203,1.424767503711201,1.0530653042614428,27.185025472432063,0.30938789971098224,26.5930104182605,0.0364200424015224
HD155756,100.0,70.0,deBurgos2024,O9Ibp,4.496929648073215,4.278659684947598,3.1,0.9556574354961608,1.5156758841007227,1.4280503720016997,0.5802102734660225,58.501227372487584,0.10102043885545016,26.79479088376423,0.05163682593694139
HD155985,69.0,41.0,deBurgos2024,B0.5Ib,4.399673721481038,3.9996359785788904,2.99,0.9998847415129604,1.430866715856556,1.439178315191378,0.0,29.00114748770655,0.15298909882165343,27.490226313533103,0.029479316664952047
HD156134,86.0,67.0,deBurgos2024,B0Ib,4.453318340047038,4.154214452842889,3.05,0.9818015931090355,1.5938615815618682,1.4933240900819904,0.0,46.37834481556095,0.07304700145190465,31.14039306482125,0.04252678811733485
HD156212,73.0,80.0,deBurgos2024,B0Iab,4.456366033129043,4.226405225170907,2.99,0.9540115507367984,1.651775591119779,1.553467391512947,0.0,56.44049062192426,0.26874434144879744,35.76575452748992,0.04421142023099157
HD156779,39.0,97.0,deBurgos2024,B2II,4.2576785748691846,3.451655392131475,2.97,1.0011430341262963,1.115263013418827,1.2920915366793821,2.0,13.40547089333464,0.3682476186159092,19.59257584657074,0.09785703850312051
HD15690,50.0,46.0,deBurgos2024,B2Iab-Ib,4.296665190261531,3.997601853700861,2.58,1.0003997803934608,1.4252575310150093,1.6441928058769368,2.0,28.572306807348344,0.06961508751168898,44.07504921136726,0.020628939233474055
HD157038,57.0,39.0,deBurgos2024,B3Iap,4.225309281725863,4.372178219558191,1.92,1.0823255728476342,0.8090223007240179,1.6627045601393775,4.010219845171409,34.760493791542935,0.08592701864999983,45.99435788213317,0.016759919087922577
HD15785,72.0,59.0,deBurgos2024,B1Iab,4.382017042574868,4.1190092629542105,2.8,0.9997642892558933,1.5228425543509232,1.5829647892312968,0.0,37.7141000933342,0.072553046508054,38.27937067560684,0.030464853440549805
HD158243,77.0,49.0,deBurgos2024,B1Ib,4.326335860928752,4.016284536369744,2.68,1.0002466515145756,1.4363044062244243,1.594583088622735,2.0,29.451431589909397,0.019924487103042312,39.317245892619525,0.02463342853826343
HD158661,96.0,60.0,deBurgos2024,B0II,4.429752280002408,4.129950212664368,2.98,0.9906242779776477,1.5628489430416568,1.510857830406256,0.0,42.415113515562005,0.03687650118425267,32.42334596914755,0.03657676489028899
HD159090,70.0,28.0,deBurgos2024,B0.5Ia/ab,4.466867620354109,3.948411574071174,3.31,0.981520540592415,1.43804964950316,1.281740400153165,0.0,29.549887895055466,0.08591505600363121,19.131120190495853,0.02892873891554003
HD159864,98.0,88.0,deBurgos2024,B1Ib,4.4361626470407565,4.005591680817763,3.13,0.990252519079407,1.4746570763840716,1.3908169914467636,0.0,32.75840705472317,0.06821897372018779,24.5933104145148,0.07072574835619162
HD160430,46.0,20.0,deBurgos2024,B2II,4.357934847000454,3.5226804806565535,3.3,1.0005455582837264,1.1629715939886915,1.1461214718191834,2.0,14.999999999999998,0.1572300452106813,13.999788407782829,0.02823711968414978
HD160575,51.0,29.0,deBurgos2024,B1/2II,4.3692158574101425,3.747804522295307,3.12,1.0008610866283787,1.2688713692908709,1.2935644767589747,2.0,19.33843920734048,0.18455631171517814,19.659138248204208,0.029157171538086012
HD161789,20.0,28.0,deBurgos2024,B2/3II,4.513217600067939,3.3038114929264952,4.14,0.2250538210437663,1.2542258561056134,0.7781195384918371,0.0,18.0,0.1820795773847659,5.999561900019012,0.09224659906432789
HD161961,59.0,38.0,deBurgos2024,B0/1Ib,4.421603926869831,3.947356800134061,3.13,0.9989188318273973,1.4018836474681475,1.3484452606648198,1.3380282040377232,26.792068779200143,0.27742700733408365,22.30721025273371,0.03367054970364543
HD16243,54.0,24.0,deBurgos2024,B2II:,4.230448921378274,3.912736778167834,2.4,1.0016053117130133,1.3669928465128813,1.7031384197194375,2.0,24.402722781147844,0.10415731702347832,50.482217045399715,0.009396901894411393
HD16310,58.0,57.0,deBurgos2024,B1II:,4.3747483460101035,4.009934476695151,2.88,1.0000314415872225,1.4323001870652317,1.4912520282056858,1.2020971937967329,29.12220826493079,0.07402120536123005,30.9921730405622,0.036352534747143096
HD163522,83.0,57.0,deBurgos2024,B1Ia,4.383815365980431,4.066202556576462,2.86,1.0000470886038593,1.4734415180369076,1.5230777144423013,1.3668732240047885,32.6331267759952,0.12971168710005362,33.34860827966772,0.03378384003009239
HD163613,78.0,71.0,deBurgos2024,B1I/II,4.38738982633873,4.080500398009656,2.86,0.9999795517550231,1.481100632768588,1.5255469355408038,0.7587913928800507,33.35128557607848,0.03589828225995859,33.538754885625686,0.041843045238519255
HD164018,38.0,142.0,deBurgos2024,B1/2Ib,4.468347330412158,3.704330414303368,3.56,0.858770919365394,1.3348257952833176,1.1011745938664432,0.0,22.244214716087242,0.3359009871440341,12.62334912986761,0.22234410590805903
HD164019,46.0,78.0,deBurgos2024,O9.5IVp,4.491361693834273,4.0563878679918295,3.3,0.9784125363618827,1.5021556171966264,1.3142166532694484,0.0,35.3613862095059,0.13859068318251763,20.61658140893463,0.07478075063127944
HD164032,50.0,108.0,deBurgos2024,B1/2Ib,4.367355921026019,3.930364776758813,2.93,1.0009788902110128,1.384644389169383,1.4442460927151932,2.0,25.568516428413176,0.06430782079849663,27.8128883701882,0.07675197038269967
HD164188,70.0,85.0,deBurgos2024,B0.5V,4.424881636631067,3.4204676391790056,3.67,0.8307719358729945,1.2006586206235526,0.9870921297144256,0.0,16.0,0.17667275801341145,9.707158696789456,0.17307672419683942
HD164359,35.0,77.0,deBurgos2024,B1II,4.478566495593843,3.45520707503011,3.85,0.6839397229595338,1.251080350444668,0.9249667859100353,0.0,18.000000000000004,0.04483751428353061,8.413307956622628,0.18089885167840783
HD164402,86.0,54.0,deBurgos2024,B0Ib,4.460897842756548,4.00453246368093,3.23,0.9803047644437574,1.4794050757904063,1.3439052254314874,0.0,33.20407888609821,0.12226665013796248,22.075229404267954,0.04835043716540725
HD164637,72.0,35.0,deBurgos2024,B0Ib/II,4.465382851448418,3.902472498448411,3.35,0.9820922853542199,1.405808900676898,1.244878499778999,0.7382638143569885,27.064860041315942,0.030471342397794646,17.574318779544647,0.03936419869918641
HD164741,32.0,20.0,deBurgos2024,B1III,4.399673721481038,3.3796359785788908,3.61,0.8742625491008307,1.170176884953653,1.0041749166353795,0.0,14.935959853179662,0.35847565853236124,10.096594550797256,0.039153171778312255
HD164971,76.0,43.0,deBurgos2024,B0Ia,4.439332693830263,4.038271867975789,3.11,0.9793510176680722,1.501014318538806,1.4178382595758514,0.0,35.335937486379926,0.15475829151663115,26.172081231954863,0.032474469616594955
HD165016,21.0,19.0,deBurgos2024,B0V,4.481442628502305,3.4167116066639567,3.9,0.6210639714893555,1.2456802559698437,0.8915423407119917,0.0,17.752894725526513,0.2549760301982395,7.790087588243855,0.04820844586509079
HD165024,70.0,94.0,deBurgos2024,B2Ib,4.352182518111363,3.809671165100188,2.99,1.001020217316523,1.3079258135971306,1.3801523239657887,2.0,21.220636075544952,0.3510358192000816,23.996744305886246,0.07742610289904753
HD165049,40.0,17.0,deBurgos2024,B2Ib/II,4.354108439147401,3.4273748492443423,3.38,0.9894373840861126,1.1347820121813719,1.0957285494908853,0.15897758175804125,13.999999999999998,0.04428126849088181,12.466040958843585,0.02695455973626182
HD165132,20.0,127.0,deBurgos2024,O9.7V,4.511883360978874,3.4184745365702356,4.02,0.44734705707651656,1.2784206157349343,0.8475923194104914,0.0,19.113990799046363,0.2071779445640732,7.0403187040776185,0.3565523246517664
HD165319,91.0,92.0,deBurgos2024,O9.7Ib,4.457881896733992,4.282468679590707,2.94,0.9876474610080374,1.5394719129236594,1.5268507479776356,0.4389460482108652,57.36952880061156,0.3141759111535541,33.63959418346069,0.05405662784961321
HD165516,67.0,47.0,deBurgos2024,B1/2Ib,4.413299764081252,3.964140148979745,3.08,1.0000569028336068,1.4135116616574455,1.3892490682613265,0.5814139782386891,27.661317972775365,0.2877179000323224,24.504681845634455,0.03791060021864112
HD165812,34.0,42.0,deBurgos2024,B1/2II,4.399673721481038,3.2496359785788904,3.74,0.8012914244874669,1.11098699753738,0.9033081311311104,0.0,13.0,0.10447906853156526,8.004019372915598,0.10371773643353979
HD165892,42.0,74.0,deBurgos2024,B2II,4.334453751150931,3.33875609725846,3.39,0.9823944489172847,1.1017669674736768,1.0684243876636357,0.2053730056510023,12.948440638146673,0.22949331242610072,11.706427711768209,0.124945092479063
HD166286,123.0,76.0,deBurgos2024,B1II,4.426511261364575,3.6569861381130377,3.44,0.970796592567424,1.2573196549067542,1.131112524947985,0.5729493752904421,18.70627095165874,0.09167618237667094,13.524229282408962,0.11107413455956323
HD166287,56.0,112.0,deBurgos2024,B1Ib,4.392696953259666,3.7017289056934,3.26,0.9918055131403402,1.2768839704651591,1.2225165714409385,0.6908973914134297,19.654551304293285,0.18515397937428535,16.692314991173937,0.13262131260889864
HD166539,43.0,32.0,deBurgos2024,B1/2Ib,4.514547752660286,3.549132103295883,3.9,0.6046300041178213,1.3336066433815819,0.9364754222827868,0.0,21.906716409987173,0.3380282138237111,8.63923767880599,0.07321270056836253
HD166540,64.0,27.0,deBurgos2024,B1Ib,4.447158031342219,3.749573218023615,3.43,1.0000046492471553,1.2829366397256605,1.145884274332776,0.8064266098755716,20.0,0.010296105484881987,13.992144267479555,0.03814093722231442
HD166569,70.0,27.0,deBurgos2024,B1II,4.380211241711606,3.851786059501163,3.06,1.0008628517890212,1.3327194031818372,1.3548174186176838,2.0,22.46719250493402,0.1879271686507372,22.636924304641735,0.023575353653591254
HD166628,40.0,37.0,deBurgos2024,B3Ia/ab,4.222716471147583,4.0618069772450704,2.22,1.0007051864628405,1.4713555925313673,1.851709950606004,2.0,32.472574275360195,0.1431965283917266,71.07386787503386,0.010289722065063903
HD166689,57.0,36.0,deBurgos2024,B1Ib,4.3979400086720375,3.7327011273428874,3.25,1.0002526013629598,1.2699393340143432,1.2277450430327497,1.8939627464797821,19.384204324422228,0.13342840482238916,16.894488324397862,0.04211815402863742
HD166787,75.0,92.0,deBurgos2024,B0.5Ia,4.4065401804339555,4.087101814390559,2.93,0.999767094544531,1.4965697421251567,1.5042507728511505,0.0,34.91256468328017,0.1101753926175986,31.93381263656485,0.05694412516547411
HD166803,76.0,68.0,deBurgos2024,B0.5IV,4.468347330412158,3.334330414303368,3.93,0.5920969561025976,1.2037031602042698,0.8539322821032526,0.0,16.066383607176917,0.11354419203390416,7.143849260498031,0.18814318916713016
HD166852,130.0,45.0,deBurgos2024,B0Ia/ab,4.505149978319906,3.9615410059343623,3.45,0.8769451683060598,1.5053220294759055,1.2477522950354756,0.0,35.11989624333702,0.2135011969702523,17.69099643723318,0.05027731648741518
HD166922,28.0,87.0,deBurgos2024,B2II,4.318063334962762,3.403194432505785,3.26,1.0006712352288152,1.1076437012181295,1.1461423623882672,2.0,13.162060304313428,0.11504286301538298,14.000461846182985,0.12282556229031406
HD166965,51.0,47.0,deBurgos2024,B1.5II-III,4.338456493604605,3.424767067073158,3.32,0.9946921424756899,1.127547778349753,1.1140881825307796,1.2418000754660823,13.781877852478923,0.42082956603838517,13.004336013845904,0.07143672663838696
HD167224,46.0,153.0,deBurgos2024,B3Ib/II,4.269512944217916,3.5389928695264015,2.93,1.0012262252333441,1.151942712580034,1.3302379244587963,2.18621526566633,14.63623517728034,0.5006318764413693,21.391336743505168,0.14137264293297216
HD167287,85.0,41.0,deBurgos2024,B1Iab,4.421603926869831,3.927356800134061,3.15,0.9972660999780434,1.399366225210171,1.3376539630909012,1.4781617528308642,26.598056467530164,0.03177054306828521,21.759753090893536,0.037242751942207906
HD167311,75.0,53.0,deBurgos2024,B0Ib,4.392696953259666,4.0017289056934,2.96,0.9999297642963029,1.4315017856084062,1.4543327919781954,0.09963250720349635,29.053887509669497,0.13793939917423528,28.466416016919506,0.03680060414205966
HD167330,68.0,101.0,deBurgos2024,O9.5/B0Ia,4.491361693834273,4.116387867991829,3.24,0.9197576220000148,1.6013902802928741,1.401905753711052,0.0,46.8379057161109,0.1902505660089199,25.22933211081112,0.07912750842509984
HD167336,94.0,80.0,deBurgos2024,B0II,4.429752280002408,4.139950212664368,2.97,0.9876546649906714,1.5786454712409133,1.5249129861065738,0.0,44.421053536466374,0.1120013936721792,33.489833324566916,0.04721596515481596
HD167411,65.0,127.0,deBurgos2024,O9.7II,4.445604203273597,4.183357905749126,2.99,0.9799458127164745,1.6079620187414183,1.5249184114110972,0.0,48.75054885415604,0.21005293531959437,33.490251689723905,0.07495440833006414
HD167451,63.0,61.0,deBurgos2024,B1Ib,4.414973347970818,3.9408344845380103,3.11,1.000514870996676,1.396495584402582,1.3629755298583552,1.6104756880852469,26.389524311914755,0.17287231010580853,23.066172196723304,0.05227164599432126
HD167479,65.0,30.0,deBurgos2024,B2.5III,4.2878017299302265,3.232148012375643,3.31,0.9993449064997932,1.031728348930623,1.0786681022761035,1.8424526370811254,11.02489548060176,0.15205187941394394,11.985829686779956,0.04947263282816667
HD167543,42.0,34.0,deBurgos2024,B1Ib/II,4.418301291319746,3.5341462579337204,3.53,0.8913014784091017,1.234729185841024,1.0713682495028987,0.0,17.389990199249528,0.30748659047881705,11.786049194828697,0.05701938624985007
HD16779,80.0,41.0,deBurgos2024,B1.5IbN-weak,4.3560258571931225,3.9650445214272274,2.85,1.000428419786193,1.4101399165637218,1.5025697177187751,2.0,27.40499899219256,0.2638429245733489,31.810443035030136,0.025475693180237152
HD168021,95.0,45.0,deBurgos2024,B0Ia,4.4361626470407565,4.115591680817763,3.02,0.9927005700765699,1.5456691719361688,1.4799508473585834,0.0,40.31675239791866,0.12913393884333627,30.196099472261924,0.029455984130319853
HD16808,73.0,78.0,deBurgos2024,B0.2Ib,4.419955748489758,4.110764086613769,2.96,0.9969888933337101,1.5305667303608472,1.5034711495552986,0.0,38.584378652801036,0.0584248883646669,31.876538108944786,0.04836546013691472
HD168080,67.0,145.0,deBurgos2024,B1Ib/II,4.357934847000454,3.7626804806565537,3.06,1.0009522375029263,1.2761266456208147,1.3276515564970035,2.0,19.683278526517658,0.15705376099665844,21.264322805056004,0.13478088896805765
HD168183,64.0,126.0,deBurgos2024,O9.5III,4.494154594018442,3.787559468728507,3.58,0.8469675117363625,1.3959489905906932,1.123719215353713,0.0,25.999999999999996,0.08533188777227864,13.295945165698315,0.1873109646700485
HD16832,60.0,57.0,deBurgos2024,O9.2III,4.489958479424835,4.030775010354076,3.32,0.9603058072892132,1.5076866426737094,1.314398388376501,0.0,35.89157030465354,0.13566115661304917,20.62521044022525,0.054624608588197496
HD168489,61.0,28.0,deBurgos2024,B1Ib,4.437750562820388,3.801943343936289,3.34,0.983639026699119,1.3351283981819135,1.2097510747653364,0.7868063337889762,22.570932539793045,0.13286583010617264,16.208807883287697,0.034144348254216875
HD168552,47.0,32.0,deBurgos2024,B2/3Ib/II,4.324282455297693,3.548070913845509,3.14,1.000807500567427,1.1629451840725291,1.2306961320159828,2.0,15.000000000000002,0.021095883184035578,17.009679554650475,0.03718482287012933
HD168571,33.0,124.0,deBurgos2024,B1Iab/b,4.363611979892144,3.905389012223313,2.94,1.0010051210039077,1.3711613824114226,1.434367631567664,2.0,24.667185388288512,0.19841362452417463,27.18739716271383,0.09015004012469556
HD168750,50.0,33.0,deBurgos2024,B1Ib,4.408239965311849,3.7639009539021338,3.26,0.9891752117977691,1.320767798877015,1.2454822990200274,0.22074768595622174,21.779252314043774,0.028854972971825724,17.598769332534342,0.03706325107362347
HD168917,3.0,67.0,deBurgos2024,B0/0.5II/III,4.510545010206612,3.4331211334811855,4.0,0.4791302448257676,1.2835618445885866,0.8601344551623537,0.0,19.363521790779842,0.26922487548961144,7.246602761511439,0.1827478256144904
HD168941,91.0,107.0,deBurgos2024,O9.5IVp,4.480006942957151,4.090968864483341,3.22,0.9872215971500459,1.524798147601783,1.3744982008288131,0.0,37.94883196075139,0.07373641372032624,23.686353191122702,0.08928889484758228
HD168987,63.0,48.0,deBurgos2024,B1Ia/ab,4.311753861055754,3.9879565368777543,2.65,1.000350845481582,1.4218074010769988,1.608772531970475,2.0,28.29430078799652,0.04200758443323252,40.62305043205206,0.023355037888228854
HD169034,41.0,39.0,deBurgos2024,B2Ia,4.201397124320452,4.316529589936544,1.88,1.0476842884802986,1.2017254614646462,1.8886398797354915,3.0323554965932993,45.5846604443157,0.2025379666603801,77.38198744111142,0.009961772010471309
HD169227,65.0,50.0,deBurgos2024,B1.5Ia,4.336459733848529,4.086780028048854,2.65,1.000223602171493,1.4801411481522162,1.6283876042679408,2.0,33.260952635587216,0.07251458735719547,42.49987025931229,0.02325381809469865
HD169673,64.0,46.0,deBurgos2024,B1Ib,4.424881636631067,3.7004676391790055,3.39,0.9997793182120144,1.264717007121242,1.1529145207540932,0.7109739533585668,19.13681401408218,0.1486674403253348,14.220488673145768,0.0639374308993097
HD169754,59.0,56.0,deBurgos2024,B0.5Ia,4.423245873936808,4.123924588401969,2.96,0.9936505148087309,1.5524915981881242,1.516126173590183,0.0,41.20552162771536,0.06624176296366832,32.81906269863243,0.033726690261372566
HD170604,54.0,25.0,deBurgos2024,B1Ib,4.4281347940287885,3.6734802687698913,3.43,0.999994655550938,1.2398750376152388,1.1234823454249216,0.7399789348596452,18.055474957459264,0.016724570038250522,13.288695359386683,0.03718514968289384
HD170938,75.0,57.0,deBurgos2024,B1Ia,4.367355921026019,4.1103647767588125,2.75,0.9998433376195279,1.5160540191622183,1.606697389676895,0.2522161713855847,36.98098212758448,0.16277900284024632,40.429408706266294,0.027866943479979374
HD171012,104.0,66.0,deBurgos2024,B0.2Ia,4.413299764081252,4.234140148979745,2.81,0.9934499882324096,1.6313028003125938,1.629577643633033,0.0,53.855174377773324,0.1827639137336495,42.61648669842732,0.030611045484543697
HD171201,73.0,116.0,deBurgos2024,B0Ia,4.495544337546448,4.193118442840531,3.18,0.9087388124599899,1.6603170943213088,1.4594807887087589,0.0,56.69275190056458,0.19635849647848463,28.805856224287222,0.07959560191244013
HD171432,70.0,41.0,deBurgos2024,B0.5Ib,4.399673721481038,3.959635978578891,3.03,1.0003381702769878,1.40506710463973,1.4055568649267214,0.977805889545395,27.022194110454613,0.34262151965451443,25.44232903846841,0.031852158089086015
HD171876,80.0,46.0,deBurgos2024,B2II,4.271841606536499,3.2683075188007313,3.21,1.0007580708949626,1.0393389377546915,1.132848727172147,2.0,11.228227579196368,0.27554665410989104,13.578404031952768,0.06696085267120416
HD172488,59.0,106.0,deBurgos2024,B0Iab/b,4.3692158574101425,3.827804522295307,3.04,1.0009221395393322,1.3211544582877985,1.362072411786059,2.0,21.861561812748082,0.11973043871383707,23.018255786891324,0.09102178000632255
HD172510,34.0,23.0,deBurgos2024,B2Ib,4.3404441148401185,3.3627175520152113,3.39,0.9892865432637745,1.1031804426807676,1.0723452334970323,0.27619749762164325,13.0,0.04910428765750306,11.81259280377799,0.03848526428519909
HD173438,98.0,47.0,deBurgos2024,B0/1Iab,4.409933123331294,4.130673585979914,2.9,0.9990070297102617,1.5331284840581272,1.5308664622289898,0.0,38.87972962125528,0.07875556221912394,33.952085995820234,0.027361711944568184
HD173502,22.0,131.0,deBurgos2024,B0.5III,4.424881636631067,3.4504676391790055,3.64,0.8400289049544826,1.2006032634387374,0.9950227616523691,0.0,16.0,0.16628605139788613,9.886049067164642,0.26191502012598006
HD173987,65.0,74.0,deBurgos2024,B0.5Ia,4.418301291319746,4.16414625793372,2.9,0.9861376600068957,1.5963629241390138,1.5640485589636113,0.0,46.77463639152744,0.09176770625199535,36.64785487435354,0.039911222582086965
HD177812,73.0,47.0,deBurgos2024,B1/2Ib,4.359835482339888,3.990283022014291,2.84,1.0001340164417878,1.4237953914182875,1.5114170536593858,2.0,28.445321590386285,0.06355770721489971,32.46512307805564,0.028614929156476135
HD178129,45.0,37.0,deBurgos2024,B3Ia,4.214843848047698,3.9503164848455294,2.3,1.0016179785961936,1.3858375935677065,1.7583931121112284,2.0,25.66435602518101,0.07268836883657258,57.331474583852746,0.012756175413795298
HD178597,15.0,4.0,deBurgos2024,B3III,4.330413773349191,3.1425961860515015,3.57,0.9736327472665031,1.004773954861854,0.9402084033027346,0.388966197151498,10.328360070675703,0.12061406120070216,8.713816363598813,0.009073262146646194
HD18076,121.0,82.0,deBurgos2024,B0II-III,4.453318340047038,3.9442144528428895,3.26,0.9847291722558225,1.4412064339943031,1.311499129542141,0.0,29.819778908627143,0.10468801421431101,20.487979435409304,0.07910912730488591
HD181653,45.0,67.0,deBurgos2024,B1II-III,4.376576957056512,3.5872489208807865,3.31,0.9886211493530999,1.2154509282870543,1.1645106770463256,0.191391345464988,16.952199800170032,0.0975031825624647,14.605306558655782,0.09067258481975067
HD18352,51.0,51.0,deBurgos2024,B1V,4.394451680826216,3.3787478159596014,3.59,0.8820411885515336,1.1506925524974687,0.9962775279225424,0.0,14.31786484866685,0.4136840099132151,9.914653202245438,0.10167273797042221
HD183561,24.0,9.0,deBurgos2024,B2III,4.328379603438738,3.1844595064096897,3.52,0.959103377705834,1.019626988922604,0.9590719112725644,0.15042686267190244,10.691530393614283,0.31872924549610193,9.100639502062101,0.019547106039107833
HD185780,70.0,87.0,deBurgos2024,B0III,4.45484486000851,3.800320532688778,3.41,1.0000057897869257,1.3241417049765674,1.1781622757616725,0.9004756083743868,22.0,0.01077747425950272,15.07170120753644,0.11409558714723185
HD185859,80.0,49.0,deBurgos2024,B3I+,4.431363764158987,4.056396149290685,3.06,0.9888513243813952,1.5013845054116222,1.4410691076960152,0.0,35.43381375921696,0.04885998112177738,27.610171718527265,0.03507832464393073
HD186618,11.0,139.0,deBurgos2024,B0V,4.445604203273597,3.633357905749127,3.54,0.8765993020661901,1.2922032427272387,1.0929308670179843,0.0,20.0,0.11184113951301454,12.385994049182399,0.22181749884689686
HD186841,90.0,55.0,deBurgos2024,B1Ia,4.414973347970818,4.10083448453801,2.95,0.9977023397833727,1.514903889472638,1.4983539609151886,0.0,36.8394798764691,0.08199806357515144,31.5031485382531,0.0345080643588413
HD186994,73.0,144.0,deBurgos2024,B0III,4.466867620354109,3.738411574071174,3.52,0.884068771511257,1.364087127503077,1.1459596833580725,0.0,24.000000000000007,0.16117364175330195,13.994574014148585,0.2033830142346913
HD189779,51.0,66.0,deBurgos2024,B2III,4.318063334962762,3.2931944325057847,3.37,0.9917554509631108,1.0687725300738908,1.0563394646218456,0.8747418713877744,12.0,0.16301450426359898,11.385168554622869,0.11458198501482113
HD190066,84.0,60.0,deBurgos2024,B0.7Ib,4.394451680826216,4.098747815959601,2.87,0.9997681966531669,1.5076715691149898,1.5416930085261693,0.0,36.06926620193365,0.20485055215692397,34.80911714543043,0.03406984145892634
HD190336,30.0,73.0,deBurgos2024,B0.7II-III,4.4031205211758175,3.5234231773580076,3.48,0.9882720331494488,1.1719910688713577,1.0652589578102745,1.070939027345655,15.293697456904077,0.03740906268833659,11.621413600976311,0.12415830444963777
HD190427,59.0,25.0,deBurgos2024,B0III,4.489958479424835,3.900775010354076,3.45,0.9168086810031855,1.4437535070807568,1.2202176691517113,0.14077649123089395,29.82940669719221,0.196695048785093,16.604189037713702,0.029760087945686926
HD190429B,130.0,112.0,deBurgos2024,O9.5II-III,4.491361693834273,4.066387867991829,3.29,0.9715047043382563,1.5126660411310557,1.3212458125820643,0.0,36.55094397656771,0.2629681090546311,20.952980681872912,0.10565354677799493
HD190991,52.0,47.0,deBurgos2024,B0IVp,4.506505032404872,4.026961222274227,3.39,0.9099539465558193,1.5263286957127118,1.2878375605248038,0.0,37.606160931068246,0.050129744683376797,19.40160062409042,0.04788198741609718
HD191396,62.0,33.0,deBurgos2024,B0.5II,4.4361626470407565,3.9555916808177622,3.18,0.9904330825905464,1.4435993002038154,1.3497124476823932,0.0,30.01914945564078,0.11384135155092899,22.372393412900976,0.029155021294341128
HD191456,57.0,40.0,deBurgos2024,B0.5III,4.423245873936808,3.773924588401969,3.31,0.9905808323554519,1.3327415600253534,1.232044530145449,0.0,22.45084306094872,0.038749735108709216,17.062573301895945,0.04633693802556855
HD191611,80.0,56.0,deBurgos2024,B0.5III,4.426511261364575,4.066986138113037,3.03,0.9899368924933138,1.5097135094098943,1.4588769057643118,0.0,36.29263965370429,0.10779949073689596,28.765829750212497,0.03847893045036065
HD191781,96.0,74.0,deBurgos2024,ON9.7Iab,4.477121254719663,3.9694261115333873,3.33,0.9775495721315222,1.4545716018863117,1.281196149967064,0.0,30.925412189254395,0.06142798252099142,19.107160424157247,0.07655039579806418
HD192039,38.0,16.0,deBurgos2024,B0IV,4.502427119984433,3.5406495725924696,3.86,0.6585045811942051,1.2952611418043922,0.9388280498736048,0.0,20.0,0.3283980559891904,8.686164500595655,0.03640858524346185
HD192079,42.0,45.0,deBurgos2024,B0.5IV,4.471291711058939,3.646107936890493,3.63,0.8341895701759917,1.3311715340165917,1.0751074299543275,0.0,22.000000000000004,0.30144354219231834,11.887962595709988,0.07481987091492744
HD192444,71.0,44.0,deBurgos2024,B1III,4.354108439147401,3.8773748492443416,2.93,1.0010570868227864,1.3530881485431845,1.4321872667791347,2.0,23.56566315486821,0.17584546621502098,27.051245561318368,0.03214972633478083
HD192539,46.0,32.0,deBurgos2024,B2III,4.350248018334163,3.4219331659913896,3.37,0.9869960493332738,1.1349421858968127,1.0979721923266854,0.18105097180269664,14.000000000000002,0.021310875165040263,12.530609394646394,0.050476549176257136
HD192660,114.0,56.0,deBurgos2024,B0Ib,4.431363764158987,4.186396149290685,2.93,0.9870085346919132,1.610218147993297,1.5635068563843062,0.0,49.402726016902214,0.1987100837165881,36.602171904675906,0.030240783666827677
HD192832,27.0,36.0,deBurgos2024,B5Ia,4.212187604403958,3.9196915102705696,2.32,1.0016636013039895,1.370026135963082,1.74329541836424,2.0,24.606938824200956,0.16491118253739181,55.37266403523994,0.012850468256848827
HD193007,70.0,61.0,deBurgos2024,B0.5II,4.432969290874405,3.8828182561523583,3.24,0.9911046603230336,1.3860018292480045,1.2902365192405456,0.8201281094497376,25.675881739841095,0.05432794576279806,19.509067854072043,0.06180237808027892
HD193032,70.0,44.0,deBurgos2024,B0III,4.456366033129043,3.846405225170907,3.37,0.9999231176885605,1.3613355797153277,1.215314708184536,0.7946145115956462,23.999999999999996,0.014331985176523036,16.417790449144324,0.05297242308612042
HD193076,70.0,60.0,deBurgos2024,B0.7II,4.401400540781544,3.986543255780912,3.01,0.9998851054107512,1.4255147663287815,1.4302634772760796,0.0,28.572653942291247,0.020505569950533473,26.93168196584059,0.04403516661061959
HD193117,17.0,124.0,deBurgos2024,O9.5II,4.502427119984433,4.08064957259247,3.32,0.9135583748115301,1.5762788897981606,1.3499379047216211,0.0,43.58345993733554,0.1356376479565141,22.38401069858076,0.1094953437124691
HD193444,79.0,32.0,deBurgos2024,B0.5V,4.442479769064448,3.79086016891253,3.37,0.9871969442910298,1.3315981090680613,1.199145985657393,0.6991461137197704,22.38529772404349,0.031892708846771554,15.817796562864645,0.03998672753209253
HD194057,81.0,57.0,deBurgos2024,B1Ib,4.41161970596323,3.9574199165076576,3.08,1.0002747831821934,1.4046331811966035,1.3831035524163027,1.0113598381338134,26.98864016186618,0.368254386170167,24.16036841367856,0.04663190676797178
HD194153,74.0,71.0,deBurgos2024,B1Iab,4.396199347095736,4.035738481037683,2.94,0.9999841683469423,1.45918498449611,1.4831814746664447,1.0891520453079875,31.36298123386365,0.2390389697469588,30.42155958031426,0.04613056192000619
HD194303,55.0,40.0,deBurgos2024,B3II,4.328379603438738,3.44445950640969,3.26,1.00064005139571,1.1251464475226087,1.1489155376988354,2.0,13.71872685355277,0.32512704728655883,14.090147442814633,0.05611207440202187
HD194779,13.0,120.0,deBurgos2024,B3II,4.326335860928752,3.446284536369744,3.25,1.0006683195655839,1.1250807601328994,1.1581426466082732,2.0,13.716702487428048,0.3149362682686833,14.39271237834835,0.16479744349704056
HD195229,54.0,32.0,deBurgos2024,B0.2III,4.444044795918076,3.7271202763270423,3.44,1.0000187167909247,1.2761348840202478,1.1419607001983396,0.9016060030259843,19.67784956547643,0.13908679438231344,13.866303454372083,0.045614314110362895
HD195592,50.0,60.0,deBurgos2024,O9.7Ia,4.432969290874405,4.252818256152358,2.87,0.9874438732658867,1.6441820365800799,1.6097490573095041,0.0,56.43318172263495,0.09773997633976368,40.714495458896295,0.02912822789778366
HD198479,7.0,54.0,deBurgos2024,B1III,4.4281347940287885,3.5534802687698916,3.55,0.878019188608569,1.2492078152341,1.0683448695754678,0.0,17.999999999999996,0.038090920600990064,11.70428449426299,0.09119284418848352
HD200857,35.0,155.0,deBurgos2024,B3IIIv,4.264817823009537,3.630212384692885,2.82,1.0014161064598313,1.198574626119534,1.4081856867848586,2.0,16.341842808381738,0.19741112753177933,25.596800688196392,0.11969000418062524
HD201638,49.0,69.0,deBurgos2024,B0.5V,4.444044795918076,3.4371202763270423,3.73,0.7893349654184479,1.2228445063660172,0.9695978425984284,0.0,16.862599677145532,0.3177172998533679,9.323905057854011,0.1462726464263687
HD203938,77.0,135.0,deBurgos2024,B0.5IV,4.431363764158987,3.476396149290685,3.64,0.8428256895620347,1.225928702752113,1.0148037085133916,0.0,17.0,0.1403044614346518,10.346744110629764,0.2578944112299215
HD20508,44.0,108.0,deBurgos2024,B1.5IV,4.365487984890899,3.282893032218335,3.57,0.9192126235403396,1.1024798589590465,0.9924643521762192,0.22905783664002613,12.885471081679986,0.23446986480701992,9.827981995022432,0.2172057280454088
HD205196,96.0,51.0,deBurgos2024,B0Ib,4.432969290874405,4.152818256152359,2.97,0.9851857204623713,1.5915613123933208,1.530537877095029,0.0,46.10295754079445,0.07536744349097994,33.92640772471889,0.02971284037139716
HD205794,23.0,9.0,deBurgos2024,B0.5V,4.444044795918076,3.257120276327042,3.91,0.6277933197614016,1.1578368825556444,0.841044811749267,0.0,14.44081352425018,0.42353472919859947,6.934973593699671,0.02565131113579338
HD206259,64.0,176.0,deBurgos2024,B3III,4.201397124320452,3.3065295899365443,2.89,1.0012379311083262,1.0502427235046725,1.2977345869080341,2.0,11.518315698647612,0.44924698799663443,19.8488151361431,0.1752628831184395
HD209678,61.0,30.0,deBurgos2024,B2I,4.307496037913213,3.870925244307587,2.75,1.0012883320930361,1.3423699172604244,1.5151511965403786,2.0,22.993687571332043,0.33902864172940267,32.74546760573551,0.018108477129553747
HD210386,39.0,15.0,deBurgos2024,B1.5II-III,4.378397900948138,3.504532696447289,3.4,0.9861303335407925,1.1729765840931576,1.1027376611783901,0.8889619534191132,15.31850246680821,0.01873813067866819,12.668863625189294,0.023402673230139243
HD213481,42.0,32.0,deBurgos2024,B1.5II-III,4.354108439147401,3.4273748492443423,3.38,0.9894373840861126,1.1347820121813719,1.0957285494908853,0.15897758175804125,13.999999999999998,0.04428126849088181,12.466040958843585,0.05073799479766931
HD214080,70.0,114.0,deBurgos2024,B1/2Ib,4.354108439147401,3.8273748492443422,2.98,1.0010240566699606,1.3209420074280986,1.393018737726237,2.0,21.852801728772015,0.1279208993968351,24.71830790371831,0.09115867087140142
HD214993,44.0,25.0,deBurgos2024,B1.5III,4.382017042574868,3.3390092629542103,3.58,0.9110389986749523,1.1316356196611501,1.003149515298171,0.0,13.764745396128523,0.28209423218266716,10.072783866050745,0.0490571556582907
HD215733,83.0,73.0,deBurgos2024,B1II,4.38738982633873,3.980500398009656,2.96,0.9999876901671223,1.4235310574160884,1.4570186580599978,0.6719173307861527,28.418080892977237,0.0639715202314787,28.643010227073614,0.0503751175789946
HD215806,40.0,94.0,deBurgos2024,B0Ib,4.510545010206612,4.1231211334811855,3.31,0.8854248674826233,1.6244473317484311,1.3742669283427364,0.0,49.710264881429175,0.04735199250493104,23.67374298378555,0.07848249409238883
HD216438,45.0,21.0,deBurgos2024,B1II,4.3747483460101035,3.7099344766951514,3.18,1.0007409580592257,1.2526179311777081,1.2593590356822029,2.0,18.606883919946213,0.291504949817905,18.17017188685291,0.022843998859737556
HD217490,94.0,45.0,deBurgos2024,B0II,4.437750562820388,4.121943343936289,3.02,0.9886119418233041,1.556001021766428,1.4853573906380866,0.0,41.537319971243924,0.051029433320563915,30.574361107762044,0.029091558895296
HD218941,53.0,61.0,deBurgos2024,B1Ib,4.3692158574101425,3.8078045222953074,3.06,1.0008948113826328,1.3047205520502907,1.3414784833882827,2.0,21.063240289884984,0.36189215918334,21.952221867321217,0.054924134549953235
HD219287,72.0,91.0,deBurgos2024,B0.5Ia,4.431363764158987,4.2463961492906845,2.87,0.9885953283437763,1.6408285405680882,1.6101439039478989,0.0,55.79652803442234,0.16685217205480476,40.751528606760665,0.04413766551195777
HD222568,39.0,18.0,deBurgos2024,B1IV,4.3692158574101425,3.4178045222953073,3.45,0.9987745640440708,1.127535092074262,1.0636308599832562,0.3905550769617517,13.789913818187857,0.24557472238882394,11.577928413320763,0.030729360040926173
HD224257,40.0,25.0,deBurgos2024,B0.2IV,4.465382851448418,3.532472498448411,3.72,0.7809891474066983,1.2725993414042345,0.9957351230910049,0.0,19.0,0.097624820779163,9.90227819129687,0.04990186263030591
HD224424,64.0,54.0,deBurgos2024,B1Iab,4.346352974450639,4.086352990457293,2.69,1.000182442239918,1.4801977118845187,1.6084647295099808,2.0,33.26401108844158,0.08643434182311023,40.5942693965183,0.02629304599122932
HD225146,94.0,86.0,deBurgos2024,O9.7Iab,4.437750562820388,4.1919433439362885,2.95,0.9834830336984368,1.6181065549303215,1.5576390487527776,0.0,50.78085477785861,0.17702726635106564,36.11096121167415,0.04707293454683256
HD22586,57.0,91.0,deBurgos2024,B1/2III,4.348304863048161,3.63416054484738,3.15,1.0007792937410125,1.209105411970021,1.2515723736048237,2.0,16.75594365092882,0.2808441698470116,17.847293824571462,0.10078151659439995
HD227634,69.0,105.0,deBurgos2024,B0.2II,4.44870631990508,3.9957663722750567,3.19,0.9863457528026025,1.46998200874507,1.3589038249670702,0.0,32.31324858377203,0.05956765097547561,22.850927108237045,0.09082331406039104
HD227704,63.0,119.0,deBurgos2024,B0III,4.494154594018442,4.027559468728507,3.34,0.9699975864425049,1.494056484666861,1.2948242076286611,0.0,34.56992681198294,0.1385706027533459,19.71624506529997,0.11929840150133406
HD228053,78.0,52.0,deBurgos2024,B1II,4.408239965311849,3.9039009539021334,3.12,1.0007160377572017,1.3733328751775224,1.3437402751452325,2.0,24.804865854652835,0.2635186588787086,22.066846557741357,0.046577367520603104
HD228712,72.0,63.0,deBurgos2024,B0.5Ia,4.401400540781544,4.256543255780912,2.74,0.9931753455570136,1.6430339223499046,1.6682212551503186,0.0,56.25715091892278,0.08559267914744775,46.582335089182045,0.026731982310665554
HD229033,17.0,170.0,deBurgos2024,B0II-III,4.460897842756548,4.06453246368093,3.17,0.9871669899806998,1.5073565561997273,1.388155645711956,0.0,36.01636286361599,0.10731339983606938,24.443064045895486,0.13746911805693213
HD229159,66.0,44.0,deBurgos2024,B1.5Ib,4.361727836017593,3.9678524367251096,2.87,1.0003588562766255,1.4113602505309846,1.4912128880137026,2.0,27.493811552872053,0.21815471235055994,30.98938003951519,0.028064134897257724
HD229234,62.0,107.0,deBurgos2024,O9III,4.505149978319906,4.101541005934362,3.31,0.8930821482762789,1.6058086423137075,1.366475939936591,0.0,47.09118027687152,0.2013234591962735,23.2528366079176,0.09095356128227022
HD232522,29.0,110.0,deBurgos2024,B1II,4.413299764081252,3.5641401489797446,3.48,0.9644151685180872,1.2133943587473714,1.0915957561889333,0.6489133335588817,16.792090787789753,0.09240862389536901,12.347975416839352,0.17607950138637996
HD232590,45.0,116.0,deBurgos2024,B1.5III,4.352182518111363,3.5396711651001884,3.26,1.0005937207583706,1.1629669847030562,1.1633508046010745,2.0,14.999999999999998,0.2705529779279625,14.566352134412686,0.15740519270838002
HD235783,72.0,84.0,deBurgos2024,B1Ib,4.359835482339888,3.970283022014291,2.86,1.0003055687740559,1.413424487355011,1.4992176622240547,2.0,27.64633140788057,0.19094192083660277,31.565862631814625,0.05259851640438336
HD236695,32.0,38.0,deBurgos2024,B1.5II,4.338456493604605,3.4547670670731576,3.29,0.9972792050148351,1.134226347624856,1.1313038709584282,1.5298803554059954,13.999999999999998,0.07111723291854422,13.530189241816048,0.05551260356677211
HD236740,45.0,31.0,deBurgos2024,B2Ib,4.269512944217916,3.8289928695264015,2.64,1.0014593390376632,1.3147976005760216,1.5586303080156652,2.0,21.560245107226187,0.26531940566962536,36.19347712670629,0.01692946588500192
HD236810,37.0,80.0,deBurgos2024,B2III,4.292256071356476,3.539965378080643,3.02,1.0010985723932542,1.1629138064223017,1.3024521114911463,2.071852062889213,14.999999999999998,0.30598976826361857,20.065598197516945,0.07880426926365051
HD236815,64.0,37.0,deBurgos2024,B0.5III,4.416640507338281,3.8975031220078606,3.16,0.9998289661118145,1.3728626943590672,1.3230831013868658,1.885414814054334,24.781703890429707,0.1957081836714981,21.041810321104865,0.03475605641163159
HD236954,61.0,143.0,deBurgos2024,B3Ib-II,4.292256071356476,3.579965378080643,2.98,1.0010990212159627,1.1629137580527387,1.3025555573674066,2.0671531454768766,15.000000000000002,0.19494705662871323,20.070378250460973,0.14082908282119383
HD239967,110.0,90.0,deBurgos2024,B3II,4.315970345456917,3.504822474482407,3.15,1.00082916499474,1.149525373511687,1.225994925967381,2.0,14.536838094938258,0.29591848857957387,16.82654401844866,0.10572055983418885
HD240256,47.0,26.0,deBurgos2024,B3Ib,4.232996110392154,3.662925534223353,2.66,1.0016190344874756,1.2149716871085232,1.4980287496160474,2.0,16.999059501520815,0.04255706599152667,31.479566970180844,0.016325123263516896
HD2451,63.0,88.0,deBurgos2024,B0.5IV,4.466867620354109,3.698411574071174,3.56,0.8572717930237655,1.3307091600117824,1.0971948157626576,0.0,22.000000000000004,0.23903465794431789,12.508199970619922,0.13905920018134107
HD25090,48.0,25.0,deBurgos2024,B0.5III,4.41161970596323,3.557419916507657,3.48,0.9636789597756309,1.214392149284889,1.093942966606393,0.5698174582894664,16.826322344829876,0.16515689179216073,12.414892592507194,0.039802368191844205
HD251847,31.0,19.0,deBurgos2024,B1IV,4.44870631990508,3.3957663722750566,3.79,0.7395306476583627,1.2012002906891692,0.9232642710534416,0.0,16.0,0.11482359798170517,8.380390793045773,0.0448127092227975
HD255134,29.0,17.0,deBurgos2024,B1IVp,4.4361626470407565,3.405591680817763,3.73,0.7890019304279088,1.2009086820334762,0.9550211415459041,0.0,16.0,0.09590298532393195,9.016150273451327,0.037268305818865956
HD2619,45.0,16.0,deBurgos2024,B0.5III,4.457881896733992,3.562468679590707,3.66,0.817776492306216,1.2721613309997333,1.0234654926725264,0.0,19.000000000000004,0.09138363815536825,10.55517632613892,0.029961693759250885
HD27795,28.0,8.0,deBurgos2024,B1V,4.352182518111363,3.349671165100188,3.45,0.9833204527863099,1.1034427925735129,1.0516938226567578,0.34146694836877967,13.000000000000002,0.24881718854851867,11.26403062716951,0.014038090410365765
HD29138,56.0,97.0,deBurgos2024,B1.5III,4.378397900948138,3.9545326964472887,2.95,1.0005208876927327,1.4035715087760914,1.4472028462895907,2.0,26.917009484194725,0.28016568209368164,28.002889475513562,0.06846691483997366
HD292164,35.0,10.0,deBurgos2024,B1.5III,4.363611979892144,3.425389012223313,3.42,0.9977428557032373,1.1342204595233647,1.0815844718051268,0.47750999704363095,14.000000000000004,0.11921860214238766,12.066587647498476,0.01638050923639911
HD305523,55.0,69.0,deBurgos2024,O9II-III,4.532754378992498,4.031958608624727,3.49,0.8432285964981373,1.5678652134613935,1.2549401604966792,0.0,41.71352994733427,0.3039640654227789,17.98623073788262,0.07582646346062967
HD305619,110.0,43.0,deBurgos2024,O9.7II,4.510545010206612,4.2031211334811855,3.23,0.8934807916415626,1.6686924426450787,1.4385195718854167,0.0,58.0879375778368,0.2092870009676365,27.44856040185826,0.030964263492399176
HD306097,8.0,123.0,deBurgos2024,O9V,4.52244423350632,4.090718026680018,3.39,0.8689973765503686,1.6101480618081994,1.330144971989186,0.0,47.36307436782899,0.23254734999965038,21.38675882485916,0.11367684462956622
HD331759,58.0,82.0,deBurgos2024,B1Ib,4.444044795918076,3.8071202763270424,3.36,0.999860191460975,1.3264060665231814,1.194887715446318,0.6810065861647391,22.121497075170605,0.1773742552367341,15.663460472214199,0.10347561295607903
HD33203B,15.0,114.0,deBurgos2024,B2II,4.344392273685111,3.4585101873951816,3.31,0.9959000685751144,1.1343256486187059,1.1181538137049492,1.2738031359583637,14.000000000000002,0.09646267327509463,13.126647220424728,0.17165754947592093
HD332407,35.0,160.0,deBurgos2024,B1Ibp,4.418301291319746,4.02414625793372,3.04,0.9936991599737961,1.4768636813174856,1.4390845653693818,0.0,33.08827197480323,0.21731141781705413,27.484292722883517,0.11506607204607362
HD344776,77.0,50.0,deBurgos2024,B0.5Ib,4.447158031342219,3.659573218023615,3.52,0.8828923883632448,1.3038821228126647,1.1075856258635695,0.0,20.618988125389667,0.44741233528751356,12.811076538954204,0.07714295118394608
HD35653,60.0,39.0,deBurgos2024,B0.5V,4.378397900948138,3.864532696447289,3.04,1.0008871884184283,1.3436965783606343,1.3689451194149267,2.0,23.05752472668814,0.28954220315372725,23.38541704979569,0.0329633512613469
HD36212,44.0,17.0,deBurgos2024,B3II,4.278753600952829,3.6359554964660528,2.87,1.001335695890815,1.2022285316580406,1.385127608449762,2.0,16.486421031206014,0.2670154448355314,24.273232090241514,0.013843094502232506
HD37032,15.0,94.0,deBurgos2024,B0.5V,4.489958479424835,3.5007750103540753,3.85,0.6806808393439457,1.2776624796018452,0.9385365842257846,0.0,19.184690372398215,0.1920810965084673,8.680336958893891,0.21404404030260563
HD38131,43.0,94.0,deBurgos2024,B0.5V,4.423245873936808,3.663924588401969,3.42,0.9852918861809005,1.2490650087198045,1.1334844473570047,0.5360016269053756,18.395896254382478,0.037141576440099126,13.59829465173497,0.13663289709880108
HD41398,67.0,49.0,deBurgos2024,B2Ib,4.342422680822207,4.160631815943564,2.6,0.9999059162473768,1.5404219977362708,1.6826812694988518,0.0,39.81885531594786,0.2054990443353282,48.15942239206282,0.020110676559459657
HD41690,60.0,47.0,deBurgos2024,B1V,4.3747483460101035,3.5799344766951515,3.31,0.9881969113364263,1.2125832706093094,1.1625030846264457,0.32703279742332036,16.83648360128834,0.07064909033720398,14.537947113149285,0.06390085131721178
HD42379,55.0,50.0,deBurgos2024,B1II,4.390935107103379,3.8746815210682546,3.08,1.0008182625427684,1.3531154512389816,1.3556016526924537,2.0,23.562141792438947,0.15985739162441262,22.677838215228157,0.043579297227489204
HD42877,53.0,168.0,deBurgos2024,B1/2II,4.525044807036846,3.5611203208021194,3.93,0.5550524566018799,1.3362467074690818,0.917544814515292,0.0,21.999999999999996,0.12316291982766402,8.270748493856102,0.4014914840395339
HD43753,84.0,74.0,deBurgos2024,B0.5III,4.409933123331294,4.070673585979914,2.96,0.9975650727738082,1.4884926524375242,1.4799402135720452,0.0,34.122345001108606,0.15060800286345716,30.195360123828085,0.048439915505167776
HD43837,67.0,29.0,deBurgos2024,B2Ibp?,4.334453751150931,4.05875609725846,2.67,1.0002918179593003,1.4711344998269027,1.6242682114474756,2.0,32.43351719128565,0.04864986342976483,42.098654085134356,0.01361575277524715
HD44597,37.0,10.0,deBurgos2024,O9V,4.518513939877887,3.6749968521662857,3.79,0.7111876042170153,1.3686059634537802,1.0076168999383472,0.0,24.000000000000004,0.08915418011821727,10.176932639037668,0.01942204566172295
HD44965,54.0,86.0,deBurgos2024,B3II,4.2405492482825995,3.593138085785135,2.76,1.0015437982386206,1.1898411081093394,1.4456207732536746,2.073279758545191,16.00132340964309,0.27671537079843994,27.901064511023787,0.06092415982439421
HD4613,59.0,27.0,deBurgos2024,B1II,4.372912002970106,3.9125891045351624,2.97,1.0009513977785782,1.3750127268087284,1.4201110004955755,2.0,24.923351119300737,0.2616326378050277,26.30940342977024,0.02028451528884267
HD4694,52.0,24.0,deBurgos2024,B3Ia,4.217483944213907,3.980876869510364,2.28,1.000957252440241,1.4104735369380341,1.7859819482524655,2.0,27.44613737117555,0.2446819085783519,61.09166312097055,0.007764994710467581
HD47382,68.0,39.0,deBurgos2024,B6Ib,4.460897842756548,3.9545324636809305,3.28,0.9786680334737607,1.4467377508118673,1.301305158084707,0.0,30.263861621336588,0.083915251092536,20.012675712908347,0.03851867324809014
HD52089,44.0,26.0,deBurgos2024,B1.5II,4.376576957056512,3.6072489208807865,3.29,0.9939651685038705,1.2233819537668913,1.1821624081863187,0.9881405335016478,17.31118279928839,0.15400593563566342,15.211162579963622,0.03378491343898097
HD52382,84.0,47.0,deBurgos2024,B0.5Ia,4.372912002970106,4.162589104535162,2.72,0.9998012518227796,1.5519775428256037,1.6309325282686693,0.0,41.184932890663156,0.2823270050960728,42.74964653966291,0.021730874337707817
HD53367,48.0,24.0,deBurgos2024,B0IV/Ve,4.459392487759231,3.718511043691659,3.51,0.8837477180926978,1.3395506225630263,1.1309192696273846,0.0,22.55383223641649,0.362602428498572,13.518212517412662,0.03509165434238917
HD53456,25.0,12.0,deBurgos2024,B0IV,4.478566495593843,3.45520707503011,3.85,0.6839397229595338,1.251080350444668,0.9249667859100353,0.0,18.000000000000004,0.04483751428353061,8.413307956622628,0.028192028832998626
HD53667,80.0,109.0,deBurgos2024,B0/1Ib,4.4031205211758175,3.903423177358007,3.1,1.0007567516156075,1.3726121477787265,1.3546352588265782,2.0,24.7572884958221,0.24123730633910112,22.627431499850783,0.095214504107609
HD53754,73.0,80.0,deBurgos2024,B0/1Ib,4.380211241711606,3.921786059501162,2.99,1.0009054730131062,1.3824970490659851,1.4141703727239474,2.0,25.422728540856742,0.13909053921415307,25.951972523464104,0.06093004305794779
HD53974,87.0,128.0,deBurgos2024,B0IIIn,4.409933123331294,4.0806735859799135,2.95,0.9977521837846651,1.4940348613830146,1.4865510867975822,0.0,34.65351784436775,0.08922617772361187,30.65851299511094,0.08252219165596221
HD54911,50.0,108.0,deBurgos2024,B1III,4.365487984890899,3.482893032218335,3.37,0.9967719073066428,1.1633210616313046,1.1199653820165483,0.7805054344938048,15.000000000000002,0.047404026218506555,13.181516633756429,0.16194600695486724
HD5551,52.0,57.0,deBurgos2024,B1.5Iab,4.324282455297693,4.018070913845509,2.67,1.0002568598878383,1.435296112579607,1.5969861267264691,2.0,29.371066792525102,0.05026586157037786,39.535399052322994,0.028497095624492253
HD57258,23.0,31.0,deBurgos2024,B3II,4.2405492482825995,3.4031380857851348,2.95,1.0011601365970353,1.0941421515038983,1.2909265726987378,2.0,12.754629837837761,0.25557638989340997,19.54009058435496,0.031357901522051645
HD58510,87.0,41.0,deBurgos2024,B1Ia,4.372912002970106,3.9525891045351624,2.93,1.0005315824346923,1.4041502425418977,1.4588637406512852,2.0,26.96068063125137,0.23876168115558344,28.7649577620206,0.028172928095094602
HD59864,23.0,10.0,deBurgos2024,B1/2Ib/II,4.394451680826216,3.2987478159596013,3.67,0.8469562313935171,1.1289595963328318,0.9493595100735872,0.0,13.588746740844696,0.5036793663416367,8.899375055482713,0.0222101944439229
HD59882,9.0,8.0,deBurgos2024,B1V,4.416640507338281,3.307503122007861,3.75,0.7812848884303255,1.1443616354791721,0.9131952159275266,0.0,14.000000000000004,0.12499349872534168,8.18832771806858,0.019311083504927475
HD60369,46.0,78.0,deBurgos2024,B7Ib,4.519827993775719,3.910253067757613,3.56,0.8425399677757648,1.4856716796121974,1.1824608957505112,0.0,33.025982430427575,0.19039618664264737,15.221620699250822,0.10128510384488115
HD60479,47.0,63.0,deBurgos2024,O9.5Ib,4.487138375477186,4.089494594563481,3.25,0.956174609097332,1.5524029668842172,1.3795677213659663,0.0,41.00607605193057,0.10281691898807445,23.964464085838515,0.05196186124309647
HD6182,68.0,38.0,deBurgos2024,B1Ibp,4.401400540781544,3.916543255780912,3.08,1.0007703913020314,1.381588083219969,1.3690255873718638,2.0,25.35796411255077,0.17152561068427474,23.389750402286143,0.03211218669058248
HD62844,62.0,42.0,deBurgos2024,B2Ia,4.278753600952829,4.145955496466053,2.36,1.0001739469512034,1.52544748315374,1.7995122846961606,2.0,38.03299895738556,0.09635985868241388,63.02491733186674,0.013171913694986482
HD63922,45.0,24.0,deBurgos2024,B0III,4.481442628502305,3.676711606663957,3.64,0.8148681205961916,1.3315597316985728,1.0584324934285507,0.0,22.000000000000004,0.24017217935300633,11.440170404158309,0.041465854461011864
HD64993,62.0,44.0,deBurgos2024,B1Ib/II,4.385606273598312,3.9933661870479855,2.94,0.9999886736713351,1.4267141389312918,1.4638096618025438,0.7858875657590454,28.673037250954735,0.12601279432566104,29.09441717882891,0.02989199393360546
HD66665,10.0,7.0,deBurgos2024,B1V,4.444044795918076,3.3371202763270422,3.83,0.7147842477604845,1.1739771745424288,0.8927251763063938,0.0,15.0,0.24012860652532822,7.811333431175982,0.017712698671389058
HD68450,75.0,45.0,deBurgos2024,O9.7II,4.474216264076255,4.077806148959758,3.21,0.9918555011837474,1.5143442005239254,1.3729372601089505,0.0,36.76800301431928,0.08855438811396132,23.601372538299657,0.037686614429271965
HD70839,26.0,166.0,deBurgos2024,B2III,4.346352974450639,3.376352990457293,3.4,0.9966116880913942,1.1027938228992387,1.0662161942349808,0.5816552724313993,13.0,0.08233787064364238,11.647056821586428,0.2817109736042979
HD7103,26.0,35.0,deBurgos2024,B3Ib,4.225309281725863,3.87217821955819,2.42,1.0016547420263893,1.3358302970156364,1.6768848229510458,2.0,22.647609913209905,0.2274266281551581,47.52091813996923,0.014557777995854327
HD71304,92.0,73.0,deBurgos2024,O9II,4.532754378992498,4.191958608624727,3.33,0.8648016986208659,1.6739955215941467,1.3881041878751792,0.0,58.30397988864114,0.1524504084494188,24.440168055409238,0.05903785132466911
HD71771,22.0,44.0,deBurgos2024,B2II,4.332438459915605,3.270694932317157,3.45,0.9729323630961871,1.06948960740898,1.0310253156621152,0.0,12.000000000000004,0.15543574080246858,10.740520185834667,0.08097281386411312
HD74575,36.0,18.0,deBurgos2024,B1.5III,4.3692158574101425,3.3578045222953077,3.51,0.9893858206033255,1.082106730247875,0.9976655613601971,0.1741870246029342,12.393224939473223,0.236165253975344,9.946391771594703,0.03576998965163025
HD75149,54.0,34.0,deBurgos2024,B5Iab,4.243038048686294,4.073093287399915,2.29,1.0006263778373257,1.4722454971767953,1.811212088586133,2.0,32.55142619753256,0.051018587109762675,64.74587263304943,0.010379554156424074
HD75222,113.0,77.0,deBurgos2024,O9.7Iab,4.44870631990508,4.225766372275056,2.96,0.9783869447146782,1.63003517662429,1.5573377461165936,0.0,53.11490596423922,0.14043993824039394,36.085917019577266,0.042175947679094744
HD76341,53.0,72.0,deBurgos2024,O9.2IV,4.502427119984433,3.9806495725924695,3.42,0.8996582218594076,1.5066574370137473,1.2662658764849646,0.0,35.44818650119733,0.06127528433650939,18.46145289399887,0.07708652894955073
HD76968,118.0,54.0,deBurgos2024,O9.2Ib,4.491361693834273,4.2663878679918295,3.09,0.9439584711876979,1.5992135244251338,1.476779731119594,0.2871911747307047,60.65994602988522,0.24302058900386223,29.97641765912751,0.0356062223431829
HD79186,63.0,28.0,deBurgos2024,B5Ia,4.209515014542631,4.1690011508252605,2.06,1.0002923772391992,1.5440693167457316,1.956673894970886,2.0,40.240292117940754,0.14008511960602407,90.5052755530324,0.006114993604194687
HD8965,15.0,123.0,deBurgos2024,B0.5V,4.447158031342219,3.369573218023615,3.81,0.7262085739585227,1.2012772083001078,0.9156072128539549,0.0,16.0,0.20544598588711013,8.233930801817595,0.29526350397878615
HD89767,84.0,56.0,deBurgos2024,B0.5/1Iab,4.409933123331294,4.140673585979914,2.89,0.9957450693247638,1.55182548010974,1.5444323428033209,0.0,41.19954198147903,0.13975866321472832,35.02937130357485,0.03159857916697414
HD91452,81.0,79.0,deBurgos2024,B0III,4.434568904034199,4.2092167087915335,2.92,0.9875557188011094,1.6212914208049434,1.5720218396540835,0.0,51.5720035646675,0.037646483456904724,37.326892814542525,0.04183281812419769
HD91943,80.0,61.0,deBurgos2024,B0.7Ib,4.426511261364575,4.266986138113037,2.83,0.9881431372168311,1.6447496254745753,1.6223485467033159,0.0,56.53604173175787,0.07240766420800444,41.912980633815714,0.028766906320625705
HD91969,76.0,69.0,deBurgos2024,B0I+,4.432969290874405,4.252818256152358,2.87,0.9874438732658867,1.6441820365800799,1.6097490573095041,0.0,56.43318172263495,0.09773997633976368,40.714495458896295,0.03349746208245121
HD92007,27.0,87.0,deBurgos2024,B1III,4.383815365980431,3.4262025565764613,3.5,0.9650416318624255,1.1332287264240373,1.031818276354166,0.0,13.925591743532385,0.09233865766356165,10.760148780390832,0.15981327337362833
HD92712,72.0,42.0,deBurgos2024,B2/3II/III,4.424881636631067,3.9404676391790057,3.15,0.9954340769072874,1.4080348152744846,1.3347864744458224,1.169563034457963,27.258655039937533,0.20460232599194664,21.616554612527207,0.03840384310124582
HD92850,88.0,36.0,deBurgos2024,B0Ia,4.451786435524291,4.1080868347519,3.09,0.9912131423779685,1.5442271212711782,1.4464485596957144,0.0,40.121160876641866,0.08184210917452943,27.954296014170286,0.025454572746933316
HD92964,46.0,45.0,deBurgos2024,B2.5Ia,4.271841606536499,4.268307518800731,2.21,1.0000293190294465,1.6297401265310405,1.921798577835236,2.0,54.15961638020796,0.11908442516125545,83.5215562364984,0.010649416353473313
HD93027,51.0,55.0,deBurgos2024,O9.5IV,4.523746466811565,3.5359269599009955,3.95,0.5318981177877263,1.336600152441371,0.9090820367343263,0.0,22.000000000000007,0.15434016891293018,8.111142600784415,0.13402707001588685
HD93840,73.0,75.0,deBurgos2024,B1/2Iab/b,4.359835482339888,4.050283022014291,2.78,1.0001781496858844,1.46890510736721,1.5685861464824613,2.0,32.229354780276346,0.12127441025809027,37.03276561631513,0.040030128817449565
HD94493,66.0,101.0,deBurgos2024,B0.5Iab/b,4.401400540781544,4.076543255780912,2.92,0.9999049181556691,1.4809407719257512,1.4984747296446783,0.35425012805412487,33.331052332273565,0.0812930231003769,31.51191016066124,0.06335173523216081
HD95880,50.0,27.0,deBurgos2024,B3Ib/II,4.181843587944773,4.008315444433828,2.11,1.0007989681519371,1.4253911585306285,1.8782333393826829,2.0,28.59525360414257,0.035735213101378276,75.54980354821319,0.007063863452284595
HD96248,65.0,59.0,deBurgos2024,B1Iab,4.344392273685111,4.098510187395181,2.67,1.000098980163127,1.4935795036293185,1.6259191228318677,1.4398619440615326,34.63477331999362,0.20915487744278305,42.25899094715167,0.027595912521603753
HD96622,68.0,28.0,deBurgos2024,O9.2IV,4.514547752660286,3.799132103295883,3.65,0.8043191065954407,1.422301928606862,1.1048158656705438,0.0,27.761533483130687,0.12372907167646827,12.729632493094542,0.04347644611522727
HD97400,45.0,24.0,deBurgos2024,B2.5Ib,4.27415784926368,3.657572489709456,2.83,1.00139010649764,1.2121541702192802,1.4091559150054667,2.0,16.880526533466146,0.05080685443968273,25.654048709765846,0.018491289478507176
HD97522,66.0,53.0,deBurgos2024,B0.5II,4.367355921026019,3.920364776758813,2.94,1.0009809023576486,1.3812167805425555,1.4400004219478302,2.0,25.339253867562043,0.18058062190438529,27.542313792676065,0.038035341368465925
HD99953,67.0,48.0,deBurgos2024,B2Ia,4.307496037913213,4.120925244307587,2.5,1.0000888969691435,1.5203857333459656,1.7368742699713473,2.0,37.4682565804414,0.16047887238892977,54.559988482698024,0.01738916939612028
BD-114586,68.0,74.0,Holgado2018,O8,4.510545010206612,4.223121133481185,3.21,0.8973946603520828,1.678242637113735,1.4533441674940732,0.0,60.494927794803345,0.12649283834501784,28.401688995226458,0.05149907434350745
CPD-417733,71.0,56.0,Holgado2018,O9,4.534026106056135,3.877045516879279,3.65,0.7980181337536836,1.4811828569721939,1.134814199285368,0.0,32.40497760658329,0.05927396129508155,13.639994628257336,0.08114947201022163
CPD-472963AB,110.0,67.0,Holgado2018,O5,4.569373909615046,4.1584367311149215,3.51,0.8058502817086134,1.6822596394185392,1.3030454877563986,0.0,58.08296764470251,0.19376382584225668,20.09303254864939,0.06590846327212035
CPD-592551,92.0,124.0,Holgado2018,O9,4.54282542695918,3.672242800491456,3.89,0.6096656319134213,1.403350758332046,0.9759650368975783,0.0,26.000000000000004,0.14005667504235753,9.461609871188138,0.2590410066016503
CPD-592600,106.0,127.0,Holgado2018,O6,4.594392550375426,3.928511294156442,3.84,0.6295218482214502,1.5665391295815838,1.079699642908221,0.0,39.57072661711511,0.10896872284472238,12.014332386847268,0.20893728585171178
CYGOB2-11,85.0,75.0,Holgado2018,O5.5,4.571708831808688,4.047776419889488,3.63,0.7680989933525705,1.6217016978587484,1.2134909164304375,0.0,47.50180293060105,0.26738985739922777,16.3489895572943,0.09067388372182972
CYGOB2-4A,105.0,72.0,Holgado2018,O7,4.561101383649056,4.115346627250963,3.52,0.8107617451809627,1.6544660783523661,1.2856523829706148,0.0,53.13002236283081,0.21168777993063745,19.304225539170652,0.07372113012647447
HD101190AAAB,74.0,49.0,Holgado2018,O6,4.599883072073688,3.910473380949488,3.88,0.5902964684253081,1.5685609269675556,1.0610279811723409,0.0,39.50225570116019,0.08654008012109289,11.508745362861784,0.08415500877641634
HD101223,63.0,55.0,Holgado2018,O8,4.546542663478131,3.95711174656726,3.62,0.7925152382965773,1.5352631850880705,1.1769342028780319,0.0,37.601562845919084,0.1314949398204003,15.02914252113106,0.07233364616349126
HD104565,116.0,56.0,Holgado2018,OC9.7,4.460897842756548,4.23453246368093,3.0,0.9447858327508286,1.6606507457383386,1.5500732631284024,0.0,57.93634360468358,0.13656310545225872,35.48732493807493,0.03119080866863972
HD105056,46.0,56.0,Holgado2018,ON9.7,4.437750562820388,4.281943343936289,2.86,0.9924383143430531,1.6404913089492819,1.6005596274668852,0.0,56.076172248157214,0.23583565960195685,39.86204980811063,0.027767723125972518
HD114737AB,83.0,58.0,Holgado2018,O8.5,4.552668216112194,3.721613957103512,3.88,0.6151280494930151,1.4304270685094926,0.9932074321465565,0.0,27.841229985699222,0.1254011839324817,9.844812114107368,0.11644810678965618
HD125241,95.0,118.0,Holgado2018,O8.5,4.506505032404872,4.206961222274226,3.21,0.8970982045851589,1.6693745774215418,1.4477282772236957,0.0,58.3521040789378,0.18046839214116844,28.036789258240873,0.08318894197815949
HD135591,60.0,60.0,Holgado2018,O8,4.544068044350276,3.98721327005584,3.58,0.8083875813406085,1.548689921114251,1.2015936916646346,0.0,39.13382446777428,0.13023494436490238,15.907198176151416,0.07455373908951549
HD14633AAAB,69.0,121.0,Holgado2018,ON8.5,4.544068044350276,3.80721327005584,3.76,0.727352660691954,1.4546127320383422,1.066013177664343,0.0,29.937262297326786,0.06777723297097388,11.641613526656682,0.2054395539333829
HD14947,22.0,114.0,Holgado2018,O4.5,4.592176757395867,4.119648122238206,3.64,0.7510466772054493,1.6837738768727102,1.2397791571563466,0.0,56.80385166736573,0.23534431545695544,17.36917365267451,0.12972914772753485
HD151515,98.0,67.0,Holgado2018,O7,4.556302500767288,4.066151095723888,3.55,0.8072738706001175,1.6187928348884337,1.2533092268358628,0.0,47.66230253963934,0.2355762332260088,17.91881257192925,0.07390561692870001
HD151804,73.0,72.0,Holgado2018,O8,4.450249108319361,4.361937525932181,2.83,1.074503263247923,0.8908553260881965,1.246416142596405,2.7215157074410934,37.42472206692287,0.09015328648335529,17.636651875888585,0.08069158097459525
HD152424,66.0,59.0,Holgado2018,OC9.2,4.48000694295715,4.150968864483337,3.16,0.9746027842966828,1.579338426983415,1.426887530381722,0.0,44.45182251161711,0.19666136033988127,26.723142675036677,0.043639156951334954
HD152590,56.0,48.0,Holgado2018,O7.5,4.57978359661681,3.790075479121978,3.92,0.5589005109102374,1.4934949653748857,1.003521806556131,0.0,32.44162019872788,0.12299002442808271,10.081422283776368,0.09410903097500417
HD152723AAAB,100.0,73.0,Holgado2018,O6.5,4.57978359661681,3.900075479121978,3.81,0.6691928297636128,1.5400353120695502,1.0867180944772523,0.0,37.18958754510743,0.18171141370861413,12.210068333549046,0.11817255797337363
HD155889AB,51.0,27.0,Holgado2018,O9.5,4.54282542695918,3.4622428004914565,4.1,0.28062219406072847,1.339805755334593,0.8381964024502633,0.0,21.999999999999993,0.05182368483382232,6.88963798312613,0.07746031031217596
HD156154,102.0,62.0,Holgado2018,O7.5,4.534026106056135,4.217045516879279,3.31,0.8734227421905844,1.687729062146394,1.4091633324757802,0.0,61.79988782604067,0.1775620995053034,25.654486868152986,0.04776834862651734
HD156738AB,103.0,65.0,Holgado2018,O6.5,4.578639209968072,3.875497932527026,3.83,0.6569292011949278,1.5294256246103322,1.0726256070706983,0.0,36.088808024565424,0.07686374974363956,11.820221286971282,0.10869251061246776
HD163758,87.0,76.0,Holgado2018,O6.5,4.539076098792776,4.267245487825843,3.28,0.8945075609102319,1.7057001927018323,1.431462769451059,0.0,67.17202764040078,0.19130036149818053,27.006155840601618,0.05562406112128893
HD168076AB,101.0,68.0,Holgado2018,O4,4.633468455579586,4.004814914973082,3.92,0.5324031165391434,1.6812221435836312,1.0981354838274886,0.0,52.4043140502884,0.3547034288776826,12.535321696585806,0.1072223446140534
HD168112AB,78.0,107.0,Holgado2018,O5,4.598790506763115,4.0861031197071975,3.7,0.7205409104510073,1.672674626605888,1.2038876684807502,0.0,54.18919438673163,0.0916762046778724,15.991443518227781,0.13225374538540924
HD169582,97.0,66.0,Holgado2018,O6,4.589949601325707,4.050739497957566,3.7,0.7208842906751304,1.642468711072841,1.1883086376718979,0.0,49.595008520401414,0.0788928726416945,15.427964741404281,0.08455653319040897
HD190429A,113.0,90.0,Holgado2018,O4,4.563481085394411,4.124865434232381,3.52,0.8090422479318876,1.6615730712299683,1.2879717161260178,0.0,54.309793325099186,0.06866079306629909,19.407594795234264,0.09166059331277074
HD193443AB,140.0,66.0,Holgado2018,O9,4.518513939877888,3.964996852166289,3.5,0.8525557112481678,1.5160714122123773,1.2277999899004648,0.0,36.06822792273213,0.09254540948446763,16.896625947555346,0.07720684690340525
HD229196,25.0,248.0,Holgado2018,O6,4.565847818673518,4.154332367348809,3.5,0.8105987504258351,1.6790662859143521,1.306310669592041,0.0,57.61365078161863,0.2924268130445076,20.244668493624488,0.24213238620099362
HD242926,52.0,89.0,Holgado2018,O7,4.5910646070264995,3.685199520760735,4.07,0.3334612983514482,1.46952788461543,0.920084873877282,0.0,29.999999999999996,0.2268505242818629,8.319263380193501,0.21145453488731
HD298429,80.0,105.0,Holgado2018,O8.5,4.5263392773898445,3.986298202214116,3.51,0.8414409139736525,1.5345621906771194,1.2297002265882164,0.0,37.916412306881995,0.08980779301709926,16.970718378168403,0.12229281537028885
HD303308AB,67.0,85.0,Holgado2018,O4.5,4.613841821876069,3.946308380159014,3.9,0.5665451198023355,1.6233795060550982,1.079475332102981,0.0,45.342709552170305,0.13668254954121098,12.008128649885666,0.1399121609606653
HD303311,61.0,47.0,Holgado2018,O6,4.603144372620182,3.893518583135466,3.91,0.5558226600111524,1.5698268895524168,1.0462419092997837,0.0,39.404763407050794,0.07936675508683201,11.123511529716831,0.08351564112223199
HD303492,55.0,87.0,Holgado2018,O8.5,4.451786435524291,4.3380868347519,2.86,1.0243449587693676,1.4091327624739451,1.4906188479262057,0.8767439299225017,53.853563540097426,0.12608474547707707,30.94702087906348,0.055566401861475476
HD319699,76.0,69.0,Holgado2018,O5,4.6148972160331345,3.9405299567872754,3.91,0.5540915031129602,1.6198823457477989,1.0719434989685213,0.0,44.815130391158384,0.17576265362670054,11.801670877751897,0.11556264210109098
HD319702,50.0,66.0,Holgado2018,O8,4.559906625036112,3.670567592799187,3.96,0.519817631764709,1.4232504026300972,0.9502573366777507,0.0,27.16412282603685,0.39792021940059824,8.91779196097831,0.14628455321959524
HD322417,100.0,68.0,Holgado2018,O6.5,4.586587304671755,3.9972903113417577,3.74,0.7135909777031277,1.612091554395871,1.1578349908498018,0.0,45.534830803935634,0.11788066798781421,14.382520140150149,0.09345139584037546
HD36486AAAB,94.0,100.0,Holgado2018,O9.5,4.478566495593843,3.99520707503011,3.31,0.9808492138897328,1.4705855959635847,1.2993074381121503,0.0,32.36960240481717,0.08045071734974574,19.92083040356083,0.09922119028548991
HD36861A,77.0,52.0,Holgado2018,O8,4.546542663478131,4.05711174656726,3.52,0.8257318531414524,1.606867759396221,1.2639818261097855,0.0,46.32193493110997,0.11932783432134121,18.364614914672753,0.055967175294238385
HD38666,56.0,111.0,Holgado2018,O9.5,4.5301996982030825,3.611739885467068,3.9,0.6013995416008534,1.3697002064348969,0.9545970340338638,0.0,23.91951976702612,0.24401615934645107,9.00734990695943,0.2435778627711969
HD57061AAAB,85.0,57.0,Holgado2018,O9,4.518513939877888,3.964996852166289,3.5,0.8525557112481678,1.5160714122123773,1.2277999899004648,0.0,36.06822792273213,0.09254540948446763,16.896625947555346,0.06667864050748636
HD69464,105.0,73.0,Holgado2018,O7,4.553883026643875,4.236473199230235,3.37,0.86746737959732,1.7054463546342395,1.3902568533479478,0.0,65.7127123550854,0.04792022892000781,24.56161125449597,0.058745942725604294
HD75211,53.0,145.0,Holgado2018,O8.5,4.523746466811565,4.135926959900996,3.35,0.8698127423634086,1.6435631698922042,1.3648661533666797,0.0,52.52208899984206,0.2988041206825431,23.166805545958454,0.12371253884285222
HD91572,57.0,60.0,Holgado2018,O6.5,4.588831725594208,3.906267995031568,3.84,0.6376683255767382,1.5561974579948565,1.0783904198635694,0.0,38.58419755165313,0.10902530733608715,11.978168547973949,0.09900855024039595
HD91824,48.0,51.0,Holgado2018,O7,4.599883072073688,3.770473380949488,4.02,0.4055419749853585,1.518850775822328,0.9661987634199014,0.0,34.0,0.06728937845942738,9.251214771218324,0.10896406169659753
HD93028,55.0,25.0,Holgado2018,O9,4.547774705387822,3.6520399142060262,3.93,0.553890667551555,1.4036662491790932,0.9529167226575017,0.0,25.928295845615388,0.1785332599686694,8.97256726184718,0.05507254630793836
HD93146A,67.0,60.0,Holgado2018,O7,4.587710965018911,3.901784952730383,3.84,0.6379880036384838,1.5527947891993823,1.0766390899767888,0.0,38.248504859943516,0.07610042204347202,11.929962814312427,0.09940861685228647
HD93160AB,64.0,120.0,Holgado2018,O7,4.563481085394411,3.8048654342323815,3.84,0.66156653361539,1.4770548498285208,1.0411744144133228,0.0,31.485513026111484,0.18750513173857694,10.99447293243446,0.21573405287513156
HD93204,93.0,110.0,Holgado2018,O5.5,4.593286067020458,4.034085360736568,3.73,0.7044952160203383,1.63739596149584,1.1714060176711059,0.0,48.685726973829325,0.1142922317571943,14.839047249068951,0.1465205493341069
HD93222AB,90.0,50.0,Holgado2018,O7,4.565847818673518,4.024332367348809,3.63,0.7794495335479561,1.6029929353030354,1.208532799753184,0.0,45.23343256350976,0.10051597258022685,16.163402943414066,0.061143328265600594
HD93249A,72.0,55.0,Holgado2018,O9,4.515873843711679,3.954436467501454,3.5,0.8558233388126367,1.5094760949809587,1.2242427450272644,0.0,35.410931211137225,0.17570668558559024,16.75879332095978,0.06486819524795691
HD93250AB,84.0,70.0,Holgado2018,O4,4.653212513775344,4.143791147756113,3.86,0.6003499098691416,1.7907845862178176,1.1863744298816221,0.0,71.86170779040897,0.23541778634527413,15.359406335725637,0.09008147337462252
HD93843,120.0,58.0,Holgado2018,O5,4.571708831808688,4.147776419889489,3.53,0.8007345372201912,1.6801316587515307,1.2940199877726721,0.0,57.5225496002638,0.3059072048140336,19.679768608989587,0.058253211974453975
HD94024,52.0,162.0,Holgado2018,O8,4.541579243946581,4.06725806844106,3.49,0.8367172843691183,1.6080383239474183,1.2797013781962556,0.0,46.630155170569004,0.13550101132097547,19.04150969490431,0.16816108743341512
HD94963,92.0,76.0,Holgado2018,O7,4.559906625036112,4.090567592799187,3.54,0.803978460724174,1.6412734988008053,1.2692476127403833,0.0,50.84158090280069,0.11944419657067687,18.58863983212044,0.08081237124907599
HD96264,65.0,29.0,Holgado2018,O9.5,4.519827993775719,3.800253067757613,3.67,0.7929860309204798,1.4277975735910335,1.0989827432393535,0.0,28.126751959976044,0.05517121707296001,12.559800561350803,0.04563805479186604
HD96715,86.0,59.0,Holgado2018,O4,4.6551384348113825,4.101494831900267,3.91,0.5561721601347553,1.753405181994243,1.1373291137064125,0.0,64.12140890142402,0.12922579560088993,13.719210309827856,0.08500310084126667
HD96946,58.0,72.0,Holgado2018,O6.5,4.5910646070264995,3.8951995207607353,3.86,0.6170934031568576,1.5523584251920577,1.065316866615293,0.0,38.06705414555238,0.07247633489993793,11.622963303014911,0.12244117836927712
HD97848,77.0,41.0,Holgado2018,O8,4.551449997972875,3.926741084546237,3.67,0.7700011214608273,1.5234504795188237,1.1471819170726612,0.0,36.23381367196548,0.059014248983142975,14.034014376068487,0.057744923510251144
TRUMPLER14-9,41.0,66.0,Holgado2018,O8.5,4.564666064252089,3.5496053496630933,4.1,0.2465371131869089,1.4112752714057348,0.8687091743063197,0.0,26.0,0.31174252484675913,7.391101635094771,0.1765007812262729
CPD-472963,110.0,67.0,Burssens2020,O5,4.57,4.16,,0.8056437305339694,1.6839755905391565,1.3047295070102276,0.0,58.4152058554419,0.1709637595668095,20.171096496520263,0.06565339162333757
HD110360,86.0,96.0,Burssens2020,ON7,4.59,3.6,,0.16149279329103677,1.451480016252211,0.8721503339255612,0.0,28.485619543478304,0.321760192064088,7.449898124593602,0.25470224320087936
HD112244,80.0,124.0,Burssens2020,O8.5,4.5,4.15,,0.8999836244949575,1.6396997107050455,1.4179238716091818,0.0,52.447716542368035,0.3105963469017748,26.177241016494378,0.09362884895166516
HD152233,105.0,62.0,Burssens2020,O6,4.58,4.01,,0.73839672367491,1.6113055436781885,1.1770420812060605,0.0,45.74349605742036,0.0649362637577693,15.032876209257735,0.08151949470572085
HD156738,103.0,65.0,Burssens2020,O6.5,4.58,3.87,,0.6440268408461587,1.527694996293861,1.0644044819878462,0.0,35.850350379845594,0.12113077273755841,11.598570910373041,0.11076964029480782
HD23466,100.0,75.0,Burssens2020,B3,4.2,2.51,,0.8789831896573156,0.7779539532997132,0.7654104510238988,0.0,6.000000000000001,0.06861965601493325,5.82653622648298,0.2544266988935097
HD26912,30.0,53.0,Burssens2020,B3,4.2,2.61,,0.9828158772562232,0.7769166466473411,0.8184656138245314,0.0,5.99181637581631,0.010663414578570079,6.583633005860632,0.15911903142980532
HD41753,40.0,25.0,Burssens2020,B3,4.23,2.61,,0.8699836036905976,0.8193563482867627,0.777221658556668,0.0,6.6,0.007846101191107875,5.9871709492603875,0.08253349206443042
HD43112,12.0,7.0,Burssens2020,B1,4.41,2.95,,0.41049011163501425,1.0406403184355755,0.7002558792204301,0.0,11.0,0.27550937364352307,5.014826119727381,0.027590148089858265
HD48977,8.0,26.0,Burssens2020,B2.5,4.25,2.61,,0.8200024255482423,0.8323432673110056,0.7460196906592015,0.0,6.800000000000001,0.09298124426352701,5.572110119824002,0.09222858127695607
HD90273,55.0,55.0,Burssens2020,ON7,4.59,3.95,,0.668634959898171,1.5739342959167841,1.105717319456904,0.0,40.69741357559093,0.23189417556771588,12.756082502235133,0.08522308295463676
HD97253,105.0,70.0,Burssens2020,O5,4.59,4.16,,0.7715355347680143,1.7013089530791143,1.2732592682910477,0.0,60.73486309620547,0.10349783933433437,18.761141901648966,0.07374806715576676
