                                       1                                        2                                        3                                        4                                        5                                        6                                        7                                        8                                        9                                       10                                       11                                       12                                       13                                       14                                       15                                       16                                       17                                       18                                       19                                       20                                       21                                       22                                       23                                       24                                       25                                       26                                       27                                       28                                       29                                       30                                       31                                       32                                       33                                       34                                       35                                       36                                       37                                       38                                       39                                       40                                       41                                       42                                       43                                       44                                       45                                       46                                       47                                       48                                       49                                       50                                       51 
                            model_number                                num_zones                             initial_mass                                initial_z                                 star_age                                time_step                                     Teff                            photosphere_L                            photosphere_r                               center_eta                                center_h1                               center_he3                               center_he4                               center_c12                               center_n14                               center_o16                              center_ne20                                star_mass                                star_mdot                             star_mass_h1                            star_mass_he3                            star_mass_he4                            star_mass_c12                            star_mass_n14                            star_mass_o16                           star_mass_ne20                             he_core_mass                              c_core_mass                              o_core_mass                             si_core_mass                             fe_core_mass                   neutron_rich_core_mass                               tau10_mass                             tau10_radius                              tau100_mass                            tau100_radius                             dynamic_time                             kh_timescale                            nuc_timescale                           power_nuc_burn                             power_h_burn                            power_he_burn                                power_neu                                burn_min1                                burn_min2                             time_seconds                           version_number                                 compiler                                    build                         MESA_SDK_version                                     date 
                                       1                                     1089                  3.0000000000000000E+000                  2.0000000000000000E-002                  6.4150029909958457E+003                  6.4150029909958457E+003                  1.2174825982349457E+004                  8.1339088173417963E+001                  2.0299388776984024E+000                 -3.3325282530030105E+000                  6.9908067018823894E-001                  3.8408294244788317E-006                  2.8037252067462787E-001                  1.6360877418413294E-004                  4.8560513411489399E-003                  9.3335239591634239E-003                  2.0994599496987334E-003                  3.0000000000000000E+000                  0.0000000000000000E+000                  2.0993194600422869E+000                  7.3670669824841769E-005                  8.4019804372603213E-001                  7.8580635041028031E-003                  5.9184894709884035E-003                  2.8062919887130555E-002                  6.2983798490936771E-003                  0.0000000000000000E+000                  0.0000000000000000E+000                  0.0000000000000000E+000                  0.0000000000000000E+000                  0.0000000000000000E+000                  0.0000000000000000E+000                  2.9999999999123879E+000                  2.0259981150461899E+000                  2.9999999991960622E+000                  2.0204480086804728E+000                  1.6718502948740261E+004                  1.2794985189807154E+006                  3.6882636225327343E+008                  1.6482767602906105E+002                  1.6482767602906111E+002                  9.9278901789878535E-037                  1.0929212631296489E+001                  5.0000000000000000E+001                  1.0000000000000000E+003                  2.0244562653765552E+011                                    11701                               "gfortran"                                  "9.2.0"                    "x86_64-macos-20.4.1"                               "20200508" 

                                       1                                        2                                        3                                        4                                        5                                        6                                        7                                        8                                        9                                       10                                       11                                       12                                       13                                       14                                       15                                       16                                       17                                       18                                       19                                       20 
                                    zone                                     mass                                     logR                                     logT                                   logRho                                     logP                        x_mass_fraction_H                       y_mass_fraction_He                   z_mass_fraction_metals                                    grada                                  opacity                                 conv_vel                                    gradT                                    gradr                                 brunt_N2                  brunt_N2_structure_term                brunt_N2_composition_term                         log_f_div_rhocs3                     log_fconv_div_rhocs3                      log_Fedd_div_rhocs3 
                                       1                  3.0000000000000000E+000                  3.0748296132309333E-001                  4.0871301180195498E+000                 -9.1868182230812696E+000                  3.0045705989584568E+000                  6.9999999999902995E-001                  2.8000000000097053E-001                  1.9999999999999574E-002                  2.1011261258757202E-001                  1.3956233716656222E+001                  0.0000000000000000E+000                  1.3050465322586510E-001                  1.3050465322586510E-001                  3.0056578233228394E-005                  3.0056578233228394E-005                  0.0000000000000000E+000                  2.8234951413744303E+000                 -9.8999999999999986E+001                  4.3601147526846749E+000 
                                       2                  2.9999999999996252E+000                  3.0746890459285331E-001                  4.0904366396584599E+000                 -9.1648819068107148E+000                  3.0293564132451878E+000                  6.9999999999902995E-001                  2.8000000000097053E-001                  1.9999999999999574E-002                  2.1534159215421028E-001                  1.4195950597590297E+001                  0.0000000000000000E+000                  1.3343935615432437E-001                  1.3343935615432437E-001                  2.9771072742164153E-005                  2.9771072742164153E-005                  0.0000000000000000E+000                  2.7973929844873973E+000                 -9.8999999999999986E+001                  4.3266163501851285E+000 
                                       3                  2.9999999999992499E+000                  3.0745553897229039E-001                  4.0928838262648961E+000                 -9.1492520142046363E+000                  3.0470616307012044E+000                  6.9999999999902995E-001                  2.8000000000097053E-001                  1.9999999999999574E-002                  2.1852058297622470E-001                  1.4354629946249004E+001                  0.0000000000000000E+000                  1.3904572120687553E-001                  1.3904572120687553E-001                  2.9057713832351288E-005                  2.9057713832351288E-005                  0.0000000000000000E+000                  2.7770047020889539E+000                 -9.8999999999999986E+001                  4.3014005459791189E+000 
                                       4                  2.9999999999990625E+000                  3.0744909195316372E-001                  4.0945009379986157E+000                 -9.1392294459571684E+000                  3.0584770806156931E+000                  6.9999999999902995E-001                  2.8000000000097053E-001                  1.9999999999999574E-002                  2.2025013402329174E-001                  1.4449816546670736E+001                  0.0000000000000000E+000                  1.4166791339333953E-001                  1.4166791339333953E-001                  2.8544791938002189E-005                  2.8544791938002189E-005                  0.0000000000000000E+000                  2.7625723485859548E+000                 -9.8999999999999986E+001                  4.2840978602304878E+000 
                                       5                  2.9999999999988751E+000                  3.0744279173612099E-001                  4.0961044101271460E+000                 -9.1295220727330886E+000                  3.0696007811728978E+000                  6.9999999999902995E-001                  2.8000000000097053E-001                  1.9999999999999574E-002                  2.2177373891314742E-001                  1.4536754653926703E+001                  0.0000000000000000E+000                  1.4415688011861855E-001                  1.4415688011861855E-001                  2.7921282506268510E-005                  2.7921282506268510E-005                  0.0000000000000000E+000                  2.7477088606458384E+000                 -9.8999999999999986E+001                  4.2666292450262988E+000 
                                       6                  2.9999999999986873E+000                  3.0743663051450976E-001                  4.0976936097438168E+000                 -9.1201226259307724E+000                  3.0804472761838144E+000                  6.9999999999902995E-001                  2.8000000000097053E-001                  1.9999999999999574E-002                  2.2319663329999520E-001                  1.4615660302443660E+001                  0.0000000000000000E+000                  1.4652479404790406E-001                  1.4652479404790406E-001                  2.7266091817802676E-005                  2.7266091817802676E-005                  0.0000000000000000E+000                  2.7327214135751121E+000                 -9.8999999999999986E+001                  4.2492908180125966E+000 
                                       7                  2.9999999999985003E+000                  3.0743060095384050E-001                  4.0992679840914201E+000                 -9.1110160207664066E+000                  3.0910300483804125E+000                  6.9999999999902995E-001                  2.8000000000097053E-001                  1.9999999999999574E-002                  2.2467518774991774E-001                  1.4687001657924343E+001                  0.0000000000000000E+000                  1.4877486700696532E-001                  1.4877486700696532E-001                  2.6654132158331834E-005                  2.6654132158331834E-005                  0.0000000000000000E+000                  2.7181168406363172E+000                 -9.8999999999999986E+001                  4.2325715417559655E+000 
                                       8                  2.9999999999983125E+000                  3.0742469626569080E-001                  4.1008270843832362E+000                 -9.1021777913577040E+000                  3.1013616201863066E+000                  6.9999999999902995E-001                  2.8000000000097053E-001                  1.9999999999999574E-002                  2.2639870350837171E-001                  1.4751547843254187E+001                  0.0000000000000000E+000                  1.5091335322487853E-001                  1.5091335322487853E-001                  2.6172333883564527E-005                  2.6172333883564527E-005                  0.0000000000000000E+000                  2.7044724610293716E+000                 -9.8999999999999986E+001                  4.2170227138991976E+000 
                                       9                  2.9999999999981251E+000                  3.0741891029442819E-001                  4.1031401371972613E+000                 -9.0893644300098906E+000                  3.1164130516633319E+000                  6.9999999999902995E-001                  2.8000000000097053E-001                  1.9999999999999574E-002                  2.2947843570835297E-001                  1.4836816622745969E+001                  0.0000000000000000E+000                  1.5293971284296243E-001                  1.5293971284296243E-001                  2.5882716264061721E-005                  2.5882716264061721E-005                  0.0000000000000000E+000                  2.6856473355351120E+000                 -9.8999999999999986E+001                  4.1956944515403585E+000 
                                      10                  2.9999999999977502E+000                  3.0740767412084585E-001                  4.1061629567186948E+000                 -9.0730110260884320E+000                  3.1357049884891572E+000                  6.9999999999902995E-001                  2.8000000000097053E-001                  1.9999999999999574E-002                  2.3349467778270885E-001                  1.4933192933312851E+001                  0.0000000000000000E+000                  1.5671336646058154E-001                  1.5671336646058154E-001                  2.5563971356989596E-005                  2.5563971356989596E-005                  0.0000000000000000E+000                  2.6613627270154709E+000                 -9.8999999999999986E+001                  4.1685978959159371E+000 
                                      11                  2.9999999999973750E+000                  3.0739685235525072E-001                  4.1083836829694835E+000                 -9.0612518805710529E+000                  3.1496329490466155E+000                  6.9999999999902995E-001                  2.8000000000097053E-001                  1.9999999999999574E-002                  2.3627475426270925E-001                  1.4993490800529212E+001                  0.0000000000000000E+000                  1.6017279604523804E-001                  1.6017279604523804E-001                  2.5304933396168215E-005                  2.5304933396168215E-005                  0.0000000000000000E+000                  2.6438507587313338E+000                 -9.8999999999999986E+001                  4.1493358462213115E+000 
                                      12                  2.9999999999971876E+000                  3.0739158572154540E-001                  4.1098466849541060E+000                 -9.0536432675911076E+000                  3.1586765691365564E+000                  6.9999999999902995E-001                  2.8000000000097053E-001                  1.9999999999999574E-002                  2.3802027624022226E-001                  1.5027508758247482E+001                  0.0000000000000000E+000                  1.6177741352624983E-001                  1.6177741352624983E-001                  2.5181025663035256E-005                  2.5181025663035256E-005                  0.0000000000000000E+000                  2.6325365123024760E+000                 -9.8999999999999986E+001                  4.1370373675641199E+000 
                                      13                  2.9999999999969997E+000                  3.0738641036631975E-001                  4.1121498933213028E+000                 -9.0418754993492438E+000                  3.1727122188420540E+000                  6.9999999999902995E-001                  2.8000000000097053E-001                  1.9999999999999574E-002                  2.4063985676811828E-001                  1.5072012670198870E+001                  0.0000000000000000E+000                  1.6328435426178539E-001                  1.6328435426178539E-001                  2.5060377921283508E-005                  2.5060377921283508E-005                  0.0000000000000000E+000                  2.6151118592155478E+000                 -9.8999999999999986E+001                  4.1183284536948817E+000 
                                      14                  2.9999999999965898E+000                  3.0737539130121028E-001                  4.1152358302879053E+000                 -9.0263647427350424E+000                  3.1912686428880521E+000                  6.9999999999902995E-001                  2.8000000000097053E-001                  1.9999999999999574E-002                  2.4394714308406842E-001                  1.5118621709877649E+001                  0.0000000000000000E+000                  1.6632479663319460E-001                  1.6632479663319460E-001                  2.4815526095498876E-005                  2.4815526095498876E-005                  0.0000000000000000E+000                  2.5922406312219097E+000                 -9.8999999999999986E+001                  4.0941162757518663E+000 
                                      15                  2.9999999999961799E+000                  3.0736475804028224E-001                  4.1182442711221210E+000                 -9.0115455462874632E+000                  3.2090662836076702E+000                  6.9999999999902995E-001                  2.8000000000097053E-001                  1.9999999999999574E-002                  2.4689146398661049E-001                  1.5148591222906184E+001                  0.0000000000000000E+000                  1.6905891467805764E-001                  1.6905891467805764E-001                  2.4591777875354064E-005                  2.4591777875354064E-005                  0.0000000000000000E+000                  2.5704787082175260E+000                 -9.8999999999999986E+001                  4.0714943067024745E+000 
                                      16                  2.9999999999957696E+000                  3.0735448074959371E-001                  4.1211761801127800E+000                 -8.9973561561792597E+000                  3.2261647759700698E+000                  6.9999999999902995E-001                  2.8000000000097053E-001                  1.9999999999999574E-002                  2.4943401004205124E-001                  1.5163827873243873E+001                  0.0000000000000000E+000                  1.7149328141424103E-001                  1.7149328141424103E-001                  2.4369606980251458E-005                  2.4369606980251458E-005                  0.0000000000000000E+000                  2.5499021514263664E+000                 -9.8999999999999986E+001                  4.0504811503973297E+000 
                                      17                  2.9999999999953602E+000                  3.0734453312041043E-001                  4.1240328744235590E+000                 -8.9837427586979270E+000                  3.2426169894646075E+000                  6.9999999999902995E-001                  2.8000000000097053E-001                  1.9999999999999574E-002                  2.5158590985429730E-001                  1.5166065240827139E+001                  0.0000000000000000E+000                  1.7365600303207038E-001                  1.7365600303207038E-001                  2.4131449345009108E-005                  2.4131449345009108E-005                  0.0000000000000000E+000                  2.5303610058882402E+000                 -9.8999999999999986E+001                  4.0308759310166478E+000 
                                      18                  2.9999999999949494E+000                  3.0733489182091916E-001                  4.1261220255852713E+000                 -8.9738759612831700E+000                  3.2545606787376298E+000                  6.9999999999902995E-001                  2.8000000000097053E-001                  1.9999999999999574E-002                  2.5290928512246480E-001                  1.5161164644457955E+001                  0.0000000000000000E+000                  1.7558838819112682E-001                  1.7558838819112682E-001                  2.3862208174850398E-005                  2.3862208174850398E-005                  0.0000000000000000E+000                  2.5164353089684424E+000                 -9.8999999999999986E+001                  4.0170905899412084E+000 
                                      19                  2.9999999999947442E+000                  3.0733017922382061E-001                  4.1274956549393540E+000                 -8.9674594746876046E+000                  3.2623448082117421E+000                  6.9999999999902995E-001                  2.8000000000097053E-001                  1.9999999999999574E-002                  2.5366705892196817E-001                  1.5154038709192918E+001                  0.0000000000000000E+000                  1.7646995559263884E-001                  1.7646995559263884E-001                  2.3712067758562998E-005                  2.3712067758562998E-005                  0.0000000000000000E+000                  2.5074270879031300E+000                 -9.8999999999999986E+001                  4.0082865406496717E+000 
                                      20                  2.9999999999945390E+000                  3.0732553559113640E-001                  4.1295276852610092E+000                 -8.9580651849744868E+000                  3.2737659765884981E+000                  6.9999999999902995E-001                  2.8000000000097053E-001                  1.9999999999999574E-002                  2.5463879723411048E-001                  1.5138333751842122E+001                  0.0000000000000000E+000                  1.7728626388697741E-001                  1.7728626388697741E-001                  2.3552210553986292E-005                  2.3552210553986292E-005                  0.0000000000000000E+000                  2.4942305947171963E+000                 -9.8999999999999986E+001                  3.9955403639211502E+000 
                                      21                  2.9999999999941296E+000                  3.0731644663172519E-001                  4.1321693065273273E+000                 -8.9459266670044570E+000                  3.2885427034284325E+000                  6.9999999999902995E-001                  2.8000000000097053E-001                  1.9999999999999574E-002                  2.5575472150447737E-001                  1.5112688577485402E+001                  0.0000000000000000E+000                  1.7878573451578122E-001                  1.7878573451578122E-001                  2.3225385821696208E-005                  2.3225385821696208E-005                  0.0000000000000000E+000                  2.4772022942963625E+000                 -9.8999999999999986E+001                  3.9792484062431503E+000 
                                      22                  2.9999999999937197E+000                  3.0730760764385273E-001                  4.1360246509533676E+000                 -8.9285255943639559E+000                  3.3098075206336195E+000                  6.9999999999902995E-001                  2.8000000000097053E-001                  1.9999999999999574E-002                  2.5699901173714929E-001                  1.5061225391775787E+001                  0.0000000000000000E+000                  1.8012355032214877E-001                  1.8012355032214877E-001                  2.2894393484099245E-005                  2.2894393484099245E-005                  0.0000000000000000E+000                  2.4532671219204323E+000                 -9.8999999999999986E+001                  3.9567946591319907E+000 
                                      23                  2.9999999999928990E+000                  3.0729062246215477E-001                  4.1397004040433290E+000                 -8.9119304467474691E+000                  3.3300826468742684E+000                  6.9999999999902995E-001                  2.8000000000097053E-001                  1.9999999999999574E-002                  2.5679946164488837E-001                  1.5010819570383561E+001                  0.0000000000000000E+000                  1.8247877231672105E-001                  1.8247877231672105E-001                  2.2012223162991164E-005                  2.2012223162991164E-005                  0.0000000000000000E+000                  2.4316982637943041E+000                 -9.8999999999999986E+001                  3.9366817040289814E+000 
                                      24                  2.9999999999924891E+000                  3.0728244755565348E-001                  4.1420880627129026E+000                 -8.9013213768591832E+000                  3.3430928932398030E+000                  6.9999999999902995E-001                  2.8000000000097053E-001                  1.9999999999999574E-002                  2.5623262522487189E-001                  1.4973035776537975E+001                  0.0000000000000000E+000                  1.8353466561143794E-001                  1.8353466561143794E-001                  2.1431611312651560E-005                  2.1431611312651560E-005                  0.0000000000000000E+000                  2.4181295084734029E+000                 -9.8999999999999986E+001                  3.9242074911988616E+000 
                                      25                  2.9999999999920788E+000                  3.0727446948361048E-001                  4.1455790738400591E+000                 -8.8860318885875831E+000                  3.3619067961161213E+000                  6.9999999999902995E-001                  2.8000000000097053E-001                  1.9999999999999574E-002                  2.5536851099181507E-001                  1.4913120676144203E+001                  0.0000000000000000E+000                  1.8449032650624650E-001                  1.8449032650624650E-001                  2.0835506441495311E-005                  2.0835506441495311E-005                  0.0000000000000000E+000                  2.3987077502710812E+000                 -9.8999999999999986E+001                  3.9065270631260565E+000 
                                      26                  2.9999999999912585E+000                  3.0725906406385334E-001                  4.1489192859444861E+000                 -8.8713682056164718E+000                  3.3799419049223909E+000                  6.9999999999902995E-001                  2.8000000000097053E-001                  1.9999999999999574E-002                  2.5382393452591367E-001                  1.4861672138241843E+001                  0.0000000000000000E+000                  1.8627487027250070E-001                  1.8627487027250070E-001                  1.9591261064243339E-005                  1.9591261064243339E-005                  0.0000000000000000E+000                  2.3807658611202434E+000                 -9.8999999999999986E+001                  3.8900860299837214E+000 
                                      27                  2.9999999999908491E+000                  3.0725161650168464E-001                  4.1510937734999791E+000                 -8.8619510529895447E+000                  3.3915630103169780E+000                  6.9999999999902995E-001                  2.8000000000097053E-001                  1.9999999999999574E-002                  2.5241619408435828E-001                  1.4827431575850053E+001                  0.0000000000000000E+000                  1.8712615413536088E-001                  1.8712615413536088E-001                  1.8886706945414011E-005                  1.8886706945414011E-005                  0.0000000000000000E+000                  2.3694464002512095E+000                 -9.8999999999999986E+001                  3.8797683166945056E+000 
                                      28                  2.9999999999904388E+000                  3.0724432832171578E-001                  4.1532209623535090E+000                 -8.8527936943781196E+000                  3.4028819883190500E+000                  6.9999999999902995E-001                  2.8000000000097053E-001                  1.9999999999999574E-002                  2.5096088613843576E-001                  1.4794966498464529E+001                  0.0000000000000000E+000                  1.8794143879826530E-001                  1.8794143879826530E-001                  1.8150302001839285E-005                  1.8150302001839285E-005                  0.0000000000000000E+000                  2.3585200189811322E+000                 -9.8999999999999986E+001                  3.8697938779087573E+000 
                                      29                  2.9999999999900289E+000                  3.0723719185299642E-001                  4.1553029807023183E+000                 -8.8438814842564391E+000                  3.4139141547401137E+000                  6.9999999999902995E-001                  2.8000000000097053E-001                  1.9999999999999574E-002                  2.4942708990242810E-001                  1.4763942735495290E+001                  0.0000000000000000E+000                  1.8873231591166945E-001                  1.8873231591166945E-001                  1.7416541614788162E-005                  1.7416541614788162E-005                  0.0000000000000000E+000                  2.3480693016947334E+000                 -9.8999999999999986E+001                  3.8602547946684740E+000 
                                      30                  2.9999999999896185E+000                  3.0723019999903006E-001                  4.1583574677481439E+000                 -8.8309614023267091E+000                  3.4299551184476336E+000                  6.9999999999902995E-001                  2.8000000000097053E-001                  1.9999999999999574E-002                  2.4677323936595782E-001                  1.4717078071592928E+001                  0.0000000000000000E+000                  1.8948870926386979E-001                  1.8948870926386979E-001                  1.6659228062280335E-005                  1.6659228062280335E-005                  0.0000000000000000E+000                  2.3331476461328129E+000                 -9.8999999999999986E+001                  3.8467138974056287E+000 
                                      31                  2.9999999999887983E+000                  3.0721662520925902E-001                  4.1612970186290177E+000                 -8.8185001378865113E+000                  3.4454265422769286E+000                  6.9999999999902995E-001                  2.8000000000097053E-001                  1.9999999999999574E-002                  2.4385763147804407E-001                  1.4676140076627672E+001                  0.0000000000000000E+000                  1.9093080092465506E-001                  1.9093080092465506E-001                  1.5078643466201177E-005                  1.5078643466201177E-005                  0.0000000000000000E+000                  2.3188527467278388E+000                 -9.8999999999999986E+001                  3.8336287435084957E+000 
                                      32                  2.9999999999883888E+000                  3.0721002933893943E-001                  4.1632163383201828E+000                 -8.8104588296775415E+000                  3.4554434706866002E+000                  6.9999999999902995E-001                  2.8000000000097053E-001                  1.9999999999999574E-002                  2.4188818050761671E-001                  1.4647691969681306E+001                  0.0000000000000000E+000                  1.9161579034776921E-001                  1.9161579034776921E-001                  1.4284896523087221E-005                  1.4284896523087221E-005                  0.0000000000000000E+000                  2.3096288734640003E+000                 -9.8999999999999986E+001                  3.8252475199858655E+000 
                                      33                  2.9999999999879781E+000                  3.0720355418039030E-001                  4.1660368603193065E+000                 -8.7987705790842163E+000                  3.4700494087836380E+000                  6.9999999999902995E-001                  2.8000000000097053E-001                  1.9999999999999574E-002                  2.3864066906696277E-001                  1.4603123761468856E+001                  0.0000000000000000E+000                  1.9225110337038312E-001                  1.9225110337038312E-001                  1.3483492166913840E-005                  1.3483492166913840E-005                  0.0000000000000000E+000                  2.2965059367434573E+000                 -9.8999999999999986E+001                  3.8134480158868493E+000 
                                      34                  2.9999999999871583E+000                  3.0719094691847265E-001                  4.1696615754435902E+000                 -8.7837975941054367E+000                  3.4887920628792695E+000                  6.9999999999902995E-001                  2.8000000000097053E-001                  1.9999999999999574E-002                  2.3360501264561201E-001                  1.4545643165403581E+001                  0.0000000000000000E+000                  1.9342280054943581E-001                  1.9342280054943581E-001                  1.1782518286360151E-005                  1.1782518286360151E-005                  0.0000000000000000E+000                  2.2803798950391103E+000                 -9.8999999999999986E+001                  3.7990348108254377E+000 
                                      35                  2.9999999999863376E+000                  3.0717876586154275E-001                  4.1731557330846183E+000                 -8.7694893814885244E+000                  3.5067611765077209E+000                  6.9999999999902995E-001                  2.8000000000097053E-001                  1.9999999999999574E-002                  2.2860705527511116E-001                  1.4486355275053752E+001                  0.0000000000000000E+000                  1.9448022456158631E-001                  1.9448022456158631E-001                  1.0054354567807949E-005                  1.0054354567807949E-005                  0.0000000000000000E+000                  2.2650371145475412E+000                 -9.8999999999999986E+001                  3.7854658275781436E+000 
                                      36                  2.9999999999855174E+000                  3.0716697860562553E-001                  4.1765274148431075E+000                 -8.7557869671504172E+000                  3.5240180929341238E+000                  6.9999999999902995E-001                  2.8000000000097053E-001                  1.9999999999999574E-002                  2.2401089945092845E-001                  1.4424752764380273E+001                  0.0000000000000000E+000                  1.9540619879154342E-001                  1.9540619879154342E-001                  8.4485777920789670E-006                  8.4485777920789670E-006                  0.0000000000000000E+000                  2.2502770725506398E+000                 -9.8999999999999986E+001                  3.7725565393404561E+000 
                                      37                  2.9999999999846971E+000                  3.0715555652786325E-001                  4.1797839643279113E+000                 -8.7426373787544467E+000                  3.5406171356084100E+000                  6.9999999999902995E-001                  2.8000000000097053E-001                  1.9999999999999574E-002                  2.1945097510816047E-001                  1.4361549694301001E+001                  3.6212884462471915E-005                  1.9621195722737353E-001                  1.9621195722737353E-001                  6.9532409594698447E-006                  6.9532409594698447E-006                  0.0000000000000000E+000                  2.2362591750022642E+000                 -3.1925921211142018E+001                  3.7604457146938137E+000 
                                      38                  2.9999999999838765E+000                  3.0714447424373031E-001                  4.1833800683687077E+000                 -8.7282440573960649E+000                  3.5588435463732133E+000                  6.9999999999902995E-001                  2.8000000000097053E-001                  1.9999999999999574E-002                  2.1443455964399430E-001                  1.4288009765546610E+001                  4.0270174114251836E-002                  1.9691404058475856E-001                  1.9691404058475856E-001                  5.5265484290693269E-006                  5.5265484290693269E-006                  0.0000000000000000E+000                  2.2205642694212817E+000                 -2.2788883794955357E+001                  3.7469803760592928E+000 
                                      39                  2.9999999999828217E+000                  3.0713068889585265E-001                  4.1872610954090526E+000                 -8.7127755207730218E+000                  3.5784759866567630E+000                  6.9999999999902995E-001                  2.8000000000097053E-001                  1.9999999999999574E-002                  2.0969770077710662E-001                  1.4208703763520363E+001                  5.5288744788298372E+000                  1.9771674046918691E-001                  1.9771674046918691E-001                  3.8846659414574277E-006                  3.8846659414574277E-006                  0.0000000000000000E+000                  2.2029695422330748E+000                 -1.6378077887272990E+001                  3.7318029274771489E+000 
                                      40                  2.9999999999817666E+000                  3.0711738466329164E-001                  4.1909886156727225E+000                 -8.6980184047331957E+000                  3.5972614398642588E+000                  6.9999999999902995E-001                  2.8000000000097053E-001                  1.9999999999999574E-002                  2.0515374998336128E-001                  1.4133321323741409E+001                  9.4643814120834389E+000                  1.9845560827916814E-001                  1.9845560827916814E-001                  2.4196734280261835E-006                  2.4196734280261835E-006                  0.0000000000000000E+000                  2.1859549206720201E+000                 -1.5679995490474713E+001                  3.7170985328476434E+000 
                                      41                  2.9999999999807119E+000                  3.0710452374557989E-001                  4.1945746018647334E+000                 -8.6839171371724557E+000                  3.6152699945584073E+000                  6.9999999999902995E-001                  2.8000000000097053E-001                  1.9999999999999574E-002                  2.0109984302288783E-001                  1.4063104077504072E+001                  1.5819896844387459E+001                  1.9915421797537219E-001                  1.9915421797537219E-001                  1.0677305380410216E-006                  1.0677305380410216E-006                  0.0000000000000000E+000                  2.1691772625578851E+000                 -1.5013363362743107E+001                  3.7024839166920565E+000 
                                      42                  2.9999999999796576E+000                  3.0709207261865984E-001                  4.1980300427186883E+000                 -8.6704177974023260E+000                  3.6325633836884217E+000                  6.9999999999902995E-001                  2.8000000000097053E-001                  1.9999999999999574E-002                  1.9751226047883405E-001                  1.3999054374619874E+001                  2.7188410661341155E+001                  1.9983816714547351E-001                  1.9983816714547351E-001                 -1.4254456344215889E-007                 -1.4254456344215889E-007                  0.0000000000000000E+000                  2.1528513476055560E+000                 -1.4310674319063233E+001                  3.6881404922084076E+000 
                                      43                  2.9999999999786029E+000                  3.0708000153934467E-001                  4.2005337553234998E+000                 -8.6606481498231531E+000                  3.6450973807368028E+000                  6.9999999999902995E-001                  2.8000000000097053E-001                  1.9999999999999574E-002                  1.9485612870057414E-001                  1.3956932573190418E+001                  3.3392812042600291E+001                  2.0053518890820435E-001                  2.0053518890820435E-001                 -1.2802227204372150E-006                 -1.2802227204372150E-006                  0.0000000000000000E+000                  2.1410347841552939E+000                 -1.4044937861186726E+001                  3.6776326487689115E+000 
                                      44                  2.9999999999780753E+000                  3.0707409988975520E-001                  4.2021729450006955E+000                 -8.6543080123267426E+000                  3.6532572590493047E+000                  6.9999999999902995E-001                  2.8000000000097053E-001                  1.9999999999999574E-002                  1.9322936397739732E-001                  1.3929962205518486E+001                  3.5672163149059365E+001                  2.0088975475705706E-001                  2.0088975475705706E-001                 -1.8256769007925912E-006                 -1.8256769007925912E-006                  0.0000000000000000E+000                  2.1331952217463415E+000                 -1.3960419731454929E+001                  3.6706331286521290E+000 
                                      45                  2.9999999999775482E+000                  3.0706828353538085E-001                  4.2045884845731631E+000                 -8.6450437128304589E+000                  3.6652172523259483E+000                  6.9999999999902995E-001                  2.8000000000097053E-001                  1.9999999999999574E-002                  1.9122969393412365E-001                  1.3890989904253999E+001                  4.0948276029598297E+001                  2.0124010202687559E-001                  2.0124010202687559E-001                 -2.3094880460454875E-006                 -2.3094880460454875E-006                  0.0000000000000000E+000                  2.1213127747142151E+000                 -1.3783330982039413E+001                  3.6599674240513491E+000 
                                      46                  2.9999999999764930E+000                  3.0705689566903321E-001                  4.2077087308470382E+000                 -8.6330885278864375E+000                  3.6806697886654969E+000                  6.9999999999902995E-001                  2.8000000000097053E-001                  1.9999999999999574E-002                  1.8930530838056692E-001                  1.3845327675992714E+001                  4.5711150412267244E+001                  2.0194497258577621E-001                  2.0194497258577623E-001                 -3.0955811997878390E-006                 -3.0955811997878390E-006                  0.0000000000000000E+000                  2.1055941365491240E+000                 -1.3643757623576420E+001                  3.6456787429540376E+000 
                                      47                  2.9999999999754383E+000                  3.0704581615077037E-001                  4.2107327134073635E+000                 -8.6215685730844722E+000                  3.6955928470229771E+000                  6.9999999999902995E-001                  2.8000000000097053E-001                  1.9999999999999574E-002                  1.8765126081090933E-001                  1.3803885850906969E+001                  5.1847812940242967E+001                  2.0265737780006701E-001                  2.0265737780006712E-001                 -3.7433242142141034E-006                 -3.7433242142141034E-006                  0.0000000000000000E+000                  2.0903748589806446E+000                 -1.3483354234600457E+001                  3.6317613446894890E+000 
                                      48                  2.9999999999743836E+000                  3.0703502584559966E-001                  4.2136666783856818E+000                 -8.6104538309494352E+000                  3.7100215244026198E+000                  6.9999999999902995E-001                  2.8000000000097053E-001                  1.9999999999999574E-002                  1.8603657978196775E-001                  1.3765725574537463E+001                  6.3555058359888690E+001                  2.0336054432511316E-001                  2.0336054432511333E-001                 -4.3421586391569858E-006                 -4.3421586391569858E-006                  0.0000000000000000E+000                  2.0756234726498421E+000                 -1.3221753418573936E+001                  3.6182122101990206E+000 
                                      49                  2.9999999999733284E+000                  3.0702450741493337E-001                  4.2165161623418390E+000                 -8.5997172124772554E+000                  3.7239875396112647E+000                  6.9999999999902995E-001                  2.8000000000097053E-001                  1.9999999999999574E-002                  1.8490189918668495E-001                  1.3730070046296234E+001                  7.1340411910429822E+001                  2.0404669824052371E-001                  2.0404669824052402E-001                 -4.8621558723641664E-006                 -4.8621558723641664E-006                  0.0000000000000000E+000                  2.0609880263785376E+000                 -1.3075116811075643E+001                  3.6047031185206730E+000 
                                      50                  2.9999999999722742E+000                  3.0701424509615227E-001                  4.2192861090550267E+000                 -8.5893321404057286E+000                  3.7375196533721877E+000                  6.9999999999902995E-001                  2.8000000000097053E-001                  1.9999999999999574E-002                  1.8427524381082724E-001                  1.3696334179618352E+001                  7.0923315279693242E+001                  2.0471017857728410E-001                  2.0471017857728457E-001                 -5.2405194877158217E-006                 -5.2405194877158217E-006                  0.0000000000000000E+000                  2.0463520142425313E+000                 -1.3087028028555878E+001                  3.5911355153534057E+000 
                                      51                  2.9999999999712195E+000                  3.0700422456244253E-001                  4.2233218580889620E+000                 -8.5743934823140133E+000                  3.7570604146239632E+000                  6.9999999999902995E-001                  2.8000000000097053E-001                  1.9999999999999574E-002                  1.8375020305906553E-001                  1.3644913286148544E+001                  7.5604341826180516E+001                  2.0533237763856629E-001                  2.0533237763856696E-001                 -5.4993118070387003E-006                 -5.4993118070387003E-006                  0.0000000000000000E+000                  2.0248055206803337E+000                 -1.3010382779038979E+001                  3.5712225856323672E+000 
                                      52                  2.9999999999691096E+000                  3.0698485917146284E-001                  4.2284334187696615E+000                 -8.5554708310627223E+000                  3.7818223251295029E+000                  6.9999999999902995E-001                  2.8000000000097053E-001                  1.9999999999999574E-002                  1.8372199001959888E-001                  1.3583802373667183E+001                  9.5272399846788886E+001                  2.0648190022482457E-001                  2.0648190022482565E-001                 -5.8184816208009417E-006                 -5.8184816208009417E-006                  0.0000000000000000E+000                  1.9967996266543584E+000                 -1.2718243648771892E+001                  3.5451661171293831E+000 
                                      53                  2.9999999999670006E+000                  3.0696631700482552E-001                  4.2322197874530119E+000                 -8.5414708066198521E+000                  3.8001536484558485E+000                  6.9999999999902995E-001                  2.8000000000097053E-001                  1.9999999999999574E-002                  1.8464244854776055E-001                  1.3541114363781785E+001                  9.6216215186632979E+001                  2.0756816418466933E-001                  2.0756816418467086E-001                 -5.8661944368809477E-006                 -5.8661944368809477E-006                  0.0000000000000000E+000                  1.9752714514043150E+000                 -1.2712965390948218E+001                  3.5250048904025291E+000 
                                      54                  2.9999999999658287E+000                  3.0695634159546631E-001                  4.2348497822416951E+000                 -8.5318442331078455E+000                  3.8127904894219062E+000                  6.9999999999902995E-001                  2.8000000000097053E-001                  1.9999999999999574E-002                  1.8575722447679693E-001                  1.3510744510369006E+001                  8.8314559441265388E+001                  2.0813527005851021E-001                  2.0813527005851182E-001                 -5.7360101690209850E-006                 -5.7360101690209850E-006                  0.0000000000000000E+000                  1.9601335803798756E+000                 -1.2830144526681597E+001                  3.5108421438864332E+000 
                                      55                  2.9999999999646572E+000                  3.0694658420347809E-001                  4.2386877069801399E+000                 -8.5179400716524842E+000                  3.8310835789170374E+000                  6.9999999999902995E-001                  2.8000000000097053E-001                  1.9999999999999574E-002                  1.8810129055568181E-001                  1.3466165625528241E+001                  8.8726116195968629E+001                  2.0866602727474959E-001                  2.0866602727475120E-001                 -5.4823895628497310E-006                 -5.4823895628497310E-006                  0.0000000000000000E+000                  1.9375881172077487E+000                 -1.2832747848805575E+001                  3.4897320104995511E+000 
                                      56                  2.9999999999623133E+000                  3.0692768242908697E-001                  4.2423498446823622E+000                 -8.5045514199152095E+000                  3.8486401765382969E+000                  6.9999999999902995E-001                  2.8000000000097053E-001                  1.9999999999999574E-002                  1.9070974901566967E-001                  1.3432195971513233E+001                  9.6597907844175012E+001                  2.0972820827320787E-001                  2.0972820827320923E-001                 -4.8334997573730954E-006                 -4.8334997573730954E-006                  0.0000000000000000E+000                  1.9156488685848894E+000                 -1.2730587502805003E+001                  3.4688896941992176E+000 
                                      57                  2.9999999999611413E+000                  3.0691851756501842E-001                  4.2447306210234315E+000                 -8.4959336794771723E+000                  3.8599632208361720E+000                  6.9999999999902995E-001                  2.8000000000097053E-001                  1.9999999999999574E-002                  1.9256403528378152E-001                  1.3410746527374735E+001                  7.8476329243631298E+001                  2.1027076977879561E-001                  2.1027076977879683E-001                 -4.4854200953812368E-006                 -4.4854200953812368E-006                  0.0000000000000000E+000                  1.9013734320070859E+000                 -1.3006950648123244E+001                  3.4553083229020771E+000 
                                      58                  2.9999999999599694E+000                  3.0690953220437622E-001                  4.2482154763157061E+000                 -8.4834332599445155E+000                  3.8764141248700748E+000                  6.9999999999902995E-001                  2.8000000000097053E-001                  1.9999999999999574E-002                  1.9563375998060525E-001                  1.3381114494565960E+001                  7.2061642636657993E+001                  2.1080241922584014E-001                  2.1080241922584114E-001                 -4.1040258285315616E-006                 -4.1040258285315616E-006                  0.0000000000000000E+000                  1.8803951074808904E+000                 -1.3126550092800175E+001                  3.4352906657644602E+000 
                                      59                  2.9999999999576263E+000                  3.0689206977106720E-001                  4.2526667552560369E+000                 -8.4674376676025283E+000                  3.8974253275453004E+000                  6.9999999999902995E-001                  2.8000000000097053E-001                  1.9999999999999574E-002                  2.0023992496479340E-001                  1.3353729222802885E+001                  7.9274198309746566E+001                  2.1189211461910909E-001                  2.1189211461910970E-001                 -3.2628247310311284E-006                 -3.2628247310311284E-006                  0.0000000000000000E+000                  1.8529874752202256E+000                 -1.3013713954094968E+001                  3.4087727545504585E+000 
                                      60                  2.9999999999552824E+000                  3.0687523680642165E-001                  4.2558729025614870E+000                 -8.4559105125204237E+000                  3.9125447300016574E+000                  6.9999999999902995E-001                  2.8000000000097053E-001                  1.9999999999999574E-002                  2.0381622636151023E-001                  1.3340954735079531E+001                  6.8177990114219142E+001                  2.1304388370704561E-001                  2.1304388370704588E-001                 -2.3898000262639633E-006                 -2.3898000262639633E-006                  0.0000000000000000E+000                  1.8330054110128331E+000                 -1.3218665523145999E+001                  3.3892063453817349E+000 
                                      61                  2.9999999999541105E+000                  3.0686704006933319E-001                  4.2579654607876005E+000                 -8.4484528335592159E+000                  3.9223403375237531E+000                  6.9999999999902995E-001                  2.8000000000097053E-001                  1.9999999999999574E-002                  2.0630491137263535E-001                  1.3333633403082324E+001                  5.1775859724578908E+001                  2.1363074068988952E-001                  2.1363074068988969E-001                 -1.9470171156423717E-006                 -1.9470171156423717E-006                  0.0000000000000000E+000                  1.8199441758480948E+000                 -1.3582836098176436E+001                  3.3763835104612814E+000 
                                      62                  2.9999999999529385E+000                  3.0685898243215531E-001                  4.2610399918499180E+000                 -8.4375843712483629E+000                  3.9366325856119535E+000                  6.9999999999902995E-001                  2.8000000000097053E-001                  1.9999999999999574E-002                  2.1026582228848756E-001                  1.3324234279345712E+001                  4.3236819889915310E+001                  2.1421015653909692E-001                  2.1421015653909700E-001                 -1.4818757355529341E-006                 -1.4818757355529341E-006                  0.0000000000000000E+000                  1.8006150993725443E+000                 -1.3826133553504388E+001                  3.3573606841171424E+000 
                                      63                  2.9999999999505951E+000                  3.0684326415635260E-001                  4.2649926313436248E+000                 -8.4236030954304759E+000                  3.9549880581287167E+000                  6.9999999999902995E-001                  2.8000000000097053E-001                  1.9999999999999574E-002                  2.1588998925259889E-001                  1.3318671288212999E+001                  4.4784859352762048E+001                  2.1536904478136937E-001                  2.1536904478136937E-001                 -5.0596699296341381E-007                 -5.0596699296341381E-007                  0.0000000000000000E+000                  1.7752438941976687E+000                 -1.3791722506497116E+001                  3.3321708387700308E+000 
                                      64                  2.9999999999482516E+000                  3.0682804221516941E-001                  4.2688059681738757E+000                 -8.4101848774674171E+000                  3.9726015130979979E+000                  6.9999999999902995E-001                  2.8000000000097053E-001                  1.9999999999999574E-002                  2.2156919000567885E-001                  1.3317363582071357E+001                  3.0790608740909541E+001                  2.1652963655843646E-001                  2.1652963655843646E-001                  4.7699954505890054E-007                  4.7699954505890054E-007                  0.0000000000000000E+000                  1.7506466832724334E+000                 -1.4291070761865392E+001                  3.3076162715460820E+000 
                                      65                  2.9999999999459077E+000                  3.0681328186043555E-001                  4.2724904739346545E+000                 -8.3972842126753680E+000                  3.9895306404290740E+000                  6.9999999999902995E-001                  2.8000000000097053E-001                  1.9999999999999574E-002                  2.2732280925342835E-001                  1.3319271665861583E+001                  1.6086619306307597E+001                  2.1766923508982042E-001                  2.1766923508982042E-001                  1.4436478590333054E-006                  1.4436478590333054E-006                  0.0000000000000000E+000                  1.7269068311468454E+000                 -1.5147799942559198E+001                  3.2838141990792762E+000 
                                      66                  2.9999999999435638E+000                  3.0679895207243352E-001                  4.2760553056598622E+000                 -8.3848612074980782E+000                  4.0058266525508444E+000                  6.9999999999902995E-001                  2.8000000000097053E-001                  1.9999999999999574E-002                  2.3310559793763710E-001                  1.3323517094673413E+001                  9.6837975735163495E-001                  2.1877929006864508E-001                  2.1877929006864508E-001                  2.3947971595893510E-006                  2.3947971595893510E-006                  0.0000000000000000E+000                  1.7037593643568778E+000                 -1.8819810308909140E+001                  3.2605283258827602E+000 
                                      67                  2.9999999999412199E+000                  3.0678502502208904E-001                  4.2795085123325673E+000                 -8.3728846335131379E+000                  4.0215352192915832E+000                  6.9999999999902995E-001                  2.8000000000097053E-001                  1.9999999999999574E-002                  2.3881644073201794E-001                  1.3329282617961749E+001                  1.3394514915224796E-004                  2.1985232704263441E-001                  2.1985232704263441E-001                  3.3187715833023330E-006                  3.3187715833023330E-006                  0.0000000000000000E+000                  1.6811653222352623E+000                 -3.0407811768223933E+001                  3.2377463909303756E+000 
                                      68                  2.9999999999388760E+000                  3.0677147550595846E-001                  4.2828572211418265E+000                 -8.3613240245530971E+000                  4.0366972399700609E+000                  6.9999999999902995E-001                  2.8000000000097053E-001                  1.9999999999999574E-002                  2.4457464262266404E-001                  1.3336025103606181E+001                  0.0000000000000000E+000                  2.2088298175177379E-001                  2.2088298175177379E-001                  4.2208772078497855E-006                  4.2208772078497855E-006                  0.0000000000000000E+000                  1.6592180163786763E+000                 -9.8999999999999986E+001                  3.2155794570532041E+000 
                                      69                  2.9999999999365321E+000                  3.0675828069131017E-001                  4.2861078094414324E+000                 -8.3501491524053062E+000                  4.0513494855434145E+000                  6.9999999999902995E-001                  2.8000000000097053E-001                  1.9999999999999574E-002                  2.5030702056426579E-001                  1.3343394454613442E+001                  0.0000000000000000E+000                  2.2186916225248521E-001                  2.2186916225248521E-001                  5.1077996820270830E-006                  5.1077996820270830E-006                  0.0000000000000000E+000                  1.6379611333284676E+000                 -9.8999999999999986E+001                  3.1940826535986875E+000 
                                      70                  2.9999999999341882E+000                  3.0674541990550447E-001                  4.2908361890414177E+000                 -8.3340870142888139E+000                  4.0724431411149302E+000                  6.9999999999902995E-001                  2.8000000000097053E-001                  1.9999999999999574E-002                  2.5862436580175724E-001                  1.3351751324675057E+001                  0.0000000000000000E+000                  2.2279277933509503E-001                  2.2279277933509503E-001                  5.9627365408332616E-006                  5.9627365408332616E-006                  0.0000000000000000E+000                  1.6070250920014417E+000                 -9.8999999999999986E+001                  3.1628747019620649E+000 
                                      71                  2.9999999999295013E+000                  3.0672062903140368E-001                  4.2953262862788018E+000                 -8.3187077601514225E+000                  4.0925640492506705E+000                  6.9999999999902995E-001                  2.8000000000097053E-001                  1.9999999999999574E-002                  2.6656357243957307E-001                  1.3365925267146594E+001                  0.0000000000000000E+000                  2.2452995174737192E-001                  2.2452995174737192E-001                  7.5472555319936115E-006                  7.5472555319936115E-006                  0.0000000000000000E+000                  1.5776315475484866E+000                 -9.8999999999999986E+001                  3.1330203640289911E+000 
                                      72                  2.9999999999271574E+000                  3.0670866334200997E-001                  4.2982365588127953E+000                 -8.3088506484772040E+000                  4.1054794786769797E+000                  6.9999999999902995E-001                  2.8000000000097053E-001                  1.9999999999999574E-002                  2.7171592499723046E-001                  1.3372955070650420E+001                  0.0000000000000000E+000                  2.2534876934278836E-001                  2.2534876934278836E-001                  8.2843833526133039E-006                  8.2843833526133039E-006                  0.0000000000000000E+000                  1.5588302759836548E+000                 -9.8999999999999986E+001                  3.1139907354868392E+000 
                                      73                  2.9999999999248135E+000                  3.0669696522100670E-001                  4.3010725703031119E+000                 -8.2992758389242987E+000                  4.1180232164756250E+000                  6.9999999999902995E-001                  2.8000000000097053E-001                  1.9999999999999574E-002                  2.7652121188349288E-001                  1.3379454783303107E+001                  0.0000000000000000E+000                  2.2610473938338388E-001                  2.2610473938338388E-001                  8.9732736324817536E-006                  8.9732736324817536E-006                  0.0000000000000000E+000                  1.5404686084860271E+000                 -9.8999999999999986E+001                  3.0954180373258455E+000 
                                      74                  2.9999999999224696E+000                  3.0668552126939358E-001                  4.3038379409408005E+000                 -8.2899702892586582E+000                  4.1302160678879813E+000                  6.9999999999902995E-001                  2.8000000000097053E-001                  1.9999999999999574E-002                  2.8109682158809951E-001                  1.3385399254803348E+001                  0.0000000000000000E+000                  2.2681675013908231E-001                  2.2681675013908231E-001                  9.6049141045721823E-006                  9.6049141045721823E-006                  0.0000000000000000E+000                  1.5227179411790968E+000                 -9.8999999999999986E+001                  3.0774744564903247E+000 
                                      75                  2.9999999999201257E+000                  3.0667431904075226E-001                  4.3078786264901607E+000                 -8.2765027578264334E+000                  4.1478883678197720E+000                  6.9999999999902995E-001                  2.8000000000097053E-001                  1.9999999999999574E-002                  2.8770851753560356E-001                  1.3391662899326553E+001                  0.0000000000000000E+000                  2.2747712298861733E-001                  2.2747712298861733E-001                  1.0200136246181992E-005                  1.0200136246181992E-005                  0.0000000000000000E+000                  1.4971821620119752E+000                 -9.8999999999999986E+001                  3.0517354984762100E+000 
                                      76                  2.9999999999154379E+000                  3.0665259621672991E-001                  4.3130238535903898E+000                 -8.2593275612437722E+000                  4.1703899546133902E+000                  6.9999999999902995E-001                  2.8000000000097053E-001                  1.9999999999999574E-002                  2.9517855875195759E-001                  1.3403498916852310E+001                  0.0000000000000000E+000                  2.2870910912539302E-001                  2.2870910912539302E-001                  1.1234556750883424E-005                  1.1234556750883424E-005                  0.0000000000000000E+000                  1.4651622371663477E+000                 -9.8999999999999986E+001                  3.0193318985867235E+000 
                                      77                  2.9999999999107509E+000                  3.0663171263448280E-001                  4.3167176931265470E+000                 -8.2469906305118190E+000                  4.1865356906285811E+000                  6.9999999999902995E-001                  2.8000000000097053E-001                  1.9999999999999574E-002                  3.0003409607341652E-001                  1.3414997480822160E+001                  0.0000000000000000E+000                  2.2989775046499261E-001                  2.2989775046499261E-001                  1.2048685420936345E-005                  1.2048685420936345E-005                  0.0000000000000000E+000                  1.4428329952986363E+000                 -9.8999999999999986E+001                  2.9966302448490150E+000 
                                      78                  2.9999999999084070E+000                  3.0662156220024089E-001                  4.3191238112378736E+000                 -8.2390262747729377E+000                  4.1969763646615137E+000                  6.9999999999902995E-001                  2.8000000000097053E-001                  1.9999999999999574E-002                  3.0327108438026068E-001                  1.3421933032317014E+001                  0.0000000000000000E+000                  2.3046671430469912E-001                  2.3046671430469912E-001                  1.2411749132214671E-005                  1.2411749132214671E-005                  0.0000000000000000E+000                  1.4282067408692334E+000                 -9.8999999999999986E+001                  2.9817795182644757E+000 
                                      79                  2.9999999999060631E+000                  3.0661159552191181E-001                  4.3226520327500122E+000                 -8.2274461716505094E+000                  4.2121826954659820E+000                  6.9999999999902995E-001                  2.8000000000097053E-001                  1.9999999999999574E-002                  3.0768794428528345E-001                  1.3431699522451755E+001                  0.0000000000000000E+000                  2.3100440815900042E-001                  2.3100440815900042E-001                  1.2753996112702893E-005                  1.2753996112702893E-005                  0.0000000000000000E+000                  1.4070617682426634E+000                 -9.8999999999999986E+001                  2.9603186455111010E+000 
                                      80                  2.9999999999013753E+000                  3.0659218467875188E-001                  4.3266102590923197E+000                 -8.2144070385185124E+000                  4.2292785926481180E+000                  6.9999999999902995E-001                  2.8000000000097053E-001                  1.9999999999999574E-002                  3.1178488866200343E-001                  1.3447886014768777E+001                  0.0000000000000000E+000                  2.3205900493532394E-001                  2.3205900493532394E-001                  1.3283977976511272E-005                  1.3283977976511272E-005                  0.0000000000000000E+000                  1.3842122199788387E+000                 -9.8999999999999986E+001                  2.9369460456441394E+000 
                                      81                  2.9999999998978599E+000                  3.0657805550255612E-001                  4.3299019814174802E+000                 -8.2036368024659456E+000                  4.2434167707947799E+000                  6.9999999999902995E-001                  2.8000000000097053E-001                  1.9999999999999574E-002                  3.1543229553900470E-001                  1.3462511936588566E+001                  0.0000000000000000E+000                  2.3284451759412056E-001                  2.3284451759412056E-001                  1.3612879601423341E-005                  1.3612879601423341E-005                  0.0000000000000000E+000                  1.3650971167840580E+000                 -9.8999999999999986E+001                  2.9173588604100793E+000 
                                      82                  2.9999999998943441E+000                  3.0656427108325335E-001                  4.3346911343134700E+000                 -8.1881454803462042E+000                  4.2637993338813036E+000                  6.9999999999902995E-001                  2.8000000000097053E-001                  1.9999999999999574E-002                  3.2104796435850436E-001                  1.3483882445003857E+001                  0.0000000000000000E+000                  2.3359541281687132E-001                  2.3359541281687132E-001                  1.3964217274612544E-005                  1.3964217274612544E-005                  0.0000000000000000E+000                  1.3370844455756170E+000                 -9.8999999999999986E+001                  2.8886573329708973E+000 
                                      83                  2.9999999998873128E+000                  3.0653766458408166E-001                  4.3397447291459521E+000                 -8.1717032863852346E+000                  4.2853834628836918E+000                  6.9999999999902995E-001                  2.8000000000097053E-001                  1.9999999999999574E-002                  3.2668806039551390E-001                  1.3515916183922275E+001                  0.0000000000000000E+000                  2.3507039472964961E-001                  2.3507039472964961E-001                  1.4618523534350317E-005                  1.4618523534350317E-005                  0.0000000000000000E+000                  1.3076761048476275E+000                 -9.8999999999999986E+001                  2.8582184599208222E+000 
                                      84                  2.9999999998826254E+000                  3.0652058332760318E-001                  4.3436459462389321E+000                 -8.1591354890312466E+000                  4.3019127683585126E+000                  6.9999999999902995E-001                  2.8000000000097053E-001                  1.9999999999999574E-002                  3.3090621985933044E-001                  1.3541697767082869E+001                  0.0000000000000000E+000                  2.3604511301522510E-001                  2.3604511301522510E-001                  1.4986871835843777E-005                  1.4986871835843777E-005                  0.0000000000000000E+000                  1.2853627684648918E+000                 -9.8999999999999986E+001                  2.8350774967769587E+000 
                                      85                  2.9999999998779376E+000                  3.0650398736176465E-001                  4.3474196475796010E+000                 -8.1470337636116579E+000                  4.3178383544344889E+000                  6.9999999999902995E-001                  2.8000000000097053E-001                  1.9999999999999574E-002                  3.3468250358575935E-001                  1.3568920250098483E+001                  0.0000000000000000E+000                  2.3698345783680494E-001                  2.3698345783680494E-001                  1.5300315518739888E-005                  1.5300315518739888E-005                  0.0000000000000000E+000                  1.2640465164113941E+000                 -9.8999999999999986E+001                  2.8128890714566994E+000 
                                      86                  2.9999999998732503E+000                  3.0648784563790937E-001                  4.3510744740759435E+000                 -8.1353676491271187E+000                  4.3332027918729796E+000                  6.9999999999902995E-001                  2.8000000000097053E-001                  1.9999999999999574E-002                  3.3774806383798883E-001                  1.3597367600109623E+001                  0.0000000000000000E+000                  2.3789911791887777E-001                  2.3789911791887777E-001                  1.5528806061577031E-005                  1.5528806061577031E-005                  0.0000000000000000E+000                  1.2439427373171634E+000                 -9.8999999999999986E+001                  2.7918757436064787E+000 
                                      87                  2.9999999998685625E+000                  3.0647213001552853E-001                  4.3546181953623551E+000                 -8.1241084929732565E+000                  4.3480443011520160E+000                  6.9999999999902995E-001                  2.8000000000097053E-001                  1.9999999999999574E-002                  3.4032242912588623E-001                  1.3626922029039948E+001                  0.0000000000000000E+000                  2.3879286314482340E-001                  2.3879286314482340E-001                  1.5669688404100402E-005                  1.5669688404100402E-005                  0.0000000000000000E+000                  1.2249549066127980E+000                 -9.8999999999999986E+001                  2.7719449806437177E+000 
                                      88                  2.9999999998638751E+000                  3.0645681494593063E-001                  4.3580578426457084E+000                 -8.1132290485041807E+000                  4.3623973257609316E+000                  6.9999999999902995E-001                  2.8000000000097053E-001                  1.9999999999999574E-002                  3.4260997464957110E-001                  1.3657558463545463E+001                  0.0000000000000000E+000                  2.3966672297865099E-001                  2.3966672297865099E-001                  1.5755163779244985E-005                  1.5755163779244985E-005                  0.0000000000000000E+000                  1.2068315843273414E+000                 -9.8999999999999986E+001                  2.7528463610601874E+000 
                                      89                  2.9999999998591873E+000                  3.0644187720546456E-001                  4.3613998053476957E+000                 -8.1027054208986407E+000                  4.3762930140523117E+000                  6.9999999999902995E-001                  2.8000000000097053E-001                  1.9999999999999574E-002                  3.4450982390011314E-001                  1.3689222413570681E+001                  0.0000000000000000E+000                  2.4052290494998771E-001                  2.4052290494998771E-001                  1.5796320707595689E-005                  1.5796320707595689E-005                  0.0000000000000000E+000                  1.1895068597611151E+000                 -9.8999999999999986E+001                  2.7345159250731110E+000 
                                      90                  2.9999999998544999E+000                  3.0642729559269161E-001                  4.3646498967331917E+000                 -8.0925174299590292E+000                  4.3897596266236043E+000                  6.9999999999902995E-001                  2.8000000000097053E-001                  1.9999999999999574E-002                  3.4599418178576574E-001                  1.3721809507075072E+001                  0.0000000000000000E+000                  2.4136260010096017E-001                  2.4136260010096017E-001                  1.5786291345009347E-005                  1.5786291345009347E-005                  0.0000000000000000E+000                  1.1729532980987025E+000                 -9.8999999999999986E+001                  2.7169297571514592E+000 
                                      91                  2.9999999998498121E+000                  3.0641305064660734E-001                  4.3693863237642727E+000                 -8.0778470807800282E+000                  4.4092100557241407E+000                  6.9999999999902995E-001                  2.8000000000097053E-001                  1.9999999999999574E-002                  3.4802315491705849E-001                  1.3769716501874527E+001                  0.0000000000000000E+000                  2.4217354940020339E-001                  2.4217354940020339E-001                  1.5745289456059533E-005                  1.5745289456059533E-005                  0.0000000000000000E+000                  1.1492529616629210E+000                 -9.8999999999999986E+001                  2.6917158077901018E+000 
                                      92                  2.9999999998404379E+000                  3.0638550308616358E-001                  4.3739006850101445E+000                 -8.0637733591374321E+000                  4.4278312106752242E+000                  6.9999999999902995E-001                  2.8000000000097053E-001                  1.9999999999999574E-002                  3.4996779430808200E-001                  1.3824574089549120E+001                  0.0000000000000000E+000                  2.4377692444250787E-001                  2.4377692444250787E-001                  1.5647582971537642E-005                  1.5647582971537642E-005                  0.0000000000000000E+000                  1.1266613787251154E+000                 -9.8999999999999986E+001                  2.6673974633729021E+000 
                                      93                  2.9999999998357501E+000                  3.0637216662041544E-001                  4.3768320578032824E+000                 -8.0547405351231500E+000                  4.4398174919724420E+000                  6.9999999999902995E-001                  2.8000000000097053E-001                  1.9999999999999574E-002                  3.5118667631678996E-001                  1.3860426745172621E+001                  0.0000000000000000E+000                  2.4457524933210129E-001                  2.4457524933210129E-001                  1.5595852418330290E-005                  1.5595852418330290E-005                  0.0000000000000000E+000                  1.1120179096536411E+000                 -9.8999999999999986E+001                  2.6516291527812439E+000 
                                      94                  2.9999999998310622E+000                  3.0635910348197953E-001                  4.3804065155316900E+000                 -8.0438090280948433E+000                  4.4543513258468668E+000                  6.9999999999902995E-001                  2.8000000000097053E-001                  1.9999999999999574E-002                  3.5247141110311642E-001                  1.3904951978988331E+001                  0.0000000000000000E+000                  2.4534090186466742E-001                  2.4534090186466742E-001                  1.5534380173723317E-005                  1.5534380173723317E-005                  0.0000000000000000E+000                  1.0944455758715648E+000                 -9.8999999999999986E+001                  2.6326639275044119E+000 
                                      95                  2.9999999998240305E+000                  3.0633999370843840E-001                  4.3845525626235062E+000                 -8.0311604123544189E+000                  4.4711761926204119E+000                  6.9999999999902995E-001                  2.8000000000097053E-001                  1.9999999999999574E-002                  3.5376257121408794E-001                  1.3959383263307577E+001                  0.0000000000000000E+000                  2.4645271721025164E-001                  2.4645271721025164E-001                  1.5413772851868446E-005                  1.5413772851868446E-005                  0.0000000000000000E+000                  1.0744334765015171E+000                 -9.8999999999999986E+001                  2.6109550902578018E+000 
                                      96                  2.9999999998169997E+000                  3.0632143005573320E-001                  4.3892264027175090E+000                 -8.0170260960179771E+000                  4.4900184194775221E+000                  6.9999999999902995E-001                  2.8000000000097053E-001                  1.9999999999999574E-002                  3.5511502274107937E-001                  1.4020442247765489E+001                  0.0000000000000000E+000                  2.4750943896048072E-001                  2.4750943896048072E-001                  1.5282195963756842E-005                  1.5282195963756842E-005                  0.0000000000000000E+000                  1.0519268887246127E+000                 -9.8999999999999986E+001                  2.5865530208869454E+000 
                                      97                  2.9999999998076246E+000                  3.0629746758231163E-001                  4.3937101601833550E+000                 -8.0034789248424243E+000                  4.5080809445457648E+000                  6.9999999999902995E-001                  2.8000000000097053E-001                  1.9999999999999574E-002                  3.5619362930274773E-001                  1.4080750513812994E+001                  0.0000000000000000E+000                  2.4882288621820611E-001                  2.4882288621820611E-001                  1.5098932589705623E-005                  1.5098932589705623E-005                  0.0000000000000000E+000                  1.0305565404777215E+000                 -9.8999999999999986E+001                  2.5633185818443462E+000 
                                      98                  2.9999999998005933E+000                  3.0628004518899143E-001                  4.3980500231749726E+000                 -7.9905077832383382E+000                  4.5254248688213314E+000                  6.9999999999902995E-001                  2.8000000000097053E-001                  1.9999999999999574E-002                  3.5687661100919493E-001                  1.4135385009032778E+001                  0.0000000000000000E+000                  2.4971946329264394E-001                  2.4971946329264394E-001                  1.4941781385566416E-005                  1.4941781385566416E-005                  0.0000000000000000E+000                  1.0104761048003419E+000                 -9.8999999999999986E+001                  2.5415563078129049E+000 
                                      99                  2.9999999997912181E+000                  3.0625749576947237E-001                  4.4034092072292408E+000                 -7.9745756421918008E+000                  4.5467567586246815E+000                  6.9999999999902995E-001                  2.8000000000097053E-001                  1.9999999999999574E-002                  3.5795387956473257E-001                  1.4199316654486504E+001                  0.0000000000000000E+000                  2.5076243501877077E-001                  2.5076243501877077E-001                  1.4747277628054541E-005                  1.4747277628054541E-005                  0.0000000000000000E+000                  9.8534704710051180E-001                 -9.8999999999999986E+001                  2.5144674477262292E+000 
                                     100                  2.9999999997794999E+000                  3.0623031962600272E-001                  4.4073911629606455E+000                 -7.9626850941853045E+000                  4.5626567550269082E+000                  6.9999999999902995E-001                  2.8000000000097053E-001                  1.9999999999999574E-002                  3.5841360859149335E-001                  1.4248196566009174E+001                  0.0000000000000000E+000                  2.5193348882335537E-001                  2.5193348882335537E-001                  1.4515710504425274E-005                  1.4515710504425274E-005                  0.0000000000000000E+000                  9.6704560430320929E-001                 -9.8999999999999986E+001                  2.4946735513284279E+000 
                                     101                  2.9999999997748126E+000                  3.0621974137416613E-001                  4.4107299057034526E+000                 -7.9528689798786489E+000                  4.5758380921571042E+000                  6.9999999999902995E-001                  2.8000000000097053E-001                  1.9999999999999574E-002                  3.5879600751454693E-001                  1.4285048287403690E+001                  0.0000000000000000E+000                  2.5235342494142815E-001                  2.5235342494142815E-001                  1.4417160427361511E-005                  1.4417160427361511E-005                  0.0000000000000000E+000                  9.5194913051690688E-001                 -9.8999999999999986E+001                  2.4784552627439171E+000 
                                     102                  2.9999999997654374E+000                  3.0619905546185378E-001                  4.4150268804305952E+000                 -7.9402180087272507E+000                  4.5928162364958922E+000                  6.9999999999902995E-001                  2.8000000000097053E-001                  1.9999999999999574E-002                  3.5957190212827506E-001                  1.4335068674249442E+001                  0.0000000000000000E+000                  2.5311876426734392E-001                  2.5311876426734392E-001                  1.4252473786018065E-005                  1.4252473786018065E-005                  0.0000000000000000E+000                  9.3216490979921773E-001                 -9.8999999999999986E+001                  2.4571529769423552E+000 
                                     103                  2.9999999997560627E+000                  3.0617896060673222E-001                  4.4186588974328167E+000                 -7.9295427556230065E+000                  4.6071490393317429E+000                  6.9999999999902995E-001                  2.8000000000097053E-001                  1.9999999999999574E-002                  3.5988793632262112E-001                  1.4379542585238079E+001                  0.0000000000000000E+000                  2.5387313966277464E-001                  2.5387313966277464E-001                  1.4086884091489138E-005                  1.4086884091489138E-005                  0.0000000000000000E+000                  9.1563942290164446E-001                 -9.8999999999999986E+001                  2.4392821965689016E+000 
                                     104                  2.9999999997490310E+000                  3.0616425364059208E-001                  4.4216918390766473E+000                 -7.9206776610963789E+000                  4.6190703006250606E+000                  6.9999999999902995E-001                  2.8000000000097053E-001                  1.9999999999999574E-002                  3.6014295300600196E-001                  1.4417719573350132E+001                  0.0000000000000000E+000                  2.5442943323800077E-001                  2.5442943323800077E-001                  1.3945242907823406E-005                  1.3945242907823406E-005                  0.0000000000000000E+000                  9.0201458653551003E-001                 -9.8999999999999986E+001                  2.4245058573335494E+000 
                                     105                  2.9999999997420002E+000                  3.0614984238982246E-001                  4.4251416904226852E+000                 -7.9106451900276396E+000                  4.6325788239466705E+000                  6.9999999999902995E-001                  2.8000000000097053E-001                  1.9999999999999574E-002                  3.6061749192618547E-001                  1.4463084208957946E+001                  0.0000000000000000E+000                  2.5497983188058782E-001                  2.5497983188058782E-001                  1.3815388770790904E-005                  1.3815388770790904E-005                  0.0000000000000000E+000                  8.8650549391119726E-001                 -9.8999999999999986E+001                  2.4076324240707843E+000 
                                     106                  2.9999999997326250E+000                  3.0613106402703022E-001                  4.4289627657887927E+000                 -7.8995509433167772E+000                  4.6475220763864504E+000                  6.9999999999902995E-001                  2.8000000000097053E-001                  1.9999999999999574E-002                  3.6101278232802797E-001                  1.4517949796664299E+001                  0.0000000000000000E+000                  2.5572931388735476E-001                  2.5572931388735476E-001                  1.3650874811966504E-005                  1.3650874811966504E-005                  0.0000000000000000E+000                  8.6924183363002361E-001                 -9.8999999999999986E+001                  2.3887243883357292E+000 
                                     107                  2.9999999997232503E+000                  3.0611275694587836E-001                  4.4326685739214193E+000                 -7.8888377496803761E+000                  4.6619706129720555E+000                  6.9999999999902995E-001                  2.8000000000097053E-001                  1.9999999999999574E-002                  3.6121025645132038E-001                  1.4575211122828181E+001                  0.0000000000000000E+000                  2.5650538544231671E-001                  2.5650538544231671E-001                  1.3469226043520437E-005                  1.3469226043520437E-005                  0.0000000000000000E+000                  8.5267524073575029E-001                 -9.8999999999999986E+001                  2.3704482314528796E+000 
                                     108                  2.9999999997138755E+000                  3.0609489370853804E-001                  4.4380545289822759E+000                 -7.8734586863450007E+000                  4.6827835938291180E+000                  6.9999999999902995E-001                  2.8000000000097053E-001                  1.9999999999999574E-002                  3.6173832157917551E-001                  1.4662447798731087E+001                  0.0000000000000000E+000                  2.5728974171467872E-001                  2.5728974171467872E-001                  1.3290539440751488E-005                  1.3290539440751488E-005                  0.0000000000000000E+000                  8.2877876550015572E-001                 -9.8999999999999986E+001                  2.3439601315243257E+000 
                                     109                  2.9999999996951252E+000                  3.0606040399163881E-001                  4.4431691520862113E+000                 -7.8587441406616154E+000                  4.7026507571890370E+000                  6.9999999999902995E-001                  2.8000000000097053E-001                  1.9999999999999574E-002                  3.6207137294190916E-001                  1.4760702509228949E+001                  0.0000000000000000E+000                  2.5893750040990682E-001                  2.5893750040990682E-001                  1.2942637262039505E-005                  1.2942637262039505E-005                  0.0000000000000000E+000                  8.0617815233152146E-001                 -9.8999999999999986E+001                  2.3184589698556390E+000 
                                     110                  2.9999999996857509E+000                  3.0604373068130786E-001                  4.4473084502866591E+000                 -7.8470285528451624E+000                  4.7185419239445485E+000                  6.9999999999902995E-001                  2.8000000000097053E-001                  1.9999999999999574E-002                  3.6221741773385430E-001                  1.4842786484958367E+001                  0.0000000000000000E+000                  2.5979953231737912E-001                  2.5979953231737912E-001                  1.2757427306566944E-005                  1.2757427306566944E-005                  0.0000000000000000E+000                  7.8798652625971066E-001                 -9.8999999999999986E+001                  2.2978589311066209E+000 
                                     111                  2.9999999996716884E+000                  3.0601938291996728E-001                  4.4524919540886403E+000                 -7.8324299902847789E+000                  4.7383719119945917E+000                  6.9999999999902995E-001                  2.8000000000097053E-001                  1.9999999999999574E-002                  3.6244991164898471E-001                  1.4954915626028956E+001                  0.0000000000000000E+000                  2.6110033977201952E-001                  2.6110033977201952E-001                  1.2479863040984425E-005                  1.2479863040984425E-005                  0.0000000000000000E+000                  7.6543771718948739E-001                 -9.8999999999999986E+001                  2.2720415950249717E+000 
                                     112                  2.9999999996552815E+000                  3.0599191125431541E-001                  4.4580378424799916E+000                 -7.8169226403637095E+000                  4.7594768707903015E+000                  6.9999999999902995E-001                  2.8000000000097053E-001                  1.9999999999999574E-002                  3.6254989767221690E-001                  1.5085731741585594E+001                  0.0000000000000000E+000                  2.6266235866470194E-001                  2.6266235866470194E-001                  1.2155336884160477E-005                  1.2155336884160477E-005                  0.0000000000000000E+000                  7.4153583635760933E-001                 -9.8999999999999986E+001                  2.2443573006129083E+000 
                                     113                  2.9999999996377040E+000                  3.0596350429930047E-001                  4.4626264550381505E+000                 -7.8041471740694703E+000                  4.7768867745058960E+000                  6.9999999999902995E-001                  2.8000000000097053E-001                  1.9999999999999574E-002                  3.6251427756075205E-001                  1.5203224996102412E+001                  0.0000000000000000E+000                  2.6437342534489533E-001                  2.6437342534489533E-001                  1.1799968429744397E-005                  1.1799968429744397E-005                  0.0000000000000000E+000                  7.2174567890845986E-001                 -9.8999999999999986E+001                  2.2211978010951499E+000 
                                     114                  2.9999999996259850E+000                  3.0594511233323562E-001                  4.4670836758888930E+000                 -7.7919128482031290E+000                  4.7936283523328331E+000                  6.9999999999902995E-001                  2.8000000000097053E-001                  1.9999999999999574E-002                  3.6244602400237497E-001                  1.5320804647625534E+001                  0.0000000000000000E+000                  2.6551343030166907E-001                  2.6551343030166907E-001                  1.1563768302132000E-005                  1.1563768302132000E-005                  0.0000000000000000E+000                  7.0299562004941596E-001                 -9.8999999999999986E+001                  2.1991018899989627E+000 
                                     115                  2.9999999996084066E+000                  3.0591828651877473E-001                  4.4722341366393490E+000                 -7.7778421789622971E+000                  4.8129065436163314E+000                  6.9999999999902995E-001                  2.8000000000097053E-001                  1.9999999999999574E-002                  3.6234643717279430E-001                  1.5465681830890276E+001                  0.0000000000000000E+000                  2.6720588029638137E-001                  2.6720588029638137E-001                  1.1217999859397349E-005                  1.1217999859397349E-005                  0.0000000000000000E+000                  6.8130259517603364E-001                 -9.8999999999999986E+001                  2.1733213687632635E+000 
                                     116                  2.9999999995908282E+000                  3.0589231116632604E-001                  4.4763747068381177E+000                 -7.7665928327792191E+000                  4.8283463806163454E+000                  6.9999999999902995E-001                  2.8000000000097053E-001                  1.9999999999999574E-002                  3.6191021001216711E-001                  1.5588660571906619E+001                  0.0000000000000000E+000                  2.6889771844955507E-001                  2.6889771844955507E-001                  1.0859604300067105E-005                  1.0859604300067105E-005                  0.0000000000000000E+000                  6.6406721436267446E-001                 -9.8999999999999986E+001                  2.1526462585130672E+000 
                                     117                  2.9999999995791096E+000                  3.0587543455991467E-001                  4.4812134727269166E+000                 -7.7536638355405403E+000                  4.8461803057852730E+000                  6.9999999999902995E-001                  2.8000000000097053E-001                  1.9999999999999574E-002                  3.6154262992660940E-001                  1.5734754322672195E+001                  0.0000000000000000E+000                  2.7000343146571121E-001                  2.7000343146571121E-001                  1.0619575626053104E-005                  1.0619575626053104E-005                  0.0000000000000000E+000                  6.4430263337641169E-001                 -9.8999999999999986E+001                  2.1288305119620334E+000 
                                     118                  2.9999999995556723E+000                  3.0584266575612573E-001                  4.4866234925337398E+000                 -7.7392208152642645E+000                  4.8661070743259529E+000                  6.9999999999902995E-001                  2.8000000000097053E-001                  1.9999999999999574E-002                  3.6088116160544742E-001                  1.5911157950796442E+001                  0.0000000000000000E+000                  2.7218679796256601E-001                  2.7218679796256601E-001                  1.0153083919913708E-005                  1.0153083919913708E-005                  0.0000000000000000E+000                  6.2231111690071406E-001                 -9.8999999999999986E+001                  2.1019971748306721E+000 
                                     119                  2.9999999995380939E+000                  3.0581888839516808E-001                  4.4903651910644014E+000                 -7.7293213681870432E+000                  4.8798036616050684E+000                  6.9999999999902995E-001                  2.8000000000097053E-001                  1.9999999999999574E-002                  3.6022332804740453E-001                  1.6038866066560850E+001                  0.0000000000000000E+000                  2.7383131743913863E-001                  2.7383131743913863E-001                  9.7914178670684789E-006                  9.7914178670684789E-006                  0.0000000000000000E+000                  6.0739816483138120E-001                 -9.8999999999999986E+001                  2.0836123489774274E+000 
                                     120                  2.9999999995263757E+000                  3.0580339195814832E-001                  4.4954786134825451E+000                 -7.7160392062672836E+000                  4.8982835517875776E+000                  6.9999999999902995E-001                  2.8000000000097053E-001                  1.9999999999999574E-002                  3.5939593661746461E-001                  1.6217006594486069E+001                  0.0000000000000000E+000                  2.7491115172807568E-001                  2.7491115172807568E-001                  9.5528097143443745E-006                  9.5528097143443745E-006                  0.0000000000000000E+000                  5.8718939780876134E-001                 -9.8999999999999986E+001                  2.0586065494454711E+000 
                                     121                  2.9999999994970783E+000                  3.0576581087287158E-001                  4.5017567254823589E+000                 -7.6997551173463830E+000                  4.9209510685416262E+000                  6.9999999999902995E-001                  2.8000000000097053E-001                  1.9999999999999574E-002                  3.5791563260974513E-001                  1.6455549128574098E+001                  0.0000000000000000E+000                  2.7760334100894124E-001                  2.7760334100894124E-001                  8.9549137661682806E-006                  8.9549137661682806E-006                  0.0000000000000000E+000                  5.6301706152862274E-001                 -9.8999999999999986E+001                  2.0280925270109020E+000 
                                     122                  2.9999999994736410E+000                  3.0573684577265753E-001                  4.5064614301146078E+000                 -7.6876939481275706E+000                  4.9378025424295879E+000                  6.9999999999902995E-001                  2.8000000000097053E-001                  1.9999999999999574E-002                  3.5665574540399519E-001                  1.6644194262167687E+001                  0.0000000000000000E+000                  2.7977612618258785E-001                  2.7977612618258785E-001                  8.4642127844933933E-006                  8.4642127844933933E-006                  0.0000000000000000E+000                  5.4493367610727361E-001                 -9.8999999999999986E+001                  2.0050587450430495E+000 
                                     123                  2.9999999994560627E+000                  3.0571571330191644E-001                  4.5110351100110719E+000                 -7.6761352902277542E+000                  4.9540275962330185E+000                  6.9999999999902995E-001                  2.8000000000097053E-001                  1.9999999999999574E-002                  3.5518688713334501E-001                  1.6832583479272145E+001                  0.0000000000000000E+000                  2.8137958232119892E-001                  2.8137958232119892E-001                  8.0943688335989547E-006                  8.0943688335989547E-006                  0.0000000000000000E+000                  5.2787691187359609E-001                 -9.8999999999999986E+001                  1.9831139798320303E+000 
                                     124                  2.9999999994326250E+000                  3.0568827209457544E-001                  4.5167172702803446E+000                 -7.6619265366234401E+000                  4.9740404155662015E+000                  6.9999999999902995E-001                  2.8000000000097053E-001                  1.9999999999999574E-002                  3.5277030319114205E-001                  1.7074280331166808E+001                  0.0000000000000000E+000                  2.8345138607882403E-001                  2.8345138607882403E-001                  7.5819957854513337E-006                  7.5819957854513337E-006                  0.0000000000000000E+000                  5.0754224640744006E-001                 -9.8999999999999986E+001                  1.9565876838073681E+000 
                                     125                  2.9999999994033280E+000                  3.0565506770942530E-001                  4.5227811612106512E+000                 -7.6469220990329658E+000                  4.9952524066041217E+000                  6.9999999999902995E-001                  2.8000000000097053E-001                  1.9999999999999574E-002                  3.4989352055855560E-001                  1.7339696943335756E+001                  0.0000000000000000E+000                  2.8592308145795142E-001                  2.8592308145795142E-001                  6.9326121221397003E-006                  6.9326121221370864E-006                  2.6137687183040428E-018                  4.8599863753980377E-001                 -9.8999999999999986E+001                  1.9283449796979351E+000 
                                     126                  2.9999999993740314E+000                  3.0562298367764379E-001                  4.5280317349777244E+000                 -7.6340587481770212E+000                  5.0135011568750416E+000                  6.9999999999902995E-001                  2.8000000000097053E-001                  1.9999999999999574E-002                  3.4671748757245058E-001                  1.7573619506341167E+001                  0.0000000000000000E+000                  2.8823925858457111E-001                  2.8823925858457111E-001                  6.2752448144638952E-006                  6.2752448144498912E-006                  1.4003603995264431E-017                  4.6837617220910782E-001                 -9.8999999999999986E+001                  1.9049027980561692E+000 
                                     127                  2.9999999993505937E+000                  3.0559806063359801E-001                  4.5336801767224912E+000                 -7.6204483566506171E+000                  5.0329212652110247E+000                  6.9999999999901052E-001                  2.8000000000099001E-001                  1.9999999999999463E-002                  3.4268811925701814E-001                  1.7829245563188255E+001                  0.0000000000000000E+000                  2.8997623375321707E-001                  2.8997623375321707E-001                  5.7273428349013942E-006                  5.7273428348711619E-006                  3.0232231843287883E-017                  4.4999104260588729E-001                 -9.8999999999999986E+001                  1.8802459209472391E+000 
                                     128                  2.9999999993154378E+000                  3.0556182184306951E-001                  4.5391026786827595E+000                 -7.6074451630042388E+000                  5.0515160923568541E+000                  6.9999999999898166E-001                  2.8000000000101877E-001                  1.9999999999999574E-002                  3.3829342865322992E-001                  1.8092789831178052E+001                  3.0975094858470677E-006                  2.9253753336881133E-001                  2.9253753336881133E-001                  4.8788522782153673E-006                  4.8788522781824313E-006                  3.2936431211494344E-017                  4.3287053141445669E-001                 -3.5800856530306213E+001                  1.8567528379480280E+000 
                                     129                  2.9999999992919997E+000                  3.0553837044287713E-001                  4.5433186655820794E+000                 -7.5974804602090638E+000                  5.0658422241111705E+000                  6.9999999999898110E-001                  2.8000000000101932E-001                  1.9999999999999574E-002                  3.3442569778765419E-001                  1.8311583849801767E+001                  3.1782410479826709E-004                  2.9431085484044883E-001                  2.9431085484044883E-001                  4.2866331849148141E-006                  4.2866331848961776E-006                  1.8636492082391408E-017                  4.2018129881444533E-001                 -2.9770105400810547E+001                  1.8388432337533376E+000 
                                     130                  2.9999999992685620E+000                  3.0551544732767966E-001                  4.5494670601134084E+000                 -7.5832208700510595E+000                  5.0864867709698594E+000                  6.9999999999898110E-001                  2.8000000000101932E-001                  1.9999999999999574E-002                  3.2811198445735640E-001                  1.8660206944305475E+001                  2.9220454550675356E-002                  2.9621224458529827E-001                  2.9621224458529827E-001                  3.6566305091861040E-006                  3.6566305091813352E-006                  4.7688232542079622E-018                  4.0249106888742170E-001                 -2.3883081481539492E+001                  1.8129624579743249E+000 
                                     131                  2.9999999992216870E+000                  3.0547107165092657E-001                  4.5553582679059055E+000                 -7.5696485845217207E+000                  5.1062022104194602E+000                  6.9999999999898110E-001                  2.8000000000101932E-001                  1.9999999999999574E-002                  3.2114705364136054E-001                  1.9044245603213731E+001                  1.7411258219045192E+002                  3.0044019067618560E-001                  3.0044019067618560E-001                  2.3038816639254133E-006                  2.3038816639251109E-006                  3.0230786635270920E-019                  3.8637559474812860E-001                 -1.2560283854776655E+001                  1.7879996659552071E+000 
                                     132                  2.9999999991982498E+000                  3.0544956159507497E-001                  4.5591925369579309E+000                 -7.5610012386089007E+000                  5.1188680074799935E+000                  6.9999999999898110E-001                  2.8000000000101932E-001                  1.9999999999999574E-002                  3.1638617837017763E-001                  1.9312136181974534E+001                  7.2801221965465095E+002                  3.0274572459033761E-001                  3.0274572459033761E-001                  1.5939360616183579E-006                  1.5939360616183579E-006                  0.0000000000000000E+000                  3.7624433890875519E-001                 -1.0697885247060594E+001                  1.7718018685627157E+000 
                                     133                  2.9999999991748121E+000                  3.0542847249290034E-001                  4.5629480795056381E+000                 -7.5526425919807512E+000                  5.1311772189194480E+000                  6.9999999999898110E-001                  2.8000000000101932E-001                  1.9999999999999574E-002                  3.1160369042117297E-001                  1.9585430027094091E+001                  1.4506719703171975E+003                  3.0511869659789531E-001                  3.0511869659789531E-001                  8.7847997676528742E-007                  8.7847997676528742E-007                  0.0000000000000000E+000                  3.6654470919768334E-001                 -9.8009767560581960E+000                  1.7559994425284289E+000 
                                     134                  2.9999999991513748E+000                  3.0540778241561134E-001                  4.5666290283892366E+000                 -7.5445578916856988E+000                  5.1431493946700932E+000                  6.9999999999898110E-001                  2.8000000000101932E-001                  1.9999999999999574E-002                  3.0644442143501316E-001                  1.9860229245385867E+001                  2.0992550251167759E+003                  3.0747627061773858E-001                  3.0747627061773858E-001                  1.5243687918125816E-007                  1.5243687918125816E-007                  0.0000000000000000E+000                  3.5744104127624671E-001                 -9.3205491587254006E+000                  1.7408446289477508E+000 
                                     135                  2.9999999991279371E+000                  3.0538747105976227E-001                  4.5711361209336543E+000                 -7.5348260799859350E+000                  5.1576675916669394E+000                  6.9999999999898110E-001                  2.8000000000101932E-001                  1.9999999999999574E-002                  2.9947654673982693E-001                  2.0199803569245212E+001                  2.7812001989329870E+003                  3.0975416713209925E-001                  3.0975416714140658E-001                 -5.9788619396629224E-007                 -5.9788619396629224E-007                  0.0000000000000000E+000                  3.4685336848807530E-001                 -8.9549444915625127E+000                  1.7228940671601012E+000 
                                     136                  2.9999999990927808E+000                  3.0535767399228153E-001                  4.5759596772353133E+000                 -7.5245478628474638E+000                  5.1731004511506971E+000                  6.9999999999898110E-001                  2.8000000000101932E-001                  1.9999999999999574E-002                  2.9186759195974027E-001                  2.0562333473842784E+001                  4.3711317238349448E+003                  3.1292758067944115E-001                  3.1292758100638801E-001                 -1.7163119995761774E-006                 -1.7163119995761774E-006                  0.0000000000000000E+000                  3.3587686319469406E-001                 -8.3666174467976138E+000                  1.7041923099501446E+000 
                                     137                  2.9999999990634838E+000                  3.0533341933518243E-001                  4.5802385495362827E+000                 -7.5155766397730854E+000                  5.1866727475342227E+000                  6.9999999999898110E-001                  2.8000000000101932E-001                  1.9999999999999574E-002                  2.8517438508783594E-001                  2.0876555100156356E+001                  5.9281816357540683E+003                  3.1528827583643770E-001                  3.1528827740230131E-001                 -2.5992579348031388E-006                 -2.5992579348031388E-006                  0.0000000000000000E+000                  3.2614293718519560E-001                 -7.9704458363805077E+000                  1.6878719459941789E+000 
                                     138                  2.9999999990341872E+000                  3.0530965662659287E-001                  4.5840000330439636E+000                 -7.5077798655955608E+000                  5.1985379812236125E+000                  6.9999999999898110E-001                  2.8000000000101932E-001                  1.9999999999999574E-002                  2.7910998945162757E-001                  2.1147055160549719E+001                  7.5033969327350787E+003                  3.1736343114951487E-001                  3.1736343612652473E-001                 -3.4408161070823623E-006                 -3.4408161070823623E-006                  0.0000000000000000E+000                  3.1768602554961511E-001                 -7.6641442400745232E+000                  1.6738239723123260E+000 
                                     139                  2.9999999990107491E+000                  3.0529098196196480E-001                  4.5872784816325387E+000                 -7.5010629309353956E+000                  5.2088211656555456E+000                  6.9999999999898110E-001                  2.8000000000101932E-001                  1.9999999999999574E-002                  2.7363573823199172E-001                  2.1377594961515257E+001                  8.7789542390320767E+003                  3.1882985367212752E-001                  3.1882986446949851E-001                 -4.0987568871318420E-006                 -4.0987568871318420E-006                  0.0000000000000000E+000                  3.1053911083990632E-001                 -7.4600569779749737E+000                  1.6619681114216709E+000 
                                     140                  2.9999999989873118E+000                  3.0527259154931596E-001                  4.5912949161550163E+000                 -7.4929356757728103E+000                  5.2213440185977813E+000                  6.9999999999898110E-001                  2.8000000000101932E-001                  1.9999999999999574E-002                  2.6701228270815408E-001                  2.1652737150835677E+001                  1.0167912935554674E+004                  3.2011956962033572E-001                  3.2011959089737829E-001                 -4.7337072477787094E-006                 -4.7337072477787094E-006                  0.0000000000000000E+000                  3.0177915356957596E-001                 -7.2693593600920421E+000                  1.6476541945467227E+000 
                                     141                  2.9999999989521555E+000                  3.0524551310681181E-001                  4.5975333866688466E+000                 -7.4805030610297285E+000                  5.2406632468785661E+000                  6.9999999999898110E-001                  2.8000000000101932E-001                  1.9999999999999574E-002                  2.5738042314648046E-001                  2.2063820251903714E+001                  1.2528620301174586E+004                  3.2174495607842063E-001                  3.2174500661433114E-001                 -5.6068668345777368E-006                 -5.6068668345777368E-006                  0.0000000000000000E+000                  2.8751892062192197E-001                 -6.9992268492580374E+000                  1.6252260547233095E+000 
                                     142                  2.9999999988935619E+000                  3.0520164526848004E-001                  4.6046131460061774E+000                 -7.4665188631894095E+000                  5.2625502154666250E+000                  6.9999999999898110E-001                  2.8000000000101932E-001                  1.9999999999999574E-002                  2.4691329650930879E-001                  2.2509426452441978E+001                  1.7075779876624219E+004                  3.2382052487972629E-001                  3.2382068976304351E-001                 -6.8903472272104752E-006                 -6.8903472272104752E-006                  0.0000000000000000E+000                  2.7079410280195149E-001                 -6.5986233042953701E+000                  1.5998175184832337E+000 
                                     143                  2.9999999988408272E+000                  3.0516340440330636E-001                  4.6110389845850079E+000                 -7.4540091258139967E+000                  5.2823215856702408E+000                  6.9999999999898110E-001                  2.8000000000101932E-001                  1.9999999999999574E-002                  2.3837792190193138E-001                  2.2883313956635622E+001                  2.1392681486223311E+004                  3.2505744664105457E-001                  3.2505784137889970E-001                 -7.8710152871881427E-006                 -7.8710152871881427E-006                  0.0000000000000000E+000                  2.5457830972974282E-001                 -6.3087518096657584E+000                  1.5764472354697467E+000 
                                     144                  2.9999999987880930E+000                  3.0512623966488572E-001                  4.6168587076234049E+000                 -7.4427731736128289E+000                  5.3002086647205244E+000                  6.9999999999898110E-001                  2.8000000000101932E-001                  1.9999999999999574E-002                  2.3164464505042126E-001                  2.3191234436537183E+001                  2.5667445267924104E+004                  3.2566594293338280E-001                  3.2566675362386044E-001                 -8.6533281055553644E-006                 -8.6533281055553644E-006                  0.0000000000000000E+000                  2.3886164816573130E-001                 -6.0759545897569929E+000                  1.5549256268749501E+000 
                                     145                  2.9999999987412180E+000                  3.0509404034844523E-001                  4.6227861610655170E+000                 -7.4314432099059875E+000                  5.3183830643737746E+000                  6.9999999999898110E-001                  2.8000000000101932E-001                  1.9999999999999574E-002                  2.2593879394440872E-001                  2.3466623447306375E+001                  2.9365331731430699E+004                  3.2567424558345237E-001                  3.2567561580935728E-001                 -9.1699024642428635E-006                 -9.1699024642428635E-006                  0.0000000000000000E+000                  2.2188817409577721E-001                 -5.9063056987222113E+000                  1.5328254143645528E+000 
                                     146                  2.9999999986826245E+000                  3.0505481797832640E-001                  4.6296971326519119E+000                 -7.4182680306716913E+000                  5.3396179976759770E+000                  6.9999999999898110E-001                  2.8000000000101932E-001                  1.9999999999999574E-002                  2.2076017194581213E-001                  2.3735854341782829E+001                  3.3625457371673561E+004                  3.2502269718316207E-001                  3.2502500977949417E-001                 -9.5867585375136417E-006                 -9.5867585375136417E-006                  0.0000000000000000E+000                  2.0059604964366615E-001                 -5.7380012216845584E+000                  1.5065790262596059E+000 
                                     147                  2.9999999986123118E+000                  3.0500914416798519E-001                  4.6362386237984321E+000                 -7.4057037112759110E+000                  5.3598711879248224E+000                  6.9999999999898110E-001                  2.8000000000101932E-001                  1.9999999999999574E-002                  2.1769609621733599E-001                  2.3936317886897864E+001                  3.8255482559921998E+004                  3.2350129907013625E-001                  3.2350497565386366E-001                 -9.7927105176037628E-006                 -9.7927105176037628E-006                  0.0000000000000000E+000                  1.7885262514565264E-001                 -5.5791952215554703E+000                  1.4811831260809887E+000 
                                     148                  2.9999999985537182E+000                  3.0497215746071432E-001                  4.6407821261788227E+000                 -7.3969036002670272E+000                  5.3740340419196748E+000                  6.9999999999898110E-001                  2.8000000000101932E-001                  1.9999999999999574E-002                  2.1666967281728747E-001                  2.4039948812978285E+001                  4.0134882580990568E+004                  3.2171665735867017E-001                  3.2172142718047375E-001                 -9.7357827040014289E-006                 -9.7357827040014289E-006                  0.0000000000000000E+000                  1.6277556604460053E-001                 -5.5240612066014698E+000                  1.4632298722426578E+000 
                                     149                  2.9999999985185619E+000                  3.0495040617579500E-001                  4.6446402535618247E+000                 -7.3894419316212945E+000                  5.3860610136464677E+000                  6.9999999999898110E-001                  2.8000000000101932E-001                  1.9999999999999574E-002                  2.1638810176405113E-001                  2.4098991377925795E+001                  4.0906755645267905E+004                  3.2037673527097815E-001                  3.2038201371892683E-001                 -9.6031672231155692E-006                 -9.6031672231155692E-006                  0.0000000000000000E+000                  1.4861734727023582E-001                 -5.5059821398806674E+000                  1.4480063257718605E+000 
                                     150                  2.9999999984716870E+000                  3.0492189353906979E-001                  4.6499454816887305E+000                 -7.3790975831560610E+000                  5.4026887187739590E+000                  6.9999999999898110E-001                  2.8000000000101932E-001                  1.9999999999999574E-002                  2.1669069032966579E-001                  2.4137513916136800E+001                  4.2430477980712967E+004                  3.1826177344095624E-001                  3.1826748574917918E-001                 -9.3316285037302943E-006                 -9.3316285037302943E-006                  0.0000000000000000E+000                  1.2846508832133605E-001                 -5.4681984128651582E+000                  1.4271603959449151E+000 
                                     151                  2.9999999984013748E+000                  3.0488012111116208E-001                  4.6559723610639132E+000                 -7.3670702453009200E+000                  5.4218436525444593E+000                  6.9999999999898110E-001                  2.8000000000101932E-001                  1.9999999999999574E-002                  2.1820908553740895E-001                  2.4125169099806232E+001                  4.2461025266992707E+004                  3.1468444111987076E-001                  3.1469031802256475E-001                 -8.7925878680206692E-006                 -8.7925878680206692E-006                  0.0000000000000000E+000                  1.0438679677981703E-001                 -5.4793952544261533E+000                  1.4033042754537401E+000 
                                     152                  2.9999999983310621E+000                  3.0483947808810752E-001                  4.6607308546042612E+000                 -7.3573306320214771E+000                  5.4371906568933319E+000                  6.9999999999898110E-001                  2.8000000000101932E-001                  1.9999999999999574E-002                  2.2042875138638884E-001                  2.4078040942712708E+001                  4.0589423684098627E+004                  3.1084434136404104E-001                  3.1084981504135856E-001                 -8.1301102799558081E-006                 -8.1301102799558081E-006                  0.0000000000000000E+000                  8.4314265810974703E-002                 -5.5485422326804015E+000                  1.3840809619885281E+000 
                                     153                  2.9999999982841872E+000                  3.0481297747952552E-001                  4.6643983893247256E+000                 -7.3497373958418608E+000                  5.4490922287920665E+000                  6.9999999999898110E-001                  2.8000000000101932E-001                  1.9999999999999574E-002                  2.2260825752066338E-001                  2.4018693872897806E+001                  3.9524529785299033E+004                  3.0817294374099746E-001                  3.0817788646947486E-001                 -7.6323685240931242E-006                 -7.6323685240931242E-006                  0.0000000000000000E+000                  6.8305140629020322E-002                 -5.5916496419835564E+000                  1.3691435984535114E+000 
                                     154                  2.9999999982373122E+000                  3.0478693145583080E-001                  4.6688173101787767E+000                 -7.3404735268944608E+000                  5.4635281130011917E+000                  6.9999999999898110E-001                  2.8000000000101932E-001                  1.9999999999999574E-002                  2.2554614502781956E-001                  2.3924135825220478E+001                  3.8640298161075778E+004                  3.0542552187119193E-001                  3.0542982652807066E-001                 -7.1103887249956583E-006                 -7.1103887249956583E-006                  0.0000000000000000E+000                  4.8648064990354657E-002                 -5.6315736697666443E+000                  1.3511996503742425E+000 
                                     155                  2.9999999981670000E+000                  3.0474867847619702E-001                  4.6738549105889353E+000                 -7.3296136901526312E+000                  5.4802464741680899E+000                  6.9999999999898110E-001                  2.8000000000101932E-001                  1.9999999999999574E-002                  2.2957835474841445E-001                  2.3797116353911687E+001                  3.6061192324835771E+004                  3.0135525583707129E-001                  3.0135857237412916E-001                 -6.3170612939261510E-006                 -6.3170612939261510E-006                  0.0000000000000000E+000                  2.5464905561124403E-002                 -5.7339746588317073E+000                  1.3303284162612579E+000 
                                     156                  2.9999999980966874E+000                  3.0471136043935804E-001                  4.6794372093986789E+000                 -7.3173269209982230E+000                  5.4989773591592526E+000                  6.9999999999898110E-001                  2.8000000000101932E-001                  1.9999999999999574E-002                  2.3492462935093908E-001                  2.3630912127418625E+001                  3.3608662631049483E+004                  2.9742348130194629E-001                  2.9742585949546513E-001                 -5.5148133623925118E-006                 -5.5148133623925118E-006                  0.0000000000000000E+000                 -1.2181708467936243E-003                 -5.8402121548845285E+000                  1.3066891886484748E+000 
                                     157                  2.9999999980029375E+000                  3.0466297671354514E-001                  4.6854220679403209E+000                 -7.3036971493199863E+000                  5.5194482318006344E+000                  6.9999999999898110E-001                  2.8000000000101932E-001                  1.9999999999999574E-002                  2.4108093845707684E-001                  2.3427997160081681E+001                  3.1039916713443978E+004                  2.9240921823853216E-001                  2.9241059509387918E-001                 -4.4734554680560976E-006                 -4.4734554680560976E-006                  0.0000000000000000E+000                 -3.0531055594874908E-002                 -5.9595840871461272E+000                  1.2811216264247818E+000 
                                     158                  2.9999999979091876E+000                  3.0461607243407651E-001                  4.6903479393861671E+000                 -7.2921110020616116E+000                  5.5366086680271298E+000                  6.9999999999898110E-001                  2.8000000000101932E-001                  1.9999999999999574E-002                  2.4664712952676346E-001                  2.3237246979437433E+001                  2.5480774870090361E+004                  2.8765952081596879E-001                  2.8766022134426172E-001                 -3.4902714484099559E-006                 -3.4902714484099559E-006                  0.0000000000000000E+000                 -5.5341691695750657E-002                 -6.2300261341391598E+000                  1.2598614790650491E+000 
                                     159                  2.9999999978388749E+000                  3.0458181070040341E-001                  4.6950490378796079E+000                 -7.2808767984072604E+000                  5.5531218457349345E+000                  6.9999999999898110E-001                  2.8000000000101932E-001                  1.9999999999999574E-002                  2.5226305574262259E-001                  2.3024543323038333E+001                  2.0659827506682304E+004                  2.8416574114556636E-001                  2.8416611062159453E-001                 -2.7794504066489129E-006                 -2.7794504066489129E-006                  0.0000000000000000E+000                 -7.9522636495793012E-002                 -6.5162992174722776E+000                  1.2396741832081593E+000 
                                     160                  2.9999999977451250E+000                  3.0453728281702652E-001                  4.6998051157543550E+000                 -7.2691369122338720E+000                  5.5701512339217736E+000                  6.9999999999898110E-001                  2.8000000000101932E-001                  1.9999999999999574E-002                  2.5810282886652602E-001                  2.2785897853162467E+001                  1.5342403848741682E+004                  2.7958245214709893E-001                  2.7958257213895482E-001                 -1.8780243522562307E-006                 -1.8780243522562307E-006                  0.0000000000000000E+000                 -1.0428913660986538E-001                 -6.9171147300353715E+000                  1.2194325619337287E+000 
                                     161                  2.9999999976630938E+000                  3.0449934923006505E-001                  4.7037276073081351E+000                 -7.2592203092677341E+000                  5.5843933810356212E+000                  6.9999999999898110E-001                  2.8000000000101932E-001                  1.9999999999999574E-002                  2.6298673422964269E-001                  2.2567594768134345E+001                  1.1799011973928033E+004                  2.7568875928551506E-001                  2.7568878737253322E-001                 -1.1413402018692309E-006                 -1.1413402018692309E-006                  0.0000000000000000E+000                 -1.2501429372146447E-001                 -7.2701424564552202E+000                  1.2028882760919153E+000 
                                     162                  2.9999999975927816E+000                  3.0446756109121037E-001                  4.7067677837587514E+000                 -7.2513757365972014E+000                  5.5955683795295412E+000                  6.9999999999898110E-001                  2.8000000000101932E-001                  1.9999999999999574E-002                  2.6678647455050530E-001                  2.2387633167747541E+001                  8.7629155741779232E+003                  2.7242931759858419E-001                  2.7242932081009763E-001                 -5.4753445471677261E-007                 -5.4753445471677261E-007                  0.0000000000000000E+000                 -1.4127237537636983E-001                 -7.6662105847221476E+000                  1.1901072871292828E+000 
                                     163                  2.9999999975400469E+000                  3.0444414229308120E-001                  4.7101332758616756E+000                 -7.2426127752109197E+000                  5.6079999773405094E+000                  6.9999999999898110E-001                  2.8000000000101932E-001                  1.9999999999999574E-002                  2.7099645785772714E-001                  2.2175917411277929E+001                  6.3728730346657640E+003                  2.7003083687588414E-001                  2.7003083691439794E-001                 -1.2423944314182709E-007                 -1.2423944314182709E-007                  0.0000000000000000E+000                 -1.5929360505711485E-001                 -8.0904557745542309E+000                  1.1762126440955367E+000 
                                     164                  2.9999999974521558E+000                  3.0440588247432893E-001                  4.7140088690410362E+000                 -7.2322376381221751E+000                  5.6225667067450935E+000                  6.9999999999898110E-001                  2.8000000000101932E-001                  1.9999999999999574E-002                  2.7578214186952293E-001                  2.1928094043858046E+001                  3.3640888406901836E+003                  2.6619396195539519E-001                  2.6619396195539519E-001                  5.3476553803393138E-007                  5.3476553803393138E-007                  0.0000000000000000E+000                 -1.8016058182765363E-001                 -8.9334275634263953E+000                  1.1602263777139323E+000 
                                     165                  2.9999999973701250E+000                  3.0437100747159834E-001                  4.7183515801987141E+000                 -7.2204187693447350E+000                  5.6390502892323990E+000                  6.9999999999898110E-001                  2.8000000000101932E-001                  1.9999999999999574E-002                  2.8104107013716240E-001                  2.1641345910084159E+001                  5.6803749742863431E+002                  2.6283578779836653E-001                  2.6283578779836653E-001                  1.0959402867629287E-006                  1.0959402867626020E-006                  3.2683582373669845E-019                 -2.0375446331834363E-001                 -1.1262743679003474E+001                  1.1423491145761238E+000 
                                     166                  2.9999999972529374E+000                  3.0432250963121987E-001                  4.7231657430318128E+000                 -7.2069144554134068E+000                  5.6576823802233767E+000                  6.9999999999898110E-001                  2.8000000000101932E-001                  1.9999999999999574E-002                  2.8670508134165468E-001                  2.1326024844067355E+001                  5.3878363820726319E-002                  2.5841715317071468E-001                  2.5841715317071468E-001                  1.8143334776595013E-006                  1.8143334776578807E-006                  1.6206019069725095E-018                 -2.3016775981389834E-001                 -2.3344637477715199E+001                  1.1223101740008550E+000 
                                     167                  2.9999999971357494E+000                  3.0427548110429492E-001                  4.7277133839910190E+000                 -7.1938466704319044E+000                  5.6755554757057380E+000                  6.9999999999897589E-001                  2.8000000000102460E-001                  1.9999999999999574E-002                  2.9183283541248267E-001                  2.1032153313973637E+001                  6.5880121143880596E-006                  2.5447417544304546E-001                  2.5447417544304546E-001                  2.4399539613930386E-006                  2.4399539613896298E-006                  3.4086772872569578E-018                 -2.5495362945855421E-001                 -3.5094429647887019E+001                  1.1035504762473787E+000 
                                     168                  2.9999999970185622E+000                  3.0422983196355485E-001                  4.7320226883187866E+000                 -7.1811951212976739E+000                  5.6927290769824888E+000                  6.9999999999897000E-001                  2.8000000000103065E-001                  1.9999999999999352E-002                  2.9648718295918192E-001                  2.0759306101313815E+001                  0.0000000000000000E+000                  2.5095671093611371E-001                  2.5095671093611371E-001                  2.9841450387489195E-006                  2.9841450387449689E-006                  3.9504431926387630E-018                 -2.7881390960609320E-001                 -9.8999999999999986E+001                  1.0853611022534968E+000 
                                     169                  2.9999999969013746E+000                  3.0418547967232762E-001                  4.7357101330535487E+000                 -7.1701411305241249E+000                  5.7076312768354640E+000                  6.9999999999896967E-001                  2.8000000000103081E-001                  1.9999999999999574E-002                  3.0023173183329610E-001                  2.0531677393254974E+001                  0.0000000000000000E+000                  2.4782057443354280E-001                  2.4782057443354280E-001                  3.4559959920445483E-006                  3.4559959920418446E-006                  2.7037480168907648E-018                 -2.9911199172831565E-001                 -9.8999999999999986E+001                  1.0698514211136356E+000 
                                     170                  2.9999999968076247E+000                  3.0415088011957908E-001                  4.7388613478504009E+000                 -7.1605805435981909E+000                  5.7204656154283198E+000                  6.9999999999896967E-001                  2.8000000000103092E-001                  1.9999999999999352E-002                  3.0326558349527150E-001                  2.0339308388507181E+001                  0.0000000000000000E+000                  2.4554676360613875E-001                  2.4554676360613875E-001                  3.7867193999999180E-006                  3.7867193999986072E-006                  1.3106284111008238E-018                 -3.1619662018420391E-001                 -9.8999999999999986E+001                  1.0568550431524344E+000 
                                     171                  2.9999999967138744E+000                  3.0411702591777551E-001                  4.7416132846941412E+000                 -7.1521107064473428E+000                  5.7317814183881906E+000                  6.9999999999896934E-001                  2.8000000000103109E-001                  1.9999999999999574E-002                  3.0586231592457813E-001                  2.0174741439615133E+001                  0.0000000000000000E+000                  2.4345503304660038E-001                  2.4345503304660038E-001                  4.0851840226972167E-006                  4.0851840226960105E-006                  1.2065727204464914E-018                 -3.3125604791314289E-001                 -9.8999999999999986E+001                  1.0453238191416263E+000 
                                     172                  2.9999999966377029E+000                  3.0409004495987546E-001                  4.7441921623596786E+000                 -7.1441145131988071E+000                  5.7424368030415751E+000                  6.9999999999896811E-001                  2.8000000000103237E-001                  1.9999999999999574E-002                  3.0825059236504543E-001                  2.0021620586373061E+001                  0.0000000000000000E+000                  2.4187642044021251E-001                  2.4187642044021251E-001                  4.3089151300472195E-006                  4.3089151300455043E-006                  1.7149450160667719E-018                 -3.4546184560507343E-001                 -9.8999999999999986E+001                  1.0344267717801636E+000 
                                     173                  2.9999999965498119E+000                  3.0405947496231855E-001                  4.7473108895221792E+000                 -7.1343548789566187E+000                  5.7554021994532283E+000                  6.9999999999896811E-001                  2.8000000000103248E-001                  1.9999999999999352E-002                  3.1103220036129403E-001                  1.9838686448012517E+001                  0.0000000000000000E+000                  2.4016945553671085E-001                  2.4016945553671085E-001                  4.5469385682811215E-006                  4.5469385682793614E-006                  1.7600159914200801E-018                 -3.6258282004599007E-001                 -9.8999999999999986E+001                  1.0212921110580200E+000 
                                     174                  2.9999999964326243E+000                  3.0401961102817265E-001                  4.7507303507416916E+000                 -7.1234902262422999E+000                  5.7697659860563837E+000                  6.9999999999896667E-001                  2.8000000000103381E-001                  1.9999999999999574E-002                  3.1390279700233836E-001                  1.9643473969601121E+001                  0.0000000000000000E+000                  2.3808173623091664E-001                  2.3808173623091664E-001                  4.8304392784132266E-006                  4.8304392784117020E-006                  1.5245909178328254E-018                 -3.8120169684544297E-001                 -9.8999999999999986E+001                  1.0069678519697551E+000 
                                     175                  2.9999999963154371E+000                  3.0398072141400878E-001                  4.7540152171741035E+000                 -7.1129292845760892E+000                  5.7836747791649668E+000                  6.9999999999896545E-001                  2.8000000000103498E-001                  1.9999999999999574E-002                  3.1655254279647388E-001                  1.9459804642678062E+001                  0.0000000000000000E+000                  2.3619098420261639E-001                  2.3619098420261639E-001                  5.0805978523563395E-006                  5.0805978523549707E-006                  1.3687958720267604E-018                 -3.9918632877295385E-001                 -9.8999999999999986E+001                  9.9306303965319709E-001 
                                     176                  2.9999999961982491E+000                  3.0394275601441029E-001                  4.7579624655343000E+000                 -7.1001536021989766E+000                  5.8004626079754988E+000                  6.9999999999896412E-001                  2.8000000000103642E-001                  1.9999999999999463E-002                  3.1954376451246119E-001                  1.9241151725261794E+001                  0.0000000000000000E+000                  2.3445747335806719E-001                  2.3445747335806719E-001                  5.3023506776954030E-006                  5.3023506776942807E-006                  1.1221480445232716E-018                 -4.2081649022504047E-001                 -9.8999999999999986E+001                  9.7634029003154321E-001 
                                     177                  2.9999999960224679E+000                  3.0388744094377562E-001                  4.7624497819425731E+000                 -7.0853597378621815E+000                  5.8197968511984657E+000                  6.9999999999896223E-001                  2.8000000000103825E-001                  1.9999999999999574E-002                  3.2268017713362102E-001                  1.9002565207936701E+001                  0.0000000000000000E+000                  2.3212791566633550E-001                  2.3212791566633550E-001                  5.5866455999415008E-006                  5.5866455999408824E-006                  6.1796767101650668E-019                 -4.4521854731626798E-001                 -9.8999999999999986E+001                  9.5735706562932210E-001 
                                     178                  2.9999999958466863E+000                  3.0383395830783588E-001                  4.7667103335904670E+000                 -7.0711362676591527E+000                  5.8383158476711516E+000                  6.9999999999896223E-001                  2.8000000000103836E-001                  1.9999999999999352E-002                  3.2548024185957791E-001                  1.8782409714878415E+001                  0.0000000000000000E+000                  2.3009686516984534E-001                  2.3009686516984534E-001                  5.8247054344659743E-006                  5.8247054344655186E-006                  4.5547769328785052E-019                 -4.6854304107450145E-001                 -9.8999999999999986E+001                  9.3909349344144832E-001 
                                     179                  2.9999999956709051E+000                  3.0378218007489938E-001                  4.7707667159986311E+000                 -7.0574438957273458E+000                  5.8560856569772293E+000                  6.9999999999896023E-001                  2.8000000000104031E-001                  1.9999999999999463E-002                  3.2782884321328343E-001                  1.8578489516047313E+001                  0.0000000000000000E+000                  2.2830401545377110E-001                  2.2830401545377110E-001                  6.0227051685537216E-006                  6.0227051685525239E-006                  1.1974362081156925E-018                 -4.9035413870482653E-001                 -9.8999999999999986E+001                  9.2202330397534193E-001 
                                     180                  2.9999999954951235E+000                  3.0373199116026678E-001                  4.7746383001895376E+000                 -7.0442430034313643E+000                  5.8731646180030870E+000                  6.9999999999895901E-001                  2.8000000000104142E-001                  1.9999999999999574E-002                  3.3006456065376527E-001                  1.8389080983875239E+001                  0.0000000000000000E+000                  2.2671504927001149E-001                  2.2671504927001149E-001                  6.1912009226507033E-006                  6.1912009226482155E-006                  2.4876898464970207E-018                 -5.1127814817189821E-001                 -9.8999999999999986E+001                  9.0554967080284687E-001 
                                     181                  2.9999999953193424E+000                  3.0368328821231488E-001                  4.7777268729462410E+000                 -7.0335844325632921E+000                  5.8869073797376794E+000                  6.9999999999895779E-001                  2.8000000000104264E-001                  1.9999999999999574E-002                  3.3165203055063713E-001                  1.8243190960558099E+001                  0.0000000000000000E+000                  2.2531052122482098E-001                  2.2531052122482098E-001                  6.3358628482694061E-006                  6.3358628482658037E-006                  3.6021159918899438E-018                 -5.2800721713282139E-001                 -9.8999999999999986E+001                  8.9227982308305120E-001 
                                     182                  2.9999999952021548E+000                  3.0365159793711771E-001                  4.7801267996575554E+000                 -7.0252861175082222E+000                  5.8975999046902894E+000                  6.9999999999895568E-001                  2.8000000000104475E-001                  1.9999999999999574E-002                  3.3277753923174347E-001                  1.8130579815486097E+001                  0.0000000000000000E+000                  2.2445978314793616E-001                  2.2445978314793616E-001                  6.4162568223729801E-006                  6.4162568223702247E-006                  2.7552732262533006E-018                 -5.4088318928831003E-001                 -9.8999999999999986E+001                  8.8209296199925435E-001 
                                     183                  2.9999999950849667E+000                  3.0362050069486707E-001                  4.7830430395308934E+000                 -7.0151826364530967E+000                  5.9106093394035932E+000                  6.9999999999895557E-001                  2.8000000000104486E-001                  1.9999999999999574E-002                  3.3421726978798150E-001                  1.7994823649446815E+001                  0.0000000000000000E+000                  2.2365807459672055E-001                  2.2365807459672055E-001                  6.4900990848575815E-006                  6.4900990848577060E-006                 -1.2448931108175765E-019                 -5.5658552237255599E-001                 -9.8999999999999986E+001                  8.6965472704954105E-001 
                                     184                  2.9999999949091856E+000                  3.0357491540951875E-001                  4.7858489189104052E+000                 -7.0053341394383724E+000                  5.9232456075671589E+000                  6.9999999999895490E-001                  2.8000000000104569E-001                  1.9999999999999352E-002                  3.3558495885796336E-001                  1.7869752240995552E+001                  0.0000000000000000E+000                  2.2256685912579588E-001                  2.2256685912579588E-001                  6.5929145108515802E-006                  6.5929145108527694E-006                 -1.1895692678990467E-018                 -5.7181319603582981E-001                 -9.8999999999999986E+001                  8.5745611707556335E-001 
                                     185                  2.9999999947919984E+000                  3.0354519889457787E-001                  4.7891243918432744E+000                 -6.9938915185440091E+000                  5.9379432136386106E+000                  6.9999999999895379E-001                  2.8000000000104674E-001                  1.9999999999999463E-002                  3.3697688170618484E-001                  1.7722353719573562E+001                  0.0000000000000000E+000                  2.2189971951358994E-001                  2.2189971951358994E-001                  6.6518292081689615E-006                  6.6518292081685914E-006                  3.6984544911151398E-019                 -5.8945936210853966E-001                 -9.8999999999999986E+001                  8.4340708179548307E-001 
                                     186                  2.9999999945576237E+000                  3.0348729381265560E-001                  4.7932867261695238E+000                 -6.9791531298202916E+000                  5.9568067441247630E+000                  6.9999999999895268E-001                  2.8000000000104786E-001                  1.9999999999999463E-002                  3.3864698194015530E-001                  1.7544448419189361E+001                  0.0000000000000000E+000                  2.2068810647414328E-001                  2.2068810647414328E-001                  6.7483420857398540E-006                  6.7483420857382472E-006                  1.6065822251759966E-018                 -6.1178756540706236E-001                 -9.8999999999999986E+001                  8.2546055987317335E-001 
                                     187                  2.9999999943232485E+000                  3.0343129882645609E-001                  4.7962696831279690E+000                 -6.9684657428172105E+000                  5.9704423658823940E+000                  6.9999999999895146E-001                  2.8000000000104930E-001                  1.9999999999999241E-002                  3.3986260761378739E-001                  1.7423188482626923E+001                  0.0000000000000000E+000                  2.1967246719822200E-001                  2.1967246719822200E-001                  6.8276034455918373E-006                  6.8276034455900857E-006                  1.7515635653606116E-018                 -6.2788472367318293E-001                 -9.8999999999999986E+001                  8.1237548572280061E-001 
                                     188                  2.9999999942060609E+000                  3.0340397404224062E-001                  4.7991798110479325E+000                 -6.9581199882601572E+000                  5.9836661455769447E+000                  6.9999999999895124E-001                  2.8000000000104941E-001                  1.9999999999999352E-002                  3.4095117946195075E-001                  1.7303141291564167E+001                  0.0000000000000000E+000                  2.1921198190916372E-001                  2.1921198190916372E-001                  6.8622059130412614E-006                  6.8622059130406490E-006                  6.1255525828612524E-019                 -6.4351637114356708E-001                 -9.8999999999999986E+001                  7.9974651894936688E-001 
                                     189                  2.9999999939716857E+000                  3.0335059607455522E-001                  4.8019727242308967E+000                 -6.9480352201350639E+000                  5.9965053637819556E+000                  6.9999999999894991E-001                  2.8000000000105058E-001                  1.9999999999999574E-002                  3.4187484569407001E-001                  1.7195371227135880E+001                  0.0000000000000000E+000                  2.1838269142734817E-001                  2.1838269142734817E-001                  6.9161277622494235E-006                  6.9161277622508211E-006                 -1.3979613115204454E-018                 -6.5848652969547350E-001                 -9.8999999999999986E+001                  7.8748975831232360E-001 
                                     190                  2.9999999938544986E+000                  3.0332451253862547E-001                  4.8047021617547916E+000                 -6.9382560095095824E+000                  6.0089788386297851E+000                  6.9999999999894980E-001                  2.8000000000105058E-001                  1.9999999999999574E-002                  3.4280390309819569E-001                  1.7088693666103048E+001                  0.0000000000000000E+000                  2.1801456484163573E-001                  2.1801456484163573E-001                  6.9377856886743835E-006                  6.9377856886761996E-006                 -1.8158566272196831E-018                 -6.7308450809360576E-001                 -9.8999999999999986E+001                  7.7559447141124394E-001 
                                     191                  2.9999999936201238E+000                  3.0327349342583199E-001                  4.8082010617859998E+000                 -6.9256024524113267E+000                  6.0250791193578861E+000                  6.9999999999894791E-001                  2.8000000000105263E-001                  1.9999999999999463E-002                  3.4401014948219660E-001                  1.6958771795878416E+001                  0.0000000000000000E+000                  2.1734290728567765E-001                  2.1734290728567765E-001                  6.9783212281336932E-006                  6.9783212281338245E-006                 -1.3154131862380134E-019                 -6.9187098420252890E-001                 -9.8999999999999986E+001                  7.6012246372745262E-001 
                                     192                  2.9999999933857486E+000                  3.0322392213468929E-001                  4.8115676587236944E+000                 -6.9133836433783173E+000                  6.0406107657971626E+000                  6.9999999999894769E-001                  2.8000000000105280E-001                  1.9999999999999574E-002                  3.4498562321788456E-001                  1.6838077499596938E+001                  0.0000000000000000E+000                  2.1677926435611747E-001                  2.1677926435611747E-001                  7.0081692320333581E-006                  7.0081692320314582E-006                  1.9002209478130507E-018                 -7.0987633309561715E-001                 -9.8999999999999986E+001                  7.4521900688838194E-001 
                                     193                  2.9999999931513739E+000                  3.0317570980727238E-001                  4.8144080401224549E+000                 -6.9030209655274524E+000                  6.0537654902124460E+000                  6.9999999999894680E-001                  2.8000000000105363E-001                  1.9999999999999574E-002                  3.4569735739318469E-001                  1.6740379275351941E+001                  0.0000000000000000E+000                  2.1630285936526247E-001                  2.1630285936526247E-001                  7.0249896924554741E-006                  7.0249896924533972E-006                  2.0772275329085395E-018                 -7.2496589186160110E-001                 -9.8999999999999986E+001                  7.3265665889536236E-001 
                                     194                  2.9999999929755923E+000                  3.0314039295591605E-001                  4.8167774391595959E+000                 -6.8943788976864564E+000                  6.0647357969864952E+000                  6.9999999999894613E-001                  2.8000000000105441E-001                  1.9999999999999463E-002                  3.4633474109906637E-001                  1.6660349929982324E+001                  0.0000000000000000E+000                  2.1599388186959220E-001                  2.1599388186959220E-001                  7.0336546731283470E-006                  7.0336546731282157E-006                  1.3160868512029952E-019                 -7.3757287822147444E-001                 -9.8999999999999986E+001                  7.2213084680947315E-001 
                                     195                  2.9999999927998111E+000                  3.0310576356690661E-001                  4.8190862411852802E+000                 -6.8859426122191874E+000                  6.0754391783785744E+000                  6.9999999999894558E-001                  2.8000000000105491E-001                  1.9999999999999574E-002                  3.4697608789833129E-001                  1.6584321743331216E+001                  0.0000000000000000E+000                  2.1571813294409981E-001                  2.1571813294409981E-001                  7.0422657239652582E-006                  7.0422657239662297E-006                 -9.7171404208155340E-019                 -7.4990462321067175E-001                 -9.8999999999999986E+001                  7.1178550610215596E-001 
                                     196                  2.9999999926240295E+000                  3.0307179232338533E-001                  4.8220854915277149E+000                 -6.8750105584263776E+000                  6.0893162525733322E+000                  6.9999999999894491E-001                  2.8000000000105563E-001                  1.9999999999999463E-002                  3.4772923154205776E-001                  1.6486687662038758E+001                  0.0000000000000000E+000                  2.1547016144722103E-001                  2.1547016144722103E-001                  7.0484744408943736E-006                  7.0484744408947878E-006                 -4.1412805812868772E-019                 -7.6586105329665854E-001                 -9.8999999999999986E+001                  6.9839338029916198E-001 
                                     197                  2.9999999923310607E+000                  3.0301656398995769E-001                  4.8260477546741045E+000                 -6.8605036496473746E+000                  6.1077100791440682E+000                  6.9999999999894436E-001                  2.8000000000105629E-001                  1.9999999999999352E-002                  3.4850084403005965E-001                  1.6363767531298322E+001                  0.0000000000000000E+000                  2.1511787729521148E-001                  2.1511787729521148E-001                  7.0477116314283063E-006                  7.0477116314283063E-006                  0.0000000000000000E+000                 -7.8679534141745355E-001                 -9.8999999999999986E+001                  6.8070920135610646E-001 
                                     198                  2.9999999919794988E+000                  3.0295244077303912E-001                  4.8294917056734983E+000                 -6.8477970084195192E+000                  6.1237908275763608E+000                  6.9999999999894325E-001                  2.8000000000105718E-001                  1.9999999999999574E-002                  3.4924755840977467E-001                  1.6263949100756932E+001                  0.0000000000000000E+000                  2.1481208479628577E-001                  2.1481208479628577E-001                  7.0363255033468123E-006                  7.0363255033468123E-006                  0.0000000000000000E+000                 -8.0509651964545692E-001                 -9.8999999999999986E+001                  6.6506531775249045E-001 
                                     199                  2.9999999917451241E+000                  3.0291090943861926E-001                  4.8321649254919308E+000                 -6.8379628000824386E+000                  6.1362447162860034E+000                  6.9999999999894247E-001                  2.8000000000105796E-001                  1.9999999999999574E-002                  3.4986172547741035E-001                  1.6187905087519066E+001                  0.0000000000000000E+000                  2.1466343762371395E-001                  2.1466343762371395E-001                  7.0283663566116838E-006                  7.0283663566116838E-006                  0.0000000000000000E+000                 -8.1933401253868565E-001                 -9.8999999999999986E+001                  6.5286318191736825E-001 
                                     200                  2.9999999915107489E+000                  3.0287029645522018E-001                  4.8347631484351510E+000                 -6.8283974286294171E+000                  6.1483558755744303E+000                  6.9999999999894214E-001                  2.8000000000105818E-001                  1.9999999999999685E-002                  3.5040896999796950E-001                  1.6116467563326026E+001                  0.0000000000000000E+000                  2.1454457925775799E-001                  2.1454457925775799E-001                  7.0186198263784117E-006                  7.0186198263782186E-006                  1.9276754556495291E-019                 -8.3314486593360537E-001                 -9.8999999999999986E+001                  6.4097311942765445E-001 
                                     201                  2.9999999912763742E+000                  3.0283055717006269E-001                  4.8372908033481572E+000                 -6.8190871032216842E+000                  6.1601426895727975E+000                  6.9999999999894158E-001                  2.8000000000105896E-001                  1.9999999999999463E-002                  3.5087918081472907E-001                  1.6049389771037951E+001                  0.0000000000000000E+000                  2.1446023743951315E-001                  2.1446023743951315E-001                  7.0042347662997157E-006                  7.0042347662989500E-006                  7.6613876477894339E-019                 -8.4648603928889044E-001                 -9.8999999999999986E+001                  6.2944328014880191E-001 
                                     202                  2.9999999910419990E+000                  3.0279165017456733E-001                  4.8397519493494388E+000                 -6.8100186040143393E+000                  6.1716221012646368E+000                  6.9999999999894080E-001                  2.8000000000105973E-001                  1.9999999999999463E-002                  3.5132825532739781E-001                  1.5986469927622908E+001                  0.0000000000000000E+000                  2.1440843592874115E-001                  2.1440843592874115E-001                  6.9867875338516045E-006                  6.9867875338500613E-006                  1.5431444868010543E-018                 -8.5944662130660665E-001                 -9.8999999999999986E+001                  6.1818864738047330E-001 
                                     203                  2.9999999908076243E+000                  3.0275353703495245E-001                  4.8421503173914191E+000                 -6.8011799161259523E+000                  6.1828097593117004E+000                  6.9999999999894025E-001                  2.8000000000106029E-001                  1.9999999999999463E-002                  3.5176887620972358E-001                  1.5927520949605670E+001                  0.0000000000000000E+000                  2.1438754791663991E-001                  2.1438754791663991E-001                  6.9685121824104423E-006                  6.9685121824082951E-006                  2.1471158950041579E-018                 -8.7208977903372131E-001                 -9.8999999999999986E+001                  6.0714987968700529E-001 
                                     204                  2.9999999905732491E+000                  3.0271618199199596E-001                  4.8444893446100563E+000                 -6.7925599854334315E+000                  6.1937201466449450E+000                  6.9999999999894014E-001                  2.8000000000106040E-001                  1.9999999999999463E-002                  3.5216881245137671E-001                  1.5872372454563148E+001                  0.0000000000000000E+000                  2.1439610792796707E-001                  2.1439610792796707E-001                  6.9488889298610510E-006                  6.9488889298590181E-006                  2.0327458817787420E-018                 -8.8438487775912289E-001                 -9.8999999999999986E+001                  5.9636112000905817E-001 
                                     205                  2.9999999903388743E+000                  3.0267955170785282E-001                  4.8467722044567916E+000                 -6.7841486441499903E+000                  6.2043666934714414E+000                  6.9999999999893947E-001                  2.8000000000106090E-001                  1.9999999999999574E-002                  3.5254313413658384E-001                  1.5820867727079001E+001                  0.0000000000000000E+000                  2.1443280649159574E-001                  2.1443280649159574E-001                  6.9273045730159209E-006                  6.9273045730145894E-006                  1.3311564563462594E-018                 -8.9638027214692939E-001                 -9.8999999999999986E+001                  5.8577727193025475E-001 
                                     206                  2.9999999901044996E+000                  3.0264361504074155E-001                  4.8501122658681162E+000                 -6.7719210660295435E+000                  6.2198676270902338E+000                  6.9999999999893903E-001                  2.8000000000106146E-001                  1.9999999999999574E-002                  3.5310441106018409E-001                  1.5747374267236147E+001                  0.0000000000000000E+000                  2.1448980778343443E-001                  2.1448980778343443E-001                  6.9051129213702973E-006                  6.9051129213696239E-006                  6.7296955855026910E-019                 -9.1394391091870131E-001                 -9.8999999999999986E+001                  5.7023578321772361E-001 
                                     207                  2.9999999896357501E+000                  3.0257371153262508E-001                  4.8533127449340006E+000                 -6.7600760814273357E+000                  6.2348437866408641E+000                  6.9999999999893803E-001                  2.8000000000106251E-001                  1.9999999999999463E-002                  3.5360463050842533E-001                  1.5686570121979948E+001                  0.0000000000000000E+000                  2.1468967195226576E-001                  2.1468967195226576E-001                  6.8569817965469582E-006                  6.8569817965469133E-006                  4.4747923587351454E-020                 -9.3070685447099799E-001                 -9.8999999999999986E+001                  5.5515299385283201E-001 
                                     208                  2.9999999894013749E+000                  3.0253968796231162E-001                  4.8564370603384273E+000                 -6.7486562061339406E+000                  6.2493251414278594E+000                  6.9999999999893803E-001                  2.8000000000106251E-001                  1.9999999999999463E-002                  3.5405495957607680E-001                  1.5627156188121409E+001                  0.0000000000000000E+000                  2.1482509073471828E-001                  2.1482509073471828E-001                  6.8308852538098404E-006                  6.8308852538102877E-006                 -4.4714892697601168E-019                 -9.4701684678422915E-001                 -9.8999999999999986E+001                  5.4049104392255876E-001 
                                     209                  2.9999999889326250E+000                  3.0247338384556621E-001                  4.8594409267152878E+000                 -6.7375736791406160E+000                  6.2633475870599717E+000                  6.9999999999893658E-001                  2.8000000000106373E-001                  1.9999999999999685E-002                  3.5454744541299904E-001                  1.5577537240797275E+001                  0.0000000000000000E+000                  2.1514095558332572E-001                  2.1514095558332572E-001                  6.7796573332948791E-006                  6.7796573332956346E-006                 -7.5564435835877790E-019                 -9.6290240155945228E-001                 -9.8999999999999986E+001                  5.2598664369659032E-001 
                                     210                  2.9999999886982502E+000                  3.0244105606257177E-001                  4.8623784328699706E+000                 -6.7268660681546839E+000                  6.2769353857856336E+000                  6.9999999999893647E-001                  2.8000000000106401E-001                  1.9999999999999574E-002                  3.5501538036200042E-001                  1.5528222365061154E+001                  0.0000000000000000E+000                  2.1531928814853152E-001                  2.1531928814853152E-001                  6.7547666018707537E-006                  6.7547666018716735E-006                 -9.1988110027743856E-019                 -9.7824017121609930E-001                 -9.8999999999999986E+001                  5.1202593064358659E-001 
                                     211                  2.9999999882294999E+000                  3.0237795430604431E-001                  4.8656806969852822E+000                 -6.7147576375792939E+000                  6.2922772662158044E+000                  6.9999999999893581E-001                  2.8000000000106479E-001                  1.9999999999999352E-002                  3.5549471976521441E-001                  1.5478903310051516E+001                  0.0000000000000000E+000                  2.1569239043034974E-001                  2.1569239043034974E-001                  6.7039966730179543E-006                  6.7039966730185617E-006                 -6.0771710082011717E-019                 -9.9541923838894963E-001                 -9.8999999999999986E+001                  4.9622841754917801E-001 
                                     212                  2.9999999878779375E+000                  3.0233191190119219E-001                  4.8684317612515251E+000                 -6.7047156043641474E+000                  6.3050147402711891E+000                  6.9999999999893481E-001                  2.8000000000106573E-001                  1.9999999999999463E-002                  3.5588539856116486E-001                  1.5439025272330177E+001                  0.0000000000000000E+000                  2.1599669262421312E-001                  2.1599669262421312E-001                  6.6649605574639544E-006                  6.6649605574641051E-006                 -1.5094031228549899E-019                 -1.0098378447771765E+000                 -9.8999999999999986E+001                  4.8293012040270594E-001 
                                     213                  2.9999999875263748E+000                  3.0228690775404726E-001                  4.8706642410536372E+000                 -6.6965624900022807E+000                  6.3153554017746236E+000                  6.9999999999893425E-001                  2.8000000000106623E-001                  1.9999999999999574E-002                  3.5618352919597229E-001                  1.5408395372952150E+001                  0.0000000000000000E+000                  2.1630590494350155E-001                  2.1630590494350155E-001                  6.6259313119322090E-006                  6.6259313119322090E-006                  0.0000000000000000E+000                 -1.0214517388411981E+000                 -9.8999999999999986E+001                  4.7217869066171714E-001 
                                     214                  2.9999999872920000E+000                  3.0225745541113530E-001                  4.8732924143047693E+000                 -6.6870447437699321E+000                  6.3274509482878987E+000                  6.9999999999893425E-001                  2.8000000000106628E-001                  1.9999999999999463E-002                  3.5648512521384146E-001                  1.5371308681174716E+001                  0.0000000000000000E+000                  2.1650752870035636E-001                  2.1650752870035636E-001                  6.5992328612572472E-006                  6.5992328612572472E-006                  0.0000000000000000E+000                 -1.0349378897206847E+000                 -9.8999999999999986E+001                  4.5973910948606317E-001 
                                     215                  2.9999999868232501E+000                  3.0219981026535120E-001                  4.8766819505488943E+000                 -6.6747381188730337E+000                  6.3430796637456419E+000                  6.9999999999893392E-001                  2.8000000000106667E-001                  1.9999999999999352E-002                  3.5683859401236112E-001                  1.5326711517563956E+001                  0.0000000000000000E+000                  2.1690105193470990E-001                  2.1690105193470990E-001                  6.5448245841821602E-006                  6.5448245841821602E-006                  0.0000000000000000E+000                 -1.0523280985451451E+000                 -9.8999999999999986E+001                  4.4361076149454698E-001 
                                     216                  2.9999999863545002E+000                  3.0214375367609703E-001                  4.8795528954101837E+000                 -6.6643168603605822E+000                  6.3563148555087237E+000                  6.9999999999893325E-001                  2.8000000000106728E-001                  1.9999999999999463E-002                  3.5713422643592541E-001                  1.5290704144379886E+001                  0.0000000000000000E+000                  2.1730308613700722E-001                  2.1730308613700722E-001                  6.4908897998231897E-006                  6.4908897998231897E-006                  0.0000000000000000E+000                 -1.0671426683674750E+000                 -9.8999999999999986E+001                  4.2981768936101145E-001 
                                     217                  2.9999999860029378E+000                  3.0210269429963355E-001                  4.8819542308396011E+000                 -6.6556362846290291E+000                  6.3673509939937434E+000                  6.9999999999893303E-001                  2.8000000000106751E-001                  1.9999999999999463E-002                  3.5735882525189294E-001                  1.5260843784724003E+001                  0.0000000000000000E+000                  2.1759952860523507E-001                  2.1759952860523507E-001                  6.4511600597324068E-006                  6.4511600597324068E-006                  0.0000000000000000E+000                 -1.0794922703117891E+000                 -9.8999999999999986E+001                  4.1831702592692993E-001 
                                     218                  2.9999999856513750E+000                  3.0206243615550299E-001                  4.8839099771267680E+000                 -6.6485644326651379E+000                  6.3763415696743913E+000                  6.9999999999893259E-001                  2.8000000000106778E-001                  1.9999999999999574E-002                  3.5752919481405865E-001                  1.5237631211281526E+001                  0.0000000000000000E+000                  2.1789253661886299E-001                  2.1789253661886299E-001                  6.4112279474117236E-006                  6.4112279474114653E-006                  2.5837610271575286E-019                 -1.0894986643244997E+000                 -9.8999999999999986E+001                  4.0897172029633400E-001 
                                     219                  2.9999999854170003E+000                  3.0203602480282932E-001                  4.8862182085676160E+000                 -6.6402802323627768E+000                  6.3868927390376760E+000                  6.9999999999893225E-001                  2.8000000000106817E-001                  1.9999999999999574E-002                  3.5773991502731300E-001                  1.5209502843048808E+001                  0.0000000000000000E+000                  2.1808307405318927E-001                  2.1808307405318927E-001                  6.3850691685182758E-006                  6.3850691685173661E-006                  9.0950390388566805E-019                 -1.1012648329952750E+000                 -9.8999999999999986E+001                  3.9800799155677968E-001 
                                     220                  2.9999999849482504E+000                  3.0198418613729722E-001                  4.8895803486103526E+000                 -6.6282137413500370E+000                  6.4022610969177132E+000                  6.9999999999893192E-001                  2.8000000000106856E-001                  1.9999999999999574E-002                  3.5808401709917220E-001                  1.5171195881693810E+001                  0.0000000000000000E+000                  2.1845588939606406E-001                  2.1845588939606406E-001                  6.3355444538171216E-006                  6.3355444538160654E-006                  1.0561845204091332E-018                 -1.1184487785085961E+000                 -9.8999999999999986E+001                  3.8191924861865417E-001 
                                     221                  2.9999999843623129E+000                  3.0192113837696088E-001                  4.8931859659716972E+000                 -6.6152850444548124E+000                  6.4187318785569438E+000                  6.9999999999893170E-001                  2.8000000000106873E-001                  1.9999999999999574E-002                  3.5844778622631079E-001                  1.5133530743409420E+001                  0.0000000000000000E+000                  2.1893489275477029E-001                  2.1893489275477029E-001                  6.2766066472712126E-006                  6.2766066472709085E-006                  3.0382239163006358E-019                 -1.1369590329650237E+000                 -9.8999999999999986E+001                  3.6448854647646556E-001 
                                     222                  2.9999999837763753E+000                  3.0185991357687009E-001                  4.8956275213031244E+000                 -6.6065083737740116E+000                  6.4299068981730958E+000                  6.9999999999893103E-001                  2.8000000000106939E-001                  1.9999999999999574E-002                  3.5867801923717058E-001                  1.5111117306875880E+001                  0.0000000000000000E+000                  2.1943513096882172E-001                  2.1943513096882172E-001                  6.2186584779808484E-006                  6.2186584779809077E-006                 -5.9072873431423999E-020                 -1.1494319875085544E+000                 -9.8999999999999986E+001                  3.5265927820205883E-001 
                                     223                  2.9999999835420006E+000                  3.0183590654069276E-001                  4.8976883318942344E+000                 -6.5991784200866999E+000                  6.4392638656586056E+000                  6.9999999999893103E-001                  2.8000000000106945E-001                  1.9999999999999574E-002                  3.5887389143780046E-001                  1.5091281366277848E+001                  0.0000000000000000E+000                  2.1963437101919309E-001                  2.1963437101919309E-001                  6.1959839889575585E-006                  6.1959839889570418E-006                  5.1661772223469971E-019                 -1.1598638574847471E+000                 -9.8999999999999986E+001                  3.4279786889505731E-001 
                                     224                  2.9999999830732502E+000                  3.0178868442605650E-001                  4.9003671349836395E+000                 -6.5896358645818909E+000                  6.4514394730349522E+000                  6.9999999999893081E-001                  2.8000000000106967E-001                  1.9999999999999574E-002                  3.5915862744246729E-001                  1.5068239605807133E+001                  0.0000000000000000E+000                  2.2002763132517564E-001                  2.2002763132517564E-001                  6.1523857313327567E-006                  6.1523857313318122E-006                  9.4448317619480383E-019                 -1.1733783277796388E+000                 -9.8999999999999986E+001                  3.2994699736134470E-001 
                                     225                  2.9999999826044998E+000                  3.0174247367521800E-001                  4.9029787921197512E+000                 -6.5803539692547046E+000                  6.4632879947103712E+000                  6.9999999999893037E-001                  2.8000000000106989E-001                  1.9999999999999796E-002                  3.5945345696765557E-001                  1.5047639566727080E+001                  0.0000000000000000E+000                  2.2043351290187144E-001                  2.2043351290187144E-001                  6.1100496456990092E-006                  6.1100496456983833E-006                  6.2584541206300499E-019                 -1.1866229667532100E+000                 -9.8999999999999986E+001                  3.1729649569587187E-001 
                                     226                  2.9999999821357499E+000                  3.0169722578670083E-001                  4.9055268842934217E+000                 -6.5713202622081655E+000                  6.4748265730840222E+000                  6.9999999999893037E-001                  2.8000000000107012E-001                  1.9999999999999574E-002                  3.5969766738749204E-001                  1.5029235451373150E+001                  0.0000000000000000E+000                  2.2084477553376064E-001                  2.2084477553376064E-001                  6.0678048829115458E-006                  6.0678048829113900E-006                  1.5553833520940701E-019                 -1.1995797709240636E+000                 -9.8999999999999986E+001                  3.0487118329330981E-001 
                                     227                  2.9999999816670000E+000                  3.0165289565946657E-001                  4.9080146971472676E+000                 -6.5625228653530359E+000                  6.4860710367783723E+000                  6.9999999999893037E-001                  2.8000000000107017E-001                  1.9999999999999463E-002                  3.5987450626020318E-001                  1.5012808896133951E+001                  0.0000000000000000E+000                  2.2125955441603307E-001                  2.2125955441603307E-001                  6.0239849308613601E-006                  6.0239849308611797E-006                  1.8065592938010358E-019                 -1.2121539140396498E+000                 -9.8999999999999986E+001                  2.9277197203823480E-001 
                                     228                  2.9999999811982501E+000                  3.0160944130949596E-001                  4.9116553126062330E+000                 -6.5497632308671596E+000                  6.5024164307269707E+000                  6.9999999999893003E-001                  2.8000000000107039E-001                  1.9999999999999574E-002                  3.6007281694136994E-001                  1.4989131100462020E+001                  0.0000000000000000E+000                  2.2166791471400532E-001                  2.2166791471400532E-001                  5.9788268326377677E-006                  5.9788268326371739E-006                  5.9372079295136061E-019                 -1.2303111180925808E+000                 -9.8999999999999986E+001                  2.7530026613268971E-001 
                                     229                  2.9999999802607502E+000                  3.0152501157170569E-001                  4.9163032554012220E+000                 -6.5334452806159424E+000                  6.5233111028764714E+000                  6.9999999999892970E-001                  2.8000000000107078E-001                  1.9999999999999574E-002                  3.6044769144287114E-001                  1.4966590059869475E+001                  0.0000000000000000E+000                  2.2248709720934662E-001                  2.2248709720934662E-001                  5.8912877965059777E-006                  5.8912877965054051E-006                  5.7217084012233498E-019                 -1.2536083975681429E+000                 -9.8999999999999986E+001                  2.5265658129745350E-001 
                                     230                  2.9999999793232495E+000                  3.0144364871667806E-001                  4.9196486972125095E+000                 -6.5216925674967587E+000                  6.5383588412675815E+000                  6.9999999999892926E-001                  2.8000000000107111E-001                  1.9999999999999574E-002                  3.6068389351489855E-001                  1.4955289346265634E+001                  0.0000000000000000E+000                  2.2334016171614610E-001                  2.2334016171614610E-001                  5.8075057429311100E-006                  5.8075057429310109E-006                  9.9517620541283216E-020                 -1.2704143307344637E+000                 -9.8999999999999986E+001                  2.3617869141603640E-001 
                                     231                  2.9999999788545000E+000                  3.0140403688388295E-001                  4.9218310604516944E+000                 -6.5140916428702731E+000                  6.5481121171968013E+000                  6.9999999999892915E-001                  2.8000000000107123E-001                  1.9999999999999574E-002                  3.6076505353139576E-001                  1.4947958598337189E+001                  0.0000000000000000E+000                  2.2376587976678231E-001                  2.2376587976678231E-001                  5.7651302606853531E-006                  5.7651302606854158E-006                 -6.2500390109143920E-020                 -1.2811972191137486E+000                 -9.8999999999999986E+001                  2.2560873659167613E-001 
                                     232                  2.9999999783857496E+000                  3.0136510173559244E-001                  4.9250357767547124E+000                 -6.5030187166254674E+000                  6.5623482647704199E+000                  6.9999999999892903E-001                  2.8000000000107134E-001                  1.9999999999999574E-002                  3.6088191707614692E-001                  1.4937441920779237E+001                  0.0000000000000000E+000                  2.2417619142017903E-001                  2.2417619142017903E-001                  5.7229208058377349E-006                  5.7229208058379416E-006                 -2.0674468878403954E-019                 -1.2969040702098953E+000                 -9.8999999999999986E+001                  2.1020754204677375E-001 
                                     233                  2.9999999774482498E+000                  3.0128916162737052E-001                  4.9281265177889608E+000                 -6.4922723392812314E+000                  6.5761420188967579E+000                  6.9999999999892892E-001                  2.8000000000107156E-001                  1.9999999999999574E-002                  3.6112029519344246E-001                  1.4932854535359837E+001                  0.0000000000000000E+000                  2.2500527447989516E-001                  2.2500527447989516E-001                  5.6443598258818604E-006                  5.6443598258821179E-006                 -2.5744005024520469E-019                 -1.3122518031332033E+000                 -9.8999999999999986E+001                  1.9499320412969653E-001 
                                     234                  2.9999999769794998E+000                  3.0125210513251083E-001                  4.9301465643212046E+000                 -6.4853047562763528E+000                  6.5851033485804988E+000                  6.9999999999892859E-001                  2.8000000000107184E-001                  1.9999999999999574E-002                  3.6128751149773991E-001                  1.4929975697936042E+001                  0.0000000000000000E+000                  2.2542576091847144E-001                  2.2542576091847144E-001                  5.6080200568627236E-006                  5.6080200568624365E-006                  2.8719504255568402E-019                 -1.3223230548269893E+000                 -9.8999999999999986E+001                  1.8500568610884000E-001 
                                     235                  2.9999999765107495E+000                  3.0121562914543121E-001                  4.9321300594876822E+000                 -6.4784801120402653E+000                  6.5938864209550854E+000                  6.9999999999892837E-001                  2.8000000000107206E-001                  1.9999999999999574E-002                  3.6140287191324721E-001                  1.4928097423113801E+001                  0.0000000000000000E+000                  2.2583889074113417E-001                  2.2583889074113417E-001                  5.5718547484883295E-006                  5.5718547484876586E-006                  6.7109669426234584E-019                 -1.3321157580993392E+000                 -9.8999999999999986E+001                  1.7526762289298015E-001 
                                     236                  2.9999999760419995E+000                  3.0117971289448409E-001                  4.9348067712885513E+000                 -6.4693270039633113E+000                  6.6056840978401308E+000                  6.9999999999892837E-001                  2.8000000000107206E-001                  1.9999999999999574E-002                  3.6143810099631679E-001                  1.4926156162214006E+001                  0.0000000000000000E+000                  2.2624758064682002E-001                  2.2624758064682002E-001                  5.5335698939302537E-006                  5.5335698939292932E-006                  9.6030868601608860E-019                 -1.3450838410418595E+000                 -9.8999999999999986E+001                  1.6235601953394321E-001 
                                     237                  2.9999999752216873E+000                  3.0111814955709904E-001                  4.9378788793944448E+000                 -6.4588118195186350E+000                  6.6192333613226078E+000                  6.9999999999892815E-001                  2.8000000000107228E-001                  1.9999999999999574E-002                  3.6143809130054144E-001                  1.4927663998145695E+001                  0.0000000000000000E+000                  2.2696393302286183E-001                  2.2696393302286183E-001                  5.4637763527635111E-006                  5.4637763527619136E-006                  1.5974034940602453E-018                 -1.3599168488543829E+000                 -9.8999999999999986E+001                  1.4747914151971128E-001 
                                     238                  2.9999999745185622E+000                  3.0106662315519611E-001                  4.9413317836808810E+000                 -6.4470929512126167E+000                  6.6343663331952758E+000                  6.9999999999892792E-001                  2.8000000000107245E-001                  1.9999999999999574E-002                  3.6161188391450272E-001                  1.4930714029335391E+001                  0.0000000000000000E+000                  2.2757869688576832E-001                  2.2757869688576832E-001                  5.4075782719543835E-006                  5.4075782719526852E-006                  1.6979994257367010E-018                 -1.3768910114974098E+000                 -9.8999999999999986E+001                  1.3041625247646157E-001 
                                     239                  2.9999999734638751E+000                  3.0099135827203938E-001                  4.9446665775090493E+000                 -6.4357575116617811E+000                  6.6489996762353245E+000                  6.9999999999892781E-001                  2.8000000000107261E-001                  1.9999999999999574E-002                  3.6180407314170476E-001                  1.4938800777168749E+001                  0.0000000000000000E+000                  2.2850293053479936E-001                  2.2850293053479936E-001                  5.3304303063959162E-006                  5.3304303063945270E-006                  1.3887431126749800E-018                 -1.3932227212218280E+000                 -9.8999999999999986E+001                  1.1384938444355341E-001 
                                     240                  2.9999999727607500E+000                  3.0094245341985570E-001                  4.9477033313458030E+000                 -6.4255308418363386E+000                  6.6622323223944022E+000                  6.9999999999892770E-001                  2.8000000000107278E-001                  1.9999999999999574E-002                  3.6185893899638794E-001                  1.4947188089688295E+001                  0.0000000000000000E+000                  2.2912133734889475E-001                  2.2912133734889475E-001                  5.2785293111377645E-006                  5.2785293111364380E-006                  1.3267434706546665E-018                 -1.4077528184610193E+000                 -9.8999999999999986E+001                  9.9075523135781704E-002 
                                     241                  2.9999999718232502E+000                  3.0087873970262080E-001                  4.9506528080304255E+000                 -6.4156003523764351E+000                  6.6750810997333421E+000                  6.9999999999892726E-001                  2.8000000000107322E-001                  1.9999999999999574E-002                  3.6190417749227682E-001                  1.4958994306603573E+001                  0.0000000000000000E+000                  2.2994251708658284E-001                  2.2994251708658284E-001                  5.2085146169454470E-006                  5.2085146169445246E-006                  9.2219877125065036E-019                 -1.4218835299941519E+000                 -9.8999999999999986E+001                  8.4601914134568759E-002 
                                     242                  2.9999999711201251E+000                  3.0083201684743699E-001                  4.9531250190882687E+000                 -6.4073253181587271E+000                  6.6858042099093922E+000                  6.9999999999892704E-001                  2.8000000000107328E-001                  1.9999999999999685E-002                  3.6204121222215591E-001                  1.4970195671105879E+001                  0.0000000000000000E+000                  2.3056090408593244E-001                  2.3056090408593244E-001                  5.1594518621048521E-006                  5.1594518621044667E-006                  3.8501642998769993E-019                 -1.4339845365966826E+000                 -9.8999999999999986E+001                  7.2175827400625073E-002 
                                     243                  2.9999999704170000E+000                  3.0078616116006618E-001                  4.9559470906703469E+000                 -6.3979330701469275E+000                  6.6979938638022185E+000                  6.9999999999892704E-001                  2.8000000000107333E-001                  1.9999999999999574E-002                  3.6218438994948121E-001                  1.4984292593296614E+001                  0.0000000000000000E+000                  2.3117121151141429E-001                  2.3117121151141429E-001                  5.1134343167762375E-006                  5.1134343167757344E-006                  5.0334188701227863E-019                 -1.4476524355927571E+000                 -9.8999999999999986E+001                  5.8099160449216578E-002 
                                     244                  2.9999999694795001E+000                  3.0072630645974224E-001                  4.9590859440006581E+000                 -6.3875122856431501E+000                  6.7115257598552898E+000                  6.9999999999892681E-001                  2.8000000000107361E-001                  1.9999999999999574E-002                  3.6221254187169261E-001                  1.5002696856716621E+001                  0.0000000000000000E+000                  2.3197736618815257E-001                  2.3197736618815257E-001                  5.0500121219934097E-006                  5.0500121219929523E-006                  4.5733756648005645E-019                 -1.4623941062133894E+000                 -9.8999999999999986E+001                  4.2824400433193223E-002 
                                     245                  2.9999999685420002E+000                  3.0066784697978477E-001                  4.9621420543896777E+000                 -6.3774113506254944E+000                  6.7246556956705019E+000                  6.9999999999892681E-001                  2.8000000000107367E-001                  1.9999999999999574E-002                  3.6224028224276233E-001                  1.5022542554553196E+001                  0.0000000000000000E+000                  2.3277574206569357E-001                  2.3277574206569357E-001                  4.9856276594996705E-006                  4.9856276595003354E-006                 -6.6509755020395243E-019                 -1.4768948248259917E+000                 -9.8999999999999986E+001                  2.7749572806277833E-002 
                                     246                  2.9999999676044999E+000                  3.0061070866735029E-001                  4.9648417191321776E+000                 -6.3685176923793607E+000                  6.7362272611767819E+000                  6.9999999999892659E-001                  2.8000000000107378E-001                  1.9999999999999574E-002                  3.6231407153828343E-001                  1.5041714836506335E+001                  0.0000000000000000E+000                  2.3356108123126898E-001                  2.3356108123126898E-001                  4.9248614522701133E-006                  4.9248614522717210E-006                 -1.6074669003313507E-018                 -1.4899178637911679E+000                 -9.8999999999999986E+001                  1.4172625639110974E-002 
                                     247                  2.9999999668427808E+000                  3.0056520870059694E-001                  4.9672122569709538E+000                 -6.3607484233377241E+000                  6.7463501681772939E+000                  6.9999999999892659E-001                  2.8000000000107383E-001                  1.9999999999999574E-002                  3.6234554956933474E-001                  1.5059137763466630E+001                  0.0000000000000000E+000                  2.3418562261526271E-001                  2.3418562261526271E-001                  4.8772480459618341E-006                  4.8772480459629818E-006                 -1.1478079305317371E-018                 -1.5011372478657308E+000                 -9.8999999999999986E+001                  2.4504861379161889E-003 
                                     248                  2.9999999660810621E+000                  3.0052050153661974E-001                  4.9697139802348040E+000                 -6.3525847165035429E+000                  6.7569985125049001E+000                  6.9999999999892648E-001                  2.8000000000107395E-001                  1.9999999999999574E-002                  3.6234643239180875E-001                  1.5078159883970969E+001                  0.0000000000000000E+000                  2.3479381203414759E-001                  2.3479381203414759E-001                  4.8295594619345667E-006                  4.8295594619347217E-006                 -1.5472471172472241E-019                 -1.5128143266349874E+000                 -9.8999999999999986E+001                 -9.7748305509631449E-003 
                                     249                  2.9999999652021563E+000                  3.0046986029524481E-001                  4.9723350931785744E+000                 -6.3440565136890559E+000                  6.7681300947982184E+000                  6.9999999999892648E-001                  2.8000000000107395E-001                  1.9999999999999574E-002                  3.6238249511851317E-001                  1.5099095238555041E+001                  0.0000000000000000E+000                  2.3547851650873236E-001                  2.3547851650873236E-001                  4.7761831236928899E-006                  4.7761831236923698E-006                  5.1989723841582366E-019                 -1.5251136793935296E+000                 -9.8999999999999986E+001                 -2.2676763780948527E-002 
                                     250                  2.9999999643232500E+000                  3.0042018658350211E-001                  4.9753249249385005E+000                 -6.3343861797558230E+000                  6.7807719904685753E+000                  6.9999999999892637E-001                  2.8000000000107406E-001                  1.9999999999999574E-002                  3.6252544922755570E-001                  1.5123228368476042E+001                  0.0000000000000000E+000                  2.3614200195130305E-001                  2.3614200195130305E-001                  4.7272126621635093E-006                  4.7272126621627343E-006                  7.7542012185205684E-019                 -1.5393088293293478E+000                 -9.8999999999999986E+001                 -3.7565499650182188E-002 
                                     251                  2.9999999631513754E+000                  3.0035538781940818E-001                  4.9786471717184044E+000                 -6.3236704059872881E+000                  6.7947913823777490E+000                  6.9999999999892637E-001                  2.8000000000107411E-001                  1.9999999999999574E-002                  3.6266042369499368E-001                  1.5151433858460841E+001                  0.0000000000000000E+000                  2.3699452089955630E-001                  2.3699452089955630E-001                  4.6661932318298153E-006                  4.6661932318293020E-006                  5.1313144070309763E-019                 -1.5550460958773160E+000                 -9.8999999999999986E+001                 -5.4111990401242246E-002 
                                     252                  2.9999999619794999E+000                  3.0029214036969959E-001                  4.9810730142007786E+000                 -6.3158526094709870E+000                  6.8050225910582096E+000                  6.9999999999892637E-001                  2.8000000000107417E-001                  1.9999999999999463E-002                  3.6266107709502654E-001                  1.5173194181705357E+001                  0.0000000000000000E+000                  2.3782213659785015E-001                  2.3782213659785015E-001                  4.6043975726729435E-006                  4.6043975726728165E-006                  1.2735428897499429E-019                 -1.5664137347518978E+000                 -9.8999999999999986E+001                 -6.6102910948132879E-002 
                                     253                  2.9999999613935624E+000                  3.0026107069512253E-001                  4.9826669727713746E+000                 -6.3107486941882360E+000                  6.8117137986149867E+000                  6.9999999999892637E-001                  2.8000000000107428E-001                  1.9999999999999352E-002                  3.6264965313006065E-001                  1.5187018011467652E+001                  0.0000000000000000E+000                  2.3822132231089713E-001                  2.3822132231089713E-001                  4.5732306045669396E-006                  4.5732306045669396E-006                  0.0000000000000000E+000                 -1.5738340534369593E+000                 -9.8999999999999986E+001                 -7.3918721904713949E-002 
                                     254                  2.9999999608076244E+000                  3.0023035746713339E-001                  4.9850239272588883E+000                 -6.3032472619456366E+000                  6.8215639503519130E+000                  6.9999999999892637E-001                  2.8000000000107428E-001                  1.9999999999999352E-002                  3.6267348469925453E-001                  1.5206751824100667E+001                  0.0000000000000000E+000                  2.3860200963540287E-001                  2.3860200963540287E-001                  4.5435123710511437E-006                  4.5435123710511437E-006                  0.0000000000000000E+000                 -1.5847773666092564E+000                 -9.8999999999999986E+001                 -8.5425985415755190E-002 
                                     255                  2.9999999596357498E+000                  3.0016996389958278E-001                  4.9880877586666639E+000                 -6.2934973820921254E+000                  6.8343663255790679E+000                  6.9999999999892615E-001                  2.8000000000107439E-001                  1.9999999999999463E-002                  3.6280436669959309E-001                  1.5233495783179992E+001                  0.0000000000000000E+000                  2.3933375729273235E-001                  2.3933375729273235E-001                  4.4890396219448011E-006                  4.4890396219448011E-006                  0.0000000000000000E+000                 -1.5990357890002320E+000                 -9.8999999999999986E+001                 -1.0044752639254748E-001 
                                     256                  2.9999999584638748E+000                  3.0011088668491065E-001                  4.9918174695250874E+000                 -6.2817179995347150E+000                  6.8498644556539361E+000                  6.9999999999892615E-001                  2.8000000000107450E-001                  1.9999999999999352E-002                  3.6289549048802422E-001                  1.5264605927971617E+001                  0.0000000000000000E+000                  2.4002693994076355E-001                  2.4002693994076355E-001                  4.4383122512743277E-006                  4.4383122512743277E-006                  0.0000000000000000E+000                 -1.6164235816935111E+000                 -9.8999999999999986E+001                 -1.1872133956987907E-001 
                                     257                  2.9999999567060622E+000                  3.0002459877845988E-001                  4.9961330367247534E+000                 -6.2681128162795856E+000                  6.8677743876903445E+000                  6.9999999999892615E-001                  2.8000000000107456E-001                  1.9999999999999352E-002                  3.6289811722354326E-001                  1.5301138935793688E+001                  0.0000000000000000E+000                  2.4099160564377037E-001                  2.4099160564377037E-001                  4.3644746976350556E-006                  4.3644746976350556E-006                  0.0000000000000000E+000                 -1.6363282291549761E+000                 -9.8999999999999986E+001                 -1.3966414887779668E-001 
                                     258                  2.9999999549482501E+000                  2.9994092301284853E-001                  4.9996051975201077E+000                 -6.2571841154536880E+000                  6.8821659372348298E+000                  6.9999999999892581E-001                  2.8000000000107456E-001                  1.9999999999999574E-002                  3.6292167359119926E-001                  1.5330521798834679E+001                  0.0000000000000000E+000                  2.4189075331631321E-001                  2.4189075331631321E-001                  4.2935939718600714E-006                  4.2935939718600714E-006                  0.0000000000000000E+000                 -1.6521089434688285E+000                 -9.8999999999999986E+001                 -1.5627804185135291E-001 
                                     259                  2.9999999537763746E+000                  2.9988649946030443E-001                  5.0023167671668149E+000                 -6.2487035583635455E+000                  6.8933509078227146E+000                  6.9999999999892570E-001                  2.8000000000107467E-001                  1.9999999999999574E-002                  3.6296811219757252E-001                  1.5351842957051709E+001                  0.0000000000000000E+000                  2.4244236437722541E-001                  2.4244236437722541E-001                  4.2494629293263739E-006                  4.2494629293266636E-006                 -2.8955447992596093E-019                 -1.6644392283391303E+000                 -9.8999999999999986E+001                 -1.6921190897091962E-001 
                                     260                  2.9999999526045000E+000                  2.9983310846067462E-001                  5.0049670844710183E+000                 -6.2404380455102464E+000                  6.9042603312244877E+000                  6.9999999999892570E-001                  2.8000000000107472E-001                  1.9999999999999574E-002                  3.6302391690309932E-001                  1.5372020881491617E+001                  0.0000000000000000E+000                  2.4295036904290221E-001                  2.4295036904290221E-001                  4.2086760548767221E-006                  4.2086760548778732E-006                 -1.1514669646184622E-018                 -1.6766915545418157E+000                 -9.8999999999999986E+001                 -1.8203468198216963E-001 
                                     261                  2.9999999514326250E+000                  2.9978070484760388E-001                  5.0075587538907680E+000                 -6.2323782787239530E+000                  6.9149074883629229E+000                  6.9999999999892559E-001                  2.8000000000107478E-001                  1.9999999999999574E-002                  3.6307398725208279E-001                  1.5391187549553623E+001                  0.0000000000000000E+000                  2.4342568630952860E-001                  2.4342568630952860E-001                  4.1705912919387753E-006                  4.1705912919404931E-006                 -1.7176142373736840E-018                 -1.6887376895562825E+000                 -9.8999999999999986E+001                 -1.9462198173375833E-001 
                                     262                  2.9999999502607499E+000                  2.9972924633157105E-001                  5.0100942345915236E+000                 -6.2245140843295976E+000                  6.9253047220875397E+000                  6.9999999999892548E-001                  2.8000000000107483E-001                  1.9999999999999685E-002                  3.6311258920094108E-001                  1.5409507906036708E+001                  0.0000000000000000E+000                  2.4387203994225193E-001                  2.4387203994225193E-001                  4.1341796870835613E-006                  4.1341796870847006E-006                 -1.1389065192164156E-018                 -1.7003962682666101E+000                 -9.8999999999999986E+001                 -2.0679720028362431E-001 
                                     263                  2.9999999490888754E+000                  2.9967869343082809E-001                  5.0138112061550579E+000                 -6.2130797136856719E+000                  6.9404551807493053E+000                  6.9999999999892548E-001                  2.8000000000107489E-001                  1.9999999999999574E-002                  3.6312978477365926E-001                  1.5433933544508109E+001                  0.0000000000000000E+000                  2.4428263344342491E-001                  2.4428263344342491E-001                  4.0986974040810608E-006                  4.0986974040811819E-006                 -1.2116490434584953E-019                 -1.7171781158330763E+000                 -9.8999999999999986E+001                 -2.2426690395602467E-001 
                                     264                  2.9999999467451253E+000                  2.9958016414775995E-001                  5.0185714560876438E+000                 -6.1984067729136321E+000                  6.9598843672391215E+000                  6.9999999999892537E-001                  2.8000000000107506E-001                  1.9999999999999574E-002                  3.6323876224731499E-001                  1.5467495542373678E+001                  0.0000000000000000E+000                  2.4504351664216453E-001                  2.4504351664216453E-001                  4.0321495498540379E-006                  4.0321495498533967E-006                  6.4136272857776240E-019                 -1.7388486427872578E+000                 -9.8999999999999986E+001                 -2.4688080484061717E-001 
                                     265                  2.9999999444013756E+000                  2.9948484434036421E-001                  5.0231451752789686E+000                 -6.1843659811054215E+000                  6.9784974261394463E+000                  6.9999999999892526E-001                  2.8000000000107511E-001                  1.9999999999999574E-002                  3.6340110582294749E-001                  1.5499801127640120E+001                  0.0000000000000000E+000                  2.4576169923758892E-001                  2.4576169923758892E-001                  3.9728720738319942E-006                  3.9728720738310413E-006                  9.5259789926224386E-019                 -1.7598366384913036E+000                 -9.8999999999999986E+001                 -2.6877492727333213E-001 
                                     266                  2.9999999420576255E+000                  2.9939249711201099E-001                  5.0264505727670201E+000                 -6.1742043933317285E+000                  6.9919630019129215E+000                  6.9999999999892526E-001                  2.8000000000107517E-001                  1.9999999999999574E-002                  3.6343396967939801E-001                  1.5525029820269650E+001                  0.0000000000000000E+000                  2.4644454850201286E-001                  2.4644454850201286E-001                  3.9160694433252427E-006                  3.9160694433243830E-006                  8.5977325672088248E-019                 -1.7747355736679116E+000                 -9.8999999999999986E+001                 -2.8438017988608422E-001 
                                     267                  2.9999999408857509E+000                  2.9934736990043131E-001                  5.0296867647372556E+000                 -6.1643759484814282E+000                  7.0050289429976704E+000                  6.9999999999892526E-001                  2.8000000000107517E-001                  1.9999999999999574E-002                  3.6344644918050262E-001                  1.5547209758653041E+001                  0.0000000000000000E+000                  2.4676357600498872E-001                  2.4676357600498872E-001                  3.8876352188850651E-006                  3.8876352188843425E-006                  7.2227263953267667E-019                 -1.7891916939118926E+000                 -9.8999999999999986E+001                 -2.9945631524236532E-001 
                                     268                  2.9999999385420009E+000                  2.9925909440796067E-001                  5.0328153888080456E+000                 -6.1548082001107440E+000                  7.0177234111586246E+000                  6.9999999999892515E-001                  2.8000000000107533E-001                  1.9999999999999574E-002                  3.6351237148564258E-001                  1.5572149541437478E+001                  0.0000000000000000E+000                  2.4737582134083577E-001                  2.4737582134083577E-001                  3.8334758200771738E-006                  3.8334758200772068E-006                 -3.2821807685472615E-020                 -1.8033063065797257E+000                 -9.8999999999999986E+001                 -3.1426703591077232E-001 
                                     269                  2.9999999373701263E+000                  2.9921589879742244E-001                  5.0348623233380803E+000                 -6.1485909136243739E+000                  7.0259880784260105E+000                  6.9999999999892504E-001                  2.8000000000107539E-001                  1.9999999999999574E-002                  3.6356818948141156E-001                  1.5587895379268868E+001                  0.0000000000000000E+000                  2.4767996676419204E-001                  2.4767996676419204E-001                  3.8080331150646915E-006                  3.8080331150658731E-006                 -1.1814441147121600E-018                 -1.8126353693601740E+000                 -9.8999999999999986E+001                 -3.2403501549093860E-001 
                                     270                  2.9999999361982508E+000                  2.9917330454353830E-001                  5.0378765426639376E+000                 -6.1394949262299816E+000                  7.0381021494163907E+000                  6.9999999999892504E-001                  2.8000000000107539E-001                  1.9999999999999574E-002                  3.6361551671672093E-001                  1.5610393240547364E+001                  0.0000000000000000E+000                  2.4796490608490762E-001                  2.4796490608490762E-001                  3.7837870529777044E-006                  3.7837870529788644E-006                 -1.1601036958141964E-018                 -1.8263738195297550E+000                 -9.8999999999999986E+001                 -3.3839982702284321E-001 
                                     271                  2.9999999338545007E+000                  2.9908984536627398E-001                  5.0417668719556916E+000                 -6.1277358609457426E+000                  7.0537577033849681E+000                  6.9999999999892504E-001                  2.8000000000107539E-001                  1.9999999999999574E-002                  3.6357243738793754E-001                  1.5642352737229224E+001                  0.0000000000000000E+000                  2.4852040088533242E-001                  2.4852040088533242E-001                  3.7346632924126044E-006                  3.7346632924129479E-006                 -3.4352782628608180E-019                 -1.8438426587980177E+000                 -9.8999999999999986E+001                 -3.5675689819556611E-001 
                                     272                  2.9999999315107515E+000                  2.9900856940085246E-001                  5.0455329898775476E+000                 -6.1163875304238591E+000                  7.0688796044169662E+000                  6.9999999999892504E-001                  2.8000000000107539E-001                  1.9999999999999574E-002                  3.6358678990094334E-001                  1.5674824575669039E+001                  0.0000000000000000E+000                  2.4907416103374075E-001                  2.4907416103374075E-001                  3.6859024219333659E-006                  3.6859024219333659E-006                  0.0000000000000000E+000                 -1.8606405693492307E+000                 -9.8999999999999986E+001                 -3.7445542314954100E-001 
                                     273                  2.9999999291670014E+000                  2.9892934580400721E-001                  5.0482734370870075E+000                 -6.1081188897306058E+000                  7.0798931493322934E+000                  6.9999999999892504E-001                  2.8000000000107544E-001                  1.9999999999999574E-002                  3.6366436729330154E-001                  1.5700582900653988E+001                  0.0000000000000000E+000                  2.4962683544462524E-001                  2.4962683544462524E-001                  3.6409501431099288E-006                  3.6409501431099288E-006                  0.0000000000000000E+000                 -1.8729058165827781E+000                 -9.8999999999999986E+001                 -3.8743375792055340E-001 
                                     274                  2.9999999279951264E+000                  2.9889046519310403E-001                  5.0509667525423989E+000                 -6.1000741921387194E+000                  7.0906380886744085E+000                  6.9999999999892504E-001                  2.8000000000107544E-001                  1.9999999999999574E-002                  3.6371860785729476E-001                  1.5724788361576161E+001                  0.0000000000000000E+000                  2.4989565132890920E-001                  2.4989565132890920E-001                  3.6200294978735072E-006                  3.6200294978735072E-006                  0.0000000000000000E+000                 -1.8850239046731452E+000                 -9.8999999999999986E+001                 -4.0022087885681962E-001 
                                     275                  2.9999999256513763E+000                  2.9881410074067599E-001                  5.0540214208684358E+000                 -6.0909188336417825E+000                  7.1028552947409578E+000                  6.9999999999892504E-001                  2.8000000000107544E-001                  1.9999999999999574E-002                  3.6372791495471896E-001                  1.5755118031845765E+001                  0.0000000000000000E+000                  2.5042206982392851E-001                  2.5042206982392851E-001                  3.5783899626450593E-006                  3.5783899626450593E-006                  0.0000000000000000E+000                 -1.8986764549095101E+000                 -9.8999999999999986E+001                 -4.1471028149855471E-001 
                                     276                  2.9999999238935637E+000                  2.9875799647889689E-001                  5.0574324367111245E+000                 -6.0807793032130801E+000                  7.1164164214178864E+000                  6.9999999999892504E-001                  2.8000000000107544E-001                  1.9999999999999574E-002                  3.6374524611994452E-001                  1.5788436766118677E+001                  0.0000000000000000E+000                  2.5081256050855510E-001                  2.5081256050855510E-001                  3.5472456872469727E-006                  3.5472456872469727E-006                  0.0000000000000000E+000                 -1.9137901774404447E+000                 -9.8999999999999986E+001                 -4.3074147523986250E-001 
                                     277                  2.9999999209638761E+000                  2.9866660066238676E-001                  5.0619630693486810E+000                 -6.0673266216207260E+000                  7.1344122622695298E+000                  6.9999999999892504E-001                  2.8000000000107539E-001                  1.9999999999999574E-002                  3.6385907363285380E-001                  1.5835437562495887E+001                  0.0000000000000000E+000                  2.5143876773592533E-001                  2.5143876773592533E-001                  3.4984977999794862E-006                  3.4984977999794862E-006                  0.0000000000000000E+000                 -1.9338614738338609E+000                 -9.8999999999999986E+001                 -4.5210370821188484E-001 
                                     278                  2.9999999174482510E+000                  2.9856019822504865E-001                  5.0659243975103854E+000                 -6.0555449947421742E+000                  7.1501643587738872E+000                  6.9999999999892504E-001                  2.8000000000107539E-001                  1.9999999999999574E-002                  3.6386426036939656E-001                  1.5879865675224114E+001                  0.0000000000000000E+000                  2.5218734684273220E-001                  2.5218734684273220E-001                  3.4415715139513968E-006                  3.4415715139513968E-006                  0.0000000000000000E+000                 -1.9513728586841450E+000                 -9.8999999999999986E+001                 -4.7083184981306131E-001 
                                     279                  2.9999999151045018E+000                  2.9849111988112936E-001                  5.0682403023086291E+000                 -6.0486773779929282E+000                  7.1593542555537351E+000                  6.9999999999892504E-001                  2.8000000000107539E-001                  1.9999999999999574E-002                  3.6386235229376579E-001                  1.5906216022662001E+001                  0.0000000000000000E+000                  2.5267852376805711E-001                  2.5267852376805711E-001                  3.4038532732317587E-006                  3.4038532732317587E-006                  0.0000000000000000E+000                 -1.9616585133409261E+000                 -9.8999999999999986E+001                 -4.8183755662640881E-001 
                                     280                  2.9999999139326263E+000                  2.9845711048351969E-001                  5.0697633703250187E+000                 -6.0441836215831675E+000                  7.1653764391940600E+000                  6.9999999999892504E-001                  2.8000000000107539E-001                  1.9999999999999574E-002                  3.6388082434758845E-001                  1.5923179771530968E+001                  0.0000000000000000E+000                  2.5291338676448105E-001                  2.5291338676448105E-001                  3.3860387187177926E-006                  3.3860387187177926E-006                  0.0000000000000000E+000                 -1.9684647978596144E+000                 -9.8999999999999986E+001                 -4.8910676327546210E-001 
                                     281                  2.9999999127607517E+000                  2.9842344330684251E-001                  5.0720174564244989E+000                 -6.0375649434485448E+000                  7.1742587018088289E+000                  6.9999999999892504E-001                  2.8000000000107539E-001                  1.9999999999999574E-002                  3.6392062019269394E-001                  1.5947748118193402E+001                  0.0000000000000000E+000                  2.5313607571763541E-001                  2.5313607571763541E-001                  3.3692836812414926E-006                  3.3692836812414926E-006                  0.0000000000000000E+000                 -1.9785130052262505E+000                 -9.8999999999999986E+001                 -4.9982454023447132E-001 
                                     282                  2.9999999104170016E+000                  2.9835710444413965E-001                  5.0764118683531256E+000                 -6.0247316032040992E+000                  7.1915064725965809E+000                  6.9999999999892504E-001                  2.8000000000107544E-001                  1.9999999999999574E-002                  3.6387937694458511E-001                  1.5994897226460083E+001                  0.0000000000000000E+000                  2.5355394632877037E-001                  2.5355394632877037E-001                  3.3361038171858978E-006                  3.3361038171858978E-006                  0.0000000000000000E+000                 -1.9975812970678175E+000                 -9.8999999999999986E+001                 -5.2017491860495613E-001 
                                     283                  2.9999999057295019E+000                  2.9822820307596309E-001                  5.0806162081654582E+000                 -6.0123402887535518E+000                  7.2081146764515758E+000                  6.9999999999892504E-001                  2.8000000000107544E-001                  1.9999999999999574E-002                  3.6382143999099281E-001                  1.6045918425479954E+001                  0.0000000000000000E+000                  2.5438027715178035E-001                  2.5438027715178035E-001                  3.2694722975198609E-006                  3.2694722975198609E-006                  0.0000000000000000E+000                 -2.0159451379958218E+000                 -9.8999999999999986E+001                 -5.3992188627458715E-001 
                                     284                  2.9999999033857518E+000                  2.9816552385373618E-001                  5.0833514082250932E+000                 -6.0043514255359680E+000                  7.2188502595230384E+000                  6.9999999999892504E-001                  2.8000000000107544E-001                  1.9999999999999574E-002                  3.6383119793448415E-001                  1.6078456880152313E+001                  0.0000000000000000E+000                  2.5479103269219688E-001                  2.5479103269219688E-001                  3.2381600064489175E-006                  3.2381600064489175E-006                  0.0000000000000000E+000                 -2.0281017044762093E+000                 -9.8999999999999986E+001                 -5.5295823835645952E-001 
                                     285                  2.9999999010420018E+000                  2.9810396066602718E-001                  5.0873573981793365E+000                 -5.9927488736439534E+000                  7.2344805776119125E+000                  6.9999999999892504E-001                  2.8000000000107544E-001                  1.9999999999999574E-002                  3.6381149075029995E-001                  1.6126200452033601E+001                  0.0000000000000000E+000                  2.5517692181004986E-001                  2.5517692181004986E-001                  3.2086480374612558E-006                  3.2086480374612558E-006                  0.0000000000000000E+000                 -2.0456122164456474E+000                 -9.8999999999999986E+001                 -5.7175643925126418E-001 
                                     286                  2.9999998963545020E+000                  2.9798400498735067E-001                  5.0912065966288305E+000                 -5.9815102891775247E+000                  7.2495842376667508E+000                  6.9999999999892504E-001                  2.8000000000107544E-001                  1.9999999999999574E-002                  3.6370602796638074E-001                  1.6179700159829594E+001                  0.0000000000000000E+000                  2.5597510381408956E-001                  2.5597510381408956E-001                  3.1474520754441111E-006                  3.1474520754441111E-006                  0.0000000000000000E+000                 -2.0620494549894381E+000                 -9.8999999999999986E+001                 -5.8963209365096358E-001 
                                     287                  2.9999998940107520E+000                  2.9792552329960731E-001                  5.0937166656576682E+000                 -5.9742417975394311E+000                  7.2593744168426424E+000                  6.9999999999892504E-001                  2.8000000000107539E-001                  1.9999999999999574E-002                  3.6367609421490960E-001                  1.6215555789184460E+001                  0.0000000000000000E+000                  2.5639656755420326E-001                  2.5639656755420326E-001                  3.1168013081706217E-006                  3.1168013081706217E-006                  0.0000000000000000E+000                 -2.0730091694031341E+000                 -9.8999999999999986E+001                 -6.0155317806630126E-001 
                                     288                  2.9999998916670019E+000                  2.9786798918557728E-001                  5.0974015360851599E+000                 -5.9636584137210269E+000                  7.2736653659585055E+000                  6.9999999999892504E-001                  2.8000000000107539E-001                  1.9999999999999574E-002                  3.6374282483338494E-001                  1.6270234884773028E+001                  0.0000000000000000E+000                  2.5681722007839547E-001                  2.5681722007839547E-001                  3.0889072238090391E-006                  3.0889072238090391E-006                  0.0000000000000000E+000                 -2.0894442937530555E+000                 -9.8999999999999986E+001                 -6.1945028666922042E-001 
                                     289                  2.9999998869795022E+000                  2.9775562526590604E-001                  5.1009564902829521E+000                 -5.9533851514764642E+000                  7.2875150982372707E+000                  6.9999999999892504E-001                  2.8000000000107544E-001                  1.9999999999999574E-002                  3.6379055195448379E-001                  1.6331393236943612E+001                  0.0000000000000000E+000                  2.5771334398725904E-001                  2.5771334398725904E-001                  3.0351700331435477E-006                  3.0351700331435477E-006                  0.0000000000000000E+000                 -2.1048432689553378E+000                 -9.8999999999999986E+001                 -6.3647867600402996E-001 
                                     290                  2.9999998846357521E+000                  2.9770072498997086E-001                  5.1044365900315789E+000                 -5.9434591501027070E+000                  7.3009434600657839E+000                  6.9999999999892504E-001                  2.8000000000107544E-001                  1.9999999999999574E-002                  3.6376405653510208E-001                  1.6393227481164100E+001                  0.0000000000000000E+000                  2.5818895828873767E-001                  2.5818895828873767E-001                  3.0072938276574845E-006                  3.0072938276574845E-006                  0.0000000000000000E+000                 -2.1196294553178596E+000                 -9.8999999999999986E+001                 -6.5290609198498006E-001 
                                     291                  2.9999998799482523E+000                  2.9759334535232479E-001                  5.1089192960517025E+000                 -5.9306710439712322E+000                  7.3182422726005756E+000                  6.9999999999892504E-001                  2.8000000000107544E-001                  1.9999999999999574E-002                  3.6379240786119071E-001                  1.6481017203956437E+001                  0.0000000000000000E+000                  2.5916570142596518E-001                  2.5916570142596518E-001                  2.9519183636377471E-006                  2.9519183636377471E-006                  0.0000000000000000E+000                 -2.1392741481242297E+000                 -9.8999999999999986E+001                 -6.7487033275500585E-001 
                                     292                  2.9999998752607522E+000                  2.9748900521398813E-001                  5.1121723117338149E+000                 -5.9213992080591451E+000                  7.3307905745748956E+000                  6.9999999999892504E-001                  2.8000000000107544E-001                  1.9999999999999574E-002                  3.6385157722796774E-001                  1.6549240095526258E+001                  0.0000000000000000E+000                  2.6017991531854773E-001                  2.6017991531854773E-001                  2.8986223972075941E-006                  2.8986223972075941E-006                  0.0000000000000000E+000                 -2.1534791852890143E+000                 -9.8999999999999986E+001                 -6.9086941457797157E-001 
                                     293                  2.9999998729170021E+000                  2.9743790970411932E-001                  5.1153638580623424E+000                 -5.9124156808131545E+000                  7.3429921311289705E+000                  6.9999999999892504E-001                  2.8000000000107544E-001                  1.9999999999999574E-002                  3.6381669892054141E-001                  1.6615581629537356E+001                  0.0000000000000000E+000                  2.6067929667566181E-001                  2.6067929667566181E-001                  2.8719830627132275E-006                  2.8719830627132275E-006                  0.0000000000000000E+000                 -2.1669640346553822E+000                 -9.8999999999999986E+001                 -7.0609175593314621E-001 
                                     294                  2.9999998682295024E+000                  2.9733775852442640E-001                  5.1194888959573097E+000                 -5.9008046521798425E+000                  7.3587595470301146E+000                  6.9999999999892504E-001                  2.8000000000107544E-001                  1.9999999999999574E-002                  3.6369230448306000E-001                  1.6704948499254591E+001                  0.0000000000000000E+000                  2.6164464746347255E-001                  2.6164464746347255E-001                  2.8177801137400037E-006                  2.8177801137400037E-006                  0.0000000000000000E+000                 -2.1843557786403167E+000                 -9.8999999999999986E+001                 -7.2581309324667909E-001 
                                     295                  2.9999998635420022E+000                  2.9724018283435255E-001                  5.1234871442880658E+000                 -5.8896086602228506E+000                  7.3739879554547469E+000                  6.9999999999892504E-001                  2.8000000000107544E-001                  1.9999999999999574E-002                  3.6369500623129131E-001                  1.6792290044072011E+001                  0.0000000000000000E+000                  2.6257699646704685E-001                  2.6257699646704685E-001                  2.7671282758137080E-006                  2.7671282758137080E-006                  0.0000000000000000E+000                 -2.2017235620299656E+000                 -9.8999999999999986E+001                 -7.4544566320402605E-001 
                                     296                  2.9999998588545025E+000                  2.9714502715002661E-001                  5.1273661181055443E+000                 -5.8787992021503621E+000                  7.3887131080424195E+000                  6.9999999999892504E-001                  2.8000000000107544E-001                  1.9999999999999574E-002                  3.6378368905398811E-001                  1.6876616313642959E+001                  0.0000000000000000E+000                  2.6344851826265159E-001                  2.6344851826265159E-001                  2.7226577163450119E-006                  2.7226577163450119E-006                  0.0000000000000000E+000                 -2.2182495199608896E+000                 -9.8999999999999986E+001                 -7.6414707173131424E-001 
                                     297                  2.9999998541670019E+000                  2.9705215033201293E-001                  5.1311326162528017E+000                 -5.8683451912200519E+000                  7.4029673111230476E+000                  6.9999999999892504E-001                  2.8000000000107544E-001                  1.9999999999999574E-002                  3.6372674871775679E-001                  1.6958566813063065E+001                  0.0000000000000000E+000                  2.6425978583145016E-001                  2.6425978583145016E-001                  2.6800639044245620E-006                  2.6800639044245620E-006                  0.0000000000000000E+000                 -2.2338982028702716E+000                 -9.8999999999999986E+001                 -7.8189952515850303E-001 
                                     298                  2.9999998494795022E+000                  2.9696142496773809E-001                  5.1347930409692637E+000                 -5.8582260179676791E+000                  7.4167798546204340E+000                  6.9999999999892482E-001                  2.8000000000107578E-001                  1.9999999999999352E-002                  3.6363293794933854E-001                  1.7039360488589871E+001                  0.0000000000000000E+000                  2.6502805898101567E-001                  2.6502805898101567E-001                  2.6374620752308122E-006                  2.6374620752308122E-006                  0.0000000000000000E+000                 -2.2494040493539758E+000                 -9.8999999999999986E+001                 -7.9946951657185972E-001 
                                     299                  2.9999998447920020E+000                  2.9687273414738441E-001                  5.1392389250098036E+000                 -5.8460352461742859E+000                  7.4334631604268386E+000                  6.9999999999892482E-001                  2.8000000000107578E-001                  1.9999999999999352E-002                  3.6371654482275850E-001                  1.7139066049200409E+001                  0.0000000000000000E+000                  2.6576580739651329E-001                  2.6576580739651329E-001                  2.5985276018801645E-006                  2.5985276018801645E-006                  0.0000000000000000E+000                 -2.2685171736558831E+000                 -9.8999999999999986E+001                 -8.2111650291505012E-001 
                                     300                  2.9999998377607522E+000                  2.9674328286271856E-001                  5.1435194661073211E+000                 -5.8342752647578822E+000                  7.4495480359839652E+000                  6.9999999999892482E-001                  2.8000000000107578E-001                  1.9999999999999352E-002                  3.6371387727551169E-001                  1.7242756109118570E+001                  0.0000000000000000E+000                  2.6687296674317490E-001                  2.6687296674317490E-001                  2.5430452723591169E-006                  2.5430452723591169E-006                  0.0000000000000000E+000                 -2.2863546426985968E+000                 -9.8999999999999986E+001                 -8.4157350586066393E-001 
                                     301                  2.9999998330732520E+000                  2.9665922557055141E-001                  5.1468544254296198E+000                 -5.8251841793906518E+000                  7.4620098283098892E+000                  6.9999999999892459E-001                  2.8000000000107600E-001                  1.9999999999999352E-002                  3.6360821168456842E-001                  1.7327053645032588E+001                  0.0000000000000000E+000                  2.6763178739656357E-001                  2.6763178739656357E-001                  2.5040847640184048E-006                  2.5040847640184048E-006                  0.0000000000000000E+000                 -2.3002286316947971E+000                 -9.8999999999999986E+001                 -8.5756553015112635E-001 
                                     302                  2.9999998283857523E+000                  2.9657686223217095E-001                  5.1509178187159304E+000                 -5.8141940509706167E+000                  7.4771117131782674E+000                  6.9999999999892459E-001                  2.8000000000107600E-001                  1.9999999999999352E-002                  3.6359668660865813E-001                  1.7435251723564882E+001                  0.0000000000000000E+000                  2.6840595884492396E-001                  2.6840595884492396E-001                  2.4658020163148653E-006                  2.4658020163148653E-006                  0.0000000000000000E+000                 -2.3174257386487920E+000                 -9.8999999999999986E+001                 -8.7746613970691056E-001 
                                     303                  2.9999998213545025E+000                  2.9645631994606852E-001                  5.1548471129493345E+000                 -5.8035601642822536E+000                  7.4917219965851816E+000                  6.9999999999892459E-001                  2.8000000000107600E-001                  1.9999999999999352E-002                  3.6369664931461998E-001                  1.7549599312212251E+001                  0.0000000000000000E+000                  2.6962465001468200E-001                  2.6962465001468200E-001                  2.4119724244840754E-006                  2.4119724244840754E-006                  0.0000000000000000E+000                 -2.3338253578972528E+000                 -9.8999999999999986E+001                 -8.9670474321673277E-001 
                                     304                  2.9999998166670019E+000                  2.9637784829216712E-001                  5.1579174536793992E+000                 -5.7953160852100849E+000                  7.5030744379049867E+000                  6.9999999999892459E-001                  2.8000000000107600E-001                  1.9999999999999352E-002                  3.6366460673773443E-001                  1.7642667153225830E+001                  0.0000000000000000E+000                  2.7047070162347248E-001                  2.7047070162347248E-001                  2.3757154985892352E-006                  2.3757154985892352E-006                  0.0000000000000000E+000                 -2.3465107526572244E+000                 -9.8999999999999986E+001                 -9.1168717420566237E-001 
                                     305                  2.9999998119795017E+000                  2.9630081082584742E-001                  5.1609211298256588E+000                 -5.7872873259734625E+000                  7.5141454240354086E+000                  6.9999999999892459E-001                  2.8000000000107600E-001                  1.9999999999999352E-002                  3.6357945610998998E-001                  1.7736961036053518E+001                  0.0000000000000000E+000                  2.7132423376744513E-001                  2.7132423376744513E-001                  2.3380480890079436E-006                  2.3380480890079436E-006                  0.0000000000000000E+000                 -2.3589220113328242E+000                 -9.8999999999999986E+001                 -9.2641340472416656E-001 
                                     306                  2.9999998072920020E+000                  2.9622514456253163E-001                  5.1653239510685642E+000                 -5.7756458025107875E+000                  7.5302510932623674E+000                  6.9999999999892459E-001                  2.8000000000107600E-001                  1.9999999999999352E-002                  3.6359286976044547E-001                  1.7877773994500487E+001                  0.0000000000000000E+000                  2.7217012098650006E-001                  2.7217012098650006E-001                  2.3018612376990294E-006                  2.3018612376990294E-006                  0.0000000000000000E+000                 -2.3771401882399825E+000                 -9.8999999999999986E+001                 -9.4806581305343440E-001 
                                     307                  2.9999997979170021E+000                  2.9607770113765097E-001                  5.1709672061158720E+000                 -5.7607554080612688E+000                  7.5508636699791714E+000                  6.9999999999892459E-001                  2.8000000000107600E-001                  1.9999999999999352E-002                  3.6354402466025748E-001                  1.8066891657230954E+001                  0.0000000000000000E+000                  2.7382481239884121E-001                  2.7382481239884121E-001                  2.2336845737099307E-006                  2.2336845737099307E-006                  0.0000000000000000E+000                 -2.4003209581150671E+000                 -9.8999999999999986E+001                 -9.7581658168995611E-001 
                                     308                  2.9999997885420018E+000                  2.9593508452828077E-001                  5.1750431306120532E+000                 -5.7500296615187407E+000                  7.5657246284394351E+000                  6.9999999999892459E-001                  2.8000000000107600E-001                  1.9999999999999352E-002                  3.6341633392202755E-001                  1.8207396533651508E+001                  0.0000000000000000E+000                  2.7542874379901044E-001                  2.7542874379901044E-001                  2.1669603962620200E-006                  2.1669603962620200E-006                  0.0000000000000000E+000                 -2.4170001639435523E+000                 -9.8999999999999986E+001                 -9.9586019931687120E-001 
                                     309                  2.9999997838545016E+000                  2.9586546473444364E-001                  5.1790296728403202E+000                 -5.7397024194579336E+000                  7.5801029115908607E+000                  6.9999999999892459E-001                  2.8000000000107600E-001                  1.9999999999999352E-002                  3.6333434352953675E-001                  1.8341670496878404E+001                  0.0000000000000000E+000                  2.7617736715720592E-001                  2.7617736715720592E-001                  2.1354100999616901E-006                  2.1354100999616901E-006                  0.0000000000000000E+000                 -2.4331523844809140E+000                 -9.8999999999999986E+001                 -1.0152034570193040E+000 
                                     310                  2.9999997744795017E+000                  2.9572940049427243E-001                  5.1828822762458824E+000                 -5.7296796826572649E+000                  7.5940375603622652E+000                  6.9999999999892459E-001                  2.8000000000107600E-001                  1.9999999999999352E-002                  3.6328779609172168E-001                  1.8474127442526566E+001                  0.0000000000000000E+000                  2.7756654486340943E-001                  2.7756654486340943E-001                  2.0774160292251700E-006                  2.0774160292251700E-006                  0.0000000000000000E+000                 -2.4486368681074215E+000                 -9.8999999999999986E+001                 -1.0338129900082778E+000 
                                     311                  2.9999997697920011E+000                  2.9566287391903956E-001                  5.1854008435012986E+000                 -5.7231859944059371E+000                  7.6030904632919274E+000                  6.9999999999892459E-001                  2.8000000000107600E-001                  1.9999999999999352E-002                  3.6325131463806898E-001                  1.8558836007397293E+001                  0.0000000000000000E+000                  2.7821477954419777E-001                  2.7821477954419777E-001                  2.0505358177465459E-006                  2.0505358177465459E-006                  0.0000000000000000E+000                 -2.4588948531234793E+000                 -9.8999999999999986E+001                 -1.0460577746134891E+000 
                                     312                  2.9999997651045014E+000                  2.9559730475871770E-001                  5.1884909847482827E+000                 -5.7152651318781436E+000                  7.6141541024026163E+000                  6.9999999999892459E-001                  2.8000000000107600E-001                  1.9999999999999352E-002                  3.6320563431449432E-001                  1.8660797312740542E+001                  0.0000000000000000E+000                  2.7880681894077397E-001                  2.7880681894077397E-001                  2.0256252839447611E-006                  2.0256252839447611E-006                  0.0000000000000000E+000                 -2.4715238561367232E+000                 -9.8999999999999986E+001                 -1.0610662398216859E+000 
                                     313                  2.9999997580732516E+000                  2.9550067446191253E-001                  5.1921050733464504E+000                 -5.7060154443737785E+000                  7.6270801759972020E+000                  6.9999999999892459E-001                  2.8000000000107600E-001                  1.9999999999999352E-002                  3.6317526030084712E-001                  1.8778352189775138E+001                  0.0000000000000000E+000                  2.7961580965784211E-001                  2.7961580965784211E-001                  1.9909692448480188E-006                  1.9909692448480188E-006                  0.0000000000000000E+000                 -2.4859967951557600E+000                 -9.8999999999999986E+001                 -1.0782664641110131E+000 
                                     314                  2.9999997510420013E+000                  2.9540601793695270E-001                  5.1973765555282974E+000                 -5.6926687724447849E+000                  7.6457913199731573E+000                  6.9999999999892459E-001                  2.8000000000107600E-001                  1.9999999999999352E-002                  3.6319490737014742E-001                  1.8940660030339782E+001                  0.0000000000000000E+000                  2.8031375754787230E-001                  2.8031375754787230E-001                  1.9601250339591163E-006                  1.9601250339591163E-006                  0.0000000000000000E+000                 -2.5071146634825165E+000                 -9.8999999999999986E+001                 -1.1031219622884791E+000 
                                     315                  2.9999997369795017E+000                  2.9522225772463501E-001                  5.2029634938584230E+000                 -5.6784322065928432E+000                  7.6657105795311109E+000                  6.9999999999892459E-001                  2.8000000000107600E-001                  1.9999999999999352E-002                  3.6327515961188611E-001                  1.9107840040770125E+001                  0.0000000000000000E+000                  2.8144887674419156E-001                  2.8144887674419156E-001                  1.9085222880893925E-006                  1.9085222880893925E-006                  0.0000000000000000E+000                 -2.5298385463991506E+000                 -9.8999999999999986E+001                 -1.1296623352578172E+000 
                                     316                  2.9999997276045014E+000                  2.9510357777965757E-001                  5.2062078217008176E+000                 -5.6701945085458449E+000                  7.6772502913796155E+000                  6.9999999999892459E-001                  2.8000000000107600E-001                  1.9999999999999352E-002                  3.6323926815902785E-001                  1.9199798647408116E+001                  0.0000000000000000E+000                  2.8205372811264728E-001                  2.8205372811264728E-001                  1.8781721893628125E-006                  1.8781721893628125E-006                  0.0000000000000000E+000                 -2.5427856000627038E+000                 -9.8999999999999986E+001                 -1.1446944674105457E+000 
                                     317                  2.9999997229170012E+000                  2.9504531716493637E-001                  5.2093923762228078E+000                 -5.6621913181540986E+000                  7.6884972554629432E+000                  6.9999999999892459E-001                  2.8000000000107600E-001                  1.9999999999999352E-002                  3.6317691913962497E-001                  1.9284743282522609E+001                  0.0000000000000000E+000                  2.8228535082461670E-001                  2.8228535082461670E-001                  1.8640499444843311E-006                  1.8640499444843311E-006                  0.0000000000000000E+000                 -2.5554305244903173E+000                 -9.8999999999999986E+001                 -1.1592565802420873E+000 
                                     318                  2.9999997135420013E+000                  2.9493085526687107E-001                  5.2145340651535204E+000                 -5.6492895251659982E+000                  7.7066369161449861E+000                  6.9999999999892459E-001                  2.8000000000107600E-001                  1.9999999999999352E-002                  3.6309195671635558E-001                  1.9417172276913796E+001                  0.0000000000000000E+000                  2.8263872546488306E-001                  2.8263872546488306E-001                  1.8389875014689682E-006                  1.8389875014689682E-006                  0.0000000000000000E+000                 -2.5760267759540896E+000                 -9.8999999999999986E+001                 -1.1828249549392555E+000 
                                     319                  2.9999996994795008E+000                  2.9476402596459728E-001                  5.2194555948046126E+000                 -5.6368639662868478E+000                  7.7240754421756801E+000                  6.9999999999892459E-001                  2.8000000000107600E-001                  1.9999999999999352E-002                  3.6293954983658339E-001                  1.9543311037427962E+001                  0.0000000000000000E+000                  2.8306898595454832E-001                  2.8306898595454832E-001                  1.8046905627947176E-006                  1.8046905627947176E-006                  0.0000000000000000E+000                 -2.5956195671193951E+000                 -9.8999999999999986E+001                 -1.2052299082179079E+000 
                                     320                  2.9999996901045010E+000                  2.9465584071502426E-001                  5.2232733114937844E+000                 -5.6272779542620706E+000                  7.7375522362067048E+000                  6.9999999999892459E-001                  2.8000000000107600E-001                  1.9999999999999352E-002                  3.6279420995089745E-001                  1.9638089250222219E+001                  0.0000000000000000E+000                  2.8330168477978751E-001                  2.8330168477978751E-001                  1.7829640029414699E-006                  1.7829640029414699E-006                  0.0000000000000000E+000                 -2.6106794325002993E+000                 -9.8999999999999986E+001                 -1.2223908603550750E+000 
                                     321                  2.9999996807295006E+000                  2.9454993895687553E-001                  5.2279042261095725E+000                 -5.6157055327678558E+000                  7.7538462013803553E+000                  6.9999999999892448E-001                  2.8000000000107605E-001                  1.9999999999999463E-002                  3.6267517187787862E-001                  1.9750589750748755E+001                  0.0000000000000000E+000                  2.8347703348191722E-001                  2.8347703348191722E-001                  1.7634956483637744E-006                  1.7634956483637744E-006                  0.0000000000000000E+000                 -2.6290869841570714E+000                 -9.8999999999999986E+001                 -1.2432792520098399E+000 
                                     322                  2.9999996666670010E+000                  2.9439512394447198E-001                  5.2324905051957549E+000                 -5.6041763862868734E+000                  7.7700495705038666E+000                  6.9999999999892437E-001                  2.8000000000107611E-001                  1.9999999999999574E-002                  3.6258911106714170E-001                  1.9862671348672286E+001                  0.0000000000000000E+000                  2.8369546719684663E-001                  2.8369546719684663E-001                  1.7376248949288860E-006                  1.7376248949288860E-006                  0.0000000000000000E+000                 -2.6473207417153191E+000                 -9.8999999999999986E+001                 -1.2639706001148463E+000 
                                     323                  2.9999996565682756E+000                  2.9428676051934843E-001                  5.2362106992178479E+000                 -5.5948604228754233E+000                  7.7831585505624163E+000                  6.9999999999892437E-001                  2.8000000000107611E-001                  1.9999999999999574E-002                  3.6252137291068864E-001                  1.9949341757703511E+001                  0.0000000000000000E+000                  2.8380954957627380E-001                  2.8380954957627380E-001                  1.7208845430621879E-006                  1.7208845430621879E-006                  0.0000000000000000E+000                 -2.6620568359452705E+000                 -9.8999999999999986E+001                 -1.2805976094249178E+000 
                                     324                  2.9999996464695502E+000                  2.9418061821320940E-001                  5.2398259325604686E+000                 -5.5858089844560581E+000                  7.7958956735160942E+000                  6.9999999999892437E-001                  2.8000000000107611E-001                  1.9999999999999574E-002                  3.6249444389905883E-001                  2.0029520308252017E+001                  0.0000000000000000E+000                  2.8385308134080406E-001                  2.8385308134080406E-001                  1.7065538688392085E-006                  1.7065538688392085E-006                  0.0000000000000000E+000                 -2.6763885217636272E+000                 -9.8999999999999986E+001                 -1.2966712746204783E+000 
                                     325                  2.9999996363708248E+000                  2.9407658971296041E-001                  5.2433411585163467E+000                 -5.5770064658687257E+000                  7.8082815515692676E+000                  6.9999999999892437E-001                  2.8000000000107611E-001                  1.9999999999999574E-002                  3.6248510569637543E-001                  2.0102540494540179E+001                  0.0000000000000000E+000                  2.8382687186514821E-001                  2.8382687186514821E-001                  1.6948319423148183E-006                  1.6948319423148183E-006                  0.0000000000000000E+000                 -2.6903774588244218E+000                 -9.8999999999999986E+001                 -1.3122406103193585E+000 
                                     326                  2.9999996262720998E+000                  2.9397457592297938E-001                  5.2467608493001663E+000                 -5.5684387228254204E+000                  7.8203351274345989E+000                  6.9999999999892437E-001                  2.8000000000107611E-001                  1.9999999999999574E-002                  3.6243980641335011E-001                  2.0167882917259234E+001                  0.0000000000000000E+000                  2.8372432102747397E-001                  2.8372432102747397E-001                  1.6850664377389910E-006                  1.6850664377389910E-006                  0.0000000000000000E+000                 -2.7039758559097749E+000                 -9.8999999999999986E+001                 -1.3272483745961898E+000 
                                     327                  2.9999996161733749E+000                  2.9387448509154579E-001                  5.2517431988872625E+000                 -5.5560294563527277E+000                  7.8378263321733979E+000                  6.9999999999892437E-001                  2.8000000000107611E-001                  1.9999999999999574E-002                  3.6232163724901806E-001                  2.0248009938108119E+001                  0.0000000000000000E+000                  2.8351429054621657E-001                  2.8351429054621657E-001                  1.6773090649316342E-006                  1.6773090649316342E-006                  0.0000000000000000E+000                 -2.7237715477460984E+000                 -9.8999999999999986E+001                 -1.3487661017238193E+000 
                                     328                  2.9999995959759245E+000                  2.9367974415709958E-001                  5.2564858431371402E+000                 -5.5440161175411315E+000                  7.8546698749486561E+000                  6.9999999999892426E-001                  2.8000000000107611E-001                  1.9999999999999574E-002                  3.6223231573135845E-001                  2.0315960546037335E+001                  0.0000000000000000E+000                  2.8290809967554642E-001                  2.8290809967554642E-001                  1.6663086361864127E-006                  1.6663086361864127E-006                  0.0000000000000000E+000                 -2.7426059563858658E+000                 -9.8999999999999986E+001                 -1.3690555286422244E+000 
                                     329                  2.9999995858771991E+000                  2.9358493544117664E-001                  5.2595613081577683E+000                 -5.5362637777935042E+000                  7.8655559780749797E+000                  6.9999999999892426E-001                  2.8000000000107617E-001                  1.9999999999999574E-002                  3.6216448069212015E-001                  2.0350814183826834E+001                  0.0000000000000000E+000                  2.8252655334340543E-001                  2.8252655334340543E-001                  1.6629956891282358E-006                  1.6629956891282358E-006                  0.0000000000000000E+000                 -2.7548467055939398E+000                 -9.8999999999999986E+001                 -1.3820407074260954E+000 
                                     330                  2.9999995757784736E+000                  2.9349174359274099E-001                  5.2640500825696925E+000                 -5.5249926169799197E+000                  7.8814033412712181E+000                  6.9999999999892415E-001                  2.8000000000107622E-001                  1.9999999999999574E-002                  3.6205810123147375E-001                  2.0389252012888889E+001                  0.0000000000000000E+000                  2.8204269683190852E-001                  2.8204269683190852E-001                  1.6621092786614130E-006                  1.6621092786614130E-006                  0.0000000000000000E+000                 -2.7728362654238556E+000                 -9.8999999999999986E+001                 -1.4008497735473402E+000 
                                     331                  2.9999995555810237E+000                  2.9330996229502393E-001                  5.2697528718193425E+000                 -5.5104996095762031E+000                  7.9017050634118213E+000                  6.9999999999892415E-001                  2.8000000000107628E-001                  1.9999999999999574E-002                  3.6189487636158718E-001                  2.0425776620738237E+001                  0.0000000000000000E+000                  2.8094886275710007E-001                  2.8094886275710007E-001                  1.6631908161275699E-006                  1.6631908161274449E-006                  1.2494140061375115E-019                 -2.7955986134070900E+000                 -9.8999999999999986E+001                 -1.4243894086105415E+000 
                                     332                  2.9999995353835729E+000                  2.9313392977161712E-001                  5.2738351592032302E+000                 -5.5000025951583433E+000                  7.9163551873276132E+000                  6.9999999999892415E-001                  2.8000000000107633E-001                  1.9999999999999574E-002                  3.6178923176273248E-001                  2.0443903166252593E+001                  0.0000000000000000E+000                  2.7980471867457851E-001                  2.7980471867457851E-001                  1.6655290903620573E-006                  1.6655290903615628E-006                  4.9441461076199804E-019                 -2.8118329627458336E+000                 -9.8999999999999986E+001                 -1.4410089979260428E+000 
                                     333                  2.9999995252848484E+000                  2.9304793759102538E-001                  5.2778100800804504E+000                 -5.4898661844674805E+000                  7.9305382481402216E+000                  6.9999999999892404E-001                  2.8000000000107633E-001                  1.9999999999999574E-002                  3.6172327945108740E-001                  2.0449222004517413E+001                  0.0000000000000000E+000                  2.7918172548891301E-001                  2.7918172548891301E-001                  1.6682951840396529E-006                  1.6682951840389151E-006                  7.3776429703754638E-019                 -2.8278220192381269E+000                 -9.8999999999999986E+001                 -1.4571110304120545E+000 
                                     334                  2.9999995050873975E+000                  2.9287977330661874E-001                  5.2826910074897828E+000                 -5.4772509600934693E+000                  7.9481163312144298E+000                  6.9999999999892404E-001                  2.8000000000107633E-001                  1.9999999999999574E-002                  3.6159634683827180E-001                  2.0449063024129781E+001                  0.0000000000000000E+000                  2.7786350334834098E-001                  2.7786350334834098E-001                  1.6758422535568028E-006                  1.6758422535563158E-006                  4.8694329848203313E-019                 -2.8474973177607970E+000                 -9.8999999999999986E+001                 -1.4767829553664886E+000 
                                     335                  2.9999994863975634E+000                  2.9272844970244788E-001                  5.2871924550490377E+000                 -5.4655525297389467E+000                  7.9643899087625885E+000                  6.9999999999892404E-001                  2.8000000000107633E-001                  1.9999999999999574E-002                  3.6142662686711202E-001                  2.0439258461266263E+001                  0.0000000000000000E+000                  2.7664070394691165E-001                  2.7664070394691165E-001                  1.6822420054871375E-006                  1.6822420054870168E-006                  1.2065009595555722E-019                 -2.8655875581826846E+000                 -9.8999999999999986E+001                 -1.4946649204636770E+000 
                                     336                  2.9999994677077289E+000                  2.9258099575154406E-001                  5.2915176063244154E+000                 -5.4542383880302987E+000                  7.9800965910967552E+000                  6.9999999999892404E-001                  2.8000000000107633E-001                  1.9999999999999574E-002                  3.6137592090799908E-001                  2.0421862664735229E+001                  0.0000000000000000E+000                  2.7539787555060619E-001                  2.7539787555060619E-001                  1.6899511672830036E-006                  1.6899511672830036E-006                  0.0000000000000000E+000                 -2.8831132256281409E+000                 -9.8999999999999986E+001                 -1.5118208062957306E+000 
                                     337                  2.9999994490178943E+000                  2.9243718903718507E-001                  5.2956783150682512E+000                 -5.4432831622375719E+000                  7.9952747408854137E+000                  6.9999999999892404E-001                  2.8000000000107633E-001                  1.9999999999999574E-002                  3.6127210185983172E-001                  2.0397991294416034E+001                  0.0000000000000000E+000                  2.7415070137419134E-001                  2.7415070137419134E-001                  1.6989196687795974E-006                  1.6989196687795974E-006                  0.0000000000000000E+000                 -2.9001278594897455E+000                 -9.8999999999999986E+001                 -1.5283274935955027E+000 
                                     338                  2.9999994303280602E+000                  2.9229682682890179E-001                  5.2996853823492716E+000                 -5.4326647704354984E+000                  8.0099589485261156E+000                  6.9999999999892404E-001                  2.8000000000107633E-001                  1.9999999999999574E-002                  3.6112298515350050E-001                  2.0368531060686671E+001                  0.0000000000000000E+000                  2.7290683238113372E-001                  2.7290683238113372E-001                  1.7073588546099982E-006                  1.7073588546099982E-006                  0.0000000000000000E+000                 -2.9165084219040969E+000                 -9.8999999999999986E+001                 -1.5440803661847151E+000 
                                     339                  2.9999994116382260E+000                  2.9215972350005531E-001                  5.3035486565816665E+000                 -5.4223602132214399E+000                  8.0241805113894422E+000                  6.9999999999892404E-001                  2.8000000000107633E-001                  1.9999999999999574E-002                  3.6110643554794952E-001                  2.0334218883039334E+001                  0.0000000000000000E+000                  2.7167154620107270E-001                  2.7167154620107270E-001                  1.7166551126136108E-006                  1.7166551126136108E-006                  0.0000000000000000E+000                 -2.9323307961027170E+000                 -9.8999999999999986E+001                 -1.5591705274274510E+000 
                                     340                  2.9999993929483915E+000                  2.9202570951580570E-001                  5.3072770885557876E+000                 -5.4123496012360617E+000                  8.0379678391530724E+000                  6.9999999999892404E-001                  2.8000000000107633E-001                  1.9999999999999574E-002                  3.6109822455419827E-001                  2.0295218889133281E+001                  0.0000000000000000E+000                  2.7044560555510977E-001                  2.7044560555510977E-001                  1.7273760066234954E-006                  1.7273760066234954E-006                  0.0000000000000000E+000                 -2.9477514007300800E+000                 -9.8999999999999986E+001                 -1.5737573802136282E+000 
                                     341                  2.9999993742585569E+000                  2.9189462929961807E-001                  5.3108787819632219E+000                 -5.4026166848398844E+000                  8.0513467986504246E+000                  6.9999999999892404E-001                  2.8000000000107639E-001                  1.9999999999999574E-002                  3.6100891924806799E-001                  2.0251560911640237E+001                  0.0000000000000000E+000                  2.6922554027055895E-001                  2.6922554027055895E-001                  1.7376567613240944E-006                  1.7376567613243027E-006                 -2.0839968425877716E-019                 -2.9626618484156353E+000                 -9.8999999999999986E+001                 -1.5877325934297792E+000 
                                     342                  2.9999993555687228E+000                  2.9176633915675587E-001                  5.3152271070402373E+000                 -5.3908345432676228E+000                  8.0675297087918736E+000                  6.9999999999892404E-001                  2.8000000000107639E-001                  1.9999999999999574E-002                  3.6093235524238260E-001                  2.0188712484823910E+001                  0.0000000000000000E+000                  2.6799452500176885E-001                  2.6799452500176885E-001                  1.7479677958784269E-006                  1.7479677958792551E-006                 -8.2812255117855093E-019                 -2.9807678270334534E+000                 -9.8999999999999986E+001                 -1.6044886952242288E+000 
                                     343                  2.9999993275339714E+000                  2.9157885004180217E-001                  5.3193754380837914E+000                 -5.3793974109460931E+000                  8.0831576879717701E+000                  6.9999999999892393E-001                  2.8000000000107633E-001                  1.9999999999999796E-002                  3.6098133360499440E-001                  2.0123122063264653E+001                  0.0000000000000000E+000                  2.6617014052659521E-001                  2.6617014052659521E-001                  1.7651445702393543E-006                  1.7651445702405848E-006                 -1.2304671023176409E-018                 -2.9982705760724393E+000                 -9.8999999999999986E+001                 -1.6205781866101301E+000 
                                     344                  2.9999993088441372E+000                  2.9145697585523345E-001                  5.3225874950725629E+000                 -5.3705184424560937E+000                  8.0952807992400473E+000                  6.9999999999892393E-001                  2.8000000000107639E-001                  1.9999999999999685E-002                  3.6094513052237115E-001                  2.0064641108384400E+001                  0.0000000000000000E+000                  2.6496918545004411E-001                  2.6496918545004411E-001                  1.7766397862245391E-006                  1.7766397862253544E-006                 -8.1531120766307494E-019                 -3.0117416205786691E+000                 -9.8999999999999986E+001                 -1.6327852681978721E+000 
                                     345                  2.9999992901543027E+000                  2.9133746844519348E-001                  5.3264762191151389E+000                 -5.3597355466118541E+000                  8.1099896750527005E+000                  6.9999999999892393E-001                  2.8000000000107639E-001                  1.9999999999999685E-002                  3.6082466121892137E-001                  1.9984699754307403E+001                  0.0000000000000000E+000                  2.6374367565963830E-001                  2.6374367565963830E-001                  1.7874675117409643E-006                  1.7874675117411670E-006                 -2.0262316007884476E-019                 -3.0280942687495975E+000                 -9.8999999999999986E+001                 -1.6474041508561763E+000 
                                     346                  2.9999992621195513E+000                  2.9116242533983344E-001                  5.3316789909020263E+000                 -5.3451627245335160E+000                  8.1298106862362989E+000                  6.9999999999892393E-001                  2.8000000000107639E-001                  1.9999999999999685E-002                  3.6085602465496425E-001                  1.9865324024315466E+001                  0.0000000000000000E+000                  2.6189854186063782E-001                  2.6189854186063782E-001                  1.8048322854346634E-006                  1.8048322854345637E-006                  9.9711364400308026E-020                 -3.0503630095475258E+000                 -9.8999999999999986E+001                 -1.6670709209243142E+000 
                                     347                  2.9999992247398821E+000                  2.9093642324013147E-001                  5.3368372545569187E+000                 -5.3304450816736644E+000                  8.1497202983224497E+000                  6.9999999999892393E-001                  2.8000000000107639E-001                  1.9999999999999685E-002                  3.6085082514209738E-001                  1.9738005568811584E+001                  0.0000000000000000E+000                  2.5951850561669371E-001                  2.5951850561669371E-001                  1.8282198181112046E-006                  1.8282198181108101E-006                  3.9446462046166442E-019                 -3.0723310383108609E+000                 -9.8999999999999986E+001                 -1.6862465688931971E+000 
                                     348                  2.9999991934803631E+000                  2.9075346367008781E-001                  5.3408828785379825E+000                 -5.3187834015531772E+000                  8.1654488328884920E+000                  6.9999999999892404E-001                  2.8000000000107639E-001                  1.9999999999999574E-002                  3.6077729817741361E-001                  1.9630933343378189E+001                  0.0000000000000000E+000                  2.5761704446495431E-001                  2.5761704446495431E-001                  1.8450319366538465E-006                  1.8450319366532601E-006                  5.8638461771022825E-019                 -3.0896327949963012E+000                 -9.8999999999999986E+001                 -1.7011860112973396E+000 
                                     349                  2.9999991683409943E+000                  2.9061006170938009E-001                  5.3452241619771170E+000                 -5.3062428289360328E+000                  8.1823519272453975E+000                  6.9999999999892404E-001                  2.8000000000107639E-001                  1.9999999999999574E-002                  3.6084438495456189E-001                  1.9507300575942846E+001                  0.0000000000000000E+000                  2.5612034413109486E-001                  2.5612034413109486E-001                  1.8586756082295295E-006                  1.8586756082291414E-006                  3.8820573292558297E-019                 -3.1084228315330660E+000                 -9.8999999999999986E+001                 -1.7172322786852463E+000 
                                     350                  2.9999991306319407E+000                  2.9040082652718213E-001                  5.3493522174560830E+000                 -5.2940803114507169E+000                  8.1986525137164410E+000                  6.9999999999892393E-001                  2.8000000000107639E-001                  1.9999999999999685E-002                  3.6080929758959090E-001                  1.9388978064536712E+001                  0.0000000000000000E+000                  2.5398274719012809E-001                  2.5398274719012809E-001                  1.8782959709219785E-006                  1.8782959709218824E-006                  9.6096053938678421E-020                 -3.1263612603442841E+000                 -9.8999999999999986E+001                 -1.7325284563862811E+000 
                                     351                  2.9999991054925714E+000                  2.9026502692146194E-001                  5.3525427076833862E+000                 -5.2846485394278009E+000                  8.2112818818866327E+000                  6.9999999999892393E-001                  2.8000000000107639E-001                  1.9999999999999685E-002                  3.6074577764392790E-001                  1.9293576307436314E+001                  0.0000000000000000E+000                  2.5264135701328433E-001                  2.5264135701328433E-001                  1.8892469343123339E-006                  1.8892469343123339E-006                  0.0000000000000000E+000                 -3.1402795194488919E+000                 -9.8999999999999986E+001                 -1.7443045367708712E+000 
                                     352                  2.9999990803532017E+000                  2.9013202131570520E-001                  5.3556308489440259E+000                 -5.2754535880765232E+000                  8.2235691725263553E+000                  6.9999999999892393E-001                  2.8000000000107639E-001                  1.9999999999999685E-002                  3.6076021666064934E-001                  1.9199224127997656E+001                  0.0000000000000000E+000                  2.5134379352441316E-001                  2.5134379352441316E-001                  1.9001084118093867E-006                  1.9001084118093003E-006                  8.6473034503675200E-020                 -3.1538406553440090E+000                 -9.8999999999999986E+001                 -1.7557366176519069E+000 
                                     353                  2.9999990552138329E+000                  2.9000168362869982E-001                  5.3593672827764873E+000                 -5.2642898730400569E+000                  8.2384725712935722E+000                  6.9999999999892393E-001                  2.8000000000107644E-001                  1.9999999999999574E-002                  3.6079120021053834E-001                  1.9080738565242648E+001                  0.0000000000000000E+000                  2.5008805968149833E-001                  2.5008805968149833E-001                  1.9113106495855283E-006                  1.9113106495852610E-006                  2.6719704314858261E-019                 -3.1704303589697940E+000                 -9.8999999999999986E+001                 -1.7696378273430307E+000 
                                     354                  2.9999990175047793E+000                  2.8981092720218526E-001                  5.3636531621560088E+000                 -5.2513095750857985E+000                  8.2557364612543136E+000                  6.9999999999892404E-001                  2.8000000000107639E-001                  1.9999999999999574E-002                  3.6074814101677383E-001                  1.8942482914114002E+001                  0.0000000000000000E+000                  2.4828755057189036E-001                  2.4828755057189036E-001                  1.9266576724505083E-006                  1.9266576724503012E-006                  2.0729370616397357E-019                 -3.1895274934784568E+000                 -9.8999999999999986E+001                 -1.7855766903434580E+000 
                                     355                  2.9999989797957256E+000                  2.8962554711304134E-001                  5.3684333430569398E+000                 -5.2367418003804813E+000                  8.2750791295386712E+000                  6.9999999999892393E-001                  2.8000000000107639E-001                  1.9999999999999685E-002                  3.6078312833288162E-001                  1.8780939665381574E+001                  0.0000000000000000E+000                  2.4657743240913219E-001                  2.4657743240913219E-001                  1.9407780237615526E-006                  1.9407780237616674E-006                 -1.1459969915695911E-019                 -3.2109665499092102E+000                 -9.8999999999999986E+001                 -1.8032961653830419E+000 
                                     356                  2.9999989295169875E+000                  2.8938617632195202E-001                  5.3729582934809619E+000                 -5.2226934804440610E+000                  8.2936369291043892E+000                  6.9999999999892393E-001                  2.8000000000107639E-001                  1.9999999999999685E-002                  3.6091171980116560E-001                  1.8625664055637529E+001                  0.0000000000000000E+000                  2.4442731774692011E-001                  2.4442731774692011E-001                  1.9592625491528789E-006                  1.9592625491530940E-006                 -2.1528939878072812E-019                 -3.2314297873887021E+000                 -9.8999999999999986E+001                 -1.8201538579741068E+000 
                                     357                  2.9999988918079343E+000                  2.8921211420095322E-001                  5.3760620189390949E+000                 -5.2129766007475835E+000                  8.3064434113649828E+000                  6.9999999999892393E-001                  2.8000000000107639E-001                  1.9999999999999685E-002                  3.6095468551560800E-001                  1.8515684461095404E+001                  0.0000000000000000E+000                  2.4291340232156028E-001                  2.4291340232156028E-001                  1.9716870874887092E-006                  1.9716870874887833E-006                 -7.4226990618455490E-020                 -3.2454325682952252E+000                 -9.8999999999999986E+001                 -1.8315846498239887E+000 
                                     358                  2.9999988666685646E+000                  2.8909852746473635E-001                  5.3790809299966922E+000                 -5.2035291627424112E+000                  8.3188958834341005E+000                  6.9999999999892393E-001                  2.8000000000107639E-001                  1.9999999999999685E-002                  3.6095882135888196E-001                  1.8404044659852833E+001                  0.0000000000000000E+000                  2.4192335140412580E-001                  2.4192335140412580E-001                  1.9791793148134428E-006                  1.9791793148134428E-006                  0.0000000000000000E+000                 -3.2591125756725425E+000                 -9.8999999999999986E+001                 -1.8426381680575408E+000 
                                     359                  2.9999988289595110E+000                  2.8893165214070110E-001                  5.3831634763281215E+000                 -5.1906454092765388E+000                  8.3358385803838804E+000                  6.9999999999892393E-001                  2.8000000000107639E-001                  1.9999999999999685E-002                  3.6098408411693483E-001                  1.8249743038374334E+001                  0.0000000000000000E+000                  2.4046926225694953E-001                  2.4046926225694953E-001                  1.9899052372846239E-006                  1.9899052372846239E-006                  0.0000000000000000E+000                 -3.2776955810199171E+000                 -9.8999999999999986E+001                 -1.8575646541181869E+000 
                                     360                  2.9999987783475395E+000                  2.8871393487973779E-001                  5.3870758122274980E+000                 -5.1780970570086140E+000                  8.3522679151407946E+000                  6.9999999999892393E-001                  2.8000000000107639E-001                  1.9999999999999685E-002                  3.6107459701392980E-001                  1.8101485723347707E+001                  0.0000000000000000E+000                  2.3863678668190808E-001                  2.3863678668190808E-001                  2.0034858045336254E-006                  2.0034858045336254E-006                  0.0000000000000000E+000                 -3.2956519109368498E+000                 -9.8999999999999986E+001                 -1.8719784594085196E+000 
                                     361                  2.9999987401386359E+000                  2.8855404452685346E-001                  5.3903208939175835E+000                 -5.1676399220149687E+000                  8.3659419081080131E+000                  6.9999999999892393E-001                  2.8000000000107639E-001                  1.9999999999999685E-002                  3.6111685245814623E-001                  1.7975739633034401E+001                  0.0000000000000000E+000                  2.3733628321126643E-001                  2.3733628321126643E-001                  2.0128550052440094E-006                  2.0128550052440094E-006                  0.0000000000000000E+000                 -3.3106118110929921E+000                 -9.8999999999999986E+001                 -1.8839109119117732E+000 
                                     362                  2.9999987019297323E+000                  2.8839778757506246E-001                  5.3939749022380861E+000                 -5.1558108363917157E+000                  8.3813909198156882E+000                  6.9999999999892393E-001                  2.8000000000107639E-001                  1.9999999999999685E-002                  3.6108197527045288E-001                  1.7831709219901633E+001                  0.0000000000000000E+000                  2.3608497594869193E-001                  2.3608497594869193E-001                  2.0209034084685092E-006                  2.0209034084685092E-006                  0.0000000000000000E+000                 -3.3274551819008504E+000                 -9.8999999999999986E+001                 -1.8972604926792582E+000 
                                     363                  2.9999986509845278E+000                  2.8819479139564030E-001                  5.3974730631879941E+000                 -5.1443238997797884E+000                  8.3963366377752120E+000                  6.9999999999892393E-001                  2.8000000000107639E-001                  1.9999999999999685E-002                  3.6111282871356659E-001                  1.7695060768069574E+001                  0.0000000000000000E+000                  2.3451998424767334E-001                  2.3451998424767334E-001                  2.0302784194241802E-006                  2.0302784194241802E-006                  0.0000000000000000E+000                 -3.3436996762007949E+000                 -9.8999999999999986E+001                 -1.9101640790333472E+000 
                                     364                  2.9999986127756242E+000                  2.8804633825786730E-001                  5.4003743993276494E+000                 -5.1347608764804216E+000                  8.4087669599856483E+000                  6.9999999999892393E-001                  2.8000000000107644E-001                  1.9999999999999574E-002                  3.6118682184705719E-001                  1.7580522563259422E+001                  0.0000000000000000E+000                  2.3342302507951407E-001                  2.3342302507951407E-001                  2.0372704163106352E-006                  2.0372704163106352E-006                  0.0000000000000000E+000                 -3.3573553873849966E+000                 -9.8999999999999986E+001                 -1.9209995169803329E+000 
                                     365                  2.9999985745667201E+000                  2.8790097083545785E-001                  5.4036528726193254E+000                 -5.1239151451261860E+000                  8.4228517020895008E+000                  6.9999999999892393E-001                  2.8000000000107644E-001                  1.9999999999999574E-002                  3.6123604068062909E-001                  1.7450090854121001E+001                  0.0000000000000000E+000                  2.3237310359047711E-001                  2.3237310359047711E-001                  2.0439262777535010E-006                  2.0439262777533807E-006                  1.2042053056812967E-019                 -3.3728292617498701E+000                 -9.8999999999999986E+001                 -1.9332393093074862E+000 
                                     366                  2.9999985236215152E+000                  2.8771170944536595E-001                  5.4072531264659647E+000                 -5.1118839882267828E+000                  8.4384350079590504E+000                  6.9999999999892393E-001                  2.8000000000107644E-001                  1.9999999999999574E-002                  3.6129249010230952E-001                  1.7307803649590106E+001                  0.0000000000000000E+000                  2.3105620389394627E-001                  2.3105620389394627E-001                  2.0513395375984181E-006                  2.0513395375979399E-006                  4.7833064565192211E-019                 -3.3897766359586412E+000                 -9.8999999999999986E+001                 -1.9466309579111467E+000 
                                     367                  2.9999984726763103E+000                  2.8752738146938644E-001                  5.4098530204336113E+000                 -5.1030947421975688E+000                  8.4497851778843014E+000                  6.9999999999892382E-001                  2.8000000000107644E-001                  1.9999999999999796E-002                  3.6137242349801668E-001                  1.7206323361670108E+001                  0.0000000000000000E+000                  2.2984289109012393E-001                  2.2984289109012393E-001                  2.0576806606618990E-006                  2.0576806606611862E-006                  7.1262732851892050E-019                 -3.4020824167960182E+000                 -9.8999999999999986E+001                 -1.9563828667217722E+000 
                                     368                  2.9999984472037085E+000                  2.8743697820104214E-001                  5.4123991827330409E+000                 -5.0945349087853193E+000                  8.4608553507777753E+000                  6.9999999999892393E-001                  2.8000000000107644E-001                  1.9999999999999574E-002                  3.6147969299393246E-001                  1.7104284431561997E+001                  0.0000000000000000E+000                  2.2926072291487337E-001                  2.2926072291487337E-001                  2.0609541299103357E-006                  2.0609541299097847E-006                  5.5110917236503094E-019                 -3.4143788841578058E+000                 -9.8999999999999986E+001                 -1.9660961671471306E+000 
                                     369                  2.9999983962585035E+000                  2.8725953635725077E-001                  5.4156744065631264E+000                 -5.0834028535517373E+000                  8.4752129229511635E+000                  6.9999999999892393E-001                  2.8000000000107644E-001                  1.9999999999999574E-002                  3.6159988534420850E-001                  1.6974623344400246E+001                  0.0000000000000000E+000                  2.2813791640946546E-001                  2.2813791640946546E-001                  2.0672203273893798E-006                  2.0672203273889537E-006                  4.2599759393628572E-019                 -3.4301438350045403E+000                 -9.8999999999999986E+001                 -1.9785563617536415E+000 
                                     370                  2.9999983453132990E+000                  2.8708637543436494E-001                  5.4196217133417131E+000                 -5.0699589025647152E+000                  8.4925441854252934E+000                  6.9999999999892404E-001                  2.8000000000107644E-001                  1.9999999999999574E-002                  3.6171822049000779E-001                  1.6816403817323632E+001                  0.0000000000000000E+000                  2.2708260447826351E-001                  2.2708260447826351E-001                  2.0721763639870985E-006                  2.0721763639866390E-006                  4.5966392660929914E-019                 -3.4491196800231174E+000                 -9.8999999999999986E+001                 -1.9934651951252171E+000 
                                     371                  2.9999982688954918E+000                  2.8683418117093940E-001                  5.4233788573242103E+000                 -5.0569466118895061E+000                  8.5092482948914867E+000                  6.9999999999892393E-001                  2.8000000000107644E-001                  1.9999999999999574E-002                  3.6189008102782433E-001                  1.6669124140679333E+001                  0.0000000000000000E+000                  2.2561958199763529E-001                  2.2561958199763529E-001                  2.0784366396181302E-006                  2.0784366396178266E-006                  3.0367385841572082E-019                 -3.4672749130738096E+000                 -9.8999999999999986E+001                 -2.0078000923934862E+000 
                                     372                  2.9999982179502864E+000                  2.8667078003218499E-001                  5.4270088087546711E+000                 -5.0444067370950858E+000                  8.5253574282263465E+000                  6.9999999999892393E-001                  2.8000000000107644E-001                  1.9999999999999574E-002                  3.6201829162275423E-001                  1.6523407774159431E+001                  0.0000000000000000E+000                  2.2471151181979343E-001                  2.2471151181979343E-001                  2.0822842150153681E-006                  2.0822842150152927E-006                  7.5489185043636807E-020                 -3.4850370626574239E+000                 -9.8999999999999986E+001                 -2.0217490888599192E+000 
                                     373                  2.9999981415324792E+000                  2.8643232350014480E-001                  5.4304768625049915E+000                 -5.0322439641930643E+000                  8.5409238876523990E+000                  6.9999999999892393E-001                  2.8000000000107644E-001                  1.9999999999999574E-002                  3.6216327255221009E-001                  1.6387248952195073E+001                  0.0000000000000000E+000                  2.2343293583579060E-001                  2.2343293583579060E-001                  2.0872656126767083E-006                  2.0872656126767083E-006                  0.0000000000000000E+000                 -3.5018515091826585E+000                 -9.8999999999999986E+001                 -2.0349699772438390E+000 
                                     374                  2.9999980905872743E+000                  2.8627753271932488E-001                  5.4331663681800535E+000                 -5.0228014446447329E+000                  8.5530043833625040E+000                  6.9999999999892393E-001                  2.8000000000107644E-001                  1.9999999999999574E-002                  3.6227423530763492E-001                  1.6280940429626767E+001                  0.0000000000000000E+000                  2.2264570582148649E-001                  2.2264570582148649E-001                  2.0900542099063912E-006                  2.0900542099063912E-006                  0.0000000000000000E+000                 -3.5149000439289408E+000                 -9.8999999999999986E+001                 -2.0451919547008170E+000 
                                     375                  2.9999980396420698E+000                  2.8612591072964433E-001                  5.4364368216175425E+000                 -5.0113066130407953E+000                  8.5677055473210739E+000                  6.9999999999892393E-001                  2.8000000000107644E-001                  1.9999999999999574E-002                  3.6235023101814567E-001                  1.6151274710770821E+001                  0.0000000000000000E+000                  2.2189026172289511E-001                  2.2189026172289511E-001                  2.0924182169552076E-006                  2.0924182169552076E-006                  0.0000000000000000E+000                 -3.5309324846731172E+000                 -9.8999999999999986E+001                 -2.0577517194012072E+000 
                                     376                  2.9999979628871394E+000                  2.8590315346574263E-001                  5.4395916156546829E+000                 -5.0000716614830010E+000                  8.5820280517777974E+000                  6.9999999999892393E-001                  2.8000000000107644E-001                  1.9999999999999574E-002                  3.6244819665096417E-001                  1.6029851880465447E+001                  0.0000000000000000E+000                  2.2084141923590950E-001                  2.2084141923590950E-001                  2.0947493385489384E-006                  2.0947493385489384E-006                  0.0000000000000000E+000                 -3.5464143315697374E+000                 -9.8999999999999986E+001                 -2.0699562824957534E+000 
                                     377                  2.9999979112676884E+000                  2.8575698373810504E-001                  5.4420576707122112E+000                 -4.9912848288711364E+000                  8.5932279759549779E+000                  6.9999999999892382E-001                  2.8000000000107644E-001                  1.9999999999999796E-002                  3.6257368736874462E-001                  1.5935104072917488E+001                  0.0000000000000000E+000                  2.2019658916009754E-001                  2.2019658916009754E-001                  2.0960347739485932E-006                  2.0960347739485932E-006                  0.0000000000000000E+000                 -3.5585742986378945E+000                 -9.8999999999999986E+001                 -2.0795416515587326E+000 
                                     378                  2.9999978596482375E+000                  2.8561359833602462E-001                  5.4450562329907823E+000                 -4.9805952232155910E+000                  8.6068512427838506E+000                  6.9999999999892382E-001                  2.8000000000107644E-001                  1.9999999999999796E-002                  3.6270746969915652E-001                  1.5820433905920968E+001                  0.0000000000000000E+000                  2.1958430633991038E-001                  2.1958430633991038E-001                  2.0971748576611869E-006                  2.0971748576611869E-006                  0.0000000000000000E+000                 -3.5734604291973397E+000                 -9.8999999999999986E+001                 -2.0912912758962006E+000 
                                     379                  2.9999977822190607E+000                  2.8540349313295760E-001                  5.4485192508745417E+000                 -4.9681473238694798E+000                  8.6226844335521218E+000                  6.9999999999892393E-001                  2.8000000000107644E-001                  1.9999999999999574E-002                  3.6278262008593948E-001                  1.5691780394910653E+001                  0.0000000000000000E+000                  2.1874195431685597E-001                  2.1874195431685597E-001                  2.0972458356962369E-006                  2.0972458356962369E-006                  0.0000000000000000E+000                 -3.5906746332841659E+000                 -9.8999999999999986E+001                 -2.1049593218134337E+000 
                                     380                  2.9999977047898838E+000                  2.8519903200157304E-001                  5.4513010627680272E+000                 -4.9580739879686808E+000                  8.6354753404418378E+000                  6.9999999999892393E-001                  2.8000000000107650E-001                  1.9999999999999574E-002                  3.6289120825730953E-001                  1.5591585975586876E+001                  0.0000000000000000E+000                  2.1799942912647008E-001                  2.1799942912647008E-001                  2.0959459572993824E-006                  2.0959459572991761E-006                  2.0621570627355811E-019                 -3.6044549153995624E+000                 -9.8999999999999986E+001                 -2.1159576872939820E+000 
                                     381                  2.9999976531704324E+000                  2.8506569432487328E-001                  5.4540132547503140E+000                 -4.9482845161572380E+000                  8.6479153318686759E+000                  6.9999999999892393E-001                  2.8000000000107639E-001                  1.9999999999999685E-002                  3.6304176203442773E-001                  1.5494208570422389E+001                  0.0000000000000000E+000                  2.1754756787070340E-001                  2.1754756787070340E-001                  2.0951826628872355E-006                  2.0951826628865016E-006                  7.3375310355464350E-019                 -3.6180066981161461E+000                 -9.8999999999999986E+001                 -2.1267885810935820E+000 
                                     382                  2.9999975757412560E+000                  2.8486992334429673E-001                  5.4566447063792971E+000                 -4.9386957025027929E+000                  8.6600725134612073E+000                  6.9999999999892404E-001                  2.8000000000107644E-001                  1.9999999999999574E-002                  3.6314083530856711E-001                  1.5403200625238616E+001                  0.0000000000000000E+000                  2.1693038789993374E-001                  2.1693038789993374E-001                  2.0935811197462830E-006                  2.0935811197454067E-006                  8.7618784374716919E-019                 -3.6311560909250948E+000                 -9.8999999999999986E+001                 -2.1373795592179703E+000 
                                     383                  2.9999975236670657E+000                  2.8474099023307359E-001                  5.4597420639319640E+000                 -4.9274792930302684E+000                  8.6743156587058969E+000                  6.9999999999892382E-001                  2.8000000000107644E-001                  1.9999999999999796E-002                  3.6323911925190727E-001                  1.5295444293406252E+001                  0.0000000000000000E+000                  2.1655035428144034E-001                  2.1655035428144034E-001                  2.0919622828115586E-006                  2.0919622828112659E-006                  2.9255024699160749E-019                 -3.6467439793252865E+000                 -9.8999999999999986E+001                 -2.1499185794595896E+000 
                                     384                  2.9999974195186851E+000                  2.8448936809906566E-001                  5.4636989909254305E+000                 -4.9130066867432802E+000                  8.6926493498333297E+000                  6.9999999999892393E-001                  2.8000000000107644E-001                  1.9999999999999574E-002                  3.6349057928601275E-001                  1.5163335591870560E+001                  0.0000000000000000E+000                  2.1585872735638045E-001                  2.1585872735638045E-001                  2.0889026064081991E-006                  2.0889026064083418E-006                 -1.4278339616557094E-019                 -3.6666214206282315E+000                 -9.8999999999999986E+001                 -2.1660286858274307E+000 
                                     385                  2.9999973153703046E+000                  2.8424557614999740E-001                  5.4665481969636520E+000                 -4.9024944309168683E+000                  8.7059382890902057E+000                  6.9999999999892393E-001                  2.8000000000107644E-001                  1.9999999999999574E-002                  3.6366564314786093E-001                  1.5071659833382897E+001                  0.0000000000000000E+000                  2.1527831330760061E-001                  2.1527831330760061E-001                  2.0854667976633356E-006                  2.0854667976634211E-006                 -8.5531914716634696E-020                 -3.6809536701238392E+000                 -9.8999999999999986E+001                 -2.1777272867019515E+000 
                                     386                  2.9999972632961147E+000                  2.8412644604347187E-001                  5.4693342542540098E+000                 -4.8923047939757129E+000                  8.7188465924872940E+000                  6.9999999999892382E-001                  2.8000000000107644E-001                  1.9999999999999796E-002                  3.6378255660200903E-001                  1.4980334765887209E+001                  0.0000000000000000E+000                  2.1501035582567654E-001                  2.1501035582567654E-001                  2.0833509775699356E-006                  2.0833509775699356E-006                  0.0000000000000000E+000                 -3.6950276434172076E+000                 -9.8999999999999986E+001                 -2.1891617024935215E+000 
                                     387                  2.9999971591477332E+000                  2.8389342771806070E-001                  5.4729253638451194E+000                 -4.8790629870898412E+000                  8.7355887884075525E+000                  6.9999999999892393E-001                  2.8000000000107644E-001                  1.9999999999999574E-002                  3.6394761593863478E-001                  1.4866227924015185E+001                  0.0000000000000000E+000                  2.1450563880572629E-001                  2.1450563880572629E-001                  2.0786802735534738E-006                  2.0786802735534738E-006                  0.0000000000000000E+000                 -3.7131905611694513E+000                 -9.8999999999999986E+001                 -2.2040039033501118E+000 
                                     388                  2.9999970540819265E+000                  2.8366505235882000E-001                  5.4772613218729189E+000                 -4.8631064338029804E+000                  8.7557752251521741E+000                  6.9999999999892393E-001                  2.8000000000107644E-001                  1.9999999999999574E-002                  3.6414970279964404E-001                  1.4728316009113207E+001                  0.0000000000000000E+000                  2.1404781634730147E-001                  2.1404781634730147E-001                  2.0739061770961984E-006                  2.0739061770961984E-006                  0.0000000000000000E+000                 -3.7352791233461238E+000                 -9.8999999999999986E+001                 -2.2220447872735694E+000 
                                     389                  2.9999968964832147E+000                  2.8333420876614779E-001                  5.4813758677403968E+000                 -4.8477665650674968E+000                  8.7751224800632794E+000                  6.9999999999892393E-001                  2.8000000000107644E-001                  1.9999999999999574E-002                  3.6425406289624407E-001                  1.4603214352309125E+001                  0.0000000000000000E+000                  2.1344696092222668E-001                  2.1344696092222668E-001                  2.0653960542342978E-006                  2.0653960542342978E-006                  0.0000000000000000E+000                 -3.7559385586893832E+000                 -9.8999999999999986E+001                 -2.2389996110959842E+000 
                                     390                  2.9999967914174075E+000                  2.8312090040275179E-001                  5.4845631887989406E+000                 -4.8359153678093385E+000                  8.7900800452758272E+000                  6.9999999999892382E-001                  2.8000000000107644E-001                  1.9999999999999796E-002                  3.6439120137349612E-001                  1.4506059707958997E+001                  0.0000000000000000E+000                  2.1310147457991011E-001                  2.1310147457991011E-001                  2.0592586336426732E-006                  2.0592586336426732E-006                  0.0000000000000000E+000                 -3.7721598616443690E+000                 -9.8999999999999986E+001                 -2.2523219297558814E+000 
                                     391                  2.9999966856554972E+000                  2.8291165380587135E-001                  5.4876655384171587E+000                 -4.8243579679071429E+000                  8.8046610715533635E+000                  6.9999999999892393E-001                  2.8000000000107644E-001                  1.9999999999999574E-002                  3.6448889902161080E-001                  1.4412749781492014E+001                  0.0000000000000000E+000                  2.1277606264418697E-001                  2.1277606264418697E-001                  2.0534752215645370E-006                  2.0534752215645370E-006                  0.0000000000000000E+000                 -3.7878821385912693E+000                 -9.8999999999999986E+001                 -2.2652416077995285E+000 
                                     392                  2.9999965791974845E+000                  2.8270626724449710E-001                  5.4899269890510967E+000                 -4.8158828239213811E+000                  8.8153386614439722E+000                  6.9999999999892393E-001                  2.8000000000107644E-001                  1.9999999999999574E-002                  3.6453855565572074E-001                  1.4346559395859920E+001                  0.0000000000000000E+000                  2.1248775047397508E-001                  2.1248775047397508E-001                  2.0470167994216976E-006                  2.0470167994216976E-006                  0.0000000000000000E+000                 -3.7992390053717306E+000                 -9.8999999999999986E+001                 -2.2745994035590971E+000 
                                     393                  2.9999965259684780E+000                  2.8260545199839471E-001                  5.4921489190911279E+000                 -4.8076182850363693E+000                  8.8257695842814119E+000                  6.9999999999892393E-001                  2.8000000000107644E-001                  1.9999999999999574E-002                  3.6459869956623692E-001                  1.4280441024410552E+001                  0.0000000000000000E+000                  2.1235190632282108E-001                  2.1235190632282108E-001                  2.0437297776364732E-006                  2.0437297776364732E-006                  0.0000000000000000E+000                 -3.8105585515408360E+000                 -9.8999999999999986E+001                 -2.2839128164498805E+000 
                                     394                  2.9999964195104649E+000                  2.8240741792515678E-001                  5.4957388786006787E+000                 -4.7942409862202906E+000                  8.8426464891193532E+000                  6.9999999999892393E-001                  2.8000000000107644E-001                  1.9999999999999574E-002                  3.6469607431722878E-001                  1.4175550554248584E+001                  0.0000000000000000E+000                  2.1208858862195412E-001                  2.1208858862195412E-001                  2.0373833458904656E-006                  2.0373833458904656E-006                  0.0000000000000000E+000                 -3.8287640995810346E+000                 -9.8999999999999986E+001                 -2.2989166946615782E+000 
                                     395                  2.9999962598234458E+000                  2.8211889277125196E-001                  5.4991775995349572E+000                 -4.7813007138540309E+000                  8.8589344353690951E+000                  6.9999999999892393E-001                  2.8000000000107644E-001                  1.9999999999999574E-002                  3.6472760284339184E-001                  1.4080112580397779E+001                  0.0000000000000000E+000                  2.1176835408582537E-001                  2.1176835408582537E-001                  2.0268252841027163E-006                  2.0268252841027163E-006                  0.0000000000000000E+000                 -3.8460345473630091E+000                 -9.8999999999999986E+001                 -2.3132533574736991E+000 
                                     396                  2.9999961533654336E+000                  2.8193188248508783E-001                  5.5018490080322628E+000                 -4.7712768827195609E+000                  8.8715601986977592E+000                  6.9999999999892393E-001                  2.8000000000107644E-001                  1.9999999999999574E-002                  3.6472824389145858E-001                  1.4006665725156832E+001                  0.0000000000000000E+000                  2.1159815467127288E-001                  2.1159815467127288E-001                  2.0190785747961630E-006                  2.0190785747961630E-006                  0.0000000000000000E+000                 -3.8595017920493175E+000                 -9.8999999999999986E+001                 -2.3244492540382908E+000 
                                     397                  2.9999960469074205E+000                  2.8174890542479314E-001                  5.5050945308306494E+000                 -4.7591315624271342E+000                  8.8868684420566932E+000                  6.9999999999892393E-001                  2.8000000000107644E-001                  1.9999999999999574E-002                  3.6481136372348916E-001                  1.3918304366615359E+001                  0.0000000000000000E+000                  2.1144311617964984E-001                  2.1144311617964984E-001                  2.0117626147107293E-006                  2.0117626147107293E-006                  0.0000000000000000E+000                 -3.8760322214400933E+000                 -9.8999999999999986E+001                 -2.3382312634574873E+000 
                                     398                  2.9999958872204013E+000                  2.8148159371419490E-001                  5.5082337457272166E+000                 -4.7472880322505722E+000                  8.9017683613373375E+000                  6.9999999999892393E-001                  2.8000000000107644E-001                  1.9999999999999574E-002                  3.6493288013152353E-001                  1.3836860320707480E+001                  0.0000000000000000E+000                  2.1125856990615685E-001                  2.1125856990615685E-001                  2.0015692923916892E-006                  2.0015692923916160E-006                  7.3075073872908858E-020                 -3.8919195447306554E+000                 -9.8999999999999986E+001                 -2.3515698371213665E+000 
                                     399                  2.9999957793539456E+000                  2.8130561658921466E-001                  5.5106981383041118E+000                 -4.7380169533103880E+000                  8.9134395819468875E+000                  6.9999999999892393E-001                  2.8000000000107644E-001                  1.9999999999999574E-002                  3.6501038027030647E-001                  1.3773236640318798E+001                  0.0000000000000000E+000                  2.1116337031317589E-001                  2.1116337031317589E-001                  1.9947061714372039E-006                  1.9947061714370506E-006                  1.5350284795218281E-019                 -3.9044045223907067E+000                 -9.8999999999999986E+001                 -2.3620532822353475E+000 
                                     400                  2.9999956714874894E+000                  2.8113314887499663E-001                  5.5139983147554696E+000                 -4.7256566595505012E+000                  8.9290162539768207E+000                  6.9999999999892404E-001                  2.8000000000107644E-001                  1.9999999999999574E-002                  3.6514051560737637E-001                  1.3687830774643539E+001                  0.0000000000000000E+000                  2.1107078715068398E-001                  2.1107078715068398E-001                  1.9882969124630690E-006                  1.9882969124631821E-006                 -1.1287214945799243E-019                 -3.9213735796686695E+000                 -9.8999999999999986E+001                 -2.3763209725459649E+000 
                                     401                  2.9999954827211921E+000                  2.8083932644320270E-001                  5.5174687002456242E+000                 -4.7125430074917194E+000                  8.9455098051675677E+000                  6.9999999999892393E-001                  2.8000000000107644E-001                  1.9999999999999574E-002                  3.6533886475819155E-001                  1.3602119198583717E+001                  0.0000000000000000E+000                  2.1094206205654770E-001                  2.1094206205654770E-001                  1.9781766856666594E-006                  1.9781766856671011E-006                 -4.4185349121584278E-019                 -3.9392005147398441E+000                 -9.8999999999999986E+001                 -2.3914198837716016E+000 
                                     402                  2.9999953464591198E+000                  2.8063318191221132E-001                  5.5200130476719913E+000                 -4.7029411093995224E+000                  8.9575906036935411E+000                  6.9999999999892393E-001                  2.8000000000107644E-001                  1.9999999999999574E-002                  3.6549257244534539E-001                  1.3539574517688996E+001                  0.0000000000000000E+000                  2.1087769368864284E-001                  2.1087769368864284E-001                  1.9712009411542064E-006                  1.9712009411543343E-006                 -1.2798460272451256E-019                 -3.9521939862805566E+000                 -9.8999999999999986E+001                 -2.4024118149034464E+000 
                                     403                  2.9999952371636609E+000                  2.8047124375835486E-001                  5.5227766221111860E+000                 -4.6925563956203691E+000                  8.9706688738245628E+000                  6.9999999999892404E-001                  2.8000000000107644E-001                  1.9999999999999574E-002                  3.6564757973034717E-001                  1.3470957398040074E+001                  0.0000000000000000E+000                  2.1082347119293199E-001                  2.1082347119293199E-001                  1.9657878530791266E-006                  1.9657878530787514E-006                  3.7513580508578445E-019                 -3.9663476543748151E+000                 -9.8999999999999986E+001                 -2.4143589442833502E+000 
                                     404                  2.9999950732204730E+000                  2.8023374854928235E-001                  5.5259846569588991E+000                 -4.6804581892775960E+000                  8.9858927281117431E+000                  6.9999999999892393E-001                  2.8000000000107644E-001                  1.9999999999999574E-002                  3.6585197920175194E-001                  1.3392723393029389E+001                  0.0000000000000000E+000                  2.1074484124239412E-001                  2.1074484124239412E-001                  1.9581058430921966E-006                  1.9581058430918587E-006                  3.3792982462935973E-019                 -3.9829229830924384E+000                 -9.8999999999999986E+001                 -2.4284047322448417E+000 
                                     405                  2.9999949092772846E+000                  2.8000240366019180E-001                  5.5290895639734341E+000                 -4.6687461106084811E+000                  9.0006317922494752E+000                  6.9999999999892393E-001                  2.8000000000107644E-001                  1.9999999999999574E-002                  3.6607078259174469E-001                  1.3317340060304362E+001                  0.0000000000000000E+000                  2.1067767728526041E-001                  2.1067767728526041E-001                  1.9509073016275061E-006                  1.9509073016274222E-006                  8.4020769765671916E-020                 -3.9989806229455009E+000                 -9.8999999999999986E+001                 -2.4420109856636185E+000 
                                     406                  2.9999947453340967E+000                  2.7977685867889529E-001                  5.5328586058115352E+000                 -4.6545827721461777E+000                  9.0184715066137660E+000                  6.9999999999892393E-001                  2.8000000000107644E-001                  1.9999999999999574E-002                  3.6633381671900717E-001                  1.3225112326025881E+001                  0.0000000000000000E+000                  2.1060700086557113E-001                  2.1060700086557113E-001                  1.9439642524996709E-006                  1.9439642524996709E-006                  0.0000000000000000E+000                 -4.0183069631189072E+000                 -9.8999999999999986E+001                 -2.4583192287784090E+000 
                                     407                  2.9999944980913185E+000                  2.7944699603929840E-001                  5.5364881954381593E+000                 -4.6408238008237346E+000                  9.0357671883194506E+000                  6.9999999999892393E-001                  2.8000000000107644E-001                  1.9999999999999574E-002                  3.6665111319671717E-001                  1.3140191203677841E+001                  0.0000000000000000E+000                  2.1052462220453882E-001                  2.1052462220453882E-001                  1.9338740325644772E-006                  1.9338740325644772E-006                  0.0000000000000000E+000                 -4.0370294322792599E+000                 -9.8999999999999986E+001                 -2.4742440480171863E+000 
                                     408                  2.9999943314921382E+000                  2.7923125047746422E-001                  5.5393228334303979E+000                 -4.6301198757783597E+000                  9.0492350456163457E+000                  6.9999999999892393E-001                  2.8000000000107644E-001                  1.9999999999999574E-002                  3.6687984982649824E-001                  1.3073724900293991E+001                  0.0000000000000000E+000                  2.1049043130787165E-001                  2.1049043130787165E-001                  1.9273106071513866E-006                  1.9273106071513866E-006                  0.0000000000000000E+000                 -4.0515263635086685E+000                 -9.8999999999999986E+001                 -2.4865386602226214E+000 
                                     409                  2.9999941648929576E+000                  2.7902044700000300E-001                  5.5427628266912139E+000                 -4.6171745071119146E+000                  9.0655340174466499E+000                  6.9999999999892393E-001                  2.8000000000107644E-001                  1.9999999999999574E-002                  3.6711981784609027E-001                  1.2993285071013473E+001                  0.0000000000000000E+000                  2.1045412618712556E-001                  2.1045412618712556E-001                  1.9209451231786846E-006                  1.9209451231786846E-006                  0.0000000000000000E+000                 -4.0691432337774422E+000                 -9.8999999999999986E+001                 -2.5014751788130898E+000 
                                     410                  2.9999939149941866E+000                  2.7871297821879343E-001                  5.5457502687672005E+000                 -4.6058256908285511E+000                  9.0797920157425356E+000                  6.9999999999892393E-001                  2.8000000000107644E-001                  1.9999999999999574E-002                  3.6732622899677542E-001                  1.2927405683148651E+001                  0.0000000000000000E+000                  2.1043652305252136E-001                  2.1043652305252136E-001                  1.9114092025954224E-006                  1.9114092025954224E-006                  0.0000000000000000E+000                 -4.0845283139740598E+000                 -9.8999999999999986E+001                 -2.5146527049955862E+000 
                                     411                  2.9999937885759200E+000                  2.7856120790102040E-001                  5.5477149301255873E+000                 -4.5984049670504463E+000                  9.0891281192663467E+000                  6.9999999999892393E-001                  2.8000000000107644E-001                  1.9999999999999574E-002                  3.6744075645368973E-001                  1.2883853916427379E+001                  0.0000000000000000E+000                  2.1044471739573364E-001                  2.1044471739573364E-001                  1.9063652267781238E-006                  1.9063652267781238E-006                  0.0000000000000000E+000                 -4.0946160153035391E+000                 -9.8999999999999986E+001                 -2.5232748383355159E+000 
                                     412                  2.9999936621576526E+000                  2.7841185357469744E-001                  5.5506006963233023E+000                 -4.5875632462088962E+000                  9.1027849002137522E+000                  6.9999999999892393E-001                  2.8000000000107644E-001                  1.9999999999999574E-002                  3.6753974365764602E-001                  1.2819795952483505E+001                  0.0000000000000000E+000                  2.1044871811263785E-001                  2.1044871811263785E-001                  1.9009150481397033E-006                  1.9009150481397033E-006                  0.0000000000000000E+000                 -4.1093245559612468E+000                 -9.8999999999999986E+001                 -2.5358187173244078E+000 
                                     413                  2.9999934093211182E+000                  2.7812006536346490E-001                  5.5549361488085838E+000                 -4.5712462370499711E+000                  9.1233311204885705E+000                  6.9999999999892393E-001                  2.8000000000107644E-001                  1.9999999999999574E-002                  3.6755133735334594E-001                  1.2727197356503519E+001                  0.0000000000000000E+000                  2.1047306852874573E-001                  2.1047306852874573E-001                  1.8887524912717118E-006                  1.8887524912717118E-006                  0.0000000000000000E+000                 -4.1313882892883633E+000                 -9.8999999999999986E+001                 -2.5547341521247438E+000 
                                     414                  2.9999930702258477E+000                  2.7774228712589105E-001                  5.5584974510164233E+000                 -4.5577180297269875E+000                  9.1403318685221020E+000                  6.9999999999892393E-001                  2.8000000000107644E-001                  1.9999999999999574E-002                  3.6752407612801130E-001                  1.2656205793139163E+001                  0.0000000000000000E+000                  2.1057524123364507E-001                  2.1057524123364507E-001                  1.8712342809296439E-006                  1.8712342809296439E-006                  0.0000000000000000E+000                 -4.1492823735508422E+000                 -9.8999999999999986E+001                 -2.5701990336403351E+000 
                                     415                  2.9999928996882672E+000                  2.7755776406915439E-001                  5.5609235614129275E+000                 -4.5485734519647316E+000                  9.1518452611857715E+000                  6.9999999999892393E-001                  2.8000000000107644E-001                  1.9999999999999574E-002                  3.6749747433581215E-001                  1.2606880459928030E+001                  0.0000000000000000E+000                  2.1063985290683768E-001                  2.1063985290683768E-001                  1.8625124440144771E-006                  1.8625124440144771E-006                  0.0000000000000000E+000                 -4.1615667673401768E+000                 -9.8999999999999986E+001                 -2.5807875577236823E+000 
                                     416                  2.9999927141875693E+000                  2.7736097386455455E-001                  5.5645373383720287E+000                 -4.5350364617393204E+000                  9.1689147810227141E+000                  6.9999999999892393E-001                  2.8000000000107644E-001                  1.9999999999999574E-002                  3.6740478925768416E-001                  1.2532088492560586E+001                  0.0000000000000000E+000                  2.1068881149332339E-001                  2.1068881149332339E-001                  1.8533781462390973E-006                  1.8533781462390973E-006                  0.0000000000000000E+000                 -4.1798167977009788E+000                 -9.8999999999999986E+001                 -2.5964534322601565E+000 
                                     417                  2.9999923551426853E+000                  2.7699104375645917E-001                  5.5691934958685261E+000                 -4.5174986138974340E+000                  9.1910002713129568E+000                  6.9999999999892393E-001                  2.8000000000107644E-001                  1.9999999999999574E-002                  3.6736930999578005E-001                  1.2438381335256683E+001                  0.0000000000000000E+000                  2.1077273896003096E-001                  2.1077273896003096E-001                  1.8366564614484659E-006                  1.8366564614484659E-006                  0.0000000000000000E+000                 -4.2031255972998265E+000                 -9.8999999999999986E+001                 -2.6165026971336660E+000 
                                     418                  2.9999919796116998E+000                  2.7661848687179058E-001                  5.5728715600695340E+000                 -4.5035787286411066E+000                  9.2085102834940837E+000                  6.9999999999892393E-001                  2.8000000000107644E-001                  1.9999999999999574E-002                  3.6749154015447633E-001                  1.2365425946792485E+001                  0.0000000000000000E+000                  2.1087216373524750E-001                  2.1087216373524750E-001                  1.8216370654570648E-006                  1.8216370654570648E-006                  0.0000000000000000E+000                 -4.2217846258347320E+000                 -9.8999999999999986E+001                 -2.6326069929978417E+000 
                                     419                  2.9999917476986688E+000                  2.7639520888211344E-001                  5.5765667348151284E+000                 -4.4897418243249145E+000                  9.2259603515333364E+000                  6.9999999999892393E-001                  2.8000000000107644E-001                  1.9999999999999574E-002                  3.6765612734000203E-001                  1.2287471708751527E+001                  0.0000000000000000E+000                  2.1090298341393737E-001                  2.1090298341393737E-001                  1.8140160218180201E-006                  1.8140160218180201E-006                  0.0000000000000000E+000                 -4.2407521143831897E+000                 -9.8999999999999986E+001                 -2.6488279638858616E+000 
                                     420                  2.9999913506796951E+000                  2.7602419814706836E-001                  5.5799152634995304E+000                 -4.4770572358794514E+000                  9.2419148243552502E+000                  6.9999999999892393E-001                  2.8000000000107644E-001                  1.9999999999999574E-002                  3.6784822665730382E-001                  1.2219105954528574E+001                  0.0000000000000000E+000                  2.1091681257019593E-001                  2.1091681257019593E-001                  1.8024086123206841E-006                  1.8024086123206841E-006                  0.0000000000000000E+000                 -4.2576228231427784E+000                 -9.8999999999999986E+001                 -2.6632756299602902E+000 
                                     421                  2.9999911521702081E+000                  2.7584368897993256E-001                  5.5820953584252679E+000                 -4.4688503576149623E+000                  9.2522515215101411E+000                  6.9999999999892393E-001                  2.8000000000107644E-001                  1.9999999999999574E-002                  3.6798249798422278E-001                  1.2172876693267190E+001                  0.0000000000000000E+000                  2.1091778460384428E-001                  2.1091778460384428E-001                  1.7971282454911093E-006                  1.7971282454911093E-006                  0.0000000000000000E+000                 -4.2686975194608401E+000                 -9.8999999999999986E+001                 -2.6727041455089742E+000 
                                     422                  2.9999909536607210E+000                  2.7566633980490324E-001                  5.5845824174921610E+000                 -4.4595049387239127E+000                  9.2640270065935013E+000                  6.9999999999892393E-001                  2.8000000000107644E-001                  1.9999999999999574E-002                  3.6814214601121287E-001                  1.2119365428633767E+001                  0.0000000000000000E+000                  2.1089608843070323E-001                  2.1089608843070323E-001                  1.7924966645532690E-006                  1.7924966645532690E-006                  0.0000000000000000E+000                 -4.2814755510585432E+000                 -9.8999999999999986E+001                 -2.6835688625193073E+000 
                                     423                  2.9999906889814052E+000                  2.7543458105853985E-001                  5.5881470970473757E+000                 -4.4461396894896481E+000                  9.2808769623237897E+000                  6.9999999999892393E-001                  2.8000000000107644E-001                  1.9999999999999574E-002                  3.6840710089960921E-001                  1.2041491916143835E+001                  0.0000000000000000E+000                  2.1084898931601279E-001                  2.1084898931601279E-001                  1.7871024235715111E-006                  1.7871024235715111E-006                  0.0000000000000000E+000                 -4.2998941973402962E+000                 -9.8999999999999986E+001                 -2.6991879639543592E+000 
                                     424                  2.9999902700991030E+000                  2.7507819143415624E-001                  5.5923324945843316E+000                 -4.4303672992315919E+000                  9.3007380251941658E+000                  6.9999999999892393E-001                  2.8000000000107644E-001                  1.9999999999999574E-002                  3.6875821734007569E-001                  1.1951580659559200E+001                  0.0000000000000000E+000                  2.1076890917655250E-001                  2.1076890917655250E-001                  1.7793450165114896E-006                  1.7793450165114896E-006                  0.0000000000000000E+000                 -4.3212566998610802E+000                 -9.8999999999999986E+001                 -2.7172955729975401E+000 
                                     425                  2.9999898512168004E+000                  2.7473367969827683E-001                  5.5952157347149072E+000                 -4.4194293222359047E+000                  9.3144895059212764E+000                  6.9999999999892393E-001                  2.8000000000107644E-001                  1.9999999999999574E-002                  3.6896472758977383E-001                  1.1891357624739452E+001                  0.0000000000000000E+000                  2.1071647761573523E-001                  2.1071647761573523E-001                  1.7713295558314827E-006                  1.7713295558314827E-006                  0.0000000000000000E+000                 -4.3358554798555238E+000                 -9.8999999999999986E+001                 -2.7297005059120032E+000 
                                     426                  2.9999896690948158E+000                  2.7458737013251505E-001                  5.5977849967395032E+000                 -4.4097899075104117E+000                  9.3266399941497173E+000                  6.9999999999892393E-001                  2.8000000000107644E-001                  1.9999999999999574E-002                  3.6912870119444574E-001                  1.1835360429655800E+001                  0.0000000000000000E+000                  2.1068832223991255E-001                  2.1068832223991255E-001                  1.7678863407110211E-006                  1.7678863407110211E-006                  0.0000000000000000E+000                 -4.3492066200719508E+000                 -9.8999999999999986E+001                 -2.7410017190356983E+000 
                                     427                  2.9999893048508470E+000                  2.7430074606800359E-001                  5.6002720017396728E+000                 -4.4003690012051973E+000                  9.3384905936002873E+000                  6.9999999999892393E-001                  2.8000000000107644E-001                  1.9999999999999574E-002                  3.6933582467169618E-001                  1.1783512257865436E+001                  0.0000000000000000E+000                  2.1062906346606028E-001                  2.1062906346606028E-001                  1.7615638225384500E-006                  1.7615638225384500E-006                  0.0000000000000000E+000                 -4.3620427995786137E+000                 -9.8999999999999986E+001                 -2.7519312196623869E+000 
                                     428                  2.9999891227288624E+000                  2.7416030232225491E-001                  5.6027308384771866E+000                 -4.3911411521548329E+000                  9.3501247542609960E+000                  6.9999999999892393E-001                  2.8000000000107644E-001                  1.9999999999999574E-002                  3.6954745455499632E-001                  1.1730550864532622E+001                  0.0000000000000000E+000                  2.1060263302342305E-001                  2.1060263302342305E-001                  1.7586039426430645E-006                  1.7586039426430645E-006                  0.0000000000000000E+000                 -4.3748324376012295E+000                 -9.8999999999999986E+001                 -2.7627645326577257E+000 
                                     429                  2.9999887544760862E+000                  2.7388189128814894E-001                  5.6067347672266328E+000                 -4.3761053215564365E+000                  9.3690787459696736E+000                  6.9999999999892393E-001                  2.8000000000107644E-001                  1.9999999999999574E-002                  3.6977636095264760E-001                  1.1644811331168867E+001                  0.0000000000000000E+000                  2.1053050345801974E-001                  2.1053050345801974E-001                  1.7524463858296253E-006                  1.7524463858296253E-006                  0.0000000000000000E+000                 -4.3952554227836718E+000                 -9.8999999999999986E+001                 -2.7800016174881321E+000 
                                     430                  2.9999881962700745E+000                  2.7347326192040844E-001                  5.6113180131811653E+000                 -4.3588030716329014E+000                  9.3908647119439905E+000                  6.9999999999892393E-001                  2.8000000000107644E-001                  1.9999999999999574E-002                  3.6990226912346630E-001                  1.1548408889981841E+001                  0.0000000000000000E+000                  2.1043530290175666E-001                  2.1043530290175666E-001                  1.7420928283703737E-006                  1.7420928283703737E-006                  0.0000000000000000E+000                 -4.4186299733478522E+000                 -9.8999999999999986E+001                 -2.7997659421619843E+000 
                                     431                  2.9999876426193004E+000                  2.7308272014441320E-001                  5.6153617372912654E+000                 -4.3435052291019547E+000                  9.4101182741244500E+000                  6.9999999999892393E-001                  2.8000000000107644E-001                  1.9999999999999574E-002                  3.7002425434885999E-001                  1.1463037785610254E+001                  0.0000000000000000E+000                  2.1034723725244722E-001                  2.1034723725244722E-001                  1.7316978115487167E-006                  1.7316978115487879E-006                 -7.1170619711056298E-020                 -4.4389353751918081E+000                 -9.8999999999999986E+001                 -2.8168489945503214E+000 
                                     432                  2.9999871698365497E+000                  2.7275997081796255E-001                  5.6185018411465606E+000                 -4.3316101344548752E+000                  9.4250832382520677E+000                  6.9999999999892404E-001                  2.8000000000107644E-001                  1.9999999999999574E-002                  3.7006624038999725E-001                  1.1396000106198986E+001                  0.0000000000000000E+000                  2.1025807403291463E-001                  2.1025807403291463E-001                  1.7231028665925826E-006                  1.7231028665928656E-006                 -2.8296930924757778E-019                 -4.4546971140458691E+000                 -9.8999999999999986E+001                 -2.8300635211271361E+000 
                                     433                  2.9999868152494864E+000                  2.7252399383476239E-001                  5.6213465343717459E+000                 -4.3208697308318600E+000                  9.4386062396609312E+000                  6.9999999999892393E-001                  2.8000000000107644E-001                  1.9999999999999574E-002                  3.7007107628447716E-001                  1.1333382592259957E+001                  0.0000000000000000E+000                  2.1016875397655543E-001                  2.1016875397655543E-001                  1.7168648068023448E-006                  1.7168648068027675E-006                 -4.2262761798035221E-019                 -4.4691236167909221E+000                 -9.8999999999999986E+001                 -2.8420971779999551E+000 
                                     434                  2.9999863989450266E+000                  2.7225323820106062E-001                  5.6239539784282195E+000                 -4.3109849257427495E+000                  9.4510409522343863E+000                  6.9999999999892382E-001                  2.8000000000107644E-001                  1.9999999999999796E-002                  3.7007839238670392E-001                  1.1275827683178591E+001                  0.0000000000000000E+000                  2.1004320289803882E-001                  2.1004320289803882E-001                  1.7098607654700963E-006                  1.7098607654703767E-006                 -2.8037027169991919E-019                 -4.4821919641845698E+000                 -9.8999999999999986E+001                 -2.8529544640143056E+000 
                                     435                  2.9999860867166817E+000                  2.7205441898747684E-001                  5.6264934554166226E+000                 -4.3013900342756335E+000                  9.4631195521633487E+000                  6.9999999999892393E-001                  2.8000000000107644E-001                  1.9999999999999574E-002                  3.7009038513354880E-001                  1.1217942892667123E+001                  0.0000000000000000E+000                  2.0993422951109195E-001                  2.0993422951109195E-001                  1.7049352834102006E-006                  1.7049352834102705E-006                 -6.9839482552530641E-020                 -4.4949239462676642E+000                 -9.8999999999999986E+001                 -2.8634512845978204E+000 
                                     436                  2.9999856723531382E+000                  2.7179592013189796E-001                  5.6294788968852973E+000                 -4.2900853256910176E+000                  9.4773423556354306E+000                  6.9999999999892393E-001                  2.8000000000107644E-001                  1.9999999999999574E-002                  3.7017889965610440E-001                  1.1149126212744862E+001                  0.0000000000000000E+000                  2.0976555133805294E-001                  2.0976555133805294E-001                  1.6994019751587116E-006                  1.6994019751586531E-006                  5.8496983044628474E-020                 -4.5100743123618319E+000                 -9.8999999999999986E+001                 -2.8759293134360395E+000 
                                     437                  2.9999852069219957E+000                  2.7151249347540024E-001                  5.6325372955652728E+000                 -4.2784796874131032E+000                  9.4919376503755970E+000                  6.9999999999892393E-001                  2.8000000000107644E-001                  1.9999999999999574E-002                  3.7031160248840106E-001                  1.1077954480925969E+001                  0.0000000000000000E+000                  2.0956574983814341E-001                  2.0956574983814341E-001                  1.6944041423683484E-006                  1.6944041423681576E-006                  1.9086213072878802E-019                 -4.5257999641542153E+000                 -9.8999999999999986E+001                 -2.8888737750461124E+000 
                                     438                  2.9999847414908536E+000                  2.7123600633974454E-001                  5.6359140870958280E+000                 -4.2656805295444169E+000                  9.5080400485814121E+000                  6.9999999999892382E-001                  2.8000000000107644E-001                  1.9999999999999796E-002                  3.7048706564483136E-001                  1.0997931063351626E+001                  0.0000000000000000E+000                  2.0935272834584737E-001                  2.0935272834584737E-001                  1.6901327005153683E-006                  1.6901327005151878E-006                  1.8047777047104736E-019                 -4.5431868007065548E+000                 -9.8999999999999986E+001                 -2.9031120938637249E+000 
                                     439                  2.9999841456895213E+000                  2.7089161431581482E-001                  5.6406042500979527E+000                 -4.2479333652119502E+000                  9.5303775966159918E+000                  6.9999999999892393E-001                  2.8000000000107644E-001                  1.9999999999999574E-002                  3.7086699860737593E-001                  1.0884806571249339E+001                  0.0000000000000000E+000                  2.0905867689990099E-001                  2.0905867689990099E-001                  1.6857656624172723E-006                  1.6857656624172912E-006                 -1.8851679065459889E-020                 -4.5674741590506072E+000                 -9.8999999999999986E+001                 -2.9229092605393143E+000 
                                     440                  2.9999832075064155E+000                  2.7036946858380406E-001                  5.6450975939390009E+000                 -4.2306976520253352E+000                  9.5520061463161401E+000                  6.9999999999892393E-001                  2.8000000000107644E-001                  1.9999999999999574E-002                  3.7120434284003651E-001                  1.0780866079704420E+001                  0.0000000000000000E+000                  2.0863801341171404E-001                  2.0863801341171404E-001                  1.6796838030060495E-006                  1.6796838030061571E-006                 -1.0759447901203565E-019                 -4.5905366518713286E+000                 -9.8999999999999986E+001                 -2.9418048217680770E+000 
                                     441                  2.9999825907823578E+000                  2.7003861263738560E-001                  5.6479597681254665E+000                 -4.2197273036940839E+000                  9.5657755028527713E+000                  6.9999999999892393E-001                  2.8000000000107644E-001                  1.9999999999999574E-002                  3.7137603607481884E-001                  1.0714403995021776E+001                  0.0000000000000000E+000                  2.0840385173036502E-001                  2.0840385173036502E-001                  1.6753861481029069E-006                  1.6753861481029478E-006                 -4.0945271880965395E-020                 -4.6052207730286812E+000                 -9.8999999999999986E+001                 -2.9538033951367830E+000 
                                     442                  2.9999821796329860E+000                  2.6982313763806748E-001                  5.6501942646921348E+000                 -4.2111829513846466E+000                  9.5765060694461326E+000                  6.9999999999892393E-001                  2.8000000000107644E-001                  1.9999999999999574E-002                  3.7149430757879487E-001                  1.0662160697526941E+001                  0.0000000000000000E+000                  2.0824672156393564E-001                  2.0824672156393564E-001                  1.6724900999931314E-006                  1.6724900999930841E-006                  4.7217653603016318E-020                 -4.6166979645834711E+000                 -9.8999999999999986E+001                 -2.9631578494892676E+000 
                                     443                  2.9999817684836141E+000                  2.6961154861510095E-001                  5.6529447210322772E+000                 -4.2006882875244589E+000                  9.5896919971013084E+000                  6.9999999999892393E-001                  2.8000000000107644E-001                  1.9999999999999574E-002                  3.7164216703007896E-001                  1.0597538351489828E+001                  0.0000000000000000E+000                  2.0808707824079520E-001                  2.0808707824079520E-001                  1.6696605477503592E-006                  1.6696605477501178E-006                  2.4142438534760999E-019                 -4.6308165174422307E+000                 -9.8999999999999986E+001                 -2.9746362332821317E+000 
                                     444                  2.9999811429756011E+000                  2.6929675839034767E-001                  5.6569796205405396E+000                 -4.1852898308551794E+000                  9.6090374025265888E+000                  6.9999999999892382E-001                  2.8000000000107644E-001                  1.9999999999999796E-002                  3.7184496934161199E-001                  1.0503081473024029E+001                  0.0000000000000000E+000                  2.0784852527425449E-001                  2.0784852527425449E-001                  1.6656104253171014E-006                  1.6656104253166086E-006                  4.9268806566799369E-019                 -4.6516644369705054E+000                 -9.8999999999999986E+001                 -2.9915959789681907E+000 
                                     445                  2.9999801940360080E+000                  2.6883459685255845E-001                  5.6605155921568731E+000                 -4.1716232228355157E+000                  9.6261593467948696E+000                  6.9999999999892393E-001                  2.8000000000107644E-001                  1.9999999999999574E-002                  3.7196595089739326E-001                  1.0424204641267073E+001                  0.0000000000000000E+000                  2.0754764246617252E-001                  2.0754764246617252E-001                  1.6589148622617457E-006                  1.6589148622612445E-006                  5.0133209502017994E-019                 -4.6696810181351438E+000                 -9.8999999999999986E+001                 -3.0063388868385941E+000 
                                     446                  2.9999796959345781E+000                  2.6859895455162913E-001                  5.6629819422565388E+000                 -4.1621479147634020E+000                  9.6380462815665897E+000                  6.9999999999892393E-001                  2.8000000000107644E-001                  1.9999999999999574E-002                  3.7200090004497888E-001                  1.0367956584146457E+001                  0.0000000000000000E+000                  2.0740913078119547E-001                  2.0740913078119547E-001                  1.6548196308188772E-006                  1.6548196308185803E-006                  2.9679486065389983E-019                 -4.6822142389358223E+000                 -9.8999999999999986E+001                 -3.0165224181773649E+000 
                                     447                  2.9999791575939767E+000                  2.6834935422355571E-001                  5.6662379384709141E+000                 -4.1496724040457504E+000                  9.6537062196654606E+000                  6.9999999999892393E-001                  2.8000000000107644E-001                  1.9999999999999574E-002                  3.7205989117355470E-001                  1.0292934036635298E+001                  0.0000000000000000E+000                  2.0724400999890399E-001                  2.0724400999890399E-001                  1.6504197046697759E-006                  1.6504197046696039E-006                  1.7193090381046518E-019                 -4.6989245975130434E+000                 -9.8999999999999986E+001                 -3.0300788717064675E+000 
                                     448                  2.9999782897243170E+000                  2.6795749585960060E-001                  5.6707820490495449E+000                 -4.1322249042003607E+000                  9.6755987337103200E+000                  6.9999999999892404E-001                  2.8000000000107644E-001                  1.9999999999999574E-002                  3.7218009453309242E-001                  1.0188829290925822E+001                  0.0000000000000000E+000                  2.0697847709337966E-001                  2.0697847709337966E-001                  1.6440199443491677E-006                  1.6440199443490976E-006                  7.0188194936370629E-020                 -4.7223903821366715E+000                 -9.8999999999999986E+001                 -3.0491298748832567E+000 
                                     449                  2.9999771121516861E+000                  2.6744514078196974E-001                  5.6750077175258404E+000                 -4.1158393549045211E+000                  9.6961162707865274E+000                  6.9999999999892393E-001                  2.8000000000107644E-001                  1.9999999999999574E-002                  3.7230751659342942E-001                  1.0095136371981123E+001                  0.0000000000000000E+000                  2.0666830019502883E-001                  2.0666830019502883E-001                  1.6355673814247794E-006                  1.6355673814248006E-006                 -2.1163694011516744E-020                 -4.7439634394077661E+000                 -9.8999999999999986E+001                 -3.0666910056618781E+000 
                                     450                  2.9999762863273949E+000                  2.6709810468149370E-001                  5.6775288985517181E+000                 -4.1060480814055378E+000                  9.7083727053614588E+000                  6.9999999999892393E-001                  2.8000000000107644E-001                  1.9999999999999574E-002                  3.7241817628465196E-001                  1.0039351302117311E+001                  0.0000000000000000E+000                  2.0648347705570969E-001                  2.0648347705570969E-001                  1.6298625804420490E-006                  1.6298625804418785E-006                  1.7047458850117114E-019                 -4.7567824425968590E+000                 -9.8999999999999986E+001                 -3.0771035855614306E+000 
                                     451                  2.9999758734152495E+000                  2.6692815163720901E-001                  5.6799422272675653E+000                 -4.0967553443553877E+000                  9.7200274872438488E+000                  6.9999999999892404E-001                  2.8000000000107644E-001                  1.9999999999999574E-002                  3.7251003047480452E-001                  9.9840915865967794E+000                  0.0000000000000000E+000                  2.0638084287205252E-001                  2.0638084287205252E-001                  1.6273715996355052E-006                  1.6273715996351448E-006                  3.6035912637443696E-019                 -4.7693179560087371E+000                 -9.8999999999999986E+001                 -3.0872420592567549E+000 
                                     452                  2.9999750774190184E+000                  2.6660691410074605E-001                  5.6831183339550098E+000                 -4.0844623209833255E+000                  9.7354274635794145E+000                  6.9999999999892404E-001                  2.8000000000107644E-001                  1.9999999999999574E-002                  3.7263368509867822E-001                  9.9124531509212979E+000                  0.0000000000000000E+000                  2.0617143020833886E-001                  2.0617143020833886E-001                  1.6229595229683366E-006                  1.6229595229682288E-006                  1.0776952448389570E-019                 -4.7856165460911804E+000                 -9.8999999999999986E+001                 -3.1004133517882848E+000 
                                     453                  2.9999742303244821E+000                  2.6627384404671811E-001                  5.6868816186395170E+000                 -4.0699172016261773E+000                  9.7536537449638239E+000                  6.9999999999892393E-001                  2.8000000000107644E-001                  1.9999999999999574E-002                  3.7287991955224747E-001                  9.8267065728540857E+000                  0.0000000000000000E+000                  2.0595664218635568E-001                  2.0595664218635568E-001                  1.6191371785279112E-006                  1.6191371785280095E-006                 -9.8293864558046322E-020                 -4.8052299824071731E+000                 -9.8999999999999986E+001                 -3.1162537463531930E+000 
                                     454                  2.9999730621656218E+000                  2.6582846673441529E-001                  5.6910941839762055E+000                 -4.0535536281117945E+000                  9.7741362920751484E+000                  6.9999999999892393E-001                  2.8000000000107644E-001                  1.9999999999999574E-002                  3.7314593188546036E-001                  9.7318195726820083E+000                  0.0000000000000000E+000                  2.0566670501962661E-001                  2.0566670501962661E-001                  1.6147649919200452E-006                  1.6147649919198667E-006                  1.7846332585855374E-019                 -4.8270184856137570E+000                 -9.8999999999999986E+001                 -3.1338284729972776E+000 
                                     455                  2.9999718720355832E+000                  2.6539015553836470E-001                  5.6942357971742092E+000                 -4.0412618388111454E+000                  9.7894962080153114E+000                  6.9999999999892404E-001                  2.8000000000107644E-001                  1.9999999999999574E-002                  3.7321944441636434E-001                  9.6624004854603260E+000                  0.0000000000000000E+000                  2.0540664039009263E-001                  2.0540664039009263E-001                  1.6092757273356763E-006                  1.6092757273353792E-006                  2.9705031966936982E-019                 -4.8429400534794285E+000                 -9.8999999999999986E+001                 -3.1466411949817870E+000 
                                     456                  2.9999712266739134E+000                  2.6515857370625456E-001                  5.6963924172624276E+000                 -4.0328624058070561E+000                  9.8000031043391225E+000                  6.9999999999892393E-001                  2.8000000000107644E-001                  1.9999999999999574E-002                  3.7326317327288522E-001                  9.6136547061482283E+000                  0.0000000000000000E+000                  2.0526716723765076E-001                  2.0526716723765076E-001                  1.6060095752905874E-006                  1.6060095752906306E-006                 -4.3145840292595572E-020                 -4.8541385909806083E+000                 -9.8999999999999986E+001                 -3.1556433064900649E+000 
                                     457                  2.9999705813122426E+000                  2.6493106727057403E-001                  5.6990541373337411E+000                 -4.0225204216179167E+000                  9.8129489435338311E+000                  6.9999999999892393E-001                  2.8000000000107644E-001                  1.9999999999999574E-002                  3.7338999732099082E-001                  9.5526320793065409E+000                  0.0000000000000000E+000                  2.0511130960550197E-001                  2.0511130960550197E-001                  1.6032599472556515E-006                  1.6032599472558656E-006                 -2.1402294930659810E-019                 -4.8682078596372120E+000                 -9.8999999999999986E+001                 -3.1669471973501806E+000 
                                     458                  2.9999695962112876E+000                  2.6459130110545404E-001                  5.7023141702015359E+000                 -4.0098069628339692E+000                  9.8288527654856352E+000                  6.9999999999892393E-001                  2.8000000000107644E-001                  1.9999999999999574E-002                  3.7350774054018304E-001                  9.4783090081625083E+000                  0.0000000000000000E+000                  2.0487025827443142E-001                  2.0487025827443142E-001                  1.5993237496240790E-006                  1.5993237496241599E-006                 -8.0928317235659087E-020                 -4.8850661913715197E+000                 -9.8999999999999986E+001                 -3.1804134778795676E+000 
                                     459                  2.9999685170910113E+000                  2.6422896724721534E-001                  5.7048545822097543E+000                 -3.9998337990173396E+000                  9.8413102741364664E+000                  6.9999999999892393E-001                  2.8000000000107644E-001                  1.9999999999999574E-002                  3.7349926443622528E-001                  9.4213697031891162E+000                  0.0000000000000000E+000                  2.0462874532549444E-001                  2.0462874532549444E-001                  1.5939693283540992E-006                  1.5939693283540992E-006                  0.0000000000000000E+000                 -4.8978484024713120E+000                 -9.8999999999999986E+001                 -3.1905790267888423E+000 
                                     460                  2.9999679312350414E+000                  2.6403635261947822E-001                  5.7077620415003700E+000                 -3.9885336636500561E+000                  9.8554562388236864E+000                  6.9999999999892393E-001                  2.8000000000107644E-001                  1.9999999999999574E-002                  3.7357389975422400E-001                  9.3535187287090533E+000                  0.0000000000000000E+000                  2.0449065997633045E-001                  2.0449065997633045E-001                  1.5911769326807323E-006                  1.5911769326806872E-006                  4.5093793821086867E-020                 -4.9129772000053977E+000                 -9.8999999999999986E+001                 -3.2025688787279027E+000 
                                     461                  2.9999665710809262E+000                  2.6359970595235405E-001                  5.7121922166666854E+000                 -3.9712157060376931E+000                  9.8771092952001212E+000                  6.9999999999892393E-001                  2.8000000000107644E-001                  1.9999999999999574E-002                  3.7386152275268980E-001                  9.2517009798227541E+000                  0.0000000000000000E+000                  2.0415103698900372E-001                  2.0415103698900372E-001                  1.5869373714194528E-006                  1.5869373714193382E-006                  1.1460441725597535E-019                 -4.9362848702700299E+000                 -9.8999999999999986E+001                 -3.2211233055310289E+000 
                                     462                  2.9999648394404903E+000                  2.6306373576570513E-001                  5.7159992306577569E+000                 -3.9561776160532602E+000                  9.8958706271545349E+000                  6.9999999999892404E-001                  2.8000000000107644E-001                  1.9999999999999574E-002                  3.7402768375834883E-001                  9.1671012914882635E+000                  0.0000000000000000E+000                  2.0378649385907355E-001                  2.0378649385907355E-001                  1.5820370980045204E-006                  1.5820370980045669E-006                 -4.6592387494734195E-020                 -4.9558370411998993E+000                 -9.8999999999999986E+001                 -3.2366861659180239E+000 
                                     463                  2.9999637784892408E+000                  2.6274559334420033E-001                  5.7186435045700570E+000                 -3.9457644405818484E+000                  9.9088694483005657E+000                  6.9999999999892382E-001                  2.8000000000107644E-001                  1.9999999999999796E-002                  3.7412467558635060E-001                  9.1076232419435694E+000                  0.0000000000000000E+000                  2.0358523837627440E-001                  2.0358523837627440E-001                  1.5786815824086131E-006                  1.5786815824090453E-006                 -4.3227975893035045E-019                 -4.9694641297096904E+000                 -9.8999999999999986E+001                 -3.2474864294165173E+000 
                                     464                  2.9999628384830888E+000                  2.6246983126005530E-001                  5.7216566370620230E+000                 -3.9339365457394702E+000                  9.9236452652879201E+000                  6.9999999999892393E-001                  2.8000000000107644E-001                  1.9999999999999574E-002                  3.7427018145259811E-001                  9.0391051330351413E+000                  0.0000000000000000E+000                  2.0339653123876794E-001                  2.0339653123876794E-001                  1.5762168811602688E-006                  1.5762168811608691E-006                 -6.0041098981591763E-019                 -4.9854194847856359E+000                 -9.8999999999999986E+001                 -3.2601622995213004E+000 
                                     465                  2.9999614360166382E+000                  2.6206851756268468E-001                  5.7249922287802644E+000                 -3.9207660591005418E+000                  9.9400787456621185E+000                  6.9999999999892382E-001                  2.8000000000107639E-001                  1.9999999999999796E-002                  3.7446930102638853E-001                  8.9649070097335652E+000                  0.0000000000000000E+000                  2.0312856607929017E-001                  2.0312856607929017E-001                  1.5731379577395686E-006                  1.5731379577400639E-006                 -4.9520050314043621E-019                 -5.0028311970742134E+000                 -9.8999999999999986E+001                 -3.2739945555744905E+000 
                                     466                  2.9999601478335891E+000                  2.6170997690969178E-001                  5.7282190305460388E+000                 -3.9080274756870166E+000                  9.9559734027801277E+000                  6.9999999999892393E-001                  2.8000000000107644E-001                  1.9999999999999574E-002                  3.7456772185589637E-001                  8.8932587499716469E+000                  0.0000000000000000E+000                  2.0290604541145590E-001                  2.0290604541145590E-001                  1.5699031621402816E-006                  1.5699031621406479E-006                 -3.6639366385395415E-019                 -5.0196109094880210E+000                 -9.8999999999999986E+001                 -3.2872895910699196E+000 
                                     467                  2.9999587438176163E+000                  2.6132952237120238E-001                  5.7317139299278157E+000                 -3.8942194175898774E+000                  9.9732003552876822E+000                  6.9999999999892393E-001                  2.8000000000107644E-001                  1.9999999999999574E-002                  3.7467046324456799E-001                  8.8160957351429943E+000                  0.0000000000000000E+000                  2.0267355797339875E-001                  2.0267355797339875E-001                  1.5659245977726739E-006                  1.5659245977728802E-006                 -2.0622049769101508E-019                 -5.0378418360626700E+000                 -9.8999999999999986E+001                 -3.3017360865803322E+000 
                                     468                  2.9999571271316223E+000                  2.6090396577796210E-001                  5.7348037946317127E+000                 -3.8819400801174324E+000                  9.9885008048362369E+000                  6.9999999999892393E-001                  2.8000000000107644E-001                  1.9999999999999574E-002                  3.7481556360004181E-001                  8.7494806791312829E+000                  0.0000000000000000E+000                  2.0243547783518884E-001                  2.0243547783518884E-001                  1.5615079200162935E-006                  1.5615079200163447E-006                 -5.1297054171443911E-020                 -5.0538433121708142E+000                 -9.8999999999999986E+001                 -3.3144437644215778E+000 
                                     469                  2.9999559694800024E+000                  2.6060699476141530E-001                  5.7373343270750192E+000                 -3.8719054471199801E+000                  1.0001010465730699E+001                  6.9999999999892393E-001                  2.8000000000107644E-001                  1.9999999999999574E-002                  3.7491707726759166E-001                  8.6946484423068071E+000                  0.0000000000000000E+000                  2.0227940751073062E-001                  2.0227940751073062E-001                  1.5584787222202602E-006                  1.5584787222202602E-006                  0.0000000000000000E+000                 -5.0670672777526375E+000                 -9.8999999999999986E+001                 -3.3249376444652832E+000 
                                     470                  2.9999547914666453E+000                  2.6031109741738945E-001                  5.7398341781182003E+000                 -3.8619826341789185E+000                  1.0013378437330429E+001                  6.9999999999892393E-001                  2.8000000000107644E-001                  1.9999999999999574E-002                  3.7500217616450382E-001                  8.6408301290342688E+000                  0.0000000000000000E+000                  2.0212268090875440E-001                  2.0212268090875440E-001                  1.5553699781559395E-006                  1.5553699781559395E-006                  0.0000000000000000E+000                 -5.0800638478282103E+000                 -9.8999999999999986E+001                 -3.3352378149061819E+000 
                                     471                  2.9999535996425979E+000                  2.6001789750909865E-001                  5.7435453042447495E+000                 -3.8473416221694090E+000                  1.0031651419189581E+001                  6.9999999999892393E-001                  2.8000000000107644E-001                  1.9999999999999574E-002                  3.7511240540379587E-001                  8.5595501302328874E+000                  0.0000000000000000E+000                  2.0195945217014402E-001                  2.0195945217014402E-001                  1.5521953033799376E-006                  1.5521953033799376E-006                  0.0000000000000000E+000                 -5.0995469161842548E+000                 -9.8999999999999986E+001                 -3.3506165224783357E+000 
                                     472                  2.9999511740819065E+000                  2.5943922825359611E-001                  5.7475306515314299E+000                 -3.8314055602507442E+000                  1.0051484491515190E+001                  6.9999999999892382E-001                  2.8000000000107644E-001                  1.9999999999999796E-002                  3.7528020783181359E-001                  8.4769150289396915E+000                  0.0000000000000000E+000                  2.0166973809763197E-001                  2.0166973809763197E-001                  1.5458300521073215E-006                  1.5458300521073215E-006                  0.0000000000000000E+000                 -5.1202641782691831E+000                 -9.8999999999999986E+001                 -3.3671210190029086E+000 
                                     473                  2.9999495190834327E+000                  2.5905735364908233E-001                  5.7498891591672425E+000                 -3.8219670648217057E+000                  1.0063229646586647E+001                  6.9999999999892393E-001                  2.8000000000107644E-001                  1.9999999999999574E-002                  3.7538223529169640E-001                  8.4284707939822088E+000                  0.0000000000000000E+000                  2.0152446843439453E-001                  2.0152446843439453E-001                  1.5415964751911933E-006                  1.5415964751911410E-006                  5.2388211354550159E-020                 -5.1324610847128351E+000                 -9.8999999999999986E+001                 -3.3768291157955157E+000 
                                     474                  2.9999486770402308E+000                  2.5886686122712155E-001                  5.7522452404768298E+000                 -3.8126193948033560E+000                  1.0074883978134274E+001                  6.9999999999892393E-001                  2.8000000000107644E-001                  1.9999999999999574E-002                  3.7547509560053932E-001                  8.3788142529726226E+000                  0.0000000000000000E+000                  2.0144476410692111E-001                  2.0144476410692111E-001                  1.5396103057132469E-006                  1.5396103057130908E-006                  1.5607087813839846E-019                 -5.1449497671273701E+000                 -9.8999999999999986E+001                 -3.3867516932557384E+000 
                                     475                  2.9999469781569710E+000                  2.5848997508102117E-001                  5.7553236722439554E+000                 -3.8003386654495070E+000                  1.0090177641108333E+001                  6.9999999999892404E-001                  2.8000000000107644E-001                  1.9999999999999574E-002                  3.7562271900788180E-001                  8.3156340631636727E+000                  0.0000000000000000E+000                  2.0128336597415070E-001                  2.0128336597415070E-001                  1.5359349850837366E-006                  1.5359349850836356E-006                  1.0109737344026893E-019                 -5.1610889914247968E+000                 -9.8999999999999986E+001                 -3.3996039586613320E+000 
                                     476                  2.9999452494227405E+000                  2.5811619156506482E-001                  5.7583569098165297E+000                 -3.7882280542511966E+000                  1.0105257055826948E+001                  6.9999999999892393E-001                  2.8000000000107644E-001                  1.9999999999999574E-002                  3.7579100980349917E-001                  8.2540327214521447E+000                  0.0000000000000000E+000                  2.0114598180725560E-001                  2.0114598180725560E-001                  1.5325386245274043E-006                  1.5325386245274689E-006                 -6.4655439300749539E-020                 -5.1770494587545954E+000                 -9.8999999999999986E+001                 -3.4123354765401990E+000 
                                     477                  2.9999434903186009E+000                  2.5774534881386163E-001                  5.7621042912794982E+000                 -3.7733182552169788E+000                  1.0123835788491874E+001                  6.9999999999892393E-001                  2.8000000000107644E-001                  1.9999999999999574E-002                  3.7597902522212878E-001                  8.1775507685429947E+000                  0.0000000000000000E+000                  2.0100930468548137E-001                  2.0100930468548137E-001                  1.5294306421230236E-006                  1.5294306421230628E-006                 -3.9226110862705978E-020                 -5.1968010540269285E+000                 -9.8999999999999986E+001                 -3.4280443806377652E+000 
                                     478                  2.9999407975247121E+000                  2.5719508230773530E-001                  5.7657500536916171E+000                 -3.7586709571100618E+000                  1.0142048857538738E+001                  6.9999999999892404E-001                  2.8000000000107644E-001                  1.9999999999999574E-002                  3.7615508049663504E-001                  8.1063254347843614E+000                  0.0000000000000000E+000                  2.0083450432547142E-001                  2.0083450432547142E-001                  1.5245443421396309E-006                  1.5245443421396424E-006                 -1.1526282495670197E-020                 -5.2158659816702917E+000                 -9.8999999999999986E+001                 -3.4433104840416826E+000 
                                     479                  2.9999389602352737E+000                  2.5683093927271222E-001                  5.7686412829216884E+000                 -3.7470983409424417E+000                  1.0156451448484546E+001                  6.9999999999892393E-001                  2.8000000000107644E-001                  1.9999999999999574E-002                  3.7630828167208852E-001                  8.0493554475783302E+000                  0.0000000000000000E+000                  2.0073819388361280E-001                  2.0073819388361280E-001                  1.5210687536282854E-006                  1.5210687536284400E-006                 -1.5449260972954430E-019                 -5.2310752573657791E+000                 -9.8999999999999986E+001                 -3.4554570841944483E+000 
                                     480                  2.9999370906894707E+000                  2.5646924079063643E-001                  5.7714959155749161E+000                 -3.7356644573540811E+000                  1.0170679007408184E+001                  6.9999999999892393E-001                  2.8000000000107644E-001                  1.9999999999999574E-002                  3.7642554878487622E-001                  7.9934575914257096E+000                  0.0000000000000000E+000                  2.0063543557824415E-001                  2.0063543557824415E-001                  1.5174181984718268E-006                  1.5174181984720572E-006                 -2.3033739420070152E-019                 -5.2459075501388872E+000                 -9.8999999999999986E+001                 -3.4672632005481709E+000 
                                     481                  2.9999351883270173E+000                  2.5610986271821740E-001                  5.7743154941310451E+000                 -3.7243639434381355E+000                  1.0184738862224009E+001                  6.9999999999892382E-001                  2.8000000000107644E-001                  1.9999999999999796E-002                  3.7646301427592216E-001                  7.9385080635151226E+000                  0.0000000000000000E+000                  2.0053532194117804E-001                  2.0053532194117804E-001                  1.5132930192431033E-006                  1.5132930192433815E-006                 -2.7827644871886774E-019                 -5.2606756844405229E+000                 -9.8999999999999986E+001                 -3.4790358169795756E+000 
                                     482                  2.9999332525780442E+000                  2.5575268721537325E-001                  5.7771014374240242E+000                 -3.7131937714513259E+000                  1.0198637918136258E+001                  6.9999999999892393E-001                  2.8000000000107644E-001                  1.9999999999999574E-002                  3.7654954305343086E-001                  7.8843559481034866E+000                  0.0000000000000000E+000                  2.0043530559074305E-001                  2.0043530559074305E-001                  1.5092897868818635E-006                  1.5092897868821987E-006                 -3.3516655133915028E-019                 -5.2754172635354104E+000                 -9.8999999999999986E+001                 -3.4908049892385291E+000 
                                     483                  2.9999312828629447E+000                  2.5539760063167460E-001                  5.7798550674362241E+000                 -3.7021469157957192E+000                  1.0212382689696359E+001                  6.9999999999892393E-001                  2.8000000000107644E-001                  1.9999999999999574E-002                  3.7674165673065646E-001                  7.8309886678025737E+000                  0.0000000000000000E+000                  2.0033418694532032E-001                  2.0033418694532032E-001                  1.5061499490708186E-006                  1.5061499490710414E-006                 -2.2267602382082238E-019                 -5.2898632015821887E+000                 -9.8999999999999986E+001                 -3.5023015777738955E+000 
                                     484                  2.9999292785922100E+000                  2.5504449660825279E-001                  5.7825776470213421E+000                 -3.6912158503823851E+000                  1.0225979329473505E+001                  6.9999999999892393E-001                  2.8000000000107644E-001                  1.9999999999999574E-002                  3.7689499332597182E-001                  7.7784407928068973E+000                  0.0000000000000000E+000                  2.0023305472351582E-001                  2.0023305472351582E-001                  1.5033979734175777E-006                  1.5033979734176332E-006                 -5.5481059844711961E-020                 -5.3040264510967123E+000                 -9.8999999999999986E+001                 -3.5135410575580908E+000 
                                     485                  2.9999272391662668E+000                  2.5469327628121285E-001                  5.7852703811433202E+000                 -3.6803972878525681E+000                  1.0239433654054213E+001                  6.9999999999892393E-001                  2.8000000000107650E-001                  1.9999999999999574E-002                  3.7693992197891701E-001                  7.7266814985492642E+000                  0.0000000000000000E+000                  2.0013274126051522E-001                  2.0013274126051522E-001                  1.5001803550116398E-006                  1.5001803550115231E-006                  1.1676694838742670E-019                 -5.3181712768246534E+000                 -9.8999999999999986E+001                 -3.5247866223575706E+000 
                                     486                  2.9999251639752966E+000                  2.5434384467163618E-001                  5.7879344060729681E+000                 -3.6696897634241470E+000                  1.0252751168177289E+001                  6.9999999999892382E-001                  2.8000000000107644E-001                  1.9999999999999796E-002                  3.7696619839309142E-001                  7.6756594719164868E+000                  0.0000000000000000E+000                  2.0003292932589203E-001                  2.0003292932589203E-001                  1.4965408126767522E-006                  1.4965408126763258E-006                  4.2642884082141357E-019                 -5.3322748222695093E+000                 -9.8999999999999986E+001                 -3.5360131469737448E+000 
                                     487                  2.9999230523990561E+000                  2.5399610910427861E-001                  5.7905708040145170E+000                 -3.6590876466057196E+000                  1.0265937086928865E+001                  6.9999999999892404E-001                  2.8000000000107644E-001                  1.9999999999999574E-002                  3.7708309268388313E-001                  7.6254064939695301E+000                  0.0000000000000000E+000                  1.9993405033129413E-001                  1.9993405033129413E-001                  1.4930494566989870E-006                  1.4930494566984072E-006                  5.7985132674286657E-019                 -5.3459695232897522E+000                 -9.8999999999999986E+001                 -3.5468554439771376E+000 
                                     488                  2.9999209038066779E+000                  2.5364998244137177E-001                  5.7945135576217934E+000                 -3.6433399070204051E+000                  1.0285548692621719E+001                  6.9999999999892382E-001                  2.8000000000107644E-001                  1.9999999999999796E-002                  3.7725588246308667E-001                  7.5487398845573148E+000                  0.0000000000000000E+000                  1.9982196005831018E-001                  1.9982196005831018E-001                  1.4900182489228505E-006                  1.4900182489224623E-006                  3.8808940467739582E-019                 -5.3668560307855406E+000                 -9.8999999999999986E+001                 -3.5633537109969478E+000 
                                     489                  2.9999164929957902E+000                  2.5296227746745031E-001                  5.7983251581983222E+000                 -3.6278700895954747E+000                  1.0304753113658808E+001                  6.9999999999892393E-001                  2.8000000000107644E-001                  1.9999999999999574E-002                  3.7730091338636396E-001                  7.4793983638538357E+000                  0.0000000000000000E+000                  1.9963617199427780E-001                  1.9963617199427780E-001                  1.4837919141884798E-006                  1.4837919141882825E-006                  1.9725425560197508E-019                 -5.3868197399420925E+000                 -9.8999999999999986E+001                 -3.5793102540100659E+000 
                                     490                  2.9999142294607304E+000                  2.5262049823547084E-001                  5.8008610778867471E+000                 -3.6176497237419110E+000                  1.0317459675572774E+001                  6.9999999999892393E-001                  2.8000000000107644E-001                  1.9999999999999574E-002                  3.7733772973771085E-001                  7.4323867358783700E+000                  0.0000000000000000E+000                  1.9956897737984969E-001                  1.9956897737984969E-001                  1.4803205702202755E-006                  1.4803205702201565E-006                  1.1896371542098194E-019                 -5.3998445368106616E+000                 -9.8999999999999986E+001                 -3.5895969959429883E+000 
                                     491                  2.9999119262760416E+000                  2.5228001931379634E-001                  5.8033742300027189E+000                 -3.6075140529948446E+000                  1.0330057013329029E+001                  6.9999999999892393E-001                  2.8000000000107644E-001                  1.9999999999999574E-002                  3.7743603158274586E-001                  7.3862649078549563E+000                  0.0000000000000000E+000                  1.9949199404838838E-001                  1.9949199404838838E-001                  1.4770614915782831E-006                  1.4770614915782440E-006                  3.9258321019893717E-020                 -5.4129023147174324E+000                 -9.8999999999999986E+001                 -3.5999516706353818E+000 
                                     492                  2.9999095827548969E+000                  2.5194077368597434E-001                  5.8058654929669906E+000                 -3.5974623039187716E+000                  1.0342548968532554E+001                  6.9999999999892393E-001                  2.8000000000107644E-001                  1.9999999999999574E-002                  3.7753365951769596E-001                  7.3410063352310715E+000                  0.0000000000000000E+000                  1.9942266082355722E-001                  1.9942266082355722E-001                  1.4741035532068299E-006                  1.4741035532068299E-006                  0.0000000000000000E+000                 -5.4260776970148878E+000                 -9.8999999999999986E+001                 -3.6104581000840361E+000 
                                     493                  2.9999071981986818E+000                  2.5160269547194797E-001                  5.8095976466225379E+000                 -3.5825089759484459E+000                  1.0361162803491446E+001                  6.9999999999892393E-001                  2.8000000000107644E-001                  1.9999999999999574E-002                  3.7758806443925552E-001                  7.2722677927474244E+000                  0.0000000000000000E+000                  1.9934731711304948E-001                  1.9934731711304948E-001                  1.4711370704348379E-006                  1.4711370704348379E-006                  0.0000000000000000E+000                 -5.4459711662549459E+000                 -9.8999999999999986E+001                 -3.6262661653841319E+000 
                                     494                  2.9999023031264875E+000                  2.5092982491606769E-001                  5.8132167662618084E+000                 -3.5677900176670363E+000                  1.0379427993395542E+001                  6.9999999999892393E-001                  2.8000000000107644E-001                  1.9999999999999574E-002                  3.7765980505066771E-001                  7.2102881241540189E+000                  0.0000000000000000E+000                  1.9924451778911326E-001                  1.9924451778911326E-001                  1.4642018756115055E-006                  1.4642018756115055E-006                  0.0000000000000000E+000                 -5.4645285566226471E+000                 -9.8999999999999986E+001                 -3.6411070119743143E+000 
                                     495                  2.9998997911525485E+000                  2.5059487442414197E-001                  5.8156285223688622E+000                 -3.5580488531477945E+000                  1.0391533395174315E+001                  6.9999999999892393E-001                  2.8000000000107644E-001                  1.9999999999999574E-002                  3.7776539670689097E-001                  7.1684769968673159E+000                  0.0000000000000000E+000                  1.9922284880310759E-001                  1.9922284880310759E-001                  1.4607300601725455E-006                  1.4607300601725455E-006                  0.0000000000000000E+000                 -5.4771888968491522E+000                 -9.8999999999999986E+001                 -3.6512419741710129E+000 
                                     496                  2.9998972352272029E+000                  2.5026085174822826E-001                  5.8180222951235629E+000                 -3.5483793065826377E+000                  1.0403550127652199E+001                  6.9999999999892393E-001                  2.8000000000107644E-001                  1.9999999999999574E-002                  3.7787973874488412E-001                  7.1275085568128436E+000                  0.0000000000000000E+000                  1.9919636760624534E-001                  1.9919636760624534E-001                  1.4578325205362189E-006                  1.4578325205361772E-006                  4.1747268583602332E-020                 -5.4898518770421312E+000                 -9.8999999999999986E+001                 -3.6614161560863021E+000 
                                     497                  2.9998946345898663E+000                  2.4992770253553961E-001                  5.8203987771835015E+000                 -3.5387793023764913E+000                  1.0415481101033702E+001                  6.9999999999892393E-001                  2.8000000000107644E-001                  1.9999999999999574E-002                  3.7796824452949379E-001                  7.0873664935618415E+000                  0.0000000000000000E+000                  1.9917896787618186E-001                  1.9917896787618186E-001                  1.4549792686066643E-006                  1.4549792686064976E-006                  1.6655134920215098E-019                 -5.5023759802003456E+000                 -9.8999999999999986E+001                 -3.6714877581456253E+000 
                                     498                  2.9998919884669393E+000                  2.4959537431180490E-001                  5.8239644248641325E+000                 -3.5244743427354308E+000                  1.0433285698085943E+001                  6.9999999999892404E-001                  2.8000000000107644E-001                  1.9999999999999574E-002                  3.7809562263375113E-001                  7.0265581863085895E+000                  0.0000000000000000E+000                  1.9915876836437973E-001                  1.9915876836437973E-001                  1.4520536978521760E-006                  1.4520536978519905E-006                  1.8546119823234892E-019                 -5.5212835816889010E+000                 -9.8999999999999986E+001                 -3.6866534835838403E+000 
                                     499                  2.9998865566037018E+000                  2.4893301625469791E-001                  5.8274315269309884E+000                 -3.5103724535815291E+000                  1.0450786442599808E+001                  6.9999999999892404E-001                  2.8000000000107644E-001                  1.9999999999999574E-002                  3.7828532159314093E-001                  6.9717177347755817E+000                  0.0000000000000000E+000                  1.9916595185425909E-001                  1.9916595185425909E-001                  1.4461199868924772E-006                  1.4461199868925655E-006                 -8.8279085333309713E-020                 -5.5392730061672086E+000                 -9.8999999999999986E+001                 -3.7012408338241038E+000 
                                     500                  2.9998837692493794E+000                  2.4860285709771116E-001                  5.8297452061792541E+000                 -3.5010276949825569E+000                  1.0462401082786977E+001                  6.9999999999892382E-001                  2.8000000000107644E-001                  1.9999999999999796E-002                  3.7841361414088104E-001                  6.9347011627846245E+000                  0.0000000000000000E+000                  1.9919661872004263E-001                  1.9919661872004263E-001                  1.4432186298827224E-006                  1.4432186298830606E-006                 -3.3811770556975911E-019                 -5.5515006811965719E+000                 -9.8999999999999986E+001                 -3.7111568484789137E+000 
                                     501                  2.9998809331810077E+000                  2.4827332885865191E-001                  5.8320446453474357E+000                 -3.4917424292499817E+000                  1.0473942768553211E+001                  6.9999999999892393E-001                  2.8000000000107644E-001                  1.9999999999999574E-002                  3.7852120250133092E-001                  6.8983727861319819E+000                  0.0000000000000000E+000                  1.9922195624230618E-001                  1.9922195624230618E-001                  1.4403879413867277E-006                  1.4403879413869799E-006                 -2.5225682087391691E-019                 -5.5636087856344938E+000                 -9.8999999999999986E+001                 -3.7209842580250840E+000 
                                     502                  2.9998780475568840E+000                  2.4794438775918684E-001                  5.8343303653149983E+000                 -3.4825148126682359E+000                  1.0485413754256195E+001                  6.9999999999892393E-001                  2.8000000000107644E-001                  1.9999999999999574E-002                  3.7861497348701584E-001                  6.8627002374902890E+000                  0.0000000000000000E+000                  1.9925386746162813E-001                  1.9925386746162813E-001                  1.4373780483607312E-006                  1.4373780483607941E-006                 -6.2908267522918825E-020                 -5.5756146278687684E+000                 -9.8999999999999986E+001                 -3.7307388656904008E+000 
                                     503                  2.9998751115209936E+000                  2.4761599155441180E-001                  5.8377641680156724E+000                 -3.4687480479136048E+000                  1.0502553012707885E+001                  6.9999999999892393E-001                  2.8000000000107644E-001                  1.9999999999999574E-002                  3.7880264475199421E-001                  6.8084851862579621E+000                  0.0000000000000000E+000                  1.9928058230953080E-001                  1.9928058230953080E-001                  1.4345160824382096E-006                  1.4345160824381224E-006                  8.7252259271232515E-020                 -5.5939291906723358E+000                 -9.8999999999999986E+001                 -3.7456092649158235E+000 
                                     504                  2.9998690847167722E+000                  2.4696070336981921E-001                  5.8422586480996781E+000                 -3.4506182061093886E+000                  1.0525095636446665E+001                  6.9999999999892393E-001                  2.8000000000107644E-001                  1.9999999999999574E-002                  3.7903345463362115E-001                  6.7408127915230667E+000                  0.0000000000000000E+000                  1.9934825350855997E-001                  1.9934825350855997E-001                  1.4290901144554515E-006                  1.4290901144552352E-006                  2.1627364720877916E-019                 -5.6175476235695605E+000                 -9.8999999999999986E+001                 -3.7648903185514371E+000 
                                     505                  2.9998628456239511E+000                  2.4630712124510329E-001                  5.8455799624363998E+000                 -3.4371439169193727E+000                  1.0541828978623023E+001                  6.9999999999892404E-001                  2.8000000000107644E-001                  1.9999999999999574E-002                  3.7912272141175735E-001                  6.6930952963041177E+000                  0.0000000000000000E+000                  1.9948139400504811E-001                  1.9948139400504811E-001                  1.4227494174284623E-006                  1.4227494174284654E-006                 -3.2800795242727900E-021                 -5.6345440397294793E+000                 -9.8999999999999986E+001                 -3.7788023651151921E+000 
                                     506                  2.9998596162379361E+000                  2.4597804339195331E-001                  5.8477926302793763E+000                 -3.4282275246526792E+000                  1.0552917469151923E+001                  6.9999999999892393E-001                  2.8000000000107644E-001                  1.9999999999999574E-002                  3.7916619532765522E-001                  6.6609055438129632E+000                  0.0000000000000000E+000                  1.9955676124136401E-001                  1.9955676124136401E-001                  1.4191878783177856E-006                  1.4191878783182216E-006                 -4.3604714064788800E-019                 -5.6460701875622847E+000                 -9.8999999999999986E+001                 -3.7882352344452812E+000 
                                     507                  2.9998563868519210E+000                  2.4565492583273160E-001                  5.8511112133719934E+000                 -3.4149496778977810E+000                  1.0569456129019295E+001                  6.9999999999892393E-001                  2.8000000000107644E-001                  1.9999999999999574E-002                  3.7925638189058986E-001                  6.6119943166398905E+000                  0.0000000000000000E+000                  1.9961330981263539E-001                  1.9961330981263539E-001                  1.4158465165431855E-006                  1.4158465165436190E-006                 -4.3340133515031446E-019                 -5.6636797418803058E+000                 -9.8999999999999986E+001                 -3.8026444126511185E+000 
                                     508                  2.9998497007552634E+000                  2.4500390282321099E-001                  5.8554751610491591E+000                 -3.3973910393182254E+000                  1.0591301234976113E+001                  6.9999999999892393E-001                  2.8000000000107644E-001                  1.9999999999999574E-002                  3.7931308271214709E-001                  6.5507129187658641E+000                  0.0000000000000000E+000                  1.9973868209697496E-001                  1.9973868209697496E-001                  1.4089014231084113E-006                  1.4089014231085404E-006                 -1.2924659535717328E-019                 -5.6862487488213791E+000                 -9.8999999999999986E+001                 -3.8211704263761090E+000 
                                     509                  2.9998427794253497E+000                  2.4435376363554359E-001                  5.8598014773646518E+000                 -3.3800049326891228E+000                  1.0612939714323028E+001                  6.9999999999892393E-001                  2.8000000000107644E-001                  1.9999999999999574E-002                  3.7929779307585210E-001                  6.4915092746842991E+000                  0.0000000000000000E+000                  1.9990708666481094E-001                  1.9990708666481094E-001                  1.4013589237714137E-006                  1.4013589237714137E-006                  0.0000000000000000E+000                 -5.7087650607043425E+000                 -9.8999999999999986E+001                 -3.8397448217478471E+000 
                                     510                  2.9998356146815373E+000                  2.4370426115202759E-001                  5.8630057986238659E+000                 -3.3670640791770232E+000                  1.0629029171625103E+001                  6.9999999999892393E-001                  2.8000000000107644E-001                  1.9999999999999574E-002                  3.7931282297423508E-001                  6.4498715648016320E+000                  0.0000000000000000E+000                  2.0011649672428894E-001                  2.0011649672428894E-001                  1.3936174603475339E-006                  1.3936174603475339E-006                  0.0000000000000000E+000                 -5.7249257427003295E+000                 -9.8999999999999986E+001                 -3.8531119309861017E+000 
                                     511                  2.9998319063718188E+000                  2.4337685945684809E-001                  5.8651430266902986E+000                 -3.3584903481765838E+000                  1.0639703412280326E+001                  6.9999999999892393E-001                  2.8000000000107644E-001                  1.9999999999999574E-002                  3.7933106465359384E-001                  6.4218789361535276E+000                  0.0000000000000000E+000                  2.0023263590442522E-001                  2.0023263590442522E-001                  1.3898154123913407E-006                  1.3898154123913407E-006                  0.0000000000000000E+000                 -5.7359973905959301E+000                 -9.8999999999999986E+001                 -3.8622950943237693E+000 
                                     512                  2.9998281980621009E+000                  2.4305513736667347E-001                  5.8683521521410844E+000                 -3.3457084906660852E+000                  1.0655642069513998E+001                  6.9999999999892393E-001                  2.8000000000107644E-001                  1.9999999999999574E-002                  3.7938890574822409E-001                  6.3794897217284703E+000                  0.0000000000000000E+000                  2.0033404431965832E-001                  2.0033404431965832E-001                  1.3864401675411087E-006                  1.3864401675411087E-006                  0.0000000000000000E+000                 -5.7529727069950747E+000                 -9.8999999999999986E+001                 -3.8763947326559616E+000 
                                     513                  2.9998205208150042E+000                  2.4240622774007500E-001                  5.8725813604852144E+000                 -3.3287829968609022E+000                  1.0676726373719967E+001                  6.9999999999892393E-001                  2.8000000000107644E-001                  1.9999999999999574E-002                  3.7947525302721069E-001                  6.3266552476024520E+000                  0.0000000000000000E+000                  2.0055624972785410E-001                  2.0055624972785410E-001                  1.3796538881777828E-006                  1.3796538881777828E-006                  0.0000000000000000E+000                 -5.7747415623386740E+000                 -9.8999999999999986E+001                 -3.8945528917108958E+000 
                                     514                  2.9998125738887826E+000                  2.4175729580402908E-001                  5.8767830719793581E+000                 -3.3119963958952949E+000                  1.0697645495141172E+001                  6.9999999999892393E-001                  2.8000000000107644E-001                  1.9999999999999574E-002                  3.7962152708803226E-001                  6.2758814411865025E+000                  0.0000000000000000E+000                  2.0082563091654776E-001                  2.0082563091654776E-001                  1.3727364553574640E-006                  1.3727364553574640E-006                  0.0000000000000000E+000                 -5.7965949863404864E+000                 -9.8999999999999986E+001                 -3.9129080002864036E+000 
                                     515                  2.9998043479230589E+000                  2.4110814232478722E-001                  5.8799014481304051E+000                 -3.2994882117569730E+000                  1.0713221357110893E+001                  6.9999999999892393E-001                  2.8000000000107644E-001                  1.9999999999999574E-002                  3.7978486580895732E-001                  6.2403056435876003E+000                  0.0000000000000000E+000                  2.0113807537436973E-001                  2.0113807537436973E-001                  1.3662295184024743E-006                  1.3662295184024743E-006                  0.0000000000000000E+000                 -5.8125924371983535E+000                 -9.8999999999999986E+001                 -3.9264376765752727E+000 
                                     516                  2.9998000905805333E+000                  2.4078060846394281E-001                  5.8819835035370920E+000                 -3.2911945344336542E+000                  1.0723564535018946E+001                  6.9999999999892393E-001                  2.8000000000107644E-001                  1.9999999999999574E-002                  3.7982108174309770E-001                  6.2164139020401619E+000                  0.0000000000000000E+000                  2.0130658573961729E-001                  2.0130658573961729E-001                  1.3627743874554825E-006                  1.3627743874554825E-006                  0.0000000000000000E+000                 -5.8233002801288514E+000                 -9.8999999999999986E+001                 -3.9354801707982090E+000 
                                     517                  2.9997958332380072E+000                  2.4045854836559358E-001                  5.8851129344512261E+000                 -3.2788184099110675E+000                  1.0739022788544592E+001                  6.9999999999892382E-001                  2.8000000000107639E-001                  1.9999999999999796E-002                  3.7986513886430701E-001                  6.1803016906649582E+000                  0.0000000000000000E+000                  2.0146166498550225E-001                  2.0146166498550225E-001                  1.3591702700208230E-006                  1.3591702700208230E-006                  0.0000000000000000E+000                 -5.8396451189174625E+000                 -9.8999999999999986E+001                 -3.9492952797739478E+000 
                                     518                  2.9997870198225658E+000                  2.3980838198289647E-001                  5.8892450376104035E+000                 -3.2624141798736823E+000                  1.0759496626515531E+001                  6.9999999999892393E-001                  2.8000000000107644E-001                  1.9999999999999574E-002                  3.8008813158467880E-001                  6.1355106476849732E+000                  0.0000000000000000E+000                  2.0179399161539957E-001                  2.0179399161539957E-001                  1.3524373312110147E-006                  1.3524373312110147E-006                  0.0000000000000000E+000                 -5.8611001301058145E+000                 -9.8999999999999986E+001                 -3.9675925586472283E+000 
                                     519                  2.9997778973222551E+000                  2.3915744104549369E-001                  5.8933579644890104E+000                 -3.2461262544566232E+000                  1.0779837128356528E+001                  6.9999999999892393E-001                  2.8000000000107644E-001                  1.9999999999999574E-002                  3.8020745440308684E-001                  6.0927331718724034E+000                  0.0000000000000000E+000                  2.0217417903620072E-001                  2.0217417903620072E-001                  1.3456743334029027E-006                  1.3456743334029027E-006                  0.0000000000000000E+000                 -5.8822314383192342E+000                 -9.8999999999999986E+001                 -3.9856865628636746E+000 
                                     520                  2.9997684550274024E+000                  2.3850555517207397E-001                  5.8964159664913636E+000                 -3.2339770834735435E+000                  1.0794999119895417E+001                  6.9999999999892393E-001                  2.8000000000107644E-001                  1.9999999999999574E-002                  3.8030662111637192E-001                  6.0630579770798887E+000                  0.0000000000000000E+000                  2.0260089613527546E-001                  2.0260089613527546E-001                  1.3382043894080315E-006                  1.3382043894080315E-006                  0.0000000000000000E+000                 -5.8976455767105955E+000                 -9.8999999999999986E+001                 -3.9989815339008357E+000 
                                     521                  2.9997635684444202E+000                  2.3817638386015397E-001                  5.8984595932233814E+000                 -3.2259157537312793E+000                  1.0805075130947484E+001                  6.9999999999892393E-001                  2.8000000000107644E-001                  1.9999999999999574E-002                  3.8043886522519016E-001                  6.0432259014334404E+000                  0.0000000000000000E+000                  2.0282973290295117E-001                  2.0282973290295117E-001                  1.3346295917398221E-006                  1.3346295917398221E-006                  0.0000000000000000E+000                 -5.9082017173860830E+000                 -9.8999999999999986E+001                 -4.0081154072577130E+000 
                                     522                  2.9997586818614370E+000                  2.3785253663557765E-001                  5.9015340572725528E+000                 -3.2138788471645134E+000                  1.0820145167964117E+001                  6.9999999999892393E-001                  2.8000000000107644E-001                  1.9999999999999574E-002                  3.8065370780407753E-001                  6.0134032909787356E+000                  0.0000000000000000E+000                  2.0304812259291910E-001                  2.0304812259291910E-001                  1.3315016922475679E-006                  1.3315016922475679E-006                  0.0000000000000000E+000                 -5.9243582421427083E+000                 -9.8999999999999986E+001                 -4.0221240792213715E+000 
                                     523                  2.9997485663688592E+000                  2.3719827430610194E-001                  5.9056007983329035E+000                 -3.1979105532140948E+000                  1.0840124977505878E+001                  6.9999999999892393E-001                  2.8000000000107644E-001                  1.9999999999999574E-002                  3.8072658551696059E-001                  5.9768207720642055E+000                  0.0000000000000000E+000                  2.0351278370633857E-001                  2.0351278370633857E-001                  1.3244110017539995E-006                  1.3244110017539995E-006                  0.0000000000000000E+000                 -5.9449769601977662E+000                 -9.8999999999999986E+001                 -4.0400940373660834E+000 
                                     524                  2.9997380967026372E+000                  2.3654259067828559E-001                  5.9096556305348837E+000                 -3.1820382686983146E+000                  1.0859996451861901E+001                  6.9999999999892393E-001                  2.8000000000107644E-001                  1.9999999999999574E-002                  3.8084369908804799E-001                  5.9419817093338150E+000                  0.0000000000000000E+000                  2.0402312181432786E-001                  2.0402312181432786E-001                  1.3164857172302860E-006                  1.3164857172302860E-006                  0.0000000000000000E+000                 -5.9654973333530110E+000                 -9.8999999999999986E+001                 -4.0580769244761452E+000 
                                     525                  2.9997272606114755E+000                  2.3588533965803707E-001                  5.9126752794176962E+000                 -3.1701889855418321E+000                  1.0874822576454799E+001                  6.9999999999892393E-001                  2.8000000000107644E-001                  1.9999999999999574E-002                  3.8094298882209870E-001                  5.9177548997022358E+000                  0.0000000000000000E+000                  2.0456904171626836E-001                  2.0456904171626836E-001                  1.3087334036722075E-006                  1.3087334036722075E-006                  0.0000000000000000E+000                 -5.9805303428337044E+000                 -9.8999999999999986E+001                 -4.0713371405851930E+000 
                                     526                  2.9997216530194373E+000                  2.3555323875858117E-001                  5.9146948080001875E+000                 -3.1623218039591010E+000                  1.0884681551242911E+001                  6.9999999999892393E-001                  2.8000000000107639E-001                  1.9999999999999685E-002                  3.8093068334427610E-001                  5.9013603166842614E+000                  0.0000000000000000E+000                  2.0485006957753013E-001                  2.0485006957753013E-001                  1.3045911308809460E-006                  1.3045911308809460E-006                  0.0000000000000000E+000                 -5.9906953345813241E+000                 -9.8999999999999986E+001                 -4.0802979611757442E+000 
                                     527                  2.9997160454273994E+000                  2.3522635650156840E-001                  5.9177351227399315E+000                 -3.1505679028938327E+000                  1.0899435899669671E+001                  6.9999999999892393E-001                  2.8000000000107644E-001                  1.9999999999999574E-002                  3.8087480283618463E-001                  5.8762806884180501E+000                  0.0000000000000000E+000                  2.0511156026641297E-001                  2.0511156026641297E-001                  1.3002507607491663E-006                  1.3002507607491663E-006                  0.0000000000000000E+000                 -6.0062112681328150E+000                 -9.8999999999999986E+001                 -4.0939650531787342E+000 
                                     528                  2.9997044380526319E+000                  2.3456554697389678E-001                  5.9217616041531436E+000                 -3.1349639918358556E+000                  1.0919013625572573E+001                  6.9999999999892393E-001                  2.8000000000107644E-001                  1.9999999999999574E-002                  3.8093085828714074E-001                  5.8448335801698068E+000                  0.0000000000000000E+000                  2.0563655285115406E-001                  2.0563655285115406E-001                  1.2917029925819960E-006                  1.2917029925819960E-006                  0.0000000000000000E+000                 -6.0264632759651411E+000                 -9.8999999999999986E+001                 -4.1118882054789951E+000 
                                     529                  2.9996924249448895E+000                  2.3390275207875261E-001                  5.9257803270243334E+000                 -3.1194433434591828E+000                  1.0938502945366363E+001                  6.9999999999892393E-001                  2.8000000000107644E-001                  1.9999999999999574E-002                  3.8090962503874970E-001                  5.8139413606931747E+000                  0.0000000000000000E+000                  2.0617135942192363E-001                  2.0617135942192363E-001                  1.2832135576248689E-006                  1.2832135576248689E-006                  0.0000000000000000E+000                 -6.0465916317050272E+000                 -9.8999999999999986E+001                 -4.1297166180385823E+000 
                                     530                  2.9996799921006652E+000                  2.3323783852346827E-001                  5.9287754891127564E+000                 -3.1078502296552881E+000                  1.0953055236462664E+001                  6.9999999999892393E-001                  2.8000000000107644E-001                  1.9999999999999574E-002                  3.8093347944367600E-001                  5.7919369277494690E+000                  0.0000000000000000E+000                  2.0670895766000921E-001                  2.0670895766000921E-001                  1.2747742284136828E-006                  1.2747742284136828E-006                  0.0000000000000000E+000                 -6.0613730884551948E+000                 -9.8999999999999986E+001                 -4.1428529750068739E+000 
                                     531                  2.9996735585694263E+000                  2.3290167321182817E-001                  5.9307793325509950E+000                 -3.1001496118666800E+000                  1.0962737129306646E+001                  6.9999999999892393E-001                  2.8000000000107644E-001                  1.9999999999999574E-002                  3.8099988112348782E-001                  5.7768935919500324E+000                  0.0000000000000000E+000                  2.0697635331746178E-001                  2.0697635331746178E-001                  1.2709320405620686E-006                  1.2709320405620686E-006                  0.0000000000000000E+000                 -6.0714322730331771E+000                 -9.8999999999999986E+001                 -4.1517835310687667E+000 
                                     532                  2.9996671250381874E+000                  2.3257065410762567E-001                  5.9337970046281256E+000                 -3.0886375504793424E+000                  1.0977233725481323E+001                  6.9999999999892393E-001                  2.8000000000107644E-001                  1.9999999999999574E-002                  3.8110555985839739E-001                  5.7538731857007903E+000                  0.0000000000000000E+000                  2.0722281762724751E-001                  2.0722281762724751E-001                  1.2674569885414148E-006                  1.2674569885414148E-006                  0.0000000000000000E+000                 -6.0867063858236818E+000                 -9.8999999999999986E+001                 -4.1653243474673234E+000 
                                     533                  2.9996538087810114E+000                  2.3190111754439668E-001                  5.9377961804189354E+000                 -3.0733417441340234E+000                  1.0996483063796942E+001                  6.9999999999892393E-001                  2.8000000000107644E-001                  1.9999999999999574E-002                  3.8119779308984764E-001                  5.7254492769232455E+000                  0.0000000000000000E+000                  2.0772652133443492E-001                  2.0772652133443492E-001                  1.2602321839422928E-006                  1.2602321839422227E-006                  7.0072033690393206E-020                 -6.1066334246275034E+000                 -9.8999999999999986E+001                 -4.1831023996332712E+000 
                                     534                  2.9996400278424962E+000                  2.3122908940625689E-001                  5.9417907012092206E+000                 -3.0581161110566639E+000                  1.1015660143212259E+001                  6.9999999999892393E-001                  2.8000000000107644E-001                  1.9999999999999574E-002                  3.8140595148606332E-001                  5.6985319460858248E+000                  0.0000000000000000E+000                  2.0826658034058587E-001                  2.0826658034058587E-001                  1.2530949177097370E-006                  1.2530949177094926E-006                  2.4428639316759586E-019                 -6.1266264708815106E+000                 -9.8999999999999986E+001                 -4.2010506439641011E+000 
                                     535                  2.9996257662096228E+000                  2.3055444910453046E-001                  5.9457818505171804E+000                 -3.0429560486283802E+000                  1.1034768519857360E+001                  6.9999999999892404E-001                  2.8000000000107644E-001                  1.9999999999999574E-002                  3.8160888069687127E-001                  5.6734887628570627E+000                  0.0000000000000000E+000                  2.0883902801780929E-001                  2.0883902801780929E-001                  1.2463125726291014E-006                  1.2463125726288236E-006                  2.7789996217096014E-019                 -6.1464984747650036E+000                 -9.8999999999999986E+001                 -4.2190117826268834E+000 
                                     536                  2.9996110073258522E+000                  2.2987708139773227E-001                  5.9497711163943858E+000                 -3.0278608452045312E+000                  1.1053811579608183E+001                  6.9999999999892393E-001                  2.8000000000107644E-001                  1.9999999999999574E-002                  3.8176217901379766E-001                  5.6506344036263600E+000                  0.0000000000000000E+000                  2.0945650656958323E-001                  2.0945650656958323E-001                  1.2392475876387432E-006                  1.2392475876386746E-006                  6.8623311980833152E-020                 -6.1663036321921316E+000                 -9.8999999999999986E+001                 -4.2370658817385021E+000 
                                     537                  2.9995957340736252E+000                  2.2919687038237385E-001                  5.9537601403830962E+000                 -3.0128268079736635E+000                  1.1072792547942425E+001                  6.9999999999892393E-001                  2.8000000000107644E-001                  1.9999999999999574E-002                  3.8194647044028168E-001                  5.6301944503105057E+000                  0.0000000000000000E+000                  2.1012901215010352E-001                  2.1012901215010352E-001                  1.2318841606511322E-006                  1.2318841606512018E-006                 -6.9679737151838621E-020                 -6.1859596385943645E+000                 -9.8999999999999986E+001                 -4.2551500585880273E+000 
                                     538                  2.9995799287570222E+000                  2.2851370419753209E-001                  5.9577504637962493E+000                 -2.9978537999220096E+000                  1.1091714497953742E+001                  6.9999999999892382E-001                  2.8000000000107644E-001                  1.9999999999999796E-002                  3.8206040121204338E-001                  5.6117553064694699E+000                  0.0000000000000000E+000                  2.1085314426696511E-001                  2.1085314426696511E-001                  1.2240678910409661E-006                  1.2240678910410006E-006                 -3.4608982580983426E-020                 -6.2056071633833527E+000                 -9.8999999999999986E+001                 -4.2733749607790337E+000 
                                     539                  2.9995635730838730E+000                  2.2782746949783986E-001                  5.9617432550450706E+000                 -2.9829400763619867E+000                  1.1110580360310074E+001                  6.9999999999892393E-001                  2.8000000000107644E-001                  1.9999999999999574E-002                  3.8211394132673199E-001                  5.5947625746935516E+000                  0.0000000000000000E+000                  2.1161086673269816E-001                  2.1161086673269816E-001                  1.2154471763925287E-006                  1.2154471763925287E-006                  0.0000000000000000E+000                 -6.2250046643955192E+000                 -9.8999999999999986E+001                 -4.2914575390275056E+000 
                                     540                  2.9995466481446749E+000                  2.2713805388122740E-001                  5.9657392723668492E+000                 -2.9680842932181042E+000                  1.1129392934429275E+001                  6.9999999999892393E-001                  2.8000000000107644E-001                  1.9999999999999574E-002                  3.8212918236951976E-001                  5.5786743814126023E+000                  0.0000000000000000E+000                  2.1238180598048714E-001                  2.1238180598048714E-001                  1.2062043081707438E-006                  1.2062043081707438E-006                  0.0000000000000000E+000                 -6.2444156276245284E+000                 -9.8999999999999986E+001                 -4.3096201056088335E+000 
                                     541                  2.9995291343889985E+000                  2.2644534511132761E-001                  5.9697388806704454E+000                 -2.9532854001734816E+000                  1.1148154899730608E+001                  6.9999999999892393E-001                  2.8000000000107644E-001                  1.9999999999999574E-002                  3.8221390663746307E-001                  5.5629600766055036E+000                  0.0000000000000000E+000                  2.1314613013422476E-001                  2.1314613013422476E-001                  1.1971253450874029E-006                  1.1971253450874029E-006                  0.0000000000000000E+000                 -6.2638339084348660E+000                 -9.8999999999999986E+001                 -4.3278155556378071E+000 
                                     542                  2.9995110116009140E+000                  2.2574923050069604E-001                  5.9737420800009406E+000                 -2.9385401227861068E+000                  1.1166868824003815E+001                  6.9999999999892393E-001                  2.8000000000107644E-001                  1.9999999999999574E-002                  3.8225134397893273E-001                  5.5471287633603907E+000                  0.0000000000000000E+000                  2.1388523788821553E-001                  2.1388523788821553E-001                  1.1884801419345192E-006                  1.1884801419345192E-006                  0.0000000000000000E+000                 -6.2831540077579469E+000                 -9.8999999999999986E+001                 -4.3459002671602329E+000 
                                     543                  2.9994922588774324E+000                  2.2504960050317357E-001                  5.9777485398755452E+000                 -2.9238453454093456E+000                  1.1185537167660032E+001                  6.9999999999892382E-001                  2.8000000000107650E-001                  1.9999999999999685E-002                  3.8241513339060534E-001                  5.5307282275979395E+000                  0.0000000000000000E+000                  2.1458216032109811E-001                  2.1458216032109811E-001                  1.1806729762453933E-006                  1.1806729762453234E-006                  6.9946870026343500E-020                 -6.3025941236311560E+000                 -9.8999999999999986E+001                 -4.3640568210292576E+000 
                                     544                  2.9994728546082245E+000                  2.2434634861861386E-001                  5.9817577371193593E+000                 -2.9091978234284270E+000                  1.1204162287043692E+001                  6.9999999999892393E-001                  2.8000000000107644E-001                  1.9999999999999574E-002                  3.8257267201680017E-001                  5.5136360000433955E+000                  0.0000000000000000E+000                  2.1522716934186220E-001                  2.1522716934186220E-001                  1.1739402866942288E-006                  1.1739402866940197E-006                  2.0909712776651918E-019                 -6.3219809481446854E+000                 -9.8999999999999986E+001                 -4.3821020399716595E+000 
                                     545                  2.9994527764545396E+000                  2.2363937175048354E-001                  5.9857691487523308E+000                 -2.8945937176923664E+000                  1.1222746438463728E+001                  6.9999999999892404E-001                  2.8000000000107644E-001                  1.9999999999999574E-002                  3.8266908885693457E-001                  5.4959407656513006E+000                  0.0000000000000000E+000                  2.1582082963866264E-001                  2.1582082963866264E-001                  1.1675051499260950E-006                  1.1675051499259565E-006                  1.3851949167662547E-019                 -6.3411808532710250E+000                 -9.8999999999999986E+001                 -4.3999084272087119E+000 
                                     546                  2.9994320013259412E+000                  2.2292857128037458E-001                  5.9897823334264535E+000                 -2.8800298789681316E+000                  1.1241291782854949E+001                  6.9999999999892393E-001                  2.8000000000107644E-001                  1.9999999999999574E-002                  3.8281066114367818E-001                  5.4777313522989743E+000                  0.0000000000000000E+000                  2.1636809835030935E-001                  2.1636809835030935E-001                  1.1614061735616346E-006                  1.1614061735617741E-006                 -1.3965262423716448E-019                 -6.3604112765945491E+000                 -9.8999999999999986E+001                 -4.4177001450130078E+000 
                                     547                  2.9994105053556437E+000                  2.2221385203765365E-001                  5.9937969246474712E+000                 -2.8655043045394510E+000                  1.1259800390429273E+001                  6.9999999999892393E-001                  2.8000000000107644E-001                  1.9999999999999574E-002                  3.8291612720648999E-001                  5.4590877540687606E+000                  0.0000000000000000E+000                  2.1687359899985709E-001                  2.1687359899985709E-001                  1.1556672482343213E-006                  1.1556672482345294E-006                 -2.0817425417483541E-019                 -6.3795818279981527E+000                 -9.8999999999999986E+001                 -4.4353927324274052E+000 
                                     548                  2.9993882638754665E+000                  2.2149512049542772E-001                  5.9978126247193870E+000                 -2.8510155502836922E+000                  1.1278274245347751E+001                  6.9999999999892393E-001                  2.8000000000107650E-001                  1.9999999999999574E-002                  3.8294769329499256E-001                  5.4400874752695012E+000                  0.0000000000000000E+000                  2.1734164863160416E-001                  2.1734164863160416E-001                  1.1496851046779846E-006                  1.1496851046780538E-006                 -6.9148735418413137E-020                 -6.3985932417048614E+000                 -9.8999999999999986E+001                 -4.4528927263272280E+000 
                                     549                  2.9993652513895528E+000                  2.2077228387456763E-001                  6.0018292105614313E+000                 -2.8365604009982794E+000                  1.1296715251172134E+001                  6.9999999999892393E-001                  2.8000000000107650E-001                  1.9999999999999574E-002                  3.8303574761164544E-001                  5.4208311677685446E+000                  0.0000000000000000E+000                  2.1777688195532913E-001                  2.1777688195532913E-001                  1.1436420877974907E-006                  1.1436420877974907E-006                  0.0000000000000000E+000                 -6.4175362497694008E+000                 -9.8999999999999986E+001                 -4.4702985909565625E+000 
                                     550                  2.9993414415452944E+000                  2.2004525306984543E-001                  6.0058465238161567E+000                 -2.8221391297983209E+000                  1.1315125236651561E+001                  6.9999999999892393E-001                  2.8000000000107650E-001                  1.9999999999999574E-002                  3.8303185730041955E-001                  5.4013720479719822E+000                  0.0000000000000000E+000                  2.1818339009353943E-001                  2.1818339009353943E-001                  1.1377260185634284E-006                  1.1377260185634284E-006                  0.0000000000000000E+000                 -6.4366311306871085E+000                 -9.8999999999999986E+001                 -4.4878346297255005E+000 
                                     551                  2.9993168071018799E+000                  2.1931393676481020E-001                  6.0098644524885030E+000                 -2.8077508287676540E+000                  1.1333505961969188E+001                  6.9999999999892393E-001                  2.8000000000107650E-001                  1.9999999999999574E-002                  3.8311704908913358E-001                  5.3817643106907704E+000                  0.0000000000000000E+000                  2.1856424362642529E-001                  2.1856424362642529E-001                  1.1320469024525756E-006                  1.1320469024525756E-006                  0.0000000000000000E+000                 -6.4555513727637113E+000                 -9.8999999999999986E+001                 -4.5051784910164567E+000 
                                     552                  2.9992913198990072E+000                  2.1857824332089934E-001                  6.0138829464585033E+000                 -2.7933899576491057E+000                  1.1351859122486371E+001                  6.9999999999892393E-001                  2.8000000000107650E-001                  1.9999999999999574E-002                  3.8324842765466033E-001                  5.3621071934326787E+000                  0.0000000000000000E+000                  2.1892335473438335E-001                  2.1892335473438335E-001                  1.1271057754111613E-006                  1.1271057754111613E-006                  0.0000000000000000E+000                 -6.4744698851006071E+000                 -9.8999999999999986E+001                 -4.5225109520501592E+000 
                                     553                  2.9992649508279539E+000                  2.1783808873260943E-001                  6.0179020082007639E+000                 -2.7790561227952444E+000                  1.1370186349148593E+001                  6.9999999999892393E-001                  2.8000000000107650E-001                  1.9999999999999574E-002                  3.8332380511868591E-001                  5.3424335229726019E+000                  0.0000000000000000E+000                  2.1926416610815450E-001                  2.1926416610815450E-001                  1.1225586580713049E-006                  1.1225586580713049E-006                  0.0000000000000000E+000                 -6.4934054062963193E+000                 -9.8999999999999986E+001                 -4.5398533360268933E+000 
                                     554                  2.9992376698036667E+000                  2.1709338810541987E-001                  6.0219216728095262E+000                 -2.7647468759694367E+000                  1.1388489210240243E+001                  6.9999999999892393E-001                  2.8000000000107650E-001                  1.9999999999999574E-002                  3.8344097733122634E-001                  5.3227941509322774E+000                  0.0000000000000000E+000                  2.1958904286027434E-001                  2.1958904286027434E-001                  1.1182163717326815E-006                  1.1182163717326815E-006                  0.0000000000000000E+000                 -6.5122172758937111E+000                 -9.8999999999999986E+001                 -4.5570690762869246E+000 
                                     555                  2.9992094457346821E+000                  2.1634405923808092E-001                  6.0259420094539147E+000                 -2.7504603573437776E+000                  1.1406769213586552E+001                  6.9999999999892393E-001                  2.8000000000107650E-001                  1.9999999999999574E-002                  3.8356727033511573E-001                  5.3032278743284316E+000                  0.0000000000000000E+000                  2.1990042889448333E-001                  2.1990042889448333E-001                  1.1141202914632094E-006                  1.1141202914632094E-006                  0.0000000000000000E+000                 -6.5310909184272630E+000                 -9.8999999999999986E+001                 -4.5743467647471645E+000 
                                     556                  2.9991802464903721E+000                  2.1559002168472433E-001                  6.0299631076454876E+000                 -2.7361963672509697E+000                  1.1425027809518770E+001                  6.9999999999892393E-001                  2.8000000000107650E-001                  1.9999999999999574E-002                  3.8359758231874769E-001                  5.2837505708455037E+000                  0.0000000000000000E+000                  2.2020000382666780E-001                  2.2020000382666780E-001                  1.1097225333259053E-006                  1.1097225333259053E-006                  0.0000000000000000E+000                 -6.5497571146349207E+000                 -9.8999999999999986E+001                 -4.5914185127828606E+000 
                                     557                  2.9991500388666421E+000                  2.1483119389284888E-001                  6.0339850702768434E+000                 -2.7219538868655158E+000                  1.1443266393975009E+001                  6.9999999999892393E-001                  2.8000000000107650E-001                  1.9999999999999574E-002                  3.8357677790322608E-001                  5.2643839518074209E+000                  0.0000000000000000E+000                  2.2048904584192003E-001                  2.2048904584192003E-001                  1.1049056761120055E-006                  1.1049056761119710E-006                  3.4470698150255719E-020                 -6.5685576483296702E+000                 -9.8999999999999986E+001                 -4.6086279357919864E+000 
                                     558                  2.9991187885515416E+000                  2.1406749463258826E-001                  6.0380080029553307E+000                 -2.7077347239911349E+000                  1.1461486311056747E+001                  6.9999999999892393E-001                  2.8000000000107650E-001                  1.9999999999999574E-002                  3.8363835394728363E-001                  5.2451156573787134E+000                  0.0000000000000000E+000                  2.2076823091348508E-001                  2.2076823091348508E-001                  1.1003860325128651E-006                  1.1003860325127275E-006                  1.3753760911432926E-019                 -6.5873126646804359E+000                 -9.8999999999999986E+001                 -4.6257942159437322E+000 
                                     559                  2.9990864600892686E+000                  2.1329883799610783E-001                  6.0420320384403068E+000                 -2.6935313273643260E+000                  1.1479688856974882E+001                  6.9999999999892382E-001                  2.8000000000107650E-001                  1.9999999999999685E-002                  3.8379265338735213E-001                  5.2260337094400979E+000                  0.0000000000000000E+000                  2.2103953988547920E-001                  2.2103953988547920E-001                  1.0966261641129360E-006                  1.0966261641127302E-006                  2.0580896761770517E-019                 -6.6059105841195276E+000                 -9.8999999999999986E+001                 -4.6428131389905847E+000 
                                     560                  2.9990530168409850E+000                  2.1252514992580324E-001                  6.0460573291946966E+000                 -2.6793468753187701E+000                  1.1497875282085449E+001                  6.9999999999892393E-001                  2.8000000000107650E-001                  1.9999999999999574E-002                  3.8390884362859079E-001                  5.2071039629009110E+000                  0.0000000000000000E+000                  2.2130453333420200E-001                  2.2130453333420200E-001                  1.0934435010832270E-006                  1.0934435010830900E-006                  1.3691670684122981E-019                 -6.6249709081217310E+000                 -9.8999999999999986E+001                 -4.6603014885291945E+000 
                                     561                  2.9990184209423005E+000                  2.1174634921685406E-001                  6.0500840203164881E+000                 -2.6651795964425991E+000                  1.1516046795591473E+001                  6.9999999999892393E-001                  2.8000000000107650E-001                  1.9999999999999574E-002                  3.8399841021245101E-001                  5.1883458066773054E+000                  0.0000000000000000E+000                  2.2156323623314658E-001                  2.2156323623314658E-001                  1.0902258513091186E-006                  1.0902258513090845E-006                  3.4161152559512502E-020                 -6.6434783596486380E+000                 -9.8999999999999986E+001                 -4.6772457099903813E+000 
                                     562                  2.9989826332619622E+000                  2.1096235623359089E-001                  6.0541122756375083E+000                 -2.6510258476643047E+000                  1.1534204567002497E+001                  6.9999999999892393E-001                  2.8000000000107650E-001                  1.9999999999999574E-002                  3.8409221494400703E-001                  5.1697926090811643E+000                  0.0000000000000000E+000                  2.2181709809154873E-001                  2.2181709809154873E-001                  1.0868281792236654E-006                  1.0868281792236654E-006                  0.0000000000000000E+000                 -6.6622035756742575E+000                 -9.8999999999999986E+001                 -4.6944193613485226E+000 
                                     563                  2.9989456133624111E+000                  2.1017309642918336E-001                  6.0581422514147976E+000                 -2.6368882231208235E+000                  1.1552349725695379E+001                  6.9999999999892393E-001                  2.8000000000107650E-001                  1.9999999999999574E-002                  3.8416342363782019E-001                  5.1513957614066648E+000                  0.0000000000000000E+000                  2.2206613278952014E-001                  2.2206613278952014E-001                  1.0834463491646608E-006                  1.0834463491646608E-006                  0.0000000000000000E+000                 -6.6808845411548781E+000                 -9.8999999999999986E+001                 -4.7115564798997047E+000 
                                     564                  2.9989073194612730E+000                  2.0937848916681084E-001                  6.0621740843490688E+000                 -2.6227644860115666E+000                  1.1570483362368222E+001                  6.9999999999892393E-001                  2.8000000000107655E-001                  1.9999999999999574E-002                  3.8421494023352581E-001                  5.1331587325686758E+000                  0.0000000000000000E+000                  2.2230967966517415E-001                  2.2230967966517415E-001                  1.0799271451552155E-006                  1.0799271451552155E-006                  0.0000000000000000E+000                 -6.6994531487794848E+000                 -9.8999999999999986E+001                 -4.7285893919250501E+000 
                                     565                  2.9988677083900264E+000                  2.0857845649842635E-001                  6.0662079088102070E+000                 -2.6086532671441418E+000                  1.1588606529998881E+001                  6.9999999999892393E-001                  2.8000000000107655E-001                  1.9999999999999574E-002                  3.8423524861233166E-001                  5.1150775406178308E+000                  0.0000000000000000E+000                  2.2254801889809056E-001                  2.2254801889809056E-001                  1.0762032970464222E-006                  1.0762032970464222E-006                  0.0000000000000000E+000                 -6.7179000698189917E+000                 -9.8999999999999986E+001                 -4.7455085024166594E+000 
                                     566                  2.9988267355492129E+000                  2.0777292164725628E-001                  6.0702438519652269E+000                 -2.5945539865828553E+000                  1.1606720245789679E+001                  6.9999999999892393E-001                  2.8000000000107655E-001                  1.9999999999999574E-002                  3.8423344907148621E-001                  5.0971419154493134E+000                  0.0000000000000000E+000                  2.2278114224837958E-001                  2.2278114224837958E-001                  1.0722939262280158E-006                  1.0722939262279479E-006                  6.8063408128149548E-020                 -6.7364197665130110E+000                 -9.8999999999999986E+001                 -4.7625075044429677E+000 
                                     567                  2.9987843548609616E+000                  2.0696180755162474E-001                  6.0742820265998088E+000                 -2.5804675178517731E+000                  1.1624825493171262E+001                  6.9999999999892382E-001                  2.8000000000107655E-001                  1.9999999999999574E-002                  3.8428184236399110E-001                  5.0793286960880115E+000                  0.0000000000000000E+000                  2.2300862400730043E-001                  2.2300862400730043E-001                  1.0685743544346096E-006                  1.0685743544344059E-006                  2.0369609206593910E-019                 -6.7549767966414951E+000                 -9.8999999999999986E+001                 -4.7795490723099698E+000 
                                     568                  2.9987405187214868E+000                  2.0614503412807150E-001                  6.0783225418652220E+000                 -2.5663911164897870E+000                  1.1642923223869877E+001                  6.9999999999892404E-001                  2.8000000000107661E-001                  1.9999999999999352E-002                  3.8431982021914041E-001                  5.0616548569034139E+000                  0.0000000000000000E+000                  2.2323060945407733E-001                  2.2323060945407733E-001                  1.0651575767575698E-006                  1.0651575767574345E-006                  1.3536689094127046E-019                 -6.7733710337216451E+000                 -9.8999999999999986E+001                 -4.7964346132383504E+000 
                                     569                  2.9986951779518862E+000                  2.0532252505046966E-001                  6.0823655181682099E+000                 -2.5523223900843339E+000                  1.1661014359181381E+001                  6.9999999999892393E-001                  2.8000000000107661E-001                  1.9999999999999463E-002                  3.8438962931075743E-001                  5.0441343081146979E+000                  0.0000000000000000E+000                  2.2344805461476278E-001                  2.2344805461476278E-001                  1.0619583688235510E-006                  1.0619583688236865E-006                 -1.3553628489228501E-019                 -6.7917753841527260E+000                 -9.8999999999999986E+001                 -4.8133383230749605E+000 
                                     570                  2.9986482817454729E+000                  2.0449420718083730E-001                  6.0864110754577814E+000                 -2.5382616261326985E+000                  1.1679099791726001E+001                  6.9999999999892393E-001                  2.8000000000107661E-001                  1.9999999999999463E-002                  3.8449252615479068E-001                  5.0267542632568771E+000                  0.0000000000000000E+000                  2.2366125054230240E-001                  2.2366125054230240E-001                  1.0592304948097570E-006                  1.0592304948099260E-006                 -1.6890235681683524E-019                 -6.8103637362572913E+000                 -9.8999999999999986E+001                 -4.8304330896301408E+000 
                                     571                  2.9985997776126583E+000                  2.0366000548305069E-001                  6.0904593258066182E+000                 -2.5242085283693649E+000                  1.1697180387678284E+001                  6.9999999999892393E-001                  2.8000000000107667E-001                  1.9999999999999352E-002                  3.8457391948520414E-001                  5.0095098618163485E+000                  0.0000000000000000E+000                  2.2387005349347244E-001                  2.2387005349347244E-001                  1.0566527858268339E-006                  1.0566527858267663E-006                  6.7609325340484036E-020                 -6.8287642518338032E+000                 -9.8999999999999986E+001                 -4.8473467475080545E+000 
                                     572                  2.9985496113257626E+000                  2.0281984409056256E-001                  6.0945103851056999E+000                 -2.5101608381745359E+000                  1.1715256987883498E+001                  6.9999999999892371E-001                  2.8000000000107667E-001                  1.9999999999999574E-002                  3.8466097879937400E-001                  4.9924175534864617E+000                  0.0000000000000000E+000                  2.2407495521523929E-001                  2.2407495521523929E-001                  1.0539910752990720E-006                  1.0539910752988698E-006                  2.0222223876894982E-019                 -6.8472098396044760E+000                 -9.8999999999999986E+001                 -4.8643137267983620E+000 
                                     573                  2.9984977268647710E+000                  2.0197365015875821E-001                  6.0985643630020556E+000                 -2.4961209723350235E+000                  1.1733330407463754E+001                  6.9999999999892371E-001                  2.8000000000107661E-001                  1.9999999999999685E-002                  3.8466558295058079E-001                  4.9754471688037807E+000                  0.0000000000000000E+000                  2.2427589844166121E-001                  2.2427589844166121E-001                  1.0511690073383013E-006                  1.0511690073381666E-006                  1.3458330743910454E-019                 -6.8657530300297269E+000                 -9.8999999999999986E+001                 -4.8813840295297819E+000 
                                     574                  2.9984440663637955E+000                  2.0112134484862432E-001                  6.1026213556171571E+000                 -2.4820887120605972E+000                  1.1751401436897986E+001                  6.9999999999892371E-001                  2.8000000000107667E-001                  1.9999999999999574E-002                  3.8470403998274222E-001                  4.9585979416670742E+000                  0.0000000000000000E+000                  2.2447241168721274E-001                  2.2447241168721274E-001                  1.0483139067830113E-006                  1.0483139067829776E-006                  3.3591148348053345E-020                 -6.8841838391520023E+000                 -9.8999999999999986E+001                 -4.8983476833789554E+000 
                                     575                  2.9983885700543293E+000                  2.0026284839037872E-001                  6.1066814744436009E+000                 -2.4680601945031531E+000                  1.1769470842959354E+001                  6.9999999999892371E-001                  2.8000000000107672E-001                  1.9999999999999574E-002                  3.8481285830704531E-001                  4.9419110220305944E+000                  0.0000000000000000E+000                  2.2466561277692434E-001                  2.2466561277692434E-001                  1.0459031342157647E-006                  1.0459031342157647E-006                  0.0000000000000000E+000                 -6.9025421941842389E+000                 -9.8999999999999986E+001                 -4.9152483113651444E+000 
                                     576                  2.9983311762044953E+000                  1.9939808733870787E-001                  6.1107448491108141E+000                 -2.4540352085737291E+000                  1.1787539369058411E+001                  6.9999999999892371E-001                  2.8000000000107672E-001                  1.9999999999999574E-002                  3.8483598609948449E-001                  4.9253923344253385E+000                  0.0000000000000000E+000                  2.2485677063873272E-001                  2.2485677063873272E-001                  1.0435051937970154E-006                  1.0435051937970154E-006                  0.0000000000000000E+000                 -6.9209536331173949E+000                 -9.8999999999999986E+001                 -4.9322120893092842E+000 
                                     577                  2.9982718210547947E+000                  1.9852698743729835E-001                  6.1148116041219263E+000                 -2.4400155998075492E+000                  1.1805607736605326E+001                  6.9999999999892371E-001                  2.8000000000107678E-001                  1.9999999999999574E-002                  3.8491290580074489E-001                  4.9090266255841941E+000                  0.0000000000000000E+000                  2.2504585174242700E-001                  2.2504585174242700E-001                  1.0410206643634058E-006                  1.0410206643634058E-006                  0.0000000000000000E+000                 -6.9394374010303634E+000                 -9.8999999999999986E+001                 -4.9492570337708219E+000 
                                     578                  2.9982104387540778E+000                  1.9764946944299611E-001                  6.1188818670325720E+000                 -2.4259989853432566E+000                  1.1823676646782607E+001                  6.9999999999892371E-001                  2.8000000000107683E-001                  1.9999999999999463E-002                  3.8503565056078298E-001                  4.8928401212234540E+000                  0.0000000000000000E+000                  2.2523325446476358E-001                  2.2523325446476358E-001                  1.0388439957985826E-006                  1.0388439957985826E-006                  0.0000000000000000E+000                 -6.9577939526824863E+000                 -9.8999999999999986E+001                 -4.9661860368814876E+000 
                                     579                  2.9981469612926515E+000                  1.9676545758832190E-001                  6.1229557787011721E+000                 -2.4119845206618593E+000                  1.1841746780838410E+001                  6.9999999999892371E-001                  2.8000000000107683E-001                  1.9999999999999463E-002                  3.8512928116392264E-001                  4.8768420585620254E+000                  0.0000000000000000E+000                  2.2541994198265464E-001                  2.2541994198265464E-001                  1.0367778995954057E-006                  1.0367778995954057E-006                  0.0000000000000000E+000                 -6.9762331631817895E+000                 -9.8999999999999986E+001                 -4.9832099285722045E+000 
                                     580                  2.9980813184344104E+000                  1.9587487656618666E-001                  6.1270334774047361E+000                 -2.3979734267693140E+000                  1.1859818801051562E+001                  6.9999999999892359E-001                  2.8000000000107689E-001                  1.9999999999999574E-002                  3.8524025410713675E-001                  4.8610204965718449E+000                  0.0000000000000000E+000                  2.2560598727836628E-001                  2.2560598727836628E-001                  1.0348729766428360E-006                  1.0348729766428693E-006                 -3.3335381224137111E-020                 -6.9947309561223454E+000                 -9.8999999999999986E+001                 -5.0003037054380046E+000 
                                     581                  2.9980134376443637E+000                  1.9497764725489647E-001                  6.1311151070201211E+000                 -2.3839626399935443E+000                  1.1877893352478084E+001                  6.9999999999892348E-001                  2.8000000000107694E-001                  1.9999999999999574E-002                  3.8537135923254895E-001                  4.8454048235176845E+000                  0.0000000000000000E+000                  2.2579189506391062E-001                  2.2579189506391062E-001                  1.0330970873289398E-006                  1.0330970873290730E-006                 -1.3316697766906604E-019                 -7.0129560240585418E+000                 -9.8999999999999986E+001                 -5.0171388240614521E+000 
                                     582                  2.9979432440153060E+000                  1.9407369553527345E-001                  6.1352008230894430E+000                 -2.3699517009302586E+000                  1.1895971062774958E+001                  6.9999999999892337E-001                  2.8000000000107705E-001                  1.9999999999999574E-002                  3.8539171080533868E-001                  4.8299973010723134E+000                  0.0000000000000000E+000                  2.2597850828520188E-001                  2.2597850828520188E-001                  1.0309709931303032E-006                  1.0309709931305027E-006                 -1.9947688949484873E-019                 -7.0313604449425009E+000                 -9.8999999999999986E+001                 -5.0341677208817242E+000 
                                     583                  2.9978706601938767E+000                  1.9316294702607992E-001                  6.1392907631423022E+000                 -2.3559446304717580E+000                  1.1914052542479926E+001                  6.9999999999892326E-001                  2.8000000000107717E-001                  1.9999999999999574E-002                  3.8541884052729919E-001                  4.8147565112368769E+000                  0.0000000000000000E+000                  2.2616502524774892E-001                  2.2616502524774892E-001                  1.0286191781503542E-006                  1.0286191781504869E-006                 -1.3281690807753515E-019                 -7.0497556472394622E+000                 -9.8999999999999986E+001                 -5.0511982446348354E+000 
                                     584                  2.9977956063062288E+000                  1.9224531762943323E-001                  6.1433850668124581E+000                 -2.3419358963374863E+000                  1.1932138386772612E+001                  6.9999999999892326E-001                  2.8000000000107722E-001                  1.9999999999999574E-002                  3.8542377964776120E-001                  4.7997335335838258E+000                  0.0000000000000000E+000                  2.2635173573464881E-001                  2.2635173573464881E-001                  1.0262108343448196E-006                  1.0262108343448529E-006                 -3.3161989645461949E-020                 -7.0677597617769559E+000                 -9.8999999999999986E+001                 -5.0678532718777740E+000 
                                     585                  2.9977179998805559E+000                  1.9132073361252491E-001                  6.1474838923187587E+000                 -2.3279253895412024E+000                  1.1950229174231687E+001                  6.9999999999892326E-001                  2.8000000000107728E-001                  1.9999999999999463E-002                  3.8535789938861864E-001                  4.7849248751273681E+000                  0.0000000000000000E+000                  2.2653985633849671E-001                  2.2653985633849671E-001                  1.0235830319324107E-006                  1.0235830319324107E-006                  0.0000000000000000E+000                 -7.0860409242983549E+000                 -9.8999999999999986E+001                 -5.0848007858304340E+000 
                                     586                  2.9976377557657541E+000                  1.9038912033724087E-001                  6.1515873770108156E+000                 -2.3139170598476784E+000                  1.1968325467924773E+001                  6.9999999999892315E-001                  2.8000000000107750E-001                  1.9999999999999352E-002                  3.8545984695289615E-001                  4.7702889470145022E+000                  0.0000000000000000E+000                  2.2672840901761276E-001                  2.2672840901761276E-001                  1.0214416709576972E-006                  1.0214416709576642E-006                  3.3068015675681520E-020                 -7.1045179215410590E+000                 -9.8999999999999986E+001                 -5.1019559463648374E+000 
                                     587                  2.9975547860453262E+000                  1.8945039341423203E-001                  6.1556956691209717E+000                 -2.2999063329569673E+000                  1.1986427817985186E+001                  6.9999999999892282E-001                  2.8000000000107766E-001                  1.9999999999999574E-002                  3.8552213497367532E-001                  4.7558975893910720E+000                  0.0000000000000000E+000                  2.2691813905704111E-001                  2.2691813905704111E-001                  1.0195992757148780E-006                  1.0195992757147458E-006                  1.3212280701068437E-019                 -7.1226144994611502E+000                 -9.8999999999999986E+001                 -5.1187491883259266E+000 
                                     588                  2.9974689999498878E+000                  1.8850447697146647E-001                  6.1598089712215440E+000                 -2.2858940986085488E+000                  1.2004536760878228E+001                  6.9999999999892271E-001                  2.8000000000107783E-001                  1.9999999999999463E-002                  3.8556072946603021E-001                  4.7418105481341142E+000                  0.0000000000000000E+000                  2.2711219993971865E-001                  2.2711219993971865E-001                  1.0176129651020418E-006                  1.0176129651018438E-006                  1.9797718383431645E-019                 -7.1410725604303860E+000                 -9.8999999999999986E+001                 -5.1359280719009721E+000 
                                     589                  2.9973803037676361E+000                  1.8755129195616319E-001                  6.1639275299457905E+000                 -2.2718823518386588E+000                  1.2022652820308254E+001                  6.9999999999892260E-001                  2.8000000000107794E-001                  1.9999999999999463E-002                  3.8577167670718421E-001                  4.7280780331777059E+000                  0.0000000000000000E+000                  2.2731316186517039E-001                  2.2731316186517039E-001                  1.0164186303619706E-006                  1.0164186303618387E-006                  1.3189450939981741E-019                 -7.1596082156576584E+000                 -9.8999999999999986E+001                 -5.1532135511378936E+000 
                                     590                  2.9972886007544157E+000                  1.8659075360010993E-001                  6.1680516538108137E+000                 -2.2578671278061258E+000                  1.2040776508088088E+001                  6.9999999999892226E-001                  2.8000000000107816E-001                  1.9999999999999574E-002                  3.8600001860170929E-001                  4.7148041914168779E+000                  0.0000000000000000E+000                  2.2752456297290782E-001                  2.2752456297290782E-001                  1.0158076555087399E-006                  1.0158076555086740E-006                  6.5847428822702889E-020                 -7.1779835383586663E+000                 -9.8999999999999986E+001                 -5.1703775635898648E+000 
                                     591                  2.9971937910434314E+000                  1.8562278459120352E-001                  6.1721817172452038E+000                 -2.2438486149196124E+000                  1.2058908322805406E+001                  6.9999999999892215E-001                  2.8000000000107833E-001                  1.9999999999999574E-002                  3.8606238875999738E-001                  4.7020508654831188E+000                  0.0000000000000000E+000                  2.2775017326302333E-001                  2.2775017326302333E-001                  1.0146303255299699E-006                  1.0146303255299370E-006                  3.2917492061819551E-020                 -7.1962877299609911E+000                 -9.8999999999999986E+001                 -5.1875153656151047E+000 
                                     592                  2.9970957715509554E+000                  1.8464730603780455E-001                  6.1763181346620435E+000                 -2.2298283579409968E+000                  1.2077048750274225E+001                  6.9999999999892182E-001                  2.8000000000107861E-001                  1.9999999999999574E-002                  3.8610601446400639E-001                  4.6898657840000180E+000                  0.0000000000000000E+000                  2.2799231965445044E-001                  2.2799231965445044E-001                  1.0128771804983123E-006                  1.0128771804984436E-006                 -1.3129900062244347E-019                 -7.2146390030314311E+000                 -9.8999999999999986E+001                 -5.2047499673441662E+000 
                                     593                  2.9969944358786247E+000                  1.8366423435879095E-001                  6.1804613591139814E+000                 -2.2158064342695396E+000                  1.2095198264764223E+001                  6.9999999999892160E-001                  2.8000000000107900E-001                  1.9999999999999352E-002                  3.8621732715499929E-001                  4.6783094688315749E+000                  0.0000000000000000E+000                  2.2825323318327204E-001                  2.2825323318327204E-001                  1.0110843422909375E-006                  1.0110843422912001E-006                 -2.6255084313160361E-019                 -7.2329746376185424E+000                 -9.8999999999999986E+001                 -5.2220246686042442E+000 
                                     594                  2.9968896742107511E+000                  1.8267348447232951E-001                  6.1846118880963790E+000                 -2.2017826113171939E+000                  1.2113357329884868E+001                  6.9999999999892126E-001                  2.8000000000107939E-001                  1.9999999999999352E-002                  3.8621836249351005E-001                  4.6674442611637970E+000                  0.0000000000000000E+000                  2.2853544665855752E-001                  2.2853544665855752E-001                  1.0089009069932280E-006                  1.0089009069933264E-006                 -9.8474043804717899E-020                 -7.2511948745579051E+000                 -9.8999999999999986E+001                 -5.2392459379243776E+000 
                                     595                  2.9967813732081838E+000                  1.8167497046008307E-001                  6.1887702587600613E+000                 -2.1877577776629127E+000                  1.2131526399260894E+001                  6.9999999999892060E-001                  2.8000000000107966E-001                  1.9999999999999796E-002                  3.8618145728736109E-001                  4.6573214648402432E+000                  0.0000000000000000E+000                  2.2884121312177244E-001                  2.2884121312177244E-001                  1.0061664211578754E-006                  1.0061664211575808E-006                  2.9454546043263291E-019                 -7.2694368156492342E+000                 -9.8999999999999986E+001                 -5.2565561056797421E+000 
                                     596                  2.9966694159000964E+000                  1.8066860294521661E-001                  6.1929370427922272E+000                 -2.1737321476212808E+000                  1.2149705917587712E+001                  6.9999999999892015E-001                  2.8000000000108033E-001                  1.9999999999999574E-002                  3.8626008680534069E-001                  4.6479985875799388E+000                  0.0000000000000000E+000                  2.2917248300623630E-001                  2.2917248300623630E-001                  1.0036337387489679E-006                  1.0036337387484661E-006                  5.0193162335896292E-019                 -7.2877794307939112E+000                 -9.8999999999999986E+001                 -5.2740397297832287E+000 
                                     597                  2.9965536815717639E+000                  1.7965429054869664E-001                  6.1960467951457456E+000                 -2.1632306321593022E+000                  1.2163307140947563E+001                  6.9999999999891960E-001                  2.8000000000108088E-001                  1.9999999999999574E-002                  3.8630067991946387E-001                  4.6420968261967666E+000                  0.0000000000000000E+000                  2.2954429955315295E-001                  2.2954429955315295E-001                  1.0011489260735589E-006                  1.0011489260734486E-006                  1.1025345546867200E-019                 -7.3008760405306274E+000                 -9.8999999999999986E+001                 -5.2865963043679027E+000 
                                     598                  2.9964943592497928E+000                  1.7914412215574471E-001                  6.1992045285513218E+000                 -2.1526901318784875E+000                  1.2176995822661208E+001                  6.9999999999891926E-001                  2.8000000000108116E-001                  1.9999999999999574E-002                  3.8632513824767073E-001                  4.6356573653684832E+000                  0.0000000000000000E+000                  2.2973588146840826E-001                  2.2973588146840826E-001                  9.9983964283089502E-007                  9.9983964283128550E-007                 -3.9039734971587823E-019                 -7.3150739047641888E+000                 -9.8999999999999986E+001                 -5.3001976328433731E+000 
                                     599                  2.9963727245780789E+000                  1.7811772258635786E-001                  6.2033951345395151E+000                 -2.1386597179628648E+000                  1.2195203353146219E+001                  6.9999999999891871E-001                  2.8000000000108166E-001                  1.9999999999999574E-002                  3.8637721069048925E-001                  4.6286042293908283E+000                  0.0000000000000000E+000                  2.3012826744486259E-001                  2.3012826744486259E-001                  9.9739607920261117E-007                  9.9739607920289344E-007                 -2.8216926167226282E-019                 -7.3334384289605330E+000                 -9.8999999999999986E+001                 -5.3179131840107079E+000 
                                     600                  2.9962469939608263E+000                  1.7708314955826618E-001                  6.2075964198057179E+000                 -2.1246288286822752E+000                  1.2213422825985830E+001                  6.9999999999891815E-001                  2.8000000000108233E-001                  1.9999999999999574E-002                  3.8642852608591333E-001                  4.6224140662312934E+000                  0.0000000000000000E+000                  2.3056357120431389E-001                  2.3056357120431389E-001                  9.9485937410500457E-007                  9.9485937410486311E-007                  1.4138413481632980E-019                 -7.3517210726896307E+000                 -9.8999999999999986E+001                 -5.3356272801862801E+000 
                                     601                  2.9961170326639333E+000                  1.7604030552099187E-001                  6.2118089369129770E+000                 -2.1105954589356402E+000                  1.2231654650730038E+001                  6.9999999999891749E-001                  2.8000000000108299E-001                  1.9999999999999574E-002                  3.8649498204685157E-001                  4.6169930689368863E+000                  0.0000000000000000E+000                  2.3102342214892529E-001                  2.3102342214892529E-001                  9.9212217189045488E-007                  9.9212217189019399E-007                  2.6083042162963647E-019                 -7.3698919536798284E+000                 -9.8999999999999986E+001                 -5.3533015476011130E+000 
                                     602                  2.9959827016802438E+000                  1.7498909616873967E-001                  6.2160331332585423E+000                 -2.0965602093922180E+000                  1.2249899228803926E+001                  6.9999999999891660E-001                  2.8000000000108377E-001                  1.9999999999999574E-002                  3.8657259278800971E-001                  4.6122277290579818E+000                  0.0000000000000000E+000                  2.3150207879290255E-001                  2.3150207879290255E-001                  9.8934709370552534E-007                  9.8934709370546012E-007                  6.5289590030604961E-020                 -7.3882435235637196E+000                 -9.8999999999999986E+001                 -5.3712180124321218E+000 
                                     603                  2.9958438576046729E+000                  1.7392942423658556E-001                  6.2202693367667026E+000                 -2.0825260662919294E+000                  1.2268156954069239E+001                  6.9999999999891582E-001                  2.8000000000108477E-001                  1.9999999999999352E-002                  3.8659532618268616E-001                  4.6079873829721230E+000                  0.0000000000000000E+000                  2.3199302302852975E-001                  2.3199302302852975E-001                  9.8644099926734304E-007                  9.8644099926734304E-007                 -8.0287158989821457E-023                 -7.4066533088766908E+000                 -9.8999999999999986E+001                 -5.3892420858482488E+000 
                                     604                  2.9957003525030150E+000                  1.7286118351656807E-001                  6.2245177709022981E+000                 -2.0684914508060683E+000                  1.2286428214481807E+001                  6.9999999999891471E-001                  2.8000000000108577E-001                  1.9999999999999574E-002                  3.8665269817658482E-001                  4.6041860816790363E+000                  0.0000000000000000E+000                  2.3249055499884680E-001                  2.3249055499884680E-001                  9.8325285392863244E-007                  9.8325285392843741E-007                  1.9495928616879293E-019                 -7.4247874379897230E+000                 -9.8999999999999986E+001                 -5.4070319381393128E+000 
                                     605                  2.9955520337783677E+000                  1.7178426989453993E-001                  6.2287785764766124E+000                 -2.0544553012875442E+000                  1.2304713391992523E+001                  6.9999999999891349E-001                  2.8000000000108699E-001                  1.9999999999999574E-002                  3.8672746981525014E-001                  4.6007353679077019E+000                  0.0000000000000000E+000                  2.3299018496159007E-001                  2.3299018496159007E-001                  9.8017782612251970E-007                  9.8017782612222726E-007                  2.9245341239326706E-019                 -7.4432609966706904E+000                 -9.8999999999999986E+001                 -5.4251944212457097E+000 
                                     606                  2.9953987440307799E+000                  1.7069858014808689E-001                  6.2330517924414144E+000                 -2.0404218115638653E+000                  1.2323012862826957E+001                  6.9999999999891205E-001                  2.8000000000108838E-001                  1.9999999999999574E-002                  3.8673477868889677E-001                  4.5975023804021156E+000                  0.0000000000000000E+000                  2.3348638398847218E-001                  2.3348638398847218E-001                  9.7716665292264195E-007                  9.7716665292244714E-007                  1.9488211390081918E-019                 -7.4616575099027305E+000                 -9.8999999999999986E+001                 -5.4433005933726522E+000 
                                     607                  2.9952403209130622E+000                  1.6960399869940510E-001                  6.2373373779894141E+000                 -2.0263854654623987E+000                  1.2341326999675251E+001                  6.9999999999891049E-001                  2.8000000000108999E-001                  1.9999999999999574E-002                  3.8679149903880561E-001                  4.5944427807967072E+000                  0.0000000000000000E+000                  2.3397481996004540E-001                  2.3397481996004540E-001                  9.7414504487612159E-007                  9.7414504487599178E-007                  1.2975915469281210E-019                 -7.4797487551464794E+000                 -9.8999999999999986E+001                 -5.4611180984790000E+000 
                                     608                  2.9950765969869915E+000                  1.6850042192449746E-001                  6.2416352416503571E+000                 -2.0123441383990910E+000                  1.2359656169486865E+001                  6.9999999999890883E-001                  2.8000000000109176E-001                  1.9999999999999352E-002                  3.8689961533179318E-001                  4.5914821761754512E+000                  0.0000000000000000E+000                  2.3445279130827062E-001                  2.3445279130827062E-001                  9.7158435401182240E-007                  9.7158435401169280E-007                  1.2965816843530075E-019                 -7.4980309527941209E+000                 -9.8999999999999986E+001                 -5.4791361660623084E+000 
                                     609                  2.9949073995769124E+000                  1.6738774997081876E-001                  6.2459452147823873E+000                 -1.9982991818397353E+000                  1.2378000732581459E+001                  6.9999999999890672E-001                  2.8000000000109365E-001                  1.9999999999999574E-002                  3.8693786172419209E-001                  4.5885165539242347E+000                  0.0000000000000000E+000                  2.3491617351372748E-001                  2.3491617351372748E-001                  9.6924541155834258E-007                  9.6924541155818058E-007                  1.6194091876359740E-019                 -7.5163385955232922E+000                 -9.8999999999999986E+001                 -5.4971794732139507E+000 
                                     610                  2.9947325506213045E+000                  1.6626587795643824E-001                  6.2502670443883179E+000                 -1.9842509692684234E+000                  1.2396361043285538E+001                  6.9999999999890450E-001                  2.8000000000109593E-001                  1.9999999999999574E-002                  3.8696360119918055E-001                  4.5854521306568934E+000                  0.0000000000000000E+000                  2.3536045869225006E-001                  2.3536045869225006E-001                  9.6681321229141583E-007                  9.6681321229122143E-007                  1.9428986612302159E-019                 -7.5346289647091949E+000                 -9.8999999999999986E+001                 -5.5151964309184027E+000 
                                     611                  2.9945518665190392E+000                  1.6513469836539921E-001                  6.2546004225152929E+000                 -1.9701979013634507E+000                  1.2414737450330929E+001                  6.9999999999890206E-001                  2.8000000000109843E-001                  1.9999999999999574E-002                  3.8700111103304757E-001                  4.5822440388482351E+000                  0.0000000000000000E+000                  2.3578275166268711E-001                  2.3578275166268711E-001                  9.6448170971032360E-007                  9.6448170971019400E-007                  1.2954816536494186E-019                 -7.5528544400612541E+000                 -9.8999999999999986E+001                 -5.5331351644747695E+000 
                                     612                  2.9943651579704196E+000                  1.6399410617695553E-001                  6.2589450516726117E+000                 -1.9561397775933247E+000                  1.2433130296570591E+001                  6.9999999999889928E-001                  2.8000000000110115E-001                  1.9999999999999574E-002                  3.8696342027291614E-001                  4.5789369543030851E+000                  0.0000000000000000E+000                  2.3618373041064741E-001                  2.3618373041064741E-001                  9.6218146868054966E-007                  9.6218146868048508E-007                  6.4684056067992310E-020                 -7.5711513655605991E+000                 -9.8999999999999986E+001                 -5.5511362416119523E+000 
                                     613                  2.9941722298121132E+000                  1.6284399527404558E-001                  6.2633006898430299E+000                 -1.9420779126838459E+000                  1.2451539919462213E+001                  6.9999999999889617E-001                  2.8000000000110437E-001                  1.9999999999999463E-002                  3.8697855420667110E-001                  4.5755815536331088E+000                  0.0000000000000000E+000                  2.3656651205260087E-001                  2.3656651205260087E-001                  9.6012478727245487E-007                  9.6012478727222892E-007                  2.2605171834744128E-019                 -7.5895534756243626E+000                 -9.8999999999999986E+001                 -5.5692381983188692E+000 
                                     614                  2.9939728808464703E+000                  1.6168425435075767E-001                  6.2676671684385372E+000                 -1.9280092810558334E+000                  1.2469966652388822E+001                  6.9999999999889262E-001                  2.8000000000110792E-001                  1.9999999999999463E-002                  3.8695328394648726E-001                  4.5722637772776897E+000                  0.0000000000000000E+000                  2.3693516231186362E-001                  2.3693516231186362E-001                  9.5817081159957088E-007                  9.5817081159895721E-007                  6.1368829014268391E-019                 -7.6076339158073640E+000                 -9.8999999999999986E+001                 -5.5870223500447151E+000 
                                     615                  2.9937669036635706E+000                  1.6051477843118911E-001                  6.2720443967696200E+000                 -1.9139330612654304E+000                  1.2488410824151741E+001                  6.9999999999888851E-001                  2.8000000000111186E-001                  1.9999999999999574E-002                  3.8700896502543147E-001                  4.5690474693486181E+000                  0.0000000000000000E+000                  2.3729398266238433E-001                  2.3729398266238433E-001                  9.5637687558461890E-007                  9.5637687558371448E-007                  9.0443515493687073E-019                 -7.6260487207178134E+000                 -9.8999999999999986E+001                 -5.6051508210438259E+000 
                                     616                  2.9935540844575388E+000                  1.5933546312457889E-001                  6.2764323332923011E+000                 -1.8998522552944996E+000                  1.2506872759468516E+001                  6.9999999999888407E-001                  2.8000000000111647E-001                  1.9999999999999463E-002                  3.8708287801767627E-001                  4.5659616216842815E+000                  0.0000000000000000E+000                  2.3764569615836897E-001                  2.3764569615836897E-001                  9.5513964786835542E-007                  9.5513964786751559E-007                  8.3992052608010125E-019                 -7.6445377669573107E+000                 -9.8999999999999986E+001                 -5.6233662798242836E+000 
                                     617                  2.9933342028372358E+000                  1.5814619413289224E-001                  6.2808309917352343E+000                 -1.8857637550537747E+000                  1.2525352780912694E+001                  6.9999999999887907E-001                  2.8000000000112152E-001                  1.9999999999999352E-002                  3.8717040864355934E-001                  4.5630863495139371E+000                  0.0000000000000000E+000                  2.3799332316013536E-001                  2.3799332316013536E-001                  9.5403972910379701E-007                  9.5403972910328011E-007                  5.1691677622759394E-019                 -7.6627855948016537E+000                 -9.8999999999999986E+001                 -5.6413609348765377E+000 
                                     618                  2.9931070316385866E+000                  1.5694686380932962E-001                  6.2852404536752937E+000                 -1.8716667182122733E+000                  1.2543851207827323E+001                  6.9999999999887319E-001                  2.8000000000112729E-001                  1.9999999999999574E-002                  3.8727318403524763E-001                  4.5604799306652071E+000                  0.0000000000000000E+000                  2.3834056667877515E-001                  2.3834056667877515E-001                  9.5304159166227920E-007                  9.5304159166202085E-007                  2.5830548721714899E-019                 -7.6812411478567970E+000                 -9.8999999999999986E+001                 -5.6595893321231197E+000 
                                     619                  2.9928723367298993E+000                  1.5573736512917347E-001                  6.2896608412985469E+000                 -1.8575638325443922E+000                  1.2562368356321073E+001                  6.9999999999886675E-001                  2.8000000000113368E-001                  1.9999999999999574E-002                  3.8735418635638835E-001                  4.5581692328048744E+000                  0.0000000000000000E+000                  2.3868964454637354E-001                  2.3868964454637354E-001                  9.5218023984380561E-007                  9.5218023984351539E-007                  2.9024584712482554E-019                 -7.6997248832644765E+000                 -9.8999999999999986E+001                 -5.6778745417418506E+000 
                                     620                  2.9926298768134880E+000                  1.5451758178955544E-001                  6.2940923223069278E+000                 -1.8434524614065528E+000                  1.2580904540894327E+001                  6.9999999999885942E-001                  2.8000000000114095E-001                  1.9999999999999574E-002                  3.8744617504345791E-001                  4.5562256725921326E+000                  0.0000000000000000E+000                  2.3904300948669641E-001                  2.3904300948669641E-001                  9.5123475817886189E-007                  9.5123475817837813E-007                  4.8380859571717997E-019                 -7.7179867787301522E+000                 -9.8999999999999986E+001                 -5.6959734071398298E+000 
                                     621                  2.9923794032215580E+000                  1.5328740298488308E-001                  6.2985351196077977E+000                 -1.8293324108491589E+000                  1.2599460073945473E+001                  6.9999999999885143E-001                  2.8000000000114905E-001                  1.9999999999999574E-002                  3.8749933490253724E-001                  4.5546983923133233E+000                  0.0000000000000000E+000                  2.3940363238537934E-001                  2.3940363238537934E-001                  9.5017405378360905E-007                  9.5017405378289956E-007                  7.0949050212851204E-019                 -7.7364325336519721E+000                 -9.8999999999999986E+001                 -5.7142963741265058E+000 
                                     622                  2.9921206596960559E+000                  1.5204671661145130E-001                  6.3029894813777041E+000                 -1.8152069030928575E+000                  1.2618035266731763E+001                  6.9999999999884222E-001                  2.8000000000115832E-001                  1.9999999999999463E-002                  3.8751820163064488E-001                  4.5535992610774096E+000                  0.0000000000000000E+000                  2.3977284735911775E-001                  2.3977284735911775E-001                  9.4900198094990375E-007                  9.4900198094890393E-007                  9.9977909301687976E-019                 -7.7548861916119467E+000                 -9.8999999999999986E+001                 -5.7326686671190750E+000 
                                     623                  2.9918533821635775E+000                  1.5079539931081792E-001                  6.3074556458510429E+000                 -1.8010724170005328E+000                  1.2636630431818995E+001                  6.9999999999883167E-001                  2.8000000000116870E-001                  1.9999999999999574E-002                  3.8757068216802187E-001                  4.5529045316264005E+000                  0.0000000000000000E+000                  2.4015005705991213E-001                  2.4015005705991213E-001                  9.4775119131536384E-007                  9.4775119131410590E-007                  1.2579641866947518E-018                 -7.7730843993857359E+000                 -9.8999999999999986E+001                 -5.7508247133411361E+000 
                                     624                  2.9915772985053941E+000                  1.4953333565959678E-001                  6.3119337827315585E+000                 -1.7869287890499888E+000                  1.2655245882021484E+001                  6.9999999999881990E-001                  2.8000000000118042E-001                  1.9999999999999685E-002                  3.8760132282392235E-001                  4.5525037956645695E+000                  0.0000000000000000E+000                  2.4053153236010202E-001                  2.4053153236010202E-001                  9.4658961751131217E-007                  9.4658961750982838E-007                  1.4837589880070198E-018                 -7.7915490340224141E+000                 -9.8999999999999986E+001                 -5.7692758900310048E+000 
                                     625                  2.9912921283244973E+000                  1.4826040864512963E-001                  6.3164239411137153E+000                 -1.7727789489992196E+000                  1.2673881930962876E+001                  6.9999999999880691E-001                  2.8000000000119352E-001                  1.9999999999999574E-002                  3.8760859003070813E-001                  4.5522624351261989E+000                  0.0000000000000000E+000                  2.4091075815245988E-001                  2.4091075815245988E-001                  9.4545538468230614E-007                  9.4545538468062838E-007                  1.6777817167045174E-018                 -7.8099648499012204E+000                 -9.8999999999999986E+001                 -5.7876941224193246E+000 
                                     626                  2.9909975827027138E+000                  1.4697649040902441E-001                  6.3209260701699241E+000                 -1.7586189362171427E+000                  1.2692538895315721E+001                  6.9999999999879192E-001                  2.8000000000120828E-001                  1.9999999999999796E-002                  3.8760989746233737E-001                  4.5521052561867856E+000                  0.0000000000000000E+000                  2.4128232782206008E-001                  2.4128232782206008E-001                  9.4417004079387523E-007                  9.4417004079226142E-007                  1.6137886855132156E-018                 -7.8280982887169284E+000                 -9.8999999999999986E+001                 -5.8058387052408484E+000 
                                     627                  2.9906933639492514E+000                  1.4568146240421437E-001                  6.3254400348243074E+000                 -1.7444490208488328E+000                  1.2711217093972454E+001                  6.9999999999877538E-001                  2.8000000000122499E-001                  1.9999999999999574E-002                  3.8766048595220154E-001                  4.5519227084908360E+000                  0.0000000000000000E+000                  2.4164170906380880E-001                  2.4164170906380880E-001                  9.4322936545214485E-007                  9.4322936545066010E-007                  1.4847142950536891E-018                 -7.8466781086659925E+000                 -9.8999999999999986E+001                 -5.8244279641149745E+000 
                                     628                  2.9903791653289891E+000                  1.4437520296492218E-001                  6.3299655937202850E+000                 -1.7302716909360603E+000                  1.2729916849423914E+001                  6.9999999999875673E-001                  2.8000000000124364E-001                  1.9999999999999574E-002                  3.8768953252091004E-001                  4.5515887352280879E+000                  0.0000000000000000E+000                  2.4198319513013869E-001                  2.4198319513013869E-001                  9.4266583791812680E-007                  9.4266583791631934E-007                  1.8074332670245852E-018                 -7.8650501733868330E+000                 -9.8999999999999986E+001                 -5.8427957492768048E+000 
                                     629                  2.9900546707903399E+000                  1.4305758038881838E-001                  6.3345024281799427E+000                 -1.7160811455429850E+000                  1.2748638489763714E+001                  6.9999999999873574E-001                  2.8000000000126468E-001                  1.9999999999999574E-002                  3.8771985120230945E-001                  4.5510462767659474E+000                  0.0000000000000000E+000                  2.4230262779760997E-001                  2.4230262779760997E-001                  9.4206265533451523E-007                  9.4206265533196481E-007                  2.5504669127050616E-018                 -7.8832163338729435E+000                 -9.8999999999999986E+001                 -5.8609384966825058E+000 
                                     630                  2.9897195546921655E+000                  1.4172847798896704E-001                  6.3390501467620561E+000                 -1.7018795792113939E+000                  1.2767382346049258E+001                  6.9999999999871199E-001                  2.8000000000128855E-001                  1.9999999999999463E-002                  3.8776293887651347E-001                  4.5501730354890864E+000                  0.0000000000000000E+000                  2.4259614737851887E-001                  2.4259614737851887E-001                  9.4184792811125580E-007                  9.4184792810812220E-007                  3.1336267634027819E-018                 -7.9019166642295726E+000                 -9.8999999999999986E+001                 -5.8795846149043536E+000 
                                     631                  2.9893734815271422E+000                  1.4038776999551469E-001                  6.3436082528966535E+000                 -1.6876700926142021E+000                  1.2786148753382665E+001                  6.9999999999868534E-001                  2.8000000000131531E-001                  1.9999999999999352E-002                  3.8784540273386470E-001                  4.5488414178555940E+000                  0.0000000000000000E+000                  2.4285817639186988E-001                  2.4285817639186988E-001                  9.4204711018030731E-007                  9.4204711017707483E-007                  3.2324603869204712E-018                 -7.9203690504672721E+000                 -9.8999999999999986E+001                 -5.8979398146851238E+000 
                                     632                  2.9890161056504292E+000                  1.3903531839202296E-001                  6.3481761887884050E+000                 -1.6734449875241417E+000                  1.2804938052115380E+001                  6.9999999999865514E-001                  2.8000000000134528E-001                  1.9999999999999574E-002                  3.8786604291652449E-001                  4.5470117146207309E+000                  0.0000000000000000E+000                  2.4308548798496182E-001                  2.4308548798496182E-001                  9.4226378453550078E-007                  9.4226378453213869E-007                  3.3620834319117936E-018                 -7.9385944099618335E+000                 -9.8999999999999986E+001                 -5.9160212384680548E+000 
                                     633                  2.9886470710045443E+000                  1.3767100653871972E-001                  6.3527533385071564E+000                 -1.6592071358704639E+000                  1.2823750583563646E+001                  6.9999999999862128E-001                  2.8000000000137915E-001                  1.9999999999999574E-002                  3.8790155840432322E-001                  4.5445584352075059E+000                  0.0000000000000000E+000                  2.4327509400387548E-001                  2.4327509400387548E-001                  9.4291671281634797E-007                  9.4291671281236978E-007                  3.9782404985315389E-018                 -7.9572399184260361E+000                 -9.8999999999999986E+001                 -5.9344640388739469E+000 
                                     634                  2.9882660108265662E+000                  1.3629470652125864E-001                  6.3573390033946158E+000                 -1.6449542196640385E+000                  1.2842586691739660E+001                  6.9999999999858331E-001                  2.8000000000141706E-001                  1.9999999999999574E-002                  3.8803388501813263E-001                  4.5413891250757024E+000                  0.0000000000000000E+000                  2.4342269702183411E-001                  2.4342269702183411E-001                  9.4441408343158442E-007                  9.4441408342692278E-007                  4.6616852209196761E-018                 -7.9756018949430647E+000                 -9.8999999999999986E+001                 -5.9525556360734466E+000 
                                     635                  2.9878725473470147E+000                  1.3490629535007853E-001                  6.3619324240526698E+000                 -1.6306822567880350E+000                  1.2861446722395762E+001                  6.9999999999854068E-001                  2.8000000000145980E-001                  1.9999999999999574E-002                  3.8796052668948128E-001                  4.5374171257364422E+000                  0.0000000000000000E+000                  2.4352520357204382E-001                  2.4352520357204382E-001                  9.4579366125733623E-007                  9.4579366125218510E-007                  5.1510974188010394E-018                 -7.9938550210358041E+000                 -9.8999999999999986E+001                 -5.9704623249457764E+000 
                                     636                  2.9874662914764443E+000                  1.3350566059892283E-001                  6.3665327599853327E+000                 -1.6163937906237771E+000                  1.2880331021498641E+001                  6.9999999999849261E-001                  2.8000000000150777E-001                  1.9999999999999574E-002                  3.8799934913841527E-001                  4.5325054658114814E+000                  0.0000000000000000E+000                  2.4357848229350829E-001                  2.4357848229350829E-001                  9.4723885412227061E-007                  9.4723885411659687E-007                  5.6737888466698837E-018                 -8.0123740820889626E+000                 -9.8999999999999986E+001                 -5.9885455970086054E+000 
                                     637                  2.9870468424722327E+000                  1.3209267953096721E-001                  6.3711390843765754E+000                 -1.6020872850904322E+000                  1.2899239937377109E+001                  6.9999999999844165E-001                  2.8000000000155878E-001                  1.9999999999999574E-002                  3.8805182037645275E-001                  4.5265517759787874E+000                  0.0000000000000000E+000                  2.4357812449009908E-001                  2.4357812449009908E-001                  9.4946031625763440E-007                  9.4946031625143666E-007                  6.1977313992074915E-018                 -8.0308532619744089E+000                 -9.8999999999999986E+001                 -6.0064895836847096E+000 
                                     638                  2.9866137876031669E+000                  1.3066723209259096E-001                  6.3757503934054585E+000                 -1.5877626307391981E+000                  1.2918173820517977E+001                  6.9999999999838902E-001                  2.8000000000161146E-001                  1.9999999999999574E-002                  3.8796007529334087E-001                  4.5194450495228038E+000                  0.0000000000000000E+000                  2.4352024469462336E-001                  2.4352024469462336E-001                  9.5158612211887321E-007                  9.5158612211205396E-007                  6.8192838538616936E-018                 -8.0492009251144374E+000                 -9.8999999999999986E+001                 -6.0241910271089907E+000 
                                     639                  2.9861667017985973E+000                  1.2922919627894830E-001                  6.3803657321251395E+000                 -1.5734159757857087E+000                  1.2937133023775409E+001                  6.9999999999830975E-001                  2.8000000000169056E-001                  1.9999999999999685E-002                  3.8804315157054975E-001                  4.5111029897241801E+000                  0.0000000000000000E+000                  2.4340762072544364E-001                  2.4340762072544364E-001                  9.5417892668811634E-007                  9.5417892668028446E-007                  7.8318585983036106E-018                 -8.0675656862244658E+000                 -9.8999999999999986E+001                 -6.0418004823421745E+000 
                                     640                  2.9857051473113145E+000                  1.2777846067586682E-001                  6.3849838933902117E+000                 -1.5590469802878424E+000                  1.2956117900021285E+001                  6.9999999999823326E-001                  2.8000000000176717E-001                  1.9999999999999574E-002                  3.8805339561252916E-001                  4.5014241897163263E+000                  0.0000000000000000E+000                  2.4322719412686652E-001                  2.4322719412686652E-001                  9.5782532767682044E-007                  9.5782532766767757E-007                  9.1429389981406829E-018                 -8.0861006531630597E+000                 -9.8999999999999986E+001                 -6.0594419155663006E+000 
                                     641                  2.9852286733689146E+000                  1.2631491310383580E-001                  6.3896037158986090E+000                 -1.5446530951374551E+000                  1.2975128801916888E+001                  6.9999999999814755E-001                  2.8000000000185304E-001                  1.9999999999999352E-002                  3.8809436418653726E-001                  4.4903253449493121E+000                  0.0000000000000000E+000                  2.4298166363537960E-001                  2.4298166363537960E-001                  9.6203159706522473E-007                  9.6203159705488182E-007                  1.0342844810048941E-017                 -8.1044161463175932E+000                 -9.8999999999999986E+001                 -6.0767258974884415E+000 
                                     642                  2.9847368158165155E+000                  1.2483844818010363E-001                  6.3930462640661272E+000                 -1.5338484953247717E+000                  1.2989371797132428E+001                  6.9999999999805951E-001                  2.8000000000194092E-001                  1.9999999999999574E-002                  3.8807439046997144E-001                  4.4815512473602777E+000                  0.0000000000000000E+000                  2.4269018980810142E-001                  2.4269018980810142E-001                  9.6655656552521726E-007                  9.6655656551430430E-007                  1.0913057963353943E-017                 -8.1174349076974099E+000                 -9.8999999999999986E+001                 -6.0889372676484568E+000 
                                     643                  2.9844849693906177E+000                  1.2409535079907071E-001                  6.3965343615030532E+000                 -1.5230106077070638E+000                  1.3003694793769856E+001                  6.9999999999799845E-001                  2.8000000000200198E-001                  1.9999999999999574E-002                  3.8813098388139489E-001                  4.4708260376508013E+000                  0.0000000000000000E+000                  2.4250597253726774E-001                  2.4250597253726774E-001                  9.6925741407465566E-007                  9.6925741406336640E-007                  1.1289153312783410E-017                 -8.1321035435339883E+000                 -9.8999999999999986E+001                 -6.1025827908663990E+000 
                                     644                  2.9839691359719160E+000                  1.2259932613564511E-001                  6.4011529128957205E+000                 -1.5085458612677491E+000                  1.3022772281682448E+001                  6.9999999999788365E-001                  2.8000000000211678E-001                  1.9999999999999574E-002                  3.8815955860561524E-001                  4.4558236280975452E+000                  0.0000000000000000E+000                  2.4206712415965820E-001                  2.4206712415965820E-001                  9.7549625541149188E-007                  9.7549625539883720E-007                  1.2654756959175477E-017                 -8.1506005007972409E+000                 -9.8999999999999986E+001                 -6.1196643649904248E+000 
                                     645                  2.9834366976370239E+000                  1.2109014410848444E-001                  6.4057687674056893E+000                 -1.4940520618807942E+000                  1.3041877005287715E+001                  6.9999999999775508E-001                  2.8000000000224534E-001                  1.9999999999999574E-002                  3.8806044267527207E-001                  4.4391715781954879E+000                  0.0000000000000000E+000                  2.4158094352578124E-001                  2.4158094352578124E-001                  9.8147735223478890E-007                  9.8147735222011469E-007                  1.4674230045933068E-017                 -8.1689851130296898E+000                 -9.8999999999999986E+001                 -6.1364689228334433E+000 
                                     646                  2.9828871405274135E+000                  1.1956770921236289E-001                  6.4103807311256817E+000                 -1.4795262896707624E+000                  1.3061009299095090E+001                  6.9999999999761098E-001                  2.8000000000238945E-001                  1.9999999999999574E-002                  3.8814822444049651E-001                  4.4209872360910705E+000                  0.0000000000000000E+000                  2.4102953284892573E-001                  2.4102953284892573E-001                  9.8806132733809290E-007                  9.8806132732156919E-007                  1.6523714245277471E-017                 -8.1874422425035114E+000                 -9.8999999999999986E+001                 -6.1531910756661148E+000 
                                     647                  2.9823199357324905E+000                  1.1803193525563603E-001                  6.4149877640933095E+000                 -1.4649674873706304E+000                  1.3080169490555019E+001                  6.9999999999744944E-001                  2.8000000000255093E-001                  1.9999999999999574E-002                  3.8812690130279442E-001                  4.4013847967185002E+000                  0.0000000000000000E+000                  2.4042132543061315E-001                  2.4042132543061315E-001                  9.9544529339375333E-007                  9.9544529337516689E-007                  1.8586421464571849E-017                 -8.2059200944367614E+000                 -9.8999999999999986E+001                 -6.1697884875425340E+000 
                                     648                  2.9817345388874945E+000                  1.1648273913911396E-001                  6.4195889690143728E+000                 -1.4503749643743420E+000                  1.3099357899371284E+001                  6.9999999999726825E-001                  2.8000000000273212E-001                  1.9999999999999574E-002                  3.8818211368702382E-001                  4.3804724742109711E+000                  0.0000000000000000E+000                  2.3976413175955050E-001                  2.3976413175955050E-001                  1.0032581611609927E-006                  1.0032581611398392E-006                  2.1153666586162605E-017                 -8.2243685079348161E+000                 -9.8999999999999986E+001                 -6.1862198668223671E+000 
                                     649                  2.9811303897721309E+000                  1.1492003972225959E-001                  6.4241835914162042E+000                 -1.4357449593412621E+000                  1.3118574836910325E+001                  6.9999999999706553E-001                  2.8000000000293490E-001                  1.9999999999999574E-002                  3.8828087883622703E-001                  4.3583763515487410E+000                  0.0000000000000000E+000                  2.3906573591119312E-001                  2.3906573591119312E-001                  1.0118904371982939E-006                  1.0118904371741560E-006                  2.4137846926681189E-017                 -8.2427846480604394E+000                 -9.8999999999999986E+001                 -6.2024930842449928E+000 
                                     650                  2.9805069118999454E+000                  1.1334376916373735E-001                  6.4287710042895503E+000                 -1.4210782340162742E+000                  1.3137820603677158E+001                  6.9999999999683848E-001                  2.8000000000316205E-001                  1.9999999999999463E-002                  3.8833348463848466E-001                  4.3351861543863865E+000                  0.0000000000000000E+000                  2.3833311219016370E-001                  2.3833311219016370E-001                  1.0210127520671008E-006                  1.0210127520395765E-006                  2.7524338523304000E-017                 -8.2613354988807437E+000                 -9.8999999999999986E+001                 -6.2187822912569581E+000 
                                     651                  2.9798635121007275E+000                  1.1175385692681203E-001                  6.4321926243701721E+000                 -1.4100313773712523E+000                  1.3152281528514285E+001                  6.9999999999660700E-001                  2.8000000000339353E-001                  1.9999999999999463E-002                  3.8837218983426541E-001                  4.3176728095267798E+000                  0.0000000000000000E+000                  2.3759102748314442E-001                  2.3759102748314442E-001                  1.0301808360004818E-006                  1.0301808359707463E-006                  2.9735549461621905E-017                 -8.2743152241908078E+000                 -9.8999999999999986E+001                 -6.2300614222406256E+000 
                                     652                  2.9795315461147784E+000                  1.1094748572783056E-001                  6.4344803034319105E+000                 -1.4026690970558280E+000                  1.3161926202985340E+001                  6.9999999999646922E-001                  2.8000000000353109E-001                  1.9999999999999685E-002                  3.8838494747347163E-001                  4.3053547768633935E+000                  0.0000000000000000E+000                  2.3720528856662521E-001                  2.3720528856662521E-001                  1.0347945748146854E-006                  1.0347945747850090E-006                  2.9676526009010696E-017                 -8.2834776265137595E+000                 -9.8999999999999986E+001                 -6.2380069199381349E+000 
                                     653                  2.9791995801288298E+000                  1.1015026583546392E-001                  6.4379226005696779E+000                 -1.3916303848445626E+000                  1.3176399910067646E+001                  6.9999999999629992E-001                  2.8000000000370057E-001                  1.9999999999999574E-002                  3.8837679420060478E-001                  4.2859051220227578E+000                  0.0000000000000000E+000                  2.3680167585749151E-001                  2.3680167585749151E-001                  1.0394362735608636E-006                  1.0394362735303004E-006                  3.0563365885333930E-017                 -8.2981205729249599E+000                 -9.8999999999999986E+001                 -6.2507081557008446E+000 
                                     654                  2.9785144882486181E+000                  1.0853287546513164E-001                  6.4424855409223403E+000                 -1.3768495716717015E+000                  1.3195733839022191E+001                  6.9999999999598173E-001                  2.8000000000401870E-001                  1.9999999999999574E-002                  3.8835251395631942E-001                  4.2599976453988191E+000                  0.0000000000000000E+000                  2.3598081752123631E-001                  2.3598081752123631E-001                  1.0488174070655055E-006                  1.0488174070306221E-006                  3.4883423517251723E-017                 -8.3165338093432677E+000                 -9.8999999999999986E+001                 -6.2665500847731703E+000 
                                     655                  2.9778075908065196E+000                  1.0690164802765750E-001                  6.4470397877026073E+000                 -1.3620299387615959E+000                  1.3215097677633754E+001                  6.9999999999562601E-001                  2.8000000000437447E-001                  1.9999999999999574E-002                  3.8829517711999967E-001                  4.2333535310120984E+000                  0.0000000000000000E+000                  2.3516745602046402E-001                  2.3516745602046402E-001                  1.0580544970333006E-006                  1.0580544969920587E-006                  4.1241722626445014E-017                 -8.3347866116456490E+000                 -9.8999999999999986E+001                 -6.2821423233571574E+000 
                                     656                  2.9770782238046913E+000                  1.0525652236923862E-001                  6.4515851826778805E+000                 -1.3471712628260895E+000                  1.3234491661624451E+001                  6.9999999999522833E-001                  2.8000000000477204E-001                  1.9999999999999574E-002                  3.8833902646555302E-001                  4.2060495390701336E+000                  0.0000000000000000E+000                  2.3434559792876578E-001                  2.3434559792876578E-001                  1.0678104744640411E-006                  1.0678104744156465E-006                  4.8394613054477472E-017                 -8.3533367132118297E+000                 -9.8999999999999986E+001                 -6.2979490059756227E+000 
                                     657                  2.9763257044654701E+000                  1.0359743892978274E-001                  6.4549745455284686E+000                 -1.3359785935979438E+000                  1.3249065840468699E+001                  6.9999999999482376E-001                  2.8000000000517666E-001                  1.9999999999999574E-002                  3.8835941453806344E-001                  4.1856904853886503E+000                  0.0000000000000000E+000                  2.3353533438165949E-001                  2.3353533438165949E-001                  1.0780614975005328E-006                  1.0780614974476672E-006                  5.2865737840502319E-017                 -8.3662336501788470E+000                 -9.8999999999999986E+001                 -6.3088080103634390E+000 
                                     658                  2.9759375176404528E+000                  1.0275613866380870E-001                  6.4572403296512428E+000                 -1.3285185313324723E+000                  1.3258785566195037E+001                  6.9999999999460327E-001                  2.8000000000539710E-001                  1.9999999999999574E-002                  3.8836785980519462E-001                  4.1715602874757600E+000                  0.0000000000000000E+000                  2.3312114161779521E-001                  2.3312114161779521E-001                  1.0833262708817057E-006                  1.0833262708299640E-006                  5.1741563930701335E-017                 -8.3753091030007223E+000                 -9.8999999999999986E+001                 -6.3164431353138282E+000 
                                     659                  2.9755493308154355E+000                  1.0192437379062985E-001                  6.4606492430856868E+000                 -1.3173321839659464E+000                  1.3273371067035372E+001                  6.9999999999435103E-001                  2.8000000000564951E-001                  1.9999999999999463E-002                  3.8843463891442653E-001                  4.1494753399625894E+000                  0.0000000000000000E+000                  2.3269480486920763E-001                  2.3269480486920763E-001                  1.0889444299910650E-006                  1.0889444299386692E-006                  5.2395830130602613E-017                 -8.3900769683718863E+000                 -9.8999999999999986E+001                 -6.3289374542899681E+000 
                                     660                  2.9747483812288245E+000                  1.0023721818808250E-001                  6.4651671550943144E+000                 -1.3023508885816326E+000                  1.3292856730421454E+001                  6.9999999999379003E-001                  2.8000000000621045E-001                  1.9999999999999574E-002                  3.8857799313206370E-001                  4.1200980167209602E+000                  0.0000000000000000E+000                  2.3183289727440343E-001                  2.3183289727440343E-001                  1.1009572662191504E-006                  1.1009572661574487E-006                  6.1701778583093916E-017                 -8.4085936401579175E+000                 -9.8999999999999986E+001                 -6.3444477766169491E+000 
                                     661                  2.9739221140071033E+000                  9.8535953943797716E-002                  6.4696756206727803E+000                 -1.2873251890221973E+000                  1.3312373316970517E+001                  6.9999999999311469E-001                  2.8000000000688563E-001                  1.9999999999999685E-002                  3.8858068952360864E-001                  4.0899282348147059E+000                  0.0000000000000000E+000                  2.3098165454386715E-001                  2.3098165454386715E-001                  1.1126337411835951E-006                  1.1126337411086104E-006                  7.4984754052287919E-017                 -8.4267814679351130E+000                 -9.8999999999999986E+001                 -6.3595356396733385E+000 
                                     662                  2.9730697669311930E+000                  9.6820547686074204E-002                  6.4741741399157338E+000                 -1.2722588185460872E+000                  1.3331920972637549E+001                  6.9999999999242457E-001                  2.8000000000757586E-001                  1.9999999999999574E-002                  3.8858410640477070E-001                  4.0588955211856161E+000                  0.0000000000000000E+000                  2.3010581632843058E-001                  2.3010581632843058E-001                  1.1241890450289911E-006                  1.1241890449420680E-006                  8.6923080280145612E-017                 -8.4454444228610868E+000                 -9.8999999999999986E+001                 -6.3749715744639790E+000 
                                     663                  2.9721905568229698E+000                  9.5090953266937742E-002                  6.4775275230927392E+000                 -1.2609095808160247E+000                  1.3346612265402847E+001                  6.9999999999172402E-001                  2.8000000000827652E-001                  1.9999999999999463E-002                  3.8865774890326343E-001                  4.0355574246964219E+000                  0.0000000000000000E+000                  2.2922786108152088E-001                  2.2922786108152088E-001                  1.1362121530959322E-006                  1.1362121530029730E-006                  9.2959093168967521E-017                 -8.4584552922391687E+000                 -9.8999999999999986E+001                 -6.3855621064385870E+000 
                                     664                  2.9717371179659833E+000                  9.4214088324559769E-002                  6.4797687591821314E+000                 -1.2533456809262593E+000                  1.3356409453202104E+001                  6.9999999999134055E-001                  2.8000000000865982E-001                  1.9999999999999574E-002                  3.8868553953579943E-001                  4.0193598103327881E+000                  0.0000000000000000E+000                  2.2877239956097700E-001                  2.2877239956097700E-001                  1.1425092760057470E-006                  1.1425092759154687E-006                  9.0278268265227201E-017                 -8.4675557281923908E+000                 -9.8999999999999986E+001                 -6.3929495354585004E+000 
                                     665                  2.9712836791089967E+000                  9.3347157358273258E-002                  6.4831399237921570E+000                 -1.2420036655259157E+000                  1.3371110109241114E+001                  6.9999999999090301E-001                  2.8000000000909753E-001                  1.9999999999999463E-002                  3.8869747868600885E-001                  3.9940637431827866E+000                  0.0000000000000000E+000                  2.2830210372360646E-001                  2.2830210372360646E-001                  1.1489392202928766E-006                  1.1489392202012068E-006                  9.1669664797507607E-017                 -8.4822959120343508E+000                 -9.8999999999999986E+001                 -6.4049869234707932E+000 
                                     666                  2.9703483074163315E+000                  9.1589057594620479E-002                  6.4876057603230972E+000                 -1.2268128310376456E+000                  1.3390751636340973E+001                  6.9999999998994034E-001                  2.8000000001006009E-001                  1.9999999999999574E-002                  3.8873939689552034E-001                  3.9602181486155650E+000                  0.0000000000000000E+000                  2.2734247568190583E-001                  2.2734247568190583E-001                  1.1623253711089830E-006                  1.1623253710006354E-006                  1.0834751733162101E-016                 -8.5009265602675974E+000                 -9.8999999999999986E+001                 -6.4200174081564327E+000 
                                     667                  2.9693835931371013E+000                  8.9816652955015563E-002                  6.4920598854021456E+000                 -1.2115770216308825E+000                  1.3410424609701577E+001                  6.9999999998877271E-001                  2.8000000001122782E-001                  1.9999999999999463E-002                  3.8887544408254987E-001                  3.9253863908311608E+000                  0.0000000000000000E+000                  2.2638389638056661E-001                  2.2638389638056661E-001                  1.1761642163219135E-006                  1.1761642161903409E-006                  1.3157266206800754E-016                 -8.5192269463594243E+000                 -9.8999999999999986E+001                 -6.4345937655007486E+000 
                                     668                  2.9683886650097979E+000                  8.8029923785721373E-002                  6.4965015315280992E+000                 -1.1962958451910102E+000                  1.3430129063203132E+001                  6.9999999998758511E-001                  2.8000000001241548E-001                  1.9999999999999352E-002                  3.8891824631259864E-001                  3.8895526494918617E+000                  0.0000000000000000E+000                  2.2538904287886916E-001                  2.2538904287886916E-001                  1.1903610541755188E-006                  1.1903610540233303E-006                  1.5218860214054071E-016                 -8.5377555916418864E+000                 -9.8999999999999986E+001                 -6.4492381924313129E+000 
                                     669                  2.9673626286821140E+000                  8.6228855280240713E-002                  6.4998104778843420E+000                 -1.1847810788992124E+000                  1.3444939499790321E+001                  6.9999999998638296E-001                  2.8000000001361747E-001                  1.9999999999999574E-002                  3.8893309927754560E-001                  3.8625448923930170E+000                  0.0000000000000000E+000                  2.2438482378892372E-001                  2.2438482378892372E-001                  1.2044608496923372E-006                  1.2044608495297944E-006                  1.6254296338293980E-016                 -8.5506877562191690E+000                 -9.8999999999999986E+001                 -6.4592468450700888E+000 
                                     670                  2.9668335974954396E+000                  8.5315989377275872E-002                  6.5020212031301376E+000                 -1.1771071547115539E+000                  1.3454815304157739E+001                  6.9999999998572260E-001                  2.8000000001427788E-001                  1.9999999999999574E-002                  3.8897303239466535E-001                  3.8438637478183861E+000                  0.0000000000000000E+000                  2.2386183981241764E-001                  2.2386183981241764E-001                  1.2118401151048262E-006                  1.2118401149471017E-006                  1.5772461096386658E-016                 -8.5598204442962320E+000                 -9.8999999999999986E+001                 -6.4663144935562036E+000 
                                     671                  2.9663045663087657E+000                  8.4413470790792602E-002                  6.5053452360796333E+000                 -1.1655990178276379E+000                  1.3469632536022628E+001                  6.9999999998497009E-001                  2.8000000001503017E-001                  1.9999999999999796E-002                  3.8910172586445274E-001                  3.8148420964177299E+000                  0.0000000000000000E+000                  2.2332520947576684E-001                  2.2332520947576684E-001                  1.2196016732287876E-006                  1.2196016730686740E-006                  1.6011361696306468E-016                 -8.5744069831870391E+000                 -9.8999999999999986E+001                 -6.4776580939021455E+000 
                                     672                  2.9652135361221559E+000                  8.2583687001582154E-002                  6.5097457188754095E+000                 -1.1501764313357179E+000                  1.3489431344118570E+001                  6.9999999998333351E-001                  2.8000000001666697E-001                  1.9999999999999574E-002                  3.8917988841497414E-001                  3.7761920659812604E+000                  0.0000000000000000E+000                  2.2223623717438731E-001                  2.2223623717438731E-001                  1.2356327886689460E-006                  1.2356327884799329E-006                  1.8901307321803915E-016                 -8.5928437107056883E+000                 -9.8999999999999986E+001                 -6.4917886355641974E+000 
                                     673                  2.9640885720462120E+000                  8.0739563972591896E-002                  6.5141318423372656E+000                 -1.1347101687814389E+000                  1.3509261482551221E+001                  6.9999999998133300E-001                  2.8000000001866748E-001                  1.9999999999999574E-002                  3.8912564417844886E-001                  3.7368227951008106E+000                  0.0000000000000000E+000                  2.2116114407685822E-001                  2.2116114407685822E-001                  1.2511847883004473E-006                  1.2511847880713467E-006                  2.2910065536631831E-016                 -8.6112332851031717E+000                 -9.8999999999999986E+001                 -6.5057652485161936E+000 
                                     674                  2.9629286833087942E+000                  7.8881095718145652E-002                  6.5185031177384012E+000                 -1.1191958970989881E+000                  1.3529122836350833E+001                  6.9999999997930873E-001                  2.8000000002069170E-001                  1.9999999999999574E-002                  3.8923695223867366E-001                  3.6969003304854904E+000                  0.0000000000000000E+000                  2.2006611418173266E-001                  2.2006611418173266E-001                  1.2672003453672254E-006                  1.2672003451025772E-006                  2.6464817713153511E-016                 -8.6295667584738975E+000                 -9.8999999999999986E+001                 -6.5195545793992009E+000 
                                     675                  2.9617328540420402E+000                  7.7008299287525159E-002                  6.5217581391458097E+000                 -1.1075031692905100E+000                  1.3544052054529157E+001                  6.9999999997726559E-001                  2.8000000002273479E-001                  1.9999999999999574E-002                  3.8924681413474027E-001                  3.6672039885832048E+000                  0.0000000000000000E+000                  2.1898650385842111E-001                  2.1898650385842111E-001                  1.2837965964406094E-006                  1.2837965961575526E-006                  2.8305684838555384E-016                 -8.6425953910570321E+000                 -9.8999999999999986E+001                 -6.5292061315061343E+000 
                                     676                  2.9611164484842711E+000                  7.6059378326692892E-002                  6.5239323469523560E+000                 -1.0997122193178466E+000                  1.3554005987779172E+001                  6.9999999997613949E-001                  2.8000000002386083E-001                  1.9999999999999685E-002                  3.8922093672087710E-001                  3.6469340686054568E+000                  0.0000000000000000E+000                  2.1843610849924916E-001                  2.1843610849924916E-001                  1.2922043559248504E-006                  1.2922043556472146E-006                  2.7763590299325565E-016                 -8.6517938088277386E+000                 -9.8999999999999986E+001                 -6.5360463886062155E+000 
                                     677                  2.9605000429265012E+000                  7.5121233894084455E-002                  6.5272008851968168E+000                 -1.0880313763997442E+000                  1.3568938682578480E+001                  6.9999999997486051E-001                  2.8000000002513986E-001                  1.9999999999999574E-002                  3.8924885497087797E-001                  3.6158390448033408E+000                  0.0000000000000000E+000                  2.1788462157933280E-001                  2.1788462157933280E-001                  1.3006973399250748E-006                  1.3006973396399726E-006                  2.8510217106326473E-016                 -8.6665239120423347E+000                 -9.8999999999999986E+001                 -6.5471178255487006E+000 
                                     678                  2.9592291827926216E+000                  7.3219818299768646E-002                  6.5315272079399032E+000                 -1.0723795252348935E+000                  1.3588892642858331E+001                  6.9999999997179019E-001                  2.8000000002821024E-001                  1.9999999999999574E-002                  3.8941885840360180E-001                  3.5749408290090741E+000                  0.0000000000000000E+000                  2.1679242526596013E-001                  2.1679242526596013E-001                  1.3186646922430574E-006                  1.3186646919171608E-006                  3.2589666622412708E-016                 -8.6850170564747202E+000                 -9.8999999999999986E+001                 -6.5608186413487406E+000 
                                     679                  2.9579191802253182E+000                  7.1304128433803127E-002                  6.5358388250624175E+000                 -1.0566806722031714E+000                  1.3608877023754069E+001                  6.9999999996881068E-001                  2.8000000003118969E-001                  1.9999999999999574E-002                  3.8943536471249923E-001                  3.5339332819388196E+000                  0.0000000000000000E+000                  2.1572672258831002E-001                  2.1572672258831002E-001                  1.3366243158069093E-006                  1.3366243154279882E-006                  3.7892107133728175E-016                 -8.7033543650090159E+000                 -9.8999999999999986E+001                 -6.5742868434982649E+000 
                                     680                  2.9565689152129511E+000                  6.9374198246257401E-002                  6.5401359719401615E+000                 -1.0409373345950150E+000                  1.3628891540474296E+001                  6.9999999996588214E-001                  2.8000000003411829E-001                  1.9999999999999574E-002                  3.8950575104877833E-001                  3.4928968668297760E+000                  0.0000000000000000E+000                  2.1467907700706515E-001                  2.1467907700706515E-001                  1.3543209422149859E-006                  1.3543209417692746E-006                  4.4571128841101815E-016                 -8.7218110071756474E+000                 -9.8999999999999986E+001                 -6.5878158652788876E+000 
                                     681                  2.9551772407014245E+000                  6.7430056252683640E-002                  6.5433283910074769E+000                 -1.0291024443872681E+000                  1.3643898359782353E+001                  6.9999999996185636E-001                  2.8000000003814424E-001                  1.9999999999999352E-002                  3.8955554032977041E-001                  3.4627421645576897E+000                  0.0000000000000000E+000                  2.1368565407771717E-001                  2.1368565407771717E-001                  1.3719360135687102E-006                  1.3719360130662738E-006                  5.0243642421239544E-016                 -8.7345120458870991E+000                 -9.8999999999999986E+001                 -6.5969389602553772E+000 
                                     682                  2.9544655089384073E+000                  6.6452691970169772E-002                  6.5465559936654625E+000                 -1.0172392172675193E+000                  1.3658969176672276E+001                  6.9999999995944828E-001                  2.8000000004055220E-001                  1.9999999999999574E-002                  3.8950889511606845E-001                  3.4314546996199358E+000                  0.0000000000000000E+000                  2.1317909046469263E-001                  2.1317909046469263E-001                  1.3805443987694617E-006                  1.3805443982538103E-006                  5.1565136715873429E-016                 -8.7490813388802593E+000                 -9.8999999999999986E+001                 -6.6076374484934624E+000 
                                     683                  2.9530095093455171E+000                  6.4487297317015219E-002                  6.5508187754441609E+000                 -1.0013847334328474E+000                  1.3679057564441520E+001                  6.9999999995502105E-001                  2.8000000004497932E-001                  1.9999999999999574E-002                  3.8951471964703727E-001                  3.3907047053849890E+000                  0.0000000000000000E+000                  2.1217935475065863E-001                  2.1217935475065863E-001                  1.3978024788950327E-006                  1.3978024783623824E-006                  5.3265026788074208E-016                 -8.7674174696912655E+000                 -9.8999999999999986E+001                 -6.6209480098497941E+000 
                                     684                  2.9515091117752710E+000                  6.2507787345112323E-002                  6.5550684814261571E+000                 -9.8548963311388593E-001                  1.3699174832995100E+001                  6.9999999995068407E-001                  2.8000000004931641E-001                  1.9999999999999574E-002                  3.8959856339005744E-001                  3.3501768840238508E+000                  0.0000000000000000E+000                  2.1122493559405667E-001                  2.1122493559405667E-001                  1.4158036505337728E-006                  1.4158036499263841E-006                  6.0738870597260035E-016                 -8.7857875332930728E+000                 -9.8999999999999986E+001                 -6.6342651455796169E+000 
                                     685                  2.9499630714838077E+000                  6.0514193626981912E-002                  6.5593056523212203E+000                 -9.6955098742743362E-001                  1.3719320553021003E+001                  6.9999999994531037E-001                  2.8000000005469017E-001                  1.9999999999999463E-002                  3.8966049843596956E-001                  3.3099269415034063E+000                  0.0000000000000000E+000                  2.1030457577434625E-001                  2.1030457577434625E-001                  1.4341137773100499E-006                  1.4341137765683169E-006                  7.4173291490264943E-016                 -8.8040433314424629E+000                 -9.8999999999999986E+001                 -6.6474530785518597E+000 
                                     686                  2.9483701149027222E+000                  5.8506567110000650E-002                  6.5624630608077270E+000                 -9.5754246700382006E-001                  1.3734463682928149E+001                  6.9999999993921591E-001                  2.8000000006078457E-001                  1.9999999999999574E-002                  3.8973024813288526E-001                  3.2804091939229538E+000                  0.0000000000000000E+000                  2.0944419502197198E-001                  2.0944419502197198E-001                  1.4526226053850453E-006                  1.4526226045355369E-006                  8.4950829883682261E-016                 -8.8169387685809024E+000                 -9.8999999999999986E+001                 -6.6566794019729052E+000 
                                     687                  2.9475495270525811E+000                  5.7490003827168346E-002                  6.5645725950869727E+000                 -9.4954342900892796E-001                  1.3744557479642499E+001                  6.9999999993599205E-001                  2.8000000006400849E-001                  1.9999999999999463E-002                  3.8981325177620318E-001                  3.2605118196545031E+000                  0.0000000000000000E+000                  2.0900213777927981E-001                  2.0900213777927981E-001                  1.4624895270649511E-006                  1.4624895262150543E-006                  8.4989667074423374E-016                 -8.8261461928744502E+000                 -9.8999999999999986E+001                 -6.6633148393783976E+000 
                                     688                  2.9467289392024396E+000                  5.6484999914894765E-002                  6.5677447982541111E+000                 -9.3755503141492580E-001                  1.3759695588469764E+001                  6.9999999993198614E-001                  2.8000000006801445E-001                  1.9999999999999352E-002                  3.8998334887235953E-001                  3.2303334678786491E+000                  0.0000000000000000E+000                  2.0856962145515145E-001                  2.0856962145515145E-001                  1.4725665710504424E-006                  1.4725665702181213E-006                  8.3232104126292035E-016                 -8.8410910422764672E+000                 -9.8999999999999986E+001                 -6.6743081547553960E+000 
                                     689                  2.9450382118935026E+000                  5.4449430134720048E-002                  6.5719472316178278E+000                 -9.2149915567138663E-001                  1.3779923775762517E+001                  6.9999999992460349E-001                  2.8000000007539699E-001                  1.9999999999999574E-002                  3.9006482869857673E-001                  3.1910601476908793E+000                  0.0000000000000000E+000                  2.0773043368217745E-001                  2.0773043368217745E-001                  1.4923263809761280E-006                  1.4923263800793469E-006                  8.9678109093067004E-016                 -8.8594335947800733E+000                 -9.8999999999999986E+001                 -6.6875368351266875E+000 
                                     690                  2.9432965703293461E+000                  5.2399954064723885E-002                  6.5761391077702802E+000                 -9.0540383377397393E-001                  1.3800178412693453E+001                  6.9999999991736572E-001                  2.8000000008263476E-001                  1.9999999999999574E-002                  3.9004768281422947E-001                  3.1521696049053860E+000                  0.0000000000000000E+000                  2.0693812026125272E-001                  2.0693812026125272E-001                  1.5106391728520162E-006                  1.5106391718066319E-006                  1.0453844074405219E-015                 -8.8775359065940158E+000                 -9.8999999999999986E+001                 -6.7005202009454568E+000 
                                     691                  2.9415026212833419E+000                  5.0336627318300770E-002                  6.5803209821460555E+000                 -8.8927467203067978E-001                  1.3820458934650661E+001                  6.9999999990846251E-001                  2.8000000009153803E-001                  1.9999999999999463E-002                  3.9008917343526173E-001                  3.1136578567681363E+000                  0.0000000000000000E+000                  2.0618100169699566E-001                  2.0618100169699566E-001                  1.5286085365208072E-006                  1.5286085352454496E-006                  1.2753576715077716E-015                 -8.8958966162718891E+000                 -9.8999999999999986E+001                 -6.7137623255289620E+000 
                                     692                  2.9396549405233299E+000                  4.8259484617095026E-002                  6.5834391583763106E+000                 -8.7712496752579450E-001                  1.3835702786371934E+001                  6.9999999989833150E-001                  2.8000000010166887E-001                  1.9999999999999574E-002                  3.9004788598028600E-001                  3.0854799301057851E+000                  0.0000000000000000E+000                  2.0548641953165731E-001                  2.0548641953165731E-001                  1.5461481619018362E-006                  1.5461481604424797E-006                  1.4593563489666634E-015                 -8.9082919003961525E+000                 -9.8999999999999986E+001                 -6.7224795262053796E+000 
                                     693                  2.9387035064413283E+000                  4.7208094312391924E-002                  6.5855229538355120E+000                 -8.6903363477317974E-001                  1.3845861963985568E+001                  6.9999999989298567E-001                  2.8000000010701492E-001                  1.9999999999999352E-002                  3.9004166440941113E-001                  3.0665321237128134E+000                  0.0000000000000000E+000                  2.0512354063139218E-001                  2.0512354063139218E-001                  1.5552127215187707E-006                  1.5552127200599061E-006                  1.4588646187007271E-015                 -8.9174591450359699E+000                 -9.8999999999999986E+001                 -6.7290566474958426E+000 
                                     694                  2.9377520723593262E+000                  4.6168631548914270E-002                  6.5886571615735754E+000                 -8.5691200635569764E-001                  1.3861095377238692E+001                  6.9999999988633632E-001                  2.8000000011366416E-001                  1.9999999999999574E-002                  3.9012921660287908E-001                  3.0378492619732440E+000                  0.0000000000000000E+000                  2.0477206246454291E-001                  2.0477206246454291E-001                  1.5647557360749569E-006                  1.5647557346472026E-006                  1.4277541986570716E-015                 -8.9323217601125009E+000                 -9.8999999999999986E+001                 -6.7399448515593514E+000 
                                     695                  2.9357925292224212E+000                  4.4063997046039818E-002                  6.5928118570175380E+000                 -8.4067983110392297E-001                  1.3881449949804654E+001                  6.9999999987411177E-001                  2.8000000012588888E-001                  1.9999999999999352E-002                  3.9023612881981778E-001                  3.0005932640737147E+000                  0.0000000000000000E+000                  2.0409617642741326E-001                  2.0409617642741326E-001                  1.5847819398582524E-006                  1.5847819383201755E-006                  1.5380768428876748E-015                 -8.9506126266943493E+000                 -9.8999999999999986E+001                 -6.7531183337614982E+000 
                                     696                  2.9337747912277492E+000                  4.1945690462482588E-002                  6.5969584616435384E+000                 -8.2441592097759286E-001                  1.3901827950161870E+001                  6.9999999986212047E-001                  2.8000000013787996E-001                  1.9999999999999574E-002                  3.9032639059450763E-001                  2.9637717786653570E+000                  0.0000000000000000E+000                  2.0346468132497769E-001                  2.0346468132497769E-001                  1.6049215302162025E-006                  1.6049215284239432E-006                  1.7922591748923077E-015                 -8.9690032939670559E+000                 -9.8999999999999986E+001                 -6.7663978931650037E+000 
                                     697                  2.9316973057227718E+000                  3.9813757989185863E-002                  6.6010974975117369E+000                 -8.0812010663332601E-001                  1.3922228718615601E+001                  6.9999999984745309E-001                  2.8000000015254739E-001                  1.9999999999999574E-002                  3.9050235232111563E-001                  2.9273936796826492E+000                  0.0000000000000000E+000                  2.0286678691792664E-001                  2.0286678691792664E-001                  1.6254201439518811E-006                  1.6254201417664812E-006                  2.1853998878863415E-015                 -8.9873997547702995E+000                 -9.8999999999999986E+001                 -6.7796976078174911E+000 
                                     698                  2.9295584868235522E+000                  3.7668251913131237E-002                  6.6041856791292304E+000                 -7.9584993674304139E-001                  1.3937562011152833E+001                  6.9999999983072891E-001                  2.8000000016927140E-001                  1.9999999999999685E-002                  3.9054540423821804E-001                  2.9007903772928918E+000                  0.0000000000000000E+000                  2.0233235655865919E-001                  2.0233235655865919E-001                  1.6453567771359833E-006                  1.6453567746350046E-006                  2.5009786053590687E-015                 -9.0000983255488372E+000                 -9.8999999999999986E+001                 -6.7887597294919111E+000 
                                     699                  2.9284576009072754E+000                  3.6582632685237912E-002                  6.6062498419255338E+000                 -7.8768099735348240E-001                  1.3947778907406823E+001                  6.9999999982191974E-001                  2.8000000017808080E-001                  1.9999999999999463E-002                  3.9057838221239805E-001                  2.8829169867978655E+000                  0.0000000000000000E+000                  2.0204317016149348E-001                  2.0204317016149348E-001                  1.6552719081520653E-006                  1.6552719056524698E-006                  2.4995954410000302E-015                 -9.0091584381256027E+000                 -9.8999999999999986E+001                 -6.7952383971605075E+000 
                                     700                  2.9273567149909976E+000                  3.5509268536910263E-002                  6.6093551230980365E+000                 -7.7544423925269490E-001                  1.3963095938204649E+001                  6.9999999981095373E-001                  2.8000000018904669E-001                  1.9999999999999574E-002                  3.9062906360800620E-001                  2.8558847443460338E+000                  0.0000000000000000E+000                  2.0176628620359405E-001                  2.0176628620359405E-001                  1.6649034480894432E-006                  1.6649034456444799E-006                  2.4449634444776778E-015                 -9.0237911412105376E+000                 -9.8999999999999986E+001                 -6.8059099984230773E+000 
                                     701                  2.9250903365905541E+000                  3.3336736459483429E-002                  6.6134738090401113E+000                 -7.5906443650158995E-001                  1.3983560891259593E+001                  6.9999999979083438E-001                  2.8000000020916593E-001                  1.9999999999999685E-002                  3.9066700366938251E-001                  2.8207323986186541E+000                  0.0000000000000000E+000                  2.0123671099872290E-001                  2.0123671099872290E-001                  1.6843200968316362E-006                  1.6843200941996689E-006                  2.6319673148716197E-015                 -9.0420911738843657E+000                 -9.8999999999999986E+001                 -6.8191236160928446E+000 
                                     702                  2.9227576634701804E+000                  3.1150759550347264E-002                  6.6175863845495124E+000                 -7.4266035847471845E-001                  1.4004045835833319E+001                  6.9999999977109584E-001                  2.8000000022890470E-001                  1.9999999999999463E-002                  3.9067823254892714E-001                  2.7859404384050697E+000                  0.0000000000000000E+000                  2.0074222093130645E-001                  2.0074222093130645E-001                  1.7037313890022492E-006                  1.7037313859387542E-006                  3.0634949510883436E-015                 -9.0602667958478449E+000                 -9.8999999999999986E+001                 -6.8322126323088650E+000 
                                     703                  2.9203569725168252E+000                  2.8951371507492961E-002                  6.6216931798801353E+000                 -7.2623035049132978E-001                  1.4024550051464809E+001                  6.9999999974704907E-001                  2.8000000025295141E-001                  1.9999999999999574E-002                  3.9073345999990067E-001                  2.7515004659033919E+000                  0.0000000000000000E+000                  2.0027183893457332E-001                  2.0027183893457332E-001                  1.7233968881018547E-006                  1.7233968843697269E-006                  3.7321278163513327E-015                 -9.0783626664496708E+000                 -9.8999999999999986E+001                 -6.8452276642144483E+000 
                                     704                  2.9178865051177736E+000                  2.6738618787887067E-002                  6.6247587276652951E+000                 -7.1386099611344078E-001                  1.4039959925307651E+001                  6.9999999971961191E-001                  2.8000000028038846E-001                  1.9999999999999574E-002                  3.9077454508758791E-001                  2.7262553251561608E+000                  0.0000000000000000E+000                  1.9985934783537906E-001                  1.9985934783537906E-001                  1.7435203005092710E-006                  1.7435202962382175E-006                  4.2710534557939743E-015                 -9.0909901560581812E+000                 -9.8999999999999986E+001                 -6.8542480137396344E+000 
                                     705                  2.9166154858880344E+000                  2.5619341441446591E-002                  6.6268079434382123E+000                 -7.0562853681691051E-001                  1.4050225887186365E+001                  6.9999999970517546E-001                  2.8000000029482514E-001                  1.9999999999999352E-002                  3.9081630076031415E-001                  2.7092803787039381E+000                  0.0000000000000000E+000                  1.9962156625521185E-001                  1.9962156625521185E-001                  1.7543244170806712E-006                  1.7543244128118344E-006                  4.2688368829065366E-015                 -9.1001814700479340E+000                 -9.8999999999999986E+001                 -6.8608499796186333E+000 
                                     706                  2.9153444666582966E+000                  2.4512604771593414E-002                  6.6298909783887296E+000                 -6.9330026178438964E-001                  1.4065613455537415E+001                  6.9999999968719384E-001                  2.8000000031280664E-001                  1.9999999999999574E-002                  3.9090159879178726E-001                  2.6835895124679632E+000                  0.0000000000000000E+000                  1.9939591501650494E-001                  1.9939591501650494E-001                  1.7651024344966904E-006                  1.7651024303212808E-006                  4.1754094434767505E-015                 -9.1149040644879147E+000                 -9.8999999999999986E+001                 -6.8715919284632969E+000 
                                     707                  2.9127290260070220E+000                  2.2273240981988442E-002                  6.6339815885753826E+000                 -6.7679873970066373E-001                  1.4086171069320251E+001                  6.9999999965426307E-001                  2.8000000034573730E-001                  1.9999999999999574E-002                  3.9101227396745730E-001                  2.6501240208859573E+000                  0.0000000000000000E+000                  1.9896490145883669E-001                  1.9896490145883669E-001                  1.7869197641602683E-006                  1.7869197596643855E-006                  4.4958827917265344E-015                 -9.1331134767878250E+000                 -9.8999999999999986E+001                 -6.8847025802126565E+000 
                                     708                  2.9100383150494942E+000                  2.0020645573561802E-002                  6.6380671345553157E+000                 -6.6027599823608329E-001                  1.4106745002033433E+001                  6.9999999962196058E-001                  2.8000000037803979E-001                  1.9999999999999574E-002                  3.9112796796357302E-001                  2.6169592428241537E+000                  0.0000000000000000E+000                  1.9856113142855361E-001                  1.9856113142855361E-001                  1.8087876257385984E-006                  1.8087876205076806E-006                  5.2309178357400515E-015                 -9.1514208010521880E+000                 -9.8999999999999986E+001                 -6.8979043846562780E+000 
                                     709                  2.9072704281598800E+000                  1.7754857596697159E-002                  6.6421478116663950E+000                 -6.4373319216635039E-001                  1.4127334503223269E+001                  6.9999999958270831E-001                  2.8000000041729217E-001                  1.9999999999999574E-002                  3.9115890514730672E-001                  2.5840851111589367E+000                  0.0000000000000000E+000                  1.9817471190294667E-001                  1.9817471190294667E-001                  1.8300741061017544E-006                  1.8300740997347198E-006                  6.3670346424817773E-015                 -9.1694081756491190E+000                 -9.8999999999999986E+001                 -6.9107858652014809E+000 
                                     710                  2.9044234216861655E+000                  1.5475913751153585E-002                  6.6451947202300667E+000                 -6.3128052439298243E-001                  1.4142807175906494E+001                  6.9999999953796110E-001                  2.8000000046203932E-001                  1.9999999999999574E-002                  3.9122761320148852E-001                  2.5599532028158238E+000                  0.0000000000000000E+000                  1.9784461229930203E-001                  1.9784461229930203E-001                  1.8506107312808331E-006                  1.8506107239038999E-006                  7.3769331169184371E-015                 -9.1817719145558563E+000                 -9.8999999999999986E+001                 -6.9195478764942298E+000 
                                     711                  2.9029593674894008E+000                  1.4323522384364839E-002                  6.6472314609839849E+000                 -6.2299459067717999E-001                  1.4153112994139011E+001                  6.9999999951442626E-001                  2.8000000048557433E-001                  1.9999999999999352E-002                  3.9124064878503001E-001                  2.5437281233668312E+000                  0.0000000000000000E+000                  1.9763909573635724E-001                  1.9763909573635724E-001                  1.8614512188866325E-006                  1.8614512112424171E-006                  7.6442155207810727E-015                 -9.1909557236141364E+000                 -9.8999999999999986E+001                 -6.9261167227515879E+000 
                                     712                  2.9014953132926360E+000                  1.3183923348132369E-002                  6.6492672623757700E+000                 -6.1470535406263827E-001                  1.4163422437980207E+001                  6.9999999948974023E-001                  2.8000000051026025E-001                  1.9999999999999574E-002                  3.9123151229798508E-001                  2.5275639965206849E+000                  0.0000000000000000E+000                  1.9745215081269585E-001                  1.9745215081269585E-001                  1.8719018330110104E-006                  1.8719018254727949E-006                  7.5382153944128166E-015                 -9.2000617565395633E+000                 -9.8999999999999986E+001                 -6.9326413715930011E+000 
                                     713                  2.8999896971992998E+000                  1.2024965266373951E-002                  6.6513013106591474E+000                 -6.0641121153267374E-001                  1.4173735095703556E+001                  6.9999999946380476E-001                  2.8000000053619561E-001                  1.9999999999999574E-002                  3.9124104653519226E-001                  2.5114838382536302E+000                  0.0000000000000000E+000                  1.9724693628915246E-001                  1.9724693628915246E-001                  1.8827911668147366E-006                  1.8827911592800268E-006                  7.5347098262873048E-015                 -9.2090483913725318E+000                 -9.8999999999999986E+001                 -6.9390076116248292E+000 
                                     714                  2.8984840811059636E+000                  1.0878842253008131E-002                  6.6543614942041538E+000                 -5.9399287442398963E-001                  1.4189189034307883E+001                  6.9999999943148639E-001                  2.8000000056851404E-001                  1.9999999999999574E-002                  3.9133425304870356E-001                  2.4871639523756852E+000                  0.0000000000000000E+000                  1.9706185987958522E-001                  1.9706185987958522E-001                  1.8939526219816207E-006                  1.8939526141239828E-006                  7.8576379839778627E-015                 -9.2237259577074067E+000                 -9.8999999999999986E+001                 -6.9496527765368681E+000 
                                     715                  2.8953876626615362E+000                  8.5606402603307478E-003                  6.6573971169818558E+000                 -5.8149930272162176E-001                  1.4204692610634666E+001                  6.9999999938456237E-001                  2.8000000061543828E-001                  1.9999999999999352E-002                  3.9144296339595697E-001                  2.4636920474300172E+000                  0.0000000000000000E+000                  1.9672238787873875E-001                  1.9672238787873875E-001                  1.9174949428237776E-006                  1.9174949343957396E-006                  8.4280380442720935E-015                 -9.2363644441016888E+000                 -9.8999999999999986E+001                 -6.9586049167472828E+000 
                                     716                  2.8937958082478259E+000                  7.3886062576364727E-003                  6.6594263340674402E+000                 -5.7318682148015154E-001                  1.4215017848798608E+001                  6.9999999935692436E-001                  2.8000000064307617E-001                  1.9999999999999463E-002                  3.9151187203758031E-001                  2.4479338089354297E+000                  0.0000000000000000E+000                  1.9653870865826908E-001                  1.9653870865826908E-001                  1.9297428484237040E-006                  1.9297428396361103E-006                  8.7875937948888950E-015                 -9.2454527592209956E+000                 -9.8999999999999986E+001                 -6.9650754940459203E+000 
                                     717                  2.8922039538341160E+000                  6.2294967409863367E-003                  6.6624793733066818E+000                 -5.6074248374876978E-001                  1.4230489473549438E+001                  6.9999999931839452E-001                  2.8000000068160585E-001                  1.9999999999999574E-002                  3.9158663439078983E-001                  2.4241321743104920E+000                  0.0000000000000000E+000                  1.9637539779276278E-001                  1.9637539779276278E-001                  1.9415211347894091E-006                  1.9415211250767012E-006                  9.7127078222614264E-015                 -9.2601053405253211E+000                 -9.8999999999999986E+001                 -6.9757069730435237E+000 
                                     718                  2.8889308077927991E+000                  3.8853027880011563E-003                  6.6665324371302326E+000                 -5.4409486834596166E-001                  1.4251156719569950E+001                  6.9999999924424638E-001                  2.8000000075575410E-001                  1.9999999999999574E-002                  3.9165362231732331E-001                  2.3931387043189463E+000                  0.0000000000000000E+000                  1.9609429795159497E-001                  1.9609429795159497E-001                  1.9642140885693985E-006                  1.9642140765929032E-006                  1.1976495169193890E-014                 -9.2782293740077115E+000                 -9.8999999999999986E+001                 -6.9887843389422519E+000 
                                     719                  2.8855660337489977E+000                  1.5281462704992822E-003                  6.6695597202216179E+000                 -5.3156777214512030E-001                  1.4266686288829469E+001                  6.9999999916437872E-001                  2.8000000083562165E-001                  1.9999999999999574E-002                  3.9170418402695628E-001                  2.3704401815130569E+000                  0.0000000000000000E+000                  1.9585648054759483E-001                  1.9585648054759483E-001                  1.9860095520090781E-006                  1.9860095379784631E-006                  1.4030615151506070E-014                 -9.2903033863614422E+000                 -9.8999999999999986E+001                 -6.9972975638327899E+000 
                                     720                  2.8838367146275714E+000                  3.3661025545681211E-004                  6.6715833462505447E+000                 -5.2323309879895741E-001                  1.4277027724481357E+001                  6.9999999912235811E-001                  2.8000000087764237E-001                  1.9999999999999574E-002                  3.9170296697616708E-001                  2.3552373736556187E+000                  0.0000000000000000E+000                  1.9569023616838341E-001                  1.9569023616838341E-001                  1.9973399178920902E-006                  1.9973399034116262E-006                  1.4480464121584431E-014                 -9.2992961845514674E+000                 -9.8999999999999986E+001                 -7.0036735153876641E+000 
                                     721                  2.8821073955061447E+000                 -8.4188427952168433E-004                  6.6736062663143487E+000                 -5.1489582971774961E-001                  1.4287371677612025E+001                  6.9999999907830901E-001                  2.8000000092169142E-001                  1.9999999999999574E-002                  3.9169723824037017E-001                  2.3401326384760317E+000                  0.0000000000000000E+000                  1.9554867785465571E-001                  1.9554867785465571E-001                  2.0084588751127201E-006                  2.0084588608700995E-006                  1.4242620513525553E-014                 -9.3083800153022107E+000                 -9.8999999999999986E+001                 -7.0101897926712491E+000 
                                     722                  2.8803300028064083E+000                 -2.0399021071054310E-003                  6.6756276908907939E+000                 -5.0655549511389109E-001                  1.4297717832029051E+001                  6.9999999903205823E-001                  2.8000000096794225E-001                  1.9999999999999574E-002                  3.9173010461227026E-001                  2.3251462934426486E+000                  0.0000000000000000E+000                  1.9538820378824914E-001                  1.9538820378824914E-001                  2.0203715032724022E-006                  2.0203714890356961E-006                  1.4236706159997931E-014                 -9.3174637611923625E+000                 -9.8999999999999986E+001                 -7.0166663392616782E+000 
                                     723                  2.8785526101066718E+000                 -3.2248449827403203E-003                  6.6786690547498617E+000                 -4.9407272349900000E-001                  1.4313218604889480E+001                  6.9999999897441045E-001                  2.8000000102559014E-001                  1.9999999999999352E-002                  3.9180141916186989E-001                  2.3025690183676235E+000                  0.0000000000000000E+000                  1.9525393281967451E-001                  1.9525393281967451E-001                  2.0322146308386585E-006                  2.0322146159982690E-006                  1.4840389572057706E-014                 -9.3320966179226463E+000                 -9.8999999999999986E+001                 -7.0272952339795447E+000 
                                     724                  2.8748993462850865E+000                 -5.6208068354550063E-003                  6.6816876211889067E+000                 -4.8151549821211309E-001                  1.4328769593451256E+001                  6.9999999889089215E-001                  2.8000000110910822E-001                  1.9999999999999574E-002                  3.9183614764479519E-001                  2.2808420981118931E+000                  0.0000000000000000E+000                  1.9502612572394540E-001                  1.9502612572394540E-001                  2.0558755708845258E-006                  2.0558755548943094E-006                  1.5990216295646190E-014                 -9.3444195149264075E+000                 -9.8999999999999986E+001                 -7.0360230888557078E+000 
                                     725                  2.8730222845875719E+000                 -6.8317793266925945E-003                  6.6837056154069359E+000                 -4.7316293703057127E-001                  1.4339124261419800E+001                  6.9999999884165265E-001                  2.8000000115834767E-001                  1.9999999999999685E-002                  3.9187098200637144E-001                  2.2663118067610930E+000                  0.0000000000000000E+000                  1.9489627178944063E-001                  1.9489627178944063E-001                  2.0682486969696410E-006                  2.0682486801114081E-006                  1.6858233098015677E-014                 -9.3535314754113550E+000                 -9.8999999999999986E+001                 -7.0425629034402215E+000 
                                     726                  2.8711452228900587E+000                 -8.0296086666661690E-003                  6.6867421391235018E+000                 -4.6066446312288356E-001                  1.4354636788471977E+001                  6.9999999876717733E-001                  2.8000000123282309E-001                  1.9999999999999574E-002                  3.9192036176270761E-001                  2.2444390198430679E+000                  0.0000000000000000E+000                  1.9479445593524658E-001                  1.9479445593524658E-001                  2.0804193818339915E-006                  2.0804193634705883E-006                  1.8363403270386259E-014                 -9.3682893029194805E+000                 -9.8999999999999986E+001                 -7.0533771083535370E+000 
                                     727                  2.8672878073510306E+000                 -1.0451418194211047E-002                  6.6907758914570215E+000                 -4.4394672026158682E-001                  1.4375357186043658E+001                  6.9999999864023943E-001                  2.8000000135976105E-001                  1.9999999999999574E-002                  3.9197019359371416E-001                  2.2160614504574272E+000                  0.0000000000000000E+000                  1.9466037290155644E-001                  1.9466037290155644E-001                  2.1040502691429307E-006                  2.1040502471891496E-006                  2.1953781153513779E-014                 -9.3860080076782957E+000                 -9.8999999999999986E+001                 -7.0662461626447310E+000 
                                     728                  2.8633246140490578E+000                 -1.2886176565448262E-002                  6.6937899364437472E+000                 -4.3136839269947125E-001                  1.4390925606386364E+001                  6.9999999851617845E-001                  2.8000000148382204E-001                  1.9999999999999574E-002                  3.9205752769454427E-001                  2.1953691107173832E+000                  0.0000000000000000E+000                  1.9451791604875385E-001                  1.9451791604875385E-001                  2.1285483884500907E-006                  2.1285483622440339E-006                  2.6206056587070749E-014                 -9.3984200119059906E+000                 -9.8999999999999986E+001                 -7.0751703250627882E+000 
                                     729                  2.8612888583539493E+000                 -1.4116614036666726E-002                  6.6958054594297751E+000                 -4.2300348914774089E-001                  1.4401290956142512E+001                  6.9999999842523830E-001                  2.8000000157476207E-001                  1.9999999999999574E-002                  3.9213263437056639E-001                  2.1815446529919953E+000                  0.0000000000000000E+000                  1.9445702185179040E-001                  1.9445702185179040E-001                  2.1414017745625021E-006                  2.1414017463491281E-006                  2.8213374249544421E-014                 -9.4074657823922472E+000                 -9.8999999999999986E+001                 -7.0817763078665301E+000 
                                     730                  2.8592531026588408E+000                 -1.5333825816695007E-002                  6.6978208077850621E+000                 -4.1463679258412689E-001                  1.4411657955500385E+001                  6.9999999834718263E-001                  2.8000000165281780E-001                  1.9999999999999574E-002                  3.9219012288623833E-001                  2.1678420009535961E+000                  0.0000000000000000E+000                  1.9438411869731365E-001                  1.9438411869731365E-001                  2.1541976494406883E-006                  2.1541976220656172E-006                  2.7375071035309780E-014                 -9.4164834477294495E+000                 -9.8999999999999986E+001                 -7.0883272793971912E+000 
                                     731                  2.8571618894348068E+000                 -1.6570779146873844E-002                  6.6998352070693343E+000                 -4.0626736528056057E-001                  1.4422026374390796E+001                  6.9999999826976311E-001                  2.8000000173023715E-001                  1.9999999999999796E-002                  3.9220389893534413E-001                  2.1542794807193641E+000                  0.0000000000000000E+000                  1.9429108458184724E-001                  1.9429108458184724E-001                  2.1668264986942078E-006                  2.1668264723907762E-006                  2.6303431659890783E-014                 -9.4253963828757321E+000                 -9.8999999999999986E+001                 -7.0947324402267409E+000 
                                     732                  2.8550706762107732E+000                 -1.7794478962870411E-002                  6.7028666788931339E+000                 -3.9374344292164853E-001                  1.4437557735353382E+001                  6.9999999818185155E-001                  2.8000000181814894E-001                  1.9999999999999574E-002                  3.9222427117504266E-001                  2.1339078962746800E+000                  0.0000000000000000E+000                  1.9423318639328549E-001                  1.9423318639328549E-001                  2.1786788946113484E-006                  2.1786788658145529E-006                  2.8796795705038480E-014                 -9.4398906923498700E+000                 -9.8999999999999986E+001                 -7.1053863613182067E+000 
                                     733                  2.8507746794307258E+000                 -2.0268246080410293E-002                  6.7058781515055621E+000                 -3.8114688206239206E-001                  1.4453140283534713E+001                  6.9999999799542101E-001                  2.8000000200457942E-001                  1.9999999999999574E-002                  3.9231083167861619E-001                  2.1143221720844605E+000                  0.0000000000000000E+000                  1.9417724642785289E-001                  1.9417724642785289E-001                  2.2029303159908363E-006                  2.2029302825829696E-006                  3.3407866892038294E-014                 -9.4521388113205784E+000                 -9.8999999999999986E+001                 -7.1142980395825504E+000 
                                     734                  2.8485685383944563E+000                 -2.1518278311566913E-002                  6.7078920597194385E+000                 -3.7277063413032258E-001                  1.4463514234889038E+001                  6.9999999789569356E-001                  2.8000000210430687E-001                  1.9999999999999574E-002                  3.9233588939077862E-001                  2.1012374094758171E+000                  0.0000000000000000E+000                  1.9414013945647635E-001                  1.9414013945647635E-001                  2.2154274145931205E-006                  2.2154273803782678E-006                  3.4214852878787487E-014                 -9.4610826170579223E+000                 -9.8999999999999986E+001                 -7.1208392190667853E+000 
                                     735                  2.8463623973581873E+000                 -2.2755008995851467E-002                  6.7109224988031784E+000                 -3.6023831318191712E-001                  1.4479053121814200E+001                  6.9999999777865018E-001                  2.8000000222135019E-001                  1.9999999999999574E-002                  3.9230538247513685E-001                  2.0815663186310678E+000                  0.0000000000000000E+000                  1.9407253762602866E-001                  1.9407253762602866E-001                  2.2275497212380553E-006                  2.2275496870884813E-006                  3.4149574263533443E-014                 -9.4756526330245414E+000                 -9.8999999999999986E+001                 -7.1315526408907521E+000 
                                     736                  2.8418310538094897E+000                 -2.5254994732235497E-002                  6.7149499162826451E+000                 -3.4348097830485086E-001                  1.4499808211605677E+001                  6.9999999758553366E-001                  2.8000000241446660E-001                  1.9999999999999796E-002                  3.9232952696903695E-001                  2.0560243804721616E+000                  0.0000000000000000E+000                  1.9403075188245480E-001                  1.9403075188245480E-001                  2.2506349583387950E-006                  2.2506349179324139E-006                  4.0406381293716691E-014                 -9.4936118624722443E+000                 -9.8999999999999986E+001                 -7.1448017789765412E+000 
                                     737                  2.8371778101824745E+000                 -2.7768204466612652E-002                  6.7179555723939384E+000                 -3.3090528300687400E-001                  1.4515368037067864E+001                  6.9999999732563034E-001                  2.8000000267436992E-001                  1.9999999999999796E-002                  3.9234412509804700E-001                  2.0373718664688614E+000                  0.0000000000000000E+000                  1.9409252988869213E-001                  1.9409252988869213E-001                  2.2729353957645565E-006                  2.2729353476744981E-006                  4.8090058589750881E-014                 -9.5052944032355065E+000                 -9.8999999999999986E+001                 -7.1533630400110768E+000 
                                     738                  2.8348045713778416E+000                 -2.9029755746883698E-002                  6.7199703590162541E+000                 -3.2252378796158798E-001                  1.4525749111426830E+001                  6.9999999719390804E-001                  2.8000000280609227E-001                  1.9999999999999685E-002                  3.9236849488957715E-001                  2.0248621101299702E+000                  0.0000000000000000E+000                  1.9407921100569134E-001                  1.9407921100569134E-001                  2.2849601284640774E-006                  2.2849600796636641E-006                  4.8800413414033197E-014                 -9.5141677064361776E+000                 -9.8999999999999986E+001                 -7.1598775370437693E+000 
                                     739                  2.8323997641254395E+000                 -3.0294643234884743E-002                  6.7230085881904262E+000                 -3.0995820182173545E-001                  1.4541331803994956E+001                  6.9999999703046900E-001                  2.8000000296953126E-001                  1.9999999999999796E-002                  3.9249546054068879E-001                  2.0059873539863040E+000                  0.0000000000000000E+000                  1.9403025757565304E-001                  1.9403025757565304E-001                  2.2984271303351161E-006                  2.2984270832539104E-006                  4.7081205673592642E-014                 -9.5292207495564352E+000                 -9.8999999999999986E+001                 -7.1711127209140990E+000 
                                     740                  2.8274939482209529E+000                 -3.2834564821226278E-002                  6.7270385552430838E+000                 -2.9319252395064588E-001                  1.4562099785165760E+001                  6.9999999674084690E-001                  2.8000000325915325E-001                  1.9999999999999796E-002                  3.9267763994164528E-001                  1.9814667886725690E+000                  0.0000000000000000E+000                  1.9403351408146552E-001                  1.9403351408146552E-001                  2.3252713806999702E-006                  2.3252713291965943E-006                  5.1503375988526813E-014                 -9.5468978218396323E+000                 -9.8999999999999986E+001                 -7.1841686766635400E+000 
                                     741                  2.8224573287713826E+000                 -3.5387986125450029E-002                  6.7310696299413406E+000                 -2.7641952763695327E-001                  1.4582871635120057E+001                  6.9999999645945588E-001                  2.8000000354054433E-001                  1.9999999999999796E-002                  3.9262331415464141E-001                  1.9572483586184357E+000                  0.0000000000000000E+000                  1.9405084043840418E-001                  1.9405084043840418E-001                  2.3500759416985286E-006                  2.3500758796915308E-006                  6.2006997640314948E-014                 -9.5644023610895967E+000                 -9.8999999999999986E+001                 -7.1970644077988837E+000 
                                     742                  2.8172868048175395E+000                 -3.7954983744322691E-002                  6.7340855973139861E+000                 -2.6380743979081472E-001                  1.4598478584198457E+001                  6.9999999609111385E-001                  2.8000000390888635E-001                  1.9999999999999796E-002                  3.9264725474147077E-001                  1.9394533728095369E+000                  0.0000000000000000E+000                  1.9416518609624592E-001                  1.9416518609624592E-001                  2.3730624049994101E-006                  2.3730623355385449E-006                  6.9460865116060199E-014                 -9.5765474532675263E+000                 -9.8999999999999986E+001                 -7.2061862039808258E+000 
                                     743                  2.8146330059700140E+000                 -3.9252004990425561E-002                  6.7361027042968180E+000                 -2.5542373637531812E-001                  1.4608867332309472E+001                  6.9999999593035167E-001                  2.8000000406964848E-001                  1.9999999999999796E-002                  3.9272296073664886E-001                  1.9275216402421524E+000                  0.0000000000000000E+000                  1.9417157088664982E-001                  1.9417157088664982E-001                  2.3862793111258483E-006                  2.3862792426886638E-006                  6.8437184452310148E-014                 -9.5854947151683501E+000                 -9.8999999999999986E+001                 -7.2128200366625856E+000 
                                     744                  2.8119792071224885E+000                 -4.0535618765815240E-002                  6.7391380917211530E+000                 -2.4288071016309010E-001                  1.4624426269317059E+001                  6.9999999571694049E-001                  2.8000000428305949E-001                  2.0000000000000018E-002                  3.9278748051372914E-001                  1.9095318224770250E+000                  0.0000000000000000E+000                  1.9413847416304003E-001                  1.9413847416304003E-001                  2.4000591682162774E-006                  2.4000590978721850E-006                  7.0344092154542435E-014                 -9.5998946290889542E+000                 -9.8999999999999986E+001                 -7.2234399387760728E+000 
                                     745                  2.8065312971139713E+000                 -4.3130193349301287E-002                  6.7431753781342758E+000                 -2.2610548354216817E-001                  1.4645208757189112E+001                  6.9999999521910061E-001                  2.8000000478089920E-001                  2.0000000000000240E-002                  3.9278460366956963E-001                  1.8860234467333186E+000                  0.0000000000000000E+000                  1.9425081129422478E-001                  1.9425081129422478E-001                  2.4248683871746981E-006                  2.4248683054581105E-006                  8.1716587615343471E-014                 -9.6172823490116741E+000                 -9.8999999999999986E+001                 -7.2364505009730431E+000 
                                     746                  2.8009397660127635E+000                 -4.5738726446355196E-002                  6.7472140155589369E+000                 -2.0933085839151333E-001                  1.4665994551602948E+001                  6.9999999475704522E-001                  2.8000000524295471E-001                  2.0000000000000018E-002                  3.9291816546316793E-001                  1.8627293950309212E+000                  0.0000000000000000E+000                  1.9428504083705181E-001                  1.9428504083705181E-001                  2.4515407388336946E-006                  2.4515406454668296E-006                  9.3366865073640507E-014                 -9.6352245614951695E+000                 -9.8999999999999986E+001                 -7.2498279930286769E+000 
                                     747                  2.7952012342130748E+000                 -4.8361365161879506E-002                  6.7502345528223371E+000                 -1.9671293437052906E-001                  1.4681612406748593E+001                  6.9999999435881366E-001                  2.8000000564118599E-001                  2.0000000000000351E-002                  3.9296143134103662E-001                  1.8456007784669544E+000                  0.0000000000000000E+000                  1.9432443513651537E-001                  1.9432443513651537E-001                  2.4784722274631807E-006                  2.4784721261188319E-006                  1.0134434873365644E-013                 -9.6470115112942789E+000                 -9.8999999999999986E+001                 -7.2584502930173764E+000 
                                     748                  2.7922567421440787E+000                 -4.9686488203914317E-002                  6.7522547753088276E+000                 -1.8832342764158921E-001                  1.4692007777000802E+001                  6.9999999408507230E-001                  2.8000000591492730E-001                  2.0000000000000462E-002                  3.9294743601778109E-001                  1.8341097745587822E+000                  0.0000000000000000E+000                  1.9434760373947865E-001                  1.9434760373947865E-001                  2.4912582812427066E-006                  2.4912581728803858E-006                  1.0836232076842494E-013                 -9.6556823885135064E+000                 -9.8999999999999986E+001                 -7.2648499207252488E+000 
                                     749                  2.7893122500750818E+000                 -5.0998150114311386E-002                  6.7542756071176209E+000                 -1.7993403479923475E-001                  1.4702403949715752E+001                  6.9999999379979372E-001                  2.8000000620020582E-001                  2.0000000000000462E-002                  3.9294794201066596E-001                  1.8226685075414626E+000                  0.0000000000000000E+000                  1.9436702875711889E-001                  1.9436702875711889E-001                  2.5039702928589946E-006                  2.5039701770078713E-006                  1.1585112352360746E-013                 -9.6645344296725479E+000                 -9.8999999999999986E+001                 -7.2714264861721469E+000 
                                     750                  2.7862907696350434E+000                 -5.2330467929089526E-002                  6.7562965421618992E+000                 -1.7154488513333691E-001                  1.4712800854201184E+001                  6.9999999346746622E-001                  2.8000000653253310E-001                  2.0000000000000684E-002                  3.9297265378318114E-001                  1.8112882285603613E+000                  0.0000000000000000E+000                  1.9438746578540220E-001                  1.9438746578540220E-001                  2.5173986779876684E-006                  2.5173985561516139E-006                  1.2183605438589657E-013                 -9.6733880114230395E+000                 -9.8999999999999986E+001                 -7.2780140827495083E+000 
                                     751                  2.7832692891950050E+000                 -5.3649318124972187E-002                  6.7593383355817798E+000                 -1.5899799767450074E-001                  1.4728370832758046E+001                  6.9999999303946092E-001                  2.8000000696053823E-001                  2.0000000000000906E-002                  3.9302867432934180E-001                  1.7941303562520505E+000                  0.0000000000000000E+000                  1.9441032705906497E-001                  1.9441032705906497E-001                  2.5308644765712810E-006                  2.5308643483896094E-006                  1.2818167157587936E-013                 -9.6878391186874513E+000                 -9.8999999999999986E+001                 -7.2887974692662185E+000 
                                     752                  2.7770687534550800E+000                 -5.6315135384867133E-002                  6.7623623238611321E+000                 -1.4637616057987762E-001                  1.4743996117147731E+001                  6.9999999251344847E-001                  2.8000000748655030E-001                  2.0000000000001239E-002                  3.9304250915469585E-001                  1.7775282836972406E+000                  0.0000000000000000E+000                  1.9445451631826602E-001                  1.9445451631826602E-001                  2.5573146636802441E-006                  2.5573145239409409E-006                  1.3973930339319410E-013                 -9.6994881481024162E+000                 -9.8999999999999986E+001                 -7.2973340611522524E+000 
                                     753                  2.7738878618500342E+000                 -5.7662086753439222E-002                  6.7643848782912421E+000                 -1.3798489340027079E-001                  1.4754395999204768E+001                  6.9999999211364661E-001                  2.8000000788635193E-001                  2.0000000000001461E-002                  3.9300153127975695E-001                  1.7664228804616555E+000                  0.0000000000000000E+000                  1.9448753491409476E-001                  1.9448753491409476E-001                  2.5699661074520220E-006                  2.5699659571443459E-006                  1.5030767611857916E-013                 -9.7081316803224524E+000                 -9.8999999999999986E+001                 -7.3037368454247060E+000 
                                     754                  2.7707069702449880E+000                 -5.8995550776859411E-002                  6.7674291927249692E+000                 -1.2543602289287703E-001                  1.4769970002803602E+001                  6.9999999157761283E-001                  2.8000000842238537E-001                  2.0000000000001794E-002                  3.9293412529527094E-001                  1.7497106711765136E+000                  0.0000000000000000E+000                  1.9452122867483496E-001                  1.9452122867483496E-001                  2.5824058547849169E-006                  2.5824056972556386E-006                  1.5752927816377454E-013                 -9.7225924470088980E+000                 -9.8999999999999986E+001                 -7.3145621179464655E+000 
                                     755                  2.7641801918328448E+000                 -6.1690936776132958E-002                  6.7714776621025816E+000                 -1.0865598297349686E-001                  1.4790773906912106E+001                  6.9999999077140451E-001                  2.8000000922859297E-001                  2.0000000000002460E-002                  3.9300101634497875E-001                  1.7279744428445780E+000                  0.0000000000000000E+000                  1.9458929660040816E-001                  1.9458929660040816E-001                  2.6087392512487184E-006                  2.6087390803463708E-006                  1.7090234737722748E-013                 -9.7399719235584605E+000                 -9.8999999999999986E+001                 -7.3275032770764845E+000 
                                     756                  2.7574845947245850E+000                 -6.4401378312016852E-002                  6.7745065591046343E+000                 -9.6031993620403072E-002                  1.4806406203227125E+001                  6.9999999007745783E-001                  2.8000000992253898E-001                  2.0000000000003126E-002                  3.9312759410024511E-001                  1.7120876250553121E+000                  0.0000000000000000E+000                  1.9468322410157582E-001                  1.9468322410157582E-001                  2.6371996626491798E-006                  2.6371994688467243E-006                  1.9380245549979264E-013                 -9.7518382528613436E+000                 -9.8999999999999986E+001                 -7.3363661574213470E+000 
                                     757                  2.7540504370052159E+000                 -6.5770908659488203E-002                  6.7765325732705746E+000                 -8.7640770694337608E-002                  1.4816810334872871E+001                  6.9999998955057952E-001                  2.8000001044941647E-001                  2.0000000000004015E-002                  3.9315282925504308E-001                  1.7014873385914260E+000                  0.0000000000000000E+000                  1.9474065257534268E-001                  1.9474065257534268E-001                  2.6519231064669525E-006                  2.6519228917073552E-006                  2.1475959726512318E-013                 -9.7606889469804710E+000                 -9.8999999999999986E+001                 -7.3430429258115808E+000 
                                     758                  2.7506162792858468E+000                 -6.7126937128300396E-002                  6.7785596299332163E+000                 -7.9250798088759081E-002                  1.4827215148809749E+001                  6.9999998896742710E-001                  2.8000001103256811E-001                  2.0000000000004792E-002                  3.9314266622719168E-001                  1.6909748130874014E+000                  0.0000000000000000E+000                  1.9480421760788608E-001                  1.9480421760788608E-001                  2.6657414460424731E-006                  2.6657412285826695E-006                  2.1745980381506066E-013                 -9.7694531322907761E+000                 -9.8999999999999986E+001                 -7.3496508591968608E+000 
                                     759                  2.7470937742031953E+000                 -6.8504178565724674E-002                  6.7805870573699725E+000                 -7.0860693295647037E-002                  1.4837620632685187E+001                  6.9999998852115719E-001                  2.8000001147883746E-001                  2.0000000000005347E-002                  3.9317377431964878E-001                  1.6805641157890030E+000                  0.0000000000000000E+000                  1.9485117331980870E-001                  1.9485117331980870E-001                  2.6795945417188956E-006                  2.6795943308050893E-006                  2.1091380656438170E-013                 -9.7781255640452667E+000                 -9.8999999999999986E+001                 -7.3561390642288922E+000 
                                     760                  2.7435712691205438E+000                 -6.9867918254184827E-002                  6.7836380714191318E+000                 -5.8311197229550173E-002                  1.4853202167562804E+001                  6.9999998792890239E-001                  2.8000001207109176E-001                  2.0000000000005791E-002                  3.9331102424717546E-001                  1.6649691826392619E+000                  0.0000000000000000E+000                  1.9485537226488042E-001                  1.9485537226488042E-001                  2.6942917821573264E-006                  2.6942915493819034E-006                  2.3277542302872266E-013                 -9.7926479275290568E+000                 -9.8999999999999986E+001                 -7.3670070428278125E+000 
                                     761                  2.7363455114786546E+000                 -7.2624617892190935E-002                  6.7866753707083207E+000                 -4.5691171624448315E-002                  1.4868841057900120E+001                  6.9999998666913832E-001                  2.8000001333085334E-001                  2.0000000000008344E-002                  3.9336227214617525E-001                  1.6499214362864354E+000                  0.0000000000000000E+000                  1.9514110737991958E-001                  1.9514110737991958E-001                  2.7204826875143159E-006                  2.7204824148063042E-006                  2.7270801158632799E-013                 -9.8043329022352594E+000                 -9.8999999999999986E+001                 -7.3761356262420996E+000 
                                     762                  2.7326401942226912E+000                 -7.4017584860460714E-002                  6.7887069898751262E+000                 -3.7304867539489445E-002                  1.4879249157073405E+001                  6.9999998602797853E-001                  2.8000001397201185E-001                  2.0000000000009566E-002                  3.9334575939301969E-001                  1.6399052897128852E+000                  0.0000000000000000E+000                  1.9520497112964977E-001                  1.9520497112964977E-001                  2.7342675432262517E-006                  2.7342672662164790E-006                  2.7700977255435749E-013                 -9.8130997718561837E+000                 -9.8999999999999986E+001                 -7.3827640886213466E+000 
                                     763                  2.7289348769667283E+000                 -7.5397057865602995E-002                  6.7917643240125045E+000                 -2.4761871499607391E-002                  1.4894834166832620E+001                  6.9999998527318896E-001                  2.8000001472680003E-001                  2.0000000000011009E-002                  3.9339637993390381E-001                  1.6249269982385728E+000                  0.0000000000000000E+000                  1.9521587119948003E-001                  1.9521587119948003E-001                  2.7486759906353518E-006                  2.7486757228496099E-006                  2.6778574205113064E-013                 -9.8274588345439682E+000                 -9.8999999999999986E+001                 -7.3935222073445379E+000 
                                     764                  2.7213351594071749E+000                 -7.8185677823795444E-002                  6.7958332279549953E+000                 -7.9880676836874137E-003                  1.4915653917032929E+001                  6.9999998403344255E-001                  2.8000001596654356E-001                  2.0000000000013896E-002                  3.9358351104167633E-001                  1.6055641862100141E+000                  0.0000000000000000E+000                  1.9542346140368452E-001                  1.9542346140368452E-001                  2.7773711897150511E-006                  2.7773708866154892E-006                  3.0309956173988306E-013                 -9.8451272063589315E+000                 -9.8999999999999986E+001                 -7.4071387438321814E+000 
                                     765                  2.7135420757056736E+000                 -8.0990579355935843E-002                  6.7988818287682369E+000                  4.6250239757907735E-003                  1.4931298926610955E+001                  6.9999998263234220E-001                  2.8000001736763974E-001                  2.0000000000018003E-002                  3.9364550946686733E-001                  1.5914630578246265E+000                  0.0000000000000000E+000                  1.9579049675758348E-001                  1.9579049675758348E-001                  2.8045472083466052E-006                  2.8045468401406829E-006                  3.6820592217770042E-013                 -9.8564303811779190E+000                 -9.8999999999999986E+001                 -7.4160688356869349E+000 
                                     766                  2.7095466709006586E+000                 -8.2407986103100489E-002                  6.8009216658426057E+000                  1.3009025137181942E-002                  1.4941710656859668E+001                  6.9999998172105082E-001                  2.8000001827892812E-001                  2.0000000000021112E-002                  3.9361765146626226E-001                  1.5820979932836532E+000                  0.0000000000000000E+000                  1.9592622684037447E-001                  1.9592622684037447E-001                  2.8178534404459923E-006                  2.8178530306078421E-006                  4.0983815015117538E-013                 -9.8649418931728885E+000                 -9.8999999999999986E+001                 -7.4226312920195268E+000 
                                     767                  2.7055512660956431E+000                 -8.3811906611852435E-002                  6.8029633566636081E+000                  2.1391384562309268E-002                  1.4952122915496787E+001                  6.9999998070477332E-001                  2.8000001929520196E-001                  2.0000000000024665E-002                  3.9360681226416566E-001                  1.5728390220062294E+000                  0.0000000000000000E+000                  1.9607072227805858E-001                  1.9607072227805858E-001                  2.8304968807238951E-006                  2.8304964742302680E-006                  4.0649362703624658E-013                 -9.8736695492020861E+000                 -9.8999999999999986E+001                 -7.4294353535867037E+000 
                                     768                  2.7014547802616131E+000                 -8.5237695874969266E-002                  6.8050062369366744E+000                  2.9772013956593086E-002                  1.4962535749376981E+001                  6.9999997992990470E-001                  2.8000002007006758E-001                  2.0000000000027773E-002                  3.9363342666772233E-001                  1.5636900169985557E+000                  0.0000000000000000E+000                  1.9619773007046395E-001                  1.9619773007046395E-001                  2.8439589724485125E-006                  2.8439585818289105E-006                  3.9061960192866937E-013                 -9.8824086837597527E+000                 -9.8999999999999986E+001                 -7.4362219796865290E+000 
                                     769                  2.6973582944275827E+000                 -8.6650011947631972E-002                  6.8080813073388624E+000                  4.2304090041450935E-002                  1.4978126907054875E+001                  6.9999997890325460E-001                  2.8000002109671374E-001                  2.0000000000031659E-002                  3.9369701478369185E-001                  1.5500160632759115E+000                  0.0000000000000000E+000                  1.9627219928245107E-001                  1.9627219928245107E-001                  2.8580667014950781E-006                  2.8580662710004103E-006                  4.3049466766676355E-013                 -9.8967801877802941E+000                 -9.8999999999999986E+001                 -7.4472338674256768E+000 
                                     770                  2.6889586486352339E+000                 -8.9505270130957770E-002                  6.8111460504292012E+000                  5.4907240374159359E-002                  1.4993777341090887E+001                  6.9999997672080849E-001                  2.8000002327914802E-001                  2.0000000000043539E-002                  3.9368148279467824E-001                  1.5368300176433445E+000                  0.0000000000000000E+000                  1.9675847885599107E-001                  1.9675847885599107E-001                  2.8807880031578719E-006                  2.8807874991777046E-006                  5.0398016739552591E-013                 -9.9079285632410272E+000                 -9.8999999999999986E+001                 -7.4563085289816078E+000 
                                     771                  2.6846531949636399E+000                 -9.0948224985412038E-002                  6.8131966555087340E+000                  6.3281940012960336E-002                  1.5004192204155956E+001                  6.9999997560929028E-001                  2.8000002439065985E-001                  2.0000000000049867E-002                  3.9366051132821600E-001                  1.5280564667001437E+000                  0.0000000000000000E+000                  1.9690124872555617E-001                  1.9690124872555617E-001                  2.8934590798410404E-006                  2.8934585677593469E-006                  5.1208169362820648E-013                 -9.9166188842832366E+000                 -9.8999999999999986E+001                 -7.4631011392417248E+000 
                                     772                  2.6803477412920449E+000                 -9.2377733585554747E-002                  6.8162832022923512E+000                  7.5803671302002468E-002                  1.5019785888534644E+001                  6.9999997429767769E-001                  2.8000002570226534E-001                  2.0000000000056972E-002                  3.9368147297719280E-001                  1.5149264045117892E+000                  0.0000000000000000E+000                  1.9697366363163180E-001                  1.9697366363163180E-001                  2.9072190763154965E-006                  2.9072185739828528E-006                  5.0233264369586647E-013                 -9.9311103640838621E+000                 -9.8999999999999986E+001                 -7.4742778151287030E+000 
                                     773                  2.6715209098620094E+000                 -9.5267914572806908E-002                  6.8203944914593375E+000                  9.2544647523651602E-002                  1.5040618079935294E+001                  6.9999997215174192E-001                  2.8000002784818695E-001                  2.0000000000071072E-002                  3.9372686753357006E-001                  1.4978972364857799E+000                  0.0000000000000000E+000                  1.9734216158708262E-001                  1.9734216158708262E-001                  2.9319737309942022E-006                  2.9319731522947019E-006                  5.7869950024285411E-013                 -9.9482299463809518E+000                 -9.8999999999999986E+001                 -7.4878373846794561E+000 
                                     774                  2.6624734181604048E+000                 -9.8175983591690413E-002                  6.8234780806011814E+000                  1.0513058531209407E-001                  1.5056273007913319E+001                  6.9999996934957043E-001                  2.8000003065033330E-001                  2.0000000000096274E-002                  3.9372320138165845E-001                  1.4854272284396910E+000                  0.0000000000000000E+000                  1.9791081287261603E-001                  1.9791081287261603E-001                  2.9537971902649013E-006                  2.9537965213556636E-006                  6.6890923761892073E-013                 -9.9593649521275864E+000                 -9.8999999999999986E+001                 -7.4971166861824976E+000 
                                     775                  2.6578369377799329E+000                 -9.9645759788192040E-002                  6.8255415283997838E+000                  1.1349299314018590E-001                  1.5066690338476967E+001                  6.9999996812486887E-001                  2.8000003187502392E-001                  2.0000000000107265E-002                  3.9370900320038454E-001                  1.4771118213908887E+000                  0.0000000000000000E+000                  1.9808748888036590E-001                  1.9808748888036590E-001                  2.9663793058889881E-006                  2.9663786240865736E-006                  6.8180241434041604E-013                 -9.9679971964797929E+000                 -9.8999999999999986E+001                 -7.5039692602795549E+000 
                                     776                  2.6532004573994619E+000                 -1.0110215112479180E-001                  6.8276064003011285E+000                  1.2185403261972966E-001                  1.5077107926832356E+001                  6.9999996680064902E-001                  2.8000003319923117E-001                  2.0000000000119811E-002                  3.9371569071071472E-001                  1.4688720927705079E+000                  0.0000000000000000E+000                  1.9819591084613919E-001                  1.9819591084613919E-001                  2.9798837146273093E-006                  2.9798830218506754E-006                  6.9277663369887111E-013                 -9.9767310219231771E+000                 -9.8999999999999986E+001                 -7.5107825697317905E+000 
                                     777                  2.6484488026278354E+000                 -1.0258117972896588E-001                  6.8296732966302427E+000                  1.3021401423949741E-001                  1.5087525884633079E+001                  6.9999996508409990E-001                  2.8000003491576042E-001                  2.0000000000139684E-002                  3.9375598379080379E-001                  1.4607000913902750E+000                  0.0000000000000000E+000                  1.9840659561376539E-001                  1.9840659561376539E-001                  2.9924042906465382E-006                  2.9924035327694062E-006                  7.5787713191897056E-013                 -9.9851945466276124E+000                 -9.8999999999999986E+001                 -7.5175581878742594E+000 
                                     778                  2.6436971478562095E+000                 -1.0404684116395811E-001                  6.8327862943993400E+000                  1.4271233929510682E-001                  1.5103123069520265E+001                  6.9999996273930420E-001                  2.8000003726052763E-001                  2.0000000000168106E-002                  3.9382925164526156E-001                  1.4484220215074035E+000                  0.0000000000000000E+000                  1.9861928978692991E-001                  1.9861928978692991E-001                  3.0051940637694742E-006                  3.0051932291794663E-006                  8.3459000790083822E-013                 -9.9994638378986700E+000                 -9.8999999999999986E+001                 -7.5289063670012792E+000 
                                     779                  2.6339585407789015E+000                 -1.0701048168046369E-001                  6.8358882893139095E+000                  1.5528288981174801E-001                  1.5118781192622428E+001                  6.9999995958663563E-001                  2.8000004041314930E-001                  2.0000000000215068E-002                  3.9387846256136960E-001                  1.4365407660805560E+000                  0.0000000000000000E+000                  1.9905068613051438E-001                  1.9905068613051438E-001                  3.0313286065635491E-006                  3.0313277375005848E-006                  8.6906296414956548E-013                 -1.0010988385689556E+001                 -9.8999999999999986E+001                 -7.5383613951977120E+000 
                                     780                  2.6289690805979946E+000                 -1.0850847469061187E-001                  6.8379641111862339E+000                  1.6363460041203237E-001                  1.5129200062825191E+001                  6.9999995797618064E-001                  2.8000004202357970E-001                  2.0000000000239604E-002                  3.9390015409333218E-001                  1.4286043451663355E+000                  0.0000000000000000E+000                  1.9924592954670084E-001                  1.9924592954670084E-001                  3.0446052612993986E-006                  3.0446044185529496E-006                  8.4274644872555145E-013                 -1.0019610871919141E+001                 -9.8999999999999986E+001                 -7.5452880790550036E+000 
                                     781                  2.6239796204170878E+000                 -1.0999315215423544E-001                  6.8410888491684219E+000                  1.7612055673870505E-001                  1.5144797973879800E+001                  6.9999995585033481E-001                  2.8000004414939372E-001                  2.0000000000271467E-002                  3.9396308857549051E-001                  1.4166847115002119E+000                  0.0000000000000000E+000                  1.9936014659113704E-001                  1.9936014659113704E-001                  3.0587153650241855E-006                  3.0587144760249867E-006                  8.8899919873982062E-013                 -1.0034029865105385E+001                 -9.8999999999999986E+001                 -7.5566119562175427E+000 
                                     782                  2.6137553053184210E+000                 -1.1299543346480098E-001                  6.8452563241826319E+000                  1.9280926101700108E-001                  1.5165636144841402E+001                  6.9999995160124517E-001                  2.8000004839840065E-001                  2.0000000000354179E-002                  3.9405785110331354E-001                  1.4011007374482132E+000                  0.0000000000000000E+000                  1.9998273420662130E-001                  1.9998273420662130E-001                  3.0811593957003485E-006                  3.0811583020715480E-006                  1.0936288004992764E-012                 -1.0050769175685952E+001                 -9.8999999999999986E+001                 -7.5705220915889857E+000 
                                     783                  2.6032804510366003E+000                 -1.1601756216330318E-001                  6.8483834666018124E+000                  2.0535360369142061E-001                  1.5181295716324403E+001                  6.9999994675726007E-001                  2.8000005324226135E-001                  2.0000000000478524E-002                  3.9404875587560967E-001                  1.3896231875413902E+000                  0.0000000000000000E+000                  2.0064436139742164E-001                  2.0064436139742164E-001                  3.1023481925467393E-006                  3.1023469316142607E-006                  1.2609324785450709E-012                 -1.0061691614611551E+001                 -9.8999999999999986E+001                 -7.5799623358704302E+000 
                                     784                  2.5979151517075794E+000                 -1.1754528732014821E-001                  6.8504759327051312E+000                  2.1368745732659453E-001                  1.5191714885365140E+001                  6.9999994464096726E-001                  2.8000005535849970E-001                  2.0000000000533036E-002                  3.9405531801170884E-001                  1.3819485087223531E+000                  0.0000000000000000E+000                  2.0083774525437653E-001                  2.0083774525437653E-001                  3.1147592198857108E-006                  3.1147579599193872E-006                  1.2599663235085340E-012                 -1.0070172625688054E+001                 -9.8999999999999986E+001                 -7.5868055144630082E+000 
                                     785                  2.5925498523785584E+000                 -1.1905980650039028E-001                  6.8525697040364593E+000                  2.2202041729156413E-001                  1.5202133841822114E+001                  6.9999994236352436E-001                  2.8000005763588043E-001                  2.0000000000595208E-002                  3.9410930297569535E-001                  1.3743288462445329E+000                  0.0000000000000000E+000                  2.0094397812816714E-001                  2.0094397812816714E-001                  3.1287917284045235E-006                  3.1287904599812371E-006                  1.2684232866314798E-012                 -1.0078856404356115E+001                 -9.8999999999999986E+001                 -7.5936722271195167E+000 
                                     786                  2.5870540489398932E+000                 -1.2059781160743553E-001                  6.8546656287747805E+000                  2.3035188998077050E-001                  1.5212552767794492E+001                  6.9999993942374161E-001                  2.8000006057556770E-001                  2.0000000000690688E-002                  3.9416808753403026E-001                  1.3667563654454133E+000                  0.0000000000000000E+000                  2.0117440120178984E-001                  2.0117440120178984E-001                  3.1416848770268861E-006                  3.1416834891637396E-006                  1.3878631464709225E-012                 -1.0087330322161320E+001                 -9.8999999999999986E+001                 -7.6006072970623952E+000 
                                     787                  2.5815582455012285E+000                 -1.2212263865865593E-001                  6.8578220737237654E+000                  2.4280359927022396E-001                  1.5228149317729773E+001                  6.9999993535755833E-001                  2.8000006464160998E-001                  2.0000000000831686E-002                  3.9417910856173805E-001                  1.3553584187083119E+000                  0.0000000000000000E+000                  2.0140371710262914E-001                  2.0140371710262914E-001                  3.1543402089051201E-006                  3.1543386769325466E-006                  1.5319725734012528E-012                 -1.0101652070800467E+001                 -9.8999999999999986E+001                 -7.6121601845980740E+000 
                                     788                  2.5703003116351386E+000                 -1.2520656004380784E-001                  6.8609681464843693E+000                  2.5532724684603991E-001                  1.5243808040960909E+001                  6.9999992991022097E-001                  2.8000007008871713E-001                  2.0000000001061835E-002                  3.9414807859294915E-001                  1.3443006892018046E+000                  0.0000000000000000E+000                  2.0186877030447925E-001                  2.0186877030447925E-001                  3.1781584124262967E-006                  3.1781568162057388E-006                  1.5962205580831657E-012                 -1.0112776964752578E+001                 -9.8999999999999986E+001                 -7.6214954504916896E+000 
                                     789                  2.5645354960840572E+000                 -1.2676567104474940E-001                  6.8630732294178118E+000                  2.6364752583735751E-001                  1.5254225892581275E+001                  6.9999992713124670E-001                  2.8000007286757100E-001                  2.0000000001182294E-002                  3.9415362965229911E-001                  1.3369129229682670E+000                  0.0000000000000000E+000                  2.0207426927873459E-001                  2.0207426927873459E-001                  3.1901026689853103E-006                  3.1901011233532010E-006                  1.5456321095469934E-012                 -1.0121186006061073E+001                 -9.8999999999999986E+001                 -7.6283428927264554E+000 
                                     790                  2.5587706805329757E+000                 -1.2831168882818259E-001                  6.8662413365287893E+000                  2.7608429521560085E-001                  1.5269820015033023E+001                  6.9999992347623385E-001                  2.8000007652242892E-001                  2.0000000001337170E-002                  3.9421583576496566E-001                  1.3258210085281994E+000                  0.0000000000000000E+000                  2.0218067541207033E-001                  2.0218067541207033E-001                  3.2038729645090246E-006                  3.2038713365502145E-006                  1.6279588100888559E-012                 -1.0135710799022768E+001                 -9.8999999999999986E+001                 -7.6398771860404819E+000 
                                     791                  2.5469639341698018E+000                 -1.3143867281066426E-001                  6.8704681657796955E+000                  2.9270217829864664E-001                  1.5290652675800073E+001                  6.9999991615539348E-001                  2.8000008384286412E-001                  2.0000000001742402E-002                  3.9424676991022628E-001                  1.3113062844629875E+000                  0.0000000000000000E+000                  2.0288578599261142E-001                  2.0288578599261142E-001                  3.2238574315348009E-006                  3.2238554298149801E-006                  2.0017198208419650E-012                 -1.0152157036910181E+001                 -9.8999999999999986E+001                 -7.6538894822558481E+000 
                                     792                  2.5348746094038579E+000                 -1.3458782514110196E-001                  6.8736410314625722E+000                  3.0519306294247261E-001                  1.5306307644685683E+001                  6.9999990780463650E-001                  2.8000009219301403E-001                  2.0000000002349472E-002                  3.9422457185597964E-001                  1.3006202853603972E+000                  0.0000000000000000E+000                  2.0363482486518150E-001                  2.0363482486518150E-001                  3.2423245446621739E-006                  3.2423222377816940E-006                  2.3068804798547903E-012                 -1.0162621599043701E+001                 -9.8999999999999986E+001                 -7.6632790205025412E+000 
                                     793                  2.5286859050970545E+000                 -1.3618010349939971E-001                  6.8757638485312320E+000                  3.1349057632999044E-001                  1.5316722145670740E+001                  6.9999990415822688E-001                  2.8000009583915730E-001                  2.0000000002615814E-002                  3.9425687705400797E-001                  1.2934886600719213E+000                  0.0000000000000000E+000                  2.0384217849379632E-001                  2.0384217849379632E-001                  3.2546143168500793E-006                  3.2546120280580507E-006                  2.2887920287790032E-012                 -1.0171078301275255E+001                 -9.8999999999999986E+001                 -7.6702501177620572E+000 
                                     794                  2.5224972007902506E+000                 -1.3775945559156197E-001                  6.8778877806874545E+000                  3.2178615421503703E-001                  1.5327135693127943E+001                  6.9999990025556935E-001                  2.8000009974151424E-001                  2.0000000002916352E-002                  3.9432099365351547E-001                  1.2864188668629128E+000                  0.0000000000000000E+000                  2.0394510832528961E-001                  2.0394510832528961E-001                  3.2691152869703600E-006                  3.2691130533706832E-006                  2.2335996768099454E-012                 -1.0179810741949586E+001                 -9.8999999999999986E+001                 -7.6772824226304497E+000 
                                     795                  2.5161616826568998E+000                 -1.3936321934690932E-001                  6.8800140191892130E+000                  3.3007897734054992E-001                  1.5337548546892567E+001                  6.9999989560113285E-001                  2.8000010439553880E-001                  2.0000000003328355E-002                  3.9433655407340662E-001                  1.2794005393967818E+000                  0.0000000000000000E+000                  2.0420301303959953E-001                  2.0420301303959953E-001                  3.2809288245143118E-006                  3.2809264452696041E-006                  2.3792447078249575E-012                 -1.0188107700512756E+001                 -9.8999999999999986E+001                 -7.6842202819557093E+000 
                                     796                  2.5098261645235485E+000                 -1.4095410726714894E-001                  6.8832158546765063E+000                  3.4247169081323292E-001                  1.5353133355287294E+001                  6.9999988978632688E-001                  2.8000011020982662E-001                  2.0000000003846496E-002                  3.9427019035211619E-001                  1.2688575414890433E+000                  0.0000000000000000E+000                  2.0445923228040225E-001                  2.0445923228040225E-001                  3.2916119567728042E-006                  3.2916092321272243E-006                  2.7246455798325228E-012                 -1.0202019179574668E+001                 -9.8999999999999986E+001                 -7.6955573785463409E+000 
                                     797                  2.4968559222015299E+000                 -1.4417235722074348E-001                  6.8864127515723590E+000                  3.5493291219192785E-001                  1.5368781008350364E+001                  6.9999987882271442E-001                  2.8000012117210032E-001                  2.0000000005185203E-002                  3.9427287211276962E-001                  1.2586001576429122E+000                  0.0000000000000000E+000                  2.0527107711990233E-001                  2.0527107711990233E-001                  3.3075667801258620E-006                  3.3075637400251586E-006                  3.0401007031324990E-012                 -1.0212378129428650E+001                 -9.8999999999999986E+001                 -7.7050997377834918E+000 
                                     798                  2.4902183931976527E+000                 -1.4579974859693057E-001                  6.8885515757586635E+000                  3.6320908628948778E-001                  1.5379189692969179E+001                  6.9999987404224362E-001                  2.8000012595198454E-001                  2.0000000005771845E-002                  3.9429572646760802E-001                  1.2517586743162461E+000                  0.0000000000000000E+000                  2.0549400053699721E-001                  2.0549400053699721E-001                  3.3193930354330331E-006                  3.3193899786024083E-006                  3.0568306246246579E-012                 -1.0220829160812970E+001                 -9.8999999999999986E+001                 -7.7121650159517490E+000 
                                     799                  2.4835808641937756E+000                 -1.4741440060454131E-001                  6.8906914711482719E+000                  3.7148257385273936E-001                  1.5389596946653299E+001                  6.9999986894811028E-001                  2.8000013104545862E-001                  2.0000000006431096E-002                  3.9428742434636616E-001                  1.2449798902438824E+000                  0.0000000000000000E+000                  2.0560256469931340E-001                  2.0560256469931340E-001                  3.3328933683224421E-006                  3.3328903127600218E-006                  3.0555624202741909E-012                 -1.0229457518020787E+001                 -9.8999999999999986E+001                 -7.7191737495643409E+000 
                                     800                  2.4767881088231096E+000                 -1.4905395652565820E-001                  6.8928338199109005E+000                  3.7975280438744202E-001                  1.5400003070461787E+001                  6.9999986284308979E-001                  2.8000013714957234E-001                  2.0000000007337926E-002                  3.9429113267678606E-001                  1.2382526512344769E+000                  0.0000000000000000E+000                  2.0588328134999659E-001                  2.0588328134999659E-001                  3.3431196548239752E-006                  3.3431163696556855E-006                  3.2851682899088667E-012                 -1.0237644943666101E+001                 -9.8999999999999986E+001                 -7.7261171057119435E+000 
                                     801                  2.4699953534524428E+000                 -1.5068083717679076E-001                  6.8949790046334742E+000                  3.8801904841843432E-001                  1.5410407588622400E+001                  6.9999985648251206E-001                  2.8000014350912095E-001                  2.0000000008366992E-002                  3.9432952928778664E-001                  1.2315734485239322E+000                  0.0000000000000000E+000                  2.0616508490574045E-001                  2.0616508490574045E-001                  3.3534071402611415E-006                  3.3534035784743109E-006                  3.5617868306900863E-012                 -1.0245932088435321E+001                 -9.8999999999999986E+001                 -7.7331671029707376E+000 
                                     802                  2.4630445417298343E+000                 -1.5233278823681576E-001                  6.8971267003498857E+000                  3.9628117203848562E-001                  1.5420810815975415E+001                  6.9999984981175156E-001                  2.8000015017870389E-001                  2.0000000009544605E-002                  3.9438078877389787E-001                  1.2249447748638855E+000                  0.0000000000000000E+000                  2.0645458978638287E-001                  2.0645458978638287E-001                  3.3642446088843477E-006                  3.3642408213158032E-006                  3.7875685446657782E-012                 -1.0254320329596336E+001                 -9.8999999999999986E+001                 -7.7403522739958870E+000 
                                     803                  2.4560937300072259E+000                 -1.5397213958720576E-001                  6.8992772816522230E+000                  4.0453715769007992E-001                  1.5431212255091715E+001                  6.9999984284420302E-001                  2.8000015714491455E-001                  2.0000000010882424E-002                  3.9441362117988160E-001                  1.2183617904209747E+000                  0.0000000000000000E+000                  2.0674504225618531E-001                  2.0674504225618531E-001                  3.3750440080532130E-006                  3.3750399886807257E-006                  4.0193724871933635E-012                 -1.0262820289894760E+001                 -9.8999999999999986E+001                 -7.7476557362078484E+000 
                                     804                  2.4489820229413528E+000                 -1.5563674096145086E-001                  6.9014304284590793E+000                  4.1278769167261509E-001                  1.5441612235713862E+001                  6.9999983504272234E-001                  2.8000016494470781E-001                  2.0000000012569852E-002                  3.9442063412275241E-001                  1.2118278231591253E+000                  0.0000000000000000E+000                  2.0704320202945348E-001                  2.0704320202945348E-001                  3.3854705224269936E-006                  3.3854662931360848E-006                  4.2292909088574514E-012                 -1.0271137435495342E+001                 -9.8999999999999986E+001                 -7.7548110666598991E+000 
                                     805                  2.4418703158754793E+000                 -1.5728883511365593E-001                  6.9046726959619544E+000                  4.2511346387128840E-001                  1.5457175132898097E+001                  6.9999982423214790E-001                  2.8000017575281216E-001                  2.0000000015039987E-002                  3.9439492566682993E-001                  1.2020197841145770E+000                  0.0000000000000000E+000                  2.0733838536192215E-001                  2.0733838536192215E-001                  3.3948390532189108E-006                  3.3948346189842003E-006                  4.4342347106556167E-012                 -1.0284949383146198E+001                 -9.8999999999999986E+001                 -7.7662666842402217E+000 
                                     806                  2.4273194171056685E+000                 -1.6063163229034425E-001                  6.9079069521317074E+000                  4.3751096661113098E-001                  1.5472800996955362E+001                  6.9999981162059732E-001                  2.8000018836100693E-001                  2.0000000018395747E-002                  3.9440028330807009E-001                  1.1925125726219648E+000                  0.0000000000000000E+000                  2.0795560829311255E-001                  2.0795560829311255E-001                  3.4123941193934342E-006                  3.4123893838815439E-006                  4.7355118904724474E-012                 -1.0295671896131704E+001                 -9.8999999999999986E+001                 -7.7759617762306865E+000 
                                     807                  2.4198773734795367E+000                 -1.6232235496185163E-001                  6.9100713362518862E+000                  4.4574216422707685E-001                  1.5483193404264284E+001                  6.9999980289189911E-001                  2.8000019708712398E-001                  2.0000000020976905E-002                  3.9442593233146916E-001                  1.1861701930216411E+000                  0.0000000000000000E+000                  2.0827541252376758E-001                  2.0827541252376758E-001                  3.4216643488877151E-006                  3.4216592997749234E-006                  5.0491127917082427E-012                 -1.0303934865261498E+001                 -9.8999999999999986E+001                 -7.7831515480972415E+000 
                                     808                  2.4124353298534054E+000                 -1.6400075273723147E-001                  6.9122387677534034E+000                  4.5396748440855283E-001                  1.5493583443520608E+001                  6.9999979380587474E-001                  2.8000020617021998E-001                  2.0000000023905340E-002                  3.9444309259091376E-001                  1.1798729028073545E+000                  0.0000000000000000E+000                  2.0859395817474582E-001                  2.0859395817474582E-001                  3.4311696602332893E-006                  3.4311643341847242E-006                  5.3260485649533417E-012                 -1.0312195501247187E+001                 -9.8999999999999986E+001                 -7.7903471109290630E+000 
                                     809                  2.4048238368998245E+000                 -1.6570495460606269E-001                  6.9144089510508051E+000                  4.6218801219413069E-001                  1.5503971489148793E+001                  6.9999978424730280E-001                  2.8000021572543665E-001                  2.0000000027260545E-002                  3.9444623086096570E-001                  1.1736239643338795E+000                  0.0000000000000000E+000                  2.0892113184640318E-001                  2.0892113184640318E-001                  3.4403223908338315E-006                  3.4403167959692288E-006                  5.5948646028896001E-012                 -1.0320315957409283E+001                 -9.8999999999999986E+001                 -7.7974405207582400E+000 
                                     810                  2.3972123439462432E+000                 -1.6739693301075947E-001                  6.9165822378722206E+000                  4.7040341587327211E-001                  1.5514356962301772E+001                  6.9999977429374560E-001                  2.8000022567518962E-001                  2.0000000031064724E-002                  3.9445453704098560E-001                  1.1674206472536552E+000                  0.0000000000000000E+000                  2.0924957840437669E-001                  2.0924957840437669E-001                  3.4489536662490846E-006                  3.4489477877781894E-006                  5.8784708952059312E-012                 -1.0328411546564004E+001                 -9.8999999999999986E+001                 -7.8045174705407421E+000 
                                     811                  2.3894285464236522E+000                 -1.6911490445511182E-001                  6.9187583400421842E+000                  4.7861456804215441E-001                  1.5524740252138150E+001                  6.9999976385977425E-001                  2.8000023610481023E-001                  2.0000000035415466E-002                  3.9447693605981093E-001                  1.1612659067882858E+000                  0.0000000000000000E+000                  2.0958687538718365E-001                  2.0958687538718365E-001                  3.4577902438693159E-006                  3.4577840411509402E-006                  6.2027183757122016E-012                 -1.0336512786433808E+001                 -9.8999999999999986E+001                 -7.8116389943108588E+000 
                                     812                  2.3816447489010613E+000                 -1.7082075333632854E-001                  6.9209376003700767E+000                  4.8681982043481647E-001                  1.5535120758849539E+001                  6.9999975295050088E-001                  2.8000024700913911E-001                  2.0000000040359955E-002                  3.9449027619786492E-001                  1.1551557830609114E+000                  0.0000000000000000E+000                  2.0992525923343838E-001                  2.0992525923343838E-001                  3.4665622838475751E-006                  3.4665557097058141E-006                  6.5741417611320047E-012                 -1.0344731760061377E+001                 -9.8999999999999986E+001                 -7.8188862447393355E+000 
                                     813                  2.3736857939900280E+000                 -1.7255278793928527E-001                  6.9231197339147279E+000                  4.9501934831045907E-001                  1.5545498886367497E+001                  6.9999974084180994E-001                  2.8000025911166787E-001                  2.0000000046522137E-002                  3.9450537542263570E-001                  1.1490924956786679E+000                  0.0000000000000000E+000                  2.1027230489922291E-001                  2.1027230489922291E-001                  3.4750545814691731E-006                  3.4750476651864969E-006                  6.9162826762971864E-012                 -1.0352878719866510E+001                 -9.8999999999999986E+001                 -7.8261003547055781E+000 
                                     814                  2.3657268390789952E+000                 -1.7427281454186358E-001                  6.9264055464348866E+000                  5.0726623548912098E-001                  1.5561026113912689E+001                  6.9999972381208186E-001                  2.8000027613218814E-001                  2.0000000055729994E-002                  3.9454433950361806E-001                  1.1399960568110308E+000                  0.0000000000000000E+000                  2.1061306658334378E-001                  2.1061306658334378E-001                  3.4832113655008281E-006                  3.4832040785013140E-006                  7.2869995141724631E-012                 -1.0366630172529430E+001                 -9.8999999999999986E+001                 -7.8377455541624208E+000 
                                     815                  2.3494529181622421E+000                 -1.7775392845757140E-001                  6.9296848678178264E+000                  5.1958321949962660E-001                  1.5576616102911112E+001                  6.9999970414600332E-001                  2.8000029578592689E-001                  2.0000000068069790E-002                  3.9453659288076853E-001                  1.1311747838701438E+000                  0.0000000000000000E+000                  2.1133281015540684E-001                  2.1133281015540684E-001                  3.4977891944674383E-006                  3.4977813502758800E-006                  7.8441915584573773E-012                 -1.0377139600918582E+001                 -9.8999999999999986E+001                 -7.8476754415654897E+000 
                                     816                  2.3411351115260026E+000                 -1.7951504869216162E-001                  6.9318793956757077E+000                  5.2775799998739592E-001                  1.5586982659756549E+001                  6.9999968971872484E-001                  2.8000031020287397E-001                  2.0000000078401192E-002                  3.9453413468522436E-001                  1.1252925095206254E+000                  0.0000000000000000E+000                  2.1170263358328306E-001                  2.1170263358328306E-001                  3.5042682147351206E-006                  3.5042598434346734E-006                  8.3713004470550354E-012                 -1.0385260730829589E+001                 -9.8999999999999986E+001                 -7.8549616506819504E+000 
                                     817                  2.3328173048897622E+000                 -1.8126441189586776E-001                  6.9351838110264570E+000                  5.3996534465083612E-001                  1.5602491310606254E+001                  6.9999966931243152E-001                  2.8000033059360763E-001                  2.0000000093960857E-002                  3.9458342237793709E-001                  1.1164693121888261E+000                  0.0000000000000000E+000                  2.1206259890133056E-001                  2.1206259890133056E-001                  3.5108251552011091E-006                  3.5108163315208342E-006                  8.8236802748788172E-012                 -1.0398978304923814E+001                 -9.8999999999999986E+001                 -7.8666804248513715E+000 
                                     818                  2.3158143380959642E+000                 -1.8480532905111965E-001                  6.9384823830093270E+000                  5.5224259883619087E-001                  1.5618062567194221E+001                  6.9999964584391527E-001                  2.8000035404138096E-001                  2.0000000114703820E-002                  3.9458562770989403E-001                  1.1079132644791141E+000                  0.0000000000000000E+000                  2.1282643599605736E-001                  2.1282643599605736E-001                  3.5234246557948775E-006                  3.5234152431997388E-006                  9.4125951387430446E-012                 -1.0409297840113407E+001                 -9.8999999999999986E+001                 -7.8766149713331961E+000 
                                     819                  2.3071263603718046E+000                 -1.8659692191318605E-001                  6.9406897894709427E+000                  5.6039080806784236E-001                  1.5628415824789725E+001                  6.9999962955921358E-001                  2.8000037031009151E-001                  2.0000000130694917E-002                  3.9461119054492300E-001                  1.1022104723237154E+000                  0.0000000000000000E+000                  2.1321851878811232E-001                  2.1321851878811232E-001                  3.5297454719461169E-006                  3.5297354099622695E-006                  1.0061983847330095E-011                 -1.0417412279092051E+001                 -9.8999999999999986E+001                 -7.8839995672244267E+000 
                                     820                  2.2984383826476451E+000                 -1.8837703960089944E-001                  6.9429006350863460E+000                  5.6853086326037194E-001                  1.5638765181407537E+001                  6.9999961256372645E-001                  2.8000038728742194E-001                  2.0000000148851615E-002                  3.9467267709048337E-001                  1.0965503826524714E+000                  0.0000000000000000E+000                  2.1360962823971763E-001                  2.1360962823971763E-001                  3.5363571982964108E-006                  3.5363465091323069E-006                  1.0689164103867119E-011                 -1.0425538376303747E+001                 -9.8999999999999986E+001                 -7.8914055218100225E+000 
                                     821                  2.2895611089201613E+000                 -1.9018442488942550E-001                  6.9451146797920922E+000                  5.7666421398073475E-001                  1.5649111119195929E+001                  6.9999959381210586E-001                  2.8000040601664616E-001                  2.0000000171247923E-002                  3.9470498792393738E-001                  1.0909361627545182E+000                  0.0000000000000000E+000                  2.1401101202485032E-001                  2.1401101202485032E-001                  3.5425108303976816E-006                  3.5424995902323148E-006                  1.1240165366978317E-011                 -1.0433457110549222E+001                 -9.8999999999999986E+001                 -7.8986490088471397E+000 
                                     822                  2.2806838351926779E+000                 -1.9198049219090257E-001                  6.9484484072330321E+000                  5.8880963995645486E-001                  1.5664586965516158E+001                  6.9999956707019917E-001                  2.8000043272443381E-001                  2.0000000205367074E-002                  3.9465457846011653E-001                  1.0825219627954732E+000                  0.0000000000000000E+000                  2.1440296407810028E-001                  2.1440296407810028E-001                  3.5475036173789128E-006                  3.5474918123529301E-006                  1.1805025982522771E-011                 -1.0446954917557928E+001                 -9.8999999999999986E+001                 -7.9103239905331533E+000 
                                     823                  2.2625451343270417E+000                 -1.9561665619788485E-001                  6.9517773532168112E+000                  6.0102209674367812E-001                  1.5680125128720952E+001                  6.9999953647926583E-001                  2.8000046327022049E-001                  2.0000000250513628E-002                  3.9464685138163813E-001                  1.0743619300602532E+000                  0.0000000000000000E+000                  2.1523905409073513E-001                  2.1523905409073513E-001                  3.5557357815721358E-006                  3.5557233635142196E-006                  1.2418057916302196E-011                 -1.0457299039730453E+001                 -9.8999999999999986E+001                 -7.9205959666076629E+000 
                                     824                  2.2532809509177105E+000                 -1.9745681349054051E-001                  6.9540050822919062E+000                  6.0912484562988822E-001                  1.5690455076717564E+001                  6.9999951523823722E-001                  2.8000048447641762E-001                  2.0000000285345099E-002                  3.9463999217558565E-001                  1.0689276193511557E+000                  0.0000000000000000E+000                  2.1566703131660012E-001                  2.1566703131660012E-001                  3.5596823266039227E-006                  3.5596694075758749E-006                  1.2919028047832239E-011                 -1.0465222754526803E+001                 -9.8999999999999986E+001                 -7.9279582509780040E+000 
                                     825                  2.2440167675083793E+000                 -1.9928599262061936E-001                  6.9573595425642258E+000                  6.2122211992487153E-001                  1.5705905655909538E+001                  6.9999948862007022E-001                  2.8000051105050322E-001                  2.0000000329426504E-002                  3.9461691407054522E-001                  1.0607944330060786E+000                  0.0000000000000000E+000                  2.1609342360112119E-001                  2.1609342360112119E-001                  3.5629792658323599E-006                  3.5629653156317164E-006                  1.3950200643631972E-011                 -1.0478625499273026E+001                 -9.8999999999999986E+001                 -7.9396896280503872E+000 
                                     826                  2.2250932776269927E+000                 -2.0298975838257327E-001                  6.9607174673597543E+000                  6.3337942126509805E-001                  1.5721418327696474E+001                  6.9999944567564176E-001                  2.8000055390308126E-001                  2.0000000421277031E-002                  3.9466087135066497E-001                  1.0528793545665232E+000                  0.0000000000000000E+000                  2.1746543004255811E-001                  2.1746543004255811E-001                  3.5596221227876434E-006                  3.5596065180770312E-006                  1.5604710612005569E-011                 -1.0487766085259871E+001                 -9.8999999999999986E+001                 -7.9499634826274423E+000 
                                     827                  2.2154312741825524E+000                 -2.0486444489891015E-001                  6.9629645113254952E+000                  6.4144518727932165E-001                  1.5731730434400982E+001                  6.9999942093704359E-001                  2.8000057858521299E-001                  2.0000000477743418E-002                  3.9467674332925784E-001                  1.0476248068072993E+000                  0.0000000000000000E+000                  2.1791323440983743E-001                  2.1791323440983743E-001                  3.5630769607505361E-006                  3.5630601545844052E-006                  1.6806166130980313E-011                 -1.0495709614995173E+001                 -9.8999999999999986E+001                 -7.9574747465331974E+000 
                                     828                  2.2057692707381125E+000                 -2.0672855309493854E-001                  6.9646479340086955E+000                  6.4748833931774852E-001                  1.5739456916589997E+001                  6.9999940066123223E-001                  2.8000059881040240E-001                  2.0000000528365369E-002                  3.9466153563609685E-001                  1.0437459179996535E+000                  0.0000000000000000E+000                  2.1837338157216762E-001                  2.1837338157216762E-001                  3.5653656195150508E-006                  3.5653480414871245E-006                  1.7578027926430593E-011                 -1.0500698823120347E+001                 -9.8999999999999986E+001                 -7.9626158328864980E+000 
                                     829                  2.2008368091567450E+000                 -2.0767619517567187E-001                  6.9657801206359551E+000                  6.5153512123366086E-001                  1.5744636037076964E+001                  6.9999938584420485E-001                  2.8000061358738670E-001                  2.0000000568408449E-002                  3.9465396920693668E-001                  1.0411493827046481E+000                  0.0000000000000000E+000                  2.1860843102981539E-001                  2.1860843102981539E-001                  3.5661091765205101E-006                  3.5660909946772670E-006                  1.8181843242942228E-011                 -1.0504629686155521E+001                 -9.8999999999999986E+001                 -7.9663632911163997E+000 
                                     830                  2.1959043475753770E+000                 -2.0862120546810178E-001                  6.9674698820435204E+000                  6.5754865873017321E-001                  1.5752339895311284E+001                  6.9999936489847836E-001                  2.8000063447426632E-001                  2.0000000627255377E-002                  3.9466835781584148E-001                  1.0372933165081515E+000                  0.0000000000000000E+000                  2.1883854481285417E-001                  2.1883854481285417E-001                  3.5670451130252115E-006                  3.5670266241281916E-006                  1.8488897019980579E-011                 -1.0511414451804558E+001                 -9.8999999999999986E+001                 -7.9724250309378588E+000 
                                     831                  2.1860394244126415E+000                 -2.1050351782155455E-001                  6.9708645284414068E+000                  6.6955960101390521E-001                  1.5767747330635439E+001                  6.9999932302993717E-001                  2.8000067621703895E-001                  2.0000000753023883E-002                  3.9476284365733366E-001                  1.0296425201918815E+000                  0.0000000000000000E+000                  2.1930228373139102E-001                  2.1930228373139102E-001                  3.5694776739641273E-006                  3.5694585599889152E-006                  1.9113975212195376E-011                 -1.0525021973897164E+001                 -9.8999999999999986E+001                 -7.9845984679837443E+000 
                                     832                  2.1658984968789916E+000                 -2.1431592340098429E-001                  6.9742571385053314E+000                  6.8163532030371776E-001                  1.5783216529245278E+001                  6.9999927553907415E-001                  2.8000072354334249E-001                  2.0000000917583360E-002                  3.9481105262829919E-001                  1.0222766111372599E+000                  0.0000000000000000E+000                  2.2032328275033522E-001                  2.2032328275033522E-001                  3.5723575355098326E-006                  3.5723370375794875E-006                  2.0497930345161830E-011                 -1.0534808867768557E+001                 -9.8999999999999986E+001                 -7.9950217614274086E+000 
                                     833                  2.1556199172398540E+000                 -2.1624611420879741E-001                  6.9765278218680873E+000                  6.8964568031972895E-001                  1.5793498370379249E+001                  6.9999924104649591E-001                  2.8000075790031081E-001                  2.0000001053193328E-002                  3.9479850385203952E-001                  1.0174069988862868E+000                  0.0000000000000000E+000                  2.2085385471843311E-001                  2.2085385471843311E-001                  3.5725031948674736E-006                  3.5724813117666870E-006                  2.1883100786664869E-011                 -1.0542564233700700E+001                 -9.8999999999999986E+001                 -8.0026236265359092E+000 
                                     834                  2.1453413376007160E+000                 -2.1816639894246720E-001                  6.9799473037335886E+000                  7.0159878943402620E-001                  1.5808873530405192E+001                  6.9999919098491581E-001                  2.8000080775013758E-001                  2.0000001264946610E-002                  3.9484215499844583E-001                  1.0101706795949139E+000                  0.0000000000000000E+000                  2.2137578316502682E-001                  2.2137578316502682E-001                  3.5727489747862254E-006                  3.5727258759339284E-006                  2.3098852297003228E-011                 -1.0556097175319360E+001                 -9.8999999999999986E+001                 -8.0149551817638063E+000 
                                     835                  2.1243628993135331E+000                 -2.2205647623140273E-001                  6.9833666684023958E+000                  7.1361511577002545E-001                  1.5824310222825670E+001                  6.9999913438021366E-001                  2.8000086407887936E-001                  2.0000001540906975E-002                  3.9491130734656615E-001                  1.0032269582952904E+000                  0.0000000000000000E+000                  2.2252384172808312E-001                  2.2252384172808312E-001                  3.5713543484235785E-006                  3.5713294032255175E-006                  2.4945198060887462E-011                 -1.0565646207178204E+001                 -9.8999999999999986E+001                 -8.0255146609897992E+000 
                                     836                  2.1136605740676901E+000                 -2.2402638717316156E-001                  6.9856556214297525E+000                  7.2158539630121110E-001                  1.5834569522168975E+001                  6.9999909499757518E-001                  2.8000090324814747E-001                  2.0000001754277408E-002                  3.9491425439734934E-001                  9.9865071047334419E-001                  0.0000000000000000E+000                  2.2311993199948701E-001                  2.2311993199948701E-001                  3.5692007190759270E-006                  3.5691732305938308E-006                  2.7488482096193424E-011                 -1.0573232416229104E+001                 -9.8999999999999986E+001                 -8.0331618252248838E+000 
                                     837                  2.1029582488218477E+000                 -2.2598691041445440E-001                  6.9873715217976873E+000                  7.2755621234481449E-001                  1.5842256455814912E+001                  6.9999905800807638E-001                  2.8000094000883619E-001                  2.0000001983087490E-002                  3.9489481239947166E-001                  9.9528917041218190E-001                  0.0000000000000000E+000                  2.2372607795611366E-001                  2.2372607795611366E-001                  3.5656888829434792E-006                  3.5656597397067607E-006                  2.9143236718445055E-011                 -1.0578027737208355E+001                 -9.8999999999999986E+001                 -8.0385492705598196E+000 
                                     838                  2.0974993310086809E+000                 -2.2698338804183218E-001                  6.9885251425625272E+000                  7.3155276663126967E-001                  1.5847407038676447E+001                  6.9999903671953601E-001                  2.8000096116275441E-001                  2.0000002117709581E-002                  3.9488329089791491E-001                  9.9304941642491540E-001                  0.0000000000000000E+000                  2.2398117630960798E-001                  2.2398117630960798E-001                  3.5647956691717889E-006                  3.5647671146815825E-006                  2.8554490206290772E-011                 -1.0581969057395913E+001                 -9.8999999999999986E+001                 -8.0424510907419506E+000 
                                     839                  2.0920404131955141E+000                 -2.2797754958842373E-001                  6.9902469624626073E+000                  7.3749279042208682E-001                  1.5855069755639175E+001                  6.9999900911786150E-001                  2.8000098859213518E-001                  2.0000002290003316E-002                  3.9487829304093769E-001                  9.8973876433339703E-001                  0.0000000000000000E+000                  2.2419386959670567E-001                  2.2419386959670567E-001                  3.5647986113304202E-006                  3.5647707630680079E-006                  2.7848262412214128E-011                 -1.0588790581154530E+001                 -9.8999999999999986E+001                 -8.0486744773342096E+000 
                                     840                  2.0811225775691806E+000                 -2.2995911303920039E-001                  6.9937073335764373E+000                  7.4935181151038732E-001                  1.5870391093734433E+001                  6.9999894368213844E-001                  2.8000105356528338E-001                  2.0000002752578183E-002                  3.9488565270373527E-001                  9.8321535544748795E-001                  0.0000000000000000E+000                  2.2481885396257437E-001                  2.2481885396257437E-001                  3.5604343896016132E-006                  3.5604049543773085E-006                  2.9435224304490101E-011                 -1.0602020203102752E+001                 -9.8999999999999986E+001                 -8.0611117439844371E+000 
                                     841                  2.0588512125164820E+000                 -2.3397465691605188E-001                  6.9971709806439533E+000                  7.6126903425499415E-001                  1.5885773611761847E+001                  6.9999886999328198E-001                  2.8000112665449928E-001                  2.0000003352218743E-002                  3.9487286844023139E-001                  9.7699221099804356E-001                  0.0000000000000000E+000                  2.2619173091474568E-001                  2.2619173091474568E-001                  3.5477081966244945E-006                  3.5476758523037807E-006                  3.2344320713945177E-011                 -1.0611344230986887E+001                 -9.8999999999999986E+001                 -8.0720702379058284E+000 
                                     842                  2.0474954198637110E+000                 -2.3600880543703295E-001                  6.9994902313951330E+000                  7.6916989696929550E-001                  1.5895995468315601E+001                  6.9999881867897606E-001                  2.8000117750462794E-001                  2.0000003816395995E-002                  3.9485915268617289E-001                  9.7291141381005131E-001                  0.0000000000000000E+000                  2.2690127702286775E-001                  2.2690127702286775E-001                  3.5402315097077704E-006                  3.5401968091377129E-006                  3.4700570057594570E-011                 -1.0618843191081389E+001                 -9.8999999999999986E+001                 -8.0799888010900780E+000 
                                     843                  2.0361396272109396E+000                 -2.3803448886015116E-001                  7.0018154513553172E+000                  7.7705691673368948E-001                  1.5906210244461040E+001                  6.9999876513003967E-001                  2.8000123052609771E-001                  2.0000004343862621E-002                  3.9484487512921418E-001                  9.6891575704297261E-001                  0.0000000000000000E+000                  2.2762289154407614E-001                  2.2762289154407614E-001                  3.5321796482274717E-006                  3.5321431287255873E-006                  3.6519501884450155E-011                 -1.0626386303930175E+001                 -9.8999999999999986E+001                 -8.0879926691520847E+000 
                                     844                  2.0245615431899386E+000                 -2.4009145747325961E-001                  7.0041466709850431E+000                  7.8493081999194425E-001                  1.5916418647255778E+001                  6.9999870907002681E-001                  2.8000128598444263E-001                  2.0000004945530558E-002                  3.9483438883532024E-001                  9.6500390209154441E-001                  0.0000000000000000E+000                  2.2837278413362949E-001                  2.2837278413362949E-001                  3.5232653177488471E-006                  3.5232270403702676E-006                  3.8277378579586089E-011                 -1.0633825537767349E+001                 -9.8999999999999986E+001                 -8.0959811015642735E+000 
                                     845                  2.0129834591689373E+000                 -2.4214031865897132E-001                  7.0064841971496010E+000                  7.9279083723481170E-001                  1.5926619719229100E+001                  6.9999865055813748E-001                  2.8000134381250125E-001                  2.0000005629361217E-002                  3.9483142040026548E-001                  9.6117018417382116E-001                  0.0000000000000000E+000                  2.2913522251330573E-001                  2.2913522251330573E-001                  3.5137359205914786E-006                  3.5136958036165380E-006                  4.0116974940630312E-011                 -1.0641235512233132E+001                 -9.8999999999999986E+001                 -8.1039813157564531E+000 
                                     846                  2.0011809911213301E+000                 -2.4422089037685005E-001                  7.0088280562035870E+000                  8.0063794251983711E-001                  1.5936814187335928E+001                  6.9999858932442760E-001                  2.8000140426633974E-001                  2.0000006409232718E-002                  3.9483649750486705E-001                  9.5741165498222880E-001                  0.0000000000000000E+000                  2.2992479484772388E-001                  2.2992479484772388E-001                  3.5035341289676345E-006                  3.5034920826689251E-006                  4.2046298709589006E-011                 -1.0648591415245333E+001                 -9.8999999999999986E+001                 -8.1120140842292301E+000 
                                     847                  1.9893785230737226E+000                 -2.4629373013616629E-001                  7.0111729377777072E+000                  8.0845224977968311E-001                  1.5946977062114408E+001                  6.9999852550008523E-001                  2.8000146720556396E-001                  2.0000007294350808E-002                  3.9484502593779780E-001                  9.5373114956141203E-001                  0.0000000000000000E+000                  2.3072530354262705E-001                  2.3072530354262705E-001                  3.4929349765089083E-006                  3.4928909113662187E-006                  4.4065142689604905E-011                 -1.0655987375079356E+001                 -9.8999999999999986E+001                 -8.1201297380335635E+000 
                                     848                  1.9774065111331596E+000                 -2.4838879516791587E-001                  7.0135300813976222E+000                  8.1627085402872646E-001                  1.5957157042827321E+001                  6.9999845861896715E-001                  2.8000153307621506E-001                  2.0000008304817740E-002                  3.9485495602298137E-001                  9.5010721277269550E-001                  0.0000000000000000E+000                  2.3154714296130446E-001                  2.3154714296130446E-001                  3.4817731847861927E-006                  3.4817270063957397E-006                  4.6178390452853568E-011                 -1.0663398724273666E+001                 -9.8999999999999986E+001                 -8.1283286308295679E+000 
                                     849                  1.9653208248160083E+000                 -2.5049638951093744E-001                  7.0158940530208023E+000                  8.2407470559418494E-001                  1.5967329638514835E+001                  6.9999838869768716E-001                  2.8000160184666201E-001                  2.0000009455650836E-002                  3.9485915953823453E-001                  9.4654425233395156E-001                  0.0000000000000000E+000                  2.3238650743615366E-001                  2.3238650743615366E-001                  3.4699285943494902E-006                  3.4698801995322356E-006                  4.8394817254618428E-011                 -1.0670755742043447E+001                 -9.8999999999999986E+001                 -8.1365339845988256E+000 
                                     850                  1.9531209969922354E+000                 -2.5261673887923125E-001                  7.0182649808454531E+000                  8.3186391849057306E-001                  1.5977494731639503E+001                  6.9999831558918890E-001                  2.8000167364432915E-001                  2.0000010766481946E-002                  3.9485834075839554E-001                  9.4303835712300776E-001                  0.0000000000000000E+000                  2.3324240058090917E-001                  2.3324240058090917E-001                  3.4572364409882598E-006                  3.4571857209189964E-006                  5.0720069263192807E-011                 -1.0678033802748381E+001                 -9.8999999999999986E+001                 -8.1447197338286195E+000 
                                     851                  1.9408065743194707E+000                 -2.5475007381510767E-001                  7.0206429928365504E+000                  8.3963852749771106E-001                  1.5987652205305876E+001                  6.9999823914347992E-001                  2.8000174859686300E-001                  2.0000012259657085E-002                  3.9486272772049857E-001                  9.3958558114848956E-001                  0.0000000000000000E+000                  2.3411485099630780E-001                  2.3411485099630780E-001                  3.4437498780022714E-006                  3.4436967205018358E-006                  5.3157500435371586E-011                 -1.0685269233332457E+001                 -9.8999999999999986E+001                 -8.1529225692969778E+000 
                                     852                  1.9283771178331301E+000                 -2.5689663023031767E-001                  7.0230282084592108E+000                  8.4739833737548786E-001                  1.5997801943047310E+001                  6.9999815920278829E-001                  2.8000182683654901E-001                  2.0000013960662644E-002                  3.9489132066010330E-001                  9.3618185519187036E-001                  0.0000000000000000E+000                  2.3500307876863868E-001                  2.3500307876863868E-001                  3.4298483578034600E-006                  3.4297926455423447E-006                  5.5712261115540440E-011                 -1.0692510032480568E+001                 -9.8999999999999986E+001                 -8.1611893180856931E+000 
                                     853                  1.9158322037322733E+000                 -2.5905665069581274E-001                  7.0254207378784299E+000                  8.5514297723862731E-001                  1.6007943828543674E+001                  6.9999807559715610E-001                  2.8000190850425100E-001                  2.0000015898592904E-002                  3.9493651887097664E-001                  9.3282303076403883E-001                  0.0000000000000000E+000                  2.3590623024281740E-001                  2.3590623024281740E-001                  3.4157866628987389E-006                  3.4157282722016428E-006                  5.8390697096219988E-011                 -1.0699774800107317E+001                 -9.8999999999999986E+001                 -8.1695372671470743E+000 
                                     854                  1.9031714244522242E+000                 -2.6123038547179417E-001                  7.0278206856846124E+000                  8.6287187455514125E-001                  1.6018077745621198E+001                  6.9999798815046310E-001                  2.8000199374291163E-001                  2.0000018106625328E-002                  3.9494652596924762E-001                  9.2950484277405998E-001                  0.0000000000000000E+000                  2.3682381768670330E-001                  2.3682381768670330E-001                  3.4009762896260226E-006                  3.4009155875834103E-006                  6.0702042612480518E-011                 -1.0707014345929410E+001                 -9.8999999999999986E+001                 -8.1779165684828907E+000 
                                     855                  1.8903943890114803E+000                 -2.6341809384979126E-001                  7.0302281488465050E+000                  8.7058472009333243E-001                  1.6028203578434255E+001                  6.9999789667419310E-001                  2.8000208270316129E-001                  2.0000020622645609E-002                  3.9493214409874583E-001                  9.2622327559482276E-001                  0.0000000000000000E+000                  2.3775514639767240E-001                  2.3775514639767240E-001                  3.3848524497434465E-006                  3.3847896900630822E-006                  6.2759680364298776E-011                 -1.0714169380754695E+001                 -9.8999999999999986E+001                 -8.1862669697091235E+000 
                                     856                  1.8775007239176147E+000                 -2.6562004308793219E-001                  7.0332516836787260E+000                  8.8019304092638784E-001                  1.6040842320466886E+001                  6.9999779133189832E-001                  2.8000218500907031E-001                  2.0000023659031418E-002                  3.9494734771376089E-001                  9.2214610414677312E-001                  0.0000000000000000E+000                  2.3869908346770952E-001                  2.3869908346770952E-001                  3.3678992091469521E-006                  3.3678324271391402E-006                  6.6782007811829617E-011                 -1.0724044014203429E+001                 -9.8999999999999986E+001                 -8.1970021291863429E+000 
                                     857                  1.8579407722978638E+000                 -2.6895034308276461E-001                  7.0362851387213619E+000                  8.8979328988794215E-001                  1.6053482173579081E+001                  6.9999764884641713E-001                  2.8000232256820018E-001                  2.0000028585382745E-002                  3.9498065790695169E-001                  9.1813438062699249E-001                  0.0000000000000000E+000                  2.4052349433143624E-001                  2.4052349433143624E-001                  3.3330814944014071E-006                  3.3330087904635202E-006                  7.2703937886898125E-011                 -1.0731083916278555E+001                 -9.8999999999999986E+001                 -8.2071106456130440E+000 
                                     858                  1.8447540173561652E+000                 -2.7118912680884055E-001                  7.0387233793903281E+000                  8.9744641252988355E-001                  1.6063578810535692E+001                  6.9999754161721361E-001                  2.8000242581692397E-001                  2.0000032565862469E-002                  3.9496621928469933E-001                  9.1493512870286553E-001                  0.0000000000000000E+000                  2.4149115231233773E-001                  2.4149115231233773E-001                  3.3142782803136311E-006                  3.3142012136978743E-006                  7.7066615756733571E-011                 -1.0738146441078033E+001                 -9.8999999999999986E+001                 -8.2155549893749189E+000 
                                     859                  1.8314494702188069E+000                 -2.7344316020460779E-001                  7.0411694424349749E+000                  9.0508200388672366E-001                  1.6073666849924127E+001                  6.9999742936820863E-001                  2.8000253352837134E-001                  2.0000037103420021E-002                  3.9492903614540509E-001                  9.1175514542817659E-001                  0.0000000000000000E+000                  2.4247243584882625E-001                  2.4247243584882625E-001                  3.2941515535119968E-006                  3.2940717459099885E-006                  7.9807602008213056E-011                 -1.0745187907372305E+001                 -9.8999999999999986E+001                 -8.2240358449865880E+000 
                                     860                  1.8180268430948199E+000                 -2.7571275099069009E-001                  7.0436234264389572E+000                  9.1270020270798224E-001                  1.6083746179965082E+001                  6.9999731184254077E-001                  2.8000264588097551E-001                  2.0000042276483665E-002                  3.9491320009898384E-001                  9.0859071251591017E-001                  0.0000000000000000E+000                  2.4346787498796368E-001                  2.4346787498796368E-001                  3.2733748846979867E-006                  3.2732917397414019E-006                  8.3144956584789423E-011                 -1.0752125795731118E+001                 -9.8999999999999986E+001                 -8.2324705381428807E+000 
                                     861                  1.8044858689338785E+000                 -2.7799821435084365E-001                  7.0460854208037196E+000                  9.2030160053656973E-001                  1.6093816689730151E+001                  6.9999718876117778E-001                  2.8000276306412170E-001                  2.0000048174700469E-002                  3.9490650261646937E-001                  9.0543846701711850E-001                  0.0000000000000000E+000                  2.4447660716820693E-001                  2.4447660716820693E-001                  3.2522932317949653E-006                  3.2522060449613251E-006                  8.7186833639993904E-011                 -1.0758969769866686E+001                 -9.8999999999999986E+001                 -8.2408675100105793E+000 
                                     862                  1.7908263021784743E+000                 -2.8029987077982821E-001                  7.0485555129255486E+000                  9.2788628786723915E-001                  1.6103878268696871E+001                  6.9999705983226324E-001                  2.8000288526739731E-001                  2.0000054900339403E-002                  3.9489111355552053E-001                  9.0229465355957517E-001                  0.0000000000000000E+000                  2.4549849155317074E-001                  2.4549849155317074E-001                  3.2306131883357105E-006                  3.2305217494461075E-006                  9.1438889603027547E-011                 -1.0765775103637230E+001                 -9.8999999999999986E+001                 -8.2492819115002156E+000 
                                     863                  1.7770479197004851E+000                 -2.8261804892126197E-001                  7.0510337792950430E+000                  9.3545369511505949E-001                  1.6113930806450600E+001                  6.9999692474533259E-001                  2.8000301268453209E-001                  2.0000062570135313E-002                  3.9489287376039212E-001                  8.9915510890435724E-001                  0.0000000000000000E+000                  2.4653250941917809E-001                  2.4653250941917809E-001                  3.2085104704755484E-006                  3.2084145586018298E-006                  9.5911873718706483E-011                 -1.0772628955576756E+001                 -9.8999999999999986E+001                 -8.2577992045983954E+000 
                                     864                  1.7631505218651251E+000                 -2.8495308939765163E-001                  7.0535202934755743E+000                  9.4300317009146040E-001                  1.6123974192895641E+001                  6.9999678316508285E-001                  2.8000314551738870E-001                  2.0000071317528456E-002                  3.9492677818626198E-001                  8.9601787379009190E-001                  0.0000000000000000E+000                  2.4757842831204865E-001                  2.4757842831204865E-001                  3.1864713676996152E-006                  3.1863707454226108E-006                  1.0062227700446197E-010                 -1.0779510011249650E+001                 -9.8999999999999986E+001                 -8.2663983952606852E+000 
                                     865                  1.7491339330167988E+000                 -2.8730534579332062E-001                  7.0560151318532354E+000                  9.5053469640143262E-001                  1.6134008318674361E+001                  6.9999663473042351E-001                  2.8000328397453350E-001                  2.0000081295042937E-002                  3.9494596085615047E-001                  8.9288426702712576E-001                  0.0000000000000000E+000                  2.4863657825754071E-001                  2.4863657825754071E-001                  3.1640911555985420E-006                  3.1639855652567562E-006                  1.0559034178572197E-010                 -1.0786272821263514E+001                 -9.8999999999999986E+001                 -8.2749356156952967E+000 
                                     866                  1.7349980021291687E+000                 -2.8967518171091189E-001                  7.0585183721987441E+000                  9.5804880468389841E-001                  1.6144033074796447E+001                  6.9999647905694762E-001                  2.8000342826620617E-001                  2.0000092676846215E-002                  3.9491530124666385E-001                  8.8975618214299168E-001                  0.0000000000000000E+000                  2.4970715685632405E-001                  2.4970715685632405E-001                  3.1403108191763228E-006                  3.1401999869545889E-006                  1.1083222173393749E-010                 -1.0792867254907895E+001                 -9.8999999999999986E+001                 -8.2833614353822576E+000 
                                     867                  1.7207426046677714E+000                 -2.9206296795566566E-001                  7.0610300974556530E+000                  9.6554542063817905E-001                  1.6154048351941363E+001                  6.9999631573291676E-001                  2.8000357860521868E-001                  2.0000105661864609E-002                  3.9487572935237669E-001                  8.8663505623158057E-001                  0.0000000000000000E+000                  2.5079075873317935E-001                  2.5079075873317935E-001                  3.1150896383957600E-006                  3.1149732766182009E-006                  1.1636177755903536E-010                 -1.0799439014292368E+001                 -9.8999999999999986E+001                 -8.2918227004375442E+000 
                                     868                  1.7063676434600223E+000                 -2.9446908617534995E-001                  7.0635503956761028E+000                  9.7302369577822634E-001                  1.6164054040523379E+001                  6.9999614431267476E-001                  2.8000373520960664E-001                  2.0000120477718597E-002                  3.9488913324586705E-001                  8.8352176292213680E-001                  0.0000000000000000E+000                  2.5188797367433374E-001                  2.5188797367433374E-001                  3.0895647178380102E-006                  3.0894425210056222E-006                  1.2219683238804439E-010                 -1.0806115008010634E+001                 -9.8999999999999986E+001                 -8.3004474303928415E+000 
                                     869                  1.6918730493290564E+000                 -2.9689393369708644E-001                  7.0660793629523528E+000                  9.8048272250843449E-001                  1.6174050031053728E+001                  6.9999596431509237E-001                  2.8000389830057071E-001                  2.0000137384336925E-002                  3.9491161873905983E-001                  8.8041713377198205E-001                  0.0000000000000000E+000                  2.5299967887621194E-001                  2.5299967887621194E-001                  3.0639273197616890E-006                  3.0637989593006378E-006                  1.2836046105120815E-010                 -1.0812783435974829E+001                 -9.8999999999999986E+001                 -8.3091255656365846E+000 
                                     870                  1.6772587822884399E+000                 -2.9933792448553243E-001                  7.0686171019559128E+000                  9.8792263176576123E-001                  1.6184036214292401E+001                  6.9999577522261347E-001                  2.8000406809833484E-001                  2.0000156679051750E-002                  3.9489789354414084E-001                  8.7732275223162914E-001                  0.0000000000000000E+000                  2.5412660569647100E-001                  2.5412660569647100E-001                  3.0372474493492118E-006                  3.0371125657525327E-006                  1.3488359667895131E-010                 -1.0819289109684508E+001                 -9.8999999999999986E+001                 -8.3177036094640897E+000 
                                     871                  1.6625248329548754E+000                 -3.0180148384493954E-001                  7.0711637186407224E+000                  9.9534381948018491E-001                  1.6194012481197902E+001                  6.9999557647022459E-001                  2.8000424482790753E-001                  2.0000178701867877E-002                  3.9484687576559002E-001                  8.7424040015967830E-001                  0.0000000000000000E+000                  2.5526915997087202E-001                  2.5526915997087202E-001                  3.0091160921708978E-006                  3.0089742917632571E-006                  1.4180040764068548E-010                 -1.0825676412920862E+001                 -9.8999999999999986E+001                 -8.3262269463502694E+000 
                                     872                  1.6476712228432706E+000                 -3.0428504746941187E-001                  7.0737193229338100E+000                  1.0027460542226878E+000                  1.6203978722720805E+001                  6.9999536744993673E-001                  2.8000442870874709E-001                  2.0000203841316178E-002                  3.9479527100267614E-001                  8.7117142406181758E-001                  0.0000000000000000E+000                  2.5642782478106030E-001                  2.5642782478106030E-001                  2.9799616167438495E-006                  2.9798124743712333E-006                  1.4914237261607783E-010                 -1.0832064533429312E+001                 -9.8999999999999986E+001                 -8.3348157400830196E+000 
                                     873                  1.6326980058803862E+000                 -3.0678906541714346E-001                  7.0762840241640408E+000                  1.0101286740782884E+000                  1.6213934829457212E+001                  6.9999514749734693E-001                  2.8000461996044335E-001                  2.0000232542209728E-002                  3.9479253854469398E-001                  8.6811690384716023E-001                  0.0000000000000000E+000                  2.5760263603934275E-001                  2.5760263603934275E-001                  2.9506839495483751E-006                  2.9505280251874796E-006                  1.5592436089544292E-010                 -1.0838500736227536E+001                 -9.8999999999999986E+001                 -8.3435175109805897E+000 
                                     874                  1.6176052701461932E+000                 -3.0931400513210139E-001                  7.0788579447304620E+000                  1.0174913624797814E+000                  1.6223880692017541E+001                  6.9999491588948204E-001                  2.8000481879742456E-001                  2.0000265313093402E-002                  3.9482527719785188E-001                  8.6507816340898880E-001                  0.0000000000000000E+000                  2.5879499561339286E-001                  2.5879499561339286E-001                  2.9215653386927323E-006                  2.9214031849244753E-006                  1.6215376825705163E-010                 -1.0844923139568698E+001                 -9.8999999999999986E+001                 -8.3522730770635718E+000 
                                     875                  1.6023931380089544E+000                 -3.1186035033656806E-001                  7.0814412124846546E+000                  1.0248339076132249E+000                  1.6233816201341327E+001                  6.9999469461177111E-001                  2.8000500728357430E-001                  2.0000298104654535E-002                  3.9484342430698993E-001                  8.6205656554071663E-001                  0.0000000000000000E+000                  2.6000553741231797E-001                  2.6000553741231797E-001                  2.8919438255564755E-006                  2.8917719245519383E-006                  1.7190100453726485E-010                 -1.0851293293542252E+001                 -9.8999999999999986E+001                 -8.3610453483625307E+000 
                                     876                  1.5870617675471015E+000                 -3.1442860106979598E-001                  7.0840362360824862E+000                  1.0321536929503055E+000                  1.6243741248618143E+001                  6.9999441517842109E-001                  2.8000523972794389E-001                  2.0000345093635019E-002                  3.9482416507026752E-001                  8.5904502893172385E-001                  0.0000000000000000E+000                  2.6146415767002062E-001                  2.6146415767002062E-001                  2.8561477964152971E-006                  2.8559625034366386E-006                  1.8529297865836767E-010                 -1.0857202193545362E+001                 -9.8999999999999986E+001                 -8.3698100467484302E+000 
                                     877                  1.5716113537590219E+000                 -3.1701928887274766E-001                  7.0866408634315716E+000                  1.0394528865993311E+000                  1.6253655726528368E+001                  6.9999414361288770E-001                  2.8000546252991609E-001                  2.0000393857196208E-002                  3.9479311492856201E-001                  8.5605379562915285E-001                  0.0000000000000000E+000                  2.6271163514616636E-001                  2.6271163514616636E-001                  2.8239327052606478E-006                  2.8237363038072701E-006                  1.9640145337773724E-010                 -1.0863386330845838E+001                 -9.8999999999999986E+001                 -8.3785434241427126E+000 
                                     878                  1.5560421300357223E+000                 -3.1963294922586832E-001                  7.0892552685174595E+000                  1.0467316746436803E+000                  1.6263559528042109E+001                  6.9999385674099712E-001                  2.8000569369320810E-001                  2.0000449565794831E-002                  3.9478773837523840E-001                  8.5308463669438217E-001                  0.0000000000000000E+000                  2.6398219700812725E-001                  2.6398219700812725E-001                  2.7908092180357361E-006                  2.7906040059286179E-006                  2.0521210711814865E-010                 -1.0869491624651939E+001                 -9.8999999999999986E+001                 -8.3872760220699085E+000 
                                     879                  1.5403543689946591E+000                 -3.2227013381319480E-001                  7.0918796270920099E+000                  1.0539896578594123E+000                  1.6273452546291303E+001                  6.9999355341261049E-001                  2.8000593337020652E-001                  2.0000513217182991E-002                  3.9479476738092073E-001                  8.5013892341686814E-001                  0.0000000000000000E+000                  2.6527613349667822E-001                  2.6527613349667822E-001                  2.7571930803722620E-006                  2.7569773340368131E-006                  2.1574633544902715E-010                 -1.0875646924109178E+001                 -9.8999999999999986E+001                 -8.3961374216843385E+000 
                                     880                  1.5245483839957967E+000                 -3.2493141481584797E-001                  7.0945141254594324E+000                  1.0612256951738608E+000                  1.6283334674329705E+001                  6.9999323235182775E-001                  2.8000618169403363E-001                  2.0000585954138561E-002                  3.9478356369553291E-001                  8.4721756808932958E-001                  0.0000000000000000E+000                  2.6659463317096693E-001                  2.6659463317096693E-001                  2.7228946114747402E-006                  2.7226664951498709E-006                  2.2811632486932961E-010                 -1.0881817711043823E+001                 -9.8999999999999986E+001                 -8.4050952977505879E+000 
                                     881                  1.5086245314389171E+000                 -3.2761739033162296E-001                  7.0971589482235045E+000                  1.0684394900325460E+000                  1.6293205805474226E+001                  6.9999289214356408E-001                  2.8000643876941961E-001                  2.0000669087016254E-002                  3.9476023145104433E-001                  8.4432214649385617E-001                  0.0000000000000000E+000                  2.6793764080518462E-001                  2.6793764080518462E-001                  2.6876004339764190E-006                  2.6873589950363850E-006                  2.4143894003396427E-010                 -1.0887859136440692E+001                 -9.8999999999999986E+001                 -8.4140052446513067E+000 
                                     882                  1.4925832118817284E+000                 -3.3032868036580731E-001                  7.0998143043868920E+000                  1.0756317943826299E+000                  1.6303065833614067E+001                  6.9999253121862270E-001                  2.8000670466673261E-001                  2.0000764114644687E-002                  3.9473563263012906E-001                  8.4145494592001646E-001                  0.0000000000000000E+000                  2.6930774094652921E-001                  2.6930774094652921E-001                  2.6511476936942541E-006                  2.6508918858580969E-006                  2.5580783615732198E-010                 -1.0893692899175955E+001                 -9.8999999999999986E+001                 -8.4227937230415204E+000 
                                     883                  1.4764248710533019E+000                 -3.3306592127299856E-001                  7.1024803863687707E+000                  1.0828030352029685E+000                  1.6312914652555740E+001                  6.9999214781968111E-001                  2.8000697942305364E-001                  2.0000872757265253E-002                  3.9471231955552927E-001                  8.3861753823458074E-001                  0.0000000000000000E+000                  2.7070338807035760E-001                  2.7070338807035760E-001                  2.6136880352825435E-006                  2.6134086666834117E-006                  2.7936859913191681E-010                 -1.0899497312438010E+001                 -9.8999999999999986E+001                 -8.4316367427048160E+000 
                                     884                  1.4601500022552225E+000                 -3.3582976840294032E-001                  7.1051573850740510E+000                  1.0899520075696842E+000                  1.6322752155133092E+001                  6.9999173998710673E-001                  2.8000726302736600E-001                  2.0000996985527264E-002                  3.9469418519163629E-001                  8.3580742056725121E-001                  0.0000000000000000E+000                  2.7212458779662307E-001                  2.7212458779662307E-001                  2.5756562355471032E-006                  2.5753348828735496E-006                  3.2135267355364989E-010                 -1.0905405532260277E+001                 -9.8999999999999986E+001                 -8.4406667662935959E+000 
                                     885                  1.4437591488401043E+000                 -3.3862090739868417E-001                  7.1078454932979502E+000                  1.0970778564524895E+000                  1.6332578234048011E+001                  6.9999130553779454E-001                  2.8000755540613037E-001                  2.0001139056075035E-002                  3.9467869485616625E-001                  8.3302139983505574E-001                  0.0000000000000000E+000                  2.7357167090485240E-001                  2.7357167090485240E-001                  2.5372275418710958E-006                  2.5368673015358001E-006                  3.6024033529546610E-010                 -1.0911276658274572E+001                 -9.8999999999999986E+001                 -8.4497435862861749E+000 
                                     886                  1.4272529041117681E+000                 -3.4144005374496728E-001                  7.1105448944932972E+000                  1.1041808929013288E+000                  1.6342392782634644E+001                  6.9999084199099126E-001                  2.8000785644838672E-001                  2.0001301560621965E-002                  3.9467121547658113E-001                  8.3025707456989661E-001                  0.0000000000000000E+000                  2.7504380571430154E-001                  2.7504380571430154E-001                  2.4982441924350817E-006                  2.4978670704957083E-006                  3.7712193937343420E-010                 -1.0916988495024665E+001                 -9.8999999999999986E+001                 -8.4587442249540175E+000 
                                     887                  1.4106319135262002E+000                 -3.4428794647215255E-001                  7.1132557538378158E+000                  1.1112615401217589E+000                  1.6352195694345323E+001                  6.9999034657659831E-001                  2.8000816595541150E-001                  2.0001487467990131E-002                  3.9466605057545684E-001                  8.2751214666732220E-001                  0.0000000000000000E+000                  2.7653926114690763E-001                  2.7653926114690763E-001                  2.4585354744796320E-006                  2.4581441969870251E-006                  3.9127749260679146E-010                 -1.0922648051673827E+001                 -9.8999999999999986E+001                 -8.4677732917500776E+000 
                                     888                  1.3938968766791282E+000                 -3.4716534849747266E-001                  7.1152957771415037E+000                  1.1165648865845708E+000                  1.6359547384981340E+001                  6.9998986232801697E-001                  2.8000845022863191E-001                  2.0001687443351068E-002                  3.9467032881083508E-001                  8.2547201088796252E-001                  0.0000000000000000E+000                  2.7805785363163565E-001                  2.7805785363163565E-001                  2.4181504188936171E-006                  2.4177484010406045E-006                  4.0201785301262928E-010                 -1.0925574098308825E+001                 -9.8999999999999986E+001                 -8.4745107211869968E+000 
                                     889                  1.3854868247510479E+000                 -3.4861534056947124E-001                  7.1173414339418395E+000                  1.1218411260451175E+000                  1.6366877957006675E+001                  6.9998953420545729E-001                  2.8000864576270035E-001                  2.0001820031842366E-002                  3.9467174064915628E-001                  8.2343232319752113E-001                  0.0000000000000000E+000                  2.7849418537022597E-001                  2.7849418537022597E-001                  2.4046280227683326E-006                  2.4042263567743724E-006                  4.0166599396011549E-010                 -1.0931761562496938E+001                 -9.8999999999999986E+001                 -8.4815737473054647E+000 
                                     890                  1.3685821528913704E+000                 -3.5153849400100584E-001                  7.1200783823268399E+000                  1.1288653717734098E+000                  1.6376651307284781E+001                  6.9998894413637769E-001                  2.8000897507187184E-001                  2.0002080791750476E-002                  3.9465316865560762E-001                  8.2073267061728983E-001                  0.0000000000000000E+000                  2.8004538009954799E-001                  2.8004538009954799E-001                  2.3631914571496207E-006                  2.3627797857895511E-006                  4.1167136006978142E-010                 -1.0937455001428422E+001                 -9.8999999999999986E+001                 -8.4908260895819296E+000 
                                     891                  1.3515654319426249E+000                 -3.5449319211481117E-001                  7.1228272436675146E+000                  1.1358651740515009E+000                  1.6386412644590877E+001                  6.9998837261627722E-001                  2.8000928397839042E-001                  2.0002343405332357E-002                  3.9461500667067506E-001                  8.1804157366540253E-001                  0.0000000000000000E+000                  2.8161055809400215E-001                  2.8161055809400215E-001                  2.3208252237615330E-006                  2.3203850454881651E-006                  4.4017827336777567E-010                 -1.0943043562822064E+001                 -9.8999999999999986E+001                 -8.5000394768162533E+000 
                                     892                  1.3344375664042454E+000                 -3.5748031608756548E-001                  7.1255921062494334E+000                  1.1428366440545878E+000                  1.6396161860831111E+001                  6.9998774810300013E-001                  2.8000960440889722E-001                  2.0002647488102654E-002                  3.9458697412174870E-001                  8.1534439981790241E-001                  0.0000000000000000E+000                  2.8360208724092173E-001                  2.8360208724092173E-001                  2.2693677616884342E-006                  2.2688780484711227E-006                  4.8971321731140486E-010                 -1.0947937975255325E+001                 -9.8999999999999986E+001                 -8.5092626751891736E+000 
                                     893                  1.3171995245983763E+000                 -3.6050080824945530E-001                  7.1283743158484958E+000                  1.1497782904993679E+000                  1.6405898850146325E+001                  6.9998701900180127E-001                  2.8000995284703606E-001                  2.0003028151162727E-002                  3.9457924520555770E-001                  8.1263532317413489E-001                  0.0000000000000000E+000                  2.8573989723327575E-001                  2.8573989723327575E-001                  2.2150776233302556E-006                  2.2145108978278211E-006                  5.6672550243467811E-010                 -1.0952635771988151E+001                 -9.8999999999999986E+001                 -8.5185675108459389E+000 
                                     894                  1.2998523409990046E+000                 -3.6355565863865946E-001                  7.1304736109321336E+000                  1.1549750439933282E+000                  1.6413205178079807E+001                  6.9998629454713179E-001                  2.8001026856216910E-001                  2.0003436890699167E-002                  3.9457102094781132E-001                  8.1059859057952466E-001                  0.0000000000000000E+000                  2.8790075719023733E-001                  2.8790075719023733E-001                  2.1604154497863211E-006                  2.1597831916926974E-006                  6.3225809362360211E-010                 -1.0954541765100720E+001                 -9.8999999999999986E+001                 -8.5255389952716065E+000 
                                     895                  1.2911247294457879E+000                 -3.6509864605606152E-001                  7.1318764827180692E+000                  1.1584242033286689E+000                  1.6418064434891516E+001                  6.9998587621899511E-001                  2.8001044716683182E-001                  2.0003676614173127E-002                  3.9456072974284195E-001                  8.0923673899391835E-001                  0.0000000000000000E+000                  2.8870365488313293E-001                  2.8870365488313293E-001                  2.1386318291099283E-006                  2.1379778756715379E-006                  6.5395343839025061E-010                 -1.0957303457540187E+001                 -9.8999999999999986E+001                 -8.5302558285376531E+000 
                                     896                  1.2823971178925710E+000                 -3.6664585335676220E-001                  7.1332823623423733E+000                  1.1618668529537717E+000                  1.6422920480722102E+001                  6.9998544152418551E-001                  2.8001062626204726E-001                  2.0003932213767284E-002                  3.9454524083265430E-001                  8.0787457405598029E-001                  0.0000000000000000E+000                  2.8951044753274352E-001                  2.8951044753274352E-001                  2.1166734651092636E-006                  2.1160237276729316E-006                  6.4973743633190412E-010                 -1.0960057095368638E+001                 -9.8999999999999986E+001                 -8.5349783079874832E+000 
                                     897                  1.2736160732782327E+000                 -3.6820691118723642E-001                  7.1346913159612413E+000                  1.1653031197525543E+000                  1.6427773498057242E+001                  6.9998498612429016E-001                  2.8001080689298258E-001                  2.0004206982727313E-002                  3.9452532592439643E-001                  8.0651172987074127E-001                  0.0000000000000000E+000                  2.9032804685819796E-001                  2.9032804685819796E-001                  2.0943728273516165E-006                  2.0937313280341038E-006                  6.4149931751256189E-010                 -1.0962775955942559E+001                 -9.8999999999999986E+001                 -8.5396985603041458E+000 
                                     898                  1.2648350286638945E+000                 -3.6977248178251110E-001                  7.1368097210026127E+000                  1.1704342088312965E+000                  1.6435035198940216E+001                  6.9998443803719712E-001                  2.8001102685044482E-001                  2.0004535112358113E-002                  3.9449355512464013E-001                  8.0445898212294187E-001                  0.0000000000000000E+000                  2.9114832584925648E-001                  2.9114832584925648E-001                  2.0720000145068612E-006                  2.0713346783333208E-006                  6.6533617354028897E-010                 -1.0968246365353709E+001                 -9.8999999999999986E+001                 -8.5468107620617602E+000 
                                     899                  1.2471673193715338E+000                 -3.7293668051971246E-001                  7.1396520457658275E+000                  1.1772622803414325E+000                  1.6444722274247269E+001                  6.9998341753265936E-001                  2.8001139165159894E-001                  2.0005190815741702E-002                  3.9447732861961676E-001                  8.0170701157269020E-001                  0.0000000000000000E+000                  2.9341844198255429E-001                  2.9341844198255429E-001                  2.0148785948991429E-006                  2.0141161147540284E-006                  7.6248014511448352E-010                 -1.0972640204742063E+001                 -9.8999999999999986E+001                 -8.5562098047121236E+000 
                                     900                  1.2293953124840267E+000                 -3.7613957280483340E-001                  7.1417974701887470E+000                  1.1823732607840145E+000                  1.6451991227071499E+001                  6.9998248953892339E-001                  2.8001169232314588E-001                  2.0005818137930786E-002                  3.9449454582355714E-001                  7.9962934749241743E-001                  0.0000000000000000E+000                  2.9573070866812279E-001                  2.9573070866812279E-001                  1.9575886150149065E-006                  1.9566976202496448E-006                  8.9099476526183665E-010                 -1.0974181358496885E+001                 -9.8999999999999986E+001                 -8.5632554601282607E+000 
                                     901                  1.2204578604655740E+000                 -3.7775820241855135E-001                  7.1432318357437428E+000                  1.1857645580670753E+000                  1.6456825237460627E+001                  6.9998179055721776E-001                  2.8001190200677506E-001                  2.0006307436007176E-002                  3.9451144016292067E-001                  7.9823635660560555E-001                  0.0000000000000000E+000                  2.9672651579336140E-001                  2.9672651579336140E-001                  1.9323872943537999E-006                  1.9314214411970741E-006                  9.6585315672580215E-010                 -1.0976564893114693E+001                 -9.8999999999999986E+001                 -8.5679930159776152E+000 
                                     902                  1.2115204084471216E+000                 -3.7938233061360038E-001                  7.1446693498418288E+000                  1.1891493414646681E+000                  1.6461655936162600E+001                  6.9998116665341170E-001                  2.8001208547797934E-001                  2.0006747868609009E-002                  3.9452505720007663E-001                  7.9683939504262247E-001                  0.0000000000000000E+000                  2.9757842701436188E-001                  2.9757842701436188E-001                  1.9100094252128773E-006                  1.9090461149690485E-006                  9.6331024382897800E-010                 -1.0979164252007696E+001                 -9.8999999999999986E+001                 -8.5727447648221187E+000 
                                     903                  1.2025322488163708E+000                 -3.8102136201276265E-001                  7.1461100934253716E+000                  1.1925277157421832E+000                  1.6466483518894940E+001                  6.9998050902102893E-001                  2.8001226957707159E-001                  2.0007221401899478E-002                  3.9452937416960371E-001                  7.9543901976565146E-001                  0.0000000000000000E+000                  2.9844275641754553E-001                  2.9844275641754553E-001                  1.8872380407529791E-006                  1.8863074909192697E-006                  9.3054983370945157E-010                 -1.0981739035583747E+001                 -9.8999999999999986E+001                 -8.5775073166932803E+000 
                                     904                  1.1935440891856199E+000                 -3.8266624403026295E-001                  7.1482762298550284E+000                  1.1975715656507866E+000                  1.6473706548008661E+001                  6.9997973176635164E-001                  2.8001249107349235E-001                  2.0007777160156004E-002                  3.9451082208331489E-001                  7.9332411906470290E-001                  0.0000000000000000E+000                  2.9931260064433440E-001                  2.9931260064433440E-001                  1.8642193112404878E-006                  1.8632579710399589E-006                  9.6134020052884611E-010                 -1.0987067716787564E+001                 -9.8999999999999986E+001                 -8.5846516859086393E+000 
                                     905                  1.1754679222212836E+000                 -3.8599265722601495E-001                  7.1511840538500566E+000                  1.2042815963924600E+000                  1.6483342201788702E+001                  6.9997823481478494E-001                  2.8001285869419107E-001                  2.0008906491024048E-002                  3.9445553539133471E-001                  7.9047741353253720E-001                  0.0000000000000000E+000                  3.0178247081644149E-001                  3.0178247081644149E-001                  1.8034852461068393E-006                  1.8023668906235756E-006                  1.1183554832637672E-009                 -1.0991042769129606E+001                 -9.8999999999999986E+001                 -8.5941343866655231E+000 
                                     906                  1.1572935623680374E+000                 -3.8936291952710117E-001                  7.1533800928177165E+000                  1.2093027060818990E+000                  1.6490572719636862E+001                  6.9997683862370830E-001                  2.8001316165849105E-001                  2.0009999717800708E-002                  3.9444062094156862E-001                  7.8831990552791364E-001                  0.0000000000000000E+000                  3.0430660505867041E-001                  3.0430660505867041E-001                  1.7419390484306946E-006                  1.7406148282013801E-006                  1.3242202293145768E-009                 -1.0992111782113984E+001                 -9.8999999999999986E+001                 -8.6012497738962228E+000 
                                     907                  1.1481581594612036E+000                 -3.9106715745539655E-001                  7.1548483348851466E+000                  1.2126337730621670E+000                  1.6495380756936679E+001                  6.9997578697619589E-001                  2.8001337014332206E-001                  2.0010842880482049E-002                  3.9444637862001569E-001                  7.8687150157370334E-001                  0.0000000000000000E+000                  3.0537526513768970E-001                  3.0537526513768970E-001                  1.7152685815261887E-006                  1.7138235235473863E-006                  1.4450579788023639E-009                 -1.0994269589832660E+001                 -9.8999999999999986E+001                 -8.6059843890738001E+000 
                                     908                  1.1390227565543698E+000                 -3.9277844277022222E-001                  7.1563199389566785E+000                  1.2159582142054988E+000                  1.6500185390055226E+001                  6.9997484406554467E-001                  2.8001355293261698E-001                  2.0011603001838352E-002                  3.9445883285140909E-001                  7.8541666121960318E-001                  0.0000000000000000E+000                  3.0628833764137692E-001                  3.0628833764137692E-001                  1.6917409839713667E-006                  1.6902722928832161E-006                  1.4686910881506245E-009                 -1.0996650206286670E+001                 -9.8999999999999986E+001                 -8.6107300351047193E+000 
                                     909                  1.1298400516547575E+000                 -3.9450586665370546E-001                  7.1577950102582868E+000                  1.2192761734937116E+000                  1.6504986829661540E+001                  6.9997384514483418E-001                  2.8001373597365320E-001                  2.0012418881512617E-002                  3.9447091396148409E-001                  7.8395694358378409E-001                  0.0000000000000000E+000                  3.0721721591365642E-001                  3.0721721591365642E-001                  1.6679602322022606E-006                  1.6664890106691473E-006                  1.4712215331133186E-009                 -1.0999009990321913E+001                 -9.8999999999999986E+001                 -8.6154955789992869E+000 
                                     910                  1.1206573467551453E+000                 -3.9624076656148260E-001                  7.1592735483743679E+000                  1.2225873313478144E+000                  1.6509784843019158E+001                  6.9997281185325677E-001                  2.8001391617926141E-001                  2.0013271967481816E-002                  3.9447517884439315E-001                  7.8249193685139251E-001                  0.0000000000000000E+000                  3.0815618829420810E-001                  3.0815618829420810E-001                  1.6439764640078522E-006                  1.6424952070503663E-006                  1.4812569574859727E-009                 -1.1001369415465680E+001                 -9.8999999999999986E+001                 -8.6202832130240221E+000 
                                     911                  1.1114283108382770E+000                 -3.9799213827961871E-001                  7.1607558010072596E+000                  1.2258914914272740E+000                  1.6514579644456251E+001                  6.9997188371802377E-001                  2.8001407687957047E-001                  2.0014039402405759E-002                  3.9446514218518913E-001                  7.8101946905867603E-001                  0.0000000000000000E+000                  3.0914027819039513E-001                  3.0914027819039513E-001                  1.6190088377627109E-006                  1.6174756771607259E-006                  1.5331606019850551E-009                 -1.1003664148107141E+001                 -9.8999999999999986E+001                 -8.6250874293957054E+000 
                                     912                  1.1021992749214087E+000                 -3.9975143931089541E-001                  7.1622424952038628E+000                  1.2291877301587351E+000                  1.6519370997554333E+001                  6.9997071602396943E-001                  2.8001426006101732E-001                  2.0015023915013197E-002                  3.9443805911692970E-001                  7.7954109776013802E-001                  0.0000000000000000E+000                  3.1028687372985825E-001                  3.1028687372985825E-001                  1.5908548069572057E-006                  1.5891707680319920E-006                  1.6840389252137794E-009                 -1.1005720528962351E+001                 -9.8999999999999986E+001                 -8.6298916209816241E+000 
                                     913                  1.0929249300504162E+000                 -4.0152756589153599E-001                  7.1637337348683774E+000                  1.2324760952221809E+000                  1.6524159120689593E+001                  6.9996947573407542E-001                  2.8001444406706433E-001                  2.0016080198860253E-002                  3.9439923689249523E-001                  7.7805486939776691E-001                  0.0000000000000000E+000                  3.1144840314689637E-001                  3.1144840314689637E-001                  1.5622813605383547E-006                  1.5603768942538195E-006                  1.9044662845351589E-009                 -1.1007723120386286E+001                 -9.8999999999999986E+001                 -8.6346825167546939E+000 
                                     914                  1.0836505851794238E+000                 -4.0331210686604374E-001                  7.1652285529432023E+000                  1.2357546830327233E+000                  1.6528940979435379E+001                  6.9996791260604263E-001                  2.8001465369683909E-001                  2.0017433697118281E-002                  3.9436253428157608E-001                  7.7656464692257621E-001                  0.0000000000000000E+000                  3.1260261720995752E-001                  3.1260261720995752E-001                  1.5337944157310578E-006                  1.5317159385547580E-006                  2.0784771762998618E-009                 -1.1009713128660572E+001                 -9.8999999999999986E+001                 -8.6394624495884358E+000 
                                     915                  1.0743429258694923E+000                 -4.0511172918911909E-001                  7.1667288194208094E+000                  1.2390300670519376E+000                  1.6533725121884753E+001                  6.9996650281188799E-001                  2.8001483938834160E-001                  2.0018657799770412E-002                  3.9433174160696788E-001                  7.7506477718548483E-001                  0.0000000000000000E+000                  3.1359230037371966E-001                  3.1359230037371966E-001                  1.5084117420152041E-006                  1.5062575702546239E-006                  2.1541717605802095E-009                 -1.1011917382397659E+001                 -9.8999999999999986E+001                 -8.6442431808422935E+000 
                                     916                  1.0650026492855411E+000                 -4.0692660514013829E-001                  7.1682319493154321E+000                  1.2422966094155070E+000                  1.6538503156018891E+001                  6.9996500499321435E-001                  2.8001502680434109E-001                  2.0019968202444560E-002                  3.9430891478495228E-001                  7.7356050304757318E-001                  0.0000000000000000E+000                  3.1459456200439417E-001                  3.1459456200439417E-001                  1.4829474884586547E-006                  1.4807374316774711E-006                  2.2100567811836126E-009                 -1.1014091850846166E+001                 -9.8999999999999986E+001                 -8.6490289478454443E+000 
                                     917                  1.0556623727015904E+000                 -4.0875066369791180E-001                  7.1697388136844475E+000                  1.2455560580120535E+000                  1.6543277689274717E+001                  6.9996341478434521E-001                  2.8001521605073376E-001                  2.0021369164921032E-002                  3.9429435890858422E-001                  7.7205091214416444E-001                  0.0000000000000000E+000                  3.1560470520806161E-001                  3.1560470520806161E-001                  1.4575857828025147E-006                  1.4553038458814029E-006                  2.2819369211118784E-009                 -1.1016266979503367E+001                 -9.8999999999999986E+001                 -8.6538353572102285E+000 
                                     918                  1.0462795776352327E+000                 -4.1059249820457977E-001                  7.1712495177430116E+000                  1.2488084843053204E+000                  1.6548048950556588E+001                  6.9996175444676345E-001                  2.8001540508748263E-001                  2.0022840465753866E-002                  3.9428660996680842E-001                  7.7053557267605177E-001                  0.0000000000000000E+000                  3.1662858954817286E-001                  3.1662858954817286E-001                  1.4321526373322801E-006                  1.4298249135729931E-006                  2.3277237592868645E-009                 -1.1018439123576986E+001                 -9.8999999999999986E+001                 -8.6586763535540641E+000 
                                     919                  1.0368967825688753E+000                 -4.1244406013401363E-001                  7.1727641980494798E+000                  1.2520533073229334E+000                  1.6552816690342915E+001                  6.9996026908676057E-001                  2.8001557570404995E-001                  2.0024155209189543E-002                  3.9428277735481992E-001                  7.6901116900178512E-001                  0.0000000000000000E+000                  3.1769383252047156E-001                  3.1769383252047156E-001                  1.4062548086991880E-006                  1.4038029760883369E-006                  2.4518326108511213E-009                 -1.1020585707217071E+001                 -9.8999999999999986E+001                 -8.6635571217746037E+000 
                                     920                  1.0274726851340128E+000                 -4.1431380720413374E-001                  7.1742837693974915E+000                  1.2552899382647340E+000                  1.6557581141942357E+001                  6.9995837851359255E-001                  2.8001577298002739E-001                  2.0025848506380006E-002                  3.9427921209918093E-001                  7.6748178784355980E-001                  0.0000000000000000E+000                  3.1894227622755167E-001                  3.1894227622755167E-001                  1.3774059286861685E-006                  1.3745888573988022E-006                  2.8170712873662059E-009                 -1.1022501224052393E+001                 -9.8999999999999986E+001                 -8.6684784760533464E+000 
                                     921                  1.0180485876991503E+000                 -4.1619386371019051E-001                  7.1758081192999565E+000                  1.2585181647328330E+000                  1.6562342051840933E+001                  6.9995598058199260E-001                  2.8001600125332682E-001                  2.0028018164680583E-002                  3.9426946497379556E-001                  7.6594871794356256E-001                  0.0000000000000000E+000                  3.2018072157314487E-001                  3.2018072157314487E-001                  1.3489634046198762E-006                  1.3456821925948245E-006                  3.2812120250517570E-009                 -1.1024448490557837E+001                 -9.8999999999999986E+001                 -8.6734297743147657E+000 
                                     922                  1.0085844649333204E+000                 -4.1809254169384763E-001                  7.1769548685678881E+000                  1.2609381149579071E+000                  1.6565915133848282E+001                  6.9995395756840939E-001                  2.8001618334892925E-001                  2.0029859082661305E-002                  3.9425615059309016E-001                  7.6479687263494278E-001                  0.0000000000000000E+000                  3.2124154401527660E-001                  3.2124154401527660E-001                  1.3234379021531776E-006                  1.3199881399531157E-006                  3.4497622000618228E-009                 -1.1025238288576023E+001                 -9.8999999999999986E+001                 -8.6772209898524775E+000 
                                     923                  1.0038524035504055E+000                 -4.1904595637584896E-001                  7.1777187957760420E+000                  1.2625452271095770E+000                  1.6568290602919717E+001                  6.9995281880479399E-001                  2.8001628827309705E-001                  2.0030892922108912E-002                  3.9424482072165506E-001                  7.6402631061352477E-001                  0.0000000000000000E+000                  3.2159076493719702E-001                  3.2159076493719702E-001                  1.3136355470938393E-006                  1.3103907420074410E-006                  3.2448050863981586E-009                 -1.1026565992707305E+001                 -9.8999999999999986E+001                 -8.6796986384397012E+000 
                                     924                  9.9912034216749068E-001                 -4.2000213517265916E-001                  7.1788675107656283E+000                  1.2649526313365473E+000                  1.6571853679737956E+001                  6.9995151002429212E-001                  2.8001641897725044E-001                  2.0032070998457385E-002                  3.9422490176395442E-001                  7.6286081972304953E-001                  0.0000000000000000E+000                  3.2209526450185888E-001                  3.2209526450185888E-001                  1.3010692661840478E-006                  1.2979698833588815E-006                  3.0993828251662908E-009                 -1.1029066253859954E+001                 -9.8999999999999986E+001                 -8.6833380720771256E+000 
                                     925                  9.8961753481301085E-001                 -4.2193080600394300E-001                  7.1804028130263635E+000                  1.2681588171659246E+000                  1.6576604406518406E+001                  6.9994905317769862E-001                  2.8001663675131372E-001                  2.0034310070987660E-002                  3.9419496808816784E-001                  7.6130958690952755E-001                  0.0000000000000000E+000                  3.2317496718178268E-001                  3.2317496718178268E-001                  1.2751393170313619E-006                  1.2718322892262361E-006                  3.3070278051257529E-009                 -1.1031171830768486E+001                 -9.8999999999999986E+001                 -8.6882796543073866E+000 
                                     926                  9.8011472745853145E-001                 -4.2387104510614237E-001                  7.1819421317391736E+000                  1.2713572696088502E+000                  1.6581351552754356E+001                  6.9994643927447586E-001                  2.8001685993232950E-001                  2.0036700793194639E-002                  3.9416421821548570E-001                  7.5975279409786389E-001                  0.0000000000000000E+000                  3.2426245634220424E-001                  3.2426245634220424E-001                  1.2492632948966539E-006                  1.2456136104240042E-006                  3.6496844726498380E-009                 -1.1033244907926619E+001                 -9.8999999999999986E+001                 -8.6932072721819065E+000 
                                     927                  9.7057464210906264E-001                 -4.2583082409252027E-001                  7.1834855664432515E+000                  1.2745482226618052E+000                  1.6586095366292874E+001                  6.9994369980973126E-001                  2.8001709132771813E-001                  2.0039208862550617E-002                  3.9413600239421609E-001                  7.5818993185432348E-001                  0.0000000000000000E+000                  3.2536026405043933E-001                  3.2536026405043933E-001                  1.2232174989077042E-006                  1.2193014306103459E-006                  3.9160682973583528E-009                 -1.1035275390720320E+001                 -9.8999999999999986E+001                 -8.6981252468848034E+000 
                                     928                  9.6103455675959404E-001                 -4.2780285545503743E-001                  7.1846461271492066E+000                  1.2769384484438666E+000                  1.6589653154943008E+001                  6.9994144936286395E-001                  2.8001727251184821E-001                  2.0041278125287887E-002                  3.9411846626461888E-001                  7.5701549654673084E-001                  0.0000000000000000E+000                  3.2650291846482038E-001                  3.2650291846482038E-001                  1.1964986869739519E-006                  1.1923751069196386E-006                  4.1235800543132749E-009                 -1.1035869480872654E+001                 -9.8999999999999986E+001                 -8.7019030815954466E+000 
                                     929                  9.5624661290336288E-001                 -4.2879728168535336E-001                  7.1854217357920067E+000                  1.2785296568437208E+000                  1.6592024623598519E+001                  6.9993991852625537E-001                  2.8001739497472655E-001                  2.0042686499018081E-002                  3.9410906140570556E-001                  7.5622927324418976E-001                  0.0000000000000000E+000                  3.2705908300829439E-001                  3.2705908300829439E-001                  1.1835681346966361E-006                  1.1792576861815358E-006                  4.3104485151003137E-009                 -1.1036867245677453E+001                 -9.8999999999999986E+001                 -8.7043681883204460E+000 
                                     930                  9.5145866904713139E-001                 -4.2979491155004618E-001                  7.1861976655440127E+000                  1.2801175290301161E+000                  1.6594393039590962E+001                  6.9993833883905787E-001                  2.8001752008163144E-001                  2.0044141079310629E-002                  3.9410154793580887E-001                  7.5544244002877259E-001                  0.0000000000000000E+000                  3.2761620894184468E-001                  3.2761620894184468E-001                  1.1706818175979761E-006                  1.1661966005556618E-006                  4.4852170423144505E-009                 -1.1037862852719648E+001                 -9.8999999999999986E+001                 -8.7068356900748753E+000 
                                     931                  9.4667072519089990E-001                 -4.3079578534644891E-001                  7.1869739273166182E+000                  1.2817021218714006E+000                  1.6596758434163462E+001                  6.9993661166520693E-001                  2.8001765222435593E-001                  2.0045736110437140E-002                  3.9409587660920120E-001                  7.5465608296644238E-001                  0.0000000000000000E+000                  3.2817505118193341E-001                  3.2817505118193341E-001                  1.1578083471818650E-006                  1.1531764025454000E-006                  4.6319446364649597E-009                 -1.1038858110748103E+001                 -9.8999999999999986E+001                 -8.7093085131059862E+000 
                                     932                  9.4188278133466841E-001                 -4.3179994384725112E-001                  7.1881409420497917E+000                  1.2840754519940856E+000                  1.6600305643857563E+001                  6.9993416644119222E-001                  2.8001784281918024E-001                  2.0047990739627597E-002                  3.9409022371315572E-001                  7.5346994569761994E-001                  0.0000000000000000E+000                  3.2869468621137282E-001                  3.2869468621137282E-001                  1.1456802384682063E-006                  1.1409161030737925E-006                  4.7641353944139209E-009                 -1.1041286121188822E+001                 -9.8999999999999986E+001                 -8.7129354101099743E+000 
                                     933                  9.3227263997267318E-001                 -4.3382553418631997E-001                  7.1897009456770054E+000                  1.2872362598621070E+000                  1.6605035531772703E+001                  6.9993058431876576E-001                  2.8001811386393849E-001                  2.0051301817295752E-002                  3.9408444968414341E-001                  7.5188603705517876E-001                  0.0000000000000000E+000                  3.2982121300770639E-001                  3.2982121300770639E-001                  1.1199928970383600E-006                  1.1150319039670949E-006                  4.9609930712652353E-009                 -1.1043306389840057E+001                 -9.8999999999999986E+001                 -8.7179418458824660E+000 
                                     934                  9.2266249861067806E-001                 -4.3586486718141559E-001                  7.1912651073223870E+000                  1.2903891957467226E+000                  1.6609761782098580E+001                  6.9992677501447564E-001                  2.8001839645141452E-001                  2.0054828534109781E-002                  3.9407852600073295E-001                  7.5029669724304293E-001                  0.0000000000000000E+000                  3.3095279195021698E-001                  3.3095279195021698E-001                  1.0944300048673444E-006                  1.0892562366541919E-006                  5.1737682131525641E-009                 -1.1045348777859351E+001                 -9.8999999999999986E+001                 -8.7229873709687080E+000 
                                     935                  9.1301972706572543E-001                 -4.3792529248352263E-001                  7.1928335246018698E+000                  1.2935343134409536E+000                  1.6614484658501357E+001                  6.9992278073712244E-001                  2.8001868900804805E-001                  2.0058530254829510E-002                  3.9407064109802531E-001                  7.4870121863874739E-001                  0.0000000000000000E+000                  3.3209233060972365E-001                  3.3209233060972365E-001                  1.0688413186522596E-006                  1.0634853043222455E-006                  5.3560143300141084E-009                 -1.1047392015094736E+001                 -9.8999999999999986E+001                 -8.7280633419960409E+000 
                                     936                  9.0337695552077291E-001                 -4.4000027680310055E-001                  7.1944063192813683E+000                  1.2966709125544262E+000                  1.6619203878762772E+001                  6.9991923369659614E-001                  2.8001895859143788E-001                  2.0061807711965973E-002                  3.9405932377485209E-001                  7.4709212317321949E-001                  0.0000000000000000E+000                  3.3327525039401973E-001                  3.3327525039401973E-001                  1.0429775725992415E-006                  1.0370997566577638E-006                  5.8778159414775646E-009                 -1.1049379262526417E+001                 -9.8999999999999986E+001                 -8.7331492523943748E+000 
                                     937                  8.9370325537800899E-001                 -4.4209692874211026E-001                  7.1959844453274675E+000                  1.2997991959616104E+000                  1.6623919712432048E+001                  6.9991382146972991E-001                  2.8001932555528369E-001                  2.0066852974986338E-002                  3.9404361615610289E-001                  7.4549233540311655E-001                  0.0000000000000000E+000                  3.3464704791286182E-001                  3.3464704791286182E-001                  1.0144009615611568E-006                  1.0075935537274663E-006                  6.8074078336904984E-009                 -1.1051100960107956E+001                 -9.8999999999999986E+001                 -8.7382429400472450E+000 
                                     938                  8.8402955523524518E-001                 -4.4420901233999593E-001                  7.1971711583779951E+000                  1.3021425949064869E+000                  1.6627456849549848E+001                  6.9990926545937993E-001                  2.8001962889172982E-001                  2.0071105648890253E-002                  3.9402896677893479E-001                  7.4429275244794701E-001                  0.0000000000000000E+000                  3.3580392151625965E-001                  3.3580392151625965E-001                  9.8922275477946719E-007                  9.8184037595581135E-007                  7.3823788236557752E-009                 -1.1051704355663443E+001                 -9.8999999999999986E+001                 -8.7421828912641963E+000 
                                     939                  8.7917813278042911E-001                 -4.4527416757960325E-001                  7.1979634272097268E+000                  1.3037024017004297E+000                  1.6629813827405961E+001                  6.9990670540662037E-001                  2.8001980570027485E-001                  2.0073488893104785E-002                  3.9401799757561196E-001                  7.4348568361202061E-001                  0.0000000000000000E+000                  3.3613831142839451E-001                  3.3613831142839451E-001                  9.8039335783090386E-007                  9.7308785609953700E-007                  7.3055017313669090E-009                 -1.1052995088719632E+001                 -9.8999999999999986E+001                 -8.7447149239777531E+000 
                                     940                  8.7432671032561304E-001                 -4.4634335689630961E-001                  7.1987561816478012E+000                  1.3052591214932292E+000                  1.6632168190594353E+001                  6.9990411017651266E-001                  2.8001998442797482E-001                  2.0075905395512517E-002                  3.9400611993315604E-001                  7.4267746685612979E-001                  0.0000000000000000E+000                  3.3671787061214015E-001                  3.3671787061214015E-001                  9.6736677639884136E-007                  9.6022037474730513E-007                  7.1464016515361412E-009                 -1.1053954215426645E+001                 -9.8999999999999986E+001                 -8.7472359915061695E+000 
                                     941                  8.6947528787079698E-001                 -4.4741663330127257E-001                  7.1995488451622087E+000                  1.3068134298912679E+000                  1.6634519972204501E+001                  6.9990139415807884E-001                  2.8002016960923687E-001                  2.0078436232684238E-002                  3.9399341772763719E-001                  7.4187050066399951E-001                  0.0000000000000000E+000                  3.3704882628242050E-001                  3.3704882628242050E-001                  9.5876893491629398E-007                  9.5152802259805653E-007                  7.2409123182374344E-009                 -1.1055220228386283E+001                 -9.8999999999999986E+001                 -8.7497465330678725E+000 
                                     942                  8.6462386541598091E-001                 -4.4849404901173512E-001                  7.2003431370005702E+000                  1.3083669102929323E+000                  1.6636872498448643E+001                  6.9989864108368438E-001                  2.8002035725303254E-001                  2.0081001663283082E-002                  3.9398005650881041E-001                  7.4106116376015552E-001                  0.0000000000000000E+000                  3.3763345301845055E-001                  3.3763345301845055E-001                  9.4592460954499914E-007                  9.3860833291582372E-007                  7.3162766291753795E-009                 -1.1056149998518867E+001                 -9.8999999999999986E+001                 -8.7522488496570325E+000 
                                     943                  8.5975880493531642E-001                 -4.4957870512267972E-001                  7.2011384658173210E+000                  1.3099202568599437E+000                  1.6639225806303841E+001                  6.9989575909936874E-001                  2.8002055179056545E-001                  2.0083689110065750E-002                  3.9396729219766219E-001                  7.4025197000668874E-001                  0.0000000000000000E+000                  3.3796281211945761E-001                  3.3796281211945761E-001                  9.3711898263894176E-007                  9.2995816099311335E-007                  7.1608216458284436E-009                 -1.1057401260620519E+001                 -9.8999999999999986E+001                 -8.7547505759152902E+000 
                                     944                  8.5489374445465205E-001                 -4.5066763293107570E-001                  7.2023317310409016E+000                  1.3122412716909764E+000                  1.6642747269693928E+001                  6.9989246268346350E-001                  2.8002079125166490E-001                  2.0086746064871597E-002                  3.9395011530132973E-001                  7.3902410058240264E-001                  0.0000000000000000E+000                  3.3855367386115526E-001                  3.3855367386115526E-001                  9.2418157542590739E-007                  9.1701624417807218E-007                  7.1653312478351547E-009                 -1.1059650976879922E+001                 -9.8999999999999986E+001                 -8.7583457848620831E+000 
                                     945                  8.4516362349332330E-001                 -4.5285854378390988E-001                  7.2039277584124628E+000                  1.3153345878979630E+000                  1.6647445218196399E+001                  6.9988629417499670E-001                  2.8002120374593820E-001                  2.0092502079065100E-002                  3.9393148359797558E-001                  7.3739824595142578E-001                  0.0000000000000000E+000                  3.3972993358564058E-001                  3.3972993358564058E-001                  8.9903650798550512E-007                  8.9143462139517651E-007                  7.6018865903285772E-009                 -1.1061488745700185E+001                 -9.8999999999999986E+001                 -8.7633661628126127E+000 
                                     946                  8.3540818382777504E-001                 -4.5507300442706566E-001                  7.2055281741763286E+000                  1.3184204649431537E+000                  1.6652139743959225E+001                  6.9987984954562765E-001                  2.8002163273065661E-001                  2.0098517723715736E-002                  3.9391787208032741E-001                  7.3576662455007680E-001                  0.0000000000000000E+000                  3.4091399581159065E-001                  3.4091399581159065E-001                  8.7416130327310201E-007                  8.6600640576089594E-007                  8.1548975122061034E-009                 -1.1063354981388386E+001                 -9.8999999999999986E+001                 -8.7684390461256978E+000 
                                     947                  8.2565274416222678E-001                 -4.5730582041660484E-001                  7.2071330868463628E+000                  1.3214979155078486E+000                  1.6656830540898120E+001                  6.9987417264340390E-001                  2.8002202404047233E-001                  2.0103803316123825E-002                  3.9390851461756832E-001                  7.3411772032415235E-001                  0.0000000000000000E+000                  3.4214221496026048E-001                  3.4214221496026048E-001                  8.4918767449952447E-007                  8.4017543643809482E-007                  9.0122380614296613E-009                 -1.1065220077174379E+001                 -9.8999999999999986E+001                 -8.7735761988936893E+000 
                                     948                  8.1587403734766206E-001                 -4.5956288919930610E-001                  7.2087435352856097E+000                  1.3245673763477142E+000                  1.6661517902924356E+001                  6.9986554625141939E-001                  2.8002256985447943E-001                  2.0111883894101235E-002                  3.9390168648137641E-001                  7.3248852981771584E-001                  0.0000000000000000E+000                  3.4357538807615645E-001                  3.4357538807615645E-001                  8.2170194493152011E-007                  8.1133727512347768E-007                  1.0364669808042389E-008                 -1.1066889896061943E+001                 -9.8999999999999986E+001                 -8.7788094373661121E+000 
                                     949                  8.0609533053309745E-001                 -4.6183943123202970E-001                  7.2099547606148793E+000                  1.3268667901460520E+000                  1.6665034081227610E+001                  6.9985833284951182E-001                  2.8002301946060904E-001                  2.0118647689879143E-002                  3.9389739393514489E-001                  7.3126879381908838E-001                  0.0000000000000000E+000                  3.4477744708836872E-001                  3.4477744708836872E-001                  7.9768202619610583E-007                  7.8652678104924307E-007                  1.1155245146862803E-008                 -1.1067519024297090E+001                 -9.8999999999999986E+001                 -8.7829604044568494E+000 
                                     950                  8.0119541823087526E-001                 -4.6298764728704866E-001                  7.2107630072660838E+000                  1.3283965849319410E+000                  1.6667376261870192E+001                  6.9985430543550708E-001                  2.8002327972946917E-001                  2.0122414835023750E-002                  3.9389501651033715E-001                  7.3044568990186243E-001                  0.0000000000000000E+000                  3.4508370628166479E-001                  3.4508370628166479E-001                  7.8971992892860911E-007                  7.7892215824986951E-007                  1.0797770678739635E-008                 -1.1068910967943539E+001                 -9.8999999999999986E+001                 -8.7856248538893755E+000 
                                     951                  7.9629550592865350E-001                 -4.6414095739802608E-001                  7.2115719950877066E+000                  1.3299233717324419E+000                  1.6669716328979849E+001                  6.9985033660855900E-001                  2.8002353783696327E-001                  2.0126125554477792E-002                  3.9389251309971918E-001                  7.2962004205839637E-001                  0.0000000000000000E+000                  3.4571211296445170E-001                  3.4571211296445170E-001                  7.7606000942447612E-007                  7.6622876699341551E-007                  9.8312424310606039E-009                 -1.1069897531460303E+001                 -9.8999999999999986E+001                 -8.7882938759545954E+000 
                                     952                  7.9139559362643142E-001                 -4.6529943323875073E-001                  7.2123809889647879E+000                  1.3314477483472342E+000                  1.6672054318454393E+001                  6.9984690640715708E-001                  2.8002376900720494E-001                  2.0129324585637987E-002                  3.9388938530999101E-001                  7.2878865295371675E-001                  0.0000000000000000E+000                  3.4602191573565677E-001                  3.4602191573565677E-001                  7.6772918999175877E-007                  7.5864099480622573E-007                  9.0881951855330588E-009                 -1.1071280325945558E+001                 -9.8999999999999986E+001                 -8.7909606282745383E+000 
                                     953                  7.8649568132420944E-001                 -4.6646314621593560E-001                  7.2135970073704412E+000                  1.3337278785865021E+000                  1.6675558018805649E+001                  6.9984278266881905E-001                  2.8002406445156058E-001                  2.0133152879620364E-002                  3.9388147201515067E-001                  7.2752491982513723E-001                  0.0000000000000000E+000                  3.4676292795644192E-001                  3.4676292795644192E-001                  7.5368117680933393E-007                  7.4424108231787268E-007                  9.4400944914612619E-009                 -1.1073492968064892E+001                 -9.8999999999999986E+001                 -8.7947480802086080E+000 
                                     954                  7.7667698898495197E-001                 -4.6881112974333317E-001                  7.2152243054188636E+000                  1.3367651285157156E+000                  1.6680230964718493E+001                  6.9983226119252007E-001                  2.8002472147758983E-001                  2.0143017329890101E-002                  3.9386359099193308E-001                  7.2588196370400992E-001                  0.0000000000000000E+000                  3.4824110416942455E-001                  3.4824110416942455E-001                  7.2626499971314808E-007                  7.1557456821167771E-007                  1.0690431501470354E-008                 -1.1075085243211273E+001                 -9.8999999999999986E+001                 -8.8000234788752110E+000 
                                     955                  7.6685829664569427E-001                 -4.7118105456130621E-001                  7.2168563163854307E+000                  1.3397927766410025E+000                  1.6684900128015745E+001                  6.9982449628445331E-001                  2.8002524029036202E-001                  2.0150263425184667E-002                  3.9383937851240380E-001                  7.2420101202253473E-001                  0.0000000000000000E+000                  3.4953156878938113E-001                  3.4953156878938113E-001                  7.0208032402845830E-007                  6.8995980016995370E-007                  1.2120523858504589E-008                 -1.1076857337372038E+001                 -9.8999999999999986E+001                 -8.8052358164760989E+000 
                                     956                  7.5702309423461023E-001                 -4.7357760277785921E-001                  7.2184941928990591E+000                  1.3428127256557036E+000                  1.6689565824773659E+001                  6.9981278329498631E-001                  2.8002597010497782E-001                  2.0161246600035820E-002                  3.9381107076145366E-001                  7.2254922439277947E-001                  0.0000000000000000E+000                  3.5104945955471500E-001                  3.5104945955471500E-001                  6.7439300400181793E-007                  6.6095716107713435E-007                  1.3435842924683625E-008                 -1.1078312952088252E+001                 -9.8999999999999986E+001                 -8.8104545174398901E+000 
                                     957                  7.4718789182352585E-001                 -4.7599746556836980E-001                  7.2197262760623095E+000                  1.3450750720759190E+000                  1.6693065725081393E+001                  6.9980320224664438E-001                  2.8002656457288327E-001                  2.0170233180472286E-002                  3.9378859392006094E-001                  7.2131261765958221E-001                  0.0000000000000000E+000                  3.5234123890654567E-001                  3.5234123890654567E-001                  6.4912352378693866E-007                  6.3567325185060993E-007                  1.3450271936328731E-008                 -1.1078716911357049E+001                 -9.8999999999999986E+001                 -8.8145979195139024E+000 
                                     958                  7.4226486675755654E-001                 -4.7721769373875222E-001                  7.2205480176038801E+000                  1.3465790893225140E+000                  1.6695395849710401E+001                  6.9979884712226481E-001                  2.8002685613858974E-001                  2.0174296739145392E-002                  3.9377361670832167E-001                  7.2046626636922717E-001                  0.0000000000000000E+000                  3.5266065060725099E-001                  3.5266065060725099E-001                  6.4022478886274822E-007                  6.2810743690731305E-007                  1.2117351955435218E-008                 -1.1079997733308996E+001                 -9.8999999999999986E+001                 -8.8172212570243040E+000 
                                     959                  7.3734184169158701E-001                 -4.7844402232497868E-001                  7.2217827967338426E+000                  1.3488274640463300E+000                  1.6698886021438867E+001                  6.9979360316941386E-001                  2.8002722737742947E-001                  2.0179169453156676E-002                  3.9375189178666098E-001                  7.1917805246723443E-001                  0.0000000000000000E+000                  3.5348242095263738E-001                  3.5348242095263738E-001                  6.2496109548093542E-007                  6.1293412675299599E-007                  1.2026968727939450E-008                 -1.1082020499614323E+001                 -9.8999999999999986E+001                 -8.8209517138476485E+000 
                                     960                  7.2748654235314869E-001                 -4.8091769520173760E-001                  7.2234356463521090E+000                  1.3518224135517722E+000                  1.6703540797669334E+001                  6.9978017892910216E-001                  2.8002807611452568E-001                  2.0191744956372215E-002                  3.9372669204257099E-001                  7.1751488014968368E-001                  2.8668688689610355E-008                  3.5508977533391217E-001                  3.5508977533391217E-001                  5.9843906933607865E-007                  5.8344726625748778E-007                  1.4991803078590833E-008                 -1.1083464325652994E+001                 -4.5984817959638320E+001                 -8.8263243493796377E+000 
                                     961                  7.1763124301471060E-001                 -4.8341692715707241E-001                  7.2250936333522517E+000                  1.3548077580252711E+000                  1.6708191751225709E+001                  6.9976762875337928E-001                  2.8002920568679635E-001                  2.0203165559824376E-002                  3.9371052049044369E-001                  7.1582928276765734E-001                  1.2036628678543056E-007                  3.5648558572367373E-001                  3.5648558572367373E-001                  5.8608614244925570E-007                  5.5760384989806293E-007                  2.8482292551192754E-008                 -1.1085248691128552E+001                 -4.4118086064256289E+001                 -8.8317726116058584E+000 
                                     962                  7.0776583130850346E-001                 -4.8594510490113058E-001                  7.2267574364996783E+000                  1.3577893813170001E+000                  1.6712839219144598E+001                  6.9973819093216982E-001                  2.8003933838831746E-001                  2.0222470679512661E-002                  3.9369969055932730E-001                  7.1421498707039988E-001                  5.0972713363192314E-007                  3.5800505115042752E-001                  3.5800505115042752E-001                  6.0214307398192188E-007                  5.3035463676343854E-007                  7.1788437218483299E-008                 -1.1086934863176831E+001                 -4.2240179905899133E+001                 -8.8373216336182452E+000 
                                     963                  6.9790041960229632E-001                 -4.8850045941325382E-001                  7.2284291598479857E+000                  1.3607959153954543E+000                  1.6717482848886352E+001                  6.9960551623659128E-001                  2.8010202088949249E-001                  2.0292462873916284E-002                  3.9368868795618495E-001                  7.1311349711625038E-001                  2.1733447561047705E-006                  3.6000611117530540E-001                  3.6000611117530540E-001                  6.4207531016838557E-007                  4.9639966220135388E-007                  1.4567564796703166E-007                 -1.1088193475003830E+001                 -4.0353345254873233E+001                 -8.8431812514295700E+000 
                                     964                  6.8802767182787594E-001                 -4.9108556335025616E-001                  7.2296910604677098E+000                  1.3630705678752917E+000                  1.6720967584344045E+001                  6.9943282991230116E-001                  2.8019000661450427E-001                  2.0377163473194626E-002                  3.9367869329798905E-001                  7.1260353929938303E-001                  9.3358366588422195E-006                  3.6243280161400276E-001                  3.6243280161400276E-001                  6.6450934354499536E-007                  4.5666895657310519E-007                  2.0784038697189017E-007                 -1.1087816555259852E+001                 -3.8456128034988922E+001                 -8.8480192117562346E+000 
                                     965                  6.8309129794066592E-001                 -4.9238876048497604E-001                  7.2305349573077953E+000                  1.3645772149465643E+000                  1.6723286383177904E+001                  6.9932501036533146E-001                  2.8024577161923497E-001                  2.0429218015433515E-002                  3.9367071209958876E-001                  7.1220825105971741E-001                  1.9406311800648960E-005                  3.6393781431360567E-001                  3.6393781431360567E-001                  6.4897812725526800E-007                  4.3274676156443021E-007                  2.1623136569083780E-007                 -1.1088003185819897E+001                 -3.7503991818378168E+001                 -8.8510387071883443E+000 
                                     966                  6.7815492405345568E-001                 -4.9369922099856950E-001                  7.2318054412723489E+000                  1.3668149112502297E+000                  1.6726759182477402E+001                  6.9919675558708028E-001                  2.8031277120687292E-001                  2.0490473206046800E-002                  3.9365613710184449E-001                  7.1142596725994345E-001                  4.0424050754883733E-005                  3.6553073810790043E-001                  3.6553073810790043E-001                  5.7802460929412915E-007                  4.0769240937026539E-007                  1.7033219992386376E-007                 -1.1089383111561791E+001                 -3.6549754778366825E+001                 -8.8551814648698208E+000 
                                     967                  6.6827775006309720E-001                 -4.9634369159218278E-001                  7.2335155776356963E+000                  1.3697512124379596E+000                  1.6731391897704029E+001                  6.9911785690278605E-001                  2.8035476815133592E-001                  2.0527374945878085E-002                  3.9363071074682199E-001                  7.0988239850168022E-001                  1.7648496104409069E-004                  3.6914644786117640E-001                  3.6914644786117640E-001                  4.5380548023234593E-007                  3.5187271401265995E-007                  1.0193276621968596E-007                 -1.1088666953108721E+001                 -3.4632055666413954E+001                 -8.8607619443199006E+000 
                                     968                  6.5840057607273872E-001                 -4.9901905044398176E-001                  7.2352425493846377E+000                  1.3726476768318459E+000                  1.6736020711571634E+001                  6.9909152152377763E-001                  2.8036982786807979E-001                  2.0538650608142639E-002                  3.9359762545622934E-001                  7.0803727254849047E-001                  7.7653809755136489E-004                  3.7309459168777115E-001                  3.7309459168777115E-001                  3.3810990167422527E-007                  2.9208100605439556E-007                  4.6028895619829704E-008                 -1.1087294117420440E+001                 -3.2704205447061341E+001                 -8.8661591756670806E+000 
                                     969                  6.4852202663752678E-001                 -5.0172687596946863E-001                  7.2369885684408812E+000                  1.3755149054597458E+000                  1.6740645999111052E+001                  6.9908362360790155E-001                  2.8037453222632142E-001                  2.0541844165776979E-002                  3.9355764042340707E-001                  7.0607010907854650E-001                  3.4451113184584331E-003                  3.7749722434423372E-001                  3.7749722434423372E-001                  2.4291840824497633E-007                  2.2676638481543380E-007                  1.6152023429542526E-008                 -1.1085250287100950E+001                 -3.0765606274729215E+001                 -8.8714902337881654E+000 
                                     970                  6.3864347720231462E-001                 -5.0446798744693588E-001                  7.2387532054372112E+000                  1.3783575937925798E+000                  1.6745267398275530E+001                  6.9908142463584910E-001                  2.8037588179693390E-001                  2.0542693567217052E-002                  3.9351518318627715E-001                  7.0404204604334242E-001                  1.5405726648153819E-002                  3.8184361341286305E-001                  3.8184361341286305E-001                  1.6820290758535257E-007                  1.6332292754137450E-007                  4.8799800439780548E-009                 -1.1083231101997200E+001                 -2.8816722315156806E+001                 -8.8768205448073818E+000 
                                     971                  6.2876675241917557E-001                 -5.0724308294613829E-001                  7.2400925893259762E+000                  1.3804751522987464E+000                  1.6748735423787053E+001                  6.9908098789755146E-001                  2.8037615638481611E-001                  2.0542855717632369E-002                  3.9348645464024284E-001                  7.0248594706955303E-001                  6.9481569530530904E-002                  3.8652642890569472E-001                  3.8652642890569472E-001                  9.7812090759443809E-008                  9.6405430537797941E-008                  1.4066602216458633E-009                 -1.1079493489442912E+001                 -2.6856124654423731E+001                 -8.8811605052545985E+000 
                                     972                  6.2382839002760604E-001                 -5.0864395763782733E-001                  7.2409902614580277E+000                  1.3818782399984422E+000                  1.6751043672462391E+001                  6.9908084060944331E-001                  2.8037625024827600E-001                  2.0542909142280630E-002                  3.9346929161829802E-001                  7.0143822091085473E-001                  1.4804914234069025E-001                  3.8889827391928694E-001                  3.8889827391928694E-001                  6.3483686099015995E-008                  6.3034228375214804E-008                  4.4945772380118933E-010                 -1.1078276160515976E+001                 -2.5871845778610183E+001                 -8.8838680142996118E+000 
                                     973                  6.1889002763603651E-001                 -5.1005393603658822E-001                  7.2423422866265472E+000                  1.3839704812647959E+000                  1.6754499305837726E+001                  6.9908073024977246E-001                  2.8037632151260994E-001                  2.0542948237617598E-002                  3.9344660095188538E-001                  6.9985497139592723E-001                  3.1672360134102889E-001                  3.9093844432067693E-001                  3.9093844432067693E-001                  3.4738597498981218E-008                  3.4558401728525497E-008                  1.8019577045571922E-010                 -1.1078805789664052E+001                 -2.4883043154298381E+001                 -8.8876315436897269E+000 
                                     974                  6.0901848308911477E-001                 -5.1290037395482491E-001                  7.2450596014162265E+000                  1.3881256881175337E+000                  1.6761394995479371E+001                  6.9908067608981073E-001                  2.8037635730090893E-001                  2.0542966609280344E-002                  3.9341101715593629E-001                  6.9666700970622897E-001                  1.4535556661980782E+000                  3.9343473874608631E-001                  3.9676095140409368E-001                  7.0831914187587330E-011                 -3.4525217144610979E-014                  7.0866439404731941E-011                 -1.1078002489117729E+001                 -2.2901898726023198E+001                 -8.8952033756716915E+000 
                                     975                  5.8928409721203490E-001                 -5.1870725424640274E-001                  7.2486811961990902E+000                  1.3936791058616755E+000                  1.6770601344996756E+001                  6.9908067201952728E-001                  2.8037636009658823E-001                  2.0542967883884433E-002                  3.9337681530265933E-001                  6.9245894596393365E-001                  3.1587478177305371E+001                  3.9339391442931571E-001                  4.0993362269096911E-001                  1.8966228489995258E-011                 -9.7629779933609843E-014                  1.9063858269928868E-011                 -1.1069649534882773E+001                 -1.8896157537821711E+001                 -8.9063262412749076E+000 
                                     976                  5.6957081945330523E-001                 -5.2467183985834254E-001                  7.2513972126984534E+000                  1.3978552379871036E+000                  1.6777517248677832E+001                  6.9908067186004974E-001                  2.8037636020992757E-001                  2.0542967930022638E-002                  3.9335197037396941E-001                  6.8933424103024621E-001                  7.0978396061506453E+002                  3.9336025992255280E-001                  4.2567710416917259E-001                  2.6299145854645107E-012                 -1.4796487546692336E-013                  2.7778794609314341E-012                 -1.1056509220896571E+001                 -1.4845427867833354E+001                 -8.9154900220419133E+000 
                                     977                  5.5972038302473370E-001                 -5.2771719819872376E-001                  7.2527531550817290E+000                  1.3999374235162929E+000                  1.6780967275520620E+001                  6.9908067178545552E-001                  2.8037636026378715E-001                  2.0542967950757385E-002                  3.9333677212448270E-001                  6.8778143158554761E-001                  8.1551413398255681E+002                  3.9334184566669822E-001                  4.3330282004134180E-001                  3.4955014198532105E-014                 -1.6779657076163019E-013                  2.0275158496016230E-013                 -1.1050459631534808E+001                 -1.4666549547175162E+001                 -8.9201163076701437E+000 
                                     978                  5.5480331105471026E-001                 -5.2925424426559742E-001                  7.2536556688290013E+000                  1.4013215245978634E+000                  1.6783261818864176E+001                  6.9908067175337263E-001                  2.8037636028713697E-001                  2.0542967959490399E-002                  3.9332563098037976E-001                  6.8675003827469028E-001                  1.3003176311180830E+003                  3.9333121529992948E-001                  4.3670425361037402E-001                 -1.0682147904066535E-013                 -1.7581015412012556E-013                  6.8988675079460201E-014                 -1.1048592424080150E+001                 -1.4060049918317384E+001                 -8.9229608882695519E+000 
                                     979                  5.4988623908468715E-001                 -5.3080281546552588E-001                  7.2545582256559165E+000                  1.4027057571979518E+000                  1.6785556538998080E+001                  6.9908067172666022E-001                  2.8037636030672619E-001                  2.0542967966613590E-002                  3.9331371120130798E-001                  6.8572085681697603E-001                  1.6090707771772272E+003                  3.9331968572765391E-001                  4.4114356955654777E-001                 -1.3050955767381014E-013                 -1.8613825872659860E-013                  5.5628701052788463E-014                 -1.1045739905109867E+001                 -1.3783826611634417E+001                 -8.9258166202884208E+000 
                                     980                  5.4496916711466403E-001                 -5.3236312309544620E-001                  7.2554608488972354E+000                  1.4040901603197107E+000                  1.6787851499400105E+001                  6.9908067170044086E-001                  2.8037636032609503E-001                  2.0542967973464110E-002                  3.9330115202743138E-001                  6.8469378536412617E-001                  1.6957139245236333E+003                  3.9330744706090759E-001                  4.4534599187867274E-001                 -1.4567991245995774E-013                 -1.9532892089154074E-013                  4.9649008431582997E-014                 -1.1043174069998528E+001                 -1.3716848020176107E+001                 -8.9286840800364384E+000 
                                     981                  5.4005209514464059E-001                 -5.3393538412395636E-001                  7.2568123498917751E+000                  1.4061603967123721E+000                  1.6791285133110900E+001                  6.9908067166270094E-001                  2.8037636035417646E-001                  2.0542967983122606E-002                  3.9328135860503394E-001                  6.8315873521351955E-001                  1.8178073152436350E+003                  3.9329456133132973E-001                  4.4959246904996231E-001                 -1.5723133914094104E-013                 -2.0416962767218482E-013                  4.6938288531243766E-014                 -1.1041975288533642E+001                 -1.3628289242121722E+001                 -8.9325983136673361E+000 
                                     982                  5.3023832809327209E-001                 -5.3711004550536123E-001                  7.2586145455442370E+000                  1.4089249852656107E+000                  1.6795867789555494E+001                  6.9908067161559140E-001                  2.8037636038972202E-001                  2.0542967994686578E-002                  3.9325358164583346E-001                  6.8112022619360291E-001                  2.0557226251030538E+003                  3.9326748796854483E-001                  4.5860502653522323E-001                 -1.7712491834159653E-013                 -2.2177710111800637E-013                  4.4652182776409855E-014                 -1.1036514470981196E+001                 -1.3470742381936688E+001                 -8.9383834152242141E+000 
                                     983                  5.2042456104190360E-001                 -5.4033506289192623E-001                  7.2599662958260893E+000                  1.4110015745193338E+000                  1.6799308044428191E+001                  6.9908067158084164E-001                  2.8037636041628622E-001                  2.0542968002872142E-002                  3.9323185405727612E-001                  6.7959720879319618E-001                  2.1941998007271736E+003                  3.9323910383604077E-001                  4.6787033091747632E-001                 -1.9475264195107312E-013                 -2.3828676823828548E-013                  4.3534126287212354E-014                 -1.1029670833721630E+001                 -1.3387834901618836E+001                 -8.9431785982969600E+000 
                                     984                  5.1553001389009945E-001                 -5.4196292741394680E-001                  7.2608656988970806E+000                  1.4123814826309034E+000                  1.6801595300234041E+001                  6.9908067155635900E-001                  2.8037636043512171E-001                  2.0542968008519291E-002                  3.9321693751380576E-001                  6.7858525260041680E-001                  2.1361885520454989E+003                  3.9322441597471686E-001                  4.7277155098378887E-001                 -2.0308459869332134E-013                 -2.4652832456035018E-013                  4.3443725867028817E-014                 -1.1026764597115596E+001                 -1.3424093715811301E+001                 -8.9461084881062050E+000 
                                     985                  5.1063546673829563E-001                 -5.4360405292921132E-001                  7.2622144696049720E+000                  1.4144482076788463E+000                  1.6805022737773790E+001                  6.9908067151998432E-001                  2.8037636046328202E-001                  2.0542968016733720E-002                  3.9319380234966078E-001                  6.7706963097015671E-001                  2.2160397810454997E+003                  3.9320924651522210E-001                  4.7625290534337383E-001                 -2.0897701037856082E-013                 -2.5152766244599416E-013                  4.2550652067433334E-014                 -1.1026571788112550E+001                 -1.3378303496940926E+001                 -8.9500885465673434E+000 
                                     986                  5.0084637243468799E-001                 -5.4692715901671562E-001                  7.2640122206491453E+000                  1.4172069150823479E+000                  1.6809595150293898E+001                  6.9908067147599251E-001                  2.8037636049774772E-001                  2.0542968026259767E-002                  3.9316292034635492E-001                  6.7505627395082490E-001                  2.5395364259175599E+003                  3.9317836068969636E-001                  4.8724276067481592E-001                 -2.2805437648893250E-013                 -2.6858882414977016E-013                  4.0534447660837666E-014                 -1.1019970170337100E+001                 -1.3203476670976718E+001                 -8.9560179851430508E+000 
                                     987                  4.9108647107371700E-001                 -5.5029635756861939E-001                  7.2653602350844499E+000                  1.4192784075708069E+000                  1.6813026672256989E+001                  6.9908067144295238E-001                  2.8037636052392328E-001                  2.0542968033124387E-002                  3.9314122417256014E-001                  6.7355128893387406E-001                  2.6610609639172221E+003                  3.9314848016168868E-001                  4.9785260683334337E-001                 -2.4448072723968254E-013                 -2.8340853539939868E-013                  3.8927808159716163E-014                 -1.1012624276889646E+001                 -1.3144613044725849E+001                 -8.9609658435409951E+000 
                                     988                  4.8620652039323142E-001                 -5.5200261908278037E-001                  7.2667058761241572E+000                  1.4213408224731843E+000                  1.6816446820270496E+001                  6.9908067141001529E-001                  2.8037636055015819E-001                  2.0542968039826581E-002                  3.9312046239677484E-001                  6.7204954603967015E-001                  2.7302529890203637E+003                  3.9313432023004208E-001                  5.0326158978673563E-001                 -2.5238161502698816E-013                 -2.9048835548089643E-013                  3.8106740453908282E-014                 -1.1011006741405184E+001                 -1.3113212247294308E+001                 -8.9650269507957123E+000 
                                     989                  4.7646359570004826E-001                 -5.5545394282921512E-001                  7.2685001146192745E+000                  1.4240946016797553E+000                  1.6821011119083451E+001                  6.9908067136689822E-001                  2.8037636058483306E-001                  2.0542968048268717E-002                  3.9309334860287098E-001                  6.7005248797686412E-001                  2.8890047616361117E+003                  3.9310691983571183E-001                  5.1422506045439598E-001                 -2.6715578013629535E-013                 -3.0392221370655672E-013                  3.6766433570261385E-014                 -1.1005121314974337E+001                 -1.3042314259946497E+001                 -8.9711147813213010E+000 
                                     990                  4.6673764767465270E-001                 -5.5896074588167921E-001                  7.2707386738192508E+000                  1.4275258727685016E+000                  1.6826701618863833E+001                  6.9908067131569152E-001                  2.8037636062607890E-001                  2.0542968058229638E-002                  3.9305814576800957E-001                  6.6756441131967403E-001                  3.0455179135333497E+003                  3.9307927262461823E-001                  5.2660028658733438E-001                 -2.8351043973074124E-013                 -3.1837269079520470E-013                  3.4862251064463480E-014                 -1.0999689292724959E+001                 -1.2977001211852945E+001                 -8.9782993428390583E+000 
                                     991                  4.5218769603367204E-001                 -5.6432742568603866E-001                  7.2738687899311616E+000                  1.4323242160190148E+000                  1.6834659535008925E+001                  6.9908067124787909E-001                  2.8037636068083799E-001                  2.0542968071282974E-002                  3.9300268305728242E-001                  6.6409327069551638E-001                  3.2455052608606234E+003                  3.9303435688654648E-001                  5.4595842982580867E-001                 -3.0622292475509886E-013                 -3.3873698037441620E-013                  3.2514055619317368E-014                 -1.0990716310371003E+001                 -1.2898876301972701E+001                 -8.9885928895894143E+000 
                                     992                  4.3285800421664311E-001                 -5.7169544514381410E-001                  7.2765577713617304E+000                  1.4364638807377084E+000                  1.6841513462823958E+001                  6.9908067119272010E-001                  2.8037636072553623E-001                  2.0542968081743718E-002                  3.9294209994132634E-001                  6.6112285611432287E-001                  3.4517708515411991E+003                  3.9296229671417177E-001                  5.7330169396422681E-001                 -3.3333408923743057E-013                 -3.6354838467793392E-013                  3.0214295440503364E-014                 -1.0974027384424504E+001                 -1.2822555012471184E+001                 -8.9989805251837183E+000 
                                     993                  4.2321529002789648E-001                 -5.7547941756964405E-001                  7.2783443057155051E+000                  1.4392076578047628E+000                  1.6846060348206976E+001                  6.9908067115689165E-001                  2.8037636075462263E-001                  2.0542968088485658E-002                  3.9289823614045261E-001                  6.5914819494642696E-001                  3.5501807765357407E+003                  3.9292014592319535E-001                  5.8706198913442409E-001                 -3.4543764397542388E-013                 -3.7422139970846053E-013                  2.8783755733036631E-014                 -1.0967383293359033E+001                 -1.2788529883814862E+001                 -9.0052417603394463E+000 
                                     994                  4.1362243069226051E-001                 -5.7931993132392079E-001                  7.2801295601538563E+000                  1.4419501542588398E+000                  1.6850604431099903E+001                  6.9908067112182948E-001                  2.8037636078313871E-001                  2.0542968095031755E-002                  3.9285681680706347E-001                  6.5717557247914549E-001                  3.6444527068450343E+003                  3.9287756264983187E-001                  6.0116017952994583E-001                 -3.5661227036112935E-013                 -3.8419557251090296E-013                  2.7583302149773620E-014                 -1.0960810292438961E+001                 -1.2756992259519755E+001                 -9.0115667696021706E+000 
                                     995                  4.0402957135662454E-001                 -5.8323994046738958E-001                  7.2814693625434623E+000                  1.4440115297199365E+000                  1.6854017746266482E+001                  6.9908067109652694E-001                  2.8037636080368772E-001                  2.0542968099785286E-002                  3.9282954364592615E-001                  6.5569619717678695E-001                  3.7409367028439419E+003                  3.9283863695122523E-001                  6.1514954578484737E-001                 -3.6644371483371367E-013                 -3.9290776875078191E-013                  2.6464053917068259E-014                 -1.0953305885408847E+001                 -1.2724926163466474E+001                 -9.0169783364102205E+000 
                                     996                  3.9926102514977380E-001                 -5.8521929024861918E-001                  7.2823596127395920E+000                  1.4453795298722580E+000                  1.6856284046359274E+001                  6.9908067107999439E-001                  2.8037636081710421E-001                  2.0542968102901460E-002                  3.9281382343533194E-001                  6.5471235876259404E-001                  3.7888495708476476E+003                  3.9282172181671848E-001                  6.2264516167363526E-001                 -3.7177001262571065E-013                 -3.9746242905045091E-013                  2.5692416424740255E-014                 -1.0949995047391324E+001                 -1.2709673895397382E+001                 -9.0202204867505014E+000 
                                     997                  3.9449247894292305E-001                 -5.8721972389220101E-001                  7.2832508878257904E+000                  1.4467491815797047E+000                  1.6858553040180336E+001                  6.9908067106368788E-001                  2.8037636083032769E-001                  2.0542968105984438E-002                  3.9280022633061029E-001                  6.5372715696941108E-001                  3.8359662241924789E+003                  3.9280706384411262E-001                  6.2993846061978276E-001                 -3.7644781683508948E-013                 -4.0150507360715008E-013                  2.5057256772060611E-014                 -1.0946919621557033E+001                 -1.2694915237734920E+001                 -9.0234970262878011E+000 
                                     998                  3.8972393273607214E-001                 -5.8924175634885756E-001                  7.2841432353239757E+000                  1.4481205218494440E+000                  1.6860824836519647E+001                  6.9908067104764471E-001                  2.8037636084332757E-001                  2.0542968109027671E-002                  3.9278879284297286E-001                  6.5274044685594157E-001                  3.8858305402396163E+003                  3.9279454923107987E-001                  6.3735037953243245E-001                 -3.8096208275142587E-013                 -4.0541081326891113E-013                  2.4448730517485248E-014                 -1.0943855706547591E+001                 -1.2679447127027315E+001                 -9.0268090881362024E+000 
                                     999                  3.8495538652922107E-001                 -5.9128592159786486E-001                  7.2852554329651058E+000                  1.4498286124184090E+000                  1.6863655315852107E+001                  6.9908067102796423E-001                  2.8037636085926243E-001                  2.0542968112773341E-002                  3.9277739345934931E-001                  6.5150964145381896E-001                  3.9356858600979313E+003                  3.9278425555248608E-001                  6.4488225538897415E-001                 -3.8537973137195650E-013                 -4.0917912237631293E-013                  2.3799391004356433E-014                 -1.0941477289780396E+001                 -1.2664550217297652E+001                 -9.0306686442861785E+000 
                                    1000                  3.7784908609894541E-001                 -5.9437450960109262E-001                  7.2865895478635823E+000                  1.4518787802871604E+000                  1.6867051990504468E+001                  6.9908067100494320E-001                  2.8037636087788015E-001                  2.0542968117176708E-002                  3.9276767412661878E-001                  6.5003264849205289E-001                  4.0084356827091337E+003                  3.9277257510438146E-001                  6.5608747747550356E-001                 -3.9127986087011492E-013                 -4.1428088995662427E-013                  2.3001029086509331E-014                 -1.0937116022298492E+001                 -1.2642762962476432E+001                 -9.0357242082229110E+000 
                                    1001                  3.7074278566866969E-001                 -5.9751540706718298E-001                  7.2879232327910684E+000                  1.4539281527559134E+000                  1.6870447659981227E+001                  6.9908067098248350E-001                  2.8037636089602197E-001                  2.0542968121494587E-002                  3.9276120720997398E-001                  6.4855467240176778E-001                  4.0757242777828596E+003                  3.9276447515925850E-001                  6.6782191884670739E-001                 -3.9718149892700239E-013                 -4.1934655408085264E-013                  2.2165055153850232E-014                 -1.0932585085946764E+001                 -1.2623158169504155E+001                 -9.0408337130905103E+000 
                                    1002                  3.6367081522933925E-001                 -6.0069507595375560E-001                  7.2892566042316798E+000                  1.4559769101150672E+000                  1.6873842596737457E+001                  6.9908067096064530E-001                  2.8037636091364010E-001                  2.0542968125714545E-002                  3.9274799777898156E-001                  6.4707532371701848E-001                  4.1515108823761739E+003                  3.9275464578019426E-001                  6.7942796040449616E-001                 -4.0238457399676827E-013                 -4.2373268433701400E-013                  2.1348110340245744E-014                 -1.0928285440027041E+001                 -1.2601208868377682E+001                 -9.0459504889852607E+000 
                                    1003                  3.5659884479000858E-001                 -6.0393068278479134E-001                  7.2903695031199440E+000                  1.4576880719880512E+000                  1.6876677432803131E+001                  6.9908067094287352E-001                  2.8037636092795937E-001                  2.0542968129167116E-002                  3.9273015851180026E-001                  6.4583953089968793E-001                  4.2251213900527173E+003                  3.9273732817498502E-001                  6.9240682854596947E-001                 -4.0824168414433702E-013                 -4.2886762767031154E-013                  2.0625943525974543E-014                 -1.0922586517872316E+001                 -1.2579995651200093E+001                 -9.0505745548487262E+000 
                                    1004                  3.5189564116076982E-001                 -6.0611457954642511E-001                  7.2912597018104073E+000                  1.4590559772851530E+000                  1.6878944181733583E+001                  6.9908067092882953E-001                  2.8037636093926538E-001                  2.0542968131905148E-002                  3.9271218638747729E-001                  6.4484965597585697E-001                  4.2668089302039143E+003                  3.9272121747563021E-001                  7.0075760214126803E-001                 -4.1158265091509366E-013                 -4.3167124790824767E-013                  2.0088596993154003E-014                 -1.0919520360000634E+001                 -1.2568535607417894E+001                 -9.0540065290228711E+000 
                                    1005                  3.4719243753153112E-001                 -6.0832490093367708E-001                  7.2925893297410198E+000                  1.4610966577306697E+000                  1.6882327402026238E+001                  6.9908067090816373E-001                  2.8037636095588764E-001                  2.0542968135948581E-002                  3.9268090783270421E-001                  6.4336831741652400E-001                  4.3127923158120229E+003                  3.9270174964498455E-001                  7.0916345403122150E-001                 -4.1473494096994413E-013                 -4.3426437420595191E-013                  1.9529433236007794E-014                 -1.0917811956703545E+001                 -1.2556538735834028E+001                 -9.0584405723928096E+000 
                                    1006                  3.3786173493418731E-001                 -6.1279108965692386E-001                  7.2943642882544042E+000                  1.4638249599057040E+000                  1.6886847802199412E+001                  6.9908067088141213E-001                  2.8037636097736657E-001                  2.0542968141221252E-002                  3.9263534157657698E-001                  6.4138823692318037E-001                  4.4069830349177982E+003                  3.9265817172116546E-001                  7.2650980194109305E-001                 -4.2052174080495248E-013                 -4.3923113220266295E-013                  1.8709391397710441E-014                 -1.0911646017616743E+001                 -1.2531000706728200E+001                 -9.0653395383194084E+000 
                                    1007                  3.2853103233684355E-001                 -6.1737014350656472E-001                  7.2959174481202353E+000                  1.4662144884016481E+000                  1.6890805389617864E+001                  6.9908067085873915E-001                  2.8037636099553709E-001                  2.0542968145723761E-002                  3.9259703762353543E-001                  6.3965207192927231E-001                  4.5002645672686431E+003                  3.9261341762339924E-001                  7.4419881133267551E-001                 -4.2556997251082856E-013                 -4.4344354439619603E-013                  1.7873571885367493E-014                 -1.0904955129765590E+001                 -1.2506001853368671E+001                 -9.0718475386983393E+000 
                                    1008                  3.2159565482952496E-001                 -6.2085062175590555E-001                  7.2972453424535288E+000                  1.4682563497573189E+000                  1.6894187858229333E+001                  6.9908067083980674E-001                  2.8037636101068830E-001                  2.0542968149504959E-002                  3.9256906253949075E-001                  6.3816383714449043E-001                  4.5694250012369848E+003                  3.9258309942838876E-001                  7.5836011866701114E-001                 -4.2953427560802156E-013                 -4.4672958269219083E-013                  1.7195307084169257E-014                 -1.0900162791918200E+001                 -1.2488112668522136E+001                 -9.0771643857978948E+000 
                                    1009                  3.1466027732220642E-001                 -6.2439991019981522E-001                  7.2985740809063824E+000                  1.4702996995657127E+000                  1.6897572707966503E+001                  6.9908067082123859E-001                  2.8037636102552649E-001                  2.0542968153234975E-002                  3.9254797317352513E-001                  6.3667122279153199E-001                  4.6316816841536902E+003                  3.9255854295377385E-001                  7.7289776003653698E-001                 -4.3311055690526086E-013                 -4.4970409857746421E-013                  1.6593541672203333E-014                 -1.0895397307822911E+001                 -1.2472496698410191E+001                 -9.0825759226763871E+000 
                                    1010                  3.0775806420471663E-001                 -6.2800358265165279E-001                  7.2999038529703917E+000                  1.4723446345728355E+000                  1.6900960316790187E+001                  6.9908067080302161E-001                  2.8037636104006231E-001                  2.0542968156916031E-002                  3.9253534826789233E-001                  6.3517367835715977E-001                  4.6917009942505356E+003                  3.9254171206904775E-001                  7.8732905823633181E-001                 -4.3598879533253621E-013                 -4.5202739498517892E-013                  1.6038599652642705E-014                 -1.0890943776561297E+001                 -1.2457779567092658E+001                 -9.0880809987480582E+000 
                                    1011                  3.0085585108722707E-001                 -6.3168167435615008E-001                  7.3012311902731168E+000                  1.4743857362149961E+000                  1.6904341853813069E+001                  6.9908067078516023E-001                  2.8037636105429259E-001                  2.0542968160547126E-002                  3.9252730736954011E-001                  6.3367488824763141E-001                  4.7491791230726740E+003                  3.9253135920214427E-001                  8.0210812616533667E-001                 -4.3851344006216977E-013                 -4.5401607154307058E-013                  1.5502631480900832E-014                 -1.0886521121177731E+001                 -1.2443994680734935E+001                 -9.0936706852625591E+000 
                                    1012                  2.9402515864955875E-001                 -6.3539830718324897E-001                  7.3025562087402980E+000                  1.4764230771006046E+000                  1.6907717527052416E+001                  6.9908067076766622E-001                  2.8037636106820846E-001                  2.0542968164125375E-002                  3.9251546000499865E-001                  6.3217482100486067E-001                  4.8083607666477974E+003                  3.9252143689043151E-001                  8.1615269516511335E-001                 -4.4002494387390620E-013                 -4.5498120741826865E-013                  1.4956263544362490E-014                 -1.0882681398429000E+001                 -1.2429925998035227E+001                 -9.0992862289691594E+000 
                                    1013                  2.8719446621189076E-001                 -6.3919479030546433E-001                  7.3038809903365918E+000                  1.4784600138712602E+000                  1.6911092758651954E+001                  6.9908067075065650E-001                  2.8037636108171743E-001                  2.0542968167626130E-002                  3.9249682971067368E-001                  6.3067139054849952E-001                  4.8841141251520057E+003                  3.9250616332614136E-001                  8.3096169802827990E-001                 -4.4152876606912827E-013                 -4.5592971491132670E-013                  1.4400948842198439E-014                 -1.0878605431429612E+001                 -1.2411602434974359E+001                 -9.1049472734076051E+000 
                                    1014                  2.8041585671825903E-001                 -6.4304505141385659E-001                  7.3052056683518121E+000                  1.4804968152597728E+000                  1.6914467890195095E+001                  6.9908067073404756E-001                  2.8037636109488656E-001                  2.0542968171065823E-002                  3.9247018695198393E-001                  6.2916467049217217E-001                  4.9561306521114084E+003                  3.9248356350734820E-001                  8.4791138120248777E-001                 -4.4392378613881165E-013                 -4.5781725398877163E-013                  1.3893467849959992E-014                 -1.0873602932123640E+001                 -1.2394543293934097E+001                 -9.1106299379365723E+000 
                                    1015                  2.7363724722462729E-001                 -6.4698175988037121E-001                  7.3064185858823345E+000                  1.4823626013497275E+000                  1.6917559151391554E+001                  6.9908067071900049E-001                  2.8037636110679737E-001                  2.0542968174202203E-002                  3.9243899243625868E-001                  6.2778251875722946E-001                  5.0027647948562399E+003                  3.9245313945088334E-001                  8.6469493201972791E-001                 -4.4549557198656486E-013                 -4.5894415793074804E-013                  1.3448585944183158E-014                 -1.0868553166623997E+001                 -1.2384154587405188E+001                 -9.1161078615283522E+000 
                                    1016                  2.6805270634887396E-001                 -6.5029299605555535E-001                  7.3075178966812455E+000                  1.4840532601534620E+000                  1.6920360504184263E+001                  6.9908067070557900E-001                  2.8037636111740644E-001                  2.0542968177014620E-002                  3.9240600610429299E-001                  6.2652749375165540E-001                  5.0482432552517912E+003                  3.9242255612798771E-001                  8.7683990997498273E-001                 -4.4529500671436233E-013                 -4.5833591202586951E-013                  1.3040905311507223E-014                 -1.0865681027629979E+001                 -1.2373985406606590E+001                 -9.1208833653743540E+000 
                                    1017                  2.6246816547312063E-001                 -6.5366842622795629E-001                  7.3091715691626931E+000                  1.4865928109298518E+000                  1.6924570779183821E+001                  6.9908067068585900E-001                  2.8037636113297121E-001                  2.0542968181169741E-002                  3.9235078537931284E-001                  6.2463466281464719E-001                  5.1133442679119453E+003                  3.9238765684516597E-001                  8.9077757894012399E-001                 -4.4587602923998726E-013                 -4.5846329211156547E-013                  1.2587262871578164E-014                 -1.0863700723449085E+001                 -1.2359698419609719E+001                 -9.1269088561805116E+000 
                                    1018                  2.5129908372161402E-001                 -6.6062319909778888E-001                  7.3108306486872241E+000                  1.4891501232921285E+000                  1.6928804048158980E+001                  6.9908067066667623E-001                  2.8037636114806658E-001                  2.0542968185257138E-002                  3.9229347134809678E-001                  6.2273461246603012E-001                  5.2185740998891661E+003                  3.9231242846660991E-001                  9.2207791321667587E-001                 -4.4748176821005810E-013                 -4.5943848134429399E-013                  1.1956713134235937E-014                 -1.0853651586541853E+001                 -1.2335550164599745E+001                 -9.1355114854088999E+000 
                                    1019                  2.4580480616301068E-001                 -6.6414992770997627E-001                  7.3119282266565984E+000                  1.4908394905890072E+000                  1.6931602034665119E+001                  6.9908067065414981E-001                  2.8037636115790876E-001                  2.0542968187941435E-002                  3.9225714095054359E-001                  6.2147469578370007E-001                  5.2607865034948481E+003                  3.9227536630612969E-001                  9.3626902775350518E-001                 -4.4700690002658051E-013                 -4.5855018001662504E-013                  1.1543279990044520E-014                 -1.0850369628974862E+001                 -1.2326633967893882E+001                 -9.1404486474244191E+000 
                                    1020                  2.4031052860440733E-001                 -6.6775051373377381E-001                  7.3130302175344584E+000                  1.4925360075695275E+000                  1.6934411519204634E+001                  6.9908067064185364E-001                  2.8037636116755482E-001                  2.0542968190591537E-002                  3.9222409969507016E-001                  6.2020825575647198E-001                  5.3163572719980320E+003                  3.9224068123099176E-001                  9.5094261108501532E-001                 -4.4635900020543867E-013                 -4.5752022912377170E-013                  1.1161228918333061E-014                 -1.0847045935375224E+001                 -1.2314538687159988E+001                 -9.1454708203058335E+000 
                                    1021                  2.3481625104580400E-001                 -6.7142836227704594E-001                  7.3141368310522399E+000                  1.4942399310342545E+000                  1.6937233005208391E+001                  6.9908067062973756E-001                  2.8037636117704434E-001                  2.0542968193218103E-002                  3.9219704256093224E-001                  6.1893511129806222E-001                  5.3729642319029463E+003                  3.9221063291599401E-001                  9.6777605356079599E-001                 -4.4641516151934408E-013                 -4.5721853963442568E-013                  1.0803378115081583E-014                 -1.0842957839592124E+001                 -1.2302369785687567E+001                 -9.1506017429680355E+000 
                                    1022                  2.2932197348720068E-001                 -6.7518711976889445E-001                  7.3151292188045769E+000                  1.4957686862704809E+000                  1.6939763952758973E+001                  6.9908067061901302E-001                  2.8037636118543013E-001                  2.0542968195556899E-002                  3.9217657008518025E-001                  6.1779242815706326E-001                  5.4198271467209524E+003                  3.9218563918283061E-001                  9.8428698832377903E-001                 -4.4578779660569299E-013                 -4.5627186233243120E-013                  1.0484065726738234E-014                 -1.0838886539810598E+001                 -1.2292541296659058E+001                 -9.1555788939096026E+000 
                                    1023                  2.2500624323844895E-001                 -6.7819887297262005E-001                  7.3160053786190824E+000                  1.4971179896368594E+000                  1.6941998098906659E+001                  6.9908067060965473E-001                  2.8037636119273796E-001                  2.0542968197607259E-002                  3.9216004027674867E-001                  6.1678257351281551E-001                  5.4571066781113068E+003                  3.9216836842345670E-001                  9.9729942433985752E-001                 -4.4500410037739855E-013                 -4.5522496358678122E-013                  1.0220863209382658E-014                 -1.0836110174139126E+001                 -1.2284937455779740E+001                 -9.1597724887323402E+000 
                                    1024                  2.2069051298969750E-001                 -6.8126497480691739E-001                  7.3173237929993320E+000                  1.4991457804981367E+000                  1.6945357477688969E+001                  6.9908067059574264E-001                  2.8037636120358705E-001                  2.0542968200670364E-002                  3.9213543083641544E-001                  6.1526072375967467E-001                  5.4963397238712832E+003                  3.9215190099431824E-001                  1.0104840316775048E+000                 -4.4404895250234435E-013                 -4.5397898471466929E-013                  9.9300322123249283E-015                 -1.0834743368141336E+001                 -1.2277620181252829E+001                 -9.1650221768837543E+000 
                                    1025                  2.1205905249219431E-001                 -6.8756899752664391E-001                  7.3190811789455266E+000                  1.5018525274638386E+000                  1.6949839415757001E+001                  6.9908067057769196E-001                  2.8037636121762438E-001                  2.0542968204683598E-002                  3.9209972364424278E-001                  6.1323097787313041E-001                  5.5759550861245216E+003                  3.9211748961744880E-001                  1.0378266762914914E+000                 -4.4161185040864331E-013                 -4.5108430135830003E-013                  9.4724509496567052E-015                 -1.0829276075758193E+001                 -1.2261584051277611E+001                 -9.1737135854562890E+000 
                                    1026                  2.0357402411305131E-001                 -6.9400458204584625E-001                  7.3203991745476182E+000                  1.5038851818895693E+000                  1.6953203612486000E+001                  6.9908067056450129E-001                  2.8037636122785309E-001                  2.0542968207645673E-002                  3.9207064873470321E-001                  6.1170796450057041E-001                  5.6531566677534975E+003                  3.9208040673095929E-001                  1.0661296557826678E+000                 -4.3869400909334623E-013                 -4.4772455524350879E-013                  9.0305461501625557E-015                 -1.0822535655859790E+001                 -1.2245685170031553E+001                 -9.1815459576559633E+000 
                                    1027                  1.9933150992347998E-001                 -6.9731721995920570E-001                  7.3212811169758893E+000                  1.5052436007910064E+000                  1.6955453122954289E+001                  6.9908067055578060E-001                  2.8037636123460563E-001                  2.0542968209613766E-002                  3.9205012667054584E-001                  6.1068760662014909E-001                  5.6915814038996550E+003                  3.9206045467740414E-001                  1.0806445599358165E+000                 -4.3700065513654041E-013                 -4.4575837649078624E-013                  8.7577213542458580E-015                 -1.0819882243807120E+001                 -1.2238197524467742E+001                 -9.1860386226494164E+000 
                                    1028                  1.9508899573390834E-001                 -7.0069672719394205E-001                  7.3225925559904725E+000                  1.5072611263780678E+000                  1.6958795764545702E+001                  6.9908067054297396E-001                  2.8037636124450721E-001                  2.0542968212518886E-002                  3.9201853471937537E-001                  6.0916870178809013E-001                  5.7329903493885386E+003                  3.9203953019408555E-001                  1.0954857151345123E+000                 -4.3513810866629087E-013                 -4.4363048607883427E-013                  8.4923774125433994E-015                 -1.0818517762178102E+001                 -1.2230718850774016E+001                 -9.1915248957809421E+000 
                                    1029                  1.8676319916517109E-001                 -7.0753480779421407E-001                  7.3243466374851600E+000                  1.5099635661232638E+000                  1.6963270527107543E+001                  6.9908067052628509E-001                  2.8037636125737131E-001                  2.0542968216343604E-002                  3.9197583189790769E-001                  6.0713696540435891E-001                  5.8099529354016922E+003                  3.9199725215291059E-001                  1.1263436692106246E+000                 -4.3117672490225644E-013                 -4.3926149759491067E-013                  8.0847726926542449E-015                 -1.0813023470768314E+001                 -1.2215918776217947E+001                 -9.2006158729271466E+000 
                                    1030                  1.7843740259643387E-001                 -7.1466633676133218E-001                  7.3256663893876359E+000                  1.5120001199681401E+000                  1.6966640362651717E+001                  6.9908067051404965E-001                  2.8037636126677296E-001                  2.0542968219177338E-002                  3.9194486009588930E-001                  6.0560846067718810E-001                  5.8811825392108867E+003                  3.9195510992515531E-001                  1.1580359249990235E+000                 -4.2628505300605368E-013                 -4.3397440792462476E-013                  7.6893549185710661E-015                 -1.0806429420974496E+001                 -1.2201935030236459E+001                 -9.2089924273959927E+000 
                                    1031                  1.7436109812904504E-001                 -7.1827317906106702E-001                  7.3265377923729140E+000                  1.5133432550978057E+000                  1.6968863698924963E+001                  6.9908067050606493E-001                  2.8037636127289867E-001                  2.0542968221036406E-002                  3.9192616247465695E-001                  6.0459841672968240E-001                  5.9176336917616545E+003                  3.9193558194022976E-001                  1.1740319634871272E+000                 -4.2364223402287968E-013                 -4.3110615921399126E-013                  7.4639251911115703E-015                 -1.0803895707803907E+001                 -1.2195124841894359E+001                 -9.2136733160645754E+000 
                                    1032                  1.7028479366165591E-001                 -7.2196061882481632E-001                  7.3274136746958032E+000                  1.5146935253719465E+000                  1.6971098567952723E+001                  6.9908067049806644E-001                  2.8037636127902482E-001                  2.0542968222908797E-002                  3.9190840570248975E-001                  6.0358304673572671E-001                  5.9464081445862694E+003                  3.9191735532858157E-001                  1.1902955106475468E+000                 -4.2076333857995732E-013                 -4.2802792098349843E-013                  7.2645824035411104E-015                 -1.0801422903494807E+001                 -1.2190050795052697E+001                 -9.2184383243626247E+000 
                                    1033                  1.6620848919426673E-001                 -7.2573254486825267E-001                  7.3282942173333749E+000                  1.5160512066960354E+000                  1.6973345429155135E+001                  6.9908067049019174E-001                  2.8037636128504623E-001                  2.0542968224761982E-002                  3.9189091230897899E-001                  6.0256218142022400E-001                  5.9833168503128845E+003                  3.9189973062198058E-001                  1.2034218389754816E+000                 -4.1648973675872548E-013                 -4.2354866818216387E-013                  7.0589314234383964E-015                 -1.0800248623110457E+001                 -1.2183245795374033E+001                 -9.2232965186206144E+000 
                                    1034                  1.6213218472687790E-001                 -7.2959313483135502E-001                  7.3291693857212179E+000                  1.5174008541931869E+000                  1.6975578718907549E+001                  6.9908067048246447E-001                  2.8037636129094501E-001                  2.0542968226590519E-002                  3.9187312278816366E-001                  6.0154750729185347E-001                  6.0201158994424231E+003                  3.9188198588018669E-001                  1.2231180816583584E+000                 -4.1419635119644371E-013                 -4.2104220724775930E-013                  6.8458560513155844E-015                 -1.0796852112498311E+001                 -1.2176515392546214E+001                 -9.2282351630717496E+000 
                                    1035                  1.5815012084198249E-001                 -7.3345438908713345E-001                  7.3300391256713624E+000                  1.5187422769764223E+000                  1.6977798218645521E+001                  6.9908067047489153E-001                  2.8037636129671611E-001                  2.0542968228392411E-002                  3.9185428767881891E-001                  6.0053910015060064E-001                  6.0582414624111552E+003                  3.9186377793864230E-001                  1.2364438485029476E+000                 -4.0966357224025652E-013                 -4.1628955994092955E-013                  6.6259877006730149E-015                 -1.0795845932131952E+001                 -1.2169553453218196E+001                 -9.2331883818504643E+000 
                                    1036                  1.5416805695708707E-001                 -7.3740905893739439E-001                  7.3313505931059888E+000                  1.5207626265289400E+000                  1.6981142535354245E+001                  6.9908067046375355E-001                  2.8037636130518939E-001                  2.0542968231057057E-002                  3.9182217206325654E-001                  5.9901778401003503E-001                  6.1037594779497749E+003                  3.9184365593940496E-001                  1.2573702434200518E+000                 -4.0732197725109348E-013                 -4.1371738977109494E-013                  6.3954125200014648E-015                 -1.0793685152425564E+001                 -1.2161737195774320E+001                 -9.2392091889512571E+000 
                                    1037                  1.4620392918729591E-001                 -7.4561865108786674E-001                  7.3330986229499873E+000                  1.5234596755546030E+000                  1.6985604335177491E+001                  6.9908067044910827E-001                  2.8037636131629129E-001                  2.0542968234600445E-002                  3.9176985092911326E-001                  5.9699147759387283E-001                  6.1739431437929125E+003                  3.9179574446360677E-001                  1.2944499044913149E+000                 -3.9992575212155536E-013                 -4.0598322730542592E-013                  6.0574751838705469E-015                 -1.0788998188030719E+001                 -1.2149491186929369E+001                 -9.2497004567057370E+000 
                                    1038                  1.3844514283506831E-001                 -7.5403684232875845E-001                  7.3344096270022776E+000                  1.5254851344242391E+000                  1.6988953595003210E+001                  6.9908067043840394E-001                  2.8037636132437643E-001                  2.0542968237219572E-002                  3.9172293254731094E-001                  5.9547289162642147E-001                  6.2392090006272856E+003                  3.9173864772197026E-001                  1.3320012230534128E+000                 -3.9181169803746749E-013                 -3.9754779653602215E-013                  5.7360984985546780E-015                 -1.0783511274695558E+001                 -1.2137829354980155E+001                 -9.2595036101598165E+000 
                                    1039                  1.3456574965895435E-001                 -7.5841613722967738E-001                  7.3352890453954087E+000                  1.5268420156932392E+000                  1.6991198691368087E+001                  6.9908067043130928E-001                  2.8037636132972515E-001                  2.0542968238965509E-002                  3.9169099452520761E-001                  5.9445392196815527E-001                  6.2733017679103014E+003                  3.9170703977508836E-001                  1.3512718221732620E+000                 -3.8742765899007027E-013                 -3.9296819074412770E-013                  5.5405317540574286E-015                 -1.0781589101802604E+001                 -1.2132113051272500E+001                 -9.2650849236233324E+000 
                                    1040                  1.3068635648284038E-001                 -7.6291774578441574E-001                  7.3361618157785422E+000                  1.5281886862670742E+000                  1.6993427043005234E+001                  6.9908067042436151E-001                  2.8037636133495308E-001                  2.0542968240685466E-002                  3.9166137944097301E-001                  5.9344290728976645E-001                  6.3072406759748355E+003                  3.9167604679471851E-001                  1.3710404778973804E+000                 -3.8281740391329378E-013                 -3.8818342130573341E-013                  5.3660173924396534E-015                 -1.0779683190157671E+001                 -1.2126461139746542E+001                 -9.2707711704152498E+000 
                                    1041                  1.2691899602020068E-001                 -7.6741337345710425E-001                  7.3370278368735882E+000                  1.5295248734917857E+000                  1.6995638267847262E+001                  6.9908067041755606E-001                  2.8037636134006438E-001                  2.0542968242379556E-002                  3.9163527284358385E-001                  5.9243996872847193E-001                  6.3399143085450314E+003                  3.9164840340243812E-001                  1.3908528214105382E+000                 -3.7816544130853748E-013                 -3.8336469399929785E-013                  5.1992526907603851E-015                 -1.0777886380676373E+001                 -1.2121094784305690E+001                 -9.2764507291629226E+000 
                                    1042                  1.2315163555756099E-001                 -7.7203861515087180E-001                  7.3383357260375872E+000                  1.5315401338969454E+000                  1.6998975327308727E+001                  6.9908067040740118E-001                  2.8037636134767624E-001                  2.0542968244922521E-002                  3.9160395833699396E-001                  5.9092513100466382E-001                  6.3725801628199124E+003                  3.9162491242748643E-001                  1.4110996898314672E+000                 -3.7330024962289533E-013                 -3.7832088421353222E-013                  5.0206345906368644E-015                 -1.0777508553208278E+001                 -1.2116441636357482E+001                 -9.2832326702137031E+000 
                                    1043                  1.1561691463228124E-001                 -7.8171099382480402E-001                  7.3398592400977671E+000                  1.5338925322267840E+000                  1.7002867673506699E+001                  6.9908067039581345E-001                  2.8037636135632749E-001                  2.0542968247859061E-002                  3.9157884256989894E-001                  5.8916312337432142E-001                  6.4350240110343266E+003                  3.9158942660323770E-001                  1.4529649287948507E+000                 -3.6280772871351558E-013                 -3.6753180305696569E-013                  4.7240743434501363E-015                 -1.0773521839530350E+001                 -1.2106060104319504E+001                 -9.2946852765736434E+000 
                                    1044                  1.1019923317677577E-001                 -7.8904724928619674E-001                  7.3411487478433379E+000                  1.5358822544946629E+000                  1.7006160845910390E+001                  6.9908067038625954E-001                  2.8037636136343891E-001                  2.0542968250301552E-002                  3.9156431435379840E-001                  5.8767246755764946E-001                  6.4821797453712506E+003                  3.9157165762847246E-001                  1.4802248312157047E+000                 -3.5380946772137161E-013                 -3.5828493355225360E-013                  4.4754658308819844E-015                 -1.0772584689287379E+001                 -1.2098469279707464E+001                 -9.3036669482858922E+000 
                                    1045                  1.0478155172127063E-001                 -7.9673894396702349E-001                  7.3424548212387473E+000                  1.5378977635260420E+000                  1.7009496439185053E+001                  6.9908067037681132E-001                  2.8037636137044991E-001                  2.0542968252738714E-002                  3.9155188529179752E-001                  5.8616392976323650E-001                  6.5306728155756591E+003                  3.9155817988571834E-001                  1.5181773998512353E+000                 -3.4636621631462922E-013                 -3.5060170543959344E-013                  4.2354891249642037E-015                 -1.0769045875848269E+001                 -1.2090673836678297E+001                 -9.3129916878349839E+000 
                                    1046                  9.9363870265765153E-002                 -8.0482367952352241E-001                  7.3437787861036856E+000                  1.5399411934716050E+000                  1.7012877844076765E+001                  6.9908067036738508E-001                  2.8037636137742228E-001                  2.0542968255192640E-002                  3.9153697727372455E-001                  5.8463620918360637E-001                  6.5757020916866704E+003                  3.9154451192313927E-001                  1.5513790143968573E+000                 -3.3707032568345297E-013                 -3.4108141509662279E-013                  4.0110894131698336E-015                 -1.0767476975055221E+001                 -1.2083643780557379E+001                 -9.3227111463028063E+000 
                                    1047                  9.3946188810259679E-002                 -8.1334537014669450E-001                  7.3448770441198361E+000                  1.5416377901452916E+000                  1.7015684152840663E+001                  6.9908067035974486E-001                  2.8037636138305477E-001                  2.0542968257200367E-002                  3.9151946524830888E-001                  5.8337055154919426E-001                  6.6173533032280338E+003                  3.9152634560063326E-001                  1.5895777294124349E+000                 -3.2788312829534892E-013                 -3.3168612476163098E-013                  3.8029964662820484E-015                 -1.0764436011217185E+001                 -1.2077008498961673E+001                 -9.3323637840724150E+000 
                                    1048                  9.0507865871242543E-002                 -8.1900342353955524E-001                  7.3457379459446335E+000                  1.5429669247437077E+000                  1.7017883082482694E+001                  6.9908067035382382E-001                  2.8037636138741040E-001                  2.0542968258765781E-002                  3.9150076961993352E-001                  5.8237901070830533E-001                  6.6433502370675897E+003                  3.9151019915265101E-001                  1.6132961496831402E+000                 -3.2149188622966849E-013                 -3.2515690428831425E-013                  3.6650180586457807E-015                 -1.0763487188124639E+001                 -1.2073151230316910E+001                 -9.3390820770233471E+000 
                                    1049                  8.7069542932225755E-002                 -8.2487328251150094E-001                  7.3466076647728160E+000                  1.5443098493510328E+000                  1.7020104654769323E+001                  6.9908067034783949E-001                  2.8037636139180278E-001                  2.0542968260357730E-002                  3.9147645505496781E-001                  5.8137814167017887E-001                  6.6686599691742822E+003                  3.9148869439880751E-001                  1.6374779825982384E+000                 -3.1481665055703531E-013                 -3.1834573721683374E-013                  3.5290866597984126E-015                 -1.0762726789224862E+001                 -1.2069468540085323E+001                 -9.3460299120568191E+000 
                                    1050                  8.3631219993208938E-002                 -8.3097195304405391E-001                  7.3474867107831434E+000                  1.5456673578327846E+000                  1.7022350209914958E+001                  6.9908067034195809E-001                  2.8037636139610983E-001                  2.0542968261932026E-002                  3.9144574238690355E-001                  5.8036743152489190E-001                  6.6902002868470627E+003                  3.9146118070398178E-001                  1.6530662541285621E+000                 -3.0638426768358955E-013                 -3.0976103207910606E-013                  3.3767643955164977E-015                 -1.0764550858378547E+001                 -1.2066563053150364E+001                 -9.3532283967707333E+000 
                                    1051                  8.0192897054191803E-002                 -8.3731857960366118E-001                  7.3485592795297556E+000                  1.5473230358400694E+000                  1.7025089468172009E+001                  6.9908067033496579E-001                  2.8037636140121841E-001                  2.0542968263815853E-002                  3.9139969885028342E-001                  5.7913523270515443E-001                  6.7154341276128071E+003                  3.9142674889196893E-001                  1.6872419060936621E+000                 -3.0061694456564980E-013                 -3.0383579352747796E-013                  3.2188489618281363E-015                 -1.0762420501298744E+001                 -1.2063257759364502E+001                 -9.3610999321340191E+000 
                                    1052                  7.5332242616882261E-002                 -8.4675635917172209E-001                  7.3498372149218918E+000                  1.5492971737001566E+000                  1.7028354795003057E+001                  6.9908067032671584E-001                  2.8037636140722544E-001                  2.0542968266058725E-002                  3.9133372183718879E-001                  5.7766938043853733E-001                  6.7548675247978053E+003                  3.9136679308740896E-001                  1.7175691709792700E+000                 -2.8891791662612901E-013                 -2.9195089783093311E-013                  3.0329812048040738E-015                 -1.0763948785044182E+001                 -1.2057563192808175E+001                 -9.3721865405597029E+000 
                                    1053                  7.0471588179573053E-002                 -8.5680518500549974E-001                  7.3511384820513257E+000                  1.5513076671261183E+000                  1.7031680315745582E+001                  6.9908067031850063E-001                  2.8037636141318595E-001                  2.0542968268313366E-002                  3.9126385457569440E-001                  5.7617908155154185E-001                  6.7906393915246244E+003                  3.9129887162768029E-001                  1.7650996839210402E+000                 -2.7890053088086187E-013                 -2.8175133125494001E-013                  2.8508003740781514E-015                 -1.0761991913423838E+001                 -1.2052674318864476E+001                 -9.3839369812983211E+000 
                                    1054                  6.5610933742263844E-002                 -8.6755215366209015E-001                  7.3521341466937598E+000                  1.5528477364570035E+000                  1.7034226767258790E+001                  6.9908067031229582E-001                  2.8037636141767130E-001                  2.0542968270032880E-002                  3.9121952274595456E-001                  5.7504084876884054E-001                  6.8199175852109665E+003                  3.9123438342548239E-001                  1.7988054304769920E+000                 -2.6612532422518266E-013                 -2.6878747464804683E-013                  2.6621504228641705E-015                 -1.0763358403165574E+001                 -1.2048597880916983E+001                 -9.3956910996910334E+000 
                                    1055                  6.3180606523609073E-002                 -8.7321989429593627E-001                  7.3528046476432749E+000                  1.5538838580903893E+000                  1.7035940696297519E+001                  6.9908067030825849E-001                  2.8037636142058436E-001                  2.0542968271157092E-002                  3.9119506785017727E-001                  5.7427484861447931E-001                  6.8271047428735119E+003                  3.9120737872775951E-001                  1.8178288486276153E+000                 -2.5975698023664313E-013                 -2.6229260526561622E-013                  2.5356250289730919E-015                 -1.0764373149098505E+001                 -1.2048254936540472E+001                 -9.4022346412988291E+000 
                                    1056                  6.0750279304954302E-002                 -8.7910426261950447E-001                  7.3539556986336185E+000                  1.5556601048597507E+000                  1.7038880677202751E+001                  6.9908067030148358E-001                  2.8037636142546324E-001                  2.0542968273053130E-002                  3.9116341821989842E-001                  5.7296067972373532E-001                  6.8409894541435679E+003                  3.9118583721602362E-001                  1.8495189989385039E+000                 -2.5466192040889779E-013                 -2.5708130512257251E-013                  2.4193847136747017E-015                 -1.0764119309323874E+001                 -1.2047372296999278E+001                 -9.4100471115000204E+000 
                                    1057                  5.4922662016520796E-002                 -8.9420728689660767E-001                  7.3556281047771739E+000                  1.5582447159415851E+000                  1.7043156308372193E+001                  6.9908067029171661E-001                  2.8037636143246308E-001                  2.0542968275820250E-002                  3.9113849644293014E-001                  5.7105586452533863E-001                  6.8808032099119810E+003                  3.9115104147118834E-001                  1.9069135250469071E+000                 -2.3904117445219164E-013                 -2.4126299886311168E-013                  2.2218244109200322E-015                 -1.0765772280179300E+001                 -1.2042366653399649E+001                 -9.4273311567806584E+000 
                                    1058                  4.9095044728087622E-002                 -9.1096541530534703E-001                  7.3569240083729319E+000                  1.5602500877873948E+000                  1.7046472083646456E+001                  6.9908067028439491E-001                  2.8037636143768380E-001                  2.0542968277921236E-002                  3.9113185425391617E-001                  5.6958355589521525E-001                  6.9040713203412452E+003                  3.9113415251301548E-001                  1.9675173067476706E+000                 -2.2222548265747207E-013                 -2.2424916758729625E-013                  2.0236849298241740E-015                 -1.0767436920354527E+001                 -1.2039941425967164E+001                 -9.4453862050752164E+000 
                                    1059                  4.6181236083870869E-002                 -9.2008938599657641E-001                  7.3578029469690263E+000                  1.5616084634138920E+000                  1.7048719257644898E+001                  6.9908067027950815E-001                  2.8037636144115918E-001                  2.0542968279332663E-002                  3.9113072858330655E-001                  5.6858599444401747E-001                  6.9144745230330209E+003                  3.9113137554894040E-001                  1.9987744837186312E+000                 -2.1331579867816149E-013                 -2.1522726636480160E-013                  1.9114676866401226E-015                 -1.0769598419759356E+001                 -1.2039315831073939E+001                 -9.4556436017881467E+000 
                                    1060                  4.3267427439654449E-002                 -9.2979586477751974E-001                  7.3586987454033403E+000                  1.5629928934441253E+000                  1.7051009541909711E+001                  6.9908067027453136E-001                  2.8037636144468892E-001                  2.0542968280779728E-002                  3.9113024407658448E-001                  5.6757058324766918E-001                  6.9290416888709724E+003                  3.9113057122707201E-001                  2.0307171306467691E+000                 -2.0625778295851710E-013                 -2.0806406760003424E-013                  1.8062846415171371E-015                 -1.0772300317392643E+001                 -1.2037934931095528E+001                 -9.4665043542327982E+000 
                                    1061                  4.0353618795437696E-002                 -9.4016590784264520E-001                  7.3596130619647226E+000                  1.5644059422658647E+000                  1.7053347178482024E+001                  6.9908067026956189E-001                  2.8037636144820355E-001                  2.0542968282234564E-002                  3.9112841752236527E-001                  5.6653554605686529E-001                  7.0564272606947434E+003                  3.9112941763560982E-001                  2.0443945685504845E+000                 -2.0156562008623391E-013                 -2.0326252727652467E-013                  1.6969071902907632E-015                 -1.0779635383818778E+001                 -1.2015589384156240E+001                 -9.4780527270274160E+000 
                                    1062                  3.7439810151220942E-002                 -9.5129879331732181E-001                  7.3606845712270355E+000                  1.5660612614420020E+000                  1.7056086066714649E+001                  6.9908067026389020E-001                  2.8037636145220324E-001                  2.0542968283906560E-002                  3.9112190112332135E-001                  5.6532416965975596E-001                  7.1998615685830900E+003                  3.9112566568145940E-001                  2.0931304544356646E+000                 -1.9929266887184153E-013                 -2.0087855939318169E-013                  1.5858905213401586E-015                 -1.0780836206642959E+001                 -1.1991001641785942E+001                 -9.4906916034909710E+000 
                                    1063                  3.3672578285010413E-002                 -9.6702775021158993E-001                  7.3619318914605003E+000                  1.5679890139148125E+000                  1.7059275230549847E+001                  6.9908067025734644E-001                  2.8037636145679973E-001                  2.0542968285853780E-002                  3.9110488073695804E-001                  5.6391674909424516E-001                  7.3729569737066631E+003                  3.9111348478386765E-001                  2.1305759805611046E+000                 -1.9352617193749686E-013                 -1.9498353464593138E-013                  1.4573627084345075E-015                 -1.0788726031548801E+001                 -1.1961949933357952E+001                 -9.5080371001828006E+000 
                                    1064                  2.9905346418799553E-002                 -9.8459327394951124E-001                  7.3632244151463011E+000                  1.5699867227639595E+000                  1.7062580175768332E+001                  6.9908067025061649E-001                  2.8037636146150757E-001                  2.0542968287875940E-002                  3.9107367690127048E-001                  5.6246123869008113E-001                  7.5645130886027355E+003                  3.9108937785772568E-001                  2.1979355956547630E+000                 -1.8894002162234097E-013                 -1.9026828262979004E-013                  1.3282610074490824E-015                 -1.0792636619389764E+001                 -1.1930501425611471E+001                 -9.5272782300204018E+000 
                                    1065                  2.6138114552588691E-002                 -1.0044899882793037E+000                  7.3645706941129729E+000                  1.5720677180149816E+000                  1.7066022903013295E+001                  6.9908067024377540E-001                  2.8037636146627248E-001                  2.0542968289952057E-002                  3.9102986408095236E-001                  5.6094845323912856E-001                  7.7853416424843117E+003                  3.9105187335384567E-001                  2.2137809594716478E+000                 -1.7961756985434211E-013                 -1.8080825110309946E-013                  1.1906812487573493E-015                 -1.0809259651246967E+001                 -1.1895041558594194E+001                 -9.5489009562286551E+000 
                                    1066                  2.2370882686378161E-002                 -1.0274442737669351E+000                  7.3656801122677056E+000                  1.5737844060959749E+000                  1.7068861806568389E+001                  6.9908067023834819E-001                  2.8037636147003508E-001                  2.0542968291616726E-002                  3.9099003210125699E-001                  5.5970482330108928E-001                  8.0549997814408225E+003                  3.9100462121053470E-001                  2.3170553852326350E+000                 -1.7453900324757837E-013                 -1.7559073899251409E-013                  1.0517357449357122E-015                 -1.0811327789142672E+001                 -1.1852336466617992E+001                 -9.5729947854079569E+000 
                                    1067                  2.0219571445797949E-002                 -1.0423329434307973E+000                  7.3665118347298701E+000                  1.5750703644787041E+000                  1.7070989111785110E+001                  6.9908067023427656E-001                  2.8037636147285006E-001                  2.0542968292873387E-002                  3.9096040940427879E-001                  5.5877372133278524E-001                  8.2038281423910794E+003                  3.9097533556036190E-001                  2.3533580425408647E+000                 -1.6932696166998505E-013                 -1.7029529515173886E-013                  9.6833348175380726E-016                 -1.0819339747630833E+001                 -1.1829720413945772E+001                 -9.5889285126531956E+000 
                                    1068                  1.8068260205217738E-002                 -1.0588782954276692E+000                  7.3678030046229130E+000                  1.5770643709048648E+000                  1.7074289253030813E+001                  6.9908067022804388E-001                  2.8037636147714673E-001                  2.0542968294809394E-002                  3.9091881432712128E-001                  5.5733027427041848E-001                  8.3805045304146261E+003                  3.9094666375518056E-001                  2.3908204596442570E+000                 -1.6347911367844098E-013                 -1.6436301362687621E-013                  8.8389994843523467E-016                 -1.0830195805078699E+001                 -1.1803872223777576E+001                 -9.6074767299189094E+000 
                                    1069                  1.3765637724056983E-002                 -1.0988068363056596E+000                  7.3691533828538089E+000                  1.5791562579352916E+000                  1.7077747113012165E+001                  6.9908067022175557E-001                  2.8037636148145445E-001                  2.0542968296789921E-002                  3.9088423233648095E-001                  5.5582581854800994E-001                  8.8023107710020013E+003                  3.9089491814555316E-001                  2.4758832590597994E+000                 -1.4964846701355339E-013                 -1.5037010922657599E-013                  7.2164221302260391E-016                 -1.0853205327520513E+001                 -1.1741888427643048E+001                 -9.6486534181173731E+000 
                                    1070                  1.1875499248555193E-002                 -1.1204478551980535E+000                  7.3700165048208337E+000                  1.5804913675637511E+000                  1.7079955290521635E+001                  6.9908067021780529E-001                  2.8037636148415263E-001                  2.0542968298042030E-002                  3.9086744838629056E-001                  5.5486557989471164E-001                  9.0266912395033141E+003                  3.9087597745090291E-001                  2.5163728610533229E+000                 -1.4227102347796899E-013                 -1.4291035385120182E-013                  6.3933037323284124E-016                 -1.0867685398968620E+001                 -1.1710370049687443E+001                 -9.6713773101344938E+000 
                                    1071                  9.9853607730534030E-003                 -1.1458170477651224E+000                  7.3710534288479632E+000                  1.5820948646013737E+000                  1.7082607624426281E+001                  6.9908067021315690E-001                  2.8037636148731754E-001                  2.0542968299525510E-002                  3.9085260726510485E-001                  5.5371383930859353E-001                  9.2876008780431057E+003                  3.9086106769750040E-001                  2.5594570751144898E+000                 -1.3381379940806050E-013                 -1.3437013931901216E-013                  5.5633991095167095E-016                 -1.0885954475901839E+001                 -1.1674785453883006E+001                 -9.6981684044982490E+000 
                                    1072                  7.5765764951862312E-003                 -1.1861556212182209E+000                  7.3723228762639348E+000                  1.5840588360778463E+000                  1.7085855575845365E+001                  6.9908067020765030E-001                  2.8037636149105033E-001                  2.0542968301299425E-002                  3.9084130086154800E-001                  5.5230704203785430E-001                  9.6990892507326535E+003                  3.9084711101894704E-001                  2.6202765826667509E+000                 -1.2096155075362476E-013                 -1.2140929941838586E-013                  4.4774866476110735E-016                 -1.0916022627159766E+001                 -1.1620203399064504E+001                 -9.7401413602998161E+000 
                                    1073                  5.1677922173190595E-003                 -1.2419633255490006E+000                  7.3738153831793962E+000                  1.5863676253539276E+000                  1.7089673941814791E+001                  6.9908067020145870E-001                  2.8037636149522682E-001                  2.0542968303314479E-002                  3.9083485335709711E-001                  5.5065723164150249E-001                  1.0264434846804445E+004                  3.9083837378946729E-001                  2.6891300138505292E+000                 -1.0452175358522785E-013                 -1.0485203684857394E-013                  3.3028326334609697E-016                 -1.0960755981622434E+001                 -1.1548654753834340E+001                 -9.7979670909663135E+000 
                                    1074                  2.5697029082897859E-003                 -1.3436544177363696E+000                  7.3752198634737116E+000                  1.5885440988851180E+000                  1.7093271013414821E+001                  6.9908067019608489E-001                  2.8037636149882778E-001                  2.0542968305087284E-002                  3.9083168471745139E-001                  5.4910998646391840E-001                  1.1301461708001116E+004                  3.9083286841501014E-001                  2.7866398186897809E+000                 -7.9156327656939165E-014                 -7.9350982243784510E-014                  1.9465458684534455E-016                 -1.1045631776235124E+001                 -1.1425422514242779E+001                 -9.9011279895774642E+000 
                                    1075                  1.4180321619532989E-003                 -1.4300189507754097E+000                  7.3760599318588085E+000                  1.5898445665025067E+000                  1.7095421276741959E+001                  6.9908067019307774E-001                  2.8037636150083561E-001                  2.0542968306086706E-002                  3.9082602651871767E-001                  5.4818617062070341E-001                  1.2195482783292906E+004                  3.9082839833438510E-001                  2.8405233473560099E+000                 -6.1852779152322245E-014                 -6.1974779471249997E-014                  1.2200031892775598E-016                 -1.1123179124335419E+001                 -1.1327534283900295E+001                 -9.9884698674399086E+000 
                                    1076                  7.2401776504288460E-004                 -1.5275545907176045E+000                  7.3766514826088336E+000                  1.5907602650949790E+000                  1.7096935421826775E+001                  6.9908067019111386E-001                  2.8037636150214329E-001                  2.0542968306742848E-002                  3.9081900470978148E-001                  5.4753653956369897E-001                  1.3240601679019028E+004                  3.9082163241280410E-001                  2.8820177389905446E+000                 -4.6492298781745420E-014                 -4.6564620177886450E-014                  7.2321396141030543E-017                 -1.1213938755782660E+001                 -1.1221326398555695E+001                 -1.0086654461037982E+001 
                                    1077                  3.7701056658751090E-004                 -1.6221587287256403E+000                  7.3770186025918143E+000                  1.5913284200056503E+000                  1.7097874997194168E+001                  6.9908067018998055E-001                  2.8037636150289658E-001                  2.0542968307122877E-002                  3.9081344985237998E-001                  5.4713371857906656E-001                  1.4303042593311655E+004                  3.9081563595637425E-001                  2.9083764247629835E+000                 -3.5080331832627057E-014                 -3.5123778379889059E-014                  4.3446547262004105E-017                 -1.1304287980140080E+001                 -1.1121333421466296E+001                 -1.0181659569697910E+001 
                                    1078                  2.0350696735999050E-004                 -1.7115023622267509E+000                  7.3772438462030987E+000                  1.5916769563396167E+000                  1.7098451423739746E+001                  6.9908067018933140E-001                  2.8037636150332762E-001                  2.0542968307341036E-002                  3.9080960900074768E-001                  5.4688670177990006E-001                  1.5361546539473969E+004                  3.9081127475164729E-001                  2.9250276790684402E+000                 -2.6812694121150247E-014                 -2.6839647404652165E-014                  2.6953283501918165E-017                 -1.1390962905957974E+001                 -1.1028662700331381E+001                 -1.0271247767797112E+001 
                                    1079                  1.1675516774606379E-004                 -1.7919885318292457E+000                  7.3773793098135281E+000                  1.5918865502752069E+000                  1.7098798075943979E+001                  6.9908067018896447E-001                  2.8037636150357120E-001                  2.0542968307464271E-002                  3.9080714594771898E-001                  5.4673819148911551E-001                  1.6368421946412192E+004                  3.9080840440983883E-001                  2.9354929353068218E+000                 -2.1014894324805529E-014                 -2.1032561372704718E-014                  1.7667047899189300E-017                 -1.1469779525289798E+001                 -1.0946156692788730E+001                 -1.0351879846686053E+001 
                                    1080                  7.3379267939100408E-005                 -1.8592532721626078E+000                  7.3774583571292229E+000                  1.5920088480388079E+000                  1.7099000352587012E+001                  6.9908067018876108E-001                  2.8037636150370615E-001                  2.0542968307532772E-002                  3.9080565672512968E-001                  5.4665154758889689E-001                  1.7252900529637140E+004                  3.9080663903850060E-001                  2.9419649133990311E+000                 -1.7130311783750146E-014                 -1.7142768151548081E-014                  1.2456367797935596E-017                 -1.1536014654286475E+001                 -1.0877713019853170E+001                 -1.0419228818243514E+001 
                                    1081                  5.1691318035785285E-005                 -1.9099891940883962E+000                  7.3775175713869787E+000                  1.5921004538757588E+000                  1.7099151871030966E+001                  6.9908067018861442E-001                  2.8037636150380330E-001                  2.0542968307582288E-002                  3.9080451639331060E-001                  5.4658664973666204E-001                  1.7948213679259581E+004                  3.9080561228682081E-001                  2.9450999260035911E+000                 -1.4675480959736921E-014                 -1.4684800075175242E-014                  9.3191154383220205E-018                 -1.1586289815233449E+001                 -1.0826327223790145E+001                 -1.0470044329493900E+001 
                                    1082                  3.0003368132470153E-005                 -1.9887587072061288E+000                  7.3775776042703596E+000                  1.5921933292295509E+000                  1.7099305487675007E+001                  6.9908067018847464E-001                  2.8037636150389605E-001                  2.0542968307629250E-002                  3.9080333899108355E-001                  5.4652086323323035E-001                  1.9079773429472731E+004                  3.9080441451373726E-001                  2.9500117333750770E+000                 -1.1541733066887149E-014                 -1.1547586992487095E-014                  5.8539255999454126E-018                 -1.1664309838642183E+001                 -1.0746764056908489E+001                 -1.0548886278428501E+001 
                                    1083                  1.5001684070481946E-005                 -2.0891194962335748E+000                  7.3776239862709172E+000                  1.5922650866307284E+000                  1.7099424174681889E+001                  6.9908067018837461E-001                  2.8037636150396233E-001                  2.0542968307663001E-002                  3.9080241475604871E-001                  5.4647004153173118E-001                  2.0619211810393535E+004                  3.9080341654168521E-001                  2.9533469528600254E+000                 -8.4910799371414394E-015                 -8.4944204963560554E-015                  3.3405592146165343E-018                 -1.1764142712560661E+001                 -1.0645739177704943E+001                 -1.0649297726832454E+001 
                                    1084                  7.5008420393213084E-006                 -2.1894738219999077E+000                  7.3776532018082586E+000                  1.5923102850790158E+000                  1.7099498933730771E+001                  6.9908067018831621E-001                  2.8037636150400103E-001                  2.0542968307682763E-002                  3.9080182611230180E-001                  5.4643803166619820E-001                  2.2278253565995463E+004                  3.9080283204557464E-001                  2.9554467535251145E+000                 -6.2441379404428942E-015                 -6.2461931056846098E-015                  2.0551652417157164E-018                 -1.1864164941972701E+001                 -1.0544957058487832E+001                 -1.0749683958349721E+001 
                                    1085                  3.7504210239075245E-006                 -2.2898240749847565E+000                  7.3776716051393585E+000                  1.5923387559797915E+000                  1.7099546025375997E+001                  6.9908067018828224E-001                  2.8037636150402356E-001                  2.0542968307694198E-002                  3.9080145276032646E-001                  5.4641786901201794E-001                  2.4067400434905299E+004                  3.9080252213488931E-001                  2.9567865364514154E+000                 -4.5907031482503409E-015                 -4.5919584917688644E-015                  1.2553435185231664E-018                 -1.1964303613835726E+001                 -1.0444341358649313E+001                 -1.0850054317077532E+001 
                                    1086                  1.8752105160340938E-006                 -2.3901717585789921E+000                  7.3776831979952524E+000                  1.5923566905924618E+000                  1.7099575689821148E+001                  6.9908067018826237E-001                  2.8037636150403672E-001                  2.0542968307700971E-002                  3.9080121656313105E-001                  5.4640516824474894E-001                  2.5998029640787419E+004                  3.9080239784006404E-001                  2.9576172019834042E+000                 -3.3747164169780415E-015                 -3.3753178954215572E-015                  6.0147844351575848E-019                 -1.2064520037734448E+001                 -1.0343825509951495E+001                 -1.0950414687955373E+001 
                                    1087                  9.3760526226391213E-007                 -2.4905178155700232E+000                  7.3776905008324869E+000                  1.5923679883178248E+000                  1.7099594376679455E+001                  6.9908067018825071E-001                  2.8037636150404444E-001                  2.0542968307704856E-002                  3.9080106737219727E-001                  5.4639716762185508E-001                  2.8081978285877842E+004                  3.9080240344691741E-001                  2.9581420100597984E+000                 -2.4806322311204233E-015                 -2.4807994262071277E-015                  1.6719508670436471E-019                 -1.2164783247393730E+001                 -1.0243374993597826E+001                 -1.1050768783828609E+001 
                                    1088                  4.6880263521228768E-007                 -2.5908628317753579E+000                  7.3776951012503842E+000                  1.5923751052876867E+000                  1.7099606148432446E+001                  6.9908067018824416E-001                  2.8037636150404888E-001                  2.0542968307706966E-002                  3.9080097323084423E-001                  5.4639212768721490E-001                  3.0331968873427122E+004                  3.9080250531753125E-001                  2.9584859711403952E+000                 -1.8232010995568305E-015                 -1.8232443274345049E-015                  4.3227877674489443E-020                 -1.2265074214306432E+001                 -1.0142963390301238E+001                 -1.1151118958386736E+001 
                                    1089                  2.3440132185300925E-007                 -2.6912071598591552E+000                  7.3776989653108620E+000                  1.5923810830590432E+000                  1.7099616035929714E+001                  6.9908067018823883E-001                  2.8037636150405237E-001                  2.0542968307708742E-002                  3.9080089406321628E-001                  5.4638789448725389E-001                  3.2761988464223807E+004                  3.9080268457295508E-001                  2.9591409731792870E+000                 -1.3398464436511251E-015                 -1.3400807328862594E-015                  2.3428923513438730E-019                 -1.2365323337317621E+001                 -1.0042560402834582E+001                 -1.1251468869853896E+001 
