model_number,Minit,M,Xc,logTeff,logL,logLspec,tau_Fe,beta_Fe,kap_Fe,T_Fe,r_Fe_R,Gamma_Fe,Y_Fe,tau_ratio,v_c,mach_max,tau_crit,t_th_zone,t_th_above,t_th_peak,t_th_top,nu_turn,FeCZ_ncells,tau_top,tau_bot,nu_th_zone,nu_th_above,nu_th_peak,nu_th_top
722,5,4.99994,0.714691,4.24171,2.72918,2.02839,18509.7,0.922439,10.7419,191559,0.974614,0.088171,0.10655,0,,,,,,,,,,,,,,,
744,5,4.9995,0.664474,4.23209,2.7558,2.05505,20083.1,0.919652,10.4854,191556,0.972611,0.0915144,0.0979264,0,,,,,,,,,,,,,,,
758,5,4.99903,0.610972,4.22615,2.78726,2.08655,21170.5,0.916233,10.191,191524,0.970758,0.0956354,0.0931424,0,,,,,,,,,,,,,,,
769,5,4.99861,0.564262,4.22129,2.81421,2.11354,22011.9,0.913226,9.94575,191314,0.969135,0.099318,0.089804,0,,,,,,,,,,,,,,,
780,5,4.99816,0.514816,4.21583,2.84182,2.14119,22957.8,0.909995,9.70085,191233,0.967321,0.103241,0.0858848,0,,,,,,,,,,,,,,,
791,5,4.99768,0.463273,4.20952,2.86952,2.16893,24408.7,0.90657,9.46174,191398,0.965159,0.107338,0.0810761,0,,,,,,,,,,,,,,,
802,5,4.9972,0.410171,4.20214,2.89665,2.1961,26039.7,0.90312,9.23349,191422,0.962751,0.111511,0.0760859,0,,,,,,,,,,,,,,,
812,5,4.99675,0.361162,4.19441,2.92032,2.21981,27603.7,0.900125,9.03914,190997,0.96037,0.115289,0.0719237,0,,,,,,,,,,,,,,,
822,5,4.99631,0.312069,4.18568,2.94267,2.2422,29764.5,0.897107,8.85949,190957,0.957627,0.118977,0.0668106,0,,,,,,,,,,,,,,,
832,5,4.99589,0.263311,4.17594,2.96336,2.26292,32198.2,0.894275,8.69653,190773,0.954642,0.122496,0.0617314,0,,,,,,,,,,,,,,,
843,5,4.99546,0.210359,4.16412,2.98403,2.28363,35696.9,0.891328,8.53689,190713,0.950914,0.12612,0.0558758,0,,,,,,,,,,,,,,,
853,5,4.99509,0.162876,4.15245,3.00106,2.3007,39536.8,0.888757,8.40749,190904,0.947156,0.129185,0.0503536,0,,,,,,,,,,,,,,,
864,5,4.99471,0.110662,4.13892,3.01841,2.31808,44067.2,0.886303,8.27801,190420,0.94275,0.132389,0.045383,0,,,,,,,,,,,,,,,
874,5,4.99437,0.0605981,4.12719,3.03526,2.33496,48675.6,0.883646,8.15397,190583,0.938434,0.135575,0.0409554,0,,,,,,,,,,,,,,,
882,5,4.99407,0.0118149,4.13243,3.0645,2.36422,45852.9,0.87928,7.94378,189815,0.937899,0.141287,0.0438152,0,,,,,,,,,,,,,,,
932,5,4.994,0.000991836,4.16515,3.11105,2.41078,34216.8,0.871498,7.62074,189837,0.943389,0.150879,0.0585082,0,,,,,,,,,,,,,,,
1265,5,4.99397,7.87103e-19,4.11476,3.13707,2.4368,52324.2,0.867088,7.44588,189461,0.926947,0.156519,0.0384409,0,,,,,,,,,,,,,,,
1295,5,4.99395,0,4.06404,3.14606,2.44579,82329.1,0.865111,7.38638,190318,0.907356,0.158517,0.0246404,0,,,,,,,,,,,,,,,
1321,5,4.99392,0,4.01193,3.13226,2.432,125910,0.867906,7.47786,189549,0.886646,0.155463,0.0162622,0,,,,,,,,,,,,,,,
1344,5,4.99389,0,3.96138,3.10751,2.40725,195414,0.871982,7.64476,190145,0.864182,0.15013,0.0105956,0,,,,,,,,,,,,,,,
1366,5,4.99386,0,3.91066,3.07472,2.37446,297002,0.8775,7.87149,190105,0.841475,0.14334,0.00701143,0,,,,,,,,,,,,,,,
1389,5,4.99384,0,3.85931,3.03563,2.33537,459176,0.883603,8.15079,190511,0.81749,0.135651,0.00458538,0,,,,,,,,,,,,,,,
1416,5,4.99383,0,3.80803,2.99299,2.29274,704181,0.889978,8.46701,190734,0.791813,0.127737,0.00303171,0,,,,,,,,,,,,,,,
1445,5,4.99381,0,3.75777,2.94886,2.24861,1.06227e+06,0.896325,8.80745,190539,0.766453,0.120035,0.00204602,0,,,,,,,,,,,,,,,
1478,5,4.9938,0,3.70693,2.89704,2.19679,1.80035e+06,0.903108,9.22606,191028,0.756554,0.111598,0.00129976,0,,,,,,,,,,,,,,,
1540,5,4.99378,0,3.65674,2.77749,2.07724,1.30781e+08,0.995785,105.152,100304,0.865943,0.965591,0.0113639,107466,1.03826,0.0219648,1216.95,4.76267e+10,4.81664e+10,5.39668e+08,5.39668e+08,0.00760065,357,1.30781e+08,5.35944e+08,2.88724e-07,2.85489e-07,2.54804e-05,2.54804e-05
1649,5,4.99366,0,3.6066,3.11256,2.41232,4.66479e+08,0.99618,116.299,100018,0.771714,2.31087,0.00913979,377577,0.926924,0.0196494,1235.45,1.06955e+11,1.09244e+11,2.28897e+09,2.28897e+09,0.00240742,430,4.66479e+08,1.71849e+09,1.28568e-07,1.25874e-07,6.00749e-06,6.00749e-06
2148,5,4.97716,0,3.65693,3.05144,2.35264,7.83065e+06,0.976156,18.9902,100097,0.837194,0.328868,0.0123903,1968.77,1.79717,0.0381902,3977.43,4.89027e+09,5.06025e+09,1.69976e+08,1.69976e+08,0.0074723,214,7.83065e+06,3.27995e+07,2.81191e-06,2.71745e-06,8.08994e-05,8.08994e-05
2190,5,4.9766,0,3.70765,3.1262,2.42745,1.42803e+06,0.867658,7.57085,190052,0.689625,0.155756,0.00162557,0,,,,,,,,,,,,,,,
2220,5,4.97611,0,3.75851,3.15826,2.45955,936354,0.861997,7.35821,189824,0.7194,0.162994,0.00239911,0,,,,,,,,,,,,,,,
2320,5,4.9697,0,3.70789,3.17615,2.478,1.35777e+06,0.858665,7.2354,189418,0.67482,0.167229,0.00172715,0,,,,,,,,,,,,,,,
2369,5,4.96696,0,3.65698,3.13611,2.43819,3.26008e+06,0.958683,11.3616,100161,0.825982,0.239598,0.0126947,529.332,2.01118,0.0425665,6158.85,2.56182e+09,2.68637e+09,1.24557e+08,1.24557e+08,0.00692647,244,3.26008e+06,1.34324e+07,5.36767e-06,5.11879e-06,0.0001104,0.0001104
729,5.2,5.19993,0.7147,4.25194,2.7894,2.07158,16788.4,0.917901,10.3299,191430,0.975046,0.0936534,0.117332,0,,,,,,,,,,,,,,,
752,5.2,5.1994,0.66428,4.24232,2.81638,2.09861,18351.4,0.91489,10.0807,191493,0.973011,0.0972632,0.107677,0,,,,,,,,,,,,,,,
766,5.2,5.19887,0.614952,4.2369,2.84556,2.12783,19096.7,0.911593,9.81843,191184,0.971386,0.101326,0.103526,0,,,,,,,,,,,,,,,
779,5.2,5.19832,0.563906,4.23167,2.87519,2.15751,19868.3,0.908055,9.55939,191093,0.96966,0.10563,0.099219,0,,,,,,,,,,,,,,,
791,5.2,5.19776,0.513409,4.22617,2.90352,2.18588,20984.1,0.904471,9.3187,191265,0.967739,0.109923,0.0943046,0,,,,,,,,,,,,,,,
802,5.2,5.19722,0.464786,4.22029,2.9298,2.21221,21940.9,0.901125,9.10098,191023,0.965834,0.114064,0.0902013,0,,,,,,,,,,,,,,,
813,5.2,5.19666,0.414292,4.21341,2.95582,2.23828,23324.8,0.897615,8.89071,191062,0.963589,0.118321,0.0849819,0,,,,,,,,,,,,,,,
824,5.2,5.19609,0.362554,4.20541,2.98108,2.26358,24733.4,0.8942,8.69133,190709,0.961148,0.122609,0.0800024,0,,,,,,,,,,,,,,,
834,5.2,5.19557,0.314975,4.19709,3.003,2.28555,26646.9,0.891034,8.52222,190758,0.958522,0.126459,0.0744215,0,,,,,,,,,,,,,,,
845,5.2,5.19502,0.262686,4.18679,3.02547,2.30806,29114.5,0.887771,8.35245,190558,0.955324,0.130535,0.0684655,0,,,,,,,,,,,,,,,
856,5.2,5.1945,0.21074,4.17531,3.04603,2.32866,31915.3,0.884725,8.20008,190293,0.951818,0.134379,0.0624426,0,,,,,,,,,,,,,,,
866,5.2,5.19406,0.163858,4.16393,3.06316,2.34583,35150.5,0.882103,8.07535,190132,0.948215,0.137671,0.0568688,0,,,,,,,,,,,,,,,
877,5.2,5.1936,0.112238,4.15068,3.08069,2.3634,39489.6,0.879195,7.94961,190402,0.943806,0.141124,0.0504843,0,,,,,,,,,,,,,,,
887,5.2,5.19319,0.0628236,4.13907,3.09757,2.38031,43652.7,0.876489,7.83069,190240,0.939559,0.144532,0.0459515,0,,,,,,,,,,,,,,,
895,5.2,5.1928,0.0114207,4.1442,3.12801,2.41079,41526.8,0.87136,7.62072,190180,0.938772,0.150881,0.0483239,0,,,,,,,,,,,,,,,
930,5.2,5.19271,0.000991475,4.17621,3.17271,2.4555,30651.9,0.863793,7.32287,189278,0.944343,0.160704,0.0655177,0,,,,,,,,,,,,,,,
1265,5.2,5.19268,6.07815e-20,4.12512,3.19884,2.48163,47896.3,0.858785,7.15434,189583,0.927638,0.166743,0.0421054,0,,,,,,,,,,,,,,,
1295,5.2,5.19265,0,4.07424,3.20874,2.49153,74074.7,0.856814,7.09134,189748,0.908407,0.169088,0.0273715,0,,,,,,,,,,,,,,,
1320,5.2,5.19263,0,4.02413,3.19667,2.47947,112881,0.859272,7.16814,189415,0.888238,0.166235,0.0181882,0,,,,,,,,,,,,,,,
1343,5.2,5.1926,1.65286e-42,3.97362,3.17342,2.45621,173204,0.863396,7.31817,189878,0.865986,0.160866,0.0118854,0,,,,,,,,,,,,,,,
1365,5.2,5.19257,0,3.92243,3.14189,2.42469,264075,0.869154,7.52664,189639,0.842621,0.153865,0.0078792,0,,,,,,,,,,,,,,,
1387,5.2,5.19254,0,3.87178,3.10491,2.38771,411569,0.875135,7.77884,190548,0.818097,0.146042,0.00513116,0,,,,,,,,,,,,,,,
1413,5.2,5.19252,0,3.82012,3.06356,2.34636,625073,0.881918,8.07094,190379,0.792504,0.137765,0.00341138,0,,,,,,,,,,,,,,,
1442,5.2,5.19251,0,3.76895,3.02032,2.30312,960891,0.888364,8.3881,190930,0.765069,0.12961,0.00225522,0,,,,,,,,,,,,,,,
1473,5.2,5.1925,0,3.71796,2.97393,2.25673,1.49936e+06,0.895006,8.74234,191092,0.742183,0.1214,0.00149271,0,,,,,,,,,,,,,,,
1523,5.2,5.19248,0,3.66782,2.86646,2.14926,2.04382e+07,0.98863,38.7634,100661,0.86993,0.420189,0.012263,8820.36,1.47103,0.0309726,2317.16,8.53334e+09,8.73392e+09,2.00584e+08,2.00584e+08,0.00991116,262,2.04382e+07,8.19531e+07,1.61144e-06,1.57443e-06,6.85548e-05,6.85548e-05
1612,5.2,5.19245,0,3.61761,3.04712,2.32993,4.0311e+08,0.996345,121.642,100388,0.799924,1.99961,0.00925955,337833,0.918203,0.0194281,1193.22,1.034e+11,1.05221e+11,1.82132e+09,1.82132e+09,0.00300227,411,4.0311e+08,1.5104e+09,1.32988e-07,1.30686e-07,7.55001e-06,7.55001e-06
2165,5.2,5.17238,0,3.66774,3.15529,2.43978,3.22957e+06,0.878572,7.91928,185308,0.704967,0.167622,0.00120677,185.918,2.09564,0.0440434,17370.9,8.51661e+08,9.27064e+08,6.66977e+08,7.54025e+07,0.00538008,167,1.21362e+06,3.95634e+06,1.61461e-05,1.48328e-05,2.06169e-05,0.000182368
2198,5.2,5.17194,0,3.71919,3.19899,2.48351,1.24249e+06,0.857713,7.19962,189259,0.685924,0.168528,0.0018618,0,,,,,,,,,,,,,,,
2227,5.2,5.17146,0,3.77082,3.23023,2.5148,825602,0.851703,7.00231,189187,0.719201,0.176152,0.00272935,0,,,,,,,,,,,,,,,
2372,5.2,5.16368,0,3.71965,3.25183,2.53705,1.18595e+06,0.847193,6.86198,189081,0.670526,0.181698,0.00196499,0,,,,,,,,,,,,,,,
2405,5.2,5.16175,0,3.66913,3.22701,2.51239,2.27981e+06,0.852313,7.02098,189148,0.663541,0.175646,0.00125791,0,,,,,,,,,,,,,,,
2511,5.2,5.15851,0,3.61906,3.13971,2.42537,1.42273e+08,0.9933,65.9756,100138,0.788956,1.35082,0.00983171,80757.3,1.14009,0.0243215,1761.73,6.52675e+10,6.64031e+10,1.13561e+09,1.13561e+09,0.00318475,452,1.42273e+08,5.83487e+08,2.10686e-07,2.07083e-07,1.21089e-05,1.21089e-05
736,5.4,5.39992,0.714571,4.26166,2.84704,2.11284,15408.9,0.913263,9.95207,191507,0.975401,0.0992203,0.127989,0,,,,,,,,,,,,,,,
760,5.4,5.39928,0.664095,4.25209,2.87435,2.1402,16669.7,0.910134,9.70966,191158,0.973451,0.103098,0.118637,0,,,,,,,,,,,,,,,
776,5.4,5.39861,0.612144,4.24648,2.90523,2.17113,17494.2,0.906332,9.44308,191257,0.971716,0.107669,0.112801,0,,,,,,,,,,,,,,,
789,5.4,5.398,0.564869,4.24171,2.93278,2.19873,18143.6,0.902854,9.21167,191138,0.970137,0.111923,0.108601,0,,,,,,,,,,,,,,,
802,5.4,5.39732,0.51402,4.23625,2.96146,2.22746,19007.6,0.899067,8.97724,191110,0.968293,0.116534,0.103739,0,,,,,,,,,,,,,,,
814,5.4,5.39666,0.464578,4.23035,2.98832,2.25437,19956.7,0.895419,8.76335,190962,0.966353,0.12103,0.0989937,0,,,,,,,,,,,,,,,
826,5.4,5.39597,0.413028,4.2234,3.01502,2.28113,21067.9,0.891692,8.55596,190708,0.964158,0.125674,0.093838,0,,,,,,,,,,,,,,,
837,5.4,5.39533,0.364396,4.21596,3.03892,2.30509,22398.3,0.888182,8.37452,190655,0.96184,0.129986,0.0881578,0,,,,,,,,,,,,,,,
848,5.4,5.39468,0.314714,4.20739,3.06202,2.32823,24291.6,0.884645,8.20323,190722,0.959101,0.134297,0.0817973,0,,,,,,,,,,,,,,,
859,5.4,5.39405,0.264517,4.19762,3.08383,2.35009,26255.2,0.88134,8.04472,190378,0.956144,0.138501,0.0758376,0,,,,,,,,,,,,,,,
870,5.4,5.39344,0.214223,4.18668,3.10406,2.37037,28635.3,0.878145,7.90034,190176,0.952829,0.142517,0.0693769,0,,,,,,,,,,,,,,,
881,5.4,5.39286,0.163954,4.17462,3.12278,2.38914,31394.9,0.875249,7.76902,189636,0.949161,0.146336,0.063369,0,,,,,,,,,,,,,,,
892,5.4,5.39231,0.113266,4.16173,3.14033,2.40673,35339.6,0.872232,7.64828,189742,0.944839,0.15002,0.0566462,0,,,,,,,,,,,,,,,
902,5.4,5.39182,0.0645588,4.15028,3.15721,2.42365,39310,0.869128,7.53378,190158,0.940592,0.153643,0.050934,0,,,,,,,,,,,,,,,
911,5.4,5.39132,0.0110652,4.15538,3.18861,2.4551,36883.5,0.8638,7.32552,189426,0.939922,0.160614,0.054397,0,,,,,,,,,,,,,,,
950,5.4,5.39122,0.000998249,4.18662,3.23164,2.49814,27942.8,0.855675,7.0498,189456,0.945045,0.170672,0.071695,0,,,,,,,,,,,,,,,
1286,5.4,5.39118,1.78164e-20,4.13621,3.25707,2.52356,43225.1,0.850609,6.89167,189538,0.928862,0.176903,0.0465588,0,,,,,,,,,,,,,,,
1316,5.4,5.39115,1.95262e-44,4.08588,3.2688,2.5353,65471.5,0.848555,6.8198,188887,0.910249,0.179855,0.0309746,0,,,,,,,,,,,,,,,
1342,5.4,5.39113,0,4.03428,3.25769,2.52419,102064,0.850741,6.88783,189017,0.889333,0.177061,0.0201115,0,,,,,,,,,,,,,,,
1365,5.4,5.39109,0,3.98415,3.23575,2.50225,157397,0.854776,7.02392,189661,0.866914,0.171665,0.0131355,0,,,,,,,,,,,,,,,
1387,5.4,5.39106,1.09522e-42,3.93306,3.2056,2.47211,239960,0.860615,7.21521,189501,0.843124,0.164517,0.00870769,0,,,,,,,,,,,,,,,
1409,5.4,5.39104,0,3.88154,3.16936,2.43586,369541,0.867143,7.45204,189719,0.818448,0.156311,0.00572019,0,,,,,,,,,,,,,,,
1434,5.4,5.39101,0,3.8297,3.12918,2.39569,575001,0.873795,7.72345,190524,0.791563,0.147689,0.00372196,0,,,,,,,,,,,,,,,
1462,5.4,5.391,0,3.77913,3.08786,2.35437,860761,0.880665,8.01292,190288,0.764736,0.13932,0.00251686,0,,,,,,,,,,,,,,,
1492,5.4,5.39099,0,3.7285,3.04416,2.31067,1.31874e+06,0.88734,8.33067,190534,0.738457,0.130981,0.00168344,0,,,,,,,,,,,,,,,
1533,5.4,5.39097,0,3.67776,2.96828,2.23479,3.02504e+06,0.967884,14.3226,100180,0.872352,0.189068,0.0136488,606.514,1.93042,0.0405722,4987.59,1.46589e+09,1.5437e+09,7.78062e+07,7.78062e+07,0.0114506,194,3.02504e+06,1.0798e+07,9.38064e-06,8.90783e-06,0.000176734,0.000176734
1612,5.4,5.39094,0,3.62769,2.99824,2.26475,3.08763e+08,0.996251,118.531,100191,0.822788,1.67675,0.00968709,258142,0.939586,0.0198981,1196.1,9.15908e+10,9.29559e+10,1.3651e+09,1.3651e+09,0.00374493,396,3.08763e+08,1.19209e+09,1.50135e-07,1.4793e-07,1.00732e-05,1.00732e-05
2200,5.4,5.36707,0,3.67791,3.23404,2.50248,1.91598e+06,0.854094,7.07564,189040,0.667607,0.173022,0.00135063,0,,,,,,,,,,,,,,,
2230,5.4,5.36665,0,3.72956,3.26708,2.53556,1.11033e+06,0.847483,6.87105,189143,0.683342,0.181315,0.00206943,0,,,,,,,,,,,,,,,
2258,5.4,5.36614,0,3.78051,3.29694,2.56546,741596,0.841589,6.69233,188694,0.718156,0.189185,0.00302772,7.45953,0.477695,0.0073531,99416,2.41809e+07,1.03955e+08,1.22282e+08,7.97741e+07,0.0023594,18,489938,625383,0.000568671,0.000132278,0.000112453,0.000172374
2408,5.4,5.35693,0,3.72983,3.322,2.59126,1.05469e+06,0.836407,6.54563,188412,0.667506,0.196366,0.00221244,14.3951,0.669386,0.0104014,73267,8.63643e+07,2.47288e+08,2.58453e+08,1.60923e+08,0.00224857,33,656927,992784,0.000159221,5.56072e-05,5.32049e-05,8.54505e-05
2436,5.4,5.35555,0,3.67881,3.30076,2.57014,1.69997e+06,0.840297,6.66124,189025,0.639572,0.190347,0.00148443,16.8441,0.474396,0.00739085,100924,1.32304e+08,5.16755e+08,5.77632e+08,3.84452e+08,0.00113819,24,1.14916e+06,1.51893e+06,0.000103935,2.66103e-05,2.38058e-05,3.57678e-05
2511,5.4,5.35311,0,3.62829,3.20736,2.47693,3.38602e+07,0.985663,30.9796,100182,0.795464,0.714241,0.0105019,11758,1.49257,0.031759,2879.75,2.30757e+10,2.36051e+10,5.29456e+08,5.29456e+08,0.00396843,366,3.38602e+07,1.46036e+08,5.95908e-07,5.82542e-07,2.59719e-05,2.59719e-05
743,5.6,5.59991,0.714959,4.27112,2.90226,2.15226,14149.4,0.908555,9.60461,191665,0.975766,0.104856,0.139028,0,,,,,,,,,,,,,,,
769,5.6,5.59915,0.664316,4.26148,2.92968,2.17974,15163.8,0.905327,9.37015,190963,0.973892,0.108978,0.129827,0,,,,,,,,,,,,,,,
786,5.6,5.59838,0.613708,4.25606,2.9599,2.21002,15963.6,0.90143,9.11892,190965,0.972195,0.113714,0.123937,0,,,,,,,,,,,,,,,
801,5.6,5.5976,0.563701,4.25108,2.98917,2.23935,16568.2,0.897575,8.88214,190693,0.970554,0.1185,0.119538,0,,,,,,,,,,,,,,,
815,5.6,5.5968,0.513163,4.24571,3.01776,2.268,17380.3,0.893498,8.65701,190959,0.968728,0.123373,0.11349,0,,,,,,,,,,,,,,,
828,5.6,5.59601,0.463191,4.23981,3.045,2.2953,18307.3,0.889588,8.44825,190812,0.966764,0.128209,0.108292,0,,,,,,,,,,,,,,,
840,5.6,5.59523,0.4147,4.23335,3.07024,2.3206,19146.3,0.885899,8.25929,190475,0.964776,0.13286,0.103274,0,,,,,,,,,,,,,,,
852,5.6,5.59443,0.364227,4.22572,3.09522,2.34564,20369.8,0.882006,8.07648,190473,0.962414,0.137631,0.0967469,0,,,,,,,,,,,,,,,
864,5.6,5.59362,0.312121,4.21678,3.11957,2.37006,21922.5,0.878215,7.90252,190123,0.959683,0.142454,0.0903524,0,,,,,,,,,,,,,,,
875,5.6,5.59289,0.263425,4.20736,3.14087,2.39141,23768.3,0.874776,7.75353,189881,0.956789,0.146811,0.0838202,0,,,,,,,,,,,,,,,
886,5.6,5.59218,0.214372,4.19677,3.16082,2.41142,25940.2,0.871445,7.61637,189695,0.95356,0.151014,0.0768839,0,,,,,,,,,,,,,,,
898,5.6,5.59143,0.160504,4.18392,3.18111,2.43177,28929.9,0.867918,7.47946,189619,0.949535,0.155413,0.0690062,0,,,,,,,,,,,,,,,
908,5.6,5.59084,0.11495,4.1724,3.19714,2.44784,31913.4,0.865048,7.37303,189591,0.945781,0.158979,0.0625971,0,,,,,,,,,,,,,,,
919,5.6,5.5902,0.061812,4.16008,3.21591,2.46666,35665.4,0.861566,7.25045,189655,0.941265,0.16326,0.0563336,0,,,,,,,,,,,,,,,
927,5.6,5.58964,0.01162,4.165,3.24536,2.49616,33951.2,0.855924,7.06216,189739,0.940499,0.170194,0.0589214,0,,,,,,,,,,,,,,,
970,5.6,5.58951,0.000992251,4.1966,3.28827,2.53908,25468.7,0.8475,6.79691,189447,0.945743,0.180816,0.0784985,0,,,,,,,,,,,,,,,
1307,5.6,5.58946,1.15789e-21,4.14532,3.31358,2.56439,39350.7,0.842515,6.64511,188867,0.929609,0.187388,0.0513682,0,,,,,,,,,,,,,,,
1337,5.6,5.58942,1.6183e-46,4.09484,3.32601,2.57682,60297.1,0.839808,6.57173,188951,0.910806,0.190699,0.0335463,0.688967,0.548735,0.0084535,87518.2,157844,682555,852973,524711,0.0291019,15,39014.5,49014.2,0.0871176,0.0201463,0.0161212,0.0262068
1363,5.6,5.5894,0,4.04316,3.31572,2.56653,94189.2,0.841942,6.63239,189087,0.889799,0.187953,0.0217668,0.152045,0.0764906,0.0011768,619481,73253,1.45871e+06,2.02332e+06,1.38546e+06,0.00270892,3,67087.4,68696.9,0.187719,0.00942682,0.00679626,0.00992525
1386,5.6,5.58937,0,3.99302,3.2947,2.54552,143789,0.846279,6.75796,189234,0.867528,0.182468,0.0143786,0,,,,,,,,,,,,,,,
1408,5.6,5.58933,0,3.94175,3.26556,2.51638,219343,0.852279,6.93592,189059,0.843327,0.175118,0.00952893,0,,,,,,,,,,,,,,,
1430,5.6,5.5893,0,3.88968,3.23014,2.48097,340353,0.85895,7.15836,189484,0.817746,0.166583,0.00621058,0,,,,,,,,,,,,,,,
1454,5.6,5.58928,0,3.83783,3.19116,2.44199,517799,0.866162,7.41099,189423,0.791581,0.157657,0.00411701,0,,,,,,,,,,,,,,,
1482,5.6,5.58926,0,3.78645,3.1505,2.40133,790404,0.873149,7.6841,189687,0.763152,0.148858,0.00274249,0,,,,,,,,,,,,,,,
1512,5.6,5.58925,0,3.73549,3.10808,2.3589,1.22779e+06,0.879781,7.97945,190659,0.734191,0.140195,0.00181091,0,,,,,,,,,,,,,,,
1547,5.6,5.58923,0,3.68531,3.05098,2.3018,2.54635e+06,0.889743,8.42743,189174,0.745972,0.129793,0.00114429,67.9903,0.882585,0.018402,37451.7,2.21733e+07,6.63019e+07,5.16017e+08,4.41286e+07,0.00319314,24,767749,872213,0.00062016,0.0002074,2.66483e-05,0.000311611
1619,5.6,5.58921,0,3.63487,2.99263,2.24346,1.95686e+08,0.995514,98.6902,100043,0.835327,1.32886,0.0101024,147410,1.01304,0.0214552,1327.5,7.4542e+10,7.55295e+10,9.87415e+08,9.87415e+08,0.00442054,382,1.95686e+08,7.85019e+08,1.84473e-07,1.82061e-07,1.39262e-05,1.39262e-05
1752,5.6,5.58865,0,3.58487,3.42959,2.68046,2.38533e+08,0.992256,56.9215,100339,0.705167,2.09712,0.00886096,119013,1.15838,0.0245606,2004.26,7.40808e+10,7.65652e+10,2.48441e+09,2.48441e+09,0.00151964,446,2.38533e+08,9.20421e+08,1.85621e-07,1.79598e-07,5.53491e-06,5.53491e-06
2181,5.6,5.56207,0,3.63544,3.20426,2.45721,2.10932e+07,0.982526,25.5731,100188,0.809636,0.563441,0.0108229,6384.3,1.58553,0.0337104,3303.92,1.53169e+10,1.57027e+10,3.85747e+08,3.85747e+08,0.00454711,240,2.10932e+07,9.22641e+07,8.97765e-07,8.75711e-07,3.56477e-05,3.56477e-05
2230,5.6,5.5611,0,3.68578,3.30217,2.55519,1.59234e+06,0.843377,6.74792,189029,0.651302,0.186298,0.00152615,9.9639,0.293812,0.00450806,159811,6.27064e+07,4.28808e+08,5.15253e+08,3.66101e+08,0.000753246,11,1.14142e+06,1.30933e+06,0.000219292,3.20679e-05,2.66878e-05,3.75606e-05
2258,5.6,5.56066,0,3.73626,3.33008,2.58313,1.02184e+06,0.838078,6.59023,188420,0.679444,0.194036,0.00226493,12.6844,0.602582,0.00924858,80558.2,7.20262e+07,2.22056e+08,2.39342e+08,1.5003e+08,0.00211603,32,642694,940026,0.000190916,6.19256e-05,5.74533e-05,9.16548e-05
2285,5.6,5.56011,0,3.78636,3.35841,2.6115,697160,0.832184,6.43725,188584,0.714125,0.202327,0.00323992,11.8869,0.857804,0.0131228,58649.6,5.23683e+07,1.19945e+08,1.17856e+08,6.75763e+07,0.0040234,35,404623,697160,0.000262583,0.000114645,0.000116676,0.000203488
2407,5.6,5.55004,0,3.73595,3.38423,2.63812,983901,0.826922,6.29956,188172,0.662574,0.210512,0.00238914,17.4773,0.921693,0.0142437,56296,1.31129e+08,2.69323e+08,2.46436e+08,1.38194e+08,0.00295381,52,549477,1.06282e+06,0.000104866,5.10576e-05,5.57995e-05,9.95051e-05
2447,5.6,5.54802,0,3.68422,3.36514,2.61918,1.51143e+06,0.830589,6.39509,188479,0.626875,0.204588,0.00164534,22.4032,0.75281,0.0116662,67464.8,2.32598e+08,5.48012e+08,5.30281e+08,3.15414e+08,0.00174969,42,898411,1.53565e+06,5.91191e-05,2.50925e-05,2.59315e-05,4.35966e-05
2492,5.6,5.54658,0,3.63357,3.29145,2.54561,9.88293e+06,0.971377,15.9802,100120,0.794789,0.431545,0.0110702,2134.91,1.85366,0.0393364,4629.21,8.89265e+09,9.18966e+09,2.97011e+08,2.97011e+08,0.00437738,345,9.88293e+06,4.40537e+07,1.54633e-06,1.49635e-06,4.62979e-05,4.62979e-05
751,5.8,5.79989,0.714895,4.28003,2.95531,2.19007,12916.1,0.90394,9.28367,191249,0.976156,0.11057,0.152274,0,,,,,,,,,,,,,,,
779,5.8,5.79898,0.663086,4.27029,2.98365,2.21848,14003.2,0.900323,9.04991,190919,0.974197,0.115073,0.140854,0,,,,,,,,,,,,,,,
797,5.8,5.7981,0.614351,4.26515,3.01286,2.24776,14616.4,0.896415,8.81549,190706,0.972624,0.11991,0.135455,0,,,,,,,,,,,,,,,
814,5.8,5.79715,0.56283,4.26007,3.04311,2.27807,15157,0.892163,8.57932,190608,0.970967,0.125135,0.130013,0,,,,,,,,,,,,,,,
829,5.8,5.79622,0.513205,4.25487,3.07127,2.30631,16051.6,0.887905,8.36547,190951,0.969115,0.130211,0.123393,0,,,,,,,,,,,,,,,
843,5.8,5.79529,0.463615,4.24907,3.09841,2.33351,16657.6,0.883949,8.16468,190367,0.967302,0.135301,0.119051,0,,,,,,,,,,,,,,,
856,5.8,5.79437,0.414952,4.24266,3.12385,2.35903,17665.4,0.879847,7.98076,190555,0.965214,0.140256,0.112208,0,,,,,,,,,,,,,,,
869,5.8,5.79341,0.363946,4.23503,3.14922,2.38446,18779.1,0.875778,7.80174,190297,0.962862,0.14538,0.105746,0,,,,,,,,,,,,,,,
881,5.8,5.79251,0.314914,4.22672,3.17232,2.40763,20243.6,0.871778,7.64203,190496,0.960262,0.150207,0.0980228,0,,,,,,,,,,,,,,,
893,5.8,5.7916,0.264431,4.21707,3.19463,2.43001,21668.2,0.868165,7.49119,189773,0.957454,0.155029,0.0917735,0,,,,,,,,,,,,,,,
905,5.8,5.79071,0.213041,4.20606,3.21575,2.4512,23777.7,0.864395,7.351,189690,0.954089,0.159734,0.08367,0,,,,,,,,,,,,,,,
917,5.8,5.78986,0.16077,4.19367,3.2357,2.47121,26496.8,0.860773,7.22113,189532,0.950185,0.164309,0.075541,0,,,,,,,,,,,,,,,
928,5.8,5.7891,0.111737,4.18135,3.2532,2.48877,29049.5,0.857643,7.10868,189100,0.946341,0.168427,0.0686911,0,,,,,,,,,,,,,,,
938,5.8,5.78842,0.0643906,4.17038,3.27015,2.50577,31813.2,0.854418,7.00171,188960,0.942457,0.172515,0.0628102,0,,,,,,,,,,,,,,,
946,5.8,5.78772,0.0129682,4.17348,3.29859,2.53426,30995.9,0.848624,6.82615,189167,0.941183,0.179591,0.0644897,0,,,,,,,,,,,,,,,
981,5.8,5.78755,0.000994914,4.206,3.34224,2.57792,23167.2,0.839623,6.56527,188855,0.946469,0.190996,0.0866784,0.154381,0.320393,0.00490587,150066,23484.5,100334,126074,76849,0.0437058,20,14945.9,18803.8,0.585534,0.137053,0.109071,0.178935
1317,5.8,5.78749,2.70876e-22,4.15555,3.36641,2.6021,35602.5,0.834537,6.42583,188511,0.930841,0.197641,0.0567728,0.73644,1.02607,0.0157498,48344.1,108809,281767,313771,172958,0.0856392,33,20901.1,32065.2,0.126378,0.0488027,0.043825,0.0795048
1348,5.8,5.78745,0,4.10371,3.38064,2.61633,55122.1,0.831648,6.34783,188196,0.911628,0.201746,0.0369962,1.49346,1.36744,0.0209725,36908.9,326921,742439,776062,415518,0.0713078,34,31384.7,51675.3,0.0420622,0.0185214,0.0177189,0.0330936
1374,5.8,5.78742,0,4.05235,3.37138,2.60707,86763.2,0.833214,6.40057,189106,0.890533,0.199131,0.0236382,2.11517,1.21897,0.0187248,41019.4,671111,1.69417e+06,1.85599e+06,1.02306e+06,0.0422749,33,50608,79067.5,0.0204899,0.00811663,0.00740898,0.013441
1398,5.8,5.78739,3.651e-42,4.00016,3.35042,2.58611,132312,0.837941,6.51862,188757,0.867732,0.19325,0.0155236,2.30293,0.845622,0.0130239,57453.5,1.04656e+06,3.59637e+06,4.19114e+06,2.54981e+06,0.0201953,20,84161.9,113879,0.0131392,0.00382358,0.00328097,0.00539295
1420,5.8,5.78736,8.58088e-43,3.94889,3.32219,2.55789,203644,0.843952,6.68362,188740,0.84292,0.185674,0.0102642,0,,,,,,,,,,,,,,,
1441,5.8,5.78732,0,3.89867,3.28919,2.52489,310209,0.850574,6.88333,189056,0.817821,0.177231,0.00681446,0,,,,,,,,,,,,,,,
1464,5.8,5.7873,0,3.84714,3.25169,2.48739,477483,0.857718,7.11726,189488,0.790963,0.168094,0.00448594,0,,,,,,,,,,,,,,,
1491,5.8,5.78728,0,3.79636,3.21279,2.44849,721473,0.864917,7.3679,189566,0.762591,0.159106,0.00301759,0,,,,,,,,,,,,,,,
1520,5.8,5.78726,0,3.74608,3.17244,2.40815,1.08721e+06,0.871852,7.6366,189952,0.733901,0.150282,0.00203184,0,,,,,,,,,,,,,,,
1552,5.8,5.78725,0,3.6956,3.12443,2.36014,1.80156e+06,0.87968,7.96906,190283,0.71935,0.14041,0.00131815,0,,,,,,,,,,,,,,,
1612,5.8,5.78722,0,3.64524,3.01133,2.24704,6.95913e+07,0.992648,59.8369,100142,0.846782,0.812154,0.0107603,38591.5,1.22233,0.0258349,1803.28,3.46668e+10,3.51948e+10,5.27997e+08,5.27997e+08,0.00566745,333,6.95913e+07,2.89432e+08,3.96661e-07,3.9071e-07,2.60437e-05,2.60437e-05
1718,5.8,5.78705,0,3.59505,3.35131,2.58703,2.2963e+08,0.993027,63.1233,100367,0.740314,1.87548,0.00878401,123047,1.1201,0.0236542,1866.2,8.39957e+10,8.61013e+10,2.10558e+09,2.10558e+09,0.00185478,437,2.2963e+08,8.87872e+08,1.63711e-07,1.59707e-07,6.53074e-06,6.53074e-06
2213,5.8,5.75521,0,3.64531,3.31108,2.5492,3.26324e+06,0.950972,9.71696,100194,0.809086,0.264598,0.0118598,470.172,2.11772,0.0447174,6940.52,3.54838e+09,3.71283e+09,1.64448e+08,1.64448e+08,0.00523129,207,3.26324e+06,1.44825e+07,3.87529e-06,3.70364e-06,8.36188e-05,8.36188e-05
2251,5.8,5.75459,0,3.69614,3.36618,2.60434,1.37723e+06,0.833867,6.47308,188113,0.644204,0.200125,0.00175395,18.8477,0.681597,0.0104179,73071.5,1.69962e+08,4.4265e+08,4.4265e+08,2.72688e+08,0.00174365,35,846869,1.36267e+06,8.09062e-05,3.10652e-05,3.10652e-05,5.04276e-05
2279,5.8,5.7541,0,3.74711,3.39168,2.62988,921525,0.82859,6.34152,188256,0.678794,0.207933,0.00251754,15.8832,0.885704,0.013516,58018.7,1.06902e+08,2.26803e+08,2.13276e+08,1.19901e+08,0.00305994,48,518555,961677,0.000128631,6.06297e-05,6.44751e-05,0.000114686
2306,5.8,5.75347,0,3.79775,3.41938,2.65763,628966,0.822699,6.20093,188327,0.714604,0.216741,0.00361517,13.2734,1.12173,0.0170919,47385.4,6.57622e+07,1.19966e+08,1.04774e+08,5.42042e+07,0.00519399,51,329327,700749,0.000209102,0.000114624,0.000131244,0.000253689
2334,5.8,5.75238,0,3.84842,3.44781,2.68614,426550,0.816448,6.0592,188350,0.748798,0.226155,0.00524774,10.8357,1.39787,0.0212981,39365.4,3.776e+07,6.24185e+07,5.08861e+07,2.46585e+07,0.00873877,65,211693,503172,0.000364168,0.000220303,0.000270231,0.000557657
2398,5.8,5.74479,0,3.79737,3.45878,2.69768,621743,0.813829,6.00554,188604,0.70229,0.23019,0.00370551,14.6915,1.31883,0.0202797,42319.8,8.48657e+07,1.37657e+08,1.09462e+08,5.27911e+07,0.00567489,67,302233,753659,0.000162032,9.98933e-05,0.000125624,0.000260479
2443,5.8,5.74143,0,3.7466,3.44798,2.68714,898714,0.816384,6.05696,188292,0.660049,0.226594,0.00264776,18.7567,1.14886,0.0176821,47914.3,1.56617e+08,2.7054e+08,2.23676e+08,1.13924e+08,0.00360648,69,454357,1.06623e+06,8.78003e-05,5.08279e-05,6.14773e-05,0.000120703
2468,5.8,5.74025,0,3.69521,3.42799,2.66723,1.32837e+06,0.820493,6.15293,188537,0.621388,0.219871,0.00185012,23.8011,0.964222,0.0148643,55811.6,2.79374e+08,5.29612e+08,4.60419e+08,2.50238e+08,0.00223159,58,712394,1.49604e+06,4.92208e-05,2.59643e-05,2.98662e-05,5.49517e-05
2501,5.8,5.73914,0,3.64474,3.38668,2.62602,4.47912e+06,0.865096,7.40329,186405,0.639257,0.240581,0.00115589,232.908,2.10299,0.0441208,19231.3,2.31218e+09,2.45168e+09,1.14681e+09,1.395e+08,0.00336225,223,1.67733e+06,7.27135e+06,5.94719e-06,5.6088e-06,1.19906e-05,9.85731e-05
757,6,5.99988,0.714872,4.28858,3.00629,2.22633,11953.2,0.899187,8.98636,191229,0.976464,0.11635,0.164724,0,,,,,,,,,,,,,,,
786,6,5.99884,0.664954,4.2791,3.03369,2.25381,12858.8,0.895596,8.76784,190636,0.974621,0.120934,0.153647,0,,,,,,,,,,,,,,,
807,6,5.99774,0.613208,4.27368,3.06481,2.285,13456.2,0.891179,8.52645,190556,0.972968,0.126362,0.146943,0,,,,,,,,,,,,,,,
825,6,5.99666,0.562896,4.26878,3.09442,2.3147,14137.8,0.886689,8.30305,190803,0.971267,0.13176,0.140137,0,,,,,,,,,,,,,,,
841,6,5.99558,0.513953,4.26371,3.12229,2.34264,14606.6,0.882564,8.09845,190251,0.969635,0.137054,0.135949,0,,,,,,,,,,,,,,,
856,6,5.99449,0.464443,4.258,3.14948,2.36991,15430.1,0.878048,7.90355,190647,0.967707,0.142424,0.12829,0,,,,,,,,,,,,,,,
871,6,5.99331,0.411458,4.25105,3.17726,2.39778,16395.5,0.873384,7.70938,190699,0.965476,0.148131,0.120751,0,,,,,,,,,,,,,,,
884,6,5.99224,0.36287,4.24381,3.20148,2.42207,17150.3,0.86951,7.54439,189898,0.963365,0.153302,0.115616,0,,,,,,,,,,,,,,,
897,6,5.99113,0.311879,4.23519,3.22559,2.44627,18644.6,0.865099,7.38341,190147,0.960629,0.158625,0.106772,0,,,,,,,,,,,,,,,
909,6,5.9901,0.263157,4.2259,3.24723,2.46798,19939.5,0.861386,7.24195,189510,0.957919,0.163562,0.100072,0,,,,,,,,,,,,,,,
921,6,5.98908,0.213128,4.21524,3.26798,2.4888,21866,0.857448,7.10874,189516,0.954648,0.168439,0.0913198,0,,,,,,,,,,,,,,,
933,6,5.98808,0.162101,4.20323,3.28771,2.5086,24169.1,0.853686,6.98434,189337,0.950934,0.17321,0.0827477,0,,,,,,,,,,,,,,,
944,6,5.9872,0.114027,4.19122,3.30516,2.52612,26721.1,0.85027,6.87603,189183,0.947074,0.177544,0.0749644,0,,,,,,,,,,,,,,,
955,6,5.98633,0.0627902,4.17941,3.32378,2.5448,29447.5,0.846552,6.76234,188994,0.942907,0.182282,0.0681393,0,,,,,,,,,,,,,,,
964,6,5.9855,0.0117838,4.18376,3.35309,2.57417,28252.5,0.840355,6.58729,188996,0.941951,0.189988,0.0710665,0.0730845,0.123807,0.00188377,386574,29217.8,144554,185845,115336,0.0140158,15,18515.2,22409.6,0.470638,0.095127,0.0739918,0.119225
977,6,5.98532,0.000958661,4.21551,3.39441,2.6155,21026.1,0.831575,6.34891,188388,0.947264,0.201397,0.0955074,0.43286,1.03948,0.0157979,48574.8,47345.7,106545,112807,59199.5,0.140692,40,11837.9,19557.1,0.290438,0.129062,0.121898,0.232282
1297,6,5.98525,4.56908e-23,4.16481,3.41719,2.63829,32550.9,0.826576,6.22471,188227,0.931794,0.208094,0.0621189,1.00222,1.60077,0.0244406,32478.8,141042,283167,283167,142125,0.132514,41,17543.2,32103.9,0.0974958,0.0485614,0.0485614,0.0967528
1328,6,5.98521,0,4.11309,3.43296,2.65406,50374.6,0.823429,6.14558,187863,0.912677,0.213044,0.0405628,1.75829,1.84765,0.0281933,28649.7,410738,751917,701594,341179,0.0952992,44,26245.2,52684.3,0.0334787,0.0182879,0.0195996,0.0403043
1354,6,5.98518,1.48102e-42,4.06182,3.42501,2.64611,78271,0.825018,6.19165,188485,0.891956,0.210751,0.0260945,2.53065,1.69608,0.0259286,30929.2,914889,1.74368e+06,1.65531e+06,828788,0.0580941,44,41708.9,80622.2,0.0150302,0.0078862,0.00830722,0.0165917
1378,6,5.98515,0,4.00974,3.40535,2.62645,120265,0.829607,6.29773,188219,0.868975,0.204874,0.0171253,3.2667,1.38753,0.0212682,36815.4,1.88623e+06,3.90617e+06,3.77454e+06,2.01994e+06,0.0326546,36,67824.3,120265,0.0072902,0.00352033,0.00364309,0.00680762
1400,6,5.98511,0,3.95849,3.37835,2.59946,188614,0.834867,6.44458,189221,0.843314,0.197015,0.0110745,3.79195,0.995271,0.0153069,49740.8,2.74121e+06,7.65572e+06,8.60017e+06,4.91451e+06,0.0165244,25,112785,167494,0.00501639,0.00179617,0.00159892,0.00279804
1421,6,5.98507,0,3.90784,3.34628,2.56739,285708,0.841684,6.62709,189216,0.817729,0.188176,0.00738791,1.8843,0.31302,0.00482314,151626,1.03268e+06,1.37993e+07,1.85362e+07,1.27666e+07,0.00376261,5,202774,214974,0.0133158,0.000996499,0.000741846,0.00107711
1443,6,5.98504,0,3.85672,3.31022,2.53133,432379,0.849306,6.84365,188975,0.791381,0.178843,0.00495461,0,,,,,,,,,,,,,,,
1469,6,5.98502,0,3.80612,3.27261,2.49373,659840,0.856394,7.07669,189688,0.762245,0.169593,0.00329475,0,,,,,,,,,,,,,,,
1498,6,5.98501,0,3.75511,3.23296,2.45408,989340,0.863817,7.33026,189688,0.732732,0.160344,0.00222897,0,,,,,,,,,,,,,,,
1529,6,5.98499,0,3.704,3.18875,2.40987,1.55641e+06,0.871422,7.62291,190163,0.707814,0.150608,0.00147513,0,,,,,,,,,,,,,,,
1579,6,5.98497,0,3.65381,3.07975,2.30086,1.69502e+07,0.984369,28.4014,100253,0.850854,0.436383,0.0114694,5725.7,1.58298,0.0333673,2960.37,9.81194e+09,1.00631e+10,2.51188e+08,2.51188e+08,0.00689693,272,1.69502e+07,7.02707e+07,1.40145e-06,1.36647e-06,5.47437e-05,5.47437e-05
1668,6,5.98491,0,3.60361,3.30147,2.52259,2.04597e+08,0.993317,65.8747,100111,0.766226,1.68784,0.00897739,113260,1.10918,0.023455,1806.43,8.62828e+10,8.80403e+10,1.75742e+09,1.75742e+09,0.00219435,434,2.04597e+08,8.10478e+08,1.59371e-07,1.5619e-07,7.82453e-06,7.82453e-06
2207,6,5.94776,0,3.65473,3.39481,2.61864,2.63168e+06,0.833262,6.4584,188189,0.640934,0.206369,0.00120792,101.152,1.92132,0.039888,26017,6.38786e+07,1.63916e+08,9.64301e+08,1.00037e+08,0.00326261,34,806655,952185,0.000215267,8.38906e-05,1.42601e-05,0.000137459
2237,6,5.94731,0,3.70535,3.42609,2.64995,1.26251e+06,0.823905,6.23855,188979,0.639367,0.214229,0.0018984,21.4756,0.897999,0.0136706,58788.3,2.3244e+08,4.56957e+08,4.04957e+08,2.24517e+08,0.00224783,52,693966,1.38507e+06,5.91593e-05,3.00925e-05,3.39567e-05,6.1247e-05
2265,6,5.94677,0,3.75664,3.44996,2.67386,859137,0.818903,6.12121,188870,0.676451,0.222099,0.0027273,17.369,1.0976,0.0166852,49463.9,1.31013e+08,2.31365e+08,1.98006e+08,1.00352e+08,0.00371093,63,435147,979874,0.000104959,5.94342e-05,6.94475e-05,0.000137027
2292,6,5.94603,0,3.80825,3.47727,2.70122,579746,0.812935,5.9882,188756,0.714094,0.231402,0.00394725,13.8828,1.34293,0.020364,41759.9,7.52942e+07,1.20826e+08,9.56254e+07,4.55315e+07,0.0061167,63,279468,704978,0.00018263,0.000113808,0.000143801,0.00030201
2318,6,5.945,0,3.85902,3.50478,2.72881,392732,0.806823,5.85599,188411,0.748712,0.241135,0.00577856,11.0349,1.62722,0.0246397,35590,4.1237e+07,6.17536e+07,4.63545e+07,2.05166e+07,0.0100448,78,178340,502549,0.000333462,0.000222675,0.000296649,0.000670237
2376,6,5.93649,0,3.80786,3.51634,2.74099,568889,0.804094,5.80262,188522,0.702172,0.245731,0.00409066,14.8003,1.52796,0.0233878,38437.7,8.80672e+07,1.33084e+08,9.91912e+07,4.50166e+07,0.00648098,79,260044,731733,0.000156142,0.000103326,0.000138631,0.000305464
2424,6,5.93296,0,3.7576,3.50608,2.73099,825774,0.806283,5.85024,188808,0.659173,0.242109,0.00290181,19.0761,1.34158,0.0205367,43288.4,1.68303e+08,2.63323e+08,2.02709e+08,9.50207e+07,0.0041606,79,383417,1.04479e+06,8.17039e-05,5.22209e-05,6.78361e-05,0.000144716
2449,6,5.93167,0,3.70625,3.48721,2.71222,1.19287e+06,0.810709,5.93737,188492,0.619306,0.235321,0.00206416,24.1029,1.14664,0.0176046,49490.7,3.14217e+08,5.20096e+08,4.07592e+08,2.05879e+08,0.00263593,71,589891,1.48201e+06,4.37627e-05,2.64393e-05,3.37371e-05,6.67915e-05
2476,6,5.93071,0,3.65523,3.45914,2.68421,2.15182e+06,0.817077,6.07748,188670,0.605693,0.225829,0.00134317,37.1757,0.947421,0.0146242,57882.4,6.60573e+08,1.15455e+09,9.47216e+08,4.93974e+08,0.0015217,63,1.22696e+06,2.52336e+06,2.08168e-05,1.19103e-05,1.45173e-05,2.78375e-05
2556,6,5.92785,0,3.60505,3.37856,2.60384,8.15018e+07,0.988483,38.403,100486,0.755293,1.18591,0.00927664,31561.2,1.33704,0.0284198,2582.34,5.94203e+10,6.05915e+10,1.17118e+09,1.17118e+09,0.00232433,439,8.15018e+07,3.54619e+08,2.31419e-07,2.26946e-07,1.17411e-05,1.17411e-05
773,6.5,6.49982,0.714767,4.30848,3.12567,2.31095,9843.54,0.887324,8.33094,190596,0.97724,0.131066,0.200518,0,,,,,,,,,,,,,,,
808,6.5,6.49829,0.663921,4.29898,3.15404,2.33942,10610.6,0.883078,8.12167,190223,0.975398,0.136432,0.186032,0,,,,,,,,,,,,,,,
834,6.5,6.49673,0.613289,4.29382,3.18468,2.37016,11161.2,0.878083,7.90187,190441,0.973779,0.142476,0.177078,0,,,,,,,,,,,,,,,
856,6.5,6.49519,0.564611,4.28921,3.21349,2.39908,11577.6,0.873277,7.70056,190401,0.972248,0.148407,0.170411,0,,,,,,,,,,,,,,,
877,6.5,6.49356,0.513498,4.28405,3.24277,2.42846,12032.9,0.868305,7.5015,190094,0.970552,0.15469,0.164247,0,,,,,,,,,,,,,,,
896,6.5,6.49192,0.46304,4.27834,3.27063,2.45644,12602,0.863265,7.31659,190083,0.968703,0.160916,0.156476,0,,,,,,,,,,,,,,,
913,6.5,6.49034,0.414237,4.27208,3.29643,2.48234,13274.5,0.858572,7.14974,189753,0.96673,0.166911,0.149484,0,,,,,,,,,,,,,,,
930,6.5,6.48864,0.361955,4.26444,3.32277,2.5088,14083.2,0.85368,6.98312,189269,0.964421,0.17326,0.14161,0,,,,,,,,,,,,,,,
945,6.5,6.48706,0.312604,4.25624,3.34641,2.53254,15051.2,0.848949,6.83672,189223,0.96196,0.179158,0.132117,0,,,,,,,,,,,,,,,
959,6.5,6.48554,0.263697,4.24707,3.36851,2.55475,16201.3,0.844502,6.70252,188953,0.95924,0.184857,0.122894,0,,,,,,,,,,,,,,,
973,6.5,6.48398,0.21206,4.2362,3.3904,2.57673,17844.7,0.839746,6.57216,189096,0.95591,0.190674,0.111584,0.0752751,0.202661,0.00313396,237060,13745.6,58828.8,74620.4,45083.1,0.0358515,18,11435.5,14396.1,1.00039,0.233746,0.184279,0.305014
986,6.5,6.48254,0.161894,4.22452,3.41031,2.59674,19494.4,0.835725,6.45572,188455,0.952431,0.196128,0.102485,0.256171,0.647159,0.00996186,76099.3,29416.4,81907.9,93591.7,52491.6,0.098753,29,11665.5,17223.2,0.467461,0.167884,0.146925,0.261966
998,6.5,6.48121,0.113425,4.21252,3.42849,2.61501,21766.9,0.831466,6.35172,188766,0.948488,0.201257,0.0918422,0.450043,1.04464,0.0160203,48366.4,47231.2,110396,120299,63164.8,0.137059,37,12268.4,19864.8,0.291142,0.124561,0.114307,0.2177
1010,6.5,6.47987,0.0608928,4.20055,3.44822,2.63483,24043.8,0.827197,6.24168,188374,0.944266,0.207006,0.0837728,0.659621,1.42122,0.0217072,36450.9,72818.9,149658,153064,76839.4,0.16049,44,12999.5,23160.1,0.188838,0.0918825,0.0898383,0.178957
1018,6.5,6.47871,0.0130402,4.20383,3.47487,2.66156,23261.4,0.821022,6.09671,188277,0.943226,0.215033,0.0867377,0.753588,1.73828,0.026153,30867.5,87574.6,157972,151294,70397.3,0.189338,54,11737,23911.4,0.15702,0.087047,0.0908892,0.195334
1048,6.5,6.4784,0.00099418,4.23551,3.51538,2.70209,17383.8,0.811318,5.8808,187834,0.948376,0.227707,0.116086,0.6635,2.15897,0.032415,26200.2,66432.5,106230,92513.2,39797,0.280967,65,8181.94,19338.4,0.206992,0.129446,0.148638,0.345528
1391,6.5,6.47831,1.28472e-25,4.18531,3.5365,2.72322,26982.4,0.806315,5.78251,188049,0.933351,0.235065,0.0750983,1.19133,2.5637,0.0387205,22649,189254,284829,231648,95575.6,0.205138,72,12175.7,31454.6,0.072659,0.048278,0.0593617,0.143875
1422,6.5,6.47825,1.42507e-42,4.13396,3.55486,2.74158,42024.2,0.802448,5.70563,187938,0.914267,0.241955,0.0488989,1.93574,2.72803,0.0412061,21709.7,516055,751781,579853,235726,0.135316,75,18593,51735.6,0.0266464,0.0182912,0.0237146,0.0583345
1448,6.5,6.47821,0,4.08336,3.54947,2.73619,64957.3,0.804459,5.74339,187854,0.893835,0.240554,0.0321686,2.81644,2.54174,0.038484,23063.6,1.19877e+06,1.75562e+06,1.35786e+06,556854,0.0840537,73,28780,79981.3,0.0114709,0.00783255,0.010127,0.0246941
1472,6.5,6.47818,0,4.03192,3.5326,2.71932,100470,0.808659,5.83293,188309,0.870721,0.234996,0.0208785,3.8935,2.22297,0.0337679,25804.4,2.64333e+06,3.99057e+06,3.11449e+06,1.34724e+06,0.0502849,64,46465.5,121870,0.00520215,0.00344587,0.00441516,0.0102068
1494,6.5,6.47814,0,3.98122,3.50858,2.69531,151992,0.814608,5.95427,188150,0.84589,0.226982,0.0139205,5.09799,1.8642,0.0284154,29814,5.14799e+06,8.24848e+06,6.80393e+06,3.10049e+06,0.0298438,58,73297,176436,0.00267114,0.00166709,0.00202104,0.0044351
1515,6.5,6.47809,0,3.93037,3.4793,2.66603,229572,0.821305,6.10108,188135,0.819231,0.217415,0.00929468,6.41879,1.49785,0.0228888,35765.6,9.651e+06,1.68304e+07,1.46568e+07,7.17939e+06,0.0172622,49,117743,254958,0.00142483,0.000817033,0.000938197,0.00191534
1536,6.5,6.47806,0,3.87949,3.44628,2.63302,344762,0.828588,6.26886,187952,0.79219,0.207041,0.00624876,7.60274,1.13321,0.0173778,45347,1.53608e+07,3.22552e+07,3.11328e+07,1.68944e+07,0.00952414,41,193637,353159,0.000895199,0.000426318,0.000441689,0.000813936
1560,6.5,6.47803,0,3.82799,3.41071,2.59744,530036,0.835494,6.45678,188934,0.762061,0.196477,0.00410494,8.0791,0.751726,0.0115667,65605.8,2.06203e+07,6.16511e+07,6.75992e+07,4.10308e+07,0.00462477,25,329839,479906,0.000666868,0.000223045,0.000203419,0.000335138
1588,6.5,6.47801,0,3.77696,3.37389,2.56063,791041,0.843138,6.66567,189075,0.731194,0.18635,0.00277729,0,,,,,,,,,,,,,,,
1618,6.5,6.47799,0,3.72594,3.33436,2.5211,1.19966e+06,0.851101,6.90346,189318,0.700176,0.17621,0.00188239,0,,,,,,,,,,,,,,,
1651,6.5,6.47797,0,3.67568,3.28054,2.46728,2.22733e+06,0.861393,7.24437,189651,0.69761,0.163324,0.00118392,0,,,,,,,,,,,,,,,
1722,6.5,6.47793,0,3.62553,3.2122,2.39894,9.61589e+07,0.99199,54.9057,100384,0.816262,1.05722,0.00955175,48306,1.20633,0.0254595,1990.62,6.06515e+10,6.15473e+10,8.9582e+08,8.9582e+08,0.00349509,420,9.61589e+07,4.08332e+08,2.26721e-07,2.23421e-07,1.53502e-05,1.53502e-05
1852,6.5,6.47713,0,3.57542,3.64472,2.83152,1.21235e+08,0.986674,33.2294,100122,0.676865,1.73352,0.00889864,42024.7,1.38485,0.0293494,2884.86,5.65964e+10,5.88021e+10,2.20576e+09,2.20576e+09,0.001242,465,1.21235e+08,5.01613e+08,2.42966e-07,2.33852e-07,6.23412e-06,6.23412e-06
2284,6.5,6.42686,0,3.62596,3.46998,2.66017,6.34601e+06,0.957628,11.1045,100365,0.779731,0.390416,0.0106038,1011.76,2.02522,0.042793,6272.25,8.33082e+09,8.63743e+09,3.06602e+08,3.06602e+08,0.00349137,244,6.34601e+06,3.03698e+07,1.65062e-06,1.59202e-06,4.48497e-05,4.48497e-05
2326,6.5,6.42599,0,3.677,3.54711,2.73735,1.51362e+06,0.804869,5.82005,188680,0.595753,0.244412,0.00169607,29.4666,1.13884,0.0171436,51367.1,5.37589e+08,8.70318e+08,6.63417e+08,3.32729e+08,0.002018,67,744743,1.93438e+06,2.5579e-05,1.58e-05,2.07275e-05,4.13278e-05
2353,6.5,6.42561,0,3.72849,3.56493,2.75519,1.02245e+06,0.800684,5.7404,188892,0.633518,0.25118,0.00239796,22.6681,1.32475,0.0199618,45105.3,2.88998e+08,4.38165e+08,3.23441e+08,1.49167e+08,0.00319021,81,461549,1.34444e+06,4.75816e-05,3.13831e-05,4.25147e-05,9.21852e-05
2381,6.5,6.42494,0,3.77977,3.58462,2.77494,707765,0.795918,5.6513,189003,0.674142,0.258782,0.00338695,17.8387,1.54206,0.0232191,39675.7,1.57274e+08,2.26501e+08,1.60845e+08,6.92278e+07,0.0049991,88,303113,950424,8.74336e-05,6.07104e-05,8.54921e-05,0.000198634
2407,6.5,6.42395,0,3.83126,3.60966,2.80004,485934,0.789468,5.53826,189366,0.712209,0.268696,0.0048339,13.9885,1.81691,0.0272847,34738,8.4345e+07,1.15917e+08,7.92663e+07,3.15724e+07,0.0079282,88,195945,668440,0.000163033,0.000118627,0.000173478,0.000435538
2430,6.5,6.42272,0,3.88211,3.63548,2.82594,324755,0.783264,5.42227,188584,0.747994,0.279235,0.00713222,10.6914,2.1391,0.0320519,30375.3,4.51926e+07,5.94825e+07,3.78658e+07,1.42898e+07,0.0126919,106,125995,477388,0.000304275,0.000231177,0.00036315,0.000962292
2478,6.5,6.4118,0,3.8313,3.64836,2.83956,470476,0.78008,5.37016,188665,0.700963,0.285364,0.00507632,14.3275,2.00779,0.0305874,32837.2,9.58992e+07,1.26858e+08,8.09966e+07,3.09589e+07,0.00819288,104,180892,696910,0.00014339,0.000108397,0.000169772,0.000444169
2516,6.5,6.40795,0,3.78007,3.63777,2.82923,683214,0.782755,5.41716,188890,0.656813,0.281095,0.00358752,18.4932,1.76289,0.0267566,36944.1,1.8492e+08,2.52316e+08,1.66056e+08,6.73966e+07,0.00524188,104,273132,992132,7.4362e-05,5.4499e-05,8.28093e-05,0.000204031
2540,6.5,6.40645,0,3.72889,3.62071,2.81227,978729,0.787014,5.4906,188950,0.61423,0.273994,0.00255673,23.5465,1.53616,0.0233305,41565.8,3.38742e+08,4.81952e+08,3.29952e+08,1.43209e+08,0.00340216,91,410460,1.37514e+06,4.05942e-05,2.85319e-05,4.16757e-05,9.60203e-05
2564,6.5,6.4054,0,3.67854,3.60145,2.79308,1.42995e+06,0.791709,5.57258,188861,0.57464,0.266064,0.00184111,30.5899,1.33582,0.0203371,46745.8,6.14026e+08,9.21123e+08,6.57113e+08,3.07097e+08,0.00222979,83,644271,1.96801e+06,2.23948e-05,1.49285e-05,2.09264e-05,4.47774e-05
2647,6.5,6.40367,0,3.72908,3.63119,2.82294,977209,0.784326,5.44549,189049,0.610113,0.278499,0.0025898,23.6039,1.56177,0.0234167,41400.3,3.454e+08,4.87521e+08,3.33094e+08,1.42121e+08,0.00341303,95,401836,1.39003e+06,3.98117e-05,2.82059e-05,4.12826e-05,9.67557e-05
2673,6.5,6.40238,0,3.6771,3.60322,2.79506,1.42974e+06,0.791362,5.56375,188642,0.573499,0.266857,0.0018336,30.5909,1.33828,0.020371,46737.6,6.29222e+08,9.4379e+08,6.64646e+08,3.14568e+08,0.00220446,86,652536,1.9748e+06,2.18539e-05,1.457e-05,2.06892e-05,4.37138e-05
2710,6.5,6.40143,0,3.62694,3.54192,2.73383,7.16682e+06,0.873876,7.73318,185940,0.604623,0.322016,0.00110877,419.287,2.2121,0.0464991,17092.9,5.03123e+09,5.26699e+09,1.73389e+09,2.35751e+08,0.00261898,286,2.84393e+06,1.41558e+07,2.73312e-06,2.61079e-06,7.93072e-06,5.83283e-05
788,7,6.99975,0.714558,4.32654,3.23489,2.38799,8178.59,0.875362,7.77709,189840,0.97796,0.146103,0.240705,0,,,,,,,,,,,,,,,
830,7,6.9976,0.6642,4.31719,3.26333,2.41656,9021.31,0.870308,7.58154,190308,0.976032,0.152114,0.219272,0,,,,,,,,,,,,,,,
863,7,6.9954,0.613562,4.31213,3.29409,2.44745,9258.76,0.865183,7.37561,189446,0.974597,0.158892,0.214243,0,,,,,,,,,,,,,,,
892,7,6.99317,0.563272,4.30747,3.32394,2.47745,9630.14,0.859641,7.18107,189442,0.97304,0.165762,0.205913,0,,,,,,,,,,,,,,,
918,7,6.99091,0.513422,4.30252,3.35257,2.50621,10051.7,0.854068,6.99919,189517,0.971382,0.172627,0.197066,0,,,,,,,,,,,,,,,
941,7,6.98869,0.464928,4.29715,3.37948,2.53326,10510.5,0.848767,6.83237,189297,0.96964,0.179342,0.189204,0,,,,,,,,,,,,,,,
963,7,6.98635,0.414243,4.29077,3.40644,2.56037,11087.6,0.843042,6.66878,189476,0.967634,0.186324,0.178385,0,,,,,,,,,,,,,,,
983,7,6.98403,0.36382,4.28352,3.43207,2.58614,11653.5,0.837964,6.51717,188620,0.965509,0.19322,0.171047,0.0658793,0.274615,0.00425088,176892,8293.7,27047.6,32611.2,18753.9,0.0720801,26,7150.09,9814.18,1.658,0.5084,0.421665,0.733234
1001,7,6.98177,0.314229,4.27541,3.45612,2.61033,12455.6,0.832691,6.3778,188447,0.963086,0.199918,0.160196,0.161252,0.649353,0.00998977,77243.1,14893.4,35729,39196,20835.6,0.149546,33,7115.72,11375.1,0.923295,0.384869,0.350826,0.659975
1018,7,6.97951,0.263403,4.26599,3.47943,2.63378,13473.3,0.827417,6.24568,188287,0.960286,0.20664,0.148308,0.269849,1.03624,0.0158802,49929.3,22780.3,46816.1,48184.1,24035.9,0.20738,46,7264.37,12997.3,0.603636,0.293723,0.285384,0.572103
1034,7,6.97729,0.211806,4.25522,3.50169,2.65618,14773.4,0.822218,6.12263,188191,0.957048,0.213289,0.135523,0.393472,1.41953,0.0216616,37546.2,33790,62383.5,60669.8,28593.5,0.244559,53,7563.41,14949.2,0.406954,0.220427,0.226653,0.480914
1048,7,6.97529,0.163526,4.24406,3.52132,2.67594,16300.5,0.817449,6.01692,188247,0.953595,0.219364,0.123005,0.523889,1.7589,0.0267533,31114.5,48301,82627.7,76779.6,34326.7,0.26155,59,7953.13,17129.5,0.284693,0.166421,0.179097,0.400592
1062,7,6.97326,0.112113,4.23138,3.54114,2.69589,18011.4,0.812972,5.9134,187705,0.949653,0.225722,0.111802,0.670796,2.08819,0.031664,26850.7,71227.1,114017,98418.6,42790.4,0.265399,64,8557,19890.6,0.193058,0.120604,0.139719,0.321357
1074,7,6.97148,0.0639101,4.22027,3.55967,2.71452,19863.9,0.808373,5.81949,187747,0.945713,0.231876,0.101663,0.816647,2.36181,0.0356726,24323.8,94204.9,146475,124120,52269.6,0.26021,67,9163.13,22522,0.145969,0.0938797,0.110788,0.263078
1084,7,6.96966,0.0124552,4.22308,3.5881,2.74306,19362,0.801001,5.67625,187802,0.944366,0.241532,0.104493,0.862602,2.65785,0.0395769,22446,106352,156017,124926,49664.9,0.27955,75,8482.09,22706.3,0.129297,0.0881376,0.110073,0.276875
1095,7,6.96923,0.000995738,4.25398,3.62554,2.78054,14611.6,0.79076,5.48681,187550,0.949355,0.254512,0.138265,0.675272,2.89898,0.0428606,21638.1,73360.4,102130,77545.9,28769.7,0.363652,85,6031.71,18096.6,0.187444,0.134642,0.177327,0.477968
1402,7,6.9691,9.01113e-29,4.20299,3.64458,2.79959,22952.8,0.786338,5.41164,187600,0.934427,0.26228,0.0891303,1.17848,3.28877,0.0490661,19476.6,201264,272598,197397,71334.5,0.253342,87,9204.63,29555.3,0.0683233,0.0504442,0.0696615,0.192768
1433,7,6.96903,0,4.15157,3.66487,2.81988,35998.7,0.781647,5.33833,187965,0.915225,0.271105,0.0573556,1.88526,3.4282,0.0512429,19094.8,566741,745277,500488,178537,0.162312,87,14158.7,48783.9,0.0242633,0.0184508,0.0274751,0.0770206
1459,7,6.96898,0,4.10115,3.66162,2.81663,55689.6,0.783588,5.37136,188064,0.894745,0.270745,0.0376286,2.75815,3.21326,0.0481698,20190.9,1.36211e+06,1.78182e+06,1.17434e+06,419707,0.100996,89,21749,77820.5,0.0100954,0.0077174,0.0117096,0.0327633
1483,7,6.96894,0,4.04999,3.647,2.80201,85702.5,0.788561,5.45112,187733,0.87167,0.265674,0.0249457,3.8686,2.86131,0.0430563,22153.4,3.05086e+06,4.04335e+06,2.67709e+06,992483,0.0616707,84,34307.4,118582,0.00450724,0.00340089,0.00513653,0.0138551
1505,7,6.9689,0,3.99958,3.62533,2.78035,130996,0.794362,5.55826,188154,0.846214,0.257715,0.0164717,5.25245,2.47189,0.037346,24939.9,6.19455e+06,8.46843e+06,5.91145e+06,2.27389e+06,0.0375431,78,53827.9,176096,0.00221985,0.00162379,0.00232616,0.00604735
1526,7,6.96885,0,3.94874,3.59838,2.75339,199499,0.801001,5.68683,188629,0.818305,0.247808,0.0109042,6.96072,2.08153,0.0315554,28660.8,1.22264e+07,1.74491e+07,1.28514e+07,5.22269e+06,0.0226528,70,85631.9,254859,0.0011247,0.000788064,0.00107,0.00263293
1547,7,6.96881,0,3.89675,3.56706,2.72208,302335,0.808559,5.83524,188644,0.78911,0.236586,0.00726164,8.97658,1.70404,0.0259118,33680.4,2.31375e+07,3.52831e+07,2.77292e+07,1.21456e+07,0.0134008,68,138115,367066,0.000594316,0.000389733,0.000495902,0.00113218
1569,7,6.96878,0,3.8457,3.53395,2.68897,450548,0.816153,5.99376,188614,0.759791,0.225178,0.00489802,11.1406,1.36284,0.0207676,40442.1,4.07291e+07,6.89061e+07,5.80545e+07,2.8177e+07,0.00786893,54,225097,517110,0.000337621,0.000199561,0.000236863,0.000488021
1596,7,6.96875,0,3.79419,3.49913,2.65415,666414,0.824062,6.16427,188135,0.728134,0.21374,0.00335666,13.2939,1.05218,0.0160717,50129.1,6.93454e+07,1.33303e+08,1.1993e+08,6.39576e+07,0.00451242,49,361425,722694,0.000198297,0.000103156,0.000114658,0.000215002
1625,7,6.96872,0,3.74368,3.46265,2.61767,994205,0.831473,6.34834,188522,0.695488,0.20239,0.00228944,15.0073,0.762633,0.0116765,66248.2,9.86398e+07,2.43808e+08,2.46757e+08,1.45168e+08,0.0024637,34,589511,971681,0.000139406,5.64009e-05,5.57268e-05,9.47244e-05
1655,7,6.9687,0,3.69334,3.42024,2.57527,1.5226e+06,0.839968,6.57618,188958,0.668198,0.190153,0.00154389,12.9163,0.406987,0.00627498,117882,9.08168e+07,4.40145e+08,5.1464e+08,3.49328e+08,0.000993919,16,1.04184e+06,1.28911e+06,0.000151415,3.12419e-05,2.67196e-05,3.93641e-05
1704,7,6.96867,0,3.6428,3.31123,2.46626,8.89994e+06,0.972667,16.6543,100001,0.831365,0.374366,0.0109725,1984.12,1.82682,0.0384673,4485.59,7.86648e+09,8.11625e+09,2.49772e+08,2.49772e+08,0.00508949,276,8.89994e+06,3.88183e+07,1.74805e-06,1.69425e-06,5.50542e-05,5.50542e-05
1792,7,6.96861,0,3.59233,3.53731,2.69235,1.0051e+08,0.987924,36.5276,100052,0.737,1.38438,0.00877136,37047.7,1.33447,0.0281819,2713,7.10771e+10,7.26863e+10,1.60916e+09,1.60916e+09,0.00170454,450,1.0051e+08,4.33688e+08,1.93466e-07,1.89183e-07,8.54544e-06,8.54544e-06
2325,7,6.89888,0,3.64234,3.65136,2.81076,2.27278e+06,0.787561,5.50496,189363,0.564508,0.273788,0.00135083,45.1593,1.26545,0.018841,50328,1.30274e+09,1.88363e+09,1.31357e+09,5.80884e+08,0.00148372,90,1.11513e+06,3.11682e+06,1.05554e-05,7.30027e-06,1.04684e-05,2.36725e-05
2353,7,6.89852,0,3.69408,3.67653,2.83596,1.25958e+06,0.781017,5.39119,189148,0.581741,0.284112,0.00205878,28.4554,1.4831,0.022114,44265.1,5.87222e+08,8.35694e+08,5.62635e+08,2.48472e+08,0.00248911,85,531226,1.81136e+06,2.3417e-05,1.64546e-05,2.44403e-05,5.53422e-05
2379,7,6.89818,0,3.74416,3.68949,2.84893,890735,0.777552,5.33702,189409,0.623968,0.289789,0.00282098,22.4149,1.67817,0.0250469,39738.5,3.32233e+08,4.48945e+08,2.89734e+08,1.16713e+08,0.00375656,99,347237,1.31883e+06,4.13896e-05,3.06295e-05,4.74607e-05,0.000117819
2406,7,6.89754,0,3.79496,3.70339,2.86288,617098,0.774251,5.27736,188751,0.668002,0.295898,0.00399169,17.3993,1.9082,0.0284821,35466.9,1.74863e+08,2.30261e+08,1.44376e+08,5.53977e+07,0.00576537,102,234119,937937,7.86386e-05,5.97192e-05,9.5244e-05,0.000248223
2431,7,6.89633,0,3.84559,3.72511,2.88467,423751,0.768253,5.18438,188725,0.707345,0.305646,0.00567865,13.4471,2.20473,0.0328325,31512.4,9.6302e+07,1.21774e+08,7.15438e+07,2.54716e+07,0.00894437,111,152134,669711,0.00014279,0.000112923,0.000192204,0.000539855
2452,7,6.89484,0,3.89566,3.74881,2.90846,292592,0.761204,5.08255,188960,0.742098,0.316514,0.00813596,10.4468,2.55606,0.0379467,28007.7,5.11744e+07,6.28639e+07,3.56075e+07,1.16895e+07,0.0140012,122,98765.5,472312,0.000268708,0.000218742,0.000386182,0.00117636
2510,7,6.88018,0,3.84475,3.76547,2.92605,421588,0.756915,5.02131,188936,0.692926,0.325622,0.00584203,13.8568,2.39527,0.036016,30424.6,1.08007e+08,1.33698e+08,7.60298e+07,2.56907e+07,0.00898884,126,142618,687643,0.000127316,0.000102851,0.000180863,0.000535251
2533,7,6.87665,0,3.79238,3.75286,2.91366,614949,0.76042,5.07484,189340,0.647752,0.319838,0.0040877,18.0664,2.11011,0.0317718,34038.2,2.0784e+08,2.63811e+08,1.56605e+08,5.59701e+07,0.00576595,123,214696,973370,6.61613e-05,5.21245e-05,8.78069e-05,0.000245685
2558,7,6.87449,0,3.74077,3.73699,2.89792,867646,0.765194,5.1396,188826,0.604117,0.312395,0.00295748,22.8433,1.8533,0.0279048,37982.6,3.87184e+08,5.07547e+08,3.06131e+08,1.20363e+08,0.00378129,114,325467,1.38123e+06,3.55154e-05,2.7093e-05,4.49187e-05,0.000114246
2599,7,6.87345,0,3.79099,3.76335,2.92436,612213,0.757755,5.03347,188972,0.643185,0.325145,0.00412913,17.9288,2.12679,0.0315642,34146.9,2.22178e+08,2.79352e+08,1.59605e+08,5.71739e+07,0.00566842,129,213511,1.00203e+06,6.18917e-05,4.92246e-05,8.61565e-05,0.000240511
2629,7,6.8715,0,3.74056,3.73972,2.90085,879494,0.764152,5.12825,189242,0.601764,0.313812,0.00294551,23.1591,1.86184,0.0280119,37976.2,3.85492e+08,5.05844e+08,3.11725e+08,1.20352e+08,0.00378167,116,323565,1.37189e+06,3.56713e-05,2.71842e-05,4.41126e-05,0.000114256
2654,7,6.87056,0,3.68916,3.72058,2.88177,1.26048e+06,0.76934,5.20457,189084,0.559136,0.304795,0.00213322,29.7353,1.63128,0.0245938,42390,6.86502e+08,9.44224e+08,6.09919e+08,2.57722e+08,0.0025097,108,501067,1.91055e+06,2.00305e-05,1.45633e-05,2.25456e-05,5.33559e-05
2681,7,6.86981,0,3.63912,3.68997,2.8512,2.20772e+06,0.777679,5.33422,188941,0.54453,0.291139,0.00142332,45.7971,1.3826,0.0209582,48206.5,1.45518e+09,2.04733e+09,1.36451e+09,5.92149e+08,0.00152309,102,1.04702e+06,3.15323e+06,9.44966e-06,6.71654e-06,1.00776e-05,2.32222e-05
2779,7,6.86668,0,3.58892,3.63612,2.79755,4.90051e+07,0.98046,22.9671,100265,0.713027,1.1079,0.00905851,13111.9,1.56736,0.033296,3737.46,5.26091e+10,5.38788e+10,1.26975e+09,1.26975e+09,0.00163853,456,4.90051e+07,2.31216e+08,2.6138e-07,2.55221e-07,1.08297e-05,1.08297e-05
801,7.5,7.49968,0.714867,4.34323,3.33529,2.45843,6983.59,0.863166,7.30381,189478,0.978542,0.161371,0.282791,0,,,,,,,,,,,,,,,
854,7.5,7.49672,0.664221,4.33381,3.36396,2.48727,7624.13,0.857736,7.11849,189529,0.976699,0.168075,0.259942,0,,,,,,,,,,,,,,,
895,7.5,7.49377,0.614615,4.32893,3.39414,2.51762,7880.55,0.851996,6.92833,189136,0.975274,0.175429,0.251593,0,,,,,,,,,,,,,,,
932,7.5,7.49071,0.564518,4.32437,3.42393,2.54759,8108.44,0.84609,6.74539,188767,0.97382,0.182998,0.244102,0,,,,,,,,,,,,,,,
966,7.5,7.48755,0.513817,4.31943,3.45312,2.57696,8512.22,0.839651,6.57073,189176,0.972132,0.190732,0.231777,0.0192378,0.108643,0.00168843,442473,2999.65,13369.7,17022.4,10370.1,0.039955,19,5508.33,6831.14,4.58419,1.02852,0.807816,1.32603
996,7.5,7.48441,0.464056,4.31398,3.4808,2.60483,8886.82,0.833758,6.40922,188739,0.970391,0.198373,0.223543,0.0753019,0.422299,0.00652447,118016,6964.12,17442.1,19661.6,10477.9,0.13837,35,5096.17,7917.77,1.97455,0.788381,0.699382,1.31238
1023,7.5,7.48124,0.414081,4.30776,3.5075,2.63171,9381.97,0.8277,6.25703,188602,0.96843,0.206027,0.212637,0.136741,0.752852,0.0115715,68611.4,10683.8,22152.1,23113.6,11468.3,0.218399,45,5045.19,8917.81,1.28708,0.620752,0.59493,1.19904
1047,7.5,7.47809,0.364548,4.30071,3.53284,2.65723,9890.65,0.821798,6.11584,188385,0.966338,0.213566,0.201175,0.202802,1.09542,0.0167542,48769.9,15561.9,28219.9,27230.9,12658,0.280336,54,5011.85,10041.2,0.883633,0.48728,0.504977,1.08635
1069,7.5,7.47491,0.314163,4.29254,3.55749,2.68206,10540,0.815984,5.98186,188016,0.963941,0.221181,0.189184,0.277189,1.45081,0.0220916,38024.8,21384.2,35918.8,32729.8,14534.7,0.325178,59,5123.01,11215.2,0.643045,0.382835,0.420136,0.946083
1089,7.5,7.47177,0.263353,4.28319,3.58106,2.70582,11439.9,0.810027,5.85701,188032,0.961138,0.22874,0.17451,0.364028,1.81228,0.027493,31425.9,29210.4,46299,40477,17088.6,0.352258,64,5312.56,12591.4,0.470756,0.297004,0.339723,0.804687
1107,7.5,7.46875,0.213066,4.27275,3.6031,2.72803,12468.3,0.804666,5.74363,187578,0.958049,0.236083,0.161285,0.46055,2.16306,0.0326605,27072.6,40660.4,61342.5,50549.9,20682.2,0.363667,66,5626.16,14392.3,0.338191,0.224167,0.272028,0.664871
1123,7.5,7.46594,0.164501,4.26157,3.62325,2.74835,13782.9,0.799175,5.64277,187868,0.954591,0.243048,0.145541,0.569262,2.48662,0.0374188,24211.9,54402.1,79750,64297.8,25347.9,0.359492,67,6013.85,16190.3,0.252766,0.172426,0.213864,0.54249
1139,7.5,7.46303,0.11169,4.24853,3.64409,2.76935,15255.5,0.794145,5.54215,187217,0.95057,0.25054,0.13222,0.694771,2.81059,0.0421465,21957.6,77143.4,109259,83099.9,32115.5,0.34528,80,6528.42,18795.1,0.178252,0.125857,0.165475,0.428173
1152,7.5,7.46055,0.0640686,4.23746,3.66279,2.78819,17045.9,0.788794,5.45445,187680,0.946491,0.25751,0.119095,0.826325,3.06943,0.0458956,20628.5,103619,142769,106614,39150.4,0.325837,81,6968.1,21312,0.132708,0.0963163,0.128979,0.351235
1163,7.5,7.458,0.0126831,4.23964,3.69083,2.81639,16385.5,0.781364,5.32167,186995,0.945244,0.268096,0.123857,0.835736,3.34313,0.0492971,19606.1,112028,150025,106224,37997.8,0.33826,86,6538.75,21367.3,0.122746,0.0916577,0.129453,0.361889
1183,7.5,7.45738,0.000977615,4.27024,3.72731,2.8529,12370.9,0.770265,5.14514,186688,0.950134,0.281937,0.163703,0.636749,3.54497,0.0519227,19428.3,75626.8,97928.2,66234.9,22301.4,0.427195,96,4694.46,16700.4,0.181827,0.140419,0.207609,0.616598
1535,7.5,7.4572,5.42769e-32,4.21893,3.74358,2.86918,19841.4,0.766202,5.09224,187263,0.935249,0.289695,0.103873,1.10818,3.91471,0.0577627,17904.5,209159,264993,172353,55833.7,0.289901,95,7235.08,27646,0.0657441,0.0518919,0.0797838,0.246285
1566,7.5,7.45711,2.96236e-42,4.16716,3.76537,2.89098,31268.9,0.761271,5.02368,187440,0.915893,0.300508,0.0669515,1.76999,4.05122,0.0599007,17666.1,591111,729978,442045,138867,0.183327,100,10984.4,46268.3,0.023263,0.0188375,0.0311077,0.0990228
1592,7.5,7.45705,0,4.11675,3.76358,2.8892,49124,0.76313,5.05551,187940,0.895009,0.301171,0.0435438,2.63662,3.81141,0.056591,18631.4,1.43937e+06,1.77222e+06,1.05675e+06,332849,0.113967,102,17119.6,73888.8,0.00955349,0.0077592,0.0130125,0.041313
1616,7.5,7.457,0,4.06548,3.75053,2.87615,75660.6,0.768234,5.13038,187998,0.871709,0.296585,0.0285879,3.7264,3.42208,0.0510146,20303.9,3.27935e+06,4.06517e+06,2.41271e+06,785823,0.0697669,95,26874,115039,0.00419321,0.00338264,0.00569939,0.0174988
1638,7.5,7.45697,0,4.01505,3.73058,2.8562,115491,0.774669,5.22884,188088,0.845948,0.288704,0.0190352,5.11899,2.99418,0.0448421,22561.3,6.91456e+06,8.72282e+06,5.31962e+06,1.80827e+06,0.0429843,92,42229.1,172852,0.0019887,0.00157644,0.00258496,0.00760452
1659,7.5,7.45691,0,3.96416,3.70548,2.8311,174570,0.781795,5.3453,188359,0.817619,0.278563,0.0126706,6.84902,2.56652,0.0385877,25488.3,1.37388e+07,1.7921e+07,1.14657e+07,4.18227e+06,0.0263547,87,67485,252722,0.00100089,0.00076731,0.00119931,0.00328793
1679,7.5,7.45686,0,3.91395,3.67733,2.80295,258638,0.789355,5.47261,188376,0.78849,0.267299,0.0085762,8.89413,2.17162,0.0327673,29079.6,2.68229e+07,3.60912e+07,2.38477e+07,9.26831e+06,0.0162637,82,105073,366850,0.000512658,0.000381006,0.000576617,0.00148366
1700,7.5,7.45682,0,3.86249,3.64604,2.77167,387845,0.7973,5.61376,188319,0.75792,0.255138,0.00578599,11.5045,1.80254,0.0272541,33712.4,5.05357e+07,7.16103e+07,5.03777e+07,2.10746e+07,0.00987386,75,167260,524876,0.000272104,0.000192025,0.000272958,0.00065249
1725,7.5,7.45679,0,3.81104,3.61333,2.73896,575368,0.805212,5.76267,188194,0.725352,0.242902,0.00394472,14.5413,1.47584,0.0223663,39567.8,9.15978e+07,1.39189e+08,1.0437e+08,4.75909e+07,0.00598548,67,266722,740044,0.000150123,9.87938e-05,0.000131752,0.000288941
1753,7.5,7.45676,0,3.76091,3.57937,2.705,854224,0.812636,5.92016,188714,0.691391,0.230773,0.00270245,18.1778,1.1953,0.0181619,46992.6,1.56114e+08,2.60424e+08,2.12961e+08,1.0431e+08,0.00365658,64,420421,1.01718e+06,8.80832e-05,5.28023e-05,6.45704e-05,0.000131828
1783,7.5,7.45673,0,3.7102,3.54042,2.66605,1.2649e+06,0.821095,6.105,188754,0.659695,0.21757,0.00185905,21.9399,0.930294,0.0141789,57653.1,2.57309e+08,4.8939e+08,4.30661e+08,2.32081e+08,0.00216197,50,679950,1.40467e+06,5.34415e-05,2.80982e-05,3.19299e-05,5.92509e-05
1816,7.5,7.45671,0,3.65971,3.47963,2.60526,2.40314e+06,0.834766,6.42475,188057,0.663509,0.198887,0.00117269,30.6552,0.631893,0.0097274,78392.8,4.2831e+08,1.01026e+09,9.85549e+08,5.81948e+08,0.00106604,41,1.57402e+06,2.4277e+06,3.21052e-05,1.36114e-05,1.39526e-05,2.36292e-05
1891,7.5,7.45665,0,3.60933,3.45504,2.58068,6.62073e+07,0.987453,35.1803,100030,0.783775,1.02974,0.00906679,24035.1,1.36558,0.0288368,2754.61,6.26136e+10,6.36578e+10,1.0442e+09,1.0442e+09,0.00239936,433,6.62073e+07,2.99782e+08,2.19617e-07,2.16014e-07,1.31689e-05,1.31689e-05
2477,7.5,7.36369,0,3.66019,3.78036,2.91144,1.57228e+06,0.761132,5.0869,189514,0.53037,0.318965,0.00179724,35.2022,1.60332,0.0236411,44664.2,1.11321e+09,1.51878e+09,9.66543e+08,4.05571e+08,0.00192795,99,621839,2.435e+06,1.23525e-05,9.05395e-06,1.4227e-05,3.39053e-05
2502,7.5,7.36341,0,3.7111,3.7955,2.9266,1.06831e+06,0.75754,5.02951,188851,0.572513,0.326565,0.00250421,26.6493,1.81321,0.026786,40087.8,6.17476e+08,8.07111e+08,4.84489e+08,1.89635e+08,0.00289898,109,391682,1.73517e+06,2.22697e-05,1.70373e-05,2.83825e-05,7.25128e-05
2528,7.5,7.36308,0,3.76176,3.80562,2.93674,760132,0.754341,4.98864,189254,0.618081,0.331564,0.00339353,20.9792,2.0326,0.0300615,36232.6,3.39344e+08,4.30713e+08,2.50221e+08,9.13693e+07,0.00432647,115,266050,1.23288e+06,4.05223e-05,3.19261e-05,5.49553e-05,0.000150499
2554,7.5,7.36249,0,3.81274,3.81471,2.94586,531515,0.751758,4.94965,188851,0.664362,0.335958,0.00474266,16.3092,2.28356,0.0337782,32589.9,1.81801e+08,2.2413e+08,1.25446e+08,4.2329e+07,0.00658801,122,176491,888571,7.56378e-05,6.13529e-05,0.000109617,0.00032486
2578,7.5,7.36104,0,3.8632,3.83257,2.96381,370389,0.745985,4.87524,189127,0.704266,0.344867,0.00667313,12.6727,2.6055,0.0384492,29227.3,9.71505e+07,1.17005e+08,6.3048e+07,1.98549e+07,0.0101281,128,117472,631820,0.000141543,0.000117524,0.000218103,0.000692572
2598,7.5,7.35909,0,3.91369,3.85474,2.98609,248782,0.739115,4.78237,188554,0.741679,0.356112,0.00971097,9.54424,3.0005,0.0441448,26066.2,5.11338e+07,6.01277e+07,3.04563e+07,8.99383e+06,0.0158119,133,75580,438964,0.000268921,0.000228696,0.000451499,0.00152894
2658,7.5,7.3416,0,3.8612,3.87,3.00239,368242,0.73482,4.73309,188998,0.689827,0.365919,0.0068492,12.9631,2.79857,0.0418182,28407,1.09824e+08,1.30117e+08,6.73498e+07,2.0293e+07,0.0100389,145,110806,651364,0.000125209,0.000105681,0.000204173,0.000677623
2678,7.5,7.338,0,3.81107,3.8587,2.9913,530228,0.7384,4.78061,189411,0.645932,0.360275,0.00487493,16.7661,2.47987,0.0370203,31625,2.07948e+08,2.50864e+08,1.34732e+08,4.29163e+07,0.00657241,140,164258,919137,6.6127e-05,5.48144e-05,0.000102061,0.000320414
2700,7.5,7.33573,3.33451e-31,3.76101,3.84495,2.97769,744135,0.74281,4.8353,189269,0.601857,0.353154,0.00355283,21.2157,2.19827,0.0328348,35074.7,3.76953e+08,4.66683e+08,2.58978e+08,8.973e+07,0.00439012,129,244052,1.26947e+06,3.64793e-05,2.94654e-05,5.30972e-05,0.000153249
2738,7.5,7.33412,0,3.81182,3.86772,3.00056,515471,0.736099,4.74688,188773,0.644472,0.365438,0.00500637,16.305,2.50252,0.0368645,31614.4,2.08667e+08,2.51137e+08,1.31976e+08,4.24695e+07,0.00656885,148,160990,912908,6.58991e-05,5.4755e-05,0.000104193,0.000323785
2764,7.5,7.33194,0,3.76056,3.84666,2.97962,744428,0.742288,4.82824,189223,0.600711,0.354211,0.00355565,21.2447,2.20487,0.0329112,35040.6,3.77948e+08,4.68183e+08,2.60435e+08,9.02343e+07,0.00438027,134,243933,1.27687e+06,3.63832e-05,2.9371e-05,5.28e-05,0.000152392
2788,7.5,7.33083,0,3.71001,3.8295,2.96253,1.0519e+06,0.747265,4.89375,189326,0.556721,0.345164,0.00259252,27.0649,1.94947,0.0291331,38866,6.71566e+08,8.6066e+08,4.99567e+08,1.89094e+08,0.00295503,120,368155,1.75492e+06,2.0476e-05,1.59772e-05,2.75258e-05,7.27202e-05
2812,7.5,7.33002,0,3.65853,3.80777,2.94085,1.54226e+06,0.753268,4.97429,189300,0.516306,0.333757,0.00187719,35.6633,1.71045,0.0256204,43245,1.18886e+09,1.59195e+09,9.8476e+08,4.0309e+08,0.00197794,117,588194,2.46126e+06,1.15665e-05,8.63782e-06,1.39638e-05,3.41139e-05
2857,7.5,7.32893,0,3.60849,3.71891,2.85205,1.09983e+07,0.878279,7.91208,185584,0.565385,0.432145,0.00107827,672.231,2.23038,0.0468886,16360.9,9.8657e+09,1.02653e+10,2.63965e+09,3.99579e+08,0.00190423,339,4.54984e+06,2.45086e+07,1.39382e-06,1.33956e-06,5.20939e-06,3.44137e-05
812,8,7.99957,0.714758,4.35844,3.4282,2.52331,6065.31,0.850675,6.89316,189503,0.979022,0.17684,0.324785,0,,,,,,,,,,,,,,,
877,8,7.99564,0.664469,4.34911,3.45682,2.55214,6543.2,0.844989,6.71814,189065,0.977281,0.184179,0.302232,0,,,,,,,,,,,,,,,
929,8,7.99168,0.614913,4.3443,3.48698,2.58252,6767.53,0.838679,6.53827,188751,0.975877,0.192234,0.292151,0.0193144,0.138026,0.002145,350389,2476.36,8936.85,10938.1,6460.49,0.0626021,22,4259.8,5638.36,5.5529,1.53868,1.25716,2.12847
976,8,7.98756,0.564567,4.33978,3.51692,2.61269,7062.55,0.831951,6.36431,188797,0.974349,0.20058,0.280807,0.0582586,0.41558,0.00641594,121228,4938.14,11519.2,12604.8,6581.06,0.167799,35,3979.74,6459.7,2.78465,1.19374,1.09093,2.08948
1019,8,7.98331,0.513766,4.33489,3.54618,2.64218,7294.44,0.82538,6.19851,188371,0.972787,0.209083,0.272046,0.0993305,0.712861,0.0109532,73436.1,7428.04,14380.2,14380.2,6952.17,0.256446,47,3833.31,7182.92,1.85123,0.956244,0.956244,1.97794
1057,8,7.97908,0.463915,4.32949,3.57397,2.6702,7611.89,0.818881,6.04501,188008,0.97107,0.217493,0.262022,0.143189,1.02141,0.0156117,53159.8,10155,17741.9,16632.6,7586.93,0.32697,57,3796.23,7961.89,1.35411,0.775056,0.826747,1.81246
1091,8,7.97484,0.414403,4.32337,3.6005,2.69696,8048.63,0.811975,5.9018,188370,0.969134,0.225835,0.246517,0.19153,1.34138,0.0204,42022.9,13634.1,22038.9,19607.9,8404.85,0.379177,67,3797.54,8700.76,1.00857,0.62394,0.701297,1.63608
1122,8,7.97051,0.363907,4.31622,3.62645,2.72314,8429.77,0.80573,5.76545,187647,0.967084,0.234329,0.235843,0.243414,1.68173,0.0254443,34631.4,17819.9,27319.4,23011.3,9499.47,0.419221,70,3841.86,9520.45,0.771664,0.503342,0.597576,1.44755
1149,8,7.9663,0.31441,4.30823,3.65082,2.74774,8960.99,0.799525,5.64054,187223,0.964764,0.242613,0.222413,0.302111,2.02624,0.0305583,29661.3,23577.4,34521.6,27579.7,10944.1,0.443108,82,3940.11,10665.1,0.583227,0.39833,0.498591,1.25647
1173,8,7.96212,0.264481,4.29908,3.67421,2.77136,9757.76,0.793142,5.524,187197,0.961993,0.25088,0.205734,0.374325,2.37899,0.0357257,26067.6,31060.1,44078.5,34245.3,13018.4,0.451904,85,4131,11871.6,0.442722,0.311966,0.401544,1.05627
1195,8,7.95793,0.213126,4.28844,3.697,2.79438,10698.7,0.786839,5.41367,187104,0.958817,0.259252,0.188186,0.458807,2.74047,0.0409898,23318.6,42030.6,57818.5,43284.8,15788,0.447223,90,4364.14,13400.1,0.327166,0.23783,0.317686,0.870979
1214,8,7.95402,0.163456,4.27697,3.71792,2.81552,11682.1,0.781217,5.31553,186710,0.955447,0.267247,0.172144,0.548237,3.0781,0.0458592,21308.4,56995,76515.5,54547.5,19520.5,0.43135,91,4679.49,15221.2,0.241267,0.179715,0.252092,0.704437
1231,8,7.95031,0.114148,4.26473,3.73774,2.83553,13093.1,0.775531,5.22598,186744,0.951481,0.275138,0.154953,0.659216,3.38816,0.0503089,19861.6,78431.8,102967,71125,24535,0.405419,95,5074.9,17313.8,0.175324,0.133548,0.193336,0.560464
1247,8,7.94657,0.0616803,4.25242,3.75872,2.85672,14630.5,0.769391,5.13401,186838,0.947113,0.283811,0.139301,0.779004,3.68109,0.0545099,18781.1,109014,140073,92669.1,31059.3,0.374792,96,5524,19999.7,0.12614,0.0981702,0.148388,0.442733
1258,8,7.94327,0.0133156,4.25418,3.78485,2.88303,14381.4,0.761298,5.01696,186825,0.945628,0.294658,0.142072,0.787692,3.91951,0.0573333,18257.6,115438,145782,94955.5,30344.5,0.378964,103,5209.03,20081.4,0.11912,0.0943254,0.144815,0.453163
1269,8,7.94237,0.000978402,4.28499,3.82024,2.91847,10746.1,0.749437,4.85197,186416,0.95066,0.309197,0.188551,0.584827,4.08803,0.0589546,18374.9,75989.7,93953.9,58490.9,17964.2,0.472286,113,3774.83,15489.8,0.180959,0.146359,0.235096,0.765467
1590,8,7.94214,5.56162e-35,4.23403,3.83306,2.9313,17071,0.746647,4.8204,186794,0.93639,0.316398,0.120437,1.00445,4.46904,0.0652408,16995.4,205663,250610,149056,44947,0.321263,107,5859.88,25561.3,0.0668617,0.05487,0.0922536,0.305938
1621,8,7.94204,0,4.18253,3.8566,2.95484,27184.5,0.740992,4.75377,187205,0.916952,0.329406,0.0773861,1.61976,4.62661,0.0676565,16783.1,580206,691181,388096,110975,0.202446,115,8806.17,42378.5,0.0237002,0.0198949,0.0354319,0.123911
1647,8,7.94195,0,4.13244,3.85667,2.95492,42210,0.743206,4.78264,187333,0.896419,0.331468,0.0508921,2.39975,4.3768,0.0643213,17589.3,1.45567e+06,1.71768e+06,915087,262006,0.126602,113,13510.6,69002.7,0.00944647,0.00800556,0.015027,0.0524834
1671,8,7.9419,0,4.08152,3.84559,2.94385,65773.1,0.74832,4.85198,187745,0.872888,0.327806,0.03325,3.45258,3.96063,0.0585455,19050.4,3.27169e+06,3.89902e+06,2.1148e+06,627328,0.0779077,104,21453.5,106912,0.00420302,0.00352678,0.00650225,0.0219199
1693,8,7.94186,0,4.0314,3.82766,2.92592,101479,0.754725,4.94251,188322,0.846724,0.320415,0.0219653,4.8279,3.4983,0.0519508,21019.2,7.0374e+06,8.46982e+06,4.71245e+06,1.43242e+06,0.048296,107,33435.9,163883,0.00195399,0.00162353,0.00291801,0.0095998
1714,8,7.94181,0,3.98083,3.80467,2.90293,153104,0.762139,5.04827,188614,0.8181,0.310398,0.0146652,6.51547,3.0346,0.0452606,23498.6,1.43638e+07,1.76352e+07,1.01173e+07,3.27137e+06,0.0299413,107,52771.5,241257,0.000957334,0.000779747,0.00135916,0.00420343
1734,8,7.94175,6.56034e-40,3.93052,3.77847,2.87674,225461,0.770415,5.16341,188044,0.788142,0.298898,0.0100787,8.52627,2.60288,0.0389937,26443.1,2.84221e+07,3.56208e+07,2.08951e+07,7.19867e+06,0.0187491,99,81477.3,352124,0.000483812,0.000386038,0.000658097,0.00191021
1754,8,7.9417,0,3.88019,3.7499,2.84816,339044,0.777943,5.28717,188723,0.756463,0.286573,0.0067712,11.2509,2.2091,0.033182,30134.9,5.37051e+07,6.98633e+07,4.3917e+07,1.61582e+07,0.0116735,90,128910,503113,0.000256046,0.000196827,0.000313113,0.000851022
1777,8,7.94166,0,3.8283,3.71877,2.81704,503418,0.786223,5.42135,188575,0.723237,0.273524,0.00460937,14.5154,1.84791,0.027805,34681.6,1.00849e+08,1.37267e+08,9.13111e+07,3.6418e+07,0.00719463,83,204146,717022,0.000136353,0.000100177,0.000150595,0.000377588
1804,8,7.94162,0,3.77819,3.68688,2.78515,737917,0.793967,5.55986,188884,0.688846,0.260654,0.00317934,18.4472,1.54412,0.0232852,40001.5,1.79778e+08,2.585e+08,1.83637e+08,7.87223e+07,0.00452917,78,316934,1.0026e+06,7.64889e-05,5.31953e-05,7.48814e-05,0.000174677
1833,8,7.94159,0,3.72811,3.65113,2.7494,1.06642e+06,0.802678,5.7174,188508,0.655839,0.246866,0.00223137,22.9127,1.271,0.0192219,46542.8,3.10034e+08,4.79343e+08,3.60662e+08,1.6931e+08,0.00284816,74,495297,1.36814e+06,4.43532e-05,2.86871e-05,3.81271e-05,8.1218e-05
1863,8,7.94157,0,3.67691,3.60469,2.70296,1.63689e+06,0.813258,5.92758,188288,0.629578,0.229976,0.00151887,29.134,0.99642,0.0151435,56184.9,5.26716e+08,9.15255e+08,7.45587e+08,3.88539e+08,0.00170189,63,852210,1.96346e+06,2.6107e-05,1.50242e-05,1.84432e-05,3.53915e-05
1917,8,7.94152,0,3.62649,3.48269,2.58096,1.30182e+07,0.972553,16.5933,100423,0.80809,0.485284,0.00979608,2817.76,1.78102,0.0374214,4620.04,1.47895e+10,1.5201e+10,4.11489e+08,4.11489e+08,0.00343651,329,1.30182e+07,5.99601e+07,9.2978e-07,9.04611e-07,3.34176e-05,3.34176e-05
2006,8,7.9414,0,3.57635,3.80162,2.8999,5.2006e+07,0.977465,19.9934,100247,0.68647,1.22218,0.00864816,12495.4,1.62322,0.0341734,4162.01,5.37835e+10,5.54162e+10,1.63279e+09,1.63279e+09,0.00121869,472,5.2006e+07,2.45623e+08,2.55673e-07,2.4814e-07,8.42175e-06,8.42175e-06
2524,8,7.82038,0,3.62768,3.86689,2.97184,2.23254e+06,0.744918,4.86355,189351,0.499975,0.350563,0.00150539,48.3702,1.65684,0.0241269,46155.3,2.23589e+09,2.92593e+09,1.76954e+09,6.90038e+08,0.0014012,121,937882,3.53955e+06,6.1501e-06,4.69969e-06,7.77095e-06,1.99279e-05
2551,8,7.81998,0,3.67907,3.89339,2.99836,1.27911e+06,0.737216,4.76344,189066,0.520115,0.364858,0.00224771,31.3089,1.92831,0.0281883,40854.6,1.06384e+09,1.36354e+09,7.83954e+08,2.99701e+08,0.0022834,120,444025,2.18771e+06,1.29258e-05,1.00848e-05,1.75405e-05,4.58823e-05
2576,8,7.8197,0,3.73004,3.90501,3.01,916880,0.733463,4.72069,189484,0.5659,0.371406,0.00300617,24.702,2.15277,0.0315259,37117.7,6.0751e+08,7.49925e+08,4.14485e+08,1.42415e+08,0.00334204,123,290528,1.58889e+06,2.2635e-05,1.83365e-05,3.31761e-05,9.65559e-05
2601,8,7.81937,0,3.78054,3.91273,3.01774,647334,0.731045,4.68932,189189,0.614509,0.375576,0.00408788,19.2355,2.39594,0.0350923,33653.1,3.40373e+08,4.08896e+08,2.13092e+08,6.85225e+07,0.00493612,134,197916,1.16297e+06,4.03997e-05,3.36296e-05,6.45307e-05,0.000200678
2626,8,7.81882,0,3.83208,3.91835,3.02339,455990,0.728808,4.66292,189212,0.662529,0.378351,0.00565007,15.0045,2.67525,0.0392059,30390.2,1.78201e+08,2.10367e+08,1.07077e+08,3.21659e+07,0.00750812,138,134334,822773,7.71655e-05,6.53666e-05,0.000128421,0.000427502
2649,8,7.81711,0,3.88375,3.93223,3.03736,309912,0.724178,4.60413,188582,0.705728,0.385799,0.00813564,11.3684,3.03327,0.0443703,27260.8,9.27241e+07,1.07329e+08,5.18252e+07,1.46046e+07,0.0116641,146,88013.5,576616,0.0001483,0.00012812,0.000265334,0.000941555
2668,8,7.8146,0,3.93379,3.9526,3.05787,213400,0.716566,4.51948,188683,0.74304,0.397019,0.0116083,8.70993,3.4681,0.0505839,24500.8,4.89313e+07,5.57273e+07,2.58453e+07,6.79599e+06,0.0179987,153,57928.2,405072,0.000281026,0.000246755,0.00053205,0.0020234
2725,8,7.79526,0,3.88214,3.96579,3.07214,308913,0.713293,4.48306,188584,0.692386,0.406969,0.0083277,11.594,3.22596,0.0478245,26644.1,1.03476e+08,1.185e+08,5.51833e+07,1.50245e+07,0.0115445,160,84074,593698,0.000132891,0.000116042,0.000249187,0.00091524
2744,8,7.79095,1.62783e-33,3.82997,3.95462,3.06121,453110,0.717263,4.5306,189150,0.646603,0.401067,0.00582662,15.2633,2.85528,0.0423241,29686.2,1.99528e+08,2.32348e+08,1.13924e+08,3.28203e+07,0.00744506,157,126600,845407,6.89176e-05,5.91826e-05,0.000120704,0.000418978
2766,8,7.78818,0,3.77825,3.94219,3.04893,643237,0.721814,4.57992,188929,0.600012,0.394131,0.00422448,19.5205,2.5309,0.0374962,32952,3.66064e+08,4.36235e+08,2.23699e+08,7.01701e+07,0.00492692,144,189641,1.18161e+06,3.75644e-05,3.1522e-05,6.14709e-05,0.000195966
2788,8,7.78591,0,3.72695,3.92654,3.03341,904731,0.726728,4.63793,189133,0.554179,0.385112,0.00307235,24.8105,2.24664,0.0333121,36465.6,6.45698e+08,7.94155e+08,4.28525e+08,1.48456e+08,0.00332376,133,286235,1.62167e+06,2.12963e-05,1.73153e-05,3.20891e-05,9.26265e-05
2825,8,7.78493,0,3.77763,3.975,3.08193,623442,0.711774,4.4667,188580,0.587512,0.414729,0.00441764,19.03,2.63753,0.0383203,32761,3.92555e+08,4.63177e+08,2.27416e+08,7.06224e+07,0.00487491,154,179957,1.1858e+06,3.50295e-05,2.96884e-05,6.04661e-05,0.000194712
2850,8,7.78447,0,3.82948,3.97129,3.07824,447664,0.712067,4.47225,188909,0.640159,0.411737,0.00595179,15.0261,2.89739,0.0421822,29792.4,2.05742e+08,2.38906e+08,1.15726e+08,3.31647e+07,0.00733347,170,123777,851154,6.68362e-05,5.75581e-05,0.000118824,0.000414627
2886,8,7.78115,0,3.77922,3.9449,3.05204,633907,0.721052,4.569,188630,0.600113,0.39601,0.00429123,19.326,2.54953,0.037769,32800.8,3.62479e+08,4.32295e+08,2.19946e+08,6.98163e+07,0.00497294,153,189079,1.17355e+06,3.7936e-05,3.18093e-05,6.25197e-05,0.00019696
2909,8,7.77986,0,3.72846,3.92905,3.03625,894983,0.726005,4.62798,188932,0.554385,0.386809,0.00312802,24.6634,2.26361,0.0335392,36287.8,6.35681e+08,7.81108e+08,4.21144e+08,1.45428e+08,0.00337166,138,282179,1.59274e+06,2.16319e-05,1.76045e-05,3.26515e-05,9.45554e-05
2933,8,7.77892,0,3.67646,3.90983,3.01709,1.27974e+06,0.731698,4.69647,189103,0.509104,0.375592,0.00228837,31.885,2.00405,0.0297476,40136.2,1.1227e+09,1.42668e+09,8.10797e+08,3.03974e+08,0.00229711,132,431769,2.21711e+06,1.22481e-05,9.63848e-06,1.69598e-05,4.52374e-05
2960,8,7.77814,0,3.62567,3.8744,2.9817,2.26624e+06,0.742313,4.82979,189332,0.494618,0.35596,0.00150999,49.9192,1.70167,0.0254068,45398.2,2.33011e+09,3.03243e+09,1.82079e+09,7.02315e+08,0.00140486,135,954393,3.6306e+06,5.90142e-06,4.53464e-06,7.5522e-06,1.95795e-05
3071,8,7.77324,0,3.57566,3.85514,2.96272,3.10399e+07,0.96897,14.8183,100405,0.672471,1.04558,0.00895684,6026.6,1.80615,0.0382588,5150.49,4.46144e+10,4.59617e+10,1.34724e+09,1.34724e+09,0.0012311,479,3.10399e+07,1.59823e+08,3.08218e-07,2.99184e-07,1.02068e-05,1.02068e-05
832,9,8.99927,0.714638,4.38554,3.59498,2.63895,4638.81,0.826154,6.21645,188348,0.979912,0.208134,0.427706,0.0403032,0.452812,0.0069582,115098,2963.37,5771.98,5771.98,2808.61,0.258146,42,2455.66,4549.74,4.64032,2.38237,2.38237,4.89602
931,9,8.99266,0.664533,4.37629,3.62363,2.66792,5032.77,0.819248,6.05715,188288,0.97819,0.216791,0.39473,0.0643372,0.69272,0.0106101,78224.9,4296.34,7547.28,7209.93,3250.94,0.337718,57,2488.41,5125.58,3.20063,1.82198,1.90723,4.22985
1014,9,8.98587,0.614377,4.37152,3.65406,2.69868,5175.28,0.812012,5.89227,187631,0.976838,0.226369,0.384822,0.0874652,0.952475,0.0144983,59169.5,5809.37,9331.21,8213.55,3521.84,0.412929,63,2445,5701.62,2.36704,1.47365,1.67418,3.90449
1087,9,8.979,0.564878,4.36716,3.68343,2.72839,5349.88,0.804421,5.73729,187467,0.975423,0.236017,0.372204,0.111517,1.22219,0.0185239,47973.9,7603.93,11449.4,9376.16,3845.44,0.472685,75,2429.86,6155.83,1.80841,1.20103,1.46659,3.57592
1153,9,8.97188,0.514841,4.36242,3.71224,2.75754,5583.31,0.796455,5.58902,187599,0.973847,0.24588,0.356312,0.138351,1.51207,0.0228019,40356.1,9336.56,13518.6,10853.7,4182.04,0.519578,84,2400.18,6592.44,1.47281,1.01719,1.26693,3.28811
1211,9,8.96465,0.464876,4.35707,3.74013,2.78578,5787.21,0.788897,5.44914,187137,0.972203,0.255832,0.344138,0.166421,1.81993,0.027304,34774.4,12022.4,16624.3,12502.4,4601.89,0.555783,87,2388.38,7177.22,1.14378,0.827161,1.09987,2.98812
1262,9,8.95729,0.414574,4.3509,3.76718,2.81318,6068.65,0.781364,5.31693,186638,0.970336,0.265882,0.330325,0.199188,2.15136,0.0321203,30467,15210.8,20442,14675.7,5231.19,0.580954,82,2435.36,7795.99,0.904029,0.672684,0.93699,2.62866
1307,9,8.94989,0.364181,4.34379,3.7932,2.83957,6437.64,0.773595,5.1929,186493,0.968214,0.275947,0.311834,0.237556,2.50464,0.0372113,27099.5,18888.2,24890,17559.1,6001.75,0.593264,88,2490.58,8447.09,0.72802,0.552471,0.783126,2.29116
1346,9,8.94258,0.3142,4.33571,3.81801,2.86473,6830.56,0.766164,5.07775,186140,0.965909,0.285921,0.293336,0.28013,2.87498,0.0425279,24383.5,24311.1,31347.9,21115.4,7036.73,0.59476,94,2584,9202.28,0.565625,0.438658,0.651231,1.95417
1380,9,8.93541,0.2645,4.32654,3.84156,2.88862,7469.22,0.758477,4.97162,186323,0.96312,0.295781,0.269953,0.335857,3.2558,0.0479536,22239.3,32251.7,40693.2,26473.9,8441.51,0.582786,99,2721.21,10329.5,0.426365,0.337919,0.519417,1.62897
1410,9,8.92837,0.214679,4.31615,3.86404,2.91145,8167.09,0.751113,4.87327,186368,0.960042,0.305576,0.246607,0.398828,3.64369,0.053392,20477.7,42600.7,52986.2,33406.7,10385.6,0.560284,102,2910.83,11558.8,0.322788,0.25952,0.411624,1.32405
1436,9,8.92155,0.164938,4.30453,3.88547,2.93321,8985.91,0.744414,4.78294,186001,0.956576,0.31532,0.225179,0.471968,4.02446,0.0587691,19039.2,56467.3,69298.7,42734.7,12831.4,0.528992,107,3104.27,12942.8,0.243521,0.198431,0.321776,1.07167
1459,9,8.91489,0.114384,4.29172,3.90631,2.95438,10039.2,0.737683,4.6984,185849,0.952535,0.325221,0.202558,0.560267,4.38878,0.0638538,17918.5,78352.3,94601.2,56069.2,16248.9,0.488372,117,3359.51,14904.8,0.175502,0.145357,0.24525,0.846273
1479,9,8.9085,0.0634257,4.27922,3.92715,2.97553,11281.5,0.730717,4.61687,185905,0.948094,0.335526,0.181982,0.659184,4.71705,0.068378,17114.3,106859,127580,73906,20721,0.445388,128,3666.37,17035.9,0.128684,0.107783,0.186061,0.663625
1494,9,8.90242,0.0129619,4.27995,3.95396,3.00264,11116.5,0.721158,4.50772,185758,0.946318,0.348693,0.184561,0.663784,4.99156,0.0714929,16747.2,117566,138375,77022.5,20809.4,0.441965,128,3501.35,17280.7,0.116964,0.0993745,0.178532,0.660805
1507,9,8.90087,0.000905749,4.3105,3.98749,3.03624,8351.13,0.707438,4.36146,185615,0.951228,0.364519,0.242837,0.486442,5.10888,0.0718743,17167.8,78063.4,90333.4,48004.5,12270,0.538933,133,2522.49,13192.9,0.176152,0.152225,0.286452,1.1207
1851,9,8.90049,0,4.25925,3.99292,3.04169,13320,0.70806,4.36746,185584,0.937606,0.369631,0.156021,0.83605,5.49343,0.0783903,15932,202120,232779,121066,30658.5,0.367785,131,3954.48,21539.5,0.0680336,0.0590732,0.113583,0.448521
1881,9,8.90036,0,4.20837,4.01808,3.06686,21402.4,0.701327,4.3087,186465,0.918157,0.386412,0.0996847,1.36114,5.69451,0.0814906,15723.9,578582,654810,319036,76227.5,0.23149,129,5962.82,36991.3,0.0237667,0.021,0.0431017,0.180394
1907,9,8.90024,0,4.15796,4.02066,3.06944,33671.8,0.703793,4.33662,186831,0.897174,0.391236,0.0650476,2.05556,5.42101,0.0780377,16380.8,1.45498e+06,1.63739e+06,766873,182407,0.144438,129,9181.36,60534.8,0.00945095,0.00839811,0.0179313,0.0753864
1931,9,8.90016,2.1055e-47,4.107,4.01226,3.06105,53193,0.709468,4.40129,187619,0.873042,0.389472,0.0421532,3.01978,4.94463,0.0717339,17614.9,3.4342e+06,3.86887e+06,1.7998e+06,434667,0.0890446,132,14433.9,97039.6,0.00400413,0.00355426,0.00764028,0.0316357
1954,9,8.90011,0,4.05475,3.99643,3.04522,82188.3,0.717689,4.48704,187469,0.845812,0.382851,0.0278578,4.26023,4.38704,0.0640999,19292,7.68509e+06,8.71719e+06,4.06365e+06,1.03211e+06,0.0546224,129,22908.4,151590,0.00178931,0.00157746,0.0033839,0.0133232
1975,9,8.90006,0,4.00444,3.97649,3.02527,125910,0.725515,4.58041,188254,0.815858,0.373273,0.0184861,5.8921,3.85077,0.0565963,21369.4,1.64168e+07,1.87568e+07,8.84346e+06,2.34004e+06,0.0341691,131,35845.9,229760,0.000837618,0.00073312,0.00155493,0.00587639
1995,9,8.89999,0,3.95423,3.95349,3.00228,187561,0.733979,4.6795,188347,0.783821,0.361688,0.0125851,7.88002,3.3506,0.0494832,23802.1,3.2489e+07,3.76551e+07,1.84368e+07,5.16612e+06,0.0216251,127,55430.9,336012,0.000423251,0.000365183,0.000745844,0.00266176
2015,9,8.89992,0,3.90279,3.92773,2.97652,279810,0.742582,4.78548,188447,0.749511,0.348575,0.00854944,10.4604,2.88498,0.0427702,26749.6,6.23141e+07,7.38918e+07,3.8508e+07,1.15777e+07,0.0136021,118,86955.5,485342,0.000220672,0.000186096,0.000357094,0.00118771
2036,9,8.89986,0,3.8511,3.89989,2.94869,417452,0.751035,4.89713,188753,0.714476,0.334563,0.00580186,13.7919,2.4659,0.0366491,30268,1.19412e+08,1.45337e+08,8.01872e+07,2.59245e+07,0.00855301,110,136733,694138,0.000115155,9.46145e-05,0.000171486,0.000530423
2061,9,8.89982,0,3.80013,3.87058,2.91938,618291,0.759096,5.0132,189473,0.677395,0.320144,0.00396759,18.0084,2.10351,0.0313098,34333.5,2.21821e+08,2.79475e+08,1.63365e+08,5.76541e+07,0.00546323,105,216741,984416,6.19914e-05,4.92029e-05,8.41734e-05,0.000238509
2089,9,8.89977,0,3.7495,3.83776,2.88656,885216,0.768482,5.14347,188907,0.641842,0.304557,0.00281013,22.7798,1.7861,0.0266573,38859.7,3.90692e+08,5.12916e+08,3.1738e+08,1.22224e+08,0.00354492,102,332466,1.36553e+06,3.51965e-05,2.68094e-05,4.33265e-05,0.000112506
2118,9,8.89974,0,3.69927,3.79795,2.84675,1.28906e+06,0.778767,5.30278,188957,0.608809,0.286484,0.00196417,29.0589,1.49512,0.0223929,44360.3,6.66146e+08,9.29807e+08,6.18152e+08,2.63662e+08,0.0022997,92,531446,1.87165e+06,2.06426e-05,1.47891e-05,2.22453e-05,5.21539e-05
2149,9,8.8997,0,3.64832,3.73249,2.78129,2.2463e+06,0.795235,5.57951,188606,0.604074,0.258922,0.00125662,42.3967,1.15861,0.0174927,52983,1.25509e+09,1.8889e+09,1.36382e+09,6.33807e+08,0.0013379,91,1.12264e+06,2.97969e+06,1.09562e-05,7.27989e-06,1.00827e-05,2.16958e-05
2223,9,8.89962,0,3.59816,3.70563,2.75444,3.07607e+07,0.976372,19.1133,100221,0.757535,0.834574,0.00867824,7138.71,1.64387,0.0346015,4309,4.86604e+10,4.9632e+10,9.71568e+08,9.71568e+08,0.00182643,424,3.07607e+07,1.56371e+08,2.82591e-07,2.77059e-07,1.41534e-05,1.41534e-05
2819,9,8.69965,0,3.64864,4.07419,3.13287,1.40147e+06,0.695917,4.30431,188580,0.450227,0.44938,0.00229353,34.7368,2.25954,0.0323087,40345.4,1.86904e+09,2.32244e+09,1.23573e+09,4.53397e+08,0.00186038,144,444722,2.66103e+06,7.35723e-06,5.92092e-06,1.11278e-05,3.03288e-05
2843,9,8.69932,0,3.69944,4.08716,3.14585,1.01295e+06,0.691446,4.26319,188987,0.494797,0.458592,0.00300259,27.3891,2.50116,0.0358864,36983.7,1.11481e+09,1.33578e+09,6.75221e+08,2.2097e+08,0.00263966,141,286273,1.9754e+06,1.23348e-05,1.02944e-05,2.03652e-05,6.223e-05
2868,9,8.699,0,3.75066,4.09561,3.15432,725646,0.688697,4.23248,188325,0.544821,0.464261,0.00403249,21.4922,2.76414,0.0397191,33763.2,6.46873e+08,7.54172e+08,3.58397e+08,1.07299e+08,0.00379558,150,194001,1.45724e+06,2.12576e-05,1.82332e-05,3.8368e-05,0.000128156
2892,9,8.69865,0,3.8021,4.10076,3.15949,526789,0.685866,4.20951,188934,0.595008,0.467272,0.00535148,17.102,3.05736,0.0439736,30802.7,3.63799e+08,4.15537e+08,1.8951e+08,5.17375e+07,0.00555693,162,133499,1.0674e+06,3.77983e-05,3.30921e-05,7.25609e-05,0.000265784
2914,9,8.69819,0,3.85382,4.10252,3.16128,369633,0.684611,4.19425,188379,0.646459,0.467498,0.00739728,13.2289,3.38391,0.0486533,27941.4,1.97e+08,2.21105e+08,9.50749e+07,2.41056e+07,0.00837431,166,90482.1,765954,6.98021e-05,6.21921e-05,0.000144633,0.000570448
2934,9,8.69705,0,3.90395,4.10335,3.16216,261311,0.682702,4.17867,188729,0.69312,0.466707,0.0101259,10.2989,3.74905,0.0539701,25372.7,1.02169e+08,1.13557e+08,4.78499e+07,1.13878e+07,0.0127287,161,62200.7,543307,0.000134591,0.000121094,0.000287378,0.00120752
2954,9,8.69301,0,3.95549,4.11966,3.17867,176663,0.675372,4.10808,188139,0.735698,0.476607,0.0146533,7.71805,4.25175,0.0609478,22889.6,5.24531e+07,5.76505e+07,2.33067e+07,5.19746e+06,0.0196832,174,40645,370833,0.000262158,0.000238523,0.000590002,0.00264571
3010,9,8.66908,0,3.90291,4.12883,3.18903,256271,0.673676,4.09261,188088,0.682971,0.486279,0.010489,10.2989,3.93151,0.0573537,24883.4,1.10487e+08,1.22036e+08,4.94282e+07,1.15488e+07,0.012673,187,59464,548713,0.000124458,0.00011268,0.000278201,0.00119069
3027,9,8.66401,0,3.85197,4.11903,3.17949,370914,0.678224,4.13627,188525,0.637073,0.480783,0.00746246,13.4716,3.50364,0.0511842,27533.1,2.06192e+08,2.3115e+08,9.92496e+07,2.49575e+07,0.00833148,184,89387.9,775525,6.66902e-05,5.94896e-05,0.00013855,0.000550976
3047,9,8.66009,0,3.80032,4.10793,3.16858,524145,0.683105,4.18063,188445,0.589601,0.473888,0.00542434,17.2202,3.12121,0.0455695,30437.8,3.77591e+08,4.30326e+08,1.9296e+08,5.27356e+07,0.00555738,174,132352,1.07874e+06,3.64177e-05,3.19548e-05,7.12635e-05,0.000260753
3068,9,8.65757,0,3.75002,4.09425,3.15504,732579,0.68828,4.23032,188598,0.542667,0.464795,0.00401431,21.8873,2.79205,0.0407974,33470.6,6.55543e+08,7.63295e+08,3.62725e+08,1.07753e+08,0.00382715,167,193977,1.46772e+06,2.09765e-05,1.80153e-05,3.79102e-05,0.000127616
3090,9,8.65601,0,3.69935,4.07757,3.13843,1.02392e+06,0.693877,4.28711,189024,0.496774,0.453365,0.00297378,27.849,2.49609,0.0364877,36766.8,1.09976e+09,1.32205e+09,6.75446e+08,2.22285e+08,0.00266524,154,291807,1.96121e+06,1.25036e-05,1.04013e-05,2.03584e-05,6.1862e-05
3112,9,8.65499,0,3.64837,4.05553,3.11644,1.45822e+06,0.700758,4.35783,189358,0.454689,0.438094,0.00220199,36.1286,2.22266,0.0325656,40361.9,1.85107e+09,2.31316e+09,1.26111e+09,4.62088e+08,0.00186407,158,465157,2.6857e+06,7.42866e-06,5.94468e-06,1.09039e-05,2.97584e-05
3155,9,8.65364,0,3.59785,3.96339,3.02437,6.8761e+06,0.814083,6.00915,188300,0.49738,0.487415,0.00118199,302.169,2.44933,0.0507004,22755.8,9.49895e+09,9.95362e+09,3.22705e+09,4.54665e+08,0.00147984,352,2.39985e+06,1.51082e+07,1.44763e-06,1.38151e-06,4.26117e-06,3.02442e-05
849,10,9.99943,0.714556,4.40906,3.74113,2.73934,3683.86,0.801193,5.68068,187863,0.980614,0.239656,0.536576,0.0588963,0.95288,0.0142338,62548.3,3699.68,5480.31,4537.97,1780.63,0.519792,58,1611.15,4220.74,3.71681,2.50916,3.03021,7.72253
983,10,9.98975,0.664773,4.39988,3.76971,2.76833,3937.1,0.793861,5.53451,187031,0.97901,0.24961,0.504674,0.0769469,1.2078,0.0181811,51166.4,5054.19,7177.99,5584.12,2123.8,0.565495,87,1674.32,4792.51,2.72071,1.91571,2.46252,6.47471
1108,10,9.97902,0.614898,4.39517,3.79979,2.79888,4067.27,0.785489,5.3843,186610,0.977664,0.260534,0.489534,0.0931324,1.47254,0.0220497,43671.9,6526.25,8874.46,6414.71,2348.21,0.61192,92,1672.89,5139,2.10703,1.5495,2.14366,5.85594
1221,10,9.96791,0.56468,4.39078,3.82942,2.82899,4199.09,0.776923,5.24018,186187,0.97626,0.271761,0.476294,0.110107,1.75362,0.0260959,38136.5,7855.65,10455.4,7347.78,2599.8,0.649136,93,1677.44,5465.97,1.75046,1.3152,1.87145,5.28925
1321,10,9.95662,0.514964,4.38607,3.85789,2.85796,4339.28,0.768051,5.10505,186125,0.974775,0.283016,0.458174,0.128074,2.05237,0.0304101,33881.1,9799.08,12637.6,8432.4,2838.53,0.675061,98,1659.76,5864.48,1.40329,1.0881,1.63073,4.84441
1410,10,9.94503,0.464869,4.3807,3.88575,2.88633,4566.43,0.759049,4.97627,186067,0.973041,0.294496,0.438224,0.150431,2.37963,0.0350632,30355.8,11834.5,15064.6,9936.54,3230.05,0.692312,106,1697.16,6266.85,1.16194,0.912804,1.38388,4.25721
1489,10,9.93319,0.414341,4.37446,3.91284,2.91393,4805.26,0.750072,4.85404,185906,0.971149,0.306117,0.41699,0.175588,2.73788,0.0401155,27366.6,14963.9,18589.7,11771.5,3625.86,0.700712,108,1705.12,6790.53,0.918946,0.739709,1.16816,3.79247
1558,10,9.92138,0.364221,4.36732,3.9387,2.9403,5060.65,0.741591,4.74035,185393,0.969097,0.317661,0.397004,0.203948,3.12207,0.0455021,24813.4,18821.3,22994.8,14018.6,4173.52,0.701019,112,1744.07,7353.04,0.730607,0.598003,0.980912,3.29482
1617,10,9.90963,0.314335,4.35915,3.96347,2.96559,5410.34,0.732988,4.63421,185151,0.966731,0.329168,0.372202,0.238831,3.5336,0.0511781,22653.4,23898.2,28817.6,17095.6,4919.48,0.690467,114,1811.86,8012.88,0.575399,0.477173,0.804357,2.79521
1667,10,9.89809,0.264743,4.34985,3.98705,2.98968,5855.35,0.724548,4.536,184984,0.96403,0.340567,0.344985,0.281095,3.9643,0.0571708,20830.5,31020.1,36958.8,21278.3,5938.72,0.6693,119,1911.36,8853.25,0.443293,0.372062,0.646245,2.31548
1710,10,9.88664,0.214641,4.33918,4.00982,3.01295,6477.11,0.715805,4.44419,185243,0.960802,0.352039,0.312814,0.335413,4.412,0.0633034,19310.9,41417.9,48695.8,27421.5,7277.85,0.63557,123,2026.44,9937.49,0.332006,0.282385,0.501467,1.88943
1747,10,9.87529,0.163643,4.32695,4.032,3.03563,7194.45,0.707426,4.35788,185298,0.957113,0.363712,0.281256,0.399207,4.86695,0.0695049,18021.8,57011.4,66250.6,35849.5,9239.19,0.591908,128,2194.82,11250.5,0.241197,0.20756,0.383576,1.48833
1777,10,9.86482,0.114742,4.31413,4.05243,3.05652,8102.34,0.699857,4.28189,185242,0.952976,0.37498,0.252464,0.475519,5.28089,0.0751395,17038.9,77766.1,89604.7,47642.1,11838.6,0.54297,136,2395.66,12958.6,0.176825,0.153463,0.288631,1.16154
1803,10,9.85445,0.0641853,4.30108,4.07335,3.0779,9072.78,0.692243,4.20692,185056,0.948454,0.387005,0.227036,0.557167,5.66597,0.0802982,16283.8,108081,123170,63024.7,15089.7,0.49156,135,2595.29,14807.6,0.127229,0.111642,0.218184,0.911282
1823,10,9.8444,0.0132885,4.30037,4.0998,3.10479,9053.96,0.681794,4.10739,184708,0.946255,0.401985,0.228522,0.568157,5.98631,0.0839442,15935.7,120213,135998,67661.9,15784.7,0.480774,147,2537.16,15068.8,0.114389,0.101112,0.203231,0.871157
1833,10,9.8418,0.000849754,4.33133,4.13177,3.13688,6743.65,0.667184,3.97474,184117,0.951339,0.418828,0.30507,0.41023,6.06956,0.0830355,16438.7,75951.3,85212.9,41758,9261.64,0.584849,152,1824.08,11273.2,0.18105,0.161372,0.329302,1.48472
2116,10,9.84121,0,4.28105,4.13135,3.13648,10787.4,0.669892,4.00476,184800,0.938346,0.421609,0.194085,0.704267,6.46096,0.0899988,15317.2,195582,218412,103373,22829.4,0.403231,148,2877.74,18780.2,0.0703079,0.062959,0.133023,0.602337
2145,10,9.84103,0,4.231,4.1563,3.16144,17276.1,0.663058,3.95612,185708,0.919222,0.441119,0.124764,1.14628,6.70224,0.0936522,15071.5,562981,618847,270371,55865.6,0.255632,146,4288.37,31864,0.0244253,0.0222204,0.0508596,0.246144
2171,10,9.84088,0,4.18034,4.16104,3.16618,27273.8,0.665844,3.98304,186143,0.898033,0.449003,0.0811217,1.7459,6.41274,0.0903341,15621.7,1.44901e+06,1.58441e+06,654867,135398,0.159264,139,6627.99,53147.7,0.00948991,0.00867893,0.0209981,0.10156
2195,10,9.84078,0,4.12945,4.15506,3.16021,43004.4,0.672573,4.04433,186632,0.873821,0.449687,0.0529856,2.5779,5.8842,0.0837134,16682,3.46286e+06,3.78584e+06,1.53243e+06,322988,0.0986521,145,10380.3,86297.2,0.003971,0.00363221,0.00897332,0.0425743
2218,10,9.8407,0,4.07742,4.14197,3.14712,68523.5,0.680687,4.12436,187761,0.845379,0.444968,0.0341195,3.76302,5.25695,0.0754634,18209.7,7.83515e+06,8.60194e+06,3.57227e+06,766790,0.0604581,151,16416,136471,0.00175504,0.00159859,0.00384937,0.0179332
2239,10,9.84065,0,4.02741,4.12486,3.13002,104585,0.689627,4.20946,188162,0.815068,0.436613,0.0229351,5.22792,4.65117,0.0672731,20005.2,1.64684e+07,1.81938e+07,7.71253e+06,1.72541e+06,0.0381748,147,25451.4,207405,0.00083499,0.000755804,0.00178294,0.0079697
2260,10,9.84057,0,3.9752,4.10383,3.10899,157659,0.699348,4.30219,188030,0.780807,0.425138,0.0155008,7.09767,4.0577,0.0590699,22212.8,3.41314e+07,3.80662e+07,1.64431e+07,3.93478e+06,0.0238975,141,39960,312581,0.000402884,0.000361239,0.000836275,0.00349473
2280,10,9.84049,0,3.92346,4.08073,3.08589,236333,0.708416,4.3963,188378,0.744044,0.411936,0.0105115,9.53067,3.52519,0.0515858,24797.2,6.79154e+07,7.66418e+07,3.44296e+07,8.72638e+06,0.015135,138,61938,457486,0.000202472,0.000179419,0.000399394,0.00157579
2300,10,9.84041,0,3.87192,4.05567,3.06084,349868,0.717314,4.49327,188747,0.707317,0.397422,0.00717246,12.584,3.04817,0.0447685,27802.6,1.32239e+08,1.51666e+08,7.07131e+07,1.94262e+07,0.00964126,134,96964.1,664322,0.000103986,9.06665e-05,0.000194462,0.000707856
2322,10,9.84035,0,3.82117,4.02881,3.03398,509635,0.726311,4.59399,188824,0.670309,0.381957,0.00499482,16.3337,2.62968,0.038675,31201.4,2.39852e+08,2.81979e+08,1.41059e+08,4.21272e+07,0.00624362,129,149936,933059,5.73312e-05,4.8766e-05,9.74842e-05,0.000326416
2349,10,9.84029,0,3.76989,3.99813,3.00331,743558,0.735826,4.70695,188992,0.63162,0.364663,0.0034941,21.2024,2.25829,0.0332829,35069.6,4.29949e+08,5.21146e+08,2.79332e+08,9.11967e+07,0.00408498,123,233691,1.29699e+06,3.19828e-05,2.63861e-05,4.92281e-05,0.000150784
2378,10,9.84024,0,3.71823,3.96027,2.96544,1.08487e+06,0.746768,4.84561,189251,0.594844,0.344054,0.00243275,27.4069,1.91787,0.0283645,39584,7.54685e+08,9.51981e+08,5.47294e+08,1.97297e+08,0.00268038,121,369742,1.80989e+06,1.82208e-05,1.44446e-05,2.51254e-05,6.9697e-05
2406,10,9.8402,0,3.66738,3.91026,2.91543,1.60319e+06,0.760781,5.03116,188838,0.565891,0.318306,0.0016991,35.659,1.59514,0.0237136,44959,1.27684e+09,1.70506e+09,1.05944e+09,4.2822e+08,0.00175792,109,617694,2.5035e+06,1.07695e-05,8.06481e-06,1.29795e-05,3.2112e-05
2454,10,9.84013,0,3.61732,3.78736,2.79254,9.58437e+06,0.875222,7.69509,185935,0.62338,0.359868,0.000928775,559.237,2.18269,0.0454912,17138.3,9.27295e+09,9.62874e+09,2.75283e+09,3.55787e+08,0.00188063,307,3.75236e+06,2.02542e+07,1.48291e-06,1.42812e-06,4.99523e-06,3.86495e-05
2545,10,9.84,0,3.56722,4.06929,3.07448,2.06902e+07,0.954831,10.459,100090,0.658209,0.958802,0.00873919,3071.05,2.00993,0.0421635,6737.18,4.31111e+10,4.45272e+10,1.41609e+09,1.41609e+09,0.000969221,495,2.06902e+07,1.20426e+08,3.18966e-07,3.08822e-07,9.71056e-06,9.71056e-06
3098,10,9.51155,0,3.61765,4.22345,3.24338,1.63116e+06,0.657185,3.9562,188915,0.388421,0.532857,0.00229911,40.1977,2.53271,0.0353379,40578.4,3.02388e+09,3.74537e+09,1.99119e+09,7.21492e+08,0.00151885,170,510256,3.18363e+06,4.54747e-06,3.67146e-06,6.90592e-06,1.90591e-05
3124,10,9.51101,0,3.66938,4.24249,3.26245,1.08185e+06,0.651282,3.9034,188093,0.426787,0.549193,0.00312652,29.295,2.83088,0.0396938,36929.5,1.74878e+09,2.08196e+09,1.01242e+09,3.33176e+08,0.00219118,165,287905,2.26264e+06,7.86317e-06,6.60483e-06,1.35823e-05,4.12724e-05
3149,10,9.51061,0,3.72128,4.25141,3.27138,804797,0.647336,3.87478,188694,0.475567,0.556512,0.00400374,23.6153,3.10233,0.0435982,34079.5,1.06786e+09,1.23256e+09,5.67777e+08,1.64702e+08,0.00304796,169,193588,1.71443e+06,1.28771e-05,1.11564e-05,2.4219e-05,8.34902e-05
3173,10,9.51022,0,3.77224,4.25709,3.27708,584384,0.644797,3.85195,188169,0.527315,0.560539,0.00527264,18.6708,3.40221,0.0479094,31299.4,6.43197e+08,7.25317e+08,3.0787e+08,8.21201e+07,0.00430117,171,135352,1.2946e+06,2.13791e-05,1.89586e-05,4.46649e-05,0.00016745
3196,10,9.5098,0,3.82454,4.25991,3.27992,424314,0.64241,3.83416,188360,0.580284,0.561621,0.00701626,14.8262,3.74584,0.0527433,28619.1,3.61796e+08,4.00463e+08,1.6292e+08,3.86672e+07,0.00627195,178,91670.4,944744,3.80076e-05,3.43377e-05,8.44032e-05,0.000355625
3215,10,9.50927,0,3.87655,4.25911,3.27914,301010,0.641098,3.8235,188278,0.633225,0.559048,0.00953158,11.5438,4.12632,0.0580766,26075.5,1.97105e+08,2.15275e+08,8.27556e+07,1.81705e+07,0.00937915,185,63038.3,682379,6.97648e-05,6.38763e-05,0.000166164,0.000756777
3233,10,9.50821,0,3.92724,4.25481,3.27489,211490,0.640772,3.81969,188032,0.685191,0.553054,0.0130606,8.90891,4.53655,0.0639827,23739.1,1.02647e+08,1.11201e+08,4.13258e+07,8.5533e+06,0.0142035,185,43596,481219,0.000133963,0.000123659,0.000332746,0.00160768
3255,10,9.50039,0,3.97937,4.26672,3.28715,143777,0.633136,3.7602,187846,0.730951,0.560034,0.0186322,6.6877,5.11581,0.07196,21498.7,5.28041e+07,5.66618e+07,2.02445e+07,3.85765e+06,0.0218785,196,28388.3,333176,0.000260415,0.000242686,0.000679246,0.0035646
3283,10,9.48276,0,3.928,4.26495,3.28619,207627,0.636409,3.78511,187855,0.681756,0.562498,0.0133413,8.89759,4.67114,0.0669728,23335.2,1.03541e+08,1.11965e+08,4.11919e+07,8.42487e+06,0.0144086,206,42209.5,477210,0.000132808,0.000122815,0.000333828,0.00163219
3299,10,9.47712,0,3.87762,4.2567,3.2782,296417,0.64165,3.82596,187930,0.634757,0.5582,0.00965968,11.5467,4.18487,0.060146,25671.2,1.93071e+08,2.10967e+08,8.07263e+07,1.78963e+07,0.00960698,204,62741.8,676891,7.12225e-05,6.51807e-05,0.000170341,0.00076837
3316,10,9.4723,0,3.82758,4.2471,3.26883,417994,0.646695,3.8668,188132,0.587856,0.552115,0.00706878,14.8076,3.7522,0.0539649,28228.2,3.46553e+08,3.83536e+08,1.54647e+08,3.6983e+07,0.00650982,200,91633.5,933140,3.96793e-05,3.58532e-05,8.89184e-05,0.00037182
3336,10,9.46895,0,3.77625,4.23497,3.25684,582155,0.652347,3.91207,188097,0.539527,0.543375,0.00523517,18.7597,3.35858,0.0482977,31032.2,5.99094e+08,6.759e+08,2.90627e+08,7.68054e+07,0.00446398,191,135262,1.2743e+06,2.2953e-05,2.03447e-05,4.73149e-05,0.000179037
3358,10,9.46676,0,3.72403,4.22012,3.2421,818425,0.657987,3.96258,188854,0.490344,0.53202,0.00384789,24.0055,3.00743,0.0432764,34093.2,1.01406e+09,1.17547e+09,5.47063e+08,1.61406e+08,0.00309836,181,203781,1.7131e+06,1.35603e-05,1.16983e-05,2.5136e-05,8.51949e-05
3381,10,9.46535,0,3.67181,4.20153,3.22357,1.12127e+06,0.665251,4.02086,188265,0.445188,0.517299,0.0029265,30.1265,2.69637,0.0388431,37218.7,1.70266e+09,2.0311e+09,9.90381e+08,3.28436e+08,0.00219094,177,307479,2.31042e+06,8.07617e-06,6.77022e-06,1.38845e-05,4.18681e-05
3405,10,9.4643,0,3.62113,4.17077,3.19286,1.72015e+06,0.67516,4.11178,188940,0.413401,0.492823,0.00209379,41.8361,2.36851,0.0342886,41116.4,2.93086e+09,3.64893e+09,1.96103e+09,7.18076e+08,0.0014969,176,560110,3.27054e+06,4.6918e-06,3.7685e-06,7.01212e-06,1.91498e-05
3486,10,9.46216,0,3.5709,4.0955,3.11769,2.36825e+07,0.878091,7.90619,185444,0.456741,0.796413,0.00117398,1459.02,2.2516,0.047403,16231.8,3.0401e+10,3.14618e+10,5.69674e+09,1.06077e+09,0.000944358,451,1.02474e+07,6.47447e+07,4.5232e-07,4.37069e-07,2.41383e-06,1.29633e-05
865,11,10.9992,0.714727,4.4298,3.87059,2.82741,2979.02,0.776951,5.24723,186676,0.981235,0.271136,0.66748,0.0578739,1.29906,0.0190818,51474.3,3965.21,5226.99,3664.34,1261.78,0.682617,79,1163.56,3862.01,3.4679,2.63077,3.75265,10.8981
895,11,10.9979,0.663656,4.42072,3.90155,2.85842,3190.19,0.767897,5.10226,186085,0.979607,0.283162,0.624817,0.0725514,1.58245,0.0233373,43971.4,5187.74,6721.25,4552.82,1533.52,0.708375,87,1223.08,4258.57,2.65067,2.0459,3.02032,8.96696
915,11,10.9967,0.614545,4.41638,3.93265,2.88957,3303.69,0.757994,4.96051,185969,0.978271,0.295765,0.603672,0.0847167,1.86044,0.0272782,38996.9,6396.51,8067.65,5259.37,1671.14,0.737669,105,1204.99,4556.86,2.14977,1.70446,2.61457,8.22849
933,11,10.9954,0.564681,4.41228,3.96356,2.92052,3405.09,0.747844,4.82335,185751,0.976886,0.308832,0.586033,0.0973068,2.16026,0.0314768,34993.3,7692.45,9538.77,6035.94,1846.32,0.760809,116,1203.37,4799.85,1.78759,1.44159,2.27818,7.4478
955,11,10.9927,0.514537,4.40776,3.9936,2.95067,3493.14,0.737982,4.69321,185140,0.975434,0.322103,0.572209,0.110498,2.48479,0.036194,31612.8,9366.82,11404.8,6903.78,2037.97,0.777614,118,1198.01,5093.15,1.46805,1.20572,1.99181,6.74739
1074,11,10.9761,0.464714,4.40235,4.02113,2.97886,3654.65,0.727914,4.57466,185055,0.973749,0.335019,0.547422,0.127519,2.84613,0.0411349,28659.7,11502.1,13790.5,8110.76,2288.36,0.786406,120,1207.33,5446.59,1.19552,0.997138,1.6954,6.00909
1189,11,10.958,0.414893,4.39609,4.04758,3.00603,3866.55,0.717799,4.46312,185046,0.971839,0.347954,0.518906,0.147845,3.2349,0.0464688,26152.8,14258.1,16881.2,9704.96,2623.03,0.784688,125,1233.48,5813.8,0.96443,0.814575,1.4169,5.2424
1290,11,10.9397,0.364927,4.38884,4.07315,3.03232,4064.95,0.70834,4.3578,184498,0.969797,0.360944,0.493986,0.170512,3.66773,0.0523206,23839.7,18044.9,21112.4,11585.9,3067.5,0.778566,130,1275.37,6348.88,0.762044,0.651324,1.18687,4.4828
1378,11,10.9212,0.314433,4.38039,4.09806,3.05797,4398.7,0.698232,4.25779,184507,0.967289,0.374114,0.459247,0.201346,4.14106,0.0587341,21846.5,22969.1,26576.9,14444.6,3607.76,0.759497,134,1315.22,6891.79,0.598672,0.517404,0.951982,3.8115
1452,11,10.9031,0.264516,4.37079,4.12169,3.08232,4785.91,0.68849,4.16544,184465,0.964487,0.387105,0.423262,0.237847,4.64116,0.0654307,20121.8,30122.6,34495.8,18224.7,4373.21,0.730811,141,1385.06,7632.77,0.456501,0.398628,0.754526,3.14437
1513,11,10.8853,0.2149,4.35991,4.14419,3.10553,5294.75,0.678771,4.08013,184667,0.961219,0.399995,0.383603,0.283598,5.15813,0.0723295,18669.9,39909.4,45329.1,23622.9,5419.68,0.690596,140,1477.23,8423.43,0.344555,0.303359,0.582104,2.53723
1565,11,10.8676,0.163924,4.34726,4.16641,3.12845,5871.89,0.669975,3.99926,184214,0.95746,0.413316,0.347931,0.337816,5.69207,0.0794038,17381.9,55396.3,62400.7,31051.3,7004.35,0.641634,148,1615.63,9667.3,0.248229,0.220366,0.442848,1.96321
1607,11,10.8507,0.113812,4.33356,4.18743,3.15015,6687.65,0.660742,3.9261,184542,0.952987,0.426538,0.307119,0.407306,6.19438,0.0859489,16419.2,77800.6,86877,42352,9076.38,0.581849,147,1762.74,11153.3,0.176747,0.158281,0.324683,1.51503
1641,11,10.8346,0.0637336,4.31989,4.20825,3.17161,7474.17,0.652497,3.85673,184210,0.948322,0.440232,0.275684,0.476849,6.64657,0.0918823,15674.1,109019,120851,56338.1,11831.8,0.523428,155,1934.22,13007.2,0.126133,0.113784,0.24408,1.16221
1667,11,10.8191,0.0137014,4.31785,4.23374,3.19773,7625.74,0.640939,3.76706,184122,0.945597,0.45665,0.272676,0.496946,7.01482,0.0960783,15345.2,127294,139897,62925.8,12603.6,0.504552,162,1900.98,13474.1,0.108026,0.0982935,0.218527,1.09104
1715,11,10.8149,0.000976019,4.34691,4.26315,3.2273,5775.31,0.625647,3.64991,183547,0.950391,0.473627,0.357772,0.366386,7.11976,0.0950046,15762.9,82652.8,90492.9,40170,7840.12,0.606029,160,1422.94,10195.2,0.16637,0.151956,0.34232,1.75393
2062,11,10.8139,0,4.29645,4.27305,3.23725,9203.07,0.624547,3.64775,184131,0.936146,0.484308,0.228398,0.626432,7.66157,0.103699,14691.2,223036,242410,101775,19373.6,0.410728,157,2193.78,17091.5,0.0616537,0.0567262,0.135112,0.70978
2090,11,10.8136,0,4.24587,4.29136,3.25557,14727.6,0.621438,3.63049,184654,0.917005,0.502791,0.147496,1.01264,7.80334,0.1063,14543.8,615060,663034,262177,47974.4,0.260267,156,3331.99,29143.6,0.0223571,0.0207395,0.0524493,0.286632
2116,11,10.8134,0,4.194,4.29481,3.25902,24150.1,0.625353,3.66832,185961,0.894256,0.512084,0.0931772,1.59459,7.41606,0.102068,15145,1.62035e+06,1.73846e+06,664011,118119,0.159898,157,5192.87,49694.1,0.00848646,0.00790985,0.020709,0.116417
2140,11,10.8132,0,4.14255,4.2886,3.25283,38353,0.634189,3.73482,186272,0.869037,0.513982,0.0609677,2.37292,6.78518,0.0945715,16162.8,3.9154e+06,4.19982e+06,1.55843e+06,284417,0.099047,159,8182.98,81476.4,0.00351203,0.00327419,0.0088236,0.048348
2162,11,10.8131,0,4.09243,4.27663,3.24086,59628.1,0.643757,3.81267,187117,0.841137,0.510435,0.0401892,3.40158,6.09252,0.0858079,17529.5,8.79226e+06,9.43991e+06,3.46608e+06,647649,0.0621486,162,12616.5,129526,0.00156399,0.00145669,0.0039673,0.0212322
2183,11,10.8131,0,4.04194,4.26047,3.2247,91525.2,0.653997,3.89687,187707,0.80969,0.502646,0.026862,4.76307,5.39818,0.0767603,19215.6,1.86292e+07,2.00892e+07,7.5019e+06,1.45999e+06,0.0392367,165,19537.9,199138,0.000738141,0.000684497,0.001833,0.00941855
2203,11,10.813,0,3.99129,4.24135,3.20559,137306,0.664364,3.98335,187917,0.775147,0.491681,0.01829,6.47677,4.74631,0.06806,21199.8,3.75719e+07,4.08332e+07,1.56653e+07,3.26128e+06,0.0250312,162,30380.3,297002,0.000365991,0.00033676,0.000877801,0.00421644
2222,11,10.8129,0,3.94098,4.22042,3.18466,204321,0.673934,4.06917,188538,0.737719,0.478646,0.0125175,8.69612,4.16044,0.0599936,23495.6,7.23882e+07,7.94716e+07,3.20612e+07,7.08335e+06,0.0161676,153,46625.2,433031,0.000189962,0.00017303,0.000428898,0.00194131
2241,11,10.8128,0,3.8898,4.19723,3.16148,297734,0.684183,4.15801,188034,0.699766,0.463671,0.00878764,11.3987,3.6248,0.0525237,26119.9,1.40764e+08,1.56218e+08,6.41611e+07,1.5454e+07,0.0104871,148,71960.7,626091,9.76883e-05,8.80244e-05,0.00021432,0.000889804
2261,11,10.8127,0,3.83875,4.17168,3.13593,434516,0.693809,4.25087,188405,0.661744,0.446941,0.00608671,14.887,3.14495,0.0457259,29187.7,2.56067e+08,2.90044e+08,1.27862e+08,3.3977e+07,0.00682029,147,112617,884046,5.37008e-05,4.741e-05,0.000107546,0.000404715
2285,11,10.8126,0,3.78823,4.1431,3.10735,627946,0.703911,4.35113,188503,0.622837,0.428345,0.00430433,19.2753,2.72471,0.0396785,32577.8,4.58768e+08,5.30746e+08,2.48475e+08,7.19785e+07,0.00453004,144,172806,1.23075e+06,2.99737e-05,2.59088e-05,5.53416e-05,0.000191043
2312,11,10.8126,0,3.7372,4.10805,3.07231,902549,0.715387,4.47149,188614,0.585249,0.406049,0.00303869,24.7819,2.34282,0.0342316,36419.7,7.90444e+08,9.41429e+08,4.75502e+08,1.50985e+08,0.00302825,140,265993,1.69291e+06,1.73965e-05,1.46065e-05,2.89189e-05,9.10753e-05
2340,11,10.8125,0,3.68619,4.06227,3.02653,1.31887e+06,0.729133,4.62829,189066,0.551687,0.378172,0.00211436,32.2268,1.98424,0.0291188,40924.5,1.33524e+09,1.65785e+09,9.09271e+08,3.22608e+08,0.00202892,132,430681,2.33493e+06,1.02985e-05,8.29447e-06,1.51231e-05,4.26244e-05
2369,11,10.8125,0,3.63614,3.9876,2.95185,2.20065e+06,0.750748,4.89502,188943,0.545688,0.33585,0.00136311,46.4646,1.57772,0.0233695,47361.9,2.39863e+09,3.15539e+09,1.90498e+09,7.56761e+08,0.00125915,130,894339,3.52602e+06,5.73286e-06,4.35794e-06,7.21846e-06,1.81709e-05
2447,11,10.8123,0,3.58594,3.97436,2.93862,1.48135e+07,0.955965,10.7036,100100,0.725519,0.714731,0.00850332,2199.56,1.96018,0.0411075,6734.75,4.42241e+10,4.51989e+10,9.74752e+08,9.74752e+08,0.00133868,424,1.48135e+07,9.12122e+07,3.10939e-07,3.04233e-07,1.41072e-05,1.41072e-05
2979,11,10.5634,0,3.6367,4.3482,3.32257,1.30099e+06,0.628457,3.73774,188400,0.383267,0.604016,0.00286389,33.9733,2.90867,0.0403362,38294.4,2.74522e+09,3.28453e+09,1.61886e+09,5.39311e+08,0.00173339,182,340511,2.76674e+06,5.00906e-06,4.18659e-06,8.49423e-06,2.54973e-05
3003,11,10.563,2.02975e-33,3.68712,4.36107,3.33547,959239,0.623467,3.70169,188630,0.428021,0.616175,0.00363315,27.0264,3.18042,0.0442764,35492.6,1.74828e+09,2.0223e+09,9.24885e+08,2.74021e+08,0.00235238,181,223287,2.11597e+06,7.86543e-06,6.79967e-06,1.48678e-05,5.01823e-05
3028,11,10.5627,0,3.73778,4.36983,3.34424,708389,0.619498,3.6724,188571,0.477128,0.623786,0.00466888,21.6063,3.47927,0.0485218,32786.2,1.08672e+09,1.22454e+09,5.19532e+08,1.37818e+08,0.00323675,182,153571,1.61183e+06,1.26537e-05,1.12295e-05,2.6468e-05,9.97761e-05
3052,11,10.5623,0,3.78915,4.37714,3.35156,520575,0.615653,3.64369,188337,0.52782,0.629444,0.00615774,17.2923,3.82749,0.0534092,30104.4,6.46201e+08,7.13303e+08,2.85523e+08,6.71017e+07,0.00458472,189,105019,1.20883e+06,2.12797e-05,1.92779e-05,4.81607e-05,0.000204928
3073,11,10.562,0,3.83976,4.38251,3.35694,376948,0.612039,3.617,188111,0.578787,0.632622,0.00820595,13.662,4.21542,0.0587089,27591,3.78299e+08,4.10872e+08,1.53422e+08,3.25735e+07,0.00659163,189,72214.3,891544,3.63495e-05,3.34678e-05,8.96284e-05,0.000422153
3090,11,10.5616,0,3.89076,4.38517,3.35962,267126,0.608952,3.59395,187811,0.629914,0.632469,0.0111616,10.6073,4.6552,0.06473,25183.3,2.08701e+08,2.2411e+08,7.91374e+07,1.54086e+07,0.00974601,193,49325.4,648716,6.58883e-05,6.13582e-05,0.000173761,0.000892421
3106,11,10.5612,0,3.94329,4.38371,3.35818,184270,0.606883,3.57772,187429,0.684309,0.627527,0.0154842,8.04647,5.14627,0.0714655,22900.8,1.08506e+08,1.1562e+08,3.88004e+07,7.11376e+06,0.0148473,195,33648.4,455593,0.00012673,0.000118933,0.000354404,0.00193301
3123,11,10.5605,0,3.99601,4.3762,3.35069,127203,0.606109,3.57349,187658,0.737454,0.616075,0.0215487,6.10629,5.66861,0.0786931,20831.5,5.23534e+07,5.55273e+07,1.85576e+07,3.17391e+06,0.0232309,189,22753.8,307117,0.000262657,0.000247644,0.00074099,0.00433251
3146,11,10.5569,0,4.0465,4.37674,3.35138,85654.1,0.601431,3.53953,187267,0.781498,0.611193,0.0308362,4.50349,6.2824,0.0869309,19019.5,2.54257e+07,2.68637e+07,8.81092e+06,1.43801e+06,0.0362394,182,15275.9,205801,0.000540829,0.000511879,0.00156068,0.00956254
3168,11,10.5499,0,4.09664,4.39623,3.37116,56613.5,0.586996,3.44155,186805,0.814623,0.621958,0.0455402,3.26164,7.13332,0.0976536,17357.4,1.26191e+07,1.32695e+07,4.26912e+06,650389,0.0561847,185,9854.31,135648,0.0010897,0.00103629,0.00322103,0.0211427
3201,11,10.5308,0,4.04452,4.40686,3.38258,84982.1,0.588309,3.44877,186560,0.770354,0.639878,0.0316976,4.53212,6.58212,0.0918506,18751.1,2.87798e+07,3.0287e+07,9.53268e+06,1.50718e+06,0.0350627,208,14621,211456,0.0004778,0.000454023,0.00144251,0.00912363
3220,11,10.521,0,3.99218,4.40372,3.37984,127179,0.594163,3.48995,187100,0.723856,0.643446,0.0218803,6.182,5.91406,0.0831957,20572.4,5.95556e+07,6.29938e+07,2.02672e+07,3.43825e+06,0.0223239,217,22352.4,318426,0.000230893,0.000218291,0.000678484,0.00399941
3237,11,10.5124,0,3.93909,4.39607,3.37255,190162,0.600743,3.53752,187833,0.673195,0.641353,0.0152433,8.3906,5.28133,0.0747813,22663.7,1.16479e+08,1.24056e+08,4.22971e+07,7.57698e+06,0.0144726,218,33670.3,463034,0.000118056,0.000110845,0.000325105,0.00181484
3251,11,10.5078,0,3.88907,4.38534,3.362,269402,0.60796,3.58747,187906,0.626559,0.634807,0.0110816,10.8377,4.7281,0.0672295,24857.9,2.12167e+08,2.27977e+08,8.09004e+07,1.58097e+07,0.00977497,219,49780.5,654803,6.48121e-05,6.03175e-05,0.000169974,0.000869779
3266,11,10.5051,0,3.83792,4.37209,3.34887,381452,0.615449,3.64081,188019,0.580142,0.625053,0.00804785,13.9291,4.20976,0.0599787,27385.3,3.77958e+08,4.11449e+08,1.54758e+08,3.34917e+07,0.00660235,209,74591.5,905085,3.63823e-05,3.34208e-05,8.88547e-05,0.000410579
3284,11,10.5033,0,3.78767,4.3575,3.33436,532306,0.62254,3.69382,188389,0.533442,0.613313,0.00593966,17.6999,3.76271,0.0535891,30074,6.39163e+08,7.07764e+08,2.86693e+08,6.86006e+07,0.00457831,203,110083,1.22161e+06,2.1514e-05,1.94288e-05,4.79641e-05,0.00020045
3310,11,10.502,0,3.73638,4.34019,3.3171,741097,0.630238,3.75165,188513,0.486506,0.598642,0.00443917,22.4937,3.36457,0.0480056,32946.9,1.076e+09,1.21751e+09,5.27135e+08,1.41513e+08,0.00321946,195,164626,1.65574e+06,1.27798e-05,1.12944e-05,2.60863e-05,9.71709e-05
3332,11,10.501,0,3.68624,4.31907,3.29602,1.01759e+06,0.638642,3.81696,188705,0.443393,0.580206,0.00335245,28.3273,3.01571,0.0431285,35922.6,1.72668e+09,2.0092e+09,9.3864e+08,2.8252e+08,0.0023123,196,246156,2.18013e+06,7.96381e-06,6.844e-06,1.46499e-05,4.86725e-05
3354,11,10.5003,0,3.63611,4.28915,3.26613,1.42937e+06,0.649533,3.90391,188768,0.406387,0.553925,0.00251112,36.4642,2.68035,0.0384938,39199.2,2.7846e+09,3.35064e+09,1.68039e+09,5.66046e+08,0.00166012,208,392871,2.94013e+06,4.93823e-06,4.10398e-06,8.18321e-06,2.4293e-05
3407,11,10.4991,0,3.58597,4.15431,3.13134,8.33951e+06,0.803262,5.82053,188754,0.469242,0.599967,0.00117639,357.501,2.5284,0.0524621,23327.2,1.51517e+10,1.58035e+10,4.46902e+09,6.51835e+08,0.0011382,393,2.80949e+06,2.04631e+07,9.07555e-07,8.70122e-07,3.07695e-06,2.10958e-05
880,12,11.9991,0.714826,4.44818,3.98659,2.90562,2471.62,0.75281,4.8885,185793,0.981729,0.302441,0.806825,0.0520387,1.56026,0.0225957,47495.9,3805.26,4753.55,3065.81,948.285,0.788771,80,882.192,3443.25,3.61368,2.89278,4.48527,14.5009
919,12,11.997,0.664647,4.43915,4.0172,2.93631,2660.36,0.742396,4.75408,185697,0.980106,0.315665,0.746632,0.0643155,1.86702,0.0271331,41364.2,5061.78,6208.4,3842.51,1146.62,0.801136,103,921.805,3832.88,2.71663,2.2149,3.57865,11.9927
948,12,11.9948,0.614942,4.43478,4.04873,2.96792,2749.91,0.731735,4.61943,185135,0.978771,0.329878,0.729038,0.0740495,2.16564,0.0312852,37136.2,6236.83,7501.37,4451.94,1264.54,0.822781,125,914.672,4053.69,2.2048,1.83313,3.08876,10.8743
974,12,11.9926,0.563443,4.43057,4.08068,2.99994,2817.46,0.720488,4.48632,184577,0.977381,0.344891,0.712853,0.0840121,2.49865,0.0358055,33536.3,7623.74,9030.71,5109.96,1406.97,0.840064,117,913.989,4279.39,1.80371,1.52269,2.69102,9.77349
996,12,11.9906,0.514817,4.4262,4.11,3.02934,2925.63,0.709073,4.36721,184657,0.975889,0.359247,0.685501,0.0954644,2.84595,0.0404887,30646.3,9346.67,10885.6,5940.13,1538.93,0.84754,120,902.656,4503.1,1.47122,1.26323,2.31493,8.93541
1017,12,11.9884,0.463716,4.42091,4.13996,3.05938,3043.36,0.697612,4.24836,184218,0.974192,0.374501,0.662266,0.109208,3.25302,0.045927,27867.6,11302.1,13038.1,6985.3,1736.02,0.852138,130,908.262,4792.99,1.21667,1.05467,1.96856,7.92099
1036,12,11.9863,0.412344,4.4147,4.16903,3.08853,3208.02,0.685447,4.13577,184303,0.972242,0.389881,0.626632,0.126217,3.71017,0.0519363,25416.8,13971.7,15975.1,8397.62,2003.39,0.846269,135,927.327,5098.63,0.984203,0.860777,1.63749,6.86384
1053,12,11.9833,0.363933,4.40786,4.19534,3.11494,3399.4,0.67428,4.03611,184222,0.970168,0.40435,0.592039,0.14226,4.08644,0.0586467,23895.7,17529.8,19839.3,10145.3,2309.52,0.81391,138,946.601,5488.03,0.784435,0.693118,1.35541,5.95405
1161,12,11.9579,0.314758,4.39941,4.21931,3.13983,3605.05,0.664311,3.94463,183560,0.967847,0.418491,0.55938,0.168773,4.71139,0.065359,21360.3,22244.8,25029.7,12357.9,2784.85,0.814526,146,996.998,5943.58,0.618166,0.549387,1.11273,4.93778
1263,12,11.9309,0.264956,4.38957,4.24255,3.16406,3947.5,0.653719,3.85799,183436,0.964958,0.432782,0.515494,0.201038,5.28696,0.0728039,19635.6,29319.8,32706.6,15808.5,3386.82,0.782063,150,1048.73,6610.06,0.469,0.420434,0.869848,4.06014
1347,12,11.904,0.214525,4.37815,4.26517,3.18765,4337.71,0.643295,3.77621,183304,0.961662,0.447259,0.468731,0.23909,5.89428,0.0807659,18142.6,40057.6,44333.6,20494.7,4276.05,0.737053,147,1128.9,7465.37,0.343281,0.310171,0.670953,3.21582
1415,12,11.8781,0.164903,4.36539,4.28661,3.21005,4874.64,0.633039,3.70169,183431,0.95775,0.461631,0.418858,0.288208,6.50436,0.0885219,16913.6,54359.2,59875.9,27493.9,5516.66,0.680922,154,1230.04,8465.9,0.252965,0.229658,0.500147,2.49263
1471,12,11.8527,0.114286,4.35097,4.30774,3.23211,5529.7,0.62346,3.6318,183279,0.953167,0.476519,0.371684,0.347719,7.09837,0.0961764,15902.8,77661.9,85054.2,37678.8,7392.31,0.615468,162,1370.6,9843.98,0.177062,0.161673,0.364953,1.86017
1515,12,11.8286,0.0644045,4.33652,4.32839,3.25364,6355.75,0.613448,3.56679,183684,0.947953,0.49177,0.325709,0.418228,7.62562,0.1028,15196.8,111730,121471,52422.5,9740.97,0.546736,158,1506.13,11434.5,0.123073,0.113204,0.262311,1.41167
1550,12,11.8049,0.0135731,4.33316,4.35379,3.27991,6436.32,0.601765,3.48213,182930,0.945016,0.510037,0.323689,0.434767,8.06455,0.107594,14804,133969,144614,58801,10645.2,0.523,169,1495.09,12042.1,0.102643,0.0950875,0.233856,1.29175
1619,12,11.7987,0.000996143,4.36147,4.38119,3.30754,4920.7,0.585684,3.37633,182474,0.949694,0.527024,0.420678,0.32432,8.18653,0.106025,15172.4,87845.9,94440.3,38218.3,6594.37,0.624678,174,1110.5,9136.95,0.156535,0.145605,0.359801,2.08526
1971,12,11.7971,0,4.3104,4.39147,3.31787,7978.66,0.584402,3.3765,183360,0.934779,0.539743,0.265421,0.561393,8.7666,0.115423,14212.3,241001,257660,99517.7,16658.7,0.418266,172,1734.21,15495.1,0.0570578,0.0533688,0.138176,0.825454
1999,12,11.7968,0,4.25918,4.40946,3.33587,12883.7,0.581931,3.36623,183962,0.91487,0.560875,0.170365,0.912844,8.88023,0.117836,14113.8,678228,719752,259945,41524.4,0.2628,175,2633.69,26662.7,0.0202749,0.0191052,0.0528996,0.331155
2024,12,11.7965,0,4.20911,4.4135,3.33992,20820.7,0.586605,3.40403,185215,0.892293,0.572488,0.10953,1.41806,8.44084,0.113304,14682.5,1.73843e+06,1.83854e+06,637878,100116,0.164241,182,4069.29,45135.1,0.00791002,0.00747929,0.0215574,0.13735
2048,12,11.7963,0,4.15772,4.40886,3.3353,33326.4,0.596189,3.46877,185806,0.866236,0.577193,0.0713647,2.12837,7.73142,0.105313,15658.1,4.2279e+06,4.46707e+06,1.50529e+06,239166,0.101814,183,6349.94,75227,0.00325244,0.0030783,0.00913512,0.0574955
2070,12,11.7962,0,4.10756,4.3987,3.32513,51774,0.606947,3.5439,186494,0.837608,0.576057,0.0472961,3.05634,6.95604,0.0959737,16939.9,9.49869e+06,1.00464e+07,3.33161e+06,547715,0.0640902,182,9810.39,120446,0.00144767,0.00136875,0.00412743,0.0251061
2091,12,11.7961,0,4.05667,4.38462,3.31106,80114.8,0.618072,3.62437,187213,0.804761,0.570348,0.0315136,4.32229,6.17737,0.0862071,18535.3,2.02974e+07,2.15557e+07,7.26363e+06,1.25831e+06,0.0404299,180,15371.6,187092,0.000677476,0.000637928,0.00189313,0.0109282
2111,12,11.796,0,4.00538,4.36773,3.29418,119851,0.629566,3.70586,187062,0.768832,0.560941,0.0216051,5.87655,5.44518,0.0766955,20394.8,4.108e+07,4.38918e+07,1.512e+07,2.81178e+06,0.0257978,177,23761.5,280584,0.000334736,0.000313293,0.000909455,0.00489049
2130,12,11.7959,0,3.95419,4.34902,3.27547,180519,0.639729,3.78594,187829,0.728697,0.548893,0.0147359,7.99949,4.78617,0.0679232,22566.4,8.01737e+07,8.63583e+07,3.13612e+07,6.18459e+06,0.0166414,170,36658.1,412391,0.000171515,0.000159232,0.000438472,0.00222343
2148,12,11.7957,0,3.90418,4.32906,3.25551,261735,0.649541,3.86364,188119,0.688862,0.535,0.0103318,10.4885,4.21026,0.060071,24954.5,1.49314e+08,1.62382e+08,6.16269e+07,1.30686e+07,0.0109664,165,55316.6,586916,9.20947e-05,8.46828e-05,0.000223133,0.00105221
2167,12,11.7956,0,3.85287,4.30619,3.23265,382484,0.659564,3.9464,188452,0.648579,0.518433,0.00720796,13.7768,3.67614,0.0526671,27762.9,2.77771e+08,3.06563e+08,1.22551e+08,2.87923e+07,0.00718907,163,86555.3,843119,4.95048e-05,4.48553e-05,0.000112206,0.000477593
2189,12,11.7955,0,3.8022,4.28037,3.20684,551078,0.66996,4.03473,188565,0.608186,0.499444,0.00512607,17.8539,3.20559,0.0460389,30866,4.91982e+08,5.53121e+08,2.36657e+08,6.11385e+07,0.00480941,160,132866,1.16775e+06,2.79502e-05,2.48607e-05,5.81051e-05,0.000224915
2215,12,11.7954,0,3.75124,4.24889,3.17536,784024,0.681644,4.13813,188555,0.569102,0.476404,0.00366209,22.8639,2.78326,0.0401171,34291,8.55122e+08,9.81533e+08,4.46137e+08,1.2641e+08,0.00325472,159,201520,1.60358e+06,1.60807e-05,1.40097e-05,3.08223e-05,0.00010878
2242,12,11.7953,0,3.70098,4.20835,3.13482,1.11481e+06,0.695564,4.26849,188507,0.534646,0.447534,0.00261429,29.2367,2.39356,0.0346403,38130.5,1.43181e+09,1.69573e+09,8.25557e+08,2.6392e+08,0.00222668,156,317805,2.19834e+06,9.60395e-06,8.1092e-06,1.66566e-05,5.21028e-05
2269,12,11.7953,0,3.64947,4.14978,3.07626,1.68638e+06,0.71381,4.45757,189032,0.506866,0.40801,0.0017857,39.283,1.99859,0.0291339,42929,2.37798e+09,2.94866e+09,1.59523e+09,5.70675e+08,0.00149409,150,549452,3.05749e+06,5.78263e-06,4.66348e-06,8.62004e-06,2.4096e-05
2323,12,11.7951,0,3.59894,4.02454,2.95102,1.12028e+07,0.855791,7.00861,186859,0.568666,0.46471,0.000907067,587.8,2.26836,0.0470844,19058.9,1.61336e+10,1.67052e+10,4.28514e+09,5.71539e+08,0.00128101,356,4.20475e+06,2.61706e+07,8.52318e-07,8.23158e-07,3.209e-06,2.40596e-05
2423,12,11.7948,0,3.5488,4.40843,3.33492,2.44029e+07,0.839107,6.60314,187884,0.344973,1.11134,0.00160104,1288.17,2.54618,0.0530753,18943.8,2.56249e+10,2.72311e+10,7.82571e+09,1.60626e+09,0.000636367,537,9.68466e+06,6.48977e+07,5.36626e-07,5.04973e-07,1.75715e-06,8.56089e-06
893,13,12.9989,0.714796,4.46456,4.09139,2.97567,2075.57,0.729285,4.58638,184750,0.98216,0.333416,0.961428,0.0453782,1.77437,0.0253595,45739.3,3733.54,4477.64,2611.65,744.095,0.864053,91,692.757,3104.68,3.68309,3.07104,5.26525,18.4802
946,13,12.9954,0.664178,4.45548,4.12243,3.00682,2243.61,0.717887,4.45761,184522,0.980516,0.348157,0.892172,0.0561237,2.11565,0.0302941,39976.1,4910.36,5803.5,3307.64,893.139,0.87215,127,716.503,3417.66,2.8004,2.36943,4.15734,15.3962
987,13,12.992,0.614092,4.4511,4.15418,3.03868,2325.24,0.705571,4.32912,184437,0.979159,0.363856,0.861094,0.0643068,2.44113,0.0347037,36158.5,6034.91,7027.72,3862.74,992.809,0.88566,125,713.773,3597.32,2.27857,1.95668,3.5599,13.8506
1023,13,12.9887,0.564359,4.44702,4.18499,3.0696,2379.14,0.693651,4.20728,183941,0.977817,0.379713,0.841733,0.0723098,2.79135,0.039324,32902.1,7244.16,8341.94,4427.43,1097.78,0.897834,123,709.805,3756.86,1.89822,1.64842,3.10586,12.5262
1056,13,12.9852,0.513478,4.44241,4.21562,3.10035,2504.88,0.680238,4.08898,184294,0.97617,0.396112,0.802508,0.0833789,3.19092,0.0445427,30042.2,8896.59,10123.1,5286.97,1226.52,0.900026,136,709.247,4006.82,1.54565,1.35838,2.60092,11.2114
1085,13,12.9818,0.463331,4.43715,4.24496,3.12981,2572.39,0.668568,3.97827,183417,0.974568,0.41243,0.783725,0.094067,3.63342,0.0503235,27346.3,11074.8,12465.5,6132.2,1390.72,0.903953,138,716.019,4240.56,1.24165,1.10312,2.24242,9.88766
1110,13,12.9786,0.414613,4.43119,4.27251,3.15746,2688.46,0.656283,3.87649,183281,0.972748,0.428303,0.747085,0.107392,4.11615,0.0564363,25034,13691.3,15282.9,7282.07,1591.57,0.896792,146,727.428,4511.48,1.00436,0.899763,1.88834,8.63988
1133,13,12.9754,0.364082,4.42397,4.30008,3.18514,2876.88,0.643502,3.77698,183233,0.970509,0.444769,0.703089,0.12581,4.67381,0.0635937,22866.9,16869.2,18739.1,9000.61,1869.93,0.880818,155,749.083,4777.64,0.815153,0.733811,1.52778,7.35375
1153,13,12.9724,0.313855,4.4156,4.32655,3.21171,3100.91,0.630729,3.68356,183295,0.96798,0.461134,0.653355,0.148133,5.28845,0.0713025,20933.3,22216.2,24464.1,11292.9,2247.95,0.854908,155,782.213,5266.74,0.618963,0.562088,1.21766,6.11711
1177,13,12.9643,0.264999,4.4061,4.3509,3.23633,3326.26,0.619808,3.59952,182626,0.965277,0.476898,0.611945,0.172923,5.92544,0.0797996,19235.5,28694.2,31439.7,14114.3,2745.5,0.822453,160,824.929,5804.31,0.479226,0.437377,0.974263,5.00856
1293,13,12.9261,0.214927,4.39439,4.37293,3.25964,3660.51,0.609024,3.52252,182240,0.961918,0.49243,0.558508,0.206966,6.62718,0.0885938,17686.5,38633.8,42137.4,18429.8,3503.57,0.776044,163,892.825,6487.91,0.355932,0.326337,0.746129,3.92485
1386,13,12.8885,0.164596,4.38096,4.39434,3.28231,4166.29,0.597434,3.45077,182574,0.957725,0.508253,0.493788,0.25334,7.33856,0.0974419,16445.5,54350.1,58923,25377.1,4572.96,0.711932,166,975.207,7465,0.253008,0.233372,0.541866,3.00702
1458,13,12.8526,0.11484,4.36616,4.41484,3.30403,4706.82,0.587542,3.38562,182257,0.953092,0.524229,0.438468,0.305039,8.01361,0.105816,15430.2,79881.9,85987.1,34777.3,6105.24,0.641862,165,1078.48,8734.19,0.172142,0.159919,0.395401,2.25232
1515,13,12.818,0.0648378,4.35082,4.43531,3.32567,5387.74,0.577627,3.32417,182120,0.947715,0.541007,0.386331,0.366968,8.62459,0.113248,14681.8,115978,124207,48606.5,8228.51,0.567811,173,1198.06,10234.1,0.118565,0.11071,0.282904,1.67114
1560,13,12.7839,0.013842,4.34594,4.46015,3.35167,5655.83,0.563801,3.24539,182338,0.943944,0.56077,0.370312,0.395122,9.13567,0.118864,14314.1,142973,152203,57914.2,9230.4,0.532245,182,1201.38,10909.5,0.0961791,0.0903463,0.237437,1.48975
1641,13,12.7749,0.000991848,4.37399,4.48632,3.37814,4256.6,0.548153,3.1469,181126,0.948877,0.57793,0.488949,0.292174,9.29802,0.116977,14568.7,94255.3,100003,37041.2,5747.55,0.639174,188,894.234,8257.57,0.145891,0.137506,0.371235,2.39249
1990,13,12.7724,0,4.32327,4.5158,3.40771,6878.65,0.536467,3.09198,181988,0.931503,0.607844,0.31128,0.506819,10.2388,0.130045,13572.2,281425,296247,102271,14821.9,0.41654,182,1353.32,14163.5,0.0488619,0.0464172,0.134457,0.927749
2018,13,12.7719,0,4.27157,4.52538,3.41731,11250.1,0.538935,3.11199,182875,0.911434,0.625452,0.197603,0.824764,10.1334,0.130228,13640.4,767075,804394,264598,37318.7,0.261568,179,2107.35,24502.3,0.0179265,0.0170948,0.0519694,0.368474
2044,13,12.7714,0,4.22032,4.52721,3.41915,18394.2,0.546444,3.16025,183968,0.887837,0.637859,0.126454,1.29078,9.54163,0.124549,14250.5,1.97829e+06,2.06931e+06,654934,91020.6,0.162483,185,3281.83,42380.8,0.00695096,0.00664522,0.020996,0.151076
2068,13,12.7712,0,4.1698,4.52186,3.41381,29278.2,0.557453,3.22804,184958,0.861557,0.643581,0.0823092,1.92437,8.72016,0.115713,15214.4,4.66162e+06,4.87362e+06,1.51114e+06,211997,0.101716,191,5051.06,70081,0.00294983,0.00282152,0.00909973,0.064864
2091,13,12.771,0,4.11814,4.51083,3.40279,46718.3,0.57047,3.30884,185816,0.830993,0.643149,0.0538424,2.83168,7.80496,0.10527,16498.5,1.06492e+07,1.11478e+07,3.43878e+06,498610,0.0635308,197,7945.67,113856,0.00129127,0.00123352,0.00399879,0.0275786
2112,13,12.7708,0,4.06777,4.49504,3.387,71858.3,0.58392,3.39522,186642,0.798356,0.636382,0.0359587,3.98702,6.92101,0.0945862,18023,2.22657e+07,2.33926e+07,7.31549e+06,1.12689e+06,0.0405595,195,12393.4,176674,0.000617585,0.000587834,0.00187971,0.0122027
2132,13,12.7707,0,4.01691,4.47584,3.3678,108744,0.597686,3.48449,186885,0.762289,0.624871,0.0245453,5.48914,6.08814,0.0841951,19810.8,4.43088e+07,4.67975e+07,1.51443e+07,2.48869e+06,0.0261717,186,19166.7,268181,0.000310344,0.00029384,0.000907998,0.0055254
2153,13,12.7705,0,3.96462,4.45465,3.34662,163028,0.610582,3.57295,187316,0.722018,0.610231,0.0167277,7.44198,5.32923,0.0744383,21906.5,8.73461e+07,9.29145e+07,3.10387e+07,5.5684e+06,0.0168793,177,30088.3,397350,0.000157431,0.000147996,0.000443027,0.00246947
2171,13,12.7704,0,3.91175,4.43308,3.32505,243229,0.622099,3.65644,187934,0.678597,0.594232,0.011466,10.0005,4.65807,0.0655833,24321.7,1.66072e+08,1.78329e+08,6.32212e+07,1.22569e+07,0.0109494,176,46663.5,576103,8.28015e-05,7.71103e-05,0.000217506,0.00112189
2189,13,12.7702,0,3.8593,4.41173,3.30371,357103,0.632539,3.73422,188311,0.635763,0.577769,0.0079857,13.2041,4.07332,0.0576631,27044.8,3.0736e+08,3.34356e+08,1.26502e+08,2.69961e+07,0.00716656,173,72540.6,818447,4.4739e-05,4.11268e-05,0.000108702,0.000509369
2209,13,12.7701,2.70279e-31,3.80857,4.39024,3.28222,509814,0.642163,3.808,188524,0.5936,0.560734,0.00571172,17.0067,3.57861,0.0507345,29977.2,5.49914e+08,6.06954e+08,2.42118e+08,5.70398e+07,0.00481576,172,110198,1.15033e+06,2.50057e-05,2.26557e-05,5.67945e-05,0.000241077
2234,13,12.77,1.39663e-29,3.75721,4.36509,3.25708,724822,0.652553,3.88966,188516,0.550897,0.540512,0.00413309,21.8512,3.14017,0.0446653,33170.8,9.44497e+08,1.06502e+09,4.57577e+08,1.20527e+08,0.00328311,174,169083,1.57857e+06,1.45591e-05,1.29114e-05,3.00517e-05,0.00011409
2261,13,12.7699,0,3.70594,4.33227,3.22426,1.03328e+06,0.664634,3.99122,188941,0.511379,0.514184,0.00296057,28.127,2.73681,0.039064,36736.3,1.60629e+09,1.85673e+09,8.54637e+08,2.50443e+08,0.00225802,173,261134,2.1576e+06,8.56073e-06,7.40603e-06,1.60899e-05,5.49067e-05
2287,13,12.7697,0,3.65581,4.28745,3.17945,1.47766e+06,0.680442,4.12714,188539,0.478772,0.479294,0.00214777,36.3781,2.35849,0.0338699,40619.6,2.62166e+09,3.13426e+09,1.55656e+09,5.12602e+08,0.00157694,170,421675,2.94004e+06,5.24515e-06,4.38731e-06,8.83422e-06,2.68259e-05
2325,13,12.7696,0,3.60557,4.19096,3.08296,3.58007e+06,0.733955,4.68332,188843,0.504105,0.426076,0.00118455,86.8966,1.93591,0.0385295,41199.2,7.41111e+09,7.85542e+09,3.73107e+09,4.44312e+08,0.000954773,313,956061,6.7192e+06,1.85546e-06,1.75051e-06,3.68553e-06,3.0949e-05
2429,13,12.7691,0,3.55548,4.40966,3.30167,2.07914e+07,0.832127,6.43781,188048,0.380442,1.00766,0.00140394,1042.64,2.52378,0.0526447,19941.1,3.18779e+10,3.33167e+10,7.85305e+09,1.43883e+09,0.000649959,536,7.78181e+06,6.07685e+07,4.31364e-07,4.12735e-07,1.75104e-06,9.55708e-06
906,14,13.9985,0.714595,4.47924,4.1868,3.0389,1804.5,0.705476,4.32791,184415,0.982427,0.363934,1.10899,0.040091,1.96169,0.0277184,45010.2,3697.13,4302.4,2328.48,605.27,0.915654,102,560.054,2798.08,3.71937,3.19612,5.90557,22.7187
978,14,13.9935,0.664515,4.47024,4.21757,3.06982,1933.17,0.693378,4.20598,184045,0.980841,0.379786,1.03339,0.0491577,2.33746,0.0329705,39326,4849.55,5575.33,2923.52,725.775,0.924016,138,578.034,3069.11,2.83552,2.4664,4.70358,18.9466
1036,14,13.9884,0.614452,4.46585,4.24921,3.10163,2005.65,0.679961,4.08346,184027,0.979473,0.39674,0.995651,0.0562571,2.6912,0.0376286,35651.5,5817.98,6626.38,3432.44,808.397,0.933875,134,575.457,3226.5,2.36353,2.07519,4.00619,17.0102
1086,14,13.9833,0.564975,4.46176,4.27977,3.13234,2077.24,0.666754,3.96783,183820,0.978057,0.413757,0.966512,0.0638483,3.07079,0.0425484,32533.9,7110.44,8003.1,4009.63,892.664,0.941335,141,570.411,3397.39,1.93392,1.71821,3.42949,15.4044
1132,14,13.978,0.513995,4.45709,4.31036,3.1631,2124.77,0.653931,3.85454,182995,0.976573,0.431439,0.947633,0.0718931,3.51041,0.0481646,29554.6,8617.66,9623.4,4636.47,1005.74,0.948983,141,572.486,3555.1,1.59567,1.42891,2.96583,13.6725
1172,14,13.9729,0.464247,4.45181,4.33937,3.19226,2208.36,0.640682,3.74936,182667,0.974892,0.448815,0.913044,0.081918,3.99584,0.054294,26958.2,10546.1,11695.7,5479.87,1149.6,0.947497,152,580.836,3748.57,1.30389,1.17573,2.50937,11.9616
1207,14,13.9679,0.414305,4.44559,4.36751,3.22056,2315.2,0.627415,3.64941,182346,0.972989,0.466268,0.872464,0.0942255,4.54596,0.0611775,24570.9,13176.7,14492.6,6584.02,1315.9,0.939254,151,586.855,3994.88,1.04358,0.948825,2.08854,10.4498
1238,14,13.9629,0.36347,4.43817,4.39515,3.24836,2447.29,0.614191,3.55335,181919,0.970803,0.484,0.82719,0.109545,5.17728,0.0690167,22340.4,16821.7,18392.2,8057.83,1570.5,0.923649,158,610.07,4307.27,0.817455,0.747653,1.70654,8.75581
1264,14,13.9584,0.313828,4.42971,4.42125,3.27459,2625.2,0.601082,3.46488,181708,0.968301,0.501337,0.773181,0.128664,5.86137,0.0774059,20403.5,21640.8,23519.6,10086.5,1878.89,0.896823,160,632.831,4667.35,0.635421,0.58466,1.3633,7.31867
1286,14,13.9542,0.264905,4.42006,4.44599,3.29947,2849.66,0.588382,3.3832,181531,0.965442,0.51838,0.71473,0.152325,6.59619,0.0862505,18707.7,28639.2,30972.5,12882,2333.32,0.859475,164,674.324,5148.46,0.480146,0.443974,1.06746,5.8933
1306,14,13.9498,0.213442,4.40834,4.47098,3.32459,3172.41,0.574898,3.30342,181661,0.961853,0.536292,0.644337,0.182285,7.32279,0.0971776,17403.5,39008,41970.5,17258.4,2962.54,0.795207,171,721.457,5790.46,0.352517,0.327635,0.796768,4.64162
1407,14,13.9026,0.164645,4.39485,4.49139,3.34648,3537.13,0.564128,3.23722,181284,0.957866,0.552711,0.579164,0.221999,8.20124,0.106207,15933.1,55059.9,58914.5,23174.1,3854.59,0.741501,177,785.024,6616.63,0.249746,0.233406,0.593376,3.56743
1503,14,13.8527,0.114516,4.37927,4.51166,3.36831,4076.1,0.553244,3.17501,181155,0.952814,0.570033,0.508704,0.273228,8.97782,0.115479,14918.3,80808.2,86068.5,32906.9,5260.3,0.663279,180,877.818,7798.01,0.170168,0.159768,0.417875,2.61411
1576,14,13.8051,0.064835,4.36315,4.53166,3.3898,4728.05,0.542385,3.11745,181298,0.947036,0.588094,0.442306,0.333042,9.66358,0.123595,14196.5,120993,128151,47197.8,7158.04,0.580791,185,976.035,9208.41,0.113651,0.107303,0.291348,1.92105
1632,14,13.759,0.0147229,4.35658,4.5553,3.4149,4977.61,0.529295,3.04587,180983,0.94292,0.608775,0.423297,0.361207,10.2401,0.129739,13780.5,152711,161004,57118.9,8292.73,0.5392,184,994.544,9924.98,0.0900456,0.0854077,0.240743,1.6582
1724,14,13.7458,0.000985331,4.38465,4.58081,3.44082,3807.61,0.511706,2.95182,180357,0.947636,0.626272,0.551279,0.272378,10.4718,0.127734,13979.1,101399,106644,37531.3,5244.81,0.646138,196,748.953,7508.86,0.135612,0.128943,0.366387,2.62183
2082,14,13.7422,0,4.33328,4.62605,3.48618,6156.88,0.490991,2.85762,180956,0.927471,0.673026,0.353242,0.474905,11.7704,0.143954,12964.4,333792,347702,110729,13909.8,0.406942,191,1102.21,13138.4,0.0411963,0.0395482,0.124186,0.988585
2110,14,13.7413,0,4.28157,4.63338,3.49353,10082.2,0.495585,2.88716,182045,0.906596,0.691597,0.223508,0.765925,11.4879,0.142853,13163.4,898363,933400,283428,35036.7,0.254689,190,1725.59,22850.2,0.0153067,0.0147321,0.0485166,0.392474
2135,14,13.7407,0,4.23151,4.63148,3.49165,16402.3,0.506107,2.94614,183331,0.88309,0.702672,0.143911,1.18663,10.7118,0.135813,13822.6,2.21594e+06,2.29793e+06,678930,81986.7,0.160745,193,2639.24,38907.1,0.00620547,0.00598407,0.0202539,0.167722
2159,14,13.7402,0,4.18054,4.6266,3.48679,26000.1,0.518944,3.01411,183950,0.855874,0.710877,0.0943676,1.75926,9.75825,0.126091,14779,5.28845e+06,5.48395e+06,1.5505e+06,195495,0.100748,192,4134.92,65400.4,0.00260019,0.0025075,0.00886876,0.0703394
2183,14,13.7399,0,4.12919,4.61767,3.47786,41747.9,0.5322,3.08968,185197,0.823776,0.71388,0.0615768,2.59985,8.7336,0.114596,16057.9,1.19543e+07,1.24101e+07,3.53109e+06,455822,0.063066,195,6446.65,106840,0.0011503,0.00110804,0.00389426,0.0301675
2210,14,13.7397,0,4.07843,4.60912,3.46932,64180.2,0.54396,3.15713,185988,0.787791,0.715255,0.041385,3.66755,7.81265,0.104227,17499.5,2.54676e+07,2.65078e+07,7.58731e+06,1.04026e+06,0.0401163,197,9961.4,167338,0.000539941,0.000518752,0.00181237,0.0132188
2229,14,13.7396,0,4.02616,4.60798,3.46819,96935.6,0.551215,3.19806,186062,0.743111,0.722645,0.0286888,5.05163,7.01145,0.0943567,19189,5.28341e+07,5.52152e+07,1.63328e+07,2.38108e+06,0.0253887,197,15138.5,254893,0.000260267,0.000249044,0.000841926,0.0057751
2247,14,13.7392,0,3.9738,4.60919,3.46941,142782,0.555674,3.22497,186416,0.692092,0.730778,0.0202459,6.77872,6.32408,0.0855582,21063.3,1.06419e+08,1.11753e+08,3.4027e+07,5.33431e+06,0.0163501,197,22688.9,376453,0.000129215,0.000123048,0.00040412,0.00257784
2264,14,13.7387,0,3.92156,4.61035,3.47059,206056,0.558875,3.24545,186925,0.637127,0.737414,0.0145862,8.92037,5.72505,0.077714,23099.5,2.02525e+08,2.13991e+08,6.84133e+07,1.1466e+07,0.0107939,205,33140.2,536224,6.78977e-05,6.42596e-05,0.000200999,0.00119928
2281,14,13.738,0,3.86954,4.61314,3.4734,287217,0.560899,3.25634,186694,0.582037,0.744699,0.0108848,11.366,5.20935,0.070732,25269.8,3.74018e+08,3.98745e+08,1.32177e+08,2.47265e+07,0.00727044,209,48656.5,753974,3.67655e-05,3.44857e-05,0.000104034,0.000556123
2300,14,13.7372,0,3.81797,4.6171,3.47738,401074,0.561131,3.25988,187280,0.525044,0.752376,0.00820229,14.5444,4.77119,0.0646129,27575.8,6.52492e+08,7.03716e+08,2.52922e+08,5.12238e+07,0.00502057,212,69107.9,1.01963e+06,2.10746e-05,1.95405e-05,5.43686e-05,0.000268449
2325,14,13.736,0,3.76637,4.62154,3.48186,539816,0.560663,3.258,187543,0.467918,0.759751,0.00638009,18.0657,4.40785,0.0594298,29880.8,1.0815e+09,1.18601e+09,4.6028e+08,1.04508e+08,0.00357455,218,97704,1.33359e+06,1.27147e-05,1.15943e-05,2.98753e-05,0.000131578
2354,14,13.7338,0,3.71493,4.62776,3.48815,709144,0.558947,3.24775,187471,0.411404,0.768414,0.00514797,22.0984,4.12038,0.0552857,32090.4,1.73879e+09,1.94766e+09,8.09754e+08,2.08874e+08,0.00263133,222,136602,1.71312e+06,7.90838e-06,7.06025e-06,1.69817e-05,6.58338e-05
2417,14,13.7229,0,3.76562,4.67567,3.5364,492399,0.535582,3.1141,186792,0.441039,0.823354,0.0072617,16.8796,4.77282,0.0622975,29171.2,1.09557e+09,1.19979e+09,4.58537e+08,1.04221e+08,0.00365964,223,86136.5,1.25453e+06,1.25515e-05,1.14612e-05,2.99888e-05,0.000131941
2442,14,13.7208,0,3.81607,4.68424,3.54504,368163,0.529483,3.08114,186771,0.489547,0.831011,0.00938551,13.6619,5.23438,0.0681578,26948.3,6.9087e+08,7.4321e+08,2.63101e+08,5.23404e+07,0.00503997,238,59810.4,958893,1.99039e-05,1.85022e-05,5.2265e-05,0.000262722
2462,14,13.7187,0,3.86776,4.68973,3.55059,266922,0.52405,3.05184,186618,0.541668,0.833693,0.0123856,10.7734,5.75901,0.0747434,24776.2,4.06127e+08,4.31532e+08,1.43399e+08,2.54052e+07,0.00714219,244,41168.2,707273,3.38589e-05,3.18655e-05,9.5893e-05,0.000541267
2479,14,13.7164,0,3.91914,4.69214,3.55308,190940,0.519548,3.02646,186046,0.596233,0.831498,0.0166367,8.3977,6.33481,0.0819987,22737.2,2.35969e+08,2.48245e+08,7.64387e+07,1.2276e+07,0.0103007,237,28439.6,521888,5.82744e-05,5.53927e-05,0.000179896,0.00112015
2496,14,13.7131,0,3.96957,4.69074,3.55179,136430,0.515953,3.00669,185704,0.652,0.823621,0.0223227,6.53384,6.94971,0.0898868,20880.5,1.31553e+08,1.3752e+08,4.03721e+07,5.96691e+06,0.0150126,220,19880.6,374159,0.000104528,9.99926e-05,0.000340606,0.00230454
2531,14,13.6712,0,3.91906,4.6888,3.55117,190666,0.520558,3.03139,185954,0.596878,0.829204,0.0166254,8.49803,6.4062,0.0848246,22436.5,2.33787e+08,2.46002e+08,7.59839e+07,1.22153e+07,0.0104578,280,28448.7,519555,5.88185e-05,5.58979e-05,0.000180972,0.00112572
2556,14,13.6164,0,3.86739,4.69387,3.55799,262765,0.520447,3.03245,186452,0.536932,0.842615,0.012612,10.7927,5.90501,0.0782085,24346.5,4.08358e+08,4.33643e+08,1.43149e+08,2.52852e+07,0.00725825,289,40231.2,704783,3.36739e-05,3.17104e-05,9.60605e-05,0.000543836
2581,14,13.5663,0,3.81647,4.69594,3.56165,354330,0.521473,3.03751,186357,0.480471,0.851177,0.00987693,13.4369,5.44025,0.0719172,26369.9,6.81127e+08,7.32592e+08,2.58928e+08,5.14655e+07,0.00518523,281,56939.1,932775,2.01886e-05,1.87703e-05,5.31074e-05,0.000267188
2609,14,13.525,0,3.76608,4.69536,3.5624,467179,0.522943,3.0461,186649,0.426598,0.85506,0.00782163,16.4226,5.02749,0.066289,28447.3,1.06593e+09,1.16747e+09,4.48588e+08,1.01532e+08,0.00380886,240,79825.4,1.19639e+06,1.29004e-05,1.17785e-05,3.0654e-05,0.000135434
2638,14,13.4946,0,3.71559,4.69206,3.56008,613775,0.525216,3.0591,187006,0.375674,0.854121,0.0062812,20.1366,4.66976,0.061293,30480.5,1.61512e+09,1.81407e+09,7.64355e+08,1.9895e+08,0.00287354,224,113016,1.50654e+06,8.51389e-06,7.58017e-06,1.79903e-05,6.91179e-05
2667,14,13.4763,0,3.66398,4.68507,3.55368,793405,0.528936,3.07818,186759,0.328666,0.846876,0.00513189,24.3976,4.34263,0.056925,32519.8,2.39358e+09,2.77946e+09,1.26983e+09,3.85879e+08,0.00220158,237,164392,1.89856e+06,5.74494e-06,4.94736e-06,1.0829e-05,3.56355e-05
2696,14,13.4663,0,3.61246,4.67045,3.53938,1.07457e+06,0.534817,3.11048,186969,0.288109,0.828025,0.004134,30.9219,4.01308,0.0526923,34751,3.53657e+09,4.29631e+09,2.16649e+09,7.59742e+08,0.00168957,256,264671,2.43726e+06,3.88823e-06,3.20065e-06,6.34713e-06,1.80995e-05
2779,14,13.453,0,3.56241,4.59851,3.46787,3.99908e+06,0.650334,3.8694,188021,0.310158,0.871222,0.00218753,121.216,3.17741,0.0602938,32991.4,1.22443e+10,1.33463e+10,5.38873e+09,1.10195e+09,0.00090447,418,1.22472e+06,9.59186e+06,1.12305e-06,1.03032e-06,2.5518e-06,1.24788e-05
917,15,14.9982,0.714658,4.49264,4.27395,3.09609,1585.7,0.682149,4.10431,184149,0.98266,0.393713,1.26228,0.035539,2.13565,0.0298695,44618.5,3512.79,4007.77,2104.43,494.986,0.956875,113,454.748,2507.15,3.91455,3.43108,6.53432,27.7805
1012,15,14.9909,0.664932,4.48361,4.30446,3.12681,1689.69,0.669697,3.98809,183445,0.981103,0.410608,1.18545,0.0434821,2.54821,0.0353795,38859.5,4679.81,5277.2,2632.77,597.393,0.967712,143,471.117,2780.58,2.93837,2.60574,5.223,23.0183
1090,15,14.9836,0.614967,4.4792,4.33591,3.15847,1760.26,0.655226,3.87085,183522,0.979706,0.428673,1.13934,0.0499115,2.93075,0.0403034,35267.7,5669.4,6340.03,3119.43,670.635,0.974418,141,471.218,2898.18,2.42548,2.16891,4.40817,20.5044
1159,15,14.9761,0.564248,4.47495,4.36707,3.18985,1806.64,0.641095,3.75715,183075,0.978297,0.447255,1.11094,0.0563575,3.35645,0.0457177,32056.8,6928.28,7681.93,3626.9,753.65,0.982056,143,471.988,3041.04,1.98476,1.79004,3.79139,18.2458
1221,15,14.9688,0.514944,4.47037,4.39649,3.21948,1864.56,0.627524,3.65199,182503,0.976785,0.465438,1.08348,0.0638625,3.82463,0.0515438,29196.5,8431.23,9272.95,4244.13,841.723,0.986925,156,470.416,3210.54,1.63096,1.48291,3.24,16.3367
1276,15,14.9613,0.464909,4.46497,4.42551,3.24872,1945.27,0.612702,3.55011,182524,0.975047,0.483962,1.03403,0.0730977,4.36304,0.0582039,26611.9,10415.2,11388.2,5067.83,972.913,0.981183,155,480.292,3363.8,1.32028,1.20748,2.71339,14.1338
1324,15,14.954,0.414598,4.45858,4.45372,3.27714,2017.91,0.599336,3.45334,181674,0.973179,0.502607,0.999506,0.0836847,4.98133,0.0657423,24113.2,13020.6,14142.4,6038.42,1121.76,0.97603,167,486.459,3603.11,1.05609,0.972324,2.27725,12.2584
1365,15,14.9468,0.364516,4.45113,4.48082,3.30445,2149.46,0.584956,3.36226,181531,0.970923,0.521115,0.940861,0.0980566,5.67624,0.074114,21920.6,16511.1,17837.8,7489.81,1326.72,0.95689,164,500.913,3858.13,0.832835,0.770891,1.83596,10.3646
1400,15,14.9401,0.314546,4.44244,4.50698,3.33081,2305.51,0.571505,3.27653,180990,0.96836,0.539601,0.884859,0.115824,6.45354,0.0832598,19905.3,22057.3,23670.2,9434.05,1612.87,0.931006,170,524.561,4223.59,0.62342,0.580941,1.45759,8.52581
1429,15,14.9338,0.264768,4.43237,4.53207,3.35608,2514.19,0.557197,3.19635,181100,0.965351,0.557937,0.809356,0.138171,7.29543,0.093258,18196.2,28808.2,30805.8,12225.1,1997.67,0.887371,174,554.169,4597.86,0.477329,0.446376,1.12482,6.88351
1454,15,14.9279,0.212965,4.42025,4.55717,3.38135,2788.86,0.54386,3.1192,180662,0.961682,0.577087,0.73733,0.16775,8.22536,0.104062,16625.1,40192,42742.8,16425.3,2550.75,0.832269,181,592.379,5193.59,0.342132,0.321715,0.837184,5.39095
1474,15,14.9206,0.164847,4.40727,4.57952,3.40391,3108.31,0.53201,3.05327,180292,0.957676,0.59501,0.665855,0.197964,8.93552,0.118414,15701.3,56476.5,59773.3,22126.7,3296.76,0.752835,184,640.282,5968.27,0.243481,0.230052,0.621467,4.17106
1586,15,14.8547,0.114739,4.39102,4.59929,3.42561,3600.88,0.520156,2.99417,180411,0.952381,0.613388,0.578004,0.249806,9.97965,0.12507,14414.7,83948.3,88516.7,31891.4,4568.43,0.680389,187,720.73,7049.64,0.163803,0.155349,0.431181,3.01
1679,15,14.7903,0.0644338,4.37377,4.61911,3.44731,4203.79,0.509044,2.93916,180395,0.946193,0.632971,0.499757,0.307153,10.7542,0.133999,13686.3,128519,134891,46658.1,6372.41,0.589977,190,810.128,8457.49,0.106996,0.101941,0.294718,2.1579
1747,15,14.7294,0.0149953,4.36593,4.6418,3.47179,4530.31,0.494919,2.87315,180589,0.941407,0.654638,0.467416,0.340914,11.3946,0.140542,13288.7,167920,175583,58871.4,7662.93,0.539299,192,844.282,9219.27,0.0818902,0.0783163,0.233577,1.79448
1842,15,14.7114,0.000985008,4.39365,4.66625,3.49677,3443.44,0.47714,2.78404,179736,0.946259,0.67189,0.610041,0.257247,11.7102,0.138515,13385.7,111357,116183,38567.9,4825.99,0.647562,199,631.47,6924.82,0.123486,0.118357,0.35654,2.84936
2219,15,14.7077,0,4.34286,4.71334,3.54398,5564.46,0.454541,2.69041,180502,0.925134,0.723851,0.392197,0.445386,13.0887,0.155079,12493.6,366010,378952,115154,12942.7,0.403589,192,930.956,12117.6,0.03757,0.0362868,0.119414,1.06245
2246,15,14.7066,0,4.29205,4.71532,3.54599,9043.27,0.463351,2.73508,181423,0.904963,0.739282,0.250865,0.707929,12.5944,0.15227,12774.3,962838,994324,283672,31486.6,0.256577,193,1443.37,21216.8,0.0142817,0.0138295,0.0484749,0.436725
2272,15,14.7059,0,4.24024,4.71691,3.5476,14807.1,0.473569,2.7873,182496,0.879732,0.756199,0.160411,1.1012,11.7371,0.144973,13446.3,2.43522e+06,2.51328e+06,696091,78064.6,0.158935,194,2273.47,36352,0.00564672,0.00547133,0.0197546,0.176149
2296,15,14.7054,0,4.18905,4.71275,3.54346,24024.8,0.486744,2.85422,183631,0.850894,0.766996,0.104074,1.66573,10.6684,0.134459,14423,5.8214e+06,6.0068e+06,1.62797e+06,185400,0.0993921,203,3540.95,61598.9,0.00236214,0.00228923,0.00844672,0.0741692
2322,15,14.705,0,4.1377,4.70505,3.53577,37891.5,0.501191,2.92688,184301,0.818434,0.772718,0.0689563,2.41793,9.54238,0.122288,15671.1,1.29291e+07,1.33639e+07,3.61303e+06,434745,0.0625263,213,5538.32,100932,0.00106357,0.00102897,0.00380595,0.03163
2347,15,14.7048,0,4.08639,4.69859,3.52932,59071.6,0.512963,2.99001,185329,0.780165,0.777745,0.0461425,3.45677,8.54426,0.111562,17088.7,2.77417e+07,2.87244e+07,7.89053e+06,982697,0.0396799,213,8422.34,159354,0.000495679,0.000478721,0.00174272,0.0139931
2366,15,14.7046,0,4.03432,4.70067,3.5314,88291.1,0.519486,3.02369,185389,0.733681,0.79029,0.0322491,4.7199,7.70093,0.101406,18706.1,5.84503e+07,6.06976e+07,1.67903e+07,2.24726e+06,0.0252177,213,12707.6,243786,0.000235259,0.000226549,0.000818985,0.00611899
2384,15,14.7041,0,3.98278,4.70524,3.53598,129133,0.52282,3.04298,185898,0.680619,0.803773,0.0230246,6.31358,6.99427,0.0925229,20453.2,1.15184e+08,1.20112e+08,3.45599e+07,4.92725e+06,0.016438,213,18628.6,355394,0.000119382,0.000114485,0.000397888,0.0027908
2401,15,14.7034,0,3.93164,4.70785,3.53861,182897,0.526003,3.06078,186196,0.625142,0.81338,0.0169194,8.19644,6.36818,0.0845281,22314.2,2.16188e+08,2.26617e+08,6.73429e+07,1.04286e+07,0.0110554,219,26976.1,504177,6.36066e-05,6.06795e-05,0.000204193,0.00131858
2418,15,14.7024,0,3.87962,4.71049,3.54128,257425,0.528261,3.07382,186516,0.56748,0.821879,0.0126176,10.5718,5.80789,0.0771674,24350.3,3.83222e+08,4.05413e+08,1.29865e+08,2.21902e+07,0.00754408,222,39288.1,689100,3.58825e-05,3.39185e-05,0.000105887,0.000619688
2436,15,14.7011,0,3.82941,4.71551,3.54633,348777,0.528563,3.07578,186627,0.511983,0.832034,0.00973572,13.2008,5.3493,0.0708958,26420.9,6.51382e+08,6.96577e+08,2.38282e+08,4.51947e+07,0.00530534,227,55314.1,922724,2.11105e-05,1.97408e-05,5.77089e-05,0.000304261
2461,15,14.6989,1.67916e-28,3.77786,4.72453,3.55542,465565,0.525982,3.06355,187152,0.452115,0.846254,0.00766862,16.3289,4.98415,0.0656185,28511.8,1.0537e+09,1.14621e+09,4.30112e+08,9.25102e+07,0.00382123,231,77758.8,1.19161e+06,1.30502e-05,1.19969e-05,3.19707e-05,0.000148643
2517,15,14.6874,0,3.82996,4.76834,3.59958,318035,0.502192,2.93799,185934,0.485365,0.898426,0.0110721,12.3109,5.77694,0.0737307,25833.6,6.52704e+08,6.97642e+08,2.38562e+08,4.49375e+07,0.00540571,251,48604.1,854541,2.10677e-05,1.97107e-05,5.76412e-05,0.000306003
2536,15,14.6846,0,3.8805,4.77584,3.60715,232508,0.495162,2.90285,185753,0.534911,0.903295,0.0145838,9.77626,6.36366,0.0808128,23783,3.97977e+08,4.20051e+08,1.33167e+08,2.20734e+07,0.00758508,252,33368.6,639589,3.45522e-05,3.27365e-05,0.000103261,0.000622966
2553,15,14.682,0,3.93271,4.78049,3.61188,166947,0.488566,2.87028,185527,0.589925,0.902937,0.0195008,7.64693,7.02295,0.0887838,21831.8,2.33278e+08,2.44003e+08,7.19355e+07,1.07245e+07,0.0108872,245,23041.6,470668,5.89467e-05,5.63558e-05,0.000191157,0.0012822
2570,15,14.679,0,3.98529,4.7826,3.61408,117051,0.482231,2.8388,185097,0.647365,0.897568,0.0265587,5.85193,7.76035,0.0976454,20002.1,1.29904e+08,1.34927e+08,3.74159e+07,5.0228e+06,0.0159671,234,15591.3,335722,0.000105855,0.000101914,0.000367518,0.00273771
2589,15,14.6749,0,4.03658,4.78101,3.61262,82541.5,0.476047,2.81082,185419,0.700899,0.885729,0.0360548,4.50208,8.56749,0.107444,18334.1,6.8616e+07,7.09733e+07,1.92717e+07,2.35734e+06,0.0238535,229,10738.2,232277,0.000200405,0.000193749,0.000713534,0.00583326
2620,15,14.6313,0,3.98582,4.78431,3.6172,116088,0.480457,2.83046,185099,0.646058,0.901387,0.0267953,5.90304,7.92008,0.101708,19665.9,1.2955e+08,1.34609e+08,3.7253e+07,5.05914e+06,0.0162639,284,15620.6,333179,0.000106144,0.000102155,0.000369124,0.00271805
2647,15,14.557,0,3.93438,4.79213,3.62724,161154,0.480243,2.83021,185340,0.582865,0.922374,0.0203778,7.58182,7.33084,0.0942519,21255.3,2.29392e+08,2.39826e+08,7.10637e+07,1.04339e+07,0.011228,297,21803.7,455458,5.99453e-05,5.73373e-05,0.000193502,0.00131791
2672,15,14.4867,0,3.88229,4.7965,3.63371,219123,0.480981,2.83428,185544,0.521037,0.937563,0.0157056,9.5364,6.77173,0.0871028,22977.5,3.90798e+08,4.12409e+08,1.30563e+08,2.16109e+07,0.00791189,300,31003,611945,3.51869e-05,3.33431e-05,0.000105321,0.000636298
2696,15,14.4248,0,3.83213,4.79813,3.6372,293114,0.482334,2.84136,185796,0.464947,0.947503,0.0123509,11.8224,6.2595,0.0804719,24793.1,6.35309e+08,6.78417e+08,2.31009e+08,4.3107e+07,0.00574036,295,43367.2,797373,2.16445e-05,2.02692e-05,5.95258e-05,0.000318996
2723,15,14.3721,0,3.78086,4.79765,3.63831,385861,0.48408,2.85073,186228,0.410226,0.953051,0.00979117,14.428,5.78334,0.0741647,26743.9,9.78849e+08,1.06393e+09,3.98368e+08,8.50852e+07,0.0042329,262,60528.5,1.01632e+06,1.40481e-05,1.29247e-05,3.45183e-05,0.000161614
2753,15,14.3316,0,3.72934,4.79517,3.63706,498826,0.486674,2.86249,185978,0.359167,0.954224,0.007995,17.4435,5.38143,0.0686788,28596.7,1.46591e+09,1.63493e+09,6.68517e+08,1.69019e+08,0.00321379,231,86264.8,1.27991e+06,9.38053e-06,8.41077e-06,2.05694e-05,8.13575e-05
2783,15,14.3051,0,3.67851,4.79025,3.63294,638344,0.489811,2.87704,185792,0.312834,0.950023,0.00662873,21.0006,5.03185,0.0640138,30396.5,2.11872e+09,2.43944e+09,1.09351e+09,3.20718e+08,0.00250413,246,121505,1.58508e+06,6.49024e-06,5.63695e-06,1.25751e-05,4.28756e-05
2812,15,14.2898,0,3.62738,4.78086,3.62402,827717,0.493866,2.89781,186209,0.270498,0.937415,0.00548042,25.6968,4.71068,0.0599529,32210.9,2.98745e+09,3.59236e+09,1.77451e+09,6.04907e+08,0.00198411,269,182566,1.94969e+06,4.60292e-06,3.82785e-06,7.74916e-06,2.27324e-05
2857,15,14.2774,0,3.57723,4.74888,3.59241,1.36979e+06,0.506673,2.96221,186575,0.249545,0.890185,0.00401796,38.8225,4.19166,0.0535495,35283.3,5.26736e+09,6.55489e+09,3.62328e+09,1.28752e+09,0.00137558,338,411709,2.90684e+06,2.6106e-06,2.09782e-06,3.79518e-06,1.06802e-05
925,16,15.9978,0.714967,4.50496,4.35398,3.1481,1381.49,0.660488,3.90869,183156,0.98295,0.422651,1.44788,0.0312666,2.30362,0.031762,44184.1,3437.54,3857.24,1879.95,419.703,0.99785,121,381.219,2291.77,4.00024,3.56498,7.31457,32.7636
1050,16,15.9878,0.664877,4.49573,4.38459,3.17898,1486.33,0.646966,3.79586,182599,0.981333,0.440702,1.35269,0.0387335,2.75809,0.0376555,38373.2,4616.79,5127.17,2393.58,510.379,1.00747,153,396.04,2532.38,2.97847,2.68198,5.74495,26.9427
1156,16,15.9776,0.614585,4.49125,4.41604,3.21071,1543.7,0.631885,3.68243,182446,0.979935,0.459934,1.30666,0.044454,3.17799,0.042974,34725.7,5538.13,6120.93,2838.08,582.801,1.01506,152,400.881,2614.23,2.48296,2.24655,4.84518,23.5946
1248,16,15.9674,0.564883,4.48704,4.44637,3.24132,1586.31,0.61716,3.57512,182067,0.978531,0.479133,1.27235,0.0502295,3.6342,0.0486048,31581.3,6802.19,7443.43,3310.19,641.237,1.02138,159,394.027,2743.71,2.02155,1.8474,4.15413,21.4445
1330,16,15.9569,0.514537,4.48227,4.4762,3.27143,1644.12,0.601897,3.47163,181842,0.976946,0.498669,1.22849,0.0572299,4.15438,0.0550082,28728.3,8367.06,9090.93,3921.45,723.87,1.02136,157,394.519,2909.42,1.64347,1.51261,3.50661,18.9965
1400,16,15.9466,0.464958,4.47681,4.50474,3.30026,1703.53,0.58744,3.37455,181272,0.975242,0.51799,1.18896,0.0653872,4.74733,0.0621329,26053,10283.1,11118.3,4655.32,835.199,1.02037,155,401.407,3055.66,1.33724,1.23679,2.95382,16.4643
1463,16,15.9363,0.414402,4.47025,4.53288,3.32867,1791.12,0.572344,3.28079,180934,0.973235,0.537654,1.13338,0.0759715,5.43801,0.0703509,23576.3,12916.6,13887.5,5678.24,970.901,1.01016,161,407.969,3239.74,1.0646,0.990169,2.4217,14.1631
1516,16,15.9263,0.364482,4.46265,4.55971,3.35577,1886.66,0.558263,3.19326,180253,0.971031,0.557004,1.07967,0.0885534,6.2158,0.0795467,21305.3,16823.1,17972.5,6969.29,1149.37,0.994746,179,419.161,3514.64,0.817387,0.765114,1.97308,11.964
1560,16,15.9168,0.314186,4.45367,4.58587,3.38219,2026.9,0.543607,3.10997,179913,0.96839,0.576499,1.00796,0.105092,7.09414,0.0896745,19286.8,21896.5,23307,8853.6,1410.47,0.964769,174,440.502,3804.4,0.628,0.589995,1.55315,9.74922
1596,16,15.9079,0.26439,4.44332,4.61081,3.40738,2192.63,0.529471,3.03266,179564,0.965391,0.595736,0.930113,0.125069,8.0462,0.100504,17531.4,29508.2,31251.3,11412,1743.03,0.921773,174,462.486,4206.47,0.466005,0.440014,1.20496,7.88912
1626,16,15.8998,0.21414,4.43123,4.63504,3.43183,2434.71,0.515332,2.96035,179411,0.96171,0.615206,0.841668,0.151856,9.06254,0.111924,16033,40796.5,43062.3,15379.7,2265.83,0.861769,183,501.955,4714.39,0.337063,0.319328,0.894099,6.06887
1651,16,15.8925,0.163431,4.41715,4.65864,3.45563,2790.43,0.501088,2.89336,179586,0.957103,0.635154,0.743191,0.188297,10.0929,0.123303,14819.3,60741.4,63750.9,21866.4,3009.46,0.782751,188,548.266,5469.63,0.226386,0.215699,0.628865,4.56925
1700,16,15.8587,0.114988,4.40149,4.67924,3.47715,3231.39,0.488306,2.83669,179933,0.951795,0.654355,0.644943,0.232498,11.0372,0.134621,13898.6,88353,92452.7,31533.9,4099.66,0.693541,187,609.134,6391.87,0.155637,0.148735,0.43607,3.35418
1813,16,15.7744,0.0645565,4.38322,4.69858,3.49881,3787.71,0.477581,2.78475,179589,0.945246,0.675215,0.557391,0.287521,11.8887,0.144095,13173.7,138262,144156,46819.1,5894.22,0.596728,200,696.443,7763.16,0.0994562,0.0953896,0.293705,2.33296
1898,16,15.6944,0.0146466,4.37414,4.72089,3.52332,4142.03,0.462744,2.72199,179957,0.939823,0.69832,0.513844,0.324108,12.6031,0.151111,12779.8,186651,193866,61002,7214.41,0.537874,210,728.749,8633.27,0.0736721,0.0709305,0.225419,1.90604
1997,16,15.6717,0.000976986,4.40133,4.74405,3.54712,3151.67,0.445438,2.63804,178767,0.944718,0.714901,0.673045,0.2467,13.0136,0.149386,12775.3,124637,129257,40229.5,4619.6,0.64771,211,551.117,6529.05,0.110328,0.106385,0.341814,2.97666
2356,16,15.6679,0,4.35073,4.79442,3.59759,5078.3,0.420248,2.54154,179652,0.922271,0.773635,0.433385,0.424032,14.5125,0.166554,11976.2,418693,431027,122223,12334.8,0.39747,219,797.045,11307.9,0.0328427,0.0319028,0.112507,1.11482
2384,16,15.6664,0,4.29897,4.80199,3.6052,8420.51,0.426132,2.57428,181046,0.899554,0.797446,0.273142,0.682778,13.95,0.163365,12332.7,1.13534e+06,1.16642e+06,315932,31081.5,0.246505,224,1244.6,20153.2,0.0121118,0.011789,0.0435251,0.442417
2409,16,15.6654,0,4.24887,4.80308,3.60632,13476.7,0.438015,2.6269,181622,0.874384,0.815859,0.179655,1.03563,12.947,0.15512,13013,2.75865e+06,2.83283e+06,738915,74178.4,0.155999,225,1920.7,34315,0.00498467,0.00485415,0.0186097,0.185377
2436,16,15.6647,0,4.19762,4.80073,3.60398,21821.1,0.450926,2.68955,183131,0.844107,0.830831,0.11585,1.55547,11.7337,0.143298,14028.7,6.50025e+06,6.67706e+06,1.71925e+06,176807,0.0971344,229,2987.14,57498.8,0.00211546,0.00205944,0.00799825,0.0777739
2465,16,15.6641,6.38927e-28,4.14529,4.80178,3.60505,34585.6,0.462134,2.74105,183609,0.807015,0.848825,0.0773587,2.27578,10.6103,0.132408,15197.3,1.50059e+07,1.543e+07,3.93064e+06,424045,0.0605096,230,4624.16,94821.2,0.00091637,0.000891186,0.00349841,0.0324281
2484,16,15.6636,0,4.09526,4.8163,3.61959,52203.7,0.463599,2.74997,184217,0.76053,0.880568,0.0541338,3.16929,9.76272,0.122696,16471.7,3.28132e+07,3.37828e+07,8.67536e+06,969666,0.0382357,229,6750.43,147660,0.000419069,0.00040704,0.00158506,0.0141812
2506,16,15.6622,0,4.04471,4.84049,3.64382,76236.6,0.45829,2.72806,184792,0.702169,0.923683,0.0393091,4.2677,9.09114,0.113609,17863.6,6.92532e+07,7.14457e+07,1.87709e+07,2.19245e+06,0.0244339,230,9561.43,219147,0.000198561,0.000192468,0.00073257,0.00627198
2595,16,15.5257,0,3.9933,4.88146,3.68859,104075,0.440224,2.64881,184774,0.624144,0.994246,0.0309996,5.51842,8.89826,0.110564,18859.5,1.41065e+08,1.45914e+08,3.92562e+07,4.84939e+06,0.0163324,300,12640.9,304786,9.74798e-05,9.42401e-05,0.000350288,0.00283561
2620,16,15.4441,0,3.94222,4.88623,3.69565,141720,0.442202,2.65702,184651,0.561954,1.01365,0.0239611,6.9698,8.22406,0.102422,20333.4,2.40125e+08,2.50029e+08,7.19133e+07,9.90412e+06,0.0114997,315,17729.6,411955,5.7266e-05,5.49976e-05,0.000191216,0.00138841
2643,16,15.3728,0,3.89109,4.88819,3.69962,190183,0.444555,2.66787,184899,0.501336,1.02714,0.0186855,8.68314,7.60266,0.0947973,21902.6,3.91729e+08,4.11503e+08,1.27324e+08,1.97745e+07,0.00829143,322,24797.6,544677,3.51033e-05,3.34165e-05,0.000108,0.000695389
2666,16,15.3096,0,3.83981,4.88827,3.70148,253194,0.447395,2.68026,184906,0.445178,1.03635,0.0147744,10.7207,7.01464,0.087522,23617.3,6.27206e+08,6.67019e+08,2.22645e+08,3.98132e+07,0.00605435,320,35041.4,706933,2.19242e-05,2.06156e-05,6.17619e-05,0.000345388
2691,16,15.2573,0,3.78887,4.8869,3.70161,331111,0.449979,2.69287,185431,0.392048,1.04152,0.0117654,13.0241,6.48596,0.0807815,25422.9,9.58218e+08,1.03663e+09,3.77134e+08,7.84127e+07,0.00451706,286,49155.6,902933,1.43506e-05,1.32651e-05,3.64618e-05,0.000175367
2720,16,15.2158,0,3.73762,4.8842,3.70009,429215,0.452802,2.70599,185729,0.341524,1.04295,0.00960082,15.8097,6.04248,0.0749801,27148.7,1.40295e+09,1.55497e+09,6.27002e+08,1.52025e+08,0.00347382,249,68577.8,1.12495e+06,9.80151e-06,8.84325e-06,2.19313e-05,9.04522e-05
2750,16,15.186,0,3.68687,4.87972,3.69645,543595,0.456163,2.7202,185400,0.296646,1.03968,0.008038,18.8766,5.66158,0.0700403,28797.3,1.98568e+09,2.27663e+09,1.01177e+09,2.90952e+08,0.0027332,269,97122.4,1.37856e+06,6.92509e-06,6.04006e-06,1.3591e-05,4.7262e-05
2779,16,15.1671,0,3.63661,4.87209,3.68937,694923,0.459766,2.73746,185900,0.255171,1.02934,0.00675544,22.8682,5.32964,0.0659524,30388.2,2.73245e+09,3.26994e+09,1.60493e+09,5.37488e+08,0.00221106,295,142149,1.67717e+06,5.03248e-06,4.20528e-06,8.56799e-06,2.55838e-05
2818,16,15.1519,0,3.5858,4.85172,3.66943,997325,0.467836,2.77397,185836,0.226167,0.99595,0.00539182,30.5967,4.89445,0.0607117,32595.9,4.12529e+09,5.22909e+09,2.87803e+09,1.1038e+09,0.00167374,325,269081,2.21817e+06,3.33334e-06,2.62971e-06,4.77791e-06,1.24579e-05
3061,16,14.4313,0,3.53573,4.82226,3.66113,6.25873e+06,0.649923,3.90085,188248,0.220221,1.3744,0.00342893,235.568,3.95016,0.0743769,26568.7,1.3076e+10,1.48526e+10,6.26444e+09,1.77653e+09,0.000858384,551,2.20352e+06,1.5826e+07,1.05162e-06,9.25833e-07,2.19509e-06,7.74034e-06
934,17,16.9973,0.714979,4.51611,4.42808,3.19588,1239.77,0.638441,3.73494,182856,0.983104,0.450829,1.6159,0.0283175,2.47578,0.0336376,43781.2,3370.84,3727.37,1746.78,356.538,1.03048,132,319.539,2096.2,4.0794,3.68919,7.87218,38.5681
1096,17,16.9839,0.664869,4.50681,4.45855,3.22669,1324.38,0.624461,3.62577,182098,0.98151,0.469833,1.51617,0.0349386,2.97009,0.0398704,37905.9,4519.53,4962.55,2211.96,443.025,1.04155,150,337.458,2302.24,3.04257,2.77095,6.21664,31.0389
1233,17,16.9704,0.614993,4.50232,4.4895,3.25799,1376.74,0.608277,3.51703,182189,0.980105,0.4898,1.45562,0.0400888,3.41955,0.0454777,34342.4,5477.05,5971.23,2633.46,494.175,1.04528,161,334.216,2405.53,2.51065,2.30287,5.22164,27.8262
1353,17,16.9565,0.564716,4.49799,4.51993,3.28877,1404.86,0.593715,3.41235,181189,0.97871,0.510125,1.4378,0.0452653,3.92449,0.0515653,31036.2,6697.48,7257.98,3058.99,560.507,1.05688,161,336.118,2526.75,2.05316,1.8946,4.49527,24.5331
1459,17,16.9426,0.514735,4.49317,4.54929,3.31849,1456.58,0.578186,3.31326,180773,0.977113,0.53039,1.39418,0.0517653,4.49414,0.0584007,28138.1,8195.51,8829.88,3637.49,634.368,1.05873,159,336.673,2620.44,1.67787,1.55732,3.78035,21.6767
1549,17,16.9285,0.464447,4.4875,4.57798,3.34755,1511.89,0.562366,3.21821,180434,0.975348,0.55082,1.33931,0.0594231,5.15664,0.0662366,25442.8,10364.1,11093,4355.01,728.888,1.05466,163,339.824,2784.22,1.32679,1.23961,3.15751,18.8657
1625,17,16.9148,0.414899,4.48092,4.60532,3.37523,1599.34,0.546749,3.1295,180166,0.973292,0.570898,1.27441,0.0695956,5.91291,0.0750621,22980.4,13136,13984.1,5368.02,848.161,1.04423,166,345.414,2964.71,1.04682,0.983329,2.56165,16.2127
1691,17,16.9012,0.364739,4.4731,4.63205,3.40232,1686.52,0.531648,3.04446,179626,0.971023,0.591119,1.20761,0.0815234,6.78712,0.0849769,20687.5,16671.5,17685.1,6634.93,1013.59,1.02679,168,356.415,3153.54,0.824821,0.777547,2.07252,13.5666
1747,17,16.8883,0.314572,4.46392,4.65794,3.42853,1831.31,0.515531,2.96402,179674,0.968228,0.611315,1.11481,0.0980304,7.77472,0.0961006,18681.1,22185.8,23424.3,8600.32,1238.47,0.992132,174,371.903,3447.48,0.61981,0.58704,1.59889,11.1032
1793,17,16.8762,0.26488,4.45332,4.68265,3.45356,1987.03,0.501334,2.88952,179084,0.96512,0.631292,1.03278,0.117504,8.84055,0.107857,16910.3,30260.4,31821.9,11192,1561.51,0.948477,182,395.811,3828.74,0.454422,0.432123,1.22864,8.80622
1831,17,16.8649,0.2136,4.44061,4.7072,3.4784,2214.04,0.486565,2.81819,178818,0.961226,0.651955,0.932333,0.143788,9.99639,0.120422,15397.9,42863,44899.2,15304.1,2036.28,0.882799,192,427.43,4332.3,0.320813,0.306263,0.898519,6.75299
1860,17,16.8552,0.164132,4.42642,4.73011,3.50156,2528.7,0.471991,2.75501,179060,0.956571,0.672254,0.821052,0.17748,11.11,0.132341,14247.8,62441.1,65162.7,21724.6,2721.58,0.798401,194,468.664,5006.65,0.220223,0.211025,0.632968,5.05258
1884,17,16.8468,0.113795,4.41004,4.75268,3.52434,2926.31,0.45896,2.69715,178957,0.950974,0.693585,0.716301,0.219422,12.1621,0.143308,13336.4,93886.7,97684.6,31708.8,3797.88,0.702138,194,525.92,5893.38,0.146464,0.140769,0.433665,3.6207
1985,17,16.7572,0.064911,4.39156,4.77132,3.5453,3503.57,0.446689,2.64938,179499,0.943937,0.714974,0.604927,0.276062,13.0703,0.154163,12691.2,149682,155190,48653.2,5507.51,0.597282,203,604.626,7264.72,0.0918677,0.0886075,0.282633,2.49677
2090,17,16.6545,0.0144937,4.38101,4.79315,3.5698,3831.84,0.433185,2.59006,179106,0.938049,0.739528,0.561349,0.312361,13.8519,0.161468,12267.4,206518,213504,64149.7,6986.47,0.534273,216,644.412,8101.45,0.066585,0.0644062,0.214358,1.96823
2191,17,16.626,0.000994349,4.40754,4.81499,3.59238,2960.9,0.414312,2.51075,178692,0.942749,0.755143,0.71698,0.242357,14.3721,0.159922,12217.1,142739,147231,43503.3,4491.9,0.637683,216,487.2,6179.34,0.0963367,0.0933975,0.316091,3.06128
2553,17,16.6229,0,4.3561,4.87212,3.64959,4819.57,0.385715,2.40409,179275,0.917631,0.82488,0.464363,0.421047,16.0884,0.178475,11446.6,508523,520950,139811,12427.1,0.381611,230,702.134,11008.1,0.027041,0.026396,0.098354,1.10654
2580,17,16.6212,4.54827e-35,4.30425,4.86974,3.64726,7990.96,0.399111,2.46355,180602,0.895902,0.840758,0.292321,0.667241,15.0418,0.17162,11976.1,1.29061e+06,1.32126e+06,343844,30651.9,0.239759,231,1110.28,19412.7,0.0106547,0.0104075,0.0399919,0.448617
2605,17,16.6202,0,4.25326,4.86954,3.64708,12956.4,0.412306,2.52102,181605,0.869687,0.860013,0.189184,1.01811,13.8446,0.162183,12726,3.1481e+06,3.22261e+06,810944,74511.5,0.150488,229,1738.97,33477,0.00436803,0.00426703,0.0169568,0.184549
2629,17,16.6195,0,4.20298,4.86687,3.64443,20543.6,0.426769,2.58358,182366,0.83978,0.875993,0.1253,1.49876,12.5373,0.150073,13707.1,7.18305e+06,7.35635e+06,1.81426e+06,173295,0.0953837,229,2667.71,55836.5,0.00191437,0.00186927,0.00757938,0.07935
2660,17,16.6189,0,4.15105,4.86278,3.64036,32501.5,0.441273,2.6478,183112,0.804116,0.88939,0.0831719,2.18156,11.2431,0.137752,14898.3,1.59881e+07,1.63977e+07,4.03085e+06,409521,0.0601115,231,4153.75,91678.1,0.000860074,0.000838595,0.00341143,0.0335782
2680,17,16.6185,0,4.09848,4.86492,3.64251,50631.5,0.450507,2.69101,183975,0.759668,0.908387,0.0562174,3.10934,10.1165,0.12575,16283.7,3.49123e+07,3.58717e+07,8.94853e+06,959384,0.0377543,229,6325.89,145739,0.000393872,0.000383338,0.00153668,0.0143331
2699,17,16.6181,0,4.04582,4.87384,3.65144,75688.1,0.454438,2.70976,184410,0.706372,0.933724,0.0396091,4.25741,9.19989,0.11515,17778,7.24138e+07,7.46124e+07,1.91751e+07,2.19865e+06,0.0241007,228,9358.95,221020,0.000189895,0.000184299,0.000717127,0.00625429
2717,17,16.6171,0,3.99471,4.8864,3.66402,108392,0.454359,2.71091,184910,0.64657,0.961583,0.0291693,5.61679,8.47656,0.106287,19297.8,1.38967e+08,1.43757e+08,3.86675e+07,4.79059e+06,0.0160307,232,13407.8,317453,9.89516e-05,9.56541e-05,0.000355621,0.00287041
2766,17,16.604,0,4.04739,4.92884,3.7068,70409.9,0.422733,2.57195,183725,0.681408,1.00674,0.0439172,4.03236,9.91112,0.118269,17461.2,8.11625e+07,8.34566e+07,2.08598e+07,2.29408e+06,0.0232682,247,8274.03,211335,0.000169425,0.000164768,0.000659209,0.00599411
2786,17,16.6006,0,4.09871,4.93124,3.70929,47806.9,0.411956,2.52653,183341,0.73092,0.994644,0.0618091,2.99408,11.0409,0.130213,15967.2,4.25355e+07,4.35917e+07,1.04844e+07,1.05618e+06,0.0350937,246,5589.68,141663,0.000323282,0.00031545,0.00131156,0.0130195
2842,17,16.4936,0,4.04721,4.94751,3.72838,69170.8,0.409839,2.51948,183863,0.668835,1.03643,0.045352,4.06094,10.3871,0.124952,17033.2,8.4268e+07,8.65978e+07,2.18993e+07,2.32982e+06,0.0232923,315,7826.08,205695,0.000163182,0.000158791,0.000627918,0.00590218
2868,17,16.4138,0,3.99598,4.95534,3.73831,97606.9,0.411478,2.52729,184311,0.605957,1.0637,0.0340941,5.3256,9.62657,0.116525,18327.9,1.54596e+08,1.59594e+08,4.23539e+07,4.99882e+06,0.0160572,319,11214.5,289272,8.89481e-05,8.61621e-05,0.000324669,0.00275085
2892,17,16.3272,0,3.94534,4.95804,3.74331,132274,0.414658,2.54051,184404,0.54426,1.08162,0.0264474,6.70107,8.88996,0.107897,19739.3,2.55382e+08,2.65355e+08,7.58821e+07,9.97241e+06,0.0114748,331,15569.5,387362,5.38447e-05,5.18211e-05,0.000181215,0.0013789
2914,17,16.2544,0,3.89463,4.95867,3.74587,176455,0.417933,2.55479,184762,0.484248,1.09416,0.0207618,8.31507,8.2229,0.10006,21221.1,4.11817e+08,4.31368e+08,1.31496e+08,1.95519e+07,0.00839929,338,21634.8,509455,3.3391e-05,3.18776e-05,0.000104574,0.000703308
2936,17,16.1901,0,3.84398,4.95796,3.74689,231907,0.42145,2.56937,184759,0.429579,1.10298,0.0165469,10.1609,7.59944,0.0925694,22823.4,6.32287e+08,6.71061e+08,2.24076e+08,3.87739e+07,0.00621616,335,30424.2,654498,2.1748e-05,2.04914e-05,6.13674e-05,0.000354645
2960,17,16.1359,0,3.79334,4.95626,3.74664,302174,0.424577,2.58324,185155,0.377429,1.1083,0.0133173,12.3221,7.03452,0.085612,24523,9.44591e+08,1.02036e+09,3.74771e+08,7.57704e+07,0.00469331,299,42547.7,826024,1.45576e-05,1.34766e-05,3.66917e-05,0.000181482
2988,17,16.0926,0,3.74321,4.95359,3.74514,382944,0.427847,2.59648,184919,0.329687,1.11013,0.0110626,14.6671,6.56965,0.0796807,26109.1,1.36037e+09,1.50412e+09,6.04262e+08,1.43755e+08,0.00365267,263,58563.5,1.02072e+06,1.01083e-05,9.14219e-06,2.27567e-05,9.56555e-05
3018,17,16.0595,0,3.69263,4.94942,3.74187,484949,0.431001,2.61028,185146,0.28537,1.10765,0.00921491,17.5285,6.16568,0.0745492,27666.3,1.9197e+09,2.19558e+09,9.70041e+08,2.75884e+08,0.00289315,272,83062.9,1.24719e+06,7.16309e-06,6.26302e-06,1.41757e-05,4.98434e-05
3048,17,16.0372,0,3.64181,4.94249,3.73554,617437,0.434484,2.62619,185715,0.244142,1.09828,0.00777586,21.1725,5.8136,0.0702941,29162.2,2.59795e+09,3.11102e+09,1.53339e+09,5.13063e+08,0.00235488,297,121520,1.50133e+06,5.29301e-06,4.42009e-06,8.96771e-06,2.68018e-05
3085,17,16.0198,0,3.59156,4.92652,3.72005,841063,0.440932,2.65402,185756,0.213154,1.07078,0.00641429,27.1424,5.40885,0.0655246,30987,3.72258e+09,4.7222e+09,2.58889e+09,9.99622e+08,0.00185652,342,210786,1.91123e+06,3.69394e-06,2.91199e-06,5.31154e-06,1.37562e-05
3248,17,15.9465,0,3.54147,4.88403,3.67954,3.96101e+06,0.589576,3.44312,187642,0.222598,1.26531,0.00355501,135.885,4.22104,0.0738333,29149.7,1.21067e+10,1.38516e+10,6.13432e+09,1.7449e+09,0.000933654,493,1.32888e+06,9.82314e+06,1.13581e-06,9.92735e-07,2.24165e-06,7.88066e-06
941,18,17.9967,0.71497,4.52637,4.49685,3.23984,1119.12,0.617212,3.57967,182438,0.983241,0.478111,1.79379,0.0258259,2.64826,0.0354661,43333.1,3387.88,3702.53,1635.39,314.655,1.06051,136,276.819,1948.06,4.05888,3.71394,8.40839,43.7017
1145,18,17.9793,0.664802,4.51699,4.52717,3.27058,1186.75,0.602939,3.47372,181438,0.981671,0.497993,1.69202,0.0317188,3.18152,0.0421303,37414.7,4501.76,4886.6,2058.52,384.835,1.07291,159,287.625,2114.56,3.05458,2.81402,6.68004,35.7321
1317,18,17.9617,0.614942,4.51244,4.55784,3.30167,1237.45,0.586312,3.36876,181371,0.980234,0.518788,1.63008,0.0366565,3.67381,0.0480292,33758.1,5502.27,5938.31,2470.13,436.042,1.07906,163,288.156,2220.15,2.49915,2.31564,5.56692,31.5359
1471,18,17.9436,0.564672,4.50803,4.58797,3.33224,1257.27,0.571027,3.26747,180428,0.978847,0.539881,1.6068,0.0413329,4.22785,0.0545966,30418,6743.49,7237.8,2862.95,494.31,1.09104,172,288.978,2310.95,2.03915,1.89989,4.80308,27.8185
1609,18,17.9254,0.514777,4.50311,4.61699,3.3617,1308.33,0.554688,3.17186,180103,0.977204,0.560869,1.55338,0.0476142,4.85852,0.0618659,27477.7,8328.84,8889.4,3434.95,560.557,1.09327,175,289.27,2418.13,1.65101,1.5469,4.00325,24.5309
1729,18,17.9071,0.464878,4.49736,4.64517,3.39033,1362.72,0.538542,3.08064,179671,0.975396,0.581858,1.49476,0.0550836,5.592,0.0703588,24739.2,10427.4,11070.8,4145.89,643.475,1.09139,179,291.193,2545.14,1.31874,1.24209,3.31677,21.3699
1833,18,17.8889,0.414987,4.49058,4.67242,3.41802,1439.53,0.521998,2.99409,179482,0.973298,0.60274,1.41706,0.0647033,6.44102,0.0799186,22248.3,13130.7,13890.4,5129.51,759.746,1.07979,182,298.603,2716.92,1.04724,0.989963,2.68076,18.0995
1921,18,17.8711,0.364763,4.48255,4.69892,3.44495,1532.21,0.50596,2.91163,179094,0.970895,0.623641,1.33551,0.0767456,7.41855,0.0908111,19964.7,17148.9,18058.8,6456.96,909.932,1.0597,189,307.625,2898.85,0.80186,0.761456,2.12964,15.1121
1994,18,17.8538,0.314271,4.47306,4.72472,3.47117,1651.42,0.490166,2.83322,178676,0.968079,0.644609,1.24388,0.0921298,8.52694,0.10286,17924.9,22694.8,23818.5,8335.45,1123.71,1.02623,186,322.477,3176.24,0.605908,0.577323,1.6497,12.2371
2052,18,17.8379,0.264411,4.46211,4.74928,3.49612,1807,0.474349,2.76066,178560,0.964787,0.665243,1.13547,0.111453,9.71971,0.115799,16213,31685.1,33114.1,11048.2,1429.02,0.973459,191,344.149,3529.27,0.433989,0.41526,1.24464,9.62266
2097,18,17.8233,0.214591,4.44938,4.77296,3.52015,2022.49,0.459625,2.69357,178268,0.960799,0.68601,1.02578,0.136863,10.9627,0.128936,14777.4,44223.5,46090.6,15235.7,1867.09,0.90416,198,372.129,3989.21,0.310943,0.298347,0.90255,7.36491
2133,18,17.81,0.16353,4.43424,4.79646,3.54398,2304.05,0.444973,2.63061,178161,0.955907,0.707757,0.903847,0.16926,12.2235,0.141795,13612.5,65864.1,68420.9,21805.9,2556.82,0.812366,193,412.249,4608.65,0.208778,0.200976,0.630608,5.37815
2160,18,17.7991,0.114836,4.41779,4.81819,3.56597,2670.75,0.432043,2.5769,178106,0.95019,0.729316,0.787269,0.208969,13.3225,0.15287,12780.6,101616,105184,31955.7,3567.81,0.711045,198,462.286,5508.33,0.135323,0.130733,0.430314,3.85418
2226,18,17.7366,0.0648451,4.39871,4.83838,3.58769,3210.76,0.419656,2.52949,178385,0.942771,0.752614,0.666123,0.264037,14.3075,0.164061,12160.3,163899,169109,49839.5,5210.49,0.600247,214,530.057,6803.69,0.0838991,0.0813141,0.275905,2.6391
2349,18,17.6098,0.0148479,4.38663,4.85926,3.61168,3594.46,0.40548,2.47475,178521,0.936052,0.778146,0.602503,0.305134,15.1302,0.171751,11779.9,237755,244535,68611.6,6780.26,0.526329,227,570.996,7808.91,0.0578368,0.0562331,0.200418,2.02809
2453,18,17.5752,0.000989558,4.4129,4.88046,3.63374,2781.08,0.386619,2.39785,177915,0.940762,0.793256,0.771428,0.238737,15.7854,0.170131,11649.2,160929,165400,46924.5,4470.65,0.629645,224,439.84,5900.82,0.0854475,0.0831379,0.293045,3.07584
2814,18,17.5719,0,4.36145,4.92856,3.68192,4556.44,0.363635,2.31926,178887,0.915985,0.857276,0.494361,0.409603,17.15,0.185829,11124,557676,569831,147213,12154.2,0.376122,238,638.836,10536.9,0.0246576,0.0241317,0.0934085,1.13138
2840,18,17.5702,0,4.31098,4.9342,3.6876,7417.29,0.372082,2.35824,180247,0.892857,0.883158,0.315903,0.639577,16.232,0.180312,11597.2,1.42501e+06,1.45475e+06,361928,29741.7,0.235913,237,985.435,18337.3,0.00964976,0.00945248,0.0379937,0.462346
2865,18,17.5688,0,4.25999,4.93939,3.69283,12039.2,0.382864,2.40312,181087,0.864428,0.910864,0.206368,0.976696,15.0094,0.170853,12326.5,3.54616e+06,3.61811e+06,868673,71946.6,0.147259,235,1509.54,31751.3,0.00387771,0.0038006,0.0158299,0.191128
2895,18,17.5678,0,4.20901,4.93964,3.6931,19310.7,0.396176,2.45942,182192,0.831942,0.932781,0.135551,1.44839,13.5775,0.15765,13332.5,8.12908e+06,8.2997e+06,1.98294e+06,170621,0.0924296,233,2324.8,53148.8,0.00169158,0.0016568,0.00693466,0.0805938
2920,18,17.567,0,4.15781,4.94422,3.69771,30063.6,0.406311,2.50182,182771,0.792542,0.958981,0.0918852,2.08277,12.3305,0.146471,14434.4,1.82985e+07,1.86995e+07,4.40339e+06,401034,0.0583833,239,3522.42,86745.2,0.000751482,0.000735366,0.00312282,0.0342889
2939,18,17.5662,0,4.10615,4.96161,3.71511,45671,0.407203,2.50767,183460,0.740431,1.00053,0.0643137,2.91784,11.354,0.13576,15652.3,4.00268e+07,4.09749e+07,9.87106e+06,948139,0.0367079,244,5179.73,134322,0.000343544,0.000335595,0.00139306,0.0145031
2982,18,17.5437,0,4.05424,4.99073,3.74479,66404.1,0.399151,2.47682,183989,0.673634,1.05811,0.0475536,3.95722,10.7345,0.127702,16780.5,8.43572e+07,8.6549e+07,2.15972e+07,2.19171e+06,0.0237271,264,7256.17,198235,0.000163009,0.000158881,0.000636702,0.0062741
3012,18,17.452,0,4.00389,5.00079,3.75713,91082.4,0.399959,2.47926,183680,0.612074,1.08968,0.0365012,5.06479,10.003,0.119662,17983.5,1.52155e+08,1.5676e+08,4.0734e+07,4.60414e+06,0.0164288,320,10139,275527,9.03746e-05,8.77202e-05,0.00033758,0.00298666
3039,18,17.3406,0,3.95252,5.00527,3.76439,125213,0.401789,2.48809,184304,0.547261,1.112,0.028015,6.46169,9.25487,0.110923,19377.8,2.56927e+08,2.66329e+08,7.47351e+07,9.40116e+06,0.0116583,336,14193.7,372530,5.35209e-05,5.16317e-05,0.000183996,0.00146269
3063,18,17.2501,0,3.90171,5.00739,3.76878,166210,0.404186,2.49843,184643,0.485598,1.12796,0.0221011,7.99376,8.59061,0.103157,20792.5,4.10005e+08,4.28467e+08,1.29205e+08,1.84624e+07,0.00855101,346,19641.5,486170,3.35386e-05,3.20934e-05,0.000106428,0.00074481
3087,18,17.166,0,3.85088,5.00799,3.7715,218791,0.406816,2.50934,184780,0.428687,1.14001,0.0176971,9.80394,7.96859,0.0957617,22316.6,6.33056e+08,6.69537e+08,2.20487e+08,3.64812e+07,0.00636179,352,27402.2,622190,2.17216e-05,2.0538e-05,6.23663e-05,0.000376934
3113,18,17.0916,0,3.79927,5.00732,3.77272,284356,0.409414,2.52034,185021,0.374905,1.14822,0.0143005,11.8607,7.385,0.0886815,23974.7,9.57692e+08,1.0298e+09,3.70017e+08,7.21073e+07,0.00479338,316,38331,786392,1.43585e-05,1.33531e-05,3.71631e-05,0.000190702
3143,18,17.0328,0,3.74882,5.00551,3.7724,360683,0.412058,2.53115,185023,0.325973,1.1523,0.0118856,14.1337,6.90692,0.0825711,25519.4,1.36712e+09,1.50494e+09,5.9689e+08,1.37814e+08,0.00374054,264,52898.3,966586,1.00583e-05,9.13725e-06,2.30377e-05,9.9779e-05
3175,18,16.9887,0,3.69848,5.00218,3.7702,454931,0.414828,2.54279,185173,0.281494,1.15174,0.00998861,16.8522,6.49852,0.0773508,26995.4,1.89771e+09,2.16151e+09,9.52386e+08,2.63797e+08,0.00298399,282,74522.7,1.17182e+06,7.24609e-06,6.36175e-06,1.44385e-05,5.21271e-05
3208,18,16.9595,0,3.64693,4.99603,3.7648,571626,0.418201,2.55697,185318,0.2405,1.14383,0.00848151,20.1028,6.13394,0.0729623,28435.1,2.58084e+09,3.07579e+09,1.49821e+09,4.94948e+08,0.00242324,300,108700,1.41414e+06,5.3281e-06,4.47071e-06,9.1783e-06,2.77827e-05
3246,18,16.9387,0,3.59607,4.98198,3.75128,763327,0.423988,2.58116,185361,0.2078,1.11908,0.00710276,25.3598,5.73702,0.068375,30099.9,3.58926e+09,4.53968e+09,2.47615e+09,9.50411e+08,0.00194358,331,181963,1.7648e+06,3.83114e-06,3.02907e-06,5.55338e-06,1.44685e-05
3382,18,16.8912,0,3.54596,4.94007,3.71059,2.68124e+06,0.533768,3.10429,186803,0.213843,1.22411,0.00407816,88.4814,4.61254,0.07228,30302.8,1.01249e+10,1.18597e+10,5.74771e+09,1.73479e+09,0.00105251,466,879920,6.36959e+06,1.35813e-06,1.15947e-06,2.39243e-06,7.92658e-06
948,19,18.996,0.714834,4.53577,4.56099,3.28051,1007.29,0.597367,3.43986,181588,0.983401,0.50454,1.99702,0.0235908,2.82694,0.0372643,42698.6,3325.85,3607.23,1525.21,281.373,1.09274,144,242.397,1779.4,4.13457,3.81207,9.01581,48.871
1200,19,18.974,0.664976,4.5264,4.5909,3.31092,1087.95,0.581391,3.33769,181250,0.981733,0.525071,1.85353,0.0294793,3.40045,0.0443077,36905.7,4412.13,4757.78,1972.56,345.644,1.09984,164,252.496,1954.05,3.11663,2.89021,6.97115,39.7837
1416,19,18.9515,0.614965,4.52177,4.62135,3.34189,1119.5,0.565169,3.23571,180585,0.980346,0.546646,1.81088,0.0338375,3.94018,0.0506592,33084.5,5419.42,5809.85,2334.7,390.427,1.11264,165,251.658,2045.02,2.53735,2.36684,5.88983,35.2204
1610,19,18.9286,0.564907,4.51728,4.65103,3.3721,1140.5,0.549255,3.13801,179722,0.978927,0.568331,1.78064,0.0383432,4.543,0.0576433,29744.7,6695.04,7134.14,2724.26,439.097,1.12453,176,250.178,2133.56,2.05391,1.92749,5.04761,31.3165
1779,19,18.9052,0.514735,4.51223,4.67989,3.40149,1186.38,0.531908,3.04484,179538,0.977251,0.590069,1.71333,0.0443104,5.24122,0.0656149,26774.4,8290.18,8792.34,3282.95,502.163,1.12574,178,251.487,2228.65,1.65871,1.56397,4.1886,27.3835
1924,19,18.8818,0.464979,4.50636,4.70768,3.42981,1233.44,0.51547,2.95662,179000,0.975426,0.611586,1.65138,0.0514038,6.05369,0.0747013,23995,10283.8,10865.7,3967.53,581.902,1.12593,178,254.622,2342.9,1.33714,1.26554,3.46588,23.6311
2049,19,18.8586,0.414985,4.4994,4.73467,3.45734,1299.21,0.498889,2.87246,178560,0.973304,0.633065,1.57289,0.0605615,7.00281,0.085142,21452.7,13155.3,13842.7,4912.67,687.383,1.11722,187,260.372,2490.09,1.04528,0.993378,2.79909,20.0048
2155,19,18.8357,0.364835,4.49117,4.76083,3.48403,1398.23,0.481356,2.79244,178607,0.970754,0.654435,1.46402,0.072773,8.09248,0.096954,19213.6,17335.7,18164.2,6313.96,828.473,1.09138,185,268.875,2672.45,0.793218,0.757039,2.17787,16.598
2242,19,18.8137,0.31478,4.48151,4.78613,3.50984,1506.83,0.465441,2.71694,178097,0.967882,0.675725,1.36479,0.0876199,9.31867,0.109918,17197.4,23353.8,24387.7,8182.03,1033.88,1.05684,192,283.721,2925.09,0.588811,0.563849,1.68063,13.3004
2312,19,18.793,0.264572,4.47016,4.81064,3.53483,1640.76,0.449869,2.64589,177635,0.964529,0.697027,1.25243,0.105998,10.6546,0.123826,15479.2,32664.1,34005.4,10838.3,1341.36,1.00268,202,306.475,3268.44,0.420982,0.404376,1.26873,10.2516
2367,19,18.7741,0.214774,4.45704,4.83411,3.55873,1857.79,0.434027,2.58089,177668,0.96028,0.718377,1.11876,0.131657,12.0244,0.137751,14110.8,46947.7,48696.7,15303,1748.95,0.923596,203,329.266,3712.86,0.2929,0.28238,0.898584,7.86242
2410,19,18.7571,0.16434,4.44159,4.85716,3.58217,2142.8,0.418242,2.5208,178024,0.955086,0.740555,0.972154,0.164318,13.3742,0.15123,13040.6,70860.2,73261.3,22418.6,2401.12,0.820712,206,364.331,4342.23,0.194058,0.187698,0.613373,5.7269
2442,19,18.7429,0.114906,4.42426,4.87908,3.60442,2489.63,0.405769,2.46872,177652,0.949031,0.763381,0.847298,0.203503,14.5617,0.162762,12233.9,111663,115110,33266,3447.21,0.712623,208,414.955,5198.76,0.123147,0.11946,0.413365,3.98902
2472,19,18.7123,0.064645,4.40488,4.9004,3.62645,3009.53,0.392793,2.42274,178112,0.941227,0.78814,0.712244,0.25787,15.5976,0.17494,11670.7,182448,187489,52680.9,5040.47,0.595778,215,473.658,6448.75,0.0753692,0.0733429,0.261024,2.72812
2611,19,18.5581,0.0149515,4.39137,4.92042,3.65007,3398.07,0.379272,2.37209,178146,0.933881,0.814791,0.638285,0.300275,16.4441,0.181779,11316.5,265633,272354,74058.2,6721.06,0.515086,232,515.414,7486.31,0.0517668,0.0504893,0.185678,2.04595
2717,19,18.5183,0.000981746,4.41733,4.94089,3.67147,2650.6,0.360211,2.29775,177553,0.938491,0.82913,0.814919,0.238234,17.2392,0.18037,11126,185846,190295,51601.1,4449.04,0.61605,234,397.265,5694.75,0.0739912,0.0722614,0.266487,3.09078
3077,19,18.5149,0,4.36662,4.98883,3.71949,4281.77,0.338323,2.22395,178204,0.912988,0.896316,0.530919,0.400515,18.555,0.195303,10690.7,636127,648073,158969,11946,0.367953,240,570.086,10096.6,0.0216167,0.0212183,0.0865012,1.1511
3103,19,18.5128,0,4.31556,4.99454,3.72525,7097.84,0.347117,2.26448,179870,0.888415,0.924839,0.335964,0.632104,17.4308,0.188655,11228.9,1.64046e+06,1.66988e+06,399638,29411.1,0.228794,243,880,17801.7,0.00838237,0.00823474,0.0344086,0.467544
3128,19,18.5113,0,4.26384,4.99988,3.73062,11513.4,0.358591,2.31028,180720,0.858787,0.955295,0.218623,0.959764,16.0294,0.177925,11996.1,4.05599e+06,4.12858e+06,954712,72592.2,0.142023,239,1364.38,30906.5,0.00339029,0.00333068,0.0144033,0.189428
3160,19,18.5101,0,4.21331,5.00079,3.73156,18256.9,0.372156,2.36445,181575,0.825653,0.979801,0.145389,1.40483,14.4833,0.164053,12995.8,9.10436e+06,9.27468e+06,2.13374e+06,170315,0.0898471,237,2083.88,51292.3,0.00151037,0.00148264,0.00644456,0.0807385
3183,19,18.5092,0,4.16208,5.0062,3.737,28581,0.381908,2.40502,182509,0.784444,1.00917,0.0981855,2.02864,13.1523,0.152507,14088.7,2.02242e+07,2.06284e+07,4.75375e+06,404202,0.0568515,243,3175.23,83369.2,0.000679927,0.000666604,0.00289266,0.0340201
3201,19,18.5082,2.40729e-27,4.11202,5.02239,3.7532,42277.1,0.383808,2.41302,182714,0.733488,1.05103,0.0704628,2.77669,12.1328,0.141586,15225.7,4.25734e+07,4.34955e+07,1.01663e+07,922100,0.0365796,247,4578.92,127678,0.000322995,0.000316147,0.00135261,0.0149127
3238,19,18.4945,0,4.06018,5.04897,3.7801,60830.2,0.377571,2.39005,183084,0.667376,1.10755,0.0523199,3.72521,11.4273,0.132732,16329.3,8.84123e+07,9.05256e+07,2.1748e+07,2.11329e+06,0.02382,262,6403.52,186950,0.000155532,0.000151902,0.000632289,0.0065069
3265,19,18.4156,0,4.01001,5.05505,3.78804,86306.2,0.38054,2.40348,183906,0.606013,1.13431,0.0391761,4.92265,10.5923,0.124239,17532.5,1.55874e+08,1.60348e+08,4.16503e+07,4.47421e+06,0.0166159,327,9150.54,259075,8.82188e-05,8.57572e-05,0.000330153,0.00307339
3296,19,18.2635,0,3.95891,5.05992,3.79652,115814,0.382173,2.40972,183866,0.541259,1.15967,0.0307025,6.15451,9.84284,0.11562,18817.7,2.61306e+08,2.70304e+08,7.44306e+07,8.99821e+06,0.0119043,343,12599.4,348210,5.2624e-05,5.08722e-05,0.000184749,0.00152819
3322,19,18.1489,0,3.90739,5.06181,3.80113,152953,0.384853,2.42014,183860,0.478362,1.17713,0.0244611,7.57815,9.13704,0.107525,20183.4,4.11453e+08,4.29349e+08,1.27858e+08,1.78961e+07,0.00876566,353,17603.9,453512,3.34206e-05,3.20275e-05,0.000107549,0.00076838
3346,19,18.0574,0,3.85708,5.06233,3.80386,200115,0.387433,2.4311,184279,0.421546,1.18989,0.0196168,9.25653,8.49459,0.100034,21618.8,6.26134e+08,6.60752e+08,2.14881e+08,3.46181e+07,0.00658338,355,24215,576703,2.19617e-05,2.08111e-05,6.39934e-05,0.000397219
3372,19,17.9746,0,3.80592,5.06177,3.80529,257958,0.390135,2.44193,184390,0.368596,1.19913,0.0159725,11.1307,7.8891,0.0928764,23175.4,9.31172e+08,9.99228e+08,3.55891e+08,6.80557e+07,0.0049978,322,33797.6,725755,1.47674e-05,1.37616e-05,3.86382e-05,0.000202055
3403,19,17.9067,0,3.7548,5.06015,3.80531,327457,0.392753,2.45247,184493,0.319132,1.20437,0.0132726,13.2655,7.37489,0.0864619,24684.8,1.32424e+09,1.45487e+09,5.74454e+08,1.30631e+08,0.00390369,291,46621.5,889790,1.03841e-05,9.45169e-06,2.39375e-05,0.000105266
3437,19,17.8545,0,3.70336,5.05711,3.80354,411599,0.395482,2.46361,184669,0.274367,1.20491,0.0111338,15.7636,6.94084,0.0809933,26110.7,1.83981e+09,2.09201e+09,9.17558e+08,2.52195e+08,0.0031095,276,65565.9,1.07458e+06,7.47413e-06,6.57311e-06,1.49865e-05,5.45253e-05
3471,19,17.8201,0,3.65245,5.05164,3.79891,517503,0.398648,2.4766,184871,0.233833,1.1984,0.00954306,18.8491,6.56639,0.0765587,27455.1,2.48852e+09,2.96094e+09,1.43654e+09,4.7243e+08,0.00255476,318,95313.1,1.29407e+06,5.52578e-06,4.64412e-06,9.57228e-06,2.9107e-05
3510,19,17.7956,0,3.60152,5.03964,3.78751,675618,0.403642,2.49707,185111,0.200476,1.17685,0.00807354,23.3383,6.17584,0.0721111,28948.9,3.36499e+09,4.25258e+09,2.31458e+09,8.87588e+08,0.00208214,358,153536,1.58221e+06,4.08649e-06,3.23357e-06,5.94104e-06,1.54925e-05
3626,19,17.7524,0,3.55145,4.99561,3.74453,1.81885e+06,0.477213,2.81793,186063,0.202108,1.20056,0.004885,59.0942,5.09207,0.0669799,30778.8,8.17915e+09,9.90864e+09,5.26085e+09,1.7295e+09,0.00121067,444,586003,4.13418e+06,1.68123e-06,1.38778e-06,2.61383e-06,7.95086e-06
956,20,19.9953,0.714988,4.54461,4.62081,3.31806,915.761,0.577879,3.31385,180986,0.983536,0.529954,2.19842,0.0217665,3.00791,0.0390887,42072,3323.65,3571.55,1438.56,247.899,1.12251,153,209.796,1664.46,4.13731,3.85014,9.55883,55.4701
1262,20,19.9678,0.664958,4.53508,4.65054,3.34839,983.763,0.561858,3.21431,180342,0.981877,0.551226,2.05317,0.0271916,3.63062,0.0466087,36178.9,4406.38,4714.1,1854.68,307.72,1.13305,162,219.888,1807.74,3.1207,2.91699,7.41419,44.6867
1528,20,19.9398,0.614913,4.53037,4.68067,3.37913,1015.63,0.544786,3.11533,179831,0.980456,0.573435,1.99707,0.0314076,4.22022,0.0533212,32337.1,5428.05,5775.01,2212.91,346.958,1.14584,175,218.343,1889.26,2.53332,2.38112,6.21397,39.633
1760,20,19.9111,0.564924,4.5258,4.70996,3.40905,1049.77,0.527076,3.0207,179583,0.97893,0.595668,1.93266,0.0361402,4.88102,0.0608477,29047.1,6685.08,7081.71,2643.96,396.622,1.15263,175,219.679,1962.62,2.05697,1.94176,5.20091,34.6703
1969,20,19.8819,0.514772,4.52063,4.73845,3.43818,1081.96,0.51059,2.93026,178758,0.977283,0.617919,1.8877,0.0417288,5.65872,0.0694284,25928.4,8374.01,8824.55,3157.65,450.538,1.16344,182,219.02,2058.56,1.6421,1.55826,4.35482,30.5213
2148,20,19.8527,0.464949,4.51461,4.76593,3.46629,1137.32,0.492244,2.84434,178824,0.975338,0.639918,1.78992,0.0490101,6.5596,0.0793588,23205.9,10534.8,11058.9,3894.4,524.094,1.15707,176,221.867,2161.53,1.30529,1.24343,3.53096,26.2376
2301,20,19.8233,0.414722,4.50743,4.79271,3.49371,1195.28,0.47547,2.76217,178220,0.973171,0.661934,1.70868,0.057937,7.62215,0.0906315,20630.7,13583,14212,4832.01,629.019,1.15017,183,229.206,2300.85,1.01237,0.967559,2.84581,21.861
2430,20,19.7947,0.364627,4.49898,4.81851,3.52015,1264.39,0.459574,2.68442,177401,0.97071,0.68367,1.62209,0.0689537,8.83558,0.103389,18336.7,17776.6,18542.3,6082.93,765.689,1.13274,181,237.983,2467.9,0.773544,0.741601,2.26059,17.959
2538,20,19.767,0.314609,4.48905,4.8435,3.54574,1379.35,0.44227,2.61101,177309,0.96765,0.705344,1.49314,0.084148,10.2004,0.117367,16391.9,24022.7,24990,8068.56,967.306,1.09013,196,252.877,2695.77,0.572416,0.55026,1.70427,14.2158
2623,20,19.741,0.264579,4.4774,4.86767,3.57048,1527.91,0.425477,2.54228,177238,0.964015,0.727025,1.35376,0.103474,11.6644,0.132182,14766.1,34577.8,35821.8,11025.2,1243.97,1.02568,203,270.098,3014.06,0.397683,0.383873,1.24724,11.0541
2688,20,19.7172,0.214714,4.46384,4.89094,3.59428,1720.78,0.4091,2.47902,177359,0.959671,0.748868,1.20193,0.127825,13.1591,0.146973,13462,49741,51392.7,15542,1651.73,0.937363,201,293.302,3455.78,0.276452,0.267567,0.884762,8.32522
2738,20,19.6957,0.164142,4.4478,4.91386,3.61767,1989.61,0.394675,2.4212,177077,0.954235,0.771875,1.05626,0.16021,14.6128,0.16099,12418.7,76433.3,78750,23015.9,2316.77,0.831574,214,328.552,4076.55,0.179908,0.174616,0.597457,5.93541
2775,20,19.6776,0.114436,4.42969,4.93573,3.63994,2367.02,0.380565,2.37132,177428,0.947513,0.795756,0.898685,0.202222,15.8652,0.172708,11705,122295,125626,35688.1,3331.45,0.708553,218,371.873,4953.69,0.112441,0.109459,0.38531,4.12763
2803,20,19.6628,0.0648256,4.41001,4.95725,3.66179,2832.31,0.368915,2.32798,177371,0.939593,0.821512,0.763527,0.252326,16.855,0.181814,11224.8,203426,208365,55861.4,4939.15,0.588891,224,427.914,6188.89,0.067597,0.0659947,0.246163,2.78408
2929,20,19.4983,0.0148452,4.3953,4.97714,3.68532,3294.32,0.354394,2.28061,178098,0.931153,0.84961,0.666494,0.302657,17.7816,0.191475,10884.7,309928,316658,82838.4,6729.84,0.500608,234,469.498,7331.83,0.0443683,0.0434253,0.165998,2.04329
3036,20,19.4542,0.000998437,4.42069,4.99665,3.70582,2535.97,0.336592,2.20944,176944,0.936127,0.862885,0.857922,0.238577,18.7105,0.190196,10629.6,217558,222055,56862.1,4497.64,0.600475,235,363.597,5561.77,0.0632062,0.061926,0.241831,3.05738
3397,20,19.4504,0,4.36979,5.04817,3.75743,4151.01,0.312265,2.13233,178062,0.90813,0.937837,0.554505,0.404437,20.0881,0.205138,10263.7,766288,778520,183220,12232.1,0.350907,242,516.651,9922.56,0.0179449,0.017663,0.0750518,1.12418
3423,20,19.448,0,4.31866,5.05338,3.76269,6821.3,0.322713,2.17517,179360,0.882797,0.968345,0.354631,0.628405,18.7054,0.196743,10854.9,1.92387e+06,1.95405e+06,449984,30180.8,0.218856,235,799.845,17385.6,0.00714758,0.00703719,0.0305588,0.455621
3447,20,19.4463,0,4.26844,5.0575,3.76685,10937.1,0.334819,2.22238,180356,0.853167,0.998874,0.233203,0.939873,17.1366,0.185196,11636.8,4.52568e+06,4.59849e+06,1.03846e+06,72810.6,0.138143,235,1232.59,29598.5,0.00303844,0.00299033,0.0132417,0.18886
3482,20,19.4449,0,4.21669,5.05963,3.769,17414,0.348546,2.27486,181086,0.817964,1.02756,0.154683,1.37768,15.4509,0.17101,12640.1,1.03833e+07,1.05568e+07,2.33894e+06,173554,0.0867937,242,1886.68,49959.5,0.00132434,0.00130257,0.00587915,0.0792316
3502,20,19.4438,0,4.16621,5.06833,3.77773,27015.6,0.356336,2.30696,182082,0.774481,1.0632,0.105738,1.97214,14.0865,0.159018,13698.6,2.28347e+07,2.32417e+07,5.17134e+06,406997,0.05525,246,2824.25,80360,0.000602197,0.000591652,0.00265908,0.0337864
3521,20,19.4424,0,4.114,5.08743,3.79686,40346.4,0.357035,2.31036,182349,0.718124,1.11272,0.0755347,2.7212,13.0006,0.147322,14826.7,4.9154e+07,5.01205e+07,1.1363e+07,966462,0.0351021,253,4115.93,123601,0.000279753,0.000274359,0.00121016,0.0142282
3561,20,19.4072,0,4.06208,5.1073,3.81752,58016.6,0.354694,2.30234,182603,0.652915,1.16288,0.0562934,3.64932,12.1688,0.137975,15897.9,9.61919e+07,9.83939e+07,2.36196e+07,2.20203e+06,0.0233061,287,5843.85,179096,0.000142954,0.000139754,0.000582185,0.0062447
3595,20,19.2687,0,4.01074,5.11777,3.8311,81205.7,0.354303,2.3028,183444,0.585261,1.20006,0.042767,4.77828,11.3903,0.129779,16994.8,1.70939e+08,1.75613e+08,4.5332e+07,4.67401e+06,0.0163022,345,8160.52,247521,8.0444e-05,7.83029e-05,0.000303339,0.00294201
3627,20,19.0909,0,3.95935,5.12094,3.8383,108300,0.356743,2.31178,183373,0.51993,1.22488,0.033816,5.94619,10.588,0.120864,18213.4,2.77382e+08,2.86799e+08,7.95044e+07,9.41757e+06,0.0118461,352,11330.2,327898,4.95743e-05,4.79464e-05,0.000172959,0.00146014
3655,20,18.9463,0,3.90848,5.12186,3.84251,141657,0.359425,2.32249,183712,0.457401,1.24255,0.0271214,7.27775,9.86616,0.11287,19464.5,4.24797e+08,4.42961e+08,1.33222e+08,1.81646e+07,0.00888548,361,15526.3,420866,3.23707e-05,3.10433e-05,0.000103219,0.000757022
3682,20,18.8257,0,3.85694,5.12152,3.84495,185005,0.362387,2.33431,184088,0.399624,1.2559,0.0219004,8.88072,9.17577,0.105049,20832.2,6.36893e+08,6.72396e+08,2.22346e+08,3.55024e+07,0.00673133,369,21536.8,532428,2.15907e-05,2.04507e-05,6.1845e-05,0.000387325
3709,20,18.7307,0,3.80595,5.12039,3.84601,234044,0.36554,2.34589,183871,0.348839,1.26522,0.0180654,10.5035,8.53612,0.0977765,22282.5,9.22044e+08,9.91093e+08,3.58829e+08,6.90489e+07,0.00516725,343,29899,658228,1.49136e-05,1.38746e-05,3.83219e-05,0.000199148
3741,20,18.6569,0,3.75492,5.11861,3.84595,296747,0.368153,2.35662,184348,0.300418,1.27083,0.0150471,12.524,7.99447,0.0912343,23694.3,1.29497e+09,1.42717e+09,5.73557e+08,1.32194e+08,0.00408518,294,41298.9,803735,1.06188e-05,9.63517e-06,2.39749e-05,0.000104021
3776,20,18.5995,0,3.70416,5.11579,3.84447,367502,0.371036,2.36715,184047,0.258,1.27215,0.0128775,14.7152,7.55008,0.0857635,24974.4,1.77129e+09,2.02175e+09,8.97622e+08,2.5046e+08,0.00330341,293,57216,967030,7.76325e-06,6.80152e-06,1.53194e-05,5.4903e-05
3812,20,18.5587,0,3.65341,5.11091,3.84054,454194,0.373932,2.37854,184208,0.219652,1.26673,0.0110889,17.3412,7.16608,0.0813103,26191.5,2.34011e+09,2.8044e+09,1.38353e+09,4.64294e+08,0.00273022,319,82377.7,1.1459e+06,5.87622e-06,4.90336e-06,9.93905e-06,2.9617e-05
3853,20,18.5281,0,3.60286,5.10054,3.83089,590073,0.378062,2.39533,184750,0.18677,1.24748,0.00950048,21.4493,6.77758,0.0769354,27510.2,3.12128e+09,3.98786e+09,2.20285e+09,8.66581e+08,0.00226961,368,132452,1.38668e+06,4.40556e-06,3.44821e-06,6.24236e-06,1.58681e-05
3969,20,18.4744,0,3.5527,5.06444,3.79605,1.37575e+06,0.430524,2.60856,185293,0.182105,1.25186,0.00620383,46.4115,5.75948,0.0693425,29642.4,6.71386e+09,8.49257e+09,4.83565e+09,1.77871e+09,0.00140959,425,454170,3.02969e+06,2.04815e-06,1.61918e-06,2.84367e-06,7.73089e-06
963,21,20.9945,0.714893,4.55272,4.67703,3.35311,835.768,0.55944,3.19885,180168,0.983657,0.554562,2.41699,0.0202597,3.20164,0.0409758,41252.8,3281.02,3506.38,1364.14,225.361,1.15463,156,186.392,1545.41,4.19107,3.92171,10.0803,61.0176
1329,21,20.9609,0.664915,4.54314,4.70644,3.38322,898.115,0.543132,3.10206,179434,0.981984,0.576389,2.26157,0.0254313,3.87836,0.0489256,35315.3,4370.29,4649.7,1764.83,279.413,1.16867,183,194.805,1682.77,3.14647,2.95739,7.79166,49.2138
1644,21,20.9265,0.61491,4.53836,4.73618,3.41366,930.973,0.524903,3.00604,179241,0.980525,0.599112,2.18108,0.0295298,4.51779,0.0561685,31526.6,5469.5,5784.5,2124.78,315.005,1.17847,171,193.043,1758.05,2.51412,2.37721,6.47173,43.6532
1925,21,20.8914,0.564932,4.53368,4.76509,3.4433,965.091,0.506478,2.91405,179089,0.978957,0.6218,2.10397,0.034219,5.24597,0.064262,28203.4,6798.38,7159.01,2558.83,360.627,1.18613,178,194.052,1828.03,2.02269,1.92079,5.37394,38.1308
2176,21,20.8556,0.514997,4.52841,4.79309,3.47204,987.924,0.489992,2.82641,178114,0.977333,0.644357,2.06091,0.0394565,6.10651,0.0734524,25038.3,8338.9,8754.26,3035.48,415.364,1.20147,188,195.432,1888.21,1.64902,1.57078,4.53008,33.1058
2399,21,20.8195,0.46497,4.52221,4.82031,3.50001,1040.7,0.47196,2.74256,177828,0.97533,0.666837,1.96866,0.0467513,7.11139,0.0841752,22260.4,10588.9,11073.6,3773.46,484.691,1.20029,195,197.899,2003.47,1.29862,1.24178,3.64413,28.3706
2591,21,20.7837,0.414989,4.51488,4.8466,3.52705,1106.66,0.45371,2.66282,177711,0.97303,0.689042,1.85436,0.0560038,8.28793,0.0963337,19760.5,14082,14662.8,4782.36,580.817,1.18748,194,203.716,2146.84,0.976494,0.937813,2.87536,23.6753
2753,21,20.7483,0.364908,4.50622,4.87205,3.55325,1171.26,0.437098,2.58709,177043,0.970499,0.711064,1.7505,0.0668575,9.63275,0.110123,17518.8,18374.6,19092,6051.97,717.456,1.16621,201,213.55,2288.74,0.748371,0.720248,2.27215,19.1663
2884,21,20.7142,0.314861,4.496,4.89676,3.57867,1282.39,0.419271,2.51546,177011,0.96731,0.733049,1.60513,0.0819948,11.1316,0.125232,15640,24998.9,25904.7,8117.85,905.762,1.11726,198,225.949,2522.36,0.550063,0.53083,1.69392,15.1817
2982,21,20.6819,0.264427,4.4839,4.92084,3.60343,1434.37,0.402007,2.44806,176966,0.963418,0.755278,1.44911,0.102027,12.7518,0.140981,14058.7,36076.5,37257.9,11344.4,1181.47,1.04555,196,242.98,2827.69,0.381162,0.369076,1.21214,11.6388
3058,21,20.6526,0.214812,4.46997,4.94377,3.62697,1593.24,0.38768,2.38718,176237,0.959103,0.777513,1.31025,0.124642,14.3609,0.156268,12782.6,52777.7,54355.1,15724.1,1577.42,0.958593,209,264.06,3251.95,0.260546,0.252984,0.874518,8.71739
3115,21,20.6263,0.164842,4.4536,4.9662,3.64996,1867.36,0.371706,2.33218,176647,0.953317,0.800889,1.12866,0.157495,15.8863,0.170749,11856.6,83264.8,85488.7,23894.4,2223.9,0.837433,214,296.11,3864.06,0.165148,0.160851,0.575489,6.18328
3158,21,20.6033,0.113647,4.43423,4.98854,3.67278,2243.78,0.357579,2.28343,176920,0.946011,0.826453,0.952261,0.200623,17.2203,0.18272,11184,136569,139899,38062.4,3329.57,0.702848,218,342.729,4746.37,0.100689,0.0982922,0.361274,4.12996
3189,21,20.5852,0.0642966,4.41376,5.00977,3.69439,2740.21,0.345329,2.24337,177392,0.937308,0.85338,0.793774,0.254067,18.1973,0.191259,10785.4,231299,236274,61812.2,4975.05,0.574202,234,394.33,5992.86,0.0594512,0.0581994,0.222464,2.76399
3299,21,20.4313,0.0149245,4.3984,5.0297,3.71758,3150.3,0.332876,2.19933,177351,0.928704,0.882508,0.702617,0.301209,19.1225,0.200723,10458.8,359214,366054,90365.6,6840,0.487682,245,433.488,7182.95,0.0382807,0.0375654,0.152171,2.01038
3409,21,20.383,0.000985565,4.42355,5.04871,3.73762,2451.48,0.314271,2.12991,176566,0.933506,0.895022,0.894303,0.24098,20.2081,0.199738,10173,255497,260051,63496.4,4554.51,0.582258,246,333.7,5460.2,0.0538206,0.052878,0.216563,3.0192
3770,21,20.3787,3.97885e-37,4.37237,5.10952,3.79852,3948.71,0.285879,2.03665,176932,0.902131,0.984656,0.59215,0.404263,21.9181,0.21601,9767.67,977348,990215,211465,12867.4,0.333014,255,468.526,9803.74,0.0140697,0.0138869,0.0650272,1.06867
3796,21,20.3755,0,4.3218,5.10886,3.79794,6510.81,0.299962,2.09295,178614,0.877171,1.01051,0.376728,0.621695,20.0394,0.204804,10472.7,2.25188e+06,2.28303e+06,500880,31154.6,0.210377,249,732.469,17083,0.00610645,0.00602312,0.0274537,0.44138
3820,21,20.3735,0,4.27143,5.11168,3.80079,10500.5,0.312983,2.14331,179873,0.846563,1.04165,0.246427,0.928924,18.2204,0.191674,11304,5.25315e+06,5.32777e+06,1.14946e+06,74623.5,0.132922,248,1126.31,29099.7,0.00261766,0.002581,0.011963,0.184272
3855,21,20.372,0,4.22046,5.11441,3.80355,16600.3,0.326286,2.19326,180703,0.810461,1.07273,0.164675,1.35106,16.4383,0.177326,12286.8,1.15581e+07,1.17358e+07,2.54487e+06,177740,0.0843622,251,1728.32,48370,0.00118973,0.00117171,0.00540341,0.0773656
3875,21,20.3706,0,4.16836,5.12435,3.81352,25693.6,0.334349,2.22393,181238,0.764308,1.11299,0.113084,1.92466,14.9485,0.164346,13349.7,2.56024e+07,2.60235e+07,5.64847e+06,421100,0.0533063,262,2570.88,78296.6,0.000537098,0.000528407,0.00243446,0.0326549
3894,21,20.3688,0,4.1159,5.1431,3.83232,39049.2,0.334788,2.22838,182233,0.704714,1.16454,0.0800532,2.70056,13.7919,0.15236,14459.7,5.37965e+07,5.48063e+07,1.259e+07,1.00975e+06,0.0340295,265,3773.35,119203,0.000255611,0.000250902,0.00109221,0.0136182
3934,21,20.3281,0,4.06496,5.15993,3.85001,55345.3,0.334035,2.2264,182555,0.640766,1.21189,0.060089,3.57605,12.9002,0.142778,15476.6,1.0247e+08,1.04709e+08,2.52181e+07,2.23883e+06,0.0230248,304,5309.92,170460,0.000134195,0.000131326,0.000545283,0.00614203
3968,21,20.1716,0,4.01393,5.16955,3.86299,75585.3,0.334432,2.22801,182634,0.573933,1.24955,0.0467203,4.5798,12.0899,0.134471,16504.1,1.78872e+08,1.83567e+08,4.67831e+07,4.69474e+06,0.0163247,351,7361.74,233734,7.68761e-05,7.491e-05,0.000293931,0.00292902
4001,21,19.9689,0,3.96283,5.17211,3.86993,100649,0.336733,2.23722,183046,0.508124,1.27494,0.0368525,5.70011,11.2612,0.125492,17657.3,2.83481e+08,2.92886e+08,8.12094e+07,9.40546e+06,0.0119751,364,10210.9,306065,4.85077e-05,4.695e-05,0.000169328,0.00146202
4031,21,19.797,0,3.91193,5.17266,3.87425,131203,0.339394,2.24758,183399,0.444951,1.29363,0.0298134,6.96734,10.5168,0.117425,18831.2,4.31187e+08,4.49234e+08,1.34638e+08,1.80469e+07,0.00908477,369,13963.1,390862,3.1891e-05,3.06099e-05,0.000102133,0.000761959
4061,21,19.6428,0,3.86044,5.17213,3.8771,168891,0.342245,2.25828,183542,0.387254,1.30836,0.0244108,8.40872,9.81766,0.109677,20085.2,6.33694e+08,6.68501e+08,2.20044e+08,3.48076e+07,0.00696864,385,19187.9,488523,2.16997e-05,2.05699e-05,6.24918e-05,0.000395058
4092,21,19.5103,0,3.80956,5.17082,3.87873,214437,0.344957,2.26859,183734,0.335866,1.31927,0.0202149,10.0086,9.16562,0.102565,21425.4,9.04629e+08,9.71619e+08,3.5354e+08,6.69896e+07,0.00542104,356,26386.6,601609,1.52007e-05,1.41527e-05,3.88951e-05,0.00020527
4127,21,19.404,0,3.75914,5.16892,3.8792,264159,0.347722,2.27805,183289,0.28982,1.3262,0.0172499,11.6191,8.60121,0.096011,22734.9,1.24471e+09,1.37126e+09,5.48053e+08,1.26552e+08,0.00432284,306,36108.5,726146,1.10476e-05,1.0028e-05,2.50906e-05,0.000108658
4165,21,19.3209,0,3.70867,5.16621,3.87836,328394,0.349969,2.28741,183888,0.24739,1.32905,0.0146562,13.732,8.1488,0.0903742,23914.5,1.67276e+09,1.912e+09,8.53944e+08,2.39238e+08,0.00353336,296,49970.6,865112,8.22053e-06,7.19194e-06,1.61029e-05,5.74783e-05
4204,21,19.2619,0,3.65757,5.16185,3.87533,404303,0.352613,2.29728,183897,0.209505,1.32549,0.0127621,16.1519,7.75355,0.0858117,25031.4,2.18745e+09,2.63422e+09,1.31271e+09,4.46767e+08,0.00294706,318,72059.3,1.01894e+06,6.2863e-06,5.22013e-06,1.04753e-05,3.07789e-05
4247,21,19.2197,0,3.60671,5.15309,3.86753,513707,0.35612,2.31063,184042,0.177296,1.30931,0.0111144,19.613,7.36977,0.0815255,26192.2,2.86156e+09,3.68545e+09,2.05304e+09,8.23889e+08,0.00247524,371,113473,1.2181e+06,4.80541e-06,3.73115e-06,6.69786e-06,1.66903e-05
4353,21,19.1596,0,3.55668,5.12432,3.84011,997360,0.384029,2.41819,184514,0.165377,1.28481,0.00795528,35.2093,6.51909,0.0740254,28326.6,5.31832e+09,7.07088e+09,4.28628e+09,1.75257e+09,0.00167765,414,334298,2.12887e+06,2.58559e-06,1.94473e-06,3.20814e-06,7.8462e-06
968,22,21.9936,0.714973,4.56035,4.72983,3.38571,771.767,0.540993,3.09405,179722,0.983739,0.578213,2.62166,0.0190815,3.40226,0.0429027,40445.7,3235.56,3438.91,1312.32,203.351,1.18359,161,164.684,1428.55,4.24995,3.99864,10.4783,67.6219
1403,22,21.9531,0.664907,4.55064,4.75896,3.41564,838.399,0.523101,2.99967,179488,0.981987,0.60057,2.42006,0.0242563,4.13639,0.05137,34564.1,4379.64,4636.23,1730.56,256.583,1.1934,180,174.322,1566.9,3.13975,2.96599,7.94599,53.5928
1775,22,21.9116,0.614932,4.54577,4.78828,3.44579,856.642,0.506268,2.90621,178460,0.980588,0.623687,2.38137,0.0279915,4.83659,0.0591681,30603.6,5512.64,5801.97,2048.23,289.327,1.21512,181,172.449,1636.74,2.49445,2.37006,6.7136,47.5276
2110,22,21.8692,0.564944,4.541,4.81681,3.47515,887.613,0.487035,2.81664,178460,0.979,0.646745,2.28625,0.0325777,5.64424,0.0678068,27246,6799.8,7133.49,2474.07,333.697,1.22403,192,174.089,1704.97,2.02226,1.92767,5.55805,41.2081
2410,22,21.826,0.514979,4.53559,4.84442,3.50363,923.418,0.469173,2.73125,177911,0.977234,0.669633,2.21352,0.0382432,6.59068,0.07776,24145.9,8558.6,8945.51,3016.73,386.905,1.23508,193,175.917,1782.94,1.60669,1.53719,4.55824,35.541
2671,22,21.7824,0.464953,4.52923,4.87125,3.53133,963.131,0.450927,2.64936,177541,0.975259,0.692335,2.11576,0.0450747,7.70367,0.0893258,21367.5,11114.1,11565.5,3711.19,451.497,1.23523,195,177.692,1874.52,1.23726,1.18896,3.70528,30.4564
2892,22,21.7389,0.414888,4.52169,4.89721,3.55815,1022.62,0.432698,2.57146,177258,0.972914,0.714794,1.99767,0.0541663,9.00844,0.102509,18879.3,14407,14951.8,4714.99,544.839,1.22345,197,183.466,1988.22,0.954466,0.919685,2.91644,25.2386
3078,22,21.6962,0.364942,4.51281,4.92224,3.58404,1095.42,0.415879,2.49796,176592,0.970211,0.73701,1.88269,0.0656346,10.4924,0.117183,16689.6,19160.9,19840.5,6103.6,679.567,1.20017,206,193.396,2162.16,0.717658,0.693077,2.25293,20.2349
3230,22,21.6548,0.314789,4.50228,4.94668,3.60931,1196.62,0.398292,2.428,176347,0.96694,0.759287,1.73099,0.0806206,12.1534,0.133356,14842.6,26459.5,27310.4,8205.31,850.854,1.1493,204,202.367,2371.48,0.519699,0.503508,1.67586,16.1614
3350,22,21.6158,0.26472,4.48991,4.9703,3.63371,1316.59,0.382067,2.36291,175872,0.963139,0.781645,1.57584,0.0988047,13.9024,0.149881,13325.1,38022.7,39143,11216.9,1120.23,1.07516,208,218.722,2645.96,0.361652,0.351302,1.22592,12.2751
3439,22,21.5801,0.214987,4.47552,4.99303,3.65716,1498.48,0.365972,2.30388,175802,0.958362,0.80439,1.39641,0.123179,15.6249,0.165916,12165,57249.2,58773.2,16260.2,1524,0.970424,210,240.342,3086.64,0.240195,0.233967,0.845685,9.02295
3505,22,21.5481,0.164999,4.45858,5.01527,3.68004,1782.56,0.349056,2.2509,176641,0.95211,0.828412,1.18484,0.15738,17.2294,0.18032,11326.5,91801,93961.9,25479.1,2160.94,0.835323,221,269.312,3693.9,0.149791,0.146346,0.539696,6.36342
3553,22,21.5206,0.114679,4.43885,5.03702,3.70234,2138.37,0.336136,2.20563,176644,0.944586,0.854526,1.0037,0.199535,18.571,0.192098,10716.8,153995,157207,40579.3,3212.25,0.697765,220,308.852,4543.1,0.0892953,0.0874707,0.338867,4.2808
3588,22,21.4981,0.0639037,4.41687,5.05867,3.72445,2620.22,0.324498,2.1673,176914,0.935249,0.88353,0.83045,0.25305,19.5576,0.200583,10354.6,263882,268881,66899.3,4999.31,0.560792,237,362.946,5838.07,0.0521104,0.0511415,0.205547,2.75058
3683,22,21.3548,0.0148388,4.40084,5.07874,3.74742,3094.11,0.311526,2.12632,177458,0.925585,0.913891,0.721441,0.306903,20.4726,0.209755,10081.7,419889,426849,102471,6959.96,0.469384,242,400.75,7089.15,0.0327491,0.0322151,0.134194,1.97573
3794,22,21.3036,0.000992769,4.42552,5.09708,3.76681,2381.93,0.294258,2.05916,176061,0.930738,0.925436,0.92801,0.244251,21.6958,0.208777,9751.95,302268,307020,71171.5,4752.2,0.562229,246,314.237,5413.8,0.0454927,0.0447885,0.193209,2.89361
974,23,22.9927,0.71498,4.56745,4.77965,3.41624,714.366,0.523172,2.99766,179268,0.983819,0.601,2.8304,0.0180744,3.61681,0.0449061,39523.6,3263.58,3451.19,1265.83,187.609,1.21369,167,148.305,1338.43,4.21346,3.98442,10.8633,73.2958
1478,23,22.9445,0.664973,4.55765,4.80839,3.44589,774.847,0.505245,2.90578,178865,0.982059,0.623736,2.6217,0.0230474,4.41182,0.053913,33619.7,4411.8,4646.37,1670.96,234.572,1.22721,185,155.464,1465.93,3.11687,2.95951,8.22937,58.6217
1913,23,22.8952,0.614992,4.55269,4.83731,3.47575,793.155,0.487389,2.81464,178123,0.980631,0.647173,2.55936,0.0267591,5.18468,0.062207,29640.5,5486.71,5753.74,1989.04,267.024,1.2496,188,154.76,1527.03,2.50623,2.38992,6.91338,51.4971
2307,23,22.8446,0.564964,4.54779,4.86544,3.50484,824.344,0.468616,2.7273,177768,0.978998,0.670534,2.47687,0.0313961,6.06732,0.0715765,26256.2,6873.36,7181.24,2422.44,307.88,1.26368,193,155.855,1588.51,2.00062,1.91485,5.6765,44.6634
2651,23,22.7931,0.514864,4.54224,4.89272,3.5331,857.652,0.449979,2.64369,177378,0.977194,0.693679,2.3855,0.0369916,7.11201,0.082361,23185,8668.07,9028.13,2966.56,360.06,1.27372,197,158.259,1658.72,1.5864,1.52313,4.63534,38.1909
2948,23,22.7411,0.464899,4.53572,4.91912,3.56048,895.487,0.432083,2.56394,176769,0.975171,0.716543,2.29093,0.0439076,8.34807,0.0947076,20394.8,11128.7,11552.5,3669.05,423.839,1.27898,196,160.685,1743.9,1.23564,1.1903,3.74784,32.4439
3204,23,22.6894,0.414982,4.528,4.94461,3.58696,955.617,0.413647,2.48821,176487,0.972733,0.739093,2.16,0.0532076,9.78745,0.108948,17960.2,14699.3,15213.9,4716.96,514.544,1.26631,198,166.376,1876.32,0.935484,0.903845,2.91522,26.7246
3419,23,22.6384,0.364975,4.51887,4.96931,3.61265,1027.31,0.395442,2.41625,176244,0.969918,0.761444,2.00973,0.0647589,11.425,0.124636,15863.6,19847.7,20483.1,6170.98,635.402,1.23336,204,173.307,2017.86,0.692826,0.671334,2.22833,21.6414
3593,23,22.589,0.314931,4.50807,4.99337,3.63765,1106.72,0.379672,2.34818,175275,0.966704,0.783849,1.87751,0.0787298,13.2295,0.141743,14057.2,27862.7,28676.4,8148.75,813.729,1.18619,212,184.311,2230.74,0.493527,0.479523,1.6875,16.8987
3730,23,22.5423,0.264761,4.49531,5.01674,3.66193,1246.72,0.361523,2.28491,175472,0.962498,0.806575,1.67538,0.098527,15.127,0.159087,12653.6,40933.5,42018.6,11640,1085.11,1.09411,212,200.511,2531.38,0.335935,0.327259,1.18136,12.6724
3836,23,22.4994,0.214853,4.4804,5.03929,3.6853,1433.3,0.34476,2.22764,175657,0.95738,0.829838,1.46913,0.123801,16.9671,0.175586,11577.5,63375.7,64877.1,17267,1501.34,0.976045,224,222.352,2944.07,0.216976,0.211955,0.796376,9.15913
3912,23,22.4608,0.16428,4.46266,5.06153,3.70828,1685.77,0.329455,2.17649,175864,0.950996,0.854851,1.25785,0.156367,18.6464,0.190448,10780.9,102575,104705,26752.8,2129.71,0.835801,218,247.263,3558.84,0.134057,0.131331,0.514001,6.45674
3965,23,22.4282,0.114163,4.44225,5.08299,3.73037,2060.29,0.315844,2.13395,176381,0.942811,0.881877,1.0465,0.200763,19.9862,0.201691,10262.3,171511,174722,44140,3211.37,0.686119,228,285.324,4425.41,0.0801757,0.0787021,0.311531,4.28197
4002,23,22.4023,0.0649646,4.42002,5.1038,3.75169,2536.77,0.305595,2.09973,176447,0.933078,0.911387,0.869138,0.254718,20.9032,0.209354,9959.12,307974,312980,73256.5,5006.38,0.54974,236,335.38,5722.44,0.0446499,0.0439357,0.18771,2.74669
4088,23,22.2678,0.0147445,4.40261,5.12454,3.77504,3006.63,0.29313,2.06071,176899,0.922665,0.943846,0.748492,0.309386,21.8062,0.218273,9718.05,486478,493762,113809,7283.51,0.452977,249,379.698,7002.43,0.0282664,0.0278495,0.120826,1.88796
4201,23,22.2141,0.000979503,4.42702,5.14242,3.79397,2358.73,0.275011,1.99512,176004,0.927434,0.95453,0.949028,0.251608,23.1845,0.217399,9374.62,356846,361719,82061.6,4872.66,0.538797,251,291.696,5375.66,0.0385348,0.0380157,0.167569,2.82207
4562,23,22.2086,0,4.37582,5.20169,3.85335,3806.33,0.249253,1.91396,176619,0.892698,1.04985,0.629193,0.417309,24.6754,0.23147,9121.15,1.32305e+06,1.33704e+06,274597,13987.9,0.304241,256,410.882,9642.87,0.0103934,0.0102847,0.0500769,0.983064
4587,23,22.2049,0,4.32495,5.20552,3.85725,6264.08,0.26163,1.9614,178080,0.86429,1.08559,0.404884,0.636464,22.4911,0.218387,9842.01,3.12801e+06,3.16232e+06,653217,34316.1,0.191062,255,637.241,16871.3,0.00439608,0.00434838,0.0210512,0.400715
4612,23,22.2023,0,4.27409,5.2113,3.86308,9999.82,0.273559,2.00552,179171,0.830192,1.125,0.267255,0.93511,20.3653,0.202546,10693.7,7.08338e+06,7.16624e+06,1.47856e+06,82851.9,0.120356,252,972.051,28488.6,0.0019413,0.00191886,0.00930025,0.165971
4645,23,22.2002,0,4.22383,5.21585,3.86768,15732.4,0.285404,2.04958,180361,0.790667,1.16195,0.180007,1.35225,18.4139,0.188821,11634.2,1.52656e+07,1.54611e+07,3.22181e+06,195526,0.0774388,256,1476.86,46374.7,0.000900784,0.000889392,0.0042681,0.0703282
4663,23,22.1982,0,4.17347,5.22695,3.87881,23747.5,0.292562,2.07514,180693,0.742128,1.207,0.127435,1.88248,16.8121,0.175271,12615,3.13533e+07,3.181e+07,6.83384e+06,456657,0.0503306,264,2181.08,72572.7,0.000438581,0.000432285,0.00201219,0.0301123
4681,23,22.1952,0,4.12213,5.24031,3.89223,34819.8,0.296636,2.09011,181018,0.684699,1.25385,0.0925515,2.5492,15.4375,0.162176,13659.1,6.29639e+07,6.40073e+07,1.40775e+07,1.04336e+06,0.0332036,275,3145.21,109608,0.000218395,0.000214835,0.000976804,0.0131795
4705,23,22.1845,0,4.07186,5.24713,3.89926,50056.5,0.302195,2.11166,181972,0.625694,1.28745,0.0681254,3.38273,14.1371,0.149596,14797.7,1.11846e+08,1.1409e+08,2.71102e+07,2.24472e+06,0.022849,295,4504.73,156082,0.000122946,0.000120527,0.000507225,0.00612592
4748,23,21.9978,0,4.0207,5.25907,3.91487,67500.6,0.300802,2.10713,182165,0.555277,1.33171,0.0537424,4.31601,13.4028,0.142531,15639.6,1.89982e+08,1.9486e+08,4.97733e+07,4.87711e+06,0.0164673,358,6382.19,208873,7.23803e-05,7.05687e-05,0.000276273,0.0028195
4783,23,21.7533,0,3.9704,5.26163,3.92228,87937.7,0.302858,2.11456,182279,0.489773,1.35941,0.0433422,5.28222,12.554,0.133748,16647.9,2.93236e+08,3.02907e+08,8.35324e+07,9.67098e+06,0.0123357,373,8821.24,269959,4.6894e-05,4.53968e-05,0.000164619,0.00142188
4818,23,21.5235,0,3.91901,5.26237,3.92763,112668,0.305008,2.12235,182407,0.42529,1.38133,0.0356921,6.37293,11.7853,0.125602,17679.1,4.30073e+08,4.48635e+08,1.35324e+08,1.85624e+07,0.00950512,383,12070.5,338648,3.19736e-05,3.06507e-05,0.000101615,0.000740796
4853,23,21.3127,0,3.86771,5.26209,3.93163,142536,0.307054,2.12991,182613,0.366781,1.39908,0.0297682,7.60815,11.0886,0.118125,18734.6,6.12714e+08,6.4778e+08,2.14753e+08,3.50663e+07,0.00746344,388,16390.3,416203,2.24427e-05,2.12279e-05,6.40316e-05,0.000392142
4891,23,21.1143,0,3.81645,5.26107,3.93467,179121,0.308892,2.137,183011,0.314809,1.41358,0.0249553,9.01602,10.4288,0.111212,19866.9,8.59751e+08,9.26527e+08,3.39368e+08,6.67753e+07,0.00591531,367,22292.8,506909,1.59941e-05,1.48414e-05,4.05194e-05,0.000205929
4934,23,20.9433,0,3.76643,5.25953,3.93666,217064,0.310716,2.14302,182696,0.269609,1.42406,0.0216304,10.3286,9.8327,0.104841,21015.8,1.14736e+09,1.27147e+09,5.13589e+08,1.24113e+08,0.00480114,326,30131.1,600252,1.19849e-05,1.0815e-05,2.67743e-05,0.000110794
4984,23,20.7894,0,3.71595,5.25736,3.9377,264296,0.311958,2.14821,183244,0.228095,1.43091,0.0187298,12.0263,9.38588,0.099263,21976.6,1.48806e+09,1.71887e+09,7.81577e+08,2.30812e+08,0.00400196,296,40892.6,694941,9.2409e-06,8.00002e-06,1.75939e-05,5.95766e-05
5036,23,20.6605,0,3.66592,5.25429,3.93733,317886,0.313282,2.15271,183071,0.191994,1.43266,0.0167454,13.9211,9.01576,0.0947847,22834.8,1.89112e+09,2.31523e+09,1.17253e+09,4.24113e+08,0.00342092,328,57699.4,806946,7.27135e-06,5.93936e-06,1.17276e-05,3.2423e-05
5092,23,20.5532,0,3.61535,5.24902,3.93432,390129,0.314319,2.15662,183236,0.160096,1.42529,0.0150548,16.4991,8.69348,0.0910464,23645.5,2.36285e+09,3.13213e+09,1.77559e+09,7.6928e+08,0.00296772,371,88060.7,928192,5.81965e-06,4.3903e-06,7.74444e-06,1.78752e-05
5203,23,20.4096,0,3.56521,5.23409,3.92243,588776,0.315528,2.16125,183488,0.137678,1.38921,0.0127427,23.6562,8.24463,0.0854941,24888.9,3.47112e+09,5.06583e+09,3.29746e+09,1.59471e+09,0.00235662,408,198560,1.22258e+06,3.96154e-06,2.71446e-06,4.17018e-06,8.62287e-06
982,24,23.9916,0.714973,4.57409,4.82676,3.44488,661.736,0.506493,2.90872,178589,0.983905,0.62292,3.06028,0.0172066,3.84701,0.0470537,38458.3,3276.34,3451.86,1220.94,175.53,1.24834,172,135.204,1265.77,4.19706,3.98364,11.2626,78.34
1564,24,23.9351,0.664988,4.56419,4.8551,3.47425,714.684,0.488675,2.81904,177992,0.982154,0.645949,2.846,0.021963,4.7108,0.0566317,32540.4,4462.08,4680.27,1606.6,218.193,1.26699,186,140.761,1375.95,3.08175,2.93808,8.55907,63.0221
2074,24,23.877,0.614913,4.55913,4.88366,3.50386,747.808,0.468811,2.73001,177943,0.980576,0.669683,2.72847,0.0260954,5.55704,0.0654918,28656.7,5666.93,5916.54,1981.97,249.612,1.28279,186,140.434,1434.65,2.42653,2.32416,6.93804,55.0894
2523,24,23.8176,0.564938,4.55413,4.91133,3.53261,771.949,0.450055,2.64478,177452,0.978957,0.693183,2.64695,0.0305712,6.52925,0.0755386,25250.9,7065.53,7353.7,2398.11,288.178,1.3011,191,141.324,1496.23,1.94621,1.86994,5.7341,47.717
2921,24,23.7571,0.514978,4.54845,4.93811,3.56049,793.732,0.432524,2.56333,176547,0.977207,0.716388,2.57972,0.035838,7.68136,0.0871246,22147.8,8853.54,9190.45,2893.57,336.909,1.32068,197,143.201,1551.86,1.55316,1.49623,4.75226,40.8151
3276,24,23.6959,0.464859,4.54174,4.96417,3.58768,835.846,0.413633,2.48525,176207,0.975074,0.739429,2.45695,0.0430288,9.04946,0.100496,19425.3,11413.3,11815,3641.57,401.664,1.32221,199,146.588,1632.16,1.20482,1.16386,3.77612,34.2351
3575,24,23.6348,0.414837,4.5338,4.98931,3.61394,890.796,0.394885,2.41114,175943,0.972588,0.762099,2.31106,0.0522451,10.6396,0.115685,17050.3,15240,15727.3,4693.48,487.311,1.30715,203,151.244,1749.2,0.902296,0.874338,2.92981,28.2181
3826,24,23.5748,0.364888,4.52443,5.01362,3.63935,957.816,0.377189,2.34104,175461,0.969703,0.784537,2.15906,0.0637918,12.4354,0.132656,15014.7,20866.1,21479.4,6168.06,613.296,1.27356,210,159.671,1903.14,0.659011,0.640194,2.22939,22.4214
4029,24,23.5167,0.314875,4.51333,5.03733,3.66413,1042.14,0.360438,2.27477,174824,0.96629,0.807083,1.99532,0.0782133,14.3899,0.150582,13324.3,29816.4,30610.4,8314.12,793.983,1.21375,208,170.805,2117.04,0.461189,0.449227,1.65393,17.319
4184,24,23.4617,0.264867,4.50023,5.06033,3.68815,1162.94,0.343156,2.21338,174701,0.962076,0.829952,1.78973,0.0969348,16.4136,0.168583,11997.2,43586.8,44636.2,11746,1049.41,1.1159,219,183.732,2392.9,0.315485,0.308068,1.17069,13.1035
4302,24,23.411,0.214797,4.48481,5.08267,3.71143,1339.36,0.326847,2.15796,174725,0.956762,0.853733,1.56909,0.121827,18.3561,0.185338,10993.9,67404.6,68860.6,17575.5,1455.98,0.988179,225,203.139,2797.89,0.204007,0.199693,0.782394,9.44446
4388,24,23.3659,0.164767,4.46669,5.10444,3.73404,1589.96,0.311889,2.1096,174946,0.950051,0.879199,1.3391,0.154666,20.0673,0.200041,10279.9,111444,113554,27755,2110.33,0.83883,233,229.327,3420.28,0.123389,0.121096,0.495441,6.51603
4447,24,23.3273,0.114334,4.44542,5.12582,3.75614,1969.48,0.298183,2.06939,175655,0.94126,0.907462,1.1013,0.200361,21.4046,0.210869,9829.64,193836,197058,47118.8,3221.99,0.678131,225,265.362,4341.8,0.0709412,0.0697813,0.291836,4.26785
4488,24,23.2966,0.0645859,4.42202,5.14676,3.77765,2464.26,0.287897,2.03737,175960,0.930635,0.938783,0.901123,0.257099,22.273,0.217892,9584.86,350241,355389,80775.5,5147.42,0.533766,249,315.21,5666.58,0.0392615,0.0386928,0.170237,2.67143
4565,24,23.1704,0.0148241,4.4038,5.16736,3.80061,2960.29,0.276153,2.0017,176472,0.919365,0.97241,0.7705,0.31545,23.124,0.226369,9384.34,576044,583573,128531,7529.01,0.435508,262,356.159,7019.82,0.0238714,0.0235634,0.106986,1.8264
4680,24,23.1128,0.000979762,4.42782,5.18484,3.81917,2306.33,0.258419,1.93746,175446,0.92437,0.982323,0.976221,0.255669,24.6455,0.225728,9020.74,421671,426799,92201.7,5128.48,0.516637,249,276.893,5363.61,0.0326107,0.0322189,0.14914,2.6813
5040,24,23.1066,0,4.37753,5.24397,3.87841,3722.66,0.233015,1.85929,176299,0.887869,1.08043,0.651445,0.422383,26.0892,0.238382,8813.47,1.54149e+06,1.55618e+06,309768,14686.9,0.292037,264,388.572,9553.23,0.00892057,0.00883638,0.0443912,0.936276
5066,24,23.1023,0,4.32549,5.24845,3.88297,6227.11,0.24521,1.90679,178085,0.85724,1.11974,0.413536,0.650698,23.645,0.223989,9569.9,3.64514e+06,3.68177e+06,752962,36636,0.181244,270,605.095,16808.5,0.00377242,0.00373488,0.0182625,0.375341
5091,24,23.0994,0,4.27459,5.25313,3.88771,9827.1,0.258551,1.95312,178610,0.822817,1.15953,0.277188,0.941753,21.3017,0.207244,10434.9,8.17989e+06,8.26862e+06,1.65431e+06,88727.6,0.115328,281,929.752,28480.9,0.00168107,0.00166303,0.00831223,0.15498
5124,24,23.0971,0,4.22388,5.25734,3.89197,15283.3,0.271142,1.99779,179300,0.782625,1.19774,0.188753,1.34294,19.2001,0.192775,11380.5,1.74076e+07,1.76147e+07,3.53044e+06,207051,0.074507,283,1396.95,46309.7,0.00078994,0.000780654,0.00389498,0.0664137
5142,24,23.095,0,4.17332,5.26745,3.90211,23325,0.278247,2.02507,180365,0.732407,1.24279,0.131731,1.88494,17.4858,0.1786,12374.4,3.56625e+07,3.6149e+07,7.5253e+06,486428,0.0484668,288,2079.75,72219.9,0.000385586,0.000380398,0.0018273,0.0282693
5160,24,23.0921,0,4.1209,5.28022,3.91493,34405.8,0.282704,2.04156,180849,0.672734,1.29045,0.0951965,2.56224,16.0143,0.164971,13428,6.92046e+07,7.03726e+07,1.5569e+07,1.16808e+06,0.0319396,286,3126.64,108010,0.000198701,0.000195402,0.000883228,0.0117723
5181,24,23.0841,0,4.06993,5.2878,3.92267,49023.1,0.287934,2.06113,181558,0.611884,1.32624,0.0707025,3.36978,14.6738,0.151897,14547.9,1.23079e+08,1.25632e+08,2.97288e+07,2.55287e+06,0.0220443,300,4520.69,154169,0.000111725,0.000109455,0.000462548,0.00538647
5221,24,22.9367,0,4.01907,5.29685,3.93449,66252.2,0.288732,2.06441,181837,0.543762,1.36502,0.055656,4.30399,13.8524,0.144804,15393.2,2.03792e+08,2.09181e+08,5.36154e+07,5.38878e+06,0.016069,372,6353.9,206034,6.74756e-05,6.57373e-05,0.000256474,0.00255178
5259,24,22.6551,0,3.96805,5.29909,3.9421,85789.6,0.290698,2.07105,181729,0.477106,1.3936,0.0453073,5.24003,12.9883,0.135885,16372,3.12366e+08,3.23108e+08,8.93424e+07,1.07424e+07,0.0121052,382,8814.75,264484,4.4022e-05,4.25584e-05,0.000153913,0.00128007
5296,24,22.3986,0,3.91738,5.29963,3.94758,108841,0.292396,2.07761,182103,0.413415,1.41578,0.0374904,6.27725,12.2346,0.12796,17338.9,4.49828e+08,4.69825e+08,1.42192e+08,1.9997e+07,0.00943452,382,11790.6,328234,3.05694e-05,2.92683e-05,9.67072e-05,0.000687654
5334,24,22.159,0,3.8666,5.29926,3.95189,135871,0.294182,2.08388,182124,0.355989,1.43418,0.0316565,7.41533,11.5483,0.120621,18322.9,6.29105e+08,6.66448e+08,2.21564e+08,3.73431e+07,0.00748816,385,15914.3,398936,2.1858e-05,2.06332e-05,6.20633e-05,0.000368233
5376,24,21.9311,0,3.81573,5.29818,3.9553,168207,0.295808,2.08969,182198,0.305208,1.44952,0.0269078,8.68507,10.9004,0.113956,19367.3,8.62649e+08,9.33355e+08,3.43966e+08,7.07061e+07,0.0059944,378,21630.8,480555,1.59404e-05,1.47329e-05,3.99778e-05,0.000194481
5424,24,21.7282,0,3.76497,5.29658,3.95773,206194,0.296991,2.0946,182727,0.258823,1.46107,0.0231395,10.076,10.299,0.107736,20463.9,1.13972e+09,1.27099e+09,5.24788e+08,1.31272e+08,0.00490186,311,29088.6,563240,1.20652e-05,1.08191e-05,2.62029e-05,0.000104752
5479,24,21.5475,0,3.71475,5.29441,3.95919,246903,0.298233,2.09864,182493,0.218892,1.46882,0.0204904,11.5696,9.8584,0.102135,21340.6,1.47075e+09,1.71273e+09,7.86436e+08,2.41981e+08,0.00412516,307,39221.8,653893,9.34966e-06,8.02871e-06,1.74852e-05,5.68268e-05
5539,24,21.3931,0,3.6647,5.29137,3.95927,298056,0.298937,2.1018,183023,0.183035,1.47126,0.0182403,13.4678,9.49675,0.0977263,22131.1,1.84245e+09,2.28555e+09,1.17967e+09,4.43106e+08,0.00355882,359,55314.4,749159,7.46344e-06,6.01648e-06,1.16567e-05,3.10332e-05
5605,24,21.2611,0,3.61464,5.28629,3.95689,359577,0.299716,2.10405,182626,0.152949,1.46468,0.0166346,15.7386,9.18904,0.0941545,22846.8,2.27256e+09,3.06442e+09,1.76375e+09,7.91859e+08,0.00310306,383,83518.3,857400,6.05088e-06,4.4873e-06,7.79644e-06,1.73654e-05
5737,24,21.0634,0,3.56462,5.27293,3.94758,539803,0.299088,2.10246,183147,0.130122,1.43212,0.0143094,22.5993,8.79717,0.0889112,23885.9,3.25968e+09,4.89553e+09,3.24932e+09,1.63585e+09,0.00251126,404,188200,1.11397e+06,4.21851e-06,2.80889e-06,4.23196e-06,8.40601e-06
989,25,24.9905,0.714973,4.58033,4.87139,3.47179,620.19,0.489662,2.82639,178250,0.983943,0.643982,3.26871,0.0165918,4.09305,0.049269,37379.3,3304.37,3465.2,1196.23,160.835,1.28055,178,121.092,1189.85,4.16146,3.96831,11.4953,85.4975
1648,25,24.9247,0.664944,4.57032,4.89935,3.5009,671.037,0.471304,2.73868,177736,0.982161,0.667261,3.03075,0.0213,5.03106,0.0594772,31504.1,4480.58,4684.82,1583.52,204.239,1.30042,181,128.168,1287.5,3.06902,2.93522,8.6838,67.3279
2235,25,24.8573,0.614915,4.56516,4.92744,3.53017,692.582,0.452764,2.65173,177043,0.980645,0.691115,2.95054,0.0251331,5.95349,0.068994,27556.5,5668.04,5906.29,1919.97,238.25,1.32713,188,129.825,1349.04,2.42606,2.32819,7.16209,57.7166
2750,25,24.7883,0.564964,4.56004,4.95467,3.5586,717.831,0.433343,2.56852,176724,0.978979,0.714716,2.84726,0.0297023,7.02925,0.079702,24167.5,7239.64,7511.63,2344.51,271.991,1.34698,192,129.147,1409.66,1.8994,1.83063,5.86519,50.5568
3202,25,24.7178,0.514936,4.55421,4.98105,3.58622,752.958,0.413492,2.48881,176605,0.977051,0.738009,2.71725,0.0355044,8.29099,0.0923217,21207.5,9157.74,9479.99,2928.69,322.25,1.35442,192,132.073,1464.99,1.50157,1.45053,4.69527,42.6718
3601,25,24.6468,0.464966,4.54735,5.00661,3.61303,789.247,0.395098,2.41273,176021,0.974907,0.761014,2.60063,0.0426647,9.80305,0.106575,18498.8,11915.9,12298.1,3672.47,382.179,1.36095,204,134.323,1555.84,1.154,1.11814,3.74434,35.9805
3950,25,24.5757,0.414928,4.53921,5.03137,3.63904,839.152,0.377399,2.34038,175320,0.972378,0.783747,2.46927,0.0518937,11.5426,0.122837,16170.6,15996.1,16462.5,4735.92,466.377,1.34988,207,138.911,1661.71,0.859646,0.835293,2.90355,29.4847
4230,25,24.5057,0.364856,4.52957,5.05536,3.66428,898.518,0.359672,2.27174,174792,0.969453,0.806281,2.30412,0.0631847,13.4992,0.140808,14220.5,21985.7,22570.9,6209.7,585.119,1.31074,201,145.759,1810.8,0.62545,0.609236,2.21443,23.5012
1029,30,29.9835,0.714984,4.60649,5.06414,3.58544,461.374,0.415868,2.49008,175853,0.984114,0.737055,4.41922,0.0147993,5.61721,0.0623839,31175.3,3546.3,3671.24,1107.49,124.946,1.48137,194,82.2425,906.589,3.87756,3.7456,12.4164,110.055
2181,30,29.8613,0.664991,4.59594,5.08992,3.61299,504.705,0.396122,2.41144,175526,0.982177,0.760527,4.05941,0.0195824,7.02421,0.0762186,25773.4,4990.91,5149.75,1512.41,158.845,1.5113,202,86.4416,996.967,2.75521,2.67022,9.0921,86.5686
3206,30,29.7356,0.614951,4.59025,5.11573,3.64063,523.537,0.376143,2.33345,175086,0.980523,0.784295,3.90925,0.0236952,8.46482,0.0895558,22094.7,6402,6587.43,1875.13,185.437,1.54905,213,86.9183,1038.36,2.14792,2.08746,7.33337,74.1544
4116,30,29.6069,0.564968,4.58451,5.14071,3.6675,543.156,0.357352,2.25884,174323,0.978713,0.807669,3.79553,0.0286194,10.1515,0.104715,18978.6,8517.37,8735.56,2329.63,218.192,1.58633,212,87.9657,1084.76,1.61446,1.57414,5.90265,63.0223
4928,30,29.4756,0.514944,4.57795,5.16489,3.69361,569.78,0.337792,2.18739,173916,0.976606,0.830587,3.62625,0.0348848,12.1547,0.122021,16333.2,11025.8,11285.9,2961.13,260.133,1.60208,211,89.5632,1138.8,1.24717,1.21842,4.64384,52.8614
5652,30,29.3429,0.464947,4.57021,5.18836,3.71903,593.929,0.320922,2.11917,172750,0.974292,0.853194,3.49699,0.042251,14.4825,0.14161,14057.2,14852.3,15169.4,3738.23,317.135,1.61109,218,92.2382,1208.88,0.925851,0.906495,3.67847,43.3601
6269,30,29.2105,0.414987,4.56102,5.21108,3.74372,640.29,0.301921,2.05445,172471,0.971334,0.875513,3.25644,0.0522755,17.0863,0.16304,12248.4,20465.4,20859.4,5030.02,393.996,1.56429,223,95.6559,1298.52,0.671915,0.659223,2.73378,34.9013
6765,30,29.0796,0.364981,4.5501,5.23319,3.76778,696.243,0.284697,1.99341,171855,0.967845,0.897893,3.01424,0.0644819,19.8604,0.185038,10797.5,29837.1,30345.1,6904.94,508.022,1.4828,235,101.268,1447.53,0.460869,0.453153,1.99147,27.0677
7153,30,28.9525,0.314902,4.53707,5.25487,3.79137,781.135,0.266965,1.93651,171741,0.963386,0.920943,2.70628,0.0805384,22.658,0.20652,9698.92,46371.8,47059.7,10088.3,687.848,1.34583,226,110.237,1637.86,0.296537,0.292203,1.36306,19.9913
7452,30,28.8326,0.264966,4.52164,5.27597,3.81427,903.784,0.250044,1.88549,171962,0.957715,0.945238,2.36182,0.101491,25.2476,0.225521,8905.05,72935.4,73891.5,15632.6,956.177,1.16808,239,120.872,1928.42,0.188537,0.186097,0.879636,14.3812
7675,30,28.7219,0.214792,4.50324,5.29667,3.83664,1078.08,0.235298,1.84155,172235,0.950467,0.972014,2.00975,0.129009,27.4337,0.241217,8356.58,124384,125811,25593.8,1427.03,0.97068,251,138.222,2370.53,0.110553,0.109299,0.537278,9.63606
7823,30,28.6248,0.16483,4.48144,5.31693,3.85836,1330.23,0.223022,1.80639,172703,0.941166,1.00236,1.65647,0.165793,29.0315,0.252971,8023.44,226253,228477,44222.1,2223.56,0.770606,246,160.54,3045.78,0.060777,0.0601855,0.310953,6.18423
7919,30,28.5436,0.114678,4.45561,5.33696,3.87963,1737.44,0.212855,1.78091,173778,0.928534,1.03782,1.30453,0.220229,29.9117,0.259511,7889.23,428011,431765,83615,3753.09,0.580729,260,194.648,4100.35,0.0321276,0.0318483,0.164456,3.66391
7980,30,28.4806,0.0644658,4.42574,5.35685,3.90048,2331.81,0.206743,1.76505,174474,0.91237,1.07916,1.00795,0.294302,30.0147,0.260255,7923.2,853219,860057,162333,6837.49,0.422686,278,245.678,5805.63,0.0161166,0.0159885,0.0847086,2.01112
8105,30,28.2121,0.0149646,4.39722,5.37521,3.92295,3074.59,0.200539,1.74815,175154,0.892779,1.12556,0.795437,0.385519,30.0522,0.26179,7975.2,1.63242e+06,1.64513e+06,303943,12713.8,0.311851,287,315.74,8015.39,0.0084237,0.00835861,0.045242,1.08158
8231,30,28.0499,0.000986379,4.41635,5.38983,3.94008,2532.63,0.184681,1.69319,174436,0.895652,1.13406,0.960201,0.332949,32.1331,0.260887,7606.68,1.35639e+06,1.36631e+06,249114,9918.49,0.351251,288,265.287,6465.72,0.0101379,0.0100643,0.0551995,1.3864
8591,30,28.0343,0,4.36455,5.4555,4.00599,3993.35,0.161663,1.61792,174689,0.839788,1.26115,0.673346,0.534112,33.6151,0.267739,7476.63,4.88725e+06,4.92237e+06,855093,35119,0.194796,287,409.102,11281.6,0.00281365,0.00279357,0.0160813,0.391554
8616,30,28.0269,0,4.31252,5.45507,4.00568,6448.45,0.177157,1.67343,175785,0.804299,1.30352,0.441996,0.77001,29.4563,0.245386,8374.5,1.0036e+07,1.01202e+07,1.80805e+06,84256.4,0.125592,298,634.285,19079.6,0.00137017,0.00135877,0.00760543,0.163204
8641,30,28.0227,0,4.26229,5.45764,4.00831,10033.9,0.189723,1.71926,177077,0.762756,1.34739,0.299397,1.08042,26.1563,0.224815,9287.07,1.92918e+07,1.94876e+07,3.69106e+06,195798,0.0824958,293,959.181,30414.8,0.000712788,0.000705626,0.00372549,0.0702306
8670,30,28.0195,0,4.21207,5.46141,4.01213,15197.9,0.200958,1.75892,177875,0.714929,1.39063,0.210294,1.49019,23.4881,0.208717,10198.6,3.65521e+07,3.70033e+07,7.32377e+06,451250,0.0554996,298,1444.85,47651.4,0.000376203,0.000371615,0.00187758,0.0304731
8688,30,28.0168,6.04761e-29,4.15954,5.46829,4.01905,22590,0.209282,1.78859,178652,0.657008,1.43681,0.150512,2.02238,21.2221,0.192492,11170,6.7507e+07,6.85492e+07,1.45405e+07,1.04218e+06,0.037349,306,2140.53,71451.9,0.000203697,0.0002006,0.000945705,0.0131944
8704,30,28.0143,0,4.109,5.47688,4.02768,31884.5,0.214151,1.80646,179445,0.594383,1.48031,0.113181,2.6394,19.5022,0.178702,12080.2,1.16777e+08,1.19072e+08,2.70793e+07,2.29556e+06,0.026293,313,3098.46,101194,0.000117755,0.000115484,0.000507805,0.00599025
8720,30,28.0111,6.04446e-27,4.05806,5.48522,4.03607,43097.3,0.217628,1.81875,179797,0.528738,1.51945,0.0886812,3.3237,18.0886,0.166571,12966.7,1.87337e+08,1.92149e+08,4.76092e+07,4.81119e+06,0.0191756,320,4361.33,134796,7.34023e-05,7.15643e-05,0.00028883,0.00285813
8738,30,28.0006,0,4.00571,5.49062,4.04163,56329.1,0.221671,1.83211,179621,0.463592,1.55033,0.0715439,4.06638,16.8445,0.155775,13852.4,2.8425e+08,2.93821e+08,7.91628e+07,9.57131e+06,0.0144343,342,6012.28,176225,4.83764e-05,4.68006e-05,0.000173705,0.00143669
8756,30,27.9739,0,3.95483,5.48956,4.04099,72831.7,0.228043,1.85409,179917,0.405935,1.5666,0.0579683,4.91512,15.6181,0.145954,14817.9,4.08422e+08,4.26092e+08,1.24298e+08,1.76701e+07,0.0112332,364,8199.03,224304,3.36685e-05,3.22723e-05,0.000110629,0.000778205
8774,30,27.9422,0,3.90472,5.49198,4.0439,90720.3,0.230642,1.86379,180532,0.348809,1.58539,0.0487316,5.80705,14.7639,0.138109,15622.4,5.52717e+08,5.8433e+08,1.8816e+08,3.16132e+07,0.00907166,377,10889.3,270874,2.48789e-05,2.35329e-05,7.30813e-05,0.000434976
8809,30,27.7595,0,3.85463,5.4919,4.04667,110467,0.232924,1.87145,180481,0.298543,1.60209,0.0419899,6.76779,14.0888,0.132158,16322.5,7.39929e+08,7.96275e+08,2.80056e+08,5.63454e+07,0.00747224,408,14310.8,322625,1.85842e-05,1.72692e-05,4.91008e-05,0.000244048
8870,30,27.405,0,3.80451,5.48996,4.05031,133276,0.233732,1.87462,180813,0.252187,1.61826,0.036782,7.81421,13.469,0.126332,17055.6,9.48711e+08,1.05073e+09,4.1559e+08,1.02022e+08,0.0062598,387,18896.4,373551,1.44944e-05,1.30871e-05,3.30879e-05,0.000134785
8957,30,26.9956,0,3.75423,5.48737,4.05425,156224,0.233498,1.87405,181018,0.210399,1.63251,0.0330888,8.79263,12.9332,0.121125,17767.6,1.17592e+09,1.35749e+09,6.01752e+08,1.8157e+08,0.00536435,363,24535.3,421693,1.16938e-05,1.01297e-05,2.28516e-05,7.57339e-05
9063,30,26.6157,0,3.70394,5.48425,4.05729,181374,0.233213,1.8729,180850,0.174658,1.64295,0.0303396,9.90073,12.5484,0.116184,18319.3,1.44239e+09,1.7714e+09,8.7647e+08,3.29017e+08,0.00470247,323,32668.8,472875,9.5335e-06,7.76276e-06,1.56891e-05,4.17942e-05
9190,30,26.2401,0,3.6536,5.48021,4.05942,211598,0.232167,1.86943,180929,0.143337,1.6479,0.0282792,11.2957,12.2882,0.112532,18732.7,1.69221e+09,2.28056e+09,1.28344e+09,5.8835e+08,0.00423171,372,45882.5,521729,8.12604e-06,6.02965e-06,1.07142e-05,2.33721e-05
9374,30,25.7284,0,3.60349,5.47368,4.06145,251899,0.228672,1.85757,180947,0.11605,1.64499,0.0271792,13.3025,12.2114,0.110161,18936.2,1.9451e+09,2.98822e+09,1.91122e+09,1.04312e+09,0.00390674,388,71776.7,571519,7.06955e-06,4.60173e-06,7.19488e-06,1.31826e-05
9865,30,23.4441,0,3.65379,5.46373,4.09187,162863,0.209586,1.78934,180248,0.124751,1.69974,0.0383167,9.65284,14.0446,0.122756,16872,1.20752e+09,1.72534e+09,1.02522e+09,5.17811e+08,0.00547174,378,38531.4,389505,1.13877e-05,7.97004e-06,1.34128e-05,2.6556e-05
9905,30,23.2462,0,3.70425,5.46336,4.09519,137760,0.208822,1.78137,180113,0.151161,1.70515,0.0421077,8.34649,14.3706,0.128139,16505.2,9.96108e+08,1.27802e+09,6.75494e+08,2.81911e+08,0.00616515,368,26614.7,345465,1.38047e-05,1.07596e-05,2.03569e-05,4.87777e-05
10320,30,22.2316,0,3.65424,5.45248,4.10369,173229,0.209243,1.77435,180306,0.127685,1.73191,0.0378144,9.97804,13.6549,0.12375,17361.1,1.29215e+09,1.83775e+09,1.09036e+09,5.45607e+08,0.00525614,387,40186.3,415140,1.0642e-05,7.4825e-06,1.26114e-05,2.52031e-05
11354,30,19.8788,1.32698e-33,3.60418,5.42287,4.12266,205402,0.201479,1.73789,180154,0.102353,1.77172,0.0386683,11.6274,13.5515,0.124173,17665.3,1.45042e+09,2.39952e+09,1.60923e+09,9.49099e+08,0.00500105,399,61604.7,455456,9.48068e-06,5.73072e-06,8.54505e-06,1.44885e-05
11794,30,19.639,0,3.55413,5.3887,4.09376,463923,0.239055,1.87621,181313,0.100452,1.787,0.0247606,22.7553,11.1895,0.110986,20387.5,2.84504e+09,4.82182e+09,3.39509e+09,1.97678e+09,0.00315121,441,184884,947786,4.83332e-06,2.85183e-06,4.05025e-06,6.95626e-06
1131,40,39.9628,0.714999,4.64204,5.34716,3.74368,301.446,0.303965,2.05035,171431,0.984022,0.873696,6.87652,0.0155866,10.7893,0.101812,19340.1,4740.11,4831.09,1128.9,90.9739,2.05621,216,45.8056,610.932,2.90098,2.84636,12.1809,151.153
3526,40,39.6802,0.664993,4.63038,5.36854,3.76814,330.339,0.285134,1.98543,170919,0.981885,0.895048,6.28702,0.0211915,13.7482,0.125795,15588.3,7049.64,7168.23,1581.31,118.585,2.1019,228,48.5842,676.112,1.95059,1.91833,8.69596,115.959
5664,40,39.3898,0.614982,4.62362,5.38992,3.79272,342.619,0.267889,1.92101,169856,0.98003,0.916424,6.09861,0.0262645,16.825,0.148981,13044.9,9376.68,9519.54,2002.13,142.858,2.16748,231,49.5566,698.623,1.46651,1.4445,6.86817,96.2566
7555,40,39.0927,0.564974,4.61662,5.41066,3.81675,354.863,0.251295,1.85897,168731,0.977975,0.937278,5.91646,0.0320849,20.2942,0.174126,11060.1,12878.6,13051.8,2535.46,173.29,2.19936,225,50.7298,741.674,1.06774,1.05357,5.42346,79.3524
9234,40,38.79,0.514981,4.60858,5.43077,3.84023,374.387,0.233851,1.79956,168018,0.975466,0.95773,5.62885,0.039331,24.1295,0.200299,9518.87,18324.2,18537.9,3341.77,213.668,2.16108,235,52.2654,793.757,0.750428,0.741778,4.11488,64.3568
10729,40,38.4839,0.464975,4.59905,5.45041,3.86331,396.108,0.218048,1.7428,167011,0.972554,0.97815,5.32895,0.0475842,28.1611,0.226458,8324.37,26640.7,26913.2,4442.28,272.581,2.06719,236,54.8373,859.916,0.516165,0.510938,3.09548,50.4473
11975,40,38.1781,0.414991,4.58767,5.46956,3.88593,434.988,0.202286,1.68976,166308,0.968702,0.999069,4.92955,0.0584698,32.1457,0.25155,7439.53,41633,41995.2,6396.56,362.22,1.89411,239,58.8212,970.675,0.330291,0.327442,2.14975,37.9631
12991,40,37.876,0.364988,4.57405,5.48833,3.90814,493.131,0.185152,1.64123,166501,0.963679,1.02131,4.37066,0.0723238,35.8275,0.273729,6818.38,66169,66675.8,9865.88,506.733,1.63436,250,64.9166,1115.62,0.207816,0.206237,1.39379,27.1365
13766,40,37.5834,0.314978,4.55763,5.50689,3.93008,588.09,0.168272,1.59862,167475,0.956718,1.04632,3.71355,0.0919532,38.9874,0.292475,6395.54,113300,114071,16940.7,771.585,1.33266,243,75.5861,1347.11,0.121368,0.120547,0.811711,17.8217
14347,40,37.3082,0.264941,4.53787,5.52525,3.95162,719.88,0.155103,1.56375,168288,0.947755,1.07556,3.08639,0.117597,41.3773,0.306117,6121.56,203706,204942,30254.6,1236.13,1.04865,258,89.8512,1701.42,0.067504,0.0670969,0.454509,11.1243
14754,40,37.0596,0.214942,4.5141,5.54343,3.97271,925.902,0.144645,1.53802,169522,0.935612,1.11049,2.46195,0.154473,42.7815,0.314201,5993.93,382521,384661,58291.6,2140.27,0.788237,264,111.226,2241.17,0.0359484,0.0357483,0.2359,6.42489
15012,40,36.8466,0.164768,4.48523,5.56169,3.99348,1248.76,0.138006,1.52225,170684,0.919337,1.15294,1.89531,0.207972,43.0379,0.314591,6004.45,765016,769063,118605,4046.87,0.568668,280,143.606,3128.02,0.0179748,0.0178802,0.115939,3.39793
15164,40,36.6804,0.114796,4.45048,5.57989,4.01364,1774.52,0.134925,1.51734,171929,0.897578,1.20383,1.39727,0.287694,42.0458,0.308492,6168.1,1.63503e+06,1.64346e+06,253778,8425.19,0.392116,286,194.238,4668.98,0.00841023,0.00836712,0.0541851,1.63213
15248,40,36.5644,0.0647569,4.40884,5.59832,4.03344,2636.79,0.135655,1.5229,172736,0.868619,1.26461,0.995596,0.40549,39.8485,0.295267,6502.72,3.51864e+06,3.53836e+06,562239,19728.9,0.258559,293,278.572,7306.72,0.00390805,0.00388626,0.0244575,0.696996
15664,40,35.371,0.01495,4.34332,5.61036,4.05989,4788.6,0.139381,1.54058,174232,0.810637,1.35954,0.601325,0.669437,36.0689,0.274171,7153.18,1.03679e+07,1.04394e+07,1.74583e+06,71556.1,0.14085,321,485.118,14240.5,0.00132631,0.00131722,0.00787647,0.192171
15797,40,35.0467,0.000985986,4.35085,5.62257,4.0761,4387.83,0.128674,1.50201,173798,0.804095,1.37592,0.662446,0.636459,37.8898,0.27251,6894.12,1.05738e+07,1.06433e+07,1.75246e+06,69540.3,0.143706,324,449.898,12950.2,0.00130048,0.00129198,0.00784668,0.197741
16155,40,34.9883,0,4.29921,5.6653,4.11955,6419.5,0.119042,1.46825,174020,0.727113,1.48651,0.500587,0.907974,37.355,0.264953,7070.13,2.48659e+07,2.50801e+07,4.47856e+06,214209,0.0900175,318,664.541,19512.3,0.000553007,0.000548283,0.0030704,0.0641942
16176,40,34.9809,0,4.24696,5.67553,4.12988,9593.74,0.125179,1.49242,175012,0.66742,1.54735,0.357941,1.23549,33.7747,0.244688,7765.13,4.50188e+07,4.55427e+07,8.88788e+06,523913,0.0609591,327,999.161,29593.5,0.00030545,0.000301936,0.00154716,0.0262467
16197,40,34.974,0,4.195,5.68027,4.13471,13952,0.133102,1.5221,175751,0.608385,1.59579,0.261911,1.63216,30.4029,0.226092,8548.2,7.55452e+07,7.67132e+07,1.63382e+07,1.16795e+06,0.0428469,337,1458.16,43213.6,0.000182023,0.000179252,0.000841647,0.0117736
16217,40,34.969,0,4.14312,5.68204,4.13654,19775,0.141356,1.55272,176593,0.549274,1.63481,0.195032,2.10551,27.4079,0.208757,9392,1.20527e+08,1.2302e+08,2.85463e+07,2.49292e+06,0.0309292,354,2121.73,60984,0.000114091,0.000111779,0.000481708,0.00551602
16236,40,34.9654,0,4.09174,5.68117,4.13571,26939.6,0.150175,1.58389,176752,0.493082,1.66441,0.150159,2.62009,24.7785,0.192943,10281.9,1.83514e+08,1.88446e+08,4.68432e+07,4.93235e+06,0.0229862,365,2987.82,83749.4,7.49317e-05,7.29704e-05,0.000293554,0.00278792
16257,40,34.963,0,4.0412,5.67996,4.13453,35777,0.157659,1.61083,177338,0.437019,1.68811,0.118236,3.2112,22.6659,0.179685,11141.3,2.63684e+08,2.73032e+08,7.42268e+07,9.34759e+06,0.0176301,365,4146.16,109878,5.21494e-05,5.0364e-05,0.000185256,0.00147107
16275,40,34.9591,0,3.98935,5.67851,4.13313,46426.5,0.164293,1.63453,177860,0.380739,1.70736,0.0953517,3.87805,20.9277,0.168765,11971.6,3.68231e+08,3.85241e+08,1.14401e+08,1.70099e+07,0.0138638,367,5615.48,140281,3.73434e-05,3.56945e-05,0.0001202,0.000808411
16291,40,34.9541,0,3.93915,5.67759,4.13228,57860.1,0.169336,1.65262,178405,0.328538,1.72278,0.0795512,4.54853,19.5766,0.159372,12720.6,4.87389e+08,5.16539e+08,1.67346e+08,2.91495e+07,0.0112915,380,7366.01,171125,2.82136e-05,2.66214e-05,8.2171e-05,0.00047174
16308,40,34.9489,0,3.88728,5.67683,4.13158,70970.2,0.173735,1.6682,178808,0.279715,1.73611,0.0673691,5.27482,18.4108,0.151033,13454.5,6.3463e+08,6.84731e+08,2.42188e+08,5.01014e+07,0.00931128,367,9684.74,205462,2.16677e-05,2.00823e-05,5.67783e-05,0.000274463
16329,40,34.9427,0,3.83596,5.6759,4.13073,87451.9,0.177952,1.68298,179095,0.238384,1.74787,0.0573919,6.14735,17.3235,0.142885,14226,8.30454e+08,9.19078e+08,3.58195e+08,8.86238e+07,0.00769831,378,12800.8,246011,1.65584e-05,1.49617e-05,3.83897e-05,0.000155161
16357,40,34.9358,0,3.78577,5.67441,4.12932,105901,0.18201,1.69678,178980,0.203498,1.75624,0.04974,7.06647,16.3633,0.135324,14986.5,1.0666e+09,1.22438e+09,5.2581e+08,1.57779e+08,0.00644535,377,16984.5,291562,1.28924e-05,1.1231e-05,2.6152e-05,8.71534e-05
16399,40,34.9272,9.79579e-27,3.73564,5.67173,4.12674,128526,0.186046,1.71092,179294,0.172783,1.75993,0.0431313,8.15818,15.489,0.128747,15754.2,1.34197e+09,1.6259e+09,7.79916e+08,2.83924e+08,0.00546281,381,22816.4,341226,1.02469e-05,8.45748e-06,1.76314e-05,4.84319e-05
16458,40,34.9151,0,3.68504,5.66673,4.12189,158864,0.190827,1.72762,179672,0.146616,1.75643,0.0372103,9.5757,14.622,0.122449,16590.3,1.71046e+09,2.23564e+09,1.19882e+09,5.25179e+08,0.00463002,390,32094.1,404774,8.03934e-06,6.1508e-06,1.14704e-05,2.61834e-05
16539,40,34.8969,0,3.63474,5.65814,4.11354,200448,0.196568,1.74713,179603,0.125106,1.74035,0.0321764,11.4562,13.766,0.116366,17497,2.15714e+09,3.11683e+09,1.86503e+09,9.59688e+08,0.00391781,395,49648.2,484832,6.37463e-06,4.41185e-06,7.37307e-06,1.43286e-05
16683,40,34.8608,0,3.58469,5.64249,4.09833,285055,0.2028,1.76863,179891,0.108201,1.6955,0.0268433,15.2942,12.8229,0.10904,18638.1,2.93502e+09,4.79603e+09,3.22673e+09,1.86102e+09,0.00318472,397,94802,621922,4.68515e-06,2.86716e-06,4.26158e-06,7.38897e-06
1277,50,49.9307,0.714994,4.66468,5.55003,3.84985,218.108,0.229323,1.77208,166653,0.983753,0.964222,9.6251,0.0189821,20.1079,0.16228,11490.2,7033,7111.83,1225.08,78.8292,2.87055,230,30.6262,459.722,1.95521,1.93354,11.2246,174.44
5108,50,49.439,0.664987,4.65198,5.56758,3.8717,237.434,0.215145,1.71706,165341,0.981511,0.982486,8.91303,0.0253932,25.1643,0.195785,9350.31,10758.8,10865.1,1713.26,106.273,2.88685,237,33.1191,508.535,1.27811,1.26561,8.0262,129.393
8469,50,48.9342,0.614995,4.64417,5.58523,3.8938,247.881,0.198964,1.66213,164522,0.979427,1.00071,8.5179,0.0310717,30.1019,0.225681,7977.73,15616.3,15747.7,2225.57,131.435,2.85055,237,34.1883,542.987,0.880555,0.873206,6.17863,104.622
11573,50,48.4186,0.565,4.63594,5.60243,3.91559,261.732,0.183549,1.60929,163652,0.976934,1.01876,8.12776,0.0376271,35.188,0.254521,6955.95,22769.7,22942.4,2979.53,172.667,2.73837,246,37.0293,584.198,0.603915,0.59937,4.61516,79.6386
14282,50,47.8934,0.514988,4.6264,5.61921,3.93711,282.862,0.167773,1.55898,163109,0.973757,1.03705,7.60617,0.0455995,40.2206,0.28181,6203.18,34991.1,35222.2,4225.25,231.136,2.51846,243,40.3221,644.465,0.392986,0.390407,3.25448,59.4932
16651,50,47.3624,0.464978,4.61502,5.63576,3.9585,312.043,0.152034,1.51177,162896,0.969708,1.0564,6.94693,0.0552367,45,0.307325,5649.2,55786.4,56107.7,6305.38,321.311,2.20991,238,44.6808,719.616,0.246494,0.245082,2.18083,42.7965
18651,50,46.8317,0.414983,4.60132,5.65207,3.97971,360.248,0.135883,1.46931,163488,0.964065,1.0781,6.09467,0.0684826,49.2462,0.328181,5260.43,94463.9,94929.7,10489.3,465.777,1.82905,251,50.4148,854.981,0.145569,0.144854,1.31096,29.5227
20251,50,46.3086,0.364997,4.58477,5.66821,4.00073,427.98,0.122274,1.43307,164214,0.956623,1.10367,5.20987,0.085743,52.7175,0.344448,4991.43,164177,164896,18439.7,718.811,1.45733,258,58.7707,1038.93,0.0837569,0.0833918,0.745728,19.1302
21514,50,45.8044,0.314984,4.5646,5.68443,4.02171,523.544,0.112064,1.40406,164751,0.94683,1.13483,4.35229,0.108481,55.1574,0.353849,4826.13,301039,302213,33727.8,1173.67,1.12515,265,69.9947,1321.79,0.0456784,0.045501,0.407705,11.7162
22416,50,45.3368,0.264952,4.54002,5.70075,4.04248,685.497,0.103304,1.38355,166282,0.932725,1.17305,3.43044,0.143728,56.3641,0.358415,4769.39,570045,572145,69092.3,2100.18,0.822599,261,87.4556,1747.49,0.0241226,0.0240341,0.199023,6.54754
23015,50,44.9255,0.214902,4.51007,5.71724,4.06292,929.016,0.0984372,1.3722,167462,0.914299,1.21949,2.62457,0.192532,56.0139,0.354896,4825.26,1.14438e+06,1.14848e+06,142946,4102.15,0.58281,278,113.685,2489.39,0.0120161,0.0119732,0.0961972,3.35214
23366,50,44.5933,0.164935,4.47342,5.73403,4.08294,1338.42,0.0967708,1.37093,168609,0.889193,1.27585,1.91998,0.266981,54.014,0.343893,5013.17,2.39168e+06,2.40074e+06,313322,9066.64,0.395296,286,157.521,3712.42,0.00574951,0.0057278,0.0438877,1.51666
23548,50,44.3557,0.114692,4.42818,5.75117,4.1024,2104.58,0.0975065,1.38082,170722,0.853591,1.34394,1.2987,0.391475,50.3274,0.325723,5376.01,5.29115e+06,5.314e+06,756096,22851.3,0.250717,294,232.015,6050.48,0.00259886,0.00258769,0.0181868,0.601759
24060,50,43.0518,0.0649826,4.3524,5.76236,4.12654,4167.54,0.104272,1.41084,172555,0.7838,1.45151,0.730369,0.677444,43.6505,0.293773,6151.87,1.59226e+07,1.60211e+07,2.56405e+06,98451.9,0.128433,331,437.476,12631.9,0.000863612,0.000858305,0.005363,0.139672
24502,50,41.3436,0.014894,4.22801,5.77574,4.15751,10767.8,0.115434,1.45626,174577,0.637106,1.60906,0.333602,1.40971,34.718,0.243486,7638.3,6.79028e+07,6.87718e+07,1.36027e+07,869037,0.0500952,359,1136.7,33748.6,0.00020251,0.000199951,0.0010109,0.0158232
24627,50,40.9396,0.00099922,4.21445,5.7874,4.17344,11169.8,0.109279,1.43272,174107,0.602846,1.64218,0.332878,1.46856,35.1082,0.236169,7605.95,7.89284e+07,8.0099e+07,1.66697e+07,1.17063e+06,0.0456969,358,1225.51,34609,0.000174221,0.000171675,0.000824911,0.0117467
24981,50,40.8724,0,4.16191,5.80981,4.19656,14380.5,0.104819,1.41629,174247,0.514771,1.71204,0.280366,1.83735,34.2886,0.228784,7826.75,1.25566e+08,1.28354e+08,3.05264e+07,2.78777e+06,0.034283,356,1684.27,43439.3,0.000109512,0.000107133,0.000450462,0.00493261
24995,50,40.8712,0,4.1115,5.81809,4.20486,18556.8,0.106589,1.42382,174828,0.446886,1.75433,0.230363,2.23545,32.2652,0.215549,8301.13,1.80328e+08,1.859e+08,4.91993e+07,5.5722e+06,0.0267526,363,2278.7,54969.1,7.62554e-05,7.39697e-05,0.000279495,0.00246778
25010,50,40.8699,0,4.06034,5.82441,4.21119,23254.6,0.108364,1.43096,175180,0.382181,1.78901,0.194848,2.65651,30.536,0.204181,8753.79,2.4545e+08,2.55965e+08,7.53113e+07,1.05145e+07,0.0216072,363,3024.5,67449.6,5.60235e-05,5.37222e-05,0.000182589,0.00130782
25026,50,40.8676,0,4.00754,5.82919,4.21599,28131.8,0.110124,1.43755,175171,0.322019,1.81712,0.168787,3.06553,29.0709,0.194424,9176.82,3.19121e+08,3.37974e+08,1.09548e+08,1.8853e+07,0.0179056,381,3937.72,80216.3,4.30902e-05,4.06865e-05,0.000125525,0.000729377
25043,50,40.8608,0,3.95626,5.83221,4.21908,33396.3,0.111691,1.44396,175630,0.269145,1.83822,0.148895,3.49443,27.8653,0.186407,9557,3.97091e+08,4.28272e+08,1.52113e+08,3.11808e+07,0.0153855,379,4962.43,92986.5,3.46293e-05,3.21081e-05,9.03998e-05,0.000441008
25063,50,40.8477,1.39168e-30,3.90433,5.83363,4.22065,39238.2,0.113594,1.4516,176159,0.223207,1.85459,0.132385,3.94958,26.7482,0.179304,9934.78,4.83565e+08,5.33234e+08,2.06113e+08,4.96697e+07,0.0134454,379,6173.78,106250,2.84367e-05,2.57879e-05,6.67158e-05,0.000276849
25093,50,40.8157,0,3.85351,5.82691,4.21427,49059.5,0.120698,1.4785,176789,0.192829,1.86113,0.10929,4.59223,24.6751,0.169942,10683.1,6.12285e+08,6.94065e+08,2.90339e+08,8.17796e+07,0.0111771,378,8153.51,130887,2.24585e-05,1.98123e-05,4.73618e-05,0.000168147
25123,50,40.8026,0,3.80342,5.82516,4.21265,58362,0.124596,1.49251,176480,0.163994,1.87135,0.0959909,5.18885,23.333,0.161861,11247.6,7.55861e+08,8.96687e+08,4.11166e+08,1.40825e+08,0.00955626,401,10652.1,153395,1.81925e-05,1.53353e-05,3.34439e-05,9.76458e-05
25172,50,40.7882,0,3.7527,5.82345,4.2111,69381.7,0.127882,1.50454,176563,0.137912,1.87914,0.0848661,5.89279,22.2061,0.154949,11774,9.21893e+08,1.16877e+09,5.9588e+08,2.4688e+08,0.00828892,399,13877.3,176995,1.4916e-05,1.17653e-05,2.30768e-05,5.5699e-05
25260,50,40.7627,0,3.70259,5.81422,4.20213,88755.6,0.135751,1.5335,177146,0.119884,1.87495,0.0697018,7.00386,20.4457,0.146409,12672.4,1.18156e+09,1.63939e+09,9.29373e+08,4.57828e+08,0.00685664,403,19863.3,219644,1.1638e-05,8.38788e-06,1.4796e-05,3.00353e-05
25374,50,40.7429,3.0094e-28,3.65223,5.79837,4.1865,122750,0.147408,1.57536,177591,0.10664,1.85099,0.05457,8.77601,18.2742,0.135344,13987,1.60071e+09,2.46762e+09,1.543e+09,8.66912e+08,0.00542951,388,32401.5,291100,8.59057e-06,5.57257e-06,8.91188e-06,1.5862e-05
25561,50,40.7153,3.20841e-28,3.60214,5.79262,4.18104,162757,0.149276,1.58231,177974,0.089367,1.82845,0.0483157,11.1742,17.5101,0.129378,14565.3,2.00876e+09,3.62115e+09,2.54108e+09,1.61239e+09,0.00469068,414,56331.8,349837,6.8455e-06,3.79741e-06,5.41148e-06,8.52834e-06
1497,60,59.8815,0.714995,4.67987,5.70588,3.92677,171.609,0.177022,1.57862,162484,0.983232,1.02539,12.4198,0.0236773,34.041,0.236798,7247.81,11281.4,11363,1417.58,81.5662,3.71071,223,24.525,371.864,1.21891,1.21016,9.70032,168.587
6803,60,59.1438,0.664992,4.66616,5.72026,3.94653,190.143,0.162952,1.5311,161712,0.980652,1.04083,11.243,0.0306908,40.5042,0.272363,6195.43,18579.1,18696.8,2079.12,117.708,3.4574,229,27.8968,422.665,0.740131,0.735472,6.61386,116.823
11551,60,58.3874,0.614996,4.6573,5.73486,3.96672,202.484,0.149164,1.48368,160870,0.97812,1.05658,10.6629,0.0368846,46.4644,0.301671,5489.67,28023.9,28180.2,2863.78,156.289,3.22732,240,30.3264,462.555,0.490688,0.487967,4.80169,87.9845
15827,60,57.6156,0.564997,4.64781,5.74919,3.98683,217.451,0.134824,1.43837,160403,0.97506,1.07286,9.96107,0.0437319,52.163,0.327917,4972.37,44098.7,44307.3,4055.87,208.643,2.89124,229,32.874,510.224,0.311823,0.310355,3.39039,65.9068
19552,60,56.83,0.51499,4.63673,5.76331,4.00691,244.735,0.118298,1.39645,161093,0.970671,1.09086,8.9025,0.0531985,57.4574,0.351575,4600.41,71970.2,72261.1,6526.46,290.834,2.42067,250,36.4722,585.296,0.191065,0.190296,2.10696,47.2812
22810,60,56.0357,0.464988,4.6234,5.77738,4.0271,281.929,0.10454,1.35903,161702,0.964878,1.11214,7.83454,0.0652857,62.165,0.372586,4318.38,119906,120330,11113.9,424.082,1.97012,246,41.2524,683.173,0.114682,0.114277,1.23727,32.4253
25530,60,55.2422,0.414982,4.60722,5.79146,4.04737,333.491,0.0937594,1.32747,162170,0.9572,1.13821,6.76966,0.0809424,65.9411,0.384743,4120.1,210633,211288,19833.8,654.956,1.56138,261,47.8902,828.95,0.0652842,0.0650818,0.693312,20.9953
27770,60,54.4631,0.364996,4.5875,5.80563,4.0677,410.593,0.0848612,1.30251,163034,0.946677,1.17034,5.63528,0.102585,68.5458,0.391911,4002.46,389028,390102,37702.7,1073.83,1.18882,258,56.9263,1044.47,0.035347,0.0352497,0.364721,12.8055
2033,80,79.7119,0.714999,4.69718,5.93539,4.03205,129.329,0.105502,1.32487,157499,0.981085,1.09661,16.8313,0.0330597,68.549,0.37805,3912,34326.4,34439.9,2399.03,113.494,4.24671,233,20.8708,298.743,0.400595,0.399275,5.73189,121.161
10292,80,78.3985,0.664994,4.6815,5.94491,4.04879,152.126,0.0920646,1.29109,158177,0.977105,1.11063,14.4058,0.0416367,74.4986,0.400076,3653.66,62995.2,63165.4,4245.61,170.171,3.36694,229,24.1391,361.313,0.218286,0.217698,3.23887,80.8069
17764,80,77.0526,0.614994,4.67047,5.95492,4.06631,169.074,0.0815682,1.25816,158216,0.973054,1.12686,13.108,0.0493336,80.3405,0.418808,3427.15,100891,101127,6741.75,236.65,2.8139,235,26.7564,414.289,0.136296,0.135977,2.03968,58.107
24530,80,75.6808,0.564994,4.65832,5.96499,4.08418,197.02,0.0700576,1.22896,159551,0.96699,1.14693,11.4272,0.0605026,85.613,0.434156,3256.39,165075,165413,12398.4,337.535,2.21894,243,29.8976,477.175,0.0833014,0.0831314,1.1091,40.7395
1270,100,99.8439,0.714996,4.70424,6.10404,4.1029,119.448,0.0599357,1.17126,156536,0.976237,1.14122,18.648,0.0437425,103.206,0.473909,2730.7,107802,107968,6154.4,166.174,3.34596,238,19.365,286.112,0.127558,0.127362,2.23433,82.7507
12571,100,97.8472,0.665,4.68659,6.10987,4.1175,147.327,0.0522328,1.1528,158083,0.969859,1.16161,15.3629,0.0553545,106.756,0.478155,2661.52,193417,193679,12529.3,261.857,2.48692,241,23.0171,358.706,0.071095,0.0709989,1.09751,52.5134
22882,100,95.8013,0.614996,4.67324,6.11649,4.1333,170.015,0.0468445,1.13335,158538,0.963235,1.18428,13.5966,0.0661748,111.222,0.485689,2569.18,310600,310981,21609.8,381.15,2.00312,245,25.9734,421.515,0.0442724,0.0442181,0.636332,36.0776
1394,120,119.785,0.714998,4.70499,6.23364,4.15341,122.095,0.0371995,1.08157,156869,0.968309,1.1837,18.9017,0.0564872,133.539,0.52766,2161.47,288408,288661,17648.1,252.767,2.44277,242,19.2761,297.785,0.047679,0.0476372,0.779178,54.4018
15529,120,117.017,0.664998,4.68547,6.23655,4.16648,152.427,0.0340411,1.07298,158196,0.959718,1.21014,15.4766,0.0706352,134.195,0.520786,2157.95,494343,494750,34079.5,407.55,1.83824,251,23.0435,377.386,0.0278167,0.0277938,0.403498,33.7406
