model_number,Minit,M,Xc,logTeff,logL,logLspec,tau_Fe,beta_Fe,kap_Fe,T_Fe,r_Fe_R,Gamma_Fe,Y_Fe,tau_ratio,v_c,mach_max,tau_crit,t_th_zone,t_th_above,t_th_peak,t_th_top,nu_turn,FeCZ_ncells,tau_top,tau_bot,nu_th_zone,nu_th_above,nu_th_peak,nu_th_top
749,5,4.99995,0.738935,4.27776,2.77468,2.07389,9676.31,0.935163,7.58487,176744,0.978319,0.0691342,0.209662,0,,,,,,,,,,,,,,,
771,5,4.99962,0.6886,4.26729,2.80247,2.10171,10694.5,0.932798,7.38503,177063,0.976404,0.0717651,0.189589,0,,,,,,,,,,,,,,,
783,5,4.99929,0.638679,4.26303,2.8323,2.13157,11057.7,0.930212,7.17699,176868,0.975073,0.0747078,0.183705,0,,,,,,,,,,,,,,,
794,5,4.99895,0.588015,4.25901,2.86189,2.16119,11682.2,0.927427,6.97713,177744,0.973542,0.0777534,0.173669,0,,,,,,,,,,,,,,,
805,5,4.99859,0.534804,4.25432,2.89188,2.19122,12081.2,0.924623,6.78074,177409,0.972011,0.0809737,0.168266,0,,,,,,,,,,,,,,,
815,5,4.99824,0.484987,4.24924,2.91892,2.21828,12752,0.921909,6.60899,177846,0.970314,0.0839978,0.159376,0,,,,,,,,,,,,,,,
825,5,4.99789,0.434192,4.24328,2.94533,2.24472,13499.3,0.919169,6.44571,178174,0.968446,0.087065,0.150187,0,,,,,,,,,,,,,,,
834,5,4.99757,0.387901,4.23706,2.96829,2.26771,14430.1,0.916676,6.30734,178676,0.966498,0.0898266,0.140607,0,,,,,,,,,,,,,,,
844,5,4.99722,0.336243,4.22917,2.99263,2.29208,15325.2,0.914047,6.16414,178461,0.964285,0.0928544,0.132064,0,,,,,,,,,,,,,,,
854,5,4.99687,0.284769,4.22025,3.01551,2.315,16659.5,0.911462,6.03281,178517,0.961675,0.0957999,0.122134,0,,,,,,,,,,,,,,,
863,5,4.99658,0.238924,4.21137,3.03465,2.33416,18088.9,0.909203,5.92525,178781,0.959082,0.0983365,0.1124,0,,,,,,,,,,,,,,,
873,5,4.99627,0.188806,4.20065,3.05429,2.35382,19952.8,0.906843,5.81704,178922,0.955924,0.101012,0.102148,0,,,,,,,,,,,,,,,
884,5,4.99595,0.134259,4.18804,3.07424,2.3738,22383.8,0.904336,5.70916,179308,0.952091,0.103807,0.0907938,0,,,,,,,,,,,,,,,
894,5,4.99567,0.0838259,4.17643,3.09191,2.3915,24926.3,0.902091,5.61554,179463,0.948301,0.106351,0.0819158,0,,,,,,,,,,,,,,,
902,5,4.99544,0.0375628,4.16966,3.10983,2.40944,26333.6,0.899802,5.52226,179376,0.945559,0.108994,0.0775838,0,,,,,,,,,,,,,,,
939,5,4.99525,0.000984356,4.2076,3.16515,2.46477,18873.8,0.892248,5.24487,179795,0.951012,0.117585,0.107637,0,,,,,,,,,,,,,,,
1276,5,4.99523,1.03493e-21,4.15755,3.19891,2.49853,29477.8,0.887316,5.08306,180205,0.935749,0.12317,0.0694004,0,,,,,,,,,,,,,,,
1307,5,4.99521,0,4.10709,3.21451,2.51414,45523.3,0.884985,5.01007,180258,0.918014,0.125844,0.0452471,0,,,,,,,,,,,,,,,
1334,5,4.9952,1.8653e-42,4.05535,3.20912,2.50874,70159.9,0.885862,5.03515,179936,0.898174,0.124912,0.029585,0,,,,,,,,,,,,,,,
1358,5,4.99518,0,4.00489,3.19348,2.49311,107516,0.888134,5.10861,180081,0.876273,0.122255,0.0194596,0,,,,,,,,,,,,,,,
1381,5,4.99515,0,3.95303,3.17007,2.46971,164143,0.891569,5.22078,179708,0.851949,0.118384,0.0128876,0,,,,,,,,,,,,,,,
1403,5,4.99512,0,3.90173,3.14148,2.44111,251880,0.895488,5.36138,179908,0.826445,0.113826,0.00849592,0,,,,,,,,,,,,,,,
1426,5,4.9951,0,3.85076,3.10935,2.40898,382244,0.899808,5.52432,179637,0.800205,0.108921,0.00570595,0,,,,,,,,,,,,,,,
1453,5,4.99509,0,3.8001,3.07514,2.37477,567144,0.904259,5.7034,178969,0.772728,0.103934,0.00390217,0,,,,,,,,,,,,,,,
1483,5,4.99508,0,3.74866,3.03812,2.33776,857681,0.908774,5.90394,178635,0.744216,0.0988007,0.00264143,0,,,,,,,,,,,,,,,
1521,5,4.99506,0,3.69836,2.98562,2.28526,900104,0.945091,6.92606,100139,0.873885,0.102698,0.0163053,69.8907,1.27817,0.0264401,12878.7,2.95725e+07,6.92829e+07,3.97104e+07,3.97104e+07,0.00778518,33,900104,1.05095e+06,0.000464993,0.000198476,0.000346282,0.000346282
1607,5,4.99503,6.43673e-38,3.64825,2.9962,2.29584,3.83906e+08,0.996995,122.19,100172,0.823998,1.85667,0.0115661,399237,0.936875,0.0196327,961.6,8.1281e+10,8.25487e+10,1.2677e+09,1.2677e+09,0.00411079,394,3.83906e+08,1.13334e+09,1.69178e-07,1.6658e-07,1.08472e-05,1.08472e-05
2160,5,4.96326,0,3.69949,3.28149,2.5839,1.15785e+06,0.873289,4.72236,180523,0.64238,0.139288,0.0021591,0,,,,,,,,,,,,,,,
2192,5,4.96158,0,3.75104,3.3106,2.61316,741418,0.868364,4.59861,180736,0.670578,0.145089,0.00316841,0,,,,,,,,,,,,,,,
2264,5,4.95753,0,3.80321,3.36265,2.66556,491361,0.858962,4.38288,180931,0.701297,0.156018,0.00466115,0,,,,,,,,,,,,,,,
2318,5,4.95563,0,3.75216,3.33855,2.64164,727345,0.86318,4.4794,181316,0.662287,0.150906,0.00323483,0,,,,,,,,,,,,,,,
2342,5,4.9552,0,3.7019,3.31958,2.6227,1.08068e+06,0.866667,4.55616,180555,0.6295,0.146944,0.00229702,0,,,,,,,,,,,,,,,
2395,5,4.95469,0,3.65171,3.24049,2.54366,1.85701e+07,0.982054,19.9084,100094,0.795515,0.535193,0.0128899,5991.79,1.73596,0.0363476,3099.27,8.98012e+09,9.30721e+09,3.27091e+08,3.27091e+08,0.00477117,299,1.85701e+07,5.70487e+07,1.53127e-06,1.47746e-06,4.20402e-05,4.20402e-05
757,5.2,5.19994,0.738973,4.28725,2.83274,2.11492,8942.05,0.93165,7.29221,177132,0.978606,0.0730515,0.226429,0,,,,,,,,,,,,,,,
780,5.2,5.19955,0.688539,4.27678,2.86075,2.14296,9885.04,0.929145,7.09951,177305,0.976705,0.0758643,0.205507,0,,,,,,,,,,,,,,,
793,5.2,5.19915,0.638465,4.27258,2.89076,2.173,10234.8,0.926362,6.89912,177384,0.975376,0.0790035,0.197842,0,,,,,,,,,,,,,,,
805,5.2,5.19874,0.587235,4.26856,2.92074,2.20302,10668.4,0.923442,6.70521,177674,0.973937,0.0822783,0.189821,0,,,,,,,,,,,,,,,
816,5.2,5.19833,0.537547,4.26424,2.94884,2.23116,11187.4,0.92059,6.52897,177986,0.972414,0.0854771,0.181555,0,,,,,,,,,,,,,,,
827,5.2,5.1979,0.486063,4.25909,2.9769,2.25925,11726.6,0.91765,6.3579,178136,0.970746,0.0888007,0.173069,0,,,,,,,,,,,,,,,
837,5.2,5.1975,0.43788,4.25352,3.00209,2.28448,12452.6,0.914865,6.20851,178619,0.968951,0.0919002,0.163035,0,,,,,,,,,,,,,,,
847,5.2,5.19709,0.388699,4.24702,3.02664,2.30906,13152,0.912131,6.06658,178565,0.967042,0.0950282,0.154366,0,,,,,,,,,,,,,,,
857,5.2,5.19668,0.338804,4.2395,3.05031,2.33277,14189.2,0.909331,5.933,179008,0.964779,0.0981504,0.14311,0,,,,,,,,,,,,,,,
867,5.2,5.19628,0.28882,4.23097,3.07278,2.35526,15215.4,0.906673,5.80916,178889,0.962383,0.101211,0.133359,0,,,,,,,,,,,,,,,
877,5.2,5.19589,0.238989,4.22144,3.09381,2.37633,16669.7,0.904045,5.69574,179177,0.959583,0.104167,0.121978,0,,,,,,,,,,,,,,,
888,5.2,5.19549,0.184743,4.20989,3.11524,2.39779,18522.4,0.901281,5.58257,179503,0.956191,0.10727,0.109549,0,,,,,,,,,,,,,,,
898,5.2,5.19514,0.135669,4.1986,3.1334,2.41598,20386.5,0.898952,5.48862,179347,0.952853,0.109975,0.0998123,0,,,,,,,,,,,,,,,
908,5.2,5.19481,0.0856526,4.18713,3.15116,2.43377,22464,0.896565,5.39823,179466,0.949254,0.112687,0.0902128,0,,,,,,,,,,,,,,,
917,5.2,5.19449,0.0334877,4.18004,3.17184,2.45448,24133,0.893653,5.29519,179930,0.946107,0.115935,0.0840899,0,,,,,,,,,,,,,,,
949,5.2,5.19429,0.000993382,4.21749,3.22402,2.50667,17463.4,0.886087,5.04482,180323,0.951508,0.124557,0.116241,0,,,,,,,,,,,,,,,
1286,5.2,5.19426,1.06968e-22,4.16733,3.25752,2.54018,27160.8,0.880943,4.89081,180526,0.936435,0.13044,0.0752268,0,,,,,,,,,,,,,,,
1317,5.2,5.19424,0,4.11681,3.27413,2.55679,41781.8,0.878353,4.81634,180418,0.918819,0.133461,0.0491974,0,,,,,,,,,,,,,,,
1344,5.2,5.19422,0,4.06503,3.2696,2.55226,64811.6,0.879078,4.83648,180385,0.898871,0.13263,0.0319349,0,,,,,,,,,,,,,,,
1368,5.2,5.19421,1.65584e-41,4.01458,3.2549,2.53756,99455.7,0.881332,4.90257,180598,0.876871,0.129967,0.0209727,0,,,,,,,,,,,,,,,
1391,5.2,5.19418,0,3.96261,3.23252,2.51518,152906,0.884765,5.00507,180532,0.852011,0.126021,0.0137873,0,,,,,,,,,,,,,,,
1413,5.2,5.19415,0,3.91081,3.20484,2.48751,229903,0.889042,5.13508,179618,0.826522,0.121312,0.0093023,0,,,,,,,,,,,,,,,
1435,5.2,5.19413,0,3.86032,3.1742,2.45687,346476,0.89342,5.28318,179402,0.800343,0.11631,0.00626519,0,,,,,,,,,,,,,,,
1461,5.2,5.19411,0,3.80988,3.14144,2.42411,523523,0.897819,5.4466,179593,0.771614,0.111195,0.00421577,0,,,,,,,,,,,,,,,
1490,5.2,5.1941,0,3.75859,3.10608,2.38875,789904,0.902413,5.62875,179447,0.741713,0.105929,0.00285527,0,,,,,,,,,,,,,,,
1524,5.2,5.19408,0,3.70748,3.06316,2.34583,1.32482e+06,0.907742,5.85849,178978,0.729238,0.0998795,0.00186653,0,,,,,,,,,,,,,,,
1598,5.2,5.19406,0,3.65696,2.98604,2.26871,1.99236e+08,0.996057,92.0219,100275,0.838879,1.31312,0.0120269,175893,1.0436,0.0218316,1132.71,6.04322e+10,6.12494e+10,8.17242e+08,8.17242e+08,0.00511646,375,1.99236e+08,6.14654e+08,2.27544e-07,2.24508e-07,1.68261e-05,1.68261e-05
2174,5.2,5.15665,0,3.70734,3.34676,2.63257,1.03211e+06,0.864918,4.51448,180673,0.633654,0.148945,0.00237614,0,,,,,,,,,,,,,,,
2211,5.2,5.15396,0,3.75775,3.37493,2.66097,693305,0.859695,4.39987,181235,0.666097,0.154973,0.00337343,0,,,,,,,,,,,,,,,
2339,5.2,5.14855,0,3.80875,3.42017,2.70666,465568,0.851057,4.22008,181153,0.698273,0.165132,0.00492007,0,,,,,,,,,,,,,,,
2373,5.2,5.14749,0,3.75744,3.39883,2.68542,677617,0.855229,4.30212,180825,0.658791,0.160306,0.00347406,0,,,,,,,,,,,,,,,
2399,5.2,5.14702,0,3.70566,3.38052,2.66714,1.01581e+06,0.858558,4.37283,180879,0.620775,0.156228,0.00242513,0,,,,,,,,,,,,,,,
2443,5.2,5.14652,0,3.65548,3.32037,2.60703,6.23001e+06,0.966426,10.9125,100227,0.793973,0.339458,0.0133128,1277.9,2.06456,0.0430709,4875.19,3.72305e+09,3.92516e+09,2.02104e+08,2.02104e+08,0.00501798,268,6.23001e+06,1.86457e+07,3.69347e-06,3.5033e-06,6.80391e-05,6.80391e-05
764,5.4,5.39993,0.738953,4.29627,2.88833,2.15412,8326.29,0.928097,7.02431,177585,0.978852,0.0770146,0.2431,0,,,,,,,,,,,,,,,
788,5.4,5.39946,0.688231,4.28581,2.91668,2.18251,9136.1,0.925445,6.83709,177525,0.977005,0.0800266,0.221955,0,,,,,,,,,,,,,,,
802,5.4,5.39899,0.638007,4.28166,2.94686,2.21273,9505.54,0.922482,6.64384,177699,0.975656,0.0833672,0.213278,0,,,,,,,,,,,,,,,
815,5.4,5.3985,0.586316,4.27766,2.97717,2.24308,9918.72,0.91936,6.45577,178026,0.974212,0.0868711,0.204473,0,,,,,,,,,,,,,,,
827,5.4,5.398,0.535642,4.2733,3.00586,2.27181,10449.7,0.916231,6.283,178705,0.972645,0.0903291,0.193697,0,,,,,,,,,,,,,,,
838,5.4,5.39752,0.487266,4.26849,3.03229,2.29828,10835.2,0.913344,6.12835,178563,0.971148,0.093642,0.186553,0,,,,,,,,,,,,,,,
849,5.4,5.39702,0.437238,4.26277,3.05854,2.32456,11424,0.910355,5.97885,178561,0.969377,0.0970578,0.177635,0,,,,,,,,,,,,,,,
860,5.4,5.39652,0.386015,4.25603,3.08416,2.35022,12249.9,0.907233,5.83663,179177,0.967301,0.100516,0.165068,0,,,,,,,,,,,,,,,
870,5.4,5.39605,0.338587,4.24891,3.10673,2.37284,12963.5,0.904495,5.71428,179064,0.9653,0.103669,0.15568,0,,,,,,,,,,,,,,,
881,5.4,5.39555,0.285878,4.23996,3.13052,2.39666,14230,0.901411,5.58845,179586,0.962614,0.107104,0.142282,0,,,,,,,,,,,,,,,
891,5.4,5.3951,0.237593,4.23074,3.15101,2.41719,15314.2,0.898813,5.48243,179244,0.960059,0.110157,0.132533,0,,,,,,,,,,,,,,,
902,5.4,5.39463,0.184604,4.21953,3.17213,2.43834,17118.9,0.89588,5.3754,179845,0.956684,0.113398,0.118568,0,,,,,,,,,,,,,,,
912,5.4,5.39422,0.136459,4.20852,3.19016,2.45641,18642.9,0.893458,5.28568,179560,0.953536,0.116243,0.10862,0,,,,,,,,,,,,,,,
922,5.4,5.39383,0.0872891,4.19726,3.20788,2.47416,20745,0.890925,5.19931,179783,0.949888,0.119113,0.0981244,0,,,,,,,,,,,,,,,
931,5.4,5.39345,0.0366491,4.18977,3.22778,2.49409,22281.1,0.887978,5.10402,180149,0.946773,0.12242,0.0913473,0,,,,,,,,,,,,,,,
959,5.4,5.39319,0.000975757,4.22714,3.28068,2.54702,15951.3,0.879964,4.86001,180142,0.952167,0.131675,0.127441,0,,,,,,,,,,,,,,,
1297,5.4,5.39315,1.198e-23,4.17669,3.31351,2.57985,24670.5,0.874709,4.71491,180076,0.937357,0.137775,0.0827629,0,,,,,,,,,,,,,,,
1328,5.4,5.39313,0,4.12645,3.33111,2.59745,38143.5,0.871722,4.63909,180311,0.919817,0.141167,0.0537924,0,,,,,,,,,,,,,,,
1355,5.4,5.39311,0,4.07507,3.32765,2.59399,59427.9,0.87228,4.65397,180408,0.899938,0.140496,0.0349261,0,,,,,,,,,,,,,,,
1379,5.4,5.3931,1.23838e-41,4.02497,3.31409,2.58043,90397.2,0.874492,4.71236,180546,0.878274,0.137887,0.0230369,0,,,,,,,,,,,,,,,
1402,5.4,5.39306,0,3.97334,3.293,2.55934,139553,0.877903,4.80496,180590,0.853245,0.133932,0.0151546,0,,,,,,,,,,,,,,,
1424,5.4,5.39303,0,3.92146,3.26652,2.53286,210271,0.882184,4.92381,180029,0.827129,0.129126,0.0101415,0,,,,,,,,,,,,,,,
1446,5.4,5.39301,0,3.87009,3.23655,2.5029,318855,0.88675,5.06217,179794,0.80009,0.123905,0.00679252,0,,,,,,,,,,,,,,,
1471,5.4,5.39299,0,3.81968,3.20498,2.47133,480211,0.89129,5.21242,179877,0.771201,0.118639,0.00458585,0,,,,,,,,,,,,,,,
1499,5.4,5.39297,0,3.76947,3.17173,2.43808,717036,0.895896,5.37561,179788,0.741039,0.113335,0.00313503,0,,,,,,,,,,,,,,,
1530,5.4,5.39296,0,3.71898,3.13445,2.4008,1.08711e+06,0.900875,5.56438,179263,0.715934,0.107669,0.00213766,0,,,,,,,,,,,,,,,
1588,5.4,5.39293,0,3.66895,3.03032,2.29668,3.61948e+07,0.990724,38.278,100447,0.850087,0.5825,0.0129682,18524.1,1.42317,0.0296691,1953.93,1.25571e+10,1.28708e+10,3.1368e+08,3.1368e+08,0.00709708,275,3.61948e+07,1.10271e+08,1.09508e-06,1.06839e-06,4.38376e-05,4.38376e-05
1699,5.4,5.39275,0,3.61881,3.33776,2.60413,2.96811e+08,0.994706,67.8438,100061,0.748871,2.09662,0.010726,206495,1.10424,0.0231048,1437.38,7.61072e+10,7.80133e+10,1.90611e+09,1.90611e+09,0.00211417,439,2.96811e+08,8.76755e+08,1.80679e-07,1.76265e-07,7.21415e-06,7.21415e-06
2157,5.4,5.35091,0,3.66885,3.37899,2.64875,1.01058e+06,0.91418,4.64614,100066,0.802318,0.159107,0.0148485,85.0822,2.16609,0.0446132,11877.7,1.26782e+08,2.17702e+08,9.09202e+07,9.09202e+07,0.00503144,59,1.01058e+06,1.3147e+06,0.000108462,6.31642e-05,0.000151242,0.000151242
2195,5.4,5.34873,0,3.71966,3.41147,2.6814,902354,0.855926,4.31606,180847,0.631589,0.159343,0.00266729,0,,,,,,,,,,,,,,,
2249,5.4,5.34512,0,3.77103,3.44329,2.71351,611495,0.849747,4.19253,180950,0.666526,0.166663,0.00383413,0,,,,,,,,,,,,,,,
2349,5.4,5.34008,0,3.71972,3.43765,2.70828,890375,0.850583,4.21089,181277,0.621979,0.16539,0.00272253,0,,,,,,,,,,,,,,,
2379,5.4,5.33945,0,3.66948,3.4099,2.68058,1.9755e+06,0.856674,4.32635,180083,0.629243,0.159421,0.00172514,4.59761e-103,1e-104,2.04749e-106,4.29681e+108,1.8097e+07,1.03314e+08,7.25502e+08,8.52166e+07,1.82808e-107,13,730429,767260,0.000759848,0.000133099,1.89538e-05,0.000161365
771,5.6,5.59992,0.738944,4.30489,2.94163,2.19162,7739.24,0.924529,6.77815,177872,0.979112,0.0810187,0.261149,0,,,,,,,,,,,,,,,
796,5.6,5.59937,0.688609,4.29451,2.9699,2.21994,8494.19,0.921746,6.59859,177818,0.977287,0.0841871,0.238547,0,,,,,,,,,,,,,,,
812,5.6,5.59879,0.635727,4.29021,3.00174,2.25182,8896.03,0.918402,6.40258,178366,0.975852,0.0879082,0.226793,0,,,,,,,,,,,,,,,
825,5.6,5.59825,0.587993,4.28657,3.02978,2.27991,9207.78,0.915388,6.23524,178439,0.974562,0.0913304,0.219485,0,,,,,,,,,,,,,,,
838,5.6,5.59766,0.537254,4.28226,3.05861,2.30879,9577.96,0.912181,6.06812,178433,0.973098,0.0949925,0.211614,0,,,,,,,,,,,,,,,
850,5.6,5.59708,0.488043,4.27744,3.08558,2.3358,10082.7,0.908989,5.91615,178915,0.971491,0.098557,0.200646,0,,,,,,,,,,,,,,,
862,5.6,5.59648,0.436718,4.27162,3.11258,2.36284,10674.5,0.90569,5.76804,179273,0.969668,0.102264,0.189185,0,,,,,,,,,,,,,,,
873,5.6,5.59591,0.388173,4.26529,3.13696,2.38727,11376.4,0.902609,5.63773,179567,0.967738,0.105736,0.177865,0,,,,,,,,,,,,,,,
884,5.6,5.59533,0.338226,4.25787,3.16087,2.41122,12108.3,0.899555,5.51307,179459,0.965625,0.109261,0.167289,0,,,,,,,,,,,,,,,
895,5.6,5.59475,0.287323,4.2493,3.18398,2.43438,13117.7,0.896435,5.39528,179736,0.963143,0.112784,0.154308,0,,,,,,,,,,,,,,,
906,5.6,5.59418,0.235806,4.23953,3.206,2.45644,14351.3,0.893336,5.28546,180153,0.960326,0.116246,0.140388,0,,,,,,,,,,,,,,,
916,5.6,5.59369,0.188743,4.22964,3.22496,2.47544,15548.7,0.890769,5.19313,179658,0.957551,0.119321,0.130524,0,,,,,,,,,,,,,,,
927,5.6,5.59316,0.136726,4.21785,3.24472,2.49524,17384.3,0.887854,5.09861,179945,0.953971,0.122615,0.117122,0,,,,,,,,,,,,,,,
937,5.6,5.5927,0.0883589,4.20681,3.26236,2.51292,19191.4,0.885167,5.01571,180260,0.950476,0.125632,0.105741,0,,,,,,,,,,,,,,,
947,5.6,5.5922,0.032161,4.19919,3.28499,2.53558,20526.7,0.881683,4.9116,180406,0.947245,0.129615,0.0988904,0,,,,,,,,,,,,,,,
981,5.6,5.59193,0.000988832,4.23597,3.33475,2.58537,14907.3,0.873614,4.69103,180810,0.952527,0.138831,0.135849,0,,,,,,,,,,,,,,,
1321,5.6,5.59189,9.08149e-25,4.18549,3.36711,2.61773,22968.2,0.868201,4.55339,180537,0.937889,0.145183,0.0886185,0,,,,,,,,,,,,,,,
1352,5.6,5.59186,0,4.13537,3.38559,2.63621,35607.6,0.864914,4.4768,180713,0.920357,0.148947,0.0577499,0,,,,,,,,,,,,,,,
1379,5.6,5.59184,0,4.08413,3.38298,2.6336,55726.1,0.865225,4.48745,181262,0.90041,0.148406,0.0371245,0,,,,,,,,,,,,,,,
1404,5.6,5.59182,0,4.032,3.36963,2.62026,85155,0.867751,4.54285,180586,0.878085,0.145693,0.0245625,0,,,,,,,,,,,,,,,
1427,5.6,5.59179,0,3.98036,3.34932,2.59995,129737,0.871317,4.6284,180249,0.853218,0.141656,0.0163056,0,,,,,,,,,,,,,,,
1449,5.6,5.59176,0,3.92817,3.32366,2.57429,198398,0.875541,4.73901,180355,0.825991,0.136718,0.01073,0,,,,,,,,,,,,,,,
1471,5.6,5.59173,0,3.87605,3.29431,2.54494,304696,0.88025,4.86912,180275,0.797648,0.131293,0.00713344,0,,,,,,,,,,,,,,,
1495,5.6,5.59171,0,3.8258,3.26387,2.5145,450732,0.885012,5.00778,179808,0.769178,0.125892,0.0048857,0,,,,,,,,,,,,,,,
1523,5.6,5.59169,0,3.77496,3.23131,2.48195,681566,0.889692,5.16069,180203,0.737427,0.120369,0.00329538,0,,,,,,,,,,,,,,,
1553,5.6,5.59168,0,3.7248,3.19593,2.44656,1.02023e+06,0.894739,5.3321,179624,0.709478,0.114639,0.00227582,0,,,,,,,,,,,,,,,
1602,5.6,5.59165,0,3.67459,3.10999,2.36063,8.8746e+06,0.979994,17.8802,100153,0.851772,0.315296,0.0137812,2684.43,1.81418,0.0377961,3305.95,3.41414e+09,3.57086e+09,1.56718e+08,1.56718e+08,0.0081346,209,8.8746e+06,2.54569e+07,4.02766e-06,3.85089e-06,8.77437e-05,8.77437e-05
1699,5.6,5.59159,0,3.62433,3.31814,2.56879,2.55604e+08,0.99458,66.225,100177,0.765337,1.88686,0.0107486,175144,1.1133,0.023277,1459.39,7.5439e+10,7.70951e+10,1.65607e+09,1.65607e+09,0.00235209,428,2.55604e+08,7.66972e+08,1.82279e-07,1.78364e-07,8.30337e-06,8.30337e-06
2186,5.6,5.54318,0,3.67445,3.44178,2.6962,1.60616e+06,0.852881,4.25503,181095,0.617477,0.162537,0.00182881,0,,,,,,,,,,,,,,,
2221,5.6,5.5409,0,3.72477,3.46771,2.72231,856112,0.847828,4.15713,181194,0.6261,0.168637,0.00282047,0,,,,,,,,,,,,,,,
2283,5.6,5.53672,0,3.77479,3.50046,2.75539,584917,0.841034,4.03478,181398,0.660956,0.176627,0.00399148,0,,,,,,,,,,,,,,,
2340,5.6,5.53283,0,3.72337,3.48894,2.74417,849125,0.843301,4.07464,181345,0.617568,0.173825,0.00285119,0,,,,,,,,,,,,,,,
2376,5.6,5.53234,0,3.77423,3.53059,2.78586,571977,0.834553,3.9241,181197,0.651127,0.184267,0.00411218,0,,,,,,,,,,,,,,,
2439,5.6,5.53029,0,3.72216,3.49414,2.74958,854169,0.842121,4.05445,181486,0.614544,0.17513,0.00283749,0,,,,,,,,,,,,,,,
2467,5.6,5.52972,0,3.67185,3.46923,2.72471,1.61088e+06,0.847253,4.14484,180970,0.605855,0.169069,0.00186048,0,,,,,,,,,,,,,,,
2556,5.6,5.52861,0,3.62167,3.42007,2.67563,1.08036e+08,0.990545,37.6243,100504,0.743879,1.37066,0.0109774,51386.1,1.34822,0.0282138,2102.44,5.1072e+10,5.22659e+10,1.19398e+09,1.19398e+09,0.00230779,438,1.08036e+08,3.39731e+08,2.69247e-07,2.63097e-07,1.1517e-05,1.1517e-05
778,5.8,5.79991,0.738935,4.31314,2.9928,2.22756,7209.39,0.920953,6.55118,178009,0.979361,0.0850615,0.280649,0,,,,,,,,,,,,,,,
805,5.8,5.79924,0.686812,4.30263,3.02232,2.25712,8000.69,0.917818,6.37063,178563,0.977448,0.0885433,0.252191,0,,,,,,,,,,,,,,,
821,5.8,5.79861,0.638193,4.29874,3.05166,2.28651,8257.15,0.914673,6.19662,178394,0.976207,0.0921545,0.244973,0,,,,,,,,,,,,,,,
836,5.8,5.79794,0.587647,4.29493,3.08142,2.31633,8635.29,0.91125,6.02526,178911,0.974801,0.0959746,0.234145,0,,,,,,,,,,,,,,,
850,5.8,5.79725,0.537081,4.29068,3.1102,2.34516,8983.75,0.907844,5.86439,179147,0.97335,0.0998234,0.224491,0,,,,,,,,,,,,,,,
863,5.8,5.79657,0.487157,4.28583,3.13761,2.37262,9475.4,0.904444,5.71549,179545,0.971721,0.103638,0.213253,0,,,,,,,,,,,,,,,
875,5.8,5.7959,0.438955,4.28042,3.16305,2.3981,9808.18,0.901333,5.58093,178985,0.970166,0.107315,0.206422,0,,,,,,,,,,,,,,,
887,5.8,5.79521,0.388856,4.27396,3.18833,2.42344,10515.3,0.897912,5.45056,179652,0.968167,0.111105,0.192059,0,,,,,,,,,,,,,,,
899,5.8,5.7945,0.336962,4.26629,3.21327,2.44843,11245.2,0.894551,5.32519,179609,0.965971,0.114978,0.179976,0,,,,,,,,,,,,,,,
910,5.8,5.79385,0.28815,4.25812,3.23555,2.47076,12173.7,0.891361,5.21575,180009,0.963587,0.118557,0.166075,0,,,,,,,,,,,,,,,
921,5.8,5.7932,0.238343,4.24876,3.25702,2.49228,13118.5,0.888331,5.11254,179724,0.96101,0.122116,0.154281,0,,,,,,,,,,,,,,,
932,5.8,5.79257,0.188096,4.23829,3.27746,2.51277,14481.8,0.885226,5.01641,180094,0.95794,0.125606,0.13969,0,,,,,,,,,,,,,,,
943,5.8,5.79196,0.137259,4.22681,3.29698,2.53233,15946.3,0.882289,4.92636,179949,0.954605,0.129035,0.127015,0,,,,,,,,,,,,,,,
954,5.8,5.79138,0.0848261,4.21493,3.31634,2.55174,17970.6,0.879081,4.83878,180727,0.950692,0.132532,0.112577,0,,,,,,,,,,,,,,,
963,5.8,5.79085,0.0351222,4.20795,3.33635,2.57179,18985,0.875908,4.7501,180541,0.947875,0.136252,0.106692,0,,,,,,,,,,,,,,,
981,5.8,5.79049,0.000899857,4.24552,3.38776,2.62322,13797.5,0.867088,4.53048,181134,0.953065,0.146291,0.146982,0,,,,,,,,,,,,,,,
1303,5.8,5.79045,1.34231e-25,4.1943,3.41797,2.65344,21233.1,0.861892,4.40656,180455,0.938637,0.152541,0.0961592,0,,,,,,,,,,,,,,,
1334,5.8,5.79042,0,4.14427,3.43769,2.67316,32829.9,0.85818,4.3277,180710,0.921226,0.156771,0.0625657,0,,,,,,,,,,,,,,,
1361,5.8,5.79039,0,4.09313,3.43613,2.6716,51066.3,0.858382,4.33389,181010,0.901503,0.156432,0.0404883,0,,,,,,,,,,,,,,,
1386,5.8,5.79038,0,4.04107,3.42381,2.65928,78625.4,0.860747,4.38303,180712,0.87903,0.153783,0.0265604,0,,,,,,,,,,,,,,,
1409,5.8,5.79035,3.49648e-41,3.98954,3.40455,2.64002,120936,0.864186,4.46112,180879,0.853779,0.149733,0.0174438,0,,,,,,,,,,,,,,,
1431,5.8,5.79031,0,3.93739,3.37997,2.61545,185128,0.868515,4.56291,180832,0.826068,0.144723,0.0115401,0,,,,,,,,,,,,,,,
1452,5.8,5.79028,0,3.88695,3.3527,2.58818,276607,0.873245,4.67872,180392,0.798645,0.139366,0.00784413,0,,,,,,,,,,,,,,,
1475,5.8,5.79026,0,3.83652,3.32324,2.55872,413100,0.878098,4.80729,180130,0.769551,0.133805,0.00534422,0,,,,,,,,,,,,,,,
1502,5.8,5.79024,0,3.78641,3.29237,2.52785,613814,0.882876,4.94585,180242,0.738315,0.128218,0.00364947,0,,,,,,,,,,,,,,,
1532,5.8,5.79022,0,3.73506,3.25797,2.49346,926038,0.888004,5.10488,180150,0.706805,0.122267,0.00248749,0,,,,,,,,,,,,,,,
1571,5.8,5.7902,0,3.68423,3.20075,2.43624,1.24571e+06,0.94169,6.55925,100157,0.853545,0.137676,0.0149918,130.582,1.83245,0.0378696,9539.65,1.58914e+08,2.23951e+08,6.50375e+07,6.50375e+07,0.00722406,77,1.24571e+06,1.82557e+06,8.6531e-05,6.14016e-05,0.000211432,0.000211432
1658,5.8,5.79016,2.05829e-37,3.63407,3.25952,2.49501,2.12304e+08,0.994691,67.65,100015,0.792259,1.62646,0.0110532,148646,1.11432,0.0233182,1428.25,7.32359e+10,7.45403e+10,1.30438e+09,1.30438e+09,0.00289554,422,2.12304e+08,6.53187e+08,1.87763e-07,1.84477e-07,1.05422e-05,1.05422e-05
2178,5.8,5.73458,0,3.6851,3.50212,2.74179,1.20585e+06,0.843714,4.08042,181101,0.597745,0.17312,0.0021523,0,,,,,,,,,,,,,,,
2208,5.8,5.73244,0,3.73542,3.52776,2.7676,770007,0.838446,3.98872,181188,0.624949,0.17959,0.00312294,0,,,,,,,,,,,,,,,
2274,5.8,5.72782,0,3.78659,3.5537,2.79389,531656,0.832655,3.89562,181568,0.663396,0.186346,0.00439833,0,,,,,,,,,,,,,,,
2315,5.8,5.72358,0,3.73459,3.54378,2.78429,766818,0.834684,3.9283,181554,0.618231,0.1838,0.00313831,0,,,,,,,,,,,,,,,
2374,5.8,5.72251,0,3.7853,3.57811,2.8187,526346,0.827036,3.80852,181579,0.654394,0.192888,0.00446581,0,,,,,,,,,,,,,,,
2424,5.8,5.72058,0,3.73457,3.54874,2.78947,765443,0.833555,3.90981,181527,0.616246,0.185132,0.00316021,0,,,,,,,,,,,,,,,
2450,5.8,5.71995,0,3.68324,3.52936,2.77015,1.20235e+06,0.837548,3.97571,181544,0.584929,0.180061,0.00218535,0,,,,,,,,,,,,,,,
2508,5.8,5.71908,0,3.63292,3.44359,2.68444,3.08728e+07,0.982683,20.6142,100028,0.762492,0.766315,0.0118331,9950.95,1.67335,0.035044,3102.49,1.91598e+10,1.97437e+10,5.83846e+08,5.83846e+08,0.0030125,345,3.08728e+07,9.91614e+07,7.17699e-07,6.96476e-07,2.35524e-05,2.35524e-05
785,6,5.99989,0.738886,4.32103,3.04202,2.26206,6781.35,0.917285,6.34099,178629,0.979559,0.0891388,0.296977,0,,,,,,,,,,,,,,,
813,6,5.99914,0.687906,4.31068,3.07099,2.29108,7452.95,0.914133,6.17,178641,0.97774,0.0927299,0.27091,0,,,,,,,,,,,,,,,
831,6,5.99838,0.637951,4.30672,3.1012,2.32135,7683.91,0.910744,5.9969,178449,0.976488,0.0966324,0.263146,0,,,,,,,,,,,,,,,
847,6,5.99762,0.588813,4.30307,3.13019,2.3504,8058.08,0.907218,5.83573,179152,0.975109,0.10054,0.25068,0,,,,,,,,,,,,,,,
863,6,5.99678,0.535742,4.29865,3.16044,2.38071,8373.49,0.903474,5.67241,179318,0.973619,0.104791,0.240411,0,,,,,,,,,,,,,,,
877,6,5.99598,0.486192,4.29385,3.18767,2.40799,8772.35,0.89997,5.52967,179480,0.972059,0.108778,0.229825,0,,,,,,,,,,,,,,,
890,6,5.9952,0.43752,4.28841,3.21339,2.43377,9150.43,0.896583,5.39827,179378,0.970447,0.112687,0.21988,0,,,,,,,,,,,,,,,
903,6,5.99437,0.386437,4.28183,3.23921,2.45964,9798.63,0.892927,5.26979,179965,0.96844,0.116757,0.204776,0,,,,,,,,,,,,,,,
915,6,5.99359,0.337195,4.27458,3.26293,2.48343,10587.2,0.889507,5.15476,180236,0.966253,0.120638,0.191121,0,,,,,,,,,,,,,,,
927,6,5.99279,0.286277,4.26609,3.28627,2.50682,11248.5,0.886173,5.04409,179817,0.963976,0.124581,0.179439,0,,,,,,,,,,,,,,,
938,6,5.99206,0.238465,4.25714,3.307,2.5276,12257.4,0.882958,4.94799,180194,0.961384,0.128197,0.164575,0,,,,,,,,,,,,,,,
950,6,5.99128,0.185391,4.2461,3.32873,2.54939,13506,0.879557,4.84931,180274,0.95823,0.132104,0.149342,0,,,,,,,,,,,,,,,
961,6,5.99059,0.135807,4.23492,3.34791,2.56862,14942.3,0.87644,4.76397,180465,0.954907,0.135656,0.135025,0,,,,,,,,,,,,,,,
972,6,5.98991,0.084499,4.22332,3.36706,2.58782,16586.4,0.873307,4.68047,180416,0.951239,0.139304,0.122434,0,,,,,,,,,,,,,,,
981,6,5.98931,0.0359869,4.21639,3.38667,2.60747,17690.1,0.869932,4.59658,180666,0.948353,0.143139,0.114838,0,,,,,,,,,,,,,,,
996,6,5.98887,0.000875593,4.25402,3.43789,2.65872,12583.9,0.860916,4.38527,180493,0.953746,0.153663,0.161274,0,,,,,,,,,,,,,,,
1276,6,5.98882,2.65359e-26,4.20311,3.46615,2.68698,19735.3,0.855545,4.27329,180792,0.939408,0.159808,0.10324,0,,,,,,,,,,,,,,,
1308,6,5.98879,0,4.15155,3.48775,2.70859,31111.6,0.851187,4.18973,181348,0.921351,0.164675,0.0658348,0,,,,,,,,,,,,,,,
1335,6,5.98876,0,4.10051,3.48692,2.70776,47128.2,0.851641,4.19276,180435,0.902187,0.16448,0.0438966,0,,,,,,,,,,,,,,,
1360,6,5.98874,0,4.04856,3.47541,2.69625,74059.3,0.853657,4.23724,181142,0.879188,0.161876,0.0281447,0,,,,,,,,,,,,,,,
1383,6,5.98872,0,3.99706,3.45699,2.67784,113129,0.85721,4.30917,181009,0.853986,0.157791,0.0186261,0,,,,,,,,,,,,,,,
1405,6,5.98868,0,3.94489,3.43333,2.65418,170873,0.861693,4.40337,180637,0.826392,0.152691,0.0124164,0,,,,,,,,,,,,,,,
1426,6,5.98864,0,3.89398,3.40677,2.62762,262038,0.866331,4.51202,181047,0.797219,0.147177,0.00826285,0,,,,,,,,,,,,,,,
1449,6,5.98862,0,3.84203,3.37735,2.5982,392241,0.871502,4.63541,180594,0.767285,0.1413,0.00559047,0,,,,,,,,,,,,,,,
1476,6,5.98859,0,3.79104,3.34687,2.56772,584412,0.876638,4.76698,180115,0.735123,0.135464,0.00385385,0,,,,,,,,,,,,,,,
1505,6,5.98858,0,3.74089,3.31433,2.53519,864529,0.88178,4.9113,179945,0.703576,0.129495,0.00266225,0,,,,,,,,,,,,,,,
1540,6,5.98856,0,3.69062,3.26784,2.4887,1.62453e+06,0.888826,5.12753,179555,0.702283,0.121461,0.00169815,0,,,,,,,,,,,,,,,
1618,6,5.98851,0,3.6405,3.2428,2.46366,1.52551e+08,0.994048,60.1407,100144,0.806851,1.34457,0.0112351,99692,1.16607,0.024376,1530.23,6.49021e+10,6.59221e+10,1.02007e+09,1.02007e+09,0.00335065,405,1.52551e+08,4.82726e+08,2.11873e-07,2.08594e-07,1.34805e-05,1.34805e-05
2155,6,5.92568,0,3.69104,3.55554,2.78098,1.08993e+06,0.83537,3.93745,181191,0.588231,0.18283,0.00234222,0,,,,,,,,,,,,,,,
2187,6,5.92297,0,3.74221,3.57521,2.80085,722510,0.831092,3.86978,181364,0.624057,0.1881,0.00331954,0,,,,,,,,,,,,,,,
2229,6,5.92009,0,3.79224,3.59657,2.82242,498837,0.826375,3.7958,181095,0.664347,0.193899,0.00467477,0,,,,,,,,,,,,,,,
2320,6,5.91265,0,3.74056,3.59579,2.82219,715017,0.82623,3.79513,181342,0.615556,0.193761,0.00336243,0,,,,,,,,,,,,,,,
2345,6,5.9117,0,3.68908,3.57926,2.80573,1.07478e+06,0.829941,3.84922,180952,0.578205,0.189214,0.00239484,0,,,,,,,,,,,,,,,
2392,6,5.91062,0,3.63854,3.50672,2.73326,1.02813e+07,0.968275,11.5097,100170,0.764996,0.478778,0.0122994,2179.46,2.01613,0.0420833,4717.36,8.01111e+09,8.3586e+09,3.47487e+08,3.47487e+08,0.00336162,326,1.02813e+07,3.32291e+07,1.71649e-06,1.64513e-06,3.95727e-05,3.95727e-05
800,6.5,6.49985,0.738841,4.33945,3.1573,2.34257,5778.54,0.908176,5.87866,178994,0.980102,0.0994718,0.348287,0,,,,,,,,,,,,,,,
833,6.5,6.49876,0.687221,4.32915,3.18696,2.37231,6405.63,0.904517,5.71721,179339,0.978256,0.103596,0.315213,0,,,,,,,,,,,,,,,
855,6.5,6.4977,0.638588,4.32541,3.21648,2.4019,6557.18,0.900828,5.56117,179081,0.977097,0.107874,0.30726,0,,,,,,,,,,,,,,,
876,6.5,6.49654,0.586619,4.32164,3.24723,2.43272,6865.42,0.896695,5.40366,179543,0.975692,0.112528,0.294195,0,,,,,,,,,,,,,,,
894,6.5,6.49544,0.538202,4.3177,3.27492,2.46049,7124.2,0.892853,5.26579,179761,0.974345,0.116897,0.282933,0,,,,,,,,,,,,,,,
911,6.5,6.4943,0.488753,4.31304,3.30225,2.4879,7423.76,0.888931,5.1334,179896,0.972857,0.121382,0.27095,0,,,,,,,,,,,,,,,
927,6.5,6.49314,0.438945,4.30759,3.32875,2.51448,7782.32,0.885049,5.00844,179740,0.971211,0.125902,0.259569,0,,,,,,,,,,,,,,,
943,6.5,6.49191,0.38578,4.30084,3.35581,2.54162,8347.01,0.880771,4.88432,180301,0.969165,0.130699,0.241555,0,,,,,,,,,,,,,,,
957,6.5,6.49076,0.336163,4.29361,3.37992,2.56581,8967.48,0.876837,4.7764,180712,0.967043,0.135132,0.224678,0,,,,,,,,,,,,,,,
970,6.5,6.48966,0.287434,4.28558,3.40252,2.58847,9529.44,0.873225,4.67763,180308,0.964872,0.139428,0.211706,0,,,,,,,,,,,,,,,
983,6.5,6.48853,0.236418,4.27611,3.42495,2.61099,10378.1,0.869389,4.58172,180445,0.962201,0.143835,0.194445,0,,,,,,,,,,,,,,,
995,6.5,6.48748,0.187561,4.26604,3.44533,2.63144,11476.9,0.865674,4.49642,181019,0.95922,0.147964,0.175781,0,,,,,,,,,,,,,,,
1007,6.5,6.48645,0.137088,4.25475,3.46535,2.65152,12622.7,0.862108,4.41433,180905,0.955959,0.152138,0.159958,0,,,,,,,,,,,,,,,
1018,6.5,6.48551,0.0887214,4.24379,3.48386,2.6701,13969,0.858664,4.33988,181008,0.952499,0.156109,0.145278,0,,,,,,,,,,,,,,,
1028,6.5,6.48459,0.0383811,4.23589,3.50427,2.69057,14947.7,0.85473,4.25928,181209,0.94945,0.160604,0.135278,0,,,,,,,,,,,,,,,
1045,6.5,6.4839,0.000906897,4.27236,3.5544,2.74074,10834.7,0.844752,4.06869,181253,0.954413,0.172206,0.187106,0,,,,,,,,,,,,,,,
1371,6.5,6.48383,2.5226e-29,4.22132,3.58146,2.76781,16779.2,0.839145,3.96961,181061,0.940478,0.178815,0.120995,0,,,,,,,,,,,,,,,
1403,6.5,6.48379,0,4.1696,3.60465,2.79101,26419.2,0.834032,3.88683,181285,0.922498,0.184693,0.0776701,0,,,,,,,,,,,,,,,
1430,6.5,6.48375,3.60333e-41,4.11845,3.60545,2.79181,40534.1,0.833909,3.88393,181129,0.903058,0.184896,0.0507982,0,,,,,,,,,,,,,,,
1455,6.5,6.48373,0,4.06649,3.59575,2.78211,63254.2,0.835898,3.91828,181505,0.880136,0.182413,0.0328302,0,,,,,,,,,,,,,,,
1478,6.5,6.48371,0,4.01506,3.57935,2.76571,95692.1,0.839632,3.97714,180943,0.854986,0.17829,0.0219688,0,,,,,,,,,,,,,,,
1500,6.5,6.48366,3.43255e-40,3.9629,3.5579,2.74426,147220,0.844097,4.05559,181035,0.826018,0.173047,0.0145254,0,,,,,,,,,,,,,,,
1521,6.5,6.48362,0,3.91111,3.53324,2.7196,222059,0.849128,4.14764,180934,0.795829,0.167207,0.00973585,0,,,,,,,,,,,,,,,
1542,6.5,6.48359,0,3.86066,3.50693,2.69329,329477,0.854308,4.24817,180800,0.765748,0.161193,0.0066295,0,,,,,,,,,,,,,,,
1567,6.5,6.48356,0,3.81004,3.47901,2.66537,488362,0.859633,4.35765,180539,0.733036,0.155054,0.0045683,0,,,,,,,,,,,,,,,
1595,6.5,6.48354,0,3.75976,3.44904,2.63541,730139,0.864893,4.47821,181009,0.698315,0.148725,0.00313124,0,,,,,,,,,,,,,,,
1626,6.5,6.48352,0,3.7084,3.41284,2.59921,1.09982e+06,0.871354,4.62757,179999,0.669611,0.141405,0.00217624,0,,,,,,,,,,,,,,,
1680,6.5,6.48348,0,3.65824,3.31068,2.49705,1.47255e+07,0.980805,18.6144,100221,0.828773,0.449169,0.0124786,4487.96,1.75379,0.0365307,3281.12,7.76116e+09,8.04013e+09,2.78976e+08,2.78976e+08,0.00520251,255,1.47255e+07,4.5388e+07,1.77177e-06,1.71029e-06,4.9291e-05,4.9291e-05
1779,6.5,6.48332,0,3.60814,3.59822,2.7846,1.24706e+08,0.989528,33.8839,100142,0.719806,1.58673,0.0104786,54489.4,1.37173,0.0286352,2288.63,5.78871e+10,5.95169e+10,1.62974e+09,1.62974e+09,0.00166047,446,1.24706e+08,3.96164e+08,2.37548e-07,2.31043e-07,8.43752e-06,8.43752e-06
2230,6.5,6.39995,0,3.65906,3.66397,2.85597,1.71719e+06,0.817965,3.67375,180792,0.571019,0.202744,0.00187011,0,,,,,,,,,,,,,,,
2261,6.5,6.39915,0,3.71011,3.68136,2.87341,870739,0.81377,3.6208,181395,0.579672,0.208001,0.00286075,0,,,,,,,,,,,,,,,
2294,6.5,6.39639,0,3.76024,3.69492,2.88716,606904,0.810463,3.57818,181481,0.621849,0.212166,0.00393601,0,,,,,,,,,,,,,,,
2356,6.5,6.38995,0,3.81207,3.72626,2.91894,413258,0.802454,3.47757,181238,0.661048,0.221851,0.00564798,0,,,,,,,,,,,,,,,
2400,6.5,6.38447,4.60957e-33,3.76172,3.71375,2.9068,588466,0.805553,3.51494,181210,0.616728,0.218057,0.00408386,0,,,,,,,,,,,,,,,
2425,6.5,6.38281,0,3.7109,3.70373,2.8969,841064,0.807911,3.54425,181218,0.572175,0.214919,0.00297068,0,,,,,,,,,,,,,,,
2455,6.5,6.38103,0,3.66016,3.67605,2.86934,1.61063e+06,0.814395,3.62847,181288,0.562013,0.206495,0.00192616,0,,,,,,,,,,,,,,,
2547,6.5,6.37852,0,3.61007,3.64156,2.83502,6.13999e+07,0.984394,22.8328,100138,0.713644,1.20067,0.0108933,20683.8,1.57608,0.0330023,2968.5,4.22143e+10,4.338e+10,1.16565e+09,1.16565e+09,0.00179005,449,6.13999e+07,2.05e+08,3.25742e-07,3.16989e-07,1.17968e-05,1.17968e-05
814,7,6.9998,0.738814,4.35622,3.26284,2.41593,4983.82,0.898989,5.48885,179183,0.980589,0.109967,0.404125,0,,,,,,,,,,,,,,,
853,7,6.9983,0.687812,4.34606,3.29236,2.44554,5520.37,0.894924,5.33951,179722,0.978794,0.114524,0.364413,0,,,,,,,,,,,,,,,
881,7,6.9968,0.638468,4.34236,3.32238,2.47566,5774.83,0.890619,5.19203,180243,0.977514,0.119357,0.34856,0,,,,,,,,,,,,,,,
906,7,6.99527,0.588948,4.33886,3.35175,2.50513,5918.97,0.886396,5.05209,179959,0.976311,0.124294,0.340727,0,,,,,,,,,,,,,,,
930,7,6.99362,0.536877,4.3347,3.38162,2.53509,6149.07,0.88182,4.91386,180142,0.974897,0.129529,0.327369,0,,,,,,,,,,,,,,,
951,7,6.99203,0.487556,4.3301,3.40894,2.56252,6419.57,0.877454,4.79094,180349,0.973418,0.13452,0.313115,0,,,,,,,,,,,,,,,
971,7,6.99038,0.436776,4.32458,3.43605,2.58973,6718.29,0.873026,4.67222,180272,0.971777,0.139669,0.299187,0,,,,,,,,,,,,,,,
989,7,6.98877,0.387166,4.31835,3.46144,2.61522,7203.23,0.868563,4.56397,180816,0.969859,0.144682,0.279792,0,,,,,,,,,,,,,,,
1006,7,6.98712,0.336359,4.31103,3.48635,2.64023,7689.14,0.864148,4.46033,180889,0.96778,0.149778,0.262205,0,,,,,,,,,,,,,,,
1021,7,6.98559,0.288163,4.30316,3.50894,2.66292,8184.65,0.860116,4.36847,180595,0.965638,0.15456,0.246743,0,,,,,,,,,,,,,,,
1036,7,6.98398,0.236752,4.29369,3.53186,2.68594,8945.85,0.855645,4.27734,181108,0.962947,0.159574,0.224524,0,,,,,,,,,,,,,,,
1050,7,6.98245,0.185915,4.28324,3.55341,2.70758,9777.49,0.851485,4.19356,181027,0.960023,0.164442,0.205578,0,,,,,,,,,,,,,,,
1063,7,6.98101,0.136039,4.27209,3.57355,2.72781,10905,0.847361,4.11692,181335,0.956658,0.169134,0.185395,0,,,,,,,,,,,,,,,
1075,7,6.97966,0.0871652,4.26101,3.59266,2.747,11885.9,0.84359,4.0455,180868,0.953355,0.17371,0.170535,0,,,,,,,,,,,,,,,
1086,7,6.9783,0.0351429,4.25326,3.61428,2.76871,12802.2,0.838889,3.96638,181243,0.95019,0.179043,0.158358,0,,,,,,,,,,,,,,,
1109,7,6.97741,0.000980487,4.28828,3.66039,2.81488,9321.29,0.828751,3.80346,181090,0.955069,0.190945,0.217239,0,,,,,,,,,,,,,,,
1452,7,6.97731,1.86294e-32,4.23796,3.68593,2.84042,14518.3,0.822759,3.71636,181246,0.941411,0.197875,0.140121,0,,,,,,,,,,,,,,,
1484,7,6.97725,0,4.1865,3.71081,2.86531,22546.6,0.816829,3.63349,181117,0.923767,0.204871,0.0908797,0,,,,,,,,,,,,,,,
1511,7,6.9772,0,4.13592,3.71331,2.86781,34918,0.816101,3.62528,181388,0.904308,0.205588,0.059115,0,,,,,,,,,,,,,,,
1536,7,6.97717,0,4.08445,3.70553,2.86003,53788.8,0.818015,3.6509,181350,0.881841,0.203367,0.0387343,0,,,,,,,,,,,,,,,
1559,7,6.97716,5.70229e-40,4.03356,3.69125,2.84575,82216.1,0.821387,3.69841,181503,0.856424,0.199351,0.0256036,0,,,,,,,,,,,,,,,
1581,7,6.97711,0,3.98182,3.67205,2.82656,123345,0.826088,3.76323,181014,0.828075,0.194074,0.0172129,0,,,,,,,,,,,,,,,
1602,7,6.97706,0,3.92982,3.64947,2.80397,189034,0.831121,3.84115,181318,0.796086,0.188056,0.0114498,0,,,,,,,,,,,,,,,
1623,7,6.97702,0,3.8778,3.62447,2.77898,282251,0.836775,3.92911,180914,0.764079,0.181603,0.00777558,0,,,,,,,,,,,,,,,
1646,7,6.97699,0,3.82684,3.59827,2.75278,423423,0.842273,4.02354,181074,0.730019,0.175085,0.00530573,0,,,,,,,,,,,,,,,
1673,7,6.97696,0,3.77636,3.57032,2.72483,620607,0.848025,4.12649,180879,0.694996,0.168376,0.00369548,0,,,,,,,,,,,,,,,
1702,7,6.97693,0,3.72618,3.53839,2.69291,922222,0.854154,4.24687,181084,0.660699,0.161016,0.00256268,0,,,,,,,,,,,,,,,
1738,7,6.9769,0,3.6755,3.48443,2.63894,1.8955e+06,0.864383,4.46367,180577,0.667846,0.149384,0.00159187,0,,,,,,,,,,,,,,,
1820,7,6.97684,4.22277e-38,3.62511,3.50799,2.66251,8.96729e+07,0.989723,34.5274,100006,0.771778,1.22085,0.0107241,39859,1.3695,0.0286073,2249.75,5.86481e+10,5.97501e+10,1.10201e+09,1.10201e+09,0.00231783,441,8.96729e+07,2.99736e+08,2.34466e-07,2.30142e-07,1.24781e-05,1.24781e-05
2327,7,6.86489,0,3.67516,3.78758,2.94913,1.09688e+06,0.793613,3.37621,181205,0.534164,0.230886,0.00245345,0,,,,,,,,,,,,,,,
2354,7,6.86432,0,3.72644,3.79675,2.95833,727371,0.791444,3.35284,181288,0.573778,0.234202,0.00340293,0,,,,,,,,,,,,,,,
2387,7,6.86174,0,3.77709,3.80445,2.9662,514778,0.789469,3.33105,181207,0.620221,0.236935,0.00465299,0,,,,,,,,,,,,,,,
2454,7,6.85042,0,3.82735,3.83398,2.99645,355147,0.780946,3.24179,181038,0.658578,0.247219,0.00658343,0,,,,,,,,,,,,,,,
2485,7,6.84642,0,3.77733,3.82116,2.98388,506792,0.784284,3.27794,181448,0.613956,0.242846,0.00473034,0,,,,,,,,,,,,,,,
2507,7,6.84478,0,3.72716,3.8093,2.97212,710217,0.787627,3.31108,181141,0.569523,0.23875,0.00348964,0,,,,,,,,,,,,,,,
2532,7,6.84366,0,3.67542,3.79195,2.95484,1.07763e+06,0.792004,3.35857,181220,0.53217,0.232731,0.00247696,0,,,,,,,,,,,,,,,
2582,7,6.84231,0,3.62522,3.70907,2.87204,9.41624e+06,0.959298,9.11859,100183,0.736373,0.522063,0.0117338,1646.94,2.13419,0.0444722,5717.43,1.03952e+10,1.08434e+10,4.48222e+08,4.48222e+08,0.00242372,339,9.41624e+06,3.25976e+07,1.32282e-06,1.26814e-06,3.0679e-05,3.0679e-05
827,7.5,7.49973,0.738714,4.37152,3.36007,2.4832,4411.2,0.88958,5.15585,180039,0.980951,0.120601,0.455083,0,,,,,,,,,,,,,,,
873,7.5,7.49773,0.688538,4.36156,3.38927,2.51252,4819.17,0.885287,5.01759,179992,0.979272,0.125564,0.417086,0,,,,,,,,,,,,,,,
909,7.5,7.49565,0.637715,4.35783,3.42023,2.5436,5035.25,0.880428,4.8754,180450,0.977989,0.131057,0.399459,0,,,,,,,,,,,,,,,
940,7.5,7.49359,0.588753,4.35443,3.44929,2.57278,5164.44,0.87572,4.74568,180640,0.976811,0.136435,0.386239,0,,,,,,,,,,,,,,,
969,7.5,7.49142,0.53838,4.35047,3.47824,2.60185,5357.11,0.870911,4.62038,180575,0.975464,0.14203,0.37405,0,,,,,,,,,,,,,,,
995,7.5,7.48925,0.488897,4.34593,3.50575,2.62949,5578.48,0.866172,4.50448,180459,0.97402,0.147566,0.360828,0,,,,,,,,,,,,,,,
1020,7.5,7.48696,0.437178,4.34038,3.53349,2.65736,5908.78,0.861079,4.3908,180788,0.97229,0.153376,0.34127,0,,,,,,,,,,,,,,,
1042,7.5,7.48476,0.387459,4.33419,3.55909,2.68309,6251.45,0.856214,4.28857,181029,0.970486,0.158946,0.321618,0,,,,,,,,,,,,,,,
1062,7.5,7.48258,0.338222,4.32717,3.58341,2.70754,6685.43,0.851454,4.1938,181161,0.968464,0.164437,0.301737,0,,,,,,,,,,,,,,,
1081,7.5,7.48034,0.287048,4.31885,3.60762,2.73188,7119.49,0.846687,4.10163,180878,0.966237,0.170093,0.282768,0,,,,,,,,,,,,,,,
1098,7.5,7.4782,0.23691,4.30964,3.63022,2.7546,7758.84,0.841915,4.01762,181128,0.963636,0.175559,0.259551,0,,,,,,,,,,,,,,,
1114,7.5,7.47607,0.185702,4.29913,3.65224,2.77674,8508.34,0.837259,3.93752,180979,0.960679,0.181057,0.237922,0,,,,,,,,,,,,,,,
1128,7.5,7.47414,0.137498,4.28834,3.67205,2.79667,9364.77,0.832798,3.86684,181222,0.95754,0.186157,0.215522,0,,,,,,,,,,,,,,,
1142,7.5,7.47216,0.0854777,4.27649,3.69278,2.81751,10366.3,0.828121,3.79437,181161,0.953916,0.191647,0.195002,0,,,,,,,,,,,,,,,
1153,7.5,7.47043,0.0378735,4.26896,3.71269,2.83753,11152.6,0.823308,3.72609,181574,0.950912,0.197075,0.18123,0,,,,,,,,,,,,,,,
1170,7.5,7.46909,0.000883654,4.30435,3.75983,2.88475,8061.88,0.811952,3.57009,181244,0.955739,0.210512,0.250566,0,,,,,,,,,,,,,,,
1504,7.5,7.46896,3.60265e-35,4.25366,3.78048,2.9054,12506,0.806793,3.50396,181009,0.942608,0.216676,0.162459,0,,,,,,,,,,,,,,,
1536,7.5,7.46889,0,4.20225,3.80737,2.93229,19527.8,0.799642,3.41978,181147,0.924951,0.224977,0.104722,0,,,,,,,,,,,,,,,
1563,7.5,7.46884,0,4.15185,3.81161,2.93654,30172.7,0.79839,3.40667,181369,0.905624,0.226318,0.0682941,0,,,,,,,,,,,,,,,
1588,7.5,7.4688,1.86222e-40,4.1007,3.8056,2.93053,46001.2,0.800038,3.42511,181282,0.883526,0.224416,0.0448908,0,,,,,,,,,,,,,,,
1611,7.5,7.46878,0,4.04999,3.7931,2.91803,69880.7,0.803411,3.46404,181170,0.858342,0.22053,0.029899,0,,,,,,,,,,,,,,,
1633,7.5,7.46874,0,3.99852,3.7758,2.90073,106014,0.807948,3.51867,181090,0.829475,0.215257,0.0199697,0,,,,,,,,,,,,,,,
1654,7.5,7.46868,0,3.94668,3.75513,2.88006,163282,0.812905,3.58508,181729,0.796562,0.209128,0.0132214,0,,,,,,,,,,,,,,,
1674,7.5,7.46863,0,3.89621,3.73278,2.85771,239708,0.818576,3.65822,181293,0.764391,0.202692,0.00911772,0,,,,,,,,,,,,,,,
1695,7.5,7.46859,0,3.84561,3.70856,2.8335,353988,0.824413,3.73902,181059,0.730854,0.195937,0.00629498,0,,,,,,,,,,,,,,,
1721,7.5,7.46855,0,3.79401,3.68201,2.80695,524079,0.830558,3.82946,180829,0.69413,0.188779,0.00436385,0,,,,,,,,,,,,,,,
1749,7.5,7.46852,0,3.7433,3.65231,2.77725,770736,0.836975,3.93271,180961,0.657641,0.181064,0.00303772,0,,,,,,,,,,,,,,,
1780,7.5,7.46849,0,3.69233,3.61323,2.73818,1.20064e+06,0.844967,4.07184,181134,0.629487,0.171359,0.00206462,0,,,,,,,,,,,,,,,
1840,7.5,7.46843,0,3.64226,3.50469,2.62964,2.14206e+07,0.980484,18.3165,100106,0.80387,0.599291,0.0114978,6297.03,1.71992,0.035844,3401.71,1.51015e+10,1.556e+10,4.58445e+08,4.58445e+08,0.00342729,319,2.14206e+07,6.99459e+07,9.1057e-07,8.83741e-07,2.99949e-05,2.99949e-05
1947,7.5,7.46783,0,3.59205,3.87125,2.99623,6.22974e+07,0.980115,17.991,100164,0.668198,1.37145,0.0104773,17636.5,1.68763,0.0351859,3532.31,4.09782e+10,4.25838e+10,1.60559e+09,1.60559e+09,0.00119125,471,6.22974e+07,2.13084e+08,3.35568e-07,3.22916e-07,8.56443e-06,8.56443e-06
2363,7.5,7.32051,0,3.64256,3.87202,3.00566,1.88675e+06,0.777388,3.20348,180349,0.526217,0.249594,0.00191347,54.2528,1.91901,0.0383367,34777,3.44676e+07,2.27017e+08,1.35743e+09,1.92549e+08,0.0016559,10,698941,732726,0.000398954,6.05726e-05,1.01302e-05,7.14156e-05
2392,7.5,7.31978,0,3.693,3.89585,3.02953,864701,0.770391,3.14035,180913,0.525371,0.258434,0.00301119,0,,,,,,,,,,,,,,,
2418,7.5,7.31923,0,3.74488,3.90189,3.0356,605293,0.768777,3.12671,181134,0.572332,0.260937,0.00406929,0,,,,,,,,,,,,,,,
2455,7.5,7.31455,0,3.79541,3.90776,3.04176,429003,0.767331,3.11096,180668,0.620682,0.26333,0.00557497,0,,,,,,,,,,,,,,,
2493,7.5,7.3027,1.25182e-32,3.74516,3.9052,3.0399,600095,0.767595,3.11454,180878,0.570899,0.26251,0.00412681,0,,,,,,,,,,,,,,,
2537,7.5,7.30039,0,3.79561,3.92893,3.06377,420188,0.760454,3.05094,180795,0.612833,0.271675,0.00571131,4.38054,0.748676,0.0110753,95921.5,4.2719e+07,1.36959e+08,1.45212e+08,9.42398e+07,0.00169659,33,276381,393236,0.000321894,0.000100402,9.46962e-05,0.000145915
2580,7.5,7.29648,0,3.74408,3.90701,3.04208,603347,0.766875,3.10834,180934,0.568856,0.263303,0.00410934,1.26057,0.146019,0.0021945,478631,1.32354e+07,2.31149e+08,2.83034e+08,2.17913e+08,0.000252605,5,465798,485827,0.00103895,5.94898e-05,4.85842e-05,6.31031e-05
2603,7.5,7.29526,0,3.6938,3.89277,3.02791,854559,0.771098,3.14497,180576,0.526867,0.257862,0.00304201,0,,,,,,,,,,,,,,,
2633,7.5,7.2942,0,3.64336,3.85938,2.99458,1.92509e+06,0.780453,3.23653,180824,0.529968,0.245707,0.00187709,2.92483e-103,1e-104,2.00184e-106,6.58187e+108,4.21381e+07,2.30613e+08,1.35729e+09,1.88475e+08,8.80591e-108,15,710380,753090,0.000326332,5.96279e-05,1.01312e-05,7.29592e-05
2750,7.5,7.28848,0,3.59329,3.89164,3.02718,4.0751e+07,0.974716,14.2846,100391,0.66255,1.16925,0.0107072,9829.25,1.8283,0.0381792,4145.9,3.61367e+10,3.74574e+10,1.32067e+09,1.32067e+09,0.00125512,468,4.0751e+07,1.45438e+08,3.80527e-07,3.6711e-07,1.04121e-05,1.04121e-05
839,8,7.99967,0.738538,4.38556,3.45011,2.54522,3880.89,0.880243,4.86804,180147,0.981345,0.131348,0.516078,0,,,,,,,,,,,,,,,
894,8,7.99704,0.688835,4.37579,3.47918,2.57443,4274.7,0.875512,4.73861,180415,0.97966,0.136751,0.470129,0,,,,,,,,,,,,,,,
938,8,7.99431,0.638649,4.37217,3.50977,2.60516,4446.47,0.870271,4.60633,180875,0.978431,0.142682,0.450659,0,,,,,,,,,,,,,,,
978,8,7.99147,0.587778,4.36869,3.53997,2.63552,4553.49,0.865025,4.47956,180742,0.977236,0.148802,0.438972,0,,,,,,,,,,,,,,,
1013,8,7.98868,0.53892,4.3649,3.56808,2.66378,4735.87,0.85988,4.36503,180852,0.97592,0.154747,0.423881,0,,,,,,,,,,,,,,,
1046,8,7.98574,0.48864,4.36033,3.5961,2.69196,4912.47,0.854602,4.25386,180760,0.974496,0.160916,0.408529,0,,,,,,,,,,,,,,,
1076,8,7.9828,0.438781,4.35503,3.62295,2.71897,5201.04,0.849207,4.15026,181113,0.972834,0.16707,0.386979,0,,,,,,,,,,,,,,,
1104,8,7.97977,0.387548,4.3487,3.64947,2.74566,5492.67,0.843721,4.05046,181294,0.971018,0.173384,0.364787,0,,,,,,,,,,,,,,,
1129,8,7.97678,0.337019,4.34151,3.67457,2.77092,5853.35,0.838378,3.95837,181339,0.968998,0.179593,0.34244,0,,,,,,,,,,,,,,,
1151,8,7.97388,0.287392,4.33345,3.69822,2.79473,6270.68,0.833214,3.87365,181262,0.966784,0.185652,0.320025,0,,,,,,,,,,,,,,,
1171,8,7.97099,0.237025,4.32421,3.72115,2.81782,6794.6,0.828021,3.7933,181233,0.964236,0.191727,0.295665,0,,,,,,,,,,,,,,,
1189,8,7.96819,0.186933,4.31391,3.74296,2.83978,7537.68,0.822743,3.7185,181662,0.961222,0.197695,0.267743,0,,,,,,,,,,,,,,,
1205,8,7.96556,0.138145,4.30296,3.76332,2.86028,8240.69,0.817949,3.65009,181366,0.958126,0.20344,0.245405,0,,,,,,,,,,,,,,,
1220,8,7.96297,0.0880103,4.2914,3.7836,2.88071,9003.71,0.813072,3.58313,180999,0.954731,0.209324,0.224236,0,,,,,,,,,,,,,,,
1233,8,7.96046,0.0370578,4.28307,3.80513,2.90237,9775.72,0.807343,3.51358,181514,0.951439,0.215758,0.206463,0,,,,,,,,,,,,,,,
1246,8,7.95868,0.000878554,4.31812,3.8502,2.94754,7113.94,0.795404,3.37295,181349,0.956187,0.229825,0.28345,0,,,,,,,,,,,,,,,
1509,8,7.95851,7.62239e-38,4.26811,3.86682,2.96416,11063,0.79082,3.32267,181294,0.943507,0.235234,0.183923,0,,,,,,,,,,,,,,,
1541,8,7.95843,0,4.21678,3.89569,2.99304,17036,0.782707,3.237,180994,0.926111,0.244927,0.11987,0,,,,,,,,,,,,,,,
1568,8,7.95836,0,4.16655,3.90163,2.99899,26426.7,0.7807,3.21963,181481,0.906769,0.246969,0.0777797,0,,,,,,,,,,,,,,,
1593,8,7.95832,0,4.11545,3.8972,2.99456,40692.2,0.78197,3.23253,181539,0.88442,0.245444,0.0509922,0,,,,,,,,,,,,,,,
1616,8,7.95829,0,4.06485,3.88628,2.98364,61480.9,0.785301,3.26463,181241,0.859329,0.241726,0.0341442,0,,,,,,,,,,,,,,,
1638,8,7.95826,0,4.01348,3.87061,2.96797,93287.6,0.789767,3.31118,181245,0.830258,0.236484,0.0227876,0,,,,,,,,,,,,,,,
1659,8,7.9582,0,3.96171,3.8516,2.94896,142478,0.794765,3.36839,181830,0.797143,0.230269,0.015124,0,,,,,,,,,,,,,,,
1679,8,7.95814,8.94686e-37,3.91033,3.83054,2.92791,209486,0.800707,3.43301,181310,0.763389,0.223581,0.0104075,0,,,,,,,,,,,,,,,
1699,8,7.95809,0,3.85985,3.80797,2.90535,311524,0.806609,3.50357,181335,0.728637,0.216627,0.00717181,0,,,,,,,,,,,,,,,
1723,8,7.95804,0,3.80833,3.78309,2.88046,460293,0.81288,3.5827,181354,0.691371,0.209186,0.00495359,0,,,,,,,,,,,,,,,
1750,8,7.958,0,3.75741,3.75518,2.85256,678921,0.819532,3.67307,181594,0.65302,0.201125,0.00345353,0,,,,,,,,,,,,,,,
1779,8,7.95797,0,3.7071,3.72072,2.8181,995955,0.827645,3.78687,181100,0.620213,0.191563,0.00243883,0,,,,,,,,,,,,,,,
1819,8,7.95792,0,3.65685,3.64402,2.74139,1.55293e+06,0.918419,4.85874,100352,0.805313,0.205756,0.0129622,135.846,2.13945,0.0438799,11431.6,1.32741e+09,1.47632e+09,1.48908e+08,1.48908e+08,0.003538,166,1.55293e+06,3.8676e+06,1.03592e-05,9.31436e-06,9.23455e-05,9.23455e-05
1904,8,7.95783,6.11675e-36,3.60671,3.7846,2.88199,5.22316e+07,0.981507,19.3028,100239,0.721169,1.13304,0.0102714,15369.6,1.63136,0.0339831,3398.36,5.17049e+10,5.29353e+10,1.23039e+09,1.23039e+09,0.00154503,460,5.22316e+07,1.89963e+08,2.65951e-07,2.5977e-07,1.11761e-05,1.11761e-05
857,9,8.99975,0.738572,4.41085,3.61195,2.65589,3114.43,0.861338,4.39662,180807,0.981986,0.153061,0.63996,0,,,,,,,,,,,,,,,
877,9,8.99946,0.687764,4.40126,3.64252,2.68648,3428.62,0.855528,4.27523,181158,0.980319,0.159696,0.582738,0,,,,,,,,,,,,,,,
887,9,8.99918,0.638597,4.39791,3.67316,2.71713,3512.59,0.849601,4.15716,181017,0.979213,0.16664,0.568268,0,,,,,,,,,,,,,,,
897,9,8.99884,0.583947,4.39433,3.70635,2.75034,3670.23,0.842655,4.03317,181565,0.977838,0.174517,0.543949,0,,,,,,,,,,,,,,,
926,9,8.99598,0.538449,4.39085,3.73274,2.77687,3767.71,0.837173,3.93709,181139,0.976687,0.18109,0.533654,0,,,,,,,,,,,,,,,
976,9,8.99103,0.488274,4.38633,3.76079,2.80516,3913.4,0.830899,3.83717,181229,0.975272,0.188373,0.512202,0,,,,,,,,,,,,,,,
1020,9,8.9861,0.438887,4.3811,3.78752,2.83213,4105.26,0.824702,3.74443,181265,0.9737,0.195597,0.489276,0,,,,,,,,,,,,,,,
1060,9,8.98103,0.388502,4.3749,3.81378,2.85863,4339.15,0.818345,3.65553,181374,0.97192,0.202971,0.46256,0,,,,,,,,,,,,,,,
1096,9,8.97592,0.337705,4.36768,3.83926,2.88436,4607.46,0.812034,3.57133,181277,0.969936,0.210399,0.435608,0,,,,,,,,,,,,,,,
1127,9,8.97101,0.288495,4.35967,3.86301,2.90835,4986.57,0.805789,3.49466,181534,0.967664,0.217572,0.40396,0,,,,,,,,,,,,,,,
1155,9,8.96609,0.238512,4.35045,3.88613,2.93171,5374.22,0.799638,3.42155,181477,0.965182,0.224792,0.373494,0,,,,,,,,,,,,,,,
1180,9,8.96118,0.18759,4.33988,3.90873,2.95455,5884.53,0.793548,3.35168,181201,0.962256,0.232092,0.343245,0,,,,,,,,,,,,,,,
1201,9,8.95662,0.138627,4.32869,3.92963,2.97567,6543.08,0.787414,3.28825,181584,0.95896,0.239046,0.308806,0,,,,,,,,,,,,,,,
1220,9,8.95212,0.0884488,4.31678,3.95042,2.99668,7221.11,0.781338,3.22634,181558,0.955392,0.246172,0.279,0,,,,,,,,,,,,,,,
1236,9,8.94782,0.0382904,4.30785,3.97189,3.01835,7744.31,0.775048,3.16379,181248,0.952164,0.25375,0.260703,0,,,,,,,,,,,,,,,
1259,9,8.94461,0.000955262,4.34078,4.01469,3.06131,5771.3,0.761633,3.04321,181303,0.956403,0.269459,0.349452,0.00364587,0.0451434,0.000670063,1.58297e+06,5306.79,22622.3,28102.8,17315.5,0.00635116,20,3837.12,4780.29,2.59121,0.607851,0.48931,0.794142
1624,9,8.94432,0,4.28942,4.02875,3.07538,8994.09,0.757404,3.00475,180786,0.943701,0.274814,0.22655,0.0288595,0.233365,0.00347155,311651,24186.7,63931.9,70930.6,39745.2,0.0202882,33,5499.18,8108.01,0.568536,0.215088,0.193865,0.345979
1655,9,8.94421,0,4.23828,4.05688,3.10352,13937.4,0.748,2.92922,180860,0.926213,0.285838,0.146573,0.160066,0.867635,0.0127924,87073.1,90359.4,182501,182501,92141.1,0.0452365,45,7766.05,13816.5,0.152181,0.0753476,0.0753476,0.149238
1682,9,8.94412,0,4.18736,4.06395,3.11059,21438.1,0.745779,2.91092,180663,0.906725,0.288718,0.0961557,0.36708,1.30499,0.0192335,58401.8,238404,458400,439784,219996,0.0436168,42,11806,21799,0.0576793,0.0299978,0.0312676,0.0625057
1707,9,8.94406,0,4.13595,4.06105,3.1077,33238.5,0.746674,2.91928,180938,0.88385,0.287623,0.0625973,0.647884,1.48032,0.0218531,51303.2,527967,1.06207e+06,1.0417e+06,534104,0.0326367,44,18629.3,33238.5,0.0260452,0.0129473,0.0132005,0.0257459
1730,9,8.94402,0,4.08521,4.05204,3.09869,50294.9,0.749925,2.94355,180705,0.85822,0.284059,0.0418489,0.95168,1.41859,0.0210176,52848.5,1.14513e+06,2.38002e+06,2.33558e+06,1.23489e+06,0.0213436,42,28809.8,50294.9,0.0120083,0.00577768,0.00588762,0.0111354
1752,9,8.94399,0,4.03389,4.03866,3.08531,76881.7,0.754043,2.97902,181161,0.828176,0.278761,0.0276953,1.23703,1.18642,0.0176474,62150.1,2.03551e+06,4.95514e+06,5.22687e+06,2.91964e+06,0.012358,33,46020.3,72301,0.00675556,0.00277509,0.00263083,0.00470983
1773,9,8.94392,0,3.98175,4.02207,3.06873,116235,0.759283,3.02313,181289,0.794146,0.272291,0.018575,1.29223,0.802286,0.01199,89949.2,2.91857e+06,1.00248e+07,1.14266e+07,7.1062e+06,0.00587751,22,76221.9,102208,0.00471155,0.0013717,0.00120342,0.00193507
1793,9,8.94384,0,3.92942,4.00336,3.05002,172309,0.765501,3.07423,180802,0.757557,0.265219,0.0127591,0,,,,,,,,,,,,,,,
1812,9,8.94377,0,3.87918,3.9836,3.03026,256184,0.771313,3.1294,181334,0.72045,0.257975,0.00876482,0,,,,,,,,,,,,,,,
1833,9,8.94371,0,3.82828,3.96156,3.00822,370954,0.778282,3.19176,180703,0.683338,0.2501,0.00619311,0,,,,,,,,,,,,,,,
1859,9,8.94366,0,3.77648,3.93595,2.98261,550380,0.785271,3.26533,181432,0.642401,0.241219,0.00427095,0,,,,,,,,,,,,,,,
1887,9,8.94361,0,3.72525,3.90443,2.9511,796942,0.794279,3.35723,180767,0.605217,0.230671,0.00305217,0,,,,,,,,,,,,,,,
1918,9,8.94357,0,3.67448,3.85778,2.90445,1.27212e+06,0.80623,3.49654,180918,0.582396,0.215779,0.00205728,0,,,,,,,,,,,,,,,
1983,9,8.94347,0,3.6243,3.76926,2.81593,1.9239e+07,0.972706,13.2608,100329,0.768554,0.665677,0.010544,4354.9,1.8522,0.0385046,4417.79,2.20486e+10,2.26929e+10,6.44315e+08,6.44315e+08,0.00217358,345,1.9239e+07,6.908e+07,6.23666e-07,6.05959e-07,2.1342e-05,2.1342e-05
873,10,9.99965,0.738881,4.43304,3.75384,2.75204,2560.71,0.842441,4.02696,181150,0.982537,0.174931,0.777462,0,,,,,,,,,,,,,,,
897,10,9.99907,0.685535,4.42316,3.7862,2.78442,2793.04,0.835613,3.91008,180913,0.980892,0.183003,0.71645,0,,,,,,,,,,,,,,,
910,10,9.99854,0.63598,4.41993,3.81718,2.81542,2896.49,0.828441,3.80146,181552,0.979729,0.191084,0.686112,0,,,,,,,,,,,,,,,
922,10,9.998,0.585791,4.41673,3.8478,2.84607,2960.06,0.821503,3.69737,181043,0.978585,0.199439,0.676257,0,,,,,,,,,,,,,,,
933,10,9.99747,0.537097,4.41314,3.87667,2.87496,3079.49,0.814349,3.60187,181354,0.977295,0.207655,0.650928,0,,,,,,,,,,,,,,,
944,10,9.99692,0.486115,4.40867,3.90606,2.90437,3187.67,0.806908,3.50722,181332,0.975886,0.216364,0.626812,0,,,,,,,,,,,,,,,
954,10,9.99642,0.437805,4.40366,3.93306,2.9314,3335.24,0.799845,3.42257,181227,0.974361,0.224698,0.601996,0,,,,,,,,,,,,,,,
964,10,9.99592,0.38798,4.39762,3.95993,2.95829,3534.47,0.792376,3.34034,181465,0.972579,0.233308,0.56816,0,,,,,,,,,,,,,,,
979,10,9.99308,0.33846,4.39062,3.98541,2.98389,3748.19,0.785215,3.26393,181276,0.970643,0.241816,0.537319,0,,,,,,,,,,,,,,,
1022,10,9.98511,0.288986,4.38248,4.00941,3.00824,3975.25,0.778288,3.19284,180884,0.968526,0.250188,0.505582,0,,,,,,,,,,,,,,,
1061,10,9.97697,0.237783,4.37288,4.03327,3.03245,4333.42,0.770912,3.12373,180960,0.965894,0.258805,0.464421,0,,,,,,,,,,,,,,,
1093,10,9.96934,0.188922,4.36253,4.05517,3.05469,4731.68,0.764098,3.06153,180730,0.963061,0.266977,0.427127,0,,,,,,,,,,,,,,,
1122,10,9.96149,0.137143,4.35038,4.07755,3.0774,5258.26,0.756596,2.99919,181004,0.959605,0.275587,0.38204,0.0113477,0.157476,0.00235272,463376,9018.98,22626.6,24446.9,13607.6,0.0230523,35,3204.09,4825.75,1.52467,0.607736,0.562484,1.01054
1146,10,9.95417,0.0869728,4.33805,4.09862,3.0988,5865.44,0.749596,2.94171,180848,0.955846,0.283953,0.345057,0.0278862,0.356903,0.00529409,210335,15376.1,31526.7,31987.3,16150.6,0.0443696,43,3285.71,5726.88,0.894308,0.43617,0.429889,0.851424
1166,10,9.94706,0.0362942,4.32866,4.12058,3.12107,6346.69,0.742032,2.88293,180768,0.952385,0.292923,0.319422,0.049022,0.597351,0.00879946,129466,23535.3,42097.6,39616,18562.3,0.0645487,57,3332.79,6586.29,0.584271,0.326646,0.347107,0.740803
1185,10,9.94207,0.000888592,4.36144,4.16114,3.16184,4696.63,0.727523,2.77815,180702,0.956704,0.31006,0.4288,0.0460322,0.800619,0.011487,102029,18452.1,28627.8,24188.4,10175.8,0.103531,73,2251.97,5316.73,0.745228,0.480336,0.568496,1.35134
1512,10,9.94163,0,4.31006,4.17072,3.17145,7445.45,0.723986,2.75424,180739,0.944149,0.314266,0.274039,0.115792,1.28688,0.0185833,64300.4,48302.5,73618.3,61813.7,25315.8,0.103591,70,3482.13,8456.71,0.284685,0.186788,0.222458,0.543178
1542,10,9.94148,0,4.25865,4.19757,3.1983,11534.7,0.714123,2.68899,180616,0.926745,0.326394,0.177684,0.292005,2.16962,0.0311316,39501.7,139031,201632,159484,62600.5,0.104752,69,5182.89,13736.6,0.0989057,0.0681985,0.0862218,0.219663
1569,10,9.94136,0,4.20667,4.20553,3.20626,18012.2,0.711552,2.67274,180617,0.906644,0.330422,0.115015,0.564207,2.70869,0.0388905,31924.8,361511,516751,395159,155240,0.0828176,73,8057.95,22065.5,0.0380376,0.0266105,0.0347986,0.0885786
1593,10,9.94127,0,4.1564,4.20393,3.20467,27560.5,0.712542,2.68078,180988,0.88421,0.330201,0.0754111,0.919478,2.87508,0.0414676,29974,854465,1.21605e+06,915412,361580,0.0583458,71,12302.1,34275.4,0.0160931,0.011308,0.0150216,0.0380303
1616,10,9.94121,0,4.10491,4.19635,3.19709,42290.6,0.716048,2.7033,181021,0.857731,0.327219,0.0498348,1.38479,2.78744,0.0404039,30539.4,1.95216e+06,2.80784e+06,2.09786e+06,855680,0.0382505,73,19260.4,52407.4,0.00704399,0.00489736,0.00655476,0.0160702
1637,10,9.94118,0,4.05483,4.18503,3.18577,64098.8,0.720597,2.73377,181184,0.827976,0.322393,0.033582,1.95931,2.56038,0.0372953,32715,4.08475e+06,6.03954e+06,4.61597e+06,1.95479e+06,0.024532,64,29939.6,79208,0.00336642,0.00227683,0.002979,0.00703451
1657,10,9.94113,0,4.00414,4.17084,3.17159,95714.5,0.725892,2.76981,181284,0.794364,0.316146,0.0228181,2.64057,2.26706,0.0331662,36247.7,8.05094e+06,1.2409e+07,9.86926e+06,4.35802e+06,0.0153899,62,45992.5,114750,0.001708,0.00110815,0.00139331,0.00315533
1676,10,9.94103,0,3.95346,4.15472,3.15547,138764,0.73191,2.80937,180823,0.758275,0.308977,0.0158835,3.37407,1.95424,0.028716,41126.8,1.50767e+07,2.47606e+07,2.0138e+07,9.68393e+06,0.00957614,60,71327.6,164854,0.00091207,0.000555357,0.000682839,0.00141998
1695,10,9.94094,0,3.90104,4.13628,3.13703,208476,0.737799,2.85409,181292,0.717596,0.300851,0.010816,4.33117,1.63307,0.0240949,48133.9,2.83509e+07,4.98846e+07,4.27997e+07,2.15338e+07,0.00578177,52,110628,235215,0.000485029,0.000275656,0.000321287,0.000638578
1714,10,9.94086,0,3.85027,4.11616,3.11692,300275,0.744639,2.90255,180735,0.679791,0.292115,0.00765668,5.19459,1.32437,0.0196027,57805.3,4.70749e+07,9.40038e+07,8.53699e+07,4.69289e+07,0.0034692,46,171192,324834,0.000292108,0.000146281,0.000161075,0.000293018
1737,10,9.94079,0,3.79872,4.09266,3.09342,436026,0.752083,2.95951,180473,0.639457,0.282166,0.00541758,5.89434,1.00473,0.0149112,73973.7,7.44225e+07,1.76376e+08,1.70354e+08,1.01953e+08,0.00197307,37,266629,440754,0.000184769,7.79642e-05,8.07199e-05,0.000134876
1763,10,9.94073,0,3.74818,4.06432,3.06508,632613,0.760255,3.02998,181019,0.599642,0.270649,0.00381585,5.49994,0.624871,0.00932787,115022,8.19203e+07,3.0802e+08,3.32725e+08,2.261e+08,0.000940443,23,433834,578708,0.000167858,4.46431e-05,4.13283e-05,6.08181e-05
1791,10,9.94067,0,3.69812,4.02649,3.02725,920284,0.771951,3.13028,180424,0.56668,0.256307,0.00273484,0,,,,,,,,,,,,,,,
1827,10,9.9406,0,3.64761,3.94487,2.94563,2.12871e+06,0.795879,3.37205,180293,0.588638,0.227469,0.00158778,3.47862e-103,1e-104,2.00135e-106,6.11941e+108,4.04999e+07,2.31455e+08,1.57005e+09,1.90955e+08,8.41638e-108,15,746686,789135,0.000339531,5.94111e-05,8.75833e-06,7.20117e-05
1913,10,9.94046,0,3.59712,4.06012,3.0609,2.04552e+07,0.96209,9.73308,100207,0.69484,0.864293,0.0101614,3641.33,2.02317,0.0420002,5617.5,4.04054e+10,4.14749e+10,1.06952e+09,1.06952e+09,0.00120773,468,2.04552e+07,8.89837e+07,3.40326e-07,3.3155e-07,1.28572e-05,1.28572e-05
2395,10,9.55216,0,3.64793,4.29873,3.31681,976921,0.674372,2.48547,181950,0.403213,0.39633,0.00329636,20.0476,2.0033,0.0279072,48730.1,1.26158e+09,1.87289e+09,1.25034e+09,6.11306e+08,0.00130155,115,451798,1.47856e+06,1.08998e-05,7.34214e-06,1.09978e-05,2.24944e-05
2421,10,9.55159,0,3.69988,4.31026,3.32837,666309,0.670215,2.46729,182998,0.442178,0.404021,0.00431011,14.902,2.21116,0.0309539,44712.7,7.19299e+08,1.00426e+09,6.46598e+08,2.84966e+08,0.00187707,114,270348,1.03097e+06,1.91172e-05,1.36926e-05,2.12667e-05,4.82548e-05
2445,10,9.55113,0,3.75126,4.31497,3.33309,488064,0.668731,2.45868,182714,0.49198,0.407035,0.00562817,11.8161,2.40436,0.0337108,41304.8,4.276e+08,5.71432e+08,3.5309e+08,1.43831e+08,0.00263015,109,188752,764724,3.21585e-05,2.40641e-05,3.89447e-05,9.56049e-05
2467,10,9.55067,0,3.80284,4.31662,3.33477,354127,0.668082,2.45419,182376,0.545855,0.407871,0.00741369,9.30065,2.61341,0.0366784,38075.5,2.3949e+08,3.11905e+08,1.88659e+08,7.24155e+07,0.00373393,113,133702,560293,5.74179e-05,4.40871e-05,7.2888e-05,0.00018989
2486,10,9.55014,0,3.85401,4.31522,3.33339,255794,0.668217,2.45444,182249,0.599199,0.406626,0.00988791,7.28957,2.83456,0.0397699,35090.4,1.34172e+08,1.69718e+08,9.87044e+07,3.55458e+07,0.00541471,114,93686.7,410836,0.000102487,8.10224e-05,0.000139315,0.000386852
2503,10,9.54926,0,3.90593,4.30988,3.32809,180912,0.669681,2.46125,182046,0.653348,0.402803,0.0134836,5.60337,3.06715,0.0430887,32286.4,6.8693e+07,8.56396e+07,4.9261e+07,1.69466e+07,0.00808044,119,65300,290673,0.00020018,0.000160568,0.000279146,0.000811431
2551,10,9.51326,0,3.85328,4.30477,3.32462,260948,0.671265,2.47177,182691,0.600989,0.401308,0.00965705,7.4388,2.80941,0.0403138,35079.4,1.30016e+08,1.66236e+08,9.96641e+07,3.62201e+07,0.0054184,130,96584.7,409468,0.000105764,8.27195e-05,0.000137973,0.000379651
2569,10,9.50517,0,3.80284,4.29805,3.31827,358300,0.674367,2.48659,182259,0.552524,0.397858,0.00725676,9.33289,2.54284,0.0364917,38391,2.29815e+08,3.02812e+08,1.86004e+08,7.29974e+07,0.00372053,130,138905,557453,5.98351e-05,4.5411e-05,7.39283e-05,0.000188376
2589,10,9.50125,0,3.75184,4.28851,3.30891,491606,0.678146,2.50613,182078,0.503566,0.392434,0.00548605,11.693,2.29503,0.032933,42042.8,3.9474e+08,5.39841e+08,3.42808e+08,1.45101e+08,0.0025924,114,199335,760779,3.48356e-05,2.54723e-05,4.01128e-05,9.47684e-05
2611,10,9.49889,0,3.70045,4.27566,3.29617,690601,0.682275,2.53087,182694,0.455856,0.384857,0.00410766,14.9751,2.06545,0.0296649,46116.7,6.62927e+08,9.55233e+08,6.41608e+08,2.92305e+08,0.00182182,107,293623,1.02657e+06,2.07428e-05,1.43954e-05,2.14321e-05,4.70432e-05
2636,10,9.49729,0,3.64889,4.25355,3.27413,1.03871e+06,0.689836,2.5707,181986,0.422312,0.371569,0.00302926,20.3494,1.82166,0.0262769,51044,1.17552e+09,1.81742e+09,1.26091e+09,6.41902e+08,0.00122905,104,509349,1.4984e+06,1.16978e-05,7.56622e-06,1.09056e-05,2.14222e-05
2698,10,9.49502,0,3.59887,4.15522,3.1759,5.74549e+06,0.920219,4.9562,100023,0.668295,0.57086,0.011273,607.358,2.52834,0.0523095,9459.81,1.54961e+10,1.61796e+10,6.83438e+08,6.83438e+08,0.00126522,395,5.74549e+06,2.55994e+07,8.87383e-07,8.49899e-07,2.01203e-05,2.01203e-05
887,11,10.9995,0.73888,4.4524,3.88001,2.83682,2145.83,0.823677,3.72848,181074,0.982996,0.19688,0.930113,0,,,,,,,,,,,,,,,
915,11,10.9986,0.687886,4.44277,3.91112,2.86797,2349.7,0.816165,3.62476,181148,0.981401,0.205634,0.85241,0,,,,,,,,,,,,,,,
933,11,10.9976,0.637815,4.43956,3.94255,2.89944,2406.56,0.808229,3.5229,181220,0.980303,0.214875,0.827912,0,,,,,,,,,,,,,,,
950,11,10.9966,0.586012,4.43632,3.97428,2.9312,2492.38,0.799824,3.42317,181379,0.979062,0.224634,0.802447,0,,,,,,,,,,,,,,,
965,11,10.9957,0.536989,4.43274,4.00345,2.9604,2569.07,0.791839,3.33395,181357,0.977823,0.233999,0.778784,0,,,,,,,,,,,,,,,
979,11,10.9947,0.487756,4.42844,4.03194,2.98893,2650.94,0.783854,3.24908,181090,0.976479,0.243524,0.755592,0,,,,,,,,,,,,,,,
992,11,10.9938,0.438694,4.42336,4.05949,3.01652,2794.98,0.775538,3.16904,181364,0.97489,0.253106,0.718522,0,,,,,,,,,,,,,,,
1005,11,10.9929,0.386362,4.41697,4.08785,3.04492,2913.58,0.767132,3.0887,180804,0.97315,0.263356,0.689435,0,,,,,,,,,,,,,,,
1017,11,10.992,0.335118,4.40966,4.11463,3.07174,3110.36,0.75843,3.01463,181033,0.971102,0.273415,0.643552,0.00269558,0.0627634,0.000937442,1.15387e+06,2557.15,7378.76,8436.59,4821.61,0.0157266,30,1942,2756.74,5.37747,1.86359,1.62992,2.85195
1028,11,10.9912,0.28597,4.40156,4.13942,3.09655,3348.29,0.750302,2.94771,180926,0.968853,0.283064,0.601645,0.00847708,0.189522,0.0028025,394982,5018.78,10235.5,10361,5216.76,0.0413957,43,1875.47,3248.95,2.73991,1.34345,1.32718,2.63592
1039,11,10.9896,0.236641,4.39225,4.16327,3.12047,3639.12,0.742068,2.8845,181022,0.966284,0.292676,0.553849,0.0156889,0.333367,0.00501431,231955,7594.26,13640.3,12964.4,6046.02,0.0628584,54,1909.07,3715.63,1.81071,1.00812,1.06067,2.27439
1077,11,10.9783,0.18841,4.38177,4.18492,3.14257,3975.84,0.73439,2.82725,180864,0.963427,0.301843,0.507849,0.0264418,0.529575,0.00776305,150362,11149.7,18324,16396.1,7174.3,0.0858559,65,1974.44,4305.05,1.23331,0.750436,0.838677,1.9167
1115,11,10.9665,0.137583,4.36948,4.20697,3.16509,4439.56,0.726182,2.77003,180916,0.959899,0.311474,0.45625,0.0412267,0.762292,0.0110996,107687,16397.1,25301,21599.4,8903.92,0.104343,74,2095.36,4966.34,0.838623,0.543495,0.636637,1.54437
1146,11,10.9554,0.0882285,4.35686,4.22782,3.18637,4900.01,0.718589,2.71693,180447,0.956208,0.320848,0.414154,0.0601719,1.036,0.0149891,81433.4,23187.4,34386.3,28035.5,11198.9,0.120188,80,2249.91,5716.88,0.593038,0.399898,0.490484,1.22789
1172,11,10.9444,0.0377736,4.34657,4.24965,3.20863,5353.76,0.710024,2.66248,180477,0.952489,0.330956,0.379335,0.0828775,1.34574,0.0193403,64598.5,32018.5,45477.4,35482.6,13458.9,0.13431,87,2352.07,6454.47,0.42947,0.30237,0.387542,1.0217
1195,11,10.9364,0.000825752,4.379,4.28984,3.24915,4019.07,0.693595,2.5657,180698,0.956507,0.350111,0.504314,0.062733,1.4338,0.020043,64066.2,22666.8,30333.3,22243.5,7666.42,0.170015,101,1633.05,5032.21,0.606656,0.45333,0.618204,1.79366
1493,11,10.9357,0,4.32864,4.30258,3.26191,6230.87,0.68856,2.53647,180513,0.944044,0.356442,0.327101,0.145819,2.18504,0.0306991,42730.3,58696.9,77616.6,55463.9,18919.7,0.161421,97,2502.78,8023.35,0.234271,0.177166,0.247927,0.726809
1522,11,10.9355,0,4.27835,4.32543,3.28477,9696.28,0.67907,2.4864,180818,0.927019,0.36829,0.21184,0.319746,3.17272,0.044395,30325,160483,206461,141926,45978.9,0.142866,98,3714.37,12863.8,0.0856853,0.0666032,0.0968886,0.299072
1548,11,10.9354,0,4.22817,4.33314,3.29249,14838.7,0.676768,2.47419,180803,0.907804,0.373054,0.139203,0.573152,3.7429,0.0525119,25889.7,402044,512796,338889,110752,0.108399,93,5687.67,20338.2,0.0342027,0.0268157,0.0405767,0.12416
1573,11,10.9352,0,4.17604,4.33223,3.29159,23424.2,0.678319,2.4839,181153,0.884173,0.373741,0.0900028,0.948873,3.90652,0.0551036,24686.3,1.00682e+06,1.27413e+06,825098,267307,0.0739686,95,8830.55,32747.8,0.0136578,0.0107924,0.0166659,0.0514426
1596,11,10.9351,0,4.12433,4.32553,3.28489,36349.8,0.682284,2.50666,181532,0.857143,0.371392,0.0589252,1.44067,3.77504,0.0535825,25231.2,2.36373e+06,2.99927e+06,1.91629e+06,635539,0.0481533,96,13831.9,51611,0.00581749,0.00458478,0.00717583,0.0216367
1617,11,10.9351,0,4.07377,4.31518,3.27454,55114.6,0.687512,2.53618,181766,0.826951,0.366918,0.0395077,2.05493,3.49288,0.0499216,26820.7,5.1629e+06,6.62509e+06,4.22308e+06,1.46219e+06,0.0309658,93,21527.1,77782.3,0.00266342,0.00207559,0.00325615,0.00940437
1637,11,10.9351,0,4.02256,4.30196,3.26132,82031.9,0.693559,2.57033,181800,0.792876,0.360709,0.0267941,2.80332,3.13948,0.0451216,29262.4,1.06923e+07,1.39782e+07,9.0049e+06,3.28588e+06,0.0196422,90,33144.4,116925,0.00128606,0.000983745,0.00152706,0.00418487
1656,11,10.9349,0,3.97121,4.28687,3.24624,122264,0.699834,2.60707,181875,0.754334,0.353379,0.0184131,3.76617,2.77195,0.0400215,32463.6,2.10346e+07,2.82985e+07,1.89929e+07,7.26385e+06,0.012467,85,50884.8,168881,0.000653731,0.000485927,0.000724008,0.00189307
1674,11,10.9348,0,3.92003,4.27023,3.2296,177438,0.706484,2.64585,181591,0.714113,0.345154,0.012913,4.87515,2.41765,0.0350644,36396.3,3.98967e+07,5.56378e+07,3.83949e+07,1.57411e+07,0.0079529,81,77623.3,241739,0.000344665,0.000247152,0.000358146,0.000873574
1692,11,10.9347,4.23381e-29,3.86876,4.25142,3.2108,258353,0.713283,2.6885,181659,0.673608,0.335862,0.00903521,6.2496,2.07928,0.0302648,41339.1,7.29268e+07,1.07038e+08,7.74108e+07,3.41111e+07,0.00504931,77,119140,339352,0.000188559,0.000128468,0.000177636,0.000403123
1712,11,10.9346,0,3.81782,4.22976,3.18914,370461,0.721114,2.73691,181123,0.63357,0.325282,0.00647445,7.79905,1.76014,0.0256794,47500.8,1.29795e+08,2.02489e+08,1.51613e+08,7.26938e+07,0.0032178,72,182285,472986,0.000105944,6.79099e-05,9.06978e-05,0.000189163
1736,11,10.9345,0,3.76762,4.20386,3.16324,531759,0.729442,2.79468,181367,0.593056,0.312928,0.00462566,9.58847,1.46257,0.021411,55458.2,2.10831e+08,3.62583e+08,2.91614e+08,1.51752e+08,0.00205658,64,279144,643258,6.52228e-05,3.79251e-05,4.71548e-05,9.06148e-05
1762,11,10.9345,0,3.71741,4.16993,3.12931,754039,0.74041,2.87087,180784,0.557277,0.297317,0.00334727,11.2105,1.15701,0.017031,67261.9,3.22667e+08,6.35158e+08,5.46025e+08,3.12492e+08,0.00127288,59,429309,863414,4.26167e-05,2.16497e-05,2.51838e-05,4.40043e-05
1791,11,10.9344,0,3.66683,4.11814,3.07752,1.17609e+06,0.755671,2.99066,180836,0.533598,0.274827,0.00228767,12.2819,0.76493,0.0113733,95757.9,4.13243e+08,1.12872e+09,1.09808e+09,7.15477e+08,0.000657089,41,769811,1.18662e+06,3.32758e-05,1.21828e-05,1.25227e-05,1.92193e-05
1852,11,10.9343,0,3.6166,4.0182,2.97759,7.93471e+06,0.947089,7.16295,100044,0.748587,0.520567,0.0104609,1105.32,2.20966,0.045753,7178.68,1.61432e+10,1.67213e+10,5.78025e+08,5.78025e+08,0.00170462,340,7.93471e+06,3.1967e+07,8.51812e-07,8.22366e-07,2.37896e-05,2.37896e-05
2344,11,10.2353,0,3.56644,4.43515,3.42323,9.99259e+06,0.913166,4.59999,100362,0.553754,0.937262,0.0120372,1050.27,2.73613,0.0565297,9514.26,1.79599e+10,1.93237e+10,1.3638e+09,1.3638e+09,0.000708033,505,9.99259e+06,4.45375e+07,7.65651e-07,7.11614e-07,1.00828e-05,1.00828e-05
900,12,11.9994,0.738987,4.4697,3.99318,2.9122,1846.21,0.8048,3.48245,181490,0.983347,0.218745,1.07884,0,,,,,,,,,,,,,,,
935,12,11.9978,0.688375,4.46009,4.02422,2.94329,2000.68,0.796725,3.38594,181031,0.981821,0.228466,1.00185,0,,,,,,,,,,,,,,,
960,12,11.9963,0.637987,4.45691,4.05591,2.97505,2060.75,0.787841,3.29014,181105,0.980693,0.238842,0.973411,0,,,,,,,,,,,,,,,
983,12,11.9947,0.586877,4.45375,4.08726,3.00646,2108.07,0.778755,3.19802,181002,0.979536,0.249567,0.950157,0,,,,,,,,,,,,,,,
1003,12,11.9931,0.538238,4.45021,4.11626,3.03551,2166.37,0.769944,3.11508,180996,0.978327,0.259913,0.922077,0,,,,,,,,,,,,,,,
1022,12,11.9916,0.488596,4.44588,4.14504,3.06434,2273.1,0.760729,3.03493,181197,0.976874,0.270607,0.884186,0.000766278,0.0241812,0.000362995,2.96642e+06,978.049,3607.42,4393.98,2629.37,0.00852032,23,1478,1908.47,14.0596,3.81186,3.12951,5.22976
1040,12,11.99,0.437504,4.44054,4.17378,3.09314,2351.46,0.751539,2.95681,180782,0.97535,0.281715,0.853179,0.00391246,0.123935,0.0018432,601018,2314.32,4925.45,5091.04,2611.14,0.0386459,44,1339.15,2257.83,5.9417,2.79182,2.70101,5.26628
1056,12,11.9885,0.387907,4.43443,4.20071,3.12012,2495.01,0.742167,2.88538,181048,0.973558,0.292534,0.804076,0.00766455,0.23745,0.00349834,325526,3588.96,6414.97,6098.8,2826.02,0.0650944,57,1303.28,2562.35,3.83147,2.14358,2.2547,4.86586
1071,12,11.987,0.337045,4.42711,4.2274,3.14687,2657.33,0.732856,2.81623,180853,0.971527,0.303661,0.758456,0.0124653,0.375684,0.00548798,213179,5122.18,8304.36,7405.36,3182.18,0.0898577,65,1301.72,2872.2,2.6846,1.65588,1.8569,4.32125
1085,12,11.9856,0.285568,4.4185,4.25348,3.173,2868.19,0.723136,2.75012,181064,0.969156,0.314918,0.700407,0.0188078,0.544274,0.0078761,152500,7297.73,11017.3,9217.4,3719.58,0.112154,71,1332.31,3260.91,1.88428,1.24813,1.49185,3.69692
1097,12,11.9844,0.238353,4.40946,4.27651,3.19607,3098.15,0.714467,2.69296,180981,0.966691,0.325203,0.649074,0.0264746,0.731483,0.0105032,117024,9853.72,14251.4,11439.5,4397.69,0.130655,78,1381.3,3633.24,1.39551,0.964886,1.20206,3.12686
1109,12,11.9833,0.188801,4.3987,4.29985,3.21945,3381.65,0.705731,2.63622,180508,0.963758,0.335957,0.59845,0.0371868,0.97012,0.0138329,90936.8,13790.7,19097.9,14572,5307.17,0.148178,85,1439.71,4125.56,0.997117,0.720026,0.943658,2.59102
1132,12,11.9744,0.138887,4.38642,4.32201,3.24193,3738.44,0.696863,2.58264,180319,0.960326,0.346614,0.540783,0.051938,1.26257,0.0179755,71979,19315.1,26042,19021.8,6726.92,0.162796,96,1552.48,4721.28,0.711929,0.528031,0.722906,2.04417
1173,12,11.9575,0.0879441,4.37288,4.3435,3.26404,4267.83,0.68723,2.53097,180909,0.956076,0.357419,0.474592,0.0737204,1.61967,0.0228841,57892.2,28002,36604,26052.8,8601.96,0.17375,97,1673.8,5508.37,0.491071,0.375669,0.527811,1.59859
1206,12,11.9416,0.0378273,4.36192,4.36511,3.28623,4664.87,0.677883,2.48008,180809,0.952203,0.368593,0.433613,0.0965399,1.99849,0.0280462,48320.6,37955.8,48493,33246.8,10537.2,0.183231,107,1767.22,6199.35,0.36229,0.283567,0.413603,1.30499
1281,12,11.9298,0.000995143,4.39154,4.40231,3.32386,3519.06,0.662026,2.39542,179914,0.955987,0.38823,0.57787,0.0704316,2.02789,0.0277037,49964.1,26968.8,33286.7,21339.4,6317.91,0.21808,119,1262.14,4908.46,0.509885,0.413107,0.644395,2.17651
1639,12,11.9292,0,4.33987,4.43628,3.35785,5582.02,0.646077,2.32254,180406,0.940816,0.407068,0.366201,0.173297,3.29404,0.0448411,32210.7,78937.2,95086.9,58792.7,16149.6,0.204529,120,1877.47,7974.79,0.174202,0.144615,0.233889,0.851475
1668,12,11.9288,0,4.28882,4.44986,3.37144,8739.64,0.640055,2.29758,180906,0.923614,0.415491,0.234501,0.347251,4.28753,0.0582774,25168.1,206788,246630,148732,39842.6,0.165276,112,2862.93,12732.3,0.0664981,0.0557555,0.0924546,0.345133
1695,12,11.9286,0,4.2377,4.45424,3.37583,13601.6,0.639997,2.29634,180668,0.90342,0.419488,0.153972,0.605158,4.80184,0.0656761,22476,522098,619624,360728,97525.9,0.119748,113,4449.91,20441.9,0.0263379,0.0221925,0.0381201,0.140998
1720,12,11.9284,0,4.18662,4.45131,3.37291,21396,0.642948,2.31275,181478,0.879561,0.419652,0.0994504,0.97276,4.86659,0.0671179,21995.2,1.28475e+06,1.51574e+06,860198,230989,0.0805327,119,6875.96,32993.2,0.0107032,0.00907212,0.0159858,0.0595309
1743,12,11.9283,0,4.13574,4.44282,3.36442,32749.9,0.649126,2.34093,181474,0.852819,0.416545,0.066215,1.44514,4.64165,0.0645811,22662.1,2.90246e+06,3.44528e+06,1.93487e+06,542819,0.052647,117,10770.6,51325,0.0047377,0.00399126,0.00710693,0.0253325
1766,12,11.9282,0,4.08385,4.43022,3.35182,50364.7,0.656397,2.37644,181831,0.821492,0.410769,0.0438597,2.07953,4.25321,0.0596009,24219.3,6.43402e+06,7.69572e+06,4.32312e+06,1.2617e+06,0.033492,111,16879,79500.7,0.00213723,0.00178684,0.0031808,0.0108988
1789,12,11.9282,0,4.0334,4.41707,3.33868,75219,0.663367,2.41091,182003,0.786845,0.404304,0.0299104,2.86332,3.84167,0.0542877,26269.8,1.35106e+07,1.63279e+07,9.15904e+06,2.81726e+06,0.0215593,108,25997.8,119548,0.00101779,0.00084218,0.00150136,0.00488098
1807,12,11.928,2.00477e-28,3.98117,4.4062,3.32781,112523,0.668865,2.43921,182232,0.745357,0.398942,0.0204877,3.89619,3.43734,0.0488551,28880.4,2.75807e+07,3.39361e+07,1.95602e+07,6.35542e+06,0.0137185,108,40162.9,175615,0.000498573,0.000405202,0.00070301,0.00216366
1824,12,11.9279,5.07346e-29,3.92958,4.39904,3.32065,161744,0.672805,2.45827,181939,0.700399,0.395491,0.0145325,5.09378,3.08916,0.0440285,31753.2,5.46348e+07,6.84124e+07,3.9662e+07,1.37776e+07,0.00888979,103,60212.1,253183,0.000251689,0.000201001,0.000346705,0.000998067
1841,12,11.9277,0,3.87786,4.39292,3.31455,236070,0.675439,2.47402,182521,0.652126,0.392469,0.0102619,6.73235,2.77487,0.0396159,35065,1.05829e+08,1.35003e+08,8.14605e+07,2.91739e+07,0.00580179,106,88499.1,363953,0.000129936,0.000101857,0.000168806,0.000471346
1859,12,11.9275,0,3.82773,4.3855,3.30713,330092,0.678718,2.49096,182425,0.606583,0.388473,0.00749301,8.53884,2.49156,0.0355613,38657.7,1.9472e+08,2.55488e+08,1.56784e+08,6.07684e+07,0.00387618,101,130316,505804,7.06193e-05,5.38224e-05,8.77064e-05,0.000226285
1882,12,11.9273,0,3.77706,4.37461,3.29625,459747,0.683227,2.51365,182011,0.559657,0.382321,0.00557655,10.7752,2.22573,0.0317705,42667.3,3.45594e+08,4.68175e+08,2.96424e+08,1.22581e+08,0.00263288,101,188462,697290,3.97894e-05,2.93715e-05,4.63895e-05,0.000112179
1908,12,11.9271,0,3.72525,4.35749,3.27913,654685,0.688954,2.54739,182623,0.512539,0.372506,0.00406427,13.8024,1.96592,0.0281149,47432.8,5.94071e+08,8.4644e+08,5.6751e+08,2.52369e+08,0.00179074,103,281216,956121,2.3147e-05,1.62457e-05,2.42304e-05,5.44875e-05
1936,12,11.927,0,3.67522,4.3307,3.25235,923220,0.698397,2.59858,181865,0.476555,0.357289,0.00302153,17.4281,1.70687,0.0245145,52973,9.78133e+08,1.49441e+09,1.04647e+09,5.16279e+08,0.00121826,100,437377,1.30876e+06,1.40584e-05,9.2016e-06,1.31403e-05,2.66348e-05
1975,12,11.9267,0,3.62469,4.25833,3.17999,2.29236e+06,0.731887,2.81096,181177,0.498237,0.323874,0.00174781,52.0569,1.8253,0.0357793,44035.7,3.60773e+09,3.98166e+09,2.61785e+09,3.73923e+08,0.000900363,242,843165,3.15154e+06,3.81153e-06,3.45358e-06,5.25278e-06,3.67749e-05
2323,12,11.2542,0,3.57459,4.46947,3.41634,1.10258e+07,0.818043,3.67795,177343,0.374409,0.737549,0.00218931,582.352,2.88113,0.0590019,18933.3,1.88495e+10,1.9948e+10,4.82714e+09,1.09849e+09,0.000799957,415,5.48934e+06,2.83959e+07,7.29515e-07,6.89342e-07,2.84868e-06,1.25181e-05
913,13,12.9992,0.73858,4.48488,4.0958,2.98006,1602.03,0.786279,3.27522,181344,0.983647,0.24052,1.24448,0,,,,,,,,,,,,,,,
957,13,12.9968,0.688525,4.47559,4.12666,3.01101,1726.93,0.777445,3.18488,180916,0.982174,0.251159,1.1581,0,,,,,,,,,,,,,,,
991,13,12.9945,0.638669,4.47249,4.15804,3.04246,1788.26,0.767594,3.09556,181318,0.981033,0.262453,1.11684,0,,,,,,,,,,,,,,,
1022,13,12.9921,0.588419,4.4694,4.18887,3.07337,1826.07,0.757879,3.0102,181068,0.979901,0.274043,1.09481,0.0011118,0.0441939,0.000662996,1.64245e+06,933.365,2563.91,2915.46,1630.54,0.0187669,30,1120.72,1618.94,14.7327,5.3633,4.71657,8.43339
1051,13,12.9896,0.537489,4.46568,4.21922,3.1038,1888.86,0.747668,2.92835,181200,0.978601,0.285941,1.05726,0.00329251,0.131862,0.00195922,573683,1719.55,3355.53,3355.53,1635.99,0.0498628,46,1031.16,1859.1,7.99687,4.09801,4.09801,8.40532
1077,13,12.9871,0.487615,4.46127,4.24809,3.13276,1965.55,0.737727,2.85252,181079,0.977183,0.297738,1.02119,0.00577561,0.23104,0.00339994,340320,2479.85,4213.24,3900.79,1733.39,0.0777109,63,991.735,2073.26,5.54508,3.26375,3.52518,7.93301
1100,13,12.9848,0.438778,4.45611,4.27554,3.16028,2035.47,0.728162,2.78211,180615,0.975701,0.309391,0.988096,0.00859103,0.343963,0.00501475,236930,3364.13,5254.39,4520.71,1890.26,0.102779,72,975.016,2255.32,4.08753,2.61705,3.04178,7.27464
1122,13,12.9823,0.386493,4.44957,4.30392,3.18875,2163.19,0.717407,2.71101,180799,0.973808,0.321908,0.929692,0.0124139,0.48618,0.00702603,174255,4678.93,6797.93,5481.46,2119,0.126574,79,969.994,2519.39,2.93892,2.02282,2.50864,6.48938
1140,13,12.9801,0.338777,4.44259,4.32897,3.21387,2287.76,0.707878,2.64964,180566,0.971909,0.333358,0.880327,0.0167432,0.640935,0.00917298,136638,6087.78,8506.14,6577.29,2418.36,0.146478,79,983.504,2775.15,2.25878,1.6166,2.09068,5.68608
1157,13,12.978,0.288744,4.43413,4.35439,3.23936,2462.85,0.697716,2.58869,180540,0.969594,0.345374,0.818761,0.0227283,0.836307,0.0118724,108360,8285.15,11134.4,8166.61,2849.26,0.16514,92,1013.53,3108.94,1.65971,1.235,1.68381,4.82616
1173,13,12.9759,0.236514,4.42394,4.37993,3.26497,2666.2,0.68732,2.52864,180314,0.966886,0.357855,0.753802,0.0308888,1.086,0.0152707,86316.2,11372.6,14814.8,10345,3442.2,0.18255,97,1054.21,3492.28,1.20914,0.928195,1.32923,3.99483
1187,13,12.9741,0.186451,4.41276,4.40354,3.28864,2958.06,0.676988,2.47431,180575,0.963715,0.36978,0.680065,0.042171,1.38053,0.0192555,70144.5,15649.3,19904.9,13545.5,4255.58,0.196266,98,1115.49,3944.76,0.878694,0.690834,1.01517,3.23128
1200,13,12.9725,0.137137,4.40039,4.42603,3.31119,3299.89,0.66723,2.42356,180418,0.960135,0.381497,0.613791,0.0574089,1.73558,0.0240024,57480.4,22135.6,27493.2,17958.3,5357.6,0.207749,102,1192.15,4489.18,0.621215,0.500159,0.765717,2.56663
1220,13,12.9626,0.0887419,4.38723,4.44701,3.3325,3682.93,0.657848,2.37645,180171,0.956179,0.392897,0.551629,0.076835,2.13996,0.0296032,47933,30923.8,37805,23879.1,6881.19,0.215066,113,1292.67,5141,0.444674,0.363735,0.575859,1.99835
1261,13,12.9399,0.0383661,4.37537,4.46854,3.35479,4094.23,0.647266,2.32807,180429,0.951918,0.405168,0.495771,0.10058,2.59782,0.0356335,40706,42648,51273.3,31436.2,8625.29,0.22042,123,1380.27,5797.05,0.32243,0.26819,0.437426,1.59426
1350,13,12.9239,0.000979648,4.40421,4.50483,3.39161,3129.05,0.629929,2.24928,179907,0.955436,0.426093,0.650284,0.0731247,2.59273,0.0345286,42790.6,29771.9,35020.5,20703.3,5248.58,0.255391,131,991.114,4601.89,0.461877,0.392655,0.664192,2.61995
1707,13,12.9233,0,4.35346,4.54184,3.42864,4832.14,0.612024,2.17426,179545,0.940182,0.448541,0.424626,0.170106,4.09453,0.0542668,28406.7,86327.1,99722.8,55650.2,13395.7,0.233314,129,1463.44,7326.7,0.159289,0.137892,0.247097,1.02652
1736,13,12.9229,0,4.30194,4.55556,3.44238,7571.82,0.605936,2.15172,179831,0.922597,0.458162,0.272391,0.333474,5.20293,0.0689268,22705.9,230190,264048,141643,33858.7,0.183444,130,2266.57,11967.1,0.0597376,0.0520775,0.0970818,0.406129
1763,13,12.9225,0,4.25031,4.56064,3.44747,12049.7,0.605225,2.15143,180425,0.901342,0.463501,0.174783,0.583909,5.73509,0.0765256,20636.2,591855,674742,354677,82887.5,0.129573,134,3503.02,19452.1,0.0232337,0.0203796,0.0387704,0.165899
1788,13,12.9223,0,4.19889,4.55896,3.4458,18988,0.60838,2.16735,181417,0.876655,0.465137,0.112255,0.932814,5.76768,0.0777141,20355.6,1.48211e+06,1.68122e+06,849145,199111,0.0860879,134,5452.88,31818.1,0.00927797,0.00817916,0.0161939,0.069062
1815,13,12.9221,0,4.14878,4.55339,3.44023,29206.5,0.614267,2.19136,181612,0.848853,0.464297,0.075106,1.39008,5.50386,0.0746284,21010.7,3.38262e+06,3.84487e+06,1.91673e+06,462249,0.0564223,129,8440.37,49923.6,0.00406519,0.00357645,0.00717419,0.029748
1841,13,12.922,6.77228e-28,4.09721,4.54846,3.43531,44619.2,0.619547,2.21353,181845,0.815229,0.463709,0.0503467,2.00545,5.1264,0.0703571,22249,7.69321e+06,8.75561e+06,4.29644e+06,1.0624e+06,0.0360969,130,12905.4,77060.1,0.00178742,0.00157053,0.00320056,0.0129433
1860,13,12.9219,0,4.04455,4.54914,3.43599,67381.8,0.621855,2.22368,182045,0.773676,0.46657,0.0342501,2.81453,4.73524,0.0653732,23940.7,1.75372e+07,1.99882e+07,9.58985e+06,2.45097e+06,0.0228166,134,19599.5,121125,0.000784104,0.000687956,0.00143391,0.00561042
1878,13,12.9217,0,3.99179,4.55494,3.4418,99741.2,0.621262,2.22241,182433,0.724154,0.47258,0.0238178,3.84617,4.37837,0.0605352,25932.6,3.82984e+07,4.37946e+07,2.08704e+07,5.49621e+06,0.0145682,130,29021.3,182636,0.000359048,0.000313988,0.000658875,0.0025019
1895,13,12.9212,1.10024e-29,3.94011,4.56221,3.44909,143701,0.619547,2.21652,182852,0.669642,0.479309,0.0171259,5.11258,4.05792,0.0561424,28107.3,7.61162e+07,8.80438e+07,4.31766e+07,1.19276e+07,0.00959369,131,42431.5,262711,0.000180658,0.000156183,0.000318483,0.00115287
1912,13,12.9205,0,3.88838,4.57032,3.45722,200975,0.617544,2.20773,182634,0.613117,0.486429,0.0127555,6.60121,3.76603,0.0520038,30445.2,1.48997e+08,1.73624e+08,8.55141e+07,2.46273e+07,0.00645584,138,59646.8,368086,9.22906e-05,7.91999e-05,0.000160804,0.000558364
1931,13,12.9193,0,3.83703,4.58107,3.46801,279023,0.613588,2.19308,183150,0.555046,0.495353,0.00957637,8.47155,3.51719,0.048362,32936.4,2.77663e+08,3.28284e+08,1.66981e+08,5.06212e+07,0.00442463,143,83527.9,514784,4.95241e-05,4.18875e-05,8.23504e-05,0.000271645
1976,13,12.9122,0,3.88986,4.6226,3.50978,190455,0.593736,2.11621,183154,0.590459,0.526248,0.0137642,6.4526,4.12639,0.0551405,29516,1.64242e+08,1.88321e+08,8.84447e+07,2.40788e+07,0.00656674,156,52729.4,369535,8.37237e-05,7.30188e-05,0.000155476,0.000571083
1993,13,12.9102,0,3.94115,4.6284,3.51565,134633,0.589709,2.09987,182563,0.642957,0.529288,0.0188911,4.9779,4.54788,0.0606168,27046,9.05838e+07,1.02329e+08,4.59802e+07,1.1745e+07,0.00963095,153,36316.4,265003,0.000151804,0.00013438,0.000299063,0.00117079
2010,13,12.908,0,3.99139,4.63107,3.51839,95747.7,0.586114,2.08717,182739,0.694022,0.529419,0.02564,3.84271,4.97979,0.066229,24916.7,4.84063e+07,5.40929e+07,2.38296e+07,5.68659e+06,0.0141891,150,25029.9,188503,0.000284074,0.00025421,0.000577055,0.00241814
2031,13,12.9053,0,4.04282,4.63069,3.5181,65476.8,0.583908,2.07736,182030,0.744286,0.526576,0.036434,2.85524,5.43959,0.0722836,22932.1,2.39012e+07,2.65249e+07,1.14934e+07,2.62378e+06,0.0216637,153,16961.3,128145,0.000575327,0.000518417,0.00119642,0.0052409
2063,13,12.8743,0,3.99173,4.6411,3.52955,95245.4,0.580701,2.06795,182847,0.68919,0.538201,0.026014,3.89519,5.14078,0.0694161,24452.1,4.95504e+07,5.5198e+07,2.42536e+07,5.64764e+06,0.0143802,170,24281.3,188844,0.000277515,0.000249121,0.000566968,0.00243482
2090,13,12.8202,0,3.94077,4.65174,3.54202,132286,0.577137,2.05505,182733,0.629616,0.550423,0.0195493,5.04141,4.83126,0.0652235,26239.8,9.64387e+07,1.08117e+08,4.77353e+07,1.16778e+07,0.00978269,202,33973.3,265200,0.000142588,0.000127187,0.000288068,0.00117753
2114,13,12.7679,0,3.89059,4.65823,3.55029,179392,0.575066,2.04762,182659,0.571294,0.558973,0.014984,6.36216,4.51798,0.0609779,28196.7,1.7454e+08,1.97901e+08,8.9062e+07,2.3361e+07,0.00684058,201,47242.2,364751,7.87841e-05,6.94841e-05,0.000154398,0.000588629
2138,13,12.718,0,3.83845,4.66143,3.55519,245917,0.574032,2.0447,182969,0.513495,0.564514,0.0113859,8.06164,4.18632,0.0564438,30504.6,3.08855e+08,3.5664e+08,1.6776e+08,4.77847e+07,0.00477548,206,66895.8,489344,4.45224e-05,3.85571e-05,8.19683e-05,0.00028777
2163,13,12.6782,0,3.78741,4.66163,3.55675,329815,0.57408,2.04565,183343,0.458399,0.566806,0.00884778,10.0147,3.87719,0.0521129,32933,5.20029e+08,6.14273e+08,3.00902e+08,9.42439e+07,0.00344115,180,93770.7,652729,2.64427e-05,2.23858e-05,4.56992e-05,0.000145908
2190,13,12.6495,0,3.73629,4.65922,3.55533,434214,0.575507,2.04996,183016,0.406472,0.566145,0.00708359,12.3015,3.60533,0.0482735,35297.7,8.19942e+08,1.00137e+09,5.22237e+08,1.81427e+08,0.00254968,159,130185,840408,1.67707e-05,1.37322e-05,2.63309e-05,7.57936e-05
2218,13,12.6319,0,3.68512,4.6534,3.55011,584182,0.577585,2.05829,183514,0.358394,0.56166,0.00561841,15.4521,3.34966,0.0447341,37805.9,1.28895e+09,1.6414e+09,9.16652e+08,3.52454e+08,0.00191134,175,186384,1.08518e+06,1.06684e-05,8.37759e-06,1.50013e-05,3.90149e-05
2247,13,12.6225,0,3.63505,4.6396,3.53663,835289,0.582651,2.07562,183158,0.32207,0.549077,0.0044255,20.5612,3.07986,0.0412416,40624.6,2.06953e+09,2.79582e+09,1.66529e+09,7.26293e+08,0.00140643,176,316857,1.49423e+06,6.64451e-06,4.91841e-06,8.25741e-06,1.89331e-05
2324,13,12.6124,0,3.58495,4.5734,3.47078,3.91198e+06,0.709237,2.66321,181685,0.354213,0.603648,0.00238479,143.448,3.19637,0.0621904,27271.2,1.04505e+10,1.13058e+10,4.20926e+09,8.55339e+08,0.000940313,396,1.65402e+06,8.58692e+06,1.31582e-06,1.21627e-06,3.26684e-06,1.60766e-05
922,14,13.999,0.738559,4.49884,4.18912,3.0412,1400.09,0.768136,3.09909,181064,0.983942,0.261992,1.42419,0,,,,,,,,,,,,,,,
979,14,13.9956,0.688965,4.48962,4.21974,3.07193,1528.47,0.758322,3.01415,181113,0.982426,0.273494,1.31061,0.000729857,0.034597,0.000519518,2.09421e+06,634.225,1785.3,2029.79,1151.08,0.0176717,31,949.82,1356.96,21.6815,7.70232,6.77458,11.9462
1026,14,13.9921,0.63875,4.4865,4.2513,3.1036,1558.12,0.747882,2.92891,180980,0.981353,0.28586,1.28061,0.00226591,0.109918,0.00163274,687635,1171.87,2292.07,2292.07,1120.2,0.0501698,49,852.462,1530.74,11.7342,5.99937,5.99937,12.2755
1068,14,13.9886,0.58887,4.48343,4.28184,3.13425,1610.88,0.737165,2.84865,181128,0.98016,0.298357,1.24335,0.0039882,0.195083,0.00287361,403911,1669.6,2839.02,2630.49,1169.42,0.0796322,59,813.624,1678.72,8.23607,4.84356,5.22754,11.7588
1107,14,13.9849,0.537742,4.47967,4.31223,3.16475,1636.2,0.726702,2.77077,180368,0.978951,0.311319,1.22691,0.00588806,0.294844,0.00429885,277884,2293.16,3517.93,2971.29,1224.77,0.107542,71,774.468,1852.23,5.99652,3.90883,4.62796,11.2274
1141,14,13.9814,0.488745,4.47529,4.34053,3.19316,1719.51,0.715635,2.70013,180914,0.977489,0.323887,1.16599,0.00817508,0.405307,0.00585946,210336,2998.43,4330.54,3502.32,1332.11,0.130971,76,761.223,1983.72,4.58606,3.17535,3.92625,10.3227
1172,14,13.9778,0.438654,4.46993,4.36862,3.22136,1781.02,0.705065,2.63157,180386,0.975962,0.336842,1.12803,0.010826,0.537463,0.00769256,164512,3955.8,5434.58,4085.46,1478.79,0.153553,88,756.206,2202.41,3.47616,2.53027,3.36584,9.29883
1200,14,13.9742,0.387222,4.4634,4.39648,3.24933,1899.64,0.693451,2.56514,180752,0.974051,0.350182,1.05665,0.0144549,0.6993,0.00992375,131419,5235.1,6934.15,4987.12,1699.05,0.173811,92,767.573,2424.64,2.62669,1.98308,2.7573,8.09334
1224,14,13.9707,0.336951,4.4559,4.42281,3.27577,2004.35,0.682862,2.5037,180191,0.972063,0.363247,1.00417,0.0187486,0.889333,0.0125051,106907,6865.17,8825.38,6028.12,1960.21,0.192531,97,778.883,2658.38,2.00301,1.55812,2.28114,7.01506
1245,14,13.9675,0.286749,4.4472,4.44823,3.3013,2144.68,0.671874,2.44554,180099,0.969754,0.376287,0.933348,0.0244219,1.12016,0.0156082,87817.6,9134.75,11445.1,7466.36,2310.38,0.208742,104,799.682,2942.81,1.50535,1.20147,1.84173,5.95182
1263,14,13.9646,0.238222,4.43752,4.47194,3.32509,2364.66,0.660983,2.39252,180370,0.96699,0.388861,0.852817,0.0324049,1.39278,0.0192184,72972.3,12136.3,14931.1,9631.49,2794.75,0.222034,110,836.983,3267.07,1.13304,0.920964,1.42771,4.92029
1280,14,13.9618,0.186655,4.42574,4.49627,3.34951,2621.6,0.649714,2.33904,180362,0.963696,0.402155,0.770567,0.0436269,1.74756,0.0239014,60091.4,16865.5,20380.6,12721.5,3515.16,0.233866,110,891.756,3704.36,0.815333,0.674708,1.08092,3.91191
1295,14,13.9593,0.136443,4.41278,4.51918,3.3725,2905.88,0.638951,2.28959,180180,0.960046,0.415053,0.692212,0.0583892,2.17491,0.0294683,49767.4,23738.2,28235.6,16873.8,4497.42,0.243008,116,959.367,4235.52,0.579278,0.487009,0.814929,3.05753
1309,14,13.9573,0.0858088,4.39871,4.54167,3.39505,3288.78,0.628197,2.24213,179946,0.95569,0.428116,0.617207,0.07935,2.68934,0.0360799,41446.5,33935.3,39828.8,23139.2,5893.49,0.248949,122,1046.51,4886.4,0.405211,0.345252,0.594273,2.33325
1333,14,13.9411,0.0385917,4.38721,4.56221,3.41609,3656.24,0.61738,2.19858,180206,0.95147,0.440641,0.556476,0.101367,3.18016,0.0426836,36069.5,45346.1,52657.2,30396.4,7311.1,0.24977,133,1110.66,5453.78,0.303245,0.261141,0.452389,1.88084
1436,14,13.9221,0.00098969,4.41514,4.59734,3.45181,2802.11,0.599396,2.12534,179509,0.95486,0.462478,0.727233,0.0736711,3.15754,0.0410402,38035.4,32801.6,37435.5,20269.2,4633.85,0.2859,143,820.074,4334.66,0.419217,0.367325,0.678417,2.96751
1799,14,13.9214,0,4.36346,4.6429,3.4974,4336.59,0.57558,2.03745,179080,0.938162,0.492416,0.473081,0.171832,5.04163,0.0649632,25237.4,100268,112424,56879.5,12155.5,0.254605,141,1199.43,7038.03,0.137142,0.122314,0.241757,1.13126
1827,14,13.9209,0,4.31344,4.6509,3.50541,6784.14,0.572373,2.02816,179496,0.921043,0.499306,0.306426,0.322842,6.10072,0.0788347,21013.8,255673,285392,140667,29718.7,0.196406,137,1846.89,11189.8,0.0537835,0.0481828,0.0977556,0.462705
1854,14,13.9204,0,4.26199,4.65463,3.50916,10799,0.572621,2.03217,180318,0.899617,0.504628,0.195891,0.556869,6.607,0.0860535,19392.3,655116,727990,350033,72874.3,0.137041,141,2869.58,18468.6,0.0209902,0.018889,0.0392849,0.188695
1880,14,13.9201,0,4.21044,4.65286,3.50739,16972.8,0.577285,2.04989,180751,0.874634,0.50696,0.127524,0.882738,6.59094,0.0866377,19227.4,1.6168e+06,1.7912e+06,832680,174400,0.0908457,152,4449.99,30121.5,0.00850507,0.00767698,0.0165141,0.0788474
1912,14,13.9199,0,4.16014,4.6509,3.50544,26440.9,0.581837,2.0687,181599,0.845077,0.509319,0.0841623,1.33157,6.31326,0.0840496,19856.9,3.81399e+06,4.22249e+06,1.92208e+06,408505,0.0591018,144,6873.75,48205.8,0.00360541,0.0032566,0.00715422,0.0336618
1933,14,13.9197,0,4.10789,4.66182,3.51637,40185.3,0.580543,2.06452,181746,0.805907,0.521248,0.0569868,1.92301,6.0176,0.080519,20897.1,9.276e+06,1.02409e+07,4.46588e+06,964884,0.0372168,146,10310.4,76726.1,0.00148243,0.00134275,0.00307912,0.0142514
1953,14,13.9195,0,4.0567,4.67761,3.53216,59564.1,0.576285,2.05036,182056,0.758731,0.536841,0.039818,2.67697,5.70892,0.0765008,22250.6,2.15335e+07,2.373e+07,9.98599e+06,2.19649e+06,0.0237542,150,15053.4,118565,0.000638585,0.000579476,0.00137703,0.00626044
2005,14,13.9164,0,4.10845,4.72578,3.58043,38736.9,0.547926,1.9541,181527,0.786255,0.571774,0.0605037,1.91268,6.69188,0.086182,20252.7,1.18835e+07,1.28891e+07,5.11284e+06,1.00568e+06,0.0356345,161,9087.43,79610.9,0.00115715,0.00106687,0.0026895,0.0136733
2028,14,13.9144,0,4.16003,4.72578,3.58049,25646.3,0.54293,1.93761,181283,0.825139,0.567033,0.0888847,1.34918,7.20857,0.0921789,19008.8,5.22731e+06,5.66219e+06,2.32122e+06,434879,0.0556088,158,5953.9,50558,0.0026306,0.00242856,0.00592402,0.0316203
2080,14,13.8697,0,4.10963,4.754,3.61012,38118.4,0.531614,1.90418,181915,0.776258,0.596589,0.0621491,1.92831,7.1034,0.0918036,19767.8,1.27969e+07,1.37998e+07,5.43427e+06,1.00294e+06,0.0354708,180,8429.54,79210.3,0.00107456,0.000996463,0.00253042,0.0137106
2110,14,13.8381,0,4.0585,4.77282,3.62992,55828.9,0.525506,1.88648,182266,0.721771,0.618618,0.0445027,2.66041,6.77862,0.0877529,20985.1,2.91458e+07,3.13857e+07,1.19482e+07,2.23989e+06,0.023044,192,12013.6,120421,0.0004718,0.000438129,0.00115088,0.00613913
2132,14,13.8094,0,4.00675,4.78132,3.63933,79572,0.524474,1.88374,182439,0.664813,0.631244,0.0324274,3.54224,6.34617,0.0825664,22463.8,5.8348e+07,6.31786e+07,2.43304e+07,4.8306e+06,0.015401,205,17267.3,174570,0.000235672,0.000217653,0.000565177,0.00284664
2152,14,13.7652,0,3.95602,4.78417,3.64356,109871,0.525599,1.88675,182260,0.606928,0.638452,0.0244942,4.55009,5.88983,0.0768127,24147,1.06781e+08,1.1664e+08,4.60573e+07,9.85917e+06,0.0106744,208,24467.1,243760,0.000128778,0.000117893,0.000298563,0.00139474
2170,14,13.7294,0,3.9058,4.78486,3.64539,150242,0.526791,1.89156,182907,0.548669,0.642776,0.0185742,5.77948,5.4572,0.071262,25995.8,1.83935e+08,2.03308e+08,8.43191e+07,1.93731e+07,0.00757405,223,34167.6,328694,7.47602e-05,6.76363e-05,0.000163083,0.000709799
2188,14,13.6986,0,3.85473,4.78414,3.64564,201944,0.528817,1.89744,182773,0.493849,0.645148,0.0143702,7.20149,5.03735,0.0658264,28041.9,3.12773e+08,3.51009e+08,1.51441e+08,3.82363e+07,0.00540643,232,47808.6,439340,4.39648e-05,3.91756e-05,9.08008e-05,0.000359631
2207,14,13.6738,0,3.80459,4.78233,3.64462,270962,0.530595,1.90366,183244,0.440901,0.645747,0.0112299,8.96654,4.65677,0.0607309,30219.3,5.05045e+08,5.7936e+08,2.67143e+08,7.43149e+07,0.00395546,214,66797.9,573314,2.72273e-05,2.37348e-05,5.14742e-05,0.000185037
2230,14,13.6533,0,3.75382,4.77943,3.64237,353104,0.532926,1.91022,182906,0.390374,0.644617,0.0090502,10.9118,4.32715,0.0562659,32359.7,7.85519e+08,9.27771e+08,4.53717e+08,1.42253e+08,0.00296076,183,92707.8,735050,1.75056e-05,1.48215e-05,3.03074e-05,9.6666e-05
2255,14,13.6377,0,3.70231,4.77455,3.63798,463225,0.535426,1.91815,183040,0.342715,0.640798,0.00728232,13.4041,4.03014,0.0522967,34558.5,1.20348e+09,1.4795e+09,7.73787e+08,2.76022e+08,0.00224302,188,131444,940900,1.14261e-05,9.29436e-06,1.7771e-05,4.98184e-05
2282,14,13.6272,0,3.65199,4.76542,3.6292,628554,0.539028,1.92967,183224,0.301893,0.631751,0.00587787,17.0592,3.7507,0.048728,36845.4,1.83125e+09,2.37363e+09,1.33699e+09,5.42371e+08,0.00171522,219,203157,1.2194e+06,7.50905e-06,5.79324e-06,1.0285e-05,2.53535e-05
2322,14,13.6181,0,3.60127,4.73234,3.59641,1.17711e+06,0.551311,1.96931,183516,0.285636,0.597212,0.00408162,28.9752,3.31114,0.0432997,40624.6,3.68586e+09,4.91183e+09,2.99543e+09,1.22597e+09,0.00111324,249,506886,2.03948e+06,3.73074e-06,2.79956e-06,4.59066e-06,1.12164e-05
932,15,14.9987,0.738591,4.51156,4.27462,3.09674,1237.79,0.750385,2.94716,180697,0.984195,0.283137,1.61505,0.00124919,0.0755225,0.00112231,990868,677.333,1397.05,1427.31,719.719,0.0440706,38,695.612,1200.35,20.3017,9.84286,9.63421,19.106
1006,15,14.9939,0.688577,4.50229,4.30549,3.12775,1350.23,0.739611,2.86549,180893,0.982679,0.295666,1.48024,0.00259855,0.150232,0.00221886,519612,1147.96,1970.55,1828.36,822.588,0.0740179,61,688.752,1419.06,11.9786,6.97825,7.52095,16.7167
1066,15,14.9891,0.638998,4.49923,4.33655,3.15895,1370,0.728656,2.78539,180588,0.98164,0.308808,1.45314,0.00392282,0.232925,0.00340323,349239,1549.19,2413.69,2055.8,864.495,0.102687,69,659.762,1539.02,8.87623,5.69708,6.68886,15.9064
1122,15,14.9841,0.588597,4.49611,4.36729,3.18984,1423.02,0.716951,2.7083,180848,0.980408,0.322395,1.40627,0.00550331,0.328168,0.00475377,258575,2009.01,2930.11,2382.95,921.098,0.128951,82,638.917,1652.23,6.84467,4.693,5.77057,14.9289
1172,15,14.979,0.538286,4.49236,4.39708,3.21978,1477.66,0.705239,2.63538,180950,0.979082,0.336104,1.3588,0.00731157,0.437247,0.00627436,202099,2639.93,3624.3,2771.2,984.365,0.15272,85,618.341,1796.7,5.20884,3.79411,4.96211,13.9694
1217,15,14.974,0.488548,4.48785,4.42569,3.24853,1525.53,0.693736,2.567,180802,0.977692,0.349791,1.31208,0.0093593,0.563299,0.00800619,162996,3354.81,4448.87,3211.11,1094.05,0.174411,87,616.905,1936.96,4.09888,3.0909,4.28232,12.5688
1258,15,14.9689,0.43852,4.48241,4.45362,3.27661,1591.67,0.682305,2.50178,180412,0.976101,0.363675,1.26418,0.0119208,0.713316,0.0100357,133521,4259.54,5468.03,3793.43,1208.49,0.194711,102,608.676,2077.64,3.22828,2.5148,3.62494,11.3787
1294,15,14.9639,0.388843,4.476,4.48044,3.30357,1685.78,0.670536,2.44049,180471,0.974266,0.377485,1.19449,0.0151946,0.890259,0.0124179,110946,5548.32,6922.32,4589.22,1374,0.212314,109,612.772,2271.87,2.4784,1.98647,2.99637,10.008
1326,15,14.9589,0.337416,4.46821,4.50729,3.33057,1794.77,0.658641,2.3804,180202,0.972147,0.391802,1.12417,0.0195009,1.11193,0.0153594,92035.2,7270.4,8875.49,5649.29,1605.09,0.229166,118,625.075,2510.91,1.89137,1.54932,2.43411,8.5671
1352,15,14.9543,0.288613,4.4596,4.53193,3.35535,1918.37,0.647315,2.32629,179991,0.96986,0.405379,1.04888,0.0248224,1.3681,0.0187106,77283.9,9517.5,11421.5,6991.86,1904.02,0.243215,121,645.394,2736.02,1.44481,1.20395,1.96671,7.22208
1375,15,14.95,0.238509,4.44941,4.55635,3.37989,2089.75,0.635709,2.27373,179821,0.967094,0.419255,0.964444,0.0323756,1.69197,0.0229024,64547.3,12796.7,15133.6,8962.27,2336.95,0.255846,117,678.979,3053.29,1.07457,0.908637,1.53432,5.88417
1395,15,14.946,0.187971,4.4376,4.58014,3.40379,2335.24,0.623532,2.22346,180135,0.963711,0.433185,0.864343,0.043359,2.09554,0.0280781,53858.3,17868.5,20836.6,11986.4,2968.13,0.265236,128,728.511,3473.08,0.769568,0.659944,1.14722,4.63287
1413,15,14.9423,0.135941,4.42379,4.60384,3.4276,2596.84,0.612136,2.17437,179472,0.959842,0.447494,0.780063,0.0582688,2.6091,0.034598,44566.5,25046.7,28925.7,16147.2,3879,0.273431,127,790.312,3942.85,0.549015,0.475391,0.851603,3.54498
1428,15,14.9394,0.0875125,4.40984,4.62532,3.44916,2946.72,0.600605,2.13074,179698,0.955461,0.460832,0.688388,0.0782361,3.17901,0.0417609,37664.5,35235.9,40353.7,22213,5117.71,0.275707,130,867.969,4512.88,0.390255,0.340762,0.619051,2.68694
1442,15,14.9367,0.0356208,4.39708,4.64862,3.47254,3255.19,0.588686,2.08437,179195,0.95092,0.475734,0.625803,0.100829,3.81948,0.0496311,32284.2,49652.4,56200.1,29491.5,6547.74,0.276961,135,930.54,5150.61,0.276945,0.244679,0.466269,2.10011
1456,15,14.935,0.000963368,4.42589,4.68174,3.50571,2490.97,0.57044,2.01867,178818,0.954575,0.497312,0.817439,0.0722574,3.73558,0.0469666,34473.6,34545.5,38617.6,19485.6,4072.1,0.31531,149,681.474,4028.75,0.398055,0.356081,0.7057,3.37688
1512,15,14.9344,0,4.37507,4.7285,3.5525,3875.82,0.543848,1.93213,178829,0.937462,0.530129,0.530596,0.165001,5.82174,0.0730328,23489.7,105113,115785,55491.3,10671.4,0.273096,146,992.35,6518.73,0.130821,0.118763,0.247804,1.28858
1541,15,14.9336,0,4.3235,4.73948,3.56349,6110.67,0.539356,1.91899,179028,0.919233,0.540027,0.341467,0.311209,7.03315,0.0884936,19635.2,279649,306638,141434,26988.2,0.206105,147,1543.1,10568,0.0491722,0.0448444,0.0972254,0.509519
1568,15,14.933,0,4.27215,4.74441,3.56844,9679.89,0.539712,1.9224,179643,0.897244,0.547182,0.219931,0.52864,7.53598,0.0957174,18310.9,730005,796104,350346,66098.4,0.14242,146,2387.62,17305.4,0.0188368,0.0172729,0.0392497,0.208038
1605,15,14.9326,0,4.22149,4.74574,3.56979,15310.7,0.542873,1.93576,180704,0.871093,0.552697,0.142507,0.8383,7.50347,0.0961446,18264,1.79222e+06,1.94979e+06,840908,157561,0.0940538,146,3680.46,28519.4,0.00767258,0.00705256,0.0163526,0.087274
1628,15,14.9322,0,4.16961,4.76369,3.58774,23644.1,0.538413,1.92251,180925,0.834997,0.572086,0.0956502,1.26278,7.39061,0.0954335,18723.8,4.69892e+06,5.07766e+06,2.05192e+06,378736,0.0594228,153,5455.68,46618.9,0.00292641,0.00270814,0.00670153,0.0363076
1711,15,14.8827,0,4.11844,4.82733,3.65283,35089.7,0.507356,1.83233,181715,0.774476,0.633405,0.068051,1.83491,7.72303,0.0980254,19123.4,1.3714e+07,1.46313e+07,5.40006e+06,917318,0.0363852,182,7237.4,75898.7,0.0010027,0.000939834,0.00254645,0.0149904
1741,15,14.8455,0,4.0669,4.84544,3.67202,51261.8,0.502092,1.81744,181709,0.719562,0.656646,0.0490486,2.52378,7.349,0.0934399,20311.5,3.03662e+07,3.2429e+07,1.18367e+07,2.06286e+06,0.0236232,199,10338.7,115236,0.000452839,0.000424033,0.00116172,0.00666599
1763,15,14.8161,0,4.01631,4.8546,3.68204,72454.3,0.500927,1.81457,181904,0.663094,0.670913,0.0360694,3.33849,6.89398,0.0880565,21702.7,6.09455e+07,6.53203e+07,2.37223e+07,4.37487e+06,0.0159445,203,14684.6,166629,0.000225628,0.000210516,0.000579665,0.00314318
1784,15,14.7615,0,3.96447,4.85798,3.68703,101743,0.501693,1.81748,182310,0.602337,0.679756,0.0268468,4.35954,6.40109,0.0819996,23338,1.12657e+08,1.21736e+08,4.59371e+07,9.07985e+06,0.0109916,228,20936.6,232432,0.000122061,0.000112957,0.000299344,0.00151445
1803,15,14.715,0,3.91358,4.85906,3.68948,137353,0.503275,1.822,182344,0.543136,0.685292,0.0206457,5.47512,5.93599,0.0761668,25086.7,1.9289e+08,2.10987e+08,8.2991e+07,1.80969e+07,0.00781955,237,29521.4,313294,7.12891e-05,6.51745e-05,0.000165692,0.000759855
1822,15,14.6739,0,3.86136,4.85871,3.69034,187276,0.505003,1.82757,182744,0.484953,0.688751,0.015852,6.91978,5.48319,0.0704146,27063.9,3.27135e+08,3.63373e+08,1.51255e+08,3.62382e+07,0.00559022,247,41689.2,420977,4.20346e-05,3.78426e-05,9.09125e-05,0.000379461
1842,15,14.6397,0,3.80962,4.85721,3.68985,248504,0.507171,1.83346,182580,0.431442,0.690201,0.0124862,8.51967,5.06531,0.0649529,29168.3,5.30936e+08,6.02567e+08,2.65576e+08,7.16309e+07,0.00406867,226,58596.7,551301,2.58995e-05,2.28207e-05,5.1778e-05,0.00019197
1866,15,14.6129,0,3.75776,4.85454,3.68798,328108,0.509185,1.83979,182921,0.378985,0.689601,0.00995286,10.4943,4.70626,0.0601212,31265.3,8.24564e+08,9.62427e+08,4.57251e+08,1.37863e+08,0.00304725,194,81178.6,706433,1.66767e-05,1.42878e-05,3.00732e-05,9.97437e-05
1892,15,14.5933,0,3.70637,4.85011,3.68414,426121,0.511709,1.84708,182929,0.331878,0.686239,0.00808361,12.7915,4.39427,0.0560147,33312.9,1.25284e+09,1.5172e+09,7.68938e+08,2.64356e+08,0.00232864,197,113610,896536,1.09758e-05,9.06341e-06,1.78831e-05,5.20169e-05
1920,15,14.5801,0,3.65602,4.84176,3.67618,569962,0.515273,1.8575,182976,0.291287,0.677599,0.00659199,16.0852,4.10109,0.0522993,35433.9,1.85905e+09,2.37686e+09,1.30989e+09,5.17819e+08,0.00179733,216,173657,1.14527e+06,7.3968e-06,5.78535e-06,1.04979e-05,2.65556e-05
1958,15,14.5693,0,3.60554,4.81505,3.64979,964002,0.524721,1.88629,183513,0.268021,0.647139,0.00482411,24.9274,3.68441,0.0472321,38672.4,3.31967e+09,4.47869e+09,2.71234e+09,1.15902e+09,0.00124342,253,385967,1.74861e+06,4.14228e-06,3.07031e-06,5.06979e-06,1.18643e-05
940,16,15.9984,0.738717,4.52325,4.35333,3.14743,1105.81,0.73278,2.81472,180664,0.984417,0.303888,1.79937,0.00227204,0.164598,0.00241279,486705,918.95,1480.38,1298.64,561.433,0.0929293,53,545.386,1200.23,14.9638,9.2888,10.5888,24.4927
1034,16,15.992,0.688554,4.51389,4.38421,3.17849,1209.37,0.721315,2.73642,180749,0.982885,0.317339,1.65234,0.00364829,0.252036,0.00366695,331490,1359.72,2023.51,1674.98,663.788,0.119943,79,554.485,1383.37,10.1131,6.79561,8.20965,20.7159
1113,16,15.9854,0.638554,4.5108,4.4154,3.20985,1231.48,0.709616,2.65933,180358,0.981814,0.331493,1.62526,0.00486017,0.343572,0.00494802,253383,1774.89,2480.22,1898.53,705.332,0.14608,83,534.811,1497.59,7.74751,5.54425,7.24295,19.4958
1186,16,15.9787,0.588937,4.50769,4.44551,3.24015,1277.8,0.697255,2.5868,180703,0.980594,0.34575,1.56973,0.00628828,0.446649,0.00637393,203203,2232.46,2992.34,2201.3,759.877,0.169206,95,522.522,1608.73,6.15956,4.5954,6.24676,18.0963
1253,16,15.9718,0.538517,4.50388,4.47521,3.27004,1319.06,0.684695,2.51685,180864,0.979288,0.360369,1.5136,0.00791746,0.56738,0.00801783,166601,2802.29,3628.84,2549.99,826.551,0.190579,100,512.241,1698.97,4.90705,3.78936,5.39257,16.6366
1312,16,15.9648,0.488798,4.49931,4.50365,3.29867,1360.35,0.672887,2.45153,180263,0.977892,0.374936,1.47726,0.0098114,0.707293,0.00989501,138650,3528.19,4428.19,2960.44,900.009,0.210865,107,500.915,1833.99,3.89747,3.10533,4.64492,15.2787
1364,16,15.9579,0.438993,4.4938,4.53131,3.32652,1420.8,0.66063,2.38931,180055,0.976283,0.389618,1.41614,0.012196,0.873337,0.0121035,116497,4616.87,5629.43,3512.48,1012.55,0.2289,118,501.08,1993.6,2.97842,2.4427,3.91489,13.5805
1410,16,15.951,0.38878,4.48721,4.55827,3.35366,1493.48,0.648416,2.3299,179693,0.974463,0.404432,1.34988,0.0152315,1.07497,0.014743,98051.6,5731.2,6903.25,4230.09,1172.05,0.245888,116,510.321,2117.61,2.39932,1.99196,3.25076,11.7324
1450,16,15.9442,0.338603,4.47947,4.58433,3.3799,1618.08,0.635229,2.27365,180262,0.972227,0.419253,1.24494,0.0195251,1.31957,0.0179108,82872.1,7536.37,8902.2,5330.06,1365.83,0.259578,129,519.375,2353.58,1.82462,1.54467,2.5799,10.0678
1484,16,15.9378,0.288461,4.47045,4.60953,3.40528,1734.44,0.623109,2.2203,179818,0.969824,0.434052,1.16417,0.0248441,1.61845,0.0217559,69813,9970.71,11625.2,6672.8,1654.53,0.273094,134,542.545,2595.3,1.37914,1.18286,2.06075,8.31111
1513,16,15.9316,0.237658,4.45985,4.63415,3.43007,1887.47,0.610867,2.16912,179420,0.966976,0.448952,1.0728,0.0322768,1.99494,0.0265119,58477.6,13511.9,15543.3,8600.76,2031.4,0.285018,134,567.768,2870.29,1.0177,0.884691,1.59881,6.76923
1537,16,15.9261,0.187247,4.44774,4.65775,3.45383,2074.38,0.59871,2.1209,179099,0.963685,0.463656,0.973955,0.0423869,2.45824,0.0323028,48939.1,18773.8,21355.1,11314.5,2581.31,0.294017,138,607.033,3277.02,0.732457,0.64392,1.21534,5.32713
1557,16,15.9212,0.137818,4.43424,4.68018,3.47639,2324.41,0.586755,2.07597,178882,0.959791,0.478035,0.871824,0.0566127,3.01738,0.0392603,41058,26440.7,29859.5,15356.3,3418.8,0.299298,146,668.068,3712.44,0.520068,0.460522,0.895464,4.02217
1575,16,15.9169,0.0864528,4.41892,4.70288,3.4992,2665.64,0.573884,2.03146,179048,0.954975,0.493014,0.761567,0.077445,3.71143,0.047768,34419.7,38104.8,42694.2,21768.5,4589.33,0.2994,149,734.036,4306.34,0.360872,0.322081,0.631692,2.9963
1590,16,15.9132,0.0358271,4.40578,4.7255,3.52192,2981.56,0.561084,1.98799,178965,0.950157,0.508378,0.683012,0.100391,4.43051,0.0563835,29699.5,53794.4,59782.1,29497.3,5987.71,0.296934,150,797.675,4878.18,0.255621,0.230018,0.466178,2.29653
1605,16,15.9108,0.000807488,4.43537,4.75929,3.55578,2259.01,0.541695,1.923,178256,0.953897,0.531633,0.906043,0.0712907,4.33601,0.0531726,31687.3,36836.5,40529.9,19316.3,3693.34,0.339511,159,579.604,3791.73,0.373298,0.33928,0.711886,3.72318
1666,16,15.9103,0,4.38419,4.80874,3.60525,3537.7,0.511436,1.83491,178646,0.935811,0.568475,0.58176,0.162661,6.73448,0.0821461,21748.9,116889,126603,56696.9,9713.26,0.287444,159,832.951,6116.03,0.117641,0.108615,0.242535,1.41569
1694,16,15.9093,0,4.33387,4.81664,3.61317,5507.92,0.509082,1.82857,178735,0.918063,0.576941,0.379434,0.296052,7.91061,0.0969972,18604.5,296960,321032,139601,24072.2,0.215617,150,1292.63,9813.8,0.0463059,0.0428337,0.0985023,0.571239
1720,16,15.9086,0,4.28385,4.82123,3.61777,8696.29,0.509862,1.83341,179484,0.896195,0.584631,0.246515,0.4965,8.38927,0.103959,17515.2,762174,819275,340972,57101.2,0.149389,155,1962.09,16201.7,0.0180418,0.0167843,0.0403288,0.240818
1758,16,15.9081,0,4.23313,4.82511,3.62168,13707.6,0.512271,1.84345,180525,0.869273,0.593141,0.160003,0.783772,8.36042,0.104774,17489.2,1.89491e+06,2.03138e+06,820181,136473,0.0981836,158,3006.19,26550.9,0.00725682,0.00676929,0.0167658,0.10076
1780,16,15.9075,0,4.18178,4.84722,3.6438,21285.7,0.50529,1.82541,181242,0.831206,0.618027,0.107125,1.18762,8.27487,0.104078,17923,5.04361e+06,5.37852e+06,2.03563e+06,334913,0.0618396,160,4485.52,43538.6,0.00272642,0.00255665,0.00675516,0.0410584
1875,16,15.8011,0,4.13125,4.91217,3.71166,30865.8,0.472209,1.73565,181172,0.768195,0.68703,0.0788858,1.69794,8.70419,0.107509,18178.4,1.43067e+07,1.51188e+07,5.28096e+06,812098,0.0382347,203,5865.1,69244.7,0.00096116,0.000909532,0.00260388,0.0169327
1900,16,15.7606,0,4.08111,4.92441,3.72502,44328,0.470637,1.73127,181026,0.716466,0.706704,0.0573533,2.29366,8.21155,0.101736,19326.3,3.11827e+07,3.29593e+07,1.10317e+07,1.77654e+06,0.0252725,211,8361.5,104769,0.000440981,0.000417212,0.00124649,0.00774032
1920,16,15.7365,0,4.03056,4.93051,3.73178,64051.1,0.471316,1.73488,182021,0.659944,0.719283,0.0414045,3.09035,7.64712,0.0952345,20726.2,6.03459e+07,6.41138e+07,2.23645e+07,3.76789e+06,0.0170741,209,11968.7,151640,0.000227869,0.000214478,0.000614858,0.00364952
1939,16,15.6909,0,3.97914,4.93266,3.7352,88547.8,0.473859,1.74119,181828,0.601115,0.727602,0.0312253,3.98215,7.09353,0.0888457,22236.2,1.10184e+08,1.1795e+08,4.21771e+07,7.7661e+06,0.011867,229,17049,212276,0.000124801,0.000116583,0.00032603,0.00177064
1957,16,15.6469,0,3.92792,4.93292,3.73667,120478,0.476259,1.7481,182191,0.540931,0.732975,0.0238443,5.0396,6.56791,0.0824442,23906.2,1.89344e+08,2.0481e+08,7.63952e+07,1.5466e+07,0.00845847,250,24057.9,286419,7.26242e-05,6.71401e-05,0.000179998,0.000889109
1974,16,15.6097,0,3.87768,4.93223,3.73701,160333,0.478675,1.75481,182400,0.484462,0.736362,0.0186187,6.24917,6.09157,0.0766076,25656.7,3.07299e+08,3.36996e+08,1.33178e+08,2.9697e+07,0.00617109,258,33243.7,376417,4.47479e-05,4.08046e-05,0.000103253,0.000463043
1992,16,15.5771,0,3.82652,4.93059,3.73628,215322,0.481082,1.76182,182818,0.43045,0.738067,0.0145716,7.79615,5.63263,0.0708157,27619,4.93567e+08,5.51672e+08,2.34762e+08,5.81053e+07,0.00452411,252,46433.6,490492,2.78604e-05,2.4926e-05,5.85743e-05,0.000236656
2013,16,15.5517,0,3.77603,4.92808,3.73448,277474,0.483918,1.7686,182268,0.380824,0.737833,0.0118523,9.38626,5.2337,0.0655829,29561.7,7.5739e+08,8.68285e+08,3.91627e+08,1.10895e+08,0.00340767,222,64287.8,622111,1.81558e-05,1.58369e-05,3.51124e-05,0.000124
2037,16,15.532,0,3.7254,4.92427,3.73122,362694,0.486233,1.77591,182989,0.332502,0.735344,0.00958198,11.525,4.89428,0.0612193,31470.1,1.12822e+09,1.33808e+09,6.55762e+08,2.09855e+08,0.00263097,204,89000.4,783989,1.21882e-05,1.02767e-05,2.09695e-05,6.55262e-05
2064,16,15.5171,0,3.67439,4.91772,3.72509,473624,0.489533,1.78491,183012,0.290394,0.72872,0.00784871,14.1622,4.57601,0.0572043,33442.7,1.66354e+09,2.07067e+09,1.09852e+09,4.07127e+08,0.00203889,221,129850,990957,8.26609e-06,6.64084e-06,1.25178e-05,3.37757e-05
2095,16,15.5056,0,3.62371,4.90277,3.71046,684484,0.495205,1.80085,183268,0.256648,0.710814,0.00626065,19.1371,4.23104,0.05306,35767.5,2.56454e+09,3.40145e+09,1.9814e+09,8.36902e+08,0.0015466,242,231275,1.33129e+06,5.36196e-06,4.04269e-06,6.94004e-06,1.64308e-05
2186,16,15.4838,0,3.57366,4.85877,3.66708,2.65708e+06,0.606116,2.16366,183227,0.269324,0.771193,0.00358144,85.0223,3.77848,0.0689543,31251.6,9.53501e+09,1.07525e+10,4.77659e+09,1.21753e+09,0.000891703,434,1.0822e+06,5.8618e+06,1.44216e-06,1.27886e-06,2.87883e-06,1.12942e-05
947,17,16.9981,0.738875,4.53403,4.42614,3.19392,1003.43,0.715451,2.6982,180761,0.984584,0.324227,1.98157,0.00287052,0.244034,0.00353094,349565,1055.69,1524.47,1204.78,468.773,0.133348,67,453.343,1184.23,13.0255,9.02019,11.4137,29.334
1065,17,16.9896,0.688759,4.52455,4.45688,3.22487,1089.35,0.70362,2.62314,180444,0.983081,0.338489,1.83599,0.00420929,0.343331,0.00492496,258796,1534.6,2086.78,1544.88,552.187,0.158215,90,458.314,1359.17,8.96066,6.58957,8.90099,24.9028
1167,17,16.981,0.638865,4.52145,4.48783,3.25604,1127.21,0.690746,2.54943,180667,0.981926,0.353457,1.77855,0.00538637,0.443024,0.00629278,209271,1891.05,2485.36,1791.25,594.312,0.181488,95,446.232,1427.61,7.2716,5.53278,7.67675,23.1377
1260,17,16.9721,0.588936,4.51828,4.51795,3.2864,1145.36,0.678079,2.47934,180426,0.980798,0.368622,1.7418,0.0065951,0.555713,0.00781598,173668,2404.88,3043.04,2030.32,638.164,0.203134,107,433.626,1530.08,5.71795,4.51883,6.77282,21.5477
1344,17,16.963,0.5387,4.51443,4.54736,3.31604,1180.52,0.665334,2.41256,180091,0.979495,0.384028,1.69971,0.00809304,0.687812,0.00957038,145869,2943.8,3636.18,2353.79,692.388,0.223393,111,423.375,1635.37,4.67117,3.78171,5.84207,19.8602
1420,17,16.9537,0.488432,4.50972,4.57592,3.34483,1226.87,0.652269,2.3491,179971,0.978024,0.399561,1.63739,0.00993771,0.844403,0.0116326,123456,3717.2,4490.64,2771.99,773.442,0.241825,121,421.797,1744.47,3.69929,3.06214,4.96069,17.7789
1487,17,16.9444,0.438287,4.50406,4.60356,3.37272,1289.67,0.639152,2.28897,179852,0.976342,0.415151,1.56419,0.012292,1.03108,0.0140512,104919,4745.77,5614.25,3330.76,868.471,0.258622,127,419.838,1883.17,2.89752,2.4493,4.12849,15.8336
1545,17,16.9353,0.388489,4.49738,4.6301,3.39949,1367.52,0.625781,2.23235,180028,0.974441,0.430625,1.47014,0.0152772,1.2533,0.0169208,89514.2,6055.48,7060.04,4068.07,1004.56,0.272919,128,426.508,2035.85,2.27083,1.94772,3.38022,13.6885
1595,17,16.9263,0.33814,4.48945,4.65606,3.42568,1436.96,0.61349,2.17798,179102,0.972389,0.446259,1.40449,0.0189799,1.53049,0.0204167,75709.4,7746.67,8945.69,4950,1199.02,0.288615,136,441.607,2198.75,1.77508,1.53716,2.77798,11.4685
1637,17,16.9176,0.287978,4.4802,4.6811,3.45094,1570.71,0.599832,2.12665,179432,0.969785,0.461831,1.28609,0.0244874,1.87029,0.0246733,64143.6,10283.2,11723.3,6384.68,1440.16,0.299856,140,456.383,2422.84,1.33723,1.17296,2.15375,9.54824
1672,17,16.9095,0.237558,4.46942,4.70537,3.47542,1736.59,0.586234,2.07764,179688,0.966744,0.477348,1.16437,0.0321132,2.29384,0.0299187,54077,14105.2,15903.7,8433.69,1798.53,0.309114,148,483.346,2722.08,0.974889,0.86464,1.63048,7.6457
1700,17,16.9021,0.188423,4.45732,4.72824,3.49848,1900.19,0.574254,2.03238,178967,0.963473,0.492417,1.0678,0.0417716,2.8058,0.0361716,45489.9,19246.3,21550.9,11043.3,2304.59,0.317591,150,520.309,3046.04,0.714474,0.63807,1.24519,5.96677
1724,17,16.8954,0.137424,4.44298,4.75128,3.52169,2122.82,0.561521,1.98752,178529,0.959414,0.507989,0.954094,0.0559582,3.46514,0.0441685,37935.8,27696.5,30765.4,15091.9,3068.96,0.322069,152,569.87,3504.33,0.496489,0.446962,0.911148,4.48066
1744,17,16.8895,0.0868408,4.42734,4.77353,3.54409,2472.83,0.547753,1.94516,179017,0.95429,0.523475,0.82474,0.0774617,4.24707,0.0534789,31923.3,41097.6,45300.1,21942.7,4202.47,0.319168,154,634.824,4061.84,0.334593,0.303553,0.626678,3.27212
1760,17,16.8848,0.0386781,4.41383,4.79486,3.56555,2756.69,0.535454,1.90545,178633,0.949454,0.53876,0.742863,0.0996469,5.03415,0.062719,27664.6,57111.9,62668.5,29645.6,5556.64,0.314673,160,696.96,4635.63,0.240773,0.219424,0.463846,2.4747
1776,17,16.8813,0.000877137,4.4415,4.82831,3.59909,2103,0.515189,1.84272,177925,0.952869,0.562856,0.968787,0.0724451,5.00682,0.0600229,29028.9,40862.3,44382.4,19914.6,3520.14,0.358493,170,510.275,3640.98,0.33652,0.30983,0.690499,3.90637
1840,17,16.8808,0,4.39106,4.87769,3.64847,3229.7,0.48484,1.75779,177544,0.934628,0.601576,0.638907,0.159318,7.61845,0.0906993,20272,125961,135133,57188.5,9172.55,0.2999,164,726.762,5792.45,0.109169,0.101759,0.24045,1.49914
1868,17,16.8797,8.05978e-34,4.33997,4.88528,3.65609,5144.06,0.482023,1.75338,178331,0.91593,0.610687,0.407375,0.291618,8.80319,0.105496,17639.7,329170,352110,145652,22940.5,0.219222,168,1131.17,9471.27,0.0417748,0.0390531,0.0944097,0.59942
1895,17,16.8789,0,4.28885,4.89006,3.66089,8251.28,0.483123,1.7595,179296,0.892778,0.619632,0.261327,0.491556,9.23124,0.111632,16786,871566,927479,364979,55912.7,0.148965,170,1743.83,15839,0.0157773,0.0148262,0.0376761,0.245937
1932,17,16.8784,0,4.23843,4.89328,3.66413,12813,0.487126,1.77171,179816,0.86582,0.628601,0.17238,0.759309,9.1117,0.111913,16874.5,2.13415e+06,2.26729e+06,854736,133142,0.0980557,169,2673.46,25917.9,0.00644331,0.00606494,0.016088,0.103281
1953,17,16.8778,0,4.188,4.90829,3.67915,19717.7,0.484628,1.76653,180370,0.829669,0.64882,0.116362,1.13301,8.8781,0.109869,17402.9,5.39423e+06,5.70926e+06,2.0347e+06,315037,0.0626514,174,3960,42464.1,0.00254921,0.00240854,0.00675824,0.0436487
2084,17,16.6886,0,4.13726,4.98533,3.76109,28473.4,0.442026,1.65855,180491,0.758347,0.735642,0.0870167,1.62774,9.56271,0.115142,17492.6,1.63201e+07,1.71103e+07,5.56105e+06,790184,0.0382013,229,5053.69,67231,0.000842579,0.000803667,0.00247273,0.0174023
2106,17,16.6515,0,4.08648,4.99218,3.76891,41801.2,0.443611,1.66378,181216,0.70615,0.751363,0.0617438,2.23414,8.91498,0.108028,18710.2,3.40849e+07,3.58367e+07,1.16759e+07,1.75174e+06,0.0252584,226,7388.26,101477,0.000403433,0.000383713,0.00117772,0.00784988
2125,17,16.6303,3.02985e-31,4.03396,4.99545,3.77273,60538.5,0.446897,1.67284,181851,0.648607,0.762135,0.0444111,3.00162,8.22149,0.100212,20168.6,6.6066e+07,6.98476e+07,2.36293e+07,3.78166e+06,0.016934,222,10724.9,146457,0.00020814,0.000196871,0.000581947,0.00363623
2142,17,16.5955,0,3.9831,4.99577,3.77396,82939.4,0.451164,1.68265,181394,0.591244,0.768786,0.0338382,3.83607,7.61005,0.0934187,21621,1.17935e+08,1.25608e+08,4.3488e+07,7.67328e+06,0.0119138,240,15230.1,205575,0.000116598,0.000109476,0.000316202,0.00179206
2158,17,16.5622,0,3.93236,4.9949,3.77397,113673,0.45444,1.69202,182166,0.531186,0.77308,0.0257742,4.89059,7.03669,0.0866444,23243.1,1.98404e+08,2.13391e+08,7.84042e+07,1.49871e+07,0.00857369,253,21287.2,275707,6.93082e-05,6.44404e-05,0.000175386,0.000917523
2174,17,16.5338,0,3.87947,4.99325,3.77305,152887,0.458035,1.70121,182268,0.472317,0.775641,0.0199791,6.1087,6.49188,0.0801505,25027.7,3.28865e+08,3.58738e+08,1.38783e+08,2.98723e+07,0.00619912,254,30215.6,366868,4.18134e-05,3.83316e-05,9.90824e-05,0.000460326
2190,17,16.511,0,3.82939,4.9905,3.7709,201761,0.461603,1.71036,182342,0.421363,0.775964,0.0157978,7.50549,6.00434,0.0742284,26881.8,5.18691e+08,5.76214e+08,2.37484e+08,5.75236e+07,0.00459051,256,42054.3,475506,2.6511e-05,2.38644e-05,5.79028e-05,0.00023905
2209,17,16.4946,0,3.77883,4.98645,3.76729,262742,0.465238,1.71999,182579,0.37251,0.773866,0.0126137,9.11726,5.5631,0.0685901,28818,7.89554e+08,8.99645e+08,3.97621e+08,1.10091e+08,0.00345703,229,58662.2,602842,1.74161e-05,1.52849e-05,3.45832e-05,0.000124906
2232,17,16.4822,0,3.72698,4.98067,3.76183,342746,0.469483,1.73069,182389,0.325563,0.768961,0.0102921,11.1478,5.17295,0.0637365,30745.5,1.17142e+09,1.38365e+09,6.65678e+08,2.12228e+08,0.00265691,214,82610.2,764442,1.17387e-05,9.9382e-06,2.06571e-05,6.47934e-05
2263,17,16.4727,0,3.67621,4.9717,3.75312,452604,0.474221,1.74358,182765,0.28469,0.759311,0.00835464,13.819,4.81264,0.0593596,32752.2,1.72981e+09,2.13864e+09,1.11835e+09,4.08821e+08,0.00206305,231,120239,966992,7.9494e-06,6.4298e-06,1.22958e-05,3.36357e-05
2294,17,16.4645,0,3.62528,4.95354,3.73518,655224,0.481792,1.76437,183334,0.252095,0.737158,0.0065717,18.6458,4.42096,0.0548499,35140.6,2.65294e+09,3.49289e+09,2.01185e+09,8.39955e+08,0.00156114,254,214108,1.29909e+06,5.18331e-06,3.93685e-06,6.83499e-06,1.63711e-05
2382,17,16.4473,0,3.57517,4.89745,3.67953,2.40739e+06,0.588777,2.09771,183091,0.268582,0.768203,0.00365805,74.9874,3.84008,0.0676354,32103.9,9.56433e+09,1.08273e+10,4.91028e+09,1.26296e+09,0.00088065,429,958456,5.30462e+06,1.43774e-06,1.27003e-06,2.80045e-06,1.08879e-05
953,18,17.9977,0.738883,4.54386,4.49389,3.23685,918.809,0.698553,2.59458,180747,0.984719,0.344166,2.16958,0.00322289,0.316995,0.00452816,285088,1156.86,1548.05,1131.65,391.197,0.167698,78,376.239,1157.14,11.8865,8.88276,12.1512,35.151
1100,18,17.9869,0.688788,4.53436,4.52447,3.26769,999.302,0.686018,2.52236,180494,0.983201,0.359209,2.00659,0.00454196,0.42783,0.00605719,220016,1637.84,2110.69,1458.42,472.85,0.190545,102,388.247,1305.53,8.3958,6.51492,9.4287,29.0811
1226,18,17.9758,0.638993,4.53125,4.55516,3.29865,1017.6,0.672998,2.45156,180153,0.982118,0.374922,1.97079,0.00555582,0.53523,0.00749845,183160,1994.5,2507.25,1661.38,512.752,0.212468,110,379.848,1387.55,6.89447,5.4845,8.27683,26.818
1342,18,17.9644,0.588737,4.52801,4.58527,3.32903,1045.52,0.659526,2.38375,180010,0.980915,0.390971,1.92448,0.00675018,0.659005,0.00913075,154887,2489.52,3039.44,1916.6,549.922,0.232774,116,367.779,1465.45,5.52354,4.52418,7.17467,25.0053
1445,18,17.9527,0.538998,4.52413,4.61416,3.35821,1081.69,0.645709,2.32006,180226,0.979587,0.406971,1.8519,0.00816124,0.801374,0.0109932,132539,3102.63,3697.75,2237.23,595.126,0.250401,116,357.866,1556.36,4.43205,3.71874,6.14644,23.106
1538,18,17.9408,0.48896,4.51936,4.64238,3.38672,1128.45,0.632063,2.25921,180089,0.978078,0.423181,1.78395,0.00995668,0.973254,0.0132036,113336,3792.65,4460.92,2655.11,668.273,0.267825,124,357.491,1649.35,3.62569,3.08254,5.17906,20.5769
1623,18,17.9288,0.438871,4.51361,4.66979,3.41441,1177.41,0.618339,2.20125,179924,0.976419,0.439475,1.70461,0.012134,1.17917,0.0158248,97033.8,4888.95,5644.79,3170.56,755.839,0.283675,137,357.238,1776.32,2.81267,2.43605,4.33709,18.193
1697,18,17.9167,0.38827,4.50669,4.69654,3.44146,1234.22,0.605001,2.14579,179310,0.974545,0.455925,1.63045,0.0149165,1.43117,0.0189885,82741.8,6233.71,7117.39,3836.91,883.682,0.299159,144,364.648,1914.35,2.20591,1.93203,3.58387,15.561
1757,18,17.9051,0.338212,4.49863,4.72214,3.46734,1320.98,0.59127,2.09368,179175,0.972327,0.472174,1.5258,0.0187235,1.73679,0.0228044,70552.1,8113.3,9174.02,4797.08,1060.72,0.311998,138,378.55,2085.11,1.69487,1.4989,2.86653,12.9638
1807,18,17.8938,0.288123,4.48919,4.74694,3.49241,1426.4,0.577713,2.0441,178909,0.969773,0.488387,1.41556,0.0238776,2.11922,0.0274523,59738.2,10709.2,12005.3,6114.91,1296.07,0.324043,141,395.834,2289.55,1.28403,1.14541,2.24876,10.6098
1849,18,17.8832,0.238043,4.47822,4.77087,3.51661,1569.4,0.563958,1.99707,178862,0.96673,0.504484,1.28916,0.031128,2.59278,0.0331996,50417.8,14540.8,16180.8,8056.03,1639.92,0.333055,149,422.83,2552.56,0.94568,0.849836,1.70692,8.38517
1882,18,17.8736,0.188896,4.4658,4.79362,3.53958,1743.55,0.550726,1.95315,178667,0.963229,0.520198,1.16387,0.0410677,3.17248,0.0401473,42455.4,20050.3,22152.1,10818.5,2101.76,0.339468,159,453.395,2865.87,0.685824,0.620754,1.27106,6.54261
1910,18,17.8646,0.137018,4.45076,4.81692,3.5631,1985.53,0.536894,1.90902,178435,0.958779,0.536738,1.02877,0.0562622,3.93407,0.0491587,35290.6,29324.4,32145.6,15305.2,2821.15,0.342065,164,496.146,3308.99,0.468926,0.427773,0.898452,4.87425
1932,18,17.857,0.0872634,4.43481,4.83868,3.58505,2237.65,0.524497,1.86862,177679,0.953948,0.552612,0.914474,0.0754766,4.80834,0.0593465,29646.9,43438,47371.6,21368.9,3933.6,0.340072,155,559.629,3865.4,0.316566,0.290279,0.643505,3.49578
1950,18,17.8507,0.0378318,4.42026,4.86045,3.60697,2580.77,0.509702,1.82919,178436,0.94835,0.568959,0.793947,0.100528,5.72557,0.0697769,25672.2,61945.1,67207.2,30580.3,5262.09,0.329707,160,614.164,4411.01,0.221987,0.204606,0.449668,2.61322
1967,18,17.8461,0.000976836,4.44629,4.89184,3.63847,1998.6,0.490151,1.77167,177488,0.95154,0.592521,1.02663,0.0750144,5.73693,0.0672846,26643,45893.9,49286.4,21129.5,3392.48,0.374995,180,452.668,3492.34,0.299625,0.279002,0.650794,4.05338
2246,18,17.8455,5.36337e-36,4.39544,4.94652,3.69317,3091.97,0.454834,1.68065,177334,0.931589,0.637524,0.673097,0.165351,8.7402,0.101095,18699.4,148511,157626,63401.5,9114.58,0.305514,174,645.202,5666.54,0.0925921,0.087238,0.216887,1.50868
2274,18,17.8442,0,4.34394,4.956,3.70269,4941.99,0.451332,1.67489,178129,0.911524,0.649415,0.428798,0.298201,9.92516,0.115645,16572.7,394740,417612,163675,22872,0.217945,163,997.634,9253.62,0.0348355,0.0329276,0.084014,0.601214
2313,18,17.8432,0,4.29319,4.96245,3.70916,7855.98,0.452109,1.67977,179096,0.887206,0.661086,0.276794,0.491122,10.2684,0.120738,15996,1.02617e+06,1.08291e+06,405632,56746.4,0.146394,159,1557.14,15605.8,0.0134003,0.0126981,0.0339001,0.242324
2340,18,17.8422,0,4.24136,4.98038,3.72711,12395.2,0.44768,1.67083,179827,0.853687,0.68532,0.182114,0.770523,10.293,0.122318,16086.8,2.8089e+06,2.94816e+06,1.02857e+06,139258,0.0930469,171,2317.6,26267,0.00489551,0.00466427,0.013369,0.0987447
2410,18,17.7154,0,4.1909,5.03041,3.78024,18408.3,0.422065,1.61017,179973,0.800446,0.746381,0.129665,1.13935,10.7237,0.1258,16156.8,8.03605e+06,8.38537e+06,2.69258e+06,349318,0.0577424,228,3183.3,42717.2,0.00171116,0.00163988,0.00510699,0.0393652
2443,18,17.6171,0,4.13959,5.04531,3.79756,27689.6,0.418855,1.60404,180653,0.748734,0.773795,0.0908302,1.62401,10.2183,0.120517,17050.1,1.84788e+07,1.92882e+07,6.12008e+06,809378,0.0372395,234,4614.38,66575.9,0.00074415,0.000712924,0.00224686,0.0169896
2466,18,17.5694,0,4.08823,5.05188,3.8053,40123.9,0.421322,1.60994,180758,0.695421,0.790609,0.0654393,2.19789,9.50301,0.112716,18255.6,3.83012e+07,4.00998e+07,1.26246e+07,1.79855e+06,0.0247034,237,6741.91,99919.2,0.000359022,0.000342919,0.00108922,0.00764559
2485,18,17.5445,0,4.03546,5.05492,3.80895,57997.3,0.425041,1.61958,181352,0.636572,0.802062,0.0473285,2.94723,8.7592,0.104623,19678.6,7.36963e+07,7.75859e+07,2.5358e+07,3.88962e+06,0.0166615,237,9809.29,146272,0.00018659,0.000177236,0.000542274,0.0035353
2502,18,17.5054,0,3.98462,5.05543,3.81044,80100.2,0.428955,1.62916,181593,0.577402,0.809565,0.0358023,3.79808,8.11748,0.097649,21089.7,1.29069e+08,1.36933e+08,4.67749e+07,7.86429e+06,0.0117991,255,13910.3,199714,0.00010654,0.000100421,0.000293982,0.00174853
2519,18,17.4645,0,3.9317,5.05473,3.81076,108924,0.432703,1.63845,181864,0.515149,0.814782,0.0274425,4.80079,7.49583,0.0905227,22688.8,2.19166e+08,2.34841e+08,8.40389e+07,1.5675e+07,0.00845736,268,19621.9,269528,6.27424e-05,5.85545e-05,0.000163626,0.000877254
2535,18,17.431,0,3.88,5.05343,3.81029,144579,0.436108,1.64683,182027,0.457225,0.818063,0.0215523,5.94018,6.94559,0.0840686,24339.2,3.48083e+08,3.78552e+08,1.44937e+08,3.04689e+07,0.00622328,273,27457.2,354169,3.95049e-05,3.63252e-05,9.48754e-05,0.000451312
2552,18,17.4023,0,3.82772,5.05091,3.80849,191590,0.439784,1.65576,182064,0.404305,0.819095,0.0170133,7.31824,6.41521,0.0777454,26179.7,5.5277e+08,6.12884e+08,2.50551e+08,6.01146e+07,0.00459006,259,38672.3,461769,2.48765e-05,2.24365e-05,5.48829e-05,0.000228746
2572,18,17.3816,0,3.77573,5.04724,3.80533,250842,0.443414,1.66487,182271,0.354231,0.817626,0.0136599,8.94247,5.94852,0.0719023,28050.7,8.42614e+08,9.59047e+08,4.2241e+08,1.16433e+08,0.00347398,231,54170.6,588237,1.63194e-05,1.43382e-05,3.25537e-05,0.000118102
2595,18,17.3666,0,3.72526,5.04213,3.80059,323173,0.447158,1.67432,182474,0.309288,0.813361,0.011201,10.8381,5.55827,0.0671169,29818.3,1.23264e+09,1.45234e+09,6.91119e+08,2.19695e+08,0.00271042,224,75324.7,733446,1.11557e-05,9.46817e-06,1.98967e-05,6.25912e-05
2627,18,17.3545,0,3.67398,5.03371,3.79248,422120,0.451849,1.68606,182562,0.26967,0.803921,0.00916809,13.3147,5.18341,0.0626691,31703.4,1.77562e+09,2.20023e+09,1.15119e+09,4.24614e+08,0.00211299,244,109935,917007,7.74435e-06,6.2498e-06,1.1945e-05,3.23846e-05
2659,18,17.344,0,3.62348,5.01655,3.77558,606488,0.459092,1.70474,182956,0.238286,0.781662,0.00730178,17.8776,4.78003,0.0581003,33924.5,2.67644e+09,3.54483e+09,2.04831e+09,8.68389e+08,0.00161536,272,197113,1.22072e+06,5.13779e-06,3.87917e-06,6.71333e-06,1.58351e-05
2753,18,17.3211,0,3.57343,4.96637,3.72597,2.12883e+06,0.558521,1.99247,183230,0.249323,0.81241,0.00416497,66.8497,4.15613,0.069169,31845,8.97287e+09,1.03456e+10,4.95523e+09,1.37277e+09,0.000925695,432,848666,4.63258e+06,1.53251e-06,1.32916e-06,2.77504e-06,1.0017e-05
960,19,18.9972,0.738819,4.55291,4.55711,3.2766,835.883,0.682431,2.50175,180266,0.98489,0.363662,2.3858,0.00337766,0.384707,0.00542937,247474,1226.01,1564.14,1054.71,338.131,0.197661,87,321.714,1111.8,11.216,8.79138,13.0376,40.6676
1138,19,18.9837,0.688829,4.54344,4.58747,3.30727,917.136,0.668928,2.43218,180435,0.983331,0.379412,2.18418,0.00468059,0.506536,0.00708091,195944,1716.37,2124.78,1377.41,408.413,0.218341,110,331.345,1249.48,8.01168,6.47172,9.98322,33.6694
1292,19,18.9698,0.638872,4.54028,4.61803,3.33815,939.107,0.655004,2.3637,180343,0.982209,0.395904,2.13134,0.00565879,0.623223,0.00861222,165956,2085.57,2524.5,1584.92,438.932,0.238637,118,321.019,1317.93,6.5934,5.44701,8.67617,31.3283
1433,19,18.9554,0.588777,4.53701,4.6478,3.36825,949.788,0.641501,2.29844,179655,0.981079,0.412606,2.10865,0.00669422,0.757499,0.0103418,141882,2539.99,3016.62,1796.44,476.625,0.258742,129,313.643,1379.47,5.41379,4.55841,7.65459,28.8507
1565,19,18.9407,0.538824,4.53303,4.67658,3.39737,989.548,0.627122,2.2368,179770,0.979693,0.429384,2.03283,0.00808976,0.913874,0.0123484,122321,3148.74,3678.47,2123.42,529.737,0.275723,133,311.502,1475.5,4.36714,3.73823,6.47586,25.9581
1683,19,18.9256,0.488609,4.52816,4.70465,3.42578,1038.34,0.612377,2.17778,180027,0.978124,0.44632,1.93723,0.00985202,1.10259,0.0147314,105394,3940.71,4529.44,2548.69,588.732,0.291412,140,307.603,1571.23,3.48947,3.03591,5.39531,23.357
1787,19,18.9104,0.438628,4.52229,4.73175,3.45323,1066.29,0.599221,2.12193,178910,0.976546,0.463241,1.89358,0.0118004,1.32967,0.0175557,90361.1,4914.42,5603.44,2990.23,689.019,0.308747,146,315.861,1671.54,2.79809,2.45403,4.59864,19.9573
1877,19,18.8953,0.388532,4.5153,4.75799,3.47981,1133.82,0.584732,2.06889,178917,0.974559,0.480175,1.7824,0.0146271,1.60607,0.0209638,77514.9,6416.73,7209.52,3695.44,792.794,0.322244,148,317.542,1804.2,2.14299,1.90734,3.72107,17.345
1952,19,18.8806,0.338682,4.5071,4.78325,3.50542,1212.1,0.570607,2.01867,178692,0.972316,0.496973,1.66986,0.01833,1.9467,0.0250992,66126.6,8446.7,9392.85,4628.53,946.151,0.335162,151,327.266,1979.29,1.62797,1.46398,2.97092,14.5336
2016,19,18.8662,0.288175,4.49737,4.80805,3.53055,1312.18,0.556398,1.97022,178405,0.969671,0.51394,1.54612,0.0234532,2.37698,0.0302632,55948.6,11086.4,12265.6,5952.75,1179.2,0.346748,159,346.597,2156.38,1.24035,1.1211,2.31002,11.6613
2066,19,18.8528,0.238833,4.4863,4.83146,3.55426,1447.76,0.542161,1.92526,178444,0.966564,0.530401,1.4039,0.0305742,2.89863,0.0364887,47352.2,15077.2,16564.8,7892.09,1487.57,0.354518,162,368.713,2423.78,0.912036,0.830132,1.74238,9.24395
2106,19,18.8401,0.187934,4.47308,4.85485,3.57795,1605.08,0.528173,1.88109,178046,0.962897,0.547275,1.26504,0.0406111,3.57892,0.0444091,39523.1,21328.4,23293.8,10683.9,1965.39,0.361019,159,402.035,2730.12,0.644726,0.590328,1.28708,6.99655
2137,19,18.8289,0.138128,4.45819,4.87706,3.60042,1825.25,0.514444,1.83997,177779,0.958461,0.563741,1.12074,0.0552674,4.40766,0.0539753,33025.8,30772,33392.1,15071.3,2620.04,0.362405,161,438.076,3128.37,0.446866,0.411804,0.912398,5.24839
2162,19,18.8193,0.0886636,4.44178,4.89857,3.62215,2102.83,0.500656,1.80102,177700,0.953213,0.580122,0.976095,0.0756934,5.38858,0.0651166,27780.9,45416.6,49043,21800.2,3626.38,0.356646,170,488.752,3653.8,0.302774,0.280386,0.630775,3.79193
2183,19,18.8107,0.0367658,4.42577,4.92128,3.64506,2393.01,0.486209,1.76094,177427,0.947377,0.59793,0.858571,0.100497,6.46868,0.0771198,23811.8,67777.1,72734.8,31121.1,4957.62,0.345071,175,538.447,4228.38,0.202885,0.189057,0.441854,2.7737
2201,19,18.8051,0.000940793,4.45158,4.95168,3.67558,1886.66,0.465334,1.70618,177195,0.950327,0.621526,1.08866,0.0766648,6.51336,0.0745956,24609.2,49825.3,53118.5,22124,3293.24,0.391231,188,406.322,3358.24,0.275984,0.258874,0.621541,4.17552
2509,19,18.8043,0,4.40088,5.01009,3.73401,2920.04,0.426181,1.61184,177163,0.929019,0.671714,0.714731,0.167689,9.879,0.111028,17413.4,167771,176822,68237.7,9050.52,0.311688,176,579.87,5431.2,0.0819627,0.0777675,0.201516,1.51936
2537,19,18.8029,0,4.34942,5.02005,3.74401,4599.36,0.423383,1.60682,177583,0.908479,0.685208,0.460344,0.293275,11.0226,0.124932,15682.7,452697,475141,172799,22444.3,0.219268,172,885.254,9053.47,0.0303757,0.0289408,0.0795779,0.612673
2580,19,18.8016,0,4.29908,5.02949,3.75347,7345.88,0.422576,1.60829,178695,0.882532,0.70095,0.298336,0.480889,11.3323,0.129911,15275.6,1.18969e+06,1.24444e+06,434681,54743.7,0.145819,176,1350.32,15039.3,0.0115584,0.01105,0.0316347,0.251189
2606,19,18.7987,0,4.24889,5.06386,3.78791,11344.5,0.407509,1.57569,179405,0.843338,0.743418,0.202144,0.744335,11.6543,0.132606,15241.1,3.4021e+06,3.53966e+06,1.13781e+06,137559,0.0917817,193,1954.01,25228,0.00404191,0.00388483,0.0120855,0.0999645
2669,19,18.5952,0,4.19821,5.09208,3.82085,17034.8,0.394874,1.54802,179624,0.793773,0.78792,0.142286,1.09763,11.6893,0.133777,15519.6,8.76368e+06,9.09752e+06,2.79374e+06,333837,0.0584499,237,2768.12,40660.2,0.00156909,0.00151151,0.00492207,0.0411908
2699,19,18.4935,0,4.14783,5.10288,3.83405,25383.7,0.394452,1.54845,180374,0.743621,0.812444,0.100037,1.54442,11.0454,0.127179,16435.7,1.93455e+07,2.01132e+07,6.13095e+06,767676,0.0381798,247,4058.72,62915.4,0.000710809,0.000683679,0.00224288,0.0179125
2722,19,18.4413,0,4.09609,5.10779,3.84018,37182.5,0.398178,1.55741,180817,0.68954,0.828762,0.0714494,2.10759,10.2267,0.118567,17642.2,3.92552e+07,4.0936e+07,1.27003e+07,1.68083e+06,0.025344,249,5864.14,93864,0.000350298,0.000335914,0.00108273,0.00818109
2741,19,18.415,0,4.04384,5.1095,3.84251,52757.9,0.40349,1.56924,180789,0.632549,0.839559,0.0525098,2.77503,9.4063,0.109926,19011.6,7.45241e+07,7.81403e+07,2.47069e+07,3.61614e+06,0.0172549,248,8554.49,135569,0.000184517,0.000175978,0.000556564,0.00380267
2758,19,18.3822,0,3.9924,5.1091,3.84289,73759.5,0.408303,1.58098,181389,0.572594,0.846576,0.0393093,3.61441,8.6924,0.10247,20407.1,1.30631e+08,1.38061e+08,4.59781e+07,7.43012e+06,0.012206,261,12318.6,188710,0.000105266,9.9601e-05,0.000299077,0.00185071
2774,19,18.3481,0,3.93948,5.10676,3.84134,100085,0.413455,1.59324,181767,0.511537,0.850112,0.0299711,4.55126,7.99621,0.0947168,21990.6,2.20304e+08,2.34935e+08,8.16616e+07,1.46313e+07,0.00875905,271,17293.5,255691,6.24182e-05,5.85309e-05,0.00016839,0.000939836
2793,19,18.3288,0,3.88914,5.1031,3.83815,132055,0.418894,1.60564,181643,0.456378,0.850446,0.0237566,5.59279,7.3782,0.0875485,23611.6,3.43915e+08,3.71636e+08,1.3741e+08,2.77211e+07,0.00651734,273,24069,332946,3.99837e-05,3.70013e-05,0.000100072,0.000496048
2809,19,18.3154,0,3.83881,5.09788,3.83324,176045,0.424486,1.6192,182041,0.406344,0.847996,0.0186657,6.93838,6.80003,0.0810462,25372.6,5.33166e+08,5.86377e+08,2.3397e+08,5.3211e+07,0.00486652,272,33756.9,431038,2.57912e-05,2.34508e-05,5.87724e-05,0.000258424
2829,19,18.3056,0,3.78743,5.0904,3.826,233196,0.430801,1.63457,182403,0.359184,0.841871,0.014749,8.54147,6.25025,0.0745534,27301.6,8.10534e+08,9.13542e+08,3.94527e+08,1.03008e+08,0.00366288,253,47874.5,552380,1.69653e-05,1.50524e-05,3.48543e-05,0.000133495
2855,19,18.2985,0,3.73695,5.07953,3.8153,302900,0.438523,1.65302,182314,0.317802,0.830641,0.0118611,10.356,5.755,0.068837,29248.8,1.18635e+09,1.38135e+09,6.44413e+08,1.94993e+08,0.00281193,241,67717.5,698829,1.1591e-05,9.95477e-06,2.13388e-05,7.05206e-05
967,20,19.9967,0.738804,4.56135,4.61627,3.31349,779.286,0.666113,2.41824,180473,0.984969,0.382682,2.56499,0.00349066,0.448364,0.00624923,223249,1269.46,1567.84,1013.36,298.384,0.222954,102,280.14,1070.04,10.8322,8.77063,13.5697,46.0848
1179,20,19.9801,0.688759,4.55186,4.64646,3.34404,844.353,0.65235,2.35081,180256,0.983457,0.399128,2.37021,0.00471599,0.582118,0.00802893,179041,1729.15,2086.01,1305.94,356.856,0.243134,116,285.571,1189.21,7.95245,6.59201,10.5295,38.5337
1365,20,19.963,0.638982,4.54868,4.67667,3.37462,861.64,0.63807,2.28486,179994,0.982346,0.416231,2.32219,0.00562158,0.70791,0.00964136,153274,2118.3,2510.11,1499.41,391.81,0.262734,128,281.427,1248.21,6.49152,5.47824,9.17092,35.096
1542,20,19.9452,0.588767,4.54534,4.70626,3.4046,885.991,0.623446,2.22167,179812,0.981115,0.43364,2.26768,0.00669221,0.852683,0.0114919,132391,2605.37,3027.75,1741.43,422.374,0.280823,140,272.663,1323.44,5.27793,4.54165,7.89635,32.5564
1698,20,19.927,0.538895,4.5413,4.73473,3.43347,911.834,0.608903,2.16208,179563,0.979781,0.45101,2.2045,0.00795178,1.02248,0.01363,114670,3197.59,3668.7,2031.87,471.106,0.297716,138,271.122,1393.56,4.30042,3.7482,6.76765,29.1887
1838,20,19.9083,0.488675,4.53632,4.76253,3.46167,947.013,0.594349,2.10501,179177,0.978254,0.468573,2.13289,0.00956422,1.22819,0.0161757,99016.2,4029.67,4557.92,2414,528.246,0.31411,143,269.2,1487.82,3.41243,3.01695,5.69634,26.0314
1960,20,19.8896,0.438873,4.53036,4.78926,3.48882,980.301,0.580201,2.05105,178531,0.976607,0.486009,2.05892,0.0114986,1.4762,0.0192065,85254.2,5086.78,5697.91,2869.65,611.13,0.330017,150,273.164,1590.68,2.70328,2.41334,4.79186,22.5009
2067,20,19.8708,0.388544,4.52319,4.81536,3.51533,1055.89,0.564428,1.99942,179046,0.974487,0.503595,1.91079,0.0144248,1.78391,0.0229297,73199.5,6560.04,7287.41,3623.26,727.365,0.34216,154,281.857,1720.67,2.09617,1.88695,3.7952,18.9052
2156,20,19.8524,0.33851,4.51477,4.84047,3.54084,1130.94,0.549739,1.95054,178795,0.972172,0.521009,1.78801,0.0181309,2.16404,0.0274348,62376.2,8551.02,9430.45,4570.31,879.427,0.35496,157,292.785,1867.64,1.60811,1.45815,3.00876,15.6363
2230,20,19.8345,0.288406,4.50488,4.86486,3.56562,1208.54,0.536024,1.90385,177861,0.96959,0.538394,1.68014,0.0229481,2.64121,0.0330421,52664,11491.7,12568.6,5794.53,1076.94,0.368114,165,304.751,2060.83,1.1966,1.09407,2.3731,12.7686
2290,20,19.8177,0.238624,4.49343,4.88827,3.5894,1332.39,0.52142,1.85979,177714,0.966398,0.555535,1.52767,0.0300616,3.23709,0.0399264,44322.2,15702,17066.5,7720.98,1364.49,0.376687,167,323.834,2292.84,0.875747,0.80573,1.78099,10.0778
2338,20,19.8019,0.188093,4.47994,4.9113,3.61277,1505.73,0.506216,1.81717,177880,0.96245,0.572818,1.35447,0.0406495,3.99637,0.048677,37041.8,22490.1,24285.6,10773,1795.44,0.380563,173,350.766,2589.06,0.611424,0.566221,1.27643,7.65883
2374,20,19.788,0.138776,4.46476,4.93313,3.63491,1691.4,0.49291,1.77752,177127,0.958047,0.589626,1.21151,0.0547337,4.91942,0.0591036,30902.4,32772.9,35209.7,15002.5,2436.78,0.382005,180,386.923,2982.53,0.419584,0.390545,0.916578,5.6431
2403,20,19.7755,0.0876248,4.44718,4.95522,3.65728,1973.03,0.477737,1.73838,177333,0.952332,0.607115,1.03735,0.076348,6.05863,0.0716763,25842.6,49581.4,53031.2,22359.5,3449.77,0.372351,181,435.005,3491.3,0.277342,0.2593,0.614997,3.98606
2425,20,19.7652,0.0381254,4.43103,4.97667,3.67895,2267.9,0.463301,1.70145,177286,0.946274,0.624622,0.906577,0.101696,7.21492,0.0842017,22300.8,73322.4,78117.6,32357.1,4795.28,0.357179,173,486.397,4049.13,0.187542,0.176029,0.424976,2.86761
2442,20,19.758,0.000943916,4.45595,5.00673,3.70917,1788.27,0.4424,1.64818,176713,0.949101,0.648667,1.15034,0.0786714,7.35407,0.0821108,22730.9,54510.3,57733.9,23230.2,3223.6,0.406835,188,367.745,3241.82,0.252264,0.238179,0.591944,4.26573
2520,20,19.7571,0,4.40411,5.05891,3.76137,2805.91,0.40689,1.56686,176788,0.927547,0.69542,0.745704,0.169658,10.7512,0.118379,16538.6,184747,193747,72152.6,8999.78,0.314914,185,535.814,5291.06,0.0744313,0.0709739,0.190582,1.52792
2547,20,19.7557,0,4.35353,5.06957,3.77206,4440.34,0.403521,1.56171,177490,0.906458,0.710414,0.481358,0.294112,11.8444,0.131629,15097.4,499650,521836,183663,22185.9,0.219719,183,815.618,8741.36,0.0275212,0.0263512,0.0748706,0.619806
2588,20,19.7543,0,4.30328,5.07738,3.77989,6990.32,0.404716,1.56653,178232,0.880874,0.725575,0.314919,0.471701,12.0425,0.135194,14819.4,1.26742e+06,1.3213e+06,448754,53884.1,0.146079,184,1246.15,14635.4,0.0108496,0.0104072,0.0306426,0.255196
2613,20,19.7529,0,4.25113,5.09485,3.7974,11094.8,0.401206,1.56105,179162,0.84514,0.752782,0.206733,0.736648,11.919,0.135603,15061.2,3.42797e+06,3.56249e+06,1.14377e+06,134517,0.0920314,188,1873.76,24846.6,0.00401141,0.00385994,0.0120225,0.102225
2651,20,19.6995,0,4.20051,5.12621,3.82994,16817.9,0.388392,1.53445,179961,0.796395,0.797525,0.143154,1.09043,11.8883,0.134843,15423.1,9.01834e+06,9.34908e+06,2.84356e+06,330738,0.0579876,224,2682.28,40383.9,0.00152478,0.00147084,0.00483583,0.0415767
2692,20,19.5434,0,4.14882,5.14386,3.85104,24886.8,0.383725,1.52437,179990,0.741881,0.831719,0.102408,1.53389,11.3873,0.129653,16224.6,2.08651e+07,2.16454e+07,6.43001e+06,780283,0.0374146,251,3873.68,62704.1,0.000659042,0.000635284,0.00213856,0.0176231
2718,20,19.4623,0,4.09662,5.15198,3.86097,36307.1,0.385208,1.52816,180338,0.684893,0.853076,0.0736538,2.08928,10.606,0.121388,17377.8,4.33545e+07,4.51158e+07,1.34552e+07,1.76127e+06,0.0247559,259,5659.99,94707,0.000317176,0.000304793,0.00102198,0.00780744
2738,20,19.4196,0,4.04616,5.15586,3.8658,51268.9,0.388516,1.53601,180763,0.627,0.867041,0.0546327,2.74729,9.82329,0.113026,18661.6,8.05874e+07,8.42466e+07,2.59384e+07,3.65917e+06,0.0171016,268,8016.59,134564,0.000170634,0.000163223,0.00053014,0.00375796
2756,20,19.3635,0,3.99585,5.157,3.8682,70061.6,0.392351,1.54462,180898,0.567386,0.876739,0.0418353,3.51835,9.14814,0.106226,19913.2,1.38758e+08,1.46057e+08,4.69726e+07,7.29902e+06,0.0122766,281,11233,183338,9.91006e-05,9.41482e-05,0.000292745,0.00188395
2775,20,19.2906,0,3.94337,5.15673,3.86956,94865.6,0.395685,1.55275,181483,0.50383,0.884129,0.0322475,4.43757,8.47463,0.0987019,21377.8,2.26064e+08,2.40541e+08,8.32965e+07,1.44764e+07,0.0089088,297,15806.6,243700,6.08277e-05,5.7167e-05,0.000165085,0.000949893
2792,20,19.2347,0,3.89226,5.15596,3.87006,123490,0.398937,1.55994,181436,0.445322,0.889231,0.0258082,5.4082,7.89153,0.0921628,22833.9,3.54806e+08,3.81961e+08,1.39102e+08,2.71547e+07,0.00667477,300,21523.4,316923,3.87564e-05,3.60011e-05,9.88558e-05,0.000506394
2810,20,19.1848,0,3.8404,5.15467,3.8699,163519,0.40176,1.56689,181991,0.390574,0.892862,0.020527,6.68519,7.33231,0.0857181,24459.9,5.47323e+08,6.0004e+08,2.37583e+08,5.2717e+07,0.00501534,290,29948.5,403505,2.51241e-05,2.29168e-05,5.78786e-05,0.000260845
2830,20,19.1431,0,3.7898,5.15277,3.86894,210965,0.40438,1.57318,182383,0.341217,0.894464,0.0167126,8.07673,6.83623,0.079833,26120,8.05355e+08,9.05291e+08,3.90667e+08,9.99358e+07,0.00385985,260,41195.2,504911,1.70744e-05,1.51896e-05,3.51987e-05,0.000137598
2855,20,19.1088,0,3.73806,5.14996,3.8669,265628,0.40727,1.57936,181997,0.295622,0.893784,0.0139584,9.60015,6.42217,0.0746935,27669.2,1.161e+09,1.35069e+09,6.28084e+08,1.89688e+08,0.00302893,227,56821,625864,1.18441e-05,1.01807e-05,2.18935e-05,7.24927e-05
2883,20,19.0814,0,3.68777,5.14544,3.86301,338875,0.410038,1.58591,182232,0.25527,0.88949,0.0117112,11.6027,6.05569,0.0703168,29206.6,1.62978e+09,1.98992e+09,1.01607e+09,3.60139e+08,0.00242675,258,80343.1,770083,8.43731e-06,6.91031e-06,1.35334e-05,3.81825e-05
2916,20,19.0584,2.95008e-36,3.63701,5.1357,3.8538,457097,0.414216,1.59559,182316,0.221289,0.876095,0.00974365,14.7902,5.6823,0.0661499,30905.4,2.32894e+09,3.0441e+09,1.71919e+09,7.15155e+08,0.00192616,301,132642,973161,5.90439e-06,4.51726e-06,7.99853e-06,1.9228e-05
2979,20,19.0309,0,3.5868,5.10219,3.82091,893557,0.431601,1.63643,182361,0.208018,0.831144,0.00692117,26.6293,5.07823,0.0596517,33555.4,4.8377e+09,6.18309e+09,3.8072e+09,1.34538e+09,0.0012818,367,339689,1.68178e+06,2.84246e-06,2.22397e-06,3.61184e-06,1.02209e-05
972,21,20.9962,0.738869,4.56928,4.67176,3.3478,717.601,0.650874,2.34264,179980,0.985115,0.401193,2.79253,0.00349118,0.509204,0.0070136,205547,1294.01,1555.43,957.647,261.42,0.246532,101,242.568,1020.91,10.6266,8.84062,14.3591,52.6011
1223,21,20.976,0.688823,4.5597,4.70173,3.37819,781.611,0.636265,2.27727,180063,0.983572,0.418269,2.55957,0.00468846,0.654103,0.00891677,166710,1804.9,2123.21,1245.93,318.31,0.264995,122,250.635,1147.91,7.61869,6.4765,11.0367,43.2
1448,21,20.9552,0.638789,4.55647,4.73183,3.40872,799.516,0.621473,2.21309,179713,0.982435,0.436083,2.51207,0.00556972,0.790539,0.0106417,143547,2172.43,2518.11,1439.42,345.678,0.284237,139,244.143,1199.02,6.32977,5.46084,9.55316,39.7798
1651,21,20.9337,0.588939,4.55309,4.76093,3.43826,821.295,0.606274,2.15228,179660,0.981203,0.453952,2.44443,0.00657399,0.944811,0.0125834,124931,2646.14,3029.89,1672.88,383.744,0.300955,135,242.327,1256.21,5.19662,4.53845,8.21994,35.8337
1836,21,20.9115,0.538868,4.54895,4.78923,3.46702,845.92,0.591371,2.09431,179233,0.979843,0.47197,2.38497,0.00781293,1.13145,0.0148459,108272,3312.5,3738.4,1960.52,425.902,0.318353,141,239.366,1335.65,4.15124,3.67831,7.01395,32.2868
2004,21,20.8889,0.488883,4.5439,4.81661,3.49488,880.319,0.576114,2.03922,179063,0.978289,0.489996,2.29355,0.00938797,1.35519,0.0175747,93771,4088.69,4572.27,2341.34,483.584,0.333923,151,239.863,1405.94,3.36318,3.00747,5.87313,28.4356
2150,21,20.8661,0.438981,4.53781,4.84312,3.52186,914.74,0.561248,1.98681,178571,0.976585,0.508007,2.20298,0.0113187,1.62757,0.0208414,80816.5,5239.83,5801.33,2807.03,561.497,0.349277,150,243.546,1513.67,2.62432,2.37032,4.89877,24.4899
2277,21,20.8433,0.388948,4.53053,4.86879,3.54801,971.484,0.545987,1.93695,178387,0.974538,0.525985,2.07843,0.0140289,1.96552,0.0248275,69248.7,6717.59,7376.92,3488,659.335,0.363203,161,247.959,1625.6,2.04701,1.86405,3.94237,20.8558
2385,21,20.8206,0.338601,4.52188,4.89381,3.5735,1040.15,0.530901,1.88913,178023,0.972175,0.544014,1.94642,0.0176707,2.38915,0.0297721,58862.9,8870.28,9673.11,4418.2,802.832,0.376394,166,258.205,1776.11,1.55023,1.42157,3.11235,17.1281
2472,21,20.7988,0.288569,4.51177,4.91793,3.59807,1129.33,0.515837,1.84377,177736,0.969402,0.561863,1.79648,0.0227075,2.9185,0.0358847,49733.9,11908.6,12900.5,5746.43,991.928,0.387448,167,270.009,1952.43,1.15471,1.06593,2.39296,13.8629
2541,21,20.778,0.238207,4.49988,4.9414,3.62198,1246.03,0.50081,1.80035,177441,0.966089,0.579673,1.63341,0.0299352,3.59533,0.043573,41624.3,16259.6,17543,7715.81,1283.41,0.396462,168,290.568,2164.33,0.845716,0.783845,1.78218,10.7144
2595,21,20.7589,0.188563,4.48626,4.96383,3.64481,1388.3,0.486129,1.75951,177139,0.962232,0.597102,1.46351,0.0399721,4.43554,0.052991,34731.9,23191,24879.7,10580.5,1688.73,0.401207,178,314.281,2431.36,0.592946,0.552699,1.29965,8.1428
2637,21,20.7415,0.138571,4.4704,4.98577,3.66711,1586.01,0.471876,1.72039,176636,0.957458,0.614597,1.29378,0.0549595,5.48648,0.0645942,28857.8,34093.7,36424.1,15203.1,2330.44,0.400518,183,349.196,2831.32,0.40333,0.377524,0.904487,5.90059
2669,21,20.7265,0.088932,4.45276,5.00706,3.68872,1844.86,0.456933,1.68339,176724,0.951702,0.632053,1.11061,0.0761674,6.72171,0.0779279,24221.1,52201.9,55521.3,22590.7,3319.45,0.388765,186,394.55,3335.36,0.263419,0.24767,0.6087,4.14256
2694,21,20.7136,0.038483,4.43542,5.02872,3.71064,2163.76,0.441594,1.64697,176894,0.944998,0.650399,0.95603,0.103775,8.02886,0.0917859,20850.5,80561.9,85258,34016.4,4696.13,0.368531,187,443.086,3915.63,0.170688,0.161287,0.404246,2.92815
2712,21,20.7048,0.000991164,4.45916,5.05779,3.7399,1711.43,0.420927,1.59614,176182,0.947708,0.674247,1.20449,0.0814546,8.26247,0.0900697,21010.9,60564.5,63796.2,24721.5,3231.66,0.419814,192,339.089,3146.98,0.227047,0.215546,0.556237,4.25508
2933,21,20.7035,0,4.40863,5.12121,3.80334,2652.4,0.376387,1.49943,176318,0.923698,0.733024,0.793345,0.173833,12.2526,0.13039,15258.3,217079,226092,80090.9,9012.7,0.317681,186,474.888,5098.18,0.0633454,0.0608203,0.171692,1.52573
2961,21,20.702,0,4.35856,5.13034,3.81251,4201.87,0.374701,1.49831,177083,0.90191,0.748097,0.51459,0.29534,13.1762,0.141492,14227.2,571389,593589,201905,22199.8,0.219291,189,727.828,8474.86,0.0240659,0.0231658,0.0681063,0.61942
3004,21,20.7001,0,4.30759,5.14065,3.82286,6692.11,0.374413,1.501,178310,0.87383,0.767521,0.332318,0.474048,13.2852,0.145252,14117,1.52693e+06,1.58167e+06,506873,54732.8,0.142723,194,1110.24,14438.9,0.00900562,0.00869399,0.0271291,0.251239
3027,21,20.6968,0,4.25628,5.16394,3.84621,10302.4,0.368055,1.48826,178588,0.835289,0.803046,0.225133,0.719043,13.2225,0.145117,14328,4.07526e+06,4.21267e+06,1.26537e+06,137410,0.0901369,199,1646.3,23896.7,0.00337426,0.0032642,0.0108672,0.100073
3088,21,20.4576,0,4.20619,5.1909,3.87822,15483.2,0.355849,1.46399,179141,0.783181,0.850374,0.159212,1.05674,13.1799,0.144748,14651.9,1.04158e+07,1.07458e+07,3.09448e+06,330038,0.0576858,253,2308.61,38457.7,0.00132021,0.00127966,0.00444372,0.0416649
3120,21,20.3157,0,4.15566,5.20139,3.89174,22893.9,0.355751,1.4649,179797,0.730692,0.8778,0.112974,1.47301,12.4268,0.137176,15542.3,2.27054e+07,2.34535e+07,6.70134e+06,748100,0.037881,269,3325.76,59259.9,0.000605626,0.000586308,0.00205198,0.0183812
3144,21,20.2402,0,4.10427,5.20663,3.89859,33358.2,0.359346,1.47318,180356,0.674545,0.896802,0.0814346,1.99998,11.5151,0.128069,16679.2,4.55488e+07,4.72045e+07,1.36917e+07,1.65562e+06,0.0254303,276,4850.17,88265.2,0.000301895,0.000291307,0.00100433,0.00830563
3164,21,20.199,0,4.05165,5.20905,3.9019,47424.5,0.364458,1.48405,180486,0.614746,0.910336,0.0601935,2.63774,10.5973,0.118705,17979.2,8.4175e+07,8.77248e+07,2.65578e+07,3.54978e+06,0.0174529,269,7023.89,126779,0.000163362,0.000156751,0.000517776,0.00387376
3182,21,20.1544,0,3.99904,5.20922,3.90304,65062,0.369527,1.49506,180721,0.553336,0.919482,0.0454971,3.37601,9.80761,0.110928,19271.9,1.46006e+08,1.53265e+08,4.83211e+07,7.25887e+06,0.0123992,288,10001.9,174917,9.4181e-05,8.97205e-05,0.000284575,0.00189437
3199,21,20.0983,0,3.94833,5.20771,3.90273,86828.7,0.37423,1.50531,180915,0.493033,0.92514,0.0357507,4.20689,9.08934,0.103263,20639.7,2.3193e+08,2.45823e+08,8.27403e+07,1.38931e+07,0.00918126,297,13860.5,229082,5.92895e-05,5.59386e-05,0.000166195,0.000989773
3218,21,20.0643,0,3.89742,5.20492,3.90068,114807,0.378998,1.51623,181513,0.435207,0.927463,0.0282845,5.17531,8.39231,0.0950347,22183.6,3.59641e+08,3.85662e+08,1.38229e+08,2.60215e+07,0.00689826,297,19102.2,296829,3.82353e-05,3.56555e-05,9.94799e-05,0.000528447
3235,21,20.0421,0,3.84735,5.20074,3.89697,148963,0.384536,1.52813,181405,0.38601,0.926784,0.0227307,6.29323,7.79505,0.089154,23670.3,5.34421e+08,5.83553e+08,2.26595e+08,4.91322e+07,0.00525144,301,26522.1,377153,2.57306e-05,2.35643e-05,6.06853e-05,0.000279877
3255,21,20.0265,0,3.7954,5.19404,3.89062,195837,0.390957,1.54248,181657,0.339444,0.921886,0.0181029,7.69693,7.17615,0.0822075,25443.5,8.05461e+08,9.00715e+08,3.77695e+08,9.52543e+07,0.00398201,278,37558.4,482329,1.70722e-05,1.52667e-05,3.64076e-05,0.000144361
3282,21,20.0158,0,3.74461,5.18329,3.88009,255686,0.399104,1.56084,181908,0.298657,0.910509,0.014557,9.3812,6.60954,0.0759518,27255.1,1.16588e+09,1.34611e+09,6.14704e+08,1.80232e+08,0.00308686,252,53177.4,609809,1.17945e-05,1.02154e-05,2.23701e-05,7.62961e-05
978,22,21.9956,0.738888,4.57665,4.72402,3.37987,672.754,0.635276,2.27369,180224,0.985192,0.419226,2.97019,0.00349634,0.568253,0.00773567,192417,1318.52,1553.81,925.921,235.289,0.266537,112,214.937,977.967,10.4291,8.84985,14.8511,58.443
1274,22,21.9716,0.688948,4.56704,4.7537,3.41002,728.485,0.620732,2.21039,179788,0.983666,0.436856,2.75673,0.00464975,0.725732,0.00975428,156672,1847.41,2136.58,1198.38,289.178,0.285567,137,223.545,1099.32,7.44341,6.43597,11.4746,47.5519
1537,22,21.9467,0.638871,4.56375,4.78355,3.44036,737.648,0.60546,2.14797,179400,0.98257,0.455235,2.70679,0.00543118,0.870876,0.011579,135817,2214.28,2527.81,1369.83,313.524,0.303745,140,217.071,1143.18,6.21014,5.43989,10.0384,43.8594
1776,22,21.9209,0.588785,4.56029,4.81248,3.46981,765.065,0.58973,2.08875,179329,0.981272,0.473744,2.63343,0.00646747,1.03974,0.0136437,118294,2748.25,3096.17,1617.47,347.913,0.320674,148,214.901,1208.48,5.00354,4.4413,8.50155,39.5243
1991,22,21.8943,0.538809,4.55608,4.84043,3.49828,789.249,0.574142,2.03256,179097,0.979887,0.492235,2.55517,0.00766358,1.23966,0.0160766,102987,3352.3,3742.47,1904.6,390.165,0.336711,144,213.813,1263.15,4.10195,3.67431,7.21987,35.244
2187,22,21.8672,0.488838,4.55092,4.86751,3.52589,814.686,0.558959,1.97908,178521,0.978361,0.510747,2.47989,0.00915206,1.48535,0.0189874,89016.7,4207.64,4653,2256.79,445.363,0.35371,160,214.798,1341.31,3.2681,2.95529,6.09317,30.8759
2367,22,21.8398,0.438796,4.54467,4.89379,3.55272,856.922,0.543211,1.92804,178334,0.976545,0.529282,2.36112,0.0111817,1.78691,0.0225185,76636.2,5302.74,5819.75,2760.08,517.014,0.368782,168,217.496,1438.24,2.59319,2.36281,4.9821,26.5969
2519,22,21.8124,0.388832,4.53724,4.91914,3.57861,913.678,0.52735,1.87961,178270,0.97443,0.547682,2.21806,0.0139056,2.15654,0.0268132,65705.8,6896.14,7511.15,3460.12,615.01,0.381926,166,223.387,1544,1.99401,1.83074,3.97414,22.359
2642,22,21.7853,0.338688,4.52843,4.9438,3.60381,973.568,0.511973,1.83321,177842,0.972057,0.566077,2.07748,0.017449,2.62222,0.032153,55795,9073.71,9818.97,4368.67,745.262,0.395134,162,231.12,1678.31,1.51548,1.40045,3.14764,18.4512
2742,22,21.759,0.288753,4.5181,4.96763,3.62817,1061.17,0.496449,1.78909,177596,0.969187,0.584317,1.91202,0.0225926,3.21399,0.0388538,46969.9,12131.5,13057.3,5735.29,925.868,0.406667,173,242.124,1836.17,1.1335,1.05312,2.39761,14.852
2823,22,21.7339,0.238527,4.50595,4.99082,3.65186,1170.2,0.481215,1.74682,177189,0.965797,0.602506,1.73953,0.0298719,3.97019,0.0472111,39173.9,16910.4,18106.4,7728.02,1195.92,0.416126,183,259.339,2055.12,0.813165,0.759456,1.77937,11.4982
2885,22,21.7106,0.188551,4.49187,5.01316,3.67466,1325.03,0.465797,1.7068,177060,0.961628,0.620438,1.5462,0.0406684,4.91539,0.0576038,32581.3,24381.2,25984.8,10906.8,1603.57,0.419517,184,283.647,2340.14,0.563999,0.529194,1.26078,8.57524
2933,22,21.6895,0.138136,4.47539,5.0351,3.69703,1502.19,0.450985,1.66826,176575,0.956746,0.63848,1.35871,0.0557277,6.1059,0.0704069,26956,37053.8,39304.3,15615.6,2250.52,0.417097,188,317.71,2727.89,0.371109,0.34986,0.880591,6.11014
2969,22,21.6714,0.0886517,4.45718,5.05613,3.71842,1758.42,0.436508,1.63243,176261,0.950695,0.656305,1.17294,0.0777822,7.47251,0.0848749,22607,56891.8,60130.6,23548.9,3238.75,0.403495,199,360.293,3226.91,0.241704,0.228686,0.583932,4.24577
2997,22,21.6556,0.0373778,4.43883,5.07798,3.74059,2071.49,0.420633,1.59649,176446,0.943547,0.675471,1.00091,0.10648,8.92812,0.0997604,19454.2,88011,92701.2,36049.9,4690.2,0.378081,203,408.858,3804.1,0.156242,0.148337,0.381443,2.93185
3015,22,21.6453,0.000986283,4.46246,5.10599,3.76881,1649.17,0.399952,1.54801,175812,0.946212,0.698928,1.2574,0.0848292,9.2531,0.0978418,19441.1,68164.1,71435.7,26504.6,3271.51,0.433109,199,316.358,3060.16,0.201733,0.192495,0.518816,4.20325
3117,22,21.6439,0,4.41101,5.15967,3.82252,2581.19,0.362465,1.46925,175932,0.922673,0.750691,0.820772,0.176043,13.0354,0.136527,14662.2,238446,247479,84175.1,9032.93,0.319722,207,449.425,5047.89,0.0576693,0.0555643,0.163362,1.52232
3143,22,21.6426,0,4.36092,5.16763,3.8305,4128.64,0.361255,1.4707,177212,0.900589,0.765381,0.525689,0.297891,13.8165,0.146589,13859.6,615276,637646,213762,22369.8,0.217836,195,694.48,8377.12,0.0223493,0.0215652,0.0643286,0.614713
3184,22,21.6409,0,4.31032,5.17493,3.83784,6521.33,0.363798,1.47831,178125,0.873455,0.782442,0.342682,0.47091,13.7727,0.148185,13848.4,1.57766e+06,1.63182e+06,520984,54155.7,0.142704,194,1056.24,14135.6,0.00871606,0.00842679,0.0263943,0.253916
3207,22,21.6394,0,4.26005,5.18847,3.8514,10154.6,0.363479,1.47962,179035,0.838346,0.80798,0.228802,0.714061,13.4185,0.146667,14221,4.05762e+06,4.18857e+06,1.25536e+06,130944,0.0915134,204,1580.11,23579.1,0.00338893,0.00328298,0.0109538,0.105014
3231,22,21.6349,0,4.20982,5.21706,3.88008,15156.8,0.354138,1.46047,179139,0.789999,0.851965,0.161813,1.02842,13.1378,0.142314,14738,1.03209e+07,1.0636e+07,3.00797e+06,315167,0.0579087,214,2239.69,37987.1,0.00133235,0.00129287,0.00457152,0.0436307
3294,22,21.3737,0,4.15852,5.23719,3.90549,22247.2,0.346496,1.44536,179454,0.731063,0.893954,0.116876,1.45314,12.7968,0.139795,15309.8,2.36431e+07,2.43843e+07,6.83332e+06,741200,0.0378274,272,3163.18,58605.1,0.000581607,0.000563929,0.00201234,0.0185523
3320,22,21.2681,0,4.10813,5.24368,3.91413,32242.4,0.348697,1.45099,180225,0.674452,0.915468,0.084684,1.96761,11.9156,0.130955,16386.6,4.65969e+07,4.82201e+07,1.38944e+07,1.62311e+06,0.0255557,277,4560.73,85692.1,0.000295105,0.000285172,0.000989677,0.00847201
3341,22,21.2087,0,4.05644,5.24699,3.91866,45667.1,0.352908,1.46007,180551,0.614488,0.930853,0.0628573,2.58989,11.0018,0.121659,17632.8,8.59422e+07,8.93734e+07,2.6796e+07,3.4312e+06,0.0176506,284,6518.64,122780,0.000160003,0.00015386,0.000513174,0.00400763
3360,22,21.146,0,4.00392,5.24799,3.92094,62279.8,0.357482,1.46961,180599,0.552542,0.941876,0.0478715,3.30232,10.2136,0.114084,18859.4,1.48307e+08,1.55333e+08,4.85276e+07,7.02605e+06,0.012583,297,9252.82,169358,9.27199e-05,8.85259e-05,0.000283365,0.00195714
3380,22,21.05,0,3.95266,5.24735,3.92227,83412.4,0.361198,1.47778,180953,0.489735,0.950024,0.0376715,4.13524,9.49417,0.106392,20171.1,2.35682e+08,2.49191e+08,8.37684e+07,1.35088e+07,0.00933135,309,12766,221392,5.83454e-05,5.51825e-05,0.000164155,0.00101792
3398,22,20.9736,0,3.90264,5.24627,3.92277,108073,0.36439,1.48496,181411,0.431179,0.955739,0.0303116,5.03401,8.87584,0.0997912,21468.5,3.58498e+08,3.83365e+08,1.36845e+08,2.48671e+07,0.00713104,314,17285,282535,3.83572e-05,3.58691e-05,0.000100486,0.000552978
3417,22,20.9042,0,3.85142,5.24471,3.92266,139397,0.36767,1.49197,181489,0.37776,0.959995,0.0245893,6.0851,8.27521,0.0931939,22907.9,5.35122e+08,5.82365e+08,2.24529e+08,4.7243e+07,0.00544475,316,23811.1,357150,2.56969e-05,2.36123e-05,6.12436e-05,0.00029107
3438,22,20.8445,0,3.79961,5.2425,3.92168,177854,0.370981,1.49878,181263,0.329078,0.962206,0.0202204,7.26844,7.70659,0.086867,24469.3,7.89942e+08,8.80688e+08,3.65703e+08,9.0746e+07,0.00418934,278,32969.4,447339,1.74076e-05,1.56139e-05,3.76016e-05,0.000151533
3463,22,20.7997,0,3.74882,5.23954,3.91966,225732,0.37372,1.50527,181937,0.28396,0.961874,0.0167285,8.71218,7.24641,0.0813012,25909.9,1.11293e+09,1.28223e+09,5.84112e+08,1.69307e+08,0.00332953,251,45010.2,547742,1.23557e-05,1.07242e-05,2.35417e-05,8.12191e-05
3492,22,20.7641,0,3.69755,5.23501,3.91588,286304,0.377035,1.51234,181872,0.243871,0.958008,0.0141669,10.4729,6.8316,0.0765532,27337.7,1.54458e+09,1.86721e+09,9.39014e+08,3.22633e+08,0.00268435,268,63142.9,664324,8.90273e-06,7.36444e-06,1.46441e-05,4.26211e-05
3526,22,20.7349,0,3.64707,5.22649,3.90797,376191,0.381204,1.52134,181852,0.210996,0.946284,0.0118934,13.0325,6.42669,0.0722029,28865.6,2.15913e+09,2.79504e+09,1.55441e+09,6.35913e+08,0.00215273,308,100989,831261,6.36877e-06,4.91978e-06,8.84643e-06,2.1624e-05
3585,22,20.7034,0,3.59689,5.20159,3.88373,619434,0.38997,1.54065,182012,0.190054,0.905301,0.00918786,19.8523,5.8612,0.0661389,31202.2,3.56823e+09,4.93793e+09,3.08648e+09,1.36971e+09,0.00157336,341,230477,1.20765e+06,3.85373e-06,2.78477e-06,4.45523e-06,1.00394e-05
983,23,22.995,0.739,4.58363,4.77331,3.40985,626.791,0.620734,2.21073,179861,0.985307,0.436754,3.19554,0.00344656,0.625213,0.00841405,181860,1348.11,1561.13,887.116,213.011,0.285692,119,191.564,944.87,10.2002,8.80838,15.5008,64.5552
1330,23,22.9666,0.688859,4.57388,4.80285,3.43993,678.422,0.605652,2.14889,179439,0.98377,0.454984,2.96128,0.00456638,0.795741,0.0105798,148569,1881.71,2143.38,1151.34,261.679,0.304259,138,198.667,1048.92,7.30772,6.41555,11.9435,52.5491
1632,23,22.9373,0.638925,4.57056,4.83231,3.46995,691.027,0.589979,2.08845,179059,0.982639,0.47383,2.90633,0.00535066,0.951785,0.0124858,129148,2281.95,2571.75,1328.98,289.799,0.322291,142,196.221,1101.16,6.02598,5.34694,10.347,47.4501
1908,23,22.9069,0.588961,4.56704,4.86087,3.49909,709.854,0.573826,2.03095,178979,0.981382,0.492763,2.82647,0.00629365,1.13277,0.014684,112789,2784.58,3103.34,1553.19,318.76,0.338744,141,192.507,1150,4.93825,4.43102,8.8534,43.139
2168,23,22.8755,0.538874,4.56273,4.88857,3.52738,724.571,0.558443,1.97615,178248,0.980043,0.511744,2.77445,0.00739722,1.35144,0.0172733,97951.7,3422.67,3780,1808.51,357.325,0.356569,161,191.069,1214.26,4.01762,3.63783,7.60348,38.4832
2401,23,22.8434,0.48883,4.55746,4.91537,3.55479,763.645,0.541951,1.92413,178332,0.978371,0.530734,2.64634,0.00899951,1.6183,0.0203845,84854,4253.05,4665.33,2210.39,412.272,0.371673,168,193.308,1279.47,3.2332,2.94749,6.22108,33.3541
2605,23,22.811,0.43898,4.55111,4.94124,3.58128,799.08,0.526229,1.87465,177889,0.976566,0.549603,2.53342,0.0109466,1.94571,0.024162,72998.2,5449.27,5927.6,2691.5,478.323,0.387422,173,195.302,1370.97,2.52345,2.31983,5.10904,28.7483
2780,23,22.7785,0.388975,4.54351,4.96633,3.60698,851.414,0.510089,1.82743,177734,0.974419,0.568423,2.382,0.0136536,2.35529,0.0288189,62358.2,6966.81,7536.7,3383.1,569.893,0.401635,171,200.352,1464.68,1.97379,1.82454,4.06461,24.1291
2927,23,22.7464,0.338897,4.53452,4.99069,3.63195,915.954,0.494121,1.78225,177468,0.971923,0.587181,2.2188,0.0173526,2.87314,0.0346313,52785,9227.97,9920.63,4343.5,692.661,0.415197,178,207.285,1593.81,1.49014,1.3861,3.16588,19.8524
3048,23,22.7149,0.288589,4.52386,5.01443,3.6563,999.864,0.478142,1.73887,177197,0.968953,0.605922,2.03772,0.0225874,3.53426,0.0419602,44266.5,12624.4,13504.7,5744.81,880.266,0.426847,186,220.503,1763.84,1.08924,1.01824,2.39363,15.6214
3139,23,22.6851,0.238478,4.51144,5.03731,3.67975,1092.15,0.463201,1.69768,176435,0.965576,0.624392,1.86589,0.0296784,4.37311,0.0511183,36799.5,17650.8,18792.8,7667.93,1142.02,0.437239,179,236.315,1957.16,0.779056,0.731714,1.79331,12.041
3210,23,22.6575,0.18876,4.49705,5.05935,3.70232,1243.54,0.447051,1.65874,176570,0.961249,0.642605,1.64342,0.0407315,5.42969,0.0623841,30530.3,25691.5,27234.4,10954.1,1542.88,0.439289,189,259.286,2238.52,0.535234,0.504912,1.25532,8.91254
3264,23,22.6322,0.138216,4.48004,5.08113,3.72458,1441.35,0.431242,1.62105,176490,0.955921,0.661038,1.42375,0.0570866,6.75324,0.0763535,25248.5,38849.7,41014.7,16286.5,2165.04,0.433088,185,288.857,2601.7,0.353954,0.335269,0.844316,6.35138
3303,23,22.6107,0.0889113,4.4613,5.10192,3.74578,1677.08,0.416878,1.58622,175991,0.949737,0.679196,1.22928,0.0792016,8.25583,0.0918293,21174.8,60996.5,64178,24480.4,3181.47,0.4167,201,331.871,3090.33,0.225439,0.214263,0.561713,4.32222
3333,23,22.592,0.0378014,4.44213,5.12349,3.76771,1972.42,0.401298,1.5515,175954,0.942329,0.698739,1.04752,0.108105,9.83732,0.107727,18245.4,96685,101351,37635.6,4666.07,0.386956,199,378.149,3697.37,0.142225,0.135677,0.365372,2.94702
3354,23,22.5795,0.000794631,4.46649,5.15258,3.79705,1561.38,0.379137,1.50165,175332,0.94495,0.723547,1.3247,0.0861592,10.2709,0.106297,18122,73976.4,77173.9,27674.1,3197.46,0.445614,208,287.369,2923.59,0.185883,0.178182,0.496891,4.3006
3409,23,22.578,0,4.41639,5.21036,3.85485,2451.12,0.337372,1.41876,175946,0.919772,0.780931,0.867592,0.178165,14.4393,0.146466,13757.6,262813,271727,90884,8914.38,0.323528,205,405.796,4822.3,0.0523224,0.0506059,0.151303,1.54256
3435,23,22.5767,0,4.36591,5.2152,3.85972,3890.69,0.339593,1.42608,176952,0.897863,0.793805,0.557463,0.293803,14.9507,0.154561,13242.5,687136,708824,224251,21687.5,0.218563,202,622.884,8088.13,0.020012,0.0193997,0.0613197,0.63405
3478,23,22.5748,0,4.31446,5.22272,3.86728,6164.17,0.343077,1.43457,177545,0.869636,0.812544,0.364429,0.462513,14.7769,0.155284,13327.6,1.79068e+06,1.84523e+06,549837,54552.8,0.141859,200,972.61,13801.6,0.00767922,0.00745219,0.0250092,0.252068
3500,23,22.5728,0,4.26364,5.23795,3.88254,9601.86,0.342253,1.43453,178258,0.832562,0.841596,0.244543,0.699542,14.3661,0.15326,13725.9,4.51902e+06,4.64974e+06,1.33691e+06,130716,0.0903926,202,1426.42,22998,0.00304291,0.00295737,0.0102856,0.105197
3546,23,22.4718,0,4.21299,5.26897,3.91552,14464.7,0.329663,1.41057,178915,0.778841,0.892813,0.172374,1.0283,14.2865,0.151746,14066.6,1.16497e+07,1.19717e+07,3.3132e+06,321993,0.0573013,261,2014.92,36756.1,0.00118038,0.00114863,0.00415036,0.0427059
3587,23,22.2451,0,4.16136,5.28105,3.93199,21574.5,0.327964,1.40838,179691,0.721884,0.925896,0.122318,1.44916,13.5329,0.144665,14887.6,2.58179e+07,2.6563e+07,7.35766e+06,745106,0.0374529,282,2893.35,57034.3,0.000532614,0.000517674,0.00186893,0.0184551
3613,23,22.1305,0,4.11007,5.2866,3.93979,30975.5,0.331446,1.41554,179846,0.664563,0.947466,0.0896401,1.94012,12.5536,0.135093,15965.8,5.06283e+07,5.22659e+07,1.47369e+07,1.63762e+06,0.0253481,291,4175.78,83630.3,0.000271607,0.000263097,0.000933097,0.00839691
3634,23,22.0666,0,4.05817,5.28945,3.94389,43677.1,0.336004,1.42521,180254,0.604019,0.962986,0.0665918,2.54077,11.5797,0.12543,17190.5,9.14035e+07,9.48772e+07,2.81147e+07,3.47367e+06,0.0175795,288,5996.36,118752,0.000150443,0.000144935,0.000489103,0.00395864
3652,23,22.0073,0,4.00814,5.29026,3.94587,59055.1,0.340486,1.43462,180548,0.544102,0.973772,0.0513871,3.22131,10.785,0.117975,18332.6,1.53807e+08,1.60688e+08,4.95318e+07,6.88133e+06,0.0128146,311,8395.67,161367,8.94042e-05,8.55756e-05,0.000277619,0.00199831
3672,23,21.906,0,3.95662,5.28947,3.94709,78256.8,0.344508,1.443,180717,0.481591,0.98222,0.0406413,3.99497,10.0318,0.1102,19588.9,2.41852e+08,2.55127e+08,8.42492e+07,1.32755e+07,0.00953866,315,11629.3,211156,5.68571e-05,5.38986e-05,0.000163218,0.00103582
3691,23,21.8213,0,3.90411,5.28824,3.94754,101561,0.348025,1.4506,181107,0.420714,0.988421,0.0325158,4.86175,9.35658,0.103102,20889.8,3.65941e+08,3.90832e+08,1.38691e+08,2.48902e+07,0.0072325,331,15848,269552,3.7577e-05,3.51839e-05,9.91486e-05,0.000552466
3710,23,21.7486,0,3.85257,5.28646,3.94721,131386,0.351525,1.45798,181286,0.367026,0.992671,0.0264583,5.89869,8.72808,0.0963855,22273.8,5.44525e+08,5.9149e+08,2.27071e+08,4.6964e+07,0.0055619,333,21713.1,339869,2.52532e-05,2.32481e-05,6.05581e-05,0.000292798
3730,23,21.6933,0,3.80232,5.28399,3.94584,166641,0.355035,1.46525,181275,0.320525,0.994492,0.0218463,7.0189,8.14411,0.0900174,23741.8,7.87481e+08,8.76128e+08,3.63179e+08,8.86471e+07,0.00433194,289,29907.4,421460,1.7462e-05,1.56952e-05,3.78629e-05,0.000155121
3755,23,21.6516,0,3.75094,5.28059,3.94328,211571,0.358451,1.47267,181619,0.276067,0.993644,0.0181905,8.40872,7.64406,0.0842446,25160.9,1.10543e+09,1.27153e+09,5.79666e+08,1.66096e+08,0.00344942,250,40911.5,512964,1.24395e-05,1.08145e-05,2.37223e-05,8.27895e-05
3789,23,21.6191,0,3.69989,5.27556,3.9389,266536,0.362293,1.48065,181523,0.237604,0.98899,0.0153814,10.0376,7.1997,0.0792807,26553.8,1.52314e+09,1.83942e+09,9.23159e+08,3.16279e+08,0.00278236,267,57519.1,627242,9.02805e-06,7.47572e-06,1.48956e-05,4.34773e-05
3824,23,21.5911,0,3.64959,5.26646,3.93037,348975,0.367128,1.49074,181401,0.206004,0.976315,0.0129135,12.4362,6.76131,0.074693,28061.2,2.12638e+09,2.74879e+09,1.52173e+09,6.22412e+08,0.00223291,305,91690.9,782595,6.46686e-06,5.00256e-06,9.03641e-06,2.20931e-05
3880,23,21.5593,0,3.59905,5.24171,3.90626,568796,0.376238,1.51073,182000,0.184347,0.934999,0.00996447,18.746,6.16299,0.0684303,30342.3,3.43763e+09,4.77718e+09,2.99058e+09,1.33955e+09,0.00165072,356,205852,1.1164e+06,4.00013e-06,2.87847e-06,4.5981e-06,1.02654e-05
987,24,23.9943,0.738941,4.59006,4.82002,3.43809,586.148,0.606558,2.15263,179492,0.985407,0.45385,3.42119,0.00339115,0.682404,0.00908737,172846,1377.1,1571.8,854.525,194.704,0.303494,132,171.999,905.183,9.98548,8.74855,16.092,70.6252
1377,24,23.9613,0.688985,4.58032,4.84919,3.46786,636.709,0.590858,2.09262,179273,0.983852,0.472501,3.15474,0.00448648,0.86429,0.0113645,141917,1866.18,2105.92,1116.09,239.739,0.321026,147,178.577,998.941,7.36854,6.5297,12.3207,57.3581
1720,24,23.9269,0.638851,4.57694,4.87846,3.49776,654.093,0.574221,2.03353,179261,0.982662,0.491881,3.06625,0.00528701,1.03175,0.0133868,123717,2303.25,2569.59,1306.73,266.34,0.337826,147,176.513,1047.36,5.97026,5.35144,10.5232,51.6295
2040,24,23.8914,0.588873,4.57334,4.90672,3.52666,666.859,0.558414,1.97761,178592,0.98143,0.511265,3.02431,0.00618754,1.22834,0.0157131,107775,2815.88,3111.46,1515.97,295.581,0.356243,154,174.21,1101.41,4.88338,4.41947,9.07077,46.5219
2329,24,23.8548,0.538846,4.56894,4.93406,3.55466,685.452,0.542294,1.92436,178144,0.980035,0.530638,2.9456,0.0073153,1.46441,0.0184652,93701.1,3513.94,3847.31,1786.32,333.365,0.373329,161,173.523,1153.31,3.91327,3.57419,7.69792,41.2491
2590,24,23.8174,0.488898,4.56357,4.96048,3.58177,712.804,0.526022,1.87372,177817,0.978424,0.549953,2.83591,0.00879747,1.75375,0.0217854,81023.7,4401.37,4782.68,2149.94,381.314,0.38975,167,173.953,1217.83,3.12425,2.87516,6.39598,36.0621
2819,24,23.7794,0.43881,4.55705,4.98616,3.60814,745.227,0.509712,1.82525,177476,0.976593,0.569262,2.70396,0.0107152,2.1134,0.0258792,69548.8,5579.27,6024.88,2624.32,445.608,0.405637,172,176.356,1306.8,2.46466,2.28237,5.23984,30.8589
3015,24,23.7414,0.388927,4.54931,5.01089,3.63356,797.9,0.493355,1.77933,177266,0.974377,0.588396,2.54284,0.0134669,2.56356,0.0308981,59249,7173.24,7707.88,3331.07,534.636,0.420655,181,181.614,1396.76,1.91698,1.78402,4.1281,25.7203
3180,24,23.7037,0.338818,4.54011,5.03498,3.65834,858.186,0.477215,1.7352,176895,0.971833,0.607493,2.37066,0.0171792,3.13736,0.0372047,49955.1,9662.8,10319.7,4291.39,656.905,0.435298,189,189.127,1533.03,1.42309,1.3325,3.20432,20.933
3315,24,23.6669,0.288588,4.52922,5.05842,3.68246,935.488,0.461194,1.69286,176474,0.968815,0.62652,2.18104,0.0224342,3.87369,0.045178,41699.2,13208,14036.2,5685.96,828.17,0.448303,185,199.223,1690.16,1.04111,0.979684,2.41841,16.6041
3421,24,23.632,0.238726,4.51655,5.08095,3.70563,1046.84,0.444696,1.65281,176502,0.965115,0.645213,1.9544,0.0302203,4.80585,0.0551219,34640.3,18516.1,19608.8,7883.98,1092.73,0.455846,191,216.043,1872.82,0.742651,0.701266,1.74417,12.5841
3500,24,23.5995,0.188967,4.50178,5.10276,3.72803,1177.07,0.429151,1.61469,176112,0.960797,0.663704,1.73835,0.041116,5.97792,0.0674536,28628.1,27094.9,28569.4,11116.5,1474.49,0.458666,183,235.825,2141.81,0.507512,0.481319,1.23699,9.32595
3560,24,23.5695,0.13811,4.48419,5.12448,3.75031,1371.54,0.412955,1.5776,176037,0.955207,0.682584,1.49854,0.0581005,7.45529,0.0826154,23606.3,41618.1,43737.3,16768.2,2119.27,0.450107,195,266.607,2507.58,0.330409,0.314399,0.820062,6.48855
3603,24,23.544,0.0883412,4.46461,5.14524,3.77154,1613.85,0.398379,1.54342,175515,0.948584,0.701245,1.28594,0.0815784,9.11708,0.0994271,19782.8,66881.9,70047.8,25819.7,3165.87,0.42944,197,308.32,3016.41,0.205601,0.196309,0.532578,4.34351
3635,24,23.5225,0.0383764,4.44505,5.16618,3.79287,1904.23,0.383189,1.51049,175413,0.940901,0.720841,1.09439,0.111038,10.7826,0.115639,17149.4,106877,111587,39990.1,4710.19,0.395022,204,354.742,3614.7,0.128662,0.123231,0.34386,2.91941
3662,24,23.5078,0.00090629,4.4669,5.1943,3.82127,1553.1,0.360631,1.46278,175165,0.942792,0.74524,1.34155,0.0923741,11.4005,0.116101,16813.1,85171.4,88564.5,31147.8,3393.09,0.44912,211,276.969,2939.4,0.161451,0.155265,0.441476,4.05265
4006,24,23.506,0,4.41513,5.2517,3.8787,2440.47,0.320264,1.38356,175386,0.916097,0.804538,0.876952,0.187114,15.624,0.155244,13042.7,321012,330741,103859,9728.75,0.314432,217,394.353,4962.24,0.0428364,0.0415764,0.1324,1.41344
4033,24,23.5045,0,4.36363,5.25743,3.88446,3929.24,0.322373,1.39132,176656,0.892368,0.819854,0.556802,0.308756,15.9631,0.16144,12726.1,844958,869141,262859,24183.1,0.207792,212,610.514,8449.64,0.0162742,0.0158213,0.0523132,0.568619
4075,24,23.5025,3.92694e-27,4.31318,5.26711,3.89418,6189.14,0.324497,1.39747,177469,0.862466,0.84211,0.36686,0.479293,15.6826,0.161353,12913.1,2.17223e+06,2.23097e+06,640654,58739.2,0.134538,213,922.135,14160,0.00633037,0.00616369,0.021464,0.234102
4097,24,23.5004,0,4.26293,5.27995,3.90706,9688.96,0.325156,1.40124,178691,0.824504,0.869799,0.245015,0.723111,15.0991,0.157998,13399,5.29105e+06,5.43071e+06,1.53861e+06,139657,0.0861977,219,1359.6,23386.1,0.00259891,0.00253208,0.00893727,0.0984628
4147,24,23.3909,0,4.21281,5.31029,3.93943,14341.4,0.313383,1.37855,178960,0.769668,0.92193,0.176017,1.0438,14.9817,0.156048,13739.6,1.33801e+07,1.37169e+07,3.7027e+06,336792,0.0552533,261,1888.6,37034.8,0.00102772,0.00100248,0.00371378,0.0408293
4187,24,23.1471,0,4.1626,5.32088,3.95457,20762.9,0.312921,1.37773,179011,0.714146,0.954073,0.128586,1.42904,14.1769,0.148632,14529.3,2.81628e+07,2.89297e+07,7.80478e+06,766878,0.0368684,291,2709.27,56082.3,0.000488267,0.000475324,0.00176187,0.0179311
4213,24,23.0196,0,4.11171,5.32599,3.96208,29989.5,0.316034,1.3851,179958,0.655622,0.975903,0.0932367,1.923,13.1482,0.138781,15595.1,5.409e+07,5.57525e+07,1.56285e+07,1.66249e+06,0.025067,291,3875.99,81921,0.000254224,0.000246644,0.000879863,0.00827132
4234,24,22.9479,0,4.0602,5.32867,3.96611,41957.1,0.320879,1.39472,180011,0.595012,0.991851,0.0703475,2.5009,12.1356,0.12891,16776.8,9.68594e+07,1.0039e+08,2.93537e+07,3.5304e+06,0.0175759,303,5593.88,115397,0.000141969,0.000136976,0.000468458,0.00389502
4253,24,22.8787,0,4.00791,5.32946,3.96821,57452.7,0.325492,1.4044,180486,0.53169,1.00358,0.0537841,3.20488,11.28,0.12112,17926.6,1.62964e+08,1.70065e+08,5.27127e+07,7.10044e+06,0.0127224,315,7846.3,157647,8.43803e-05,8.08573e-05,0.000260866,0.00193664
4274,24,22.7616,0,3.9554,5.32866,3.96963,75834.2,0.329445,1.4125,180691,0.467963,1.01269,0.0425877,3.95804,10.4923,0.113068,19159.5,2.54595e+08,2.68353e+08,8.92041e+07,1.37582e+07,0.0094866,328,10875.9,204653,5.40112e-05,5.12421e-05,0.000154152,0.000999472
4293,24,22.6685,0,3.90468,5.3275,3.97026,96575.4,0.332929,1.41949,180679,0.409565,1.01915,0.0348601,4.74579,9.82731,0.10619,20349.7,3.76958e+08,4.02068e+08,1.42189e+08,2.51097e+07,0.00733308,338,14626.8,258503,3.64788e-05,3.42007e-05,9.6709e-05,0.000547636
4313,24,22.5844,0,3.85301,5.32581,3.97018,124069,0.336215,1.42643,181017,0.356123,1.02396,0.0284078,5.72671,9.1852,0.099516,21665,5.57157e+08,6.04503e+08,2.30277e+08,4.73452e+07,0.00567188,341,20056.7,323546,2.46806e-05,2.27476e-05,5.9715e-05,0.000290441
4334,24,22.5189,0,3.80256,5.32351,3.96914,157804,0.339424,1.43327,181412,0.309436,1.0264,0.0234126,6.83881,8.58234,0.0930892,23074.8,7.90608e+08,8.79495e+08,3.68049e+08,8.88872e+07,0.00444525,299,27427.9,399649,1.73929e-05,1.56351e-05,3.73619e-05,0.000154702
4360,24,22.4696,0,3.7517,5.32042,3.967,196835,0.342864,1.4401,181187,0.26684,1.02621,0.0198174,8.06654,8.07347,0.0872291,24401.5,1.10491e+09,1.27037e+09,5.75832e+08,1.65457e+08,0.00356605,266,37382.9,487195,1.24453e-05,1.08244e-05,2.38802e-05,8.3109e-05
4395,24,22.4309,0,3.70165,5.31592,3.96326,247396,0.346219,1.44726,181539,0.229193,1.02245,0.0167946,9.63003,7.62936,0.082356,25690.1,1.49228e+09,1.80227e+09,9.07774e+08,3.09992e+08,0.00291184,283,51889.8,584538,9.21477e-06,7.62982e-06,1.5148e-05,4.43592e-05
4432,24,22.3963,0,3.65126,5.30764,3.95564,323315,0.350551,1.45632,181713,0.197742,1.01092,0.0141227,11.9263,7.18201,0.0777532,27109.4,2.06432e+09,2.67739e+09,1.49438e+09,6.13071e+08,0.00235415,309,82885.3,725128,6.66128e-06,5.13597e-06,9.2018e-06,2.24297e-05
4490,24,22.3578,0,3.60125,5.28619,3.93494,507256,0.358368,1.47259,181732,0.17602,0.973799,0.0112299,17.4131,6.60321,0.0717839,29130.8,3.23669e+09,4.53378e+09,2.84076e+09,1.2971e+09,0.00177755,356,180164,1.01423e+06,4.24848e-06,3.03301e-06,4.8406e-06,1.06014e-05
991,25,24.9936,0.738962,4.59617,4.86427,3.46462,548.781,0.592978,2.09907,178985,0.985513,0.470437,3.6648,0.00332385,0.739063,0.00972883,165104,1387.54,1566.64,823.425,179.099,0.320621,132,155.398,865.262,9.91034,8.77739,16.6997,76.7786
1431,25,24.9554,0.688962,4.58636,4.8932,3.49421,599.028,0.576488,2.04051,179060,0.983926,0.489552,3.35267,0.00440654,0.933978,0.0121386,135941,1901.25,2125.43,1085.12,224.185,0.337125,147,163.37,959.883,7.23261,6.46973,12.6723,61.3376
1821,25,24.9158,0.638923,4.58293,4.92209,3.5238,609.372,0.56032,1.98308,178421,0.98278,0.509316,3.30872,0.00515318,1.11468,0.014276,118252,2377.61,2625.29,1256.6,247.671,0.356036,163,160.5,1011.92,5.78352,5.2379,10.943,55.5211
2187,25,24.8749,0.588996,4.57926,4.94999,3.55241,623.421,0.543399,1.92857,178320,0.981521,0.529047,3.21526,0.00603421,1.32494,0.0167245,103314,2849.22,3125.41,1467.89,276.195,0.372653,161,158.826,1050.7,4.82623,4.39973,9.36788,49.7873
2515,25,24.8325,0.538931,4.57477,4.97702,3.58018,645.925,0.526874,1.87667,177914,0.980064,0.548807,3.126,0.0071946,1.57987,0.0196645,89779.1,3505.69,3819.41,1753.16,313.725,0.389809,164,158.879,1097.36,3.92248,3.60029,7.84353,43.8313
2803,25,24.7892,0.488971,4.56929,5.00313,3.60704,680.96,0.509375,1.82722,178171,0.978342,0.568441,2.9631,0.00877312,1.89498,0.0232121,77618.9,4437.25,4794.82,2156.5,357.563,0.404815,168,158.477,1165.18,3.09899,2.86789,6.37652,38.4575
3059,25,24.7452,0.438788,4.56262,5.02853,3.63322,712.136,0.493373,1.77993,177397,0.976469,0.588135,2.85269,0.0107349,2.28952,0.0276064,66338.4,5706.22,6125,2642.39,418.78,0.422905,172,160.593,1245.81,2.40982,2.24506,5.204,32.8359
3278,25,24.7012,0.388884,4.55471,5.05297,3.65844,757.474,0.476641,1.73499,177198,0.974254,0.607552,2.67775,0.0134511,2.78619,0.0330412,56313,7463.03,7964.52,3335.37,501.499,0.438655,183,164.708,1342.94,1.84255,1.72653,4.12277,27.4197
3462,25,24.6576,0.338934,4.54533,5.07669,3.68292,811.198,0.460678,1.692,176573,0.971696,0.626866,2.50881,0.0171336,3.415,0.039857,47345.4,9915.54,10536.8,4284.15,621.283,0.454508,182,172.357,1458.22,1.38681,1.30504,3.20974,22.1332
3613,25,24.6148,0.28868,4.53419,5.09988,3.70686,886.699,0.443934,1.65054,176391,0.968581,0.646152,2.28931,0.0225158,4.23309,0.0485244,39381.2,13729.3,14522,5721.52,792.701,0.467159,194,182.872,1598.39,1.00158,0.946909,2.40338,17.347
3732,25,24.5743,0.238897,4.52125,5.12211,3.72981,996.899,0.427373,1.6114,176313,0.96474,0.665063,2.05226,0.0306083,5.27085,0.0593325,32569.5,19302.2,20353.1,8021.43,1050.88,0.47542,197,198.49,1804.99,0.712404,0.675621,1.71428,13.0852
3824,25,24.5361,0.188473,4.50588,5.14398,3.75235,1127.71,0.411288,1.57357,175961,0.960174,0.684054,1.81472,0.0421111,6.59056,0.0729065,26779.5,29179.8,30621.9,11492.3,1442.11,0.476927,205,218.435,2077.85,0.47125,0.449057,1.19654,9.53535
3889,25,24.5017,0.138335,4.48805,5.16521,3.77419,1311.33,0.395416,1.53777,175711,0.954473,0.702968,1.56833,0.0593084,8.19752,0.0890631,22110.3,44993,47077.1,17333.7,2084.13,0.466386,194,247.578,2433.14,0.305625,0.292095,0.79331,6.59794
3936,25,24.472,0.0884688,4.46781,5.18579,3.7953,1552.92,0.380449,1.50444,175340,0.947506,0.721972,1.33338,0.0836355,10.0032,0.106909,18567.7,72296.5,75438,27108.4,3141.49,0.440194,207,286.818,2917.67,0.190203,0.182282,0.507259,4.37722
3970,25,24.4472,0.0388005,4.44755,5.20647,3.81642,1847.05,0.365464,1.47267,175167,0.939375,0.741958,1.13067,0.114294,11.7712,0.123656,16160.5,118463,123193,42732.8,4730.27,0.400524,201,331.453,3544.22,0.116078,0.111621,0.32179,2.90702
4015,25,24.4301,0.000983905,4.46753,5.23384,3.8441,1535.64,0.34287,1.42663,175036,0.940727,0.766056,1.35979,0.0980127,12.5738,0.125532,15667.7,97190.5,100704,34634.9,3513.71,0.451731,214,262.381,2916.91,0.141485,0.136548,0.397027,3.91353
4377,25,24.428,0,4.41723,5.29167,3.90196,2383.46,0.302385,1.34898,175269,0.913151,0.827587,0.902555,0.192247,16.869,0.163673,12397.9,361174,370967,114172,9793.64,0.311958,212,364.752,4864.54,0.0380731,0.0370679,0.120441,1.40407
4403,25,24.4265,0,4.36677,5.2962,3.90652,3804.77,0.306121,1.35909,176339,0.889502,0.84259,0.581516,0.310113,16.9549,0.16778,12269,931457,955455,281260,23997.7,0.206734,209,563.993,8269.18,0.0147629,0.0143921,0.0488906,0.573012
4445,25,24.4242,0,4.3149,5.30356,3.91392,6050.02,0.31073,1.36966,177033,0.859002,0.863733,0.379912,0.481757,16.4544,0.166627,12558.2,2.39285e+06,2.45273e+06,687333,59873.8,0.132612,214,871.834,14127.5,0.00574669,0.00560641,0.0200063,0.229666
4466,25,24.4219,0,4.26363,5.31705,3.92745,9520.85,0.311451,1.3735,178198,0.81924,0.893559,0.252897,0.727277,15.7681,0.162161,13091.1,5.93851e+06,6.0834e+06,1.67046e+06,144892,0.0840985,221,1292.07,23441.3,0.00231556,0.00226041,0.00823187,0.0949049
4487,25,24.4175,0,4.21246,5.33757,3.94804,14369.2,0.307924,1.36756,178729,0.768632,0.932913,0.176953,1.04532,15.0935,0.155312,13746.3,1.44208e+07,1.47731e+07,3.90096e+06,352275,0.0536636,228,1883.35,37586.5,0.000953553,0.000930815,0.00352502,0.0390348
4546,25,24.1083,0,4.16109,5.35549,3.9715,20819.7,0.301748,1.356,178989,0.7059,0.976366,0.129863,1.45357,14.6149,0.150982,14323.1,3.12052e+07,3.2017e+07,8.5989e+06,811832,0.0355832,294,2612.46,56639.5,0.000440663,0.00042949,0.00159916,0.0169382
4573,25,23.959,0,4.1102,5.36093,3.97964,29760.2,0.304631,1.36236,179578,0.646295,0.999492,0.0955246,1.93765,13.573,0.14108,15358.9,5.95641e+07,6.13368e+07,1.69952e+07,1.77272e+06,0.0243617,303,3755.47,82255.2,0.00023086,0.000224188,0.000809109,0.00775699
4594,25,23.8762,0,4.05974,5.36377,3.98399,41124.9,0.308863,1.37101,179925,0.586033,1.01596,0.0723661,2.49413,12.5661,0.131428,16488.6,1.03757e+08,1.07407e+08,3.12456e+07,3.65054e+06,0.0172651,316,5299.31,113898,0.000132531,0.000128027,0.000440094,0.00376684
4613,25,23.7938,0,4.00862,5.3648,3.98651,55185.5,0.313219,1.37966,180039,0.524075,1.02834,0.056349,3.14228,11.7235,0.123872,17562.2,1.71199e+08,1.78494e+08,5.44978e+07,7.2954e+06,0.0126701,321,7442.99,153996,8.03218e-05,7.70389e-05,0.000252322,0.00188488
4635,25,23.6505,0,3.95789,5.36413,3.98847,72379.9,0.316523,1.38663,180500,0.461247,1.03821,0.0450691,3.87004,10.9557,0.116077,18702.6,2.63284e+08,2.77005e+08,9.06481e+07,1.37212e+07,0.00960868,340,10125.9,198206,5.22288e-05,4.96417e-05,0.000151696,0.00100217
4656,25,23.5273,0,3.90673,5.36313,3.98974,92609.7,0.319474,1.39276,180831,0.401141,1.04584,0.0368928,4.66893,10.2855,0.109256,19835.3,3.82786e+08,4.07832e+08,1.44894e+08,2.50458e+07,0.00747456,343,13590.9,246158,3.59234e-05,3.37173e-05,9.49036e-05,0.000549033
4678,25,23.4134,0,3.8551,5.36177,3.99048,117964,0.322253,1.39852,181135,0.347292,1.05196,0.0303604,5.60178,9.64865,0.102689,21058.2,5.55603e+08,6.025e+08,2.31727e+08,4.68964e+07,0.00583847,354,18529.7,307309,2.47496e-05,2.28232e-05,5.93414e-05,0.00029322
4702,25,23.3121,0,3.80412,5.36006,3.99065,146744,0.324995,1.40374,180833,0.301023,1.05629,0.0254606,6.55807,9.04367,0.0964244,22376.1,7.86789e+08,8.74508e+08,3.63737e+08,8.77191e+07,0.00459122,316,25072.6,376644,1.74774e-05,1.57243e-05,3.78048e-05,0.000156762
4731,25,23.2268,0,3.75337,5.35787,3.99006,183513,0.327137,1.40845,181391,0.257309,1.0584,0.0215342,7.77283,8.54395,0.0906794,23609.6,1.07813e+09,1.24098e+09,5.68258e+08,1.62846e+08,0.00372668,280,33998.2,453913,1.27545e-05,1.10808e-05,2.41985e-05,8.44418e-05
4765,25,23.1539,0,3.70235,5.35471,3.98827,227250,0.329527,1.41308,181167,0.219229,1.05749,0.0186455,9.17965,8.11939,0.0858581,24755.9,1.45191e+09,1.76056e+09,8.89448e+08,3.08644e+08,0.00307163,270,47255.4,541151,9.47096e-06,7.8106e-06,1.54601e-05,4.45529e-05
4805,25,23.0893,0,3.65205,5.34897,3.98374,292022,0.332017,1.41808,181156,0.187589,1.05018,0.0160273,11.2499,7.7147,0.0816128,25957.8,1.96093e+09,2.5666e+09,1.44814e+09,6.05667e+08,0.00252456,323,74326.4,658983,7.01247e-06,5.35767e-06,9.49563e-06,2.27039e-05
4867,25,23.0192,0,3.60192,5.33385,3.96994,445095,0.335468,1.42526,181430,0.163737,1.02194,0.01316,16.153,7.22998,0.0763672,27554.9,2.95454e+09,4.22541e+09,2.69801e+09,1.27087e+09,0.00196607,356,158797,886896,4.65419e-06,3.25436e-06,5.09672e-06,1.08202e-05
1014,30,29.9891,0.738994,4.62196,5.05583,3.57705,421.866,0.528903,1.88247,177866,0.985844,0.546545,4.77697,0.00307885,1.03073,0.0128622,137020,1483.54,1614.54,740.335,131,0.39259,153,102.78,720.839,9.26902,8.51695,18.574,104.969
1751,30,29.9199,0.688987,4.61185,5.08324,3.60545,460.111,0.511107,1.83017,177705,0.984215,0.56728,4.38458,0.00408974,1.30277,0.0159652,112504,2046.71,2211.38,985.437,164.669,0.410944,173,107.701,794.603,6.71858,6.21828,13.9542,83.5069
2414,30,29.8479,0.638961,4.60811,5.11045,3.63371,472.154,0.492893,1.77901,177485,0.982974,0.588494,4.27059,0.00483667,1.55734,0.018768,97619.7,2529.64,2713.23,1167.45,183.581,0.430485,173,105.914,831.033,5.43594,5.06813,11.7786,74.9042
3032,30,29.7733,0.58898,4.60405,5.13668,3.66103,483.324,0.47504,1.73035,177073,0.981644,0.609555,4.16824,0.0057246,1.86404,0.0220432,84429.2,3117.72,3324.36,1380.97,206.64,0.451464,186,104.855,856.419,4.41059,4.13643,9.95749,66.5457
3602,30,29.6962,0.538927,4.59908,5.162,3.68747,501.611,0.457389,1.684,176601,0.980088,0.630475,4.04269,0.00691967,2.24402,0.0260865,72490.6,3900.45,4137.04,1674.19,236.59,0.473112,194,104.759,902.85,3.52548,3.32387,8.21352,58.1215
4108,30,29.6172,0.488911,4.59302,5.18644,3.71308,522.397,0.440002,1.63975,176043,0.97833,0.651182,3.89198,0.00846795,2.72135,0.0310592,61691.2,4943.62,5222.06,2051.8,278.437,0.495422,193,106.458,950.965,2.78156,2.63325,6.70191,49.3863
4544,30,29.5371,0.438928,4.58569,5.21015,3.73796,553.247,0.422231,1.5973,175740,0.976228,0.671739,3.68212,0.0106518,3.33486,0.0373199,51939.4,6426.95,6759.81,2594.79,332.854,0.517353,195,108.76,1013.35,2.13958,2.03423,5.29947,41.3124
4919,30,29.4564,0.388993,4.57696,5.23306,3.76206,589.06,0.405195,1.55672,175134,0.973807,0.692027,3.46786,0.0136246,4.12438,0.0451988,43235.1,8775.4,9187.88,3330.57,412.483,0.540495,196,113.614,1097.9,1.56699,1.49664,4.12872,33.3371
5234,30,29.3759,0.338924,4.56656,5.25537,3.78556,644.648,0.387219,1.51764,175062,0.970782,0.712167,3.17666,0.0180758,5.15112,0.0552993,35663.5,11842.4,12369.6,4493.53,527.242,0.558996,208,120.569,1199.58,1.16117,1.11167,3.06017,26.081
5486,30,29.2971,0.288851,4.55422,5.27707,3.80843,708.17,0.37053,1.4801,174413,0.967249,0.732099,2.90421,0.0243523,6.48931,0.0681016,29080.2,16917.4,17612.5,6154.6,695.175,0.576922,206,129.783,1338.39,0.812833,0.78075,2.23426,19.7806
5678,30,29.2215,0.238841,4.53968,5.29811,3.83059,801.24,0.352893,1.4442,174391,0.962804,0.751741,2.56521,0.0337851,8.18012,0.0841434,23715.8,25348.8,26295.1,8904.51,946.254,0.58108,203,141.627,1517.94,0.54247,0.522949,1.54427,14.532
5822,30,29.1507,0.188835,4.52253,5.31867,3.8522,916.928,0.33704,1.40998,173673,0.957425,0.771365,2.25668,0.0473796,10.2699,0.103277,19352.8,38798.8,40151,13254.6,1352.19,0.574842,220,158.483,1764.17,0.354418,0.342482,1.03745,10.1694
5924,30,29.0868,0.13883,4.50226,5.33869,3.87317,1094.81,0.320549,1.37794,173627,0.950376,0.791136,1.90237,0.0679962,12.651,0.124653,16101,64511.2,66562.5,21336.3,2051.37,0.540466,218,183.097,2119.42,0.213157,0.206588,0.644488,6.70332
5994,30,29.0317,0.0889838,4.47881,5.3583,3.89361,1350.6,0.304826,1.34879,173812,0.941328,0.811714,1.55501,0.0975184,15.0479,0.145641,13849.7,112874,116172,36530.2,3298.19,0.478509,223,217.999,2645.25,0.121826,0.118367,0.376427,4.16926
6041,30,28.9863,0.0389224,4.45419,5.37829,3.91428,1674.44,0.290355,1.32207,173917,0.930387,0.834413,1.26536,0.134871,17.136,0.163108,12415.1,208840,214157,63298.8,5317.52,0.403588,226,257.482,3418.36,0.0658447,0.0642098,0.217239,2.58598
6121,30,28.9563,0.000989486,4.46989,5.40358,3.94002,1440.33,0.268541,1.28085,173613,0.930245,0.857757,1.47429,0.122784,18.6935,0.167761,11730.6,189748,194030,56180.7,4281.62,0.444387,236,210.864,2921.99,0.0724697,0.0708705,0.244764,3.21163
6483,30,28.9527,8.42715e-27,4.41972,5.46907,4.00556,2239.11,0.225407,1.20397,174121,0.892849,0.937629,0.994944,0.226748,23.516,0.203294,9874.88,801854,814331,205513,12476.9,0.275107,244,282.932,5000.25,0.017149,0.0168862,0.0669105,1.10212
6512,30,28.9507,2.97463e-27,4.36967,5.47124,4.00776,3592.04,0.233019,1.22137,175665,0.865273,0.95599,0.642147,0.348178,22.2877,0.197765,10316.7,1.91239e+06,1.94229e+06,487494,29902.6,0.17852,241,434.979,8457.05,0.00719047,0.00707977,0.0282075,0.45986
6549,30,28.9471,0,4.31827,5.47877,4.01534,5716.97,0.238706,1.23421,176943,0.828928,0.983048,0.421825,0.52635,21.0127,0.192102,10861.5,4.61894e+06,4.69191e+06,1.16127e+06,72971.3,0.114158,241,659.076,14266.6,0.00297709,0.00293079,0.0118413,0.188444
6569,30,28.9432,0,4.26562,5.49218,4.02881,8784.51,0.241706,1.2402,177223,0.78232,1.01895,0.289523,0.763347,19.7544,0.18346,11507.9,1.09334e+07,1.11173e+07,2.69023e+06,183892,0.0727089,245,997.552,23434.5,0.00125771,0.0012369,0.00511146,0.0747777
6589,30,28.9355,0,4.21485,5.50542,4.04216,13230.4,0.243035,1.24417,178312,0.727829,1.05413,0.203877,1.07995,18.5237,0.173192,12250.9,2.32951e+07,2.37242e+07,5.92532e+06,429055,0.0478272,261,1441.72,36166.4,0.000590294,0.000579619,0.00232072,0.0320495
6627,30,28.6948,0,4.16393,5.51482,4.0552,18756,0.24404,1.24613,178387,0.666937,1.08795,0.151616,1.45201,17.5449,0.166098,12917.2,4.57646e+07,4.6738e+07,1.1885e+07,973404,0.0328741,332,2061.44,53214.1,0.000300472,0.000294214,0.00115701,0.0141267
6659,30,28.4372,0,4.11314,5.5199,4.06419,26093.3,0.2462,1.25053,178718,0.602631,1.11464,0.115348,1.8892,16.3616,0.155468,13811.8,8.10714e+07,8.31888e+07,2.24521e+07,2.1174e+06,0.0231954,337,2948.52,74512.6,0.000169616,0.000165299,0.000612458,0.00649428
6683,30,28.2885,0,4.06299,5.52287,4.06944,35309.5,0.249364,1.25703,179331,0.539028,1.13405,0.0894574,2.3901,15.2326,0.14544,14773.2,1.34032e+08,1.38373e+08,3.96176e+07,4.34106e+06,0.0169591,341,4162.73,100578,0.000102595,9.93763e-05,0.000347093,0.00316766
6705,30,28.144,0,4.01144,5.52411,4.07291,46405.9,0.252808,1.2637,179594,0.474573,1.14921,0.0713138,2.9637,14.3059,0.137741,15658.1,2.07311e+08,2.15805e+08,6.64403e+07,8.49413e+06,0.0128328,354,5747.58,131037,6.63304e-05,6.37196e-05,0.000206968,0.00161888
6735,30,27.8751,0,3.96047,5.52329,4.07626,58511.3,0.25511,1.26805,179619,0.41129,1.16209,0.0593383,3.53745,13.5009,0.130049,16540.5,2.99263e+08,3.14791e+08,1.04255e+08,1.55273e+07,0.0100922,370,7651.2,162587,4.59494e-05,4.3683e-05,0.000131898,0.000885602
6764,30,27.6354,0,3.91036,5.52228,4.07899,71296.3,0.256914,1.27133,179493,0.353477,1.17246,0.0507939,4.10887,12.8385,0.12371,17351.8,4.11459e+08,4.38617e+08,1.54985e+08,2.7159e+07,0.00819728,375,10017.2,196013,3.34201e-05,3.13508e-05,8.87247e-05,0.000506315
6796,30,27.3954,0,3.85939,5.521,4.0815,87027.7,0.258256,1.2741,179797,0.301477,1.18181,0.0433356,4.78141,12.2172,0.117628,18201.3,5.58902e+08,6.07191e+08,2.32397e+08,4.82889e+07,0.0066858,377,13155.6,234155,2.46036e-05,2.26469e-05,5.91701e-05,0.000284765
6835,30,27.1532,0,3.80824,5.51941,4.08376,107246,0.259383,1.27643,180076,0.255459,1.19014,0.0374186,5.60942,11.6131,0.111943,19119,7.44489e+08,8.33861e+08,3.55656e+08,8.93724e+07,0.00550538,368,17638.1,277028,1.84704e-05,1.64907e-05,3.86638e-05,0.000153862
6883,30,26.9324,0,3.75773,5.5176,4.0855,128734,0.260122,1.27796,180296,0.21528,1.19633,0.0329064,6.42319,11.0672,0.10662,20042.1,9.62603e+08,1.12499e+09,5.29651e+08,1.62392e+08,0.0046186,320,23372.3,321924,1.42852e-05,1.22232e-05,2.59624e-05,8.46776e-05
6943,30,26.7164,0,3.70726,5.51529,4.08669,153529,0.260556,1.27874,180229,0.180459,1.20033,0.02947,7.39683,10.6803,0.101917,20756,1.2198e+09,1.52075e+09,7.96618e+08,3.00946e+08,0.00396706,300,31565.4,368704,1.12731e-05,9.04226e-06,1.72617e-05,4.56925e-05
7022,30,26.4728,0,3.65683,5.51152,4.0869,191175,0.260196,1.27805,180219,0.150925,1.2002,0.0264831,8.91083,10.3377,0.0979766,21454.3,1.55362e+09,2.14894e+09,1.27491e+09,5.9532e+08,0.00341357,347,49569.6,430529,8.85094e-06,6.39897e-06,1.07858e-05,2.30985e-05
7161,30,26.0682,0,3.60668,5.50379,4.08586,271161,0.255816,1.26985,180331,0.125659,1.18948,0.0240018,12.3086,10.127,0.0942995,22030.3,2.06641e+09,3.3002e+09,2.24601e+09,1.23379e+09,0.0029126,388,103880,532399,6.65454e-06,4.16671e-06,6.1224e-06,1.11453e-05
1072,40,39.976,0.738973,4.65767,5.33814,3.73452,290.374,0.424359,1.60309,175966,0.986105,0.668853,6.96198,0.00297598,1.76866,0.019875,97572.8,1753.06,1843.36,704.322,90.2951,0.527909,189,57.1642,529.86,7.84398,7.45975,19.5237,152.289
2546,40,39.8205,0.688973,4.64697,5.36233,3.7604,316.607,0.405771,1.55944,175483,0.984388,0.690587,6.40979,0.00404218,2.27441,0.0249476,78326,2448.06,2563.61,953.857,115.548,0.557682,199,60.2039,579.495,5.61709,5.36391,14.4162,119.006
3882,40,39.6588,0.638996,4.6426,5.3862,3.78604,324.877,0.386782,1.5167,175058,0.983047,0.712507,6.24128,0.00490507,2.77563,0.0297659,66232.9,3134.89,3266.57,1150.7,131.676,0.590434,194,59.6913,611.422,4.38643,4.20962,11.9501,104.431
5132,40,39.4913,0.588969,4.63776,5.40918,3.81086,331.182,0.369065,1.47581,174108,0.981615,0.734067,6.13499,0.00596534,3.40701,0.0356304,55517.8,3904.52,4057.38,1378.1,152.852,0.629899,206,59.9594,634.478,3.52181,3.38913,9.97824,89.9626
6283,40,39.3185,0.538957,4.63189,5.43127,3.83486,348.645,0.349602,1.43667,174150,0.979791,0.755201,5.82709,0.0075423,4.21813,0.0429629,46225.3,4992.84,5172.7,1744.01,179.856,0.664495,209,60.5377,655.234,2.75414,2.65838,7.88471,76.4555
7291,40,39.1412,0.488966,4.62475,5.45262,3.85817,364.778,0.332511,1.39909,173164,0.97777,0.775997,5.62084,0.00961883,5.27665,0.0524294,37923.3,6564.99,6781.5,2200.05,216.514,0.708547,209,61.8119,698.855,2.09459,2.02772,6.2503,63.5108
8164,40,38.9605,0.438956,4.61612,5.47337,3.88093,388.214,0.314732,1.36264,172575,0.975308,0.796457,5.29829,0.0126128,6.67452,0.0645373,30779.5,9032.63,9303.15,2874.12,270.526,0.74981,220,64.494,754.835,1.52237,1.4781,4.78441,50.8305
8910,40,38.7777,0.388945,4.60579,5.49348,3.90308,419.944,0.297083,1.32748,172047,0.972312,0.816501,4.91454,0.0169559,8.50853,0.079944,24766.8,12628.1,12973.5,3885.89,345.429,0.786799,226,67.779,819.123,1.08892,1.05993,3.5387,39.8084
9523,40,38.5947,0.338923,4.59346,5.51305,3.9247,458.155,0.280178,1.29344,171305,0.968727,0.836177,4.50599,0.0231062,10.8833,0.0992281,19828.3,18536.7,18994.6,5372.29,457.942,0.815529,221,72.5665,901.59,0.741826,0.723941,2.55962,30.0278
10019,40,38.4148,0.288983,4.5787,5.53217,3.94585,518.901,0.262958,1.26066,170873,0.964021,0.855656,4.01712,0.0324978,13.8383,0.122702,15967.2,28576.1,29210.7,7992.68,634.601,0.819125,234,79.3878,1027.3,0.481206,0.470752,1.72045,21.6687
10377,40,38.2411,0.238912,4.56101,5.55087,3.96652,601.575,0.246171,1.22944,170532,0.958042,0.87513,3.48723,0.0458924,17.2403,0.148937,13108.4,45896.3,46812.9,12499.8,916.618,0.78528,236,88.2411,1196.16,0.29961,0.293743,1.10009,15.0019
10637,40,38.0787,0.188929,4.53982,5.56918,3.98668,718.271,0.230412,1.20063,170268,0.950302,0.895235,2.93608,0.06459,20.747,0.174949,11120.5,80519.5,81950.1,20748.6,1430.54,0.707085,238,102.48,1449.13,0.170778,0.167797,0.662744,9.61244
10815,40,37.9331,0.138726,4.51411,5.58734,4.00651,918.37,0.214203,1.17543,171218,0.939311,0.917384,2.31308,0.0931831,23.9029,0.197878,9855.54,155255,157652,39206.7,2396.77,0.581221,249,122.772,1906.38,0.0885701,0.0872235,0.350731,5.73729
10925,40,37.8117,0.0889174,4.48391,5.60527,4.02583,1223.67,0.201692,1.15566,172021,0.924654,0.94298,1.7696,0.134093,26.2262,0.214881,9125.49,323539,327905,79348.4,4366.05,0.446645,251,153.651,2613.45,0.0425018,0.0419358,0.173299,3.14953
10992,40,37.7172,0.0386883,4.44952,5.62354,4.04519,1688.51,0.192487,1.14116,172772,0.905233,0.973599,1.31905,0.192075,27.5384,0.22427,8790.86,713665,722227,168832,8561.35,0.323983,266,199.09,3800.74,0.0192681,0.0190397,0.0814476,1.60617
11092,40,37.6608,0.00099203,4.45621,5.64583,4.06812,1574.61,0.174885,1.10872,172511,0.899921,0.997214,1.42908,0.19014,29.8701,0.228247,8281.3,793231,801864,181284,8632.8,0.326392,273,184.415,3575.21,0.0173354,0.0171488,0.0758531,1.59288
11459,40,37.656,0,4.40597,5.70899,4.13134,2406.88,0.142918,1.0513,173265,0.84219,1.09373,1.0073,0.317224,33.8652,0.248858,7587.34,3.25118e+06,3.28195e+06,671511,30772.9,0.18711,262,276.821,6116.09,0.00422954,0.00418988,0.0204777,0.446854
11500,40,37.6336,0,4.35576,5.71297,4.13557,3783.22,0.151138,1.06853,174460,0.804154,1.12252,0.674567,0.462664,31.1216,0.23514,8177.04,6.94147e+06,7.01565e+06,1.47444e+06,74187.6,0.123534,286,423.951,10067.4,0.00198099,0.00196004,0.00932627,0.185354
11525,40,37.626,0,4.30481,5.71644,4.13914,5800.19,0.159912,1.08639,175530,0.760745,1.1507,0.458645,0.648022,28.138,0.217973,8950.61,1.3938e+07,1.4114e+07,3.07009e+06,175928,0.0814132,285,644.712,16037.8,0.00098658,0.000974283,0.00447902,0.0781628
11559,40,37.6203,0,4.25453,5.72068,4.14343,8589.41,0.167917,1.10181,175877,0.711681,1.17864,0.326891,0.882868,25.6401,0.204035,9728.99,2.67424e+07,2.71474e+07,6.08806e+06,405005,0.0553553,281,964.276,24619.6,0.000514201,0.00050653,0.00225868,0.0339526
11577,40,37.615,0,4.20315,5.72685,4.14966,12457.3,0.173542,1.11304,176508,0.653804,1.20786,0.23746,1.18406,23.55,0.191417,10520.8,4.9548e+07,5.04731e+07,1.1894e+07,925111,0.0381002,282,1423.5,36425.4,0.000277529,0.000272442,0.00115613,0.0148642
11593,40,37.6093,0,4.15293,5.73321,4.15609,17276.3,0.177572,1.12102,176950,0.59235,1.23467,0.180123,1.52778,21.8037,0.17898,11308.1,8.47262e+07,8.67041e+07,2.17723e+07,1.97792e+06,0.0272123,293,2021.25,51050.2,0.000162299,0.000158597,0.000631583,0.00695224
11610,40,37.6013,0,4.10036,5.73747,4.16044,23769.1,0.181873,1.12973,177717,0.526818,1.2568,0.13761,1.95313,20.1539,0.166982,12169.7,1.39625e+08,1.43819e+08,3.88573e+07,4.19358e+06,0.0197814,310,2900.58,69827.6,9.84849e-05,9.56132e-05,0.000353884,0.00327906
11627,40,37.5886,0,4.04866,5.74179,4.16491,31010.1,0.184904,1.13546,177768,0.461883,1.27622,0.11106,2.39148,18.8449,0.156718,12966.9,2.12569e+08,2.20816e+08,6.43597e+07,8.24661e+06,0.0150344,325,3982.7,90529.4,6.46895e-05,6.22736e-05,0.000213658,0.00166747
11661,40,37.241,0,3.99772,5.74353,4.17069,38601.9,0.185385,1.1366,178115,0.395754,1.2946,0.0937933,2.87416,18.1834,0.152056,13430.7,2.9746e+08,3.12632e+08,9.97286e+07,1.51722e+07,0.0122014,370,5264.22,110092,4.6228e-05,4.39845e-05,0.000137884,0.00090633
11715,40,36.5706,0,3.94745,5.74314,4.17818,45279.4,0.183418,1.13297,178225,0.33131,1.31293,0.0840022,3.27252,17.693,0.146588,13836.3,3.84381e+08,4.10154e+08,1.42693e+08,2.57734e+07,0.01036,371,6606.1,125782,3.57744e-05,3.35264e-05,9.63679e-05,0.000533533
11794,40,35.6454,0,3.89735,5.74207,4.18824,50069,0.178675,1.12394,178037,0.270635,1.33296,0.0797333,3.58257,17.6182,0.143399,13975.7,4.61628e+08,5.03094e+08,1.90729e+08,4.14657e+07,0.00928344,394,7956.53,136095,2.9788e-05,2.73328e-05,7.20971e-05,0.000331623
11853,40,34.9714,3.35449e-31,3.94753,5.74145,4.19592,40630.1,0.171638,1.10632,177707,0.313857,1.33546,0.0957706,3.04293,18.5988,0.147516,13352.3,3.46625e+08,3.72059e+08,1.33639e+08,2.54344e+07,0.0111422,394,6138.74,110824,3.96711e-05,3.69591e-05,0.000102897,0.000540644
12197,40,31.5729,0,3.89718,5.73611,4.23497,46463,0.159197,1.06089,177178,0.256192,1.40108,0.0958412,3.44965,18.7147,0.152662,13468.9,4.5587e+08,5.02091e+08,1.97621e+08,4.62214e+07,0.00984329,391,7725.42,123996,3.01643e-05,2.73874e-05,6.95827e-05,0.000297503
12372,40,30.1838,0,3.94841,5.7325,4.25091,37442,0.149518,1.03338,176498,0.297444,1.41576,0.118271,2.95299,20.1089,0.161494,12679.3,3.54564e+08,3.83514e+08,1.41042e+08,2.89502e+07,0.0118956,394,5971.8,101356,3.87828e-05,3.58552e-05,9.74955e-05,0.000474987
12441,40,29.648,0,3.89802,5.73086,4.25704,43504.2,0.149339,1.03163,176506,0.247693,1.43345,0.107647,3.32691,19.5024,0.158092,13076.5,4.37884e+08,4.85562e+08,1.94622e+08,4.76784e+07,0.010382,386,7488.15,115143,3.14033e-05,2.83197e-05,7.06549e-05,0.000288411
12528,40,29.0542,0,3.84796,5.72862,4.26359,48453,0.147106,1.02694,176490,0.202012,1.44856,0.102095,3.66045,19.3165,0.154514,13236.9,5.08806e+08,5.86805e+08,2.6058e+08,7.79986e+07,0.00945603,392,9170.8,124050,2.7026e-05,2.34337e-05,5.27707e-05,0.000176298
12621,40,28.4442,0,3.89821,5.72656,4.27075,39884.5,0.141287,1.01143,176212,0.236925,1.45045,0.119898,3.1581,20.384,0.159561,12629.3,4.03034e+08,4.49933e+08,1.84094e+08,4.68993e+07,0.0111216,393,7067.14,104307,3.41187e-05,3.05623e-05,7.46956e-05,0.000293203
12761,40,27.5394,0,3.84798,5.72263,4.28085,45190.3,0.138544,1.00342,176328,0.193225,1.47277,0.113986,3.53503,20.2023,0.159662,12783.6,4.77559e+08,5.56151e+08,2.52883e+08,7.85916e+07,0.010132,386,8770.03,113561,2.87943e-05,2.47253e-05,5.43768e-05,0.000174968
12909,40,26.5855,0,3.89909,5.71835,4.29189,33680,0.12756,0.978886,175236,0.217394,1.47377,0.148279,2.89784,22.5039,0.168739,11622.5,3.43966e+08,3.89374e+08,1.65909e+08,4.54082e+07,0.0129036,393,6339.95,85844.4,3.99778e-05,3.53156e-05,8.28825e-05,0.00030283
12924,40,26.5206,0,3.95193,5.71836,4.29295,28221.6,0.123741,0.970465,175140,0.259217,1.46472,0.170103,2.5184,23.4421,0.171341,11206.1,2.75976e+08,3.03753e+08,1.20286e+08,2.77765e+07,0.014897,361,4960.09,72625.5,4.98267e-05,4.52703e-05,0.000114319,0.000495058
12939,40,26.5051,0,4.00306,5.71834,4.29319,24601.5,0.123065,0.964067,174894,0.314663,1.45586,0.18821,2.2446,23.9864,0.179478,10960.3,2.26935e+08,2.43851e+08,8.86402e+07,1.69165e+07,0.0168791,352,3990.02,64524.9,6.05945e-05,5.63909e-05,0.000155133,0.000812873
13080,40,25.6488,0,3.95185,5.71508,4.30419,34024.8,0.129453,0.964984,175569,0.282253,1.49459,0.148766,2.81486,21.591,0.175682,12087.6,3.42159e+08,3.73955e+08,1.43753e+08,3.17959e+07,0.0129423,384,5719.55,89675.8,4.01889e-05,3.67718e-05,9.56571e-05,0.000432476
13118,40,25.4562,0,3.9011,5.71357,4.30596,39600.3,0.131406,0.969271,175441,0.236391,1.50732,0.133338,3.15799,20.7659,0.169252,12539.7,4.18556e+08,4.70916e+08,1.96232e+08,5.23604e+07,0.0112469,388,7235.61,102731,3.28534e-05,2.92005e-05,7.0075e-05,0.000262622
13163,40,25.261,0,3.85029,5.7118,4.30753,46340.5,0.132918,0.972926,175882,0.196121,1.51845,0.119968,3.57255,20.04,0.163454,12971.3,5.06899e+08,5.93285e+08,2.71317e+08,8.63859e+07,0.00992392,393,9085.3,116598,2.71277e-05,2.31777e-05,5.06824e-05,0.000159181
13232,40,25.0514,0,3.80014,5.70957,4.30892,53430.1,0.134325,0.975828,175831,0.163212,1.52783,0.109315,3.98363,19.3494,0.158391,13412.4,6.03046e+08,7.49212e+08,3.78113e+08,1.46166e+08,0.00877923,386,11538.4,131250,2.28025e-05,1.83539e-05,3.63674e-05,9.40779e-05
13383,40,24.7584,0,3.75,5.70605,4.31051,62555.9,0.135864,0.977,175892,0.135519,1.53519,0.10004,4.4924,18.6043,0.153385,13924.8,7.17539e+08,9.73519e+08,5.47405e+08,2.5598e+08,0.00779995,368,15072.6,148367,1.91641e-05,1.4125e-05,2.51203e-05,5.3719e-05
13599,40,24.4454,0,3.69984,5.7005,4.31048,76829.6,0.138108,0.979314,176343,0.113584,1.53857,0.0891229,5.29474,17.8069,0.147239,14510.6,8.84716e+08,1.36355e+09,8.60235e+08,4.7883e+08,0.00681752,380,21392.3,173647,1.55428e-05,1.00847e-05,1.59852e-05,2.87179e-05
13879,40,24.1157,0,3.64969,5.68875,4.30463,107997,0.142277,0.985688,176818,0.0975523,1.52723,0.0757723,6.99871,16.6638,0.139498,15431,1.17951e+09,2.13638e+09,1.51598e+09,9.56864e+08,0.00565922,398,38327.4,222735,1.16582e-05,6.43659e-06,9.07069e-06,1.43709e-05
1140,50,49.9566,0.738998,4.68125,5.54107,3.84066,222.584,0.345654,1.4273,173770,0.986094,0.76036,9.15412,0.00328213,2.89262,0.0293283,67816.8,2142.94,2216.84,737.864,73.9029,0.693068,206,37.9711,421.311,6.41687,6.20295,18.6362,186.068
3432,50,49.691,0.688998,4.66998,5.56236,3.86427,241.861,0.327855,1.38924,172957,0.984304,0.781435,8.45847,0.00456197,3.80076,0.0374909,53016.8,3086.08,3182.75,1007.41,96.6689,0.743576,211,40.4384,468.795,4.45581,4.32048,13.6499,142.248
5555,50,49.4146,0.638994,4.66503,5.58341,3.88773,248.445,0.309503,1.3517,172311,0.982855,0.802529,8.24243,0.00570729,4.75535,0.0455172,43531.1,3922.8,4035.04,1235.36,112.24,0.800265,216,40.4047,482.019,3.5054,3.40789,11.1312,122.514
7480,50,49.129,0.588984,4.65949,5.60363,3.91047,257.127,0.291285,1.31556,171749,0.98119,0.823065,7.97586,0.00724246,5.98454,0.0555335,35502.7,5185.88,5318.73,1539.66,132.853,0.860486,220,40.8822,504.875,2.65162,2.58539,8.93116,103.505
9200,50,48.8344,0.538983,4.65279,5.6231,3.93255,270.364,0.273276,1.28069,171239,0.979177,0.843029,7.63082,0.00942805,7.59736,0.0683186,28676.6,6796.04,6954.31,1983.17,158.273,0.922256,224,41.2566,529.612,2.02338,1.97733,6.93384,86.8812
10741,50,48.5315,0.488999,4.64466,5.64192,3.95408,279.865,0.257843,1.24682,169757,0.977013,0.862445,7.39531,0.0122446,9.73443,0.0846752,22856.3,9356.99,9552.35,2499.99,195.362,0.997479,229,42.4871,562.162,1.46959,1.43954,5.50041,70.3871
12095,50,48.2217,0.438964,4.6348,5.6603,3.97523,305.595,0.239167,1.21378,169711,0.973958,0.881496,6.80358,0.016803,12.5415,0.10529,18187,13414.4,13664.4,3495.98,250.044,1.04352,234,44.5535,605.964,1.0251,1.00634,3.93337,54.9943
13225,50,47.9077,0.38898,4.62293,5.67811,3.99588,329.855,0.223294,1.18179,168667,0.970512,0.900062,6.31555,0.0227757,16.0778,0.130634,14482.8,19673.7,20006.2,4818.67,332.457,1.08192,232,47.5967,663.059,0.698953,0.687338,2.85369,41.3616
14137,50,47.592,0.338972,4.60863,5.69551,4.01616,365.39,0.207801,1.15094,167668,0.966086,0.918453,5.73812,0.0312337,20.3012,0.159416,11698.6,30552.1,31007.5,7018.84,455.44,1.07974,242,51.2429,750.91,0.450083,0.443472,1.95915,30.1928
14874,50,47.2806,0.288983,4.59128,5.71261,4.03611,419.708,0.192245,1.12166,167008,0.960186,0.937167,5.03989,0.0431144,24.8757,0.18941,9734.76,51342.5,52011.7,11035,669.22,1.01269,245,57.3548,875.785,0.267829,0.264382,1.24612,20.5478
15414,50,46.9804,0.238949,4.57024,5.72941,4.05568,505.609,0.176679,1.09503,167002,0.952073,0.957077,4.22381,0.0599346,29.2586,0.21715,8436.01,94049.8,95110,19120.8,1060.23,0.8769,251,66.7966,1073.62,0.14621,0.14458,0.719162,12.9698
15798,50,46.7016,0.188882,4.54458,5.74606,4.0749,651.558,0.161322,1.07254,168211,0.940389,0.979862,3.30892,0.0852156,32.8838,0.23969,7646,185946,187832,37792.7,1886.01,0.691673,262,83.4122,1410.15,0.0739517,0.0732091,0.363853,7.29104
16037,50,46.4586,0.138916,4.51312,5.76265,4.09376,890.309,0.149928,1.05607,169507,0.923953,1.00763,2.47827,0.123246,35.2783,0.255532,7223.84,407779,411520,82251.7,3740.91,0.508024,271,110.214,2001.79,0.0337216,0.0334151,0.167182,3.67584
16176,50,46.2642,0.0889209,4.47461,5.77924,4.11217,1304.4,0.142406,1.04669,171306,0.900632,1.04193,1.74454,0.183255,36.1198,0.261263,7117.98,970697,979114,196953,8417.34,0.345891,276,155.4,3080.6,0.0141661,0.0140443,0.0698188,1.63365
16252,50,46.1265,0.038264,4.42849,5.79644,4.13067,2012.86,0.139434,1.04361,172582,0.868306,1.08407,1.18702,0.276512,35.4409,0.257341,7279.48,2.47496e+06,2.49618e+06,497024,21219.8,0.222379,283,229.934,5068.99,0.00555605,0.00550882,0.0276666,0.648026
16357,50,46.0572,0.000987965,4.42413,5.81689,4.15177,2060.72,0.127319,1.02048,172465,0.853553,1.11282,1.18367,0.29429,37.3622,0.255206,7002.34,3.23824e+06,3.26511e+06,636396,26869.4,0.202856,291,239.076,5229.89,0.00424644,0.0042115,0.0216076,0.511772
19400,50,42.6705,0,4.37291,5.96331,4.33136,2148.08,0.0523429,0.821042,167038,0.645853,1.35348,1.55676,0.472628,62.5089,0.309281,4544.96,2.26107e+07,2.28415e+07,4.55384e+06,230843,0.113475,333,308.411,5845.1,0.000608163,0.000602017,0.00301965,0.0595687
19426,50,42.6622,0,4.32115,5.96762,4.33576,3072.78,0.0565556,0.832736,167880,0.586031,1.38683,1.14759,0.611575,56.2931,0.287632,5024.37,3.58691e+07,3.63966e+07,8.01872e+06,527542,0.0819991,346,454.069,8433.38,0.000383366,0.000377809,0.00171486,0.0260661
19448,50,42.6564,0,4.26877,5.97136,4.33955,4316.69,0.0603455,0.843465,169236,0.522155,1.41709,0.860812,0.78348,51.1288,0.268509,5509.64,5.43501e+07,5.54958e+07,1.37672e+07,1.14572e+06,0.0607866,338,652.902,11684.6,0.000253008,0.000247784,0.000998825,0.0120021
19467,50,42.6524,1.6168e-27,4.21822,5.97427,4.34251,5841.97,0.0636203,0.85281,170680,0.459417,1.44261,0.671944,0.979346,47.0598,0.252274,5965.17,7.88544e+07,8.11341e+07,2.23316e+07,2.27975e+06,0.0471118,349,900.395,15522.2,0.000174385,0.000169485,0.000615763,0.0060318
19485,50,42.6495,0,4.16768,5.97674,4.345,7477.86,0.0669998,0.860896,170702,0.401957,1.4647,0.551053,1.16799,43.688,0.238567,6402.36,1.06872e+08,1.11211e+08,3.36323e+07,4.33942e+06,0.0375901,360,1224.05,19756,0.000128668,0.000123647,0.000408863,0.00316886
19503,50,42.6473,4.38453e-28,4.11565,5.97883,4.34712,9527.65,0.069791,0.867967,171637,0.344087,1.48394,0.454675,1.39537,40.8419,0.226435,6828.03,1.42987e+08,1.50925e+08,5.02778e+07,7.93749e+06,0.0306564,364,1630.84,24576.9,9.61695e-05,9.11117e-05,0.0002735,0.00173241
19521,50,42.6457,0,4.06318,5.9805,4.34881,11690.9,0.0724018,0.873966,171981,0.29164,1.50001,0.38719,1.61825,38.4927,0.216164,7224.41,1.83334e+08,1.97099e+08,7.16259e+07,1.37648e+07,0.0256267,376,2114.3,29753.9,7.50051e-05,6.9767e-05,0.000191983,0.000999
19539,50,42.6436,0,4.01289,5.98147,4.3498,13945.6,0.0748112,0.87925,172264,0.246768,1.5123,0.338143,1.8391,36.578,0.207753,7582.82,2.26121e+08,2.48493e+08,9.74547e+07,2.2372e+07,0.0220776,362,2678.38,34989.3,6.08125e-05,5.53375e-05,0.000141101,0.000614653
19559,50,42.6372,0,3.96198,5.98201,4.3504,16371.8,0.0772168,0.884051,172431,0.207152,1.52242,0.299375,2.06166,34.8371,0.200406,7941.05,2.73318e+08,3.07934e+08,1.29449e+08,3.46164e+07,0.0192872,376,3296.92,40589.5,5.03114e-05,4.46556e-05,0.000106227,0.00039724
19580,50,42.6309,0,3.91104,5.98236,4.35081,18847.3,0.0791139,0.888114,172802,0.171948,1.53068,0.269445,2.28449,33.4631,0.194305,8250.13,3.20024e+08,3.72117e+08,1.68064e+08,5.2093e+07,0.0172154,381,4012.08,45812.7,4.29686e-05,3.69534e-05,8.18202e-05,0.00026397
19607,50,42.6231,0,3.86034,5.98232,4.35086,21711,0.0811036,0.892462,172987,0.14282,1.53798,0.243775,2.53422,32.1552,0.188236,8567.13,3.74605e+08,4.5492e+08,2.21767e+08,8.0315e+07,0.0154104,384,4916.56,51885.1,3.6708e-05,3.02273e-05,6.20064e-05,0.000171213
19652,50,42.612,9.80377e-27,3.80967,5.9816,4.35025,25579.5,0.0833931,0.897815,173546,0.119134,1.54451,0.216565,2.86171,30.7424,0.181657,8938.52,4.45851e+08,5.80625e+08,3.10963e+08,1.34775e+08,0.0136362,367,6260.04,59476,3.08421e-05,2.36831e-05,4.42207e-05,0.00010203
19733,50,42.5955,0,3.75957,5.97986,4.34868,30566,0.0861872,0.904099,174001,0.0999187,1.54881,0.191828,3.26512,29.2644,0.175076,9361.36,5.30016e+08,7.65978e+08,4.56848e+08,2.35962e+08,0.0120401,387,8126.56,68769.7,2.59445e-05,1.79522e-05,3.00997e-05,5.82762e-05
19900,50,42.5661,0,3.70939,5.97608,4.34519,38091,0.0902522,0.912832,173945,0.0852784,1.54955,0.166112,3.83863,27.485,0.167552,9923.06,6.55596e+08,1.10667e+09,7.35086e+08,4.51071e+08,0.0103196,390,11589.2,83126.8,2.09748e-05,1.24256e-05,1.87066e-05,3.04852e-05
20301,50,42.5015,6.43805e-28,3.65939,5.9697,4.33947,55832.1,0.0947646,0.922959,174526,0.0739743,1.54221,0.136935,5.23597,25.4504,0.157761,10663.2,8.79647e+08,1.85524e+09,1.38995e+09,9.75593e+08,0.00842619,388,22297.1,110044,1.56324e-05,7.41197e-06,9.89316e-06,1.4095e-05
21388,50,42.2997,2.4178e-26,3.60939,5.97389,4.34573,104287,0.0977628,0.921993,174433,0.0653384,1.55523,0.11215,9.16173,23.7623,0.149458,11382.9,1.40266e+09,3.52475e+09,2.87223e+09,2.12209e+09,0.00639893,398,57400.5,175316,9.80349e-06,3.90127e-06,4.78757e-06,6.47994e-06
37325,50,34.6514,0,3.65939,6.03723,4.49568,20943.9,0.0310268,0.684812,164945,0.0339074,1.64639,0.948521,4.67506,64.8428,0.245987,4479.92,2.84014e+08,1.41194e+09,1.29115e+09,1.12792e+09,0.030997,382,14449,28016.5,4.84165e-05,9.73908e-06,1.06502e-05,1.21914e-05
39371,50,34.0342,0,3.70962,6.03941,4.50567,11719.7,0.0300598,0.669914,164980,0.0406193,1.64989,1.07366,2.65439,65.8588,0.25399,4415.22,2.23237e+08,7.67332e+08,6.5731e+08,5.44095e+08,0.0350115,376,6277.73,18235.3,6.15981e-05,1.79205e-05,2.09201e-05,2.52731e-05
39689,50,33.8963,0,3.75965,6.03939,4.50741,9192.02,0.0304941,0.66743,164185,0.0511718,1.65032,1.1038,2.0707,65.4752,0.252861,4439.09,2.07873e+08,4.89862e+08,3.78674e+08,2.8199e+08,0.0359525,258,4092.84,15915.6,6.6151e-05,2.80711e-05,3.63135e-05,4.87641e-05
40073,50,33.8539,3.56902e-30,3.80966,6.03938,4.50795,8107.75,0.0304274,0.665528,164745,0.0634579,1.64774,1.12546,1.82472,65.418,0.253984,4443.28,1.95544e+08,3.59099e+08,2.51803e+08,1.63555e+08,0.0371455,261,3161.46,14709.2,7.03216e-05,3.8293e-05,5.46102e-05,8.40755e-05
40318,50,33.8387,0,3.8599,6.03926,4.50802,7451.83,0.030302,0.663983,165161,0.078913,1.64411,1.14635,1.68084,65.5722,0.255972,4433.41,1.85738e+08,2.9101e+08,1.87494e+08,1.05271e+08,0.0382275,258,2635.48,13897,7.40342e-05,4.72527e-05,7.3341e-05,0.000130624
40421,50,33.8321,0,3.9104,6.03906,4.50791,6943.43,0.0303313,0.662666,164788,0.0990114,1.64033,1.17423,1.56953,65.7111,0.258052,4423.9,1.78153e+08,2.51181e+08,1.49594e+08,7.30278e+07,0.0390871,264,2288.84,13300.2,7.71864e-05,5.47454e-05,9.1922e-05,0.000188298
40472,50,33.8284,0,3.96119,6.03884,4.50773,6574.16,0.0302554,0.66143,164954,0.12382,1.63647,1.19596,1.48977,65.8808,0.259939,4412.85,1.70028e+08,2.23478e+08,1.25316e+08,5.345e+07,0.0400719,261,2044.52,12770.7,8.08749e-05,6.15318e-05,0.000109731,0.000257268
40511,50,33.825,0,4.0124,6.03849,4.50743,6124.62,0.0302605,0.659791,164587,0.155501,1.63113,1.23114,1.39482,66.2087,0.263472,4390.97,1.61187e+08,1.99045e+08,1.03413e+08,3.78583e+07,0.0413031,270,1801.38,12212.5,8.53108e-05,6.90847e-05,0.000132971,0.000363222
40926,50,33.7927,0,4.06243,6.03842,4.50777,5636.71,0.0297891,0.656187,165066,0.190762,1.62363,1.28659,1.29429,66.7868,0.272678,4355.08,1.48261e+08,1.73488e+08,8.4036e+07,2.52262e+07,0.0434819,364,1530.02,11376.2,9.27482e-05,7.92621e-05,0.000163632,0.000545108
42895,50,33.6583,1.34472e-30,4.11251,6.03785,4.50894,4697.27,0.0285055,0.648802,163761,0.229067,1.60964,1.47209,1.13241,70.2133,0.281905,4148.03,1.26641e+08,1.42123e+08,6.26835e+07,1.54814e+07,0.0487308,353,1210.4,9723.44,0.000108582,9.67543e-05,0.000219372,0.000888228
45571,50,33.5022,2.48078e-30,4.16251,6.03707,4.51018,3898.32,0.026732,0.640206,163642,0.268934,1.59272,1.70508,0.999502,74.81,0.29616,3900.26,1.05427e+08,1.14761e+08,4.6927e+07,9.33381e+06,0.0563292,376,952.805,8112.89,0.000130432,0.000119823,0.000293029,0.00147324
47460,50,33.4099,0,4.21252,6.03654,4.51084,3248.57,0.0255276,0.631926,163253,0.319699,1.57448,1.9477,0.865981,77.8765,0.30391,3751.32,8.85187e+07,9.38259e+07,3.47351e+07,5.30717e+06,0.0638233,356,736.218,6902.83,0.000155346,0.000146559,0.000395882,0.00259102
1230,60,59.9284,0.738996,4.6979,5.69726,3.9178,180.374,0.285746,1.30392,171391,0.985963,0.829669,11.3567,0.00389846,4.62799,0.0425671,46268,2716.82,2783.3,799.778,66.4788,0.907291,218,28.0414,355.15,5.06143,4.94054,17.1935,206.848
4307,60,59.5359,0.688984,4.68613,5.71614,3.93954,197.127,0.268636,1.26962,170589,0.984048,0.849304,10.4481,0.0055725,6.19809,0.0550863,35375,4030.91,4118.87,1114.82,87.9646,0.983362,225,29.9705,391.625,3.41139,3.33853,12.3347,156.324
7101,60,59.128,0.638998,4.68065,5.73484,3.96123,203.531,0.251154,1.23552,169874,0.982454,0.86882,10.1559,0.00716954,7.90813,0.0677723,28388.3,5186.44,5290.48,1397.32,104.04,1.06881,228,30.2087,404.643,2.65133,2.59919,9.84096,132.17
9753,60,58.7066,0.588991,4.67446,5.75285,3.98235,207.939,0.235612,1.20244,168513,0.980746,0.887681,9.98201,0.00920499,10.1443,0.0838133,22589.8,6911.57,7034.63,1725.25,123.063,1.17075,233,30.2769,420.363,1.98956,1.95476,7.97041,111.739
12125,60,58.2716,0.53898,4.66697,5.77022,4.00295,217.941,0.218965,1.17036,167738,0.978572,0.905968,9.55395,0.012173,13.0783,0.104091,17903.6,9459.97,9610.23,2245.31,150.26,1.25988,233,30.881,441.02,1.4536,1.43087,6.12432,91.5144
14259,60,57.8233,0.488984,4.65786,5.78706,4.02314,228.851,0.204053,1.13914,166410,0.976039,0.923778,9.15231,0.0161773,16.8678,0.129265,14146.4,13384.1,13574.5,2949.41,190.397,1.34672,239,32.1185,469.441,1.02741,1.013,4.66229,72.2226
16105,60,57.3639,0.438981,4.64676,5.80351,4.04305,247.128,0.188238,1.10875,165547,0.972742,0.941312,8.51545,0.0219122,21.5782,0.158983,11278.1,20337.5,20588.8,4120.45,251.223,1.38693,241,34.0535,515.349,0.676139,0.667888,3.33725,54.7362
17571,60,56.8963,0.388977,4.63328,5.81955,4.06265,272.519,0.173042,1.07946,164655,0.968538,0.958737,7.77335,0.0296028,26.9302,0.193139,9205.88,31895.2,32250.1,6039.58,354.869,1.36244,248,37.6284,575.406,0.43113,0.426386,2.27681,38.7494
18687,60,56.4251,0.338979,4.61687,5.83526,4.08197,309.591,0.157834,1.05169,164112,0.962988,0.976562,6.8615,0.0399433,32.5742,0.223272,7750.77,55453.3,55999.1,9456.51,545.804,1.25451,249,43.8131,672.367,0.247974,0.245557,1.45413,25.194
19689,60,55.9599,0.288985,4.59672,5.85081,4.10111,374.151,0.14233,1.02643,164412,0.954928,0.996059,5.74876,0.0548954,37.7251,0.251635,6815.7,104158,105049,16939.6,890.949,1.05708,245,52.2376,838.105,0.132021,0.130901,0.811766,15.4341
20404,60,55.5141,0.238998,4.57199,5.86618,4.11996,481.375,0.128139,1.00548,165574,0.943254,1.019,4.54538,0.0769981,41.8085,0.27423,6251.78,208335,209934,34415,1599.39,0.818428,262,65.5057,1092.96,0.0660044,0.0655015,0.399563,8.59763
20882,60,55.1065,0.188969,4.54139,5.88154,4.13851,660.884,0.117028,0.990449,167413,0.926365,1.04759,3.38277,0.110781,44.3718,0.288717,5965.69,462336,465500,77782.3,3163.93,0.587982,261,85.8621,1548.86,0.0297424,0.0295403,0.176788,4.34617
21169,60,54.7633,0.138968,4.50317,5.89703,4.15672,971.104,0.110257,0.982306,169478,0.90216,1.08346,2.37363,0.163958,45.0351,0.292206,5922.9,1.08315e+06,1.09031e+06,190661,7165.43,0.394908,274,120.475,2353.75,0.0126954,0.012612,0.0721228,1.91907
21319,60,54.507,0.0885524,4.45501,5.91274,4.17447,1511.35,0.109082,0.981693,170367,0.86864,1.12794,1.6049,0.246513,43.5646,0.284731,6130.9,2.75748e+06,2.77638e+06,486649,18898.5,0.24984,291,181.432,3943.43,0.00498679,0.00495284,0.0282565,0.727623
21392,60,54.3525,0.0381086,4.39549,5.9289,4.19186,2618.03,0.110497,0.987801,172552,0.818382,1.18135,0.986779,0.394811,40.2145,0.266897,6631.1,7.60608e+06,7.66595e+06,1.42033e+06,59874.9,0.144294,300,299.511,7188.71,0.00180789,0.00179377,0.00968154,0.229662
21665,60,53.151,0.000991304,4.35017,5.94447,4.21714,3671.64,0.105448,0.977701,172590,0.759937,1.23927,0.753047,0.535703,39.1282,0.251667,6853.88,1.64801e+07,1.66345e+07,3.14929e+06,154374,0.0965454,321,427.235,10508.3,0.000834399,0.000826656,0.00436637,0.0890757
22024,60,53.0811,0,4.2976,5.97479,4.24803,5101.24,0.0975694,0.961219,172304,0.676889,1.30817,0.589235,0.732272,38.8357,0.245659,6966.32,3.62837e+07,3.67379e+07,7.34304e+06,454182,0.0642409,310,626.158,15230.7,0.000378985,0.0003743,0.00187266,0.0302764
22042,60,53.0794,0,4.24467,5.98691,4.26016,7233.84,0.0984831,0.963969,173182,0.604275,1.34909,0.44386,0.971005,36.2783,0.229543,7449.85,6.34508e+07,6.45457e+07,1.44461e+07,1.09494e+06,0.0451657,317,908.184,21365.6,0.000216719,0.000213043,0.000951881,0.0125587
22059,60,53.0772,0,4.1918,5.99743,4.27071,9727.87,0.0990325,0.96548,173631,0.529558,1.38444,0.351008,1.2306,34.1687,0.216003,7904.99,1.02277e+08,1.04729e+08,2.60028e+07,2.452e+06,0.0333161,327,1275.04,28629.8,0.000134448,0.000131301,0.000528827,0.00560808
22101,60,53.0612,0,4.14084,6.0013,4.2747,12828.3,0.102156,0.972417,174228,0.465267,1.40729,0.280024,1.51697,31.8295,0.203937,8456.52,1.51551e+08,1.56464e+08,4.25201e+07,4.91312e+06,0.025611,353,1766.75,37334.2,9.07351e-05,8.78859e-05,0.0003234,0.00279883
22115,60,53.0587,0,4.08794,6.00789,4.28131,15971,0.102818,0.973764,174188,0.396529,1.43085,0.237094,1.79829,30.2851,0.193167,8881.22,2.11959e+08,2.21477e+08,6.64508e+07,9.51802e+06,0.0204345,355,2353.09,45611.8,6.48756e-05,6.20875e-05,0.000206935,0.00144473
22132,60,53.0557,0,4.03387,6.00941,4.28285,20114.2,0.105747,0.980232,174858,0.336335,1.44543,0.196854,2.13754,28.49,0.183813,9409.99,2.87823e+08,3.05133e+08,1.0016e+08,1.731e+07,0.0165773,361,3139.71,56393.4,4.77759e-05,4.50656e-05,0.00013729,0.000794396
22145,60,53.0487,0,3.98199,6.01191,4.28542,23844.5,0.107136,0.983095,174861,0.281827,1.45801,0.173819,2.4303,27.2821,0.175899,9811.35,3.65735e+08,3.94577e+08,1.4016e+08,2.88424e+07,0.0141189,371,3966.93,65495.8,3.75982e-05,3.48499e-05,9.8109e-05,0.000476763
22159,60,53.0402,0,3.93073,6.01453,4.2881,27351,0.107612,0.984225,175148,0.233131,1.46868,0.157257,2.7042,26.451,0.169954,10114.2,4.38872e+08,4.83974e+08,1.87026e+08,4.51019e+07,0.0124326,366,4839.51,73452.8,3.13325e-05,2.84126e-05,7.35244e-05,0.000304887
22175,60,53.0295,0,3.87933,6.01688,4.29054,31007.9,0.107948,0.984977,175273,0.191506,1.47795,0.144673,2.98655,25.7577,0.164942,10382.5,5.17991e+08,5.87371e+08,2.4628e+08,6.93791e+07,0.0111368,359,5834.78,81259.4,2.65467e-05,2.34111e-05,5.58347e-05,0.000198201
22200,60,53.0099,0,3.82888,6.01962,4.29344,35346.8,0.10793,0.984994,175394,0.15811,1.48777,0.132946,3.3199,25.1186,0.160012,10646.9,6.15229e+08,7.30656e+08,3.38239e+08,1.15427e+08,0.00993316,361,7232.88,89963.5,2.2351e-05,1.88201e-05,4.06546e-05,0.000119131
22278,60,52.8065,4.02258e-28,3.77849,6.01585,4.29135,42068.8,0.111367,0.991961,175247,0.13385,1.49097,0.117053,3.76851,23.8645,0.153538,11163.3,7.51799e+08,9.53754e+08,4.87134e+08,2.01955e+08,0.0085839,373,9443.19,104649,1.82908e-05,1.44177e-05,2.82283e-05,6.80894e-05
22360,60,52.736,0,3.72807,6.0128,4.28888,51019.9,0.114486,0.998588,175873,0.112516,1.49195,0.102424,4.35573,22.664,0.147175,11713.3,9.19915e+08,1.28971e+09,7.39741e+08,3.69798e+08,0.00745733,381,12623.9,122051,1.49481e-05,1.0662e-05,1.85889e-05,3.71851e-05
22531,60,52.6131,0,3.67794,6.00681,4.28389,66473,0.11896,1.0076,175863,0.0967493,1.48731,0.0872717,5.3403,21.2196,0.139689,12447.4,1.18465e+09,1.94423e+09,1.26609e+09,7.59579e+08,0.00622397,383,20088.7,150251,1.16076e-05,7.0727e-06,1.0861e-05,1.81034e-05
22897,60,52.3516,7.94166e-28,3.62789,6.0041,4.28335,103383,0.119332,1.00297,175941,0.0830172,1.47629,0.075126,7.86861,20.0947,0.132203,13138.6,1.65893e+09,3.34965e+09,2.49031e+09,1.69071e+09,0.00505383,393,45401.4,199311,8.28905e-06,4.10521e-06,5.5218e-06,8.13325e-06
24382,60,46.0551,0,3.67842,6.02391,4.35881,46853.3,0.0896899,0.896718,173793,0.0794857,1.5747,0.148747,4.47294,26.0533,0.162056,10474.8,8.67051e+08,1.61591e+09,1.13108e+09,7.48856e+08,0.00858727,383,15814.8,99105.9,1.58595e-05,8.50976e-06,1.21574e-05,1.83626e-05
24425,60,45.7755,0,3.72847,6.02343,4.36098,39838.2,0.0904034,0.894239,173910,0.0982146,1.57815,0.155419,3.83468,26.2482,0.163601,10388.9,7.7644e+08,1.16178e+09,7.05009e+08,3.85337e+08,0.00921823,402,10689.7,91542.8,1.77103e-05,1.18362e-05,1.95047e-05,3.56856e-05
24457,60,45.6635,0,3.77899,6.02275,4.36136,36674.6,0.0908275,0.892961,173573,0.122724,1.57723,0.16067,3.53744,26.2899,0.165011,10367.6,7.25979e+08,9.65132e+08,5.23797e+08,2.39153e+08,0.00957671,398,8954.43,87916.7,1.89413e-05,1.42478e-05,2.62525e-05,5.74987e-05
24723,60,44.1716,0,3.82928,6.01613,4.36916,30981.4,0.0861353,0.878382,173348,0.144409,1.57949,0.186749,3.17344,28.0629,0.17638,9762.7,6.05573e+08,7.56694e+08,3.83172e+08,1.51121e+08,0.0111043,404,7126.43,74897.5,2.27074e-05,1.81725e-05,3.58873e-05,9.09933e-05
24824,60,43.5743,0,3.88153,6.01405,4.373,25437.4,0.0821691,0.86743,172894,0.171047,1.57379,0.218428,2.76079,29.8637,0.181299,9213.82,4.86291e+08,5.76757e+08,2.69352e+08,9.0466e+07,0.0129829,389,5506.65,62469.3,2.82773e-05,2.38419e-05,5.10521e-05,0.000152002
24839,60,43.4702,0,3.9322,6.01383,4.37381,22622.1,0.0810906,0.862433,172706,0.208352,1.56773,0.236957,2.51422,30.6171,0.18765,8997.65,4.26616e+08,4.86204e+08,2.08632e+08,5.95879e+07,0.0142346,390,4578.41,57044,3.22327e-05,2.82823e-05,6.59101e-05,0.000230768
24855,60,43.3612,0,3.98331,6.01354,4.37461,20011.1,0.0800478,0.856802,172628,0.253487,1.56041,0.258436,2.27841,31.4012,0.194301,8782.92,3.67665e+08,4.05866e+08,1.60246e+08,3.82009e+07,0.0157611,390,3752.23,51525.9,3.74009e-05,3.38806e-05,8.5812e-05,0.000359965
25115,60,41.7938,1.2771e-30,4.03345,6.00693,4.384,15972.9,0.0740202,0.83646,172244,0.290655,1.55688,0.318392,1.96052,34.073,0.207588,8147.28,2.85795e+08,3.09638e+08,1.15237e+08,2.38429e+07,0.0191163,381,2916.6,41147.2,4.81148e-05,4.44098e-05,0.000119328,0.000576733
25794,60,39.0659,0,3.98316,5.99901,4.40539,18640.6,0.0721386,0.817032,171800,0.242262,1.59719,0.301795,2.20609,32.9206,0.204397,8449.6,3.55978e+08,3.97905e+08,1.63797e+08,4.19273e+07,0.0166514,398,3705.28,46726.9,3.86288e-05,3.45585e-05,8.39516e-05,0.000327972
26075,60,38.2718,0,3.9331,5.99374,4.40904,20818.6,0.0723031,0.816617,171553,0.198358,1.60976,0.285998,2.42404,32.3829,0.200524,8588.39,4.05444e+08,4.7122e+08,2.12361e+08,6.57761e+07,0.0153644,400,4494.52,50801.6,3.39159e-05,2.91817e-05,6.47529e-05,0.000209058
26462,60,37.0267,0,3.88308,5.98496,4.41462,22575.1,0.0712888,0.811989,171722,0.159541,1.62122,0.278662,2.61388,32.2373,0.197566,8636.6,4.41473e+08,5.41755e+08,2.69282e+08,1.00282e+08,0.0146057,400,5316.88,53217.9,3.1148e-05,2.53823e-05,5.10654e-05,0.000137124
27807,60,33.3412,0,3.83301,5.95546,4.43066,22575,0.0665939,0.790896,171338,0.121923,1.6383,0.308889,2.70665,33.5504,0.199735,8340.54,4.28036e+08,5.82398e+08,3.30356e+08,1.54362e+08,0.0152941,405,6108.98,49887.9,3.21258e-05,2.3611e-05,4.16247e-05,8.9083e-05
28623,60,32.5088,0,3.783,5.94748,4.43366,25098.5,0.0661647,0.789289,171681,0.0978339,1.64607,0.300277,2.98713,33.3194,0.198858,8402.21,4.64125e+08,7.1585e+08,4.53657e+08,2.51726e+08,0.0146761,382,7542.64,53014.5,2.96278e-05,1.92093e-05,3.03114e-05,5.46269e-05
30238,60,31.5287,0,3.73299,5.93739,4.43686,27902.7,0.0653153,0.786047,171170,0.0783787,1.65116,0.299475,3.32594,33.4006,0.196806,8389.4,4.95066e+08,9.27845e+08,6.58788e+08,4.32779e+08,0.0142096,397,9820.33,55940.4,2.77761e-05,1.48203e-05,2.08732e-05,3.17737e-05
33708,60,30.2337,0,3.68299,5.92256,4.44025,33862.8,0.0631904,0.779418,171040,0.0618409,1.6493,0.304863,4.11039,34.0905,0.195398,8238.33,5.30786e+08,1.33427e+09,1.06685e+09,8.03488e+08,0.0140374,394,15205.7,60958,2.59068e-05,1.0306e-05,1.28893e-05,1.71141e-05
39297,60,28.871,0,3.63299,5.90512,4.44283,54602.3,0.0632686,0.779395,171068,0.0505825,1.65758,0.287195,6.63176,34.1078,0.19186,8233.45,6.63925e+08,2.1513e+09,1.8555e+09,1.48737e+09,0.0127754,406,32615.8,84264.5,2.07117e-05,6.39194e-06,7.41093e-06,9.24514e-06
1511,80,79.8302,0.738996,4.71954,5.92771,4.02372,130.546,0.204102,1.13796,166126,0.98553,0.92405,15.965,0.00606688,11.0887,0.0843843,21517.8,4490.23,4551.76,971.241,61.5312,1.53343,230,18.151,269.428,3.06242,3.02102,14.1582,223.48
6049,80,79.1511,0.688993,4.70686,5.94292,4.04264,143.076,0.189139,1.1088,165218,0.983415,0.940467,14.6224,0.00890119,15.1234,0.110388,16073.8,6819.02,6901.97,1385.36,82.9477,1.66712,248,19.4986,293.288,2.01656,1.99233,9.9259,165.779
10224,80,78.4454,0.638989,4.70035,5.95811,4.06172,146.344,0.175298,1.0796,163835,0.981691,0.956822,14.3531,0.011623,19.6363,0.136984,12590.9,9608.49,9710.79,1738.33,102.296,1.82997,243,20.1167,309.151,1.43113,1.41605,7.91045,134.424
14124,80,77.7165,0.588996,4.69289,5.97281,4.08047,152.786,0.160802,1.0511,162831,0.979519,0.972662,13.837,0.0153511,25.2779,0.168403,9952.76,13891.4,14024.9,2289.2,133.424,1.95272,247,21.6077,325.012,0.989889,0.980472,6.0069,103.062
17655,80,76.962,0.538992,4.68379,5.98706,4.09897,160.187,0.14758,1.02318,161511,0.976946,0.988017,13.2681,0.0200146,31.9296,0.203526,8003.52,20342.6,20523.2,3055.96,180.541,2.02174,244,23.6293,347.454,0.675969,0.670023,4.49973,76.1653
20876,80,76.1809,0.488996,4.67262,6.00099,4.11732,174.091,0.132949,0.995819,160882,0.973428,1.0031,12.2711,0.0262478,39.1907,0.23998,6632.58,32356,32607.7,4448.18,251.704,1.95509,236,26.0524,383.128,0.42499,0.42171,3.09137,54.6316
23714,80,75.3752,0.438981,4.65882,6.01471,4.13566,197.458,0.117558,0.96945,160895,0.968469,1.01865,10.9137,0.0346708,46.4511,0.273623,5695.22,56282.8,56654.1,7212.18,371.268,1.74751,242,29.4976,442.27,0.24432,0.242719,1.90663,37.0379
26117,80,74.551,0.388999,4.64183,6.02818,4.15391,231.566,0.103106,0.945451,161333,0.961675,1.03606,9.34999,0.045657,53.0144,0.302844,5071.87,102979,103570,12681.4,590.864,1.45067,248,34.764,530.698,0.133532,0.13277,1.08435,23.2727
28021,80,73.7181,0.338992,4.62075,6.04155,4.17216,290.234,0.0900541,0.925486,162596,0.951411,1.05771,7.59594,0.0620893,58.3585,0.32564,4674.47,202733,203733,25947.9,999.941,1.11652,260,41.8219,674.337,0.067828,0.0674951,0.529946,13.7518
29466,80,72.9004,0.28898,4.59432,6.055,4.19045,387.525,0.0796252,0.91052,164648,0.936179,1.08536,5.81237,0.0869646,61.9197,0.337806,4456.12,435732,437626,59246.8,1893.96,0.802944,264,53.2533,917.163,0.0315584,0.0314218,0.232097,7.26045
30459,80,72.1353,0.238976,4.56121,6.06851,4.20854,534.096,0.0741357,0.901155,165636,0.915559,1.11989,4.36063,0.121775,63.2858,0.342463,4385.93,963291,967291,134347,3999.62,0.561479,273,71.0977,1327.96,0.014275,0.014216,0.102354,3.43807
31050,80,71.4754,0.188949,4.51942,6.08226,4.22628,793.922,0.0715164,0.897812,166948,0.885646,1.16227,3.06064,0.176874,62.0127,0.336731,4488.64,2.27527e+06,2.28512e+06,328693,9855.75,0.367618,289,102.55,2091.64,0.00604368,0.00601761,0.0418354,1.39523
31354,80,70.9831,0.138895,4.46606,6.09639,4.24341,1278.81,0.0723934,0.901311,167949,0.842933,1.21375,2.01209,0.266172,57.8815,0.318844,4804.46,5.71692e+06,5.74594e+06,860099,29014.3,0.224148,300,161.095,3616.2,0.00240531,0.00239317,0.0159877,0.473939
31483,80,70.6946,0.0887425,4.397,6.11076,4.25956,2321.72,0.0762735,0.912291,169670,0.778996,1.27508,1.1913,0.429175,51.1904,0.290414,5409.73,1.57553e+07,1.58633e+07,2.58544e+06,108027,0.123476,321,284.926,6905.14,0.000872784,0.000866841,0.00531863,0.127292
31988,80,68.1123,0.038989,4.24398,6.12138,4.28633,7077.04,0.0851039,0.934724,172500,0.593336,1.38943,0.465642,1.02241,39.6247,0.235465,6921.91,8.60709e+07,8.75413e+07,1.922e+07,1.47037e+06,0.0415287,357,897.973,21484.6,0.000159763,0.00015708,0.000715451,0.00935205
32258,80,66.717,0.00098244,4.05509,6.13774,4.31169,16586.8,0.0873285,0.940223,173390,0.340618,1.48168,0.242392,1.97272,32.5416,0.188879,8408.08,3.109e+08,3.28939e+08,1.05427e+08,1.80389e+07,0.0174933,378,2653.98,47040.6,4.42296e-05,4.18041e-05,0.000130431,0.000762297
32586,80,66.6667,6.4385e-22,4.106,6.15382,4.32809,11435.6,0.0733778,0.907921,172336,0.364512,1.48584,0.347657,1.58854,38.5887,0.205643,7198.85,2.22937e+08,2.33874e+08,7.16862e+07,1.09364e+07,0.0235673,332,1825.44,32004.4,6.1681e-05,5.87967e-05,0.000191822,0.00125736
32615,80,66.644,0,4.05374,6.14755,4.32197,15104.7,0.0806603,0.925002,172824,0.322167,1.49253,0.271548,1.90847,34.8233,0.197576,7914.55,2.98589e+08,3.17265e+08,1.0443e+08,1.86768e+07,0.0187035,377,2493.69,42167.8,4.60533e-05,4.33422e-05,0.000131676,0.00073626
32632,80,66.6378,0,4.00226,6.14442,4.31888,18711.8,0.0855632,0.936042,172928,0.278328,1.49916,0.22577,2.20216,32.2632,0.187762,8497.03,3.83581e+08,4.14085e+08,1.45714e+08,3.05038e+07,0.015428,385,3239.13,51930.2,3.5849e-05,3.32082e-05,9.43697e-05,0.000450795
32645,80,66.6318,0,3.95111,6.14498,4.31948,21997,0.0872538,0.940173,173595,0.23211,1.50751,0.199135,2.47823,30.8282,0.179926,8876.11,4.63797e+08,5.11614e+08,1.96079e+08,4.78169e+07,0.0134222,361,4019.77,59491.4,2.96487e-05,2.68777e-05,7.013e-05,0.000287576
32660,80,66.6265,0,3.89833,6.14616,4.3207,25212.2,0.0882152,0.942499,174021,0.189968,1.51516,0.180799,2.7513,29.8291,0.174167,9163.74,5.46449e+08,6.19194e+08,2.5766e+08,7.27445e+07,0.011991,374,4856.93,66263.6,2.51643e-05,2.22079e-05,5.33688e-05,0.000189031
32681,80,66.6191,0,3.8472,6.14725,4.32183,28708.6,0.0893149,0.944798,173782,0.15748,1.52236,0.165247,3.03351,28.8485,0.168586,9463.82,6.48642e+08,7.64673e+08,3.4511e+08,1.1603e+08,0.0106525,374,5962.81,74301.5,2.11996e-05,1.79828e-05,3.98453e-05,0.000118512
32716,80,66.6066,0,3.79614,6.14786,4.32252,33654.4,0.0904305,0.94753,174427,0.130238,1.52859,0.148407,3.43359,27.8204,0.162636,9801.52,7.73132e+08,9.73925e+08,4.92094e+08,2.00792e+08,0.00944682,379,7593.17,83541.3,1.77861e-05,1.41191e-05,2.79438e-05,6.84836e-05
32779,80,66.5844,2.34107e-27,3.74613,6.14767,4.32247,39007,0.0918854,0.950616,174228,0.108667,1.53259,0.13512,3.84509,26.8365,0.157277,10144.6,9.14856e+08,1.27151e+09,7.18053e+08,3.56652e+08,0.00839289,382,9768.68,94137.3,1.50308e-05,1.08147e-05,1.91504e-05,3.85558e-05
32921,80,66.5295,4.99492e-29,3.69594,6.14308,4.31824,49913.6,0.0959024,0.959528,174838,0.0928823,1.53004,0.11452,4.62479,25.1136,0.149721,10792.6,1.15812e+09,1.86744e+09,1.19447e+09,7.09321e+08,0.00708767,376,14478,114631,1.18735e-05,7.36354e-06,1.15122e-05,1.93861e-05
33250,80,66.4039,0,3.64589,6.13659,4.31258,77232.8,0.0997892,0.967806,174874,0.0814807,1.51617,0.0933348,6.63643,23.1899,0.139396,11637.7,1.64795e+09,3.28583e+09,2.40543e+09,1.63788e+09,0.00557745,386,31512.4,156088,8.34431e-06,4.18494e-06,5.71665e-06,8.39559e-06
34642,80,65.2049,0,3.59589,6.17318,4.35708,140266,0.0953378,0.943484,174560,0.0657512,1.64091,0.0933068,12.6297,24.4202,0.144948,11106,2.40117e+09,5.78592e+09,4.64961e+09,3.38475e+09,0.0048112,434,81066.3,238010,5.72677e-06,2.37663e-06,2.95745e-06,4.06264e-06
41249,80,52.309,0,3.6459,6.1906,4.47021,33606.3,0.0396091,0.735789,167604,0.0419279,1.66726,0.487015,5.82653,49.9181,0.20966,5767.81,6.33486e+08,2.4543e+09,2.1773e+09,1.82082e+09,0.0166501,391,21570.3,48859.4,2.17069e-05,5.60281e-06,6.31561e-06,7.5521e-06
43606,80,50.6852,0,3.69644,6.19125,4.48454,18261.8,0.037271,0.708418,166763,0.0496549,1.66161,0.588556,3.24582,51.2987,0.220543,5626.24,4.76692e+08,1.36571e+09,1.1202e+09,8.8902e+08,0.0195803,385,8892.79,31619.1,2.88467e-05,1.00687e-05,1.22755e-05,1.54676e-05
43719,80,50.3972,0,3.7466,6.19093,4.48671,14366,0.0374773,0.705943,166822,0.0615046,1.66398,0.612114,2.56287,51.4781,0.218347,5605.43,4.28431e+08,8.78553e+08,6.42102e+08,4.50122e+08,0.0207265,270,5655.95,27669.7,3.20961e-05,1.56519e-05,2.14156e-05,3.05495e-05
43839,80,50.3085,1.55087e-29,3.79686,6.19042,4.48695,12676,0.0375252,0.704448,166515,0.0766527,1.66125,0.633034,2.27215,51.7207,0.220729,5578.87,3.97062e+08,6.60815e+08,4.34769e+08,2.63754e+08,0.0215104,275,4418.71,25625.4,3.46319e-05,2.08091e-05,3.16282e-05,5.21357e-05
43939,80,50.2716,0,3.84756,6.18971,4.48657,11776.4,0.0374707,0.703686,166879,0.0952862,1.65773,0.648013,2.12174,51.9894,0.222661,5550.35,3.7476e+08,5.49742e+08,3.33117e+08,1.74982e+08,0.0223408,275,3755.13,24336.9,3.66928e-05,2.50135e-05,4.12797e-05,7.85854e-05
43982,80,50.2464,0,3.89783,6.18874,4.48582,11023.2,0.0374181,0.703053,166992,0.118602,1.65302,0.663022,2.00457,52.4776,0.225702,5499.01,3.54311e+08,4.78666e+08,2.70249e+08,1.24355e+08,0.0231694,281,3284.67,23296.4,3.88105e-05,2.87277e-05,5.08826e-05,0.000110579
44219,80,50.0577,0,3.94796,6.18688,4.48559,10021.8,0.0368268,0.700461,167130,0.144949,1.64574,0.702618,1.85974,53.5838,0.237645,5388.79,3.21832e+08,4.06733e+08,2.14113e+08,8.49004e+07,0.0248016,389,2782.6,21473.5,4.27272e-05,3.38084e-05,6.4223e-05,0.000161966
44895,80,49.6686,0,3.99807,6.18488,4.48698,8705.19,0.0356225,0.694655,166545,0.174983,1.63754,0.779399,1.67424,55.6041,0.243653,5199.49,2.82788e+08,3.38819e+08,1.64603e+08,5.60302e+07,0.0272694,391,2290.24,19035.7,4.86264e-05,4.05851e-05,8.35405e-05,0.000245421
654,100,99.9253,0.738998,4.73255,6.09629,4.0948,103.178,0.151066,1.02897,161520,0.984902,0.984117,20.4501,0.00983517,24.26,0.154749,10490.7,8130.21,8200.75,1218.6,70.5324,2.44737,242,14.8788,220.595,1.69134,1.6768,11.2842,194.96
6555,100,98.9244,0.689,4.71894,6.10881,4.11168,114.837,0.137433,1.00323,160855,0.982447,0.99754,18.4707,0.0142696,32.1324,0.195368,8047.68,12756.7,12859.5,1823.99,102.806,2.52529,238,16.9445,245.297,1.07794,1.06932,7.53897,133.756
12069,100,97.8832,0.638992,4.71137,6.12145,4.12892,119.245,0.124961,0.976941,159735,0.980339,1.01071,17.854,0.0182339,40.1133,0.232669,6539.72,19113.9,19247.2,2403.35,133.362,2.59856,238,18.0476,259.744,0.719424,0.714439,5.7216,103.11
17207,100,96.8059,0.588992,4.70255,6.13376,4.14604,126.76,0.111777,0.951076,159040,0.977583,1.02351,16.8813,0.0231171,48.5619,0.270192,5483.36,29235,29416.2,3376.86,181.136,2.51907,242,19.7571,278.711,0.47036,0.467464,4.07212,75.9154
21990,100,95.6872,0.538997,4.6917,6.14579,4.16311,139.274,0.0981993,0.926179,158814,0.973788,1.03669,15.4941,0.0293592,56.9907,0.303905,4743.81,48271.3,48525.5,5198.16,254.249,2.2805,240,21.8478,309.783,0.284869,0.283376,2.64536,54.0847
26330,100,94.5232,0.488988,4.67827,6.15763,4.18027,160.508,0.083621,0.903231,159733,0.968214,1.05173,13.494,0.0379204,64.9039,0.334786,4232.77,86520,86896.9,9149,376.926,1.88924,241,24.7456,363.462,0.158934,0.158245,1.503,36.4819
30138,100,93.3177,0.438998,4.66149,6.16942,4.19764,192.081,0.0717779,0.88352,160689,0.960289,1.07073,11.4418,0.0495921,71.8455,0.358758,3873.23,161219,161816,17671.6,597.247,1.49333,250,28.8199,441.137,0.0852938,0.084979,0.77814,23.0239
33252,100,92.0801,0.388994,4.64055,6.18114,4.21515,236.45,0.0632556,0.867671,161324,0.949482,1.09479,9.48065,0.0649975,77.1969,0.374106,3637.83,323899,324924,35326.8,1025.19,1.14101,258,34.7239,567.429,0.0424546,0.0423206,0.389251,13.4131
35733,100,90.835,0.338981,4.61424,6.19292,4.23285,308.771,0.05681,0.855938,162396,0.933604,1.1249,7.46965,0.0878442,80.4445,0.381741,3514.99,678825,680787,77162.3,1961.45,0.826689,267,43.981,770.765,0.020257,0.0201987,0.178209,7.01064
37498,100,89.6353,0.288974,4.58089,6.20502,4.25072,424.863,0.0529548,0.848622,163312,0.91108,1.16212,5.62517,0.121241,81.0201,0.380177,3504.28,1.48772e+06,1.49203e+06,174961,4310.09,0.572046,275,59.4825,1113.14,0.00924301,0.00921631,0.0785947,3.19042
38632,100,88.5644,0.238988,4.53882,6.21743,4.26835,619.547,0.0517183,0.846376,163772,0.87934,1.20709,4.04743,0.17093,78.4334,0.368637,3624.58,3.4459e+06,3.45672e+06,409623,10828,0.377362,293,85.1378,1751.09,0.00399054,0.00397804,0.0335699,1.26995
39251,100,87.7255,0.188914,4.48541,6.23031,4.28537,1006.31,0.0521932,0.849875,165330,0.831412,1.26054,2.65289,0.257211,72.6268,0.34684,3912.4,8.15766e+06,8.19054e+06,1.08646e+06,32884.9,0.229739,314,134.17,2944.45,0.00168565,0.00167889,0.0126567,0.418154
39517,100,87.2075,0.138979,4.41654,6.24363,4.30126,1783.74,0.0554779,0.859705,166613,0.763401,1.32267,1.61166,0.402467,63.8896,0.313996,4432.03,2.04905e+07,2.06139e+07,3.09565e+06,123434,0.129265,327,234.469,5472.29,0.000671091,0.000667072,0.00444203,0.111403
40310,100,84.1272,0.088956,4.27581,6.25331,4.32655,4860.23,0.0611616,0.876654,169552,0.583704,1.42945,0.696994,0.873234,50.5691,0.257777,5565.78,8.86676e+07,9.00789e+07,1.88991e+07,1.41134e+06,0.0489313,363,663.909,14858.2,0.000155085,0.000152655,0.000727601,0.00974322
40990,100,80.5111,0.0389957,4.01558,6.26323,4.35555,14539.2,0.0655971,0.880633,171317,0.260967,1.53485,0.305416,2.01918,38.9037,0.199507,7200.53,3.99492e+08,4.34423e+08,1.57156e+08,3.49319e+07,0.0173053,397,2697.64,39531.3,3.44212e-05,3.16534e-05,8.74992e-05,0.000393651
43793,100,71.1098,0.000994234,4.03829,6.27423,4.42048,8962.46,0.0433229,0.778894,168075,0.225839,1.57664,0.581097,1.61951,51.8252,0.227091,5534.07,2.9496e+08,3.2925e+08,1.33691e+08,3.42894e+07,0.0247441,377,1971.23,21942,4.66198e-05,4.17646e-05,0.000102856,0.000401028
44114,100,71.0317,1.3238e-10,4.0889,6.28676,4.43349,6093.43,0.0351409,0.752522,165835,0.241562,1.56962,0.860377,1.31733,62.5341,0.243237,4625.6,2.17412e+08,2.39665e+08,9.39328e+07,2.22529e+07,0.0332221,333,1388.52,14611.5,6.32486e-05,5.73759e-05,0.000146392,0.000617941
44282,100,70.9842,0,4.03882,6.29164,4.43866,6540.21,0.0341826,0.749031,165298,0.19446,1.58089,0.849481,1.42927,63.2761,0.24567,4575.89,2.4229e+08,2.77408e+08,1.19759e+08,3.51185e+07,0.0315514,378,1635.59,15252.2,5.67543e-05,4.95695e-05,0.000114822,0.00039156
44408,100,70.928,0,3.98815,6.28548,4.43284,8500.72,0.0385163,0.763221,166870,0.170742,1.58754,0.661695,1.66025,56.2962,0.233428,5120.16,3.02669e+08,3.55445e+08,1.61936e+08,5.27753e+07,0.0258527,382,2129.48,19790.9,4.54324e-05,3.86867e-05,8.49164e-05,0.000260557
44441,100,70.9188,0,3.93811,6.28481,4.43223,9746.86,0.0399453,0.767711,167356,0.142077,1.59354,0.594631,1.8197,53.7342,0.226332,5356.32,3.43857e+08,4.20665e+08,2.0579e+08,7.68079e+07,0.0232842,383,2559.97,22388.9,3.99905e-05,3.26887e-05,6.68205e-05,0.000179031
44480,100,70.911,0,3.88782,6.2847,4.43217,10929.1,0.0410159,0.770876,167455,0.117019,1.59878,0.549833,1.97506,51.9552,0.22096,5533.54,3.84667e+08,4.94888e+08,2.59145e+08,1.1022e+08,0.0214387,387,3022.68,24698.8,3.57477e-05,2.77861e-05,5.30629e-05,0.000124759
44548,100,70.8987,0,3.83734,6.28441,4.43196,12562.2,0.0421743,0.77448,168161,0.0965256,1.60387,0.497745,2.18702,49.9913,0.21512,5743.97,4.35967e+08,6.06291e+08,3.46369e+08,1.70324e+08,0.0195178,381,3690.7,27592.7,3.15413e-05,2.26805e-05,3.97004e-05,8.07344e-05
44682,100,70.8755,2.88269e-27,3.78722,6.28366,4.43135,14802.7,0.0437333,0.778903,168532,0.0803324,1.60866,0.448147,2.46595,47.7578,0.208421,6002.82,5.05145e+08,7.90608e+08,4.97383e+08,2.85463e+08,0.0175919,389,4701.85,31679.9,2.72219e-05,1.73929e-05,2.76467e-05,4.81708e-05
45010,100,70.8252,0,3.73721,6.28261,4.4306,17969.5,0.0454363,0.783385,168970,0.0672582,1.61233,0.398434,2.85208,45.4205,0.201533,6300.49,5.9187e+08,1.11067e+09,7.78628e+08,5.18801e+08,0.0156454,389,6353.82,36939.4,2.32331e-05,1.23808e-05,1.76605e-05,2.65053e-05
46025,100,70.6696,0,3.68719,6.28353,4.43248,24089.1,0.0461071,0.783324,169552,0.0560086,1.61548,0.357519,3.67863,43.6703,0.194291,6548.39,7.21775e+08,1.80978e+09,1.42879e+09,1.088e+09,0.0138189,388,10608.2,45125.6,1.90516e-05,7.59816e-06,9.62419e-06,1.26387e-05
52282,100,69.2822,0,3.63719,6.31197,4.46953,44873.7,0.0429044,0.754619,169002,0.0462422,1.69367,0.34756,6.95854,44.4941,0.192966,6448.72,1.09136e+09,3.71226e+09,3.2237e+09,2.6209e+09,0.0116298,405,27818.6,68531.3,1.25999e-05,3.70421e-06,4.26559e-06,5.24667e-06
80625,100,59.6213,0,3.68719,6.33683,4.55961,15536.6,0.0190653,0.615837,162601,0.0334377,1.7105,1.39055,4.51321,85.4258,0.260029,3442.48,4.35192e+08,2.07658e+09,1.89288e+09,1.64139e+09,0.0315579,391,10655.8,20804.3,3.15975e-05,6.62195e-06,7.26457e-06,8.37767e-06
734,120,119.9,0.738998,4.7404,6.22636,4.14572,88.7227,0.112756,0.950505,158569,0.983902,1.02215,23.9345,0.0148786,44.6058,0.243858,5963.11,14690.1,14779.3,1646.99,89.1725,3.27758,233,13.8097,192.551,0.93607,0.930422,8.34916,154.207
7905,120,118.552,0.688998,4.72585,6.23679,4.16106,99.8537,0.100991,0.927259,157976,0.981054,1.033,21.412,0.0201724,54.4476,0.286125,4950,24791.2,24923.9,2572.17,132.704,3.05412,228,15.8658,218.31,0.554673,0.55172,5.34607,103.622
14655,120,117.149,0.638997,4.71717,6.24751,4.17695,107.257,0.0885884,0.903764,157659,0.978166,1.04433,20.063,0.0250262,63.7538,0.321259,4285.77,39885.7,40064.2,3778.15,178.521,2.81386,243,17.2249,239.148,0.34476,0.343224,3.63961,77.0275
21002,120,115.692,0.588998,4.70689,6.25805,4.19293,118.554,0.0760786,0.881722,157889,0.974187,1.05704,18.2802,0.0311568,72.7933,0.352563,3805.08,66483,66732.1,6083.18,249.038,2.43552,240,18.9794,268.109,0.206835,0.206063,2.26049,55.2164
26852,120,114.173,0.538993,4.69416,6.26843,4.20905,136.369,0.0642967,0.862074,158802,0.96842,1.07256,16.0296,0.0394458,81.1414,0.378122,3457.13,118862,119227,11005.2,364.722,1.97813,247,21.307,313.002,0.115688,0.115335,1.2495,37.7027
32155,120,112.586,0.488999,4.67827,6.27874,4.22543,160.181,0.0555802,0.845287,159351,0.960679,1.09208,13.8552,0.0499831,88.3483,0.397932,3204.7,224713,225284,20613,571.487,1.56854,254,24.6203,381.588,0.0611936,0.0610384,0.667104,24.0618
36719,120,110.938,0.438988,4.65827,6.28911,4.24221,197.754,0.0484835,0.831508,160374,0.949321,1.11657,11.4665,0.0651035,93.9109,0.409684,3037.53,439147,440124,42408.9,977.614,1.18431,260,29.55,485.347,0.031313,0.0312434,0.324248,14.0659
40475,120,109.251,0.388994,4.63319,6.29954,4.2593,248.73,0.0443184,0.821023,160369,0.934497,1.14673,9.39322,0.0843591,97.1712,0.413925,2948.47,873623,875482,84815.5,1858.7,0.882114,266,37.1577,635.92,0.0157402,0.0157068,0.162128,7.39816
43363,120,107.574,0.33898,4.60157,6.31025,4.27672,345.173,0.0405718,0.814279,162049,0.910623,1.18385,7.05416,0.11705,97.5364,0.409261,2948.94,1.89622e+06,1.90022e+06,200806,3999.36,0.606525,279,49.2413,921.323,0.00725179,0.00723653,0.0684789,3.4383
45404,120,106.011,0.288975,4.56151,6.32146,4.29429,500.271,0.0391219,0.811655,163013,0.877714,1.22876,5.11167,0.164234,94.5684,0.395914,3046.09,4.12374e+06,4.13375e+06,470636,10013.9,0.402887,294,69.7692,1394.84,0.00333459,0.00332651,0.0292179,1.37319
46640,120,104.708,0.238966,4.51114,6.3332,4.3114,767.322,0.0395995,0.81373,163541,0.831896,1.28145,3.52674,0.234794,88.1012,0.371819,3268.07,9.20604e+06,9.23564e+06,1.12579e+06,29607.8,0.254851,313,106.898,2265.13,0.00149369,0.0014889,0.0122146,0.464438
47240,120,103.811,0.188866,4.44707,6.34552,4.32746,1310.22,0.0416269,0.821045,164843,0.764279,1.34173,2.23467,0.35793,78.4891,0.339167,3660.55,2.13402e+07,2.14462e+07,3.04048e+06,106046,0.149836,329,180.034,4006.82,0.00064437,0.000641184,0.00452264,0.12967
48106,120,101.494,0.138979,4.35144,6.35557,4.34731,2645.38,0.0445827,0.830455,166884,0.643893,1.42021,1.23589,0.614987,66.5872,0.295429,4301.53,5.94257e+07,6.00405e+07,1.0881e+07,614728,0.075206,351,372.583,8108.85,0.000231398,0.000229029,0.00126377,0.0223692
49815,120,96.2235,0.0889795,4.23553,6.36438,4.37928,4952.73,0.0448961,0.812622,167376,0.476491,1.49602,0.781853,0.999262,57.7704,0.256836,4956.39,1.52152e+08,1.56145e+08,3.81966e+07,3.99324e+06,0.039828,375,797.121,14463.8,9.03769e-05,8.80656e-05,0.000360006,0.00344356
51426,120,91.4307,0.0389943,4.02476,6.37366,4.41075,10383.9,0.0451497,0.797611,168302,0.230298,1.57836,0.479508,1.78066,49.0882,0.215386,5831.48,4.04458e+08,4.49547e+08,1.75872e+08,4.50892e+07,0.0202609,379,2215.27,26774.8,3.39985e-05,3.05885e-05,7.81873e-05,0.000304973
57896,120,82.8084,0.00099756,4.03984,6.38514,4.46525,6669.88,0.0299041,0.71685,165281,0.194839,1.6085,0.882622,1.49877,65.3508,0.243403,4450.25,3.09678e+08,3.57041e+08,1.57912e+08,4.73627e+07,0.0287645,386,1691.3,15355.9,4.44042e-05,3.85138e-05,8.70799e-05,0.000290334
58255,120,82.7114,3.4852e-08,4.09091,6.39522,4.47584,4615.66,0.0240625,0.694296,163659,0.208337,1.59631,1.29233,1.2553,79.5713,0.261835,3676.94,2.29553e+08,2.6054e+08,1.12909e+08,3.09866e+07,0.0389283,371,1202.59,10228.5,5.99032e-05,5.27788e-05,0.000121788,0.000443772
59050,120,82.6374,0,4.04065,6.40231,4.48331,4615.12,0.0220333,0.685781,163179,0.160021,1.60388,1.39764,1.32898,84.4267,0.267852,3472.68,2.37459e+08,2.85671e+08,1.39782e+08,4.82123e+07,0.0398142,386,1341.75,9674.42,5.7909e-05,4.81358e-05,9.83743e-05,0.000285217
59365,120,82.581,0,3.99039,6.39889,4.48019,5729.89,0.024508,0.695419,163788,0.13898,1.61117,1.14509,1.49712,76.4106,0.256694,3827.28,2.86295e+08,3.58246e+08,1.8411e+08,7.19519e+07,0.0336055,382,1710.11,12125.8,4.80309e-05,3.83842e-05,7.4689e-05,0.000191114
59490,120,82.5414,0,3.94032,6.39856,4.48007,6498.69,0.0253892,0.698731,164109,0.115021,1.61761,1.04473,1.63256,73.3996,0.250715,3980.69,3.2103e+08,4.24967e+08,2.33102e+08,1.03937e+08,0.0307524,383,2038.22,13566,4.2834e-05,3.23578e-05,5.89912e-05,0.000132301
59643,120,82.4923,0,3.89011,6.39809,4.47986,7335.37,0.0262922,0.701929,164257,0.0949405,1.62325,0.961512,1.77512,70.6405,0.245086,4132.33,3.55181e+08,5.04328e+08,2.95977e+08,1.49147e+08,0.028336,389,2430.38,15084.9,3.87154e-05,2.72659e-05,4.64596e-05,9.21975e-05
59872,120,82.4241,0,3.84008,6.39609,4.47822,8773.69,0.0279082,0.707936,165248,0.0797692,1.62901,0.835734,1.9926,66.186,0.236846,4403.13,4.10492e+08,6.37572e+08,4.02492e+08,2.2708e+08,0.0251507,397,3036.16,17724,3.34988e-05,2.15678e-05,3.41647e-05,6.05557e-05
60248,120,82.3415,0,3.79006,6.39462,4.47718,10555.5,0.0294475,0.713039,165628,0.0670736,1.63435,0.737573,2.26442,62.4194,0.229073,4661.44,4.75865e+08,8.51263e+08,5.85142e+08,3.75398e+08,0.0223604,394,3947.23,20819.8,2.88968e-05,1.61536e-05,2.35002e-05,3.66304e-05
61352,120,82.1722,0,3.74003,6.39232,4.47578,13418.5,0.0314669,0.718921,166018,0.0572538,1.6397,0.632058,2.68005,57.9929,0.219888,5006.8,5.69932e+08,1.25024e+09,9.4049e+08,6.80311e+08,0.019285,388,5579.91,25552.4,2.41274e-05,1.09986e-05,1.46211e-05,2.02128e-05
63992,120,81.7868,0,3.69003,6.38897,4.47447,20566.3,0.034423,0.725454,167084,0.0504809,1.64249,0.499493,3.69576,52.0182,0.206403,5564.83,7.71788e+08,2.20373e+09,1.81084e+09,1.43194e+09,0.0154062,404,10166.9,36094.4,1.7817e-05,6.23988e-06,7.59369e-06,9.60305e-06
