model_number,Minit,M,Xc,logTeff,logL,logLspec,tau_Fe,beta_Fe,kap_Fe,T_Fe,r_Fe_R,Gamma_Fe,Y_Fe,tau_ratio,v_c,mach_max,tau_crit,t_th_zone,t_th_above,t_th_peak,t_th_top,nu_turn,FeCZ_ncells,tau_top,tau_bot,nu_th_zone,nu_th_above,nu_th_peak,nu_th_top
797,5,4.99996,0.750682,4.31194,2.81289,2.1121,3414.83,0.942411,5.91522,147010,0.983796,0.0588737,0.647525,0,,,,,,,,,,,,,,,
817,5,4.99974,0.696937,4.30329,2.84523,2.14446,3744.96,0.940085,5.71537,147547,0.982358,0.061285,0.589961,0,,,,,,,,,,,,,,,
826,5,4.99955,0.650358,4.30097,2.87381,2.17306,3893.13,0.937935,5.5449,148310,0.981438,0.063504,0.565252,0,,,,,,,,,,,,,,,
836,5,4.99932,0.596446,4.29779,2.90582,2.20508,4058.41,0.935446,5.36061,148774,0.980332,0.066092,0.542507,0,,,,,,,,,,,,,,,
845,5,4.99911,0.547395,4.29423,2.9339,2.23319,4252.72,0.933165,5.20436,149401,0.979211,0.0684552,0.516358,0,,,,,,,,,,,,,,,
854,5,4.9989,0.498009,4.28996,2.96119,2.2605,4437.52,0.930883,5.05727,149647,0.978034,0.0708378,0.493966,0,,,,,,,,,,,,,,,
863,5,4.99868,0.448345,4.28494,2.98769,2.28702,4733.63,0.928565,4.91883,150408,0.976633,0.0732365,0.462326,0,,,,,,,,,,,,,,,
872,5,4.99846,0.398443,4.2791,3.01318,2.31253,5005.8,0.92629,4.7896,150470,0.975182,0.0756268,0.438613,0,,,,,,,,,,,,,,,
881,5,4.99824,0.348559,4.27242,3.03754,2.3369,5393.12,0.924017,4.66957,151065,0.973494,0.0779885,0.406581,0,,,,,,,,,,,,,,,
890,5,4.99803,0.29911,4.26493,3.06061,2.35999,5863,0.921793,4.55894,151680,0.971615,0.0802988,0.374022,0,,,,,,,,,,,,,,,
899,5,4.99782,0.250387,4.25665,3.0822,2.3816,6362.85,0.919658,4.45805,152087,0.969617,0.0825262,0.343831,0,,,,,,,,,,,,,,,
909,5,4.9976,0.197204,4.24662,3.1045,2.40392,7047.85,0.917382,4.35643,152616,0.967139,0.084898,0.310195,0,,,,,,,,,,,,,,,
918,5,4.99742,0.149982,4.23696,3.1233,2.42274,7795.98,0.915398,4.27274,153258,0.964661,0.0869552,0.279908,0,,,,,,,,,,,,,,,
928,5,4.99723,0.0972498,4.22595,3.14339,2.44284,8688.86,0.913242,4.1854,153639,0.961744,0.0892126,0.251642,0,,,,,,,,,,,,,,,
937,5,4.99705,0.045016,4.2178,3.16371,2.46317,9515.29,0.910973,4.09905,154462,0.959046,0.0915598,0.229164,0,,,,,,,,,,,,,,,
953,5,4.9969,0.00088883,4.25383,3.21474,2.51422,7104.27,0.905049,3.89107,155748,0.962872,0.0977551,0.305231,0,,,,,,,,,,,,,,,
1224,5,4.99688,2.06296e-25,4.20273,3.25833,2.55781,11343,0.899672,3.72284,156649,0.950046,0.103404,0.190808,0,,,,,,,,,,,,,,,
1257,5,4.99686,0,4.15108,3.2813,2.58079,17953.7,0.896726,3.63756,156938,0.934777,0.106523,0.121462,0,,,,,,,,,,,,,,,
1285,5,4.99685,3.49014e-41,4.10001,3.28443,2.58391,28217.1,0.896291,3.62618,157324,0.917466,0.106957,0.0779161,0,,,,,,,,,,,,,,,
1311,5,4.99684,1.91736e-40,4.04816,3.27776,2.57725,43898.3,0.897149,3.65059,157373,0.897304,0.106037,0.0504531,0,,,,,,,,,,,,,,,
1335,5,4.99683,0,3.99653,3.26446,2.56395,66753.8,0.898887,3.69986,156814,0.874734,0.104228,0.0335323,0,,,,,,,,,,,,,,,
1357,5,4.9968,0,3.9461,3.24686,2.54635,100130,0.901123,3.76624,156310,0.850334,0.101884,0.0226268,0,,,,,,,,,,,,,,,
1379,5,4.99677,9.58029e-38,3.89444,3.22527,2.52476,151379,0.903799,3.84955,155643,0.824215,0.0990869,0.0152551,0,,,,,,,,,,,,,,,
1402,5,4.99676,0,3.84368,3.20148,2.50097,225573,0.906642,3.94363,155080,0.797413,0.0960984,0.0103798,0,,,,,,,,,,,,,,,
1429,5,4.99674,0,3.79326,3.17582,2.47532,337908,0.909576,4.04792,154926,0.767987,0.0929829,0.00706521,0,,,,,,,,,,,,,,,
1458,5,4.99672,0,3.74257,3.14718,2.44667,498505,0.912796,4.16789,153718,0.740281,0.0896294,0.00493834,0,,,,,,,,,,,,,,,
1500,5,4.99671,0,3.69255,3.09398,2.39348,1.98378e+06,0.960029,7.72657,100226,0.854163,0.146976,0.016035,331.97,2.00526,0.0413808,5975.77,2.73934e+08,3.42158e+08,6.8224e+07,6.8224e+07,0.00948815,95,1.98378e+06,3.1535e+06,5.01982e-05,4.0189e-05,0.000201556,0.000201556
1622,5,4.99654,0,3.64253,3.31144,2.61095,3.72545e+08,0.995863,75.5946,100147,0.759793,2.37305,0.0128518,326586,1.0872,0.022628,1140.72,6.87206e+10,7.04008e+10,1.68022e+09,1.68022e+09,0.00246894,434,3.72545e+08,8.85299e+08,2.001e-07,1.95324e-07,8.18405e-06,8.18405e-06
1971,5,4.96937,0,3.69341,3.37882,2.68069,802571,0.882535,3.28951,159166,0.641474,0.121248,0.00357585,0,,,,,,,,,,,,,,,
2006,5,4.96775,0,3.74429,3.39807,2.70009,476128,0.879628,3.22844,159925,0.661733,0.124431,0.00525527,0,,,,,,,,,,,,,,,
2046,5,4.96567,0,3.79495,3.41775,2.71996,326197,0.876582,3.16626,160131,0.699392,0.127748,0.00745842,0,,,,,,,,,,,,,,,
2085,5,4.96252,0,3.84535,3.44198,2.74446,221985,0.872696,3.09083,160269,0.734793,0.131942,0.0107068,0,,,,,,,,,,,,,,,
2158,5,4.95388,0,3.7942,3.46928,2.77251,319950,0.867984,3.00606,160860,0.682626,0.136886,0.00761751,0,,,,,,,,,,,,,,,
2185,5,4.95364,0,3.84499,3.48868,2.79193,220351,0.864681,2.94969,161098,0.720513,0.140462,0.0108434,0,,,,,,,,,,,,,,,
2220,5,4.95245,0,3.7938,3.47328,2.77664,319003,0.867324,2.99392,160601,0.681219,0.137634,0.00767656,0,,,,,,,,,,,,,,,
2244,5,4.95188,0,3.74212,3.46437,2.76778,463075,0.868772,3.01922,160482,0.637863,0.135996,0.00545801,0,,,,,,,,,,,,,,,
2272,5,4.95145,0,3.69163,3.45095,2.7544,755991,0.870884,3.05724,160367,0.610323,0.133532,0.00375652,0,,,,,,,,,,,,,,,
2368,5,4.95036,0,3.64143,3.42182,2.72536,1.15849e+08,0.991598,36.1287,100008,0.739658,1.47586,0.0135013,64362,1.39938,0.0290868,1799.96,3.55762e+10,3.65891e+10,1.01292e+09,1.01292e+09,0.00256728,429,1.15849e+08,2.79315e+08,3.86522e-07,3.75822e-07,1.35756e-05,1.35756e-05
804,5.2,5.19995,0.750618,4.3207,2.86946,2.15164,3190.17,0.939562,5.67196,147465,0.983969,0.0618339,0.692018,0,,,,,,,,,,,,,,,
824,5.2,5.1997,0.698967,4.31228,2.90061,2.18281,3517.96,0.937191,5.48801,148358,0.982553,0.0642806,0.624996,0,,,,,,,,,,,,,,,
834,5.2,5.19947,0.650569,4.30988,2.93035,2.21257,3689.76,0.934833,5.31848,149274,0.981567,0.0667129,0.595858,0,,,,,,,,,,,,,,,
844,5.2,5.19922,0.600071,4.30695,2.96039,2.24264,3836.19,0.932372,5.15296,149792,0.980537,0.0692697,0.57219,0,,,,,,,,,,,,,,,
854,5.2,5.19895,0.548663,4.30328,2.98991,2.27218,3958.02,0.929882,4.99581,149781,0.979469,0.0718843,0.554551,0,,,,,,,,,,,,,,,
864,5.2,5.19868,0.496452,4.29879,3.01881,2.3011,4161.02,0.927333,4.84702,150158,0.978205,0.074546,0.527466,0,,,,,,,,,,,,,,,
873,5.2,5.19843,0.448879,4.294,3.04423,2.32654,4445.69,0.924974,4.72015,151172,0.976845,0.0769739,0.491001,0,,,,,,,,,,,,,,,
882,5.2,5.19818,0.400874,4.28844,3.06885,2.35118,4688.79,0.922663,4.60082,151214,0.975463,0.0794077,0.467213,0,,,,,,,,,,,,,,,
892,5.2,5.1979,0.347298,4.28131,3.09511,2.37746,5118.65,0.920063,4.47717,152164,0.973607,0.0820948,0.426986,0,,,,,,,,,,,,,,,
901,5.2,5.19765,0.299225,4.27404,3.11762,2.39999,5486.9,0.917793,4.37409,152422,0.971872,0.0844757,0.397738,0,,,,,,,,,,,,,,,
911,5.2,5.19738,0.246383,4.26507,3.14111,2.4235,6121.94,0.9153,4.26937,153563,0.969544,0.0870395,0.355803,0,,,,,,,,,,,,,,,
920,5.2,5.19715,0.199353,4.25622,3.16094,2.44336,6610.54,0.913196,4.18317,153490,0.967467,0.0892713,0.330049,0,,,,,,,,,,,,,,,
930,5.2,5.19691,0.147535,4.24565,3.18175,2.46418,7436.96,0.910862,4.09482,154447,0.964689,0.0916788,0.29287,0,,,,,,,,,,,,,,,
939,5.2,5.1967,0.100611,4.23587,3.19978,2.48224,8177.22,0.908817,4.01995,154813,0.962109,0.0938224,0.266207,0,,,,,,,,,,,,,,,
948,5.2,5.19649,0.0497443,4.2274,3.21956,2.50203,8884.94,0.906519,3.93964,155181,0.95951,0.0962353,0.244936,0,,,,,,,,,,,,,,,
962,5.2,5.19629,0.000850943,4.26328,3.27224,2.55473,6633.49,0.900076,3.73451,156441,0.963194,0.102995,0.326182,0,,,,,,,,,,,,,,,
1014,5.2,5.19627,1.52644e-24,4.213,3.31293,2.59542,10620.2,0.894758,3.58442,157648,0.950696,0.108564,0.203543,0,,,,,,,,,,,,,,,
1047,5.2,5.19625,0,4.16196,3.33814,2.62062,17064.6,0.891281,3.49482,158787,0.935271,0.112176,0.127239,0,,,,,,,,,,,,,,,
1075,5.2,5.19624,0,4.11134,3.34251,2.625,26204.1,0.890708,3.4796,158485,0.918497,0.112817,0.0834797,0,,,,,,,,,,,,,,,
1101,5.2,5.19623,0,4.05976,3.33701,2.6195,40180.6,0.891498,3.4988,158039,0.89881,0.112013,0.0549014,0,,,,,,,,,,,,,,,
1125,5.2,5.19622,1.18531e-39,4.00833,3.32487,2.60736,62357.2,0.893123,3.54167,158233,0.875742,0.11026,0.0358166,0,,,,,,,,,,,,,,,
1147,5.2,5.19619,0,3.95792,3.30835,2.59085,93134.8,0.895352,3.60087,157721,0.851164,0.107921,0.0241813,0,,,,,,,,,,,,,,,
1169,5.2,5.19616,2.52012e-38,3.90574,3.2877,2.5702,140666,0.898073,3.6765,157038,0.824224,0.105072,0.0162617,0,,,,,,,,,,,,,,,
1191,5.2,5.19614,0,3.85516,3.26509,2.54759,212040,0.900919,3.7613,156916,0.796531,0.102043,0.010966,0,,,,,,,,,,,,,,,
1217,5.2,5.19612,0,3.8046,3.24057,2.52307,312447,0.90397,3.85581,155934,0.767297,0.098864,0.00763088,0,,,,,,,,,,,,,,,
1245,5.2,5.19611,0,3.75437,3.21369,2.4962,460378,0.90714,3.96197,155530,0.7376,0.0954922,0.00526032,0,,,,,,,,,,,,,,,
1279,5.2,5.19609,0,3.70383,3.17723,2.45973,820957,0.911341,4.1123,154142,0.731745,0.0911327,0.00349384,0,,,,,,,,,,,,,,,
1373,5.2,5.19604,0,3.65368,3.22176,2.50427,2.8934e+08,0.995949,77.2723,100240,0.794797,1.89755,0.0129609,257717,1.08173,0.0225025,1122.7,6.62274e+10,6.74727e+10,1.24535e+09,1.24535e+09,0.00324394,413,2.8934e+08,7.03381e+08,2.07633e-07,2.03801e-07,1.10419e-05,1.10419e-05
1767,5.2,5.16533,0,3.70489,3.43904,2.72412,655075,0.875854,3.15094,159851,0.628677,0.128355,0.00405883,0,,,,,,,,,,,,,,,
1800,5.2,5.16362,0,3.75639,3.45611,2.74133,435337,0.873103,3.09928,160697,0.662668,0.131354,0.0057324,0,,,,,,,,,,,,,,,
1839,5.2,5.16129,0,3.80761,3.47531,2.76073,294450,0.870001,3.04121,160491,0.702386,0.134781,0.00822538,0,,,,,,,,,,,,,,,
1869,5.2,5.15771,0,3.85792,3.49925,2.78498,202279,0.865885,2.96984,161043,0.737094,0.139175,0.0116897,0,,,,,,,,,,,,,,,
1941,5.2,5.14794,0,3.80645,3.52792,2.81446,292883,0.860673,2.88485,161493,0.684086,0.144689,0.00834246,0,,,,,,,,,,,,,,,
1964,5.2,5.14771,0,3.85778,3.54625,2.83281,200138,0.857351,2.8339,161812,0.722935,0.148268,0.0118788,0,,,,,,,,,,,,,,,
1996,5.2,5.1464,0,3.80704,3.53166,2.81834,290611,0.859977,2.87393,161532,0.683489,0.145433,0.00839359,0,,,,,,,,,,,,,,,
2018,5.2,5.14577,0,3.75638,3.52356,2.81029,416705,0.861397,2.89593,161266,0.640188,0.143855,0.00604465,0,,,,,,,,,,,,,,,
2042,5.2,5.14533,0,3.70623,3.51248,2.79924,615092,0.863234,2.92581,161270,0.601428,0.141692,0.00431476,0,,,,,,,,,,,,,,,
2094,5.2,5.14465,0,3.6562,3.45757,2.74439,1.26324e+07,0.974407,11.8413,100167,0.763725,0.50535,0.0143958,3323.1,2.01835,0.041784,3801.38,5.36007e+09,5.67154e+09,3.11472e+08,3.11472e+08,0.00383251,313,1.26324e+07,2.95377e+07,2.56545e-06,2.42456e-06,4.41484e-05,4.41484e-05
811,5.4,5.39994,0.750637,4.32913,2.9236,2.18939,3077.82,0.936661,5.45004,149005,0.98401,0.0648092,0.713669,0,,,,,,,,,,,,,,,
832,5.4,5.39965,0.697845,4.3207,2.95555,2.22136,3345.54,0.93413,5.26952,149261,0.982644,0.0674501,0.65706,0,,,,,,,,,,,,,,,
843,5.4,5.39936,0.648317,4.31827,2.98596,2.2518,3417.76,0.931633,5.10362,149272,0.981774,0.0700698,0.643439,0,,,,,,,,,,,,,,,
854,5.4,5.39905,0.596669,4.31525,3.01665,2.28252,3552.04,0.92899,4.94203,149734,0.980736,0.0728236,0.618456,0,,,,,,,,,,,,,,,
864,5.4,5.39876,0.548586,4.31181,3.04426,2.31014,3727.16,0.926505,4.80151,150476,0.979642,0.0753998,0.587307,0,,,,,,,,,,,,,,,
874,5.4,5.39846,0.499496,4.30763,3.07148,2.33739,3951.46,0.923958,4.66718,151311,0.978397,0.0780365,0.552629,0,,,,,,,,,,,,,,,
884,5.4,5.39815,0.449355,4.30263,3.09836,2.36429,4184.71,0.921368,4.53864,151840,0.977047,0.0807361,0.520985,0,,,,,,,,,,,,,,,
894,5.4,5.39783,0.398236,4.29672,3.1246,2.39057,4479.03,0.918748,4.41691,152377,0.975508,0.0834706,0.487116,0,,,,,,,,,,,,,,,
904,5.4,5.39751,0.346473,4.28984,3.15001,2.416,4817.06,0.916116,4.30246,152970,0.973798,0.086212,0.450838,0,,,,,,,,,,,,,,,
913,5.4,5.39722,0.299702,4.2828,3.172,2.43801,5259.88,0.913747,4.20619,153845,0.971967,0.0886639,0.41339,0,,,,,,,,,,,,,,,
923,5.4,5.39691,0.247908,4.27406,3.19516,2.46119,5685.96,0.911226,4.10736,153928,0.969923,0.091328,0.382096,0,,,,,,,,,,,,,,,
933,5.4,5.39662,0.196611,4.26443,3.21692,2.48297,6284.19,0.908751,4.01689,154538,0.967531,0.0939105,0.345185,0,,,,,,,,,,,,,,,
942,5.4,5.39636,0.150699,4.25509,3.2355,2.50157,6978.56,0.906559,3.94146,155362,0.965073,0.0961791,0.310843,0,,,,,,,,,,,,,,,
952,5.4,5.39609,0.099158,4.24437,3.2555,2.5216,7724.32,0.904175,3.862,155701,0.962274,0.0986868,0.280484,0,,,,,,,,,,,,,,,
961,5.4,5.39584,0.0485885,4.23608,3.27534,2.54146,8465.5,0.901718,3.78498,156435,0.959602,0.101246,0.255842,0,,,,,,,,,,,,,,,
975,5.4,5.3956,0.000809077,4.27216,3.3276,2.59374,6242.47,0.895003,3.59044,157359,0.963421,0.108328,0.344593,0,,,,,,,,,,,,,,,
1030,5.4,5.39558,9.71099e-26,4.22136,3.36692,2.63306,10097.8,0.889569,3.45156,158759,0.950871,0.114006,0.212908,0,,,,,,,,,,,,,,,
1063,5.4,5.39556,0,4.17019,3.39285,2.65899,15934.5,0.885879,3.36335,159074,0.935693,0.117928,0.136027,0,,,,,,,,,,,,,,,
1091,5.4,5.39555,0,4.11946,3.3978,2.66394,24636.1,0.885169,3.34679,159030,0.918796,0.118692,0.0885228,0,,,,,,,,,,,,,,,
1117,5.4,5.39554,0,4.06778,3.39293,2.65908,38143.6,0.885877,3.36304,158951,0.898828,0.11794,0.0575985,0,,,,,,,,,,,,,,,
1141,5.4,5.39553,0,4.01619,3.38148,2.64762,58248.7,0.887545,3.40169,158567,0.876028,0.11619,0.0381157,0,,,,,,,,,,,,,,,
1163,5.4,5.39549,0,3.96572,3.36572,2.63187,88246.9,0.889756,3.45566,158499,0.8507,0.113829,0.0254416,0,,,,,,,,,,,,,,,
1184,5.4,5.39547,0,3.91537,3.34672,2.61287,131359,0.892405,3.52202,157890,0.82405,0.111049,0.0173501,0,,,,,,,,,,,,,,,
1206,5.4,5.39544,0,3.86339,3.32449,2.59064,197883,0.895407,3.60145,157299,0.79561,0.107887,0.0117282,0,,,,,,,,,,,,,,,
1231,5.4,5.39542,0,3.81239,3.30073,2.56688,294946,0.8985,3.68849,156834,0.765268,0.104613,0.00803172,0,,,,,,,,,,,,,,,
1259,5.4,5.3954,0,3.76087,3.27426,2.54041,437215,0.901845,3.78803,156036,0.733839,0.101085,0.00556039,0,,,,,,,,,,,,,,,
1290,5.4,5.39538,0,3.71063,3.24253,2.50868,689754,0.905649,3.91087,155594,0.712263,0.0970144,0.00376408,0,,,,,,,,,,,,,,,
1370,5.4,5.39534,1.05324e-34,3.66059,3.19582,2.46198,1.74389e+08,0.995117,63.4948,100261,0.812581,1.41384,0.0131928,138315,1.16105,0.0241333,1260.81,4.65202e+10,4.74005e+10,8.80285e+08,8.80285e+08,0.00394646,372,1.74389e+08,4.29598e+08,2.95592e-07,2.90102e-07,1.56211e-05,1.56211e-05
1783,5.4,5.36114,0,3.71124,3.49407,2.76299,604786,0.869525,3.03219,160371,0.623534,0.135083,0.00431081,0,,,,,,,,,,,,,,,
1815,5.4,5.35938,3.66531e-32,3.76229,3.50955,2.77862,412367,0.866909,2.98739,161064,0.660306,0.137962,0.00603328,0,,,,,,,,,,,,,,,
1849,5.4,5.35689,0,3.81323,3.52779,2.79706,279604,0.863833,2.93439,160708,0.700569,0.141393,0.0086542,0,,,,,,,,,,,,,,,
1878,5.4,5.35323,0,3.86384,3.55019,2.81976,192538,0.859765,2.87021,161405,0.735843,0.145721,0.0122619,0,,,,,,,,,,,,,,,
1960,5.4,5.34136,0,3.81253,3.58277,2.8533,278474,0.853494,2.77741,162164,0.681254,0.152332,0.00873143,0,,,,,,,,,,,,,,,
1988,5.4,5.34096,0,3.86326,3.60538,2.87594,191586,0.849152,2.71729,162549,0.718328,0.157009,0.0123977,0,,,,,,,,,,,,,,,
2024,5.4,5.33943,0,3.81172,3.58669,2.85737,278754,0.85276,2.76644,161953,0.679384,0.153159,0.00876577,0,,,,,,,,,,,,,,,
2046,5.4,5.33878,0,3.75974,3.57843,2.84917,404481,0.854232,2.78786,162037,0.634058,0.151458,0.0062208,0,,,,,,,,,,,,,,,
2070,5.4,5.33832,0,3.70807,3.56717,2.83794,597173,0.856234,2.81693,161802,0.592714,0.149133,0.00445206,0,,,,,,,,,,,,,,,
2116,5.4,5.33769,0,3.65787,3.51931,2.79014,6.079e+06,0.960786,7.86764,100151,0.762061,0.373066,0.0146907,1164.78,2.25253,0.0465174,5219,2.91823e+09,3.14995e+09,2.3171e+08,2.3171e+08,0.00388034,249,6.079e+06,1.36851e+07,4.71209e-06,4.36547e-06,5.93456e-05,5.93456e-05
816,5.6,5.59993,0.75074,4.33727,2.97547,2.22546,2870.2,0.933799,5.24678,149252,0.984205,0.0677964,0.763182,0,,,,,,,,,,,,,,,
838,5.6,5.59959,0.697658,4.32879,3.00767,2.2577,3130.03,0.931118,5.07214,149691,0.982831,0.0705892,0.698517,0,,,,,,,,,,,,,,,
850,5.6,5.59924,0.647301,4.32634,3.03861,2.28866,3259.96,0.928429,4.91046,150262,0.98186,0.0733888,0.672655,0,,,,,,,,,,,,,,,
861,5.6,5.59891,0.599052,4.32354,3.06731,2.31739,3386.45,0.925824,4.76534,150945,0.980883,0.076091,0.643598,0,,,,,,,,,,,,,,,
872,5.6,5.59855,0.549264,4.32002,3.09595,2.34606,3562.91,0.923124,4.6253,151665,0.979749,0.0788948,0.611259,0,,,,,,,,,,,,,,,
883,5.6,5.59818,0.498275,4.3157,3.12427,2.3744,3744.71,0.920372,4.49138,152030,0.978521,0.081777,0.582539,0,,,,,,,,,,,,,,,
893,5.6,5.59783,0.450779,4.31099,3.14978,2.39994,3947.16,0.917789,4.37433,152585,0.977259,0.0844688,0.550159,0,,,,,,,,,,,,,,,
904,5.6,5.59744,0.39734,4.30484,3.17728,2.42747,4235.69,0.914908,4.252,153128,0.975661,0.0874811,0.513292,0,,,,,,,,,,,,,,,
914,5.6,5.59708,0.347869,4.29829,3.20164,2.45186,4551.18,0.912267,4.14683,153628,0.97402,0.0902457,0.477824,0,,,,,,,,,,,,,,,
924,5.6,5.59672,0.297774,4.29078,3.22527,2.47552,4991.48,0.909586,4.04763,154644,0.972078,0.0930184,0.434575,0,,,,,,,,,,,,,,,
934,5.6,5.59637,0.247454,4.2823,3.24785,2.49813,5448.1,0.906975,3.95533,155140,0.970001,0.0957544,0.397866,0,,,,,,,,,,,,,,,
944,5.6,5.59602,0.197142,4.27288,3.26932,2.51963,6031.23,0.904397,3.86976,155894,0.967624,0.0984371,0.358678,0,,,,,,,,,,,,,,,
954,5.6,5.59569,0.146916,4.26267,3.28977,2.54009,6664.49,0.901894,3.79023,156317,0.965059,0.101067,0.324268,0,,,,,,,,,,,,,,,
964,5.6,5.59538,0.0959416,4.25211,3.30968,2.56003,7410.82,0.899371,3.71453,156951,0.962225,0.103701,0.290589,0,,,,,,,,,,,,,,,
973,5.6,5.59508,0.0454307,4.24419,3.32976,2.58013,8035.38,0.896782,3.64,157313,0.95968,0.106435,0.268796,0,,,,,,,,,,,,,,,
991,5.6,5.59482,0.000976444,4.27842,3.37821,2.6286,6028.75,0.890238,3.46706,158190,0.96333,0.113348,0.356571,0,,,,,,,,,,,,,,,
1328,5.6,5.5948,2.21626e-28,4.22813,3.42055,2.67095,9725.23,0.884094,3.32349,159643,0.950637,0.119782,0.221123,0,,,,,,,,,,,,,,,
1361,5.6,5.59477,0,4.17666,3.44565,2.69605,15217.8,0.880358,3.24158,159687,0.935531,0.123781,0.14195,0,,,,,,,,,,,,,,,
1389,5.6,5.59476,0,4.12585,3.45069,2.70109,23448.4,0.879616,3.22539,159470,0.918628,0.1246,0.0927641,0,,,,,,,,,,,,,,,
1415,5.6,5.59475,0,4.07414,3.44625,2.69665,36905.3,0.88025,3.23966,159872,0.898152,0.123879,0.0595958,0,,,,,,,,,,,,,,,
1439,5.6,5.59474,0,4.02259,3.43541,2.68581,56841.7,0.881877,3.27469,159879,0.874855,0.122132,0.0390634,0,,,,,,,,,,,,,,,
1461,5.6,5.59471,0,3.9721,3.42034,2.67075,83816.8,0.884214,3.32413,158684,0.849989,0.11975,0.0268841,0,,,,,,,,,,,,,,,
1482,5.6,5.59467,0,3.92158,3.40207,2.65247,128413,0.886788,3.3852,159314,0.821557,0.116925,0.0177513,0,,,,,,,,,,,,,,,
1503,5.6,5.59465,0,3.8711,3.38135,2.63175,189737,0.889769,3.45597,158489,0.793539,0.113809,0.0122348,0,,,,,,,,,,,,,,,
1527,5.6,5.59462,0,3.82026,3.35858,2.60899,279637,0.892923,3.53544,157802,0.763307,0.110482,0.00844226,0,,,,,,,,,,,,,,,
1554,5.6,5.5946,0,3.76938,3.33352,2.58393,416950,0.896232,3.62518,157623,0.730607,0.106934,0.00579703,0,,,,,,,,,,,,,,,
1584,5.6,5.59458,0,3.71815,3.30358,2.554,639687,0.900041,3.73522,157227,0.70221,0.102847,0.0039599,0,,,,,,,,,,,,,,,
1649,5.6,5.59455,0,3.66811,3.2106,2.46102,5.56628e+07,0.991512,35.7418,100359,0.824971,0.793823,0.0136459,30940.5,1.41451,0.0293407,1799.03,1.60459e+10,1.65105e+10,4.6463e+08,4.6463e+08,0.00502444,290,5.56628e+07,1.35466e+08,8.5698e-07,8.32864e-07,2.95955e-05,2.95955e-05
2081,5.6,5.55648,0,3.71933,3.54756,2.80094,564193,0.862946,2.92122,161446,0.619674,0.142021,0.0045631,0,,,,,,,,,,,,,,,
2113,5.6,5.55459,0,3.771,3.56197,2.8155,385711,0.860442,2.88124,161636,0.659922,0.144854,0.00644132,0,,,,,,,,,,,,,,,
2144,5.6,5.55193,0,3.82105,3.57926,2.83299,265423,0.857325,2.83298,161664,0.699561,0.148281,0.00908155,0,,,,,,,,,,,,,,,
2172,5.6,5.54805,0,3.87164,3.60058,2.85462,182484,0.853286,2.77418,162098,0.735293,0.152618,0.0129426,0,,,,,,,,,,,,,,,
2271,5.6,5.53735,0,3.92244,3.64967,2.90455,123334,0.843441,2.64312,163085,0.761757,0.163122,0.0187342,0,,,,,,,,,,,,,,,
2307,5.6,5.53307,0,3.87176,3.64752,2.90274,178872,0.84385,2.6476,162715,0.721297,0.16272,0.0132367,0,,,,,,,,,,,,,,,
2326,5.6,5.53176,0,3.82166,3.6432,2.89852,259663,0.844635,2.65812,162944,0.678453,0.161786,0.00937163,0,,,,,,,,,,,,,,,
2348,5.6,5.5309,0,3.76977,3.6358,2.89118,370791,0.846118,2.67636,162426,0.633473,0.160168,0.00676177,0,,,,,,,,,,,,,,,
2371,5.6,5.53034,0,3.71873,3.62568,2.88111,531171,0.848052,2.70113,161988,0.590844,0.157947,0.00491688,0,,,,,,,,,,,,,,,
2405,5.6,5.52979,0,3.66795,3.60084,2.85631,848374,0.887148,3.0378,100266,0.759318,0.167761,0.0161499,21.7761,0.868403,0.0175416,38958.9,5.60198e+07,1.68744e+08,1.12724e+08,1.12724e+08,0.00131571,28,848374,942233,0.000245467,8.14901e-05,0.000121988,0.000121988
823,5.8,5.79993,0.750717,4.34494,3.02534,2.2601,2708.86,0.930914,5.05943,149716,0.984345,0.0708023,0.807498,0,,,,,,,,,,,,,,,
845,5.8,5.79954,0.700907,4.3367,3.05559,2.29037,2961.17,0.92828,4.90165,150213,0.98302,0.073547,0.739362,0,,,,,,,,,,,,,,,
858,5.8,5.79915,0.650831,4.33429,3.08642,2.32124,3055.8,0.92548,4.74624,150776,0.982106,0.0764607,0.712391,0,,,,,,,,,,,,,,,
871,5.8,5.79872,0.598213,4.33128,3.11778,2.35262,3215.18,0.922499,4.59386,151679,0.981003,0.0795523,0.676053,0,,,,,,,,,,,,,,,
883,5.8,5.7983,0.548138,4.32775,3.14659,2.38147,3356.66,0.919675,4.45864,152011,0.97991,0.0825128,0.649413,0,,,,,,,,,,,,,,,
894,5.8,5.7979,0.500644,4.32375,3.173,2.40791,3538.91,0.916962,4.33849,152796,0.978737,0.0853297,0.613053,0,,,,,,,,,,,,,,,
906,5.8,5.79744,0.447023,4.31844,3.20182,2.43677,3804.61,0.913893,4.21159,153632,0.977237,0.0885241,0.571418,0,,,,,,,,,,,,,,,
916,5.8,5.79705,0.400977,4.31317,3.22557,2.46055,4023.59,0.91129,4.11011,154043,0.975893,0.0912533,0.539289,0,,,,,,,,,,,,,,,
927,5.8,5.7966,0.349073,4.30637,3.25125,2.48626,4344.58,0.908366,4.00346,154717,0.974172,0.0943077,0.498445,0,,,,,,,,,,,,,,,
937,5.8,5.7962,0.300961,4.29922,3.27408,2.50911,4730.44,0.905663,3.91133,155581,0.972342,0.0971154,0.456839,0,,,,,,,,,,,,,,,
948,5.8,5.79576,0.247468,4.29026,3.29823,2.5333,5230.2,0.902715,3.81642,156418,0.970085,0.100186,0.412538,0,,,,,,,,,,,,,,,
958,5.8,5.79536,0.198555,4.28114,3.31924,2.55434,5649.82,0.900136,3.73599,156291,0.967958,0.102942,0.382357,0,,,,,,,,,,,,,,,
968,5.8,5.79499,0.149444,4.2712,3.33941,2.57453,6294.23,0.897518,3.66061,157116,0.965373,0.105666,0.342584,0,,,,,,,,,,,,,,,
978,5.8,5.79462,0.0995339,4.26084,3.35908,2.59424,6979.02,0.894915,3.58868,157635,0.962615,0.108399,0.308559,0,,,,,,,,,,,,,,,
987,5.8,5.79428,0.0507635,4.25264,3.37845,2.61363,7587.55,0.892286,3.51946,158134,0.96007,0.111162,0.283578,0,,,,,,,,,,,,,,,
1004,5.8,5.79394,0.000996844,4.28602,3.42831,2.66351,5668.37,0.885282,3.34819,158504,0.963577,0.118624,0.378828,0,,,,,,,,,,,,,,,
1327,5.8,5.79391,3.43384e-30,4.23474,3.47088,2.70609,9182.37,0.878834,3.2095,159686,0.950762,0.125421,0.234663,0,,,,,,,,,,,,,,,
1360,5.8,5.79389,0,4.18315,3.49612,2.73133,14573.5,0.874843,3.13026,160233,0.935412,0.129646,0.148438,0,,,,,,,,,,,,,,,
1388,5.8,5.79387,0,4.13234,3.5015,2.73671,22602.8,0.873981,3.11366,160282,0.918308,0.130566,0.0963222,0,,,,,,,,,,,,,,,
1414,5.8,5.79386,0,4.08068,3.49754,2.73275,34956.3,0.874626,3.12584,160143,0.898126,0.129889,0.0628168,0,,,,,,,,,,,,,,,
1438,5.8,5.79385,0,4.02927,3.48733,2.72254,54178.5,0.876202,3.15753,160461,0.874554,0.128156,0.0408925,0,,,,,,,,,,,,,,,
1460,5.8,5.79381,0,3.97898,3.473,2.70822,80267.1,0.878517,3.20265,159555,0.849302,0.125771,0.0279902,0,,,,,,,,,,,,,,,
1481,5.8,5.79378,0,3.92835,3.45545,2.69067,120569,0.881199,3.25888,159352,0.821032,0.122911,0.0188973,0,,,,,,,,,,,,,,,
1502,5.8,5.79375,0,3.87731,3.43532,2.67054,179453,0.884215,3.32464,158889,0.791995,0.119711,0.0128587,0,,,,,,,,,,,,,,,
1525,5.8,5.79372,0,3.82688,3.41353,2.64876,268667,0.887338,3.39745,158901,0.760657,0.116349,0.00875782,0,,,,,,,,,,,,,,,
1552,5.8,5.7937,0,3.77568,3.38921,2.62444,396726,0.890768,3.48066,158271,0.727622,0.112709,0.00608031,0,,,,,,,,,,,,,,,
1581,5.8,5.79368,0,3.72529,3.36118,2.59641,586220,0.894575,3.57886,157413,0.698089,0.108651,0.00425593,0,,,,,,,,,,,,,,,
1632,5.8,5.79365,0,3.67527,3.28069,2.51592,9.12154e+06,0.977806,13.6062,100177,0.830532,0.342983,0.0144944,2627.24,1.91642,0.0396856,3471.91,2.88061e+09,3.06897e+09,1.88359e+08,1.88359e+08,0.00627141,194,9.12154e+06,2.0434e+07,4.77363e-06,4.48065e-06,7.30043e-05,7.30043e-05
2083,5.8,5.75143,0,3.72647,3.59892,2.83732,523116,0.856432,2.8191,161516,0.617648,0.149032,0.00489584,0,,,,,,,,,,,,,,,
2114,5.8,5.74954,0,3.77703,3.61145,2.85,362919,0.854167,2.78574,161575,0.658742,0.151632,0.00684521,0,,,,,,,,,,,,,,,
2143,5.8,5.74664,0,3.82782,3.62832,2.86708,253580,0.850843,2.74038,162533,0.698105,0.155147,0.00947526,0,,,,,,,,,,,,,,,
2170,5.8,5.74255,0,3.87811,3.64854,2.88761,174376,0.846845,2.68663,162813,0.734135,0.159467,0.0135099,0,,,,,,,,,,,,,,,
2288,5.8,5.72581,0,3.826,3.68656,2.9269,250980,0.838786,2.58619,163383,0.67693,0.16804,0.00967975,0,,,,,,,,,,,,,,,
2309,5.8,5.72501,0,3.77581,3.67932,2.91972,354428,0.840288,2.6035,162943,0.633166,0.16639,0.00705358,0,,,,,,,,,,,,,,,
2332,5.8,5.72446,0,3.7247,3.66932,2.90976,509944,0.842238,2.62732,162803,0.588761,0.164108,0.00511474,0,,,,,,,,,,,,,,,
2362,5.8,5.72397,0,3.67444,3.65032,2.8908,996113,0.845809,2.67267,162642,0.579189,0.159809,0.00334145,0,,,,,,,,,,,,,,,
829,6,5.99992,0.750684,4.35229,3.0733,2.29334,2584.7,0.928004,4.88643,150508,0.984442,0.0738212,0.843605,0,,,,,,,,,,,,,,,
852,6,5.99947,0.700588,4.34411,3.10381,2.32388,2812.35,0.925237,4.73329,150818,0.983141,0.0767171,0.777221,0,,,,,,,,,,,,,,,
866,6,5.99901,0.650908,4.34175,3.13442,2.35452,2918.06,0.922326,4.58486,151526,0.982211,0.0797441,0.746035,0,,,,,,,,,,,,,,,
880,6,5.99852,0.598864,4.3388,3.16546,2.3856,3075.91,0.91924,4.43964,152463,0.981111,0.0829459,0.707711,0,,,,,,,,,,,,,,,
893,6,5.99803,0.548402,4.33526,3.19453,2.4147,3196.29,0.916262,4.30825,152796,0.98004,0.0860706,0.67981,0,,,,,,,,,,,,,,,
905,6,5.99756,0.499885,4.33119,3.22154,2.44175,3393.99,0.913347,4.19004,153813,0.978811,0.0890877,0.637119,0,,,,,,,,,,,,,,,
917,6,5.99705,0.449238,4.32621,3.24883,2.46907,3592.54,0.910333,4.0744,154246,0.977468,0.0922533,0.602572,0,,,,,,,,,,,,,,,
929,6,5.99653,0.396592,4.32018,3.27602,2.4963,3891.86,0.907175,3.96269,155298,0.975832,0.0955295,0.554708,0,,,,,,,,,,,,,,,
940,6,5.99603,0.34661,4.3136,3.30075,2.52106,4173.69,0.904237,3.86411,155736,0.974193,0.0986196,0.517231,0,,,,,,,,,,,,,,,
950,6,5.99558,0.300125,4.30668,3.32284,2.54319,4513.21,0.901506,3.77838,156427,0.972452,0.101472,0.477456,0,,,,,,,,,,,,,,,
961,6,5.99508,0.248265,4.29802,3.34636,2.56674,4941.77,0.898525,3.68949,156942,0.97032,0.104607,0.436279,0,,,,,,,,,,,,,,,
971,6,5.99463,0.200538,4.28917,3.367,2.58741,5402.89,0.895823,3.61341,157478,0.968138,0.107444,0.397772,0,,,,,,,,,,,,,,,
982,6,5.99416,0.147499,4.27846,3.38893,2.60938,6026.92,0.892874,3.53454,157974,0.965409,0.11055,0.357345,0,,,,,,,,,,,,,,,
992,6,5.99373,0.0982958,4.26825,3.40846,2.62894,6668.42,0.89017,3.46592,158445,0.962689,0.113398,0.322761,0,,,,,,,,,,,,,,,
1001,6,5.99334,0.0500255,4.26019,3.42778,2.64829,7189.88,0.887429,3.39946,158816,0.960245,0.116292,0.298063,0,,,,,,,,,,,,,,,
1019,6,5.99295,0.000993826,4.29338,3.47691,2.69745,5420.03,0.88017,3.23707,159459,0.963656,0.12401,0.394508,0,,,,,,,,,,,,,,,
1357,6,5.99291,6.36079e-31,4.2426,3.51798,2.73852,8627.49,0.873691,3.10804,160262,0.95122,0.130876,0.247979,0,,,,,,,,,,,,,,,
1390,6,5.99289,0,4.19108,3.54423,2.76477,13640.2,0.869362,3.0286,160711,0.935976,0.135475,0.157364,0,,,,,,,,,,,,,,,
1418,6,5.99287,4.02825e-40,4.14036,3.5503,2.77084,21427.6,0.868307,3.01059,161110,0.918695,0.136566,0.101247,0,,,,,,,,,,,,,,,
1444,6,5.99285,0,4.0888,3.54708,2.76762,32904.3,0.868893,3.02016,160695,0.898695,0.135988,0.0665679,0,,,,,,,,,,,,,,,
1468,6,5.99285,0,4.03751,3.53765,2.7582,50372.3,0.870469,3.0483,160538,0.875485,0.13431,0.0439293,0,,,,,,,,,,,,,,,
1490,6,5.99282,0,3.98712,3.52408,2.74463,76363.9,0.872675,3.08936,160584,0.84934,0.13193,0.029308,0,,,,,,,,,,,,,,,
1511,6,5.99278,0,3.93628,3.50726,2.72781,113087,0.875448,3.14105,159738,0.821077,0.129044,0.0201072,0,,,,,,,,,,,,,,,
1532,6,5.99274,8.43736e-37,3.88442,3.48765,2.70821,173490,0.878448,3.20253,160181,0.789836,0.125762,0.0133105,0,,,,,,,,,,,,,,,
1554,6,5.99271,0,3.83419,3.46674,2.6873,254352,0.881665,3.26947,159579,0.759178,0.122357,0.00922576,0,,,,,,,,,,,,,,,
1580,6,5.99269,0,3.78357,3.4436,2.66416,375368,0.885084,3.3452,159205,0.725624,0.118698,0.00640272,0,,,,,,,,,,,,,,,
1608,6,5.99267,0,3.73319,3.41689,2.63745,547031,0.888957,3.43467,157981,0.694405,0.114607,0.00455164,0,,,,,,,,,,,,,,,
1648,6,5.99264,5.28266e-38,3.68272,3.36293,2.58349,1.3423e+06,0.936734,5.05708,100291,0.831311,0.148963,0.0154137,134.824,1.90507,0.0390848,9955.91,1.74161e+08,2.57455e+08,8.32937e+07,8.32937e+07,0.00546765,70,1.3423e+06,1.84331e+06,7.89555e-05,5.34112e-05,0.00016509,0.00016509
1760,6,5.99245,0,3.63251,3.57747,2.79805,1.60507e+08,0.991897,37.495,100365,0.730504,1.81091,0.0125466,89192.5,1.34991,0.0280061,1799.55,5.21238e+10,5.3575e+10,1.45128e+09,1.45128e+09,0.00191869,445,1.60507e+08,4.01523e+08,2.63814e-07,2.56668e-07,9.47508e-06,9.47508e-06
2081,6,5.94647,0,3.6834,3.6409,2.86482,818701,0.851017,2.74173,162035,0.587306,0.154415,0.00358919,0,,,,,,,,,,,,,,,
2114,6,5.94581,0,3.73494,3.6489,2.87287,490058,0.849662,2.72332,162209,0.615865,0.15625,0.00522193,0,,,,,,,,,,,,,,,
2145,6,5.94384,0,3.78611,3.66014,2.88426,338890,0.84753,2.69453,162247,0.659271,0.158704,0.00729257,0,,,,,,,,,,,,,,,
2174,6,5.94058,0,3.8379,3.67687,2.90122,232778,0.844144,2.65114,162685,0.700294,0.16237,0.0102881,0,,,,,,,,,,,,,,,
2200,6,5.93612,0,3.888,3.69651,2.92118,160920,0.840012,2.60077,163298,0.735922,0.166777,0.0145307,0,,,,,,,,,,,,,,,
2308,6,5.91811,0,3.83609,3.73408,2.96008,235283,0.831547,2.50495,164500,0.677997,0.175684,0.0102683,0,,,,,,,,,,,,,,,
2329,6,5.91716,0,3.78445,3.72706,2.95313,332478,0.833144,2.52113,163649,0.633281,0.17401,0.00748811,0,,,,,,,,,,,,,,,
2351,6,5.91654,0,3.73367,3.71762,2.94373,479700,0.834979,2.54276,164070,0.587245,0.171748,0.00539236,0,,,,,,,,,,,,,,,
2378,6,5.91606,0,3.68229,3.70243,2.92858,773408,0.837992,2.57704,163594,0.557476,0.168097,0.00377684,0,,,,,,,,,,,,,,,
2466,6,5.91492,0,3.63222,3.67317,2.8994,5.12235e+07,0.983926,18.7174,100257,0.71281,1.14148,0.0131993,18234.6,1.71545,0.0355512,2809.15,2.47403e+10,2.56172e+10,8.76886e+08,8.76886e+08,0.00204001,407,5.12235e+07,1.2899e+08,5.55814e-07,5.36788e-07,1.56816e-05,1.56816e-05
844,6.5,6.4999,0.750516,4.36935,3.18574,2.37101,2279.94,0.920725,4.50714,151639,0.984724,0.0814255,0.953815,0,,,,,,,,,,,,,,,
870,6.5,6.49926,0.700098,4.36142,3.21662,2.40194,2494.27,0.917599,4.36531,152358,0.983417,0.0846842,0.870248,0,,,,,,,,,,,,,,,
888,6.5,6.49859,0.648598,4.35902,3.24837,2.43373,2633.43,0.914213,4.22472,153669,0.982386,0.0881807,0.820759,0,,,,,,,,,,,,,,,
904,6.5,6.49794,0.600109,4.35629,3.27732,2.46272,2711.28,0.911066,4.10093,153801,0.981468,0.0915069,0.79883,0,,,,,,,,,,,,,,,
920,6.5,6.49724,0.54873,4.35274,3.30699,2.49245,2882.03,0.907644,3.9783,154930,0.980273,0.095059,0.749911,0,,,,,,,,,,,,,,,
934,6.5,6.49657,0.50098,4.34879,3.33367,2.51917,3065.49,0.904444,3.87156,156009,0.979055,0.0983791,0.702607,0,,,,,,,,,,,,,,,
948,6.5,6.49585,0.450391,4.34388,3.36105,2.54659,3260.05,0.901058,3.76536,156821,0.977691,0.101917,0.657872,0,,,,,,,,,,,,,,,
962,6.5,6.4951,0.397145,4.33785,3.38871,2.5743,3449.12,0.897564,3.66145,156910,0.976198,0.105634,0.62262,0,,,,,,,,,,,,,,,
974,6.5,6.49442,0.349464,4.33164,3.41248,2.59812,3729.54,0.894376,3.57467,157948,0.97457,0.108945,0.572762,0,,,,,,,,,,,,,,,
986,6.5,6.49373,0.299806,4.32433,3.4363,2.62199,3979.95,0.891177,3.49009,157833,0.972853,0.112377,0.53908,0,,,,,,,,,,,,,,,
998,6.5,6.49302,0.248391,4.31578,3.45986,2.64559,4376.46,0.887829,3.40867,158629,0.970711,0.115885,0.48928,0,,,,,,,,,,,,,,,
1009,6.5,6.49237,0.199823,4.3068,3.48112,2.6669,4798.12,0.88473,3.33697,159154,0.968487,0.119152,0.445812,0,,,,,,,,,,,,,,,
1020,6.5,6.49173,0.150198,4.2968,3.50197,2.68779,5265.05,0.881633,3.26832,159367,0.966025,0.122451,0.406224,0,,,,,,,,,,,,,,,
1031,6.5,6.49109,0.0989804,4.28615,3.52267,2.70853,5846.5,0.878443,3.2017,159825,0.963207,0.125824,0.365664,0,,,,,,,,,,,,,,,
1041,6.5,6.49049,0.0477096,4.27764,3.54355,2.72946,6355.87,0.875141,3.13605,160213,0.960573,0.129327,0.336271,0,,,,,,,,,,,,,,,
1063,6.5,6.48995,0.00098252,4.31046,3.59079,2.77673,4781.4,0.867369,2.99322,160680,0.964003,0.137632,0.445819,0,,,,,,,,,,,,,,,
1409,6.5,6.4899,3.26326e-34,4.25914,3.62939,2.81533,7532.06,0.860675,2.88193,160800,0.951851,0.144833,0.284082,0,,,,,,,,,,,,,,,
1442,6.5,6.48987,0,4.20762,3.65694,2.84288,12121.9,0.855533,2.80549,161934,0.936355,0.150225,0.176964,0,,,,,,,,,,,,,,,
1470,6.5,6.48984,0,4.15701,3.66421,2.85015,18699.7,0.8542,2.78568,161816,0.919399,0.151682,0.11554,0,,,,,,,,,,,,,,,
1496,6.5,6.48982,0,4.10549,3.66237,2.84831,29001.3,0.854563,2.7907,161682,0.899141,0.151313,0.0754439,0,,,,,,,,,,,,,,,
1520,6.5,6.48981,0,4.0543,3.65449,2.84044,44765.5,0.855986,2.8122,161922,0.875533,0.14974,0.0493278,0,,,,,,,,,,,,,,,
1543,6.5,6.48979,0,4.00199,3.64201,2.82796,67766.4,0.858329,2.84661,161414,0.848449,0.147277,0.032907,0,,,,,,,,,,,,,,,
1564,6.5,6.48974,6.07128e-37,3.95106,3.62677,2.81273,102517,0.861036,2.88929,161541,0.818331,0.144334,0.0220512,0,,,,,,,,,,,,,,,
1584,6.5,6.4897,0,3.90041,3.60939,2.79535,151753,0.86414,2.93883,161013,0.787275,0.14105,0.0151641,0,,,,,,,,,,,,,,,
1605,6.5,6.48966,0,3.84918,3.58982,2.77578,226605,0.867466,2.99559,161004,0.754518,0.137441,0.010302,0,,,,,,,,,,,,,,,
1630,6.5,6.48963,0,3.79793,3.56823,2.75419,335847,0.871059,3.05955,160747,0.719253,0.13357,0.00712287,0,,,,,,,,,,,,,,,
1657,6.5,6.48961,0,3.74742,3.54357,2.72953,492700,0.875032,3.1341,160295,0.68423,0.129279,0.00500576,0,,,,,,,,,,,,,,,
1688,6.5,6.48958,0,3.69718,3.50994,2.6959,780131,0.880269,3.23833,159085,0.664135,0.123635,0.00346144,0,,,,,,,,,,,,,,,
1770,6.5,6.48951,0,3.64704,3.49863,2.6846,9.75059e+07,0.991175,34.3422,100281,0.778376,1.27697,0.0126749,51226.8,1.38995,0.0288402,1903.41,4.08003e+10,4.1733e+10,9.32703e+08,9.32703e+08,0.00267093,400,9.75059e+07,2.49916e+08,3.37032e-07,3.29499e-07,1.47432e-05,1.47432e-05
2143,6.5,6.42983,0,3.69768,3.76218,2.95216,646720,0.832976,2.52021,164217,0.563351,0.173553,0.00418932,0,,,,,,,,,,,,,,,
2172,6.5,6.42935,0,3.74823,3.76639,2.9564,433961,0.832409,2.51224,163377,0.607743,0.174708,0.00586761,0,,,,,,,,,,,,,,,
2202,6.5,6.4278,0,3.79908,3.7717,2.96182,306815,0.831268,2.50031,163720,0.653503,0.17606,0.00802994,0,,,,,,,,,,,,,,,
2230,6.5,6.42388,0,3.85079,3.78687,2.97725,215267,0.827709,2.4641,164865,0.694248,0.179787,0.0111024,0,,,,,,,,,,,,,,,
2255,6.5,6.4186,0,3.90186,3.80483,2.99557,144917,0.823676,2.42161,164417,0.732995,0.184299,0.0161368,0,,,,,,,,,,,,,,,
2372,6.5,6.39411,0,3.85029,3.84498,3.03737,210905,0.813511,2.32695,165908,0.673261,0.19499,0.011422,0,,,,,,,,,,,,,,,
2391,6.5,6.39306,0,3.79991,3.83861,3.03108,297939,0.81505,2.34035,165525,0.628326,0.19329,0.00833206,0,,,,,,,,,,,,,,,
2412,6.5,6.39234,0,3.74976,3.83007,3.02259,419698,0.816967,2.3582,165516,0.582348,0.190998,0.00611277,0,,,,,,,,,,,,,,,
2436,6.5,6.39181,0,3.69849,3.81792,3.01048,605710,0.819719,2.38322,164832,0.540973,0.187718,0.00450072,0,,,,,,,,,,,,,,,
2488,6.5,6.39104,0,3.64806,3.76222,2.95483,4.20866e+06,0.940832,5.37341,100043,0.735076,0.372238,0.0144899,587.227,2.47498,0.0509019,7167.02,3.1427e+09,3.40884e+09,2.66142e+08,2.66142e+08,0.0027939,247,4.20866e+06,9.87176e+06,4.37554e-06,4.03392e-06,5.16679e-05,5.16679e-05
856,7,6.99991,0.75093,4.3854,3.28844,2.44153,2075.85,0.913368,4.19094,153840,0.984911,0.089061,1.03591,0,,,,,,,,,,,,,,,
874,7,6.99986,0.694042,4.37699,3.32374,2.47683,2308.43,0.909417,4.04212,154951,0.983432,0.0931736,0.93094,0,,,,,,,,,,,,,,,
880,7,6.99982,0.646833,4.37483,3.3531,2.50619,2395.21,0.906008,3.92297,155538,0.982543,0.0967515,0.898871,0,,,,,,,,,,,,,,,
889,7,6.99941,0.599014,4.37217,3.38182,2.53494,2476.89,0.902545,3.81007,156014,0.981613,0.100398,0.866778,0,,,,,,,,,,,,,,,
907,7,6.9985,0.550184,4.36883,3.4101,2.56327,2603.55,0.898967,3.70241,156900,0.980523,0.104137,0.821208,0,,,,,,,,,,,,,,,
925,7,6.99754,0.500552,4.36477,3.43792,2.59115,2755.3,0.895325,3.59987,157593,0.979305,0.107966,0.777393,0,,,,,,,,,,,,,,,
942,7,6.99655,0.450181,4.35991,3.46528,2.61858,2938.53,0.891592,3.50208,158419,0.977934,0.11188,0.728147,0,,,,,,,,,,,,,,,
958,7,6.99554,0.399046,4.35417,3.492,2.64536,3124.23,0.887836,3.40946,158918,0.976461,0.115849,0.682974,0,,,,,,,,,,,,,,,
973,7,6.99453,0.347703,4.34752,3.51777,2.6712,3320.72,0.884119,3.32272,159006,0.974865,0.119823,0.642905,0,,,,,,,,,,,,,,,
986,7,6.99361,0.300449,4.34057,3.54062,2.69409,3570.17,0.880676,3.2479,159472,0.97316,0.123466,0.597249,0,,,,,,,,,,,,,,,
999,7,6.99265,0.250735,4.33236,3.56365,2.71719,3856.97,0.877116,3.17434,159722,0.971207,0.12726,0.552057,0,,,,,,,,,,,,,,,
1012,7,6.99168,0.198653,4.32274,3.58674,2.74034,4298.57,0.873368,3.10251,160577,0.96875,0.13119,0.495765,0,,,,,,,,,,,,,,,
1024,7,6.99077,0.148486,4.3126,3.60808,2.76174,4719.65,0.869863,3.03772,160755,0.966253,0.134939,0.451629,0,,,,,,,,,,,,,,,
1035,7,6.98994,0.100567,4.30257,3.62776,2.78146,5152.49,0.86656,2.97933,160757,0.963703,0.138495,0.413927,0,,,,,,,,,,,,,,,
1046,7,6.98906,0.0476591,4.29359,3.6496,2.80336,5651.83,0.862714,2.916,161350,0.9609,0.142561,0.377003,0,,,,,,,,,,,,,,,
1067,7,6.98829,0.00096113,4.32604,3.696,2.84981,4277.04,0.854251,2.78663,161920,0.964226,0.151615,0.496887,0,,,,,,,,,,,,,,,
1422,7,6.98823,0,4.27487,3.73101,2.88482,6740.76,0.847539,2.6934,162104,0.952337,0.158844,0.316329,0,,,,,,,,,,,,,,,
1455,7,6.98819,0,4.22335,3.76032,2.91414,10734.9,0.841575,2.6181,162813,0.936955,0.165187,0.199362,0,,,,,,,,,,,,,,,
1483,7,6.98815,0,4.17273,3.76899,2.9228,16744.8,0.839741,2.59632,163167,0.919757,0.167113,0.128541,0,,,,,,,,,,,,,,,
1509,7,6.98813,0,4.12136,3.76853,2.92235,26042,0.839803,2.59745,163366,0.899357,0.167011,0.0832967,0,,,,,,,,,,,,,,,
1533,7,6.98812,0,4.07034,3.76211,2.91593,39578.5,0.841175,2.61357,163017,0.876042,0.165583,0.0554055,0,,,,,,,,,,,,,,,
1555,7,6.98811,0,4.02029,3.7517,2.90552,59847.3,0.843268,2.63996,163138,0.84937,0.163293,0.0370467,0,,,,,,,,,,,,,,,
1576,7,6.98805,0,3.96926,3.73809,2.89191,88262.9,0.84613,2.67488,162172,0.819639,0.160349,0.0255389,0,,,,,,,,,,,,,,,
1596,7,6.988,0,3.91778,3.72214,2.87596,134057,0.849171,2.71651,162634,0.785833,0.156973,0.0170737,0,,,,,,,,,,,,,,,
1616,7,6.98796,0,3.86635,3.70419,2.85802,195913,0.852748,2.76408,161516,0.752913,0.153257,0.0119471,0,,,,,,,,,,,,,,,
1639,7,6.98792,0,3.81464,3.68413,2.83796,295465,0.856381,2.81828,162018,0.715777,0.149214,0.00809634,0,,,,,,,,,,,,,,,
1665,7,6.98788,0,3.76379,3.66136,2.8152,430619,0.860496,2.88086,161618,0.679086,0.144744,0.00569441,0,,,,,,,,,,,,,,,
1694,7,6.98785,0,3.71232,3.63211,2.78594,643517,0.86558,2.96297,160960,0.646145,0.139188,0.00398806,0,,,,,,,,,,,,,,,
1748,7,6.98779,0,3.66216,3.53798,2.69182,1.027e+07,0.973168,11.3096,100229,0.805092,0.42713,0.0136271,2552.19,1.99902,0.041353,4023.99,4.89856e+09,5.177e+09,2.7844e+08,2.7844e+08,0.00407326,215,1.027e+07,2.44295e+07,2.80715e-06,2.65617e-06,4.93858e-05,4.93858e-05
2163,7,6.91098,0,3.71277,3.87379,3.03243,549767,0.814454,2.33461,165396,0.553649,0.193411,0.00482581,0,,,,,,,,,,,,,,,
2191,7,6.91054,1.02798e-32,3.76441,3.87612,3.03479,384685,0.814098,2.33134,165391,0.60205,0.194194,0.0065678,0,,,,,,,,,,,,,,,
2219,7,6.90941,0,3.8147,3.87696,3.0357,274641,0.813944,2.33026,165568,0.649821,0.194515,0.00891609,0,,,,,,,,,,,,,,,
2246,7,6.90471,0,3.86634,3.89017,3.0492,191733,0.81054,2.30111,166333,0.691769,0.198147,0.0123987,0,,,,,,,,,,,,,,,
2270,7,6.89826,0,3.91757,3.90679,3.06623,132077,0.806206,2.2646,166841,0.730659,0.202802,0.0175728,0,,,,,,,,,,,,,,,
2367,7,6.86807,0,3.8655,3.94564,3.10698,191034,0.795282,2.17918,168134,0.669717,0.214351,0.0125062,0,,,,,,,,,,,,,,,
2385,7,6.86668,0,3.81399,3.93991,3.10134,273085,0.796744,2.19024,168046,0.622783,0.212659,0.00901991,0,,,,,,,,,,,,,,,
2406,7,6.86573,0,3.76225,3.93199,3.09348,384478,0.798761,2.20545,167741,0.574775,0.210296,0.00662917,0,,,,,,,,,,,,,,,
2429,7,6.86505,0,3.71042,3.92114,3.08268,539903,0.801539,2.22589,166773,0.530131,0.207035,0.00496245,0,,,,,,,,,,,,,,,
2466,7,6.86439,0,3.66021,3.89537,3.05694,1.19716e+06,0.807793,2.27541,165397,0.533682,0.199446,0.0032006,0,,,,,,,,,,,,,,,
867,7.5,7.49989,0.750887,4.39971,3.38331,2.50643,1884.74,0.905999,3.9219,155228,0.985103,0.0967787,1.13459,0,,,,,,,,,,,,,,,
885,7.5,7.49982,0.694714,4.39149,3.41832,2.54145,2108.1,0.9017,3.78496,156672,0.983623,0.101242,1.01196,0,,,,,,,,,,,,,,,
891,7.5,7.49976,0.649564,4.38947,3.44646,2.5696,2177.5,0.898147,3.67886,157137,0.982792,0.104993,0.981852,0,,,,,,,,,,,,,,,
898,7.5,7.49969,0.595514,4.38652,3.47914,2.60228,2268.76,0.893842,3.5598,157736,0.981727,0.109536,0.94133,0,,,,,,,,,,,,,,,
904,7.5,7.49963,0.549857,4.38344,3.50589,2.62903,2355.56,0.890177,3.46558,158213,0.980754,0.11341,0.904439,0,,,,,,,,,,,,,,,
911,7.5,7.49956,0.497713,4.37921,3.53549,2.65864,2469.24,0.885973,3.36452,158616,0.979542,0.117872,0.862113,0,,,,,,,,,,,,,,,
918,7.5,7.49949,0.446984,4.37434,3.56341,2.68656,2641.45,0.881788,3.27228,159641,0.978146,0.122252,0.803008,0,,,,,,,,,,,,,,,
930,7.5,7.49851,0.399504,4.36902,3.58837,2.71158,2771.82,0.877986,3.19202,159695,0.976835,0.126327,0.76548,0,,,,,,,,,,,,,,,
947,7.5,7.49719,0.350145,4.36267,3.61333,2.73661,2979.44,0.874006,3.11396,160196,0.975223,0.13055,0.714248,0,,,,,,,,,,,,,,,
963,7.5,7.49587,0.300529,4.3554,3.63752,2.76088,3206.12,0.87003,3.04031,160542,0.973457,0.134786,0.663958,0,,,,,,,,,,,,,,,
978,7.5,7.49457,0.250624,4.34715,3.66085,2.78428,3465.89,0.86607,2.97109,160841,0.971495,0.139011,0.612722,0,,,,,,,,,,,,,,,
992,7.5,7.49329,0.200847,4.33796,3.68317,2.80668,3810.56,0.862138,2.90656,161322,0.96922,0.143188,0.558074,0,,,,,,,,,,,,,,,
1006,7.5,7.49198,0.147931,4.32722,3.70598,2.82956,4220.03,0.858003,2.84221,161702,0.966556,0.147594,0.502959,0,,,,,,,,,,,,,,,
1018,7.5,7.49083,0.0998152,4.31707,3.72601,2.84966,4625.93,0.85429,2.78703,161837,0.963945,0.151583,0.458801,0,,,,,,,,,,,,,,,
1029,7.5,7.48971,0.0508967,4.30841,3.74642,2.87013,5011.37,0.850371,2.73204,162161,0.96137,0.155765,0.422071,0,,,,,,,,,,,,,,,
1046,7.5,7.48858,0.000865424,4.34097,3.79428,2.91806,3848.59,0.840711,2.60823,163208,0.964427,0.166058,0.549918,0,,,,,,,,,,,,,,,
1326,7.5,7.4885,0,4.28983,3.82357,2.94735,6117.14,0.834491,2.53571,163749,0.952822,0.172703,0.346582,0,,,,,,,,,,,,,,,
1359,7.5,7.48845,0,4.2386,3.85504,2.97883,9719.22,0.827479,2.46034,164520,0.937437,0.180165,0.218681,0,,,,,,,,,,,,,,,
1387,7.5,7.48841,0,4.18835,3.86532,2.98911,14874.5,0.825217,2.43625,164234,0.920605,0.182676,0.143867,0,,,,,,,,,,,,,,,
1413,7.5,7.48838,0,4.13739,3.86634,2.99013,23102.8,0.824967,2.43392,164357,0.900323,0.182931,0.0937571,0,,,,,,,,,,,,,,,
1437,7.5,7.48836,0,4.08674,3.8614,2.9852,35116.9,0.82607,2.44535,164386,0.877066,0.181714,0.061914,0,,,,,,,,,,,,,,,
1460,7.5,7.48835,0,4.03475,3.85199,2.97578,54247.5,0.828153,2.4675,164544,0.848975,0.179427,0.0407612,0,,,,,,,,,,,,,,,
1481,7.5,7.4883,0,3.98379,3.83971,2.96351,80564.7,0.830956,2.49664,163972,0.818414,0.176489,0.0278631,0,,,,,,,,,,,,,,,
1501,7.5,7.48824,0,3.93213,3.8251,2.9489,118555,0.834258,2.53175,163097,0.784748,0.173052,0.0192908,0,,,,,,,,,,,,,,,
1520,7.5,7.48819,0,3.88205,3.8091,2.9329,177304,0.837535,2.5709,163678,0.749562,0.169371,0.0131199,0,,,,,,,,,,,,,,,
1541,7.5,7.48814,0,3.8307,3.7907,2.91451,258805,0.841402,2.61652,163088,0.713703,0.165231,0.00916628,0,,,,,,,,,,,,,,,
1566,7.5,7.4881,0,3.77984,3.76976,2.89357,378906,0.845593,2.66933,162891,0.675417,0.160639,0.00644193,0,,,,,,,,,,,,,,,
1593,7.5,7.48806,0,3.72978,3.74425,2.86806,548149,0.85052,2.73472,162464,0.63964,0.155201,0.00458391,0,,,,,,,,,,,,,,,
1627,7.5,7.48802,0,3.67952,3.69941,2.82323,1.03189e+06,0.858885,2.85419,160954,0.639434,0.146073,0.00301052,0,,,,,,,,,,,,,,,
1718,7.5,7.48789,0,3.62923,3.80056,2.92438,5.99565e+07,0.984375,19.2543,100044,0.726688,1.24509,0.0124861,21236.3,1.65911,0.0344188,2823.31,4.12936e+10,4.23618e+10,1.0682e+09,1.0682e+09,0.00172278,448,5.99565e+07,1.66772e+08,3.33005e-07,3.24608e-07,1.2873e-05,1.2873e-05
2050,7.5,7.38865,0,3.68016,3.9716,3.10122,708575,0.796287,2.18458,166838,0.508857,0.212028,0.00406853,0,,,,,,,,,,,,,,,
2079,7.5,7.38825,0,3.73087,3.97757,3.10721,477093,0.794968,2.176,167655,0.547952,0.214143,0.00547576,0,,,,,,,,,,,,,,,
2105,7.5,7.38782,0,3.78152,3.97824,3.1079,349452,0.794769,2.1762,168662,0.596119,0.214509,0.00718079,0,,,,,,,,,,,,,,,
2132,7.5,7.38681,0,3.83324,3.97653,3.10625,244994,0.795403,2.1804,168286,0.647802,0.214111,0.00988991,0,,,,,,,,,,,,,,,
2158,7.5,7.38095,0,3.88522,3.98777,3.11783,170971,0.79217,2.15727,168994,0.6908,0.217564,0.0137755,0,,,,,,,,,,,,,,,
2181,7.5,7.37272,0,3.93533,4.00331,3.13386,117852,0.787799,2.12538,168916,0.730858,0.222405,0.0195648,0,,,,,,,,,,,,,,,
2247,7.5,7.33917,0,3.88359,4.0371,3.16963,169253,0.777297,2.05547,169957,0.670499,0.233558,0.0140404,0,,,,,,,,,,,,,,,
2263,7.5,7.33659,0,3.83301,4.03236,3.16505,236897,0.778731,2.0638,169308,0.625097,0.232042,0.010314,0,,,,,,,,,,,,,,,
2283,7.5,7.33526,0,3.78073,4.02535,3.15811,339253,0.780482,2.07632,169833,0.574796,0.229752,0.00743285,0,,,,,,,,,,,,,,,
2305,7.5,7.33434,0,3.72884,4.01613,3.14895,473745,0.78296,2.09241,169411,0.5269,0.226702,0.00554684,0,,,,,,,,,,,,,,,
2331,7.5,7.33363,0,3.67738,4.00147,3.13433,710441,0.786851,2.11717,168081,0.491349,0.221808,0.00411442,0,,,,,,,,,,,,,,,
2404,7.5,7.33229,0,3.62704,3.94133,3.07427,1.40922e+07,0.961064,7.92034,100263,0.694,0.722278,0.0132632,2704.41,2.24008,0.0462344,5210.83,1.29848e+10,1.36016e+10,6.16818e+08,6.16818e+08,0.00175099,355,1.40922e+07,3.83021e+07,1.059e-06,1.01098e-06,2.22934e-05,2.22934e-05
877,8,7.99987,0.750728,4.41279,3.47127,2.56636,1759.84,0.89856,3.69087,157102,0.985186,0.104554,1.21234,0,,,,,,,,,,,,,,,
895,8,7.99976,0.695171,4.40484,3.50601,2.60112,1908.66,0.894017,3.56393,157494,0.983861,0.109369,1.11722,0,,,,,,,,,,,,,,,
902,8,7.99966,0.646063,4.40268,3.53664,2.63175,1993.15,0.889784,3.45617,158405,0.982923,0.113814,1.06918,0,,,,,,,,,,,,,,,
909,8,7.99957,0.595712,4.39995,3.56711,2.66222,2063.41,0.885423,3.35253,158971,0.981951,0.118425,1.02801,0,,,,,,,,,,,,,,,
916,8,7.99947,0.545762,4.39658,3.5964,2.69152,2141.81,0.881084,3.25618,159256,0.980908,0.123049,0.990719,0,,,,,,,,,,,,,,,
923,8,7.99937,0.496522,4.39258,3.62441,2.71953,2272.58,0.876714,3.16702,160091,0.979683,0.127653,0.935058,0,,,,,,,,,,,,,,,
930,8,7.99928,0.44813,4.38797,3.65114,2.74627,2376.68,0.872445,3.08441,160291,0.978467,0.132218,0.893296,0,,,,,,,,,,,,,,,
937,8,7.9992,0.400866,4.38273,3.67634,2.77147,2514.91,0.86824,3.00874,160781,0.977115,0.13668,0.84198,0,,,,,,,,,,,,,,,
945,8,7.99911,0.348436,4.37604,3.70329,2.79843,2675.76,0.863628,2.93012,160917,0.975499,0.141632,0.79124,0,,,,,,,,,,,,,,,
956,8,7.99809,0.29938,4.36885,3.72744,2.82264,2879.45,0.859309,2.86149,161273,0.973749,0.146245,0.735846,0,,,,,,,,,,,,,,,
973,8,7.99636,0.249852,4.36063,3.75074,2.84603,3139.66,0.854949,2.79689,161944,0.971733,0.150853,0.672335,0,,,,,,,,,,,,,,,
989,8,7.99464,0.199558,4.35129,3.77347,2.86885,3474.81,0.85057,2.7355,162514,0.969381,0.155503,0.610182,0,,,,,,,,,,,,,,,
1004,8,7.99296,0.148831,4.34093,3.79556,2.89104,3819.93,0.846212,2.67725,162801,0.966842,0.160168,0.553145,0,,,,,,,,,,,,,,,
1018,8,7.99132,0.0977204,4.33004,3.81709,2.91265,4265.1,0.841808,2.62189,163264,0.963926,0.164861,0.496984,0,,,,,,,,,,,,,,,
1030,8,7.98981,0.0484973,4.32135,3.8379,2.93354,4608.85,0.837471,2.56962,163402,0.961333,0.169536,0.459514,0,,,,,,,,,,,,,,,
1049,8,7.98837,0.000898482,4.35321,3.88362,2.97934,3543.61,0.827386,2.45916,164419,0.964388,0.180292,0.595474,0,,,,,,,,,,,,,,,
1390,8,7.98826,2.03041e-43,4.30302,3.90962,3.00535,5673.07,0.821251,2.39884,165577,0.952966,0.186724,0.372167,0,,,,,,,,,,,,,,,
1423,8,7.9882,0,4.25195,3.94202,3.03775,8936.38,0.813452,2.32612,166121,0.937655,0.195089,0.236651,0,,,,,,,,,,,,,,,
1452,8,7.98815,0,4.20015,3.9534,3.04913,14078.1,0.810607,2.3012,166419,0.919872,0.198123,0.151364,0,,,,,,,,,,,,,,,
1478,8,7.98812,1.40546e-37,4.1493,3.95518,3.05092,21750.7,0.810129,2.29729,166591,0.899462,0.198603,0.0986497,0,,,,,,,,,,,,,,,
1502,8,7.9881,0,4.09886,3.9512,3.04694,33009.7,0.81118,2.30599,166265,0.875978,0.197535,0.0659401,0,,,,,,,,,,,,,,,
1525,8,7.98808,0,4.04695,3.94286,3.0386,50791.8,0.813162,2.32422,166547,0.847607,0.195311,0.0433293,0,,,,,,,,,,,,,,,
1546,8,7.98804,0,3.99608,3.93171,3.02745,75497.9,0.815935,2.3489,166107,0.816438,0.192382,0.02958,0,,,,,,,,,,,,,,,
1566,8,7.98797,0,3.94433,3.91823,3.01397,112336,0.819181,2.3791,165809,0.781165,0.188901,0.0202243,0,,,,,,,,,,,,,,,
1585,8,7.98791,1.20827e-35,3.89342,3.90316,2.99891,160971,0.822938,2.41332,164345,0.746268,0.185089,0.0144312,0,,,,,,,,,,,,,,,
1605,8,7.98785,0,3.84199,3.8859,2.98165,236163,0.826874,2.45308,164050,0.70931,0.180809,0.0100275,0,,,,,,,,,,,,,,,
1629,8,7.9878,0,3.79093,3.86614,2.96189,346547,0.831187,2.49929,164035,0.669846,0.17603,0.00702848,0,,,,,,,,,,,,,,,
1655,8,7.98775,0,3.74056,3.84202,2.93777,502148,0.836292,2.5565,163768,0.631631,0.170351,0.00500808,0,,,,,,,,,,,,,,,
1685,8,7.98771,0,3.69019,3.80724,2.90299,766215,0.843411,2.64067,162585,0.606433,0.162456,0.00353036,0,,,,,,,,,,,,,,,
1760,8,7.9876,7.98118e-29,3.63976,3.76404,2.8598,3.5739e+07,0.981516,16.2917,100290,0.759757,0.90605,0.0124202,11278.7,1.74873,0.0362147,3168.72,2.48251e+10,2.55658e+10,7.4075e+08,7.4075e+08,0.00216886,382,3.5739e+07,9.68389e+07,5.53915e-07,5.37866e-07,1.85636e-05,1.85636e-05
2126,8,7.86152,0,3.69137,4.06714,3.16981,624267,0.776398,2.04958,169820,0.49231,0.232957,0.00445018,0,,,,,,,,,,,,,,,
2154,8,7.86112,0,3.7428,4.07125,3.17395,437262,0.775606,2.0448,170025,0.538856,0.234654,0.00593303,0,,,,,,,,,,,,,,,
2179,8,7.86069,0,3.79334,4.07105,3.17377,313808,0.776023,2.04659,169493,0.59049,0.234772,0.00798164,0,,,,,,,,,,,,,,,
2203,8,7.85994,0,3.84369,4.06789,3.17066,225958,0.776939,2.05327,169927,0.640829,0.233857,0.0106527,0,,,,,,,,,,,,,,,
2228,8,7.85469,0,3.89521,4.07347,3.17652,156832,0.775339,2.0425,169680,0.686845,0.235792,0.0150015,0,,,,,,,,,,,,,,,
2251,8,7.84497,0,3.94701,4.08793,3.19152,108117,0.770806,2.0144,169996,0.729223,0.240721,0.0212672,0,,,,,,,,,,,,,,,
2317,8,7.80483,0,3.89413,4.12026,3.22608,155882,0.759792,1.95063,171075,0.666734,0.252408,0.0151934,0,,,,,,,,,,,,,,,
2333,8,7.80172,0,3.84115,4.11578,3.22177,222551,0.761169,1.958,170745,0.618009,0.25086,0.0109494,0,,,,,,,,,,,,,,,
2351,8,7.80009,0,3.79091,4.10943,3.21551,308593,0.763075,1.9686,170453,0.570443,0.248612,0.00815362,0,,,,,,,,,,,,,,,
2372,8,7.79896,0,3.73919,4.101,3.20715,430765,0.765417,1.98236,170421,0.521201,0.245578,0.00607128,0,,,,,,,,,,,,,,,
2396,8,7.7981,0,3.68763,4.08851,3.1947,624165,0.768736,2.00208,170243,0.477996,0.241025,0.0045106,0,,,,,,,,,,,,,,,
2448,8,7.79687,0,3.6372,4.02787,3.13413,2.74288e+06,0.906182,3.56494,100130,0.69956,0.373094,0.014415,264.137,2.70849,0.0551148,10384.3,3.49763e+09,3.82068e+09,3.2305e+08,3.2305e+08,0.00192939,255,2.74288e+06,6.86726e+06,3.93151e-06,3.59909e-06,4.25661e-05,4.25661e-05
895,9,8.99981,0.750587,4.43632,3.62953,2.67348,1507.22,0.883733,3.31513,159539,0.985459,0.120179,1.40417,0,,,,,,,,,,,,,,,
913,9,8.99961,0.700304,4.42891,3.66117,2.70512,1630.55,0.87895,3.21253,159980,0.98424,0.125262,1.29851,0,,,,,,,,,,,,,,,
922,9,8.99941,0.648018,4.4267,3.69392,2.73788,1656.18,0.873831,3.11,159929,0.983391,0.130765,1.27643,0,,,,,,,,,,,,,,,
930,9,8.99921,0.599799,4.42417,3.72324,2.76721,1726.52,0.868959,3.02136,160708,0.982432,0.135914,1.22246,0,,,,,,,,,,,,,,,
939,9,8.99899,0.544904,4.42056,3.7556,2.79958,1810.39,0.863385,2.92682,161260,0.981261,0.14185,1.16709,0,,,,,,,,,,,,,,,
947,9,8.9988,0.49579,4.41661,3.78366,2.82765,1866.29,0.85842,2.84746,161159,0.980199,0.147218,1.13103,0,,,,,,,,,,,,,,,
955,9,8.99861,0.446582,4.41193,3.81098,2.85498,1988.66,0.853252,2.77261,162130,0.978868,0.152658,1.05732,0,,,,,,,,,,,,,,,
963,9,8.99842,0.397671,4.40651,3.83721,2.88123,2117.05,0.84815,2.70281,162698,0.977443,0.158086,0.992953,0,,,,,,,,,,,,,,,
971,9,8.99825,0.349332,4.40033,3.86228,2.9063,2270.73,0.843104,2.63802,163212,0.975865,0.163465,0.927783,0,,,,,,,,,,,,,,,
980,9,8.99807,0.295875,4.39247,3.88907,2.9331,2447.73,0.83755,2.5707,163483,0.973975,0.169435,0.859904,0,,,,,,,,,,,,,,,
988,9,8.99793,0.249607,4.38475,3.91138,2.95542,2653.58,0.832705,2.51614,164054,0.972071,0.174583,0.791492,0,,,,,,,,,,,,,,,
997,9,8.99779,0.199118,4.37531,3.93485,2.97889,2882.78,0.827547,2.46018,164063,0.96984,0.180181,0.728741,0,,,,,,,,,,,,,,,
1011,9,8.9956,0.148748,4.36485,3.95722,3.00137,3241.39,0.822259,2.40797,165103,0.967091,0.185723,0.646911,0,,,,,,,,,,,,,,,
1027,9,8.99299,0.10074,4.35434,3.97782,3.0221,3609.8,0.817311,2.36095,165617,0.964265,0.191002,0.582507,0,,,,,,,,,,,,,,,
1042,9,8.9903,0.0493567,4.34467,3.9999,3.0443,3973.2,0.811819,2.31172,166292,0.961313,0.196829,0.526409,0,,,,,,,,,,,,,,,
1059,9,8.98779,0.000718,4.37748,4.0464,3.09093,3067.66,0.799714,2.2123,167702,0.964284,0.209712,0.681339,0,,,,,,,,,,,,,,,
1101,9,8.98772,0,4.32701,4.06162,3.10615,4824.05,0.795614,2.18091,168015,0.953681,0.214111,0.433963,0,,,,,,,,,,,,,,,
1133,9,8.98765,0,4.27663,4.09591,3.14044,7799.04,0.785822,2.1121,169719,0.938013,0.22439,0.269531,0,,,,,,,,,,,,,,,
1161,9,8.98759,0,4.22644,4.10931,3.15384,11789,0.78219,2.08583,168982,0.921149,0.228546,0.179511,0,,,,,,,,,,,,,,,
1187,9,8.98754,0,4.17564,4.11311,3.15765,18416.5,0.780956,2.07848,169571,0.900474,0.229746,0.115826,0,,,,,,,,,,,,,,,
1211,9,8.98751,0,4.12515,4.11096,3.1555,27917.1,0.781609,2.08263,169420,0.876922,0.229066,0.0770265,0,,,,,,,,,,,,,,,
1234,9,8.98749,0,4.07298,4.10447,3.14901,42835.7,0.783432,2.09525,169538,0.848376,0.227036,0.0507366,0,,,,,,,,,,,,,,,
1255,9,8.98746,0,4.02179,4.09514,3.13968,63798.4,0.786209,2.11354,168933,0.816595,0.224153,0.0347327,0,,,,,,,,,,,,,,,
1275,9,8.98738,0,3.96973,4.08354,3.12808,94764.3,0.789463,2.13646,168768,0.780193,0.220613,0.0236579,0,,,,,,,,,,,,,,,
1294,9,8.98729,0,3.91742,4.07018,3.11473,139913,0.793211,2.16322,168289,0.740711,0.216611,0.0164212,0,,,,,,,,,,,,,,,
1313,9,8.98721,0,3.86493,4.05474,3.09929,206266,0.797343,2.19442,168134,0.700729,0.212068,0.0113618,0,,,,,,,,,,,,,,,
1334,9,8.98714,0,3.81367,4.03712,3.08168,296113,0.802085,2.23049,167217,0.661145,0.206993,0.00815877,0,,,,,,,,,,,,,,,
1359,9,8.98708,0,3.76272,4.01553,3.06009,423288,0.807585,2.27517,166547,0.620911,0.200924,0.00589239,0,,,,,,,,,,,,,,,
1386,9,8.98702,0,3.71265,3.98708,3.03165,603030,0.81457,2.3349,165335,0.585888,0.193172,0.00431309,0,,,,,,,,,,,,,,,
1425,9,8.98695,0,3.66228,3.91931,2.96388,792247,0.864009,2.59148,100424,0.771168,0.182948,0.0147203,1.94325e-103,1e-104,2.00008e-106,4.07692e+108,4.56245e+07,2.05272e+08,1.59648e+08,1.59648e+08,1.05549e-107,17,792247,844337,0.000301395,6.6989e-05,8.61333e-05,8.61333e-05
1520,9,8.98671,0,3.6122,4.12713,3.17171,2.62375e+07,0.966489,9.13264,100301,0.669008,1.04407,0.0124489,5499.21,2.10568,0.0434942,4771.14,3.07259e+10,3.1798e+10,1.07214e+09,1.07214e+09,0.00116719,475,2.62375e+07,8.27561e+07,4.47538e-07,4.32448e-07,1.28257e-05,1.28257e-05
1829,9,8.79267,0,3.66268,4.2256,3.27966,776927,0.73997,1.84579,171059,0.443815,0.270156,0.00406971,0,,,,,,,,,,,,,,,
1859,9,8.79213,1.13025e-33,3.71316,4.23455,3.28864,488657,0.738056,1.83676,171324,0.477047,0.274464,0.0055686,0,,,,,,,,,,,,,,,
1885,9,8.7917,0,3.7653,4.23637,3.29047,352854,0.737889,1.83605,171388,0.528786,0.27554,0.00731417,0,,,,,,,,,,,,,,,
1909,9,8.79122,0,3.81731,4.2348,3.28893,256494,0.738637,1.83993,171511,0.582235,0.275155,0.00970899,0,,,,,,,,,,,,,,,
1930,9,8.79051,0,3.86964,4.23,3.28417,185306,0.740176,1.8487,172258,0.634688,0.273453,0.0129747,0,,,,,,,,,,,,,,,
1952,9,8.78684,0,3.91978,4.22714,3.28149,130103,0.741299,1.85361,171778,0.684802,0.272492,0.01791,0,,,,,,,,,,,,,,,
1974,9,8.77307,0,3.97002,4.23951,3.29454,91422.2,0.736736,1.83148,172070,0.727682,0.277455,0.0250026,0,,,,,,,,,,,,,,,
2033,9,8.72181,0,3.91999,4.26635,3.32392,126117,0.726256,1.78215,172098,0.668855,0.288877,0.0186534,0,,,,,,,,,,,,,,,
2048,9,8.71658,0,3.86928,4.26382,3.32165,177147,0.727076,1.78558,171895,0.619844,0.287928,0.0136875,0,,,,,,,,,,,,,,,
2064,9,8.71354,0,3.81785,4.25881,3.3168,246903,0.728821,1.79299,171507,0.570834,0.285907,0.0101522,0,,,,,,,,,,,,,,,
2084,9,8.71159,0,3.76541,4.25186,3.30995,343707,0.731064,1.80316,171332,0.519771,0.283034,0.00758952,0,,,,,,,,,,,,,,,
2106,9,8.71022,0,3.71343,4.24242,3.30057,483415,0.733679,1.81647,171900,0.470269,0.279044,0.00565943,0,,,,,,,,,,,,,,,
2133,9,8.70908,0,3.66311,4.22487,3.28308,764259,0.738751,1.83997,171192,0.441014,0.271516,0.00412446,0,,,,,,,,,,,,,,,
2216,9,8.70678,0,3.61306,4.19133,3.24965,1.02705e+07,0.941733,5.4491,100094,0.651778,0.744266,0.0133258,1481.96,2.52054,0.051853,6930.31,1.51104e+10,1.58481e+10,7.3777e+08,7.3777e+08,0.00124573,404,1.02705e+07,3.14925e+07,9.10037e-07,8.67673e-07,1.86386e-05,1.86386e-05
907,10,9.99974,0.750826,4.45719,3.76843,2.76662,1276.25,0.869071,3.02312,160594,0.985816,0.135808,1.65087,0,,,,,,,,,,,,,,,
928,10,9.99935,0.696816,4.44956,3.80258,2.80079,1373.02,0.863249,2.92331,160674,0.98458,0.142074,1.53925,0,,,,,,,,,,,,,,,
938,10,9.99902,0.650706,4.44769,3.83151,2.82973,1433.2,0.857953,2.84172,161838,0.983708,0.147626,1.4671,0,,,,,,,,,,,,,,,
949,10,9.99864,0.598071,4.44498,3.8636,2.86184,1492.53,0.851921,2.75421,162416,0.982686,0.154058,1.41115,0,,,,,,,,,,,,,,,
959,10,9.99827,0.548768,4.44178,3.89276,2.89101,1550.35,0.846207,2.67732,162866,0.981661,0.160163,1.35604,0,,,,,,,,,,,,,,,
969,10,9.9979,0.49804,4.43777,3.92189,2.92016,1613.23,0.840312,2.60297,163020,0.980525,0.166524,1.30437,0,,,,,,,,,,,,,,,
979,10,9.99752,0.446113,4.43286,3.95085,2.94914,1731.13,0.834038,2.53135,164172,0.979098,0.173117,1.2113,0,,,,,,,,,,,,,,,
988,10,9.99719,0.398514,4.42758,3.97653,2.97483,1813.82,0.82844,2.46979,164139,0.97779,0.179201,1.1579,0,,,,,,,,,,,,,,,
997,10,9.99686,0.35043,4.42142,4.00165,2.99997,1940.27,0.822613,2.41116,164913,0.976232,0.185372,1.07456,0,,,,,,,,,,,,,,,
1007,10,9.99652,0.296721,4.41349,4.02884,3.02717,2128.25,0.816106,2.34962,165603,0.974204,0.192316,0.984327,0,,,,,,,,,,,,,,,
1016,10,9.99623,0.24866,4.40537,4.05227,3.05061,2302.94,0.810342,2.298,165937,0.972237,0.198522,0.908854,0,,,,,,,,,,,,,,,
1026,10,9.99595,0.195966,4.39533,4.07704,3.0754,2578.72,0.803905,2.24487,166913,0.969646,0.205323,0.811263,0,,,,,,,,,,,,,,,
1035,10,9.99573,0.149529,4.38551,4.09818,3.09655,2848.45,0.798258,2.20065,167600,0.96712,0.211323,0.731331,0,,,,,,,,,,,,,,,
1045,10,9.99551,0.0986723,4.37413,4.12067,3.11904,3225.93,0.791991,2.15474,168648,0.963945,0.217915,0.644612,0,,,,,,,,,,,,,,,
1060,10,9.99171,0.0478539,4.36422,4.14281,3.14135,3614.69,0.78557,2.11031,169706,0.960714,0.224669,0.575888,0,,,,,,,,,,,,,,,
1079,10,9.98822,0.00086782,4.39471,4.18554,3.18423,2791.57,0.772929,2.02774,170494,0.96364,0.238283,0.742308,0,,,,,,,,,,,,,,,
1311,10,9.98814,0,4.34353,4.20554,3.20423,4380.64,0.76684,1.9904,170576,0.952438,0.244919,0.473264,0,,,,,,,,,,,,,,,
1342,10,9.98804,0,4.29239,4.2348,3.2335,6885.1,0.757577,1.9371,170889,0.937053,0.254975,0.302746,0,,,,,,,,,,,,,,,
1370,10,9.98795,0,4.24071,4.24681,3.24551,10791.2,0.75365,1.91565,171072,0.919028,0.259225,0.194594,0,,,,,,,,,,,,,,,
1395,10,9.98789,0,4.19053,4.24988,3.24859,16711.5,0.752507,1.9102,171559,0.898273,0.260327,0.126684,0,,,,,,,,,,,,,,,
1419,10,9.98785,0,4.1384,4.24757,3.24628,25866.4,0.753283,1.91432,171497,0.873186,0.259502,0.0830856,0,,,,,,,,,,,,,,,
1441,10,9.98782,0,4.08684,4.24139,3.2401,39033.4,0.755306,1.92525,171395,0.844643,0.257299,0.0553739,0,,,,,,,,,,,,,,,
1461,10,9.9878,0,4.03661,4.23274,3.23145,58324.8,0.758075,1.94075,171432,0.812291,0.254253,0.0376584,0,,,,,,,,,,,,,,,
1480,10,9.98772,0,3.98564,4.22215,3.22086,85877.1,0.761537,1.95985,171014,0.775661,0.250575,0.0261118,0,,,,,,,,,,,,,,,
1498,10,9.98762,0,3.93433,4.21008,3.2088,124026,0.7654,1.98172,170530,0.736037,0.24643,0.0183105,0,,,,,,,,,,,,,,,
1515,10,9.98752,1.87116e-27,3.88399,4.1968,3.19552,179553,0.769497,2.00607,170291,0.69547,0.241952,0.0129815,0,,,,,,,,,,,,,,,
1533,10,9.98743,0,3.83335,4.18159,3.18032,260429,0.773986,2.0341,170289,0.654178,0.236904,0.0092039,0,,,,,,,,,,,,,,,
1555,10,9.98735,0,3.78304,4.16375,3.16248,366248,0.779246,2.06706,169571,0.613116,0.231078,0.0067194,0,,,,,,,,,,,,,,,
1580,10,9.98727,0,3.73169,4.14013,3.13886,524193,0.785846,2.11101,168947,0.571872,0.223551,0.00489484,0,,,,,,,,,,,,,,,
1609,10,9.9872,7.94077e-29,3.68141,4.1046,3.10334,778375,0.795429,2.17781,167083,0.545909,0.212604,0.00355505,0,,,,,,,,,,,,,,,
1679,10,9.98701,0,3.63126,4.0516,3.05035,1.27626e+07,0.959813,7.68751,100168,0.735909,0.662096,0.0122891,2322.84,2.19274,0.0452611,5494.4,1.64307e+10,1.70546e+10,6.23876e+08,6.23876e+08,0.00167864,350,1.27626e+07,3.78467e+07,8.36909e-07,8.06294e-07,2.20412e-05,2.20412e-05
2029,10,9.77936,0,3.68165,4.36207,3.36994,573699,0.706699,1.70473,171839,0.429283,0.307126,0.00508708,0,,,,,,,,,,,,,,,
2056,10,9.7789,0,3.73255,4.36722,3.37511,407313,0.705671,1.70069,171925,0.474794,0.310117,0.00663142,0,,,,,,,,,,,,,,,
2080,10,9.77847,0,3.78416,4.36855,3.37645,299817,0.705506,1.70056,172254,0.526873,0.31108,0.00858913,0,,,,,,,,,,,,,,,
2102,10,9.77801,0,3.83653,4.36721,3.37514,216053,0.70636,1.7037,172049,0.581455,0.310724,0.0114851,0,,,,,,,,,,,,,,,
2120,10,9.77746,0,3.88909,4.36293,3.37088,153984,0.708089,1.711,172191,0.635152,0.309016,0.0155618,0,,,,,,,,,,,,,,,
2137,10,9.77657,4.2131e-32,3.94101,4.3555,3.36349,108753,0.711053,1.72304,172025,0.689657,0.305943,0.0213853,0,,,,,,,,,,,,,,,
2161,10,9.7672,0,3.99316,4.35596,3.36437,75878,0.710708,1.72179,172145,0.738668,0.306339,0.0300429,0,,,,,,,,,,,,,,,
2200,10,9.74399,0,4.04329,4.38401,3.39345,52162.8,0.6992,1.67598,172584,0.773141,0.318838,0.0430183,0,,,,,,,,,,,,,,,
2233,10,9.72971,0,3.99025,4.39877,3.40885,75762,0.692946,1.65212,172674,0.72042,0.325645,0.0303254,0,,,,,,,,,,,,,,,
2248,10,9.72296,0,3.93687,4.39664,3.40702,109144,0.693641,1.65478,172700,0.668221,0.324795,0.021544,0,,,,,,,,,,,,,,,
2262,10,9.71979,0,3.88353,4.39167,3.40219,154592,0.69576,1.66192,172108,0.61659,0.322592,0.0157234,0,,,,,,,,,,,,,,,
2277,10,9.71788,0,3.83349,4.38523,3.39584,216875,0.697997,1.67121,172526,0.568318,0.319683,0.0115459,0,,,,,,,,,,,,,,,
2299,10,9.71652,0,3.78202,4.37654,3.38721,296228,0.701499,1.68353,171662,0.520085,0.315712,0.00877804,0,,,,,,,,,,,,,,,
2320,10,9.71552,0,3.72975,4.36471,3.37542,411461,0.705532,1.69993,171803,0.471339,0.310267,0.00658005,0,,,,,,,,,,,,,,,
2344,10,9.71475,0,3.67891,4.34675,3.3575,596034,0.711384,1.72398,171756,0.431667,0.301974,0.00491853,0,,,,,,,,,,,,,,,
2393,10,9.71353,0,3.6289,4.26454,3.27534,2.01033e+06,0.868542,2.66592,100047,0.674436,0.38585,0.0144467,146.173,2.86555,0.0576911,13753.1,4.39794e+09,4.80195e+09,4.04012e+08,4.04012e+08,0.00140274,287,2.01033e+06,5.67801e+06,3.12669e-06,2.86363e-06,3.40361e-05,3.40361e-05
920,11,10.9996,0.75081,4.47542,3.89212,2.84893,1137.51,0.854311,2.78894,162675,0.985977,0.151431,1.8421,0,,,,,,,,,,,,,,,
944,11,10.999,0.697673,4.46797,3.92584,2.88266,1211.52,0.847885,2.69904,162589,0.984801,0.158388,1.72812,0,,,,,,,,,,,,,,,
958,11,10.9984,0.648545,4.46601,3.95669,2.91354,1246.06,0.841661,2.61962,163038,0.983949,0.165054,1.67922,0,,,,,,,,,,,,,,,
971,11,10.9978,0.600832,4.46359,3.98582,2.94269,1298.12,0.835469,2.54707,163828,0.983006,0.171626,1.60992,0,,,,,,,,,,,,,,,
984,11,10.9972,0.550977,4.46041,4.0154,2.9723,1347.95,0.82898,2.47576,164246,0.981976,0.178589,1.54879,0,,,,,,,,,,,,,,,
997,11,10.9966,0.498778,4.45631,4.04546,3.00239,1421.31,0.822078,2.40565,164817,0.980743,0.185981,1.47197,0,,,,,,,,,,,,,,,
1009,11,10.9959,0.448139,4.45152,4.07382,3.03076,1513.97,0.815217,2.34161,165739,0.979379,0.193254,1.37745,0,,,,,,,,,,,,,,,
1020,11,10.9953,0.399523,4.44612,4.10017,3.05714,1619.82,0.808592,2.28385,166558,0.977916,0.200291,1.28564,0,,,,,,,,,,,,,,,
1031,11,10.9947,0.348788,4.43956,4.12682,3.08381,1756.35,0.801606,2.22715,167525,0.976184,0.207688,1.18333,0,,,,,,,,,,,,,,,
1042,11,10.9942,0.296343,4.43169,4.15351,3.11053,1890.38,0.794507,2.17196,167712,0.974281,0.215394,1.0994,0,,,,,,,,,,,,,,,
1052,11,10.9937,0.247636,4.42333,4.17743,3.13447,2089.96,0.787676,2.1239,168920,0.972097,0.222561,0.989961,0,,,,,,,,,,,,,,,
1062,11,10.9932,0.198713,4.41384,4.20065,3.1577,2322.62,0.780867,2.07837,169873,0.969633,0.229762,0.888951,0,,,,,,,,,,,,,,,
1072,11,10.9928,0.14986,4.40329,4.22314,3.18021,2559.55,0.774263,2.03532,169956,0.966975,0.236969,0.809303,0,,,,,,,,,,,,,,,
1083,11,10.9924,0.096435,4.39097,4.24701,3.2041,2901.96,0.766843,1.99067,170731,0.963582,0.244878,0.712796,0,,,,,,,,,,,,,,,
1092,11,10.9921,0.0508973,4.38159,4.26729,3.22439,3144.82,0.760535,1.95353,170674,0.9608,0.251804,0.658571,0,,,,,,,,,,,,,,,
1110,11,10.9918,0.000941949,4.41005,4.3099,3.26701,2520.36,0.746207,1.87786,172252,0.963126,0.267009,0.817297,0,,,,,,,,,,,,,,,
1439,11,10.9917,0,4.35915,4.33495,3.29207,3910.79,0.73779,1.83481,171819,0.951523,0.276381,0.529904,0,,,,,,,,,,,,,,,
1469,11,10.9916,0,4.30859,4.36024,3.31736,6105.03,0.72869,1.79229,172325,0.936331,0.286166,0.339011,0,,,,,,,,,,,,,,,
1496,11,10.9914,0,4.25801,4.37079,3.32792,9380.49,0.725058,1.7749,171798,0.918833,0.290363,0.224013,0,,,,,,,,,,,,,,,
1521,11,10.9914,0,4.20732,4.37369,3.33082,14503,0.723917,1.77015,172045,0.897932,0.291525,0.1461,0,,,,,,,,,,,,,,,
1544,11,10.9913,0,4.15678,4.37167,3.3288,22424.8,0.724428,1.77344,172715,0.873195,0.290713,0.0953205,0,,,,,,,,,,,,,,,
1566,11,10.9913,0,4.10439,4.366,3.32314,33997.9,0.726576,1.78274,172422,0.844109,0.288452,0.063441,0,,,,,,,,,,,,,,,
1589,11,10.9912,0,4.05369,4.35882,3.31595,50361.2,0.72931,1.79463,171968,0.811475,0.285611,0.0435486,0,,,,,,,,,,,,,,,
1608,11,10.9912,0,4.00119,4.35168,3.30882,76481.2,0.731619,1.80643,172666,0.771339,0.282808,0.0291813,0,,,,,,,,,,,,,,,
1625,11,10.991,0,3.94891,4.34721,3.30435,110249,0.733465,1.81385,171771,0.727569,0.281063,0.0207437,0,,,,,,,,,,,,,,,
1641,11,10.9909,0,3.89785,4.34412,3.30127,158459,0.734452,1.81877,171903,0.680895,0.279841,0.0147481,0,,,,,,,,,,,,,,,
1658,11,10.9907,0,3.8456,4.33977,3.29692,227101,0.73589,1.82556,171816,0.633468,0.278097,0.0105549,0,,,,,,,,,,,,,,,
1678,11,10.9905,0,3.7954,4.33257,3.28973,318962,0.738214,1.83678,171747,0.586484,0.275228,0.00776991,0,,,,,,,,,,,,,,,
1702,11,10.9904,0,3.74538,4.3206,3.27777,445015,0.742008,1.85536,171555,0.540322,0.270501,0.00580491,0,,,,,,,,,,,,,,,
1730,11,10.9902,0,3.694,4.29969,3.25686,636084,0.748449,1.88762,170989,0.499884,0.26236,0.00429002,0,,,,,,,,,,,,,,,
1774,11,10.9899,0,3.64389,4.23053,3.18771,1.05138e+06,0.840377,2.26573,100070,0.720137,0.26769,0.0144729,49.8732,2.26999,0.0450308,21081.1,1.13161e+09,1.42231e+09,2.90698e+08,2.90698e+08,0.00133854,149,1.05138e+06,1.87481e+06,1.21517e-05,9.66808e-06,4.73034e-05,4.73034e-05
2144,11,10.6005,0,3.69432,4.49546,3.46831,463016,0.665852,1.55618,172395,0.407751,0.351647,0.00624338,0,,,,,,,,,,,,,,,
2170,11,10.5999,0,3.74631,4.4976,3.47048,342906,0.665673,1.55648,172961,0.456418,0.353527,0.00792674,0,,,,,,,,,,,,,,,
2193,11,10.5993,0,3.79799,4.49695,3.46985,256028,0.666286,1.55906,173371,0.509665,0.353626,0.0101246,0,,,,,,,,,,,,,,,
2213,11,10.5987,0,3.85017,4.4939,3.46683,185334,0.668083,1.56439,172980,0.565549,0.352382,0.013432,0,,,,,,,,,,,,,,,
2229,11,10.5978,0,3.90033,4.48843,3.46139,135453,0.670587,1.57276,173034,0.618706,0.349865,0.0177888,0,,,,,,,,,,,,,,,
2246,11,10.5962,0,3.95217,4.48013,3.45316,96738.4,0.674389,1.58507,172702,0.675755,0.345983,0.0242468,0,,,,,,,,,,,,,,,
2271,11,10.5719,0,4.00396,4.48633,3.46035,67725.6,0.671086,1.57462,173167,0.723821,0.349444,0.0336422,0,,,,,,,,,,,,,,,
2316,11,10.5285,0,3.95261,4.50261,3.47842,94787.9,0.663095,1.54839,173121,0.665282,0.358223,0.0248459,0,,,,,,,,,,,,,,,
2332,11,10.5156,0,3.90177,4.50244,3.47878,131070,0.663016,1.54764,172791,0.612179,0.358349,0.0185297,0,,,,,,,,,,,,,,,
2348,11,10.5049,0,3.85085,4.5007,3.47749,180422,0.663513,1.54901,172644,0.560977,0.357601,0.0138584,0,,,,,,,,,,,,,,,
2366,11,10.4971,0,3.79853,4.49726,3.47437,248360,0.664771,1.55257,172332,0.508438,0.35586,0.0105053,0,,,,,,,,,,,,,,,
2387,11,10.4917,0,3.74668,4.49208,3.46941,338981,0.666285,1.558,172651,0.456564,0.353047,0.00801402,0,,,,,,,,,,,,,,,
2410,11,10.488,0,3.69562,4.48388,3.46137,462826,0.668958,1.56626,172326,0.410483,0.348424,0.00624766,0,,,,,,,,,,,,,,,
2442,11,10.4848,0,3.64455,4.45991,3.43753,863471,0.676041,1.58956,171985,0.393523,0.334698,0.0042847,0,,,,,,,,,,,,,,,
2581,11,10.4285,0,3.59451,4.49813,3.47808,7.10798e+06,0.904291,3.50354,100100,0.578733,0.809896,0.0142764,738.657,2.98176,0.0607941,9622.84,1.49415e+10,1.59045e+10,9.63048e+08,9.63048e+08,0.000827601,485,7.10798e+06,2.52726e+07,9.20323e-07,8.64596e-07,1.42786e-05,1.42786e-05
930,12,11.9995,0.75099,4.49189,4.00313,2.92214,992.803,0.839863,2.59798,163261,0.986245,0.166966,2.10824,0,,,,,,,,,,,,,,,
958,12,11.9986,0.70053,4.48447,4.0352,2.95425,1088.01,0.832934,2.51897,164201,0.984994,0.17431,1.92357,0,,,,,,,,,,,,,,,
978,12,11.9976,0.648669,4.48244,4.06781,2.9869,1129.72,0.825567,2.44143,165089,0.984056,0.182134,1.84628,0,,,,,,,,,,,,,,,
996,12,11.9967,0.599615,4.47996,4.09777,3.01689,1173.84,0.81851,2.37265,165796,0.983095,0.189658,1.77356,0,,,,,,,,,,,,,,,
1013,12,11.9957,0.550631,4.47682,4.12684,3.046,1228.95,0.811371,2.30805,166473,0.982028,0.197285,1.69536,0,,,,,,,,,,,,,,,
1030,12,11.9947,0.498157,4.47267,4.1571,3.07629,1280.01,0.803688,2.24295,166846,0.980838,0.20557,1.6194,0,,,,,,,,,,,,,,,
1045,12,11.9937,0.448422,4.46794,4.18499,3.10422,1371.33,0.796158,2.18486,167893,0.979444,0.213548,1.51157,0,,,,,,,,,,,,,,,
1059,12,11.9927,0.398787,4.46236,4.21196,3.13123,1463.17,0.788668,2.13033,168535,0.977955,0.221577,1.41576,0,,,,,,,,,,,,,,,
1072,12,11.9918,0.349529,4.45591,4.23791,3.1572,1594.58,0.781009,2.07935,169882,0.9762,0.229605,1.29182,0,,,,,,,,,,,,,,,
1085,12,11.9908,0.297134,4.44795,4.26469,3.18402,1723.04,0.773062,2.02813,170213,0.974237,0.23821,1.19482,0,,,,,,,,,,,,,,,
1096,12,11.99,0.250647,4.43987,4.28764,3.20699,1869.69,0.765971,1.98532,170651,0.972222,0.245852,1.10084,0,,,,,,,,,,,,,,,
1108,12,11.9892,0.198207,4.42951,4.31267,3.23205,2085.81,0.757892,1.93971,171427,0.969563,0.254473,0.985833,0,,,,,,,,,,,,,,,
1119,12,11.9885,0.149147,4.41863,4.33537,3.25478,2302.37,0.750476,1.89929,171559,0.966815,0.262555,0.893793,0,,,,,,,,,,,,,,,
1130,12,11.9879,0.0994711,4.40679,4.3577,3.27713,2581.62,0.742852,1.86035,172030,0.963601,0.270756,0.796959,0,,,,,,,,,,,,,,,
1141,12,11.9873,0.0470759,4.3956,4.38116,3.30061,2831.9,0.734808,1.82034,171815,0.960293,0.279651,0.727922,0,,,,,,,,,,,,,,,
1155,12,11.9869,0.000801538,4.42534,4.42225,3.34173,2194.54,0.719766,1.75236,172424,0.963089,0.295939,0.936666,0,,,,,,,,,,,,,,,
1213,12,11.9868,0,4.37457,4.44537,3.36485,3450.48,0.710976,1.71527,172622,0.951404,0.305514,0.598255,0,,,,,,,,,,,,,,,
1243,12,11.9866,0,4.32302,4.46925,3.38874,5387.9,0.701728,1.67779,172486,0.936075,0.315736,0.385791,0,,,,,,,,,,,,,,,
1270,12,11.9865,0,4.27199,4.47959,3.39908,8317.33,0.697566,1.66176,172553,0.918289,0.320259,0.250097,0,,,,,,,,,,,,,,,
1295,12,11.9864,0,4.22069,4.48264,3.40213,13006.4,0.69626,1.65714,172799,0.896766,0.321616,0.162447,0,,,,,,,,,,,,,,,
1318,12,11.9863,0,4.16953,4.4809,3.4004,19812.3,0.697041,1.65979,172579,0.871982,0.320851,0.107882,0,,,,,,,,,,,,,,,
1345,12,11.9862,0,4.11907,4.47661,3.39611,29993,0.698687,1.66638,172769,0.843077,0.318956,0.072149,0,,,,,,,,,,,,,,,
1365,12,11.9862,0,4.06814,4.4726,3.39209,44330.6,0.70039,1.67253,172465,0.809416,0.317189,0.0493569,0,,,,,,,,,,,,,,,
1382,12,11.9862,0,4.0179,4.47257,3.39207,65055.3,0.700346,1.67253,172581,0.769355,0.317173,0.0342891,0,,,,,,,,,,,,,,,
1399,12,11.9859,0,3.96515,4.47501,3.39452,95978.4,0.69919,1.66864,172986,0.720723,0.318225,0.0237833,0,,,,,,,,,,,,,,,
1415,12,11.9857,0,3.91319,4.47692,3.39644,135593,0.698548,1.66545,172503,0.670399,0.319031,0.01725,0,,,,,,,,,,,,,,,
1431,12,11.9854,0,3.86165,4.47697,3.3965,192828,0.698371,1.66493,172609,0.619721,0.318979,0.0125224,0,,,,,,,,,,,,,,,
1449,12,11.9851,0,3.81124,4.47433,3.39387,266103,0.699411,1.66811,172070,0.571041,0.317672,0.00940255,0,,,,,,,,,,,,,,,
1472,12,11.9847,0,3.76045,4.46798,3.38753,370026,0.70137,1.67626,172403,0.520818,0.314625,0.0070196,0,,,,,,,,,,,,,,,
1498,12,11.9844,0,3.70938,4.45573,3.3753,510353,0.705463,1.69199,172088,0.475228,0.308822,0.00531201,0,,,,,,,,,,,,,,,
1531,12,11.9839,0,3.6583,4.42668,3.34626,840268,0.714724,1.72943,171640,0.450832,0.295268,0.00373115,0,,,,,,,,,,,,,,,
1617,12,11.9826,0,3.60819,4.43802,3.35765,6.5156e+06,0.9142,3.85509,100086,0.650345,0.675169,0.0127953,696.639,2.75017,0.0561116,9352.9,1.88885e+10,1.97079e+10,8.19406e+08,8.19406e+08,0.000966505,440,6.5156e+06,2.48087e+07,7.28008e-07,6.9774e-07,1.67816e-05,1.67816e-05
940,13,12.9994,0.750935,4.50649,4.1038,2.98806,905.59,0.825314,2.43871,165020,0.986346,0.18242,2.29773,0,,,,,,,,,,,,,,,
974,13,12.998,0.700389,4.4992,4.13597,3.02027,972.789,0.817795,2.36503,165343,0.985178,0.190527,2.13472,0,,,,,,,,,,,,,,,
1000,13,12.9966,0.650163,4.49727,4.16756,3.05191,1015.93,0.809938,2.29518,166342,0.984237,0.198873,2.04489,0,,,,,,,,,,,,,,,
1025,13,12.9951,0.59929,4.4947,4.19864,3.08304,1060.72,0.801885,2.22878,167165,0.98322,0.207469,1.95722,0,,,,,,,,,,,,,,,
1048,13,12.9937,0.548999,4.49145,4.22848,3.11292,1113.81,0.793739,2.16709,168246,0.982104,0.216098,1.84934,0,,,,,,,,,,,,,,,
1069,13,12.9922,0.499496,4.48751,4.25702,3.14152,1181.04,0.785669,2.10997,169067,0.980862,0.224723,1.74915,0,,,,,,,,,,,,,,,
1088,13,12.9907,0.450927,4.48287,4.28432,3.16886,1248.09,0.777676,2.05691,169687,0.97955,0.233306,1.65302,0,,,,,,,,,,,,,,,
1107,13,12.9892,0.398136,4.47688,4.31304,3.19764,1345.05,0.768796,2.00262,170816,0.977907,0.242709,1.52342,0,,,,,,,,,,,,,,,
1123,13,12.9878,0.349442,4.4704,4.3387,3.22334,1453.2,0.760636,1.95544,171525,0.97619,0.251441,1.41367,0,,,,,,,,,,,,,,,
1138,13,12.9864,0.29986,4.46277,4.36408,3.24877,1551.66,0.752487,1.90991,171439,0.974357,0.260394,1.32563,0,,,,,,,,,,,,,,,
1152,13,12.9851,0.249851,4.45392,4.3888,3.27354,1693.09,0.744129,1.86658,171847,0.97216,0.269422,1.21431,0,,,,,,,,,,,,,,,
1165,13,12.9839,0.200181,4.4439,4.41255,3.29732,1856.05,0.735844,1.82588,172176,0.969691,0.278385,1.1034,0,,,,,,,,,,,,,,,
1178,13,12.9827,0.148011,4.43203,4.43674,3.32155,2077.99,0.727178,1.78541,172366,0.966639,0.28783,0.990453,0,,,,,,,,,,,,,,,
1190,13,12.9817,0.0980175,4.41971,4.45923,3.34408,2296.4,0.719037,1.74856,172017,0.96346,0.2969,0.89823,0,,,,,,,,,,,,,,,
1201,13,12.9809,0.0491239,4.40866,4.48112,3.36599,2554.75,0.710601,1.71347,172458,0.960054,0.305998,0.807649,0,,,,,,,,,,,,,,,
1216,13,12.9801,0.000806477,4.4372,4.52208,3.40698,1973.58,0.694438,1.64974,172460,0.962715,0.323776,1.04461,0,,,,,,,,,,,,,,,
1314,13,12.98,0,4.38552,4.56795,3.45285,3135.75,0.675055,1.58129,172923,0.948715,0.344919,0.660301,0,,,,,,,,,,,,,,,
1344,13,12.9798,0,4.33431,4.58054,3.46545,4898.13,0.669492,1.563,173093,0.933752,0.350959,0.423428,0,,,,,,,,,,,,,,,
1372,13,12.9796,0,4.28333,4.58748,3.4724,7601.52,0.666406,1.55301,173135,0.915653,0.354343,0.275027,0,,,,,,,,,,,,,,,
1409,13,12.9794,0,4.23261,4.59057,3.4755,11601.9,0.665242,1.5486,172685,0.894211,0.355866,0.182886,0,,,,,,,,,,,,,,,
1433,13,12.9793,0,4.18146,4.60891,3.49384,17732,0.656738,1.52261,173186,0.86446,0.364991,0.120589,0,,,,,,,,,,,,,,,
1503,13,12.9758,0,4.23199,4.65853,3.54358,11519.6,0.633209,1.45451,173289,0.881584,0.390972,0.184173,0,,,,,,,,,,,,,,,
1557,13,12.9437,0,4.18103,4.70355,3.58967,17219.8,0.609867,1.39434,173553,0.841902,0.41676,0.125431,0.152132,1.0333,0.0141865,113190,649649,1.28643e+06,1.26702e+06,636778,0.0105702,44,9627.33,17219.8,0.0211668,0.0106893,0.010853,0.0215946
1588,13,12.9232,0,4.12996,4.7269,3.61371,25194.5,0.5976,1.36452,173265,0.79916,0.43106,0.0876286,0.396356,1.89784,0.0258241,63565.3,1.92908e+06,3.33642e+06,2.93878e+06,1.40734e+06,0.0125011,56,13400.1,27474,0.00712826,0.00412148,0.00467915,0.00977091
1609,13,12.9139,0,4.07829,4.73688,3.62401,37247.4,0.592156,1.35275,173828,0.751873,0.437595,0.0606147,0.689763,2.26422,0.0307489,54000.3,4.54637e+06,7.56761e+06,6.54429e+06,3.02124e+06,0.0100965,61,18985,41494.8,0.00302461,0.00181709,0.00210122,0.00455144
1627,13,12.9082,0,4.02533,4.74154,3.62886,54028.9,0.589755,1.34782,174231,0.69934,0.440903,0.0425715,1.04098,2.36963,0.0322097,51901.9,1.01435e+07,1.66119e+07,1.3877e+07,6.46838e+06,0.0073672,62,27398.4,62014.7,0.00135565,0.000827781,0.000990917,0.00212588
1643,13,12.8931,0,3.97254,4.74254,3.63036,75964.3,0.589634,1.34689,173733,0.643611,0.442126,0.0313106,1.43883,2.3302,0.0317535,52795.9,2.02484e+07,3.36321e+07,2.75595e+07,1.33837e+07,0.00525435,69,39354.3,89598.1,0.000679115,0.000408865,0.000498956,0.00102744
1657,13,12.8812,0,3.92232,4.74191,3.63013,103601,0.589982,1.3477,173752,0.58855,0.442159,0.0235648,1.87973,2.23027,0.030416,55114.6,3.75195e+07,6.31754e+07,5.10886e+07,2.56559e+07,0.00378872,69,54446.6,123412,0.000366503,0.000217664,0.00026916,0.000535977
1671,13,12.8726,0,3.8695,4.73917,3.62769,143047,0.591427,1.35085,173655,0.53293,0.440702,0.0177148,2.43349,2.08372,0.0284626,58782.7,6.57129e+07,1.16663e+08,9.62914e+07,5.09498e+07,0.00267467,69,77452.1,168836,0.000209259,0.00011787,0.000142806,0.000269893
1690,13,12.8671,0,3.81893,4.7351,3.6238,194974,0.593248,1.35526,173835,0.481957,0.438203,0.0135308,3.07971,1.92612,0.0261997,63309.3,1.13429e+08,2.09687e+08,1.75604e+08,9.6258e+07,0.00191482,72,106878,229348,0.00012123,6.55786e-05,7.83068e-05,0.000142856
1709,13,12.8631,1.14789e-35,3.76802,4.7295,3.61833,259740,0.595726,1.36085,173750,0.43244,0.434513,0.0105394,3.81919,1.78208,0.0243223,68009.3,1.83473e+08,3.64408e+08,3.08739e+08,1.80935e+08,0.00139645,60,148646,302200,7.49482e-05,3.77351e-05,4.45391e-05,7.59995e-05
1730,13,12.8601,0,3.71767,4.72146,3.61039,347231,0.599007,1.36839,173662,0.385727,0.429025,0.0083507,4.75132,1.64495,0.0224841,73081,2.94823e+08,6.29009e+08,5.37991e+08,3.34186e+08,0.00103814,66,205969,404650,4.66414e-05,2.18613e-05,2.55599e-05,4.11477e-05
1756,13,12.8575,0,3.66714,4.70701,3.59604,494214,0.604387,1.38084,173430,0.348354,0.418907,0.00646856,6.23291,1.49578,0.0205467,79291,4.86809e+08,1.13862e+09,9.90116e+08,6.51813e+08,0.000749923,63,309380,570144,2.82472e-05,1.20769e-05,1.38883e-05,2.10965e-05
1809,13,12.8535,0,3.61713,4.64575,3.53491,1.77965e+06,0.672285,1.56363,168555,0.389506,0.409977,0.00369213,54.8435,3.02767,0.057026,32449.6,4.39356e+09,5.00777e+09,2.59827e+09,6.14205e+08,0.000931065,294,923377,2.85012e+06,3.1298e-06,2.74593e-06,5.29236e-06,2.23883e-05
949,14,13.9992,0.750784,4.51963,4.1957,3.04778,827.137,0.810949,2.30413,166372,0.986452,0.197758,2.49919,0,,,,,,,,,,,,,,,
991,14,13.9973,0.700566,4.51256,4.22766,3.07979,905.533,0.802653,2.23556,167476,0.985213,0.206553,2.27866,0,,,,,,,,,,,,,,,
1026,14,13.9953,0.649587,4.51061,4.2597,3.11189,943.69,0.794008,2.16922,168305,0.984258,0.215798,2.19311,0,,,,,,,,,,,,,,,
1057,14,13.9933,0.600941,4.50815,4.2894,3.14166,995.248,0.785478,2.1097,169721,0.983217,0.224764,2.06906,0,,,,,,,,,,,,,,,
1087,14,13.9911,0.550149,4.50486,4.31953,3.17186,1029.36,0.776723,2.05118,169980,0.98215,0.234269,1.9979,0,,,,,,,,,,,,,,,
1114,14,13.989,0.500337,4.50087,4.34825,3.20065,1081.52,0.767935,1.99706,170605,0.980934,0.243718,1.89894,0,,,,,,,,,,,,,,,
1139,14,13.9868,0.449826,4.49598,4.37661,3.22907,1137.88,0.758973,1.94509,170957,0.979587,0.253432,1.80353,0,,,,,,,,,,,,,,,
1161,14,13.9847,0.40089,4.49036,4.40322,3.25574,1207.06,0.750215,1.8976,171369,0.978109,0.262904,1.69924,0,,,,,,,,,,,,,,,
1182,14,13.9825,0.348836,4.48335,4.43063,3.28322,1296.15,0.740855,1.8499,171764,0.976329,0.273037,1.58223,0,,,,,,,,,,,,,,,
1200,14,13.9805,0.299373,4.47558,4.4559,3.30855,1379.14,0.732118,1.80699,171484,0.9745,0.282721,1.48935,0,,,,,,,,,,,,,,,
1216,14,13.9787,0.250687,4.46678,4.47993,3.33264,1520.83,0.723139,1.76716,172368,0.972238,0.292261,1.34835,0,,,,,,,,,,,,,,,
1231,14,13.9769,0.200715,4.45649,4.50379,3.35656,1668.2,0.714199,1.72848,172445,0.969714,0.302048,1.23028,0,,,,,,,,,,,,,,,
1245,14,13.9752,0.150597,4.44481,4.52702,3.37984,1854.99,0.70519,1.69166,172587,0.966755,0.311891,1.10751,0,,,,,,,,,,,,,,,
1259,14,13.9737,0.0972989,4.43126,4.55098,3.40385,2075.74,0.695666,1.65448,172528,0.96323,0.322377,0.986251,0,,,,,,,,,,,,,,,
1271,14,13.9724,0.0475399,4.41957,4.57321,3.42612,2293.73,0.686684,1.62079,172203,0.959746,0.332429,0.899566,0,,,,,,,,,,,,,,,
1287,14,13.9713,0.000888914,4.44673,4.61164,3.46458,1827.46,0.669908,1.56427,173027,0.962061,0.350543,1.12531,0,,,,,,,,,,,,,,,
1579,14,13.9711,0,4.39649,4.65986,3.51281,2865.59,0.647831,1.49625,173486,0.947828,0.374681,0.721202,0,,,,,,,,,,,,,,,
1609,14,13.9709,0,4.34528,4.67377,3.52672,4410.14,0.641448,1.4772,173072,0.932675,0.381957,0.469788,0,,,,,,,,,,,,,,,
1639,14,13.9706,0,4.29505,4.68128,3.53424,6811.2,0.637765,1.46703,173227,0.914416,0.38595,0.306467,0,,,,,,,,,,,,,,,
1676,14,13.9704,0,4.24441,4.69489,3.54786,10429.7,0.631107,1.4488,173297,0.890636,0.393292,0.202275,0,,,,,,,,,,,,,,,
1794,14,13.9102,0,4.1942,4.79595,3.6508,15298.8,0.57698,1.31898,173735,0.839124,0.453824,0.141871,0.283801,2.35255,0.031297,53906.7,1.02355e+06,1.51722e+06,1.2288e+06,493661,0.0224525,81,7074.98,17908.2,0.0134345,0.0090633,0.0111906,0.0278551
1820,14,13.889,0,4.14221,4.81289,3.66839,22910.7,0.567415,1.2994,174208,0.796172,0.46557,0.0964428,0.529095,2.99494,0.0396817,43301.6,2.66527e+06,3.77448e+06,2.89642e+06,1.1092e+06,0.0185248,80,10054.4,28180.7,0.00515932,0.00364315,0.00474758,0.0123972
1840,14,13.879,0,4.0912,4.8208,3.67662,33505.7,0.563462,1.29153,174429,0.749945,0.471604,0.0675626,0.824272,3.21955,0.042599,40648.9,6.03979e+06,8.46823e+06,6.30081e+06,2.42843e+06,0.0136531,81,14581.2,42262.9,0.00227673,0.00162383,0.00218242,0.00566249
1857,14,13.8743,0,4.03962,4.82437,3.68034,48157,0.562137,1.28897,174549,0.698963,0.474718,0.0482154,1.17983,3.21603,0.0426087,40816.8,1.27699e+07,1.78641e+07,1.30603e+07,5.09425e+06,0.00964904,82,20821.2,61866.2,0.00107683,0.000769755,0.00105289,0.00269931
1872,14,13.8637,0,3.98891,4.82496,3.68126,67025.4,0.562405,1.28934,174408,0.6454,0.475864,0.0355793,1.58816,3.10847,0.041338,42203.3,2.50887e+07,3.54044e+07,2.52827e+07,1.03156e+07,0.00684954,90,29616.8,88047.3,0.000548094,0.000388398,0.000543889,0.00133303
1886,14,13.8537,0,3.93574,4.82268,3.6793,94039.7,0.563839,1.29266,174719,0.586666,0.474932,0.0261751,2.09902,2.91859,0.0388826,44801.7,4.64997e+07,6.73126e+07,4.88105e+07,2.08129e+07,0.00479235,91,42370,124167,0.000295722,0.000204286,0.000281722,0.000660695
1905,14,13.8477,0,3.88336,4.81885,3.67566,128687,0.56615,1.2974,174707,0.530935,0.472697,0.0197348,2.67901,2.7077,0.0361314,48035.2,8.10638e+07,1.21948e+08,9.00436e+07,4.0884e+07,0.00339033,88,60091.3,167905,0.000169632,0.000112761,0.000152715,0.000336342
1920,14,13.8437,0,3.83275,4.81305,3.66997,174526,0.569415,1.30395,174507,0.481192,0.46891,0.0151513,3.36454,2.48854,0.0332578,51872.2,1.38138e+08,2.16443e+08,1.62353e+08,7.83051e+07,0.00242406,88,84188.1,227760,9.95453e-05,6.35317e-05,8.46982e-05,0.000175608
1939,14,13.8408,0,3.78229,4.80466,3.66168,235904,0.57339,1.31277,174887,0.432648,0.46316,0.0116607,4.18613,2.2695,0.0303347,56353.6,2.22975e+08,3.70812e+08,2.87055e+08,1.47837e+08,0.00175459,82,118166,299563,6.16705e-05,3.70834e-05,4.79037e-05,9.30144e-05
1963,14,13.8386,0,3.73118,4.7922,3.64929,314544,0.579482,1.32523,174368,0.388012,0.454429,0.00917685,5.11506,2.0501,0.0275072,61493.7,3.45897e+08,6.24018e+08,4.96089e+08,2.7812e+08,0.0012771,80,167110,397679,3.97545e-05,2.20362e-05,2.77188e-05,4.94426e-05
956,15,14.9991,0.750649,4.53161,4.28003,3.10215,765.139,0.796765,2.1891,167637,0.986524,0.212942,2.69685,0,,,,,,,,,,,,,,,
1008,15,14.9964,0.6999,4.5247,4.3123,3.1345,831.365,0.787765,2.12382,168504,0.985307,0.222569,2.4786,0,,,,,,,,,,,,,,,
1051,15,14.9937,0.650987,4.52284,4.343,3.16528,872.547,0.778684,2.06379,169839,0.984346,0.232162,2.35596,0,,,,,,,,,,,,,,,
1092,15,14.9909,0.600971,4.5203,4.3735,3.19586,905.519,0.76938,2.00593,170650,0.983346,0.242116,2.25733,0,,,,,,,,,,,,,,,
1131,15,14.9879,0.549708,4.51695,4.40386,3.2263,943.23,0.759865,1.95011,170924,0.982226,0.252467,2.17784,0,,,,,,,,,,,,,,,
1166,15,14.9849,0.499692,4.51288,4.43262,3.25515,982.185,0.750441,1.89864,171266,0.981037,0.262687,2.08402,0,,,,,,,,,,,,,,,
1197,15,14.982,0.450553,4.50806,4.46014,3.28275,1041.8,0.740947,1.8507,171990,0.979659,0.272859,1.9615,0,,,,,,,,,,,,,,,
1226,15,14.979,0.399603,4.50211,4.48776,3.31046,1103.52,0.731203,1.80383,172210,0.978119,0.283467,1.85205,0,,,,,,,,,,,,,,,
1251,15,14.9761,0.350315,4.49535,4.51362,3.33641,1173.1,0.721835,1.76103,172141,0.976451,0.29378,1.74939,0,,,,,,,,,,,,,,,
1274,15,14.9731,0.298776,4.4871,4.53986,3.36273,1260.09,0.711933,1.71864,172224,0.974469,0.304623,1.6245,0,,,,,,,,,,,,,,,
1293,15,14.9705,0.250571,4.4782,4.56356,3.3865,1379.69,0.702511,1.68126,172753,0.972235,0.314765,1.48288,0,,,,,,,,,,,,,,,
1311,15,14.9679,0.199448,4.4674,4.58786,3.41088,1505.29,0.692876,1.64379,172396,0.969663,0.325519,1.36217,0,,,,,,,,,,,,,,,
1327,15,14.9656,0.149057,4.4553,4.61111,3.43419,1687.41,0.683091,1.60877,172720,0.966554,0.336154,1.21606,0,,,,,,,,,,,,,,,
1342,15,14.9635,0.0975814,4.44177,4.63416,3.45731,1895.24,0.673261,1.5748,172616,0.962985,0.347042,1.08454,0,,,,,,,,,,,,,,,
1355,15,14.9617,0.048311,4.42959,4.65607,3.47927,2139.67,0.663355,1.54322,173133,0.95917,0.357724,0.964061,0,,,,,,,,,,,,,,,
1371,15,14.96,0.000777062,4.45703,4.69485,3.5181,1669.62,0.645444,1.48899,173277,0.961638,0.377436,1.2303,0,,,,,,,,,,,,,,,
1611,15,14.9599,0,4.40537,4.7435,3.56676,2624.6,0.621695,1.4239,173332,0.946851,0.403727,0.787405,0.00168773,0.0729296,0.00101518,1.5551e+06,9488.98,24918.5,27709.7,15429.5,0.00501053,33,1626.65,2352.29,1.44915,0.551839,0.496252,0.891214
1641,15,14.9597,0,4.35401,4.75796,3.58122,4143.22,0.614078,1.40513,173796,0.930819,0.411893,0.501617,0.00811227,0.22653,0.00312665,510735,32248.6,68580.4,71727.5,36331.8,0.00956141,41,2369.49,3947.92,0.426406,0.200509,0.191711,0.378483
1682,15,14.9593,3.37049e-29,4.30394,4.76688,3.59015,6274.87,0.609633,1.39364,173464,0.912291,0.417014,0.332113,0.0245987,0.458776,0.00628233,255089,91577.9,175874,170841,84295.6,0.0123857,45,3498.26,6274.87,0.150156,0.0781868,0.0804899,0.163128
1711,15,14.9588,0,4.2529,4.79708,3.62037,9662.19,0.593505,1.35565,173689,0.884196,0.434873,0.219675,0.0958119,1.20842,0.0163262,100845,306750,499468,443826,192718,0.0196852,60,4818.22,10408.1,0.044828,0.0275312,0.0309828,0.0713527
1810,15,14.8765,0,4.20242,4.87367,3.69935,14282.5,0.548782,1.2623,174481,0.835188,0.485689,0.15152,0.349783,3.31286,0.0429198,40832.4,1.34647e+06,1.7695e+06,1.26701e+06,423036,0.0291548,96,5648.52,18390.5,0.0102126,0.00777111,0.0108531,0.0325055
1834,15,14.8537,0,4.15201,4.88732,3.71366,20990.8,0.541388,1.24802,174427,0.793893,0.496285,0.10556,0.58352,3.82203,0.0494106,35972.6,3.24119e+06,4.18725e+06,2.86262e+06,946058,0.022343,99,8117.46,27964.9,0.00424257,0.00328402,0.00480363,0.014535
1854,15,14.8421,0,4.09982,4.89429,3.72098,31234.1,0.537982,1.24229,175016,0.745975,0.502401,0.0728174,0.893698,3.96316,0.0512605,34949.2,7.39211e+06,9.50396e+06,6.37587e+06,2.11185e+06,0.0158,100,11897.6,42903.3,0.00186022,0.00144687,0.00215672,0.00651134
1871,15,14.8369,0,4.04786,4.89731,3.72415,45142.5,0.537194,1.24114,175309,0.694067,0.505611,0.0517339,1.26459,3.88674,0.0503543,35697.2,1.55435e+07,2.00731e+07,1.32773e+07,4.52959e+06,0.0109754,97,17295.7,63570.3,0.000884679,0.000685047,0.00103568,0.00303581
1886,15,14.8285,0,3.99463,4.89684,3.72392,63882.2,0.538448,1.24339,175211,0.637735,0.506266,0.0376225,1.70955,3.70291,0.048249,37367.9,3.09994e+07,4.04459e+07,2.63884e+07,9.44655e+06,0.00760891,106,24970.6,91660.6,0.000443589,0.000339985,0.000521099,0.00145566
1906,15,14.8197,0,3.94178,4.89384,3.72119,88479.9,0.540845,1.24783,175139,0.579766,0.504887,0.0280298,2.22037,3.45431,0.0450048,39849.1,5.68834e+07,7.59624e+07,4.98102e+07,1.9079e+07,0.00533515,109,35918.7,127443,0.00024174,0.000181024,0.000276068,0.00072074
1920,15,14.8144,0,3.89067,4.889,3.71649,120281,0.54389,1.25386,175343,0.524919,0.501872,0.0212437,2.81566,3.20089,0.0418452,42718.8,9.62874e+07,1.32923e+08,8.98857e+07,3.66356e+07,0.00382117,105,50452.9,171144,0.000142812,0.000103451,0.000152983,0.000375345
1936,15,14.8107,0,3.84016,4.88108,3.70868,165156,0.548226,1.2627,175819,0.475129,0.496407,0.016087,3.56512,2.92364,0.0383123,46325.4,1.63332e+08,2.33497e+08,1.62616e+08,7.01647e+07,0.00273389,105,71109.2,230901,8.41904e-05,5.88916e-05,8.45612e-05,0.000195982
962,16,15.9989,0.750712,4.54277,4.3577,3.15179,717.355,0.782723,2.08984,169204,0.986567,0.227907,2.86595,0,,,,,,,,,,,,,,,
1026,16,15.9953,0.70027,4.53586,4.38974,3.18392,780.697,0.773123,2.02832,170095,0.985337,0.238181,2.63297,0,,,,,,,,,,,,,,,
1081,16,15.9917,0.650731,4.53397,4.42076,3.21504,808.673,0.763373,1.97056,171034,0.984412,0.248588,2.52877,0,,,,,,,,,,,,,,,
1133,16,15.9879,0.600479,4.53139,4.45131,3.24569,838.222,0.753427,1.91534,171653,0.983402,0.259292,2.43461,0,,,,,,,,,,,,,,,
1182,16,15.984,0.550409,4.52807,4.48086,3.27535,868.657,0.743475,1.86342,171965,0.982315,0.270093,2.34738,0,,,,,,,,,,,,,,,
1227,16,15.9801,0.500161,4.52394,4.50966,3.30426,904.848,0.7334,1.81419,172199,0.981106,0.281056,2.25144,0,,,,,,,,,,,,,,,
1267,16,15.9761,0.450622,4.51901,4.53729,3.332,952.083,0.723381,1.76822,172350,0.979747,0.292004,2.14891,0,,,,,,,,,,,,,,,
1303,16,15.9721,0.400887,4.51311,4.56414,3.35896,999.318,0.713311,1.72464,172374,0.978273,0.303044,2.0402,0,,,,,,,,,,,,,,,
1335,16,15.9681,0.350325,4.50606,4.59055,3.38548,1061.82,0.703154,1.68285,172126,0.976555,0.314322,1.93116,0,,,,,,,,,,,,,,,
1362,16,15.9643,0.300761,4.498,4.61567,3.4107,1155.95,0.692825,1.64409,172716,0.974514,0.32544,1.77287,0,,,,,,,,,,,,,,,
1386,16,15.9605,0.250025,4.48844,4.64048,3.43562,1255.1,0.682453,1.60665,172805,0.972223,0.336811,1.62737,0,,,,,,,,,,,,,,,
1407,16,15.957,0.198908,4.47736,4.66464,3.45987,1395.04,0.671993,1.57109,172969,0.969444,0.348274,1.47163,0,,,,,,,,,,,,,,,
1425,16,15.9538,0.148987,4.46504,4.68754,3.48286,1559.21,0.661685,1.53811,173254,0.966303,0.359496,1.31253,0,,,,,,,,,,,,,,,
1441,16,15.951,0.0995131,4.45162,4.7096,3.50499,1753.53,0.651589,1.50706,173240,0.962725,0.370656,1.16904,0,,,,,,,,,,,,,,,
1455,16,15.9485,0.0509625,4.4389,4.73106,3.52652,1948.06,0.641604,1.4775,172971,0.958996,0.381855,1.05521,0,,,,,,,,,,,,,,,
1471,16,15.9462,0.000826799,4.46461,4.76955,3.56507,1565.35,0.622479,1.42611,173455,0.960938,0.402789,1.31512,0.000474476,0.0343055,0.000472931,3.29912e+06,3022.03,8415.54,9783.83,5393.51,0.00396657,31,964.121,1368.46,4.55025,1.634,1.40548,2.54954
1548,16,15.9459,0,4.41324,4.81741,3.61294,2443.65,0.597593,1.36484,173495,0.945946,0.430402,0.84466,0.0062914,0.310595,0.00420291,388412,18975.4,31169,28013.5,12193.6,0.0198484,61,1235.97,2621.24,0.724674,0.441175,0.49087,1.12772
1577,16,15.9458,1.19651e-32,4.36297,4.83092,3.62645,3809.2,0.590088,1.34803,173818,0.930121,0.43853,0.545267,0.0187156,0.603785,0.00810904,203530,52317.1,81340.2,70795.7,29023.1,0.0239978,67,1828.59,4195.97,0.262839,0.169055,0.194235,0.473794
1619,16,15.9454,0,4.3125,4.83978,3.63532,5861.51,0.585233,1.33711,173799,0.910938,0.443957,0.357319,0.0489377,1.03815,0.0138434,119775,132822,203665,172584,70842.3,0.0262644,65,2806.86,6514.3,0.103529,0.0675178,0.079677,0.194107
1646,16,15.945,0,4.26236,4.86234,3.6579,8795.98,0.572935,1.30983,173383,0.884829,0.458106,0.241241,0.128529,1.87081,0.0247122,68436,387139,549422,422748,162283,0.0294497,72,3958.78,10577.3,0.0355195,0.0250281,0.0325276,0.0847346
1756,16,15.8405,0,4.2105,4.9422,3.74061,13305.7,0.523907,1.21596,174622,0.832552,0.514494,0.163666,0.383029,4.10872,0.0520403,34738.1,1.55387e+06,1.92998e+06,1.28273e+06,376113,0.0340027,109,4720.37,18112,0.0088495,0.00712492,0.0107201,0.0365607
1780,16,15.8146,0,4.15841,4.95393,3.75306,19923.1,0.517456,1.20494,175019,0.789605,0.524651,0.111477,0.624565,4.53501,0.0573205,31899.2,3.84315e+06,4.72028e+06,2.97457e+06,877127,0.02473,116,6990.05,28543.2,0.00357805,0.00291317,0.00462285,0.0156773
1799,16,15.8025,0,4.10768,4.9594,3.75885,28972.8,0.515482,1.2016,175143,0.743551,0.530231,0.0785384,0.916283,4.59379,0.0582112,31619.9,8.66459e+06,1.05681e+07,6.3502e+06,1.9035e+06,0.0173903,115,10109.6,43025.9,0.00158703,0.00130118,0.00216544,0.00722407
1816,16,15.7968,0,4.05584,4.96182,3.76143,41879.2,0.515314,1.2017,175504,0.691627,0.533429,0.0557926,1.28578,4.46118,0.056695,32571,1.76827e+07,2.18058e+07,1.31701e+07,4.12312e+06,0.0120069,111,14846.6,63160.2,0.000777654,0.000630612,0.00104411,0.0033351
1830,16,15.7914,0,4.00487,4.96046,3.76022,58898.6,0.517346,1.20534,175571,0.637543,0.533558,0.0409886,1.7204,4.2265,0.0539994,34235.4,3.38564e+07,4.21856e+07,2.55557e+07,8.32921e+06,0.00842263,116,21124.3,89774.9,0.000406156,0.000325964,0.00053808,0.00165094
1852,16,15.7829,0,3.95157,4.95659,3.75658,81960.6,0.520542,1.21104,175608,0.579223,0.531613,0.0303649,2.24018,3.92871,0.0503045,36586.6,6.29076e+07,7.97045e+07,4.83854e+07,1.67969e+07,0.00588642,119,30307.8,126026,0.00021859,0.000172525,0.000284197,0.000818664
1867,16,15.778,0,3.90008,4.95015,3.75028,111223,0.524925,1.2189,175604,0.524407,0.52735,0.0230578,2.82633,3.61917,0.0464791,39352.6,1.05358e+08,1.37846e+08,8.66298e+07,3.24886e+07,0.00420943,115,43015.4,168937,0.000130517,9.97559e-05,0.000158733,0.000423256
968,17,16.9986,0.750773,4.55305,4.42968,3.19745,677.897,0.768864,2.003,170790,0.986594,0.242648,3.02075,0,,,,,,,,,,,,,,,
1045,17,16.9941,0.700754,4.54614,4.46138,3.22926,728.932,0.758809,1.94475,171333,0.985407,0.253496,2.80091,0,,,,,,,,,,,,,,,
1115,17,16.9894,0.650563,4.5442,4.4927,3.2607,747.356,0.748512,1.8889,171579,0.984507,0.264706,2.73879,0,,,,,,,,,,,,,,,
1181,17,16.9845,0.600946,4.54163,4.52275,3.29088,769.061,0.738179,1.83684,171893,0.983533,0.275929,2.65793,0,,,,,,,,,,,,,,,
1242,17,16.9795,0.550932,4.53828,4.55214,3.3204,785.762,0.727862,1.78728,171558,0.982509,0.287371,2.60531,0,,,,,,,,,,,,,,,
1297,17,16.9743,0.500684,4.5341,4.58081,3.3492,827.929,0.717042,1.7403,172251,0.981233,0.299,2.46817,0,,,,,,,,,,,,,,,
1347,17,16.969,0.450158,4.52898,4.60884,3.37737,871.945,0.70617,1.69553,172547,0.979831,0.31083,2.34311,0,,,,,,,,,,,,,,,
1391,17,16.9638,0.4,4.52291,4.63575,3.40441,919.818,0.695436,1.65367,172565,0.978296,0.32263,2.22176,0,,,,,,,,,,,,,,,
1429,17,16.9586,0.350108,4.51581,4.66164,3.43043,981.159,0.684711,1.61438,172630,0.976543,0.334412,2.08503,0,,,,,,,,,,,,,,,
1462,17,16.9536,0.300446,4.50756,4.68663,3.45555,1072.18,0.673718,1.57734,173315,0.974435,0.346199,1.90642,0,,,,,,,,,,,,,,,
1491,17,16.9486,0.249892,4.49782,4.71119,3.48023,1172.36,0.662772,1.54183,173461,0.972047,0.358195,1.74477,0,,,,,,,,,,,,,,,
1515,17,16.9441,0.200367,4.48684,4.73445,3.50362,1281,0.652301,1.50899,173090,0.969412,0.369957,1.6009,0,,,,,,,,,,,,,,,
1536,17,16.9398,0.149711,4.47402,4.75759,3.52686,1426.76,0.641396,1.47703,173057,0.966206,0.382031,1.43334,0,,,,,,,,,,,,,,,
1554,17,16.936,0.0999969,4.46012,4.77964,3.54901,1627.61,0.630555,1.44729,173286,0.962384,0.393928,1.26357,0,,,,,,,,,,,,,,,
1570,17,16.9326,0.0491518,4.44628,4.80201,3.57147,1850.84,0.619148,1.41776,173637,0.958135,0.406371,1.11207,0.00102931,0.0634969,0.000884296,1.79814e+06,5205.02,12570.5,13929,7365.5,0.00610717,35,1101.33,1676.7,2.64187,1.09391,0.987217,1.86694
1588,17,16.9295,0.000945583,4.47038,4.83806,3.6076,1470.75,0.600554,1.37154,173316,0.960173,0.427224,1.39405,0.00207389,0.16886,0.00226794,709172,6624.82,11054.5,10021,4429.68,0.0180542,64,755.079,1565.53,2.07568,1.24393,1.37222,3.10428
1649,17,16.9292,0,4.41957,4.89341,3.66295,2314.47,0.569627,1.30355,173864,0.943873,0.461241,0.890762,0.0113817,0.634488,0.00832146,203349,27484.4,38180.5,29852.7,10696.1,0.0365957,83,998.26,2759.8,0.50032,0.360157,0.460628,1.28561
1678,17,16.9291,0,4.36945,4.90572,3.67527,3573.1,0.562528,1.28885,173848,0.927772,0.469161,0.581272,0.0301095,1.10517,0.0143971,118670,72480.6,98246.7,74285.8,25766.1,0.0399166,78,1495.36,4374.6,0.18972,0.139964,0.185109,0.533685
1725,17,16.9285,0,4.31797,4.91876,3.68832,5537.31,0.555029,1.27352,173691,0.906795,0.477726,0.3803,0.076022,1.83144,0.0237417,72838.2,192679,255021,186719,62341.6,0.0413051,85,2234.18,6963.81,0.0713673,0.053921,0.0736454,0.220575
1790,17,16.8738,0,4.2677,4.97984,3.75081,8278.68,0.516963,1.20282,174023,0.869304,0.521025,0.258194,0.217418,3.80307,0.0475521,38077.3,669931,819716,527433,149784,0.0472853,115,2897.93,11536.5,0.020526,0.0167753,0.0260715,0.0918052
1830,17,16.8036,0,4.21701,5.00482,3.7776,12552.2,0.50055,1.17564,174883,0.829411,0.541655,0.173929,0.405526,4.8374,0.0599273,30952.9,1.78669e+06,2.13805e+06,1.32002e+06,351353,0.0375236,119,4111.37,18034.2,0.00769633,0.00643157,0.0104173,0.0391372
1853,17,16.7736,0,4.16665,5.01575,3.7893,18504.3,0.494835,1.16627,175039,0.787429,0.552011,0.12087,0.635649,5.20234,0.0644372,29110.9,4.33666e+06,5.12621e+06,2.96435e+06,789554,0.0270704,123,5956.64,28008.9,0.00317087,0.00268249,0.00463878,0.0174162
1872,17,16.7584,0,4.11659,5.02148,3.79543,27026.8,0.492543,1.16323,175752,0.74085,0.558398,0.0845408,0.927207,5.21918,0.0647558,29148.6,9.51357e+06,1.12323e+07,6.33561e+06,1.71878e+06,0.0189085,125,8652.47,42207.3,0.00144541,0.00122423,0.00217043,0.00800045
1889,17,16.7508,0,4.06553,5.02426,3.7984,38367,0.492826,1.16347,175526,0.689894,0.562352,0.0612705,1.27514,5.05332,0.0628869,30088.5,1.91676e+07,2.28103e+07,1.28e+07,3.64272e+06,0.0131244,124,12485.9,61487.5,0.000717408,0.000602841,0.0010743,0.00377493
1904,17,16.7446,0,4.01212,5.02382,3.79812,55103,0.494624,1.16674,175825,0.631971,0.563568,0.0443043,1.73728,4.77672,0.0597781,31718,3.77918e+07,4.55221e+07,2.57745e+07,7.73034e+06,0.00906089,128,18270.9,88771.2,0.000363862,0.000302073,0.000533512,0.00177883
1926,17,16.7333,0,3.95869,5.02065,3.79525,76258,0.497722,1.17196,175893,0.572888,0.562357,0.0329044,2.25149,4.44579,0.0557938,33870.1,6.96574e+07,8.52067e+07,4.84233e+07,1.55492e+07,0.00635004,135,26106.4,125039,0.000197409,0.000161384,0.000283975,0.000884353
1941,17,16.7263,0,3.90561,5.01519,3.78997,104330,0.501904,1.17901,175913,0.514769,0.558914,0.0249804,2.86874,4.10597,0.0517078,36367.9,1.19939e+08,1.50241e+08,8.78483e+07,3.03019e+07,0.00454283,131,36994,169134,0.00011465,9.15264e-05,0.000156531,0.0004538
973,18,17.9984,0.75081,4.56253,4.49667,3.23961,622.311,0.755625,1.92616,170855,0.986741,0.257132,3.28985,0,,,,,,,,,,,,,,,
1068,18,17.9926,0.700544,4.55561,4.52842,3.2715,678.385,0.744801,1.8701,171901,0.985493,0.268668,3.01052,0,,,,,,,,,,,,,,,
1154,18,17.9867,0.65052,4.55366,4.5595,3.30273,692.871,0.733908,1.81676,172296,0.984606,0.280462,2.93192,0,,,,,,,,,,,,,,,
1233,18,17.9805,0.600815,4.55104,4.58945,3.33283,706.088,0.72312,1.76683,172203,0.983666,0.292328,2.87456,0,,,,,,,,,,,,,,,
1306,18,17.9741,0.550621,4.54763,4.61878,3.36231,735.38,0.712007,1.71931,172457,0.982535,0.30445,2.77349,0,,,,,,,,,,,,,,,
1373,18,17.9675,0.500586,4.54339,4.64714,3.39083,755.413,0.701074,1.67452,172034,0.98138,0.316646,2.70334,0,,,,,,,,,,,,,,,
1433,18,17.9609,0.450981,4.53829,4.67449,3.41834,799.756,0.68975,1.6325,172569,0.979958,0.328886,2.55073,0,,,,,,,,,,,,,,,
1487,18,17.9541,0.400037,4.53202,4.70163,3.44565,850.626,0.678183,1.59184,172841,0.978337,0.341506,2.39866,0,,,,,,,,,,,,,,,
1533,18,17.9475,0.350229,4.5248,4.72728,3.47146,903.845,0.667017,1.55437,172713,0.976584,0.353886,2.25984,0,,,,,,,,,,,,,,,
1573,18,17.941,0.299888,4.51625,4.75243,3.49676,985.13,0.655415,1.51853,173170,0.97444,0.366469,2.07308,0,,,,,,,,,,,,,,,
1606,18,17.9348,0.250405,4.5065,4.77631,3.52079,1074.89,0.644216,1.48531,173191,0.972064,0.378844,1.9032,0,,,,,,,,,,,,,,,
1634,18,17.9288,0.200618,4.4952,4.79956,3.54419,1190.18,0.632908,1.45371,173303,0.969256,0.391306,1.7201,0,,,,,,,,,,,,,,,
1658,18,17.9233,0.150157,4.48209,4.82247,3.56723,1339.13,0.621419,1.42329,173406,0.965886,0.403991,1.53108,0.000436221,0.0369711,0.000517401,3.06985e+06,2488.2,6382.17,7233.37,3893.97,0.00493879,36,809.241,1199.96,5.52648,2.15459,1.90105,3.53135
1679,18,17.9182,0.0985267,4.46719,4.84524,3.59013,1532.17,0.609612,1.39371,173552,0.961812,0.417013,1.34089,0.00145467,0.111116,0.00153037,1.05328e+06,5395.11,10183.6,10183.6,4788.46,0.0121334,54,828.01,1517.93,2.54879,1.35031,1.35031,2.87169
1696,18,17.9139,0.0495387,4.45328,4.86667,3.61166,1738.7,0.598108,1.36646,173790,0.957536,0.429638,1.18293,0.00303556,0.21035,0.00286004,572778,9457.11,15438.8,14049.8,5981.72,0.0190106,66,865.63,1854.82,1.45404,0.890676,0.978732,2.29884
1714,18,17.9099,0.000723919,4.4788,4.90399,3.64907,1366.04,0.577845,1.32029,173355,0.959663,0.452475,1.50654,0.00344946,0.319581,0.00417755,396014,8716.97,12440.3,9969.67,3723.34,0.0323188,87,611.11,1596.74,1.5775,1.10536,1.37928,3.69319
1766,18,17.9095,0,4.42749,4.9554,3.70049,2171.94,0.547372,1.25915,174165,0.943173,0.485756,0.952128,0.0145543,0.909301,0.0116562,149229,32433.8,41701.4,30030.1,9267.64,0.0497087,98,830.047,2749.64,0.423971,0.329749,0.457906,1.48376
1795,18,17.9095,0,4.37617,4.96557,3.71067,3359.62,0.541343,1.24734,173983,0.92691,0.492608,0.617423,0.0370042,1.5145,0.0192932,90790.3,83868.4,106994,75008.4,23126.1,0.0516776,105,1277.85,4382.51,0.163959,0.128521,0.183326,0.59461
1841,18,17.9089,0,4.32551,4.97555,3.72066,5204.43,0.535263,1.23601,174055,0.906383,0.499491,0.404164,0.0877499,2.3491,0.0297855,59309.8,215664,270972,185716,55307.5,0.0507744,100,1913.79,6863.96,0.0637611,0.0507469,0.074043,0.248628
1865,18,17.9081,0,4.27535,5.00277,3.7479,7873.8,0.518574,1.20589,174191,0.877231,0.518873,0.270888,0.197668,3.62328,0.0453364,39833.5,583599,715383,470222,131784,0.0478911,99,2733.12,10827.3,0.0235624,0.0192219,0.0292436,0.104345
1979,18,17.7378,0,4.22457,5.06485,3.81413,11613.8,0.476874,1.13671,174675,0.826677,0.569676,0.188718,0.413127,5.57876,0.0675904,28111.9,2.00581e+06,2.32788e+06,1.32392e+06,322066,0.0409536,139,3532.61,17852.3,0.00685557,0.00590709,0.0103866,0.0426962
2002,18,17.7074,0,4.17241,5.0723,3.82233,17500.4,0.473458,1.13189,175182,0.78361,0.578072,0.128229,0.646519,5.8316,0.0708072,27068.6,4.7793e+06,5.53062e+06,3.04387e+06,751320,0.0286274,139,5283.38,27743.8,0.0028772,0.00248634,0.00451761,0.0183024
2021,18,17.6951,0,4.12038,5.07541,3.82574,25992.9,0.473372,1.13237,175777,0.73574,0.582874,0.0887112,0.946109,5.74659,0.0700583,27473.5,1.07067e+07,1.23815e+07,6.63266e+06,1.67476e+06,0.0195904,136,7809.67,42585.5,0.00128433,0.00111061,0.00207322,0.00821071
2043,18,17.691,0,4.06948,5.07396,3.82438,37369.4,0.476277,1.13732,176170,0.685888,0.583599,0.0632332,1.29948,5.45977,0.0666525,28757.3,2.11729e+07,2.47178e+07,1.33591e+07,3.54495e+06,0.0134934,133,11418.7,61491.5,0.000649462,0.000556318,0.00102933,0.00387903
2061,18,17.6892,0,4.01903,5.06805,3.81852,52184.5,0.48192,1.1462,176039,0.635099,0.58027,0.0464982,1.70899,5.08647,0.0626885,30535.2,3.90947e+07,4.63263e+07,2.51728e+07,7.23162e+06,0.00945387,132,16658.4,87345.8,0.000351735,0.000296829,0.000546264,0.00190151
978,19,18.9981,0.750899,4.57139,4.55918,3.27865,583.203,0.742436,1.85774,171693,0.986825,0.271322,3.49118,0,,,,,,,,,,,,,,,
1091,19,18.991,0.700651,4.5644,4.59079,3.31042,627.52,0.731256,1.80389,172088,0.985622,0.283454,3.24766,0,,,,,,,,,,,,,,,
1193,19,18.9836,0.650939,4.56245,4.62152,3.34132,631.146,0.720208,1.75298,171594,0.984802,0.295767,3.23665,0,,,,,,,,,,,,,,,
1291,19,18.9759,0.600767,4.55977,4.65157,3.37155,657.548,0.708472,1.70467,172421,0.983751,0.308348,3.09679,0,,,,,,,,,,,,,,,
1381,19,18.968,0.550774,4.55631,4.68059,3.40075,683.593,0.69681,1.65925,172810,0.982622,0.321007,2.97629,0,,,,,,,,,,,,,,,
1460,19,18.9598,0.500849,4.55202,4.70869,3.42904,708.883,0.685232,1.61644,172763,0.981406,0.333772,2.8714,0,,,,,,,,,,,,,,,
1531,19,18.9515,0.450323,4.54672,4.73634,3.45687,743.421,0.673357,1.57542,172819,0.979996,0.346834,2.73863,0,,,,,,,,,,,,,,,
1593,19,18.9431,0.40058,4.54049,4.76263,3.48335,786.139,0.661721,1.53742,172704,0.978417,0.359747,2.60195,0,,,,,,,,,,,,,,,
1648,19,18.9348,0.350204,4.53304,4.78836,3.50928,845.622,0.649709,1.50113,173014,0.976543,0.372866,2.41926,0,,,,,,,,,,,,,,,
1695,19,18.9267,0.300617,4.52445,4.81296,3.53407,915.426,0.637816,1.46728,173305,0.974432,0.385863,2.22796,0,,,,,,,,,,,,,,,
1735,19,18.9187,0.250099,4.51427,4.83718,3.55847,996.326,0.625997,1.43477,173057,0.971992,0.399116,2.05199,0.000112285,0.0126362,0.000178109,8.87319e+06,926.406,3235.38,3921.26,2308.98,0.0023091,24,648.438,842.784,14.8434,4.25019,3.50678,5.95545
1768,19,18.9111,0.199618,4.50252,4.86059,3.58205,1117.08,0.613881,1.40408,173392,0.968984,0.412375,1.83681,0.000611399,0.0633551,0.000880703,1.82709e+06,2530.35,5124.72,5283.61,2594.36,0.00969081,49,626.188,1077.6,5.43442,2.68327,2.60258,5.30033
1795,19,18.9042,0.149646,4.48916,4.88311,3.60473,1257.2,0.601952,1.37517,173534,0.965539,0.425534,1.62977,0.00140661,0.133513,0.00182774,893782,4586.97,7762.79,7218.1,3175.82,0.0169128,61,643.714,1315.78,2.99784,1.7714,1.90507,4.3299
1818,19,18.8978,0.0989314,4.47406,4.90534,3.62711,1445.85,0.589715,1.34722,173843,0.961338,0.43893,1.41914,0.00275301,0.234203,0.00315881,525187,7816.18,11946.3,10254.5,4130.08,0.0241868,74,688.509,1611.5,1.7593,1.15107,1.34097,3.32947
1837,19,18.8923,0.048919,4.45929,4.92709,3.64898,1644.58,0.577575,1.32042,173849,0.956816,0.452423,1.2502,0.0048205,0.371201,0.0049293,341162,12481.7,17774.1,14328.2,5292.44,0.0314557,86,729.075,1924.99,1.1017,0.773653,0.959713,2.59823
1857,19,18.8873,0.000914926,4.48203,4.9618,3.68381,1337.77,0.557357,1.2787,174074,0.958446,0.474708,1.52737,0.00488673,0.484742,0.00621383,273756,11063.6,14587.1,10777.8,3523.54,0.0448978,103,537.379,1673.91,1.24291,0.94268,1.27587,3.90261
2014,19,18.8868,0,4.43048,5.01531,3.73734,2066.98,0.525089,1.21669,173592,0.941446,0.510938,0.997017,0.0182988,1.26043,0.0157841,112958,39538.3,48494.8,31838.7,8956.45,0.0628548,111,732.656,2795.31,0.347789,0.283556,0.431895,1.53532
2050,19,18.8867,0,4.3804,5.02986,3.75188,3225.31,0.515433,1.20032,174164,0.923997,0.521226,0.642981,0.0471353,2.12299,0.0262533,68426.7,103505,125478,81256.5,21973.7,0.0655638,107,1103.65,4410.77,0.132854,0.109589,0.169229,0.625794
2092,19,18.8858,0,4.32924,5.05097,3.77301,4980.92,0.501822,1.17708,174316,0.9003,0.53662,0.421133,0.112019,3.35882,0.0412569,44465,279460,333976,210069,54516.1,0.0631963,115,1639.06,7037.11,0.0492056,0.0411736,0.0654594,0.252237
2145,19,18.815,0,4.27897,5.09484,3.81852,7452.14,0.472374,1.12921,174350,0.863923,0.571663,0.287589,0.247047,5.24379,0.0627328,30164.9,850155,983463,566428,133307,0.0571517,136,2242.24,11210.1,0.0161747,0.0139822,0.0242767,0.103152
2186,19,18.7169,0,4.22779,5.11627,3.84221,11425.4,0.457425,1.10755,175558,0.822323,0.592144,0.192054,0.434451,6.18514,0.0736014,26298.5,2.27425e+06,2.59271e+06,1.43083e+06,318458,0.042287,148,3233.26,17914.9,0.00604638,0.00530372,0.0096105,0.04318
2210,19,18.6726,0,4.17641,5.12581,3.85278,16781.7,0.4532,1.10096,175332,0.778765,0.603121,0.134182,0.658649,6.43382,0.0766022,25478.9,5.39337e+06,6.13003e+06,3.19609e+06,736662,0.0295816,145,4781.14,27615.7,0.00254961,0.00224322,0.00430244,0.0186666
2229,19,18.652,0,4.12626,5.13041,3.85786,24299.2,0.45232,1.1001,175797,0.731569,0.609741,0.0946744,0.937925,6.3376,0.0757522,25907.3,1.16508e+07,1.32484e+07,6.70755e+06,1.59764e+06,0.0204689,141,6935.71,41897.6,0.00118026,0.00103794,0.00205008,0.00860706
2246,19,18.6419,0,4.07475,5.13265,3.86034,35345.2,0.453028,1.10177,176486,0.677709,0.614156,0.0674454,1.30853,6.0707,0.0728932,27011.4,2.37962e+07,2.72027e+07,1.38718e+07,3.40643e+06,0.0141001,142,10052.2,61536.5,0.000577864,0.000505501,0.000991288,0.00403678
2260,19,18.6369,0,4.02465,5.13193,3.85974,48956.8,0.455683,1.10578,176508,0.623537,0.615538,0.0501986,1.71829,5.72739,0.0691607,28491.6,4.43985e+07,5.12706e+07,2.61359e+07,6.87209e+06,0.00997499,144,14336.1,86604.2,0.000309717,0.000268204,0.000526135,0.00200099
2282,19,18.6253,0,3.97422,5.12868,3.85676,66741.6,0.4595,1.11148,176410,0.567134,0.614489,0.0382305,2.20136,5.34455,0.0647787,30318.3,7.75627e+07,9.09403e+07,4.72479e+07,1.33777e+07,0.00718074,149,20230,116858,0.000177289,0.000151209,0.000291039,0.00102791
2298,19,18.6169,0,3.92191,5.12253,3.8508,90993.3,0.464481,1.11946,176877,0.509227,0.610473,0.0289415,2.79533,4.93195,0.059966,32551.9,1.30538e+08,1.56192e+08,8.41978e+07,2.56534e+07,0.00518491,154,28506.7,158334,0.000105341,8.80392e-05,0.000163318,0.000536029
984,20,19.9977,0.750746,4.5794,4.61789,3.31509,548.296,0.729515,1.79608,172298,0.986894,0.285278,3.69883,0,,,,,,,,,,,,,,,
1117,20,19.9891,0.700747,4.57258,4.64919,3.34657,584.985,0.71803,1.74453,172235,0.985729,0.297922,3.48764,0,,,,,,,,,,,,,,,
1240,20,19.9802,0.650925,4.57059,4.6798,3.37738,596.729,0.706198,1.69551,172454,0.984842,0.310835,3.41096,0,,,,,,,,,,,,,,,
1353,20,19.9708,0.600744,4.56787,4.70965,3.40744,609.603,0.694264,1.64903,172418,0.983871,0.323976,3.33614,0,,,,,,,,,,,,,,,
1463,20,19.9611,0.550786,4.56436,4.73844,3.43643,632.895,0.682143,1.60544,172725,0.982741,0.33719,3.21159,0,,,,,,,,,,,,,,,
1563,20,19.9511,0.500822,4.55998,4.76633,3.46454,661.502,0.670016,1.56433,172821,0.981473,0.350527,3.08499,0,,,,,,,,,,,,,,,
1652,20,19.941,0.450908,4.55466,4.79342,3.49185,698.681,0.657657,1.52543,173174,0.98002,0.363992,2.91917,0,,,,,,,,,,,,,,,
1730,20,19.9307,0.400975,4.5483,4.81959,3.51824,737.18,0.645489,1.48881,173057,0.978426,0.377511,2.77037,0,,,,,,,,,,,,,,,
1798,20,19.9204,0.350665,4.54073,4.84509,3.54397,794.76,0.632956,1.454,173420,0.976509,0.391187,2.5696,0,,,,,,,,,,,,,,,
1855,20,19.9103,0.300352,4.53183,4.86986,3.56896,856.837,0.620518,1.42102,173443,0.974361,0.404958,2.37635,0.00020624,0.0273834,0.000383814,4.15455e+06,1065.35,2653.21,2987.95,1587.86,0.00565099,38,512.807,773.161,12.9074,5.18277,4.60215,8.66009
1901,20,19.9004,0.249783,4.5214,4.89391,3.59323,941.537,0.608009,1.38974,173521,0.971791,0.418805,2.16587,0.000610096,0.0761478,0.00105227,1.54326e+06,2152.95,3978.89,3904.02,1825.94,0.0132918,55,507.346,941.537,6.38704,3.45599,3.52226,7.53092
1938,20,19.8912,0.200116,4.50956,4.91679,3.61631,1043.76,0.595824,1.36063,173431,0.96884,0.432413,1.95844,0.00122372,0.14206,0.00193347,852940,3673.13,5879.02,5194.58,2205.89,0.0207977,66,519.447,1134.69,3.74367,2.33899,2.64718,6.23377
1969,20,19.8824,0.149272,4.49561,4.93953,3.63924,1191.09,0.583028,1.33229,173837,0.965133,0.446364,1.71742,0.00224513,0.235626,0.00315902,530522,5941.98,8747.88,7277.33,2805.9,0.0283091,81,547.77,1357.68,2.31421,1.57192,1.88957,4.90074
1994,20,19.8747,0.0994286,4.48032,4.96126,3.66114,1356.03,0.57082,1.30572,173630,0.960959,0.460091,1.51284,0.00384536,0.36486,0.00481907,352642,9559.91,13218.1,10232.1,3658.23,0.0357966,97,585.911,1633.99,1.4384,1.04031,1.3439,3.75892
2015,20,19.8676,0.0483985,4.46464,4.98326,3.6833,1567.51,0.557719,1.27933,174001,0.956028,0.474381,1.31034,0.00644371,0.54506,0.00709054,243262,14895.4,19722.1,14738.3,4826.7,0.0433271,96,630.359,1940.19,0.923169,0.697237,0.933013,2.84894
2035,20,19.8615,0.000771623,4.48816,5.01814,3.71831,1271.83,0.536509,1.23849,174174,0.957681,0.4978,1.61446,0.00605955,0.662025,0.00829526,209888,12783,15966.5,11063.7,3183.52,0.0577405,115,461.039,1665.76,1.07573,0.861241,1.24289,4.31943
2104,20,19.8609,0,4.43764,5.07345,3.77363,1961.47,0.501342,1.17593,174059,0.94008,0.536857,1.05516,0.0213782,1.62934,0.0198878,91751.1,44835.2,53011.1,32925.2,8175.97,0.0762341,122,630.147,2778.52,0.306701,0.259398,0.417643,1.68188
2141,20,19.8608,0,4.38758,5.08434,3.78452,3027.29,0.494103,1.16394,174143,0.923004,0.544886,0.688755,0.0519457,2.60243,0.0314712,58277.9,113456,133601,81814.3,20145.5,0.0765211,119,962.435,4337.53,0.121201,0.102926,0.168076,0.682582
2181,20,19.8601,0,4.33722,5.10168,3.80188,4572.9,0.482962,1.14534,173838,0.90045,0.558038,0.458724,0.114678,3.88716,0.0468445,39875.9,300042,348866,202117,48824.4,0.0710544,119,1421.57,6777.4,0.0458302,0.0394162,0.0680349,0.281642
2251,20,19.7434,0,4.28663,5.15248,3.85524,6939.87,0.446777,1.09051,174538,0.860515,0.600785,0.30954,0.254147,6.07372,0.0709456,27306.5,955912,1.07974e+06,579028,123827,0.0621585,150,1937.06,10974,0.0143852,0.0127355,0.0237484,0.11105
2287,20,19.6413,0,4.23614,5.16853,3.87354,10376.4,0.436184,1.07536,174787,0.821144,0.61794,0.212159,0.422637,6.88462,0.0801736,24551.5,2.4067e+06,2.69609e+06,1.38328e+06,289398,0.0454262,160,2794.25,17050.6,0.00571364,0.00510034,0.00994089,0.0475158
2310,20,19.596,0,4.18609,5.17579,3.8818,15438.6,0.43293,1.07154,175596,0.778219,0.627565,0.145907,0.640878,7.05709,0.0823436,24089.7,5.55781e+06,6.21534e+06,3.08788e+06,657537,0.0316929,157,4125.48,26480.6,0.00247417,0.00221243,0.00445322,0.0209129
2330,20,19.5751,0,4.13333,5.17914,3.88562,23128.4,0.433302,1.07267,176241,0.728219,0.63377,0.100818,0.937715,6.88807,0.08081,24664.6,1.24184e+07,1.39102e+07,6.80544e+06,1.49181e+06,0.0214784,158,6152.12,40463.3,0.00110731,0.000988553,0.00202059,0.00921768
2352,20,19.5682,0,4.08188,5.17829,3.88492,33019.2,0.436694,1.07769,176412,0.67722,0.635712,0.0722654,1.27343,6.51289,0.0765252,25929.3,2.47729e+07,2.7921e+07,1.35801e+07,3.14813e+06,0.0147426,159,8924.28,59558.9,0.000555082,0.000492496,0.00101259,0.00436798
2372,20,19.5662,0,4.03129,5.17331,3.87998,46545.9,0.442449,1.08614,176530,0.624521,0.633454,0.0531631,1.69058,6.07099,0.0721707,27532.5,4.54989e+07,5.19968e+07,2.57694e+07,6.49783e+06,0.0103823,158,13134.9,84009,0.000302227,0.000264459,0.000533617,0.00211624
986,21,20.9974,0.750791,4.58707,4.67293,3.34894,519.961,0.716936,1.74069,172827,0.986952,0.298892,3.91461,0,,,,,,,,,,,,,,,
1142,21,20.9871,0.700777,4.58021,4.70406,3.38028,548.748,0.705015,1.69096,172585,0.985823,0.312081,3.70684,0,,,,,,,,,,,,,,,
1285,21,20.9763,0.650998,4.57819,4.73443,3.41088,554.651,0.692953,1.64378,172207,0.98497,0.32552,3.68099,0,,,,,,,,,,,,,,,
1426,21,20.965,0.600726,4.57542,4.76411,3.4408,576.607,0.680242,1.59899,172861,0.983911,0.33923,3.53496,0,,,,,,,,,,,,,,,
1554,21,20.9534,0.550749,4.57184,4.79267,3.4696,595.258,0.667748,1.55705,172919,0.982797,0.35298,3.42292,0,,,,,,,,,,,,,,,
1669,21,20.9413,0.50064,4.56737,4.8204,3.49758,617.711,0.655202,1.51739,172833,0.98155,0.366883,3.30066,0,,,,,,,,,,,,,,,
1771,21,20.9291,0.450611,4.56194,4.84731,3.52474,648.607,0.64251,1.47993,172867,0.980112,0.380914,3.14592,0,,,,,,,,,,,,,,,
1860,21,20.9168,0.400822,4.55547,4.87316,3.55085,690.007,0.629757,1.44485,173085,0.978452,0.394929,2.95719,6.2165e-107,1e-104,1.40125e-106,1.10996e+109,75.8906,1304.17,1834.97,1228.28,2.6977e-105,4,499.168,519.199,181.195,10.5438,7.49384,11.1953
1937,21,20.9044,0.350814,4.54779,4.89831,3.57625,742.147,0.616776,1.41154,173511,0.976529,0.409064,2.73579,0.000221627,0.0343089,0.00047882,3.34863e+06,1018.44,2185.91,2297.66,1167.47,0.00797806,44,428.221,700.413,13.502,6.29074,5.98478,11.7784
2003,21,20.8921,0.300416,4.53869,4.92292,3.60112,800.09,0.604142,1.37971,173063,0.974341,0.423406,2.55673,0.000540717,0.080203,0.00110323,1.47969e+06,1789.65,3118.24,2913.43,1328.59,0.0159767,66,422.332,836.767,7.68362,4.40985,4.71986,10.3501
2057,21,20.8803,0.25058,4.5282,4.94645,3.62489,898.597,0.59077,1.34995,174098,0.971576,0.43758,2.27268,0.00103304,0.141039,0.0019127,869861,2913.78,4476.31,3919.55,1562.53,0.0236084,76,425.146,980.582,4.7193,3.07195,3.50831,8.80045
2101,21,20.8688,0.19977,4.51581,4.96966,3.64835,990.048,0.578134,1.32119,173541,0.968551,0.452024,2.06978,0.00176591,0.225584,0.00301172,560644,4545.82,6492,5214.42,1946.18,0.0315285,89,443.606,1164.96,3.02497,2.11814,2.63711,7.06562
2135,21,20.8583,0.150102,4.50183,4.99173,3.67063,1124.66,0.565177,1.29436,173905,0.964847,0.466158,1.81663,0.00293979,0.340744,0.00448181,382564,7040.24,9523.71,7268.57,2483.47,0.0391036,93,468.802,1365.25,1.9532,1.44387,1.89184,5.53701
2163,21,20.8487,0.0997234,4.48594,5.01352,3.69262,1298.98,0.552132,1.26835,174091,0.960366,0.480515,1.57624,0.00487342,0.503734,0.00652605,266544,11093.7,14374.6,10483.5,3280.91,0.0467565,100,503.92,1634.05,1.23954,0.956619,1.31168,4.19121
2186,21,20.8401,0.048887,4.46968,5.03527,3.71455,1501.47,0.538902,1.24283,174065,0.955262,0.495242,1.37247,0.00789981,0.7273,0.00928039,190064,17424.9,21878.1,15190.1,4453.2,0.054517,113,552.336,1960.36,0.789158,0.628528,0.905257,3.08789
2208,21,20.8326,0.00083594,4.49157,5.06915,3.74858,1226.26,0.517601,1.20398,174053,0.956709,0.518861,1.67457,0.007257,0.855859,0.0105171,168976,14911,17993.6,11635.3,3082.6,0.0694979,129,416.304,1686.55,0.922207,0.764217,1.18183,4.46084
2443,21,20.8318,0,4.44005,5.1246,3.80405,1910.86,0.480925,1.14237,174054,0.938147,0.559375,1.08352,0.0249535,2.03214,0.0242794,76576.8,51908.9,60150.9,35636.7,8241.99,0.0873136,130,581.25,2791.9,0.264906,0.228608,0.385866,1.66841
2488,21,20.8317,0,4.38975,5.13727,3.81672,2931.51,0.472492,1.12871,173841,0.920257,0.569055,0.712386,0.0598568,3.22903,0.0381453,48975.3,132475,152600,88763,20125.5,0.0866685,123,873.28,4345.15,0.103801,0.090111,0.154918,0.683262
2521,21,20.8307,0,4.33837,5.15996,3.83943,4539.27,0.456845,1.10506,174159,0.894642,0.587044,0.46574,0.134049,4.80865,0.0564132,33862.7,373939,424713,233540,50773.3,0.0779256,128,1299.67,6956.22,0.0367733,0.0323771,0.0588806,0.270831
2583,21,20.7017,0,4.28766,5.20041,3.88259,6865.52,0.427346,1.0626,174652,0.855387,0.623458,0.315329,0.271815,6.79692,0.0779228,25258.1,1.12518e+06,1.25175e+06,642299,126563,0.063787,164,1795.48,11175,0.0122211,0.0109854,0.021409,0.108649
2619,21,20.5869,0,4.23691,5.21546,3.90005,10350.9,0.417156,1.04918,175405,0.814393,0.640836,0.213808,0.446139,7.53121,0.0861344,23201.1,2.83043e+06,3.13054e+06,1.54622e+06,300105,0.0456181,165,2622.7,17504.7,0.00485826,0.00439253,0.00889328,0.0458207
2642,21,20.5351,0,4.18678,5.22239,3.90808,15281.8,0.414607,1.04615,175916,0.770521,0.650908,0.148563,0.664684,7.63324,0.0875455,22991.1,6.49599e+06,7.1638e+06,3.40603e+06,667810,0.0316654,166,3801.96,27130.1,0.00211684,0.00191951,0.00403725,0.0205912
2662,21,20.5104,0,4.13452,5.22576,3.91197,22577.9,0.41538,1.04754,176293,0.720228,0.657643,0.104064,0.954423,7.40888,0.0854215,23656,1.42551e+07,1.57616e+07,7.334e+06,1.50646e+06,0.0215358,174,5659.61,40998.1,0.000964635,0.000872437,0.00187496,0.00912802
2682,21,20.5013,0,4.08332,5.22561,3.91201,32182.7,0.418628,1.0521,176381,0.668012,0.66056,0.0753179,1.29137,6.99363,0.0806825,24921.4,2.78961e+07,3.11076e+07,1.45619e+07,3.21148e+06,0.0148514,175,8289.84,60240.5,0.000492935,0.000442046,0.000944314,0.00428182
2705,21,20.4987,0,4.03155,5.22162,3.90807,45652.3,0.423804,1.05977,176971,0.612574,0.659373,0.0547725,1.72301,6.51952,0.0762033,26495.7,5.24433e+07,5.9021e+07,2.79386e+07,6.57767e+06,0.0104039,168,12018,85715.2,0.000262207,0.000232985,0.000492185,0.00209056
990,22,21.9971,0.75098,4.5944,4.72467,3.38049,478.63,0.705004,1.69062,172388,0.987136,0.312165,4.23461,0,,,,,,,,,,,,,,,
1171,22,21.9848,0.700763,4.58735,4.75574,3.41179,513.725,0.692414,1.6424,172613,0.985933,0.32593,3.95492,0,,,,,,,,,,,,,,,
1342,22,21.972,0.650733,4.58528,4.78604,3.44235,525.558,0.679647,1.59671,172714,0.985019,0.339955,3.87728,0,,,,,,,,,,,,,,,
1502,22,21.9587,0.600721,4.58247,4.81532,3.47189,539.286,0.666781,1.55375,172813,0.984016,0.354099,3.77598,0,,,,,,,,,,,,,,,
1647,22,21.9448,0.550657,4.57882,4.84368,3.50053,558.236,0.653793,1.51328,172947,0.98288,0.36838,3.64677,0,,,,,,,,,,,,,,,
1777,22,21.9306,0.500759,4.57429,4.87105,3.52817,585.529,0.640642,1.47526,173312,0.981569,0.38273,3.47404,0,,,,,,,,,,,,,,,
1895,22,21.9161,0.450731,4.56875,4.89769,3.55511,616.953,0.627438,1.4392,173476,0.980092,0.397266,3.29726,2.55558e-05,0.00462655,6.54713e-05,2.41414e+07,267.607,1157.82,1479.49,890.21,0.00138387,19,409.166,500.94,51.385,11.8766,9.29441,15.4469
1999,22,21.9013,0.400527,4.56211,4.92353,3.58124,653.703,0.614274,1.40511,173425,0.978418,0.41191,3.11618,0.000208523,0.0368869,0.000513833,3.13493e+06,867.435,1758.34,1810.85,890.907,0.00960265,48,367.442,631.12,15.8525,7.82043,7.59368,15.4348
2087,22,21.8865,0.350511,4.55427,4.94846,3.60646,702.659,0.601021,1.37298,173552,0.976463,0.426558,2.90142,0.000463369,0.0788775,0.00108264,1.51642e+06,1487.83,2473.52,2272.7,985.692,0.0176958,66,356.156,742.356,9.24232,5.55928,6.05051,13.9506
2161,22,21.872,0.300477,4.54505,4.97269,3.63099,765.492,0.587659,1.34243,173728,0.974165,0.441294,2.66542,0.000834822,0.134813,0.00182108,916952,2285.05,3449.33,2927.19,1164.28,0.0257668,76,361.612,861.123,6.01781,3.98657,4.69767,11.8107
2222,22,21.8579,0.250871,4.53439,4.99592,3.65449,849.648,0.574258,1.31373,174167,0.971438,0.455878,2.40225,0.00139295,0.20925,0.00278478,609962,3442.46,4828.64,3891.23,1386.18,0.0336635,88,366.876,994.12,3.99452,2.8478,3.53384,9.92008
2272,22,21.8443,0.200774,4.5219,5.01863,3.67747,940.773,0.561134,1.28621,173993,0.968331,0.470578,2.1648,0.00222436,0.31108,0.00407915,422942,5279.47,7003.49,5217.91,1724.02,0.0416511,103,381.845,1170.16,2.60461,1.96345,2.63535,7.97612
2311,22,21.8316,0.150873,4.50754,5.04064,3.69973,1067.25,0.547961,1.26002,173965,0.964534,0.485241,1.91286,0.00355279,0.451128,0.00582626,300398,8076.88,10310.1,7299.1,2233.21,0.0494873,110,406.826,1368.97,1.70251,1.33374,1.88393,6.15749
2343,22,21.8198,0.0992456,4.4908,5.0628,3.72213,1238.71,0.534248,1.23409,174037,0.959792,0.500414,1.65272,0.00580489,0.654336,0.00832125,213390,12606.9,15649.9,10698.4,3043.02,0.0575076,113,444.997,1630.96,1.09075,0.878662,1.28533,4.51887
2367,22,21.8099,0.0506397,4.4746,5.08342,3.74295,1435.15,0.521011,1.21035,174287,0.954635,0.514879,1.42983,0.00912976,0.913497,0.0114446,157195,19258.2,23398.7,15521.7,4140.41,0.0648923,117,489.576,1933.42,0.714031,0.587683,0.885919,3.32117
2391,22,21.8005,0.000805441,4.49549,5.11759,3.7773,1176.91,0.499017,1.17183,173920,0.955835,0.539528,1.74532,0.00832788,1.06276,0.0128084,141322,16870.9,19829.3,12105.8,2958.42,0.08095,138,374.904,1682.5,0.815072,0.693468,1.1359,4.64808
2652,22,21.7996,0,4.44527,5.17362,3.83335,1805.52,0.460797,1.11055,173781,0.937012,0.581756,1.14766,0.027139,2.42977,0.028413,66528.4,56922.1,64794.2,36467,7872.04,0.0984942,142,521.037,2727.4,0.241575,0.212226,0.37708,1.74681
2697,22,21.7995,0,4.39459,5.186,3.84573,2798.56,0.452177,1.09751,173751,0.918498,0.591549,0.749489,0.0648357,3.80488,0.0439886,43163.8,146436,165845,92319.3,19408.6,0.0960049,130,787.097,4264.62,0.0939042,0.0829147,0.14895,0.708499
2730,22,21.7985,0,4.34255,5.20644,3.8662,4329.03,0.437957,1.07685,173922,0.892614,0.608419,0.489226,0.140435,5.46604,0.0628784,30826,402238,451903,241854,49664.9,0.0834685,135,1187.19,6805.43,0.0341862,0.030429,0.0568565,0.276875
2793,22,21.6545,0,4.29213,5.24591,3.90855,6569.34,0.408184,1.03637,174897,0.8524,0.645522,0.328805,0.277347,7.49046,0.0842395,23686.4,1.22065e+06,1.34251e+06,668686,121854,0.0662755,177,1616.2,10972.4,0.0112653,0.0102428,0.0205642,0.112848
2830,22,21.5224,0,4.24023,5.2599,3.92518,10008.7,0.39897,1.02461,175492,0.809835,0.66312,0.222441,0.454096,8.17496,0.0917429,22041,3.16164e+06,3.45685e+06,1.63587e+06,295210,0.0465808,177,2390.96,17499.5,0.00434932,0.0039779,0.00840592,0.0465804
2854,22,21.4629,0,4.18796,5.26644,3.93293,15061.9,0.397058,1.02257,176039,0.763085,0.673705,0.152642,0.683629,8.20423,0.0924151,22032.3,7.37027e+06,8.04813e+06,3.71833e+06,677862,0.0317034,182,3519.3,27445.5,0.00186574,0.00170859,0.00369816,0.0202858
2873,22,21.4373,0,4.13754,5.26929,3.9363,21797.3,0.398306,1.02457,176451,0.714162,0.680289,0.108393,0.957999,7.92791,0.0898786,22753,1.55044e+07,1.6978e+07,7.68807e+06,1.47352e+06,0.0218304,188,5135.72,40819.7,0.000886906,0.000809932,0.00178861,0.00933209
2894,22,21.4278,0,4.0861,5.26896,3.93616,31192.3,0.401864,1.02953,176735,0.660939,0.683354,0.0782231,1.29764,7.45981,0.0846149,24037.7,3.09867e+07,3.41272e+07,1.52856e+07,3.14054e+06,0.0150445,181,7519.09,60072.3,0.000443771,0.000402933,0.000899602,0.00437854
2916,22,21.4252,0,4.03347,5.2646,3.93185,44164.1,0.407877,1.03773,176878,0.604783,0.682006,0.0573313,1.72441,6.93114,0.0796566,25611.1,5.75786e+07,6.40642e+07,2.92263e+07,6.48567e+06,0.0105293,174,10957.1,85537.9,0.000238821,0.000214644,0.0004705,0.00212021
994,23,22.9967,0.75095,4.60106,4.77367,3.41019,453.92,0.693043,1.64484,172675,0.987206,0.325207,4.46824,0,,,,,,,,,,,,,,,
1202,23,22.9824,0.700899,4.59404,4.80442,3.4412,482.57,0.680173,1.59837,172607,0.986039,0.339416,4.20624,0,,,,,,,,,,,,,,,
1399,23,22.9674,0.650856,4.59194,4.83449,3.47156,491.223,0.667092,1.55422,172460,0.985145,0.353931,4.14882,0,,,,,,,,,,,,,,,
1579,23,22.9518,0.600786,4.58907,4.86356,3.50092,517.584,0.653252,1.51269,173699,0.984014,0.36857,3.92133,0,,,,,,,,,,,,,,,
1747,23,22.9356,0.550704,4.58535,4.89167,3.52934,529.447,0.640097,1.47368,173287,0.982922,0.383347,3.83856,0,,,,,,,,,,,,,,,
1902,23,22.919,0.500931,4.58075,4.91871,3.55669,548.772,0.626856,1.43711,173097,0.981663,0.398137,3.70714,2.80077e-05,0.00570929,8.07326e-05,1.95936e+07,245.581,956.979,1184.9,711.398,0.00189668,21,363.245,456.299,55.9938,14.3692,11.6052,19.3295
2042,23,22.9019,0.450867,4.57512,4.94512,3.58343,584.593,0.61308,1.4023,173555,0.980109,0.413161,3.48912,0.000179182,0.0355535,0.000494578,3.26257e+06,718.866,1417.84,1453.67,698.976,0.010318,51,322.596,565.555,19.1287,9.69853,9.45952,19.6731
2164,23,22.8846,0.400824,4.56837,4.97065,3.60929,618.474,0.599595,1.36943,173422,0.978424,0.428234,3.30165,0.000381593,0.0740626,0.00101405,1.62077e+06,1177.74,1948.24,1779.88,770.502,0.0186913,68,313.132,655.688,11.6757,7.05814,7.7258,17.8468
2269,23,22.8672,0.350626,4.56037,4.99545,3.63441,669.251,0.585644,1.3382,173930,0.976388,0.44339,3.03947,0.000671242,0.12459,0.00168168,997034,1796.81,2668.03,2260.65,871.215,0.0269583,83,308.177,751.605,7.65299,5.15399,6.08277,15.7837
2355,23,22.85,0.300689,4.55098,5.01942,3.65872,722.22,0.572214,1.30864,173615,0.974117,0.458551,2.8236,0.00107749,0.191333,0.00254183,670282,2671.91,3706.1,2885.29,1034.19,0.0353073,93,313.443,865.8,5.14649,3.71037,4.7659,13.2964
2425,23,22.8332,0.250639,4.53999,5.04266,3.68227,800.218,0.558433,1.28054,173841,0.971332,0.473712,2.5515,0.00169853,0.280985,0.00367672,471124,4034.51,5284.49,3846.15,1249.99,0.0435096,101,320.696,999.76,3.40834,2.60214,3.57526,11.0009
2481,23,22.8172,0.200769,4.52728,5.06508,3.705,898.414,0.544772,1.25389,173987,0.96804,0.488779,2.27645,0.00264834,0.402296,0.00518568,339237,5853.13,7426.1,5267.36,1572.97,0.0516056,113,336.153,1156.25,2.34934,1.85171,2.6106,8.74206
2526,23,22.8021,0.150371,4.5124,5.0871,3.72731,1019.86,0.531214,1.22816,173805,0.964103,0.503981,2.01053,0.00414681,0.571439,0.00725556,245938,8984.58,11062.2,7420.76,2077.58,0.05975,118,362.098,1368.78,1.53051,1.24306,1.85304,6.61874
2561,23,22.7883,0.099955,4.49559,5.10857,3.74904,1190.43,0.517258,1.20347,174122,0.95923,0.519186,1.72549,0.00664665,0.808044,0.0100919,179102,14032.7,16887.4,10965.8,2854.63,0.0675883,129,398.664,1622.67,0.979922,0.814277,1.25399,4.81709
2588,23,22.7761,0.0496469,4.47824,5.12973,3.77043,1373.13,0.503539,1.17946,173924,0.95382,0.534525,1.49508,0.0104031,1.12761,0.0138729,131992,21892,25895.8,16015.4,4003.87,0.0754313,135,445.073,1940.25,0.62813,0.531012,0.858611,3.43442
2611,23,22.7653,0.000949999,4.49765,5.16171,3.80261,1149.38,0.482063,1.14391,173846,0.954762,0.558283,1.7878,0.00957797,1.29392,0.0152329,120002,19113,22096.2,12896.5,2983.21,0.0918676,140,351.187,1691.43,0.719459,0.622324,1.06626,4.60946
2692,23,22.7642,0,4.44626,5.21927,3.8602,1789.2,0.441517,1.08187,173814,0.934575,0.602869,1.16325,0.0314265,2.94082,0.0336717,56932.7,66733.6,74752.4,40512.1,8018.8,0.108906,137,483.091,2781.64,0.206058,0.183954,0.339429,1.71484
2740,23,22.7641,0,4.3955,5.23047,3.8714,2778.1,0.433356,1.07036,174013,0.91549,0.61204,0.755592,0.0728324,4.45357,0.0504846,38143.7,171160,191094,102428,19933.4,0.102882,141,736.801,4328.58,0.0803399,0.0719594,0.134251,0.689846
2770,23,22.7631,0,4.34457,5.25149,3.89244,4238.36,0.418656,1.04974,174064,0.88907,0.630046,0.500563,0.150964,6.2077,0.0698603,28075.2,458833,508913,263093,50079.9,0.0875287,142,1096.72,6803.8,0.0299695,0.0270203,0.0522666,0.274581
2824,23,22.6371,0,4.29434,5.28549,3.92884,6415.71,0.393294,1.01635,174751,0.849605,0.663343,0.339057,0.285145,8.08389,0.0894127,22499.8,1.34107e+06,1.46429e+06,707864,123219,0.0676223,179,1525.33,10912.1,0.0102537,0.00939089,0.019426,0.111598
2864,23,22.4806,0,4.24295,5.29983,3.94621,9726.87,0.383589,1.00445,175457,0.806169,0.682316,0.230359,0.460511,8.74899,0.0965964,21121.9,3.47757e+06,3.76815e+06,1.72195e+06,290581,0.0472572,184,2200.3,17369.5,0.00395419,0.00364926,0.0079857,0.0473224
2888,23,22.4087,0,4.19122,5.3066,3.95436,14524.4,0.381565,1.00236,176029,0.759009,0.693798,0.159027,0.684669,8.73973,0.0968137,21213.7,8.09856e+06,8.7684e+06,3.86478e+06,669838,0.0321783,188,3253.54,27244.3,0.00169795,0.00156824,0.00355803,0.0205288
2908,23,22.3742,0,4.13869,5.31,3.95844,21404.4,0.382586,1.00419,176686,0.706637,0.701621,0.111223,0.972302,8.40807,0.0936594,22014.1,1.72426e+07,1.87379e+07,8.25714e+06,1.49536e+06,0.0217869,192,4788.77,40949.7,0.000797502,0.000733858,0.00166535,0.00919574
2925,23,22.3596,0,4.0854,5.31073,3.95944,30826,0.385717,1.00841,176939,0.650042,0.706208,0.0799385,1.3267,7.9258,0.0889605,23235.2,3.48453e+07,3.80983e+07,1.66949e+07,3.25299e+06,0.0149197,185,7044.54,60546.5,0.000394629,0.000360934,0.000823661,0.00422718
2951,23,22.3554,0,4.03471,5.30848,3.95728,42932.4,0.390186,1.01454,177423,0.593866,0.706965,0.0593128,1.73585,7.39171,0.0834435,24732.8,6.24994e+07,6.90189e+07,3.10902e+07,6.51956e+06,0.0105945,183,10044.7,84851.5,0.000220018,0.000199235,0.000442293,0.00210919
2967,23,22.3471,0,3.98369,5.30216,3.95112,57964.4,0.397291,1.02357,176922,0.538746,0.703215,0.0456256,2.18964,6.8256,0.0776119,26472.1,1.06502e+08,1.19124e+08,5.43274e+07,1.26213e+07,0.00769252,186,14287.4,115001,0.000129114,0.000115434,0.000253113,0.00108951
996,24,23.9962,0.750915,4.60731,4.82005,3.43808,428.188,0.681529,1.60299,172534,0.987304,0.337961,4.74983,0,,,,,,,,,,,,,,,
1234,24,23.9797,0.700916,4.60033,4.85054,3.46887,454.064,0.668232,1.55805,172539,0.986147,0.352619,4.46396,0,,,,,,,,,,,,,,,
1454,24,23.9624,0.65098,4.59819,4.88029,3.49894,468.47,0.654533,1.51549,172924,0.985192,0.367574,4.3414,0,,,,,,,,,,,,,,,
1662,24,23.9443,0.60081,4.59526,4.90916,3.52814,481.876,0.640845,1.47531,172954,0.984162,0.382713,4.23132,0,,,,,,,,,,,,,,,
1853,24,23.9256,0.55099,4.5915,4.93687,3.55618,501.316,0.626944,1.43778,173402,0.982988,0.397856,4.04948,2.12916e-05,0.00474998,6.71418e-05,2.35452e+07,186.723,773.091,982.906,586.368,0.00173663,19,330.205,410.97,73.6437,17.787,13.9901,23.4511
2022,24,23.9063,0.50099,4.5868,4.96377,3.58343,521.536,0.613195,1.40228,173336,0.981692,0.413161,3.8949,0.000144247,0.0320726,0.000446889,3.61558e+06,575.373,1144.05,1165.12,568.681,0.0103463,47,291.321,510.323,23.8993,12.0195,11.8022,24.1805
2175,24,23.8864,0.450811,4.58105,4.98998,3.61001,551.933,0.599187,1.36852,173459,0.980155,0.428662,3.69379,0.000308591,0.067183,0.000920352,1.78856e+06,967.383,1581.09,1421.46,613.706,0.0189387,63,278.91,591.243,14.2146,8.69716,9.67386,22.4065
2309,24,23.8664,0.400909,4.5742,5.01521,3.6356,591.852,0.584921,1.33673,174031,0.978368,0.444118,3.42948,0.000533926,0.112259,0.00151548,1.10849e+06,1428.69,2112.33,1774.6,683.64,0.0273535,76,272.592,667.822,9.62489,6.50987,7.74879,20.1144
2421,24,23.8462,0.350841,4.56607,5.03972,3.66048,634.942,0.570973,1.30652,173971,0.976358,0.459665,3.20012,0.000846281,0.17143,0.00227602,750274,2079.21,2861.68,2235.03,782.463,0.0358868,87,270.466,763.228,6.61355,4.80522,6.15249,17.574
2517,24,23.8262,0.300893,4.5565,5.06348,3.68461,685.2,0.557231,1.27777,173588,0.974046,0.475235,2.97332,0.00129029,0.249959,0.00326823,531042,2982.49,3913.19,2861.59,930.704,0.0445381,102,274.834,865.581,4.61057,3.51401,4.80536,14.7748
2596,24,23.8066,0.250765,4.54527,5.08655,3.70803,760.68,0.543083,1.25037,173781,0.971186,0.490817,2.68355,0.00197058,0.354854,0.00457264,386019,4350.04,5498.53,3838.55,1148.49,0.0529029,112,285.248,988.435,3.16112,2.50085,3.58234,11.9731
2658,24,23.7878,0.200825,4.53227,5.10883,3.73066,861.753,0.528817,1.22433,174212,0.967731,0.506297,2.37114,0.00303186,0.496978,0.00630371,284232,6498.02,7962.18,5341.09,1464.15,0.0610362,123,301.226,1154.06,2.11618,1.72704,2.57457,9.39177
2707,24,23.77,0.150381,4.51701,5.13066,3.7528,977.719,0.514942,1.19921,173984,0.963688,0.521855,2.08995,0.00467741,0.695675,0.00868948,209030,9819.94,11769.5,7553.56,1949.59,0.0693663,130,325.437,1352.63,1.40031,1.16835,1.82046,7.05325
2745,24,23.7541,0.100742,4.50004,5.15161,3.77406,1137.28,0.501132,1.17544,173959,0.958767,0.537162,1.80703,0.00736342,0.96832,0.0119009,154450,15155.7,17875.1,11133.8,2719.34,0.0773245,134,362.343,1594.54,0.907313,0.769283,1.23506,5.05674
2775,24,23.7397,0.0497712,4.48184,5.17287,3.79557,1321.23,0.487077,1.15164,173586,0.953035,0.553015,1.56155,0.0115797,1.34769,0.0162981,114099,24161.6,28023.1,16555.7,3861.43,0.0853775,144,405.586,1923.54,0.569125,0.490702,0.83059,3.56111
2802,24,23.7269,0.000844807,4.50101,5.20523,3.82817,1110.81,0.464414,1.1161,173789,0.953777,0.577726,1.85055,0.0106082,1.53338,0.0177828,104713,21030.9,23935.6,13521.4,2904.76,0.102243,154,320.582,1680.21,0.653847,0.574498,1.01698,4.73395
2868,24,23.7257,0,4.45095,5.26099,3.88395,1706.23,0.423906,1.05681,173882,0.933594,0.622013,1.21499,0.0332606,3.36672,0.0377713,51298.8,71286.2,79032.8,41463.4,7746.61,0.118537,150,441.647,2702.84,0.192898,0.173991,0.331642,1.7751
2913,24,23.7256,0,4.40059,5.27121,3.89417,2604.11,0.417118,1.04657,173284,0.914856,0.630651,0.808106,0.0743458,4.98882,0.0554294,35027,183323,202373,101892,19049.9,0.110937,143,670.707,4224.92,0.0750096,0.0679488,0.134957,0.721842
2944,24,23.7249,0,4.35038,5.28599,3.90896,3995.84,0.406481,1.03274,173778,0.889806,0.643878,0.531124,0.148845,6.62797,0.0736539,26845.7,467220,513837,255650,46617.7,0.0921504,152,1001.63,6564.85,0.0294315,0.0267614,0.0537882,0.294974
3016,24,23.5559,0,4.30014,5.32733,3.95341,6033.58,0.374761,0.992245,174535,0.847138,0.685292,0.361739,0.284078,8.8253,0.0955698,21239.2,1.43323e+06,1.54798e+06,717076,114753,0.0706176,192,1343.04,10545.6,0.00959442,0.00888318,0.0191765,0.119831
3054,24,23.3906,0,4.2483,5.33895,3.96809,9218.84,0.367109,0.983531,175409,0.803587,0.70263,0.243843,0.456099,9.38713,0.101722,20212.4,3.67843e+06,3.95558e+06,1.74454e+06,277145,0.0487956,199,1989.47,16814.7,0.00373827,0.00347635,0.00788228,0.0496166
3078,24,23.3169,0,4.19633,5.34447,3.97498,13860.5,0.366011,0.982981,176368,0.756061,0.713465,0.166543,0.678152,9.29931,0.101228,20438.6,8.41636e+06,9.05667e+06,3.92531e+06,640302,0.0330217,208,2955.07,26222.9,0.00163384,0.00151833,0.00350316,0.0214758
3097,24,23.2848,0,4.14566,5.34699,3.97809,20179.6,0.367881,0.985738,176958,0.705669,0.720619,0.118105,0.950285,8.92401,0.0978763,21235.3,1.77049e+07,1.9093e+07,8.13557e+06,1.38807e+06,0.0226881,209,4297.09,39764.8,0.000776675,0.000720211,0.00169023,0.00990658
3118,24,23.273,0,4.09428,5.34679,3.97812,28533.4,0.372043,0.990881,176843,0.65225,0.724424,0.0863736,1.26882,8.37139,0.0919603,22488.1,3.434e+07,3.72721e+07,1.58597e+07,2.93203e+06,0.0157024,199,6239.89,57612.6,0.000400436,0.000368935,0.000867038,0.00468992
3140,24,23.2698,0,4.04423,5.34332,3.97471,39628.5,0.377685,0.998263,177191,0.598092,0.724107,0.0642108,1.65824,7.80674,0.0868998,23898,6.12318e+07,6.71015e+07,2.91998e+07,5.86974e+06,0.011213,193,8950.06,80347.2,0.000224573,0.000204928,0.000470927,0.00234269
1000,25,24.9958,0.750921,4.61325,4.86401,3.46432,409.814,0.670036,1.56464,172991,0.987355,0.350417,4.95689,0,,,,,,,,,,,,,,,
1266,25,24.9768,0.700923,4.60625,4.89426,3.49491,434.529,0.656437,1.52113,172808,0.986192,0.36553,4.68066,0,,,,,,,,,,,,,,,
1512,25,24.957,0.651,4.60407,4.92375,3.52474,443.592,0.642466,1.47992,172942,0.985276,0.380916,4.57991,0,,,,,,,,,,,,,,,
1745,25,24.9362,0.600794,4.60108,4.95238,3.55373,455.033,0.628387,1.44101,172979,0.984253,0.396503,4.46043,9.17807e-06,0.00224708,3.17371e-05,4.95783e+07,120.258,624.344,809.886,504.086,0.000904388,15,310.24,366.636,114.346,22.0247,16.9789,27.279
1963,25,24.9148,0.550967,4.59724,4.97982,3.58154,482.196,0.613864,1.40471,173883,0.982979,0.412079,4.21672,0.000114152,0.0274045,0.000381667,4.22415e+06,454.184,929.694,978.758,475.51,0.00972995,44,268.541,455.699,30.2762,14.7909,14.0494,28.9184
2166,25,24.8926,0.500841,4.59245,5.00651,3.60862,496.388,0.600015,1.37026,173312,0.98172,0.427836,4.10531,0.000244614,0.0590913,0.000810524,2.02927e+06,768.228,1265.7,1147.65,497.47,0.0185432,68,251.653,531.57,17.8996,10.8643,11.9819,27.6418
2346,25,24.8698,0.45077,4.58661,5.03243,3.63493,529.269,0.585396,1.33757,173872,0.980123,0.443713,3.84669,0.000424724,0.0997435,0.00134615,1.24615e+06,1165.01,1709.49,1416.66,544.482,0.0272376,80,243.344,601.573,11.8033,8.04391,9.70665,25.2552
2504,25,24.8467,0.400819,4.57963,5.05743,3.66034,557.595,0.571264,1.30667,173642,0.978419,0.459578,3.64133,0.000660009,0.152139,0.00201752,844829,1656.06,2266.51,1733.87,610.449,0.0360304,94,238.584,674.431,8.30345,6.06704,7.93082,22.526
2640,25,24.8235,0.350884,4.57137,5.08163,3.68495,600.859,0.556924,1.27736,173736,0.976356,0.475456,3.38069,0.000997311,0.220474,0.00288119,602479,2313.54,3029.53,2201.44,715.991,0.0447403,105,241.158,755.212,5.94371,4.53899,6.24636,19.2055
2750,25,24.8003,0.300697,4.56156,5.10529,3.70902,661.995,0.542342,1.24924,173982,0.97384,0.491486,3.085,0.00149974,0.31083,0.00400489,441407,3330.28,4188.62,2906.06,858.342,0.0532935,111,245.878,861.1,4.12908,3.28294,4.73184,16.0204
2836,25,24.7779,0.250973,4.5502,5.12796,3.73208,726.665,0.528235,1.22271,173805,0.971022,0.50728,2.80746,0.00221504,0.431117,0.00546528,328059,4798.75,5865.94,3850.22,1067.18,0.0619084,122,256.378,986.441,2.86553,2.34421,3.57148,12.8853
2907,25,24.7559,0.200285,4.5367,5.15033,3.75483,823.026,0.513608,1.19694,174027,0.967453,0.523302,2.48312,0.00337419,0.597811,0.00746281,243918,7039.89,8415.02,5390.41,1375.13,0.0703707,128,271.687,1136.55,1.95329,1.6341,2.55101,9.99977
2961,25,24.7353,0.149949,4.52112,5.17195,3.77681,945.67,0.499174,1.17236,174121,0.963173,0.539172,2.16511,0.00521221,0.827542,0.0101615,181434,10820.7,12696.2,7782.56,1875.51,0.0786234,131,298.492,1349.36,1.27081,1.08308,1.7669,7.33187
3002,25,24.7169,0.10029,4.50363,5.19265,3.79784,1102.06,0.485101,1.14914,174095,0.95807,0.55471,1.86382,0.00816801,1.14408,0.01384,134924,16760.2,19429.3,11558.6,2669.15,0.0865909,142,336.555,1589.22,0.820456,0.707744,1.18967,5.15181
3034,25,24.7002,0.0495396,4.48502,5.21376,3.81924,1290.75,0.470545,1.12579,173929,0.952035,0.570877,1.59719,0.0128828,1.58423,0.0188354,100192,26691.1,30472.7,17457.1,3781.6,0.0945595,150,374.432,1914.34,0.515189,0.451255,0.787702,3.63629
3065,25,24.6855,0.000871297,4.50296,5.24539,3.85113,1088.47,0.448222,1.09145,173622,0.952609,0.595644,1.89679,0.0118315,1.79808,0.0205294,91997.7,23837.2,26780.3,14450.9,2943.14,0.112117,158,302,1682.1,0.576871,0.513473,0.951568,4.67221
3398,25,24.6841,0,4.4512,5.30535,3.91111,1692.37,0.403516,1.02863,173684,0.930417,0.644499,1.23238,0.0385146,4.06959,0.0445737,43940.9,84889.6,92918.9,46881.1,8029.29,0.129437,167,410.271,2720.09,0.161987,0.147989,0.293316,1.7126
3448,25,24.684,0,4.40043,5.31464,3.9204,2606.73,0.396693,1.01967,173769,0.910666,0.652698,0.804143,0.084112,5.83609,0.0634733,30991.1,216433,236384,116448,19950.5,0.116754,153,628.677,4270.21,0.0635346,0.0581723,0.118087,0.689254
3475,25,24.6829,0,4.34908,5.33335,3.93914,3995.89,0.383704,1.00271,173738,0.882911,0.670133,0.533571,0.165977,7.67441,0.0831462,24074.9,585479,635121,299719,49642,0.0943155,146,929.316,6787.98,0.0234867,0.021651,0.0458796,0.277003
3541,25,24.4751,0,4.29881,5.36708,3.97653,6074.35,0.35712,0.970593,174774,0.839726,0.707003,0.361443,0.303259,9.62198,0.102217,20030.2,1.71605e+06,1.83917e+06,822505,123119,0.0698397,193,1283.13,10816.6,0.00801315,0.00747673,0.0167184,0.111689
3576,25,24.3074,0,4.2485,5.37719,3.98963,9135.76,0.350881,0.963846,175645,0.796438,0.723583,0.247218,0.471569,10.0449,0.10692,19373.1,4.23489e+06,4.5204e+06,1.92536e+06,285506,0.0483753,205,1861.74,17163.1,0.00324707,0.00304198,0.00714205,0.0481636
3600,25,24.2273,0,4.1962,5.38243,3.9963,13725.7,0.350455,0.963905,176351,0.74746,0.73483,0.170276,0.696139,9.87627,0.105708,19716.8,9.80899e+06,1.04786e+07,4.31458e+06,669651,0.0326764,215,2800.63,26936.2,0.00140188,0.00131229,0.0031871,0.0205346
3619,25,24.1923,0,4.1454,5.38491,3.99942,19743,0.352833,0.966869,176468,0.696458,0.742393,0.122471,0.959967,9.43367,0.101625,20566.3,2.00239e+07,2.14776e+07,8.78041e+06,1.45367e+06,0.0224907,212,4078.85,39863.6,0.000686728,0.000640248,0.0015661,0.00945948
3639,25,24.1798,0,4.09518,5.3848,3.99953,28248.7,0.356407,0.971888,177488,0.641836,0.746434,0.088479,1.29522,8.84664,0.0954454,21809.9,3.85655e+07,4.15804e+07,1.71751e+07,3.01483e+06,0.0156997,209,5874.47,57846.5,0.000356562,0.000330709,0.000800636,0.00456112
3662,25,24.1761,0,4.04204,5.38133,3.99612,39854.9,0.362442,0.979522,177882,0.583564,0.746428,0.0649579,1.71209,8.21076,0.0898491,23278.6,6.97631e+07,7.60348e+07,3.24811e+07,6.27176e+06,0.0110473,199,8599.99,81462,0.00019711,0.000180851,0.000423353,0.00219252
1011,30,29.993,0.750989,4.6385,5.05438,3.57554,327.711,0.617222,1.41248,173375,0.987692,0.408668,6.18847,4.2753e-05,0.0149707,0.000209508,7.66523e+06,189.262,415.102,448.108,225.839,0.00787161,40,188.05,302.302,72.6557,33.1268,30.6868,60.8884
1440,30,29.9596,0.700975,4.63134,5.0834,3.60504,348.257,0.6019,1.37476,173334,0.986503,0.425713,5.81354,0.000113046,0.0387409,0.000532567,3.08065e+06,361.927,606.666,560.204,244.74,0.0174207,64,177.741,367.659,37.9939,22.6665,24.5464,56.1862
1855,30,29.9246,0.65088,4.62891,5.11166,3.63381,359.927,0.586092,1.33896,173749,0.985507,0.443021,5.63521,0.000195421,0.0673724,0.000910334,1.8418e+06,524.556,778.404,655.557,253.848,0.0269873,78,166.595,407.057,26.2145,17.6656,20.976,54.1702
2234,30,29.8882,0.600991,4.62565,5.13875,3.66143,372.668,0.570383,1.30537,174042,0.984408,0.460274,5.43915,0.000296813,0.10258,0.00136146,1.25556e+06,725.917,993.664,772.476,267.747,0.0364333,90,157.695,447.177,18.9429,13.8387,17.8012,51.3582
2588,30,29.8502,0.550896,4.62144,5.16498,3.68821,384.914,0.5549,1.27353,173880,0.983204,0.477604,5.26755,0.000423987,0.146983,0.00191871,907843,978.451,1267.49,912.908,289.041,0.0460926,107,151.356,488.602,14.0538,10.849,15.0628,47.5746
2906,30,29.8109,0.500879,4.61624,5.19028,3.71408,404.226,0.539185,1.24336,174060,0.981781,0.494914,5.01244,0.000592485,0.202488,0.00260096,682256,1298.37,1617.59,1108.97,319.212,0.0555166,111,147.232,531.021,10.5909,8.50093,12.3998,43.0779
3186,30,29.7705,0.450945,4.60992,5.21486,3.73925,428.992,0.523389,1.21453,174235,0.980121,0.512283,4.72336,0.000821312,0.273554,0.00345913,522326,1733.18,2096.69,1375.93,363.506,0.0649701,121,145.934,581.19,7.93396,6.55843,9.99396,37.8288
3431,30,29.7293,0.400986,4.60234,5.23864,3.76364,460.469,0.507748,1.18706,174224,0.978177,0.529614,4.42349,0.00113917,0.365086,0.00453668,404216,2356.06,2783.69,1746.33,427.63,0.0744594,132,147.557,643.584,5.83643,4.93984,7.87422,32.1563
3645,30,29.6875,0.350929,4.59332,5.26172,3.78732,493.529,0.49247,1.16073,173769,0.975979,0.546896,4.13796,0.00157152,0.484496,0.00592314,314045,3214.06,3732.25,2232.15,518.195,0.0841204,140,151.652,714.185,4.27839,3.68437,6.16041,26.5363
3823,30,29.6456,0.300695,4.5826,5.28426,3.81048,543.11,0.476592,1.1353,173933,0.973243,0.564215,3.75396,0.00222948,0.644137,0.00774468,243603,4557.92,5212.06,2987.42,654.143,0.0933971,149,159.583,809.006,3.01694,2.6383,4.60296,21.0214
3962,30,29.6047,0.250892,4.5701,5.30583,3.83265,603.56,0.461328,1.11126,173706,0.970022,0.581191,3.3878,0.00320662,0.857971,0.0101434,188223,6547.75,7397.13,4088.63,849.376,0.102794,150,170.331,922.176,2.10011,1.85896,3.36323,16.1895
4073,30,29.5647,0.20073,4.55538,5.32688,3.85428,686.432,0.445904,1.08808,173660,0.966026,0.598127,2.98631,0.00477197,1.1548,0.0134113,143846,9783.09,10935.6,5849.89,1152.52,0.11205,164,186.12,1071.92,1.40559,1.25745,2.35064,11.9313
4156,30,29.5272,0.150809,4.53818,5.34723,3.87519,795.074,0.430591,1.06593,173647,0.961127,0.614846,2.57572,0.00731532,1.57062,0.0179346,108686,15290,16910.7,8697,1620.62,0.120933,171,206.569,1263.38,0.899343,0.813155,1.58112,8.48501
4217,30,29.4924,0.100159,4.51821,5.36749,3.89596,941.293,0.415277,1.04419,173392,0.95498,0.631815,2.18504,0.0116798,2.17511,0.0243415,80591.7,24397.7,26812.2,13557.4,2414.44,0.12995,163,236.383,1514.12,0.563617,0.512864,1.01428,5.69532
4260,30,29.4624,0.0506826,4.49693,5.38693,3.91584,1122.56,0.400486,1.02363,172981,0.947747,0.64839,1.84326,0.0187191,2.99705,0.0329042,59968.9,40414.9,44039.3,21457.3,3624.38,0.138001,177,270.509,1850.82,0.340246,0.312244,0.640855,3.79403
4348,30,29.4354,0.00098198,4.50898,5.41626,3.94557,1004.6,0.377064,0.993295,173020,0.946602,0.673745,2.06251,0.0189179,3.51678,0.0368826,53103,39977.6,43073.6,20182.1,3096.05,0.159434,185,225.84,1690.82,0.343968,0.319244,0.681345,4.44146
4714,30,29.4329,0,4.45868,5.47613,4.00548,1518.96,0.328546,0.934283,172694,0.920732,0.727454,1.3833,0.0565821,7.4984,0.0741782,26845.3,140576,149140,65824.3,8563.79,0.171923,182,302.661,2626.43,0.0978186,0.0922017,0.208904,1.60571
4765,30,29.4327,0,4.40811,5.48413,4.01348,2352.59,0.322573,0.928144,173267,0.898313,0.736108,0.898679,0.11115,9.59501,0.0948988,21166,360706,382032,163921,21325.5,0.139367,173,465.919,4173.82,0.0381224,0.0359944,0.0838881,0.644814
4789,30,29.4315,0,4.35729,5.50054,4.02991,3622.23,0.31183,0.916344,173588,0.867016,0.754777,0.599081,0.198843,11.3253,0.112028,18216.5,978741,1.03119e+06,421085,52449.3,0.102734,173,683.738,6662.34,0.0140497,0.0133351,0.0326561,0.262177
4824,30,29.3455,0,4.30707,5.52213,4.05277,5619.75,0.296625,0.90129,175535,0.823411,0.782499,0.397784,0.336698,12.6337,0.124655,16690.8,2.65883e+06,2.78834e+06,1.11076e+06,129508,0.0714062,221,985.607,10736.2,0.00517182,0.00493161,0.0123798,0.106179
4871,30,29.0329,0,4.2569,5.53243,4.06772,8269.01,0.290443,0.894726,175831,0.77531,0.804011,0.280495,0.500457,12.8742,0.126792,16522.9,6.47078e+06,6.77252e+06,2.53863e+06,301746,0.0488274,228,1414.97,16926.9,0.00212509,0.00203041,0.00541671,0.0455713
4897,30,28.8749,0,4.20477,5.53792,4.07557,12224.6,0.290075,0.894775,176502,0.721962,0.818725,0.196741,0.716338,12.4714,0.123498,17065.4,1.43343e+07,1.50307e+07,5.53698e+06,696421,0.032976,249,2084.8,25985.9,0.000959308,0.00091486,0.00248348,0.0197452
4918,30,28.7909,0,4.15202,5.54119,4.08011,17571.3,0.292316,0.897305,176621,0.664739,0.829662,0.14234,0.977921,11.8075,0.117693,17968,2.91056e+07,3.06587e+07,1.12692e+07,1.55312e+06,0.0225776,245,3059.66,38975,0.000472452,0.000448518,0.00122023,0.00885378
4935,30,28.7494,0,4.10182,5.54297,4.08252,24533,0.295063,0.900631,177160,0.606353,0.837365,0.106266,1.28877,11.1019,0.111215,19035.9,5.30497e+07,5.62265e+07,2.12729e+07,3.17679e+06,0.0160777,243,4325.62,55052.3,0.00025921,0.000244564,0.00064641,0.00432858
4950,30,28.7291,0,4.05,5.54361,4.08347,33148,0.298575,0.90449,177110,0.54568,0.842797,0.081519,1.63772,10.3893,0.104794,20240.3,9.1906e+07,9.82961e+07,3.80168e+07,6.39005e+06,0.01164,245,6116.38,75064.3,0.00014962,0.000139894,0.000361708,0.00215194
4969,30,28.6985,0,3.99922,5.54274,4.08306,43728.9,0.302129,0.908574,177367,0.48529,0.845808,0.0641457,2.03616,9.74182,0.0985794,21476.1,1.48407e+08,1.60406e+08,6.4225e+07,1.19988e+07,0.00874043,254,8374.43,99053,9.26574e-05,8.57264e-05,0.000214106,0.00114603
4987,30,28.6568,0,3.94662,5.54068,4.08163,57023.4,0.305825,0.912882,177738,0.423839,0.847035,0.0513209,2.50453,9.14034,0.0931946,22768.1,2.25452e+08,2.47561e+08,1.05474e+08,2.21092e+07,0.0067087,260,11446.9,127007,6.09931e-05,5.55459e-05,0.000130373,0.000621958
5002,30,28.6317,0,3.89488,5.53675,4.07809,72685.5,0.310608,0.918331,177882,0.369448,0.845157,0.0417892,3.00493,8.54423,0.0874519,24188.8,3.31921e+08,3.71094e+08,1.65652e+08,3.91723e+07,0.00523951,261,15425.7,158887,4.14285e-05,3.70553e-05,8.30115e-05,0.000351039
1034,40,39.985,0.750972,4.67378,5.33562,3.7319,239.85,0.528274,1.22292,173900,0.98804,0.507159,8.44259,0.000245488,0.144744,0.00183986,977035,519.042,633.241,420.187,114.199,0.062656,113,83.5667,320.806,26.493,21.7152,32.7258,120.412
1854,40,39.9128,0.700952,4.66636,5.36207,3.75914,256.554,0.51093,1.1921,173899,0.986788,0.526381,7.90514,0.000348358,0.199085,0.00248643,736467,716.219,849.357,536.498,133.138,0.0732957,123,83.1749,356.792,19.1994,16.1899,25.631,103.284
2651,40,39.8373,0.650999,4.66346,5.38764,3.78553,262.787,0.493571,1.16271,173884,0.985779,0.545569,7.71497,0.000445569,0.257425,0.00315429,589778,898.468,1043.96,629.514,145.491,0.0840591,137,80.6282,375.297,15.3049,13.172,21.8438,94.5146
3389,40,39.7584,0.600937,4.65961,5.4122,3.81096,272.471,0.476163,1.13478,174049,0.984602,0.56457,7.43276,0.00057091,0.329052,0.00396286,477257,1167.9,1329.82,754.907,161.919,0.0945004,145,78.9527,403.635,11.7741,10.3405,18.2155,84.9251
4072,40,39.6764,0.550958,4.65476,5.4358,3.83544,282.789,0.459221,1.10824,173846,0.983287,0.583352,7.16436,0.000730975,0.419065,0.0049483,386865,1473.05,1657.2,911.886,184.15,0.105313,153,78.2902,434.396,9.33507,8.29774,15.0797,74.6727
4695,40,39.5912,0.500938,4.64878,5.45865,3.85923,296.688,0.442483,1.08282,173478,0.981744,0.602053,6.86697,0.000948267,0.534206,0.00619223,312874,1928.09,2143.68,1125.93,215.584,0.116508,160,78.9879,466.14,7.13191,6.41467,12.213,63.7849
5240,40,39.5033,0.450959,4.64151,5.48086,3.8824,317.059,0.425126,1.05834,173742,0.979871,0.620694,6.40254,0.0012591,0.684405,0.00777547,251814,2547.34,2802.21,1437.78,254.879,0.12744,164,79.6705,503.841,5.39818,4.90719,9.56404,53.951
5714,40,39.413,0.400993,4.63279,5.5023,3.90484,342.86,0.408272,1.03496,173627,0.977646,0.639161,5.95329,0.00170815,0.883797,0.00983779,200720,3501.73,3816.14,1882.43,314.405,0.139232,172,82.5649,558.416,3.92691,3.60338,7.3049,43.7365
6120,40,39.3207,0.350944,4.62241,5.52304,3.9266,370.445,0.391903,1.01254,173142,0.975083,0.657455,5.50773,0.00234424,1.15364,0.0125724,158024,4827.62,5219.23,2486.41,391.605,0.152016,181,85.355,615.883,2.8484,2.63468,5.53046,35.1144
6447,40,39.2276,0.300831,4.61001,5.54328,3.94787,412.309,0.375175,0.990912,173022,0.971818,0.675705,4.96193,0.00336328,1.52798,0.0163017,122591,6956.58,7467.15,3465.38,510.568,0.164949,185,90.5081,687.526,1.97669,1.84153,3.9681,26.9327
6708,40,39.1354,0.250944,4.59539,5.56269,3.9683,466.56,0.358901,0.970385,172776,0.967818,0.693583,4.40083,0.00498883,2.05512,0.0214156,93521,10359.7,11053.8,5000.04,694.068,0.178687,195,98.1405,796.723,1.32735,1.244,2.75018,19.8122
6911,40,39.0451,0.200825,4.578,5.58164,3.98825,536.952,0.343041,0.950584,172235,0.962834,0.711362,3.84231,0.007686,2.81919,0.0287119,69861,16248,17239,7505,990.974,0.193236,202,108.981,930.26,0.846316,0.797666,1.83224,13.8762
7052,40,38.9591,0.150642,4.55742,5.60028,4.00785,637.624,0.326802,0.931348,172010,0.956361,0.729139,3.24093,0.0124322,3.935,0.0391676,51288.3,26826.3,28352.8,11994.3,1526.58,0.206226,199,126.456,1122.47,0.512594,0.484995,1.14646,9.00772
7148,40,38.8814,0.100913,4.53323,5.61814,4.02658,785.342,0.310897,0.9132,171922,0.947924,0.746437,2.64618,0.0210919,5.54832,0.0538105,37234.3,46793.9,49255.1,20534.1,2461.24,0.215941,204,149.369,1376.73,0.293863,0.279179,0.669665,5.58702
7215,40,38.8125,0.0501116,4.50525,5.63645,4.04566,997.444,0.294568,0.89504,171842,0.936787,0.764455,2.09821,0.0367746,7.79715,0.0737201,27123.1,87667.2,91922,37648,4254.75,0.217829,213,182.162,1763.59,0.156854,0.149594,0.365252,3.23192
7324,40,38.7554,0.000977867,4.51022,5.66269,4.07254,952.592,0.270493,0.869447,172077,0.932461,0.790006,2.2033,0.0418021,9.59712,0.0854065,22788.2,99490.1,103765,41592.4,4274.48,0.24418,215,164.354,1692.67,0.138215,0.132521,0.330613,3.21699
7689,40,38.7505,0,4.46,5.73168,4.14158,1446.23,0.210715,0.808536,172930,0.8911,0.861249,1.48568,0.108869,17.8123,0.144674,13284.2,443499,456301,165377,12802,0.206612,218,207.887,2693.45,0.0310057,0.0301358,0.0831495,1.07412
7735,40,38.75,0,4.40887,5.73139,4.14129,2266.18,0.215393,0.813928,173544,0.864056,0.866422,0.971069,0.174781,18.1415,0.150967,12965.8,1.06948e+06,1.10037e+06,388017,30888.2,0.142442,215,323.973,4445.54,0.0128576,0.0124967,0.0354391,0.445186
7758,40,38.7485,0,4.35798,5.74087,4.1508,3472.57,0.213343,0.812571,174370,0.826325,0.884108,0.650426,0.272019,18.4737,0.156647,12765.9,2.75518e+06,2.83099e+06,934200,75814.5,0.0957259,227,486.028,7298.43,0.00499096,0.00485731,0.0147195,0.181377
7777,40,38.7419,0,4.30572,5.75309,4.16309,5312.32,0.210321,0.810155,175277,0.777156,0.906782,0.443942,0.411659,18.3452,0.156399,12904.7,6.75042e+06,6.93501e+06,2.25052e+06,184588,0.063317,234,710.461,11778.9,0.00203706,0.00198284,0.00611013,0.0744955
7813,40,38.5106,0,4.25537,5.76352,4.17612,7630.39,0.207007,0.806945,175567,0.720816,0.9307,0.322137,0.581947,18.1312,0.155187,13111.8,1.49245e+07,1.53514e+07,4.85543e+06,426890,0.0436234,284,1010.38,17877.5,0.000921367,0.000895746,0.00283209,0.032212
7847,40,38.1507,0,4.20371,5.76868,4.18536,10822.2,0.206149,0.806397,176167,0.658268,0.950072,0.236368,0.788312,17.3357,0.14865,13728.3,2.98606e+07,3.08134e+07,9.87728e+06,952801,0.030193,295,1433.6,26161.2,0.000460506,0.000446266,0.00139218,0.0144322
7871,40,37.9473,0,4.15156,5.77203,4.19103,15231.9,0.207375,0.807971,176899,0.592545,0.964435,0.177109,1.04725,16.3375,0.140557,14544.6,5.44902e+07,5.65341e+07,1.9098e+07,2.04391e+06,0.0214776,317,2034.23,36772.7,0.000252357,0.000243234,0.000720022,0.00672778
7890,40,37.8313,0,4.10136,5.77426,4.19459,20262.3,0.209392,0.8101,177062,0.529878,0.974933,0.138909,1.31501,15.3824,0.132791,15408.5,9.17422e+07,9.58145e+07,3.3232e+07,4.07228e+06,0.0159338,319,2815.94,49422.1,0.000149887,0.000143517,0.000413788,0.00337673
7907,40,37.7583,0,4.0496,5.77587,4.19703,26247.1,0.211587,0.812361,177078,0.466369,0.98318,0.111282,1.60799,14.4802,0.125398,16323,1.43627e+08,1.51489e+08,5.51615e+07,7.86201e+06,0.0120755,312,3854.91,64503.8,9.57409e-05,9.07721e-05,0.000249286,0.00174904
7926,40,37.5683,0,3.99947,5.77592,4.19928,33014.1,0.212937,0.81383,177330,0.40444,0.99007,0.0926593,1.94609,13.9089,0.121377,16964.3,2.06293e+08,2.20402e+08,8.61564e+07,1.41097e+07,0.00971549,334,5100.16,79550.9,6.66577e-05,6.23904e-05,0.000159605,0.000974576
7954,40,37.2402,0,3.94815,5.7753,4.20247,39780.1,0.212997,0.813844,177176,0.343436,0.997392,0.0804087,2.25159,13.3543,0.11608,17667.6,2.82449e+08,3.06683e+08,1.26885e+08,2.42335e+07,0.00801092,337,6571.53,94688.2,4.86848e-05,4.48378e-05,0.000108374,0.000567437
7981,40,36.9466,0,3.89757,5.77462,4.20523,46912.4,0.212783,0.813658,177286,0.289126,1.0035,0.0710018,2.5676,12.9168,0.112065,18270.9,3.6953e+08,4.09284e+08,1.795e+08,3.9754e+07,0.00680381,349,8274.96,110340,3.72121e-05,3.35976e-05,7.66073e-05,0.000345902
8013,40,36.6364,0,3.84678,5.77374,4.208,55834,0.212357,0.813293,177556,0.24302,1.00947,0.062523,2.94967,12.4746,0.107774,18928.9,4.86636e+08,5.54765e+08,2.60883e+08,6.81289e+07,0.0057645,350,10546.6,128120,2.82572e-05,2.47871e-05,5.27094e-05,0.000201838
8054,40,36.3282,0,3.79638,5.77264,4.21058,66167.8,0.211886,0.812782,177450,0.204205,1.01481,0.0558159,3.37086,12.0366,0.103818,19629.3,6.27578e+08,7.50214e+08,3.84283e+08,1.22636e+08,0.00490918,351,13809.1,148053,2.19112e-05,1.83294e-05,3.57834e-05,0.000112128
8110,40,36.041,0,3.74585,5.77126,4.21265,77159.7,0.211181,0.812067,177490,0.170384,1.01874,0.0502845,3.79453,11.6296,0.100089,20334.4,7.87656e+08,1.00731e+09,5.63038e+08,2.19655e+08,0.00423376,288,17848.3,168331,1.74581e-05,1.36512e-05,2.44228e-05,6.26027e-05
8194,40,35.7299,0,3.69558,5.76913,4.21428,92303.7,0.210081,0.810955,177575,0.141152,1.02114,0.0460131,4.42718,11.3583,0.0959791,20849.3,9.80318e+08,1.39908e+09,8.72438e+08,4.18766e+08,0.00374041,265,24573.4,190790,1.40271e-05,9.82857e-06,1.57616e-05,3.28369e-05
8365,40,35.1128,0,3.64557,5.76004,4.21276,141171,0.209412,0.808572,177971,0.121528,1.01435,0.0389928,6.45196,10.8322,0.0917562,21880.4,1.43791e+09,2.44368e+09,1.74037e+09,1.00578e+09,0.00301169,338,55139.3,258441,9.56319e-06,5.62715e-06,7.9012e-06,1.3672e-05
1062,50,49.9735,0.750978,4.69745,5.53833,3.83777,191.709,0.457804,1.10575,173595,0.988183,0.585162,10.5789,0.000344634,0.292207,0.00344781,556270,699.065,784.554,425.22,85.4897,0.106977,149,52.9708,294.585,19.6706,17.5271,32.3386,160.85
2319,50,49.853,0.700984,4.68973,5.56244,3.86293,205.8,0.439519,1.07889,173752,0.986878,0.604996,9.83843,0.000469283,0.383152,0.00443025,438541,943.445,1045.85,551.221,102.404,0.118568,162,53.5933,324.672,14.5753,13.1482,24.9464,134.282
3496,50,49.727,0.650958,4.68637,5.58572,3.88731,210.747,0.42175,1.05321,173440,0.985816,0.624706,9.637,0.000583398,0.479888,0.00543213,361240,1192.38,1306.4,654.137,114.017,0.131133,167,52.3793,339.791,11.5324,10.5259,21.0216,120.605
4636,50,49.5959,0.600955,4.68202,5.60797,3.9107,217.105,0.404307,1.02889,173094,0.984607,0.644053,9.3649,0.000732101,0.602204,0.00666824,296551,1506.41,1635.78,786.879,129.367,0.144246,175,51.7308,357.578,9.12829,8.40638,17.4753,106.295
5661,50,49.4595,0.550986,4.67657,5.62937,3.9333,227.221,0.386787,1.0057,173001,0.98316,0.663164,8.95428,0.000939385,0.760023,0.00823753,241883,1920.86,2068.93,974.015,148.072,0.157783,186,51.1144,380.865,7.15878,6.64643,14.1178,92.8672
6584,50,49.3174,0.500962,4.66989,5.65005,3.95523,241.348,0.369182,0.983481,173085,0.981424,0.682101,8.43149,0.00123683,0.969146,0.0102575,195135,2593.24,2767.77,1240.83,174.528,0.172214,191,51.3562,410.986,5.30262,4.96825,11.0821,78.7895
7402,50,49.1702,0.450952,4.66177,5.67019,3.97667,258.463,0.351989,0.962051,172810,0.979366,0.700995,7.91357,0.00166469,1.25123,0.0129369,155262,3397.59,3609.88,1615.24,212.292,0.188329,201,52.4592,442.359,4.04728,3.80926,8.51326,64.7741
8102,50,49.0185,0.400974,4.65205,5.68954,3.99736,277.42,0.335336,0.941598,172278,0.976977,0.719576,7.37275,0.00228095,1.63833,0.0165167,121624,4706.57,4974.2,2128.45,267.626,0.206449,198,54.684,486.452,2.92165,2.76446,6.46058,51.3814
8704,50,48.8629,0.350969,4.64047,5.70843,4.01763,303,0.318626,0.921763,171825,0.974025,0.73807,6.74666,0.00323671,2.18207,0.0214281,93613.5,6743.99,7095.99,2909.97,352.001,0.226081,213,58.331,538.319,2.039,1.93785,4.72547,39.0652
9195,50,48.7048,0.300954,4.62656,5.72663,4.03724,345.986,0.301123,0.902761,172232,0.970085,0.756247,5.92007,0.00489248,2.96273,0.0282923,70717.8,9940.7,10418.3,4300.48,477.549,0.245344,214,62.9211,612.574,1.3833,1.31989,3.19754,28.7949
9578,50,48.5466,0.250868,4.60995,5.74434,4.05637,394.445,0.285084,0.884376,171571,0.965345,0.774199,5.21974,0.00752866,4.09078,0.0380129,52392.5,15448.9,16138.2,6435.06,689.231,0.266975,212,70.2817,704.599,0.890093,0.852079,2.13689,19.9512
9861,50,48.3918,0.200848,4.59008,5.76157,4.07498,469.192,0.268495,0.866599,171522,0.958991,0.79186,4.41016,0.0123028,5.75033,0.051944,38136.9,26301.4,27340.1,10435,1038.7,0.285806,218,79.7171,845.699,0.522824,0.502961,1.31777,13.2386
10061,50,48.2447,0.150845,4.56607,5.77849,4.09322,578,0.252077,0.849333,171486,0.950495,0.809373,3.60225,0.0210685,8.17303,0.0716264,27434.3,45692.8,47401.9,18216.9,1709.11,0.298484,233,94.8838,1041.42,0.300944,0.290094,0.754847,8.0457
10192,50,48.1117,0.100942,4.5373,5.7951,4.11103,735.325,0.236536,0.832836,171168,0.939137,0.826874,2.8548,0.036617,11.3976,0.0969982,20081.5,88180.2,91209.2,34107.2,3029.05,0.295177,224,116.727,1330.95,0.155942,0.150763,0.403169,4.5397
10274,50,47.9985,0.0506814,4.50317,5.81183,4.12878,1004.55,0.22017,0.817382,172209,0.922838,0.845388,2.10084,0.064652,15.0463,0.124643,15537.8,192080,197934,73042.2,5854,0.261721,240,149.225,1817.09,0.07159,0.0694727,0.188261,2.34899
10397,50,47.9068,0.000984449,4.50003,5.83612,4.1539,1017.38,0.198276,0.794845,171991,0.913704,0.871037,2.09391,0.0770891,18.2119,0.140953,13197.5,261894,268712,94310.7,6817.59,0.26717,247,142.808,1882.06,0.0525058,0.0511737,0.145805,2.01699
1089,60,59.9579,0.750981,4.71443,5.69461,3.91495,161.972,0.400892,1.0245,173221,0.988194,0.647608,12.4897,0.000421654,0.467566,0.00515968,384134,855.915,928.055,448.532,72.1406,0.147041,173,38.0057,266.511,16.0658,14.817,30.6577,190.614
2735,60,59.7826,0.700981,4.70642,5.71674,3.93835,172.756,0.382873,1.00056,172922,0.986874,0.66748,11.7236,0.000568686,0.609023,0.00656983,303782,1188.23,1274.78,581.375,86.5535,0.16171,178,38.3016,294.174,11.5727,10.787,23.6525,158.873
4313,60,59.5999,0.650979,4.70267,5.73806,3.96099,177.461,0.365048,0.97769,172602,0.985748,0.687141,11.4464,0.000711833,0.763547,0.00803429,249302,1476.92,1575.06,699.535,98.1434,0.177982,185,37.7892,306.666,9.3106,8.73045,19.6573,140.111
5766,60,59.41,0.600975,4.69786,5.75839,3.98272,185.828,0.347005,0.956038,172779,0.984384,0.706384,10.9301,0.000915055,0.963975,0.00988834,203079,1883.87,1995.85,870.074,111.984,0.19471,196,37.2481,322.038,7.29935,6.88979,15.8044,122.794
7115,60,59.2122,0.550981,4.69188,5.77794,4.00371,193.857,0.329854,0.935365,172373,0.982861,0.725331,10.4873,0.00118684,1.22998,0.0122924,163339,2460.12,2592.95,1084.29,132.828,0.214129,198,37.661,342.776,5.58955,5.30322,12.682,103.524
8307,60,59.0061,0.500965,4.68459,5.7968,4.02408,206.109,0.31259,0.915503,172219,0.980995,0.744028,9.8833,0.00158735,1.58713,0.0154822,129845,3234.69,3394.59,1400.87,159.904,0.23472,193,38.2104,364.01,4.2511,4.05085,9.81603,85.9951
9343,60,58.7922,0.450975,4.67575,5.81514,4.044,221.201,0.295588,0.896249,171911,0.978757,0.76256,9.22585,0.0021841,2.08513,0.0197462,101278,4390.72,4589.99,1854.52,199.274,0.258373,197,39.4766,393.013,3.13183,2.99586,7.41484,69.0055
10258,60,58.5707,0.400958,4.66513,5.83289,4.06339,239.84,0.279135,0.877625,171312,0.976057,0.780819,8.54571,0.00309359,2.78751,0.025613,77528,6238.4,6494.5,2519.75,256.1,0.28543,215,41.3475,433.423,2.20425,2.11733,5.45728,53.6938
11043,60,58.3425,0.35095,4.65244,5.85,4.08219,267.634,0.262338,0.859665,171198,0.972593,0.798681,7.68031,0.00458377,3.78757,0.0338028,58387.2,9088.42,9433,3617.35,344.573,0.312966,217,44.4133,482.525,1.51302,1.45775,3.8014,39.9073
11670,60,58.11,0.300992,4.63714,5.86676,4.10069,305.497,0.245612,0.842063,171071,0.968146,0.816363,6.7543,0.00711016,5.26365,0.0454296,42966.3,14202.3,14687.8,5462.41,485.489,0.342294,226,48.6873,556.318,0.968221,0.936218,2.51738,28.324
12163,60,57.8757,0.250898,4.61871,5.88322,4.1189,357.383,0.228946,0.824773,170962,0.96235,0.833846,5.78572,0.0115096,7.44442,0.0620763,31050.9,23180,23901.8,8721.59,721.755,0.369839,230,54.636,645.466,0.593226,0.575313,1.57666,19.0521
12528,60,57.6457,0.200865,4.59639,5.899,4.13642,430.65,0.213378,0.808269,170493,0.954697,0.850791,4.84568,0.0192359,10.5335,0.0850837,22387.9,39973,41137.1,14824.2,1164.07,0.388577,227,64.1565,777.875,0.344007,0.334272,0.927601,11.8128
12775,60,57.4279,0.150833,4.56903,5.91463,4.15369,543.163,0.197739,0.792334,170424,0.944054,0.86785,3.8588,0.0330145,14.6188,0.114121,16452.2,79539.5,81550.3,27708.8,2010.78,0.381919,239,77.1874,999.31,0.172882,0.16862,0.496268,6.83864
12932,60,57.2329,0.100699,4.53542,5.93012,4.17065,737.45,0.182479,0.777818,171148,0.928417,0.88589,2.87241,0.0573804,19.07,0.144498,12852,169238,173126,59690.3,3887.85,0.334044,257,98.2343,1359.46,0.0812522,0.0794275,0.230372,3.53691
13024,60,57.0735,0.0503445,4.4942,5.94577,4.18751,1074.69,0.169376,0.765895,172434,0.905523,0.906843,1.99704,0.0981797,22.7491,0.169118,10946.1,436715,445316,146602,8600.38,0.253929,259,133.642,2053.72,0.0314873,0.0308792,0.093798,1.59888
13149,60,56.9569,0.000982416,4.47824,5.96784,4.21048,1209.89,0.152477,0.748173,172113,0.88769,0.933961,1.80928,0.123836,26.006,0.182572,9770.1,758743,771947,235213,13204.6,0.223095,264,148.749,2433.88,0.0181234,0.0178134,0.0584619,1.04138
1168,80,79.9099,0.750988,4.73711,5.92552,4.0211,127.507,0.31525,0.918378,172133,0.987991,0.741259,15.8405,0.000604865,0.973815,0.00952704,210803,1225.23,1285.87,529.288,60.6339,0.233983,206,23.7169,226.661,11.2232,10.6939,25.9802,226.787
3580,80,79.6141,0.700983,4.72861,5.94444,4.04163,138.181,0.297516,0.898534,172038,0.986498,0.760347,14.7283,0.000844807,1.28756,0.0122298,163565,1692.51,1767.34,712.582,74.8212,0.258431,213,24.2888,247.056,8.12459,7.78063,19.2974,183.785
5846,80,79.3068,0.650998,4.72421,5.9627,4.06157,141.35,0.280515,0.879358,171496,0.985277,0.779091,14.3812,0.0010781,1.64515,0.0151562,131110,2149.47,2235.88,866.354,86.4081,0.287157,215,24.1104,254.961,6.39737,6.15014,15.8723,159.14
7989,80,78.9874,0.600994,4.71864,5.98013,4.08075,148.594,0.263262,0.861031,171485,0.98373,0.797291,13.7093,0.00142948,2.12476,0.01901,103950,2802.76,2905.39,1105.45,102.637,0.317403,212,24.3333,270.538,4.90624,4.73292,12.4392,133.977
9928,80,78.6546,0.550996,4.71179,5.99684,4.09929,157.16,0.246695,0.843368,171206,0.981917,0.815004,13.0137,0.00193967,2.78725,0.0241092,81024.3,3705.83,3829.63,1435.65,123.806,0.352865,221,24.659,284.459,3.71064,3.59068,9.57825,111.069
11673,80,78.3069,0.500993,4.70346,6.01301,4.11739,166.117,0.231022,0.826154,170428,0.979821,0.832333,12.3543,0.0026789,3.71773,0.0310676,62009.3,5111.26,5264.97,1880.36,153.709,0.395011,231,25.3262,305.715,2.69033,2.61179,7.31294,89.461
13220,80,77.9441,0.450985,4.69332,6.02875,4.13515,180.626,0.214813,0.809264,170164,0.977103,0.849349,11.3952,0.00388413,5.06182,0.0407881,46503.6,7197.2,7395.51,2608.23,198.309,0.440378,234,26.5048,326.984,1.9106,1.85937,5.27214,69.3412
14556,80,77.5662,0.400965,4.6811,6.04398,4.15249,200.986,0.198566,0.792755,170121,0.97363,0.865917,10.2659,0.00586775,7.01448,0.0544108,34252.6,10824.7,11086.9,3804.5,262.133,0.487874,244,27.8731,368.184,1.27033,1.2403,3.6144,52.4581
15677,80,77.1744,0.350979,4.66635,6.05873,4.16944,224.475,0.183768,0.776625,169269,0.969398,0.882058,9.24699,0.00904243,9.85715,0.073427,24824.7,16606.5,16977.1,5653.71,370.553,0.540074,250,30.4877,412.329,0.828048,0.809974,2.43221,37.1094
16592,80,76.7719,0.30099,4.64827,6.07321,4.18619,260.102,0.168674,0.760723,168780,0.963649,0.897982,8.02639,0.0145231,13.9158,0.0994363,17909.5,27820.7,28368.5,9095.56,547.77,0.578558,251,33.7699,480.63,0.494271,0.484727,1.51183,25.1036
17279,80,76.3651,0.250978,4.62629,6.08754,4.20283,305.356,0.154976,0.745188,167566,0.95619,0.913993,6.87787,0.0231533,19.2086,0.132023,13188.4,51090.2,51987.7,15202.5,897.563,0.590036,251,39.7069,581.116,0.269151,0.264504,0.904521,15.3204
17770,80,75.9649,0.200925,4.59877,6.10127,4.21884,390.55,0.140689,0.731045,167784,0.944837,0.930322,5.43494,0.0379524,25.0342,0.166328,10290.5,102647,104344,30008.6,1696.31,0.534087,259,51.0022,743.94,0.133963,0.131785,0.458235,8.10641
18091,80,75.5917,0.150847,4.564,6.115,4.23471,534.667,0.12816,0.718988,168413,0.927889,0.949021,4.0227,0.0618966,30.2581,0.196399,8638.06,244320,247963,67693.2,3643.41,0.425165,259,69.6546,1057.13,0.0562828,0.0554558,0.203137,3.77421
18273,80,75.2745,0.100901,4.51998,6.12863,4.25016,802.567,0.118753,0.710588,169816,0.901828,0.97191,2.73504,0.102198,33.6417,0.216037,7853.08,672590,681612,178264,9021.24,0.295863,277,101.505,1684.23,0.0204448,0.0201742,0.0771381,1.52429
18368,80,75.0416,0.0503945,4.46267,6.14259,4.26547,1323.71,0.114341,0.706618,170736,0.861889,1.00116,1.72382,0.171901,34.4804,0.221437,7700.43,2.15141e+06,2.17962e+06,537364,28204.4,0.181038,282,166.919,3042.42,0.00639161,0.0063089,0.0255897,0.487548
18487,80,74.9091,0.000999258,4.42059,6.16203,4.28568,1856.44,0.106028,0.69791,171379,0.817522,1.03592,1.27863,0.244607,35.3128,0.217571,7589.49,5.3391e+06,5.40862e+06,1.25716e+06,69518,0.123341,277,235.329,4606.07,0.00257552,0.00254242,0.0109382,0.197805
21060,80,72.6337,0,4.37015,6.32236,4.4594,1365.19,0.028031,0.555002,164646,0.510358,1.22858,2.61046,0.382843,81.7148,0.299423,3565.93,3.6592e+07,3.74295e+07,9.99346e+06,837499,0.0949411,346,254.396,3351.52,0.000375792,0.000367384,0.001376,0.0164191
21085,80,72.6271,0,4.31921,6.32497,4.46205,1805.03,0.0294228,0.558026,165554,0.446885,1.24293,2.07781,0.465203,74.9907,0.275829,3880.1,5.1363e+07,5.30752e+07,1.59271e+07,1.71215e+06,0.0737527,343,353.448,4331.81,0.000267721,0.000259085,0.00086337,0.00803142
21106,80,72.6231,0,4.26907,6.32742,4.46453,2282.42,0.0305443,0.56032,166063,0.386428,1.25522,1.7271,0.554282,70.5805,0.262677,4117.79,6.89791e+07,7.22392e+07,2.39043e+07,3.26014e+06,0.0601977,339,473.976,5406.48,0.00019935,0.000190353,0.000575252,0.00421791
21126,80,72.6201,0,4.21773,6.3294,4.46653,2821.58,0.0315704,0.56238,166534,0.328644,1.26569,1.4694,0.649963,66.8782,0.251138,4341.14,8.89956e+07,9.48905e+07,3.46697e+07,5.89494e+06,0.0504253,351,620.93,6520.91,0.000154513,0.000144914,0.000396628,0.00233268
21146,80,72.6178,0,4.16515,6.33098,4.46812,3395.15,0.0325488,0.564211,166620,0.275597,1.2745,1.28438,0.746639,63.7826,0.241465,4547.24,1.1127e+08,1.2143e+08,4.84384e+07,1.01593e+07,0.0432567,361,794.641,7698.24,0.000123582,0.000113242,0.000283886,0.00135354
21166,80,72.616,2.27102e-29,4.1128,6.3322,4.46934,3991.33,0.0333565,0.565764,166901,0.228782,1.28161,1.14216,0.843957,61.2758,0.233617,4729.31,1.34726e+08,1.51379e+08,6.54627e+07,1.6653e+07,0.037989,354,994.406,8911.1,0.000102066,9.0838e-05,0.000210058,0.000825738
21186,80,72.6147,0,4.06279,6.33308,4.47023,4550.16,0.0340647,0.567035,166869,0.190221,1.28711,1.04326,0.931982,59.313,0.227298,4882.24,1.57117e+08,1.82678e+08,8.47103e+07,2.55616e+07,0.0342074,366,1204.09,10009.8,8.75208e-05,7.52743e-05,0.00016233,0.000537954
21221,80,72.6055,1.63058e-26,4.01226,6.33278,4.46999,5239.22,0.0351752,0.569151,167356,0.157799,1.29026,0.938818,1.0359,57.1903,0.221629,5057.63,1.81387e+08,2.19252e+08,1.08894e+08,3.78651e+07,0.0310021,374,1450.14,11300,7.58102e-05,6.27177e-05,0.000126279,0.000363157
21281,80,72.5657,0,3.96201,6.33269,4.47014,5828.29,0.0358837,0.570445,167516,0.129573,1.29295,0.872238,1.12057,55.5711,0.216999,5201.17,2.02682e+08,2.56516e+08,1.35466e+08,5.38342e+07,0.0286517,363,1699.8,12376.2,6.78451e-05,5.36067e-05,0.000101509,0.000255432
21355,80,72.5197,0,4.01368,6.33801,4.47573,4615.85,0.0318738,0.56288,166927,0.14814,1.29384,1.09279,0.981863,61.738,0.218814,4701.11,1.64734e+08,2.01796e+08,1.02696e+08,3.70623e+07,0.0345134,275,1322.11,9707.1,8.3474e-05,6.8143e-05,0.0001339,0.000371024
21382,80,72.5167,0,4.0647,6.33988,4.47762,4492.58,0.0340675,0.557727,166600,0.193185,1.28781,1.05514,0.91384,58.9035,0.225907,4916.16,1.51216e+08,1.75428e+08,8.18206e+07,2.42117e+07,0.0341758,343,1164.54,9649.19,9.0936e-05,7.83854e-05,0.000168063,0.000567948
21437,80,72.5055,5.19277e-26,4.01338,6.34175,4.47956,6848.48,0.0401301,0.559643,167349,0.183703,1.29714,0.725414,1.16108,48.7866,0.209855,5898.38,2.43656e+08,2.88959e+08,1.38254e+08,4.5303e+07,0.0236219,364,1823.14,15365.5,5.64362e-05,4.75881e-05,9.94617e-05,0.000303533
21470,80,72.4841,1.03563e-25,3.96285,6.34093,4.47886,7954.25,0.0418595,0.562242,167316,0.154343,1.30039,0.645934,1.28319,46.3383,0.203017,6198.83,2.85029e+08,3.52812e+08,1.79713e+08,6.77832e+07,0.0208825,364,2235.48,17614.5,4.82441e-05,3.89753e-05,7.65166e-05,0.000202867
21504,80,72.4658,0,3.91266,6.34054,4.47858,9008.72,0.0428512,0.564035,167856,0.12706,1.3033,0.591531,1.40711,44.8192,0.198162,6402.29,3.22737e+08,4.19923e+08,2.28621e+08,9.71858e+07,0.0191667,367,2638.54,19558.6,4.26074e-05,3.27464e-05,6.01476e-05,0.000141492
21553,80,72.4408,8.59629e-26,3.86228,6.33984,4.47804,10313.2,0.04393,0.566029,168734,0.104437,1.30563,0.537458,1.55629,43.2523,0.193318,6626.75,3.65761e+08,5.0913e+08,2.98312e+08,1.43369e+08,0.0175741,376,3167.77,21801.3,3.75955e-05,2.70088e-05,4.6096e-05,9.59133e-05
21645,80,72.399,0,3.81216,6.3385,4.47694,12027.2,0.0455346,0.568678,168768,0.0873791,1.30752,0.483143,1.73852,41.3615,0.187459,6918.06,4.2451e+08,6.56286e+08,4.16826e+08,2.31777e+08,0.0157147,377,3974.54,24923.1,3.23926e-05,2.09527e-05,3.29897e-05,5.93286e-05
21846,80,72.3265,0,3.76216,6.33619,4.47507,14638.1,0.0475321,0.572026,169293,0.0734233,1.30808,0.42527,2.00878,39.1848,0.180894,7287.08,5.01892e+08,9.09532e+08,6.35907e+08,4.0764e+08,0.0138896,365,5284.44,29210.5,2.73983e-05,1.51187e-05,2.16242e-05,3.37332e-05
22379,80,72.1803,4.18681e-26,3.71215,6.33395,4.47371,18618.9,0.0490936,0.574328,169571,0.0616821,1.30682,0.37686,2.43895,37.3428,0.174505,7633.98,6.05596e+08,1.39925e+09,1.08255e+09,7.93649e+08,0.0122127,376,7792.48,35059.1,2.27065e-05,9.82743e-06,1.27024e-05,1.73263e-05
25355,80,71.2306,7.08073e-28,3.66214,6.35153,4.49704,34074.5,0.0450401,0.556248,167991,0.0512487,1.33096,0.366694,4.56406,38.3468,0.172132,7465.81,9.14594e+08,3.07228e+09,2.66395e+09,2.15769e+09,0.0103268,385,21168.7,51857,1.50351e-05,4.47582e-06,5.16187e-06,6.37302e-06
36441,80,66.7743,0,3.71222,6.39461,4.56818,9977.79,0.022112,0.478093,164370,0.0374036,1.35925,1.30822,2.32728,68.3793,0.229925,4287.31,3.34021e+08,1.38904e+09,1.23492e+09,1.05502e+09,0.027605,370,6097.48,14543.2,4.1168e-05,9.89964e-06,1.11352e-05,1.30339e-05
36624,80,66.4169,0,3.7623,6.39538,4.57128,7444.72,0.0226767,0.476094,164973,0.0467659,1.36338,1.31597,1.7084,67.2359,0.225957,4357.7,3.04573e+08,8.35673e+08,6.82391e+08,5.311e+08,0.0285298,262,3707.49,12223.7,4.51485e-05,1.6455e-05,2.01512e-05,2.58915e-05
36895,80,66.3143,0,3.81232,6.39527,4.57185,6258.22,0.0228793,0.475019,163558,0.0589515,1.36218,1.36862,1.44071,67.4363,0.228057,4343.85,2.81669e+08,5.8938e+08,4.39587e+08,3.07711e+08,0.0292185,252,2790.03,11025.9,4.88197e-05,2.33313e-05,3.12816e-05,4.4688e-05
37168,80,66.2789,0,3.86236,6.39508,4.57188,5714.45,0.0227699,0.474239,164722,0.0725709,1.35994,1.38939,1.31871,67.6073,0.229863,4333.35,2.65968e+08,4.64487e+08,3.22308e+08,1.98518e+08,0.0304123,257,2289.19,10318,5.17016e-05,2.96047e-05,4.26641e-05,6.92681e-05
37280,80,66.264,2.12586e-28,3.9124,6.3948,4.5717,5266.55,0.0228856,0.473714,164023,0.0910721,1.35776,1.42772,1.21826,67.761,0.231341,4323.01,2.52923e+08,3.91807e+08,2.53043e+08,1.38885e+08,0.0310846,251,1980.63,9805.95,5.43683e-05,3.50963e-05,5.43425e-05,9.90101e-05
37338,80,66.256,0,3.96254,6.39446,4.57142,4890.91,0.0230077,0.473178,163157,0.11458,1.35514,1.46761,1.13413,67.918,0.233276,4312.48,2.41005e+08,3.42124e+08,2.05838e+08,1.01119e+08,0.0316763,257,1758.95,9421.87,5.70569e-05,4.0193e-05,6.68049e-05,0.000135988
37378,80,66.2498,0,4.0136,6.39397,4.57096,4583.73,0.0229636,0.472575,163649,0.142724,1.35184,1.49569,1.06672,68.1652,0.236451,4297.03,2.26803e+08,2.98059e+08,1.68431e+08,7.12565e+07,0.0327714,249,1533.68,8956.02,6.06298e-05,4.61351e-05,8.16418e-05,0.000192979
37582,80,66.1958,0,4.06366,6.39461,4.57196,4216.59,0.0226831,0.470132,163992,0.175735,1.3486,1.55749,0.99222,68.945,0.246153,4249.65,2.10304e+08,2.58967e+08,1.35974e+08,4.86625e+07,0.0344051,363,1324.22,8398.1,6.53862e-05,5.30994e-05,0.00010113,0.000282579
955,100,99.8986,0.750992,4.75156,6.09311,4.09173,109.216,0.253809,0.850562,171065,0.987573,0.807766,18.6245,0.0008817,1.80594,0.0158376,123870,1718.23,1776.2,655.855,57.9604,0.341572,222,17.3742,197.766,8.00297,7.74182,20.9665,237.248
3956,100,99.4737,0.700999,4.74266,6.10964,4.11011,118.83,0.236803,0.833072,171139,0.98594,0.82536,17.1825,0.00126192,2.42976,0.0206069,94166.1,2378.58,2452.02,901.151,73.4408,0.379748,221,18.0975,215.335,5.78116,5.60801,15.2594,187.239
6819,100,99.0325,0.650993,4.73773,6.12569,4.12809,123.238,0.220425,0.815966,170881,0.984502,0.842575,16.5792,0.00167512,3.17672,0.0259901,73569.8,3120.11,3205.26,1136.93,85.154,0.425591,229,17.889,223.701,4.40721,4.29013,12.0949,161.484
9479,100,98.574,0.600994,4.73153,6.14101,4.14543,126.851,0.2055,0.799453,169900,0.982922,0.859161,16.1229,0.00224553,4.21638,0.0331683,56490.4,4090.85,4192.97,1426.05,102.114,0.482261,226,18.0415,233.528,3.3614,3.27954,9.64271,134.664
11943,100,98.0951,0.55098,4.72392,6.15575,4.16228,135.058,0.190165,0.783407,169504,0.980833,0.875217,15.2542,0.00316269,5.68529,0.0430345,42703.6,5555.1,5679.76,1909.3,124.662,0.54321,234,18.2777,246.873,2.47538,2.42105,7.20212,110.306
14160,100,97.5935,0.50098,4.71466,6.16997,4.17873,142.707,0.176134,0.767701,168415,0.978465,0.890775,14.4892,0.00449682,7.78285,0.0565445,31735,8046.35,8203.86,2546.29,157.513,0.615854,244,18.828,266.362,1.70897,1.67616,5.40039,87.3006
16116,100,97.0677,0.450973,4.70331,6.1839,4.19501,155.477,0.161544,0.752153,167813,0.975323,0.906067,13.3482,0.00669974,10.8316,0.0753842,23206.5,11836.3,12043.7,3629.59,207.363,0.688852,254,19.7394,292.382,1.16177,1.14176,3.78858,66.3135
17819,100,96.5172,0.400973,4.6895,6.19737,4.21094,169.02,0.148777,0.736991,166242,0.971588,0.920985,12.3566,0.0100304,15.1442,0.100691,16850.7,18612.2,18914.4,5202.06,302.167,0.765891,248,22.1847,326.055,0.738816,0.727013,2.64337,45.508
19233,100,95.9426,0.350977,4.67263,6.21045,4.22662,192.262,0.135127,0.722174,165516,0.966374,0.935641,10.9054,0.0155135,20.9212,0.133058,12393.3,31445.6,31918,8206.14,472.396,0.805613,253,25.878,374.663,0.437295,0.430823,1.67569,29.109
20354,100,95.349,0.300962,4.6516,6.2234,4.24226,229.023,0.121518,0.707768,165104,0.958969,0.950597,9.22755,0.0242741,27.9137,0.170946,9434.87,57649.6,58456.1,14355.8,806.516,0.782129,249,31.5286,453.439,0.238527,0.235236,0.957868,17.0499
21193,100,94.7489,0.25095,4.62534,6.23598,4.25758,292.218,0.108157,0.694731,165655,0.947887,0.966595,7.30521,0.0382373,34.9856,0.206892,7642.23,120599,122103,29011.1,1503.28,0.674597,258,39.9113,584.42,0.114022,0.112618,0.47399,9.14733
21755,100,94.1653,0.200981,4.59219,6.24837,4.27266,398.87,0.0972369,0.684184,166565,0.931247,0.985545,5.44132,0.0599889,40.7037,0.234566,6649.06,288794,291975,66667.9,3180.85,0.51748,260,53.7486,832.199,0.0476152,0.0470965,0.206261,4.32305
22100,100,93.6371,0.150885,4.54915,6.26076,4.28749,588.871,0.0901477,0.677232,167435,0.905771,1.00942,3.77944,0.0948981,43.9571,0.250057,6205.29,786849,794804,172683,7954.65,0.354177,271,78.3744,1305.21,0.017476,0.0173011,0.0796316,1.72867
22275,100,93.2208,0.100583,4.49259,6.27319,4.30186,974.693,0.0869034,0.674676,168842,0.865422,1.03944,2.36833,0.156685,44.0045,0.251216,6220.71,2.44947e+06,2.47431e+06,522762,24838.3,0.213368,280,127.797,2360.37,0.00561386,0.00555751,0.0263045,0.553621
22356,100,92.9711,0.0507121,4.41683,6.28579,4.31562,1862.42,0.0878641,0.676805,170580,0.800562,1.07629,1.31541,0.276803,40.6419,0.236329,6728.32,8.82001e+06,8.92272e+06,1.91176e+06,102704,0.111123,295,238.793,4919.88,0.00155907,0.00154112,0.00719284,0.13389
22542,100,91.8592,0.000989517,4.31485,6.30231,4.33737,3865.11,0.0868704,0.675896,171175,0.680464,1.13002,0.700606,0.513572,36.3741,0.209116,7525.94,3.76618e+07,3.83225e+07,8.77841e+06,660762,0.0504255,326,526.664,11032.9,0.000365118,0.000358823,0.00156646,0.0208108
22863,100,91.795,3.79137e-17,4.365,6.31381,4.34917,2533.23,0.0738004,0.659722,170143,0.709382,1.13334,1.05134,0.392644,43.0378,0.228619,6451.72,2.35675e+07,2.39086e+07,5.22388e+06,341091,0.0724738,329,346.573,7072.8,0.000583473,0.000575149,0.00263233,0.0403147
506,120,119.956,0.750995,4.76152,6.22369,4.14285,96.7333,0.207976,0.801914,169869,0.987096,0.856688,21.0882,0.0012809,3.14412,0.0249466,75519.6,2329.78,2387.82,811.921,58.0366,0.478581,227,13.7294,179.135,5.90226,5.7588,16.9364,236.936
4006,120,119.395,0.700997,4.75227,6.23848,4.15967,105.609,0.191908,0.785875,170009,0.98531,0.872714,19.3655,0.00188174,4.31656,0.0328351,56123.4,3271.81,3345.45,1137.92,73.6472,0.537141,238,14.2432,192.668,4.20287,4.11035,12.0844,186.714
7348,120,118.814,0.650995,4.74686,6.25287,4.17619,107.389,0.178131,0.770113,168691,0.983876,0.888362,19.1371,0.00250826,5.75485,0.0421222,42814.4,4341.18,4427.63,1406.82,86.4512,0.615355,236,14.1331,200.202,3.16757,3.10572,9.7745,159.061
10460,120,118.208,0.600992,4.74008,6.26665,4.19218,110.673,0.164842,0.754831,167387,0.982136,0.903401,18.6827,0.00344446,7.79235,0.0545691,32130.7,5937.21,6041.64,1791.61,104.427,0.706096,238,14.2255,210.454,2.31607,2.27604,7.67522,131.68
13329,120,117.575,0.550985,4.73172,6.27991,4.20777,116.152,0.151462,0.739934,166407,0.979961,0.917943,17.8408,0.00487389,10.6744,0.0714647,23831.4,8438.79,8574.19,2375.81,135.405,0.802101,240,15.0393,223.064,1.6295,1.60376,5.78792,101.555
15864,120,116.908,0.500981,4.72151,6.29271,4.22305,123.88,0.13859,0.725359,165325,0.977242,0.932074,16.8163,0.00707612,14.7511,0.0943534,17506.7,12477.1,12663.7,3274.99,186.544,0.902122,246,16.5078,240.928,1.1021,1.08586,4.19879,73.7143
18101,120,116.207,0.450994,4.70891,6.30525,4.23819,134.801,0.125966,0.710914,164226,0.973736,0.945928,15.5403,0.0105143,20.4379,0.124931,12820.7,19308.3,19579.3,4745.06,270.964,0.990474,236,18.5851,264.486,0.71218,0.702323,2.89796,50.7484
20012,120,115.469,0.40098,4.69339,6.31742,4.25314,153.703,0.112698,0.69676,163817,0.968768,0.959553,13.7632,0.0160687,27.8092,0.162541,9565.4,32805,33221.2,7637.14,416.174,1.02279,248,21.4444,304.589,0.419173,0.413922,1.80054,33.0414
21633,120,114.694,0.35098,4.67423,6.32922,4.26786,179.832,0.100391,0.683202,163328,0.962108,0.973311,11.8554,0.0241226,36.1771,0.202109,7454.89,60052.9,60738.9,13084.9,685.948,0.976641,246,25.5592,362.037,0.228981,0.226395,1.0509,20.0467
22906,120,113.892,0.300977,4.64998,6.34091,4.2826,230.442,0.0869601,0.670834,164849,0.951392,0.988681,9.30012,0.037243,44.2378,0.237742,6187.52,126301,127548,27489.2,1247.26,0.810294,253,31.8533,463.506,0.108875,0.10781,0.500233,11.025
23851,120,113.084,0.250982,4.61925,6.35238,4.29716,304.712,0.077889,0.660978,165249,0.936365,1.00737,7.15598,0.0556393,50.4773,0.263227,5476.56,294855,297415,60551.4,2559.79,0.621448,270,42.0473,645.977,0.0466365,0.0462351,0.227096,5.37192
24456,120,112.313,0.20097,4.57978,6.36374,4.31149,439.121,0.0714994,0.654432,166315,0.913067,1.03085,5.08304,0.0850962,53.9422,0.277592,5160.29,775897,782028,152429,6130.45,0.428513,273,59.7494,993.148,0.0177227,0.0175838,0.0902125,2.24306
24793,120,111.649,0.150804,4.52759,6.37522,4.32554,698.291,0.0687398,0.651794,167259,0.876455,1.06046,3.32548,0.134878,53.9259,0.27855,5177.19,2.29115e+06,2.30911e+06,433645,17953.4,0.266082,293,93.2229,1721.7,0.00600177,0.00595511,0.0317102,0.765929
24945,120,111.188,0.100792,4.45814,6.38671,4.33883,1256.89,0.0694646,0.653507,168486,0.818652,1.09629,1.94543,0.225616,50.0756,0.262997,5570.92,7.43599e+06,7.50483e+06,1.43011e+06,68834.3,0.145337,302,167.116,3390.54,0.00184925,0.00183229,0.00961534,0.199769
25029,120,110.677,0.050934,4.35619,6.39787,4.352,2792.22,0.0738502,0.659782,170138,0.716333,1.14083,0.95084,0.430657,42.8237,0.233425,6483.63,3.04597e+07,3.08847e+07,6.44896e+06,425050,0.064833,328,379.045,8104.01,0.000451449,0.000445236,0.00213228,0.0323515
25314,120,108.48,0.000982886,4.1221,6.41342,4.37625,10284.2,0.0772308,0.664465,171740,0.410492,1.21497,0.321422,1.18938,31.9935,0.172621,8646.72,2.59221e+08,2.72399e+08,8.4662e+07,1.31786e+07,0.0167305,348,1725.66,29111.9,5.30474e-05,5.0481e-05,0.000162422,0.00104343
25631,120,108.43,9.2973e-13,4.17266,6.42286,4.38589,7304.84,0.0678022,0.652397,170910,0.445739,1.21968,0.443836,0.96273,36.8318,0.186362,7587.63,1.82569e+08,1.9027e+08,5.5498e+07,7.70191e+06,0.0224538,329,1214.46,20829.9,7.53196e-05,7.22708e-05,0.000247774,0.0017854
25679,120,108.39,0,4.12063,6.41727,4.38046,9955.91,0.0743511,0.660863,171600,0.399426,1.22001,0.3361,1.18774,33.106,0.178216,8382.24,2.59225e+08,2.72926e+08,8.59118e+07,1.37006e+07,0.0172125,349,1695.33,27865.3,5.30465e-05,5.03836e-05,0.000160059,0.00100368
25691,120,108.389,2.0239e-26,4.07034,6.41904,4.38224,12056.3,0.0754507,0.662203,171485,0.342257,1.22747,0.288917,1.36849,31.4615,0.169704,8809.91,3.43734e+08,3.67558e+08,1.25284e+08,2.38243e+07,0.014177,345,2190.31,33366.7,4.00047e-05,3.74117e-05,0.000109759,0.000577183
25704,120,108.387,0,4.01734,6.42059,4.38379,14476.9,0.0761922,0.663239,172007,0.285898,1.23358,0.250624,1.57501,30.1308,0.162346,9191.6,4.42348e+08,4.8242e+08,1.79535e+08,4.00725e+07,0.0119789,346,2777.11,38972.1,3.10864e-05,2.85042e-05,7.65924e-05,0.000343153
25717,120,108.375,4.19177e-26,3.96454,6.42125,4.3845,16854.8,0.0771488,0.664441,172098,0.23727,1.2376,0.223171,1.76477,28.968,0.156553,9550.67,5.44512e+08,6.07656e+08,2.43557e+08,6.31434e+07,0.0103869,329,3424.51,44448.8,2.52538e-05,2.26296e-05,5.6459e-05,0.000217774
25730,120,108.362,0,3.91285,6.422,4.38531,18967.4,0.0777162,0.665106,171934,0.195565,1.24103,0.204931,1.92963,28.1288,0.151889,9829.55,6.43859e+08,7.37322e+08,3.14733e+08,9.34634e+07,0.00928099,337,4071.42,49295,2.13572e-05,1.86499e-05,4.3691e-05,0.000147127
25747,120,108.343,0,3.8613,6.42257,4.38595,21534.4,0.0783154,0.665872,172073,0.161066,1.24394,0.1872,2.1272,27.2947,0.147366,10123.4,7.54379e+08,8.97879e+08,4.15479e+08,1.43501e+08,0.00830179,338,4947.16,54368.2,1.82282e-05,1.5315e-05,3.30967e-05,9.58252e-05
25777,120,108.311,0,3.81073,6.42237,4.38588,25404.1,0.0793758,0.667281,172682,0.134329,1.24596,0.166204,2.41449,26.2316,0.14196,10521.5,9.20912e+08,1.16685e+09,5.9601e+08,2.45943e+08,0.00726894,346,6282.75,62263.5,1.49319e-05,1.17847e-05,2.30717e-05,5.59113e-05
25829,120,108.256,5.09007e-29,3.76067,6.42177,4.3855,29894,0.0805178,0.668692,172768,0.112286,1.24692,0.149582,2.73747,25.2423,0.136978,10920.3,1.10991e+09,1.54994e+09,8.85167e+08,4.40033e+08,0.00639929,355,8080.67,70564.2,1.23893e-05,8.87196e-06,1.55349e-05,3.12499e-05
25942,120,108.137,0,3.71044,6.42041,4.38461,36433.6,0.0816873,0.670135,172880,0.0941961,1.24584,0.13332,3.20485,24.2168,0.132108,11368.3,1.36363e+09,2.22937e+09,1.44647e+09,8.65746e+08,0.00556574,340,11274.2,81828.6,1.00841e-05,6.1681e-06,9.5066e-06,1.58834e-05
26326,120,107.602,1.22485e-25,3.66042,6.42148,4.38784,55985.3,0.0787475,0.665257,172352,0.0793148,1.24211,0.120095,4.80856,23.7214,0.125937,11642.8,1.94665e+09,4.22002e+09,3.21591e+09,2.27337e+09,0.00460684,378,25814.3,106176,7.06392e-06,3.25851e-06,4.27592e-06,6.04874e-06
31288,120,89.9384,0,3.71046,6.47,4.51424,15680,0.0367502,0.534365,167439,0.0553151,1.34138,0.509547,2.40681,44.3257,0.185363,6514.84,6.89745e+08,1.75524e+09,1.39307e+09,1.06549e+09,0.0131984,379,7145.87,28719.9,1.99363e-05,7.83427e-06,9.87103e-06,1.29058e-05
31380,120,89.5593,0,3.76074,6.46946,4.51553,12965.7,0.0368841,0.533275,168113,0.0678506,1.34258,0.530168,2.01049,44.7718,0.182573,6449.03,6.13708e+08,1.16607e+09,8.29829e+08,5.52362e+08,0.0141766,259,4938.41,25529.9,2.24064e-05,1.17926e-05,1.65709e-05,2.48949e-05
31471,120,89.4347,0,3.81081,6.46865,4.51533,11478.9,0.0370907,0.532896,166654,0.0850558,1.34085,0.556947,1.79388,45.1128,0.184488,6398.92,5.65207e+08,9.05389e+08,5.8338e+08,3.40182e+08,0.0146759,271,4038.12,23888,2.43291e-05,1.51879e-05,2.35712e-05,4.04225e-05
31526,120,89.3733,0,3.86191,6.46769,4.51466,10692.4,0.0370106,0.532747,167590,0.105404,1.33817,0.566371,1.68336,45.4509,0.186706,6351.84,5.24159e+08,7.5447e+08,4.536e+08,2.30311e+08,0.0153412,271,3466.89,22419.7,2.62344e-05,1.8226e-05,3.03153e-05,5.97061e-05
31554,120,89.3181,0,3.91222,6.46647,4.51371,9805.41,0.0370912,0.532595,167079,0.130931,1.33465,0.59162,1.56451,46.0595,0.190544,6267.38,4.81978e+08,6.42886e+08,3.58808e+08,1.60909e+08,0.0161504,288,3008.51,21213.7,2.85303e-05,2.13895e-05,3.83241e-05,8.54582e-05
31617,120,89.0955,0,3.96286,6.4656,4.51393,8731.81,0.0363546,0.530812,167181,0.158969,1.33075,0.638691,1.4351,47.4806,0.200889,6084.46,4.26514e+08,5.34943e+08,2.78419e+08,1.08429e+08,0.0176674,378,2509.27,19272.3,3.22404e-05,2.57055e-05,4.93896e-05,0.000126821
31774,120,88.6908,1.75206e-29,4.01297,6.46653,4.51684,7512.45,0.0348189,0.526128,166879,0.189747,1.32854,0.720291,1.28444,49.4724,0.206226,5848.79,3.66646e+08,4.38843e+08,2.13854e+08,7.21975e+07,0.0196971,362,2047.22,16822.7,3.75048e-05,3.13346e-05,6.43007e-05,0.000190463
32271,120,87.7591,0,4.06327,6.46853,4.52342,6274.53,0.0325652,0.517593,166320,0.223676,1.32805,0.845077,1.14429,52.8928,0.217082,5483.35,3.10547e+08,3.57557e+08,1.62641e+08,4.70107e+07,0.0226936,371,1625.67,14250.4,4.42799e-05,3.84581e-05,8.45484e-05,0.000292507
33087,120,86.391,0,4.11339,6.46687,4.52858,5264.25,0.0308931,0.51008,166018,0.264402,1.32431,0.977108,1.00469,55.4484,0.224096,5239.66,2.58401e+08,2.87821e+08,1.21471e+08,2.94196e+07,0.0258842,358,1294.22,12128.2,5.32157e-05,4.77763e-05,0.000113203,0.00046741
35437,120,83.0008,0,4.06338,6.46193,4.54103,5959.2,0.0300641,0.501276,165625,0.216629,1.33925,0.944665,1.12461,54.8757,0.221351,5298.88,3.06956e+08,3.5741e+08,1.66455e+08,5.04534e+07,0.0236386,369,1615.8,13234,4.47979e-05,3.8474e-05,8.26109e-05,0.000272548
